# LE 31 - armLR
v 0.25287 -0.19373 -0.09642
v 0.24935 -0.20401 -0.10529
v 0.24309 -0.18617 -0.09705
v 0.25566 -0.20988 -0.10499
v 0.26121 -0.20287 -0.09616
v 0.24641 -0.17961 -0.08814
v 0.22909 -0.16417 -0.08896
v 0.23462 -0.18541 -0.10438
v 0.24236 -0.19719 -0.10686
v 0.24772 -0.21026 -0.11089
v 0.26657 -0.22578 -0.10419
v 0.26869 -0.21788 -0.09716
v 0.27659 -0.23509 -0.09942
v 0.27774 -0.24741 -0.11086
v 0.28613 -0.25507 -0.10889
v 0.27957 -0.26375 -0.11728
v 0.28866 -0.26673 -0.11395
v 0.23803 -0.16632 -0.08059
v 0.21426 -0.13484 -0.07512
v 0.22038 -0.16096 -0.10011
v 0.25498 -0.18913 -0.08666
v 0.20925 -0.13464 -0.08472
v 0.20593 -0.14098 -0.09973
v 0.19650 -0.12349 -0.08982
v 0.18753 -0.10511 -0.07955
v 0.17653 -0.09919 -0.08281
v 0.17187 -0.08464 -0.07356
v 0.18157 -0.08917 -0.06355
v 0.16571 -0.07147 -0.06285
v 0.17275 -0.07576 -0.05794
v 0.19477 -0.10797 -0.06705
v 0.29142 -0.26525 -0.10760
v 0.16034 -0.05984 -0.04745
v 0.28738 -0.25308 -0.10187
v 0.26777 -0.21181 -0.09093
v 0.14462 -0.05141 -0.05158
v 0.21875 -0.16537 -0.11621
v 0.22806 -0.17695 -0.11211
v 0.16806 -0.06703 -0.04536
v 0.23006 -0.18154 -0.12298
v 0.24334 -0.19908 -0.12869
v 0.23421 -0.19113 -0.13260
v 0.24133 -0.20400 -0.14285
v 0.25093 -0.21681 -0.14031
v 0.24848 -0.22094 -0.15133
v 0.25470 -0.22792 -0.14756
v 0.17787 -0.08113 -0.04413
v 0.19247 -0.10316 -0.05174
v 0.19896 -0.11050 -0.03963
v 0.20591 -0.12168 -0.05323
v 0.21632 -0.13462 -0.04221
v 0.22068 -0.14392 -0.06280
v 0.23194 -0.15790 -0.04807
v 0.24251 -0.17727 -0.05799
v 0.24164 -0.17282 -0.04532
v 0.25310 -0.18940 -0.05074
v 0.25651 -0.19723 -0.05839
v 0.26611 -0.21106 -0.05416
v 0.25586 -0.20212 -0.06728
v 0.24118 -0.19562 -0.11357
v 0.26757 -0.22229 -0.06447
v 0.27724 -0.23466 -0.05675
v 0.28502 -0.25270 -0.06595
v 0.28999 -0.25698 -0.05860
v 0.24755 -0.20882 -0.12428
v 0.16429 -0.06244 -0.03061
v 0.17234 -0.07211 -0.02951
v 0.18616 -0.09330 -0.03269
v 0.14534 -0.04364 -0.03426
v 0.23335 -0.16260 -0.06809
v 0.24569 -0.18127 -0.07241
v 0.26074 -0.20424 -0.07823
v 0.25822 -0.23532 -0.14309
v 0.29081 -0.26420 -0.06459
v 0.25612 -0.22925 -0.13695
v 0.16670 -0.06680 -0.02240
v 0.25850 -0.20011 -0.04508
v 0.28417 -0.24975 -0.09323
v 0.27336 -0.22864 -0.08872
v 0.22805 -0.15466 -0.03905
v 0.15151 -0.05202 -0.02366
v 0.13322 -0.03272 -0.02296
v 0.25143 -0.22109 -0.13075
v 0.25157 -0.23148 -0.15534
v 0.25660 -0.23752 -0.15112
v 0.13047 -0.03691 -0.04303
v 0.21502 -0.16731 -0.12053
v 0.12538 -0.02205 -0.02567
v 0.11018 -0.01544 -0.03515
v 0.10533 -0.00363 -0.02331
v 0.09146 0.00483 -0.02822
v 0.10663 0.00024 -0.01074
v 0.09061 0.01634 -0.00994
v 0.08580 0.01779 -0.01903
v 0.07193 0.03663 -0.00465
v 0.07935 0.02994 -0.00050
v 0.06405 0.04825 0.00671
v 0.04945 0.06201 0.00936
v 0.05612 0.05810 0.01579
v 0.09552 0.00901 0.00054
v 0.05713 0.04757 -0.00493
v 0.11989 -0.02023 -0.00992
v 0.06674 0.03339 -0.01306
v 0.10939 -0.02055 -0.04142
v 0.13004 -0.04892 -0.05844
v 0.14679 -0.06599 -0.06835
v 0.20396 -0.14563 -0.10536
v 0.19122 -0.12701 -0.09457
v 0.23822 -0.20836 -0.14792
v 0.15719 -0.08643 -0.08172
v 0.22705 -0.19328 -0.13770
v 0.24459 -0.22752 -0.15791
v 0.27895 -0.25088 -0.07037
v 0.27209 -0.24743 -0.07544
v 0.26371 -0.22422 -0.07081
v 0.28402 -0.26505 -0.07307
v 0.27801 -0.26342 -0.07836
v 0.25411 -0.24790 -0.16101
v 0.14105 -0.04613 -0.01341
v 0.15368 -0.05920 -0.01414
v 0.25026 -0.21669 -0.10937
v 0.25814 -0.22268 -0.10723
v 0.17911 -0.08588 -0.02230
v 0.25862 -0.25092 -0.15340
v 0.07289 0.03414 0.00924
v 0.24719 -0.21843 -0.11466
v 0.29368 -0.27274 -0.05860
v 0.25658 -0.26601 -0.16184
v 0.29125 -0.27547 -0.11110
v 0.26603 -0.23538 -0.10878
v 0.28167 -0.24603 -0.05066
v 0.26841 -0.22054 -0.04722
v 0.19244 -0.11161 -0.02065
v 0.24439 -0.18491 -0.03715
v 0.11668 -0.02155 -0.00067
v 0.20692 -0.13206 -0.02725
v 0.20107 -0.13412 -0.00934
v 0.29021 -0.26136 -0.05250
v 0.05971 0.04549 0.02066
v 0.26940 -0.24921 -0.11386
v 0.21783 -0.16101 -0.01369
v 0.22004 -0.15449 -0.02891
v 0.23059 -0.17643 -0.02483
v 0.22777 -0.18129 -0.00775
v 0.24011 -0.19662 -0.01012
v 0.23737 -0.19006 -0.01739
v 0.24705 -0.20332 -0.01914
v 0.24202 -0.19392 -0.02691
v 0.25060 -0.20650 -0.02990
v 0.25012 -0.21064 -0.01261
v 0.25277 -0.21336 -0.02453
v 0.25451 -0.21997 -0.03263
v 0.25649 -0.22691 -0.01772
v 0.25795 -0.23417 -0.02497
v 0.26376 -0.24689 -0.01278
v 0.26800 -0.26111 -0.01749
v 0.25535 -0.23291 -0.03078
v 0.26239 -0.25665 -0.02713
v 0.26918 -0.26644 -0.00983
v 0.25577 -0.23039 -0.01022
v 0.24672 -0.21123 -0.00743
v 0.17084 -0.07729 -0.01650
v 0.09337 0.00558 0.00888
v 0.21056 -0.15860 -0.00235
v 0.26769 -0.27520 -0.02099
v 0.19449 -0.12813 -0.00444
v 0.17944 -0.10183 -0.00852
v 0.29141 -0.28021 -0.06583
v 0.26956 -0.27857 -0.01421
v 0.07475 0.02398 0.01636
v 0.29356 -0.29036 -0.05949
v 0.29285 -0.31192 -0.06674
v 0.29522 -0.30925 -0.05946
v 0.25365 -0.24177 -0.03374
v 0.28515 -0.27986 -0.11886
v 0.28920 -0.29842 -0.11811
v 0.28687 -0.30841 -0.12159
v 0.29275 -0.32172 -0.11713
v 0.29215 -0.34394 -0.06501
v 0.26930 -0.27844 -0.00792
v 0.28540 -0.33615 -0.12333
v 0.28913 -0.34910 -0.12203
v 0.29311 -0.33645 -0.05855
v 0.28535 -0.35866 -0.12412
v 0.28967 -0.36186 -0.11949
v 0.29108 -0.35642 -0.05867
v 0.28909 -0.36252 -0.06665
v 0.26369 -0.28838 -0.02321
v 0.26528 -0.30884 -0.01411
v 0.26252 -0.30653 -0.02045
v 0.26139 -0.32686 -0.01786
v 0.26297 -0.32688 -0.00835
v 0.26622 -0.29990 -0.00860
v 0.28927 -0.36369 -0.06126
v 0.01817 0.02208 0.05251
v 0.00371 0.01425 0.03998
v 0.02596 0.00441 0.03824
v 0.03529 0.00619 0.04332
v 0.05022 -0.00837 0.03513
v 0.03974 -0.01258 0.02595
v 0.06110 -0.02963 0.01828
v 0.07093 -0.02392 0.02670
v 0.08381 -0.04587 0.01315
v 0.08094 -0.05355 0.00370
v 0.02140 -0.00350 0.02649
v 0.10331 -0.06818 0.00252
v 0.04337 -0.02076 0.01737
v 0.06199 -0.03597 0.01123
v 0.10060 -0.07333 -0.00524
v 0.00430 0.00926 0.03262
v 0.11654 -0.08785 -0.00779
v 0.12592 -0.09235 -0.00590
v 0.13001 -0.10460 -0.01319
v 0.13734 -0.10210 -0.00697
v 0.13963 -0.11622 -0.01229
v 0.13906 -0.12324 -0.02064
v 0.12524 -0.10302 -0.02152
v 0.15146 -0.14552 -0.01694
v 0.15591 -0.14546 -0.01003
v 0.16391 -0.16434 -0.01339
v 0.16139 -0.16552 -0.02120
v 0.17328 -0.18085 -0.01955
v 0.17763 -0.17881 -0.00935
v 0.18226 -0.18826 -0.01347
v 0.19764 -0.19865 -0.00825
v 0.20391 -0.21096 -0.01483
v 0.22523 -0.22850 -0.01006
v 0.22386 -0.23387 -0.01700
v 0.23503 -0.24019 -0.01417
v 0.24003 -0.23818 -0.00779
v 0.18766 -0.18265 -0.00449
v 0.17310 -0.16515 -0.00563
v 0.22929 -0.22538 -0.00601
v 0.21175 -0.20354 -0.00351
v 0.14667 -0.11380 -0.00706
v 0.16571 -0.14659 -0.00384
v 0.15450 -0.12857 -0.00616
v 0.23797 -0.24783 -0.01257
v 0.23698 -0.24956 -0.02029
v 0.23468 -0.24235 -0.02089
v 0.24111 -0.25619 -0.00807
v 0.23693 -0.25906 -0.01761
v 0.23861 -0.27123 -0.01317
v 0.24096 -0.27235 -0.00786
v 0.24281 -0.28368 -0.00932
v 0.24692 -0.27940 -0.00368
v 0.24820 -0.29560 -0.00530
v 0.24460 -0.29858 -0.00997
v 0.24455 -0.26504 -0.00416
v 0.24539 -0.31401 -0.00563
v 0.24053 -0.31581 -0.01087
v 0.24110 -0.32661 -0.00607
v 0.23751 -0.32737 -0.01173
v 0.23999 -0.33073 -0.01136
v 0.11093 -0.09060 -0.04208
v 0.10613 -0.08159 -0.03022
v 0.09817 -0.07738 -0.03653
v 0.10731 -0.08981 -0.04915
v 0.09264 -0.07350 -0.03962
v 0.11825 -0.09386 -0.03664
v 0.08679 -0.06468 -0.02076
v 0.07372 -0.05376 -0.02575
v 0.07188 -0.05183 -0.00529
v 0.05749 -0.03532 -0.00847
v 0.09767 -0.07718 -0.01460
v 0.07908 -0.05929 0.00206
v 0.06484 -0.04508 0.00935
v 0.04822 -0.02908 0.00492
v 0.04489 -0.02796 0.01741
v 0.02731 -0.01422 0.02229
v 0.09472 -0.07109 0.00132
v 0.10979 -0.09129 -0.01536
v 0.11679 -0.09658 -0.00970
v 0.11274 -0.08998 -0.02785
v 0.03128 -0.01310 0.00621
v 0.00473 0.00479 0.02242
v 0.00474 0.00370 0.03498
v 0.12761 -0.11060 -0.01365
v 0.12344 -0.10825 -0.02186
v 0.12605 -0.10844 -0.03005
v 0.03804 -0.01406 -0.00334
v 0.06156 -0.03685 -0.02277
v 0.10427 -0.08429 -0.05286
v 0.08899 -0.06702 -0.04332
v 0.12771 -0.10768 -0.03828
v 0.11188 -0.09659 -0.05876
v 0.07542 -0.05198 -0.03469
v 0.11292 -0.09927 -0.05179
v 0.13766 -0.12576 -0.03275
v 0.14490 -0.13769 -0.03957
v 0.13568 -0.12469 -0.01687
v 0.14115 -0.13698 -0.02606
v 0.14622 -0.14648 -0.01812
v 0.15700 -0.16441 -0.03352
v 0.15886 -0.16894 -0.01894
v 0.17081 -0.18567 -0.02948
v 0.16993 -0.18396 -0.01851
v 0.19154 -0.20786 -0.02214
v 0.19359 -0.20869 -0.03402
v 0.20574 -0.22073 -0.03130
v 0.21145 -0.22871 -0.02014
v 0.18054 -0.19307 -0.04399
v 0.20426 -0.21541 -0.04828
v 0.20179 -0.21287 -0.06729
v 0.21711 -0.22669 -0.06785
v 0.21701 -0.22491 -0.08691
v 0.20520 -0.21393 -0.09498
v 0.21793 -0.22606 -0.10330
v 0.18927 -0.20250 -0.07134
v 0.18377 -0.19453 -0.05464
v 0.22188 -0.23363 -0.04545
v 0.20612 -0.21826 -0.10952
v 0.17583 -0.18952 -0.05846
v 0.18495 -0.19833 -0.01323
v 0.21370 -0.22844 -0.12206
v 0.20663 -0.22042 -0.01374
v 0.22944 -0.23244 -0.09598
v 0.23113 -0.23438 -0.08849
v 0.22845 -0.23254 -0.07897
v 0.23722 -0.23822 -0.07997
v 0.20345 -0.22238 -0.12748
v 0.21167 -0.22766 -0.13077
v 0.21969 -0.23666 -0.12770
v 0.22196 -0.23183 -0.11486
v 0.21453 -0.23014 -0.13757
v 0.23809 -0.24227 -0.08800
v 0.16695 -0.17833 -0.04968
v 0.17010 -0.18193 -0.04203
v 0.15801 -0.16370 -0.04420
v 0.21951 -0.23618 -0.01546
v 0.22017 -0.23865 -0.02485
v 0.22960 -0.24376 -0.01709
v 0.21801 -0.23467 -0.03552
v 0.23134 -0.23499 -0.06801
v 0.19164 -0.20688 -0.09280
v 0.17733 -0.19756 -0.07667
v 0.17057 -0.18928 -0.06566
v 0.17242 -0.18242 -0.00986
v 0.22906 -0.23188 -0.10527
v 0.20298 -0.22017 -0.13746
v 0.16242 -0.17978 -0.05778
v 0.22667 -0.24178 -0.02737
v 0.23246 -0.24643 -0.02396
v 0.23250 -0.24786 -0.01449
v 0.23729 -0.23586 -0.07438
v 0.24223 -0.23883 -0.07069
v 0.24761 -0.24867 -0.07747
v 0.23031 -0.23672 -0.05333
v 0.23768 -0.24030 -0.06279
v 0.23852 -0.24302 -0.05308
v 0.24036 -0.24058 -0.04490
v 0.24320 -0.24524 -0.04626
v 0.22763 -0.23823 -0.12104
v 0.11828 -0.10085 -0.04525
v 0.24653 -0.25579 -0.08429
v 0.23595 -0.23941 -0.04120
v 0.15457 -0.17036 -0.05487
v 0.15305 -0.15351 -0.01071
v 0.21299 -0.22513 -0.14202
v 0.19394 -0.21446 -0.11135
v 0.16229 -0.16413 -0.00716
v 0.23671 -0.23702 -0.09628
v 0.07488 -0.04843 0.01306
v 0.13101 -0.11634 -0.04179
v 0.13695 -0.12054 -0.01044
v 0.03637 -0.01436 0.02948
v 0.19705 -0.20453 -0.00666
v 0.22198 -0.23258 -0.00872
v 0.23441 -0.24275 -0.00751
v 0.24239 -0.25130 -0.06155
v 0.24518 -0.26012 -0.09202
v 0.24106 -0.24674 -0.09596
v 0.05429 -0.03044 0.02105
v 0.14612 -0.13543 -0.00835
v 0.24571 -0.24705 -0.06945
v 0.25998 -0.26891 -0.07779
v 0.14708 -0.15118 -0.04624
v 0.13267 -0.13251 -0.04774
v 0.12113 -0.12339 -0.05345
v 0.24887 -0.24208 -0.03807
v 0.18556 -0.21680 -0.12752
v 0.18557 -0.21655 -0.12077
v 0.17148 -0.21325 -0.12630
v 0.17948 -0.20461 -0.09465
v 0.12890 -0.10322 -0.00569
v 0.11245 -0.08673 -0.00229
v 0.24677 -0.26518 -0.05685
v 0.25107 -0.27653 -0.09318
v 0.24701 -0.26531 -0.10100
v 0.25401 -0.28341 -0.10143
v 0.25848 -0.28903 -0.09452
v 0.25534 -0.27636 -0.08541
v 0.26172 -0.30226 -0.10649
v 0.26329 -0.28649 -0.08588
v 0.26605 -0.31104 -0.10022
v 0.26719 -0.30159 -0.09342
v 0.26621 -0.31842 -0.11075
v 0.23147 -0.25018 -0.12735
v 0.22827 -0.25723 -0.13777
v 0.21954 -0.24562 -0.13972
v 0.22697 -0.26226 -0.15217
v 0.23079 -0.26781 -0.14803
v 0.23644 -0.26297 -0.13655
v 0.23684 -0.26939 -0.14263
v 0.18196 -0.18124 -0.00175
v 0.15362 -0.18693 -0.07151
v 0.16336 -0.19225 -0.07458
v 0.16704 -0.20193 -0.09056
v 0.24792 -0.26214 -0.04895
v 0.25409 -0.27811 -0.04711
v 0.25615 -0.28973 -0.05583
v 0.25865 -0.29118 -0.05061
v 0.26502 -0.30724 -0.05159
v 0.26528 -0.31325 -0.06181
v 0.25275 -0.28187 -0.06214
v 0.26300 -0.30010 -0.06760
v 0.17356 -0.21074 -0.10975
v 0.16984 -0.21388 -0.12038
v 0.24300 -0.27388 -0.14339
v 0.11587 -0.11243 -0.05579
v 0.00341 0.01236 0.04491
v 0.02203 -0.00013 0.03866
v 0.04756 -0.01251 0.03698
v 0.24917 -0.24546 -0.03985
v 0.25931 -0.27640 -0.04055
v 0.26703 -0.29441 -0.04372
v 0.06956 -0.03300 0.02559
v 0.18153 -0.21336 -0.13203
v 0.26061 -0.27459 -0.07995
v 0.25213 -0.26215 -0.04310
v 0.27194 -0.32329 -0.09820
v 0.23643 -0.23330 -0.10071
v 0.25007 -0.26550 -0.06869
v 0.22753 -0.27540 -0.15814
v 0.23313 -0.27541 -0.14809
v 0.14187 -0.11941 -0.00584
v 0.09045 -0.05261 0.01643
v 0.10943 -0.07388 0.00646
v 0.23191 -0.23319 -0.11334
v 0.21148 -0.21196 -0.00197
v 0.03423 0.00381 0.04736
v 0.01752 0.01582 0.05360
v 0.15442 -0.20096 -0.08778
v 0.14280 -0.19587 -0.08544
v 0.16096 -0.20670 -0.09756
v 0.22966 -0.23231 -0.00379
v 0.24286 -0.24280 -0.00213
v 0.26809 -0.28241 -0.08040
v 0.11854 -0.13595 -0.06230
v 0.12623 -0.14783 -0.05818
v 0.12354 -0.15769 -0.06757
v 0.11842 -0.15284 -0.07300
v 0.12179 -0.17144 -0.08529
v 0.26642 -0.28276 -0.07852
v 0.26718 -0.33122 -0.10748
v 0.27166 -0.31580 -0.04741
v 0.15830 -0.14640 -0.00267
v 0.14000 -0.20913 -0.09969
v 0.23905 -0.27754 -0.14479
v 0.20381 -0.19660 0.00148
v 0.15078 -0.21078 -0.09979
v 0.14063 -0.21994 -0.11337
v 0.23613 -0.24353 -0.03109
v 0.17095 -0.15687 0.00143
v 0.16454 -0.21249 -0.11195
v 0.26751 -0.32642 -0.05354
v 0.26597 -0.32263 -0.05910
v 0.26342 -0.29908 -0.11589
v 0.24217 -0.25979 -0.13348
v 0.15100 -0.22068 -0.11708
v 0.23664 -0.24622 -0.12395
v 0.26460 -0.33922 -0.06436
v 0.26810 -0.32859 -0.06805
v 0.24755 -0.24301 -0.03586
v 0.26950 -0.33476 -0.10281
v 0.27262 -0.34380 -0.09809
v 0.25266 -0.24352 -0.03598
v 0.26546 -0.34959 -0.10619
v 0.26687 -0.33837 -0.11475
v 0.26347 -0.35879 -0.11318
v 0.26381 -0.36551 -0.10892
v 0.26377 -0.36908 -0.11708
v 0.26575 -0.37779 -0.11526
v 0.26635 -0.37885 -0.11022
v 0.26914 -0.36523 -0.10018
v 0.26632 -0.36066 -0.10176
v 0.26356 -0.34428 -0.05760
v 0.26135 -0.35165 -0.06569
v 0.26141 -0.36048 -0.05728
v 0.26104 -0.36491 -0.06041
v 0.26071 -0.36275 -0.06833
v 0.27434 -0.32340 -0.12168
v 0.26947 -0.32937 -0.11788
v 0.26784 -0.31773 -0.11683
v 0.26783 -0.30428 -0.12027
v 0.26342 -0.29908 -0.11589
v 0.26173 -0.27679 -0.11682
v 0.25559 -0.27797 -0.11042
v 0.24751 -0.25576 -0.10490
v 0.25159 -0.25039 -0.10962
v 0.24341 -0.23952 -0.10252
v 0.24701 -0.26531 -0.10100
v 0.24106 -0.24674 -0.09596
v 0.23671 -0.23702 -0.09628
v 0.24099 -0.23401 -0.10216
v 0.24313 -0.22865 -0.10625
v 0.27085 -0.34363 -0.12297
v 0.25110 -0.23138 -0.10772
v 0.26687 -0.33837 -0.11475
v 0.26636 -0.35238 -0.12003
v 0.26958 -0.36328 -0.12198
v 0.26377 -0.36908 -0.11708
v 0.26599 -0.37401 -0.11916
v 0.27289 -0.30000 -0.12229
v 0.25752 -0.24453 -0.11105
v 0.26643 -0.26103 -0.11685
v 0.27317 -0.27737 -0.12056
v 0.27754 -0.35977 -0.12418
v 0.25072 -0.22190 -0.10831
v 0.27824 -0.33466 -0.12342
v 0.28158 -0.31294 -0.12289
v 0.27112 -0.37864 -0.11900
v 0.28000 -0.37592 -0.12112
v 0.26936 -0.39832 -0.11772
v 0.26884 -0.38717 -0.11658
v 0.26575 -0.37779 -0.11526
v 0.26704 -0.39568 -0.11626
v 0.26125 -0.40481 -0.11209
v 0.25798 -0.41519 -0.11238
v 0.26823 -0.40747 -0.11608
v 0.27886 -0.29228 -0.12215
v 0.26940 -0.24921 -0.11386
v 0.23643 -0.23330 -0.10071
v 0.26603 -0.23538 -0.10878
v 0.25814 -0.22268 -0.10723
v 0.28540 -0.33615 -0.12333
v 0.28535 -0.35866 -0.12412
v 0.27957 -0.26375 -0.11728
v 0.26212 -0.41884 -0.11111
v 0.25026 -0.42599 -0.10618
v 0.25220 -0.41897 -0.10755
v 0.24816 -0.42606 -0.10188
v 0.25026 -0.21669 -0.10937
v 0.28515 -0.27986 -0.11886
v 0.28687 -0.30841 -0.12159
v 0.27489 -0.40201 -0.11566
v 0.26510 -0.39249 -0.10926
v 0.26635 -0.37885 -0.11022
v 0.25493 -0.41471 -0.10462
v 0.25401 -0.28341 -0.10143
v 0.26347 -0.35879 -0.11318
v 0.26172 -0.30226 -0.10649
v 0.26621 -0.31842 -0.11075
v 0.26718 -0.33122 -0.10748
v 0.26238 -0.40256 -0.10557
v 0.28967 -0.36186 -0.11949
v 0.28365 -0.38198 -0.11704
v 0.12566 -0.20707 -0.12883
v 0.12683 -0.19885 -0.12820
v 0.12781 -0.18657 -0.11684
v 0.12454 -0.21463 -0.14289
v 0.12420 -0.23394 -0.14512
v 0.12572 -0.21750 -0.13045
v 0.12849 -0.20187 -0.11470
v 0.12656 -0.17878 -0.10232
v 0.12710 -0.16794 -0.10619
v 0.13029 -0.18619 -0.09516
v 0.12399 -0.15528 -0.07515
v 0.12310 -0.15668 -0.08662
v 0.12229 -0.13788 -0.07674
v 0.12182 -0.13021 -0.06444
v 0.12183 -0.11788 -0.07001
v 0.11809 -0.10146 -0.05670
v 0.11888 -0.09731 -0.06405
v 0.03261 0.00176 -0.00987
v 0.00933 0.02000 0.00395
v 0.02099 0.02183 -0.00806
v 0.03544 0.01050 -0.01608
v 0.05045 -0.00766 -0.02368
v 0.04774 -0.01758 -0.01645
v 0.01828 0.04113 -0.00981
v -0.00065 0.01294 0.01882
v 0.02127 0.00216 0.00416
v 0.03804 -0.01406 -0.00334
v 0.06280 -0.03046 -0.02973
v 0.06730 -0.02053 -0.03501
v 0.07083 -0.03312 -0.03710
v 0.07542 -0.05198 -0.03469
v 0.08061 -0.04959 -0.04253
v 0.08248 -0.03827 -0.04528
v 0.09701 -0.05351 -0.05436
v 0.10197 -0.07272 -0.05616
v 0.11452 -0.07090 -0.06672
v 0.08899 -0.06702 -0.04332
v 0.10427 -0.08429 -0.05286
v 0.03902 0.01881 -0.01778
v 0.06004 -0.00157 -0.02897
v 0.06156 -0.03685 -0.02277
v 0.11696 -0.08391 -0.07049
v 0.11130 -0.08743 -0.06320
v 0.12812 -0.08476 -0.07949
v 0.08977 -0.03556 -0.04861
v 0.11188 -0.09659 -0.05876
v 0.10682 -0.05448 -0.05882
v 0.03128 -0.01310 0.00621
v 0.00473 0.00479 0.02242
v 0.08001 -0.01937 -0.03979
v 0.29108 -0.35642 -0.05867
v 0.29311 -0.33645 -0.05855
v 0.29027 -0.33831 -0.05263
v 0.29366 -0.31321 -0.05356
v 0.28719 -0.35729 -0.05190
v 0.28548 -0.36755 -0.05556
v 0.28893 -0.30940 -0.04767
v 0.29126 -0.29404 -0.05141
v 0.28927 -0.36369 -0.06126
v 0.29522 -0.30925 -0.05946
v 0.29356 -0.29036 -0.05949
v 0.29368 -0.27274 -0.05860
v 0.29142 -0.27257 -0.05066
v 0.29021 -0.26136 -0.05250
v 0.28643 -0.27866 -0.04497
v 0.28565 -0.26035 -0.04710
v 0.28280 -0.30090 -0.04386
v 0.28041 -0.27216 -0.04077
v 0.28454 -0.33788 -0.04847
v 0.28167 -0.24603 -0.05066
v 0.27716 -0.25406 -0.04285
v 0.27130 -0.23480 -0.04486
v 0.26841 -0.22054 -0.04722
v 0.25957 -0.21990 -0.03727
v 0.26459 -0.24066 -0.03907
v 0.26832 -0.26177 -0.03793
v 0.25575 -0.23650 -0.03584
v 0.25451 -0.21997 -0.03263
v 0.25060 -0.20650 -0.02990
v 0.25730 -0.20962 -0.03700
v 0.28023 -0.36301 -0.04935
v 0.25365 -0.24177 -0.03374
v 0.27710 -0.37486 -0.05412
v 0.25850 -0.20011 -0.04508
v 0.24439 -0.18491 -0.03715
v 0.24202 -0.19392 -0.02691
v 0.23059 -0.17643 -0.02483
v 0.28091 -0.37374 -0.05701
v 0.27769 -0.38472 -0.05919
v 0.26843 -0.39659 -0.05691
v 0.26740 -0.40505 -0.05948
v 0.27067 -0.40298 -0.06456
v 0.28365 -0.37279 -0.06348
v 0.26399 -0.41151 -0.06275
v 0.27922 -0.38474 -0.06486
v 0.27643 -0.29784 -0.04189
v 0.27790 -0.31948 -0.04576
v 0.27302 -0.27771 -0.03880
v 0.27793 -0.33460 -0.04715
v 0.27676 -0.35296 -0.04735
v 0.26335 -0.27214 -0.03846
v 0.25823 -0.24627 -0.03698
v 0.27010 -0.36312 -0.04999
v 0.25266 -0.24352 -0.03598
v 0.25648 -0.25552 -0.03815
v 0.27095 -0.34829 -0.04817
v 0.26703 -0.29441 -0.04372
v 0.26977 -0.37892 -0.05467
v 0.26401 -0.39296 -0.05727
v 0.26021 -0.40964 -0.05874
v 0.25665 -0.40695 -0.05945
v 0.24923 -0.41851 -0.06212
v 0.25931 -0.27640 -0.04055
v 0.27024 -0.33553 -0.05006
v 0.27166 -0.31580 -0.04741
v 0.25371 -0.41975 -0.06317
v 0.26546 -0.35303 -0.05143
v 0.26438 -0.37425 -0.05609
v 0.26542 -0.38121 -0.05732
v 0.26302 -0.36691 -0.05510
v 0.24652 -0.42349 -0.06545
v 0.24427 -0.42161 -0.06640
v 0.25213 -0.26215 -0.04310
v 0.24917 -0.24546 -0.03985
v 0.24887 -0.24208 -0.03807
v 0.26212 -0.37846 -0.05968
v 0.25908 -0.36942 -0.05986
v 0.24861 -0.41524 -0.06453
v 0.26751 -0.32642 -0.05354
v 0.26356 -0.34428 -0.05760
v 0.26141 -0.36048 -0.05728
v 0.25907 -0.39770 -0.06312
v 0.26361 -0.38204 -0.06207
v 0.26104 -0.36491 -0.06041
v 0.27511 -0.28039 -0.11628
v 0.26801 -0.26679 -0.11355
v 0.26863 -0.28617 -0.11550
v 0.27840 -0.30143 -0.11825
v 0.26950 -0.30222 -0.11570
v 0.27567 -0.31914 -0.11700
v 0.28452 -0.31996 -0.11807
v 0.28452 -0.33962 -0.11903
v 0.27423 -0.26384 -0.11339
v 0.28100 -0.27613 -0.11529
v 0.27963 -0.33730 -0.11907
v 0.27849 -0.35064 -0.12019
v 0.27321 -0.34547 -0.11931
v 0.27429 -0.35485 -0.11975
v 0.27598 -0.33041 -0.11754
v 0.28356 -0.29162 -0.11598
v 0.25962 -0.24596 -0.10701
v 0.26628 -0.24472 -0.10746
v 0.25625 -0.25379 -0.10721
v 0.26204 -0.27422 -0.11139
v 0.25133 -0.23745 -0.10312
v 0.26021 -0.23295 -0.10388
v 0.24997 -0.22617 -0.10319
v 0.24414 -0.23037 -0.10016
v 0.24895 -0.24557 -0.10045
v 0.25647 -0.21925 -0.10197
v 0.25459 -0.26474 -0.10549
v 0.28428 -0.35398 -0.11933
v 0.27949 -0.35555 -0.11877
v 0.27261 -0.24209 -0.10367
v 0.27831 -0.25957 -0.11107
v 0.24268 -0.22415 -0.10306
v 0.24781 -0.21724 -0.10491
v 0.26157 -0.28441 -0.10891
v 0.23861 -0.23052 -0.09726
v 0.24402 -0.24286 -0.09262
v 0.24740 -0.20819 -0.10295
v 0.28552 -0.27076 -0.11175
v 0.28484 -0.26114 -0.10717
v 0.27588 -0.28733 -0.07434
v 0.27244 -0.27314 -0.07536
v 0.26833 -0.27992 -0.07427
v 0.27505 -0.29763 -0.07200
v 0.26144 -0.25998 -0.07274
v 0.26267 -0.24723 -0.07199
v 0.25057 -0.23999 -0.06940
v 0.25406 -0.23116 -0.07018
v 0.25752 -0.26876 -0.06912
v 0.24909 -0.24571 -0.06646
v 0.26498 -0.28743 -0.06971
v 0.27467 -0.31393 -0.06832
v 0.28106 -0.32284 -0.06972
v 0.24423 -0.23545 -0.06725
v 0.24856 -0.23285 -0.07083
v 0.27448 -0.33555 -0.06848
v 0.27846 -0.34706 -0.07077
v 0.27481 -0.35643 -0.07185
v 0.26828 -0.34721 -0.06663
v 0.26673 -0.35675 -0.06940
v 0.27293 -0.35885 -0.07083
v 0.28337 -0.30578 -0.06972
v 0.25328 -0.22595 -0.07101
v 0.26088 -0.23415 -0.06994
v 0.28132 -0.35882 -0.07081
v 0.28311 -0.34420 -0.06913
v 0.27815 -0.26967 -0.07255
v 0.28067 -0.28427 -0.07195
v 0.27827 -0.25924 -0.06888
v 0.25756 -0.22251 -0.06851
v 0.28814 -0.32043 -0.06600
v 0.25507 -0.21564 -0.06949
v 0.26733 -0.35922 -0.06749
v 0.28635 -0.34449 -0.06621
v 0.28514 -0.26311 -0.06434
v 0.28707 -0.29127 -0.06508
v 0.27464 -0.24432 -0.06341
v 0.28379 -0.36070 -0.06784
v 0.26570 -0.22656 -0.06049
v 0.25542 -0.20923 -0.06350
v 0.27891 -0.30090 -0.04743
v 0.27197 -0.29547 -0.04705
v 0.27049 -0.27588 -0.04314
v 0.27348 -0.31476 -0.05186
v 0.26115 -0.26415 -0.04294
v 0.27876 -0.32291 -0.05072
v 0.27296 -0.32876 -0.05411
v 0.26698 -0.29349 -0.04902
v 0.27890 -0.34491 -0.05204
v 0.27167 -0.35050 -0.05310
v 0.27648 -0.35761 -0.05211
v 0.26843 -0.25706 -0.04314
v 0.25863 -0.24171 -0.04160
v 0.25409 -0.24608 -0.04250
v 0.25172 -0.23394 -0.03933
v 0.28336 -0.31615 -0.05042
v 0.28411 -0.34032 -0.05390
v 0.27313 -0.35966 -0.05314
v 0.27926 -0.27722 -0.04526
v 0.28186 -0.35635 -0.05348
v 0.25686 -0.22672 -0.04074
v 0.28074 -0.36142 -0.05459
v 0.24785 -0.23675 -0.04137
v 0.27963 -0.26430 -0.04676
v 0.26903 -0.24294 -0.04661
v 0.25108 -0.22572 -0.03683
v 0.25275 -0.21298 -0.03809
v 0.26776 -0.35830 -0.05621
v 0.26449 -0.22656 -0.04763
v 0.25581 -0.27087 -0.04987
v 0.24699 -0.24368 -0.04884
v 0.26588 -0.35286 -0.06028
v 0.26949 -0.33964 -0.05821
v 0.24001 -0.23748 -0.05287
v 0.26885 -0.30711 -0.05481
v 0.27056 -0.31646 -0.05819
v 0.26103 -0.28833 -0.05550
v 0.27066 -0.32607 -0.06021
v 0.24997 -0.26036 -0.05720
v 0.26540 -0.35800 -0.06352
v 0.24480 -0.24513 -0.05929
v 0.28885 -0.32375 -0.05568
v 0.28585 -0.29792 -0.05177
v 0.29042 -0.31371 -0.06074
v 0.28839 -0.28743 -0.05729
v 0.28530 -0.27376 -0.05017
v 0.28831 -0.27059 -0.05500
v 0.28472 -0.26382 -0.05149
v 0.28792 -0.34223 -0.06078
v 0.28411 -0.34032 -0.05390
v 0.28632 -0.35373 -0.05773
v 0.28186 -0.35635 -0.05348
v 0.28523 -0.35968 -0.05755
v 0.28336 -0.31615 -0.05042
v 0.27926 -0.27722 -0.04526
v 0.27963 -0.26430 -0.04676
v 0.27891 -0.30090 -0.04743
v 0.28074 -0.36142 -0.05459
v 0.28611 -0.35985 -0.06270
v 0.28855 -0.27340 -0.06033
v 0.28409 -0.36216 -0.06191
v 0.28558 -0.25871 -0.05815
v 0.28707 -0.29127 -0.06508
v 0.28635 -0.34449 -0.06621
v 0.28514 -0.26311 -0.06434
v 0.28814 -0.32043 -0.06600
v 0.28379 -0.36070 -0.06784
v 0.23428 -0.26400 -0.14849
v 0.23094 -0.25959 -0.15690
v 0.22795 -0.25259 -0.14758
v 0.22966 -0.25390 -0.14085
v 0.22402 -0.24453 -0.13779
v 0.22240 -0.23914 -0.14316
v 0.22788 -0.24866 -0.15460
v 0.22354 -0.23724 -0.13198
v 0.21917 -0.22906 -0.13248
v 0.22000 -0.22762 -0.14312
v 0.23303 -0.27133 -0.15591
v 0.23271 -0.26822 -0.16225
v 0.22550 -0.23382 -0.12545
v 0.22874 -0.24577 -0.13293
v 0.23907 -0.27367 -0.14944
v 0.23087 -0.28464 -0.16299
v 0.23352 -0.28275 -0.15471
v 0.23039 -0.29200 -0.16120
v 0.23144 -0.29525 -0.16738
v 0.23290 -0.29626 -0.15725
v 0.22580 -0.23657 -0.15243
v 0.23250 -0.25377 -0.16131
v 0.23436 -0.28427 -0.16999
v 0.23562 -0.29443 -0.17268
v 0.22506 -0.22134 -0.14648
v 0.23744 -0.28756 -0.15113
v 0.23851 -0.26440 -0.14420
v 0.25518 -0.34627 -0.01210
v 0.26297 -0.32688 -0.00835
v 0.26009 -0.33327 -0.00524
v 0.25472 -0.34595 -0.00795
v 0.24844 -0.35716 -0.00584
v 0.24785 -0.36127 -0.01178
v 0.24070 -0.36901 -0.00592
v 0.23509 -0.37652 -0.01091
v 0.25425 -0.33770 -0.00169
v 0.22971 -0.37943 -0.00765
v 0.26105 -0.31952 -0.00297
v 0.25697 -0.32672 -0.00002
v 0.24615 -0.35364 -0.00266
v 0.26622 -0.29990 -0.00860
v 0.26265 -0.29192 -0.00150
v 0.26691 -0.27512 -0.00366
v 0.26930 -0.27844 -0.00792
v 0.24991 -0.33468 0.00127
v 0.25989 -0.27174 0.00146
v 0.25651 -0.30026 0.00052
v 0.23590 -0.36859 -0.00411
v 0.25349 -0.27872 0.00296
v 0.25094 -0.31763 0.00115
v 0.22663 -0.37898 -0.00694
v 0.24558 -0.33175 0.00172
v 0.25001 -0.26386 0.00215
v 0.25722 -0.25531 0.00052
v 0.26216 -0.25592 -0.00244
v 0.24558 -0.23803 -0.00176
v 0.24357 -0.34079 -0.00074
v 0.24052 -0.35602 -0.00337
v 0.24797 -0.28665 0.00108
v 0.24713 -0.30668 -0.00048
v 0.24325 -0.32153 0.00012
v 0.25261 -0.23516 -0.00447
v 0.23466 -0.21719 -0.00054
v 0.22800 -0.22292 -0.00053
v 0.21544 -0.19866 0.00251
v 0.24286 -0.24280 -0.00213
v 0.20381 -0.19660 0.00148
v 0.20098 -0.18038 0.00432
v 0.20851 -0.17807 0.00371
v 0.18479 -0.15443 0.00487
v 0.18643 -0.16995 0.00384
v 0.19502 -0.14760 0.00340
v 0.17854 -0.13156 0.00369
v 0.16613 -0.13462 0.00265
v 0.15820 -0.11220 0.00073
v 0.15833 -0.09515 -0.00137
v 0.15129 -0.10090 -0.00085
v 0.14091 -0.09112 0.00001
v 0.13992 -0.10528 -0.00257
v 0.12656 -0.09029 0.00092
v 0.15138 -0.12283 -0.00159
v 0.17095 -0.15687 0.00143
v 0.24163 -0.27045 -0.00018
v 0.24236 -0.25729 -0.00109
v 0.14229 -0.07333 -0.00265
v 0.23302 -0.20246 -0.00107
v 0.12602 -0.07873 0.00510
v 0.10943 -0.07388 0.00646
v 0.18209 -0.12234 0.00096
v 0.21180 -0.17068 0.00114
v 0.23902 -0.33080 -0.00108
v 0.13332 -0.07274 0.00247
v 0.15830 -0.14640 -0.00267
v 0.19402 -0.13524 -0.00018
v 0.22984 -0.37187 -0.00651
v 0.18196 -0.18124 -0.00175
v 0.21148 -0.21196 -0.00197
v 0.22966 -0.23231 -0.00379
v 0.11589 -0.05719 0.01138
v 0.10498 -0.06009 0.01368
v 0.09614 -0.04503 0.02039
v 0.10569 -0.04053 0.01652
v 0.09045 -0.05261 0.01643
v 0.09099 -0.02910 0.02412
v 0.07418 -0.01947 0.03198
v 0.07299 -0.02906 0.02953
v 0.05048 -0.00664 0.04172
v 0.05762 -0.00379 0.04087
v 0.03771 0.01527 0.05138
v 0.02942 0.01327 0.05268
v 0.07793 -0.01036 0.02972
v 0.01546 0.03307 0.06257
v 0.02670 0.03867 0.05712
v 0.04893 0.01308 0.04541
v 0.15383 -0.07863 -0.00518
v 0.09267 -0.01879 0.02097
v 0.21056 -0.15860 -0.00235
v 0.13568 -0.05398 -0.00463
v 0.12087 -0.04294 0.00355
v 0.10772 -0.02607 0.00991
v 0.24672 -0.21123 -0.00743
v 0.15368 -0.05920 -0.01414
v 0.23129 -0.19161 -0.00373
v 0.16959 -0.09439 -0.00499
v 0.15965 -0.07338 -0.01004
v 0.04297 0.03136 0.04583
v 0.07037 0.00713 0.02999
v 0.22777 -0.18129 -0.00775
v 0.11668 -0.02155 -0.00067
v 0.09171 -0.00275 0.01510
v 0.19449 -0.12813 -0.00444
v 0.17944 -0.10183 -0.00852
v 0.05483 0.03168 0.03354
v 0.05100 0.04838 0.03178
v 0.14105 -0.04613 -0.01341
v 0.17084 -0.07729 -0.01650
v 0.07475 0.02398 0.01636
v 0.09337 0.00558 0.00888
v 0.05971 0.04549 0.02066
v 0.25577 -0.23039 -0.01022
v 0.26376 -0.24689 -0.01278
v 0.24011 -0.19662 -0.01012
v 0.26918 -0.26644 -0.00983
v 0.01405 0.02514 0.06017
v 0.03423 0.00381 0.04736
v 0.01752 0.01582 0.05360
v 0.04756 -0.01251 0.03698
v 0.12890 -0.10322 -0.00569
v 0.14187 -0.11941 -0.00584
v 0.14612 -0.13543 -0.00835
v 0.11245 -0.08673 -0.00229
v 0.06956 -0.03300 0.02559
v 0.22435 -0.38205 -0.00990
v 0.27754 -0.40213 -0.11233
v 0.28365 -0.38198 -0.11704
v 0.28223 -0.39360 -0.11007
v 0.28815 -0.37626 -0.11238
v 0.28967 -0.36186 -0.11949
v 0.29316 -0.36122 -0.11034
v 0.29330 -0.34537 -0.11440
v 0.28913 -0.34910 -0.12203
v 0.29275 -0.32172 -0.11713
v 0.29526 -0.33181 -0.10852
v 0.29551 -0.31451 -0.10884
v 0.29216 -0.35860 -0.10381
v 0.28719 -0.37890 -0.10740
v 0.28920 -0.29842 -0.11811
v 0.29225 -0.28870 -0.10845
v 0.29125 -0.27547 -0.11110
v 0.29289 -0.27419 -0.10276
v 0.29142 -0.26525 -0.10760
v 0.29277 -0.28930 -0.10069
v 0.29480 -0.31746 -0.10278
v 0.29078 -0.26596 -0.09680
v 0.28738 -0.25308 -0.10187
v 0.28856 -0.27303 -0.09044
v 0.29091 -0.34196 -0.10027
v 0.28417 -0.24975 -0.09323
v 0.28903 -0.28957 -0.09401
v 0.28463 -0.26447 -0.08543
v 0.28337 -0.38365 -0.10344
v 0.28870 -0.36181 -0.09932
v 0.28385 -0.27899 -0.08498
v 0.27961 -0.27267 -0.07853
v 0.28838 -0.31276 -0.09539
v 0.27980 -0.25052 -0.08464
v 0.27122 -0.41053 -0.10413
v 0.27801 -0.26342 -0.07836
v 0.27209 -0.24743 -0.07544
v 0.26804 -0.22516 -0.07885
v 0.26371 -0.22422 -0.07081
v 0.25586 -0.20212 -0.06728
v 0.26074 -0.20424 -0.07823
v 0.27336 -0.22864 -0.08872
v 0.27695 -0.28243 -0.08050
v 0.05494 0.04549 -0.00047
v 0.05146 0.04071 -0.00590
v 0.06581 0.03073 -0.00965
v 0.06923 0.01666 -0.01717
v 0.03589 0.04184 -0.00627
v 0.08766 0.00582 -0.02247
v 0.09608 -0.01200 -0.03179
v 0.03929 0.03024 -0.01089
v 0.05548 0.00766 -0.02033
v 0.07448 -0.00372 -0.02655
v 0.08433 -0.02621 -0.03851
v 0.12195 -0.04171 -0.04799
v 0.10388 -0.03581 -0.04431
v 0.12474 -0.05422 -0.05654
v 0.14545 -0.07118 -0.06733
v 0.13982 -0.07565 -0.07149
v 0.15345 -0.08894 -0.07877
v 0.14374 -0.09362 -0.08332
v 0.15454 -0.10785 -0.08898
v 0.14414 -0.10851 -0.09164
v 0.15079 -0.13249 -0.10174
v 0.16109 -0.08397 -0.07291
v 0.13147 -0.07744 -0.07189
v 0.17362 -0.10295 -0.08066
v 0.16757 -0.11601 -0.08866
v 0.18464 -0.12467 -0.08920
v 0.18083 -0.13625 -0.09463
v 0.16373 -0.13345 -0.09829
v 0.19939 -0.14129 -0.09680
v 0.18924 -0.12029 -0.08518
v 0.18880 -0.15764 -0.10575
v 0.17362 -0.15400 -0.10593
v 0.18054 -0.17703 -0.11988
v 0.16039 -0.17393 -0.12117
v 0.17067 -0.18843 -0.12736
v 0.18615 -0.19326 -0.12938
v 0.15475 -0.19169 -0.12912
v 0.19717 -0.19094 -0.12886
v 0.19844 -0.16950 -0.11479
v 0.14231 -0.12752 -0.09954
v 0.14870 -0.15430 -0.11297
v 0.14671 -0.17256 -0.12361
v 0.11648 -0.05951 -0.05848
v 0.19582 -0.20264 -0.13355
v 0.13784 -0.14714 -0.10847
v 0.13745 -0.17689 -0.12443
v 0.09530 -0.04356 -0.04703
v 0.13861 -0.19202 -0.13229
v 0.20862 -0.16254 -0.11199
v 0.20632 -0.18109 -0.12395
v 0.21948 -0.18397 -0.12620
v 0.23279 -0.20264 -0.13864
v 0.21768 -0.19302 -0.13206
v 0.21537 -0.20470 -0.13741
v 0.22995 -0.21001 -0.14288
v 0.23918 -0.21947 -0.14953
v 0.23282 -0.22315 -0.15066
v 0.24123 -0.23562 -0.15691
v 0.23173 -0.23795 -0.15691
v 0.23999 -0.26217 -0.16708
v 0.24807 -0.25410 -0.16265
v 0.06884 -0.01299 -0.02948
v 0.13858 -0.10363 -0.08763
v 0.24726 -0.26993 -0.16814
v 0.14701 -0.19618 -0.13201
v 0.21356 -0.21329 -0.14007
v 0.24211 -0.28467 -0.17285
v 0.13835 -0.20301 -0.14015
v 0.13072 -0.20455 -0.14214
v 0.13205 -0.21081 -0.14769
v 0.13166 -0.19474 -0.13172
v 0.22506 -0.22134 -0.14648
v 0.16699 -0.19875 -0.12924
v 0.15313 -0.20573 -0.13209
v 0.13579 -0.12147 -0.09395
v 0.12684 -0.20981 -0.14491
v 0.24845 -0.28806 -0.17180
v 0.17782 -0.20389 -0.12999
v 0.24351 -0.29310 -0.17382
v 0.14426 -0.20603 -0.13856
v 0.23562 -0.29443 -0.17268
v 0.23436 -0.28427 -0.16999
v 0.23250 -0.25377 -0.16131
v 0.03284 0.02763 -0.00984
v 0.04281 0.01564 -0.01453
v 0.13591 -0.22243 -0.15028
v 0.13167 -0.21959 -0.15054
v 0.13028 -0.23512 -0.15610
v 0.13962 -0.23648 -0.15278
v 0.13531 -0.24594 -0.16066
v 0.12856 -0.25093 -0.16326
v 0.13603 -0.25676 -0.16441
v 0.13106 -0.26364 -0.16691
v 0.12658 -0.22872 -0.15150
v 0.19064 -0.20911 -0.13289
v 0.07082 -0.02487 -0.03194
v 0.10607 -0.06386 -0.05463
v 0.12516 -0.26126 -0.16362
v 0.05348 -0.00428 -0.02066
v 0.13863 -0.26573 -0.16374
v 0.21839 -0.22116 -0.14333
v 0.20539 -0.21531 -0.13715
v 0.22580 -0.23657 -0.15243
v 0.02917 0.02179 -0.00834
v 0.03492 0.01019 -0.00943
v 0.16643 -0.20544 -0.12826
v 0.15759 -0.20708 -0.12976
v 0.13295 -0.26758 -0.16558
v 0.22000 -0.22762 -0.14312
v 0.17218 -0.20804 -0.12657
v 0.25125 -0.29077 -0.16885
v 0.25027 -0.29492 -0.16815
v 0.16076 -0.21081 -0.12529
v 0.19452 -0.21407 -0.13100
v 0.12663 -0.12368 -0.08232
v 0.12822 -0.10894 -0.08040
v 0.13069 -0.09502 -0.07921
v 0.12345 -0.09628 -0.07134
v 0.11992 -0.07369 -0.06507
v 0.11500 -0.08137 -0.06168
v 0.12183 -0.11788 -0.07001
v 0.11888 -0.09731 -0.06405
v 0.11141 -0.08498 -0.05540
v 0.12229 -0.13788 -0.07674
v 0.13195 -0.13287 -0.09600
v 0.12596 -0.14554 -0.09319
v 0.13042 -0.15124 -0.10468
v 0.12710 -0.16794 -0.10619
v 0.13124 -0.18012 -0.12069
v 0.12781 -0.18657 -0.11684
v 0.12310 -0.15668 -0.08662
v 0.12683 -0.19885 -0.12820
v 0.12454 -0.21463 -0.14289
v 0.12420 -0.23394 -0.14512
v 0.12395 -0.24812 -0.15781
v 0.12228 -0.25369 -0.15442
v 0.12276 -0.26461 -0.15672
v 0.12639 -0.26675 -0.16460
v 0.10062 -0.07183 -0.04754
v 0.12492 -0.26821 -0.15929
v 0.09140 -0.05248 -0.04528
v 0.08250 -0.05098 -0.03677
v 0.06317 -0.02820 -0.02328
v 0.04927 -0.01177 -0.01412
v 0.26390 -0.41047 -0.06769
v 0.27339 -0.39410 -0.06888
v 0.27067 -0.40298 -0.06456
v 0.27922 -0.38474 -0.06486
v 0.28046 -0.37194 -0.07213
v 0.28365 -0.37279 -0.06348
v 0.28909 -0.36252 -0.06665
v 0.28572 -0.35928 -0.07343
v 0.29215 -0.34394 -0.06501
v 0.28927 -0.36369 -0.06126
v 0.28948 -0.33557 -0.07001
v 0.29285 -0.31192 -0.06674
v 0.28708 -0.30883 -0.07281
v 0.28116 -0.36079 -0.07611
v 0.28642 -0.28649 -0.07304
v 0.28123 -0.32664 -0.07407
v 0.27705 -0.29540 -0.07742
v 0.28245 -0.34548 -0.07431
v 0.27695 -0.28243 -0.08050
v 0.27101 -0.38723 -0.07164
v 0.27519 -0.36748 -0.07524
v 0.26248 -0.40483 -0.07060
v 0.25235 -0.42038 -0.06842
v 0.27648 -0.35601 -0.07674
v 0.27961 -0.27267 -0.07853
v 0.25208 -0.41471 -0.06939
v 0.24628 -0.42045 -0.06911
v 0.24676 -0.42315 -0.06816
v 0.27264 -0.34546 -0.07419
v 0.26809 -0.28241 -0.08040
v 0.28402 -0.26505 -0.07307
v 0.27801 -0.26342 -0.07836
v 0.29141 -0.28021 -0.06583
v 0.29081 -0.26420 -0.06459
v 0.26399 -0.41151 -0.06275
v 0.25371 -0.41975 -0.06317
v 0.26233 -0.36626 -0.07105
v 0.26371 -0.35804 -0.07317
v 0.27033 -0.36212 -0.07575
v 0.26660 -0.37358 -0.07186
v 0.25883 -0.37450 -0.06807
v 0.25652 -0.37171 -0.06632
v 0.24971 -0.37913 -0.06419
v 0.26565 -0.38845 -0.07109
v 0.25004 -0.38389 -0.06256
v 0.25774 -0.40484 -0.06844
v 0.26620 -0.34428 -0.07048
v 0.27249 -0.32841 -0.07201
v 0.27351 -0.30804 -0.07397
v 0.26642 -0.28276 -0.07852
v 0.26117 -0.28378 -0.07483
v 0.25528 -0.26818 -0.07371
v 0.24253 -0.38510 -0.06146
v 0.26810 -0.32859 -0.06805
v 0.26978 -0.31479 -0.06974
v 0.26300 -0.30010 -0.06760
v 0.25998 -0.26891 -0.07779
v 0.24571 -0.24705 -0.06945
v 0.26010 -0.37809 -0.06600
v 0.25007 -0.26550 -0.06869
v 0.26071 -0.36275 -0.06833
v 0.26276 -0.37878 -0.06518
v 0.26528 -0.31325 -0.06181
v 0.26135 -0.35165 -0.06569
v 0.24587 -0.38046 -0.06033
v 0.26460 -0.33922 -0.06436
v 0.24412 -0.38700 -0.05955
v 0.14309 -0.25176 -0.15318
v 0.14270 -0.23275 -0.14475
v 0.13962 -0.23648 -0.15278
v 0.14102 -0.25550 -0.15956
v 0.14222 -0.22191 -0.14489
v 0.14179 -0.26592 -0.15823
v 0.13863 -0.26573 -0.16374
v 0.14425 -0.22610 -0.13742
v 0.14247 -0.26470 -0.15230
v 0.14301 -0.24801 -0.14587
v 0.14817 -0.21776 -0.13471
v 0.14583 -0.21315 -0.13871
v 0.15177 -0.21636 -0.12979
v 0.15313 -0.20573 -0.13209
v 0.14426 -0.20603 -0.13856
v 0.13603 -0.25676 -0.16441
v 0.13531 -0.24594 -0.16066
v 0.13591 -0.22243 -0.15028
v 0.15759 -0.20708 -0.12976
v 0.16076 -0.21081 -0.12529
v 0.14061 -0.23517 -0.13698
v 0.14076 -0.26114 -0.14467
v 0.16643 -0.20544 -0.12826
v 0.21728 -0.23470 -0.14578
v 0.21299 -0.22513 -0.14202
v 0.21857 -0.22839 -0.14933
v 0.22410 -0.24593 -0.15831
v 0.22516 -0.25508 -0.15714
v 0.23118 -0.26387 -0.16811
v 0.21954 -0.24562 -0.13972
v 0.21453 -0.23014 -0.13757
v 0.22697 -0.26226 -0.15217
v 0.21167 -0.22766 -0.13077
v 0.20884 -0.21770 -0.14363
v 0.22833 -0.27597 -0.16642
v 0.22753 -0.27540 -0.15814
v 0.21969 -0.23666 -0.12770
v 0.20298 -0.22017 -0.13746
v 0.23102 -0.28425 -0.17353
v 0.22806 -0.29267 -0.17174
v 0.22570 -0.28910 -0.16450
v 0.23268 -0.29577 -0.17683
v 0.23134 -0.30696 -0.17288
v 0.22789 -0.30314 -0.16651
v 0.23377 -0.32255 -0.17314
v 0.22585 -0.29439 -0.16114
v 0.23572 -0.30622 -0.17653
v 0.23480 -0.25882 -0.16978
v 0.23479 -0.28070 -0.17553
v 0.22752 -0.23820 -0.16013
v 0.22452 -0.22454 -0.15306
v 0.21389 -0.21502 -0.14558
v 0.23931 -0.29448 -0.17853
v 0.19537 -0.20806 -0.13948
v 0.23986 -0.32191 -0.17557
v 0.23516 -0.33841 -0.17142
v 0.18692 -0.21059 -0.13664
v 0.17257 -0.20215 -0.13417
v 0.16941 -0.20870 -0.13160
v 0.24482 -0.30518 -0.17676
v 0.18153 -0.21336 -0.13203
v 0.12166 -0.23204 -0.15421
v 0.12001 -0.21789 -0.14670
v 0.12358 -0.21565 -0.15126
v 0.12336 -0.20564 -0.14466
v 0.12585 -0.23194 -0.15855
v 0.12165 -0.24914 -0.16385
v 0.12891 -0.20651 -0.15000
v 0.12818 -0.24313 -0.16503
v 0.12572 -0.25720 -0.16920
v 0.13117 -0.21664 -0.15463
v 0.12941 -0.19716 -0.14059
v 0.13392 -0.20842 -0.15192
v 0.13279 -0.25142 -0.16887
v 0.12494 -0.19458 -0.13231
v 0.13229 -0.18964 -0.13446
v 0.12931 -0.17883 -0.12517
v 0.13544 -0.17803 -0.12972
v 0.12602 -0.16686 -0.11444
v 0.12785 -0.15710 -0.11287
v 0.13970 -0.15935 -0.12091
v 0.13522 -0.14424 -0.11122
v 0.12832 -0.13337 -0.10012
v 0.13495 -0.12085 -0.09928
v 0.12556 -0.11386 -0.08633
v 0.12675 -0.10098 -0.08380
v 0.13753 -0.10372 -0.09263
v 0.12812 -0.08476 -0.07949
v 0.13616 -0.08784 -0.08453
v 0.11696 -0.08391 -0.07049
v 0.13406 -0.07108 -0.07390
v 0.14182 -0.12338 -0.10277
v 0.14461 -0.13986 -0.11066
v 0.14342 -0.10112 -0.09302
v 0.14521 -0.16990 -0.12772
v 0.12131 -0.06351 -0.06703
v 0.11452 -0.07090 -0.06672
v 0.14125 -0.18530 -0.13420
v 0.13887 -0.19535 -0.14017
v 0.12522 -0.05309 -0.06141
v 0.10961 -0.03866 -0.05147
v 0.10682 -0.05448 -0.05882
v 0.13489 -0.23059 -0.15864
v 0.08977 -0.03556 -0.04861
v 0.08930 -0.01109 -0.03620
v 0.08001 -0.01937 -0.03979
v 0.06175 0.00528 -0.02674
v 0.07508 0.01574 -0.02285
v 0.15150 -0.15271 -0.11721
v 0.14367 -0.08088 -0.08040
v 0.10939 -0.02055 -0.04142
v 0.13004 -0.04892 -0.05844
v 0.09146 0.00483 -0.02822
v 0.05601 0.02669 -0.01755
v 0.15091 -0.12809 -0.10489
v 0.04579 0.02227 -0.01921
v 0.06674 0.03339 -0.01306
v 0.03524 0.04606 -0.00966
v 0.02840 0.03967 -0.01208
v 0.04466 0.05143 -0.00598
v 0.06004 -0.00157 -0.02897
v 0.15719 -0.08643 -0.08172
v 0.15898 -0.18134 -0.13050
v 0.14679 -0.06599 -0.06835
v 0.15705 -0.11054 -0.09483
v 0.16355 -0.14259 -0.10824
v 0.14093 -0.20458 -0.14596
v 0.16287 -0.16274 -0.11958
v 0.17667 -0.17581 -0.12503
v 0.18104 -0.18804 -0.13212
v 0.19566 -0.18041 -0.12734
v 0.18954 -0.16071 -0.11354
v 0.17818 -0.15240 -0.10891
v 0.18839 -0.14559 -0.10355
v 0.17686 -0.13518 -0.10009
v 0.19122 -0.12701 -0.09457
v 0.20396 -0.14563 -0.10536
v 0.17451 -0.11588 -0.09208
v 0.20301 -0.16157 -0.11622
v 0.21502 -0.16731 -0.12053
v 0.20945 -0.18473 -0.13196
v 0.22705 -0.19328 -0.13770
v 0.22166 -0.20766 -0.14524
v 0.19336 -0.19859 -0.13683
v 0.23822 -0.20836 -0.14792
v 0.23470 -0.22589 -0.15769
v 0.24459 -0.22752 -0.15791
v 0.24135 -0.24212 -0.16484
v 0.17653 -0.09919 -0.08281
v 0.05713 0.04757 -0.00493
v 0.14769 -0.19130 -0.13513
v 0.24914 -0.24587 -0.16408
v 0.24653 -0.26396 -0.17224
v 0.24016 -0.26295 -0.17245
v 0.16249 -0.19463 -0.13353
v 0.15160 -0.20010 -0.13717
v 0.24608 -0.28068 -0.17613
v 0.13894 -0.25205 -0.16708
v 0.13106 -0.26428 -0.17164
v 0.13727 -0.26170 -0.17037
v 0.14114 -0.21972 -0.15198
v 0.14222 -0.24094 -0.15946
v 0.25157 -0.23148 -0.15534
v 0.24920 -0.29400 -0.17711
v 0.25200 -0.27046 -0.17067
v 0.25334 -0.28637 -0.17338
v 0.25411 -0.24790 -0.16101
v 0.14896 -0.21237 -0.14221
v 0.15899 -0.20818 -0.13427
v 0.14406 -0.25375 -0.16287
v 0.14272 -0.26479 -0.16687
v 0.03902 0.01881 -0.01778
v 0.13825 -0.27206 -0.16794
v 0.13197 -0.27381 -0.16917
v 0.12424 -0.26690 -0.16905
v 0.13933 -0.29414 -0.16055
v 0.13428 -0.29470 -0.16170
v 0.13819 -0.30769 -0.15611
v 0.12706 -0.27410 -0.16809
v 0.14085 -0.24980 -0.13588
v 0.13079 -0.24450 -0.13329
v 0.13352 -0.25852 -0.13607
v 0.14074 -0.26484 -0.13997
v 0.14064 -0.23766 -0.13198
v 0.13308 -0.27079 -0.14148
v 0.13807 -0.27491 -0.14593
v 0.13505 -0.23366 -0.12718
v 0.12895 -0.27866 -0.14639
v 0.13494 -0.28614 -0.14710
v 0.12760 -0.26383 -0.13961
v 0.12999 -0.29417 -0.14991
v 0.12787 -0.23302 -0.12979
v 0.14108 -0.23089 -0.12527
v 0.14483 -0.25995 -0.14100
v 0.14063 -0.21994 -0.11337
v 0.13066 -0.21528 -0.11301
v 0.15100 -0.22068 -0.11708
v 0.12358 -0.25251 -0.13922
v 0.12168 -0.26565 -0.14466
v 0.13660 -0.30056 -0.14733
v 0.12497 -0.28202 -0.15116
v 0.12207 -0.23925 -0.13849
v 0.12513 -0.21808 -0.12169
v 0.14000 -0.20913 -0.09969
v 0.13375 -0.19679 -0.09279
v 0.14280 -0.19587 -0.08544
v 0.12968 -0.17966 -0.08059
v 0.14077 -0.17501 -0.06592
v 0.13119 -0.16566 -0.06508
v 0.12671 -0.19472 -0.09952
v 0.13945 -0.15817 -0.05534
v 0.15457 -0.17036 -0.05487
v 0.14708 -0.15118 -0.04624
v 0.15362 -0.18693 -0.07151
v 0.12373 -0.20091 -0.11258
v 0.12354 -0.15769 -0.06757
v 0.12623 -0.14783 -0.05818
v 0.13267 -0.13251 -0.04774
v 0.12179 -0.17144 -0.08529
v 0.13295 -0.26758 -0.16558
v 0.13017 -0.26818 -0.15557
v 0.13796 -0.26758 -0.16007
v 0.12492 -0.26821 -0.15929
v 0.12439 -0.26869 -0.15203
v 0.14040 -0.26810 -0.15387
v 0.13697 -0.26884 -0.14785
v 0.12924 -0.27004 -0.14871
v 0.12639 -0.26675 -0.16460
v 0.13863 -0.26573 -0.16374
v 0.14179 -0.26592 -0.15823
v 0.14247 -0.26470 -0.15230
v 0.26139 -0.32686 -0.01786
v 0.25518 -0.34627 -0.01210
v 0.25380 -0.34212 -0.01837
v 0.24785 -0.36127 -0.01178
v 0.25794 -0.32611 -0.02282
v 0.24320 -0.36416 -0.01471
v 0.23509 -0.37652 -0.01091
v 0.23199 -0.37530 -0.01372
v 0.22802 -0.38134 -0.01231
v 0.25176 -0.32748 -0.02587
v 0.24774 -0.33379 -0.02422
v 0.24924 -0.34509 -0.01884
v 0.24037 -0.36119 -0.01595
v 0.25479 -0.31117 -0.02554
v 0.26252 -0.30653 -0.02045
v 0.26369 -0.28838 -0.02321
v 0.25265 -0.28749 -0.02799
v 0.25676 -0.27427 -0.03095
v 0.24624 -0.27085 -0.03297
v 0.25183 -0.26260 -0.03379
v 0.25061 -0.30660 -0.02642
v 0.24659 -0.32514 -0.02674
v 0.25673 -0.25887 -0.03220
v 0.24381 -0.34469 -0.01902
v 0.25141 -0.24823 -0.03441
v 0.25365 -0.24177 -0.03374
v 0.24558 -0.25591 -0.03364
v 0.22540 -0.37776 -0.01215
v 0.24003 -0.26222 -0.03208
v 0.24166 -0.33303 -0.02273
v 0.26278 -0.27379 -0.02715
v 0.24082 -0.24885 -0.03173
v 0.24755 -0.24301 -0.03586
v 0.25266 -0.24352 -0.03598
v 0.23613 -0.24353 -0.03109
v 0.22435 -0.38205 -0.00990
v 0.26239 -0.25665 -0.02713
v 0.25535 -0.23291 -0.03078
v 0.26769 -0.27520 -0.02099
v 0.26297 -0.32688 -0.00835
v 0.24501 -0.30698 -0.02514
v 0.24551 -0.29338 -0.02428
v 0.23948 -0.32370 -0.02395
v 0.24047 -0.28982 -0.02006
v 0.23819 -0.31400 -0.02073
v 0.24106 -0.29784 -0.01943
v 0.23486 -0.33591 -0.01779
v 0.23425 -0.32546 -0.01819
v 0.23844 -0.34215 -0.01750
v 0.24001 -0.34717 -0.01602
v 0.23862 -0.35716 -0.01453
v 0.23390 -0.36714 -0.01366
v 0.22672 -0.34587 -0.01440
v 0.22634 -0.34089 -0.01287
v 0.24284 -0.28249 -0.02704
v 0.21982 -0.34913 -0.01246
v 0.23865 -0.27082 -0.02926
v 0.23450 -0.25844 -0.02564
v 0.23246 -0.24643 -0.02396
v 0.22094 -0.35216 -0.01064
v 0.23535 -0.27487 -0.02119
v 0.23712 -0.34290 -0.01379
v 0.26130 -0.41108 -0.10117
v 0.26238 -0.40256 -0.10557
v 0.25493 -0.41471 -0.10462
v 0.27129 -0.39399 -0.10113
v 0.24816 -0.42606 -0.10188
v 0.26801 -0.38981 -0.10377
v 0.27535 -0.38107 -0.10086
v 0.27063 -0.37287 -0.10316
v 0.27650 -0.36902 -0.09848
v 0.26914 -0.36523 -0.10018
v 0.27352 -0.36246 -0.09669
v 0.26632 -0.36066 -0.10176
v 0.27262 -0.34380 -0.09809
v 0.27870 -0.35506 -0.09525
v 0.27906 -0.33606 -0.09576
v 0.27194 -0.32329 -0.09820
v 0.27609 -0.31373 -0.09316
v 0.26719 -0.30159 -0.09342
v 0.27212 -0.29630 -0.08784
v 0.26329 -0.28649 -0.08588
v 0.26809 -0.28241 -0.08040
v 0.26635 -0.37885 -0.11022
v 0.26510 -0.39249 -0.10926
v 0.28519 -0.34885 -0.09684
v 0.28213 -0.36280 -0.09645
v 0.28403 -0.32755 -0.09565
v 0.28870 -0.36181 -0.09932
v 0.29091 -0.34196 -0.10027
v 0.28838 -0.31276 -0.09539
v 0.28186 -0.30014 -0.08945
v 0.28319 -0.37204 -0.10012
v 0.28337 -0.38365 -0.10344
v 0.27791 -0.38836 -0.10124
v 0.26667 -0.40977 -0.10109
v 0.25419 -0.42368 -0.10134
v 0.27122 -0.41053 -0.10413
v 0.27671 -0.28802 -0.08364
v 0.28385 -0.27899 -0.08498
v 0.26100 -0.42149 -0.10385
v 0.28903 -0.28957 -0.09401
v 0.27695 -0.28243 -0.08050
v 0.25108 -0.22572 -0.03683
v 0.24851 -0.21520 -0.03048
v 0.25275 -0.21298 -0.03809
v 0.24986 -0.22864 -0.03122
v 0.24860 -0.23401 -0.03497
v 0.25172 -0.23394 -0.03933
v 0.24960 -0.21936 -0.02312
v 0.24433 -0.20676 -0.02410
v 0.24776 -0.20170 -0.03748
v 0.24806 -0.21547 -0.01598
v 0.25352 -0.23313 -0.01755
v 0.25273 -0.23456 -0.02546
v 0.25881 -0.24811 -0.01987
v 0.25911 -0.24919 -0.01091
v 0.26382 -0.26178 -0.01528
v 0.26419 -0.26735 -0.00840
v 0.26485 -0.27638 -0.01528
v 0.25826 -0.25284 -0.02392
v 0.26249 -0.27153 -0.02096
v 0.26414 -0.28321 -0.00965
v 0.25068 -0.23835 -0.03019
v 0.25054 -0.24470 -0.02961
v 0.25986 -0.30423 -0.01684
v 0.26072 -0.30294 -0.00985
v 0.25909 -0.32197 -0.01340
v 0.25686 -0.32536 -0.01767
v 0.25746 -0.32876 -0.01157
v 0.24723 -0.23786 -0.03297
v 0.25498 -0.32872 -0.01780
v 0.24639 -0.23600 -0.03766
v 0.25741 -0.32692 -0.00663
v 0.25761 -0.31306 -0.00601
v 0.25505 -0.28676 -0.02308
v 0.25638 -0.26264 -0.02697
v 0.25303 -0.27311 -0.02766
v 0.25883 -0.29146 -0.02054
v 0.25119 -0.30186 -0.02173
v 0.25176 -0.25775 -0.02926
v 0.25337 -0.31507 -0.02090
v 0.24709 -0.31930 -0.02194
v 0.25118 -0.32771 -0.02119
v 0.24441 -0.32622 -0.02094
v 0.24893 -0.32994 -0.01967
v 0.14243 -0.30832 -0.14795
v 0.14058 -0.28882 -0.14969
v 0.13660 -0.30056 -0.14733
v 0.13494 -0.28614 -0.14710
v 0.13807 -0.27491 -0.14593
v 0.14303 -0.27317 -0.14902
v 0.14133 -0.31516 -0.14354
v 0.14421 -0.32016 -0.14353
v 0.14162 -0.32331 -0.14142
v 0.14344 -0.32441 -0.14353
v 0.13731 -0.31505 -0.14511
v 0.12999 -0.29417 -0.14991
v 0.25032 -0.29624 -0.15906
v 0.23960 -0.29600 -0.16416
v 0.24345 -0.29655 -0.15732
v 0.25027 -0.29492 -0.16815
v 0.23716 -0.29720 -0.15427
v 0.24060 -0.29545 -0.17140
v 0.23290 -0.29626 -0.15725
v 0.23144 -0.29525 -0.16738
v 0.23562 -0.29443 -0.17268
v 0.24386 -0.29866 -0.15404
v 0.24351 -0.29310 -0.17382
v 0.23390 -0.36714 -0.01366
v 0.23650 -0.35772 -0.00909
v 0.23862 -0.35716 -0.01453
v 0.23895 -0.34751 -0.00786
v 0.22914 -0.37118 -0.01006
v 0.22540 -0.37776 -0.01215
v 0.22348 -0.37902 -0.00970
v 0.24001 -0.34717 -0.01602
v 0.22435 -0.38205 -0.00990
v 0.23819 -0.31400 -0.02073
v 0.23847 -0.30302 -0.01338
v 0.24106 -0.29784 -0.01943
v 0.24018 -0.29085 -0.00812
v 0.23490 -0.31732 -0.01523
v 0.23425 -0.32546 -0.01819
v 0.23371 -0.32319 -0.01067
v 0.23368 -0.33249 -0.01486
v 0.23486 -0.33591 -0.01779
v 0.23392 -0.33041 -0.00695
v 0.23850 -0.30834 -0.00811
v 0.23606 -0.27916 -0.01194
v 0.24047 -0.28982 -0.02006
v 0.23535 -0.27487 -0.02119
v 0.23243 -0.26218 -0.01708
v 0.23450 -0.25844 -0.02564
v 0.23389 -0.26312 -0.00997
v 0.23250 -0.24786 -0.01449
v 0.23246 -0.24643 -0.02396
v 0.23953 -0.27634 -0.00314
v 0.24354 -0.29383 -0.00265
v 0.23888 -0.31631 -0.00442
v 0.23650 -0.25448 -0.00654
v 0.23441 -0.24275 -0.00751
v 0.24163 -0.27045 -0.00018
v 0.23902 -0.33080 -0.00108
v 0.23660 -0.33747 -0.00452
v 0.24236 -0.25729 -0.00109
v 0.24797 -0.28665 0.00108
v 0.24713 -0.30668 -0.00048
v 0.24325 -0.32153 0.00012
v 0.24286 -0.24280 -0.00213
v 0.24357 -0.34079 -0.00074
v 0.23925 -0.34107 -0.00470
v 0.24052 -0.35602 -0.00337
v 0.23665 -0.34198 -0.00891
v 0.22984 -0.37187 -0.00651
v 0.23712 -0.34290 -0.01379
v 0.22663 -0.37898 -0.00694
v 0.23758 -0.34623 -0.16689
v 0.24016 -0.33328 -0.17279
v 0.24311 -0.33467 -0.16804
v 0.24555 -0.32205 -0.17249
v 0.24969 -0.31529 -0.16803
v 0.25188 -0.30169 -0.17273
v 0.25555 -0.30034 -0.16352
v 0.25639 -0.29023 -0.16837
v 0.23582 -0.35168 -0.16122
v 0.25745 -0.28957 -0.16215
v 0.25634 -0.28003 -0.16563
v 0.25184 -0.30810 -0.16170
v 0.24483 -0.32572 -0.16270
v 0.25443 -0.29794 -0.15568
v 0.25643 -0.27185 -0.15446
v 0.25658 -0.26601 -0.16184
v 0.25800 -0.25876 -0.15011
v 0.25862 -0.25092 -0.15340
v 0.25460 -0.28723 -0.15254
v 0.25884 -0.24777 -0.14252
v 0.25822 -0.23532 -0.14309
v 0.25558 -0.23933 -0.13355
v 0.25612 -0.22925 -0.13695
v 0.24937 -0.22491 -0.12508
v 0.25143 -0.22109 -0.13075
v 0.24754 -0.21789 -0.11984
v 0.24755 -0.20882 -0.12428
v 0.25227 -0.26047 -0.14040
v 0.24955 -0.27509 -0.14511
v 0.24827 -0.24950 -0.12974
v 0.24913 -0.23453 -0.12548
v 0.24373 -0.22652 -0.11643
v 0.24801 -0.28516 -0.14584
v 0.25072 -0.29864 -0.15161
v 0.24768 -0.31144 -0.15954
v 0.24649 -0.29634 -0.14792
v 0.24217 -0.25979 -0.13348
v 0.24121 -0.23632 -0.12121
v 0.23823 -0.23167 -0.11396
v 0.24121 -0.32469 -0.16021
v 0.23459 -0.34985 -0.15889
v 0.23084 -0.36050 -0.15850
v 0.22953 -0.35945 -0.15655
v 0.24552 -0.30606 -0.15380
v 0.23878 -0.31650 -0.15878
v 0.23664 -0.24622 -0.12395
v 0.23302 -0.23707 -0.11954
v 0.24300 -0.27388 -0.14339
v 0.24061 -0.30397 -0.15146
v 0.24096 -0.29295 -0.14622
v 0.23525 -0.33719 -0.16041
v 0.23905 -0.27754 -0.14479
v 0.23081 -0.35069 -0.15834
v 0.23147 -0.25018 -0.12735
v 0.23559 -0.29998 -0.15023
v 0.22763 -0.23823 -0.12104
v 0.12424 -0.26690 -0.16905
v 0.12005 -0.26923 -0.16273
v 0.11917 -0.25984 -0.16303
v 0.12572 -0.25720 -0.16920
v 0.12165 -0.24914 -0.16385
v 0.12706 -0.27410 -0.16809
v 0.12335 -0.28095 -0.15876
v 0.13069 -0.29583 -0.15942
v 0.13059 -0.30079 -0.15194
v 0.13553 -0.31043 -0.15376
v 0.13872 -0.32027 -0.14643
v 0.14100 -0.32022 -0.14826
v 0.13428 -0.29470 -0.16170
v 0.14344 -0.32441 -0.14353
v 0.14162 -0.32331 -0.14142
v 0.13731 -0.31505 -0.14511
v 0.12999 -0.29417 -0.14991
v 0.13819 -0.30769 -0.15611
v 0.12420 -0.14565 -0.10067
v 0.12056 -0.16410 -0.09852
v 0.12008 -0.13935 -0.08758
v 0.12602 -0.16686 -0.11444
v 0.12330 -0.17857 -0.11335
v 0.12100 -0.12124 -0.08076
v 0.11529 -0.11157 -0.06308
v 0.12556 -0.11386 -0.08633
v 0.12931 -0.17883 -0.12517
v 0.12785 -0.15710 -0.11287
v 0.11746 -0.10361 -0.07064
v 0.12675 -0.10098 -0.08380
v 0.12832 -0.13337 -0.10012
v 0.12494 -0.19458 -0.13231
v 0.11685 -0.13110 -0.06892
v 0.12289 -0.19116 -0.11684
v 0.11188 -0.09659 -0.05876
v 0.11696 -0.08391 -0.07049
v 0.12125 -0.20352 -0.13441
v 0.12336 -0.20564 -0.14466
v 0.12001 -0.21789 -0.14670
v 0.11944 -0.21653 -0.13923
v 0.12221 -0.18266 -0.10386
v 0.11915 -0.16350 -0.08676
v 0.11981 -0.23382 -0.14927
v 0.12166 -0.23204 -0.15421
v 0.11815 -0.24887 -0.15548
v 0.11772 -0.26350 -0.15641
v 0.12146 -0.20511 -0.12600
v 0.11842 -0.15284 -0.07300
v 0.11978 -0.23981 -0.14412
v 0.12073 -0.22331 -0.13394
v 0.12373 -0.20091 -0.11258
v 0.11130 -0.08743 -0.06320
v 0.11587 -0.11243 -0.05579
v 0.11292 -0.09927 -0.05179
v 0.11942 -0.25476 -0.14489
v 0.11854 -0.13595 -0.06230
v 0.11915 -0.26751 -0.15096
v 0.12179 -0.17144 -0.08529
v 0.12671 -0.19472 -0.09952
v 0.12207 -0.23925 -0.13849
v 0.12497 -0.28202 -0.15116
v 0.12513 -0.21808 -0.12169
v 0.12168 -0.26565 -0.14466
v 0.12358 -0.25251 -0.13922
v 0.16076 -0.21081 -0.12529
v 0.15521 -0.21431 -0.12195
v 0.16527 -0.20980 -0.12130
v 0.15177 -0.21636 -0.12979
v 0.17218 -0.20804 -0.12657
v 0.16469 -0.20805 -0.11336
v 0.15593 -0.20588 -0.10302
v 0.14382 -0.21607 -0.11566
v 0.17331 -0.20544 -0.10914
v 0.17523 -0.21001 -0.12198
v 0.16560 -0.19400 -0.08610
v 0.14527 -0.22322 -0.12758
v 0.13878 -0.23026 -0.13107
v 0.14477 -0.20440 -0.09944
v 0.15551 -0.19871 -0.09225
v 0.14061 -0.23517 -0.13698
v 0.13541 -0.23650 -0.13470
v 0.13551 -0.22261 -0.12345
v 0.15401 -0.18828 -0.08016
v 0.18333 -0.20199 -0.09876
v 0.19146 -0.21080 -0.11591
v 0.17538 -0.19342 -0.08163
v 0.16661 -0.18400 -0.06920
v 0.19652 -0.21523 -0.12592
v 0.13508 -0.20858 -0.11038
v 0.20251 -0.21185 -0.11176
v 0.18906 -0.19962 -0.08791
v 0.20789 -0.21953 -0.12817
v 0.14033 -0.24900 -0.14098
v 0.13403 -0.25045 -0.13900
v 0.14076 -0.26114 -0.14467
v 0.13552 -0.26300 -0.14257
v 0.13697 -0.26884 -0.14785
v 0.13016 -0.26682 -0.14531
v 0.12924 -0.27004 -0.14871
v 0.14247 -0.26470 -0.15230
v 0.14040 -0.26810 -0.15387
v 0.14425 -0.22610 -0.13742
v 0.14301 -0.24801 -0.14587
v 0.13836 -0.20203 -0.10041
v 0.13938 -0.18366 -0.08302
v 0.15018 -0.17389 -0.06647
v 0.13840 -0.16364 -0.06522
v 0.15076 -0.16006 -0.05664
v 0.13162 -0.17073 -0.07710
v 0.16708 -0.17615 -0.05677
v 0.15597 -0.15324 -0.04653
v 0.14341 -0.14626 -0.05238
v 0.13029 -0.18619 -0.09516
v 0.12854 -0.14969 -0.06430
v 0.14798 -0.13246 -0.04071
v 0.13805 -0.13134 -0.04928
v 0.13247 -0.11183 -0.04458
v 0.12325 -0.11267 -0.05416
v 0.12208 -0.10029 -0.04834
v 0.13738 -0.11432 -0.04044
v 0.12743 -0.09902 -0.04059
v 0.11630 -0.09044 -0.04542
v 0.12399 -0.15528 -0.07515
v 0.12849 -0.20187 -0.11470
v 0.12863 -0.22842 -0.13287
v 0.12182 -0.13021 -0.06444
v 0.11809 -0.10146 -0.05670
v 0.12572 -0.21750 -0.13045
v 0.12129 -0.08970 -0.03672
v 0.12420 -0.23394 -0.14512
v 0.11358 -0.09094 -0.05349
v 0.12504 -0.24407 -0.14367
v 0.13108 -0.23832 -0.13661
v 0.12810 -0.25298 -0.14177
v 0.12347 -0.25675 -0.14743
v 0.12548 -0.26592 -0.14807
v 0.12439 -0.26869 -0.15203
v 0.12276 -0.26461 -0.15672
v 0.12228 -0.25369 -0.15442
v 0.12492 -0.26821 -0.15929
v 0.23486 -0.33591 -0.01779
v 0.22634 -0.34089 -0.01287
v 0.22858 -0.33727 -0.00969
v 0.21973 -0.34802 -0.00937
v 0.21982 -0.34913 -0.01246
v 0.23368 -0.33249 -0.01486
v 0.23392 -0.33041 -0.00695
v 0.22681 -0.34341 -0.00678
v 0.22094 -0.35216 -0.01064
v 0.25135 -0.32829 -0.01658
v 0.24425 -0.32935 -0.01046
v 0.25197 -0.32885 -0.00891
v 0.25498 -0.32872 -0.01780
v 0.25746 -0.32876 -0.01157
v 0.25355 -0.32978 -0.00483
v 0.24562 -0.32684 -0.00414
v 0.24110 -0.32661 -0.00607
v 0.24893 -0.32994 -0.01967
v 0.24060 -0.33110 -0.01633
v 0.23999 -0.33073 -0.01136
v 0.25741 -0.32692 -0.00663
v 0.16468 -0.21148 -0.13048
v 0.16522 -0.21413 -0.12561
v 0.15852 -0.21634 -0.12957
v 0.16941 -0.20870 -0.13160
v 0.15973 -0.21703 -0.12047
v 0.16984 -0.21388 -0.12038
v 0.15370 -0.22181 -0.12829
v 0.14726 -0.22869 -0.12898
v 0.15317 -0.21673 -0.13606
v 0.15899 -0.20818 -0.13427
v 0.14896 -0.21237 -0.14221
v 0.17148 -0.21325 -0.12630
v 0.17257 -0.20215 -0.13417
v 0.18153 -0.21336 -0.13203
v 0.16454 -0.21249 -0.11195
v 0.15100 -0.22068 -0.11708
v 0.14108 -0.23089 -0.12527
v 0.14064 -0.23766 -0.13198
v 0.14615 -0.26159 -0.16072
v 0.14812 -0.25649 -0.15328
v 0.14658 -0.26533 -0.15036
v 0.14430 -0.27804 -0.15603
v 0.14311 -0.27654 -0.16199
v 0.14263 -0.29827 -0.15400
v 0.14272 -0.26479 -0.16687
v 0.14406 -0.25375 -0.16287
v 0.14655 -0.24165 -0.15284
v 0.14712 -0.23819 -0.14313
v 0.14752 -0.22584 -0.14533
v 0.14882 -0.22783 -0.13804
v 0.14686 -0.24914 -0.14262
v 0.14483 -0.25995 -0.14100
v 0.13933 -0.29414 -0.16055
v 0.14271 -0.31276 -0.15079
v 0.14243 -0.30832 -0.14795
v 0.14421 -0.32016 -0.14353
v 0.14344 -0.32441 -0.14353
v 0.14058 -0.28882 -0.14969
v 0.14303 -0.27317 -0.14902
v 0.14222 -0.24094 -0.15946
v 0.14114 -0.21972 -0.15198
v 0.13825 -0.27206 -0.16794
v 0.14100 -0.32022 -0.14826
v 0.14074 -0.26484 -0.13997
v 0.14085 -0.24980 -0.13588
v 0.13819 -0.30769 -0.15611
v 0.13807 -0.27491 -0.14593
v 0.24253 -0.22058 -0.10889
v 0.23625 -0.22721 -0.10426
v 0.24268 -0.22415 -0.10306
v 0.23861 -0.23052 -0.09726
v 0.24781 -0.21724 -0.10491
v 0.24335 -0.21553 -0.11161
v 0.23544 -0.22768 -0.11475
v 0.24057 -0.22387 -0.11935
v 0.24332 -0.21633 -0.12074
v 0.25034 -0.25715 -0.14359
v 0.24924 -0.24066 -0.13357
v 0.25351 -0.24098 -0.13922
v 0.24463 -0.25032 -0.13406
v 0.24641 -0.26795 -0.14645
v 0.25013 -0.27115 -0.15104
v 0.23929 -0.23361 -0.12433
v 0.24314 -0.22639 -0.12493
v 0.24325 -0.27513 -0.14894
v 0.24950 -0.22993 -0.13253
v 0.25406 -0.25345 -0.14904
v 0.24473 -0.21650 -0.12767
v 0.25269 -0.27480 -0.15930
v 0.24996 -0.28507 -0.15364
v 0.25247 -0.29309 -0.16294
v 0.24575 -0.28133 -0.14956
v 0.24769 -0.29495 -0.15349
v 0.25032 -0.29624 -0.15906
v 0.24226 -0.20955 -0.11185
v 0.25376 -0.23568 -0.14226
v 0.24386 -0.29866 -0.15404
v 0.24978 -0.22619 -0.13604
v 0.25388 -0.24973 -0.15267
v 0.25027 -0.29492 -0.16815
v 0.25125 -0.29077 -0.16885
v 0.25153 -0.27258 -0.16390
v 0.24313 -0.22865 -0.10625
v 0.23643 -0.23330 -0.10071
v 0.23541 -0.23199 -0.10731
v 0.23823 -0.23167 -0.11396
v 0.23191 -0.23319 -0.11334
v 0.22906 -0.23188 -0.10527
v 0.22944 -0.23244 -0.09598
v 0.22196 -0.23183 -0.11486
v 0.23113 -0.23438 -0.08849
v 0.23302 -0.23707 -0.11954
v 0.22763 -0.23823 -0.12104
v 0.23084 -0.36050 -0.15850
v 0.23153 -0.35249 -0.16459
v 0.23582 -0.35168 -0.16122
v 0.23758 -0.34623 -0.16689
v 0.23516 -0.33841 -0.17142
v 0.24016 -0.33328 -0.17279
v 0.22823 -0.35940 -0.15953
v 0.23986 -0.32191 -0.17557
v 0.24555 -0.32205 -0.17249
v 0.24482 -0.30518 -0.17676
v 0.25188 -0.30169 -0.17273
v 0.24920 -0.29400 -0.17711
v 0.25334 -0.28637 -0.17338
v 0.25639 -0.29023 -0.16837
v 0.25634 -0.28003 -0.16563
v 0.25200 -0.27046 -0.17067
v 0.25658 -0.26601 -0.16184
v 0.25411 -0.24790 -0.16101
v 0.25780 -0.38035 -0.06202
v 0.25565 -0.38031 -0.05796
v 0.25004 -0.38389 -0.06256
v 0.26212 -0.37846 -0.05968
v 0.26276 -0.37878 -0.06518
v 0.24412 -0.38700 -0.05955
v 0.26010 -0.37809 -0.06600
v 0.26438 -0.37425 -0.05609
v 0.24386 -0.38468 -0.05794
v 0.23665 -0.34198 -0.00891
v 0.22660 -0.34765 -0.00787
v 0.23124 -0.34514 -0.01212
v 0.22094 -0.35216 -0.01064
v 0.23712 -0.34290 -0.01379
v 0.23844 -0.34215 -0.01750
v 0.22672 -0.34587 -0.01440
v 0.23660 -0.33747 -0.00452
v 0.22681 -0.34341 -0.00678
v 0.21973 -0.34802 -0.00937
v 0.25172 -0.23394 -0.03933
v 0.24639 -0.23600 -0.03766
v 0.24860 -0.23401 -0.03497
v 0.24785 -0.23675 -0.04137
v 0.25072 -0.22190 -0.10831
v 0.24313 -0.22865 -0.10625
v 0.24514 -0.22422 -0.11020
v 0.23823 -0.23167 -0.11396
v 0.24373 -0.22652 -0.11643
v 0.24719 -0.21843 -0.11466
v 0.25026 -0.21669 -0.10937
v 0.24754 -0.21789 -0.11984
v 0.24772 -0.21026 -0.11089
v 0.24755 -0.20882 -0.12428
v 0.24386 -0.29866 -0.15404
v 0.23716 -0.29720 -0.15427
v 0.24193 -0.29385 -0.15119
v 0.23744 -0.28756 -0.15113
v 0.23907 -0.27367 -0.14944
v 0.24325 -0.27513 -0.14894
v 0.24575 -0.28133 -0.14956
v 0.23851 -0.26440 -0.14420
v 0.24641 -0.26795 -0.14645
v 0.24769 -0.29495 -0.15349
v 0.25013 -0.27115 -0.15104
v 0.23703 -0.25092 -0.13286
v 0.24463 -0.25032 -0.13406
v 0.23929 -0.23361 -0.12433
v 0.23150 -0.23319 -0.12243
v 0.22550 -0.23382 -0.12545
v 0.22874 -0.24577 -0.13293
v 0.22966 -0.25390 -0.14085
v 0.23290 -0.29626 -0.15725
v 0.23509 -0.37652 -0.01091
v 0.22971 -0.37943 -0.00765
v 0.22435 -0.38205 -0.00990
v 0.22802 -0.38134 -0.01231
v 0.25399 -0.42595 -0.10545
v 0.24816 -0.42606 -0.10188
v 0.25026 -0.42599 -0.10618
v 0.25419 -0.42368 -0.10134
v 0.26100 -0.42149 -0.10385
v 0.26212 -0.41884 -0.11111
v 0.26989 -0.41365 -0.11063
v 0.27122 -0.41053 -0.10413
v 0.27754 -0.40213 -0.11233
v 0.27489 -0.40201 -0.11566
v 0.28365 -0.38198 -0.11704
v 0.26823 -0.40747 -0.11608
v 0.28000 -0.37592 -0.12112
v 0.25141 -0.24823 -0.03441
v 0.25266 -0.24352 -0.03598
v 0.25365 -0.24177 -0.03374
v 0.25575 -0.23650 -0.03584
v 0.24412 -0.38700 -0.05955
v 0.24386 -0.38468 -0.05794
v 0.24253 -0.38510 -0.06146
v 0.24587 -0.38046 -0.06033
v 0.25908 -0.36942 -0.05986
v 0.25513 -0.37581 -0.05759
v 0.26438 -0.37425 -0.05609
v 0.25565 -0.38031 -0.05796
v 0.25652 -0.37171 -0.06632
v 0.26071 -0.36275 -0.06833
v 0.26104 -0.36491 -0.06041
v 0.24676 -0.42315 -0.06816
v 0.24652 -0.42349 -0.06545
v 0.24427 -0.42161 -0.06640
v 0.24628 -0.42045 -0.06911
v 0.25774 -0.40484 -0.06844
v 0.24861 -0.41524 -0.06453
v 0.25907 -0.39770 -0.06312
v 0.24969 -0.41454 -0.06717
v 0.25208 -0.41471 -0.06939
v 0.26346 -0.38798 -0.06841
v 0.26361 -0.38204 -0.06207
v 0.26565 -0.38845 -0.07109
v 0.26276 -0.37878 -0.06518
v 0.26660 -0.37358 -0.07186
v 0.26212 -0.37846 -0.05968
v 0.26542 -0.38121 -0.05732
v 0.23084 -0.36050 -0.15850
v 0.22953 -0.35945 -0.15655
v 0.22823 -0.35940 -0.15953
v 0.22809 -0.35497 -0.15944
v 0.23081 -0.35069 -0.15834
v 0.23056 -0.34066 -0.16437
v 0.23221 -0.33311 -0.16338
v 0.23160 -0.32571 -0.16783
v 0.23245 -0.32341 -0.16367
v 0.23144 -0.31680 -0.16589
v 0.23361 -0.31229 -0.15907
v 0.22904 -0.30459 -0.16054
v 0.22984 -0.29836 -0.15439
v 0.22789 -0.30314 -0.16651
v 0.22585 -0.29439 -0.16114
v 0.22850 -0.28473 -0.15364
v 0.22570 -0.28910 -0.16450
v 0.22753 -0.27540 -0.15814
v 0.23313 -0.27541 -0.14809
v 0.23416 -0.28912 -0.14781
v 0.23525 -0.33719 -0.16041
v 0.23878 -0.31650 -0.15878
v 0.23559 -0.29998 -0.15023
v 0.23905 -0.27754 -0.14479
v 0.24061 -0.30397 -0.15146
v 0.24096 -0.29295 -0.14622
v 0.23153 -0.35249 -0.16459
v 0.23148 -0.34073 -0.16793
v 0.23377 -0.32255 -0.17314
v 0.23516 -0.33841 -0.17142
v 0.23660 -0.33747 -0.00452
v 0.23392 -0.33041 -0.00695
v 0.22681 -0.34341 -0.00678
v 0.26390 -0.41047 -0.06769
v 0.25371 -0.41975 -0.06317
v 0.25235 -0.42038 -0.06842
v 0.24652 -0.42349 -0.06545
v 0.24676 -0.42315 -0.06816
v 0.26238 -0.40256 -0.10557
v 0.26801 -0.38981 -0.10377
v 0.26510 -0.39249 -0.10926
v 0.27077 -0.39122 -0.11194
v 0.27521 -0.38049 -0.10985
v 0.27383 -0.38355 -0.10650
v 0.26757 -0.40036 -0.10870
v 0.27795 -0.37634 -0.10690
v 0.26713 -0.40588 -0.11150
v 0.26447 -0.41062 -0.10715
v 0.28117 -0.37706 -0.11431
v 0.27370 -0.38881 -0.11415
v 0.27728 -0.37818 -0.11431
v 0.28299 -0.37601 -0.10999
v 0.27897 -0.38424 -0.10617
v 0.27383 -0.38355 -0.10650
v 0.27906 -0.37836 -0.10563
v 0.27254 -0.39414 -0.10580
v 0.27795 -0.37634 -0.10690
v 0.26757 -0.40036 -0.10870
v 0.26447 -0.41062 -0.10715
v 0.28299 -0.37601 -0.10999
v 0.27473 -0.39784 -0.10831
v 0.27897 -0.38424 -0.10617
v 0.27999 -0.38644 -0.11047
v 0.27906 -0.37836 -0.10563
v 0.28299 -0.37601 -0.10999
v 0.27254 -0.39414 -0.10580
v 0.26447 -0.41062 -0.10715
v 0.27063 -0.40453 -0.11097
v 0.27717 -0.38710 -0.11410
v 0.28117 -0.37706 -0.11431
v 0.27063 -0.40453 -0.11097
v 0.27717 -0.38710 -0.11410
v 0.27370 -0.38881 -0.11415
v 0.27728 -0.37818 -0.11431
v 0.28117 -0.37706 -0.11431
v 0.27077 -0.39122 -0.11194
v 0.26713 -0.40588 -0.11150
v 0.26447 -0.41062 -0.10715
v 0.28472 -0.26382 -0.05149
v 0.27963 -0.26430 -0.04676
v 0.28036 -0.25120 -0.05385
v 0.26903 -0.24294 -0.04661
v 0.27282 -0.23706 -0.05515
v 0.26449 -0.22656 -0.04763
v 0.26577 -0.22222 -0.05280
v 0.28558 -0.25871 -0.05815
v 0.26143 -0.21484 -0.04760
v 0.25275 -0.21298 -0.03809
v 0.28831 -0.27059 -0.05500
v 0.26414 -0.28321 -0.00965
v 0.26119 -0.28092 -0.00462
v 0.25957 -0.27019 -0.00351
v 0.26072 -0.30294 -0.00985
v 0.26419 -0.26735 -0.00840
v 0.25681 -0.29128 -0.00350
v 0.25761 -0.31306 -0.00601
v 0.25639 -0.25110 -0.00606
v 0.24776 -0.20170 -0.03748
v 0.24851 -0.21520 -0.03048
v 0.25260 -0.19751 -0.04808
v 0.23691 -0.17619 -0.04226
v 0.23403 -0.18451 -0.03273
v 0.22170 -0.16097 -0.03444
v 0.22190 -0.15358 -0.03951
v 0.20638 -0.14003 -0.02899
v 0.21772 -0.16417 -0.02545
v 0.21673 -0.14294 -0.04355
v 0.20185 -0.12196 -0.04209
v 0.24433 -0.20676 -0.02410
v 0.19568 -0.12539 -0.02388
v 0.18561 -0.10078 -0.03307
v 0.23261 -0.19123 -0.01882
v 0.20685 -0.15090 -0.01333
v 0.19435 -0.13484 -0.00764
v 0.20646 -0.15708 -0.00621
v 0.22324 -0.18184 -0.00996
v 0.18569 -0.10870 -0.02115
v 0.17388 -0.08978 -0.01948
v 0.17278 -0.08105 -0.02803
v 0.16370 -0.06992 -0.02490
v 0.17840 -0.11040 -0.00842
v 0.22897 -0.16184 -0.04764
v 0.23979 -0.20405 -0.01161
v 0.24483 -0.18534 -0.05024
v 0.24806 -0.21547 -0.01598
v 0.14955 -0.06084 -0.01622
v 0.16141 -0.08152 -0.01263
v 0.14966 -0.05726 -0.02165
v 0.13375 -0.04571 -0.01324
v 0.13276 -0.03976 -0.02356
v 0.12117 -0.02976 -0.01236
v 0.11611 -0.02794 -0.00415
v 0.11595 -0.01845 -0.01782
v 0.10044 -0.00320 -0.00396
v 0.13420 -0.03891 -0.03185
v 0.09309 0.00786 -0.00623
v 0.08696 0.01129 0.00205
v 0.07247 0.02936 0.00360
v 0.06937 0.02355 0.01502
v 0.05795 0.04411 0.01488
v 0.04419 0.05042 0.03113
v 0.09301 -0.00512 0.00829
v 0.04975 0.05804 0.01681
v 0.06128 0.04337 0.00686
v 0.24795 -0.22541 -0.01032
v 0.25352 -0.23313 -0.01755
v 0.25911 -0.24919 -0.01091
v 0.14571 -0.05135 -0.03036
v 0.15955 -0.06401 -0.03722
v 0.25889 -0.20781 -0.05505
v 0.14819 -0.05292 -0.03895
v 0.17336 -0.08211 -0.04091
v 0.18921 -0.10532 -0.04220
v 0.05494 0.04549 -0.00047
v 0.07388 0.02793 -0.00605
v 0.06581 0.03073 -0.00965
v 0.08766 0.00582 -0.02247
v 0.09156 0.00739 -0.01318
v 0.10514 -0.01433 -0.02972
v 0.11838 -0.02227 -0.02501
v 0.12511 -0.03530 -0.03704
v 0.13799 -0.04972 -0.04569
v 0.15288 -0.06111 -0.04984
v 0.12195 -0.04171 -0.04799
v 0.14295 -0.06189 -0.05879
v 0.16365 -0.07100 -0.05220
v 0.15963 -0.07365 -0.06286
v 0.17633 -0.09473 -0.07172
v 0.16109 -0.08397 -0.07291
v 0.14545 -0.07118 -0.06733
v 0.17646 -0.08808 -0.05601
v 0.18642 -0.10612 -0.07025
v 0.18924 -0.12029 -0.08518
v 0.17362 -0.10295 -0.08066
v 0.19726 -0.12518 -0.08083
v 0.19939 -0.14129 -0.09680
v 0.20688 -0.14632 -0.09616
v 0.21083 -0.15951 -0.10809
v 0.20862 -0.16254 -0.11199
v 0.21948 -0.18397 -0.12620
v 0.22373 -0.18142 -0.12169
v 0.09608 -0.01200 -0.03179
v 0.23279 -0.20264 -0.13864
v 0.23768 -0.20055 -0.13307
v 0.24194 -0.21155 -0.14108
v 0.23918 -0.21947 -0.14953
v 0.24622 -0.22497 -0.14896
v 0.24123 -0.23562 -0.15691
v 0.25031 -0.24515 -0.15663
v 0.24807 -0.25410 -0.16265
v 0.21199 -0.14694 -0.08501
v 0.20215 -0.12580 -0.07145
v 0.21933 -0.14940 -0.07609
v 0.22536 -0.16187 -0.08257
v 0.23091 -0.16468 -0.07822
v 0.24444 -0.18309 -0.08311
v 0.22250 -0.16812 -0.09233
v 0.21457 -0.15942 -0.09780
v 0.24044 -0.18227 -0.08872
v 0.23688 -0.18913 -0.09711
v 0.25436 -0.20449 -0.09656
v 0.22887 -0.18397 -0.10092
v 0.25212 -0.19543 -0.09095
v 0.23907 -0.19988 -0.10473
v 0.24740 -0.20819 -0.10295
v 0.24226 -0.20955 -0.11185
v 0.26101 -0.20764 -0.09149
v 0.19163 -0.11065 -0.06399
v 0.26289 -0.21821 -0.09690
v 0.22000 -0.17251 -0.10802
v 0.25647 -0.21925 -0.10197
v 0.27261 -0.24209 -0.10367
v 0.25080 -0.22974 -0.14490
v 0.23316 -0.19256 -0.10917
v 0.18362 -0.09896 -0.05461
v 0.24025 -0.20265 -0.12867
v 0.27197 -0.23547 -0.09619
v 0.28419 -0.25798 -0.09994
v 0.28484 -0.26114 -0.10717
v 0.25388 -0.24973 -0.15267
v 0.25221 -0.19428 -0.08386
v 0.26076 -0.20945 -0.08498
v 0.20127 -0.12392 -0.05827
v 0.21328 -0.13967 -0.05101
v 0.23978 -0.18100 -0.05671
v 0.25542 -0.20923 -0.06350
v 0.26570 -0.22656 -0.06049
v 0.21482 -0.14352 -0.06597
v 0.27464 -0.24432 -0.06341
v 0.28514 -0.26311 -0.06434
v 0.22788 -0.16310 -0.06634
v 0.24326 -0.18884 -0.06631
v 0.25337 -0.20896 -0.07036
v 0.24027 -0.20339 -0.11850
v 0.25376 -0.23568 -0.14226
v 0.24978 -0.22619 -0.13604
v 0.24473 -0.21650 -0.12767
v 0.25153 -0.27258 -0.16390
v 0.23850 -0.17725 -0.07557
v 0.25095 -0.19831 -0.07476
v 0.25507 -0.21564 -0.06949
v 0.25756 -0.22251 -0.06851
v 0.24726 -0.26993 -0.16814
v 0.24845 -0.28806 -0.17180
v 0.25125 -0.29077 -0.16885
v 0.24335 -0.21553 -0.11161
v 0.24781 -0.21724 -0.10491
v 0.25075 -0.23161 -0.07397
v 0.25328 -0.22595 -0.07101
v 0.25380 -0.22342 -0.07328
v 0.25507 -0.21564 -0.06949
v 0.25778 -0.21587 -0.07606
v 0.24856 -0.23285 -0.07083
v 0.28766 -0.35529 -0.11499
v 0.28682 -0.35921 -0.10605
v 0.28945 -0.34880 -0.10827
v 0.28794 -0.34725 -0.11543
v 0.29042 -0.32930 -0.11094
v 0.28873 -0.31957 -0.10256
v 0.29037 -0.30770 -0.10597
v 0.28757 -0.30686 -0.11368
v 0.28787 -0.28177 -0.10411
v 0.28524 -0.27936 -0.11188
v 0.28552 -0.27076 -0.11175
v 0.28716 -0.26573 -0.10485
v 0.28484 -0.26114 -0.10717
v 0.28600 -0.27141 -0.09604
v 0.28419 -0.25798 -0.09994
v 0.28605 -0.29180 -0.09803
v 0.28232 -0.26376 -0.08991
v 0.27892 -0.25263 -0.09063
v 0.27197 -0.23547 -0.09619
v 0.26929 -0.23368 -0.08728
v 0.26076 -0.20945 -0.08498
v 0.27047 -0.24846 -0.08172
v 0.25095 -0.19831 -0.07476
v 0.25337 -0.20896 -0.07036
v 0.24326 -0.18884 -0.06631
v 0.28050 -0.28220 -0.08940
v 0.27545 -0.27486 -0.08300
v 0.27834 -0.26530 -0.08444
v 0.28030 -0.30166 -0.09439
v 0.28445 -0.32221 -0.09995
v 0.28624 -0.34522 -0.10295
v 0.28484 -0.35804 -0.10353
v 0.28257 -0.35473 -0.10057
v 0.27009 -0.26355 -0.07984
v 0.26311 -0.24642 -0.07711
v 0.25764 -0.23112 -0.07533
v 0.27933 -0.36030 -0.10088
v 0.28794 -0.34725 -0.11543
v 0.28757 -0.30686 -0.11368
v 0.28452 -0.31996 -0.11807
v 0.28452 -0.33962 -0.11903
v 0.28428 -0.35398 -0.11933
v 0.28356 -0.29162 -0.11598
v 0.28524 -0.27936 -0.11188
v 0.28100 -0.27613 -0.11529
v 0.28766 -0.35529 -0.11499
v 0.28552 -0.27076 -0.11175
v 0.01437 0.02294 0.00443
v 0.02917 0.02179 -0.00834
v 0.02260 0.00640 0.00696
v 0.03492 0.01019 -0.00943
v 0.03405 -0.00529 0.00339
v 0.04927 -0.01177 -0.01412
v 0.02511 -0.00509 0.01568
v 0.00846 0.00824 0.02220
v 0.04719 -0.01736 -0.00429
v 0.06317 -0.02820 -0.02328
v 0.06784 -0.03940 -0.01887
v 0.08250 -0.05098 -0.03677
v 0.08993 -0.06422 -0.03670
v 0.10062 -0.07183 -0.04754
v 0.24966 -0.29439 -0.02133
v 0.24444 -0.28168 -0.02256
v 0.24641 -0.29367 -0.01849
v 0.24249 -0.28402 -0.01690
v 0.23830 -0.26066 -0.02323
v 0.24220 -0.26535 -0.02761
v 0.24460 -0.29858 -0.00997
v 0.23693 -0.25906 -0.01761
v 0.23861 -0.27123 -0.01317
v 0.24046 -0.25342 -0.02592
v 0.23698 -0.24956 -0.02029
v 0.23815 -0.24436 -0.02527
v 0.23468 -0.24235 -0.02089
v 0.23634 -0.24040 -0.02610
v 0.24281 -0.28368 -0.00932
v 0.24327 -0.30446 -0.01547
v 0.24582 -0.30568 -0.01998
v 0.24115 -0.32083 -0.01929
v 0.23863 -0.32139 -0.01473
v 0.23863 -0.32760 -0.01611
v 0.23751 -0.32737 -0.01173
v 0.24060 -0.33110 -0.01633
v 0.24441 -0.32622 -0.02094
v 0.24053 -0.31581 -0.01087
v 0.24410 -0.24650 -0.02852
v 0.24243 -0.23910 -0.03187
v 0.24673 -0.25699 -0.02928
v 0.24716 -0.26958 -0.02845
v 0.24709 -0.31930 -0.02194
v 0.25001 -0.28271 -0.02451
v 0.25119 -0.30186 -0.02173
v 0.25505 -0.28676 -0.02308
v 0.24893 -0.32994 -0.01967
v 0.25118 -0.32771 -0.02119
v 0.25303 -0.27311 -0.02766
v 0.25176 -0.25775 -0.02926
v 0.25054 -0.24470 -0.02961
v 0.24723 -0.23786 -0.03297
v 0.23999 -0.33073 -0.01136
v 0.27293 -0.35885 -0.07083
v 0.27112 -0.35966 -0.05954
v 0.27858 -0.36010 -0.06062
v 0.28132 -0.35882 -0.07081
v 0.26733 -0.35922 -0.06749
v 0.27313 -0.35966 -0.05314
v 0.28074 -0.36142 -0.05459
v 0.26776 -0.35830 -0.05621
v 0.26540 -0.35800 -0.06352
v 0.28409 -0.36216 -0.06191
v 0.28379 -0.36070 -0.06784
v 0.27467 -0.31393 -0.06832
v 0.27245 -0.31867 -0.06522
v 0.27448 -0.33555 -0.06848
v 0.26904 -0.30785 -0.06310
v 0.27066 -0.32607 -0.06021
v 0.27056 -0.31646 -0.05819
v 0.26498 -0.28743 -0.06971
v 0.26026 -0.28545 -0.06406
v 0.25752 -0.26876 -0.06912
v 0.25117 -0.26036 -0.06365
v 0.24909 -0.24571 -0.06646
v 0.24480 -0.24513 -0.05929
v 0.24088 -0.23814 -0.05908
v 0.24423 -0.23545 -0.06725
v 0.24997 -0.26036 -0.05720
v 0.26103 -0.28833 -0.05550
v 0.26885 -0.30711 -0.05481
v 0.26588 -0.35286 -0.06028
v 0.26828 -0.34721 -0.06663
v 0.26949 -0.33964 -0.05821
v 0.26540 -0.35800 -0.06352
v 0.26673 -0.35675 -0.06940
v 0.26733 -0.35922 -0.06749
v 0.28046 -0.35699 -0.11308
v 0.27407 -0.35700 -0.10764
v 0.27927 -0.35785 -0.10272
v 0.28484 -0.35804 -0.10353
v 0.27139 -0.35643 -0.11714
v 0.27949 -0.35555 -0.11877
v 0.26928 -0.35539 -0.11001
v 0.28428 -0.35398 -0.11933
v 0.28766 -0.35529 -0.11499
v 0.28682 -0.35921 -0.10605
v 0.27429 -0.35485 -0.11975
v 0.27369 -0.35504 -0.10239
v 0.27933 -0.36030 -0.10088
v 0.24639 -0.23600 -0.03766
v 0.24243 -0.23910 -0.03187
v 0.24723 -0.23786 -0.03297
v 0.23772 -0.23472 -0.04201
v 0.22989 -0.23465 -0.03675
v 0.23634 -0.24040 -0.02610
v 0.23220 -0.23229 -0.05574
v 0.22531 -0.23634 -0.02512
v 0.22366 -0.22963 -0.04526
v 0.23468 -0.24235 -0.02089
v 0.22171 -0.22422 -0.06873
v 0.23840 -0.23222 -0.06870
v 0.23261 -0.22976 -0.07983
v 0.23872 -0.23144 -0.07665
v 0.24627 -0.23296 -0.07373
v 0.22215 -0.22259 -0.08953
v 0.23155 -0.22834 -0.09786
v 0.23861 -0.23052 -0.09726
v 0.23625 -0.22721 -0.10426
v 0.21989 -0.22163 -0.10114
v 0.22897 -0.22663 -0.10912
v 0.24785 -0.23675 -0.04137
v 0.23544 -0.22768 -0.11475
v 0.24856 -0.23285 -0.07083
v 0.24001 -0.23748 -0.05287
v 0.24088 -0.23814 -0.05908
v 0.24423 -0.23545 -0.06725
v 0.20368 -0.20914 -0.06880
v 0.20356 -0.20769 -0.08214
v 0.19069 -0.19861 -0.07495
v 0.20788 -0.21103 -0.09768
v 0.18906 -0.19962 -0.08791
v 0.21576 -0.21958 -0.05684
v 0.21668 -0.22776 -0.02658
v 0.20609 -0.21201 -0.04238
v 0.19264 -0.19713 -0.05578
v 0.18823 -0.19648 -0.03605
v 0.20407 -0.21361 -0.02751
v 0.18842 -0.19837 -0.02571
v 0.18003 -0.18879 -0.06405
v 0.17551 -0.18265 -0.03516
v 0.17270 -0.17710 -0.05046
v 0.22386 -0.23387 -0.01700
v 0.17328 -0.18085 -0.01955
v 0.21163 -0.21677 -0.11048
v 0.20391 -0.21096 -0.01483
v 0.18226 -0.18826 -0.01347
v 0.16139 -0.16552 -0.02120
v 0.16471 -0.16824 -0.03441
v 0.22173 -0.22738 -0.11760
v 0.21672 -0.22515 -0.12345
v 0.20789 -0.21953 -0.12817
v 0.21264 -0.22090 -0.13556
v 0.21917 -0.22906 -0.13248
v 0.22550 -0.23382 -0.12545
v 0.22000 -0.22762 -0.14312
v 0.20251 -0.21185 -0.11176
v 0.23503 -0.24019 -0.01417
v 0.19452 -0.21407 -0.13100
v 0.19652 -0.21523 -0.12592
v 0.17538 -0.19342 -0.08163
v 0.16661 -0.18400 -0.06920
v 0.16708 -0.17615 -0.05677
v 0.24480 -0.24513 -0.05929
v 0.23873 -0.23499 -0.08803
v 0.15152 -0.14627 -0.02819
v 0.16278 -0.16153 -0.04305
v 0.15146 -0.14552 -0.01694
v 0.13906 -0.12324 -0.02064
v 0.15597 -0.15324 -0.04653
v 0.14054 -0.12363 -0.02872
v 0.24402 -0.24286 -0.09262
v 0.24532 -0.24456 -0.08618
v 0.25094 -0.25410 -0.08587
v 0.14798 -0.13246 -0.04071
v 0.17523 -0.21001 -0.12198
v 0.17218 -0.20804 -0.12657
v 0.22893 -0.22929 -0.11613
v 0.24863 -0.25561 -0.09422
v 0.23150 -0.23319 -0.12243
v 0.15018 -0.17389 -0.06647
v 0.25176 -0.26369 -0.09059
v 0.25496 -0.27366 -0.10068
v 0.25881 -0.27790 -0.09131
v 0.26379 -0.29346 -0.10264
v 0.26157 -0.28441 -0.10891
v 0.26950 -0.30222 -0.11570
v 0.25459 -0.26474 -0.10549
v 0.24895 -0.24557 -0.10045
v 0.24414 -0.23037 -0.10016
v 0.20539 -0.21531 -0.13715
v 0.21839 -0.22116 -0.14333
v 0.19064 -0.20911 -0.13289
v 0.16527 -0.20980 -0.12130
v 0.23929 -0.23361 -0.12433
v 0.26995 -0.35315 -0.11742
v 0.27321 -0.34547 -0.11931
v 0.27170 -0.34073 -0.11630
v 0.27598 -0.33041 -0.11754
v 0.27261 -0.32912 -0.11326
v 0.27567 -0.31914 -0.11700
v 0.26962 -0.31226 -0.11165
v 0.27429 -0.35485 -0.11975
v 0.27139 -0.35643 -0.11714
v 0.26853 -0.35129 -0.11150
v 0.27073 -0.34157 -0.11109
v 0.26928 -0.35539 -0.11001
v 0.27273 -0.33212 -0.10605
v 0.26829 -0.30860 -0.10637
v 0.27096 -0.34864 -0.10514
v 0.08094 -0.05355 0.00370
v 0.06881 -0.04325 0.00339
v 0.06199 -0.03597 0.01123
v 0.05326 -0.02865 0.00957
v 0.08492 -0.05928 -0.00364
v 0.10060 -0.07333 -0.00524
v 0.09793 -0.07105 -0.01317
v 0.11727 -0.09238 -0.01396
v 0.04337 -0.02076 0.01737
v 0.04058 -0.01684 0.00878
v 0.07454 -0.04726 -0.00802
v 0.08743 -0.05886 -0.01719
v 0.02140 -0.00350 0.02649
v 0.02511 -0.00509 0.01568
v 0.00430 0.00926 0.03262
v 0.00846 0.00824 0.02220
v 0.06200 -0.03417 -0.00150
v 0.06784 -0.03940 -0.01887
v 0.08687 -0.05981 -0.02737
v 0.04719 -0.01736 -0.00429
v 0.10658 -0.07546 -0.02759
v 0.10829 -0.08053 -0.01999
v 0.12241 -0.09495 -0.02819
v 0.12129 -0.08970 -0.03672
v 0.12524 -0.10302 -0.02152
v 0.13332 -0.10835 -0.03518
v 0.03405 -0.00529 0.00339
v 0.08993 -0.06422 -0.03670
v 0.10404 -0.07840 -0.04351
v 0.10952 -0.08133 -0.03882
v 0.13001 -0.10460 -0.01319
v 0.11358 -0.09094 -0.05349
v 0.11630 -0.09044 -0.04542
v 0.12743 -0.09902 -0.04059
v 0.13738 -0.11432 -0.04044
v 0.10062 -0.07183 -0.04754
v 0.11141 -0.08498 -0.05540
v 0.11654 -0.08785 -0.00779
v 0.11888 -0.09731 -0.06405
v 0.11809 -0.10146 -0.05670
v 0.25075 -0.23161 -0.07397
v 0.24627 -0.23296 -0.07373
v 0.24856 -0.23285 -0.07083
v 0.27263 -0.29408 -0.09219
v 0.26368 -0.27987 -0.08731
v 0.27221 -0.28310 -0.08586
v 0.28030 -0.30166 -0.09439
v 0.26885 -0.30076 -0.09869
v 0.26385 -0.26750 -0.08189
v 0.25661 -0.26537 -0.08492
v 0.25848 -0.25332 -0.07899
v 0.27559 -0.31179 -0.09797
v 0.27498 -0.32285 -0.10168
v 0.28050 -0.33024 -0.10025
v 0.27009 -0.26355 -0.07984
v 0.27545 -0.27486 -0.08300
v 0.28445 -0.32221 -0.09995
v 0.26311 -0.24642 -0.07711
v 0.25374 -0.24338 -0.07567
v 0.24959 -0.24312 -0.07842
v 0.24845 -0.23547 -0.07476
v 0.24230 -0.23506 -0.07923
v 0.25094 -0.25410 -0.08587
v 0.27708 -0.34390 -0.10095
v 0.24627 -0.23296 -0.07373
v 0.25075 -0.23161 -0.07397
v 0.25881 -0.27790 -0.09131
v 0.25764 -0.23112 -0.07533
v 0.28624 -0.34522 -0.10295
v 0.25380 -0.22342 -0.07328
v 0.23872 -0.23144 -0.07665
v 0.28050 -0.28220 -0.08940
v 0.28257 -0.35473 -0.10057
v 0.27933 -0.36030 -0.10088
v 0.27369 -0.35504 -0.10239
v 0.27096 -0.34864 -0.10514
v 0.27273 -0.33212 -0.10605
v 0.26829 -0.30860 -0.10637
v 0.26379 -0.29346 -0.10264
v 0.25176 -0.26369 -0.09059
v 0.24532 -0.24456 -0.08618
v 0.23261 -0.22976 -0.07983
v 0.26928 -0.35539 -0.11001
v 0.23873 -0.23499 -0.08803
v 0.26853 -0.35129 -0.11150
v 0.26845 -0.39597 -0.06216
v 0.27515 -0.38133 -0.06251
v 0.27317 -0.38464 -0.06650
v 0.26900 -0.39573 -0.06532
v 0.27565 -0.37417 -0.06615
v 0.27718 -0.37377 -0.06250
v 0.26439 -0.39897 -0.06348
v 0.26900 -0.39573 -0.06532
v 0.26828 -0.39185 -0.06664
v 0.26439 -0.39897 -0.06348
v 0.27317 -0.38464 -0.06650
v 0.27186 -0.37960 -0.06684
v 0.27565 -0.37417 -0.06615
v 0.26646 -0.39066 -0.06421
v 0.27186 -0.37960 -0.06684
v 0.27058 -0.37993 -0.06186
v 0.27565 -0.37417 -0.06615
v 0.27426 -0.37498 -0.06007
v 0.26828 -0.39185 -0.06664
v 0.26439 -0.39897 -0.06348
v 0.26960 -0.38724 -0.06046
v 0.27718 -0.37377 -0.06250
v 0.26845 -0.39597 -0.06216
v 0.26960 -0.38724 -0.06046
v 0.27515 -0.38133 -0.06251
v 0.27426 -0.37498 -0.06007
v 0.27718 -0.37377 -0.06250
v 0.26439 -0.39897 -0.06348
v 0.02973 0.02053 0.05023
v 0.02441 0.03657 0.05348
v 0.04361 0.01686 0.04258
v 0.05104 0.00076 0.03874
v 0.03529 0.00619 0.04332
v 0.01817 0.02208 0.05251
v 0.05022 -0.00837 0.03513
v 0.07093 -0.02392 0.02670
v 0.07488 -0.01528 0.02690
v 0.09199 -0.03520 0.01840
v 0.08573 -0.03636 0.01993
v 0.10264 -0.05497 0.01089
v 0.11615 -0.06181 0.00590
v 0.11812 -0.07285 0.00283
v 0.13213 -0.08211 -0.00170
v 0.13225 -0.09042 -0.00362
v 0.14401 -0.08960 -0.00512
v 0.14532 -0.10076 -0.00588
v 0.16210 -0.09624 -0.00682
v 0.13959 -0.07663 -0.00575
v 0.16323 -0.11558 -0.00327
v 0.17772 -0.11964 -0.00360
v 0.18114 -0.13972 -0.00000
v 0.16971 -0.13413 -0.00118
v 0.17880 -0.15417 -0.00040
v 0.19170 -0.16223 0.00058
v 0.19467 -0.15021 -0.00107
v 0.20482 -0.17327 -0.00051
v 0.19241 -0.17648 -0.00105
v 0.21575 -0.19354 -0.00217
v 0.21175 -0.20354 -0.00351
v 0.23173 -0.21588 -0.00450
v 0.23474 -0.20599 -0.00621
v 0.24179 -0.22421 -0.00675
v 0.24003 -0.23818 -0.00779
v 0.22929 -0.22538 -0.00601
v 0.21735 -0.18111 -0.00448
v 0.13097 -0.06842 -0.00262
v 0.14872 -0.07081 -0.01136
v 0.13734 -0.10210 -0.00697
v 0.14667 -0.11380 -0.00706
v 0.06417 0.00210 0.03104
v 0.09853 -0.03310 0.01439
v 0.15450 -0.12857 -0.00616
v 0.24795 -0.22541 -0.01032
v 0.24807 -0.24535 -0.00569
v 0.24111 -0.25619 -0.00807
v 0.25639 -0.25110 -0.00606
v 0.25258 -0.26284 -0.00225
v 0.25957 -0.27019 -0.00351
v 0.25418 -0.27846 -0.00184
v 0.26119 -0.28092 -0.00462
v 0.25681 -0.29128 -0.00350
v 0.25199 -0.29368 -0.00322
v 0.25761 -0.31306 -0.00601
v 0.25061 -0.31730 -0.00363
v 0.25355 -0.32978 -0.00483
v 0.24562 -0.32684 -0.00414
v 0.25741 -0.32692 -0.00663
v 0.24692 -0.27940 -0.00368
v 0.24455 -0.26504 -0.00416
v 0.16141 -0.08152 -0.01263
v 0.17840 -0.11040 -0.00842
v 0.13710 -0.05575 -0.01072
v 0.16571 -0.14659 -0.00384
v 0.12054 -0.04943 -0.00033
v 0.14955 -0.06084 -0.01622
v 0.12592 -0.09235 -0.00590
v 0.20646 -0.15708 -0.00621
v 0.18766 -0.18265 -0.00449
v 0.03180 0.04252 0.04637
v 0.07853 -0.00324 0.02056
v 0.19435 -0.13484 -0.00764
v 0.13375 -0.04571 -0.01324
v 0.10331 -0.06818 0.00252
v 0.17310 -0.16515 -0.00563
v 0.24110 -0.32661 -0.00607
v 0.24539 -0.31401 -0.00563
v 0.24820 -0.29560 -0.00530
v 0.11611 -0.02794 -0.00415
v 0.05157 0.02828 0.03129
v 0.08381 -0.04587 0.01315
v 0.09301 -0.00512 0.00829
v 0.10726 -0.02842 0.00461
v 0.23979 -0.20405 -0.01161
v 0.04419 0.05042 0.03113
v 0.06937 0.02355 0.01502
v 0.22324 -0.18184 -0.00996
vt 0.65969 0.59944
vt 0.66273 0.59794
vt 0.66030 0.60236
vt 0.66230 0.59589
vt 0.65942 0.59656
vt 0.65759 0.60310
vt 0.65825 0.60873
vt 0.66263 0.60380
vt 0.66332 0.60033
vt 0.66455 0.59692
vt 0.66201 0.59127
vt 0.65982 0.59263
vt 0.66047 0.58809
vt 0.66351 0.58540
vt 0.66275 0.58280
vt 0.66587 0.58196
vt 0.66427 0.58024
vt 0.65575 0.60693
vt 0.65446 0.61668
vt 0.66125 0.61069
vt 0.65716 0.60005
vt 0.65701 0.61749
vt 0.66105 0.61677
vt 0.65848 0.62160
vt 0.65573 0.62652
vt 0.65706 0.62942
vt 0.65431 0.63282
vt 0.65162 0.63050
vt 0.65161 0.63624
vt 0.65027 0.63438
vt 0.65249 0.62488
vt 0.66264 0.58008
vt 0.64788 0.63932
vt 0.66102 0.58303
vt 0.65824 0.59396
vt 0.64942 0.64355
vt 0.66534 0.61015
vt 0.66444 0.60648
vt 0.64727 0.63679
vt 0.66717 0.60538
vt 0.66870 0.60007
vt 0.66968 0.60298
vt 0.67227 0.59953
vt 0.67183 0.59568
vt 0.67469 0.59535
vt 0.67387 0.59309
vt 0.64689 0.63265
vt 0.64872 0.62617
vt 0.64570 0.62380
vt 0.64906 0.62054
vt 0.64632 0.61647
vt 0.65140 0.61395
vt 0.64771 0.60958
vt 0.65012 0.60415
vt 0.64699 0.60523
vt 0.64820 0.60028
vt 0.65005 0.59820
vt 0.64895 0.59414
vt 0.65234 0.59725
vt 0.66497 0.60089
vt 0.65164 0.59153
vt 0.64957 0.58774
vt 0.65186 0.58292
vt 0.65000 0.58144
vt 0.66780 0.59745
vt 0.64373 0.63833
vt 0.64340 0.63529
vt 0.64403 0.62910
vt 0.64484 0.64492
vt 0.65265 0.60837
vt 0.65364 0.60287
vt 0.65510 0.59623
vt 0.67307 0.59100
vt 0.65158 0.57974
vt 0.67139 0.59236
vt 0.64171 0.63718
vt 0.64675 0.59739
vt 0.65897 0.58412
vt 0.65784 0.58976
vt 0.64548 0.61079
vt 0.64206 0.64241
vt 0.64205 0.64912
vt 0.66962 0.59446
vt 0.67606 0.59289
vt 0.67513 0.59093
vt 0.64755 0.64876
vt 0.66678 0.61046
vt 0.64289 0.65246
vt 0.64584 0.65632
vt 0.64267 0.65943
vt 0.64436 0.66342
vt 0.63936 0.66000
vt 0.63927 0.66578
vt 0.64172 0.66683
vt 0.63820 0.67297
vt 0.63699 0.67043
vt 0.63532 0.67672
vt 0.63497 0.68204
vt 0.63313 0.68016
vt 0.63651 0.66361
vt 0.63875 0.67776
vt 0.63883 0.65383
vt 0.64089 0.67329
vt 0.64774 0.65552
vt 0.65202 0.64668
vt 0.65409 0.64058
vt 0.66283 0.61625
vt 0.66041 0.62186
vt 0.67404 0.59931
vt 0.65775 0.63513
vt 0.67167 0.60394
vt 0.67704 0.59471
vt 0.65340 0.58402
vt 0.65505 0.58558
vt 0.65352 0.59157
vt 0.65424 0.58032
vt 0.65597 0.58138
vt 0.67820 0.58917
vt 0.63940 0.64535
vt 0.63948 0.64079
vt 0.66452 0.59521
vt 0.66352 0.59299
vt 0.64148 0.63163
vt 0.67636 0.58782
vt 0.63443 0.67240
vt 0.66606 0.59534
vt 0.65009 0.57744
vt 0.67942 0.58487
vt 0.66423 0.57803
vt 0.66379 0.58942
vt 0.64800 0.58476
vt 0.64718 0.59182
vt 0.64078 0.62451
vt 0.64471 0.60240
vt 0.63633 0.65414
vt 0.64233 0.61831
vt 0.63768 0.61872
vt 0.64847 0.58040
vt 0.63142 0.67693
vt 0.66549 0.58623
vt 0.63854 0.61091
vt 0.64252 0.61191
vt 0.64125 0.60600
vt 0.63688 0.60544
vt 0.63752 0.60063
vt 0.63934 0.60232
vt 0.63975 0.59833
vt 0.64169 0.60088
vt 0.64236 0.59717
vt 0.63812 0.59649
vt 0.64096 0.59549
vt 0.64286 0.59374
vt 0.63906 0.59220
vt 0.64071 0.59028
vt 0.63749 0.58713
vt 0.63840 0.58349
vt 0.64224 0.59064
vt 0.64103 0.58470
vt 0.63651 0.58224
vt 0.63713 0.59159
vt 0.63665 0.59676
vt 0.63999 0.63456
vt 0.63414 0.66330
vt 0.63553 0.61241
vt 0.63929 0.58011
vt 0.63636 0.62085
vt 0.63749 0.62830
vt 0.65219 0.57569
vt 0.63758 0.57930
vt 0.63217 0.67005
vt 0.65067 0.57292
vt 0.65299 0.56746
vt 0.65093 0.56799
vt 0.64298 0.58846
vt 0.66679 0.57804
vt 0.66793 0.57367
vt 0.66981 0.57193
vt 0.66958 0.56833
vt 0.65334 0.55903
vt 0.63605 0.57931
vt 0.67310 0.56620
vt 0.67360 0.56303
vt 0.65143 0.56083
vt 0.67552 0.56144
vt 0.67452 0.56008
vt 0.65201 0.55556
vt 0.65431 0.55413
vt 0.64008 0.57680
vt 0.63772 0.57188
vt 0.63942 0.57238
vt 0.63877 0.56744
vt 0.63642 0.56743
vt 0.63632 0.57403
vt 0.65293 0.55367
vt 0.22276 0.20299
vt 0.22176 0.19746
vt 0.22805 0.19927
vt 0.22939 0.20187
vt 0.23532 0.20079
vt 0.23439 0.19691
vt 0.24206 0.19659
vt 0.24267 0.20044
vt 0.24975 0.19706
vt 0.25098 0.19383
vt 0.22909 0.19535
vt 0.25816 0.19525
vt 0.23699 0.19478
vt 0.24370 0.19456
vt 0.25892 0.19265
vt 0.22315 0.19549
vt 0.26492 0.19289
vt 0.26755 0.19420
vt 0.27102 0.19188
vt 0.27174 0.19462
vt 0.27530 0.19212
vt 0.27667 0.18929
vt 0.26977 0.18940
vt 0.28398 0.18938
vt 0.28481 0.19160
vt 0.29044 0.18989
vt 0.29019 0.18750
vt 0.29575 0.18783
vt 0.29609 0.19107
vt 0.29902 0.18971
vt 0.30410 0.19190
vt 0.30802 0.18988
vt 0.31576 0.19203
vt 0.31675 0.18964
vt 0.32022 0.19117
vt 0.32065 0.19357
vt 0.29874 0.19317
vt 0.29224 0.19285
vt 0.31583 0.19393
vt 0.30779 0.19451
vt 0.27594 0.19466
vt 0.28672 0.19434
vt 0.28065 0.19428
vt 0.32265 0.19103
vt 0.32239 0.18868
vt 0.32024 0.18910
vt 0.32551 0.19163
vt 0.32523 0.18846
vt 0.32902 0.18850
vt 0.32988 0.19000
vt 0.33301 0.18880
vt 0.33256 0.19119
vt 0.33697 0.18935
vt 0.33717 0.18739
vt 0.32844 0.19217
vt 0.34186 0.18686
vt 0.34164 0.18467
vt 0.34511 0.18466
vt 0.34459 0.18272
vt 0.34582 0.18276
vt 0.77225 0.71563
vt 0.76956 0.71228
vt 0.77193 0.71034
vt 0.77444 0.71529
vt 0.77324 0.70873
vt 0.77016 0.71717
vt 0.76864 0.70467
vt 0.77120 0.70032
vt 0.76567 0.69816
vt 0.76813 0.69226
vt 0.76579 0.70881
vt 0.76291 0.70056
vt 0.76218 0.69444
vt 0.76504 0.68821
vt 0.76166 0.68643
vt 0.76175 0.67972
vt 0.76172 0.70602
vt 0.76483 0.71394
vt 0.76272 0.71591
vt 0.76823 0.71494
vt 0.76631 0.68151
vt 0.76383 0.67125
vt 0.76014 0.67056
vt 0.76278 0.72085
vt 0.76527 0.72014
vt 0.76742 0.72102
vt 0.76885 0.68380
vt 0.77191 0.69436
vt 0.77587 0.71384
vt 0.77479 0.70699
vt 0.76960 0.72155
vt 0.77658 0.71807
vt 0.77379 0.70086
vt 0.77453 0.71842
vt 0.76712 0.72654
vt 0.76814 0.73042
vt 0.76290 0.72527
vt 0.76474 0.72913
vt 0.76228 0.73150
vt 0.76511 0.73738
vt 0.76130 0.73780
vt 0.76271 0.74326
vt 0.76022 0.74217
vt 0.75897 0.74990
vt 0.76164 0.75118
vt 0.75980 0.75497
vt 0.75653 0.75639
vt 0.76546 0.74706
vt 0.76419 0.75510
vt 0.76898 0.75564
vt 0.76756 0.76055
vt 0.77213 0.76164
vt 0.77520 0.75854
vt 0.77582 0.76316
vt 0.77122 0.75210
vt 0.76784 0.74858
vt 0.76161 0.76084
vt 0.77833 0.76041
vt 0.76949 0.74661
vt 0.75760 0.74665
vt 0.78039 0.76416
vt 0.75560 0.75380
vt 0.77316 0.76560
vt 0.77130 0.76562
vt 0.76932 0.76428
vt 0.76895 0.76676
vt 0.78261 0.76190
vt 0.78249 0.76435
vt 0.78101 0.76681
vt 0.77804 0.76551
vt 0.78376 0.76562
vt 0.77070 0.76802
vt 0.76820 0.74251
vt 0.76599 0.74321
vt 0.76778 0.73794
vt 0.75474 0.75852
vt 0.75666 0.75965
vt 0.75412 0.76141
vt 0.75936 0.75951
vt 0.76650 0.76444
vt 0.77595 0.75489
vt 0.77367 0.74952
vt 0.77172 0.74613
vt 0.75806 0.74174
vt 0.77529 0.76614
vt 0.78497 0.76254
vt 0.77063 0.74257
vt 0.75671 0.76138
vt 0.75542 0.76274
vt 0.75327 0.76243
vt 0.76769 0.76611
vt 0.76662 0.76706
vt 0.76744 0.76980
vt 0.76292 0.76353
vt 0.76476 0.76610
vt 0.76220 0.76611
vt 0.76009 0.76546
vt 0.76021 0.76678
vt 0.77881 0.76783
vt 0.77232 0.71916
vt 0.76901 0.77151
vt 0.75958 0.76413
vt 0.77066 0.73948
vt 0.75994 0.73350
vt 0.78500 0.76532
vt 0.77994 0.75775
vt 0.75830 0.73665
vt 0.77290 0.76724
vt 0.76010 0.69693
vt 0.77011 0.72407
vt 0.76114 0.72421
vt 0.75873 0.68132
vt 0.75490 0.74910
vt 0.75301 0.75783
vt 0.75156 0.76131
vt 0.76366 0.76875
vt 0.77081 0.77267
vt 0.77231 0.76961
vt 0.75965 0.68871
vt 0.75989 0.72860
vt 0.76581 0.76878
vt 0.76601 0.77516
vt 0.76951 0.73406
vt 0.77163 0.72834
vt 0.77442 0.72523
vt 0.75794 0.76661
vt 0.78443 0.75777
vt 0.78296 0.75708
vt 0.78564 0.75455
vt 0.77763 0.75235
vt 0.76044 0.71907
vt 0.76105 0.71271
vt 0.76186 0.77170
vt 0.77038 0.77680
vt 0.77271 0.77432
vt 0.77200 0.77897
vt 0.76989 0.78035
vt 0.76824 0.77678
vt 0.77235 0.78430
vt 0.76737 0.77980
vt 0.77028 0.78654
vt 0.76855 0.78402
vt 0.77288 0.78879
vt 0.78005 0.77079
vt 0.78271 0.77212
vt 0.78370 0.76894
vt 0.78595 0.77343
vt 0.78482 0.77486
vt 0.78170 0.77420
vt 0.78307 0.77573
vt 0.75505 0.74229
vt 0.77498 0.74310
vt 0.77471 0.74587
vt 0.77815 0.74911
vt 0.76021 0.77080
vt 0.75905 0.77433
vt 0.76036 0.77719
vt 0.75908 0.77740
vt 0.75843 0.78112
vt 0.76042 0.78278
vt 0.76207 0.77568
vt 0.76236 0.78030
vt 0.78179 0.75309
vt 0.78453 0.75363
vt 0.78246 0.77738
vt 0.77538 0.72209
vt 0.75706 0.66813
vt 0.75715 0.67498
vt 0.75513 0.68304
vt 0.75831 0.76715
vt 0.75724 0.77399
vt 0.75678 0.77825
vt 0.75655 0.69220
vt 0.78599 0.75722
vt 0.76633 0.77661
vt 0.75864 0.77082
vt 0.76894 0.78994
vt 0.77415 0.76677
vt 0.76439 0.77263
vt 0.78746 0.77631
vt 0.78490 0.77668
vt 0.75935 0.72436
vt 0.75731 0.70072
vt 0.75849 0.70912
vt 0.77651 0.76730
vt 0.75226 0.75216
vt 0.75286 0.67658
vt 0.75254 0.67028
vt 0.77919 0.74610
vt 0.77969 0.74306
vt 0.78072 0.74889
vt 0.75096 0.75853
vt 0.74935 0.76219
vt 0.76543 0.77913
vt 0.77714 0.72834
vt 0.77547 0.73186
vt 0.77823 0.73430
vt 0.78003 0.73277
vt 0.78291 0.73799
vt 0.76499 0.77872
vt 0.77171 0.79212
vt 0.75674 0.78301
vt 0.75727 0.73214
vt 0.78395 0.74494
vt 0.78364 0.77764
vt 0.75190 0.74799
vt 0.78285 0.74726
vt 0.78742 0.74716
vt 0.75712 0.76368
vt 0.75493 0.73567
vt 0.78343 0.75156
vt 0.75824 0.78534
vt 0.75958 0.78471
vt 0.77497 0.78393
vt 0.78004 0.77434
vt 0.78690 0.74969
vt 0.77836 0.77062
vt 0.76018 0.78840
vt 0.76140 0.78621
vt 0.75756 0.76629
vt 0.77027 0.79307
vt 0.76863 0.79551
vt 0.75736 0.76719
vt 0.77158 0.79722
vt 0.77383 0.79399
vt 0.77366 0.79976
vt 0.77248 0.80164
vt 0.77476 0.80267
vt 0.77415 0.80517
vt 0.77269 0.80545
vt 0.76961 0.80173
vt 0.77034 0.80032
vt 0.75860 0.78931
vt 0.76011 0.79114
vt 0.75806 0.79274
vt 0.75858 0.79377
vt 0.76033 0.79356
vt 0.50646 0.61268
vt 0.50842 0.61124
vt 0.50856 0.61446
vt 0.50758 0.61803
vt 0.50910 0.61958
vt 0.50838 0.62547
vt 0.51081 0.62552
vt 0.51241 0.63179
vt 0.51049 0.63295
vt 0.51298 0.63633
vt 0.51374 0.62936
vt 0.51507 0.63456
vt 0.51538 0.63734
vt 0.51336 0.63793
vt 0.51207 0.63926
vt 0.50752 0.60730
vt 0.51002 0.63812
vt 0.50976 0.60892
vt 0.50900 0.60513
vt 0.50818 0.60231
vt 0.51024 0.60089
vt 0.50940 0.59967
vt 0.50598 0.61896
vt 0.50860 0.63427
vt 0.50653 0.62943
vt 0.50518 0.62486
vt 0.50597 0.60309
vt 0.50971 0.64067
vt 0.50546 0.60957
vt 0.50409 0.61526
vt 0.50830 0.59825
vt 0.50579 0.59885
vt 0.50893 0.59296
vt 0.50934 0.59596
vt 0.51007 0.59851
vt 0.50969 0.59362
vt 0.51147 0.59112
vt 0.51188 0.58833
vt 0.50918 0.59053
vt 0.50414 0.62078
vt 0.50543 0.63258
vt 0.51451 0.63851
vt 0.50601 0.63657
vt 0.50775 0.64020
vt 0.50356 0.60906
vt 0.50389 0.60322
vt 0.50304 0.62836
vt 0.51082 0.58732
vt 0.51408 0.58528
vt 0.51364 0.58710
vt 0.51538 0.58524
vt 0.50967 0.64207
vt 0.50197 0.62392
vt 0.50248 0.61632
vt 0.50740 0.59190
vt 0.51159 0.59454
vt 0.51132 0.59807
vt 0.51408 0.58851
vt 0.51339 0.62420
vt 0.51110 0.60365
vt 0.51175 0.61883
vt 0.51029 0.61436
vt 0.51140 0.61105
vt 0.51306 0.59208
vt 0.50252 0.60195
vt 0.50482 0.59695
vt 0.34629 0.24726
vt 0.34819 0.24617
vt 0.35259 0.24698
vt 0.34253 0.24507
vt 0.33793 0.24757
vt 0.34374 0.24853
vt 0.34951 0.24992
vt 0.35649 0.24914
vt 0.35831 0.24654
vt 0.35587 0.25217
vt 0.36578 0.25178
vt 0.36377 0.24924
vt 0.36942 0.24859
vt 0.37296 0.25029
vt 0.37485 0.24702
vt 0.38052 0.24743
vt 0.38033 0.24507
vt 0.30839 0.04856
vt 0.31700 0.04678
vt 0.31438 0.05055
vt 0.30907 0.05156
vt 0.30243 0.05130
vt 0.30157 0.04793
vt 0.31833 0.05411
vt 0.31852 0.04180
vt 0.31149 0.04495
vt 0.30487 0.04527
vt 0.29553 0.04956
vt 0.29617 0.05286
vt 0.29306 0.05127
vt 0.28889 0.04793
vt 0.28785 0.05029
vt 0.28941 0.05311
vt 0.28329 0.05357
vt 0.27872 0.05087
vt 0.27602 0.05452
vt 0.28302 0.04823
vt 0.27637 0.04847
vt 0.30981 0.05387
vt 0.30140 0.05454
vt 0.29503 0.04710
vt 0.27294 0.05297
vt 0.27382 0.05042
vt 0.27011 0.05569
vt 0.28832 0.05511
vt 0.27230 0.04807
vt 0.28099 0.05538
vt 0.30692 0.04306
vt 0.31624 0.04041
vt 0.29369 0.05550
vt 0.84555 0.49664
vt 0.84444 0.49166
vt 0.84624 0.49185
vt 0.84454 0.48549
vt 0.84752 0.49642
vt 0.84771 0.49906
vt 0.84637 0.48424
vt 0.84468 0.48040
vt 0.84575 0.49869
vt 0.84276 0.48470
vt 0.84227 0.47970
vt 0.84188 0.47501
vt 0.84411 0.47476
vt 0.84357 0.47176
vt 0.84629 0.47612
vt 0.84550 0.47135
vt 0.84799 0.48180
vt 0.84800 0.47422
vt 0.84809 0.49154
vt 0.84527 0.46724
vt 0.84786 0.46934
vt 0.84827 0.46381
vt 0.84799 0.45974
vt 0.85176 0.45924
vt 0.85097 0.46517
vt 0.85092 0.47104
vt 0.85347 0.46369
vt 0.85372 0.45903
vt 0.85467 0.45513
vt 0.85196 0.45629
vt 0.84942 0.49762
vt 0.85451 0.46502
vt 0.85002 0.50081
vt 0.84965 0.45360
vt 0.85346 0.44861
vt 0.85650 0.45115
vt 0.85844 0.44554
vt 0.84865 0.50079
vt 0.84955 0.50370
vt 0.85238 0.50655
vt 0.85249 0.50882
vt 0.85081 0.50883
vt 0.84681 0.50127
vt 0.85299 0.51082
vt 0.84812 0.50431
vt 0.84970 0.48081
vt 0.84963 0.48661
vt 0.85021 0.47541
vt 0.84985 0.49061
vt 0.85023 0.49518
vt 0.85266 0.47365
vt 0.85309 0.46645
vt 0.85190 0.49771
vt 0.85454 0.46547
vt 0.85399 0.46892
vt 0.85168 0.49406
vt 0.85229 0.47983
vt 0.85202 0.50187
vt 0.85361 0.50565
vt 0.85430 0.51004
vt 0.85532 0.50946
vt 0.85692 0.51267
vt 0.85396 0.47474
vt 0.85208 0.49082
vt 0.85137 0.48563
vt 0.85571 0.51302
vt 0.85322 0.49529
vt 0.85360 0.50076
vt 0.85334 0.50256
vt 0.85405 0.49885
vt 0.85767 0.51421
vt 0.85844 0.51382
vt 0.85585 0.47074
vt 0.85595 0.46607
vt 0.85573 0.46507
vt 0.85449 0.50201
vt 0.85554 0.49980
vt 0.85762 0.51186
vt 0.85328 0.48844
vt 0.85481 0.49305
vt 0.85494 0.49725
vt 0.85572 0.50684
vt 0.85453 0.50317
vt 0.85562 0.49851
vt 0.86924 0.55513
vt 0.87004 0.55107
vt 0.87143 0.55605
vt 0.87016 0.56078
vt 0.87265 0.56019
vt 0.87243 0.56508
vt 0.87014 0.56604
vt 0.87179 0.57116
vt 0.86821 0.55079
vt 0.86734 0.55446
vt 0.87291 0.57016
vt 0.87431 0.57356
vt 0.87530 0.57178
vt 0.87579 0.57432
vt 0.87333 0.56803
vt 0.86791 0.55867
vt 0.87063 0.54488
vt 0.86878 0.54510
vt 0.87217 0.54659
vt 0.87234 0.55235
vt 0.87222 0.54184
vt 0.86942 0.54140
vt 0.87162 0.53876
vt 0.87367 0.53939
vt 0.87390 0.54359
vt 0.86929 0.53752
vt 0.87386 0.54909
vt 0.87302 0.57490
vt 0.87444 0.57498
vt 0.86668 0.54463
vt 0.86678 0.54989
vt 0.87334 0.53761
vt 0.87146 0.53624
vt 0.87381 0.55477
vt 0.87530 0.53916
vt 0.87524 0.54284
vt 0.87058 0.53394
vt 0.86557 0.55323
vt 0.86475 0.55046
vt 0.19657 0.06604
vt 0.20027 0.06582
vt 0.19879 0.06442
vt 0.19385 0.06535
vt 0.20424 0.06369
vt 0.20746 0.06482
vt 0.21012 0.06195
vt 0.21219 0.06349
vt 0.20222 0.06180
vt 0.20871 0.06087
vt 0.19690 0.06279
vt 0.18939 0.06443
vt 0.18675 0.06597
vt 0.21163 0.06038
vt 0.21212 0.06194
vt 0.18354 0.06357
vt 0.18021 0.06429
vt 0.17780 0.06291
vt 0.18074 0.06115
vt 0.17805 0.06054
vt 0.17719 0.06226
vt 0.19129 0.06739
vt 0.21359 0.06355
vt 0.21105 0.06520
vt 0.17690 0.06464
vt 0.18082 0.06578
vt 0.20087 0.06758
vt 0.19708 0.06759
vt 0.20356 0.06851
vt 0.21431 0.06500
vt 0.18706 0.06831
vt 0.21618 0.06454
vt 0.17717 0.06038
vt 0.18060 0.06699
vt 0.20228 0.07064
vt 0.19485 0.06978
vt 0.20786 0.06904
vt 0.17626 0.06566
vt 0.21313 0.06808
vt 0.21806 0.06575
vt 0.44610 0.56292
vt 0.44426 0.56147
vt 0.43903 0.56233
vt 0.44959 0.56058
vt 0.43546 0.56065
vt 0.45202 0.56172
vt 0.45341 0.55973
vt 0.44353 0.56016
vt 0.45797 0.56096
vt 0.45925 0.55889
vt 0.46126 0.55992
vt 0.43405 0.56291
vt 0.42941 0.56128
vt 0.43029 0.55975
vt 0.42688 0.56003
vt 0.45043 0.56325
vt 0.45697 0.56259
vt 0.46174 0.55896
vt 0.43996 0.56453
vt 0.46116 0.56141
vt 0.42537 0.56181
vt 0.46254 0.56096
vt 0.42741 0.55887
vt 0.43662 0.56551
vt 0.43042 0.56420
vt 0.42465 0.56013
vt 0.42153 0.56144
vt 0.46118 0.55735
vt 0.42593 0.56444
vt 0.43712 0.55830
vt 0.42953 0.55720
vt 0.45954 0.55639
vt 0.45613 0.55791
vt 0.42759 0.55533
vt 0.44742 0.55925
vt 0.45001 0.55871
vt 0.44215 0.55784
vt 0.45250 0.55809
vt 0.43441 0.55577
vt 0.46080 0.55533
vt 0.43033 0.55446
vt 0.52247 0.73602
vt 0.52118 0.72917
vt 0.52403 0.73342
vt 0.52311 0.72641
vt 0.52087 0.72268
vt 0.52257 0.72184
vt 0.52108 0.72000
vt 0.52370 0.74092
vt 0.52137 0.74045
vt 0.52273 0.74389
vt 0.52104 0.74470
vt 0.52264 0.74536
vt 0.52023 0.73404
vt 0.51853 0.72356
vt 0.51900 0.72009
vt 0.51872 0.72994
vt 0.52129 0.74611
vt 0.52403 0.74547
vt 0.52410 0.72267
vt 0.52373 0.74625
vt 0.52384 0.71863
vt 0.52547 0.72745
vt 0.52531 0.74160
vt 0.52563 0.71991
vt 0.52563 0.73524
vt 0.52558 0.74589
vt 0.31378 0.07378
vt 0.31319 0.07092
vt 0.31033 0.07267
vt 0.31017 0.07463
vt 0.30719 0.07431
vt 0.30627 0.07245
vt 0.31003 0.07047
vt 0.30490 0.07526
vt 0.30261 0.07419
vt 0.30333 0.07130
vt 0.31637 0.07225
vt 0.31605 0.07016
vt 0.30363 0.07695
vt 0.30749 0.07616
vt 0.31653 0.07485
vt 0.32047 0.07127
vt 0.31935 0.07341
vt 0.32219 0.07225
vt 0.32351 0.07093
vt 0.32299 0.07372
vt 0.30679 0.06970
vt 0.31220 0.06909
vt 0.32090 0.06917
vt 0.32374 0.06906
vt 0.30244 0.06906
vt 0.32025 0.07513
vt 0.31382 0.07547
vt 0.52268 0.57720
vt 0.52737 0.58313
vt 0.52485 0.58219
vt 0.52175 0.57839
vt 0.51767 0.57617
vt 0.51788 0.57359
vt 0.51368 0.57332
vt 0.51168 0.57021
vt 0.52205 0.58203
vt 0.50918 0.57047
vt 0.52717 0.58645
vt 0.52438 0.58518
vt 0.51714 0.57798
vt 0.53321 0.59087
vt 0.53238 0.59480
vt 0.53697 0.59898
vt 0.53785 0.59709
vt 0.52096 0.58383
vt 0.53499 0.60153
vt 0.52884 0.59344
vt 0.51208 0.57403
vt 0.53178 0.60065
vt 0.52400 0.58899
vt 0.50808 0.57094
vt 0.52008 0.58539
vt 0.53361 0.60568
vt 0.53739 0.60667
vt 0.53892 0.60549
vt 0.53798 0.61404
vt 0.51795 0.58270
vt 0.51492 0.57784
vt 0.52857 0.59927
vt 0.52470 0.59312
vt 0.52087 0.58908
vt 0.54085 0.61331
vt 0.53934 0.62256
vt 0.53613 0.62236
vt 0.53787 0.63222
vt 0.53611 0.61330
vt 0.53491 0.63538
vt 0.53786 0.64064
vt 0.54050 0.63961
vt 0.53912 0.65145
vt 0.53611 0.64679
vt 0.54349 0.65106
vt 0.54254 0.65907
vt 0.53849 0.66107
vt 0.54146 0.66901
vt 0.54548 0.67364
vt 0.54219 0.67375
vt 0.54167 0.67898
vt 0.53796 0.67521
vt 0.53781 0.68254
vt 0.53704 0.66776
vt 0.53460 0.65395
vt 0.52973 0.60549
vt 0.53268 0.60931
vt 0.54659 0.68342
vt 0.54215 0.62715
vt 0.54033 0.68614
vt 0.53665 0.69096
vt 0.54567 0.66083
vt 0.54327 0.64089
vt 0.51790 0.58675
vt 0.54385 0.68597
vt 0.53326 0.65986
vt 0.54625 0.65468
vt 0.50957 0.57337
vt 0.53181 0.64462
vt 0.53352 0.62913
vt 0.53427 0.61919
vt 0.54209 0.69460
vt 0.53845 0.69624
vt 0.53906 0.70262
vt 0.54273 0.70153
vt 0.53582 0.70129
vt 0.54096 0.70810
vt 0.53834 0.71463
vt 0.53607 0.71216
vt 0.53458 0.72342
vt 0.53705 0.72269
vt 0.53556 0.73231
vt 0.53299 0.73350
vt 0.54146 0.71599
vt 0.53328 0.74198
vt 0.53751 0.74070
vt 0.53826 0.72903
vt 0.54853 0.67916
vt 0.54403 0.71013
vt 0.54604 0.64448
vt 0.54975 0.68997
vt 0.54762 0.69665
vt 0.54743 0.70428
vt 0.54480 0.62142
vt 0.55414 0.68411
vt 0.54445 0.63052
vt 0.54899 0.67128
vt 0.55177 0.67913
vt 0.54092 0.73476
vt 0.54372 0.72193
vt 0.54666 0.63409
vt 0.55214 0.70276
vt 0.54835 0.71390
vt 0.54856 0.65652
vt 0.55062 0.66708
vt 0.54542 0.73144
vt 0.54843 0.73617
vt 0.55423 0.69034
vt 0.55481 0.67554
vt 0.55071 0.72413
vt 0.55163 0.71517
vt 0.55168 0.73279
vt 0.54374 0.61382
vt 0.54338 0.60730
vt 0.54686 0.62693
vt 0.54044 0.60065
vt 0.53136 0.74007
vt 0.53232 0.72966
vt 0.53022 0.73638
vt 0.53235 0.72191
vt 0.53509 0.67815
vt 0.53492 0.67099
vt 0.53196 0.66588
vt 0.53408 0.68617
vt 0.53403 0.71131
vt 0.50699 0.56946
vt 0.20364 0.97889
vt 0.20874 0.98157
vt 0.20627 0.97889
vt 0.21080 0.98058
vt 0.21405 0.98341
vt 0.21491 0.98093
vt 0.21868 0.98294
vt 0.21715 0.98498
vt 0.22459 0.98519
vt 0.22253 0.98218
vt 0.22691 0.98327
vt 0.21590 0.97935
vt 0.21037 0.97908
vt 0.23060 0.98698
vt 0.23362 0.98471
vt 0.23694 0.98616
vt 0.23767 0.98396
vt 0.23978 0.98568
vt 0.23389 0.98257
vt 0.22650 0.98151
vt 0.24008 0.98278
vt 0.24335 0.98460
vt 0.23870 0.98061
vt 0.22038 0.97915
vt 0.24471 0.98231
vt 0.23427 0.98050
vt 0.24127 0.97953
vt 0.20916 0.97755
vt 0.21522 0.97773
vt 0.23761 0.97834
vt 0.23976 0.97671
vt 0.22824 0.97918
vt 0.24515 0.97970
vt 0.20150 0.97597
vt 0.24226 0.97709
vt 0.24685 0.97678
vt 0.25269 0.97864
vt 0.25353 0.97626
vt 0.25986 0.97597
vt 0.25860 0.97907
vt 0.25108 0.98142
vt 0.23712 0.97593
vt 0.12104 0.99239
vt 0.12012 0.99035
vt 0.11544 0.99190
vt 0.11132 0.99011
vt 0.12284 0.98691
vt 0.10575 0.99242
vt 0.09996 0.99120
vt 0.11945 0.98566
vt 0.11133 0.98544
vt 0.10544 0.98777
vt 0.09822 0.98613
vt 0.08858 0.99189
vt 0.09280 0.98886
vt 0.08481 0.99031
vt 0.07747 0.99220
vt 0.07689 0.99010
vt 0.07181 0.99120
vt 0.07163 0.98820
vt 0.06694 0.98877
vt 0.06783 0.98617
vt 0.06124 0.98452
vt 0.07241 0.99392
vt 0.07761 0.98797
vt 0.06635 0.99420
vt 0.06372 0.99095
vt 0.05988 0.99388
vt 0.05752 0.99150
vt 0.05980 0.98764
vt 0.05412 0.99496
vt 0.06058 0.99566
vt 0.05132 0.99036
vt 0.05380 0.98733
vt 0.04706 0.98561
vt 0.04993 0.98130
vt 0.04524 0.98173
vt 0.04223 0.98459
vt 0.04629 0.97773
vt 0.04143 0.98735
vt 0.04693 0.99071
vt 0.06346 0.98323
vt 0.05601 0.98114
vt 0.05159 0.97820
vt 0.08475 0.98759
vt 0.03882 0.98553
vt 0.05913 0.97967
vt 0.05173 0.97564
vt 0.09227 0.98568
vt 0.04785 0.97388
vt 0.04733 0.99388
vt 0.04277 0.99073
vt 0.04044 0.99324
vt 0.03396 0.99363
vt 0.03827 0.99157
vt 0.03571 0.98952
vt 0.03238 0.99201
vt 0.02874 0.99284
vt 0.02861 0.99094
vt 0.02447 0.99122
vt 0.02513 0.98877
vt 0.01820 0.98743
vt 0.01925 0.99044
vt 0.10414 0.98494
vt 0.06988 0.98564
vt 0.01554 0.98814
vt 0.04606 0.97537
vt 0.03396 0.98799
vt 0.01272 0.98496
vt 0.04512 0.97226
vt 0.04545 0.97056
vt 0.04387 0.97000
vt 0.04828 0.97207
vt 0.03035 0.98945
vt 0.04337 0.97965
vt 0.04339 0.97579
vt 0.06607 0.98256
vt 0.04474 0.96928
vt 0.01118 0.98606
vt 0.04093 0.98140
vt 0.01063 0.98418
vt 0.04404 0.97330
vt 0.01140 0.98218
vt 0.01398 0.98320
vt 0.02139 0.98678
vt 0.12001 0.98375
vt 0.11551 0.98394
vt 0.04141 0.96957
vt 0.04232 0.96902
vt 0.03954 0.96706
vt 0.03851 0.96886
vt 0.03695 0.96671
vt 0.03671 0.96500
vt 0.03497 0.96557
vt 0.03443 0.96395
vt 0.04135 0.96706
vt 0.03817 0.98355
vt 0.10120 0.98332
vt 0.08587 0.98453
vt 0.03557 0.96327
vt 0.10915 0.98287
vt 0.03321 0.96501
vt 0.03151 0.98798
vt 0.03477 0.98589
vt 0.02662 0.98753
vt 0.11945 0.98185
vt 0.11604 0.98097
vt 0.04200 0.97876
vt 0.04256 0.97669
vt 0.03359 0.96375
vt 0.03000 0.98725
vt 0.04067 0.97950
vt 0.01002 0.98664
vt 0.00907 0.98600
vt 0.04152 0.97685
vt 0.03659 0.98351
vt 0.06849 0.97954
vt 0.07118 0.98231
vt 0.07353 0.98514
vt 0.07532 0.98297
vt 0.08074 0.98603
vt 0.08042 0.98344
vt 0.07199 0.97849
vt 0.07673 0.98124
vt 0.08101 0.98139
vt 0.06755 0.97559
vt 0.06412 0.98010
vt 0.06304 0.97662
vt 0.05975 0.97741
vt 0.05716 0.97401
vt 0.05240 0.97378
vt 0.05246 0.97176
vt 0.06278 0.97329
vt 0.04879 0.97046
vt 0.04468 0.96812
vt 0.04178 0.96532
vt 0.03809 0.96443
vt 0.03796 0.96308
vt 0.03613 0.96179
vt 0.03458 0.96276
vt 0.08589 0.98129
vt 0.03512 0.96172
vt 0.09128 0.98319
vt 0.09375 0.98096
vt 0.10254 0.98031
vt 0.10886 0.97988
vt 0.20439 0.02305
vt 0.19963 0.02518
vt 0.20243 0.02525
vt 0.19740 0.02750
vt 0.19352 0.02675
vt 0.19433 0.02912
vt 0.19118 0.02963
vt 0.19018 0.02775
vt 0.18634 0.03056
vt 0.19200 0.03087
vt 0.18411 0.02907
vt 0.17787 0.03061
vt 0.17689 0.02839
vt 0.19055 0.02648
vt 0.17090 0.02876
vt 0.18168 0.02654
vt 0.17300 0.02559
vt 0.18671 0.02685
vt 0.16938 0.02567
vt 0.19771 0.02426
vt 0.19231 0.02512
vt 0.20275 0.02227
vt 0.20754 0.02007
vt 0.18943 0.02532
vt 0.16695 0.02689
vt 0.20594 0.01973
vt 0.20781 0.01831
vt 0.20860 0.01860
vt 0.18674 0.02423
vt 0.16924 0.02332
vt 0.16517 0.02902
vt 0.16448 0.02692
vt 0.16947 0.03131
vt 0.16527 0.03197
vt 0.20526 0.02416
vt 0.20828 0.02209
vt 0.19215 0.02145
vt 0.19003 0.02204
vt 0.19099 0.02385
vt 0.19410 0.02275
vt 0.19451 0.02032
vt 0.19378 0.01947
vt 0.19585 0.01753
vt 0.19816 0.02278
vt 0.19723 0.01751
vt 0.20289 0.02079
vt 0.18640 0.02223
vt 0.18218 0.02404
vt 0.17655 0.02433
vt 0.16946 0.02275
vt 0.16989 0.02104
vt 0.16587 0.01902
vt 0.19750 0.01539
vt 0.18223 0.02245
vt 0.17852 0.02285
vt 0.17468 0.02074
vt 0.16583 0.02076
vt 0.16049 0.01539
vt 0.19569 0.02050
vt 0.16548 0.01691
vt 0.19120 0.02053
vt 0.19611 0.02116
vt 0.17843 0.02033
vt 0.18817 0.02021
vt 0.19602 0.01597
vt 0.18482 0.02077
vt 0.19826 0.01577
vt 0.68188 0.00621
vt 0.67628 0.00644
vt 0.67818 0.00812
vt 0.68351 0.00740
vt 0.67365 0.00786
vt 0.68590 0.00593
vt 0.68651 0.00753
vt 0.67373 0.00550
vt 0.68494 0.00460
vt 0.68014 0.00490
vt 0.67116 0.00556
vt 0.67062 0.00723
vt 0.67009 0.00428
vt 0.66761 0.00581
vt 0.66901 0.00836
vt 0.68446 0.00901
vt 0.68140 0.00947
vt 0.67466 0.00987
vt 0.66718 0.00450
vt 0.66743 0.00276
vt 0.67597 0.00420
vt 0.68322 0.00306
vt 0.66522 0.00306
vt 0.57605 0.18704
vt 0.57389 0.18755
vt 0.57562 0.18853
vt 0.57971 0.18747
vt 0.58097 0.18608
vt 0.58398 0.18673
vt 0.57706 0.18469
vt 0.57425 0.18628
vt 0.58145 0.18435
vt 0.57296 0.18554
vt 0.57232 0.18837
vt 0.58539 0.18466
vt 0.58420 0.18351
vt 0.57426 0.18374
vt 0.57174 0.18663
vt 0.58757 0.18473
vt 0.58848 0.18329
vt 0.58705 0.18254
vt 0.58967 0.18397
vt 0.59106 0.18221
vt 0.58966 0.18138
vt 0.59388 0.18085
vt 0.58758 0.18141
vt 0.59156 0.18323
vt 0.58372 0.18798
vt 0.58750 0.18579
vt 0.57910 0.18910
vt 0.57607 0.19016
vt 0.57269 0.18962
vt 0.59017 0.18512
vt 0.56880 0.18753
vt 0.59453 0.18200
vt 0.59661 0.17913
vt 0.56797 0.18576
vt 0.56466 0.18459
vt 0.56522 0.18310
vt 0.59246 0.18479
vt 0.56766 0.18420
vt 0.56320 0.17153
vt 0.56056 0.17305
vt 0.56127 0.17397
vt 0.55939 0.17525
vt 0.56413 0.17219
vt 0.56614 0.16938
vt 0.56070 0.17581
vt 0.56626 0.17102
vt 0.56804 0.16895
vt 0.56253 0.17486
vt 0.55872 0.17737
vt 0.56160 0.17621
vt 0.56805 0.17060
vt 0.55678 0.17723
vt 0.55741 0.17900
vt 0.55457 0.18007
vt 0.55574 0.18116
vt 0.55126 0.18110
vt 0.55006 0.18287
vt 0.55271 0.18448
vt 0.54898 0.18591
vt 0.54528 0.18623
vt 0.54421 0.18918
vt 0.54039 0.18839
vt 0.53845 0.19062
vt 0.54128 0.19210
vt 0.53577 0.19339
vt 0.53790 0.19427
vt 0.53310 0.19149
vt 0.53390 0.19668
vt 0.54582 0.18999
vt 0.54945 0.18814
vt 0.54170 0.19347
vt 0.55557 0.18387
vt 0.53007 0.19570
vt 0.53018 0.19324
vt 0.55795 0.18107
vt 0.55961 0.17914
vt 0.52839 0.19830
vt 0.52245 0.19802
vt 0.52544 0.19465
vt 0.56506 0.17366
vt 0.51837 0.19470
vt 0.51274 0.19918
vt 0.51301 0.19574
vt 0.50409 0.19672
vt 0.50411 0.20145
vt 0.55287 0.18751
vt 0.53746 0.19678
vt 0.51830 0.20141
vt 0.52818 0.20003
vt 0.50949 0.20268
vt 0.49819 0.19963
vt 0.54791 0.19095
vt 0.49736 0.19662
vt 0.49846 0.20334
vt 0.48993 0.19900
vt 0.49016 0.19626
vt 0.49032 0.20223
vt 0.50529 0.19510
vt 0.54036 0.19847
vt 0.55933 0.18483
vt 0.53444 0.20018
vt 0.54517 0.19471
vt 0.55215 0.19137
vt 0.56158 0.17807
vt 0.55610 0.18828
vt 0.56031 0.18889
vt 0.56332 0.18783
vt 0.56362 0.19150
vt 0.55874 0.19356
vt 0.55566 0.19285
vt 0.55553 0.19571
vt 0.55216 0.19513
vt 0.55237 0.19891
vt 0.55772 0.19825
vt 0.54820 0.19743
vt 0.56086 0.19558
vt 0.56362 0.19669
vt 0.56643 0.19309
vt 0.57037 0.19479
vt 0.57249 0.19189
vt 0.56688 0.18848
vt 0.57477 0.19455
vt 0.57780 0.19170
vt 0.57915 0.19321
vt 0.58150 0.19092
vt 0.54514 0.20037
vt 0.49330 0.20440
vt 0.55981 0.18146
vt 0.58289 0.19193
vt 0.58587 0.18939
vt 0.58507 0.18843
vt 0.56216 0.18374
vt 0.56187 0.18102
vt 0.58864 0.18761
vt 0.56877 0.17148
vt 0.56967 0.16899
vt 0.56994 0.17012
vt 0.56408 0.17616
vt 0.56744 0.17362
vt 0.58045 0.19427
vt 0.59115 0.18675
vt 0.58748 0.18986
vt 0.59032 0.18841
vt 0.58366 0.19288
vt 0.56371 0.17895
vt 0.56414 0.18160
vt 0.56960 0.17239
vt 0.57104 0.17075
vt 0.49672 0.19457
vt 0.57162 0.16927
vt 0.57116 0.16814
vt 0.56931 0.16767
vt 0.57527 0.16701
vt 0.57475 0.16620
vt 0.57732 0.16535
vt 0.57071 0.16733
vt 0.14057 0.00398
vt 0.13954 0.00705
vt 0.14307 0.00552
vt 0.14453 0.00321
vt 0.13733 0.00461
vt 0.14643 0.00496
vt 0.14765 0.00327
vt 0.13601 0.00647
vt 0.14902 0.00561
vt 0.15067 0.00358
vt 0.14492 0.00676
vt 0.15309 0.00445
vt 0.13651 0.00858
vt 0.13494 0.00491
vt 0.14318 0.00218
vt 0.13072 0.00532
vt 0.12991 0.00830
vt 0.13138 0.00235
vt 0.14243 0.00864
vt 0.14615 0.00846
vt 0.15418 0.00210
vt 0.15050 0.00680
vt 0.13933 0.01024
vt 0.13216 0.01013
vt 0.12606 0.00551
vt 0.12251 0.00777
vt 0.12079 0.00498
vt 0.11698 0.00956
vt 0.11314 0.00602
vt 0.11135 0.00930
vt 0.12351 0.01038
vt 0.10788 0.00722
vt 0.10990 0.00210
vt 0.10464 0.00526
vt 0.11627 0.00197
vt 0.12723 0.01181
vt 0.11038 0.01235
vt 0.10662 0.01189
vt 0.10134 0.01106
vt 0.11645 0.01302
vt 0.18888 0.92162
vt 0.19149 0.92073
vt 0.19039 0.92291
vt 0.19044 0.91935
vt 0.19234 0.91910
vt 0.19205 0.92350
vt 0.19361 0.92249
vt 0.19335 0.92037
vt 0.18900 0.91980
vt 0.18935 0.92325
vt 0.19083 0.92406
vt 0.19234 0.92463
vt 0.03688 0.50420
vt 0.03741 0.49844
vt 0.03888 0.50001
vt 0.03926 0.49405
vt 0.03849 0.50449
vt 0.04092 0.49329
vt 0.04217 0.48898
vt 0.04345 0.48935
vt 0.04417 0.48726
vt 0.04025 0.50409
vt 0.04103 0.50233
vt 0.04013 0.49907
vt 0.04194 0.49402
vt 0.03986 0.50831
vt 0.03738 0.50966
vt 0.03776 0.51457
vt 0.04110 0.51471
vt 0.04030 0.51837
vt 0.04305 0.51914
vt 0.04181 0.52130
vt 0.04118 0.50940
vt 0.04159 0.50453
vt 0.04052 0.52231
vt 0.04174 0.49897
vt 0.04227 0.52501
vt 0.04170 0.52678
vt 0.04362 0.52283
vt 0.04526 0.48809
vt 0.04485 0.52105
vt 0.04271 0.50222
vt 0.03843 0.51846
vt 0.04529 0.52452
vt 0.04335 0.52641
vt 0.04196 0.52633
vt 0.04665 0.52590
vt 0.04538 0.48658
vt 0.03848 0.52294
vt 0.04091 0.52920
vt 0.03634 0.51800
vt 0.03431 0.50339
vt 0.04275 0.50910
vt 0.04319 0.51281
vt 0.04357 0.50456
vt 0.04516 0.51341
vt 0.04474 0.50697
vt 0.04493 0.51131
vt 0.04476 0.50094
vt 0.04552 0.50372
vt 0.04348 0.49937
vt 0.04294 0.49794
vt 0.04287 0.49502
vt 0.04354 0.49184
vt 0.04671 0.49775
vt 0.04729 0.49909
vt 0.04395 0.51584
vt 0.04850 0.49641
vt 0.04513 0.51883
vt 0.04723 0.52160
vt 0.04850 0.52461
vt 0.04803 0.49548
vt 0.04694 0.51715
vt 0.04437 0.49865
vt 0.46340 0.63604
vt 0.46595 0.63537
vt 0.46224 0.63414
vt 0.46850 0.63792
vt 0.45860 0.63339
vt 0.46953 0.63668
vt 0.47222 0.63847
vt 0.47424 0.63662
vt 0.47563 0.63849
vt 0.47650 0.63640
vt 0.47738 0.63771
vt 0.47763 0.63544
vt 0.48208 0.63696
vt 0.47936 0.63886
vt 0.48423 0.63858
vt 0.48731 0.63624
vt 0.49010 0.63738
vt 0.49289 0.63464
vt 0.49483 0.63599
vt 0.49709 0.63339
vt 0.49880 0.63462
vt 0.47229 0.63461
vt 0.46863 0.63510
vt 0.48103 0.64044
vt 0.47745 0.63982
vt 0.48656 0.63976
vt 0.47774 0.64166
vt 0.48287 0.64207
vt 0.49047 0.64075
vt 0.49393 0.63865
vt 0.47490 0.64041
vt 0.47171 0.64095
vt 0.47031 0.63945
vt 0.46404 0.63741
vt 0.45960 0.63487
vt 0.46396 0.63891
vt 0.49735 0.63699
vt 0.49961 0.63898
vt 0.46046 0.63677
vt 0.49646 0.64115
vt 0.49900 0.63682
vt 0.80593 0.87732
vt 0.80379 0.87467
vt 0.80615 0.87387
vt 0.80443 0.87830
vt 0.80570 0.87961
vt 0.80711 0.87925
vt 0.80185 0.87602
vt 0.80174 0.87232
vt 0.80562 0.87095
vt 0.79974 0.87507
vt 0.80060 0.87998
vt 0.80286 0.88019
vt 0.80131 0.88418
vt 0.79886 0.88455
vt 0.80023 0.88799
vt 0.79850 0.88960
vt 0.80071 0.89170
vt 0.80256 0.88530
vt 0.80210 0.89024
vt 0.79957 0.89374
vt 0.80449 0.88098
vt 0.80466 0.88266
vt 0.80288 0.89882
vt 0.80090 0.89886
vt 0.80286 0.90358
vt 0.80427 0.90427
vt 0.80282 0.90547
vt 0.80570 0.88077
vt 0.80470 0.90518
vt 0.80672 0.87991
vt 0.80136 0.90529
vt 0.80030 0.90177
vt 0.80451 0.89399
vt 0.80399 0.88764
vt 0.80523 0.89025
vt 0.80340 0.89533
vt 0.80569 0.89794
vt 0.80513 0.88613
vt 0.80528 0.90146
vt 0.80711 0.90247
vt 0.80612 0.90477
vt 0.80797 0.90428
vt 0.80647 0.90568
vt 0.09734 0.57408
vt 0.09678 0.57939
vt 0.09541 0.57617
vt 0.09473 0.58006
vt 0.09541 0.58318
vt 0.09732 0.58366
vt 0.09647 0.57198
vt 0.09740 0.57063
vt 0.09639 0.56971
vt 0.09732 0.56946
vt 0.09509 0.57220
vt 0.09345 0.57818
vt 0.71491 0.82982
vt 0.71792 0.82858
vt 0.71581 0.82811
vt 0.71679 0.83149
vt 0.71634 0.82626
vt 0.71922 0.83011
vt 0.71776 0.82597
vt 0.72010 0.82753
vt 0.72043 0.82936
vt 0.71501 0.82753
vt 0.71924 0.83120
vt 0.98163 0.31386
vt 0.97939 0.31263
vt 0.97913 0.31406
vt 0.97674 0.31242
vt 0.98297 0.31290
vt 0.98459 0.31339
vt 0.98487 0.31282
vt 0.97680 0.31453
vt 0.98541 0.31274
vt 0.96715 0.31654
vt 0.96448 0.31395
vt 0.96280 0.31561
vt 0.96109 0.31207
vt 0.96842 0.31500
vt 0.97046 0.31617
vt 0.97016 0.31398
vt 0.97246 0.31549
vt 0.97326 0.31651
vt 0.97218 0.31319
vt 0.96610 0.31255
vt 0.95755 0.31318
vt 0.96058 0.31577
vt 0.95621 0.31582
vt 0.95273 0.31440
vt 0.95159 0.31689
vt 0.95315 0.31238
vt 0.94887 0.31337
vt 0.94826 0.31611
vt 0.95705 0.31036
vt 0.96208 0.31016
vt 0.96837 0.31166
vt 0.95090 0.31090
vt 0.94756 0.31115
vt 0.95557 0.30909
vt 0.97233 0.31104
vt 0.97402 0.31221
vt 0.95193 0.30866
vt 0.96028 0.30821
vt 0.96571 0.30904
vt 0.96981 0.30988
vt 0.94789 0.30821
vt 0.97497 0.31022
vt 0.97503 0.31173
vt 0.97871 0.31097
vt 0.97532 0.31293
vt 0.98304 0.31207
vt 0.97563 0.31402
vt 0.98466 0.31204
vt 0.29541 0.91334
vt 0.29802 0.91640
vt 0.29862 0.91494
vt 0.30126 0.91757
vt 0.30375 0.91730
vt 0.30641 0.92020
vt 0.30812 0.91821
vt 0.30990 0.92054
vt 0.29453 0.91128
vt 0.31076 0.91914
vt 0.31270 0.92093
vt 0.30639 0.91668
vt 0.30155 0.91453
vt 0.30951 0.91671
vt 0.31588 0.91904
vt 0.31649 0.92147
vt 0.31961 0.91954
vt 0.32110 0.92125
vt 0.31228 0.91702
vt 0.32307 0.91909
vt 0.32601 0.92049
vt 0.32604 0.91772
vt 0.32817 0.91950
vt 0.33059 0.91653
vt 0.33096 0.91840
vt 0.33292 0.91588
vt 0.33478 0.91782
vt 0.32026 0.91660
vt 0.31610 0.91579
vt 0.32408 0.91499
vt 0.32815 0.91560
vt 0.33122 0.91382
vt 0.31348 0.91489
vt 0.30974 0.91539
vt 0.30570 0.91526
vt 0.31063 0.91421
vt 0.32117 0.91349
vt 0.32826 0.91312
vt 0.33042 0.91192
vt 0.30201 0.91334
vt 0.29518 0.91066
vt 0.29219 0.90944
vt 0.29260 0.90884
vt 0.30767 0.91423
vt 0.30436 0.91278
vt 0.32551 0.91182
vt 0.32819 0.91087
vt 0.31664 0.91401
vt 0.30835 0.91282
vt 0.31165 0.91282
vt 0.29872 0.91127
vt 0.31578 0.91284
vt 0.29506 0.90957
vt 0.32406 0.91052
vt 0.30943 0.91144
vt 0.32774 0.90944
vt 0.00177 0.43809
vt 0.00373 0.43850
vt 0.00274 0.44052
vt 0.00039 0.44021
vt 0.00118 0.44278
vt 0.00264 0.43626
vt 0.00575 0.43607
vt 0.00698 0.43210
vt 0.00925 0.43169
vt 0.00968 0.42899
vt 0.01228 0.42714
vt 0.01178 0.42658
vt 0.00600 0.43156
vt 0.01340 0.42581
vt 0.01380 0.42648
vt 0.01223 0.42852
vt 0.00930 0.43344
vt 0.00855 0.42880
vt 0.00491 0.47480
vt 0.00776 0.47053
vt 0.00770 0.47783
vt 0.00381 0.46806
vt 0.00557 0.46528
vt 0.00721 0.48305
vt 0.01090 0.48746
vt 0.00462 0.48419
vt 0.00215 0.46400
vt 0.00292 0.47062
vt 0.00801 0.48862
vt 0.00361 0.48759
vt 0.00321 0.47786
vt 0.00256 0.45925
vt 0.01155 0.48195
vt 0.00613 0.46176
vt 0.01060 0.49175
vt 0.00593 0.49356
vt 0.00325 0.45673
vt 0.00086 0.45517
vt 0.00189 0.45194
vt 0.00355 0.45308
vt 0.00848 0.46532
vt 0.01066 0.47200
vt 0.00309 0.44788
vt 0.00162 0.44776
vt 0.00330 0.44373
vt 0.00460 0.44041
vt 0.00548 0.45731
vt 0.01295 0.47612
vt 0.00501 0.44703
vt 0.00564 0.45207
vt 0.00833 0.45985
vt 0.00864 0.49369
vt 0.01287 0.48794
vt 0.01266 0.49167
vt 0.00640 0.44349
vt 0.01380 0.48143
vt 0.00624 0.44000
vt 0.01198 0.47011
vt 0.01112 0.46270
vt 0.00643 0.44779
vt 0.00774 0.43641
vt 0.00830 0.45470
vt 0.00774 0.44097
vt 0.00788 0.44467
vt 0.74412 0.06568
vt 0.74584 0.06642
vt 0.74301 0.06670
vt 0.74657 0.06433
vt 0.74122 0.06545
vt 0.74294 0.06882
vt 0.74495 0.07187
vt 0.74892 0.06811
vt 0.74049 0.06980
vt 0.74051 0.06617
vt 0.74148 0.07692
vt 0.74902 0.06433
vt 0.75122 0.06280
vt 0.74770 0.07336
vt 0.74449 0.07532
vt 0.75100 0.06091
vt 0.75240 0.06105
vt 0.75163 0.06579
vt 0.74420 0.07964
vt 0.73742 0.07226
vt 0.73603 0.06691
vt 0.73870 0.07758
vt 0.74026 0.08205
vt 0.73516 0.06386
vt 0.75093 0.07090
vt 0.73296 0.06736
vt 0.73541 0.07486
vt 0.73226 0.06245
vt 0.75124 0.05757
vt 0.75284 0.05743
vt 0.75124 0.05458
vt 0.75257 0.05443
vt 0.75224 0.05263
vt 0.75378 0.05342
vt 0.75412 0.05237
vt 0.75029 0.05276
vt 0.75077 0.05186
vt 0.74886 0.06176
vt 0.74993 0.05741
vt 0.74944 0.07386
vt 0.74829 0.08055
vt 0.74448 0.08508
vt 0.74773 0.08772
vt 0.74407 0.08966
vt 0.75022 0.08446
vt 0.73923 0.08579
vt 0.74209 0.09267
vt 0.74622 0.09351
vt 0.75172 0.07825
vt 0.75084 0.09107
vt 0.74470 0.09837
vt 0.74817 0.09748
vt 0.75031 0.10275
vt 0.75364 0.10125
vt 0.75405 0.10503
vt 0.74843 0.10272
vt 0.75181 0.10638
vt 0.75558 0.10791
vt 0.75295 0.08826
vt 0.75351 0.07183
vt 0.75411 0.06332
vt 0.75401 0.09568
vt 0.75618 0.10360
vt 0.75514 0.06617
vt 0.75320 0.10931
vt 0.75673 0.06082
vt 0.75749 0.10658
vt 0.75558 0.05857
vt 0.75360 0.06050
vt 0.75429 0.05666
vt 0.75569 0.05540
vt 0.75499 0.05336
vt 0.75561 0.05237
vt 0.75709 0.05291
vt 0.75749 0.05556
vt 0.75727 0.05170
vt 0.29140 0.42776
vt 0.29266 0.43060
vt 0.29392 0.42962
vt 0.29303 0.43346
vt 0.29201 0.43347
vt 0.29279 0.42739
vt 0.29535 0.42739
vt 0.29467 0.43148
vt 0.29223 0.43449
vt 0.54498 0.95121
vt 0.54587 0.94880
vt 0.54717 0.95060
vt 0.54501 0.95222
vt 0.54698 0.95225
vt 0.54850 0.95069
vt 0.54791 0.94850
vt 0.54698 0.94751
vt 0.54380 0.95089
vt 0.54377 0.94846
vt 0.54504 0.94782
vt 0.54850 0.95204
vt 0.77438 0.94275
vt 0.77434 0.94141
vt 0.77251 0.94228
vt 0.77555 0.94307
vt 0.77303 0.93990
vt 0.77542 0.94027
vt 0.77071 0.94152
vt 0.76833 0.94095
vt 0.77113 0.94403
vt 0.77363 0.94432
vt 0.77123 0.94624
vt 0.77572 0.94153
vt 0.77678 0.94422
vt 0.77800 0.94208
vt 0.77478 0.93804
vt 0.77107 0.93845
vt 0.76735 0.93928
vt 0.76545 0.94048
vt 0.75756 0.94703
vt 0.75936 0.94535
vt 0.75727 0.94393
vt 0.75340 0.94460
vt 0.75339 0.94650
vt 0.74762 0.94269
vt 0.75624 0.94873
vt 0.75942 0.94830
vt 0.76315 0.94630
vt 0.76477 0.94394
vt 0.76776 0.94570
vt 0.76796 0.94351
vt 0.76196 0.94307
vt 0.75931 0.94174
vt 0.74829 0.94522
vt 0.74347 0.94085
vt 0.74495 0.94019
vt 0.74149 0.93814
vt 0.74014 0.93804
vt 0.75066 0.94178
vt 0.75517 0.94278
vt 0.76285 0.94842
vt 0.76851 0.94857
vt 0.75388 0.94909
vt 0.74111 0.94002
vt 0.75790 0.94063
vt 0.76225 0.94063
vt 0.74438 0.94340
vt 0.75466 0.94111
vt 0.36217 0.11370
vt 0.36480 0.11283
vt 0.36386 0.11441
vt 0.36632 0.11423
vt 0.36198 0.11563
vt 0.36066 0.11405
vt 0.36300 0.11073
vt 0.36083 0.11092
vt 0.35899 0.11228
vt 0.35959 0.09957
vt 0.35920 0.10467
vt 0.35764 0.10366
vt 0.36126 0.10268
vt 0.36130 0.09683
vt 0.36024 0.09531
vt 0.36149 0.10801
vt 0.35972 0.10938
vt 0.36251 0.09492
vt 0.35789 0.10718
vt 0.35750 0.09947
vt 0.35749 0.11112
vt 0.35880 0.09316
vt 0.36186 0.09180
vt 0.36090 0.08858
vt 0.36276 0.09349
vt 0.36367 0.08964
vt 0.36239 0.08843
vt 0.35956 0.11518
vt 0.35618 0.10441
vt 0.36480 0.08863
vt 0.35656 0.10761
vt 0.35607 0.09970
vt 0.36007 0.08721
vt 0.35920 0.08809
vt 0.35737 0.09289
vt 0.08845 0.04144
vt 0.08767 0.03870
vt 0.08953 0.03911
vt 0.09112 0.04059
vt 0.09155 0.03861
vt 0.08950 0.03706
vt 0.08692 0.03624
vt 0.09275 0.03591
vt 0.08478 0.03591
vt 0.09333 0.03933
vt 0.09424 0.03784
vt 0.48226 0.13591
vt 0.48476 0.13708
vt 0.48502 0.13536
vt 0.48705 0.13620
vt 0.48896 0.13810
vt 0.49079 0.13732
vt 0.48232 0.13686
vt 0.49363 0.13887
vt 0.49410 0.13690
vt 0.49828 0.13931
vt 0.49979 0.13715
vt 0.50149 0.13927
vt 0.50382 0.13812
vt 0.50315 0.13604
vt 0.50597 0.13601
vt 0.50812 0.13868
vt 0.50985 0.13591
vt 0.51459 0.13730
vt 0.47156 0.05101
vt 0.47122 0.04962
vt 0.46904 0.05063
vt 0.47306 0.05054
vt 0.47294 0.05224
vt 0.46727 0.04932
vt 0.47214 0.05249
vt 0.47437 0.04932
vt 0.46766 0.04854
vt 0.15422 0.23377
vt 0.15406 0.23683
vt 0.15520 0.23541
vt 0.15478 0.23875
vt 0.15557 0.23369
vt 0.15655 0.23323
vt 0.15597 0.23656
vt 0.15260 0.23323
vt 0.15300 0.23631
vt 0.15356 0.23861
vt 0.64590 0.90884
vt 0.64590 0.91042
vt 0.64472 0.90991
vt 0.64708 0.90987
vt 0.60923 0.64368
vt 0.61035 0.64101
vt 0.61088 0.64274
vt 0.61317 0.64049
vt 0.61296 0.64270
vt 0.61153 0.64483
vt 0.60966 0.64510
vt 0.61292 0.64552
vt 0.60955 0.64660
vt 0.61317 0.64838
vt 0.98620 0.62344
vt 0.98580 0.62160
vt 0.98471 0.62297
vt 0.98305 0.62178
vt 0.97928 0.62234
vt 0.97971 0.62349
vt 0.98141 0.62410
vt 0.97635 0.62256
vt 0.97773 0.62461
vt 0.98523 0.62455
vt 0.97873 0.62549
vt 0.97149 0.62273
vt 0.97176 0.62485
vt 0.96628 0.62396
vt 0.96569 0.62180
vt 0.96612 0.61997
vt 0.97010 0.62042
vt 0.97324 0.62016
vt 0.98575 0.62016
vt 0.79614 0.03361
vt 0.79406 0.03275
vt 0.79219 0.03361
vt 0.79342 0.03433
vt 0.94186 0.05183
vt 0.94155 0.05012
vt 0.94255 0.05109
vt 0.94053 0.05159
vt 0.94047 0.05361
vt 0.94225 0.05493
vt 0.94102 0.05709
vt 0.93888 0.05730
vt 0.94022 0.06064
vt 0.94155 0.06061
vt 0.94055 0.06676
vt 0.94282 0.05858
vt 0.94255 0.06827
vt 0.50006 0.26717
vt 0.50039 0.26560
vt 0.49961 0.26506
vt 0.50006 0.26322
vt 0.56914 0.84964
vt 0.56871 0.84900
vt 0.56979 0.84908
vt 0.56913 0.84765
vt 0.56734 0.84336
vt 0.56716 0.84544
vt 0.56506 0.84381
vt 0.56638 0.84642
vt 0.56943 0.84365
vt 0.56914 0.84096
vt 0.56708 0.84206
vt 0.02915 0.80052
vt 0.02957 0.79984
vt 0.02879 0.79956
vt 0.02837 0.80054
vt 0.02324 0.80139
vt 0.02667 0.79943
vt 0.02122 0.79990
vt 0.02648 0.80030
vt 0.02628 0.80127
vt 0.01847 0.80175
vt 0.01687 0.79984
vt 0.01852 0.80281
vt 0.01600 0.80079
vt 0.01459 0.80308
vt 0.01583 0.79914
vt 0.01646 0.79834
vt 0.05166 0.08429
vt 0.05099 0.08406
vt 0.05114 0.08495
vt 0.04999 0.08511
vt 0.04868 0.08480
vt 0.04634 0.08691
vt 0.04423 0.08696
vt 0.04252 0.08861
vt 0.04159 0.08762
vt 0.03997 0.08885
vt 0.03821 0.08723
vt 0.03626 0.08873
vt 0.03420 0.08772
vt 0.03643 0.09039
vt 0.03370 0.08997
vt 0.03077 0.08853
vt 0.03251 0.09116
vt 0.02861 0.09018
vt 0.02800 0.08718
vt 0.03145 0.08624
vt 0.04495 0.08554
vt 0.03933 0.08581
vt 0.03434 0.08580
vt 0.02822 0.08529
vt 0.03566 0.08470
vt 0.03223 0.08429
vt 0.04951 0.08680
vt 0.04648 0.08789
vt 0.04211 0.09032
vt 0.04616 0.08933
vt 0.95860 0.51079
vt 0.95623 0.50947
vt 0.95623 0.51342
vt 0.26301 0.96969
vt 0.25894 0.96882
vt 0.25867 0.97027
vt 0.25670 0.96969
vt 0.25690 0.97040
vt 0.62973 0.02802
vt 0.63368 0.02802
vt 0.63247 0.02960
vt 0.97440 0.37698
vt 0.97496 0.37385
vt 0.97595 0.37476
vt 0.97540 0.37955
vt 0.97591 0.37256
vt 0.97455 0.38101
vt 0.97591 0.38240
vt 0.97360 0.37202
vt 0.97358 0.37608
vt 0.97358 0.37309
vt 0.97480 0.37135
vt 0.62894 0.37521
vt 0.62737 0.37564
vt 0.62816 0.37379
vt 0.62848 0.37832
vt 0.62743 0.37344
vt 0.62756 0.38043
vt 0.62848 0.38319
vt 0.62848 0.37214
vt 0.16268 0.43346
vt 0.16636 0.43533
vt 0.16619 0.43373
vt 0.16793 0.43607
vt 0.16916 0.43456
vt 0.16302 0.43501
vt 0.15812 0.43299
vt 0.16068 0.43212
vt 0.16599 0.43224
vt 0.16900 0.43299
vt 0.53638 0.13536
vt 0.53105 0.13559
vt 0.53186 0.13632
vt 0.52870 0.13652
vt 0.52800 0.13561
vt 0.53295 0.13694
vt 0.53714 0.13612
vt 0.53904 0.13561
vt 0.49212 0.76613
vt 0.49139 0.76437
vt 0.48864 0.76737
vt 0.48494 0.76517
vt 0.48430 0.76816
vt 0.48045 0.76637
vt 0.47974 0.76811
vt 0.49124 0.76828
vt 0.47730 0.76704
vt 0.47547 0.76409
vt 0.49434 0.76677
vt 0.49379 0.75088
vt 0.49243 0.74959
vt 0.48933 0.75050
vt 0.49900 0.74789
vt 0.48943 0.75266
vt 0.49490 0.74726
vt 0.50118 0.74530
vt 0.48414 0.75288
vt 0.47217 0.76450
vt 0.47516 0.76167
vt 0.47223 0.76782
vt 0.46504 0.76703
vt 0.46616 0.76371
vt 0.45917 0.76522
vt 0.45772 0.76714
vt 0.45207 0.76452
vt 0.45900 0.76243
vt 0.45472 0.76863
vt 0.44780 0.76897
vt 0.47240 0.76051
vt 0.44705 0.76372
vt 0.44038 0.76736
vt 0.46702 0.75959
vt 0.45403 0.75973
vt 0.44841 0.75879
vt 0.45512 0.75742
vt 0.46325 0.75749
vt 0.44175 0.76373
vt 0.43578 0.76410
vt 0.43402 0.76683
vt 0.43020 0.76645
vt 0.44060 0.75989
vt 0.46085 0.76903
vt 0.47076 0.75719
vt 0.46848 0.76884
vt 0.47471 0.75801
vt 0.42566 0.76426
vt 0.43180 0.76223
vt 0.42513 0.76599
vt 0.41958 0.76407
vt 0.41852 0.76723
vt 0.41398 0.76455
vt 0.41244 0.76230
vt 0.41083 0.76665
vt 0.40442 0.76348
vt 0.41889 0.76957
vt 0.40087 0.76460
vt 0.39880 0.76242
vt 0.39235 0.76277
vt 0.39269 0.75908
vt 0.38624 0.76029
vt 0.38200 0.75576
vt 0.40316 0.75966
vt 0.38174 0.76052
vt 0.38725 0.76252
vt 0.47689 0.75568
vt 0.47984 0.75730
vt 0.48424 0.75458
vt 0.42349 0.76859
vt 0.42867 0.76989
vt 0.47561 0.76925
vt 0.42453 0.77084
vt 0.43474 0.77017
vt 0.44221 0.76964
vt 0.38591 0.76495
vt 0.39322 0.76539
vt 0.39121 0.76700
vt 0.40077 0.76942
vt 0.40090 0.76658
vt 0.40834 0.77061
vt 0.41230 0.76851
vt 0.41657 0.77161
vt 0.42214 0.77333
vt 0.42732 0.77353
vt 0.41753 0.77511
vt 0.42581 0.77681
vt 0.43123 0.77359
vt 0.43138 0.77668
vt 0.43877 0.77814
vt 0.43397 0.77959
vt 0.42829 0.77930
vt 0.43694 0.77397
vt 0.44277 0.77725
vt 0.44665 0.78128
vt 0.44026 0.78114
vt 0.44888 0.77959
vt 0.45307 0.78408
vt 0.45537 0.78333
vt 0.45911 0.78646
vt 0.45941 0.78788
vt 0.46589 0.79145
vt 0.46610 0.78967
vt 0.40616 0.77213
vt 0.47224 0.79422
vt 0.47255 0.79221
vt 0.47569 0.79418
vt 0.47713 0.79699
vt 0.47935 0.79623
vt 0.48116 0.79949
vt 0.48452 0.79868
vt 0.48638 0.80091
vt 0.45603 0.78007
vt 0.44954 0.77680
vt 0.45749 0.77722
vt 0.46132 0.77877
vt 0.46270 0.77725
vt 0.46891 0.77791
vt 0.46247 0.78179
vt 0.45945 0.78354
vt 0.46826 0.77965
vt 0.46934 0.78248
vt 0.47526 0.78108
vt 0.46707 0.78400
vt 0.47290 0.77955
vt 0.47215 0.78466
vt 0.47517 0.78374
vt 0.47491 0.78648
vt 0.47676 0.77935
vt 0.44439 0.77533
vt 0.47949 0.78088
vt 0.46334 0.78614
vt 0.47892 0.78303
vt 0.48642 0.78270
vt 0.48098 0.79505
vt 0.46974 0.78606
vt 0.44035 0.77323
vt 0.47329 0.79100
vt 0.48473 0.78061
vt 0.49163 0.78139
vt 0.49254 0.78332
vt 0.48605 0.79764
vt 0.47250 0.77773
vt 0.47710 0.77762
vt 0.44861 0.77331
vt 0.45370 0.77078
vt 0.46699 0.77085
vt 0.47579 0.77172
vt 0.48105 0.77012
vt 0.45522 0.77470
vt 0.48651 0.77028
vt 0.49238 0.77002
vt 0.46154 0.77410
vt 0.46954 0.77318
vt 0.47566 0.77365
vt 0.47331 0.78834
vt 0.48274 0.79439
vt 0.48001 0.79272
vt 0.47706 0.79061
vt 0.49126 0.80200
vt 0.46653 0.77608
vt 0.47299 0.77511
vt 0.47750 0.77334
vt 0.47944 0.77295
vt 0.49012 0.80333
vt 0.49466 0.80523
vt 0.49565 0.80439
vt 0.47651 0.78665
vt 0.47744 0.78467
vt 0.50447 0.55945
vt 0.50271 0.55960
vt 0.50244 0.56045
vt 0.50020 0.56067
vt 0.50102 0.56241
vt 0.50451 0.55841
vt 0.54108 0.56361
vt 0.54140 0.56094
vt 0.53883 0.56239
vt 0.53904 0.56441
vt 0.53406 0.56453
vt 0.53094 0.56308
vt 0.52823 0.56501
vt 0.52861 0.56720
vt 0.52143 0.56656
vt 0.52139 0.56888
vt 0.51917 0.56946
vt 0.51742 0.56797
vt 0.51632 0.56897
vt 0.51816 0.56532
vt 0.51498 0.56724
vt 0.52343 0.56405
vt 0.51570 0.56423
vt 0.51277 0.56496
vt 0.50812 0.56708
vt 0.50705 0.56476
vt 0.50019 0.56539
vt 0.51054 0.56232
vt 0.49598 0.56309
vt 0.49856 0.56133
vt 0.49251 0.56125
vt 0.52012 0.56223
vt 0.51754 0.56080
vt 0.51547 0.56246
vt 0.52543 0.56150
vt 0.53128 0.56159
vt 0.53751 0.56098
vt 0.54092 0.56015
vt 0.53984 0.55932
vt 0.51410 0.56033
vt 0.50911 0.56040
vt 0.50474 0.56068
vt 0.54134 0.55841
vt 0.82158 0.18295
vt 0.81065 0.18272
vt 0.81422 0.18474
vt 0.81953 0.18494
vt 0.82341 0.18503
vt 0.80653 0.18452
vt 0.80319 0.18295
vt 0.80232 0.18508
vt 0.82374 0.18287
vt 0.80087 0.18287
vt 0.90311 0.98480
vt 0.89905 0.98827
vt 0.89887 0.98199
vt 0.89588 0.98676
vt 0.89436 0.98148
vt 0.88900 0.98470
vt 0.89704 0.97854
vt 0.90308 0.97833
vt 0.88916 0.98176
vt 0.88283 0.98443
vt 0.88032 0.98198
vt 0.87420 0.98419
vt 0.87050 0.98234
vt 0.86632 0.98376
vt 0.80566 0.72979
vt 0.80468 0.73347
vt 0.80428 0.72993
vt 0.80305 0.73264
vt 0.80349 0.73904
vt 0.80511 0.73788
vt 0.80174 0.72845
vt 0.80183 0.73931
vt 0.80124 0.73592
vt 0.80442 0.74099
vt 0.80239 0.74194
vt 0.80371 0.74353
vt 0.80200 0.74394
vt 0.80342 0.74471
vt 0.80087 0.73235
vt 0.80329 0.72680
vt 0.80481 0.72657
vt 0.80426 0.72244
vt 0.80283 0.72219
vt 0.80332 0.72062
vt 0.80203 0.72055
vt 0.80380 0.71966
vt 0.80543 0.72113
vt 0.80178 0.72376
vt 0.80583 0.74295
vt 0.80584 0.74526
vt 0.80651 0.73999
vt 0.80634 0.73669
vt 0.80603 0.72307
vt 0.80635 0.73305
vt 0.80624 0.72779
vt 0.80754 0.73170
vt 0.80648 0.71981
vt 0.80732 0.72038
vt 0.80781 0.73553
vt 0.80797 0.73967
vt 0.80786 0.74327
vt 0.80732 0.74546
vt 0.80231 0.71942
vt 0.25945 0.98950
vt 0.26250 0.99075
vt 0.26118 0.99256
vt 0.25828 0.99169
vt 0.26107 0.98856
vt 0.26380 0.99223
vt 0.26237 0.99408
vt 0.26380 0.99030
vt 0.26232 0.98858
vt 0.26008 0.99390
vt 0.25866 0.99287
vt 0.92267 0.09984
vt 0.92153 0.09851
vt 0.91695 0.09924
vt 0.92461 0.09780
vt 0.91967 0.09671
vt 0.92224 0.09632
vt 0.93023 0.09981
vt 0.93109 0.09769
vt 0.93560 0.09929
vt 0.93820 0.09721
vt 0.94214 0.09820
vt 0.94257 0.09567
vt 0.94470 0.09531
vt 0.94519 0.09810
vt 0.93824 0.09519
vt 0.93018 0.09511
vt 0.92474 0.09523
vt 0.91254 0.09511
vt 0.91379 0.09739
vt 0.91622 0.09531
vt 0.91104 0.09580
vt 0.91113 0.09768
vt 0.91049 0.09706
vt 0.58270 0.57675
vt 0.58079 0.57805
vt 0.57994 0.57610
vt 0.58064 0.57460
vt 0.58295 0.57972
vt 0.58409 0.57761
vt 0.58096 0.57969
vt 0.58478 0.57634
vt 0.58396 0.57495
vt 0.58146 0.57419
vt 0.58396 0.57919
vt 0.57934 0.57785
vt 0.57926 0.57560
vt 0.73682 0.26676
vt 0.73560 0.26827
vt 0.73687 0.26805
vt 0.73478 0.26523
vt 0.73249 0.26626
vt 0.73387 0.26959
vt 0.73395 0.26131
vt 0.73086 0.26914
vt 0.73098 0.26351
vt 0.73331 0.27100
vt 0.73143 0.25704
vt 0.73619 0.25823
vt 0.73527 0.25501
vt 0.73663 0.25619
vt 0.73841 0.25725
vt 0.73277 0.25165
vt 0.73617 0.25037
vt 0.73794 0.25106
vt 0.73772 0.24904
vt 0.73302 0.24849
vt 0.73630 0.24728
vt 0.73737 0.26593
vt 0.73838 0.24654
vt 0.73887 0.25802
vt 0.73616 0.26259
vt 0.73680 0.26117
vt 0.73775 0.25906
vt 0.72543 0.25528
vt 0.72619 0.25179
vt 0.72164 0.25240
vt 0.72871 0.24828
vt 0.72250 0.24903
vt 0.72862 0.25954
vt 0.72795 0.26786
vt 0.72443 0.26235
vt 0.72028 0.25741
vt 0.71791 0.26228
vt 0.72323 0.26620
vt 0.71755 0.26505
vt 0.71707 0.25406
vt 0.71302 0.26116
vt 0.71257 0.25672
vt 0.72959 0.27098
vt 0.71120 0.26500
vt 0.73122 0.24544
vt 0.72178 0.26931
vt 0.71371 0.26742
vt 0.70633 0.26324
vt 0.70831 0.26007
vt 0.73537 0.24445
vt 0.73436 0.24259
vt 0.73202 0.24078
vt 0.73360 0.23913
vt 0.73599 0.24058
vt 0.73753 0.24273
vt 0.73656 0.23793
vt 0.72874 0.24435
vt 0.73256 0.27269
vt 0.72854 0.23956
vt 0.72893 0.24091
vt 0.71827 0.24921
vt 0.71410 0.25136
vt 0.71194 0.25454
vt 0.73873 0.26165
vt 0.73794 0.25373
vt 0.70119 0.25989
vt 0.70719 0.25726
vt 0.70022 0.26279
vt 0.69376 0.26002
vt 0.70472 0.25548
vt 0.69461 0.25791
vt 0.74067 0.25355
vt 0.74056 0.25533
vt 0.74324 0.25648
vt 0.69848 0.25548
vt 0.72336 0.24118
vt 0.72265 0.23989
vt 0.73707 0.24545
vt 0.74418 0.25435
vt 0.73847 0.24408
vt 0.70915 0.25023
vt 0.74602 0.25603
vt 0.74949 0.25446
vt 0.75000 0.25730
vt 0.75501 0.25582
vt 0.75329 0.25343
vt 0.75867 0.25345
vt 0.74783 0.25238
vt 0.74245 0.25175
vt 0.73849 0.25039
vt 0.73141 0.23824
vt 0.73511 0.23717
vt 0.72726 0.23852
vt 0.72086 0.24120
vt 0.74035 0.24448
vt 0.77085 0.25856
vt 0.76939 0.25709
vt 0.76799 0.25746
vt 0.76582 0.25565
vt 0.76495 0.25681
vt 0.76322 0.25450
vt 0.76065 0.25547
vt 0.77168 0.25763
vt 0.77169 0.25874
vt 0.76990 0.25977
vt 0.76761 0.25876
vt 0.77081 0.26043
vt 0.76486 0.25883
vt 0.75921 0.25638
vt 0.76848 0.26092
vt 0.66698 0.26123
vt 0.66248 0.26016
vt 0.65918 0.26184
vt 0.65600 0.26071
vt 0.66936 0.25950
vt 0.67540 0.26032
vt 0.67490 0.25786
vt 0.68303 0.25945
vt 0.65194 0.26228
vt 0.65105 0.25951
vt 0.66512 0.25727
vt 0.67061 0.25570
vt 0.64336 0.26351
vt 0.64505 0.26053
vt 0.63680 0.26424
vt 0.63847 0.26132
vt 0.65955 0.25804
vt 0.66284 0.25354
vt 0.67127 0.25279
vt 0.65332 0.25584
vt 0.67838 0.25426
vt 0.67927 0.25679
vt 0.68540 0.25569
vt 0.68465 0.25293
vt 0.68720 0.25818
vt 0.69057 0.25493
vt 0.64772 0.25691
vt 0.67331 0.25044
vt 0.67935 0.24961
vt 0.68077 0.25136
vt 0.68786 0.26088
vt 0.68434 0.24763
vt 0.68430 0.25007
vt 0.68797 0.25267
vt 0.69288 0.25403
vt 0.67753 0.24799
vt 0.68271 0.24668
vt 0.68156 0.26110
vt 0.68724 0.24513
vt 0.68772 0.24750
vt 0.60844 0.80229
vt 0.60844 0.80071
vt 0.60686 0.80141
vt 0.66663 0.27621
vt 0.66203 0.27527
vt 0.66341 0.27741
vt 0.66925 0.27762
vt 0.66846 0.27406
vt 0.65867 0.27656
vt 0.65779 0.27448
vt 0.65454 0.27623
vt 0.67172 0.27553
vt 0.67477 0.27450
vt 0.67694 0.27592
vt 0.65806 0.27863
vt 0.66148 0.27906
vt 0.67499 0.27739
vt 0.65309 0.27811
vt 0.65149 0.27591
vt 0.65127 0.27455
vt 0.64906 0.27518
vt 0.64873 0.27298
vt 0.65462 0.27330
vt 0.68052 0.27453
vt 0.64818 0.27491
vt 0.64828 0.27616
vt 0.66145 0.27350
vt 0.64877 0.27805
vt 0.68115 0.27713
vt 0.64647 0.27768
vt 0.64721 0.27290
vt 0.66431 0.27979
vt 0.68357 0.27570
vt 0.68494 0.27461
vt 0.68337 0.27315
vt 0.68157 0.27229
vt 0.67721 0.27297
vt 0.67087 0.27223
vt 0.66659 0.27211
vt 0.65735 0.27237
vt 0.65189 0.27209
vt 0.64629 0.27118
vt 0.68322 0.27069
vt 0.64923 0.27032
vt 0.68210 0.27032
vt 0.64393 0.68109
vt 0.64423 0.67660
vt 0.64538 0.67772
vt 0.64485 0.68101
vt 0.64550 0.67474
vt 0.64438 0.67443
vt 0.64438 0.68232
vt 0.97358 0.08420
vt 0.97273 0.08324
vt 0.97244 0.08564
vt 0.97328 0.08077
vt 0.97200 0.07960
vt 0.97244 0.07774
vt 0.69909 0.32846
vt 0.70236 0.32952
vt 0.70216 0.32791
vt 0.70419 0.32932
vt 0.70381 0.32733
vt 0.69888 0.32948
vt 0.69677 0.32815
vt 0.70026 0.32715
vt 0.70465 0.32815
vt 0.10661 0.35635
vt 0.10889 0.35745
vt 0.11105 0.35653
vt 0.11248 0.35793
vt 0.11317 0.35696
vt 0.10528 0.35696
vt 0.36638 0.83361
vt 0.36801 0.83589
vt 0.36730 0.83112
vt 0.36583 0.82856
vt 0.36501 0.83124
vt 0.36543 0.83530
vt 0.36453 0.82765
vt 0.36446 0.82326
vt 0.36596 0.82354
vt 0.36492 0.81924
vt 0.36419 0.81999
vt 0.36335 0.81580
vt 0.36371 0.81328
vt 0.36243 0.81192
vt 0.36249 0.80912
vt 0.36139 0.80833
vt 0.36248 0.80679
vt 0.36107 0.80570
vt 0.36300 0.80376
vt 0.36396 0.80842
vt 0.36042 0.80210
vt 0.36099 0.79985
vt 0.35855 0.79787
vt 0.35843 0.79981
vt 0.35648 0.79708
vt 0.35642 0.79477
vt 0.35823 0.79529
vt 0.35598 0.79221
vt 0.35459 0.79358
vt 0.35419 0.78919
vt 0.35255 0.78893
vt 0.35250 0.78535
vt 0.35405 0.78569
vt 0.35221 0.78335
vt 0.35024 0.78249
vt 0.35106 0.78491
vt 0.35601 0.78988
vt 0.36431 0.81039
vt 0.36567 0.80751
vt 0.36023 0.80665
vt 0.35938 0.80453
vt 0.36735 0.82661
vt 0.36586 0.81840
vt 0.35797 0.80237
vt 0.35267 0.78235
vt 0.34993 0.78084
vt 0.34795 0.78104
vt 0.34985 0.77930
vt 0.34798 0.77887
vt 0.34764 0.77739
vt 0.34615 0.77745
vt 0.34641 0.77630
vt 0.34472 0.77610
vt 0.34403 0.77652
vt 0.34202 0.77419
vt 0.34090 0.77481
vt 0.33955 0.77341
vt 0.33928 0.77466
vt 0.34025 0.77309
vt 0.34543 0.77833
vt 0.34708 0.77976
vt 0.36520 0.80493
vt 0.36249 0.80042
vt 0.36690 0.81027
vt 0.35641 0.79946
vt 0.36603 0.81343
vt 0.36735 0.80803
vt 0.36047 0.80891
vt 0.35846 0.79308
vt 0.35331 0.79375
vt 0.36975 0.83506
vt 0.36822 0.82374
vt 0.36053 0.79638
vt 0.36821 0.81138
vt 0.36147 0.81418
vt 0.35443 0.79708
vt 0.33892 0.77531
vt 0.34087 0.77578
vt 0.34343 0.77691
vt 0.36888 0.81555
vt 0.37012 0.83041
vt 0.36255 0.81907
vt 0.36969 0.82105
vt 0.36767 0.81713
vt 0.35496 0.78497
vt 0.37266 0.83323
vt 0.37175 0.82677
vt 0.35668 0.78884
f 2082/2082 2085/2085 2084/2084
f 2082/2082 2084/2084 2083/2083
f 2082/2082 2081/2081 2087/2087
f 539/539 529/529 530/530
f 530/530 529/529 524/524
f 524/524 529/529 528/528
f 2082/2082 2087/2087 2085/2085
f 991/991 992/992 993/993
f 546/546 530/530 524/524
f 991/991 993/993 1024/1024
f 524/524 528/528 527/527
f 2085/2085 2086/2086 2084/2084
f 2085/2085 2088/2088 2086/2086
f 546/546 524/524 523/523
f 527/527 528/528 547/547
f 528/528 555/555 547/547
f 524/524 527/527 525/525
f 527/527 547/547 525/525
f 2082/2082 2080/2080 2081/2081
f 1575/1575 1572/1572 1570/1570
f 2082/2082 2083/2083 2080/2080
f 1572/1572 1568/1568 1569/1569
f 1572/1572 1569/1569 1570/1570
f 1537/1537 1540/1540 1538/1538
f 1570/1570 1569/1569 1540/1540
f 1570/1570 1540/1540 1537/1537
f 1024/1024 993/993 1018/1018
f 1540/1540 1542/1542 1538/1538
f 2158/2158 2159/2159 2160/2160
f 1569/1569 1543/1543 1540/1540
f 992/992 994/994 993/993
f 993/993 994/994 1003/1003
f 992/992 995/995 994/994
f 557/557 523/523 556/556
f 523/523 524/524 522/522
f 524/524 525/525 522/522
f 525/525 547/547 548/548
f 525/525 526/526 522/522
f 525/525 548/548 526/526
f 522/522 513/513 511/511
f 513/513 512/512 511/511
f 522/522 526/526 513/513
f 483/483 484/484 481/481
f 513/513 526/526 512/512
f 483/483 481/481 482/482
f 523/523 518/518 537/537
f 556/556 523/523 537/537
f 995/995 996/996 994/994
f 995/995 998/998 997/997
f 185/185 184/184 182/182
f 537/537 518/518 536/536
f 182/182 184/184 181/181
f 719/719 703/703 720/720
f 996/996 995/995 997/997
f 996/996 997/997 1002/1002
f 523/523 522/522 518/518
f 522/522 511/511 518/518
f 511/511 512/512 510/510
f 512/512 551/551 510/510
f 720/720 703/703 705/705
f 993/993 1003/1003 1018/1018
f 1568/1568 1567/1567 1569/1569
f 1569/1569 1567/1567 1543/1543
f 1540/1540 1543/1543 1542/1542
f 1559/1559 1542/1542 1558/1558
f 1543/1543 1544/1544 1542/1542
f 1542/1542 1544/1544 1558/1558
f 1558/1558 1544/1544 1546/1546
f 1543/1543 1567/1567 1545/1545
f 1543/1543 1545/1545 1544/1544
f 994/994 996/996 1003/1003
f 1003/1003 996/996 1002/1002
f 1003/1003 1002/1002 1018/1018
f 1568/1568 1563/1563 1567/1567
f 1002/1002 1019/1019 1018/1018
f 1563/1563 1561/1561 1567/1567
f 1567/1567 1561/1561 1545/1545
f 1002/1002 1014/1014 1019/1019
f 1563/1563 1560/1560 1561/1561
f 1561/1561 1560/1560 1550/1550
f 1563/1563 1564/1564 1560/1560
f 484/484 485/485 481/481
f 481/481 485/485 486/486
f 1544/1544 1545/1545 1546/1546
f 1545/1545 1547/1547 1546/1546
f 1561/1561 1550/1550 1545/1545
f 1545/1545 1550/1550 1547/1547
f 486/486 478/478 481/481
f 480/480 481/481 478/478
f 478/478 486/486 476/476
f 1547/1547 1550/1550 1549/1549
f 1547/1547 1548/1548 1546/1546
f 1547/1547 1549/1549 1548/1548
f 1181/1181 1190/1190 1184/1184
f 1184/1184 1190/1190 1194/1194
f 1197/1197 1216/1216 1215/1215
f 1181/1181 1197/1197 1190/1190
f 1190/1190 1197/1197 1200/1200
f 1197/1197 1215/1215 1200/1200
f 1216/1216 1213/1213 1215/1215
f 1213/1213 1214/1214 1215/1215
f 1215/1215 1205/1205 1200/1200
f 1215/1215 1214/1214 1205/1205
f 536/536 518/518 520/520
f 719/719 699/699 703/703
f 699/699 702/702 703/703
f 998/998 999/999 997/997
f 182/182 181/181 178/178
f 997/997 999/999 1000/1000
f 518/518 511/511 507/507
f 518/518 507/507 520/520
f 703/703 704/704 705/705
f 703/703 702/702 704/704
f 511/511 510/510 507/507
f 510/510 509/509 507/507
f 510/510 551/551 509/509
f 480/480 478/478 479/479
f 520/520 507/507 492/492
f 507/507 509/509 493/493
f 702/702 706/706 704/704
f 699/699 697/697 702/702
f 699/699 698/698 697/697
f 178/178 181/181 177/177
f 536/536 521/521 545/545
f 536/536 520/520 521/521
f 999/999 1001/1001 1000/1000
f 507/507 493/493 492/492
f 702/702 697/697 706/706
f 493/493 509/509 554/554
f 493/493 554/554 553/553
f 520/520 492/492 521/521
f 521/521 492/492 514/514
f 492/492 494/494 495/495
f 492/492 495/495 514/514
f 492/492 493/493 494/494
f 493/493 553/553 494/494
f 997/997 1000/1000 1002/1002
f 1002/1002 1000/1000 1014/1014
f 1550/1550 1560/1560 1551/1551
f 1560/1560 1564/1564 1562/1562
f 1560/1560 1562/1562 1551/1551
f 1550/1550 1551/1551 1549/1549
f 478/478 476/476 475/475
f 478/478 475/475 455/455
f 479/479 478/478 455/455
f 1190/1190 1200/1200 1194/1194
f 1194/1194 1200/1200 1205/1205
f 1194/1194 1205/1205 1192/1192
f 1000/1000 1010/1010 1014/1014
f 1562/1562 1564/1564 1565/1565
f 1000/1000 1001/1001 1010/1010
f 1014/1014 1010/1010 1022/1022
f 1562/1562 1553/1553 1551/1551
f 1565/1565 1566/1566 1562/1562
f 1562/1562 1566/1566 1553/1553
f 475/475 476/476 431/431
f 455/455 475/475 431/431
f 1549/1549 1551/1551 1552/1552
f 455/455 395/395 397/397
f 455/455 431/431 395/395
f 1551/1551 1553/1553 1552/1552
f 1192/1192 1193/1193 1189/1189
f 1192/1192 1205/1205 1224/1224
f 1192/1192 1224/1224 1225/1225
f 1192/1192 1225/1225 1193/1193
f 177/177 176/176 178/178
f 999/999 1004/1004 1001/1001
f 1004/1004 1005/1005 1001/1001
f 698/698 695/695 697/697
f 698/698 707/707 695/695
f 545/545 521/521 531/531
f 176/176 177/177 175/175
f 545/545 531/531 544/544
f 697/697 695/695 696/696
f 494/494 496/496 495/495
f 494/494 553/553 496/496
f 468/468 397/397 393/393
f 521/521 514/514 531/531
f 695/695 694/694 696/696
f 707/707 692/692 695/695
f 531/531 517/517 544/544
f 1004/1004 1006/1006 1005/1005
f 176/176 175/175 129/129
f 707/707 701/701 692/692
f 514/514 495/495 497/497
f 514/514 497/497 517/517
f 695/695 692/692 694/694
f 495/495 496/496 497/497
f 531/531 514/514 517/517
f 694/694 711/711 696/696
f 696/696 711/711 725/725
f 1022/1022 1010/1010 1016/1016
f 1001/1001 1005/1005 1009/1009
f 1001/1001 1009/1009 1010/1010
f 1010/1010 1009/1009 1016/1016
f 397/397 395/395 393/393
f 1552/1552 1553/1553 1554/1554
f 431/431 396/396 395/395
f 395/395 396/396 391/391
f 1565/1565 1576/1576 1566/1566
f 1189/1189 1193/1193 1191/1191
f 1566/1566 1555/1555 1553/1553
f 1553/1553 1555/1555 1554/1554
f 1566/1566 1573/1573 1555/1555
f 1005/1005 1007/1007 1009/1009
f 1009/1009 1013/1013 1016/1016
f 1576/1576 1574/1574 1566/1566
f 1566/1566 1574/1574 1573/1573
f 1554/1554 1555/1555 1556/1556
f 396/396 394/394 391/391
f 1193/1193 1225/1225 1226/1226
f 1225/1225 1227/1227 1226/1226
f 1191/1191 1193/1193 1195/1195
f 1573/1573 1557/1557 1555/1555
f 1573/1573 1577/1577 1557/1557
f 1193/1193 1226/1226 1206/1206
f 1193/1193 1206/1206 1195/1195
f 731/731 733/733 734/734
f 1573/1573 1574/1574 1577/1577
f 731/731 732/732 733/733
f 1555/1555 1557/1557 1556/1556
f 544/544 517/517 538/538
f 175/175 17/17 129/129
f 17/17 175/175 16/16
f 729/729 722/722 701/701
f 701/701 722/722 700/700
f 17/17 32/32 129/129
f 17/17 16/16 15/15
f 17/17 15/15 32/32
f 729/729 730/730 722/722
f 701/701 700/700 692/692
f 692/692 700/700 693/693
f 692/692 693/693 694/694
f 517/517 497/497 516/516
f 517/517 516/516 538/538
f 694/694 693/693 711/711
f 516/516 497/497 515/515
f 693/693 710/710 711/711
f 15/15 16/16 14/14
f 16/16 140/140 14/14
f 538/538 516/516 532/532
f 700/700 708/708 693/693
f 693/693 708/708 710/710
f 722/722 709/709 700/700
f 700/700 709/709 708/708
f 14/14 140/140 130/130
f 516/516 515/515 532/532
f 1005/1005 1006/1006 1007/1007
f 1006/1006 1008/1008 1007/1007
f 1007/1007 1008/1008 1011/1011
f 1007/1007 1013/1013 1009/1009
f 1007/1007 1011/1011 1013/1013
f 1008/1008 1012/1012 1011/1011
f 730/730 721/721 722/722
f 1011/1011 1017/1017 1013/1013
f 1011/1011 1015/1015 1017/1017
f 1016/1016 1013/1013 1020/1020
f 1013/1013 1017/1017 1020/1020
f 1020/1020 1017/1017 1021/1021
f 1191/1191 1201/1201 1207/1207
f 116/116 114/114 113/113
f 1032/1032 1020/1020 1021/1021
f 1195/1195 1201/1201 1191/1191
f 758/758 732/732 731/731
f 758/758 757/757 732/732
f 448/448 454/454 429/429
f 448/448 429/429 394/394
f 454/454 376/376 429/429
f 1226/1226 1227/1227 1228/1228
f 1226/1226 1228/1228 1233/1233
f 733/733 732/732 735/735
f 1017/1017 1025/1025 1021/1021
f 1207/1207 1201/1201 1208/1208
f 1017/1017 1023/1023 1025/1025
f 116/116 117/117 114/114
f 757/757 736/736 732/732
f 732/732 736/736 735/735
f 32/32 15/15 34/34
f 1011/1011 1012/1012 1015/1015
f 15/15 13/13 34/34
f 15/15 14/14 13/13
f 34/34 13/13 78/78
f 722/722 721/721 709/709
f 1015/1015 1023/1023 1017/1017
f 1023/1023 1026/1026 1025/1025
f 14/14 130/130 11/11
f 14/14 11/11 13/13
f 721/721 713/713 709/709
f 532/532 515/515 534/534
f 78/78 13/13 79/79
f 130/130 122/122 11/11
f 11/11 12/12 13/13
f 1015/1015 1031/1031 1023/1023
f 1031/1031 1027/1027 1023/1023
f 1023/1023 1027/1027 1026/1026
f 1026/1026 1027/1027 1028/1028
f 12/12 35/35 13/13
f 11/11 5/5 12/12
f 12/12 5/5 35/35
f 13/13 35/35 79/79
f 79/79 35/35 72/72
f 1031/1031 1030/1030 1027/1027
f 35/35 21/21 72/72
f 1179/1179 1211/1211 1177/1177
f 651/651 648/648 667/667
f 648/648 647/647 667/667
f 1177/1177 1178/1178 1179/1179
f 1177/1177 1198/1198 1178/1178
f 1198/1198 1222/1222 1220/1220
f 651/651 649/649 648/648
f 649/649 646/646 648/648
f 648/648 646/646 647/647
f 647/647 666/666 667/667
f 1179/1179 1178/1178 1180/1180
f 649/649 652/652 646/646
f 1178/1178 1198/1198 1196/1196
f 1198/1198 1220/1220 1196/1196
f 2115/2115 2108/2108 2113/2113
f 647/647 665/665 666/666
f 1180/1180 1181/1181 1182/1182
f 652/652 650/650 646/646
f 646/646 650/650 645/645
f 650/650 613/613 645/645
f 645/645 613/613 640/640
f 1178/1178 1196/1196 1181/1181
f 1180/1180 1178/1178 1181/1181
f 1196/1196 1220/1220 1216/1216
f 2113/2113 2110/2110 2114/2114
f 2113/2113 2114/2114 2116/2116
f 646/646 640/640 647/647
f 647/647 640/640 665/665
f 665/665 676/676 666/666
f 2110/2110 2119/2119 2114/2114
f 689/689 666/666 676/676
f 2114/2114 2118/2118 2116/2116
f 690/690 676/676 683/683
f 1181/1181 1196/1196 1197/1197
f 1196/1196 1216/1216 1197/1197
f 2113/2113 2116/2116 2115/2115
f 2115/2115 2116/2116 2117/2117
f 1238/1238 1235/1235 1217/1217
f 1238/1238 1217/1217 1216/1216
f 1216/1216 1217/1217 1213/1213
f 646/646 645/645 640/640
f 676/676 675/675 683/683
f 676/676 665/665 675/675
f 2023/2023 2027/2027 2021/2021
f 2099/2099 2098/2098 2100/2100
f 2099/2099 2097/2097 2098/2098
f 675/675 677/677 684/684
f 1181/1181 1183/1183 1182/1182
f 1182/1182 1183/1183 1186/1186
f 1183/1183 1181/1181 1184/1184
f 650/650 616/616 613/613
f 831/831 828/828 823/823
f 616/616 608/608 613/613
f 613/613 608/608 612/612
f 187/187 179/179 186/186
f 187/187 186/186 194/194
f 1184/1184 1185/1185 1183/1183
f 768/768 764/764 755/755
f 829/829 834/834 837/837
f 829/829 837/837 831/831
f 834/834 829/829 819/819
f 764/764 756/756 755/755
f 829/829 831/831 823/823
f 829/829 821/821 819/819
f 829/829 823/823 821/821
f 823/823 822/822 821/821
f 755/755 748/748 751/751
f 755/755 756/756 747/747
f 755/755 747/747 748/748
f 747/747 746/746 748/748
f 751/751 750/750 763/763
f 751/751 748/748 750/750
f 748/748 749/749 750/750
f 748/748 746/746 749/749
f 810/810 802/802 798/798
f 798/798 802/802 780/780
f 640/640 613/613 638/638
f 613/613 612/612 638/638
f 608/608 610/610 612/612
f 823/823 828/828 822/822
f 612/612 626/626 638/638
f 638/638 626/626 657/657
f 640/640 660/660 665/665
f 640/640 638/638 660/660
f 665/665 660/660 675/675
f 675/675 660/660 677/677
f 677/677 674/674 688/688
f 677/677 660/660 674/674
f 792/792 781/781 790/790
f 792/792 788/788 781/781
f 781/781 788/788 780/780
f 638/638 657/657 660/660
f 790/790 781/781 779/779
f 781/781 780/780 779/779
f 657/657 663/663 660/660
f 788/788 798/798 780/780
f 660/660 663/663 674/674
f 1184/1184 1187/1187 1185/1185
f 1184/1184 1194/1194 1187/1187
f 186/186 179/179 183/183
f 608/608 609/609 610/610
f 821/821 820/820 819/819
f 821/821 822/822 820/820
f 1187/1187 1194/1194 1192/1192
f 756/756 743/743 747/747
f 1205/1205 1214/1214 1223/1223
f 1223/1223 1240/1240 1242/1242
f 802/802 803/803 780/780
f 743/743 746/746 747/747
f 1205/1205 1223/1223 1224/1224
f 1223/1223 1230/1230 1224/1224
f 1223/1223 1242/1242 1230/1230
f 472/472 487/487 466/466
f 687/687 671/671 686/686
f 612/612 610/610 626/626
f 790/790 779/779 787/787
f 626/626 656/656 657/657
f 657/657 656/656 663/663
f 687/687 674/674 671/671
f 663/663 671/671 674/674
f 780/780 777/777 779/779
f 780/780 803/803 777/777
f 663/663 656/656 671/671
f 1187/1187 1188/1188 1185/1185
f 764/764 761/761 756/756
f 761/761 743/743 756/756
f 834/834 814/814 836/836
f 179/179 172/172 173/173
f 179/179 173/173 183/183
f 834/834 819/819 814/814
f 819/819 812/812 814/814
f 1187/1187 1189/1189 1188/1188
f 1187/1187 1192/1192 1189/1189
f 761/761 752/752 743/743
f 617/617 611/611 609/609
f 609/609 611/611 610/610
f 743/743 742/742 746/746
f 473/473 472/472 467/467
f 472/472 466/466 467/467
f 803/803 808/808 777/777
f 1224/1224 1231/1231 1225/1225
f 1224/1224 1230/1230 1231/1231
f 1230/1230 1239/1239 1231/1231
f 473/473 467/467 414/414
f 808/808 806/806 777/777
f 806/806 774/774 777/777
f 819/819 820/820 812/812
f 812/812 824/824 813/813
f 812/812 820/820 824/824
f 787/787 779/779 776/776
f 787/787 776/776 786/786
f 610/610 611/611 614/614
f 610/610 624/624 626/626
f 610/610 614/614 624/624
f 626/626 654/654 656/656
f 626/626 624/624 654/654
f 779/779 777/777 776/776
f 656/656 654/654 671/671
f 776/776 777/777 774/774
f 671/671 654/654 672/672
f 671/671 672/672 686/686
f 466/466 456/456 413/413
f 191/191 189/189 192/192
f 189/189 193/193 192/192
f 866/866 878/878 875/875
f 752/752 761/761 766/766
f 836/836 814/814 833/833
f 752/752 734/734 743/743
f 812/812 813/813 814/814
f 1188/1188 1189/1189 1191/1191
f 617/617 615/615 611/611
f 814/814 815/815 833/833
f 814/814 813/813 815/815
f 743/743 734/734 742/742
f 1225/1225 1231/1231 1232/1232
f 1231/1231 1239/1239 1232/1232
f 806/806 805/805 774/774
f 467/467 413/413 414/414
f 414/414 413/413 411/411
f 734/734 741/741 742/742
f 752/752 731/731 734/734
f 416/416 414/414 411/411
f 786/786 776/776 771/771
f 611/611 615/615 614/614
f 824/824 827/827 813/813
f 614/614 615/615 624/624
f 776/776 774/774 771/771
f 805/805 778/778 774/774
f 771/771 774/774 772/772
f 774/774 778/778 772/772
f 466/466 413/413 467/467
f 654/654 664/664 672/672
f 413/413 456/456 426/426
f 805/805 807/807 778/778
f 413/413 426/426 412/412
f 624/624 653/653 654/654
f 654/654 653/653 664/664
f 1191/1191 1209/1209 1188/1188
f 752/752 766/766 758/758
f 172/172 168/168 171/171
f 172/172 171/171 173/173
f 617/617 618/618 615/615
f 168/168 127/127 171/171
f 618/618 619/619 615/615
f 833/833 815/815 830/830
f 752/752 758/758 731/731
f 1225/1225 1232/1232 1227/1227
f 734/734 733/733 741/741
f 615/615 622/622 624/624
f 815/815 813/813 816/816
f 813/813 825/825 816/816
f 624/624 622/622 625/625
f 771/771 772/772 773/773
f 624/624 655/655 653/653
f 653/653 655/655 664/664
f 813/813 827/827 825/825
f 771/771 773/773 789/789
f 624/624 625/625 655/655
f 664/664 655/655 658/658
f 664/664 658/658 670/670
f 191/191 190/190 189/189
f 878/878 879/879 875/875
f 190/190 188/188 189/189
f 189/189 188/188 169/169
f 1505/1505 1513/1513 1490/1490
f 188/188 165/165 169/169
f 189/189 169/169 193/193
f 1613/1613 1600/1600 1594/1594
f 1600/1600 1597/1597 1594/1594
f 169/169 180/180 193/193
f 878/878 881/881 880/880
f 878/878 880/880 879/879
f 880/880 883/883 879/879
f 758/758 766/766 757/757
f 1191/1191 1207/1207 1209/1209
f 766/766 765/765 757/757
f 619/619 620/620 615/615
f 619/619 621/621 620/620
f 815/815 816/816 817/817
f 815/815 817/817 830/830
f 1207/1207 1210/1210 1209/1209
f 765/765 759/759 757/757
f 833/833 830/830 835/835
f 116/116 113/113 63/63
f 116/116 63/63 74/74
f 168/168 74/74 127/127
f 127/127 74/74 64/64
f 127/127 64/64 138/138
f 830/830 817/817 832/832
f 830/830 832/832 835/835
f 733/733 739/739 741/741
f 733/733 735/735 739/739
f 757/757 759/759 736/736
f 615/615 620/620 622/622
f 622/622 620/620 623/623
f 825/825 826/826 816/816
f 622/622 623/623 625/625
f 817/817 816/816 818/818
f 620/620 621/621 623/623
f 816/816 826/826 818/818
f 623/623 628/628 625/625
f 794/794 789/789 782/782
f 789/789 773/773 782/782
f 772/772 778/778 775/775
f 773/773 772/772 775/775
f 625/625 633/633 655/655
f 794/794 782/782 795/795
f 625/625 628/628 633/633
f 655/655 633/633 658/658
f 773/773 775/775 782/782
f 74/74 63/63 64/64
f 759/759 765/765 767/767
f 64/64 63/63 62/62
f 63/63 113/113 61/61
f 64/64 62/62 131/131
f 63/63 61/61 62/62
f 759/759 754/754 736/736
f 759/759 767/767 754/754
f 64/64 131/131 138/138
f 621/621 627/627 623/623
f 623/623 627/627 628/628
f 782/782 775/775 783/783
f 628/628 632/632 633/633
f 633/633 632/632 659/659
f 627/627 629/629 628/628
f 628/628 629/629 632/632
f 1613/1613 1594/1594 1596/1596
f 165/165 156/156 169/169
f 1505/1505 1492/1492 1497/1497
f 1505/1505 1497/1497 1511/1511
f 1505/1505 1511/1511 1513/1513
f 158/158 156/156 165/165
f 1596/1596 1594/1594 1592/1592
f 180/180 169/169 159/159
f 169/169 156/156 159/159
f 1594/1594 1597/1597 1593/1593
f 881/881 980/980 880/880
f 1594/1594 1593/1593 1592/1592
f 1592/1592 1593/1593 1591/1591
f 880/880 892/892 883/883
f 880/880 980/980 892/892
f 158/158 154/154 156/156
f 156/156 154/154 155/155
f 156/156 155/155 159/159
f 980/980 978/978 892/892
f 113/113 114/114 61/61
f 767/767 769/769 754/754
f 115/115 61/61 114/114
f 627/627 630/630 629/629
f 62/62 132/132 131/131
f 629/629 630/630 631/631
f 632/632 629/629 631/631
f 61/61 58/58 62/62
f 62/62 58/58 132/132
f 630/630 637/637 631/631
f 58/58 77/77 132/132
f 1733/1733 1700/1700 1732/1732
f 2002/2002 2008/2008 2003/2003
f 2002/2002 2003/2003 2004/2004
f 2120/2120 2121/2121 2122/2122
f 1733/1733 1732/1732 1734/1734
f 1732/1732 1744/1744 1734/1734
f 2122/2122 2121/2121 2123/2123
f 2121/2121 2124/2124 2123/2123
f 2005/2005 2004/2004 2003/2003
f 2146/2146 2122/2122 2123/2123
f 2005/2005 2003/2003 2006/2006
f 1692/1692 1694/1694 1700/1700
f 1692/1692 1693/1693 1694/1694
f 2005/2005 2006/2006 2007/2007
f 2007/2007 2006/2006 2009/2009
f 2146/2146 2147/2147 2149/2149
f 2146/2146 2123/2123 2125/2125
f 2123/2123 2124/2124 2125/2125
f 2146/2146 2125/2125 2147/2147
f 1732/1732 1742/1742 1744/1744
f 1694/1694 1704/1704 1700/1700
f 1700/1700 1704/1704 1732/1732
f 1704/1704 1731/1731 1732/1732
f 1732/1732 1731/1731 1742/1742
f 2125/2125 2124/2124 2126/2126
f 2124/2124 2140/2140 2126/2126
f 1694/1694 1693/1693 1695/1695
f 1695/1695 1696/1696 1694/1694
f 1696/1696 1704/1704 1694/1694
f 1696/1696 1703/1703 1704/1704
f 1298/1298 1299/1299 1288/1288
f 2007/2007 2009/2009 2010/2010
f 2149/2149 2147/2147 2148/2148
f 2147/2147 2127/2127 2148/2148
f 2147/2147 2125/2125 2127/2127
f 2125/2125 2126/2126 2127/2127
f 2127/2127 2126/2126 2128/2128
f 1298/1298 1288/1288 1290/1290
f 2148/2148 2127/2127 2129/2129
f 2127/2127 2128/2128 2129/2129
f 1704/1704 1726/1726 1731/1731
f 2140/2140 2128/2128 2126/2126
f 2140/2140 2141/2141 2128/2128
f 1731/1731 1736/1736 1742/1742
f 2141/2141 2130/2130 2128/2128
f 2130/2130 2129/2129 2128/2128
f 2010/2010 2009/2009 2011/2011
f 2011/2011 2012/2012 2010/2010
f 1695/1695 1697/1697 1696/1696
f 2012/2012 2011/2011 2013/2013
f 1696/1696 1697/1697 1698/1698
f 1697/1697 1699/1699 1698/1698
f 1698/1698 1699/1699 1701/1701
f 1303/1303 1298/1298 1290/1290
f 1290/1290 1288/1288 1286/1286
f 1288/1288 1287/1287 1286/1286
f 2148/2148 2129/2129 2133/2133
f 2129/2129 2131/2131 2133/2133
f 1303/1303 1290/1290 1296/1296
f 1290/1290 1285/1285 1296/1296
f 1290/1290 1286/1286 1285/1285
f 1286/1286 1283/1283 1285/1285
f 1703/1703 1726/1726 1704/1704
f 1726/1726 1736/1736 1731/1731
f 1726/1726 1735/1735 1736/1736
f 1696/1696 1698/1698 1703/1703
f 1698/1698 1705/1705 1703/1703
f 1726/1726 1725/1725 1735/1735
f 1726/1726 1703/1703 1725/1725
f 1703/1703 1705/1705 1725/1725
f 1735/1735 1727/1727 1740/1740
f 1982/1982 1985/1985 1981/1981
f 1633/1633 1635/1635 1642/1642
f 2053/2053 2055/2055 2062/2062
f 1725/1725 1727/1727 1735/1735
f 1727/1727 1741/1741 1740/1740
f 2129/2129 2130/2130 2131/2131
f 1735/1735 1740/1740 1736/1736
f 2141/2141 2144/2144 2130/2130
f 2131/2131 2134/2134 2133/2133
f 2131/2131 2132/2132 2134/2134
f 2144/2144 2142/2142 2130/2130
f 2130/2130 2142/2142 2132/2132
f 1642/1642 1635/1635 1637/1637
f 2053/2053 2054/2054 2055/2055
f 1740/1740 1741/1741 1746/1746
f 2130/2130 2132/2132 2131/2131
f 1303/1303 1296/1296 1407/1407
f 2013/2013 2014/2014 2012/2012
f 1407/1407 1400/1400 1409/1409
f 1407/1407 1296/1296 1400/1400
f 2012/2012 2014/2014 2015/2015
f 1111/1111 1144/1144 1143/1143
f 1643/1643 1638/1638 1636/1636
f 1636/1636 1638/1638 1634/1634
f 1988/1988 1979/1979 1989/1989
f 1143/1143 1109/1109 1111/1111
f 1111/1111 1109/1109 1099/1099
f 1989/1989 1979/1979 1977/1977
f 1699/1699 1702/1702 1701/1701
f 2014/2014 2016/2016 2015/2015
f 2014/2014 2017/2017 2016/2016
f 1109/1109 1096/1096 1099/1099
f 1989/1989 1977/1977 1990/1990
f 1409/1409 1400/1400 1408/1408
f 1296/1296 1285/1285 1282/1282
f 1400/1400 1296/1296 1292/1292
f 1296/1296 1282/1282 1292/1292
f 1285/1285 1283/1283 1282/1282
f 1643/1643 1641/1641 1638/1638
f 1638/1638 1641/1641 1634/1634
f 1111/1111 1099/1099 1113/1113
f 1113/1113 1099/1099 1114/1114
f 1641/1641 1640/1640 1634/1634
f 861/861 860/860 856/856
f 1286/1286 1287/1287 1283/1283
f 856/856 860/860 853/853
f 1287/1287 1284/1284 1283/1283
f 1400/1400 1292/1292 1397/1397
f 1282/1282 1283/1283 1278/1278
f 1283/1283 1284/1284 1278/1278
f 1284/1284 1279/1279 1278/1278
f 1698/1698 1701/1701 1705/1705
f 1701/1701 1710/1710 1705/1705
f 1988/1988 1982/1982 1979/1979
f 1636/1636 1634/1634 1633/1633
f 1633/1633 1634/1634 1635/1635
f 1982/1982 1978/1978 1979/1979
f 1982/1982 1981/1981 1978/1978
f 1979/1979 1978/1978 1977/1977
f 1705/1705 1710/1710 1725/1725
f 1725/1725 1724/1724 1727/1727
f 1725/1725 1710/1710 1724/1724
f 1978/1978 1981/1981 1980/1980
f 2062/2062 2055/2055 2059/2059
f 1702/1702 1706/1706 1701/1701
f 1701/1701 1706/1706 1710/1710
f 1634/1634 1637/1637 1635/1635
f 1634/1634 1639/1639 1637/1637
f 1634/1634 1640/1640 1639/1639
f 856/856 855/855 857/857
f 856/856 853/853 855/855
f 855/855 854/854 857/857
f 2134/2134 2132/2132 2135/2135
f 853/853 854/854 855/855
f 854/854 863/863 857/857
f 2055/2055 2054/2054 2056/2056
f 2145/2145 2139/2139 2142/2142
f 2055/2055 2056/2056 2059/2059
f 2071/2071 2056/2056 2054/2054
f 2132/2132 2139/2139 2135/2135
f 2132/2132 2142/2142 2139/2139
f 853/853 848/848 854/854
f 2139/2139 2138/2138 2135/2135
f 1287/1287 1289/1289 1284/1284
f 2134/2134 2135/2135 2136/2136
f 2136/2136 2135/2135 2137/2137
f 2017/2017 2018/2018 2016/2016
f 1099/1099 1096/1096 1092/1092
f 1408/1408 1400/1400 1396/1396
f 2017/2017 2019/2019 2018/2018
f 1408/1408 1396/1396 1395/1395
f 1408/1408 1395/1395 1410/1410
f 1099/1099 1092/1092 1114/1114
f 1397/1397 1292/1292 1291/1291
f 1292/1292 1282/1282 1291/1291
f 1092/1092 1115/1115 1114/1114
f 1278/1278 1272/1272 1282/1282
f 1282/1282 1272/1272 1291/1291
f 860/860 859/859 849/849
f 1400/1400 1397/1397 1396/1396
f 1272/1272 1278/1278 1271/1271
f 1702/1702 1707/1707 1706/1706
f 1977/1977 1978/1978 1970/1970
f 1710/1710 1706/1706 1720/1720
f 1978/1978 1980/1980 1970/1970
f 2059/2059 2058/2058 2063/2063
f 1970/1970 1973/1973 1969/1969
f 1706/1706 1708/1708 1719/1719
f 1706/1706 1719/1719 1720/1720
f 1706/1706 1707/1707 1708/1708
f 1977/1977 1970/1970 1975/1975
f 1970/1970 1969/1969 1965/1965
f 1970/1970 1965/1965 1975/1975
f 860/860 849/849 853/853
f 853/853 849/849 848/848
f 2056/2056 2057/2057 2058/2058
f 863/863 854/854 852/852
f 2059/2059 2056/2056 2058/2058
f 854/854 848/848 852/852
f 2058/2058 2057/2057 2060/2060
f 2058/2058 2060/2060 2061/2061
f 2135/2135 2138/2138 2137/2137
f 435/435 402/402 434/434
f 1278/1278 1279/1279 1275/1275
f 1278/1278 1275/1275 1271/1271
f 849/849 839/839 848/848
f 434/434 402/402 401/401
f 849/849 859/859 839/839
f 848/848 838/838 852/852
f 864/864 852/852 838/838
f 848/848 839/839 838/838
f 838/838 839/839 840/840
f 402/402 399/399 401/401
f 1096/1096 1093/1093 1092/1092
f 1396/1396 1391/1391 1395/1395
f 1396/1396 1397/1397 1391/1391
f 1397/1397 1291/1291 1391/1391
f 118/118 124/124 128/128
f 1990/1990 1977/1977 1987/1987
f 1707/1707 1709/1709 1708/1708
f 1977/1977 1975/1975 1987/1987
f 1708/1708 1711/1711 1719/1719
f 1708/1708 1709/1709 1711/1711
f 118/118 85/85 124/124
f 124/124 85/85 73/73
f 1272/1272 1293/1293 1291/1291
f 1272/1272 1271/1271 1270/1270
f 1272/1272 1270/1270 1293/1293
f 859/859 844/844 839/839
f 838/838 840/840 841/841
f 401/401 399/399 400/400
f 839/839 844/844 840/840
f 1092/1092 1090/1090 1091/1091
f 1092/1092 1091/1091 1115/1115
f 1093/1093 1090/1090 1092/1092
f 1391/1391 1291/1291 1293/1293
f 1275/1275 1273/1273 1271/1271
f 840/840 844/844 843/843
f 118/118 84/84 85/85
f 1395/1395 1391/1391 1390/1390
f 1410/1410 1395/1395 1406/1406
f 1406/1406 1395/1395 1390/1390
f 85/85 84/84 73/73
f 84/84 46/46 73/73
f 112/112 45/45 84/84
f 84/84 45/45 46/46
f 46/46 45/45 44/44
f 1391/1391 1293/1293 1389/1389
f 859/859 858/858 844/844
f 1115/1115 1091/1091 1135/1135
f 1091/1091 1104/1104 1135/1135
f 1391/1391 1389/1389 1390/1390
f 1293/1293 1294/1294 1389/1389
f 1090/1090 1089/1089 1091/1091
f 1091/1091 1089/1089 1104/1104
f 45/45 43/43 44/44
f 1390/1390 1389/1389 1388/1388
f 112/112 109/109 45/45
f 1090/1090 1088/1088 1089/1089
f 1389/1389 1294/1294 1386/1386
f 45/45 109/109 43/43
f 1389/1389 1386/1386 1388/1388
f 844/844 858/858 843/843
f 1270/1270 1271/1271 1267/1267
f 1271/1271 1273/1273 1267/1267
f 1270/1270 1267/1267 1269/1269
f 843/843 858/858 847/847
f 1293/1293 1270/1270 1269/1269
f 858/858 862/862 847/847
f 1294/1294 1293/1293 1269/1269
f 1269/1269 1295/1295 1294/1294
f 1386/1386 1294/1294 1295/1295
f 1269/1269 1277/1277 1295/1295
f 1269/1269 1268/1268 1277/1277
f 2076/2076 2080/2080 2079/2079
f 2076/2076 2077/2077 2078/2078
f 2076/2076 2079/2079 2077/2077
f 540/540 542/542 541/541
f 529/529 549/549 528/528
f 529/529 541/541 549/549
f 2081/2081 2080/2080 2076/2076
f 539/539 540/540 529/529
f 2081/2081 2076/2076 2078/2078
f 540/540 541/541 529/529
f 1575/1575 1570/1570 1571/1571
f 1539/1539 1541/1541 1537/1537
f 541/541 542/542 549/549
f 1570/1570 1537/1537 1571/1571
f 1571/1571 1537/1537 1541/1541
f 1537/1537 1538/1538 1539/1539
f 528/528 549/549 555/555
f 482/482 481/481 480/480
f 1727/1727 1724/1724 1741/1741
f 1724/1724 1743/1743 1741/1741
f 1724/1724 1710/1710 1720/1720
f 2145/2145 2143/2143 2139/2139
f 2139/2139 2143/2143 2138/2138
f 496/496 552/552 498/498
f 496/496 498/498 497/497
f 393/393 395/395 391/391
f 552/552 550/550 498/498
f 393/393 391/391 390/390
f 390/390 391/391 388/388
f 391/391 394/394 392/392
f 1724/1724 1720/1720 1739/1739
f 1724/1724 1739/1739 1743/1743
f 1720/1720 1728/1728 1739/1739
f 1720/1720 1719/1719 1728/1728
f 1965/1965 1969/1969 1968/1968
f 2061/2061 2064/2064 2065/2065
f 2061/2061 2060/2060 2064/2064
f 419/419 404/404 459/459
f 459/459 404/404 435/435
f 404/404 402/402 435/435
f 404/404 403/403 402/402
f 419/419 403/403 404/404
f 419/419 469/469 403/403
f 402/402 403/403 399/399
f 497/497 498/498 499/499
f 515/515 497/497 500/500
f 497/497 499/499 500/500
f 1965/1965 1968/1968 1966/1966
f 1719/1719 1721/1721 1728/1728
f 1719/1719 1711/1711 1713/1713
f 1975/1975 1965/1965 1967/1967
f 1709/1709 1712/1712 1711/1711
f 1975/1975 1967/1967 1987/1987
f 1711/1711 1712/1712 1713/1713
f 1965/1965 1966/1966 1967/1967
f 1719/1719 1713/1713 1721/1721
f 1721/1721 1713/1713 1722/1722
f 838/838 841/841 864/864
f 2060/2060 2070/2070 2064/2064
f 469/469 398/398 403/403
f 403/403 398/398 399/399
f 2064/2064 2070/2070 2069/2069
f 399/399 398/398 323/323
f 851/851 842/842 845/845
f 1728/1728 1721/1721 1737/1737
f 1728/1728 1737/1737 1745/1745
f 1721/1721 1729/1729 1737/1737
f 1737/1737 1729/1729 1738/1738
f 398/398 471/471 353/353
f 398/398 353/353 323/323
f 1737/1737 1738/1738 1747/1747
f 840/840 843/843 842/842
f 840/840 842/842 841/841
f 841/841 842/842 851/851
f 399/399 323/323 400/400
f 725/725 711/711 718/718
f 498/498 550/550 502/502
f 390/390 388/388 389/389
f 389/389 388/388 371/371
f 388/388 355/355 371/371
f 711/711 710/710 718/718
f 498/498 502/502 499/499
f 391/391 392/392 388/388
f 388/388 392/392 355/355
f 394/394 429/429 392/392
f 1227/1227 1236/1236 1228/1228
f 1227/1227 1232/1232 1236/1236
f 392/392 429/429 376/376
f 376/376 355/355 392/392
f 710/710 716/716 718/718
f 515/515 500/500 508/508
f 500/500 499/499 501/501
f 502/502 503/503 499/499
f 389/389 371/371 372/372
f 499/499 503/503 501/501
f 355/355 376/376 347/347
f 1228/1228 1234/1234 1233/1233
f 376/376 375/375 347/347
f 347/347 346/346 320/320
f 347/347 375/375 346/346
f 371/371 326/326 372/372
f 371/371 355/355 326/326
f 347/347 320/320 355/355
f 326/326 355/355 320/320
f 1987/1987 1967/1967 1984/1984
f 1712/1712 1714/1714 1713/1713
f 1967/1967 1974/1974 1984/1984
f 1713/1713 1715/1715 1722/1722
f 1967/1967 1966/1966 1974/1974
f 73/73 46/46 44/44
f 73/73 44/44 75/75
f 75/75 44/44 83/83
f 1984/1984 1974/1974 1986/1986
f 1713/1713 1714/1714 1715/1715
f 1714/1714 1716/1716 1715/1715
f 851/851 845/845 850/850
f 1722/1722 1729/1729 1721/1721
f 1968/1968 1971/1971 1966/1966
f 1966/1966 1972/1972 1974/1974
f 1729/1729 1722/1722 1723/1723
f 1722/1722 1715/1715 1723/1723
f 1715/1715 1717/1717 1723/1723
f 2065/2065 2064/2064 2066/2066
f 2064/2064 2067/2067 2066/2066
f 2069/2069 2068/2068 2064/2064
f 2064/2064 2068/2068 2067/2067
f 1729/1729 1730/1730 1738/1738
f 2000/2000 1994/1994 1995/1995
f 2000/2000 1995/1995 2001/2001
f 439/439 324/324 353/353
f 1966/1966 1971/1971 1972/1972
f 1971/1971 1963/1963 1972/1972
f 1971/1971 1962/1962 1963/1963
f 1729/1729 1723/1723 1730/1730
f 2046/2046 2047/2047 2045/2045
f 1994/1994 1993/1993 1995/1995
f 1963/1963 1962/1962 1956/1956
f 1956/1956 1962/1962 1957/1957
f 1995/1995 1993/1993 1996/1996
f 1995/1995 1996/1996 1998/1998
f 1986/1986 1974/1974 1976/1976
f 1974/1974 1972/1972 1976/1976
f 83/83 44/44 65/65
f 44/44 41/41 65/65
f 44/44 43/43 41/41
f 1088/1088 1087/1087 1089/1089
f 1089/1089 1087/1087 1104/1104
f 1088/1088 1084/1084 1087/1087
f 1715/1715 1716/1716 1717/1717
f 1972/1972 1964/1964 1976/1976
f 1716/1716 1718/1718 1717/1717
f 2050/2050 2048/2048 2047/2047
f 2047/2047 2048/2048 2045/2045
f 2048/2048 2049/2049 2045/2045
f 2048/2048 2050/2050 2051/2051
f 126/126 10/10 121/121
f 2050/2050 2052/2052 2051/2051
f 1972/1972 1963/1963 1964/1964
f 1963/1963 1956/1956 1961/1961
f 1963/1963 1961/1961 1964/1964
f 1964/1964 1983/1983 1976/1976
f 1964/1964 1961/1961 1983/1983
f 1267/1267 1273/1273 1274/1274
f 842/842 843/843 845/845
f 1273/1273 1280/1280 1274/1274
f 843/843 847/847 846/846
f 1104/1104 1133/1133 1141/1141
f 1267/1267 1268/1268 1269/1269
f 1267/1267 1274/1274 1268/1268
f 1274/1274 1276/1276 1268/1268
f 359/359 322/322 340/340
f 843/843 846/846 845/845
f 325/325 323/323 322/322
f 323/323 315/315 322/322
f 353/353 324/324 323/323
f 845/845 846/846 850/850
f 323/323 324/324 315/315
f 322/322 315/315 321/321
f 324/324 308/308 315/315
f 315/315 308/308 312/312
f 1104/1104 1098/1098 1133/1133
f 1268/1268 1281/1281 1277/1277
f 1104/1104 1087/1087 1098/1098
f 1087/1087 1086/1086 1098/1098
f 1133/1133 1098/1098 1134/1134
f 1295/1295 1387/1387 1386/1386
f 1281/1281 1300/1300 1277/1277
f 340/340 322/322 321/321
f 340/340 321/321 381/381
f 340/340 381/381 428/428
f 1277/1277 1297/1297 1295/1295
f 1277/1277 1300/1300 1297/1297
f 1295/1295 1297/1297 1387/1387
f 1281/1281 1304/1304 1300/1300
f 1134/1134 1098/1098 1127/1127
f 1098/1098 1076/1076 1127/1127
f 1098/1098 1086/1086 1076/1076
f 315/315 312/312 321/321
f 321/321 382/382 381/381
f 1839/1839 1835/1835 1837/1837
f 321/321 360/360 382/382
f 1837/1837 1835/1835 1832/1832
f 312/312 360/360 321/321
f 709/709 713/713 708/708
f 708/708 712/712 710/710
f 534/534 515/515 508/508
f 708/708 713/713 712/712
f 713/713 714/714 712/712
f 500/500 501/501 508/508
f 710/710 712/712 716/716
f 712/712 715/715 716/716
f 534/534 508/508 535/535
f 713/713 717/717 714/714
f 721/721 717/717 713/713
f 712/712 714/714 715/715
f 501/501 505/505 506/506
f 501/501 506/506 508/508
f 714/714 723/723 715/715
f 503/503 504/504 501/501
f 501/501 504/504 505/505
f 372/372 326/326 362/362
f 362/362 326/326 318/318
f 715/715 726/726 727/727
f 505/505 504/504 533/533
f 362/362 318/318 432/432
f 1992/1992 1999/1999 1997/1997
f 1994/1994 1991/1991 1993/1993
f 506/506 505/505 533/533
f 1991/1991 1992/1992 1993/1993
f 2045/2045 2044/2044 2046/2046
f 723/723 726/726 715/715
f 1958/1958 1957/1957 1959/1959
f 339/339 308/308 324/324
f 1993/1993 1992/1992 1996/1996
f 339/339 317/317 308/308
f 1992/1992 1997/1997 1996/1996
f 326/326 320/320 318/318
f 318/318 320/320 319/319
f 320/320 346/346 345/345
f 320/320 345/345 319/319
f 319/319 345/345 334/334
f 317/317 318/318 306/306
f 318/318 319/319 306/306
f 319/319 334/334 305/305
f 508/508 519/519 535/535
f 11/11 122/122 4/4
f 122/122 121/121 4/4
f 535/535 519/519 543/543
f 2043/2043 2045/2045 2049/2049
f 519/519 508/508 506/506
f 2043/2043 2044/2044 2045/2045
f 1956/1956 1958/1958 1960/1960
f 714/714 717/717 724/724
f 714/714 724/724 723/723
f 1956/1956 1960/1960 1961/1961
f 5/5 11/11 4/4
f 10/10 2/2 121/121
f 4/4 121/121 2/2
f 724/724 717/717 728/728
f 1956/1956 1957/1957 1958/1958
f 1027/1027 1030/1030 1029/1029
f 317/317 306/306 308/308
f 306/306 319/319 305/305
f 312/312 308/308 307/307
f 308/308 306/306 307/307
f 312/312 335/335 360/360
f 312/312 307/307 335/335
f 1837/1837 1832/1832 1831/1831
f 306/306 305/305 304/304
f 306/306 304/304 307/307
f 304/304 309/309 307/307
f 335/335 307/307 309/309
f 43/43 42/42 41/41
f 43/43 109/109 42/42
f 1388/1388 1386/1386 1385/1385
f 1087/1087 1084/1084 1086/1086
f 109/109 111/111 42/42
f 1084/1084 1083/1083 1085/1085
f 65/65 41/41 60/60
f 65/65 9/9 10/10
f 65/65 60/60 9/9
f 41/41 42/42 40/40
f 41/41 38/38 60/60
f 40/40 38/38 41/41
f 40/40 42/42 87/87
f 1386/1386 1384/1384 1385/1385
f 1084/1084 1085/1085 1086/1086
f 1086/1086 1085/1085 1070/1070
f 1386/1386 1387/1387 1384/1384
f 1085/1085 1082/1082 1070/1070
f 1086/1086 1070/1070 1076/1076
f 1127/1127 1076/1076 1110/1110
f 1384/1384 1387/1387 1373/1373
f 1070/1070 1068/1068 1076/1076
f 1384/1384 1373/1373 1374/1374
f 111/111 87/87 42/42
f 1385/1385 1384/1384 1383/1383
f 1085/1085 1083/1083 1082/1082
f 40/40 87/87 37/37
f 40/40 37/37 38/38
f 1083/1083 1081/1081 1082/1082
f 1384/1384 1382/1382 1383/1383
f 1081/1081 1071/1071 1082/1082
f 1082/1082 1071/1071 1070/1070
f 1071/1071 1065/1065 1070/1070
f 1384/1384 1374/1374 1382/1382
f 1374/1374 1372/1372 1375/1375
f 1071/1071 1063/1063 1065/1065
f 5/5 4/4 1/1
f 4/4 2/2 1/1
f 2/2 10/10 9/9
f 5/5 1/1 21/21
f 1/1 6/6 21/21
f 1/1 2/2 3/3
f 60/60 38/38 8/8
f 60/60 8/8 9/9
f 9/9 8/8 3/3
f 2/2 9/9 3/3
f 35/35 5/5 21/21
f 21/21 71/71 72/72
f 1/1 3/3 6/6
f 38/38 20/20 8/8
f 8/8 7/7 3/3
f 8/8 20/20 7/7
f 21/21 18/18 71/71
f 6/6 18/18 21/21
f 3/3 7/7 6/6
f 1837/1837 1831/1831 1838/1838
f 37/37 20/20 38/38
f 37/37 87/87 23/23
f 1383/1383 1382/1382 1380/1380
f 87/87 107/107 23/23
f 1374/1374 1375/1375 1382/1382
f 6/6 7/7 18/18
f 71/71 18/18 70/70
f 37/37 23/23 20/20
f 20/20 22/22 7/7
f 1071/1071 1081/1081 1063/1063
f 1375/1375 1377/1377 1382/1382
f 20/20 23/23 22/22
f 1382/1382 1377/1377 1380/1380
f 1081/1081 1061/1061 1063/1063
f 1063/1063 1061/1061 1059/1059
f 1380/1380 1377/1377 1379/1379
f 107/107 108/108 23/23
f 23/23 108/108 24/24
f 22/22 23/23 24/24
f 7/7 22/22 19/19
f 18/18 7/7 19/19
f 18/18 19/19 52/52
f 1061/1061 1058/1058 1059/1059
f 1061/1061 1062/1062 1058/1058
f 24/24 25/25 22/22
f 24/24 108/108 26/26
f 24/24 26/26 25/25
f 22/22 31/31 19/19
f 22/22 25/25 31/31
f 1199/1199 1198/1198 1177/1177
f 1199/1199 1204/1204 1203/1203
f 2104/2104 2106/2106 2107/2107
f 2155/2155 2154/2154 2156/2156
f 2155/2155 2156/2156 2157/2157
f 673/673 669/669 678/678
f 2104/2104 2105/2105 2106/2106
f 678/678 669/669 679/679
f 1199/1199 1202/1202 1198/1198
f 1199/1199 1203/1203 1202/1202
f 2107/2107 2106/2106 2111/2111
f 2112/2112 2107/2107 2111/2111
f 2106/2106 2109/2109 2111/2111
f 679/679 669/669 685/685
f 1177/1177 1211/1211 1212/1212
f 2153/2153 2154/2154 2155/2155
f 2112/2112 2111/2111 2108/2108
f 2111/2111 2109/2109 2108/2108
f 651/651 667/667 673/673
f 673/673 667/667 669/669
f 685/685 668/668 689/689
f 667/667 668/668 669/669
f 669/669 668/668 685/685
f 1198/1198 1202/1202 1222/1222
f 2108/2108 2109/2109 2110/2110
f 667/667 666/666 668/668
f 666/666 689/689 668/668
f 2108/2108 2110/2110 2113/2113
f 2020/2020 2021/2021 2022/2022
f 1221/1221 1243/1243 1229/1229
f 2022/2022 2021/2021 2025/2025
f 2021/2021 2028/2028 2025/2025
f 1221/1221 1229/1229 1219/1219
f 1219/1219 1229/1229 1241/1241
f 2094/2094 2098/2098 2096/2096
f 2100/2100 2098/2098 2094/2094
f 2024/2024 2020/2020 2026/2026
f 2026/2026 2020/2020 2022/2022
f 1235/1235 1221/1221 1217/1217
f 1221/1221 1219/1219 1217/1217
f 1217/1217 1219/1219 1218/1218
f 2024/2024 2023/2023 2020/2020
f 2020/2020 2023/2023 2021/2021
f 2101/2101 2096/2096 2097/2097
f 2097/2097 2096/2096 2098/2098
f 1219/1219 1241/1241 1218/1218
f 2093/2093 2094/2094 2095/2095
f 2096/2096 2095/2095 2094/2094
f 1217/1217 1218/1218 1213/1213
f 1213/1213 1218/1218 1237/1237
f 2101/2101 2097/2097 2102/2102
f 1213/1213 1237/1237 1214/1214
f 2102/2102 2097/2097 2103/2103
f 684/684 677/677 691/691
f 691/691 677/677 688/688
f 491/491 490/490 488/488
f 1237/1237 1240/1240 1214/1214
f 490/490 489/489 488/488
f 488/488 489/489 487/487
f 688/688 674/674 687/687
f 2075/2075 2072/2072 2074/2074
f 1483/1483 1510/1510 1502/1502
f 1483/1483 1502/1502 1482/1482
f 2072/2072 2073/2073 2074/2074
f 874/874 888/888 990/990
f 1482/1482 1480/1480 1481/1481
f 1482/1482 1487/1487 1480/1480
f 1481/1481 1483/1483 1482/1482
f 1482/1482 1502/1502 1526/1526
f 1649/1649 1648/1648 1644/1644
f 872/872 871/871 874/874
f 874/874 871/871 885/885
f 874/874 885/885 888/888
f 885/885 932/932 888/888
f 870/870 869/869 871/871
f 869/869 877/877 871/871
f 1478/1478 1480/1480 1477/1477
f 870/870 865/865 869/869
f 1477/1477 1476/1476 1478/1478
f 1477/1477 1480/1480 1486/1486
f 1480/1480 1487/1487 1486/1486
f 865/865 868/868 869/869
f 1487/1487 1482/1482 1526/1526
f 1481/1481 1480/1480 1478/1478
f 872/872 870/870 871/871
f 1487/1487 1526/1526 1525/1525
f 1644/1644 1645/1645 1646/1646
f 1648/1648 1689/1689 1645/1645
f 1644/1644 1648/1648 1645/1645
f 1689/1689 1687/1687 1645/1645
f 871/871 877/877 885/885
f 885/885 895/895 932/932
f 877/877 895/895 885/885
f 1645/1645 1687/1687 1647/1647
f 1652/1652 1691/1691 1650/1650
f 1649/1649 1652/1652 1650/1650
f 1649/1649 1650/1650 1648/1648
f 1650/1650 1689/1689 1648/1648
f 1691/1691 1689/1689 1650/1650
f 1214/1214 1240/1240 1223/1223
f 488/488 487/487 472/472
f 1486/1486 1498/1498 1485/1485
f 1498/1498 1504/1504 1485/1485
f 1477/1477 1486/1486 1485/1485
f 1498/1498 1523/1523 1504/1504
f 1523/1523 1521/1521 1504/1504
f 1486/1486 1487/1487 1498/1498
f 877/877 894/894 895/895
f 1475/1475 1476/1476 1477/1477
f 865/865 867/867 868/868
f 868/868 873/873 869/869
f 868/868 867/867 873/873
f 869/869 873/873 877/877
f 873/873 882/882 877/877
f 877/877 882/882 894/894
f 1487/1487 1525/1525 1524/1524
f 1487/1487 1524/1524 1498/1498
f 1646/1646 1647/1647 1651/1651
f 1646/1646 1645/1645 1647/1647
f 1498/1498 1524/1524 1523/1523
f 1524/1524 1536/1536 1523/1523
f 1651/1651 1647/1647 1690/1690
f 1647/1647 1688/1688 1690/1690
f 1647/1647 1686/1686 1688/1688
f 2035/2035 2031/2031 2032/2032
f 2031/2031 2030/2030 2032/2032
f 1687/1687 1685/1685 1647/1647
f 1647/1647 1685/1685 1686/1686
f 2034/2034 2033/2033 2031/2031
f 2034/2034 2031/2031 2035/2035
f 1523/1523 1527/1527 1521/1521
f 2033/2033 2029/2029 2031/2031
f 1527/1527 1528/1528 1521/1521
f 1888/1888 1890/1890 1893/1893
f 1888/1888 1889/1889 1890/1890
f 1688/1688 1686/1686 1679/1679
f 2029/2029 2036/2036 2030/2030
f 2036/2036 2037/2037 2030/2030
f 2150/2150 2151/2151 2152/2152
f 1686/1686 1685/1685 1679/1679
f 1685/1685 1678/1678 1679/1679
f 2029/2029 2030/2030 2031/2031
f 1895/1895 1894/1894 1890/1890
f 1477/1477 1484/1484 1479/1479
f 1477/1477 1479/1479 1475/1475
f 1606/1606 1618/1618 1620/1620
f 1606/1606 1603/1603 1618/1618
f 1900/1900 1905/1905 1897/1897
f 1603/1603 1616/1616 1618/1618
f 1477/1477 1485/1485 1484/1484
f 1485/1485 1496/1496 1484/1484
f 1484/1484 1496/1496 1488/1488
f 1485/1485 1504/1504 1496/1496
f 1496/1496 1504/1504 1517/1517
f 1618/1618 1617/1617 1619/1619
f 1479/1479 1484/1484 1488/1488
f 1603/1603 1600/1600 1616/1616
f 1475/1475 1479/1479 1489/1489
f 1488/1488 1496/1496 1495/1495
f 1496/1496 1515/1515 1495/1495
f 1496/1496 1517/1517 1515/1515
f 1618/1618 1616/1616 1617/1617
f 1504/1504 1521/1521 1517/1517
f 1521/1521 1522/1522 1517/1517
f 1661/1661 1660/1660 1658/1658
f 1517/1517 1522/1522 1519/1519
f 1517/1517 1519/1519 1515/1515
f 1476/1476 1475/1475 1514/1514
f 865/865 866/866 867/867
f 1604/1604 1602/1602 1603/1603
f 1606/1606 1604/1604 1603/1603
f 1900/1900 1899/1899 1901/1901
f 1900/1900 1897/1897 1899/1899
f 1604/1604 1608/1608 1602/1602
f 1602/1602 1608/1608 1609/1609
f 1905/1905 1906/1906 1898/1898
f 1897/1897 1905/1905 1898/1898
f 1897/1897 1898/1898 1899/1899
f 1902/1902 1901/1901 1899/1899
f 867/867 876/876 873/873
f 866/866 875/875 867/867
f 1901/1901 1902/1902 1908/1908
f 867/867 875/875 876/876
f 1899/1899 1903/1903 1902/1902
f 1602/1602 1600/1600 1603/1603
f 1602/1602 1601/1601 1600/1600
f 1602/1602 1609/1609 1601/1601
f 875/875 884/884 876/876
f 1898/1898 1906/1906 1907/1907
f 254/254 253/253 252/252
f 1893/1893 1890/1890 1894/1894
f 1660/1660 1662/1662 1659/1659
f 1660/1660 1659/1659 1658/1658
f 1679/1679 1678/1678 1662/1662
f 1898/1898 1903/1903 1899/1899
f 1898/1898 1904/1904 1903/1903
f 1898/1898 1907/1907 1904/1904
f 1662/1662 1678/1678 1674/1674
f 1659/1659 1662/1662 1674/1674
f 253/253 251/251 252/252
f 1658/1658 1659/1659 1657/1657
f 1658/1658 1657/1657 1653/1653
f 252/252 251/251 250/250
f 1683/1683 1674/1674 1678/1678
f 1659/1659 1674/1674 1663/1663
f 1534/1534 1530/1530 1527/1527
f 1896/1896 1891/1891 1892/1892
f 1527/1527 1530/1530 1528/1528
f 1892/1892 1891/1891 1889/1889
f 2030/2030 2037/2037 2032/2032
f 2032/2032 2037/2037 2038/2038
f 1889/1889 1891/1891 1890/1890
f 1890/1890 1891/1891 1895/1895
f 413/413 412/412 411/411
f 416/416 411/411 415/415
f 416/416 415/415 433/433
f 412/412 410/410 411/411
f 807/807 800/800 778/778
f 410/410 412/412 425/425
f 426/426 425/425 412/412
f 1479/1479 1488/1488 1489/1489
f 1600/1600 1613/1613 1616/1616
f 1616/1616 1614/1614 1617/1617
f 1616/1616 1613/1613 1614/1614
f 1495/1495 1515/1515 1516/1516
f 1515/1515 1519/1519 1520/1520
f 875/875 879/879 884/884
f 1683/1683 1682/1682 1674/1674
f 1682/1682 1673/1673 1674/1674
f 247/247 250/250 248/248
f 1682/1682 1681/1681 1673/1673
f 1659/1659 1663/1663 1657/1657
f 1653/1653 1657/1657 1654/1654
f 251/251 248/248 250/250
f 1657/1657 1663/1663 1654/1654
f 1653/1653 1654/1654 1655/1655
f 1654/1654 1663/1663 1656/1656
f 1663/1663 1674/1674 1673/1673
f 1663/1663 1673/1673 1656/1656
f 1488/1488 1491/1491 1490/1490
f 1489/1489 1488/1488 1490/1490
f 1488/1488 1495/1495 1491/1491
f 1613/1613 1610/1610 1614/1614
f 1495/1495 1516/1516 1491/1491
f 1516/1516 1529/1529 1491/1491
f 1490/1490 1491/1491 1492/1492
f 1490/1490 1492/1492 1505/1505
f 1515/1515 1518/1518 1516/1516
f 1515/1515 1520/1520 1518/1518
f 1516/1516 1518/1518 1529/1529
f 1529/1529 1518/1518 1535/1535
f 1600/1600 1601/1601 1597/1597
f 248/248 245/245 247/247
f 245/245 246/246 247/247
f 1654/1654 1656/1656 1655/1655
f 1655/1655 1664/1664 1665/1665
f 1655/1655 1656/1656 1664/1664
f 1665/1665 1664/1664 1666/1666
f 1656/1656 1673/1673 1672/1672
f 1656/1656 1672/1672 1664/1664
f 1673/1673 1681/1681 1672/1672
f 807/807 809/809 800/800
f 415/415 411/411 387/387
f 415/415 387/387 433/433
f 411/411 410/410 387/387
f 410/410 430/430 409/409
f 410/410 409/409 387/387
f 778/778 800/800 775/775
f 425/425 430/430 410/410
f 670/670 662/662 680/680
f 658/658 662/662 670/670
f 735/735 740/740 739/739
f 1228/1228 1236/1236 1234/1234
f 387/387 370/370 433/433
f 433/433 370/370 375/375
f 736/736 737/737 735/735
f 735/735 737/737 740/740
f 809/809 811/811 801/801
f 370/370 387/387 350/350
f 375/375 370/370 349/349
f 370/370 350/350 349/349
f 809/809 801/801 800/800
f 800/800 801/801 784/784
f 409/409 430/430 352/352
f 775/775 800/800 784/784
f 633/633 659/659 658/658
f 658/658 659/659 662/662
f 775/775 784/784 783/783
f 680/680 662/662 681/681
f 662/662 659/659 661/661
f 662/662 661/661 681/681
f 430/430 424/424 352/352
f 352/352 424/424 380/380
f 661/661 682/682 681/681
f 409/409 352/352 387/387
f 387/387 352/352 350/350
f 1492/1492 1494/1494 1497/1497
f 1492/1492 1491/1491 1493/1493
f 1491/1491 1529/1529 1493/1493
f 1492/1492 1493/1493 1494/1494
f 1613/1613 1596/1596 1611/1611
f 1613/1613 1611/1611 1610/1610
f 1610/1610 1611/1611 1612/1612
f 1611/1611 1615/1615 1612/1612
f 1494/1494 1493/1493 1501/1501
f 1596/1596 1595/1595 1611/1611
f 1595/1595 1596/1596 1592/1592
f 1529/1529 1531/1531 1493/1493
f 1529/1529 1535/1535 1531/1531
f 1531/1531 1535/1535 1532/1532
f 1493/1493 1503/1503 1501/1501
f 1493/1493 1531/1531 1503/1503
f 1531/1531 1532/1532 1503/1503
f 1668/1668 1666/1666 1667/1667
f 246/246 244/244 249/249
f 245/245 243/243 244/244
f 1666/1666 1664/1664 1667/1667
f 245/245 244/244 246/246
f 1681/1681 1677/1677 1672/1672
f 244/244 241/241 249/249
f 1664/1664 1672/1672 1669/1669
f 243/243 241/241 244/244
f 243/243 242/242 241/241
f 1664/1664 1669/1669 1667/1667
f 1669/1669 1672/1672 1675/1675
f 1677/1677 1675/1675 1672/1672
f 1677/1677 1680/1680 1675/1675
f 1497/1497 1494/1494 1499/1499
f 1611/1611 1599/1599 1615/1615
f 1494/1494 1501/1501 1499/1499
f 1595/1595 1599/1599 1611/1611
f 1595/1595 1592/1592 1590/1590
f 1497/1497 1500/1500 1512/1512
f 1497/1497 1499/1499 1500/1500
f 1511/1511 1497/1497 1512/1512
f 659/659 634/634 661/661
f 157/157 154/154 158/158
f 1599/1599 1595/1595 1589/1589
f 1501/1501 1506/1506 1499/1499
f 2089/2089 2090/2090 2091/2091
f 1499/1499 1507/1507 1508/1508
f 1499/1499 1506/1506 1507/1507
f 1507/1507 1506/1506 1509/1509
f 1595/1595 1590/1590 1589/1589
f 1501/1501 1503/1503 1506/1506
f 1503/1503 1532/1532 1506/1506
f 1668/1668 1667/1667 1670/1670
f 1506/1506 1532/1532 1533/1533
f 1509/1509 1506/1506 1533/1533
f 239/239 240/240 229/229
f 1668/1668 1670/1670 1671/1671
f 344/344 332/332 343/343
f 463/463 343/343 342/342
f 343/343 332/332 342/342
f 1592/1592 1591/1591 1590/1590
f 1590/1590 1591/1591 1588/1588
f 978/978 899/899 892/892
f 892/892 899/899 891/891
f 899/899 893/893 891/891
f 890/890 893/893 903/903
f 890/890 903/903 921/921
f 242/242 238/238 241/241
f 242/242 239/239 238/238
f 1667/1667 1669/1669 1670/1670
f 1669/1669 1675/1675 1670/1670
f 239/239 229/229 238/238
f 1670/1670 1675/1675 1676/1676
f 344/344 369/369 332/332
f 1675/1675 1680/1680 1676/1676
f 1680/1680 1684/1684 1676/1676
f 230/230 241/241 238/238
f 736/736 738/738 737/737
f 737/737 744/744 740/740
f 737/737 738/738 745/745
f 745/745 744/744 737/737
f 736/736 754/754 738/738
f 754/754 769/769 760/760
f 754/754 753/753 738/738
f 754/754 760/760 753/753
f 738/738 753/753 745/745
f 375/375 349/349 346/346
f 345/345 346/346 334/334
f 346/346 349/349 334/334
f 811/811 804/804 801/801
f 350/350 348/348 349/349
f 334/334 349/349 348/348
f 334/334 348/348 305/305
f 801/801 804/804 793/793
f 782/782 783/783 795/795
f 632/632 634/634 659/659
f 783/783 784/784 785/785
f 795/795 783/783 791/791
f 801/801 793/793 784/784
f 352/352 380/380 351/351
f 380/380 477/477 474/474
f 784/784 793/793 785/785
f 2039/2039 2042/2042 2040/2040
f 2039/2039 2040/2040 2041/2041
f 1607/1607 1605/1605 1582/1582
f 795/795 791/791 799/799
f 783/783 785/785 791/791
f 632/632 631/631 634/634
f 791/791 785/785 796/796
f 1583/1583 1582/1582 1578/1578
f 350/350 352/352 351/351
f 351/351 348/348 350/350
f 351/351 356/356 348/348
f 356/356 311/311 348/348
f 351/351 380/380 356/356
f 380/380 474/474 356/356
f 474/474 463/463 356/356
f 356/356 342/342 311/311
f 760/760 762/762 753/753
f 760/760 769/769 770/770
f 1027/1027 1029/1029 1028/1028
f 61/61 115/115 59/59
f 799/799 791/791 797/797
f 791/791 796/796 797/797
f 630/630 641/641 637/637
f 348/348 311/311 305/305
f 305/305 311/311 303/303
f 311/311 300/300 303/303
f 311/311 333/333 300/300
f 305/305 303/303 304/304
f 303/303 302/302 304/304
f 302/302 303/303 299/299
f 303/303 300/300 299/299
f 2092/2092 2091/2091 2090/2090
f 1599/1599 1598/1598 1605/1605
f 1589/1589 1598/1598 1599/1599
f 1598/1598 1589/1589 1581/1581
f 1598/1598 1582/1582 1605/1605
f 1598/1598 1581/1581 1582/1582
f 1590/1590 1588/1588 1589/1589
f 154/154 153/153 155/155
f 634/634 635/635 639/639
f 174/174 152/152 157/157
f 1582/1582 1581/1581 1578/1578
f 1581/1581 1589/1589 1584/1584
f 1589/1589 1588/1588 1584/1584
f 356/356 463/463 342/342
f 342/342 332/332 331/331
f 332/332 330/330 331/331
f 155/155 153/153 160/160
f 978/978 977/977 899/899
f 1584/1584 1588/1588 1587/1587
f 899/899 900/900 893/893
f 238/238 229/229 230/230
f 229/229 227/227 230/230
f 332/332 368/368 330/330
f 332/332 369/369 368/368
f 229/229 228/228 227/227
f 447/447 446/446 369/369
f 230/230 227/227 233/233
f 903/903 901/901 935/935
f 903/903 893/893 901/901
f 369/369 446/446 368/368
f 893/893 900/900 901/901
f 631/631 635/635 634/634
f 154/154 157/157 151/151
f 157/157 152/152 151/151
f 1578/1578 1581/1581 1579/1579
f 1581/1581 1584/1584 1579/1579
f 1578/1578 1579/1579 1580/1580
f 154/154 151/151 153/153
f 631/631 636/636 635/635
f 631/631 637/637 636/636
f 152/152 149/149 151/151
f 637/637 642/642 636/636
f 1579/1579 1585/1585 1586/1586
f 1579/1579 1584/1584 1585/1585
f 1584/1584 1587/1587 1585/1585
f 151/151 149/149 147/147
f 151/151 147/147 150/150
f 160/160 153/153 161/161
f 977/977 958/958 899/899
f 153/153 150/150 161/161
f 899/899 923/923 900/900
f 153/153 151/151 150/150
f 958/958 923/923 899/899
f 342/342 333/333 311/311
f 333/333 331/331 301/301
f 342/342 331/331 333/333
f 331/331 330/330 301/301
f 333/333 301/301 300/300
f 228/228 226/226 227/227
f 330/330 316/316 301/301
f 368/368 316/316 330/330
f 301/301 298/298 300/300
f 301/301 316/316 298/298
f 300/300 298/298 299/299
f 298/298 316/316 314/314
f 227/227 226/226 225/225
f 446/446 440/440 368/368
f 233/233 227/227 234/234
f 227/227 225/225 234/234
f 935/935 901/901 934/934
f 368/368 367/367 316/316
f 368/368 440/440 367/367
f 316/316 367/367 314/314
f 61/61 57/57 58/58
f 61/61 59/59 57/57
f 57/57 56/56 58/58
f 72/72 71/71 59/59
f 59/59 71/71 54/54
f 59/59 54/54 57/57
f 58/58 56/56 77/77
f 637/637 641/641 642/642
f 56/56 134/134 77/77
f 57/57 54/54 56/56
f 71/71 70/70 54/54
f 56/56 54/54 55/55
f 56/56 55/55 134/134
f 54/54 53/53 55/55
f 304/304 310/310 309/309
f 310/310 304/304 302/302
f 636/636 642/642 643/643
f 149/149 148/148 147/147
f 642/642 644/644 643/643
f 148/148 146/146 147/147
f 147/147 145/145 150/150
f 150/150 145/145 161/161
f 979/979 960/960 958/958
f 958/958 960/960 923/923
f 147/147 146/146 145/145
f 146/146 143/143 145/145
f 145/145 143/143 144/144
f 979/979 965/965 960/960
f 960/960 927/927 923/923
f 148/148 143/143 146/146
f 960/960 965/965 927/927
f 226/226 224/224 225/225
f 440/440 460/460 367/367
f 225/225 231/231 234/234
f 367/367 460/460 405/405
f 965/965 954/954 927/927
f 143/143 141/141 144/144
f 141/141 164/164 144/144
f 70/70 18/18 52/52
f 70/70 52/52 54/54
f 54/54 52/52 53/53
f 55/55 53/53 80/80
f 55/55 80/80 134/134
f 53/53 51/51 80/80
f 52/52 51/51 53/53
f 52/52 50/50 51/51
f 80/80 51/51 142/142
f 143/143 134/134 142/142
f 80/80 142/142 134/134
f 143/143 142/142 141/141
f 141/141 137/137 164/164
f 927/927 954/954 909/909
f 142/142 136/136 141/141
f 142/142 51/51 136/136
f 141/141 136/136 137/137
f 954/954 931/931 909/909
f 137/137 166/166 164/164
f 954/954 968/968 931/931
f 19/19 50/50 52/52
f 19/19 31/31 50/50
f 50/50 49/49 51/51
f 51/51 49/49 136/136
f 31/31 48/48 50/50
f 50/50 48/48 49/49
f 48/48 47/47 49/49
f 49/49 47/47 68/68
f 136/136 49/49 133/133
f 136/136 133/133 137/137
f 137/137 133/133 166/166
f 49/49 68/68 133/133
f 882/882 889/889 894/894
f 894/894 889/889 928/928
f 873/873 876/876 882/882
f 876/876 887/887 882/882
f 882/882 887/887 889/889
f 889/889 887/887 898/898
f 876/876 884/884 887/887
f 889/889 898/898 928/928
f 887/887 897/897 898/898
f 887/887 884/884 897/897
f 884/884 896/896 897/897
f 879/879 883/883 884/884
f 884/884 886/886 896/896
f 884/884 883/883 886/886
f 883/883 890/890 886/886
f 886/886 890/890 896/896
f 896/896 890/890 920/920
f 892/892 891/891 883/883
f 883/883 891/891 890/890
f 890/890 921/921 920/920
f 891/891 893/893 890/890
f 900/900 902/902 901/901
f 901/901 904/904 934/934
f 901/901 902/902 904/904
f 900/900 923/923 902/902
f 923/923 906/906 902/902
f 923/923 927/927 906/906
f 902/902 905/905 904/904
f 902/902 906/906 905/905
f 905/905 908/908 904/904
f 904/904 908/908 933/933
f 905/905 906/906 907/907
f 927/927 909/909 906/906
f 906/906 909/909 907/907
f 905/905 907/907 908/908
f 907/907 909/909 910/910
f 909/909 931/931 910/910
f 1942/1942 1944/1944 1945/1945
f 1942/1942 1945/1945 1951/1951
f 1942/1942 1943/1943 1944/1944
f 1759/1759 1758/1758 1757/1757
f 1942/1942 1951/1951 1954/1954
f 1759/1759 1757/1757 1765/1765
f 1757/1757 1758/1758 1756/1756
f 1758/1758 1763/1763 1756/1756
f 1942/1942 1954/1954 1941/1941
f 1765/1765 1757/1757 1760/1760
f 1757/1757 1755/1755 1760/1760
f 1421/1421 1420/1420 1419/1419
f 1941/1941 1932/1932 1942/1942
f 1942/1942 1932/1932 1943/1943
f 1621/1621 1623/1623 1627/1627
f 1932/1932 1946/1946 1943/1943
f 1621/1621 1622/1622 1623/1623
f 1757/1757 1756/1756 1755/1755
f 1755/1755 1756/1756 1754/1754
f 1756/1756 1763/1763 1764/1764
f 1631/1631 1623/1623 1632/1632
f 1420/1420 1422/1422 1417/1417
f 1760/1760 1755/1755 1753/1753
f 1941/1941 1931/1931 1932/1932
f 1932/1932 1931/1931 1930/1930
f 1932/1932 1930/1930 1946/1946
f 1622/1622 1624/1624 1623/1623
f 1419/1419 1420/1420 1417/1417
f 1419/1419 1417/1417 1416/1416
f 1930/1930 1947/1947 1946/1946
f 1626/1626 1625/1625 1622/1622
f 1622/1622 1625/1625 1624/1624
f 1756/1756 1808/1808 1754/1754
f 1756/1756 1764/1764 1808/1808
f 1443/1443 1432/1432 1434/1434
f 1432/1432 1431/1431 1434/1434
f 1434/1434 1431/1431 1444/1444
f 1755/1755 1754/1754 1753/1753
f 1931/1931 1933/1933 1927/1927
f 1931/1931 1950/1950 1933/1933
f 1933/1933 1934/1934 1927/1927
f 1416/1416 1402/1402 1403/1403
f 1416/1416 1417/1417 1402/1402
f 1416/1416 1403/1403 1414/1414
f 1140/1140 1132/1132 1125/1125
f 1403/1403 1402/1402 1317/1317
f 1414/1414 1403/1403 1413/1413
f 1132/1132 1124/1124 1125/1125
f 1753/1753 1749/1749 1748/1748
f 1417/1417 1422/1422 1402/1402
f 1422/1422 1418/1418 1402/1402
f 1140/1140 1125/1125 1170/1170
f 1170/1170 1125/1125 1130/1130
f 1402/1402 1418/1418 1313/1313
f 1125/1125 1124/1124 1123/1123
f 1125/1125 1123/1123 1130/1130
f 1748/1748 1750/1750 1751/1751
f 1748/1748 1749/1749 1750/1750
f 1931/1931 1927/1927 1930/1930
f 1930/1930 1927/1927 1929/1929
f 1941/1941 1950/1950 1931/1931
f 1930/1930 1929/1929 1947/1947
f 1927/1927 1928/1928 1929/1929
f 1472/1472 1463/1463 1465/1465
f 1473/1473 1472/1472 1465/1465
f 1463/1463 1464/1464 1465/1465
f 1473/1473 1468/1468 1474/1474
f 1473/1473 1465/1465 1468/1468
f 1465/1465 1464/1464 1468/1468
f 1250/1250 1249/1249 1247/1247
f 1250/1250 1247/1247 1259/1259
f 1249/1249 1244/1244 1247/1247
f 1249/1249 1252/1252 1244/1244
f 1252/1252 1253/1253 1244/1244
f 1848/1848 1844/1844 1847/1847
f 1468/1468 1464/1464 1469/1469
f 1844/1844 1842/1842 1847/1847
f 1252/1252 1265/1265 1253/1253
f 1754/1754 1749/1749 1753/1753
f 1754/1754 1793/1793 1749/1749
f 1754/1754 1808/1808 1804/1804
f 1754/1754 1804/1804 1793/1793
f 1808/1808 1810/1810 1804/1804
f 1444/1444 1431/1431 1442/1442
f 1463/1463 1466/1466 1464/1464
f 1463/1463 1471/1471 1466/1466
f 1172/1172 1170/1170 1169/1169
f 1170/1170 1130/1130 1169/1169
f 1130/1130 1168/1168 1169/1169
f 1749/1749 1793/1793 1750/1750
f 1464/1464 1466/1466 1467/1467
f 1464/1464 1467/1467 1470/1470
f 1469/1469 1464/1464 1470/1470
f 1846/1846 1884/1884 1883/1883
f 1846/1846 1883/1883 1845/1845
f 1887/1887 1885/1885 1884/1884
f 1884/1884 1885/1885 1883/1883
f 1885/1885 1886/1886 1882/1882
f 1885/1885 1882/1882 1883/1883
f 1413/1413 1403/1403 1401/1401
f 1403/1403 1317/1317 1401/1401
f 1401/1401 1317/1317 1346/1346
f 1317/1317 1312/1312 1346/1346
f 1402/1402 1313/1313 1317/1317
f 1317/1317 1313/1313 1312/1312
f 1313/1313 1310/1310 1312/1312
f 1751/1751 1750/1750 1752/1752
f 1927/1927 1934/1934 1928/1928
f 1259/1259 1247/1247 1260/1260
f 1929/1929 1928/1928 1939/1939
f 1928/1928 1936/1936 1939/1939
f 1413/1413 1401/1401 1405/1405
f 1934/1934 1935/1935 1928/1928
f 1934/1934 1948/1948 1935/1935
f 1405/1405 1401/1401 1346/1346
f 1247/1247 1246/1246 1260/1260
f 1928/1928 1935/1935 1936/1936
f 1247/1247 1244/1244 1246/1246
f 1124/1124 1122/1122 1123/1123
f 1130/1130 1123/1123 1167/1167
f 1130/1130 1167/1167 1168/1168
f 1750/1750 1793/1793 1792/1792
f 1750/1750 1792/1792 1752/1752
f 1804/1804 1802/1802 1793/1793
f 1793/1793 1802/1802 1792/1792
f 1122/1122 1120/1120 1123/1123
f 1123/1123 1126/1126 1167/1167
f 1752/1752 1792/1792 1791/1791
f 1312/1312 1310/1310 1309/1309
f 1310/1310 1305/1305 1309/1309
f 1886/1886 1879/1879 1882/1882
f 1167/1167 1166/1166 1168/1168
f 1167/1167 1126/1126 1166/1166
f 1886/1886 1877/1877 1879/1879
f 1122/1122 1121/1121 1120/1120
f 1935/1935 1937/1937 1936/1936
f 1244/1244 1253/1253 1245/1245
f 1244/1244 1245/1245 1246/1246
f 1121/1121 1118/1118 1120/1120
f 1948/1948 1949/1949 1937/1937
f 1948/1948 1937/1937 1935/1935
f 1405/1405 1346/1346 1404/1404
f 1246/1246 1245/1245 1248/1248
f 1246/1246 1248/1248 1261/1261
f 1120/1120 1126/1126 1123/1123
f 1312/1312 1309/1309 1346/1346
f 1791/1791 1792/1792 1790/1790
f 1802/1802 1796/1796 1792/1792
f 1792/1792 1796/1796 1790/1790
f 1346/1346 1309/1309 1314/1314
f 1118/1118 1119/1119 1120/1120
f 1120/1120 1119/1119 1126/1126
f 1126/1126 1165/1165 1166/1166
f 1937/1937 1949/1949 1919/1919
f 1404/1404 1346/1346 1314/1314
f 1404/1404 1370/1370 1411/1411
f 1404/1404 1314/1314 1316/1316
f 1118/1118 1102/1102 1119/1119
f 1404/1404 1316/1316 1370/1370
f 1316/1316 1311/1311 1370/1370
f 1309/1309 1305/1305 1307/1307
f 1309/1309 1307/1307 1314/1314
f 1305/1305 1306/1306 1307/1307
f 1791/1791 1790/1790 1786/1786
f 1314/1314 1311/1311 1316/1316
f 1314/1314 1307/1307 1311/1311
f 1119/1119 1108/1108 1126/1126
f 1119/1119 1102/1102 1108/1108
f 1126/1126 1108/1108 1165/1165
f 1108/1108 1102/1102 1101/1101
f 1307/1307 1308/1308 1311/1311
f 1307/1307 1306/1306 1308/1308
f 1370/1370 1311/1311 1342/1342
f 1311/1311 1308/1308 1315/1315
f 1630/1630 1628/1628 1629/1629
f 1628/1628 1627/1627 1629/1629
f 1628/1628 1621/1621 1627/1627
f 1759/1759 1761/1761 1758/1758
f 1761/1761 1762/1762 1758/1758
f 1758/1758 1762/1762 1763/1763
f 1629/1629 1627/1627 1631/1631
f 1627/1627 1623/1623 1631/1631
f 1432/1432 1429/1429 1431/1431
f 1429/1429 1428/1428 1431/1431
f 1955/1955 1947/1947 1952/1952
f 1429/1429 1426/1426 1428/1428
f 1947/1947 1929/1929 1952/1952
f 1929/1929 1940/1940 1952/1952
f 1844/1844 1843/1843 1842/1842
f 1844/1844 1845/1845 1843/1843
f 1426/1426 1423/1423 1425/1425
f 1426/1426 1425/1425 1428/1428
f 1431/1431 1428/1428 1433/1433
f 1844/1844 1846/1846 1845/1845
f 1431/1431 1433/1433 1442/1442
f 1428/1428 1425/1425 1433/1433
f 1843/1843 1845/1845 1881/1881
f 1883/1883 1882/1882 1845/1845
f 1845/1845 1882/1882 1881/1881
f 1810/1810 1802/1802 1804/1804
f 1442/1442 1433/1433 1441/1441
f 1810/1810 1811/1811 1802/1802
f 1929/1929 1939/1939 1940/1940
f 1437/1437 1423/1423 1426/1426
f 1940/1940 1939/1939 1953/1953
f 1843/1843 1841/1841 1842/1842
f 1842/1842 1841/1841 1840/1840
f 1842/1842 1840/1840 1850/1850
f 1850/1850 1840/1840 1827/1827
f 1840/1840 1841/1841 1828/1828
f 1840/1840 1828/1828 1827/1827
f 1423/1423 1424/1424 1425/1425
f 1843/1843 1881/1881 1841/1841
f 1425/1425 1424/1424 1433/1433
f 1424/1424 1441/1441 1433/1433
f 1841/1841 1881/1881 1880/1880
f 1880/1880 1881/1881 1879/1879
f 1882/1882 1879/1879 1881/1881
f 1802/1802 1811/1811 1807/1807
f 1802/1802 1807/1807 1796/1796
f 1441/1441 1424/1424 1445/1445
f 1300/1300 1301/1301 1297/1297
f 1127/1127 1142/1142 1146/1146
f 1922/1922 1920/1920 1912/1912
f 1301/1301 1300/1300 1302/1302
f 1127/1127 1110/1110 1142/1142
f 1304/1304 1302/1302 1300/1300
f 1915/1915 1938/1938 1917/1917
f 1915/1915 1917/1917 1911/1911
f 1911/1911 1917/1917 1918/1918
f 1912/1912 1920/1920 1910/1910
f 1912/1912 1910/1910 1909/1909
f 1909/1909 1910/1910 1911/1911
f 1909/1909 1911/1911 1918/1918
f 1912/1912 1909/1909 1918/1918
f 1912/1912 1918/1918 1921/1921
f 1917/1917 1919/1919 1918/1918
f 1256/1256 1257/1257 1254/1254
f 1256/1256 1263/1263 1262/1262
f 1256/1256 1262/1262 1257/1257
f 1412/1412 1411/1411 1399/1399
f 1835/1835 1821/1821 1832/1832
f 1832/1832 1821/1821 1820/1820
f 428/428 381/381 383/383
f 381/381 382/382 383/383
f 383/383 382/382 418/418
f 1142/1142 1110/1110 1138/1138
f 1821/1821 1817/1817 1820/1820
f 382/382 360/360 417/417
f 417/417 360/360 384/384
f 382/382 417/417 418/418
f 1910/1910 1913/1913 1911/1911
f 1911/1911 1913/1913 1915/1915
f 1920/1920 1914/1914 1910/1910
f 1914/1914 1913/1913 1910/1910
f 1812/1812 1813/1813 1814/1814
f 1142/1142 1138/1138 1145/1145
f 1816/1816 1812/1812 1814/1814
f 1266/1266 1262/1262 1263/1263
f 1821/1821 1814/1814 1817/1817
f 1815/1815 1813/1813 1812/1812
f 1914/1914 1923/1923 1913/1913
f 1913/1913 1923/1923 1924/1924
f 418/418 417/417 465/465
f 1814/1814 1813/1813 1817/1817
f 1817/1817 1813/1813 1818/1818
f 1936/1936 1938/1938 1916/1916
f 1253/1253 1264/1264 1245/1245
f 1953/1953 1939/1939 1926/1926
f 1939/1939 1936/1936 1926/1926
f 1936/1936 1916/1916 1926/1926
f 1841/1841 1880/1880 1828/1828
f 1423/1423 1427/1427 1424/1424
f 1427/1427 1430/1430 1424/1424
f 1827/1827 1828/1828 1824/1824
f 1427/1427 1436/1436 1430/1430
f 1936/1936 1937/1937 1938/1938
f 1251/1251 1254/1254 1248/1248
f 1245/1245 1251/1251 1248/1248
f 1245/1245 1264/1264 1251/1251
f 1938/1938 1915/1915 1916/1916
f 1849/1849 1827/1827 1823/1823
f 1827/1827 1824/1824 1823/1823
f 1824/1824 1828/1828 1829/1829
f 1828/1828 1872/1872 1829/1829
f 1823/1823 1824/1824 1819/1819
f 1877/1877 1872/1872 1879/1879
f 1879/1879 1872/1872 1880/1880
f 1796/1796 1807/1807 1797/1797
f 1790/1790 1796/1796 1797/1797
f 1807/1807 1809/1809 1797/1797
f 1424/1424 1435/1435 1445/1445
f 1828/1828 1880/1880 1872/1872
f 1424/1424 1430/1430 1435/1435
f 1445/1445 1435/1435 1446/1446
f 1790/1790 1797/1797 1787/1787
f 1877/1877 1875/1875 1872/1872
f 1926/1926 1916/1916 1925/1925
f 1916/1916 1924/1924 1925/1925
f 1440/1440 1438/1438 1436/1436
f 1436/1436 1438/1438 1430/1430
f 1819/1819 1824/1824 1829/1829
f 1430/1430 1438/1438 1439/1439
f 1430/1430 1439/1439 1435/1435
f 1435/1435 1439/1439 1446/1446
f 1937/1937 1917/1917 1938/1938
f 1937/1937 1919/1919 1917/1917
f 1248/1248 1254/1254 1255/1255
f 1251/1251 1256/1256 1254/1254
f 1815/1815 1849/1849 1823/1823
f 1815/1815 1823/1823 1813/1813
f 1248/1248 1255/1255 1258/1258
f 1411/1411 1370/1370 1399/1399
f 1248/1248 1258/1258 1261/1261
f 1118/1118 1112/1112 1102/1102
f 1112/1112 1100/1100 1102/1102
f 1102/1102 1100/1100 1101/1101
f 1254/1254 1257/1257 1255/1255
f 1257/1257 1258/1258 1255/1255
f 1790/1790 1787/1787 1786/1786
f 562/562 561/561 558/558
f 562/562 558/558 563/563
f 1797/1797 1794/1794 1787/1787
f 1165/1165 1108/1108 1164/1164
f 561/561 559/559 558/558
f 1108/1108 1101/1101 1103/1103
f 1108/1108 1103/1103 1164/1164
f 1786/1786 1784/1784 1785/1785
f 1786/1786 1787/1787 1784/1784
f 1787/1787 1794/1794 1784/1784
f 1915/1915 1913/1913 1916/1916
f 1913/1913 1924/1924 1916/1916
f 1813/1813 1823/1823 1819/1819
f 1819/1819 1829/1829 1836/1836
f 1829/1829 1872/1872 1836/1836
f 1813/1813 1819/1819 1818/1818
f 1872/1872 1875/1875 1871/1871
f 563/563 558/558 564/564
f 1797/1797 1798/1798 1794/1794
f 1797/1797 1809/1809 1798/1798
f 1836/1836 1872/1872 1871/1871
f 1446/1446 1439/1439 1458/1458
f 417/417 384/384 408/408
f 465/465 445/445 470/470
f 417/417 445/445 465/465
f 417/417 408/408 445/445
f 470/470 445/445 461/461
f 445/445 443/443 461/461
f 470/470 461/461 462/462
f 462/462 461/461 458/458
f 1818/1818 1819/1819 1825/1825
f 1819/1819 1836/1836 1825/1825
f 1438/1438 1447/1447 1439/1439
f 1836/1836 1851/1851 1825/1825
f 1818/1818 1825/1825 1826/1826
f 461/461 443/443 458/458
f 1447/1447 1448/1448 1439/1439
f 1297/1297 1301/1301 1387/1387
f 1076/1076 1068/1068 1110/1110
f 1110/1110 1068/1068 1105/1105
f 1110/1110 1105/1105 1138/1138
f 1387/1387 1301/1301 1373/1373
f 1301/1301 1412/1412 1398/1398
f 1138/1138 1105/1105 1139/1139
f 1412/1412 1399/1399 1398/1398
f 1139/1139 1105/1105 1106/1106
f 1105/1105 1069/1069 1106/1106
f 1398/1398 1399/1399 1394/1394
f 1106/1106 1069/1069 1097/1097
f 1301/1301 1398/1398 1373/1373
f 1068/1068 1070/1070 1065/1065
f 1068/1068 1065/1065 1067/1067
f 1068/1068 1067/1067 1105/1105
f 1105/1105 1067/1067 1069/1069
f 1374/1374 1373/1373 1372/1372
f 1373/1373 1398/1398 1366/1366
f 1373/1373 1366/1366 1372/1372
f 1398/1398 1394/1394 1366/1366
f 1394/1394 1341/1341 1366/1366
f 1067/1067 1065/1065 1066/1066
f 1067/1067 1066/1066 1069/1069
f 1372/1372 1366/1366 1371/1371
f 1399/1399 1370/1370 1342/1342
f 1100/1100 1080/1080 1101/1101
f 1106/1106 1097/1097 1112/1112
f 1112/1112 1097/1097 1100/1100
f 1342/1342 1315/1315 1319/1319
f 1399/1399 1342/1342 1394/1394
f 1097/1097 1069/1069 1080/1080
f 1069/1069 1074/1074 1080/1080
f 1097/1097 1080/1080 1100/1100
f 1342/1342 1341/1341 1394/1394
f 1342/1342 1319/1319 1341/1341
f 1341/1341 1319/1319 1321/1321
f 1080/1080 1074/1074 1078/1078
f 1080/1080 1078/1078 1103/1103
f 1342/1342 1311/1311 1315/1315
f 1315/1315 1308/1308 1318/1318
f 1101/1101 1080/1080 1103/1103
f 1785/1785 1784/1784 1779/1779
f 1784/1784 1781/1781 1779/1779
f 1784/1784 1794/1794 1781/1781
f 1103/1103 1161/1161 1164/1164
f 1319/1319 1315/1315 1318/1318
f 558/558 559/559 560/560
f 558/558 560/560 564/564
f 1798/1798 1781/1781 1794/1794
f 1164/1164 1161/1161 1162/1162
f 1103/1103 1078/1078 1161/1161
f 564/564 560/560 565/565
f 1341/1341 1338/1338 1366/1366
f 1341/1341 1321/1321 1338/1338
f 1366/1366 1338/1338 1371/1371
f 1321/1321 1319/1319 1320/1320
f 1319/1319 1318/1318 1320/1320
f 1069/1069 1066/1066 1074/1074
f 1338/1338 1321/1321 1324/1324
f 1781/1781 1770/1770 1779/1779
f 1779/1779 1770/1770 1774/1774
f 1774/1774 1770/1770 1769/1769
f 1162/1162 1161/1161 1160/1160
f 560/560 566/566 565/565
f 1321/1321 1323/1323 1324/1324
f 1321/1321 1322/1322 1323/1323
f 1321/1321 1320/1320 1322/1322
f 1770/1770 1767/1767 1769/1769
f 1832/1832 1820/1820 1831/1831
f 360/360 335/335 384/384
f 1831/1831 1820/1820 1822/1822
f 1831/1831 1822/1822 1833/1833
f 1820/1820 1817/1817 1818/1818
f 1820/1820 1818/1818 1822/1822
f 1818/1818 1826/1826 1822/1822
f 1831/1831 1833/1833 1838/1838
f 384/384 336/336 408/408
f 335/335 336/336 384/384
f 335/335 309/309 336/336
f 1833/1833 1822/1822 1834/1834
f 408/408 336/336 407/407
f 445/445 408/408 443/443
f 408/408 407/407 443/443
f 1826/1826 1830/1830 1822/1822
f 1822/1822 1830/1830 1834/1834
f 443/443 407/407 406/406
f 1830/1830 1852/1852 1853/1853
f 1851/1851 1860/1860 1852/1852
f 1826/1826 1825/1825 1830/1830
f 1830/1830 1825/1825 1851/1851
f 1851/1851 1852/1852 1830/1830
f 1449/1449 1448/1448 1447/1447
f 1836/1836 1871/1871 1860/1860
f 1836/1836 1860/1860 1851/1851
f 1439/1439 1453/1453 1458/1458
f 1439/1439 1448/1448 1453/1453
f 564/564 565/565 567/567
f 1781/1781 1798/1798 1788/1788
f 1798/1798 1806/1806 1788/1788
f 458/458 443/443 444/444
f 443/443 406/406 444/444
f 1448/1448 1449/1449 1450/1450
f 1448/1448 1450/1450 1453/1453
f 1781/1781 1788/1788 1770/1770
f 1453/1453 1450/1450 1462/1462
f 1788/1788 1806/1806 1805/1805
f 565/565 566/566 569/569
f 1770/1770 1788/1788 1767/1767
f 1788/1788 1789/1789 1767/1767
f 1788/1788 1805/1805 1789/1789
f 1457/1457 1451/1451 1449/1449
f 1450/1450 1449/1449 1451/1451
f 1852/1852 1860/1860 1856/1856
f 1065/1065 1063/1063 1064/1064
f 1375/1375 1372/1372 1376/1376
f 1372/1372 1371/1371 1376/1376
f 1376/1376 1371/1371 1369/1369
f 1065/1065 1064/1064 1066/1066
f 1066/1066 1073/1073 1074/1074
f 1066/1066 1064/1064 1073/1073
f 1371/1371 1352/1352 1369/1369
f 1371/1371 1338/1338 1352/1352
f 1352/1352 1338/1338 1324/1324
f 1074/1074 1073/1073 1078/1078
f 1078/1078 1159/1159 1161/1161
f 1078/1078 1073/1073 1077/1077
f 1078/1078 1077/1077 1159/1159
f 1352/1352 1324/1324 1336/1336
f 1161/1161 1159/1159 1160/1160
f 1324/1324 1323/1323 1325/1325
f 1352/1352 1336/1336 1369/1369
f 1324/1324 1325/1325 1336/1336
f 1375/1375 1376/1376 1377/1377
f 1064/1064 1053/1053 1073/1073
f 1377/1377 1376/1376 1378/1378
f 1376/1376 1369/1369 1378/1378
f 1063/1063 1059/1059 1064/1064
f 1377/1377 1378/1378 1379/1379
f 1064/1064 1059/1059 1060/1060
f 1064/1064 1060/1060 1053/1053
f 1369/1369 1336/1336 1358/1358
f 1769/1769 1766/1766 1775/1775
f 1769/1769 1767/1767 1766/1766
f 565/565 568/568 567/567
f 565/565 569/569 568/568
f 1860/1860 1870/1870 1856/1856
f 1870/1870 1861/1861 1856/1856
f 1450/1450 1459/1459 1462/1462
f 453/453 451/451 452/452
f 1160/1160 1158/1158 1163/1163
f 1767/1767 1789/1789 1780/1780
f 1805/1805 1795/1795 1789/1789
f 1789/1789 1795/1795 1780/1780
f 569/569 570/570 568/568
f 1077/1077 1157/1157 1159/1159
f 1053/1053 1072/1072 1073/1073
f 1336/1336 1335/1335 1358/1358
f 1073/1073 1072/1072 1077/1077
f 1336/1336 1325/1325 1327/1327
f 1336/1336 1327/1327 1335/1335
f 1325/1325 1326/1326 1327/1327
f 1077/1077 1107/1107 1157/1157
f 1775/1775 1766/1766 1778/1778
f 1323/1323 1326/1326 1325/1325
f 1159/1159 1158/1158 1160/1160
f 1159/1159 1157/1157 1158/1158
f 1766/1766 1767/1767 1768/1768
f 1158/1158 1157/1157 1147/1147
f 1163/1163 1158/1158 1156/1156
f 1158/1158 1147/1147 1156/1156
f 1768/1768 1767/1767 1780/1780
f 1379/1379 1378/1378 1381/1381
f 1059/1059 1057/1057 1060/1060
f 1369/1369 1358/1358 1368/1368
f 1378/1378 1369/1369 1368/1368
f 1060/1060 1057/1057 1053/1053
f 1378/1378 1368/1368 1381/1381
f 1057/1057 1051/1051 1053/1053
f 1059/1059 1058/1058 1057/1057
f 1379/1379 1381/1381 1392/1392
f 1062/1062 1056/1056 1058/1058
f 1058/1058 1056/1056 1057/1057
f 1368/1368 1392/1392 1381/1381
f 1051/1051 1057/1057 1056/1056
f 1056/1056 1049/1049 1051/1051
f 1077/1077 1072/1072 1107/1107
f 1358/1358 1335/1335 1337/1337
f 1053/1053 1052/1052 1072/1072
f 1053/1053 1051/1051 1052/1052
f 1072/1072 1052/1052 1095/1095
f 1335/1335 1327/1327 1330/1330
f 1327/1327 1326/1326 1328/1328
f 1072/1072 1095/1095 1107/1107
f 1778/1778 1766/1766 1773/1773
f 1768/1768 1771/1771 1766/1766
f 1766/1766 1771/1771 1773/1773
f 1780/1780 1772/1772 1768/1768
f 1147/1147 1153/1153 1156/1156
f 1768/1768 1772/1772 1771/1771
f 1157/1157 1107/1107 1147/1147
f 1147/1147 1107/1107 1148/1148
f 1147/1147 1148/1148 1153/1153
f 1773/1773 1771/1771 1776/1776
f 1337/1337 1335/1335 1330/1330
f 1358/1358 1337/1337 1368/1368
f 1327/1327 1329/1329 1330/1330
f 1327/1327 1328/1328 1329/1329
f 1095/1095 1149/1149 1107/1107
f 1107/1107 1149/1149 1148/1148
f 1051/1051 1050/1050 1052/1052
f 1052/1052 1050/1050 1095/1095
f 1368/1368 1337/1337 1365/1365
f 1051/1051 1049/1049 1050/1050
f 1050/1050 1055/1055 1095/1095
f 1095/1095 1055/1055 1149/1149
f 1148/1148 1150/1150 1153/1153
f 1773/1773 1776/1776 1777/1777
f 1330/1330 1329/1329 1331/1331
f 1149/1149 1150/1150 1148/1148
f 1777/1777 1776/1776 1783/1783
f 25/25 26/26 27/27
f 1368/1368 1365/1365 1392/1392
f 26/26 110/110 27/27
f 1056/1056 1054/1054 1049/1049
f 1365/1365 1353/1353 1367/1367
f 1365/1365 1337/1337 1353/1353
f 1337/1337 1330/1330 1332/1332
f 1337/1337 1332/1332 1353/1353
f 1330/1330 1331/1331 1332/1332
f 1049/1049 1047/1047 1048/1048
f 1050/1050 1049/1049 1048/1048
f 1050/1050 1048/1048 1055/1055
f 1353/1353 1332/1332 1334/1334
f 1329/1329 1333/1333 1331/1331
f 1332/1332 1331/1331 1334/1334
f 599/599 593/593 601/601
f 1353/1353 1334/1334 1367/1367
f 1334/1334 1331/1331 1339/1339
f 309/309 310/310 313/313
f 336/336 313/313 337/337
f 309/309 313/313 336/336
f 336/336 337/337 407/407
f 407/407 337/337 406/406
f 299/299 296/296 302/302
f 302/302 296/296 328/328
f 1830/1830 1853/1853 1834/1834
f 313/313 341/341 337/337
f 313/313 327/327 341/341
f 337/337 341/341 406/406
f 406/406 341/341 357/357
f 1857/1857 1853/1853 1855/1855
f 1853/1853 1854/1854 1855/1855
f 1857/1857 1855/1855 1858/1858
f 313/313 310/310 327/327
f 327/327 310/310 328/328
f 302/302 328/328 310/310
f 341/341 327/327 357/357
f 357/357 327/327 329/329
f 327/327 328/328 329/329
f 328/328 294/294 329/329
f 1853/1853 1852/1852 1854/1854
f 1852/1852 1856/1856 1854/1854
f 1457/1457 1455/1455 1451/1451
f 1450/1450 1452/1452 1459/1459
f 1450/1450 1451/1451 1452/1452
f 299/299 298/298 296/296
f 296/296 298/298 297/297
f 298/298 314/314 297/297
f 297/297 314/314 338/338
f 367/367 405/405 314/314
f 314/314 405/405 338/338
f 328/328 296/296 294/294
f 296/296 295/295 294/294
f 296/296 297/297 295/295
f 225/225 224/224 223/223
f 224/224 222/222 223/223
f 225/225 223/223 231/231
f 405/405 361/361 338/338
f 222/222 220/220 223/223
f 223/223 220/220 232/232
f 231/231 223/223 232/232
f 405/405 464/464 361/361
f 297/297 338/338 295/295
f 338/338 361/361 295/295
f 357/357 329/329 377/377
f 329/329 290/290 377/377
f 290/290 329/329 294/294
f 1854/1854 1856/1856 1861/1861
f 1455/1455 1454/1454 1451/1451
f 1855/1855 1854/1854 1859/1859
f 1451/1451 1454/1454 1452/1452
f 1459/1459 1452/1452 1460/1460
f 1452/1452 1454/1454 1460/1460
f 1455/1455 1456/1456 1454/1454
f 1855/1855 1859/1859 1858/1858
f 1854/1854 1861/1861 1859/1859
f 451/451 449/449 452/452
f 568/568 570/570 571/571
f 1795/1795 1803/1803 1780/1780
f 1870/1870 1873/1873 1861/1861
f 451/451 450/450 449/449
f 449/449 450/450 379/379
f 1454/1454 1461/1461 1460/1460
f 1456/1456 1461/1461 1454/1454
f 1859/1859 1861/1861 1863/1863
f 1858/1858 1859/1859 1862/1862
f 377/377 290/290 378/378
f 1862/1862 1859/1859 1863/1863
f 450/450 378/378 379/379
f 222/222 221/221 220/220
f 295/295 361/361 358/358
f 361/361 464/464 457/457
f 221/221 218/218 220/220
f 295/295 358/358 293/293
f 220/220 218/218 219/219
f 232/232 219/219 236/236
f 220/220 219/219 232/232
f 361/361 457/457 358/358
f 930/930 911/911 918/918
f 236/236 219/219 237/237
f 930/930 918/918 987/987
f 294/294 295/295 293/293
f 294/294 293/293 292/292
f 294/294 292/292 290/290
f 290/290 292/292 289/289
f 292/292 293/293 291/291
f 358/358 374/374 293/293
f 457/457 374/374 358/358
f 218/218 215/215 219/219
f 219/219 215/215 237/237
f 293/293 374/374 291/291
f 25/25 28/28 31/31
f 31/31 28/28 48/48
f 570/570 572/572 571/571
f 1861/1861 1873/1873 1865/1865
f 1863/1863 1861/1861 1865/1865
f 1780/1780 1803/1803 1800/1800
f 449/449 379/379 420/420
f 1780/1780 1800/1800 1772/1772
f 378/378 290/290 364/364
f 1862/1862 1863/1863 1864/1864
f 1862/1862 1864/1864 1867/1867
f 364/364 290/290 285/285
f 290/290 289/289 285/285
f 1863/1863 1865/1865 1864/1864
f 364/364 379/379 378/378
f 1771/1771 1772/1772 1776/1776
f 1153/1153 1150/1150 1154/1154
f 572/572 574/574 573/573
f 572/572 573/573 571/571
f 1873/1873 1874/1874 1865/1865
f 1776/1776 1799/1799 1783/1783
f 1865/1865 1866/1866 1864/1864
f 379/379 354/354 420/420
f 379/379 364/364 354/354
f 1864/1864 1868/1868 1867/1867
f 364/364 285/285 354/354
f 1865/1865 1874/1874 1866/1866
f 1874/1874 1878/1878 1869/1869
f 1874/1874 1869/1869 1866/1866
f 1866/1866 1868/1868 1864/1864
f 1866/1866 1869/1869 1868/1868
f 285/285 260/260 354/354
f 133/133 167/167 166/166
f 968/968 969/969 926/926
f 133/133 68/68 123/123
f 133/133 123/123 167/167
f 969/969 961/961 926/926
f 926/926 961/961 913/913
f 913/913 961/961 952/952
f 289/289 292/292 280/280
f 289/289 280/280 285/285
f 280/280 292/292 279/279
f 292/292 291/291 279/279
f 291/291 278/278 279/279
f 216/216 217/217 213/213
f 291/291 374/374 365/365
f 218/218 216/216 215/215
f 374/374 436/436 365/365
f 918/918 986/986 987/987
f 216/216 213/213 215/215
f 235/235 237/237 215/215
f 918/918 916/916 986/986
f 436/436 385/385 365/365
f 291/291 365/365 278/278
f 285/285 280/280 274/274
f 285/285 274/274 260/260
f 280/280 279/279 272/272
f 280/280 272/272 274/274
f 235/235 215/215 214/214
f 918/918 912/912 916/916
f 912/912 914/914 916/916
f 986/986 916/916 985/985
f 215/215 213/213 214/214
f 914/914 915/915 916/916
f 914/914 913/913 915/915
f 213/213 212/212 214/214
f 916/916 915/915 917/917
f 278/278 365/365 385/385
f 279/279 278/278 272/272
f 278/278 273/273 272/272
f 273/273 278/278 385/385
f 916/916 917/917 985/985
f 273/273 385/385 386/386
f 985/985 917/917 988/988
f 25/25 27/27 28/28
f 27/27 29/29 28/28
f 28/28 29/29 30/30
f 28/28 30/30 47/47
f 1054/1054 1047/1047 1049/1049
f 48/48 28/28 47/47
f 47/47 67/67 68/68
f 110/110 106/106 27/27
f 27/27 106/106 29/29
f 29/29 33/33 30/30
f 29/29 36/36 33/33
f 29/29 106/106 36/36
f 30/30 39/39 47/47
f 30/30 33/33 39/39
f 39/39 33/33 66/66
f 1150/1150 1152/1152 1154/1154
f 1150/1150 1151/1151 1152/1152
f 1154/1154 1152/1152 1155/1155
f 1149/1149 1055/1055 1151/1151
f 1149/1149 1151/1151 1150/1150
f 1868/1868 1869/1869 1876/1876
f 354/354 260/260 255/255
f 1048/1048 1046/1046 1055/1055
f 1048/1048 1047/1047 1046/1046
f 1367/1367 1334/1334 1355/1355
f 1334/1334 1343/1343 1355/1355
f 1047/1047 1044/1044 1046/1046
f 1331/1331 1340/1340 1339/1339
f 1334/1334 1339/1339 1343/1343
f 1055/1055 1075/1075 1151/1151
f 1046/1046 1075/1075 1055/1055
f 68/68 67/67 123/123
f 167/167 123/123 162/162
f 969/969 973/973 962/962
f 969/969 962/962 961/961
f 961/961 962/962 952/952
f 47/47 39/39 66/66
f 47/47 66/66 67/67
f 67/67 76/76 123/123
f 67/67 66/66 76/76
f 123/123 76/76 162/162
f 76/76 120/120 162/162
f 66/66 81/81 76/76
f 76/76 81/81 120/120
f 973/973 959/959 962/962
f 260/260 274/274 256/256
f 913/913 922/922 915/915
f 922/922 929/929 915/915
f 913/913 952/952 922/922
f 213/213 211/211 212/212
f 212/212 211/211 206/206
f 952/952 962/962 922/922
f 962/962 959/959 922/922
f 33/33 69/69 66/66
f 66/66 69/69 81/81
f 106/106 105/105 36/36
f 1343/1343 1339/1339 1344/1344
f 36/36 105/105 86/86
f 33/33 36/36 69/69
f 36/36 86/86 69/69
f 1343/1343 1344/1344 1355/1355
f 1046/1046 1044/1044 1045/1045
f 1355/1355 1344/1344 1354/1354
f 105/105 104/104 86/86
f 86/86 104/104 89/89
f 69/69 82/82 81/81
f 81/81 82/82 119/119
f 922/922 959/959 955/955
f 120/120 81/81 119/119
f 972/972 955/955 959/959
f 119/119 102/102 135/135
f 972/972 966/966 955/955
f 69/69 86/86 88/88
f 88/88 82/82 69/69
f 86/86 89/89 88/88
f 82/82 88/88 102/102
f 82/82 102/102 119/119
f 955/955 966/966 956/956
f 89/89 90/90 88/88
f 88/88 92/92 102/102
f 88/88 90/90 92/92
f 908/908 919/919 933/933
f 908/908 907/907 919/919
f 907/907 911/911 919/919
f 931/931 926/926 910/910
f 907/907 910/910 911/911
f 919/919 911/911 930/930
f 931/931 968/968 926/926
f 910/910 926/926 913/913
f 911/911 910/910 912/912
f 911/911 912/912 918/918
f 910/910 913/913 912/912
f 912/912 913/913 914/914
f 915/915 929/929 924/924
f 915/915 924/924 917/917
f 917/917 924/924 925/925
f 922/922 955/955 929/929
f 929/929 936/936 924/924
f 925/925 924/924 937/937
f 924/924 936/936 937/937
f 955/955 956/956 929/929
f 929/929 956/956 936/936
f 956/956 939/939 936/936
f 956/956 966/966 957/957
f 1772/1772 1800/1800 1801/1801
f 1776/1776 1772/1772 1782/1782
f 1799/1799 1776/1776 1782/1782
f 1772/1772 1801/1801 1782/1782
f 420/420 354/354 288/288
f 354/354 255/255 288/288
f 603/603 595/595 600/600
f 600/600 592/592 599/599
f 600/600 595/595 592/592
f 286/286 258/258 283/283
f 286/286 288/288 258/258
f 288/288 255/255 258/258
f 255/255 260/260 256/256
f 255/255 256/256 257/257
f 1155/1155 1152/1152 1171/1171
f 258/258 259/259 283/283
f 255/255 257/257 258/258
f 258/258 257/257 259/259
f 1151/1151 1129/1129 1152/1152
f 599/599 592/592 593/593
f 1152/1152 1129/1129 1171/1171
f 593/593 592/592 591/591
f 1151/1151 1075/1075 1129/1129
f 1339/1339 1340/1340 1345/1345
f 593/593 591/591 604/604
f 592/592 595/595 594/594
f 1171/1171 1129/1129 1173/1173
f 283/283 259/259 284/284
f 1171/1171 1173/1173 1174/1174
f 592/592 594/594 589/589
f 592/592 589/589 591/591
f 284/284 259/259 262/262
f 594/594 588/588 589/589
f 284/284 262/262 287/287
f 272/272 265/265 274/274
f 274/274 265/265 256/256
f 211/211 209/209 206/206
f 272/272 273/273 271/271
f 273/273 386/386 271/271
f 271/271 265/265 272/272
f 257/257 261/261 259/259
f 257/257 256/256 261/261
f 256/256 265/265 261/261
f 259/259 261/261 262/262
f 265/265 263/263 261/261
f 265/265 266/266 263/263
f 265/265 271/271 266/266
f 209/209 204/204 206/206
f 1339/1339 1345/1345 1344/1344
f 1075/1075 1046/1046 1045/1045
f 1075/1075 1079/1079 1129/1129
f 1075/1075 1045/1045 1079/1079
f 1129/1129 1079/1079 1173/1173
f 604/604 591/591 602/602
f 1345/1345 1347/1347 1344/1344
f 591/591 589/589 590/590
f 591/591 590/590 602/602
f 1173/1173 1079/1079 1128/1128
f 1173/1173 1128/1128 1174/1174
f 590/590 589/589 587/587
f 1344/1344 1347/1347 1348/1348
f 1344/1344 1348/1348 1354/1354
f 1044/1044 1039/1039 1045/1045
f 1348/1348 1347/1347 1349/1349
f 1079/1079 1043/1043 1128/1128
f 1079/1079 1045/1045 1043/1043
f 1045/1045 1039/1039 1043/1043
f 590/590 586/586 602/602
f 602/602 586/586 607/607
f 587/587 589/589 588/588
f 590/590 587/587 586/586
f 261/261 263/263 262/262
f 287/287 262/262 282/282
f 262/262 264/264 282/282
f 262/262 263/263 264/264
f 1174/1174 1128/1128 1175/1175
f 588/588 585/585 587/587
f 588/588 598/598 585/585
f 1128/1128 1043/1043 1094/1094
f 587/587 585/585 586/586
f 585/585 598/598 580/580
f 585/585 580/580 579/579
f 282/282 264/264 281/281
f 264/264 263/263 268/268
f 598/598 584/584 580/580
f 264/264 268/268 281/281
f 89/89 104/104 91/91
f 1354/1354 1348/1348 1356/1356
f 89/89 91/91 90/90
f 1039/1039 1042/1042 1043/1043
f 102/102 92/92 135/135
f 92/92 100/100 163/163
f 1356/1356 1348/1348 1351/1351
f 91/91 94/94 90/90
f 1039/1039 1038/1038 1036/1036
f 92/92 90/90 93/93
f 92/92 93/93 100/100
f 1043/1043 1042/1042 1094/1094
f 586/586 597/597 607/607
f 1349/1349 1350/1350 1348/1348
f 1349/1349 1364/1364 1350/1350
f 1094/1094 1042/1042 1041/1041
f 1094/1094 1041/1041 1131/1131
f 585/585 579/579 586/586
f 1128/1128 1131/1131 1175/1175
f 1128/1128 1094/1094 1131/1131
f 1175/1175 1131/1131 1176/1176
f 579/579 597/597 586/586
f 281/281 268/268 275/275
f 580/580 575/575 579/579
f 1176/1176 1131/1131 1137/1137
f 579/579 575/575 578/578
f 1039/1039 1036/1036 1042/1042
f 1042/1042 1036/1036 1041/1041
f 1351/1351 1348/1348 1350/1350
f 1351/1351 1350/1350 1357/1357
f 579/579 578/578 596/596
f 1350/1350 1364/1364 1359/1359
f 1364/1364 1415/1415 1359/1359
f 1350/1350 1359/1359 1357/1357
f 597/597 579/579 596/596
f 1131/1131 1117/1117 1137/1137
f 1131/1131 1041/1041 1117/1117
f 94/94 93/93 90/90
f 91/91 103/103 94/94
f 1038/1038 1035/1035 1036/1036
f 93/93 96/96 100/100
f 93/93 95/95 96/96
f 94/94 103/103 95/95
f 93/93 94/94 95/95
f 1356/1356 1351/1351 1360/1360
f 1360/1360 1351/1351 1357/1357
f 1036/1036 1035/1035 1034/1034
f 1041/1041 1040/1040 1117/1117
f 1041/1041 1036/1036 1040/1040
f 103/103 101/101 95/95
f 101/101 98/98 95/95
f 1357/1357 1363/1363 1360/1360
f 1035/1035 1033/1033 1034/1034
f 1034/1034 1037/1037 1036/1036
f 1360/1360 1363/1363 1393/1393
f 917/917 925/925 988/988
f 386/386 438/438 271/271
f 438/438 437/437 271/271
f 937/937 940/940 925/925
f 437/437 363/363 271/271
f 937/937 936/936 938/938
f 936/936 939/939 938/938
f 206/206 204/204 203/203
f 271/271 363/363 266/266
f 937/937 938/938 940/940
f 363/363 437/437 427/427
f 956/956 957/957 939/939
f 957/957 967/967 953/953
f 938/938 939/939 941/941
f 939/939 953/953 941/941
f 939/939 957/957 953/953
f 940/940 938/938 943/943
f 940/940 943/943 989/989
f 938/938 942/942 943/943
f 938/938 941/941 942/942
f 363/363 267/267 266/266
f 263/263 266/266 267/267
f 204/204 201/201 203/203
f 201/201 204/204 208/208
f 267/267 363/363 373/373
f 263/263 267/267 268/268
f 267/267 373/373 269/269
f 267/267 269/269 268/268
f 208/208 207/207 201/201
f 268/268 269/269 270/270
f 203/203 201/201 202/202
f 363/363 427/427 373/373
f 201/201 199/199 202/202
f 269/269 373/373 366/366
f 201/201 207/207 200/200
f 427/427 423/423 373/373
f 957/957 966/966 967/967
f 135/135 92/92 163/163
f 966/966 975/975 967/967
f 941/941 948/948 942/942
f 941/941 953/953 948/948
f 967/967 964/964 953/953
f 953/953 964/964 948/948
f 975/975 974/974 967/967
f 974/974 964/964 967/967
f 989/989 943/943 984/984
f 943/943 942/942 944/944
f 943/943 944/944 984/984
f 201/201 200/200 199/199
f 366/366 373/373 423/423
f 948/948 964/964 951/951
f 942/942 945/945 944/944
f 942/942 948/948 945/945
f 948/948 951/951 945/945
f 945/945 951/951 946/946
f 944/944 982/982 984/984
f 945/945 946/946 944/944
f 964/964 970/970 963/963
f 964/964 963/963 951/951
f 100/100 125/125 163/163
f 163/163 125/125 170/170
f 96/96 125/125 100/100
f 170/170 125/125 139/139
f 974/974 976/976 970/970
f 964/964 974/974 970/970
f 96/96 95/95 97/97
f 96/96 97/97 125/125
f 95/95 98/98 97/97
f 125/125 97/97 139/139
f 97/97 99/99 139/139
f 970/970 976/976 971/971
f 580/580 584/584 575/575
f 584/584 583/583 575/575
f 575/575 577/577 578/578
f 583/583 576/576 575/575
f 575/575 576/576 577/577
f 1117/1117 1116/1116 1137/1137
f 1137/1137 1116/1116 1136/1136
f 1117/1117 1040/1040 1116/1116
f 1359/1359 1415/1415 1362/1362
f 578/578 581/581 596/596
f 1357/1357 1359/1359 1361/1361
f 1036/1036 1037/1037 1040/1040
f 270/270 275/275 268/268
f 584/584 605/605 583/583
f 275/275 270/270 276/276
f 269/269 366/366 270/270
f 207/207 205/205 200/200
f 200/200 197/197 199/199
f 270/270 366/366 277/277
f 277/277 366/366 422/422
f 605/605 606/606 583/583
f 583/583 606/606 582/582
f 200/200 205/205 197/197
f 270/270 277/277 276/276
f 205/205 210/210 196/196
f 422/422 421/421 277/277
f 205/205 196/196 197/197
f 199/199 197/197 198/198
f 366/366 423/423 422/422
f 423/423 441/441 422/422
f 422/422 441/441 421/421
f 198/198 197/197 195/195
f 944/944 946/946 947/947
f 944/944 947/947 982/982
f 982/982 947/947 983/983
f 441/441 442/442 421/421
f 951/951 950/950 946/946
f 951/951 963/963 950/950
f 197/197 196/196 195/195
f 946/946 949/949 947/947
f 947/947 981/981 983/983
f 2166/2166 2164/2164 2167/2167
f 2166/2166 2161/2161 2164/2164
f 2175/2175 2178/2178 2177/2177
f 2168/2168 2171/2171 2165/2165
f 2169/2169 2162/2162 2161/2161
f 2161/2161 2162/2162 2163/2163
f 2169/2169 2170/2170 2162/2162
f 2161/2161 2163/2163 2164/2164
f 2168/2168 2165/2165 2162/2162
f 2168/2168 2162/2162 2170/2170
f 2179/2179 2174/2174 2176/2176
f 2177/2177 2173/2173 2175/2175
f 2172/2172 2175/2175 2173/2173
f 2172/2172 2173/2173 2174/2174
f 2162/2162 2165/2165 2163/2163
f 2174/2174 2173/2173 2176/2176
f 2187/2187 2180/2180 2188/2188
f 2188/2188 2180/2180 2182/2182
f 2187/2187 2186/2186 2180/2180
f 2180/2180 2186/2186 2185/2185
f 2180/2180 2181/2181 2182/2182
f 2180/2180 2185/2185 2181/2181
f 2182/2182 2184/2184 2188/2188
f 2188/2188 2184/2184 2189/2189
f 2182/2182 2183/2183 2184/2184
f 2182/2182 2181/2181 2183/2183
f 2190/2190 2191/2191 2192/2192
f 2190/2190 2195/2195 2196/2196
f 2190/2190 2192/2192 2195/2195
f 2197/2197 2190/2190 2196/2196
f 2191/2191 2193/2193 2192/2192
f 2191/2191 2194/2194 2193/2193
f 2418/2418 2410/2410 2414/2414
f 2373/2373 2375/2375 2376/2376
f 2373/2373 2374/2374 2375/2375
f 2374/2374 2403/2403 2375/2375
f 2374/2374 2404/2404 2403/2403
f 2404/2404 2405/2405 2403/2403
f 2404/2404 2409/2409 2405/2405
f 2410/2410 2413/2413 2414/2414
f 2376/2376 2375/2375 2377/2377
f 2410/2410 2412/2412 2413/2413
f 2410/2410 2411/2411 2412/2412
f 2376/2376 2377/2377 2380/2380
f 2375/2375 2378/2378 2377/2377
f 2375/2375 2403/2403 2378/2378
f 2378/2378 2403/2403 2402/2402
f 2380/2380 2377/2377 2379/2379
f 2411/2411 2415/2415 2412/2412
f 2415/2415 2411/2411 2416/2416
f 2380/2380 2381/2381 2382/2382
f 2377/2377 2378/2378 2379/2379
f 2378/2378 2388/2388 2379/2379
f 2378/2378 2402/2402 2401/2401
f 2378/2378 2401/2401 2388/2388
f 2379/2379 2381/2381 2380/2380
f 2379/2379 2388/2388 2381/2381
f 2388/2388 2401/2401 2398/2398
f 2388/2388 2398/2398 2386/2386
f 2415/2415 2416/2416 2417/2417
f 2382/2382 2381/2381 2383/2383
f 2416/2416 2419/2419 2417/2417
f 2381/2381 2384/2384 2383/2383
f 2381/2381 2386/2386 2384/2384
f 2381/2381 2388/2388 2386/2386
f 2384/2384 2386/2386 2387/2387
f 2383/2383 2384/2384 2385/2385
f 2384/2384 2387/2387 2385/2385
f 2386/2386 2398/2398 2389/2389
f 2386/2386 2389/2389 2387/2387
f 2389/2389 2390/2390 2387/2387
f 2398/2398 2400/2400 2389/2389
f 2398/2398 2399/2399 2400/2400
f 2389/2389 2394/2394 2390/2390
f 2389/2389 2400/2400 2394/2394
f 2399/2399 2406/2406 2400/2400
f 2400/2400 2406/2406 2394/2394
f 2331/2331 2338/2338 2337/2337
f 2331/2331 2337/2337 2336/2336
f 2387/2387 2390/2390 2391/2391
f 2394/2394 2406/2406 2407/2407
f 2390/2390 2394/2394 2392/2392
f 2391/2391 2390/2390 2392/2392
f 2331/2331 2328/2328 2330/2330
f 2331/2331 2336/2336 2328/2328
f 2394/2394 2407/2407 2408/2408
f 2392/2392 2394/2394 2371/2371
f 2328/2328 2336/2336 2341/2341
f 2328/2328 2341/2341 2326/2326
f 2391/2391 2392/2392 2393/2393
f 2392/2392 2371/2371 2393/2393
f 2208/2208 2198/2198 2205/2205
f 2349/2349 2205/2205 2348/2348
f 2205/2205 2198/2198 2200/2200
f 2205/2205 2202/2202 2348/2348
f 2205/2205 2200/2200 2202/2202
f 2198/2198 2199/2199 2200/2200
f 2200/2200 2199/2199 2201/2201
f 2200/2200 2201/2201 2202/2202
f 2209/2209 2210/2210 2211/2211
f 2209/2209 2211/2211 2213/2213
f 2348/2348 2202/2202 2346/2346
f 2202/2202 2204/2204 2346/2346
f 2201/2201 2203/2203 2202/2202
f 2202/2202 2203/2203 2204/2204
f 2346/2346 2204/2204 2269/2269
f 2204/2204 2203/2203 2206/2206
f 2204/2204 2206/2206 2269/2269
f 2363/2363 2364/2364 2357/2357
f 2363/2363 2357/2357 2362/2362
f 2362/2362 2357/2357 2309/2309
f 2357/2357 2339/2339 2309/2309
f 2309/2309 2339/2339 2308/2308
f 2308/2308 2307/2307 2309/2309
f 2339/2339 2332/2332 2308/2308
f 2308/2308 2332/2332 2306/2306
f 2308/2308 2306/2306 2307/2307
f 2306/2306 2305/2305 2307/2307
f 2306/2306 2304/2304 2305/2305
f 2339/2339 2354/2354 2332/2332
f 2354/2354 2355/2355 2332/2332
f 2332/2332 2355/2355 2356/2356
f 2306/2306 2332/2332 2304/2304
f 2332/2332 2356/2356 2304/2304
f 2304/2304 2302/2302 2305/2305
f 2304/2304 2356/2356 2335/2335
f 2304/2304 2335/2335 2303/2303
f 2356/2356 2353/2353 2335/2335
f 2356/2356 2325/2325 2353/2353
f 2325/2325 2333/2333 2353/2353
f 2394/2394 2408/2408 2371/2371
f 2367/2367 2368/2368 2369/2369
f 2367/2367 2372/2372 2368/2368
f 2330/2330 2320/2320 2324/2324
f 2365/2365 2366/2366 2324/2324
f 2328/2328 2320/2320 2330/2330
f 2328/2328 2326/2326 2320/2320
f 2365/2365 2324/2324 2325/2325
f 2325/2325 2323/2323 2333/2333
f 2325/2325 2324/2324 2323/2323
f 2408/2408 2369/2369 2371/2371
f 2304/2304 2303/2303 2302/2302
f 2302/2302 2303/2303 2300/2300
f 2303/2303 2335/2335 2300/2300
f 2302/2302 2300/2300 2299/2299
f 2335/2335 2353/2353 2333/2333
f 2335/2335 2333/2333 2300/2300
f 2300/2300 2333/2333 2329/2329
f 2299/2299 2300/2300 2298/2298
f 2324/2324 2319/2319 2323/2323
f 2320/2320 2326/2326 2322/2322
f 2324/2324 2320/2320 2319/2319
f 2320/2320 2322/2322 2318/2318
f 2320/2320 2318/2318 2319/2319
f 2323/2323 2319/2319 2321/2321
f 2323/2323 2321/2321 2333/2333
f 2326/2326 2340/2340 2322/2322
f 2326/2326 2341/2341 2340/2340
f 2393/2393 2371/2371 2395/2395
f 2341/2341 2359/2359 2340/2340
f 2322/2322 2340/2340 2315/2315
f 2322/2322 2315/2315 2318/2318
f 2359/2359 2358/2358 2340/2340
f 2333/2333 2321/2321 2329/2329
f 2321/2321 2319/2319 2316/2316
f 2319/2319 2318/2318 2316/2316
f 2340/2340 2358/2358 2315/2315
f 2318/2318 2315/2315 2313/2313
f 2318/2318 2313/2313 2316/2316
f 2315/2315 2358/2358 2314/2314
f 2315/2315 2314/2314 2313/2313
f 2329/2329 2321/2321 2316/2316
f 2300/2300 2329/2329 2297/2297
f 2300/2300 2297/2297 2298/2298
f 2358/2358 2350/2350 2314/2314
f 2314/2314 2350/2350 2347/2347
f 2314/2314 2312/2312 2313/2313
f 2312/2312 2314/2314 2347/2347
f 2297/2297 2329/2329 2317/2317
f 2329/2329 2316/2316 2317/2317
f 2297/2297 2317/2317 2296/2296
f 2317/2317 2310/2310 2296/2296
f 2297/2297 2295/2295 2298/2298
f 2297/2297 2296/2296 2295/2295
f 2317/2317 2316/2316 2310/2310
f 2316/2316 2313/2313 2310/2310
f 2296/2296 2294/2294 2295/2295
f 2313/2313 2312/2312 2310/2310
f 2296/2296 2310/2310 2294/2294
f 2295/2295 2294/2294 2292/2292
f 2310/2310 2312/2312 2311/2311
f 2310/2310 2311/2311 2294/2294
f 2292/2292 2294/2294 2291/2291
f 2212/2212 2215/2215 2214/2214
f 2212/2212 2214/2214 2210/2210
f 2209/2209 2212/2212 2210/2210
f 2211/2211 2216/2216 2213/2213
f 2213/2213 2216/2216 2266/2266
f 2369/2369 2368/2368 2370/2370
f 2369/2369 2370/2370 2371/2371
f 2361/2361 2345/2345 2360/2360
f 2345/2345 2346/2346 2269/2269
f 2371/2371 2370/2370 2396/2396
f 2360/2360 2345/2345 2352/2352
f 2203/2203 2207/2207 2206/2206
f 2206/2206 2207/2207 2217/2217
f 2269/2269 2206/2206 2219/2219
f 2206/2206 2217/2217 2219/2219
f 2265/2265 2266/2266 2264/2264
f 2266/2266 2216/2216 2264/2264
f 2265/2265 2264/2264 2244/2244
f 2217/2217 2207/2207 2218/2218
f 2264/2264 2242/2242 2244/2244
f 2244/2244 2242/2242 2228/2228
f 2228/2228 2242/2242 2231/2231
f 2371/2371 2396/2396 2395/2395
f 2396/2396 2397/2397 2395/2395
f 2352/2352 2345/2345 2351/2351
f 2345/2345 2344/2344 2351/2351
f 2358/2358 2359/2359 2351/2351
f 2345/2345 2269/2269 2344/2344
f 2344/2344 2269/2269 2243/2243
f 2269/2269 2219/2219 2243/2243
f 2243/2243 2219/2219 2220/2220
f 2217/2217 2220/2220 2219/2219
f 2217/2217 2221/2221 2220/2220
f 2358/2358 2351/2351 2350/2350
f 2351/2351 2344/2344 2350/2350
f 2344/2344 2243/2243 2241/2241
f 2243/2243 2220/2220 2241/2241
f 2217/2217 2228/2228 2221/2221
f 2228/2228 2231/2231 2221/2221
f 2231/2231 2242/2242 2235/2235
f 2221/2221 2231/2231 2225/2225
f 2221/2221 2225/2225 2222/2222
f 2231/2231 2235/2235 2225/2225
f 2221/2221 2222/2222 2220/2220
f 2350/2350 2344/2344 2343/2343
f 2350/2350 2343/2343 2347/2347
f 2344/2344 2241/2241 2343/2343
f 2343/2343 2241/2241 2226/2226
f 2241/2241 2220/2220 2223/2223
f 2241/2241 2223/2223 2226/2226
f 2220/2220 2222/2222 2223/2223
f 2222/2222 2224/2224 2223/2223
f 2347/2347 2342/2342 2312/2312
f 2347/2347 2343/2343 2342/2342
f 2223/2223 2224/2224 2226/2226
f 2343/2343 2226/2226 2227/2227
f 2222/2222 2225/2225 2224/2224
f 2225/2225 2232/2232 2224/2224
f 2225/2225 2235/2235 2232/2232
f 2235/2235 2234/2234 2232/2232
f 2232/2232 2234/2234 2233/2233
f 2224/2224 2232/2232 2229/2229
f 2232/2232 2233/2233 2229/2229
f 2312/2312 2342/2342 2311/2311
f 2311/2311 2342/2342 2327/2327
f 2311/2311 2327/2327 2294/2294
f 2294/2294 2327/2327 2291/2291
f 2226/2226 2224/2224 2227/2227
f 2343/2343 2227/2227 2342/2342
f 2224/2224 2229/2229 2227/2227
f 2342/2342 2227/2227 2272/2272
f 2227/2227 2229/2229 2230/2230
f 2227/2227 2230/2230 2272/2272
f 2229/2229 2233/2233 2236/2236
f 2292/2292 2291/2291 2287/2287
f 2292/2292 2287/2287 2293/2293
f 2327/2327 2334/2334 2291/2291
f 2327/2327 2342/2342 2334/2334
f 2291/2291 2334/2334 2290/2290
f 2334/2334 2271/2271 2290/2290
f 2342/2342 2272/2272 2334/2334
f 2334/2334 2272/2272 2271/2271
f 2272/2272 2230/2230 2271/2271
f 2233/2233 2240/2240 2236/2236
f 2230/2230 2229/2229 2236/2236
f 2236/2236 2240/2240 2237/2237
f 2291/2291 2290/2290 2287/2287
f 2287/2287 2290/2290 2285/2285
f 2293/2293 2287/2287 2288/2288
f 2287/2287 2286/2286 2288/2288
f 2287/2287 2285/2285 2286/2286
f 2290/2290 2271/2271 2285/2285
f 2288/2288 2286/2286 2289/2289
f 2286/2286 2285/2285 2282/2282
f 2271/2271 2268/2268 2285/2285
f 2282/2282 2285/2285 2270/2270
f 2289/2289 2286/2286 2284/2284
f 2286/2286 2282/2282 2284/2284
f 2289/2289 2284/2284 2283/2283
f 2284/2284 2282/2282 2281/2281
f 2230/2230 2238/2238 2271/2271
f 2230/2230 2236/2236 2237/2237
f 2230/2230 2237/2237 2238/2238
f 2238/2238 2237/2237 2239/2239
f 2237/2237 2240/2240 2246/2246
f 2271/2271 2238/2238 2239/2239
f 2237/2237 2246/2246 2245/2245
f 2237/2237 2245/2245 2239/2239
f 2268/2268 2271/2271 2239/2239
f 2268/2268 2239/2239 2247/2247
f 2268/2268 2247/2247 2267/2267
f 2239/2239 2245/2245 2247/2247
f 2285/2285 2268/2268 2270/2270
f 2284/2284 2281/2281 2283/2283
f 2268/2268 2267/2267 2270/2270
f 2282/2282 2270/2270 2281/2281
f 2281/2281 2270/2270 2254/2254
f 2281/2281 2280/2280 2283/2283
f 2283/2283 2280/2280 2278/2278
f 2270/2270 2267/2267 2254/2254
f 2267/2267 2249/2249 2254/2254
f 2267/2267 2247/2247 2249/2249
f 2247/2247 2245/2245 2248/2248
f 2247/2247 2248/2248 2249/2249
f 2281/2281 2254/2254 2280/2280
f 2249/2249 2250/2250 2254/2254
f 2280/2280 2254/2254 2279/2279
f 2254/2254 2252/2252 2279/2279
f 2250/2250 2252/2252 2254/2254
f 2279/2279 2278/2278 2280/2280
f 2249/2249 2248/2248 2250/2250
f 2248/2248 2251/2251 2250/2250
f 2250/2250 2251/2251 2252/2252
f 2283/2283 2278/2278 2301/2301
f 2278/2278 2279/2279 2277/2277
f 2279/2279 2252/2252 2277/2277
f 2301/2301 2278/2278 2276/2276
f 2252/2252 2255/2255 2277/2277
f 2252/2252 2253/2253 2255/2255
f 2252/2252 2251/2251 2253/2253
f 2251/2251 2261/2261 2253/2253
f 2276/2276 2278/2278 2277/2277
f 2255/2255 2253/2253 2256/2256
f 2276/2276 2277/2277 2274/2274
f 2276/2276 2274/2274 2275/2275
f 2255/2255 2257/2257 2277/2277
f 2255/2255 2256/2256 2257/2257
f 2277/2277 2257/2257 2274/2274
f 2275/2275 2274/2274 2273/2273
f 2274/2274 2257/2257 2263/2263
f 2274/2274 2263/2263 2273/2273
f 2253/2253 2261/2261 2256/2256
f 2256/2256 2261/2261 2258/2258
f 2256/2256 2258/2258 2257/2257
f 2257/2257 2258/2258 2259/2259
f 2257/2257 2259/2259 2263/2263
f 2258/2258 2260/2260 2259/2259
f 2263/2263 2259/2259 2262/2262
f 2515/2515 2514/2514 2507/2507
f 2514/2514 2512/2512 2507/2507
f 2515/2515 2507/2507 2516/2516
f 2517/2517 2511/2511 2512/2512
f 2512/2512 2511/2511 2507/2507
f 2623/2623 2622/2622 2615/2615
f 2507/2507 2511/2511 2508/2508
f 2623/2623 2615/2615 2626/2626
f 2511/2511 2513/2513 2508/2508
f 2626/2626 2615/2615 2624/2624
f 2510/2510 2509/2509 2519/2519
f 2516/2516 2507/2507 2510/2510
f 2507/2507 2509/2509 2510/2510
f 2507/2507 2508/2508 2509/2509
f 2508/2508 2513/2513 2518/2518
f 2508/2508 2518/2518 2509/2509
f 2509/2509 2518/2518 2519/2519
f 2622/2622 2616/2616 2615/2615
f 2615/2615 2616/2616 2617/2617
f 2615/2615 2617/2617 2624/2624
f 2624/2624 2617/2617 2625/2625
f 2624/2624 2625/2625 2629/2629
f 2616/2616 2618/2618 2617/2617
f 2617/2617 2619/2619 2625/2625
f 2625/2625 2619/2619 2627/2627
f 2618/2618 2619/2619 2617/2617
f 2618/2618 2620/2620 2619/2619
f 2620/2620 2621/2621 2619/2619
f 2619/2619 2621/2621 2627/2627
f 2625/2625 2627/2627 2629/2629
f 2627/2627 2621/2621 2628/2628
f 2620/2620 2606/2606 2621/2621
f 2621/2621 2606/2606 2604/2604
f 2606/2606 2605/2605 2604/2604
f 2628/2628 2621/2621 2604/2604
f 2482/2482 2475/2475 2479/2479
f 2483/2483 2476/2476 2475/2475
f 2483/2483 2475/2475 2482/2482
f 2476/2476 2473/2473 2475/2475
f 2473/2473 2474/2474 2475/2475
f 2473/2473 2477/2477 2474/2474
f 2506/2506 2505/2505 2504/2504
f 2474/2474 2477/2477 2481/2481
f 2505/2505 2502/2502 2504/2504
f 2504/2504 2502/2502 2501/2501
f 2474/2474 2481/2481 2480/2480
f 2474/2474 2480/2480 2478/2478
f 2475/2475 2478/2478 2479/2479
f 2475/2475 2474/2474 2478/2478
f 2501/2501 2502/2502 2503/2503
f 2484/2484 2485/2485 2486/2486
f 2486/2486 2488/2488 2502/2502
f 2486/2486 2485/2485 2488/2488
f 2502/2502 2488/2488 2503/2503
f 2485/2485 2489/2489 2488/2488
f 2484/2484 2487/2487 2485/2485
f 2485/2485 2487/2487 2489/2489
f 2487/2487 2500/2500 2489/2489
f 2487/2487 2499/2499 2500/2500
f 2484/2484 2490/2490 2487/2487
f 2490/2490 2491/2491 2487/2487
f 2487/2487 2491/2491 2499/2499
f 2605/2605 2602/2602 2604/2604
f 2604/2604 2602/2602 2603/2603
f 2605/2605 2607/2607 2602/2602
f 2602/2602 2601/2601 2603/2603
f 2602/2602 2598/2598 2601/2601
f 2602/2602 2607/2607 2598/2598
f 2607/2607 2608/2608 2598/2598
f 2598/2598 2608/2608 2591/2591
f 2598/2598 2591/2591 2593/2593
f 2601/2601 2598/2598 2593/2593
f 2591/2591 2592/2592 2593/2593
f 2614/2614 2599/2599 2542/2542
f 2599/2599 2574/2574 2569/2569
f 2599/2599 2569/2569 2597/2597
f 2542/2542 2540/2540 2538/2538
f 2542/2542 2599/2599 2597/2597
f 2542/2542 2597/2597 2540/2540
f 2597/2597 2569/2569 2540/2540
f 2575/2575 2572/2572 2573/2573
f 2573/2573 2570/2570 2574/2574
f 2574/2574 2570/2570 2569/2569
f 2575/2575 2611/2611 2572/2572
f 2572/2572 2611/2611 2610/2610
f 2573/2573 2572/2572 2570/2570
f 2572/2572 2571/2571 2570/2570
f 2610/2610 2578/2578 2572/2572
f 2572/2572 2578/2578 2571/2571
f 2578/2578 2579/2579 2571/2571
f 2578/2578 2610/2610 2612/2612
f 2570/2570 2571/2571 2564/2564
f 2571/2571 2576/2576 2564/2564
f 2570/2570 2564/2564 2569/2569
f 2608/2608 2609/2609 2591/2591
f 2591/2591 2537/2537 2584/2584
f 2538/2538 2540/2540 2536/2536
f 2540/2540 2539/2539 2536/2536
f 2536/2536 2539/2539 2535/2535
f 2537/2537 2538/2538 2536/2536
f 2537/2537 2532/2532 2584/2584
f 2537/2537 2536/2536 2532/2532
f 2536/2536 2535/2535 2532/2532
f 2670/2670 2671/2671 2672/2672
f 2591/2591 2584/2584 2592/2592
f 2534/2534 2533/2533 2531/2531
f 2533/2533 2532/2532 2531/2531
f 2532/2532 2535/2535 2530/2530
f 2569/2569 2539/2539 2540/2540
f 2569/2569 2564/2564 2539/2539
f 2564/2564 2550/2550 2539/2539
f 2539/2539 2550/2550 2535/2535
f 2564/2564 2576/2576 2550/2550
f 2550/2550 2548/2548 2535/2535
f 2535/2535 2548/2548 2547/2547
f 2576/2576 2551/2551 2550/2550
f 2550/2550 2551/2551 2548/2548
f 2548/2548 2551/2551 2549/2549
f 2466/2466 2467/2467 2456/2456
f 2466/2466 2456/2456 2455/2455
f 2462/2462 2451/2451 2456/2456
f 2462/2462 2450/2450 2451/2451
f 2455/2455 2456/2456 2453/2453
f 2456/2456 2451/2451 2453/2453
f 2451/2451 2450/2450 2449/2449
f 2451/2451 2449/2449 2452/2452
f 2455/2455 2453/2453 2454/2454
f 2455/2455 2454/2454 2472/2472
f 2453/2453 2452/2452 2454/2454
f 2453/2453 2451/2451 2452/2452
f 2452/2452 2457/2457 2454/2454
f 2452/2452 2449/2449 2457/2457
f 2462/2462 2464/2464 2450/2450
f 2464/2464 2434/2434 2450/2450
f 2450/2450 2436/2436 2449/2449
f 2457/2457 2449/2449 2440/2440
f 2464/2464 2465/2465 2434/2434
f 2434/2434 2436/2436 2450/2450
f 2465/2465 2463/2463 2434/2434
f 2434/2434 2463/2463 2435/2435
f 2434/2434 2435/2435 2436/2436
f 2436/2436 2435/2435 2437/2437
f 2449/2449 2436/2436 2440/2440
f 2436/2436 2437/2437 2440/2440
f 2437/2437 2448/2448 2440/2440
f 2437/2437 2442/2442 2448/2448
f 2490/2490 2492/2492 2491/2491
f 2491/2491 2498/2498 2499/2499
f 2492/2492 2493/2493 2491/2491
f 2491/2491 2493/2493 2498/2498
f 2492/2492 2494/2494 2493/2493
f 2493/2493 2494/2494 2495/2495
f 2493/2493 2495/2495 2498/2498
f 2465/2465 2468/2468 2463/2463
f 2463/2463 2468/2468 2461/2461
f 2463/2463 2461/2461 2435/2435
f 2468/2468 2469/2469 2461/2461
f 2469/2469 2460/2460 2461/2461
f 2461/2461 2460/2460 2439/2439
f 2460/2460 2443/2443 2439/2439
f 2461/2461 2439/2439 2435/2435
f 2435/2435 2439/2439 2438/2438
f 2435/2435 2438/2438 2437/2437
f 2437/2437 2438/2438 2441/2441
f 2439/2439 2443/2443 2438/2438
f 2437/2437 2441/2441 2442/2442
f 2469/2469 2458/2458 2460/2460
f 2469/2469 2470/2470 2458/2458
f 2460/2460 2458/2458 2443/2443
f 2438/2438 2443/2443 2441/2441
f 2443/2443 2444/2444 2441/2441
f 2443/2443 2458/2458 2445/2445
f 2443/2443 2445/2445 2444/2444
f 2445/2445 2446/2446 2444/2444
f 2546/2546 2543/2543 2531/2531
f 2534/2534 2531/2531 2543/2543
f 2494/2494 2497/2497 2496/2496
f 2546/2546 2531/2531 2545/2545
f 2494/2494 2496/2496 2495/2495
f 2583/2583 2545/2545 2544/2544
f 2545/2545 2531/2531 2526/2526
f 2545/2545 2526/2526 2544/2544
f 2532/2532 2530/2530 2531/2531
f 2531/2531 2530/2530 2526/2526
f 2526/2526 2530/2530 2528/2528
f 2541/2541 2523/2523 2520/2520
f 2544/2544 2523/2523 2541/2541
f 2544/2544 2526/2526 2523/2523
f 2526/2526 2524/2524 2523/2523
f 2526/2526 2528/2528 2524/2524
f 2530/2530 2552/2552 2528/2528
f 2528/2528 2552/2552 2554/2554
f 2528/2528 2554/2554 2553/2553
f 2535/2535 2547/2547 2530/2530
f 2530/2530 2547/2547 2552/2552
f 2547/2547 2555/2555 2552/2552
f 2552/2552 2555/2555 2554/2554
f 2470/2470 2459/2459 2458/2458
f 2470/2470 2471/2471 2459/2459
f 2520/2520 2521/2521 2522/2522
f 2520/2520 2523/2523 2521/2521
f 2458/2458 2459/2459 2447/2447
f 2458/2458 2447/2447 2445/2445
f 2521/2521 2524/2524 2525/2525
f 2521/2521 2523/2523 2524/2524
f 2445/2445 2447/2447 2446/2446
f 2524/2524 2527/2527 2525/2525
f 2525/2525 2527/2527 2529/2529
f 2529/2529 2527/2527 2562/2562
f 2529/2529 2562/2562 2577/2577
f 2524/2524 2528/2528 2527/2527
f 2527/2527 2528/2528 2553/2553
f 2527/2527 2553/2553 2562/2562
f 2553/2553 2565/2565 2562/2562
f 2553/2553 2554/2554 2557/2557
f 2553/2553 2557/2557 2565/2565
f 2557/2557 2558/2558 2565/2565
f 2548/2548 2549/2549 2547/2547
f 2547/2547 2549/2549 2555/2555
f 2549/2549 2559/2559 2555/2555
f 2555/2555 2560/2560 2556/2556
f 2554/2554 2555/2555 2556/2556
f 2554/2554 2556/2556 2557/2557
f 2556/2556 2558/2558 2557/2557
f 2565/2565 2558/2558 2566/2566
f 2578/2578 2595/2595 2579/2579
f 2578/2578 2596/2596 2595/2595
f 2596/2596 2613/2613 2595/2595
f 2551/2551 2580/2580 2549/2549
f 2549/2549 2580/2580 2559/2559
f 2580/2580 2581/2581 2559/2559
f 2559/2559 2561/2561 2555/2555
f 2559/2559 2581/2581 2582/2582
f 2559/2559 2582/2582 2561/2561
f 2581/2581 2600/2600 2582/2582
f 2555/2555 2561/2561 2560/2560
f 2561/2561 2568/2568 2560/2560
f 2582/2582 2586/2586 2561/2561
f 2561/2561 2586/2586 2568/2568
f 2556/2556 2560/2560 2558/2558
f 2558/2558 2560/2560 2563/2563
f 2558/2558 2563/2563 2566/2566
f 2560/2560 2567/2567 2563/2563
f 2582/2582 2589/2589 2586/2586
f 2589/2589 2594/2594 2586/2586
f 2586/2586 2594/2594 2585/2585
f 2568/2568 2586/2586 2585/2585
f 2560/2560 2568/2568 2567/2567
f 2568/2568 2585/2585 2567/2567
f 2585/2585 2587/2587 2567/2567
f 2585/2585 2588/2588 2587/2587
f 2594/2594 2664/2664 2655/2655
f 2668/2668 2661/2661 2669/2669
f 2664/2664 2663/2663 2655/2655
f 2663/2663 2653/2653 2655/2655
f 2585/2585 2594/2594 2590/2590
f 2594/2594 2655/2655 2590/2590
f 2585/2585 2590/2590 2588/2588
f 2655/2655 2654/2654 2590/2590
f 2590/2590 2654/2654 2588/2588
f 2655/2655 2652/2652 2654/2654
f 2655/2655 2653/2653 2652/2652
f 2654/2654 2637/2637 2660/2660
f 2660/2660 2637/2637 2667/2667
f 2668/2668 2666/2666 2661/2661
f 2653/2653 2662/2662 2659/2659
f 2653/2653 2650/2650 2652/2652
f 2652/2652 2651/2651 2654/2654
f 2653/2653 2659/2659 2650/2650
f 2662/2662 2661/2661 2659/2659
f 2661/2661 2666/2666 2658/2658
f 2666/2666 2665/2665 2658/2658
f 2661/2661 2658/2658 2659/2659
f 2665/2665 2657/2657 2658/2658
f 2657/2657 2648/2648 2658/2658
f 2658/2658 2648/2648 2659/2659
f 2433/2433 2431/2431 2432/2432
f 2654/2654 2651/2651 2637/2637
f 2652/2652 2650/2650 2651/2651
f 2651/2651 2636/2636 2637/2637
f 2636/2636 2635/2635 2637/2637
f 2637/2637 2635/2635 2667/2667
f 2659/2659 2648/2648 2650/2650
f 2648/2648 2641/2641 2650/2650
f 2651/2651 2650/2650 2636/2636
f 2636/2636 2634/2634 2635/2635
f 2636/2636 2650/2650 2641/2641
f 2636/2636 2641/2641 2640/2640
f 2636/2636 2640/2640 2634/2634
f 2635/2635 2634/2634 2630/2630
f 2431/2431 2430/2430 2432/2432
f 2657/2657 2647/2647 2648/2648
f 2641/2641 2648/2648 2640/2640
f 2634/2634 2640/2640 2631/2631
f 2648/2648 2647/2647 2640/2640
f 2430/2430 2431/2431 2429/2429
f 2640/2640 2646/2646 2631/2631
f 2640/2640 2647/2647 2646/2646
f 2430/2430 2429/2429 2428/2428
f 2647/2647 2649/2649 2646/2646
f 2429/2429 2425/2425 2428/2428
f 2646/2646 2649/2649 2633/2633
f 2634/2634 2631/2631 2630/2630
f 2630/2630 2631/2631 2632/2632
f 2646/2646 2633/2633 2631/2631
f 2631/2631 2633/2633 2632/2632
f 2632/2632 2633/2633 2638/2638
f 2633/2633 2649/2649 2639/2639
f 2633/2633 2639/2639 2638/2638
f 2428/2428 2425/2425 2424/2424
f 2425/2425 2423/2423 2424/2424
f 2423/2423 2422/2422 2424/2424
f 2423/2423 2421/2421 2420/2420
f 2423/2423 2420/2420 2422/2422
f 2639/2639 2642/2642 2638/2638
f 2649/2649 2656/2656 2639/2639
f 2656/2656 2643/2643 2639/2639
f 2639/2639 2643/2643 2642/2642
f 2424/2424 2422/2422 2426/2426
f 2426/2426 2422/2422 2427/2427
f 2643/2643 2644/2644 2642/2642
f 2643/2643 2645/2645 2644/2644
f 2704/2704 2705/2705 2693/2693
f 2712/2712 2714/2714 2705/2705
f 2712/2712 2705/2705 2704/2704
f 2703/2703 2693/2693 2702/2702
f 2703/2703 2704/2704 2693/2693
f 2698/2698 2702/2702 2693/2693
f 2698/2698 2693/2693 2683/2683
f 2706/2706 2693/2693 2705/2705
f 2693/2693 2706/2706 2682/2682
f 2683/2683 2693/2693 2682/2682
f 2698/2698 2683/2683 2686/2686
f 2686/2686 2683/2683 2681/2681
f 2686/2686 2681/2681 2676/2676
f 2682/2682 2706/2706 2707/2707
f 2683/2683 2682/2682 2681/2681
f 2707/2707 2677/2677 2682/2682
f 2682/2682 2677/2677 2681/2681
f 2707/2707 2708/2708 2677/2677
f 2676/2676 2681/2681 2673/2673
f 2681/2681 2677/2677 2673/2673
f 2677/2677 2708/2708 2674/2674
f 2708/2708 2696/2696 2674/2674
f 2677/2677 2674/2674 2673/2673
f 2676/2676 2673/2673 2675/2675
f 2676/2676 2675/2675 2701/2701
f 2701/2701 2675/2675 2685/2685
f 2673/2673 2674/2674 2675/2675
f 2685/2685 2675/2675 2678/2678
f 2675/2675 2674/2674 2678/2678
f 2678/2678 2674/2674 2679/2679
f 2685/2685 2678/2678 2684/2684
f 2684/2684 2678/2678 2680/2680
f 2684/2684 2680/2680 2687/2687
f 2696/2696 2679/2679 2674/2674
f 2709/2709 2679/2679 2696/2696
f 2709/2709 2692/2692 2679/2679
f 2678/2678 2679/2679 2680/2680
f 2679/2679 2692/2692 2680/2680
f 2680/2680 2692/2692 2689/2689
f 2692/2692 2710/2710 2689/2689
f 2680/2680 2689/2689 2688/2688
f 2687/2687 2680/2680 2688/2688
f 2687/2687 2688/2688 2697/2697
f 2710/2710 2691/2691 2689/2689
f 2688/2688 2689/2689 2690/2690
f 2688/2688 2690/2690 2697/2697
f 2697/2697 2690/2690 2695/2695
f 2690/2690 2694/2694 2695/2695
f 2689/2689 2691/2691 2690/2690
f 2691/2691 2694/2694 2690/2690
f 2697/2697 2695/2695 2699/2699
f 2710/2710 2713/2713 2691/2691
f 2713/2713 2711/2711 2691/2691
f 2691/2691 2711/2711 2700/2700
f 2691/2691 2700/2700 2694/2694
f 2721/2721 2715/2715 2718/2718
f 2722/2722 2723/2723 2724/2724
f 2715/2715 2717/2717 2718/2718
f 2723/2723 2722/2722 2725/2725
f 2715/2715 2716/2716 2717/2717
f 2725/2725 2726/2726 2723/2723
f 2719/2719 2716/2716 2720/2720
f 2717/2717 2716/2716 2719/2719
f 2725/2725 2727/2727 2726/2726
f 2733/2733 2728/2728 2734/2734
f 2735/2735 2734/2734 2728/2728
f 2733/2733 2729/2729 2728/2728
f 2728/2728 2729/2729 2730/2730
f 2728/2728 2730/2730 2735/2735
f 2729/2729 2731/2731 2730/2730
f 2736/2736 2732/2732 2731/2731
f 2730/2730 2731/2731 2732/2732
f 2730/2730 2732/2732 2735/2735
f 2737/2737 2742/2742 2738/2738
f 2737/2737 2738/2738 2739/2739
f 2739/2739 2740/2740 2741/2741
f 2739/2739 2738/2738 2740/2740
f 2801/2801 2799/2799 2797/2797
f 2799/2799 2798/2798 2797/2797
f 2799/2799 2800/2800 2798/2798
f 2800/2800 2819/2819 2798/2798
f 2798/2798 2819/2819 2820/2820
f 2797/2797 2798/2798 2796/2796
f 2798/2798 2820/2820 2821/2821
f 2798/2798 2821/2821 2796/2796
f 2797/2797 2796/2796 2795/2795
f 2796/2796 2821/2821 2802/2802
f 2794/2794 2795/2795 2793/2793
f 2795/2795 2796/2796 2793/2793
f 2796/2796 2802/2802 2793/2793
f 2794/2794 2793/2793 2792/2792
f 2793/2793 2802/2802 2791/2791
f 2802/2802 2803/2803 2791/2791
f 2792/2792 2791/2791 2790/2790
f 2792/2792 2793/2793 2791/2791
f 2791/2791 2803/2803 2788/2788
f 2790/2790 2791/2791 2788/2788
f 2803/2803 2789/2789 2788/2788
f 2788/2788 2789/2789 2777/2777
f 2790/2790 2788/2788 2787/2787
f 2787/2787 2788/2788 2776/2776
f 2788/2788 2777/2777 2776/2776
f 2777/2777 2778/2778 2774/2774
f 2777/2777 2774/2774 2776/2776
f 2787/2787 2776/2776 2775/2775
f 2776/2776 2774/2774 2775/2775
f 2778/2778 2773/2773 2774/2774
f 2787/2787 2775/2775 2827/2827
f 2774/2774 2772/2772 2775/2775
f 2774/2774 2773/2773 2772/2772
f 2827/2827 2775/2775 2830/2830
f 2775/2775 2779/2779 2830/2830
f 2775/2775 2772/2772 2779/2779
f 2772/2772 2773/2773 2771/2771
f 2773/2773 2812/2812 2771/2771
f 2772/2772 2770/2770 2779/2779
f 2779/2779 2811/2811 2830/2830
f 2779/2779 2769/2769 2811/2811
f 2779/2779 2770/2770 2769/2769
f 2811/2811 2769/2769 2815/2815
f 2815/2815 2764/2764 2805/2805
f 2772/2772 2771/2771 2770/2770
f 2771/2771 2768/2768 2770/2770
f 2770/2770 2768/2768 2769/2769
f 2769/2769 2768/2768 2765/2765
f 2771/2771 2812/2812 2818/2818
f 2771/2771 2818/2818 2767/2767
f 2818/2818 2807/2807 2767/2767
f 2767/2767 2807/2807 2766/2766
f 2769/2769 2765/2765 2764/2764
f 2769/2769 2764/2764 2815/2815
f 2807/2807 2786/2786 2766/2766
f 2765/2765 2766/2766 2763/2763
f 2764/2764 2765/2765 2763/2763
f 2766/2766 2786/2786 2763/2763
f 2763/2763 2786/2786 2783/2783
f 2763/2763 2761/2761 2764/2764
f 2805/2805 2764/2764 2761/2761
f 2763/2763 2760/2760 2761/2761
f 2761/2761 2760/2760 2759/2759
f 2783/2783 2782/2782 2760/2760
f 2763/2763 2783/2783 2760/2760
f 2782/2782 2758/2758 2760/2760
f 2782/2782 2810/2810 2758/2758
f 2805/2805 2761/2761 2804/2804
f 2761/2761 2781/2781 2804/2804
f 2804/2804 2781/2781 2809/2809
f 2760/2760 2758/2758 2759/2759
f 2759/2759 2758/2758 2757/2757
f 2759/2759 2762/2762 2761/2761
f 2761/2761 2762/2762 2781/2781
f 2759/2759 2757/2757 2762/2762
f 2762/2762 2757/2757 2780/2780
f 2758/2758 2756/2756 2757/2757
f 2758/2758 2810/2810 2756/2756
f 2810/2810 2817/2817 2756/2756
f 2762/2762 2780/2780 2781/2781
f 2809/2809 2781/2781 2806/2806
f 2781/2781 2780/2780 2806/2806
f 2780/2780 2808/2808 2806/2806
f 2809/2809 2806/2806 2816/2816
f 2816/2816 2806/2806 2808/2808
f 2808/2808 2822/2822 2816/2816
f 2822/2822 2808/2808 2826/2826
f 2768/2768 2771/2771 2767/2767
f 2768/2768 2767/2767 2765/2765
f 2765/2765 2767/2767 2766/2766
f 2757/2757 2756/2756 2755/2755
f 2757/2757 2755/2755 2780/2780
f 2780/2780 2755/2755 2808/2808
f 2756/2756 2817/2817 2754/2754
f 2756/2756 2754/2754 2755/2755
f 2817/2817 2824/2824 2754/2754
f 2755/2755 2754/2754 2752/2752
f 2808/2808 2755/2755 2785/2785
f 2755/2755 2752/2752 2785/2785
f 2754/2754 2753/2753 2752/2752
f 2754/2754 2824/2824 2753/2753
f 2808/2808 2785/2785 2826/2826
f 2785/2785 2825/2825 2826/2826
f 2753/2753 2824/2824 2750/2750
f 2752/2752 2751/2751 2785/2785
f 2753/2753 2750/2750 2752/2752
f 2752/2752 2750/2750 2751/2751
f 2822/2822 2826/2826 2825/2825
f 2825/2825 2785/2785 2814/2814
f 2785/2785 2751/2751 2814/2814
f 2829/2829 2825/2825 2814/2814
f 2751/2751 2784/2784 2814/2814
f 2750/2750 2749/2749 2746/2746
f 2751/2751 2750/2750 2746/2746
f 2751/2751 2746/2746 2784/2784
f 2814/2814 2784/2784 2829/2829
f 2829/2829 2784/2784 2823/2823
f 2784/2784 2745/2745 2823/2823
f 2746/2746 2745/2745 2784/2784
f 2749/2749 2747/2747 2746/2746
f 2829/2829 2823/2823 2828/2828
f 2823/2823 2745/2745 2813/2813
f 2747/2747 2743/2743 2746/2746
f 2746/2746 2743/2743 2745/2745
f 2743/2743 2747/2747 2748/2748
f 2745/2745 2743/2743 2744/2744
