# LE 31 - shinR
v -0.08600 0.01187 0.06083
v -0.07776 0.00139 0.04739
v -0.07836 -0.01017 0.05688
v -0.07990 -0.01394 0.06463
v -0.07339 -0.03191 0.06269
v -0.06894 -0.03447 0.05339
v -0.06673 -0.04912 0.05970
v -0.06927 -0.04742 0.07159
v -0.06042 -0.06794 0.06097
v -0.05764 -0.08374 0.07627
v -0.05238 -0.09246 0.06223
v -0.05174 -0.09787 0.06857
v -0.04163 -0.11892 0.06017
v -0.04379 -0.12176 0.07536
v -0.03778 -0.13456 0.06689
v -0.03105 -0.14504 0.05482
v -0.03090 -0.15469 0.06498
v -0.02272 -0.17289 0.05204
v -0.02393 -0.17611 0.06008
v -0.01783 -0.20102 0.06402
v -0.01447 -0.20603 0.05320
v -0.01130 -0.22450 0.06008
v -0.00899 -0.21836 0.04785
v -0.03544 -0.14470 0.07752
v -0.02407 -0.18278 0.07459
v -0.07151 -0.02042 0.04838
v -0.00497 -0.23453 0.04482
v -0.01214 -0.22910 0.07584
v -0.03072 -0.16124 0.08627
v -0.07755 -0.02232 0.07394
v -0.00642 -0.24749 0.06438
v -0.01847 -0.20491 0.08380
v -0.04802 -0.11093 0.08453
v -0.00687 -0.24128 0.05324
v -0.04094 -0.12900 0.08770
v -0.00320 -0.26131 0.08177
v -0.00111 -0.25724 0.03976
v -0.02381 -0.18480 0.08725
v -0.03455 -0.12273 0.04942
v -0.04593 -0.09729 0.05404
v -0.05187 -0.07811 0.05249
v -0.05785 -0.05635 0.04930
v -0.08290 -0.00098 0.08154
v -0.01176 -0.23080 0.08508
v -0.02638 -0.14393 0.04629
v -0.00366 -0.25985 0.04729
v -0.00453 -0.25927 0.05712
v -0.06408 -0.06263 0.08715
v -0.07400 -0.03020 0.08830
v -0.01152 -0.19483 0.04451
v -0.01585 -0.17079 0.04202
v -0.06358 -0.03716 0.04731
v -0.00032 -0.28586 0.03775
v -0.00294 -0.28130 0.05043
v -0.00225 -0.30363 0.04497
v -0.05304 -0.09216 0.09253
v -0.00511 -0.21387 0.04126
v -0.00271 -0.26989 0.06882
v -0.00147 -0.32773 0.03565
v -0.00338 -0.32659 0.04698
v -0.00411 -0.34436 0.04717
v -0.00247 -0.34626 0.03897
v 0.00134 -0.35569 0.04208
v -0.00293 -0.34989 0.05403
v 0.00622 -0.35350 0.02947
v 0.00100 -0.34072 0.02961
v 0.01387 -0.37041 0.03910
v 0.01743 -0.36232 0.01911
v 0.01921 -0.37734 0.02435
v 0.01682 -0.38125 0.05421
v 0.02117 -0.37171 0.00538
v 0.00666 -0.36450 0.05392
v 0.02284 -0.39167 0.01009
v 0.02054 -0.39166 0.02768
v 0.02823 -0.40655 0.00874
v 0.02956 -0.40135 -0.01646
v 0.02498 -0.39098 -0.01007
v 0.03381 -0.40175 -0.03337
v 0.03726 -0.41169 -0.03392
v 0.03973 -0.40255 -0.04817
v 0.04264 -0.41520 -0.05270
v 0.04379 -0.42336 -0.03481
v 0.04558 -0.42506 -0.05310
v 0.04430 -0.41974 -0.06470
v 0.03391 -0.41109 -0.01056
v 0.03098 -0.38893 -0.02992
v 0.02340 -0.38174 -0.01017
v 0.04505 -0.40142 -0.06435
v 0.02394 -0.40688 0.02112
v 0.03395 -0.42029 0.01186
v 0.04020 -0.42147 -0.00529
v 0.01893 -0.40041 0.03677
v 0.01700 -0.39382 0.05505
v -0.00289 -0.27822 0.05950
v 0.00381 -0.28762 0.08325
v 0.04530 -0.42996 -0.06611
v 0.04996 -0.43184 -0.04633
v -0.00540 -0.24803 0.09235
v -0.00218 -0.30040 0.05564
v -0.02828 -0.16423 0.09545
v -0.03621 -0.13803 0.09777
v -0.04307 -0.11862 0.09516
v -0.07728 -0.00770 0.10273
v 0.04003 -0.38791 -0.04864
v 0.04855 -0.43921 -0.06699
v -0.06226 -0.05850 0.10222
v -0.06834 -0.03672 0.10529
v 0.02040 -0.35501 0.00948
v 0.01360 -0.34701 0.01654
v 0.04566 -0.41301 -0.07662
v 0.01963 -0.41649 0.03340
v 0.02723 -0.42365 0.02446
v -0.00368 -0.33684 0.05399
v 0.01782 -0.38275 0.06691
v 0.01357 -0.37249 0.06193
v -0.01941 -0.19182 0.09617
v -0.01181 -0.22081 0.09527
v 0.00562 -0.36013 0.06239
v 0.01774 -0.39325 0.07233
v 0.02480 -0.37065 -0.01208
v 0.00358 -0.26551 0.10107
v 0.02417 -0.35595 -0.00091
v 0.05130 -0.43183 -0.01600
v -0.00178 -0.31720 0.05992
v 0.04313 -0.43613 -0.07886
v 0.04325 -0.42502 -0.07993
v -0.00192 -0.34747 0.06009
v 0.01125 -0.29163 0.10511
v 0.01047 -0.30438 0.08904
v 0.01634 -0.31802 0.10072
v 0.01760 -0.31749 0.10956
v 0.02139 -0.34626 0.09664
v 0.01752 -0.33027 0.08926
v 0.02032 -0.36062 0.08436
v 0.02417 -0.36468 0.10124
v 0.02269 -0.38064 0.08578
v 0.02321 -0.33861 0.10937
v 0.02456 -0.38277 0.09982
v 0.01484 -0.41115 0.04606
v -0.06116 -0.04999 0.11424
v -0.00008 -0.29148 0.06747
v 0.00327 -0.31269 0.07096
v 0.04598 -0.42924 0.00329
v 0.01398 -0.43543 0.04996
v 0.01048 -0.42892 0.05369
v 0.00971 -0.43682 0.05908
v 0.00817 -0.42904 0.06847
v 0.00880 -0.43801 0.07515
v 0.01326 -0.44577 0.07342
v 0.00993 -0.42083 0.05540
v 0.01478 -0.44493 0.06238
v 0.01560 -0.44753 0.08367
v 0.01356 -0.44085 0.09381
v 0.01826 -0.45184 0.07256
v 0.01015 -0.42578 0.08524
v 0.01300 -0.43151 0.09497
v 0.02322 -0.34126 0.00508
v 0.03286 -0.37475 -0.03077
v 0.01569 -0.36907 0.07067
v -0.00291 -0.24336 0.10017
v 0.04055 -0.43058 0.01555
v -0.00157 -0.33238 0.06261
v 0.04896 -0.39885 -0.08098
v 0.04767 -0.38816 -0.06564
v 0.03828 -0.44218 -0.09663
v 0.01027 -0.41640 0.07046
v 0.01370 -0.28778 0.11376
v 0.01274 -0.32280 0.08213
v 0.01415 -0.40527 0.06079
v 0.02198 -0.44526 0.05038
v 0.00311 -0.32365 0.02719
v 0.04133 -0.44891 -0.09757
v 0.03656 -0.44212 -0.10768
v 0.03924 -0.45048 -0.10966
v 0.04058 -0.45128 -0.11922
v 0.03686 -0.44445 -0.11740
v 0.03578 -0.43778 -0.11495
v 0.03859 -0.43887 -0.12502
v 0.04261 -0.44525 -0.13037
v 0.03740 -0.43323 -0.12161
v 0.04559 -0.45553 -0.12342
v 0.03898 -0.43322 -0.09574
v -0.06354 -0.03504 0.11834
v -0.07388 -0.00162 0.11438
v -0.03982 -0.12067 0.10141
v -0.04578 -0.09969 0.10299
v -0.05214 -0.07781 0.10683
v -0.05394 -0.06388 0.11487
v 0.02193 -0.39175 0.09073
v 0.02389 -0.39763 0.10677
v 0.04549 -0.41520 -0.09182
v 0.01466 -0.34942 0.07727
v 0.01678 -0.42236 0.10526
v 0.01790 -0.43603 0.10496
v 0.04701 -0.44914 -0.13262
v 0.02273 -0.45466 0.08229
v 0.02070 -0.45055 0.06227
v -0.02908 -0.15330 0.10100
v -0.02257 -0.16764 0.10327
v 0.00230 -0.25169 0.03428
v 0.00514 -0.27438 0.02980
v 0.00865 -0.25707 0.11299
v 0.01183 -0.33215 0.01650
v 0.00455 -0.29714 0.02837
v 0.00288 -0.23431 0.03412
v 0.03819 -0.42990 -0.11506
v 0.04107 -0.42493 -0.10137
v -0.00619 -0.22427 0.10307
v -0.01184 -0.20418 0.10285
v -0.01601 -0.18716 0.10388
v 0.02091 -0.44580 0.09949
v 0.01566 -0.41220 0.09410
v -0.03129 -0.10527 0.04008
v -0.01963 -0.12880 0.03471
v 0.02924 -0.37641 0.10892
v 0.02851 -0.35991 0.10967
v -0.04279 0.00675 0.01322
v -0.05046 -0.01328 0.02990
v 0.04353 -0.42927 -0.13121
v 0.04925 -0.43045 -0.14078
v 0.01388 -0.31810 0.01592
v 0.02707 -0.43681 0.03575
v -0.03668 -0.02339 0.01812
v -0.03485 -0.04899 0.02618
v -0.02612 -0.04443 0.01386
v -0.02508 -0.07244 0.02385
v -0.01819 -0.14808 0.03796
v -0.03045 0.00136 0.00157
v -0.02433 -0.02881 0.00660
v 0.03124 -0.35535 -0.01725
v 0.05324 -0.44057 -0.14375
v 0.05629 -0.43470 -0.14946
v 0.05737 -0.42146 -0.15763
v 0.05801 -0.43113 -0.16002
v 0.06108 -0.43593 -0.17900
v 0.06429 -0.44810 -0.17655
v 0.06578 -0.45181 -0.18438
v 0.06687 -0.44693 -0.19088
v 0.06962 -0.45568 -0.19037
v 0.06997 -0.45889 -0.18282
v 0.06054 -0.43731 -0.15666
v 0.06136 -0.43720 -0.16309
v 0.07412 -0.46318 -0.18715
v 0.06167 -0.42618 -0.18002
v 0.06264 -0.44306 -0.15077
v 0.06518 -0.43006 -0.18719
v 0.06718 -0.44363 -0.16166
v 0.07014 -0.44848 -0.19531
v 0.07347 -0.45984 -0.19109
v 0.05220 -0.41959 -0.14163
v -0.03320 -0.13336 0.10456
v 0.04444 -0.37823 -0.05252
v 0.02047 -0.31669 0.11415
v 0.03062 -0.33987 -0.00446
v 0.02788 -0.32783 0.00336
v -0.00292 -0.19795 0.03612
v 0.07316 -0.45344 -0.19541
v 0.07136 -0.43819 -0.19606
v -0.03620 -0.06683 0.03363
v -0.02791 -0.08893 0.03191
v -0.01786 -0.06449 0.01347
v -0.01607 -0.09365 0.02151
v -0.04009 -0.08549 0.04303
v -0.04705 -0.06979 0.04432
v 0.05313 -0.45702 -0.13012
v 0.00319 -0.23898 0.10981
v 0.02660 -0.44088 0.11185
v 0.06256 -0.41574 -0.16807
v 0.05269 -0.39467 -0.08817
v 0.05309 -0.38198 -0.07118
v 0.04795 -0.40917 -0.10461
v 0.05541 -0.41091 -0.14129
v 0.05231 -0.40840 -0.12293
v -0.00891 -0.16547 0.03356
v -0.01109 -0.11830 0.02460
v 0.05906 -0.45102 -0.14055
v 0.00241 -0.18411 0.02879
v -0.04886 -0.05212 0.04060
v -0.05410 -0.03245 0.03895
v -0.06777 -0.01166 0.04299
v 0.00450 -0.33273 0.06952
v 0.00313 -0.34796 0.06568
v -0.06461 0.01076 0.03495
v 0.04305 -0.36483 -0.04167
v 0.00513 -0.20794 0.03083
v 0.02865 -0.45390 0.09399
v -0.00819 -0.13787 0.02705
v -0.00114 -0.16079 0.02659
v 0.04711 -0.41833 -0.12659
v 0.06298 -0.40945 -0.15486
v 0.01489 -0.29971 0.01785
v 0.06565 -0.41831 -0.17973
v 0.02436 -0.43157 0.11329
v 0.02236 -0.41734 0.11236
v 0.00986 -0.25263 0.02756
v 0.01112 -0.27649 0.02425
v 0.04251 -0.34980 -0.02935
v 0.02754 -0.42172 0.11747
v 0.05481 -0.37073 -0.06110
v 0.03829 -0.33824 -0.01324
v 0.02910 -0.44881 0.10322
v 0.03810 -0.32702 -0.00373
v 0.05672 -0.40015 -0.10973
v 0.03102 -0.40040 0.11441
v 0.07036 -0.42371 -0.18831
v 0.07439 -0.43140 -0.19544
v 0.06019 -0.38037 -0.07894
v 0.06133 -0.39070 -0.09486
v 0.05289 -0.35727 -0.04587
v 0.11621 -0.40000 -0.11451
v 0.10063 -0.39398 -0.11151
v 0.10467 -0.39062 -0.10236
v 0.09093 -0.38764 -0.10409
v 0.09449 -0.39913 -0.12860
v 0.11531 -0.39393 -0.09827
v 0.12706 -0.40087 -0.11197
v 0.10723 -0.38382 -0.08616
v 0.09548 -0.37923 -0.08964
v 0.08629 -0.35926 -0.06146
v 0.07814 -0.36204 -0.07045
v 0.06780 -0.35021 -0.05158
v 0.08000 -0.37435 -0.08749
v 0.07097 -0.34482 -0.04304
v 0.08744 -0.35278 -0.04592
v 0.07464 -0.33359 -0.01967
v 0.06601 -0.33456 -0.02613
v 0.06610 -0.32172 -0.00451
v 0.05474 -0.32845 -0.01817
v 0.10622 -0.40173 -0.13244
v 0.11454 -0.40044 -0.12607
v 0.12399 -0.40399 -0.12617
v 0.07330 -0.32398 0.00149
v 0.10240 -0.37209 -0.06417
v 0.07962 -0.39128 -0.10958
v 0.05685 -0.34052 -0.03583
v 0.09834 -0.40325 -0.14676
v 0.10720 -0.40659 -0.14692
v 0.12793 -0.39878 -0.08582
v 0.07957 -0.33514 -0.01421
v 0.08663 -0.34723 -0.03166
v 0.10600 -0.40755 -0.15920
v 0.10331 -0.40805 -0.16382
v 0.11072 -0.41293 -0.16190
v 0.11252 -0.41767 -0.17689
v 0.10729 -0.41764 -0.18104
v 0.11402 -0.42081 -0.18636
v 0.13499 -0.40373 -0.10681
v 0.11491 -0.41178 -0.15713
v 0.10487 -0.37009 -0.04583
v 0.12239 -0.39141 -0.06745
v 0.13320 -0.40074 -0.06843
v 0.14190 -0.40597 -0.08250
v 0.13970 -0.40742 -0.09618
v 0.15762 -0.41370 -0.09749
v 0.12375 -0.39182 -0.05487
v 0.14400 -0.40966 -0.06624
v 0.08294 -0.33578 -0.00006
v 0.10028 -0.36253 -0.02754
v 0.07628 -0.32175 0.01443
v 0.14743 -0.41265 -0.11201
v 0.12536 -0.40499 -0.14275
v 0.11748 -0.42444 -0.18283
v 0.11866 -0.40196 -0.13810
v 0.12426 -0.40683 -0.15381
v 0.13044 -0.41133 -0.15795
v 0.14809 -0.40969 -0.07766
v 0.15997 -0.41465 -0.11337
v 0.16959 -0.42062 -0.11424
v 0.16713 -0.41931 -0.12467
v 0.17445 -0.42425 -0.12535
v 0.17340 -0.42566 -0.13358
v 0.18129 -0.43546 -0.13719
v 0.18004 -0.43958 -0.14715
v 0.15861 -0.41927 -0.12362
v 0.15419 -0.41793 -0.12572
v 0.16197 -0.42752 -0.13549
v 0.18268 -0.44475 -0.15011
v 0.13086 -0.40527 -0.12969
v 0.16980 -0.43018 -0.13809
v 0.12995 -0.40919 -0.14292
v 0.13890 -0.40361 -0.12253
v 0.13749 -0.40692 -0.13508
v 0.12290 -0.41044 -0.15818
v 0.17661 -0.44460 -0.15291
v 0.16995 -0.44031 -0.15034
v 0.16866 -0.43647 -0.14309
v 0.14486 -0.40608 -0.13338
v 0.15000 -0.41561 -0.14779
v 0.15353 -0.41413 -0.14354
v 0.15865 -0.42236 -0.15837
v 0.16257 -0.42226 -0.15379
v 0.08477 -0.39919 -0.12571
v 0.04597 -0.33593 -0.02505
v 0.11696 -0.40625 -0.14895
v 0.11488 -0.41823 -0.16192
v 0.11576 -0.42220 -0.17293
v 0.08337 -0.40519 -0.14073
v 0.07322 -0.39629 -0.11645
v 0.06977 -0.39818 -0.12711
v 0.07901 -0.40458 -0.14172
v 0.08448 -0.41175 -0.15477
v 0.07457 -0.40184 -0.14520
v 0.06667 -0.39908 -0.14577
v 0.07342 -0.40303 -0.15784
v 0.08327 -0.41182 -0.16540
v 0.06150 -0.39556 -0.11718
v 0.06404 -0.38995 -0.10527
v 0.06107 -0.39821 -0.13119
v 0.06736 -0.40470 -0.16210
v 0.07784 -0.40926 -0.17787
v 0.08543 -0.41610 -0.18360
v 0.07910 -0.41327 -0.18673
v 0.08365 -0.41981 -0.19125
v 0.08703 -0.42587 -0.19600
v 0.07163 -0.41392 -0.18784
v 0.06839 -0.41032 -0.17852
v 0.10790 -0.42318 -0.18917
v 0.07905 -0.42323 -0.19552
v 0.08198 -0.42606 -0.19914
v 0.13255 -0.41234 -0.14159
v 0.06948 -0.37067 -0.08008
v 0.08703 -0.42602 -0.20210
v 0.17314 -0.44565 -0.15421
v 0.05818 -0.35187 -0.05043
v 0.04721 -0.32012 -0.00853
v 0.05706 -0.31556 -0.00359
v 0.04744 -0.31015 -0.00033
v 0.07630 -0.42744 -0.19970
v 0.09867 -0.40862 -0.16232
v 0.05286 -0.29589 0.01093
v 0.03741 -0.29248 0.01108
v 0.06935 -0.42385 -0.19383
v 0.16267 -0.42823 -0.15807
v 0.09027 -0.40729 -0.15003
v 0.09369 -0.41560 -0.16527
v 0.06174 -0.40008 -0.14510
v 0.05622 -0.39661 -0.11458
v 0.05558 -0.38880 -0.09627
v 0.05658 -0.40602 -0.14952
v 0.06018 -0.41012 -0.16580
v 0.07597 -0.42788 -0.20517
v 0.08269 -0.42499 -0.20346
v 0.08256 -0.42753 -0.20853
v 0.07751 -0.43002 -0.20896
v 0.03659 -0.32315 -0.00696
v 0.14074 -0.42486 -0.15274
v 0.13641 -0.42244 -0.15182
v 0.14324 -0.43121 -0.15953
v 0.14781 -0.42167 -0.15256
v 0.14944 -0.42674 -0.15825
v 0.05638 -0.37959 -0.08362
v 0.05407 -0.36986 -0.06774
v 0.04692 -0.35300 -0.04433
v 0.03274 -0.30997 0.00241
v 0.06602 -0.41667 -0.18727
v 0.08486 -0.43654 -0.21470
v 0.07747 -0.43780 -0.21308
v 0.11157 -0.43253 -0.18993
v 0.08710 -0.44940 -0.22110
v 0.09531 -0.45420 -0.22218
v 0.09454 -0.46230 -0.22520
v 0.09900 -0.46240 -0.22421
v 0.09849 -0.46596 -0.22528
v -0.01503 0.00575 -0.01029
v -0.02365 0.00733 -0.00973
v -0.01584 -0.01829 -0.00551
v -0.00874 -0.00802 -0.00715
v -0.00809 -0.03563 -0.00226
v -0.01781 -0.03328 -0.00176
v -0.01092 -0.06021 0.00336
v -0.00168 -0.05339 0.00208
v -0.00396 -0.07963 0.00708
v -0.01192 -0.07984 0.00856
v -0.00879 -0.10665 0.01423
v -0.02272 -0.01518 -0.00463
v -0.00071 -0.10403 0.01167
v 0.00070 -0.12674 0.01556
v 0.00802 -0.12449 0.01575
v 0.01170 -0.14457 0.01848
v 0.00176 -0.15149 0.01942
v 0.01311 -0.16537 0.02011
v 0.00744 -0.17646 0.02102
v 0.01929 -0.18233 0.02215
v 0.02308 -0.20282 0.02364
v 0.01135 -0.20234 0.02267
v 0.01745 -0.21804 0.02246
v 0.02349 -0.22307 0.02275
v 0.01864 -0.24341 0.02073
v 0.02622 -0.23733 0.02192
v 0.02827 -0.26509 0.01759
v 0.03456 -0.25488 0.02160
v 0.04108 -0.27761 0.01694
v 0.03030 -0.28180 0.01412
v 0.01631 -0.26814 0.01844
v 0.03741 -0.29248 0.01108
v 0.02450 -0.29465 0.01074
v 0.05286 -0.29589 0.01093
v 0.00815 -0.22299 0.02468
v 0.01174 -0.24148 0.02237
v 0.03274 -0.30997 0.00241
v 0.04744 -0.31015 -0.00033
v 0.00171 -0.16565 0.12327
v -0.00981 -0.14715 0.12294
v -0.00600 -0.17161 0.12082
v 0.00137 -0.19820 0.12015
v 0.01001 -0.18850 0.12271
v 0.01169 -0.21360 0.12238
v 0.00520 -0.14869 0.12431
v -0.00535 -0.13287 0.12533
v -0.01783 -0.13061 0.12240
v -0.00788 -0.11190 0.12592
v -0.02010 -0.09964 0.12532
v -0.02687 -0.11038 0.12127
v -0.02949 -0.08941 0.12315
v -0.02678 -0.06968 0.12637
v -0.03410 -0.07469 0.12398
v -0.00015 -0.21828 0.11690
v -0.04605 -0.06257 0.12553
v -0.03973 -0.09024 0.11803
v -0.04502 -0.07700 0.11922
v -0.01751 -0.15792 0.11684
v -0.01079 -0.18919 0.11462
v 0.00941 -0.22491 0.12205
v 0.00368 -0.23738 0.11770
v 0.01372 -0.24164 0.12281
v 0.00965 -0.25525 0.12027
v 0.01584 -0.26068 0.12243
v 0.01545 -0.28404 0.12124
v 0.00855 -0.27627 0.11786
v -0.02863 -0.13578 0.11467
v 0.01086 -0.29615 0.11646
v 0.01731 -0.31156 0.11886
v 0.01994 -0.30002 0.12188
v 0.02241 -0.32653 0.11850
v -0.05238 -0.06418 0.12371
v -0.05767 -0.04699 0.12742
v -0.04734 -0.03328 0.13109
v -0.05914 -0.02949 0.13037
v -0.04154 -0.10810 0.11110
v -0.01361 -0.20323 0.10796
v -0.04831 -0.09239 0.11072
v -0.05300 -0.07392 0.11661
v -0.02563 -0.16635 0.10758
v -0.03795 -0.13352 0.10619
v 0.00427 -0.25953 0.11448
v -0.00921 -0.22299 0.10688
v -0.04708 -0.11361 0.10305
v -0.05663 -0.08090 0.10712
v -0.06147 -0.05398 0.11997
v -0.00496 -0.25116 0.10210
v -0.03725 -0.14878 0.09959
v -0.02543 -0.18429 0.09903
v -0.01902 -0.20930 0.09766
v 0.04034 -0.41168 0.12304
v 0.03460 -0.38790 0.11739
v 0.02809 -0.40340 0.11893
v 0.02689 -0.38095 0.11373
v 0.03393 -0.42125 0.12439
v 0.02377 -0.42127 0.12044
v 0.03212 -0.37296 0.11508
v 0.02378 -0.36747 0.11073
v 0.02795 -0.43343 0.12075
v 0.03016 -0.35665 0.11536
v 0.02209 -0.34666 0.11320
v 0.04184 -0.43653 0.12319
v 0.03420 -0.44103 0.12164
v 0.04602 -0.42277 0.12501
v 0.02481 -0.44284 0.11637
v 0.02241 -0.32653 0.11850
v 0.01940 -0.43228 0.11486
v 0.01568 -0.32310 0.11423
v 0.01731 -0.31156 0.11886
v 0.02065 -0.39687 0.11033
v 0.01616 -0.41893 0.11241
v 0.01593 -0.44241 0.10843
v 0.01086 -0.29615 0.11646
v 0.02249 -0.38079 0.10826
v 0.01210 -0.43409 0.10440
v 0.02081 -0.36349 0.10635
v 0.01046 -0.42273 0.10275
v 0.01364 -0.40871 0.10152
v 0.01786 -0.45004 0.09897
v 0.02578 -0.44740 0.11174
v 0.02638 -0.45672 0.09781
v 0.08961 -0.44282 -0.18475
v 0.08513 -0.44396 -0.17140
v 0.08969 -0.43695 -0.17935
v 0.08795 -0.43666 -0.16669
v 0.08212 -0.45038 -0.17794
v 0.08173 -0.45829 -0.18813
v 0.07972 -0.45939 -0.18512
v 0.07764 -0.46359 -0.18847
v 0.08756 -0.44680 -0.19115
v 0.07915 -0.44855 -0.16846
v 0.09065 -0.44003 -0.19226
v 0.08612 -0.44375 -0.16434
v 0.08688 -0.42684 -0.17021
v 0.08597 -0.42436 -0.16219
v 0.08880 -0.43295 -0.18911
v 0.08327 -0.42001 -0.18080
v 0.07930 -0.41393 -0.16003
v 0.08727 -0.43503 -0.19524
v 0.08093 -0.41235 -0.14542
v 0.08509 -0.42958 -0.19281
v 0.00113 0.01266 0.00147
v -0.00102 -0.01360 0.00153
v 0.00671 -0.00775 0.00695
v 0.01176 -0.02974 0.01308
v 0.00573 -0.04914 0.00950
v 0.01455 -0.06236 0.01877
v 0.01091 -0.07717 0.01678
v 0.01652 -0.09634 0.02321
v 0.00884 -0.09978 0.01792
v 0.01887 -0.13214 0.02641
v 0.00038 -0.06130 0.00896
v -0.01279 0.01313 -0.00637
v 0.00844 -0.12521 0.02064
v 0.01319 -0.14743 0.02380
v 0.02040 -0.16177 0.02752
v 0.01608 -0.17671 0.02601
v 0.02724 -0.19338 0.03175
v -0.00522 -0.02911 0.00181
v 0.02165 -0.20640 0.02776
v 0.02626 -0.22960 0.02802
v -0.01417 -0.00371 -0.00379
v 0.03300 -0.22416 0.03293
v 0.03954 -0.25153 0.03100
v 0.02832 -0.25066 0.02553
v 0.00035 -0.10060 0.01594
v -0.00494 -0.06841 0.00948
v -0.00810 -0.04213 0.00384
v 0.00297 -0.12967 0.02066
v 0.00534 -0.15147 0.02353
v 0.01139 -0.18936 0.02641
v 0.01483 -0.21791 0.02731
v 0.01776 -0.24148 0.02579
v 0.01810 -0.26468 0.02330
v -0.02325 0.00800 -0.00522
v -0.01869 -0.01603 -0.00068
v -0.01421 -0.04470 0.00507
v -0.00937 -0.07515 0.01182
v -0.00838 -0.10045 0.01781
v -0.00252 -0.12862 0.02187
v -0.00114 -0.16079 0.02659
v 0.00241 -0.18411 0.02879
v 0.00513 -0.20794 0.03083
v 0.01009 -0.22561 0.02855
v 0.00986 -0.25263 0.02756
v 0.01112 -0.27649 0.02425
v 0.02020 -0.28570 0.01913
v 0.02797 -0.27243 0.02083
v 0.03912 -0.27254 0.02328
v 0.04535 -0.28789 0.01939
v 0.03452 -0.29733 0.01381
v 0.02592 -0.30402 0.01214
v 0.01489 -0.29971 0.01785
v 0.04680 -0.29986 0.01275
v 0.05654 -0.30606 0.01092
v 0.02674 -0.31530 0.00824
v 0.04688 -0.31341 0.00301
v 0.04187 -0.31853 0.00013
v 0.05468 -0.32313 -0.00489
v -0.01786 -0.06449 0.01347
v -0.01607 -0.09365 0.02151
v -0.01109 -0.11830 0.02460
v -0.00819 -0.13787 0.02705
v 0.01388 -0.31810 0.01592
v -0.02433 -0.02881 0.00660
v -0.03045 0.00136 0.00157
v 0.00288 -0.23431 0.03412
v 0.02788 -0.32783 0.00336
v 0.03810 -0.32702 -0.00373
v 0.03062 -0.33987 -0.00446
v 0.12651 -0.45228 -0.14110
v 0.11816 -0.44917 -0.15163
v 0.11029 -0.45575 -0.14828
v 0.11272 -0.45820 -0.14086
v 0.12412 -0.45608 -0.13345
v 0.13686 -0.45563 -0.12737
v 0.14211 -0.44706 -0.13630
v 0.14906 -0.45008 -0.12685
v 0.14948 -0.45420 -0.11787
v 0.15718 -0.44790 -0.12186
v 0.16223 -0.44960 -0.11476
v 0.16089 -0.44423 -0.12536
v 0.15139 -0.44361 -0.13011
v 0.14705 -0.44343 -0.13762
v 0.14069 -0.44178 -0.14264
v 0.15277 -0.44014 -0.13431
v 0.12515 -0.44384 -0.14926
v 0.12183 -0.44147 -0.15794
v 0.12754 -0.43922 -0.15351
v 0.13365 -0.44347 -0.14177
v 0.10214 -0.44647 -0.15709
v 0.09043 -0.45279 -0.15433
v 0.11652 -0.43870 -0.15944
v 0.09200 -0.44529 -0.15963
v 0.08449 -0.44696 -0.16242
v 0.08612 -0.44375 -0.16434
v 0.07915 -0.44855 -0.16846
v 0.10909 -0.43649 -0.16141
v 0.11567 -0.43202 -0.16351
v 0.09541 -0.43627 -0.16329
v 0.09069 -0.43653 -0.16322
v 0.12011 -0.43232 -0.16344
v 0.08795 -0.43666 -0.16669
v 0.15713 -0.43838 -0.12603
v 0.13348 -0.43691 -0.14396
v 0.13143 -0.43597 -0.14897
v 0.15437 -0.43817 -0.12898
v 0.13813 -0.43583 -0.14691
v 0.16757 -0.44741 -0.12249
v 0.08938 -0.43134 -0.16345
v 0.15877 -0.43399 -0.13829
v 0.15377 -0.42939 -0.12806
v 0.15428 -0.42386 -0.13504
v 0.16130 -0.42880 -0.14993
v 0.16344 -0.44251 -0.14677
v 0.15126 -0.42318 -0.12114
v 0.15644 -0.43802 -0.13432
v 0.16098 -0.44666 -0.14405
v 0.15437 -0.43817 -0.12898
v 0.16345 -0.45358 -0.15210
v 0.16481 -0.44561 -0.15138
v 0.16174 -0.43415 -0.15267
v 0.15436 -0.42923 -0.12548
v 0.14566 -0.41721 -0.11827
v 0.15000 -0.41723 -0.13458
v 0.15533 -0.42259 -0.14705
v 0.14081 -0.41018 -0.12372
v 0.13417 -0.40914 -0.10680
v 0.14518 -0.41715 -0.10977
v 0.15820 -0.42551 -0.15351
v 0.14782 -0.41498 -0.13790
v 0.14077 -0.41059 -0.13317
v 0.15713 -0.43838 -0.12603
v 0.03659 -0.32315 -0.00696
v 0.02786 -0.33926 -0.00913
v 0.02744 -0.32582 -0.00155
v 0.03274 -0.30997 0.00241
v 0.01791 -0.33055 0.00489
v 0.04597 -0.33593 -0.02505
v 0.03472 -0.35052 -0.02875
v 0.04692 -0.35300 -0.04433
v 0.03938 -0.36817 -0.04729
v 0.05407 -0.36986 -0.06774
v 0.04117 -0.38211 -0.05849
v 0.02687 -0.35853 -0.02166
v 0.03024 -0.37537 -0.03639
v 0.05040 -0.38677 -0.08420
v 0.05638 -0.37959 -0.08362
v 0.05558 -0.38880 -0.09627
v 0.02147 -0.36064 -0.01061
v 0.01916 -0.34352 0.00223
v 0.03602 -0.39589 -0.05267
v 0.04478 -0.38835 -0.07070
v 0.04498 -0.39568 -0.08074
v 0.02320 -0.38440 -0.02262
v 0.04017 -0.40901 -0.06544
v 0.01814 -0.37659 -0.00665
v 0.01749 -0.35980 0.00258
v 0.01513 -0.35185 0.00851
v 0.02936 -0.39540 -0.03708
v 0.04392 -0.40502 -0.09772
v 0.04952 -0.39862 -0.10557
v 0.04212 -0.40789 -0.07929
v 0.03937 -0.42501 -0.07343
v 0.04078 -0.41518 -0.08984
v 0.04349 -0.41197 -0.11976
v 0.03658 -0.42343 -0.10644
v 0.03453 -0.43190 -0.09387
v 0.05370 -0.40320 -0.13233
v 0.04832 -0.41236 -0.13789
v 0.05658 -0.40602 -0.14952
v 0.04063 -0.42615 -0.13393
v 0.05206 -0.41696 -0.15271
v 0.06018 -0.41012 -0.16580
v 0.04761 -0.43002 -0.14623
v 0.05269 -0.42863 -0.15819
v 0.05615 -0.42245 -0.17454
v 0.05466 -0.43182 -0.17305
v 0.05729 -0.43384 -0.18391
v 0.06115 -0.41923 -0.18346
v 0.06297 -0.43192 -0.19261
v 0.03548 -0.43995 -0.12900
v 0.03327 -0.43130 -0.12126
v 0.06146 -0.44113 -0.19177
v 0.03129 -0.43763 -0.11301
v 0.06804 -0.43889 -0.20129
v 0.06113 -0.44851 -0.18920
v 0.04190 -0.44323 -0.13780
v 0.05729 -0.44208 -0.17279
v 0.06108 -0.45318 -0.18079
v 0.06605 -0.45359 -0.19520
v 0.07027 -0.44726 -0.20284
v 0.07135 -0.44087 -0.20848
v 0.07130 -0.43335 -0.20568
v 0.07040 -0.43097 -0.19915
v 0.06935 -0.42385 -0.19383
v 0.06602 -0.41667 -0.18727
v 0.07747 -0.43780 -0.21308
v 0.05306 -0.43966 -0.15125
v 0.05711 -0.43952 -0.16124
v 0.05622 -0.39661 -0.11458
v 0.06839 -0.41032 -0.17852
v 0.06174 -0.40008 -0.14510
v 0.07751 -0.43002 -0.20896
v 0.07597 -0.42788 -0.20517
v 0.07630 -0.42744 -0.19970
v 0.08336 -0.45096 -0.21913
v 0.08710 -0.44940 -0.22110
v 0.06107 -0.39821 -0.13119
v 0.02450 -0.29465 0.01074
v 0.01476 -0.29261 0.01435
v 0.01631 -0.26814 0.01844
v 0.02015 -0.31370 0.00675
v 0.00642 -0.27844 0.02185
v 0.00273 -0.24102 0.02764
v 0.00715 -0.31153 0.01630
v 0.01174 -0.24148 0.02237
v 0.00815 -0.22299 0.02468
v -0.00060 -0.21710 0.03012
v 0.00550 -0.20708 0.02504
v -0.00447 -0.19256 0.02992
v 0.01135 -0.20234 0.02267
v 0.00272 -0.32890 0.01960
v 0.00791 -0.34254 0.01496
v -0.00031 -0.26883 0.02967
v -0.00059 -0.30181 0.02737
v -0.00054 -0.18260 0.02463
v -0.01288 -0.17647 0.03364
v -0.02030 -0.15097 0.03423
v -0.00606 -0.15503 0.02296
v -0.01318 -0.14317 0.02614
v -0.01836 -0.11618 0.02388
v -0.00871 -0.12621 0.01925
v -0.00879 -0.10665 0.01423
v -0.00253 -0.34184 0.02672
v 0.00744 -0.17646 0.02102
v 0.00176 -0.15149 0.01942
v 0.00070 -0.12674 0.01556
v -0.01598 -0.08891 0.01393
v -0.01192 -0.07984 0.00856
v -0.02169 -0.06242 0.00967
v -0.01092 -0.06021 0.00336
v -0.00610 -0.28294 0.04000
v -0.00505 -0.25129 0.03727
v -0.00606 -0.31378 0.03818
v -0.00590 -0.33360 0.03390
v -0.00809 -0.23035 0.04028
v -0.01114 -0.20321 0.03898
v -0.01405 -0.21750 0.04720
v -0.01834 -0.19914 0.04721
v -0.02062 -0.17822 0.04263
v -0.02605 -0.17927 0.05061
v 0.00347 -0.35182 0.02329
v -0.02810 -0.16478 0.04767
v -0.03155 -0.14584 0.04614
v -0.03174 -0.11928 0.03773
v -0.03774 -0.12454 0.04639
v -0.05061 -0.08953 0.04847
v -0.03989 -0.08974 0.03760
v -0.02629 -0.09572 0.02554
v -0.03939 -0.07014 0.03120
v -0.02722 -0.07114 0.01869
v -0.04232 -0.04499 0.02601
v -0.03099 -0.04897 0.01403
v -0.04061 -0.02266 0.01511
v -0.05364 -0.00926 0.02491
v -0.04441 0.00001 0.01040
v -0.03200 -0.01981 0.00374
v -0.04815 -0.02775 0.02626
v -0.02609 -0.03674 0.00445
v -0.04088 -0.13192 0.05683
v -0.03439 -0.15385 0.05715
v -0.04870 -0.10749 0.05531
v -0.06135 -0.07840 0.05869
v -0.04755 -0.11835 0.06064
v -0.05509 -0.10065 0.06539
v -0.00569 -0.34856 0.03605
v -0.00959 -0.25182 0.05003
v -0.01496 -0.22764 0.05803
v -0.02026 -0.20663 0.05814
v -0.06239 -0.06622 0.05287
v -0.07091 -0.05158 0.05963
v -0.07148 -0.03979 0.05153
v -0.06640 -0.04192 0.04503
v -0.07619 -0.01690 0.04536
v -0.05699 -0.06891 0.04619
v -0.07786 -0.02981 0.05871
v 0.01367 -0.36123 0.01484
v -0.08216 -0.01021 0.05338
v -0.08388 0.01079 0.04369
v -0.03389 0.00825 -0.00394
v 0.00049 -0.35797 0.03240
v -0.06992 0.01830 0.03121
v -0.05043 -0.06047 0.03816
v -0.05706 -0.03374 0.03557
v -0.08934 0.00455 0.06106
v -0.06802 -0.01202 0.03754
v -0.08452 -0.01514 0.06595
v 0.01011 -0.36645 0.02737
v 0.01479 -0.37183 0.01611
v -0.00513 -0.35439 0.04191
v -0.02272 -0.01518 -0.00463
v -0.01837 -0.05007 0.00335
v -0.01781 -0.03328 -0.00176
v -0.06597 -0.00642 0.12909
v -0.07771 0.00164 0.11828
v -0.06671 -0.02475 0.12531
v -0.05914 -0.02949 0.13037
v -0.05767 -0.04699 0.12742
v -0.07486 -0.01931 0.11480
v -0.06786 -0.03910 0.11898
v -0.08367 0.00169 0.10489
v -0.06147 -0.05398 0.11997
v -0.07191 -0.03866 0.10853
v -0.08164 -0.01405 0.09833
v -0.09006 0.01055 0.08670
v -0.06539 -0.06000 0.10673
v -0.05663 -0.08090 0.10712
v -0.07407 -0.04301 0.09448
v -0.06537 -0.07076 0.09282
v -0.05294 -0.10293 0.09696
v -0.04708 -0.11361 0.10305
v -0.04386 -0.13209 0.09385
v -0.03725 -0.14878 0.09959
v -0.08251 -0.01996 0.08325
v -0.05249 -0.11160 0.08646
v -0.03265 -0.16988 0.08800
v -0.09062 0.00784 0.07087
v -0.02543 -0.18429 0.09903
v -0.02521 -0.19671 0.08814
v -0.01902 -0.20930 0.09766
v -0.07423 -0.04721 0.08272
v -0.06076 -0.08907 0.07671
v -0.01893 -0.21815 0.09040
v -0.01364 -0.23719 0.09157
v -0.01896 -0.22145 0.07694
v -0.08033 -0.02882 0.07462
v -0.01183 -0.24715 0.07258
v -0.00647 -0.26661 0.08298
v -0.00901 -0.26147 0.05981
v -0.00638 -0.27825 0.06776
v -0.02717 -0.18915 0.07580
v -0.03886 -0.14967 0.07986
v -0.00067 -0.29014 0.08242
v -0.04688 -0.12632 0.07546
v -0.00736 -0.28911 0.05027
v -0.00491 -0.29739 0.06552
v -0.03348 -0.16328 0.06763
v -0.07415 -0.04711 0.06977
v -0.06657 -0.06920 0.06849
v -0.00117 -0.27616 0.09451
v -0.02717 -0.18106 0.05853
v -0.00496 -0.25116 0.10210
v 0.00569 -0.28539 0.10702
v 0.00845 -0.30723 0.09627
v 0.01040 -0.31020 0.10562
v 0.01646 -0.33389 0.10811
v 0.01243 -0.32860 0.09017
v 0.01814 -0.34900 0.10095
v 0.01568 -0.32310 0.11423
v 0.01622 -0.36313 0.08575
v 0.01856 -0.36790 0.09583
v 0.01930 -0.38235 0.09410
v 0.01086 -0.29615 0.11646
v 0.02081 -0.36349 0.10635
v 0.02249 -0.38079 0.10826
v 0.01532 -0.38416 0.07723
v 0.00237 -0.30991 0.07923
v -0.00715 -0.31273 0.05358
v -0.00426 -0.31682 0.06658
v 0.00532 -0.33313 0.07728
v 0.01328 -0.34842 0.08389
v 0.02209 -0.34666 0.11320
v 0.01101 -0.37572 0.06608
v 0.01202 -0.38197 0.05902
v 0.00454 -0.36919 0.05481
v 0.00855 -0.27627 0.11786
v 0.00427 -0.25953 0.11448
v 0.01233 -0.39182 0.06388
v 0.01416 -0.38981 0.03883
v 0.01250 -0.37917 0.04046
v 0.01749 -0.39184 0.01806
v 0.01774 -0.38631 0.00472
v 0.02235 -0.40047 -0.00337
v 0.01932 -0.39102 -0.00736
v 0.02343 -0.40737 0.00881
v 0.02687 -0.40287 -0.02497
v 0.01701 -0.40551 0.02636
v 0.03690 -0.42104 -0.03375
v 0.03445 -0.42121 -0.00437
v 0.00420 -0.36713 0.04253
v 0.03542 -0.40957 -0.04739
v 0.03972 -0.42177 -0.05858
v 0.04305 -0.42971 -0.04525
v 0.04309 -0.43737 -0.06408
v -0.00843 -0.33447 0.04942
v -0.00696 -0.33412 0.06112
v -0.00763 -0.34784 0.05734
v -0.00862 -0.34819 0.04864
v -0.00604 -0.35482 0.05171
v -0.00379 -0.35600 0.06147
v 0.01265 -0.40534 0.04001
v 0.03677 -0.43786 -0.08473
v 0.04034 -0.45043 -0.08808
v 0.03292 -0.44417 -0.10263
v 0.03174 -0.44247 -0.11734
v 0.03424 -0.45058 -0.11513
v 0.03749 -0.45489 -0.10413
v 0.03617 -0.44994 -0.12538
v 0.01956 -0.42143 0.02558
v 0.00079 -0.36322 0.06055
v 0.03984 -0.45829 -0.11814
v 0.02706 -0.42055 0.01355
v 0.01211 -0.36705 0.07561
v 0.04663 -0.43395 -0.02108
v 0.03910 -0.42970 0.00370
v 0.03143 -0.43309 0.01978
v 0.01139 -0.42246 0.03971
v 0.04277 -0.46135 -0.10542
v -0.00428 -0.34388 0.06531
v 0.00550 -0.42353 0.05450
v 0.01039 -0.43301 0.04434
v 0.00579 -0.43829 0.05711
v 0.00356 -0.43228 0.06911
v 0.00493 -0.44184 0.07173
v 0.00618 -0.43336 0.08847
v 0.00849 -0.44286 0.09204
v 0.00621 -0.42292 0.08760
v 0.00442 -0.41951 0.06932
v 0.00952 -0.44860 0.07448
v 0.01126 -0.44933 0.08480
v 0.01046 -0.42273 0.10275
v 0.01210 -0.43409 0.10440
v 0.01236 -0.44812 0.05913
v 0.01593 -0.44241 0.10843
v 0.00950 -0.40664 0.05455
v 0.00957 -0.40798 0.08024
v 0.01755 -0.39328 0.09778
v 0.02065 -0.39687 0.11033
v -0.00921 -0.22299 0.10688
v 0.01713 -0.45573 0.06930
v 0.01578 -0.45617 0.07876
v 0.02322 -0.43187 0.02731
v 0.01555 -0.43943 0.04235
v 0.04780 -0.43794 -0.05105
v 0.04880 -0.44935 -0.06950
v 0.01664 -0.45451 0.08804
v 0.01364 -0.40871 0.10152
v 0.05408 -0.44002 -0.03823
v 0.01786 -0.45004 0.09897
v 0.04737 -0.46563 -0.11476
v 0.04447 -0.45447 -0.13304
v 0.04600 -0.46189 -0.12457
v 0.00482 -0.35809 0.07041
v 0.04961 -0.46184 -0.09180
v 0.01934 -0.45289 0.05526
v 0.02181 -0.44573 0.04238
v 0.05010 -0.45906 -0.13415
v 0.04251 -0.43902 0.01759
v 0.05049 -0.43815 0.00227
v 0.02638 -0.45672 0.09781
v 0.02329 -0.45969 0.08278
v 0.03478 -0.44252 0.02884
v 0.05663 -0.44401 0.01359
v 0.10570 -0.43725 -0.18571
v 0.10363 -0.42668 -0.18209
v 0.09936 -0.43214 -0.17770
v 0.10219 -0.44478 -0.18189
v 0.10880 -0.45232 -0.18859
v 0.09584 -0.43684 -0.17201
v 0.09324 -0.43018 -0.16864
v 0.09198 -0.43138 -0.16487
v 0.08755 -0.42228 -0.15942
v 0.09967 -0.42292 -0.17166
v 0.10798 -0.42714 -0.18523
v 0.11059 -0.44876 -0.18957
v 0.09472 -0.41566 -0.15799
v 0.08938 -0.43134 -0.16345
v 0.10649 -0.42362 -0.18156
v 0.10372 -0.41843 -0.17055
v 0.08649 -0.41562 -0.15092
v 0.11011 -0.42358 -0.18355
v 0.10839 -0.45498 -0.18532
v 0.11246 -0.45801 -0.18763
v 0.09541 -0.43627 -0.16329
v 0.09751 -0.43855 -0.16958
v 0.11050 -0.43802 -0.18641
v 0.11259 -0.42740 -0.18380
v 0.11592 -0.44777 -0.17918
v 0.11552 -0.43257 -0.17090
v 0.11515 -0.43395 -0.18044
v 0.11471 -0.44534 -0.18464
v 0.11555 -0.45741 -0.18595
v 0.11017 -0.42126 -0.16624
v 0.11186 -0.42428 -0.17971
v 0.11259 -0.42740 -0.18380
v 0.11362 -0.42566 -0.16044
v 0.11567 -0.43202 -0.16351
v 0.11451 -0.43967 -0.17125
v 0.10856 -0.41547 -0.15487
v 0.11011 -0.42358 -0.18355
v 0.10600 -0.41641 -0.16790
v 0.11050 -0.43802 -0.18641
v 0.11059 -0.44876 -0.18957
v 0.11246 -0.45801 -0.18763
v 0.10302 -0.45008 -0.18954
v 0.09828 -0.44227 -0.18706
v 0.10466 -0.44496 -0.19263
v 0.11176 -0.45111 -0.19934
v 0.09534 -0.44369 -0.18253
v 0.09600 -0.44022 -0.18429
v 0.11065 -0.44387 -0.19883
v 0.11468 -0.44625 -0.20254
v 0.11003 -0.45598 -0.19393
v 0.10687 -0.46110 -0.19064
v 0.10113 -0.42758 -0.18661
v 0.09475 -0.43319 -0.18154
v 0.09187 -0.42400 -0.17345
v 0.10015 -0.42286 -0.18216
v 0.11527 -0.43915 -0.19927
v 0.10528 -0.43529 -0.19031
v 0.10975 -0.43979 -0.19404
v 0.10790 -0.42318 -0.18917
v 0.11771 -0.44360 -0.20239
v 0.09369 -0.41560 -0.16527
v 0.10591 -0.46238 -0.18690
v 0.10099 -0.45237 -0.18230
v 0.11505 -0.45446 -0.19938
v 0.08448 -0.41175 -0.15477
v 0.10729 -0.41764 -0.18104
v 0.11157 -0.43253 -0.18993
v 0.11638 -0.43600 -0.19406
v 0.11051 -0.46551 -0.18842
v 0.09600 -0.44438 -0.17104
v 0.10722 -0.44942 -0.17912
v 0.10215 -0.43792 -0.16584
v 0.11036 -0.44235 -0.17082
v 0.11037 -0.43579 -0.16445
v 0.11323 -0.45488 -0.18293
v 0.10839 -0.45498 -0.18532
v 0.11246 -0.45801 -0.18763
v 0.11555 -0.45741 -0.18595
v 0.09751 -0.43855 -0.16958
v 0.09541 -0.43627 -0.16329
v 0.10909 -0.43649 -0.16141
v 0.11592 -0.44777 -0.17918
v 0.11451 -0.43967 -0.17125
v 0.11567 -0.43202 -0.16351
v 0.10219 -0.44478 -0.18189
v 0.07939 -0.44721 -0.19476
v 0.07561 -0.44018 -0.19689
v 0.07014 -0.44848 -0.19531
v 0.08727 -0.43503 -0.19524
v 0.08025 -0.43204 -0.19628
v 0.07316 -0.45344 -0.19541
v 0.07841 -0.45828 -0.19212
v 0.09065 -0.44003 -0.19226
v 0.08756 -0.44680 -0.19115
v 0.07347 -0.45984 -0.19109
v 0.07764 -0.46359 -0.18847
v 0.08173 -0.45829 -0.18813
v 0.07136 -0.43819 -0.19606
v 0.07439 -0.43140 -0.19544
v 0.07412 -0.46318 -0.18715
v 0.13073 -0.44262 -0.17542
v 0.12642 -0.43515 -0.17095
v 0.12761 -0.44478 -0.16938
v 0.12011 -0.43232 -0.16344
v 0.13186 -0.44853 -0.17327
v 0.12297 -0.43937 -0.16307
v 0.13369 -0.45232 -0.17056
v 0.11652 -0.43870 -0.15944
v 0.12783 -0.44430 -0.16201
v 0.12183 -0.44147 -0.15794
v 0.07146 -0.44238 0.11127
v 0.08023 -0.44186 0.10018
v 0.07409 -0.43588 0.11016
v 0.08323 -0.43118 0.09679
v 0.07572 -0.42228 0.10797
v 0.08347 -0.42238 0.09679
v 0.08679 -0.43858 0.08862
v 0.02667 0.01274 0.07409
v 0.02849 0.00744 0.05930
v 0.02535 0.00369 0.09804
v 0.02152 0.00669 0.11346
v 0.02755 -0.01870 0.11007
v 0.02944 -0.02042 0.09087
v 0.03159 -0.05460 0.10118
v 0.02167 -0.01339 0.12357
v 0.02967 -0.01974 0.07205
v 0.03013 -0.02012 0.05481
v 0.02693 -0.03685 0.11588
v 0.03190 -0.07046 0.10521
v 0.03499 -0.08894 0.09234
v 0.03451 -0.09667 0.10279
v 0.03692 -0.11114 0.09339
v 0.03876 -0.11987 0.08073
v 0.03971 -0.13421 0.08834
v 0.03587 -0.11826 0.10060
v 0.04089 -0.14299 0.07016
v 0.04337 -0.16322 0.08327
v 0.03716 -0.14004 0.09821
v 0.04385 -0.16846 0.06863
v 0.04858 -0.20301 0.07611
v 0.04481 -0.18273 0.08682
v 0.04826 -0.20376 0.08395
v 0.05138 -0.22635 0.08088
v 0.03455 -0.09958 0.06314
v 0.03807 -0.12564 0.05911
v 0.03329 -0.07891 0.08034
v 0.03391 -0.09532 0.04677
v 0.03222 -0.07572 0.04906
v 0.03093 -0.06694 0.06664
v 0.03052 -0.04767 0.05739
v 0.03095 -0.04834 0.08453
v 0.04939 -0.21562 0.06471
v 0.05359 -0.23933 0.06949
v 0.05756 -0.25877 0.07675
v 0.04466 -0.18927 0.05817
v 0.04050 -0.15098 0.05578
v 0.05296 -0.25281 0.08689
v 0.06336 -0.28117 0.07771
v 0.06221 -0.27749 0.06181
v 0.06893 -0.29460 0.05795
v 0.07407 -0.30980 0.07260
v 0.08072 -0.32292 0.05987
v 0.07556 -0.30720 0.04481
v 0.08222 -0.33365 0.07306
v 0.08499 -0.34009 0.06492
v 0.08368 -0.33042 0.03559
v 0.08800 -0.35285 0.04212
v 0.08974 -0.34951 0.02265
v 0.09538 -0.37043 0.02516
v 0.08473 -0.35070 0.07393
v 0.08624 -0.35801 0.06407
v 0.08853 -0.36891 0.04807
v 0.07667 -0.31246 0.02905
v 0.05362 -0.25347 0.05185
v 0.05845 -0.27319 0.03813
v 0.02722 0.00049 0.04071
v 0.02928 -0.02757 0.04091
v 0.08198 -0.33153 0.01796
v 0.09453 -0.35408 0.00013
v 0.10067 -0.36875 0.00515
v 0.02937 -0.05585 0.03779
v 0.06525 -0.28891 0.03247
v 0.03590 -0.12057 0.04663
v 0.04948 -0.23200 0.05457
v 0.10168 -0.38464 0.01611
v 0.03997 -0.16472 0.04855
v 0.05046 -0.25157 0.03865
v 0.04491 -0.21965 0.04544
v 0.10546 -0.37231 -0.01046
v 0.11646 -0.39287 -0.01266
v 0.11436 -0.38386 -0.02463
v 0.09167 -0.38620 0.04076
v 0.08671 -0.39348 0.05926
v 0.08478 -0.37037 0.06697
v 0.09355 -0.41431 0.04793
v 0.10036 -0.41177 0.03026
v 0.08986 -0.41217 0.06094
v 0.08969 -0.42995 0.07646
v 0.08809 -0.42078 0.07990
v 0.09668 -0.42809 0.04361
v 0.09040 -0.43652 0.07388
v 0.08262 -0.41274 0.08742
v 0.08326 -0.39792 0.07215
v 0.08223 -0.38069 0.06884
v 0.10028 -0.36253 -0.02754
v 0.08136 -0.34154 0.07858
v 0.11172 -0.39417 0.00061
v 0.12369 -0.41333 -0.01234
v 0.11072 -0.40876 0.00964
v 0.03894 -0.16462 0.09502
v 0.03955 -0.18200 0.04299
v 0.02888 -0.08558 0.03299
v 0.02512 -0.01138 0.02921
v 0.02057 0.01190 0.02271
v 0.03473 -0.14005 0.03930
v 0.08294 -0.33578 -0.00006
v 0.07628 -0.32175 0.01443
v 0.07035 -0.30323 0.02234
v 0.02425 -0.02681 0.02453
v 0.12895 -0.40029 -0.04309
v 0.13095 -0.41169 -0.02942
v 0.01694 0.00520 0.12442
v 0.13975 -0.42684 -0.03949
v 0.14252 -0.41449 -0.05351
v 0.10500 -0.42340 0.02341
v 0.11761 -0.42502 0.00122
v 0.04376 -0.21853 0.09495
v 0.04270 -0.19329 0.09286
v 0.11799 -0.38583 -0.03967
v 0.06783 -0.30250 0.08106
v 0.07663 -0.32481 0.07775
v 0.06008 -0.28569 0.08578
v 0.03119 -0.08613 0.10858
v 0.12375 -0.39182 -0.05487
v 0.02331 -0.03591 0.12310
v 0.07160 -0.31494 0.01215
v 0.02539 -0.06189 0.11900
v 0.02749 -0.08750 0.11574
v 0.02561 -0.05408 0.02723
v 0.14400 -0.40966 -0.06624
v 0.13181 -0.43315 -0.02404
v 0.03209 -0.11648 0.10803
v 0.03255 -0.14653 0.10705
v 0.03054 -0.17763 0.11072
v 0.07330 -0.32398 0.00149
v 0.06521 -0.30568 0.08688
v 0.07070 -0.32597 0.08695
v 0.10487 -0.37009 -0.04583
v 0.03430 -0.16184 0.03578
v 0.15537 -0.42240 -0.06972
v 0.16012 -0.42022 -0.08533
v 0.16636 -0.43008 -0.08887
v 0.16234 -0.43388 -0.07723
v 0.15061 -0.42510 -0.05680
v 0.17343 -0.43857 -0.10341
v 0.17480 -0.43063 -0.11068
v 0.18044 -0.44217 -0.12344
v 0.18285 -0.43923 -0.13093
v 0.17445 -0.42425 -0.12535
v 0.18452 -0.44961 -0.13357
v 0.18641 -0.44877 -0.14288
v 0.18618 -0.45531 -0.14035
v 0.18129 -0.43546 -0.13719
v 0.16813 -0.42294 -0.10132
v 0.16959 -0.42062 -0.11424
v 0.15659 -0.43232 -0.06219
v 0.14985 -0.43164 -0.05333
v 0.07397 -0.34124 0.08742
v 0.18268 -0.44475 -0.15011
v 0.14809 -0.40969 -0.07766
v 0.15762 -0.41370 -0.09749
v 0.02945 -0.11985 0.03203
v 0.01897 -0.00553 0.01610
v 0.05489 -0.27542 0.02708
v 0.05011 -0.26062 0.03146
v 0.04196 -0.23549 0.03268
v 0.06290 -0.29611 0.01828
v 0.13482 -0.44812 -0.16537
v 0.12783 -0.44430 -0.16201
v 0.13414 -0.44038 -0.15847
v 0.12754 -0.43922 -0.15351
v 0.12183 -0.44147 -0.15794
v 0.13533 -0.43453 -0.15536
v 0.13865 -0.44098 -0.16471
v 0.13143 -0.43597 -0.14897
v 0.13612 -0.44902 -0.16902
v 0.13369 -0.45232 -0.17056
v 0.08453 -0.46089 -0.19372
v 0.07684 -0.46301 -0.19587
v 0.08292 -0.45767 -0.20038
v 0.07813 -0.45496 -0.20523
v 0.08151 -0.46643 -0.19047
v 0.07423 -0.46816 -0.18840
v 0.09838 -0.46647 -0.21781
v 0.09450 -0.46106 -0.21142
v 0.09048 -0.46198 -0.21293
v 0.08987 -0.45697 -0.20590
v 0.09534 -0.46780 -0.21898
v 0.08307 -0.45654 -0.20929
v 0.09897 -0.46858 -0.22275
v 0.08921 -0.46235 -0.21939
v 0.09521 -0.46781 -0.22305
v 0.08292 -0.45767 -0.20038
v 0.07813 -0.45496 -0.20523
v 0.12763 -0.44812 -0.19296
v 0.12590 -0.44677 -0.18541
v 0.12587 -0.45370 -0.19118
v 0.12633 -0.45084 -0.18275
v 0.12458 -0.45638 -0.18811
v 0.12499 -0.45149 -0.19840
v 0.12396 -0.44149 -0.17885
v 0.12539 -0.44124 -0.19370
v 0.12389 -0.44165 -0.18457
v 0.12396 -0.44376 -0.19868
v 0.12043 -0.43742 -0.18948
v 0.12087 -0.43888 -0.19757
v 0.12027 -0.43886 -0.18395
v 0.11969 -0.43118 -0.17966
v 0.12007 -0.42919 -0.17051
v 0.11576 -0.42220 -0.17293
v 0.11748 -0.42444 -0.18283
v 0.11488 -0.41823 -0.16192
v 0.11705 -0.43291 -0.18616
v 0.11672 -0.43687 -0.18873
v 0.11402 -0.42081 -0.18636
v 0.11638 -0.43600 -0.19406
v 0.11157 -0.43253 -0.18993
v 0.11771 -0.44360 -0.20239
v 0.12066 -0.44896 -0.20194
v 0.11191 -0.43755 -0.19122
v 0.10975 -0.43979 -0.19404
v 0.11527 -0.43915 -0.19927
v 0.07915 -0.44855 -0.16846
v 0.07408 -0.44792 -0.16548
v 0.08449 -0.44696 -0.16242
v 0.07338 -0.45235 -0.17330
v 0.08212 -0.45038 -0.17794
v 0.07972 -0.45939 -0.18512
v 0.07496 -0.46115 -0.18422
v 0.07764 -0.46359 -0.18847
v 0.17378 -0.44848 -0.16222
v 0.17314 -0.44565 -0.15421
v 0.17265 -0.45019 -0.15360
v 0.17258 -0.44350 -0.15751
v 0.17200 -0.44194 -0.16426
v 0.16995 -0.44031 -0.15034
v 0.17226 -0.44841 -0.16736
v 0.16763 -0.43711 -0.15952
v 0.16778 -0.43840 -0.15527
v 0.16267 -0.42823 -0.15807
v 0.16707 -0.43443 -0.14818
v 0.16866 -0.43647 -0.14309
v 0.16197 -0.42752 -0.13549
v 0.16058 -0.42168 -0.14364
v 0.15419 -0.41793 -0.12572
v 0.14840 -0.41074 -0.12536
v 0.14743 -0.41265 -0.11201
v 0.15353 -0.41413 -0.14354
v 0.14486 -0.40608 -0.13338
v 0.16257 -0.42226 -0.15379
v 0.16570 -0.42784 -0.15235
v 0.13890 -0.40361 -0.12253
v 0.13499 -0.40373 -0.10681
v 0.16640 -0.43722 -0.16471
v 0.16110 -0.43297 -0.16057
v 0.16957 -0.44370 -0.16861
v 0.12249 -0.46180 -0.18895
v 0.12011 -0.45781 -0.19240
v 0.12458 -0.45638 -0.18811
v 0.13082 -0.45810 -0.18499
v 0.12633 -0.45084 -0.18275
v 0.14745 -0.45101 -0.18561
v 0.14193 -0.45168 -0.18611
v 0.14316 -0.44738 -0.18640
v 0.13457 -0.44946 -0.18382
v 0.13759 -0.43867 -0.18140
v 0.12915 -0.44520 -0.18123
v 0.13297 -0.42981 -0.17898
v 0.12507 -0.43303 -0.17628
v 0.12396 -0.44149 -0.17885
v 0.13108 -0.42472 -0.17650
v 0.13811 -0.42901 -0.17862
v 0.13853 -0.42186 -0.17622
v 0.12007 -0.42919 -0.17051
v 0.12386 -0.41943 -0.16574
v 0.11488 -0.41823 -0.16192
v 0.11491 -0.41178 -0.15713
v 0.12290 -0.41044 -0.15818
v 0.13182 -0.42014 -0.17085
v 0.13044 -0.41133 -0.15795
v 0.13713 -0.41918 -0.17086
v 0.13364 -0.41502 -0.15872
v 0.15156 -0.44439 -0.18177
v 0.15213 -0.45104 -0.18175
v 0.14242 -0.44198 -0.18569
v 0.14405 -0.43742 -0.18172
v 0.14673 -0.44151 -0.18438
v 0.14982 -0.43811 -0.17937
v 0.14328 -0.43515 -0.17663
v 0.14273 -0.42883 -0.17487
v 0.13612 -0.44902 -0.16902
v 0.13521 -0.44541 -0.17479
v 0.13186 -0.44853 -0.17327
v 0.13886 -0.43812 -0.17220
v 0.13369 -0.45232 -0.17056
v 0.13579 -0.43333 -0.17497
v 0.13892 -0.42986 -0.17100
v 0.13622 -0.42502 -0.17157
v 0.14008 -0.43403 -0.16593
v 0.13533 -0.43453 -0.15536
v 0.13495 -0.42902 -0.15614
v 0.12989 -0.42447 -0.14561
v 0.13143 -0.43597 -0.14897
v 0.13865 -0.44098 -0.16471
v 0.13584 -0.42464 -0.16344
v 0.12928 -0.42019 -0.14902
v 0.12774 -0.41418 -0.13748
v 0.12561 -0.41131 -0.14480
v 0.12949 -0.41805 -0.15875
v 0.12555 -0.41215 -0.15358
v 0.12135 -0.40819 -0.13324
v 0.13139 -0.42950 -0.14392
v 0.13348 -0.43691 -0.14396
v 0.13117 -0.42143 -0.14183
v 0.08938 -0.43134 -0.16345
v 0.08755 -0.42228 -0.15942
v 0.08597 -0.42436 -0.16219
v 0.08795 -0.43666 -0.16669
v 0.09069 -0.43653 -0.16322
v 0.09897 -0.46858 -0.22275
v 0.09849 -0.46596 -0.22528
v 0.10090 -0.46479 -0.22090
v 0.09900 -0.46240 -0.22421
v 0.09840 -0.45520 -0.21543
v 0.09531 -0.45420 -0.22218
v 0.09156 -0.43864 -0.21147
v 0.09643 -0.44545 -0.20763
v 0.09647 -0.44037 -0.19394
v 0.09057 -0.43025 -0.19880
v 0.09474 -0.43500 -0.18888
v 0.09074 -0.42322 -0.18302
v 0.09475 -0.43319 -0.18154
v 0.09187 -0.42400 -0.17345
v 0.08703 -0.42602 -0.20210
v 0.09616 -0.44141 -0.18743
v 0.09722 -0.44483 -0.19502
v 0.09828 -0.44227 -0.18706
v 0.09600 -0.44022 -0.18429
v 0.08327 -0.41182 -0.16540
v 0.08543 -0.41610 -0.18360
v 0.08448 -0.41175 -0.15477
v 0.08703 -0.42587 -0.19600
v 0.08256 -0.42753 -0.20853
v 0.08486 -0.43654 -0.21470
v 0.09897 -0.46858 -0.22275
v 0.09521 -0.46781 -0.22305
v 0.09849 -0.46596 -0.22528
v 0.09454 -0.46230 -0.22520
v 0.08921 -0.46235 -0.21939
v 0.08336 -0.45096 -0.21913
v 0.07617 -0.45038 -0.21109
v 0.07135 -0.44087 -0.20848
v 0.07027 -0.44726 -0.20284
v 0.07098 -0.45579 -0.19919
v 0.06605 -0.45359 -0.19520
v 0.06982 -0.46373 -0.19140
v 0.06549 -0.46000 -0.18856
v 0.06113 -0.44851 -0.18920
v 0.06108 -0.45318 -0.18079
v 0.06746 -0.46399 -0.18369
v 0.07684 -0.46301 -0.19587
v 0.07813 -0.45496 -0.20523
v 0.08307 -0.45654 -0.20929
v 0.07423 -0.46816 -0.18840
v 0.08710 -0.44940 -0.22110
v 0.06408 -0.45614 -0.17615
v 0.05729 -0.44208 -0.17279
v 0.06259 -0.44592 -0.16191
v 0.05711 -0.43952 -0.16124
v 0.06241 -0.44835 -0.15270
v 0.05306 -0.43966 -0.15125
v 0.05544 -0.45380 -0.14257
v 0.04190 -0.44323 -0.13780
v 0.04447 -0.45447 -0.13304
v 0.05010 -0.45906 -0.13415
v 0.06941 -0.45097 -0.15789
v 0.07129 -0.45176 -0.16370
v 0.07742 -0.45502 -0.15700
v 0.07688 -0.45967 -0.14403
v 0.07890 -0.45383 -0.16799
v 0.07843 -0.46012 -0.17756
v 0.06979 -0.45466 -0.16964
v 0.07137 -0.46281 -0.17865
v 0.07772 -0.46772 -0.18535
v 0.11638 -0.43600 -0.19406
v 0.11191 -0.43755 -0.19122
v 0.11672 -0.43687 -0.18873
v 0.10975 -0.43979 -0.19404
v 0.00369 -0.13895 0.12023
v -0.00147 -0.14981 0.11962
v -0.00712 -0.12027 0.12112
v 0.00918 -0.15756 0.11916
v 0.00270 -0.17556 0.11812
v 0.01485 -0.18142 0.11768
v 0.00507 -0.10734 0.12104
v -0.00775 -0.09713 0.12175
v 0.00444 -0.07967 0.12212
v 0.00978 -0.19741 0.11762
v -0.01082 -0.07543 0.12204
v 0.01835 -0.21679 0.11737
v 0.00280 -0.06453 0.12282
v -0.01121 -0.04817 0.12357
v -0.03133 -0.05633 0.12215
v -0.01913 -0.09600 0.12111
v -0.02899 -0.07312 0.12100
v -0.04390 -0.05871 0.12215
v -0.02665 -0.03108 0.12478
v 0.01119 -0.21620 0.11781
v 0.01658 -0.24138 0.11799
v -0.04008 -0.03913 0.12482
v -0.03918 -0.01992 0.12631
v -0.02939 -0.00489 0.12762
v -0.04363 0.00780 0.12724
v -0.05267 -0.00553 0.12769
v 0.01301 -0.06647 0.12176
v -0.04886 -0.02552 0.12736
v 0.01189 -0.12761 0.11944
v -0.05063 -0.04040 0.12550
v -0.05783 -0.02779 0.12621
v 0.00328 -0.04228 0.12651
v 0.01135 -0.03836 0.12674
v -0.06156 -0.00724 0.12591
v 0.01419 -0.09802 0.11926
v -0.01067 -0.13957 0.11888
v -0.01767 -0.11530 0.11970
v 0.00555 -0.02189 0.13105
v -0.00303 -0.02351 0.13125
v -0.00507 -0.00717 0.13323
v -0.01354 -0.02412 0.12802
v 0.00996 -0.23756 0.11664
v 0.01497 -0.26347 0.11715
v 0.02126 -0.27700 0.11713
v 0.01776 -0.28524 0.11708
v 0.02290 -0.30573 0.11611
v 0.00337 -0.00412 0.13190
v -0.01865 0.00289 0.13114
v -0.00720 -0.16631 0.11594
v -0.05159 -0.05632 0.12149
v -0.05634 -0.04417 0.12322
v 0.01640 -0.15347 0.11764
v 0.02211 -0.24725 0.11675
v -0.00155 -0.18979 0.11495
v 0.00432 -0.21227 0.11509
v -0.04067 -0.07340 0.11757
v -0.03320 -0.09570 0.11502
v 0.01091 -0.02175 0.12944
v 0.02840 -0.29946 0.11387
v 0.03068 -0.33416 0.11250
v 0.02709 -0.33577 0.11314
v 0.02047 -0.31669 0.11415
v 0.03313 -0.36301 0.11038
v 0.02851 -0.35991 0.10967
v 0.02924 -0.37641 0.10892
v 0.01370 -0.28778 0.11376
v 0.03488 -0.38375 0.11174
v 0.03102 -0.40040 0.11441
v 0.04048 -0.40306 0.11589
v 0.03558 -0.41333 0.11854
v 0.04704 -0.41676 0.11876
v 0.02754 -0.42172 0.11747
v 0.03482 -0.42205 0.12006
v 0.04361 -0.42197 0.12073
v 0.04003 -0.43237 0.11906
v 0.05054 -0.42686 0.11921
v 0.05054 -0.43868 0.11747
v 0.02995 -0.42935 0.11735
v 0.03523 -0.44018 0.11664
v 0.02561 -0.27398 0.11496
v 0.02660 -0.44088 0.11185
v 0.02436 -0.43157 0.11329
v 0.02321 -0.33861 0.10937
v 0.15970 -0.44801 -0.16951
v 0.15531 -0.44258 -0.16668
v 0.16322 -0.44039 -0.16817
v 0.15155 -0.44568 -0.16609
v 0.14924 -0.44202 -0.16317
v 0.15806 -0.43639 -0.16272
v 0.15059 -0.43310 -0.16017
v 0.14491 -0.43767 -0.16088
v 0.16110 -0.43297 -0.16057
v 0.16640 -0.43722 -0.16471
v 0.14324 -0.43121 -0.15953
v 0.14944 -0.42674 -0.15825
v 0.15856 -0.42685 -0.15970
v 0.15865 -0.42236 -0.15837
v 0.16957 -0.44370 -0.16861
v 0.16776 -0.45154 -0.16979
v 0.15334 -0.45403 -0.16601
v 0.14977 -0.45027 -0.16680
v 0.14459 -0.45331 -0.16823
v 0.14731 -0.45957 -0.16927
v 0.15521 -0.46028 -0.16653
v 0.16084 -0.45594 -0.16689
v 0.14210 -0.46062 -0.17179
v 0.13846 -0.45521 -0.17043
v 0.14427 -0.46331 -0.17278
v 0.16267 -0.42823 -0.15807
v 0.16763 -0.43711 -0.15952
v 0.15031 -0.46529 -0.16798
v 0.13684 -0.45944 -0.17438
v 0.13369 -0.45232 -0.17056
v 0.17226 -0.44841 -0.16736
v 0.15894 -0.46316 -0.16469
v 0.16505 -0.45836 -0.16338
v 0.17200 -0.44194 -0.16426
v 0.17059 -0.45307 -0.16663
v 0.12249 -0.46180 -0.18895
v 0.13082 -0.45810 -0.18499
v 0.12403 -0.46463 -0.18522
v 0.13015 -0.46186 -0.18349
v 0.11503 -0.46400 -0.19041
v 0.11484 -0.45892 -0.19333
v 0.13546 -0.46462 -0.18046
v 0.13919 -0.45673 -0.18134
v 0.14137 -0.46643 -0.17613
v 0.12011 -0.45781 -0.19240
v 0.13457 -0.44946 -0.18382
v 0.14319 -0.45933 -0.17622
v 0.14328 -0.45525 -0.17759
v 0.14427 -0.46331 -0.17278
v 0.14193 -0.45168 -0.18611
v 0.11003 -0.45598 -0.19393
v 0.10687 -0.46110 -0.19064
v 0.11051 -0.46551 -0.18842
v 0.14182 -0.46767 -0.17120
v 0.15031 -0.46529 -0.16798
v 0.12070 -0.45663 -0.19722
v 0.11505 -0.45446 -0.19938
v 0.12066 -0.44896 -0.20194
v 0.12499 -0.45149 -0.19840
v 0.12587 -0.45370 -0.19118
v 0.12458 -0.45638 -0.18811
v 0.11468 -0.44625 -0.20254
v 0.11771 -0.44360 -0.20239
v 0.14539 -0.45430 -0.18135
v 0.14745 -0.45101 -0.18561
v 0.15213 -0.45104 -0.18175
v 0.14924 -0.45311 -0.17817
v 0.11176 -0.45111 -0.19934
v 0.14490 -0.45378 -0.17280
v 0.17401 -0.45058 -0.12230
v 0.16432 -0.45213 -0.12438
v 0.17144 -0.45646 -0.12931
v 0.18222 -0.45397 -0.13242
v 0.17889 -0.45904 -0.13384
v 0.17476 -0.46118 -0.13553
v 0.17695 -0.46222 -0.14081
v 0.18200 -0.46016 -0.14024
v 0.18456 -0.45635 -0.14489
v 0.17911 -0.46114 -0.14724
v 0.13870 -0.43962 -0.04061
v 0.13181 -0.43315 -0.02404
v 0.12780 -0.44014 -0.02174
v 0.11485 -0.43328 0.00346
v 0.11602 -0.44332 -0.00759
v 0.10601 -0.43904 0.01161
v 0.13087 -0.44701 -0.03483
v 0.15008 -0.44211 -0.05829
v 0.09927 -0.43359 0.03085
v 0.09515 -0.44120 0.02908
v 0.14779 -0.45218 -0.07010
v 0.14985 -0.43164 -0.05333
v 0.15659 -0.43232 -0.06219
v 0.16301 -0.44205 -0.08127
v 0.15386 -0.44715 -0.06808
v 0.16349 -0.44917 -0.08999
v 0.17327 -0.44573 -0.10927
v 0.17343 -0.43857 -0.10341
v 0.18044 -0.44217 -0.12344
v 0.16798 -0.45183 -0.10861
v 0.09196 -0.43758 0.05040
v 0.08833 -0.44416 0.04779
v 0.18452 -0.44961 -0.13357
v 0.18618 -0.45531 -0.14035
v 0.16025 -0.45402 -0.09368
v 0.09668 -0.42809 0.04361
v 0.10500 -0.42340 0.02341
v 0.11761 -0.42502 0.00122
v 0.16234 -0.43388 -0.07723
v 0.13975 -0.42684 -0.03949
v 0.09040 -0.43652 0.07388
v 0.08713 -0.44345 0.07375
v 0.08679 -0.43858 0.08862
v 0.08130 -0.44774 0.08899
v 0.08023 -0.44186 0.10018
v 0.07684 -0.45360 0.08705
v 0.07032 -0.44988 0.10317
v 0.07146 -0.44238 0.11127
v 0.08137 -0.45095 0.06597
v 0.09600 -0.44502 0.01674
v 0.11071 -0.44765 -0.00961
v 0.06470 -0.45670 0.09764
v 0.08438 -0.44724 0.03417
v 0.18641 -0.44877 -0.14288
v 0.07347 -0.45691 0.07989
v 0.15127 -0.45733 -0.09181
v 0.12671 -0.45219 -0.04160
v 0.15840 -0.45682 -0.10176
v 0.13632 -0.45579 -0.06671
v 0.17157 -0.45355 -0.15932
v 0.16990 -0.45432 -0.15226
v 0.16469 -0.45937 -0.15210
v 0.16415 -0.46175 -0.15834
v 0.17265 -0.45019 -0.15360
v 0.17378 -0.44848 -0.16222
v 0.17059 -0.45307 -0.16663
v 0.16505 -0.45836 -0.16338
v 0.17048 -0.45544 -0.14935
v 0.15894 -0.46316 -0.16469
v 0.17226 -0.44841 -0.16736
v 0.16350 -0.45654 -0.14719
v 0.18178 -0.45379 -0.15035
v 0.17621 -0.45548 -0.15114
v 0.17661 -0.44460 -0.15291
v 0.17314 -0.44565 -0.15421
v 0.17265 -0.45019 -0.15360
v 0.18268 -0.44475 -0.15011
v 0.17911 -0.46114 -0.14724
v 0.18456 -0.45635 -0.14489
v 0.17335 -0.45984 -0.14753
v 0.17048 -0.45544 -0.14935
v 0.18641 -0.44877 -0.14288
v 0.12130 -0.45730 -0.09129
v 0.11386 -0.45510 -0.05777
v 0.09807 -0.45583 -0.07253
v 0.13632 -0.45579 -0.06671
v 0.14354 -0.45839 -0.09001
v 0.09153 -0.45392 -0.05330
v 0.09200 -0.45131 -0.02719
v 0.11038 -0.45270 -0.03036
v 0.10240 -0.45005 -0.01103
v 0.08162 -0.44840 0.00380
v 0.10250 -0.45941 -0.10625
v 0.08591 -0.44811 0.01790
v 0.12671 -0.45219 -0.04160
v 0.13546 -0.46101 -0.10896
v 0.11935 -0.46119 -0.12302
v 0.13786 -0.46177 -0.11955
v 0.14991 -0.45982 -0.10619
v 0.07207 -0.44860 0.02241
v 0.08438 -0.44724 0.03417
v 0.10279 -0.46276 -0.12404
v 0.10032 -0.46436 -0.14034
v 0.08537 -0.46500 -0.12597
v 0.11467 -0.46254 -0.14172
v 0.08390 -0.45807 -0.07287
v 0.07127 -0.45400 -0.05875
v 0.13386 -0.45940 -0.13355
v 0.14717 -0.45960 -0.11997
v 0.15127 -0.45733 -0.09181
v 0.08476 -0.46253 -0.09594
v 0.07117 -0.44979 -0.04652
v 0.07527 -0.44845 -0.03270
v 0.07832 -0.46678 -0.11201
v 0.11071 -0.44765 -0.00961
v 0.06487 -0.46880 -0.11929
v 0.06134 -0.46839 -0.09716
v 0.05451 -0.46849 -0.10592
v 0.06784 -0.46339 -0.08086
v 0.07316 -0.46772 -0.10130
v 0.15840 -0.45682 -0.10176
v 0.05837 -0.46488 -0.08678
v 0.09600 -0.44502 0.01674
v 0.07886 -0.46368 -0.13320
v 0.06694 -0.45293 0.04342
v 0.07739 -0.45051 0.04723
v 0.16111 -0.45524 -0.11346
v 0.06928 -0.44574 -0.01198
v 0.05663 -0.44401 0.01359
v 0.05426 -0.44945 0.03101
v 0.05780 -0.44689 -0.05256
v 0.07338 -0.45526 0.06460
v 0.05997 -0.45991 0.06651
v 0.06438 -0.46009 0.08197
v 0.07347 -0.45691 0.07989
v 0.05398 -0.46222 0.08068
v 0.05625 -0.45947 0.09520
v 0.03796 -0.46048 0.09260
v 0.04506 -0.46214 0.06977
v 0.03134 -0.46115 0.06987
v 0.02329 -0.45969 0.08278
v 0.06470 -0.45670 0.09764
v 0.04813 -0.45625 0.10641
v 0.03672 -0.45609 0.10485
v 0.04678 -0.45698 0.05219
v 0.07684 -0.45360 0.08705
v 0.05759 -0.45421 0.10701
v 0.02638 -0.45672 0.09781
v 0.16798 -0.45183 -0.10861
v 0.17401 -0.45058 -0.12230
v 0.16432 -0.45213 -0.12438
v 0.11192 -0.45978 -0.15029
v 0.08833 -0.44416 0.04779
v 0.09515 -0.44120 0.02908
v 0.02923 -0.45548 0.05351
v 0.08137 -0.45095 0.06597
v 0.05638 -0.46483 -0.12769
v 0.04737 -0.46563 -0.11476
v 0.07688 -0.45967 -0.14403
v 0.08847 -0.45956 -0.15166
v 0.15974 -0.45078 -0.12575
v 0.16127 -0.45009 -0.12932
v 0.05408 -0.44002 -0.03823
v 0.06684 -0.45728 -0.14413
v 0.01713 -0.45573 0.06930
v 0.01934 -0.45289 0.05526
v 0.05728 -0.45757 -0.07397
v 0.01578 -0.45617 0.07876
v 0.07742 -0.45502 -0.15700
v 0.15116 -0.45507 -0.12701
v 0.05378 -0.43896 -0.01699
v 0.05049 -0.43815 0.00227
v 0.04961 -0.46184 -0.09180
v 0.03478 -0.44252 0.02884
v 0.12597 -0.45622 -0.14516
v 0.04600 -0.46189 -0.12457
v 0.04251 -0.43902 0.01759
v 0.06941 -0.45097 -0.15789
v 0.08554 -0.45313 -0.16218
v 0.07890 -0.45383 -0.16799
v 0.08630 -0.44951 -0.16964
v 0.04277 -0.46135 -0.10542
v 0.02181 -0.44573 0.04238
v 0.10182 -0.45411 -0.15777
v 0.05010 -0.45906 -0.13415
v 0.02578 -0.44740 0.11174
v 0.14460 -0.45241 -0.13687
v 0.07032 -0.44988 0.10317
v 0.05127 -0.45013 0.11318
v 0.03743 -0.44629 0.11761
v 0.04663 -0.43395 -0.02108
v 0.04881 -0.44329 0.12086
v 0.05544 -0.45380 -0.14257
v 0.03910 -0.42970 0.00370
v 0.09165 -0.44725 -0.16470
v 0.04880 -0.44935 -0.06950
v 0.06262 -0.44355 0.11641
v 0.07146 -0.44238 0.11127
v 0.02481 -0.44284 0.11637
v 0.04780 -0.43794 -0.05105
v 0.13780 -0.45175 -0.14099
v 0.14209 -0.44925 -0.14297
v 0.04305 -0.42971 -0.04525
v 0.12104 -0.45123 -0.15485
v 0.11791 -0.44686 -0.15943
v 0.12433 -0.44767 -0.15927
v 0.12039 -0.44472 -0.16265
v 0.12685 -0.44654 -0.15363
v 0.06241 -0.44835 -0.15270
v 0.16476 -0.45404 -0.13286
v 0.17144 -0.45646 -0.12931
v 0.17476 -0.46118 -0.13553
v 0.16971 -0.45950 -0.13942
v 0.17695 -0.46222 -0.14081
v 0.17335 -0.45984 -0.14753
v 0.17911 -0.46114 -0.14724
v 0.03420 -0.44103 0.12164
v 0.16609 -0.45466 -0.14376
v 0.14712 -0.44988 -0.13773
v 0.14595 -0.45158 -0.14237
v 0.15159 -0.45114 -0.14021
v 0.15158 -0.45668 -0.14907
v 0.15588 -0.45737 -0.14725
v 0.15786 -0.46361 -0.15809
v 0.16469 -0.45937 -0.15210
v 0.16350 -0.45654 -0.14719
v 0.16415 -0.46175 -0.15834
v 0.15894 -0.46316 -0.16469
v 0.15031 -0.46529 -0.16798
v 0.16066 -0.44864 -0.13756
v 0.15772 -0.44551 -0.13167
v 0.17048 -0.45544 -0.14935
v 0.15418 -0.44765 -0.13666
v 0.15342 -0.44926 -0.13129
v 0.11775 -0.44036 -0.16618
v 0.11012 -0.44217 -0.16337
v 0.13093 -0.44645 -0.14843
v 0.13555 -0.44089 -0.15088
v 0.13685 -0.44483 -0.14547
v 0.09931 -0.44522 -0.16493
v 0.10599 -0.44581 -0.16208
v 0.10504 -0.44505 -0.16583
v 0.10131 -0.44666 -0.16786
v 0.09323 -0.44254 -0.16637
v 0.14919 -0.46520 -0.16525
v 0.15291 -0.45825 -0.16023
v 0.14878 -0.45522 -0.16246
v 0.15097 -0.44662 -0.16081
v 0.13960 -0.45895 -0.16509
v 0.13874 -0.46602 -0.17064
v 0.13079 -0.45594 -0.16764
v 0.14208 -0.45160 -0.16099
v 0.12976 -0.44796 -0.15823
v 0.13616 -0.44459 -0.15606
v 0.14105 -0.44352 -0.15528
v 0.13271 -0.46476 -0.17669
v 0.14182 -0.46767 -0.17120
v 0.12721 -0.45694 -0.17748
v 0.12926 -0.46254 -0.18063
v 0.12139 -0.45368 -0.17725
v 0.11993 -0.46403 -0.18297
v 0.12162 -0.44548 -0.17361
v 0.12325 -0.44705 -0.16925
v 0.11129 -0.45668 -0.17784
v 0.10743 -0.46095 -0.18283
v 0.10229 -0.45126 -0.17749
v 0.11051 -0.46551 -0.18842
v 0.10591 -0.46238 -0.18690
v 0.09600 -0.44438 -0.17104
v 0.10099 -0.45237 -0.18230
v 0.11515 -0.44604 -0.17007
v 0.09292 -0.44305 -0.17398
v 0.09534 -0.44369 -0.18253
v 0.13546 -0.46462 -0.18046
v 0.14137 -0.46643 -0.17613
v 0.13015 -0.46186 -0.18349
v 0.12403 -0.46463 -0.18522
v 0.11503 -0.46400 -0.19041
v 0.14210 -0.46062 -0.17179
v 0.14219 -0.45778 -0.17349
v 0.13658 -0.45588 -0.17479
v 0.13684 -0.45944 -0.17438
v 0.13658 -0.45588 -0.17479
v 0.13369 -0.45232 -0.17056
v 0.13684 -0.45944 -0.17438
v 0.14319 -0.45933 -0.17622
v 0.14219 -0.45778 -0.17349
v 0.14427 -0.46331 -0.17278
v 0.14210 -0.46062 -0.17179
v 0.14978 -0.44837 -0.17009
v 0.14459 -0.45331 -0.16823
v 0.14490 -0.45378 -0.17280
v 0.15252 -0.44694 -0.17560
v 0.14924 -0.45311 -0.17817
v 0.15213 -0.45104 -0.18175
v 0.13846 -0.45521 -0.17043
v 0.14219 -0.45778 -0.17349
v 0.14319 -0.45933 -0.17622
v 0.14219 -0.45778 -0.17349
v 0.13846 -0.45521 -0.17043
v 0.13658 -0.45588 -0.17479
v 0.13369 -0.45232 -0.17056
v 0.14878 -0.45522 -0.16246
v 0.15097 -0.44662 -0.16081
v 0.14636 -0.44554 -0.15999
v 0.14208 -0.45160 -0.16099
v 0.14105 -0.44352 -0.15528
v 0.14924 -0.44202 -0.16317
v 0.16130 -0.42880 -0.14993
v 0.15820 -0.42551 -0.15351
v 0.16174 -0.43415 -0.15267
v 0.15741 -0.43203 -0.15587
v 0.15972 -0.43926 -0.15584
v 0.16481 -0.44561 -0.15138
v 0.16081 -0.45178 -0.15342
v 0.15928 -0.44570 -0.15330
v 0.16345 -0.45358 -0.15210
v 0.15773 -0.45502 -0.15489
v 0.15438 -0.44801 -0.15317
v 0.15195 -0.44423 -0.15392
v 0.15454 -0.44234 -0.15645
v 0.15257 -0.43486 -0.15596
v 0.15041 -0.44323 -0.15811
v 0.14547 -0.42498 -0.14833
v 0.13573 -0.42858 -0.14540
v 0.14011 -0.43376 -0.15108
v 0.14724 -0.43219 -0.15426
v 0.13117 -0.42143 -0.14183
v 0.13139 -0.42950 -0.14392
v 0.13474 -0.41456 -0.13688
v 0.14676 -0.44110 -0.15630
v 0.14636 -0.44554 -0.15999
v 0.15533 -0.42259 -0.14705
v 0.12774 -0.41418 -0.13748
v 0.14782 -0.41498 -0.13790
v 0.14077 -0.41059 -0.13317
v 0.13168 -0.40987 -0.12933
v 0.12103 -0.40782 -0.12240
v 0.12135 -0.40819 -0.13324
v 0.13348 -0.43691 -0.14396
v 0.13813 -0.43583 -0.14691
v 0.12989 -0.42447 -0.14561
v 0.14924 -0.44202 -0.16317
v 0.15041 -0.44323 -0.15811
v 0.14636 -0.44554 -0.15999
v 0.16098 -0.44666 -0.14405
v 0.15387 -0.44826 -0.14393
v 0.15277 -0.44014 -0.13431
v 0.16345 -0.45358 -0.15210
v 0.14705 -0.44343 -0.13762
v 0.15773 -0.45502 -0.15489
v 0.15091 -0.45049 -0.14889
v 0.15644 -0.43802 -0.13432
v 0.14069 -0.44178 -0.14264
v 0.15437 -0.43817 -0.12898
v 0.14550 -0.44372 -0.14915
v 0.13813 -0.43583 -0.14691
v 0.15454 -0.44234 -0.15645
v 0.15041 -0.44323 -0.15811
v 0.15195 -0.44423 -0.15392
v 0.14867 -0.44449 -0.15591
v 0.15928 -0.44570 -0.15330
v 0.14593 -0.44321 -0.15396
v 0.14550 -0.44372 -0.14915
v 0.15438 -0.44801 -0.15317
v 0.15773 -0.45502 -0.15489
v 0.14676 -0.44110 -0.15630
v 0.14011 -0.43376 -0.15108
v 0.14550 -0.44372 -0.14915
v 0.13813 -0.43583 -0.14691
v 0.13573 -0.42858 -0.14540
v 0.14729 -0.44743 -0.15511
v 0.14105 -0.44352 -0.15528
v 0.14593 -0.44321 -0.15396
v 0.15079 -0.45538 -0.15593
v 0.14142 -0.44675 -0.14910
v 0.14729 -0.44743 -0.15511
v 0.15291 -0.45825 -0.16023
v 0.15097 -0.44662 -0.16081
v 0.15786 -0.46361 -0.15809
v 0.14105 -0.44352 -0.15528
v 0.13555 -0.44089 -0.15088
v 0.13685 -0.44483 -0.14547
v 0.14209 -0.44925 -0.14297
v 0.14452 -0.45159 -0.14801
v 0.15041 -0.44323 -0.15811
v 0.14867 -0.44449 -0.15591
v 0.14593 -0.44321 -0.15396
v 0.14924 -0.44202 -0.16317
v 0.15158 -0.45668 -0.14907
v 0.14595 -0.45158 -0.14237
v 0.14460 -0.45241 -0.13687
v 0.14424 -0.43156 -0.16669
v 0.14133 -0.42406 -0.16455
v 0.14324 -0.43121 -0.15953
v 0.14491 -0.43767 -0.16088
v 0.14273 -0.42883 -0.17487
v 0.14328 -0.43515 -0.17663
v 0.13853 -0.42186 -0.17622
v 0.13713 -0.41918 -0.17086
v 0.13364 -0.41502 -0.15872
v 0.13641 -0.42244 -0.15182
v 0.13665 -0.42123 -0.15592
v 0.12995 -0.40919 -0.14292
v 0.13044 -0.41133 -0.15795
v 0.13255 -0.41234 -0.14159
v 0.13086 -0.40527 -0.12969
v 0.12536 -0.40499 -0.14275
v 0.12399 -0.40399 -0.12617
v 0.14924 -0.44202 -0.16317
v 0.14758 -0.43699 -0.17090
v 0.15096 -0.44252 -0.16846
v 0.15155 -0.44568 -0.16609
v 0.15246 -0.44055 -0.17578
v 0.14982 -0.43811 -0.17937
v 0.15156 -0.44439 -0.18177
v 0.13182 -0.42014 -0.17085
v 0.15252 -0.44694 -0.17560
v 0.15213 -0.45104 -0.18175
v 0.14673 -0.44151 -0.18438
v 0.14978 -0.44837 -0.17009
v 0.14977 -0.45027 -0.16680
v 0.14459 -0.45331 -0.16823
v 0.14744 -0.44754 -0.17909
v 0.14242 -0.45003 -0.17949
v 0.14381 -0.44895 -0.17513
v 0.14666 -0.44647 -0.17667
v 0.14357 -0.44791 -0.18138
v 0.14744 -0.44754 -0.17909
v 0.14666 -0.44647 -0.17667
v 0.14686 -0.44316 -0.17741
v 0.14242 -0.45003 -0.17949
v 0.14012 -0.44849 -0.17760
v 0.14381 -0.44895 -0.17513
v 0.14294 -0.44600 -0.17519
v 0.14332 -0.44447 -0.17841
v 0.14666 -0.44647 -0.17667
v 0.14294 -0.44600 -0.17519
v 0.14381 -0.44895 -0.17513
v 0.14686 -0.44316 -0.17741
v 0.14357 -0.44791 -0.18138
v 0.14332 -0.44447 -0.17841
v 0.14012 -0.44849 -0.17760
v 0.14242 -0.45003 -0.17949
v 0.14294 -0.44600 -0.17519
v 0.14744 -0.44754 -0.17909
v 0.14686 -0.44316 -0.17741
v 0.14357 -0.44791 -0.18138
v 0.14332 -0.44447 -0.17841
v 0.14636 -0.44554 -0.15999
v 0.14593 -0.44321 -0.15396
v 0.14105 -0.44352 -0.15528
v 0.14676 -0.44110 -0.15630
v 0.14550 -0.44372 -0.14915
v 0.14593 -0.44321 -0.15396
v 0.14636 -0.44554 -0.15999
v 0.08841 -0.43357 0.05100
v 0.08681 -0.43262 0.06692
v 0.08924 -0.42466 0.05118
v 0.09349 -0.42779 0.03819
v 0.09577 -0.43570 0.02349
v 0.10141 -0.42803 0.01942
v 0.10237 -0.44213 -0.00083
v 0.08451 -0.44074 0.05332
v 0.08853 -0.43777 0.03853
v 0.08434 -0.43987 0.06886
v 0.08442 -0.42901 0.07923
v 0.11154 -0.43247 -0.00003
v 0.12174 -0.44121 -0.02345
v 0.08961 -0.44101 0.02312
v 0.07977 -0.44526 0.05603
v 0.07631 -0.44926 0.08045
v 0.08074 -0.44314 0.08196
v 0.08444 -0.43702 0.08050
v 0.07942 -0.44061 0.09224
v 0.07375 -0.44608 0.09438
v 0.07298 -0.44041 0.10346
v 0.06892 -0.45331 0.08655
v 0.08020 -0.44392 0.03444
v 0.11356 -0.44604 -0.02129
v 0.12653 -0.44821 -0.04598
v 0.13798 -0.44189 -0.05068
v 0.14745 -0.44514 -0.06753
v 0.06286 -0.44508 0.10716
v 0.06193 -0.44036 0.11268
v 0.06997 -0.45889 -0.18282
v 0.06578 -0.45181 -0.18438
v 0.06429 -0.44810 -0.17655
v 0.06697 -0.44641 -0.16904
v 0.06136 -0.43720 -0.16309
v 0.05801 -0.43113 -0.16002
v 0.06718 -0.44363 -0.16166
v 0.07408 -0.44792 -0.16548
v 0.07338 -0.45235 -0.17330
v 0.07688 -0.44868 -0.15963
v 0.07496 -0.46115 -0.18422
v 0.07412 -0.46318 -0.18715
v 0.07764 -0.46359 -0.18847
v 0.11766 -0.45091 -0.05844
v 0.09268 -0.44929 -0.05243
v 0.10907 -0.44911 -0.03999
v 0.09734 -0.44717 -0.02650
v 0.11620 -0.45159 -0.07925
v 0.09534 -0.45124 -0.07428
v 0.13338 -0.45110 -0.06343
v 0.14171 -0.45355 -0.08764
v 0.13109 -0.45450 -0.09953
v 0.11105 -0.45385 -0.10591
v 0.09845 -0.44518 -0.00912
v 0.09572 -0.45421 -0.09631
v 0.13440 -0.45674 -0.11325
v 0.11483 -0.45740 -0.12873
v 0.11356 -0.44604 -0.02129
v 0.15157 -0.45477 -0.10736
v 0.12653 -0.44821 -0.04598
v 0.08026 -0.44391 -0.01932
v 0.07349 -0.44280 0.00754
v 0.08542 -0.44376 0.01088
v 0.07938 -0.44568 -0.03973
v 0.10183 -0.45751 -0.12065
v 0.09864 -0.45996 -0.13298
v 0.11272 -0.45820 -0.14086
v 0.12412 -0.45608 -0.13345
v 0.08533 -0.46018 -0.12157
v 0.08039 -0.45949 -0.09782
v 0.08241 -0.45387 -0.07522
v 0.07373 -0.45168 -0.06389
v 0.13686 -0.45563 -0.12737
v 0.09595 -0.45953 -0.14186
v 0.08322 -0.45838 -0.13467
v 0.14948 -0.45420 -0.11787
v 0.10237 -0.44213 -0.00083
v 0.08961 -0.44101 0.02312
v 0.06697 -0.44388 -0.04775
v 0.07069 -0.44505 0.02986
v 0.14834 -0.45040 -0.08126
v 0.15842 -0.45134 -0.10199
v 0.06749 -0.46100 -0.08790
v 0.07031 -0.46409 -0.10796
v 0.06061 -0.46248 -0.09230
v 0.05594 -0.46384 -0.10365
v 0.05990 -0.46518 -0.11305
v 0.06945 -0.46337 -0.12124
v 0.08020 -0.44392 0.03444
v 0.06981 -0.46016 -0.13038
v 0.06286 -0.45149 0.05510
v 0.07977 -0.44526 0.05603
v 0.05136 -0.44886 0.04275
v 0.06381 -0.43883 -0.01594
v 0.05940 -0.46242 -0.12427
v 0.16223 -0.44960 -0.11476
v 0.06073 -0.45199 -0.07090
v 0.05354 -0.44020 0.02082
v 0.03869 -0.45627 0.06544
v 0.04564 -0.45839 0.07623
v 0.06095 -0.45642 0.07851
v 0.04389 -0.45724 0.08771
v 0.05687 -0.45616 0.08930
v 0.04729 -0.45516 0.09696
v 0.06892 -0.45331 0.08655
v 0.03223 -0.45698 0.08152
v 0.05836 -0.45274 0.09906
v 0.04015 -0.45378 0.10014
v 0.02865 -0.45390 0.09399
v 0.07046 -0.45238 0.07048
v 0.02678 -0.45478 0.06702
v 0.02273 -0.45466 0.08229
v 0.07631 -0.44926 0.08045
v 0.11029 -0.45575 -0.14828
v 0.06012 -0.43788 0.00284
v 0.14745 -0.44514 -0.06753
v 0.08853 -0.43777 0.03853
v 0.05151 -0.44765 0.10910
v 0.08365 -0.45500 -0.14779
v 0.06617 -0.45638 -0.13677
v 0.02928 -0.45071 0.05381
v 0.05191 -0.46194 -0.11715
v 0.05858 -0.43700 -0.03413
v 0.01826 -0.45184 0.07256
v 0.17020 -0.44352 -0.11275
v 0.16117 -0.44618 -0.09319
v 0.09043 -0.45279 -0.15433
v 0.03611 -0.44263 0.03697
v 0.06932 -0.44886 -0.14966
v 0.05573 -0.43857 -0.04989
v 0.02910 -0.44881 0.10322
v 0.07375 -0.44608 0.09438
v 0.16905 -0.44690 -0.11777
v 0.16757 -0.44741 -0.12249
v 0.17387 -0.44455 -0.12337
v 0.03867 -0.44421 0.11291
v 0.05130 -0.43183 -0.01600
v 0.02070 -0.45055 0.06227
v 0.06286 -0.44508 0.10716
v 0.04357 -0.45656 -0.10974
v 0.04598 -0.42924 0.00329
v 0.04949 -0.45737 -0.09568
v 0.04996 -0.43184 -0.04633
v 0.05313 -0.45702 -0.13012
v 0.05174 -0.44701 -0.07298
v 0.08449 -0.44696 -0.16242
v 0.04055 -0.43058 0.01555
v 0.02198 -0.44526 0.05038
v 0.04559 -0.45553 -0.12342
v 0.02660 -0.44088 0.11185
v 0.03523 -0.44018 0.11664
v 0.06193 -0.44036 0.11268
v 0.05906 -0.45102 -0.14055
v 0.17263 -0.45122 -0.13025
v 0.16636 -0.44867 -0.12825
v 0.17151 -0.45527 -0.13820
v 0.17636 -0.45673 -0.13763
v 0.17655 -0.45548 -0.14178
v 0.18065 -0.45374 -0.13951
v 0.16089 -0.44423 -0.12536
v 0.17759 -0.45182 -0.13330
v 0.06264 -0.44306 -0.15077
v 0.02707 -0.43681 0.03575
v 0.05054 -0.43868 0.11747
v 0.04855 -0.43921 -0.06699
v 0.04058 -0.45128 -0.11922
v 0.04133 -0.44891 -0.09757
v 0.03924 -0.45048 -0.10966
v 0.17075 -0.44165 -0.13854
v 0.16170 -0.43763 -0.13126
v 0.16479 -0.44476 -0.13363
v 0.17022 -0.45077 -0.13930
v 0.16813 -0.43322 -0.13354
v 0.15819 -0.43117 -0.12685
v 0.15713 -0.43838 -0.12603
v 0.15436 -0.42923 -0.12548
v 0.17787 -0.44052 -0.14068
v 0.15829 -0.42479 -0.12278
v 0.17604 -0.44236 -0.14158
v 0.17855 -0.44668 -0.14630
v 0.17732 -0.44899 -0.13958
v 0.17655 -0.45548 -0.14178
v 0.17731 -0.44516 -0.14048
v 0.17151 -0.45527 -0.13820
v 0.16089 -0.44423 -0.12536
v 0.15718 -0.44790 -0.12186
v 0.16636 -0.44867 -0.12825
v 0.15126 -0.42318 -0.12114
v 0.18065 -0.45374 -0.13951
v 0.18131 -0.44852 -0.13824
v 0.17732 -0.44899 -0.13958
v 0.17655 -0.45548 -0.14178
v 0.17731 -0.44516 -0.14048
v 0.18036 -0.44624 -0.14229
v 0.17855 -0.44668 -0.14630
v 0.17731 -0.44516 -0.14048
v 0.18131 -0.44852 -0.13824
v 0.04896 -0.27756 0.02679
v 0.03954 -0.25153 0.03100
v 0.03912 -0.27254 0.02328
v 0.02832 -0.25066 0.02553
v 0.04535 -0.28789 0.01939
v 0.05962 -0.29769 0.02132
v 0.05654 -0.30606 0.01092
v 0.06207 -0.31625 0.00655
v 0.05468 -0.32313 -0.00489
v 0.06853 -0.31517 0.01734
v 0.06707 -0.32487 0.00252
v 0.06091 -0.32686 -0.00702
v 0.06053 -0.29172 0.03009
v 0.04985 -0.26692 0.03568
v 0.04390 -0.24914 0.03773
v 0.04027 -0.22918 0.04207
v 0.03300 -0.22416 0.03293
v 0.07312 -0.32503 0.01639
v 0.07196 -0.31187 0.03190
v 0.04687 -0.24804 0.04828
v 0.03541 -0.20859 0.03941
v 0.02724 -0.19338 0.03175
v 0.07882 -0.33317 0.02671
v 0.04157 -0.21207 0.05408
v 0.04765 -0.23531 0.06626
v 0.03280 -0.18732 0.03880
v 0.06056 -0.28781 0.04349
v 0.03601 -0.17978 0.04750
v 0.03150 -0.15572 0.04106
v 0.03561 -0.15436 0.05325
v 0.02796 -0.13217 0.03752
v 0.04537 -0.21651 0.07064
v 0.04247 -0.19537 0.06872
v 0.03986 -0.17532 0.06689
v 0.03312 -0.12538 0.05516
v 0.02849 -0.10753 0.04132
v 0.02807 -0.08416 0.04698
v 0.02254 -0.08150 0.03106
v 0.07865 -0.33617 0.01245
v 0.02344 -0.05814 0.03429
v 0.02629 -0.05617 0.04917
v 0.02572 -0.03092 0.04709
v 0.02290 -0.03147 0.03433
v 0.02435 -0.00406 0.04834
v 0.02161 -0.00866 0.03396
v 0.01592 0.00458 0.02179
v 0.01762 -0.01833 0.02215
v 0.07364 -0.33262 -0.00289
v 0.01775 -0.04586 0.02215
v 0.02378 -0.10644 0.03205
v 0.01020 0.00154 0.01150
v 0.01455 -0.06236 0.01877
v 0.01176 -0.02974 0.01308
v 0.02633 -0.15787 0.03292
v 0.01652 -0.09634 0.02321
v 0.01887 -0.13214 0.02641
v 0.00671 -0.00775 0.00695
v 0.07144 -0.33716 -0.01876
v 0.02040 -0.16177 0.02752
v 0.08178 -0.34549 -0.01944
v 0.07855 -0.34489 -0.02712
v 0.07616 -0.34889 -0.03780
v 0.00951 -0.00244 0.12756
v 0.00337 -0.00412 0.13190
v 0.01091 -0.02175 0.12944
v 0.01500 -0.00174 0.12135
v 0.01984 -0.02646 0.11984
v 0.05879 -0.43045 0.11562
v 0.05054 -0.42686 0.11921
v 0.05681 -0.42231 0.11710
v 0.05054 -0.43868 0.11747
v 0.06193 -0.44036 0.11268
v 0.06898 -0.43498 0.10849
v 0.06827 -0.42399 0.10919
v 0.07298 -0.44041 0.10346
v 0.07644 -0.43055 0.09975
v 0.07708 -0.42137 0.09715
v 0.05964 -0.41112 0.10933
v 0.04704 -0.41676 0.11876
v 0.04361 -0.42197 0.12073
v 0.04625 -0.39404 0.10927
v 0.04048 -0.40306 0.11589
v 0.03488 -0.38375 0.11174
v 0.04076 -0.37936 0.10789
v 0.03313 -0.36301 0.11038
v 0.04083 -0.35616 0.10409
v 0.06371 -0.39610 0.09131
v 0.04874 -0.37793 0.09891
v 0.06916 -0.41324 0.10072
v 0.05586 -0.36603 0.09009
v 0.04486 -0.34102 0.09837
v 0.05443 -0.34591 0.09010
v 0.04827 -0.32364 0.09263
v 0.05433 -0.31825 0.08857
v 0.04311 -0.29819 0.09542
v 0.05426 -0.29149 0.08646
v 0.04570 -0.28215 0.09222
v 0.05191 -0.27148 0.08424
v 0.06451 -0.31893 0.08383
v 0.06145 -0.33230 0.08678
v 0.06215 -0.35155 0.08714
v 0.06912 -0.33665 0.08417
v 0.07073 -0.35007 0.08399
v 0.07513 -0.34415 0.07951
v 0.06672 -0.36365 0.08381
v 0.03068 -0.33416 0.11250
v 0.03337 -0.32545 0.10992
v 0.02840 -0.29946 0.11387
v 0.03714 -0.26514 0.10006
v 0.03947 -0.31300 0.10104
v 0.03379 -0.29759 0.10721
v 0.02561 -0.27398 0.11496
v 0.05969 -0.38410 0.08754
v 0.06769 -0.37408 0.07962
v 0.04589 -0.25472 0.08897
v 0.07290 -0.38461 0.07449
v 0.07803 -0.37133 0.06880
v 0.03509 -0.23226 0.10078
v 0.02723 -0.24033 0.11184
v 0.02305 -0.20796 0.11414
v 0.02825 -0.18620 0.10642
v 0.02076 -0.17951 0.11471
v 0.02446 -0.15525 0.11062
v 0.07606 -0.35874 0.07670
v 0.02211 -0.24725 0.11675
v 0.01640 -0.15347 0.11764
v 0.01835 -0.21679 0.11737
v 0.01943 -0.12911 0.11578
v 0.02552 -0.12728 0.10959
v 0.02670 -0.10514 0.10796
v 0.02121 -0.09735 0.11469
v 0.02377 -0.08545 0.11282
v 0.07942 -0.44061 0.09224
v 0.01796 -0.08014 0.11808
v 0.01301 -0.06647 0.12176
v 0.01419 -0.09802 0.11926
v 0.02022 -0.06392 0.11737
v 0.01485 -0.18142 0.11768
v 0.01567 -0.03506 0.12405
v 0.02166 -0.05072 0.11705
v 0.01135 -0.03836 0.12674
v 0.01189 -0.12761 0.11944
v 0.02340 -0.00957 0.09186
v 0.01759 0.00827 0.10925
v 0.02215 -0.01517 0.11056
v 0.02542 -0.02974 0.10192
v 0.02458 -0.00886 0.06685
v 0.02607 -0.03736 0.09119
v 0.02435 -0.00406 0.04834
v 0.02704 -0.05599 0.10122
v 0.02415 -0.04513 0.11067
v 0.02585 -0.07797 0.10864
v 0.02933 -0.08681 0.10095
v 0.02950 -0.08369 0.08536
v 0.03127 -0.09799 0.09310
v 0.03051 -0.11777 0.10140
v 0.03343 -0.12011 0.08987
v 0.03371 -0.11677 0.08077
v 0.03597 -0.13707 0.08131
v 0.03687 -0.15259 0.08683
v 0.03090 -0.13822 0.10075
v 0.03758 -0.15510 0.06977
v 0.04044 -0.18149 0.08426
v 0.03986 -0.17532 0.06689
v 0.04247 -0.19537 0.06872
v 0.04537 -0.21651 0.07064
v 0.04408 -0.20932 0.08302
v 0.04824 -0.23595 0.08094
v 0.04765 -0.23531 0.06626
v 0.05244 -0.25749 0.07219
v 0.05227 -0.25844 0.07967
v 0.05733 -0.27976 0.07883
v 0.05716 -0.27606 0.06738
v 0.06365 -0.29518 0.07355
v 0.06499 -0.29636 0.05914
v 0.06993 -0.31506 0.07399
v 0.07594 -0.32287 0.05798
v 0.07881 -0.33661 0.06994
v 0.08076 -0.33811 0.04595
v 0.07694 -0.32265 0.03738
v 0.08176 -0.35097 0.05973
v 0.08025 -0.35070 0.07243
v 0.07191 -0.30939 0.04212
v 0.06283 -0.30255 0.08024
v 0.08294 -0.35927 0.04637
v 0.08314 -0.34665 0.02701
v 0.08649 -0.36116 0.03299
v 0.08933 -0.35679 0.01017
v 0.08582 -0.37819 0.04237
v 0.08137 -0.36563 0.06329
v 0.10073 -0.37673 -0.00247
v 0.09251 -0.38154 0.02456
v 0.07882 -0.33317 0.02671
v 0.10150 -0.38761 0.00677
v 0.08565 -0.40276 0.05078
v 0.08077 -0.38567 0.06205
v 0.09655 -0.40016 0.02291
v 0.11362 -0.40124 -0.00997
v 0.10599 -0.38010 -0.02048
v 0.02662 -0.05881 0.08184
v 0.02566 -0.03633 0.06276
v 0.03312 -0.12538 0.05516
v 0.07865 -0.33617 0.01245
v 0.02572 -0.03092 0.04709
v 0.02924 -0.09584 0.06423
v 0.02807 -0.08416 0.04698
v 0.02634 -0.06887 0.06218
v 0.02629 -0.05617 0.04917
v 0.09490 -0.41696 0.03291
v 0.08924 -0.42466 0.05118
v 0.08404 -0.41605 0.06972
v 0.07683 -0.39433 0.07303
v 0.08681 -0.43262 0.06692
v 0.08442 -0.42901 0.07923
v 0.08167 -0.42193 0.08665
v 0.07735 -0.41021 0.08474
v 0.08117 -0.43266 0.09057
v 0.08444 -0.43702 0.08050
v 0.09349 -0.42779 0.03819
v 0.06056 -0.28781 0.04349
v 0.05107 -0.26341 0.04833
v 0.04687 -0.24804 0.04828
v 0.08699 -0.35077 -0.01087
v 0.08434 -0.43987 0.06886
v 0.07196 -0.31187 0.03190
v 0.03561 -0.15436 0.05325
v 0.03491 -0.16741 0.09341
v 0.10141 -0.42803 0.01942
v 0.04598 -0.23689 0.08611
v 0.12056 -0.40204 -0.02808
v 0.12816 -0.41654 -0.03133
v 0.13613 -0.41697 -0.04904
v 0.13740 -0.42441 -0.04531
v 0.11754 -0.41739 -0.00935
v 0.10601 -0.40721 0.00772
v 0.11935 -0.39587 -0.03861
v 0.12996 -0.42771 -0.03035
v 0.10775 -0.42243 0.00903
v 0.12233 -0.43046 -0.01628
v 0.03865 -0.19358 0.09070
v 0.07362 -0.33224 0.07733
v 0.04985 -0.26692 0.03568
v 0.13448 -0.41068 -0.05574
v 0.14013 -0.43352 -0.04915
v 0.03879 -0.21496 0.09361
v 0.09774 -0.36724 -0.03130
v 0.14705 -0.42480 -0.06107
v 0.14971 -0.43220 -0.06083
v 0.15677 -0.43293 -0.07661
v 0.15523 -0.42529 -0.08026
v 0.16442 -0.43113 -0.09587
v 0.16913 -0.43772 -0.10540
v 0.16930 -0.42817 -0.11245
v 0.17453 -0.43504 -0.12201
v 0.15841 -0.42088 -0.09553
v 0.15616 -0.43908 -0.07586
v 0.17387 -0.44455 -0.12337
v 0.14523 -0.41619 -0.07032
v 0.16645 -0.42377 -0.11579
v 0.17236 -0.42869 -0.12473
v 0.17806 -0.43909 -0.13430
v 0.17788 -0.44312 -0.12906
v 0.18131 -0.44852 -0.13824
v 0.18036 -0.44624 -0.14229
v 0.13311 -0.43546 -0.03708
v 0.17787 -0.44052 -0.14068
v 0.11510 -0.38893 -0.04915
v 0.11154 -0.43247 -0.00003
v 0.17247 -0.43008 -0.13135
v 0.12862 -0.40306 -0.06238
v 0.17020 -0.44352 -0.11275
v 0.16117 -0.44618 -0.09319
v 0.08178 -0.34549 -0.01944
v 0.07364 -0.33262 -0.00289
v 0.14852 -0.43732 -0.06125
v 0.13828 -0.40945 -0.07401
v 0.15011 -0.41500 -0.09103
v 0.17759 -0.45182 -0.13330
v 0.18065 -0.45374 -0.13951
v 0.13798 -0.44189 -0.05068
v 0.09983 -0.37245 -0.05086
v 0.08418 -0.35344 -0.03746
v 0.11506 -0.39214 -0.07243
v 0.12174 -0.44121 -0.02345
v 0.13014 -0.40636 -0.08996
v 0.17855 -0.44668 -0.14630
v 0.08866 -0.36293 -0.05411
v 0.09889 -0.38143 -0.07973
v 0.14745 -0.44514 -0.06753
v 0.11641 -0.39742 -0.08978
v 0.12160 -0.40329 -0.10274
v 0.10869 -0.39765 -0.10166
v 0.09125 -0.39366 -0.10387
v 0.10228 -0.40275 -0.12020
v 0.12103 -0.40782 -0.12240
v 0.08831 -0.39894 -0.11549
v 0.09309 -0.40737 -0.14003
v 0.07662 -0.39072 -0.09980
v 0.12160 -0.40329 -0.10274
v 0.11641 -0.39742 -0.08978
v 0.09604 -0.38837 -0.09422
v 0.09889 -0.38143 -0.07973
v 0.08390 -0.38126 -0.08883
v 0.07705 -0.36882 -0.07218
v 0.08683 -0.36749 -0.06622
v 0.07396 -0.35532 -0.05125
v 0.08866 -0.36293 -0.05411
v 0.08418 -0.35344 -0.03746
v 0.07616 -0.34889 -0.03780
v 0.05890 -0.34047 -0.02810
v 0.06655 -0.33786 -0.02256
v 0.06091 -0.32686 -0.00702
v 0.07144 -0.33716 -0.01876
v 0.07855 -0.34489 -0.02712
v 0.05468 -0.32313 -0.00489
v 0.06707 -0.32487 0.00252
v 0.06207 -0.31625 0.00655
v 0.08178 -0.34549 -0.01944
v 0.06659 -0.35755 -0.05337
v 0.05784 -0.34884 -0.03908
v 0.08090 -0.40154 -0.11804
v 0.06934 -0.37403 -0.07662
v 0.12977 -0.40681 -0.11832
v 0.13168 -0.40987 -0.12933
v 0.14081 -0.41018 -0.12372
v 0.09975 -0.40711 -0.13995
v 0.10113 -0.40978 -0.15211
v 0.10822 -0.41146 -0.14493
v 0.10856 -0.41547 -0.15487
v 0.11780 -0.41446 -0.15320
v 0.11034 -0.40467 -0.12657
v 0.11936 -0.40804 -0.14240
v 0.12135 -0.40819 -0.13324
v 0.12561 -0.41131 -0.14480
v 0.12555 -0.41215 -0.15358
v 0.04829 -0.33124 -0.01322
v 0.04187 -0.31853 0.00013
v 0.10600 -0.41641 -0.16790
v 0.14077 -0.41059 -0.13317
v 0.04784 -0.34201 -0.02614
v 0.06133 -0.39070 -0.09486
v 0.06419 -0.39645 -0.10680
v 0.07257 -0.39838 -0.10948
v 0.07496 -0.40364 -0.12177
v 0.05672 -0.40015 -0.10973
v 0.08409 -0.40831 -0.13650
v 0.08649 -0.41562 -0.15092
v 0.08093 -0.41235 -0.14542
v 0.07464 -0.40655 -0.13885
v 0.08755 -0.42228 -0.15942
v 0.08597 -0.42436 -0.16219
v 0.06728 -0.40235 -0.13049
v 0.05938 -0.40481 -0.13337
v 0.09472 -0.41566 -0.15799
v 0.10372 -0.41843 -0.17055
v 0.10649 -0.42362 -0.18156
v 0.11186 -0.42428 -0.17971
v 0.06690 -0.40496 -0.14865
v 0.07443 -0.41026 -0.16434
v 0.06298 -0.40945 -0.15486
v 0.06819 -0.41397 -0.17481
v 0.07357 -0.41567 -0.18217
v 0.07885 -0.41524 -0.18026
v 0.07865 -0.42255 -0.18893
v 0.07036 -0.42371 -0.18831
v 0.07439 -0.43140 -0.19544
v 0.08025 -0.43204 -0.19628
v 0.08509 -0.42958 -0.19281
v 0.08327 -0.42001 -0.18080
v 0.13474 -0.41456 -0.13688
v 0.07930 -0.41393 -0.16003
v 0.13417 -0.40914 -0.10680
v 0.13014 -0.40636 -0.08996
v 0.14197 -0.41202 -0.09012
v 0.13828 -0.40945 -0.07401
v 0.15011 -0.41500 -0.09103
v 0.15015 -0.41649 -0.10555
v 0.14518 -0.41715 -0.10977
v 0.15829 -0.42479 -0.12278
v 0.15126 -0.42318 -0.12114
v 0.16341 -0.42171 -0.11834
v 0.17247 -0.43008 -0.13135
v 0.17236 -0.42869 -0.12473
v 0.12862 -0.40306 -0.06238
v 0.16645 -0.42377 -0.11579
v 0.14566 -0.41721 -0.11827
v 0.08727 -0.43503 -0.19524
v 0.16813 -0.43322 -0.13354
v 0.17787 -0.44052 -0.14068
v 0.11011 -0.42358 -0.18355
v 0.05289 -0.35727 -0.04587
v 0.05481 -0.37073 -0.06110
v 0.06019 -0.38037 -0.07894
v 0.06565 -0.41831 -0.17973
v 0.03829 -0.33824 -0.01324
v 0.03810 -0.32702 -0.00373
v 0.02674 -0.31530 0.00824
v 0.06256 -0.41574 -0.16807
v 0.04251 -0.34980 -0.02935
v 0.05541 -0.41091 -0.14129
v 0.05231 -0.40840 -0.12293
v 0.13073 -0.44262 -0.17542
v 0.13236 -0.43044 -0.17378
v 0.12642 -0.43515 -0.17095
v 0.12228 -0.42495 -0.16299
v 0.12011 -0.43232 -0.16344
v 0.11602 -0.42410 -0.15894
v 0.12780 -0.42193 -0.16381
v 0.13622 -0.42502 -0.17157
v 0.13579 -0.43333 -0.17497
v 0.12949 -0.41805 -0.15875
v 0.11567 -0.43202 -0.16351
v 0.11362 -0.42566 -0.16044
v 0.13521 -0.44541 -0.17479
v 0.13186 -0.44853 -0.17327
v 0.09828 -0.44227 -0.18706
v 0.09616 -0.44141 -0.18743
v 0.09415 -0.44736 -0.18962
v 0.09552 -0.44983 -0.20091
v 0.09415 -0.44736 -0.18962
v 0.08885 -0.45551 -0.19291
v 0.08868 -0.45231 -0.18095
v 0.09534 -0.44369 -0.18253
v 0.09071 -0.45418 -0.20064
v 0.09534 -0.45538 -0.20767
v 0.08987 -0.45697 -0.20590
v 0.08363 -0.46451 -0.18742
v 0.07843 -0.46012 -0.17756
v 0.08630 -0.44951 -0.16964
v 0.07772 -0.46772 -0.18535
v 0.08151 -0.46643 -0.19047
v 0.07423 -0.46816 -0.18840
v 0.09722 -0.44483 -0.19502
v 0.09450 -0.46106 -0.21142
v 0.08292 -0.45767 -0.20038
v 0.07890 -0.45383 -0.16799
v 0.09840 -0.45520 -0.21543
v 0.09292 -0.44305 -0.17398
v 0.09600 -0.44022 -0.18429
v 0.09616 -0.44141 -0.18743
v 0.09643 -0.44545 -0.20763
v 0.09885 -0.46125 -0.21505
v 0.09323 -0.44254 -0.16637
v 0.08453 -0.46089 -0.19372
v 0.09838 -0.46647 -0.21781
v 0.10090 -0.46479 -0.22090
v 0.09897 -0.46858 -0.22275
v 0.09722 -0.44483 -0.19502
v 0.09828 -0.44227 -0.18706
v 0.09415 -0.44736 -0.18962
v 0.09051 -0.45648 -0.21356
v 0.08704 -0.45337 -0.21249
v 0.09220 -0.45467 -0.21233
v 0.09380 -0.45774 -0.21685
v 0.08969 -0.45472 -0.21689
v 0.09160 -0.45349 -0.21613
v 0.09220 -0.45467 -0.21233
v 0.08704 -0.45337 -0.21249
v 0.09380 -0.45774 -0.21685
v 0.08969 -0.45472 -0.21689
v 0.09380 -0.45774 -0.21685
v 0.09160 -0.45349 -0.21613
v 0.08704 -0.45337 -0.21249
v 0.07853 -0.43523 -0.20720
v 0.08005 -0.43266 -0.20447
v 0.07636 -0.43698 -0.20484
v 0.08015 -0.43847 -0.20803
v 0.08405 -0.43414 -0.20572
v 0.08015 -0.43847 -0.20803
v 0.07636 -0.43698 -0.20484
v 0.08005 -0.43266 -0.20447
v 0.08405 -0.43414 -0.20572
v 0.04325 -0.39677 0.11810
v 0.03797 -0.37698 0.11454
v 0.03460 -0.38790 0.11739
v 0.03212 -0.37296 0.11508
v 0.04034 -0.41168 0.12304
v 0.05272 -0.42009 0.12327
v 0.04602 -0.42277 0.12501
v 0.03393 -0.42125 0.12439
v 0.03016 -0.35665 0.11536
v 0.03567 -0.35114 0.11476
v 0.05472 -0.43314 0.12206
v 0.02913 -0.33417 0.11809
v 0.02241 -0.32653 0.11850
v 0.02462 -0.30581 0.12055
v 0.01994 -0.30002 0.12188
v 0.02215 -0.27491 0.12167
v 0.04184 -0.43653 0.12319
v 0.04881 -0.44329 0.12086
v 0.03420 -0.44103 0.12164
v 0.02722 -0.27773 0.12001
v 0.02513 -0.24528 0.12043
v 0.03202 -0.32054 0.11733
v 0.02998 -0.29840 0.11856
v 0.06262 -0.44355 0.11641
v 0.02193 -0.25410 0.12177
v 0.01792 -0.23713 0.12262
v 0.02173 -0.21790 0.12110
v 0.06198 -0.42140 0.11923
v 0.06700 -0.43023 0.11602
v 0.05134 -0.40384 0.11724
v 0.04622 -0.37788 0.10872
v 0.07146 -0.44238 0.11127
v 0.02731 -0.20910 0.11694
v 0.01988 -0.19633 0.12080
v 0.02496 -0.17895 0.11750
v 0.01539 -0.17213 0.12261
v 0.02095 -0.15585 0.12034
v 0.01346 -0.14085 0.12359
v 0.02045 -0.12521 0.12057
v 0.01272 -0.11706 0.12409
v 0.01762 -0.10451 0.12267
v 0.04274 -0.35944 0.10919
v 0.07409 -0.43588 0.11016
v 0.02610 -0.10246 0.11627
v 0.02136 -0.08576 0.12098
v 0.01606 -0.08240 0.12453
v 0.02539 -0.06189 0.11900
v 0.02749 -0.08750 0.11574
v 0.01676 -0.06520 0.12558
v 0.01697 -0.04556 0.12758
v 0.01167 -0.03647 0.13191
v 0.01614 -0.02775 0.13073
v 0.01153 -0.02018 0.13475
v 0.07572 -0.42228 0.10797
v 0.02759 -0.13194 0.11441
v 0.02672 -0.15538 0.11532
v 0.02331 -0.03591 0.12310
v 0.04071 -0.33175 0.10909
v 0.03480 -0.30886 0.11424
v 0.06229 -0.40844 0.11217
v 0.03185 -0.24245 0.11340
v 0.03248 -0.27598 0.11439
v 0.05140 -0.39003 0.10931
v 0.01404 -0.01027 0.13127
v 0.00608 0.00484 0.13515
v 0.02167 -0.01339 0.12357
v 0.01694 0.00520 0.12442
v 0.05709 -0.37271 0.09563
v 0.05788 -0.35784 0.09425
v 0.07044 -0.36861 0.08542
v 0.06688 -0.35577 0.09003
v 0.06019 -0.34213 0.09277
v 0.05222 -0.33094 0.09624
v 0.07397 -0.34124 0.08742
v 0.07070 -0.32597 0.08695
v 0.05883 -0.31484 0.09155
v 0.06521 -0.30568 0.08688
v 0.04752 -0.30857 0.09803
v 0.04390 -0.31747 0.10349
v 0.05295 -0.29577 0.09367
v 0.07636 -0.35138 0.08494
v 0.06008 -0.28569 0.08578
v 0.04296 -0.29606 0.10251
v 0.04790 -0.27939 0.09631
v 0.05296 -0.25281 0.08689
v 0.07708 -0.38168 0.07657
v 0.07948 -0.36693 0.07672
v 0.06659 -0.38678 0.08913
v 0.08136 -0.34154 0.07858
v 0.04220 -0.25738 0.10075
v 0.03054 -0.17763 0.11072
v 0.03145 -0.20257 0.11117
v 0.03356 -0.22508 0.11011
v 0.03209 -0.11648 0.10803
v 0.04376 -0.21853 0.09495
v 0.04270 -0.19329 0.09286
v 0.03255 -0.14653 0.10705
v 0.03894 -0.16462 0.09502
v 0.08473 -0.35070 0.07393
v 0.08223 -0.38069 0.06884
v 0.08326 -0.39792 0.07215
v 0.07740 -0.39565 0.08198
v 0.08478 -0.37037 0.06697
v 0.08671 -0.39348 0.05926
v 0.08262 -0.41274 0.08742
v 0.07442 -0.41383 0.10295
v 0.06353 -0.39834 0.10247
v 0.08347 -0.42238 0.09679
v 0.00104 0.00068 -0.00416
v 0.01107 -0.01068 0.00496
v 0.00405 -0.01792 -0.00080
v 0.00914 -0.03423 0.00453
v 0.01844 -0.03876 0.01480
v 0.01897 -0.00553 0.01610
v 0.01331 -0.06641 0.01170
v 0.02132 -0.07307 0.02067
v 0.01748 -0.09617 0.01781
v 0.02452 -0.10001 0.02541
v 0.02888 -0.08558 0.03299
v 0.02295 -0.12685 0.02363
v 0.02945 -0.11985 0.03203
v 0.02969 -0.14526 0.03047
v 0.02195 -0.16074 0.02307
v 0.03473 -0.14005 0.03930
v 0.03430 -0.16184 0.03578
v 0.02794 -0.16677 0.02737
v 0.02749 -0.18767 0.02627
v 0.03494 -0.18803 0.03377
v 0.03955 -0.18200 0.04299
v 0.03819 -0.21028 0.03492
v 0.04491 -0.21965 0.04544
v 0.04196 -0.23549 0.03268
v 0.03178 -0.22665 0.02574
v 0.04036 -0.24852 0.02655
v 0.05011 -0.26062 0.03146
v 0.04580 -0.26722 0.02354
v 0.05489 -0.27542 0.02708
v 0.03456 -0.25488 0.02160
v 0.04108 -0.27761 0.01694
v 0.02622 -0.23733 0.02192
v 0.05347 -0.28302 0.02081
v 0.06290 -0.29611 0.01828
v 0.05286 -0.29589 0.01093
v 0.06401 -0.31328 0.00353
v 0.05706 -0.31556 -0.00359
v 0.07160 -0.31494 0.01215
v 0.07035 -0.30323 0.02234
v 0.06610 -0.32172 -0.00451
v 0.07330 -0.32398 0.00149
v 0.05474 -0.32845 -0.01817
v 0.03195 -0.20964 0.02800
v 0.02425 -0.02681 0.02453
v 0.02561 -0.05408 0.02723
v 0.01182 0.01610 0.00677
v -0.00874 -0.00802 -0.00715
v 0.00104 0.00068 -0.00416
v 0.00405 -0.01792 -0.00080
v 0.00022 -0.02869 -0.00127
v -0.00809 -0.03563 -0.00226
v -0.00168 -0.05339 0.00208
v 0.00914 -0.03423 0.00453
v 0.00622 -0.04694 0.00384
v 0.01331 -0.06641 0.01170
v 0.00549 -0.06999 0.00711
v -0.00396 -0.07963 0.00708
v 0.00761 -0.09777 0.01221
v -0.00071 -0.10403 0.01167
v 0.00802 -0.12449 0.01575
v 0.01724 -0.12659 0.01970
v 0.01170 -0.14457 0.01848
v 0.02195 -0.16074 0.02307
v 0.01311 -0.16537 0.02011
v 0.01929 -0.18233 0.02215
v 0.02749 -0.18767 0.02627
v 0.02295 -0.12685 0.02363
v 0.02308 -0.20282 0.02364
v 0.03195 -0.20964 0.02800
v 0.03178 -0.22665 0.02574
v 0.02349 -0.22307 0.02275
v 0.02622 -0.23733 0.02192
v 0.04036 -0.24852 0.02655
v 0.01748 -0.09617 0.01781
v -0.01100 -0.18055 0.11050
v -0.02182 -0.15298 0.10920
v -0.00720 -0.16631 0.11594
v -0.00155 -0.18979 0.11495
v -0.00599 -0.19876 0.11001
v -0.01765 -0.14173 0.11527
v 0.00432 -0.21227 0.11509
v -0.00046 -0.21728 0.11059
v -0.02517 -0.12413 0.11425
v -0.03320 -0.13336 0.10456
v -0.03515 -0.11431 0.10880
v -0.03320 -0.09570 0.11502
v -0.04410 -0.08600 0.11110
v -0.04067 -0.07340 0.11757
v -0.01601 -0.18716 0.10388
v -0.02257 -0.16764 0.10327
v -0.01184 -0.20418 0.10285
v -0.00619 -0.22427 0.10307
v 0.00996 -0.23756 0.11664
v 0.00319 -0.23898 0.10981
v -0.02908 -0.15330 0.10100
v -0.03982 -0.12067 0.10141
v -0.04578 -0.09969 0.10299
v -0.05214 -0.07781 0.10683
v 0.00865 -0.25707 0.11299
v 0.01497 -0.26347 0.11715
v 0.01370 -0.28778 0.11376
v 0.01776 -0.28524 0.11708
v 0.02290 -0.30573 0.11611
v -0.01767 -0.11530 0.11970
v -0.01067 -0.13957 0.11888
v -0.05394 -0.06388 0.11487
v -0.01913 -0.09600 0.12111
v -0.02899 -0.07312 0.12100
v -0.05159 -0.05632 0.12149
v -0.05634 -0.04417 0.12322
v -0.06116 -0.04999 0.11424
v -0.06354 -0.03504 0.11834
v -0.06306 -0.01923 0.12386
v -0.05783 -0.02779 0.12621
v -0.07388 -0.00162 0.11438
v -0.06878 0.00671 0.12210
v -0.06156 -0.00724 0.12591
v -0.06597 -0.00642 0.12909
v -0.05478 -0.00107 0.13216
v -0.05809 -0.01834 0.13128
v -0.05914 -0.02949 0.13037
v 0.00608 0.00484 0.13515
v -0.01804 0.00855 0.13675
v -0.01028 0.00104 0.13806
v 0.01792 -0.23713 0.12262
v 0.00941 -0.22491 0.12205
v 0.01372 -0.24164 0.12281
v 0.01169 -0.21360 0.12238
v 0.02193 -0.25410 0.12177
v 0.01584 -0.26068 0.12243
v 0.02215 -0.27491 0.12167
v 0.01545 -0.28404 0.12124
v 0.01994 -0.30002 0.12188
v 0.02173 -0.21790 0.12110
v 0.01988 -0.19633 0.12080
v 0.01001 -0.18850 0.12271
v 0.01539 -0.17213 0.12261
v 0.00171 -0.16565 0.12327
v 0.00520 -0.14869 0.12431
v 0.01346 -0.14085 0.12359
v 0.00409 -0.12408 0.12524
v 0.01272 -0.11706 0.12409
v -0.00535 -0.13287 0.12533
v 0.00712 -0.09723 0.12569
v -0.00788 -0.11190 0.12592
v -0.00859 -0.08910 0.12647
v 0.00437 -0.07143 0.12692
v 0.01606 -0.08240 0.12453
v 0.01676 -0.06520 0.12558
v 0.00138 -0.05471 0.12834
v -0.01720 -0.06339 0.12685
v -0.02678 -0.06968 0.12637
v -0.03267 -0.04625 0.12774
v -0.01995 -0.03866 0.12872
v -0.02010 -0.09964 0.12532
v -0.03807 -0.02481 0.13050
v -0.04605 -0.06257 0.12553
v -0.02484 -0.01535 0.13195
v -0.04579 -0.00246 0.13212
v -0.04734 -0.03328 0.13109
v -0.02943 0.00476 0.13304
v 0.01762 -0.10451 0.12267
v 0.01167 -0.03647 0.13191
v 0.00095 -0.03843 0.13224
v -0.00119 -0.01953 0.13670
v -0.01020 -0.02562 0.13371
v 0.01153 -0.02018 0.13475
v 0.00052 -0.00614 0.13717
vt 0.08111 0.54237
vt 0.07763 0.54523
vt 0.08002 0.54785
vt 0.08192 0.54864
vt 0.08133 0.55309
vt 0.07896 0.55392
vt 0.08047 0.55739
vt 0.08333 0.55690
vt 0.08063 0.56202
vt 0.08415 0.56579
vt 0.08079 0.56799
vt 0.08225 0.56924
vt 0.08015 0.57448
vt 0.08367 0.57497
vt 0.08169 0.57808
vt 0.07893 0.58076
vt 0.08128 0.58273
vt 0.07854 0.58704
vt 0.08032 0.58755
vt 0.08135 0.59279
vt 0.07916 0.59406
vt 0.08081 0.59768
vt 0.07818 0.59681
vt 0.08404 0.58037
vt 0.08342 0.58881
vt 0.07779 0.55057
vt 0.07793 0.60013
vt 0.08396 0.59832
vt 0.08588 0.58408
vt 0.08407 0.55073
vt 0.08203 0.60210
vt 0.08538 0.59339
vt 0.08582 0.57243
vt 0.07979 0.60114
vt 0.08639 0.57678
vt 0.08550 0.60445
vt 0.07757 0.60456
vt 0.08605 0.58920
vt 0.07741 0.57580
vt 0.07861 0.56949
vt 0.07828 0.56486
vt 0.07757 0.55959
vt 0.08602 0.54559
vt 0.08574 0.59857
vt 0.07676 0.58088
vt 0.07910 0.60479
vt 0.08091 0.60444
vt 0.08688 0.56077
vt 0.08743 0.55285
vt 0.07690 0.59213
vt 0.07591 0.58711
vt 0.07718 0.55488
vt 0.07803 0.60963
vt 0.08017 0.60852
vt 0.07971 0.61237
vt 0.08787 0.56810
vt 0.07648 0.59625
vt 0.08326 0.60618
vt 0.07878 0.61635
vt 0.08047 0.61594
vt 0.08080 0.61846
vt 0.07970 0.61887
vt 0.08023 0.62023
vt 0.08179 0.61911
vt 0.07823 0.62038
vt 0.07818 0.61838
vt 0.07987 0.62314
vt 0.07644 0.62245
vt 0.07765 0.62471
vt 0.08251 0.62460
vt 0.07450 0.62437
vt 0.08209 0.62157
vt 0.07575 0.62733
vt 0.07852 0.62688
vt 0.07581 0.62978
vt 0.07188 0.62952
vt 0.07265 0.62774
vt 0.06933 0.63007
vt 0.06943 0.63162
vt 0.06700 0.63072
vt 0.06666 0.63277
vt 0.06950 0.63359
vt 0.06687 0.63429
vt 0.06501 0.63383
vt 0.07291 0.63101
vt 0.06954 0.62807
vt 0.07242 0.62636
vt 0.06442 0.63113
vt 0.07784 0.62944
vt 0.07644 0.63200
vt 0.07381 0.63275
vt 0.08018 0.62799
vt 0.08290 0.62657
vt 0.08172 0.60781
vt 0.08616 0.60922
vt 0.06515 0.63534
vt 0.06802 0.63524
vt 0.08728 0.60190
vt 0.08143 0.61166
vt 0.08785 0.58488
vt 0.08855 0.57905
vt 0.08819 0.57453
vt 0.09112 0.54763
vt 0.06643 0.62859
vt 0.06538 0.63669
vt 0.09053 0.56012
vt 0.09149 0.55484
vt 0.07458 0.62163
vt 0.07576 0.62000
vt 0.06303 0.63325
vt 0.08008 0.63049
vt 0.07865 0.63195
vt 0.08163 0.61734
vt 0.08463 0.62464
vt 0.08361 0.62297
vt 0.08792 0.59083
vt 0.08771 0.59669
vt 0.08326 0.62075
vt 0.08560 0.62624
vt 0.07175 0.62481
vt 0.08917 0.60525
vt 0.07287 0.62218
vt 0.07235 0.63500
vt 0.08236 0.61432
vt 0.06353 0.63660
vt 0.06299 0.63511
vt 0.08258 0.61876
vt 0.09016 0.60991
vt 0.08751 0.61213
vt 0.08965 0.61437
vt 0.09110 0.61426
vt 0.08922 0.61889
vt 0.08794 0.61641
vt 0.08733 0.62111
vt 0.09000 0.62172
vt 0.08767 0.62418
vt 0.09123 0.61770
vt 0.08983 0.62445
vt 0.08194 0.62940
vt 0.09359 0.55842
vt 0.08337 0.61001
vt 0.08431 0.61352
vt 0.07508 0.63411
vt 0.08302 0.63269
vt 0.08350 0.63170
vt 0.08435 0.63261
vt 0.08545 0.63148
vt 0.08643 0.63255
vt 0.08634 0.63374
vt 0.08357 0.63060
vt 0.08481 0.63386
vt 0.08779 0.63388
vt 0.08896 0.63274
vt 0.08635 0.63486
vt 0.08764 0.63086
vt 0.08903 0.63152
vt 0.07323 0.61969
vt 0.06886 0.62604
vt 0.08504 0.62239
vt 0.08884 0.60114
vt 0.07694 0.63378
vt 0.08288 0.61662
vt 0.06181 0.63135
vt 0.06366 0.62922
vt 0.06128 0.63805
vt 0.08553 0.62975
vt 0.09171 0.60931
vt 0.08663 0.61520
vt 0.08399 0.62825
vt 0.08291 0.63444
vt 0.07720 0.61598
vt 0.06151 0.63904
vt 0.05985 0.63843
vt 0.05989 0.63964
vt 0.05859 0.64007
vt 0.05870 0.63902
vt 0.05881 0.63814
vt 0.05758 0.63856
vt 0.05696 0.63954
vt 0.05786 0.63780
vt 0.05793 0.64092
vt 0.06109 0.63685
vt 0.09485 0.55491
vt 0.09421 0.54653
vt 0.08966 0.57526
vt 0.09038 0.57039
vt 0.09159 0.56520
vt 0.09376 0.56209
vt 0.08844 0.62582
vt 0.09085 0.62664
vt 0.06095 0.63413
vt 0.08602 0.61934
vt 0.09045 0.63024
vt 0.09054 0.63208
vt 0.05656 0.64023
vt 0.08794 0.63531
vt 0.08475 0.63502
vt 0.08923 0.58267
vt 0.08971 0.58595
vt 0.07620 0.60379
vt 0.07604 0.60794
vt 0.09158 0.60394
vt 0.07537 0.61770
vt 0.07655 0.61177
vt 0.07540 0.60065
vt 0.05852 0.63715
vt 0.06005 0.63592
vt 0.08943 0.59760
vt 0.08944 0.59360
vt 0.08976 0.59015
vt 0.09009 0.63358
vt 0.08888 0.62888
vt 0.07446 0.57230
vt 0.07310 0.57822
vt 0.09135 0.62349
vt 0.09148 0.62105
vt 0.06569 0.54637
vt 0.07088 0.55043
vt 0.05632 0.63755
vt 0.05487 0.63802
vt 0.07460 0.61558
vt 0.08049 0.63365
vt 0.06713 0.55374
vt 0.06961 0.55966
vt 0.06585 0.55932
vt 0.06898 0.56564
vt 0.07445 0.58234
vt 0.06190 0.54853
vt 0.06343 0.55593
vt 0.07014 0.62271
vt 0.05458 0.63955
vt 0.05348 0.63900
vt 0.05198 0.63733
vt 0.05191 0.63873
vt 0.04944 0.63998
vt 0.05008 0.64166
vt 0.04903 0.64239
vt 0.04797 0.64188
vt 0.04816 0.64316
vt 0.04928 0.64358
vt 0.05240 0.63961
vt 0.05152 0.63965
vt 0.04860 0.64444
vt 0.04899 0.63872
vt 0.05320 0.64044
vt 0.04802 0.63946
vt 0.05165 0.64081
vt 0.04725 0.64228
vt 0.04798 0.64397
vt 0.05427 0.63654
vt 0.09035 0.57837
vt 0.06531 0.62729
vt 0.09199 0.61420
vt 0.07133 0.61990
vt 0.07205 0.61776
vt 0.07464 0.59336
vt 0.04720 0.64313
vt 0.04674 0.64087
vt 0.07206 0.56353
vt 0.07170 0.56902
vt 0.06562 0.56447
vt 0.06843 0.57100
vt 0.07525 0.56734
vt 0.07573 0.56337
vt 0.05668 0.64160
vt 0.09100 0.60062
vt 0.09204 0.63290
vt 0.05018 0.63685
vt 0.06050 0.63096
vt 0.06239 0.62845
vt 0.05891 0.63378
vt 0.05388 0.63531
vt 0.05630 0.63427
vt 0.07336 0.58656
vt 0.06959 0.57667
vt 0.05486 0.64122
vt 0.07208 0.59107
vt 0.07445 0.55931
vt 0.07399 0.55451
vt 0.07586 0.54885
vt 0.08425 0.61668
vt 0.08360 0.61891
vt 0.07289 0.54394
vt 0.06640 0.62493
vt 0.07331 0.59584
vt 0.08987 0.63533
vt 0.07069 0.58100
vt 0.07092 0.58621
vt 0.05638 0.63588
vt 0.05168 0.63543
vt 0.07418 0.61258
vt 0.04855 0.63757
vt 0.09204 0.63148
vt 0.09165 0.62946
vt 0.07442 0.60432
vt 0.07470 0.60855
vt 0.06753 0.62225
vt 0.09274 0.62999
vt 0.06320 0.62637
vt 0.06953 0.61991
vt 0.09114 0.63442
vt 0.07038 0.61785
vt 0.05756 0.63241
vt 0.09241 0.62687
vt 0.04727 0.63857
vt 0.04631 0.63988
vt 0.06083 0.62828
vt 0.05896 0.63025
vt 0.06480 0.62380
vt 0.92670 0.75316
vt 0.93065 0.75557
vt 0.92887 0.75789
vt 0.93275 0.75875
vt 0.93359 0.75129
vt 0.92556 0.75772
vt 0.92373 0.75283
vt 0.92695 0.76238
vt 0.93051 0.76295
vt 0.93103 0.77257
vt 0.93379 0.77067
vt 0.93521 0.77710
vt 0.93447 0.76505
vt 0.93378 0.77957
vt 0.92955 0.77685
vt 0.93113 0.78615
vt 0.93391 0.78509
vt 0.93233 0.79172
vt 0.93632 0.78843
vt 0.93078 0.74934
vt 0.92816 0.75042
vt 0.92570 0.74952
vt 0.92977 0.79230
vt 0.92651 0.76922
vt 0.93623 0.75771
vt 0.93704 0.78260
vt 0.93382 0.74623
vt 0.93149 0.74538
vt 0.92072 0.75919
vt 0.92920 0.78685
vt 0.92855 0.78085
vt 0.93278 0.74255
vt 0.93370 0.74167
vt 0.93151 0.74109
vt 0.93255 0.73724
vt 0.93417 0.73678
vt 0.93309 0.73478
vt 0.92115 0.75321
vt 0.93022 0.74209
vt 0.92384 0.77346
vt 0.92041 0.76472
vt 0.91717 0.76263
vt 0.91653 0.75807
vt 0.91849 0.75497
vt 0.91413 0.75254
vt 0.91843 0.76745
vt 0.91359 0.76141
vt 0.92649 0.78974
vt 0.92321 0.77888
vt 0.92774 0.79532
vt 0.91821 0.75021
vt 0.92658 0.74542
vt 0.93155 0.73487
vt 0.92798 0.74712
vt 0.92759 0.74285
vt 0.92630 0.74115
vt 0.91423 0.75833
vt 0.91532 0.74858
vt 0.91279 0.74711
vt 0.91465 0.74509
vt 0.91277 0.74385
vt 0.91394 0.74209
vt 0.91207 0.73940
vt 0.91341 0.73701
vt 0.91665 0.74598
vt 0.91797 0.74606
vt 0.91689 0.74221
vt 0.91291 0.73544
vt 0.92436 0.74805
vt 0.91522 0.74078
vt 0.92577 0.74485
vt 0.92178 0.74913
vt 0.92323 0.74616
vt 0.92821 0.74157
vt 0.91462 0.73526
vt 0.91612 0.73678
vt 0.91599 0.73889
vt 0.92129 0.74597
vt 0.92161 0.74140
vt 0.92034 0.74213
vt 0.92057 0.73766
vt 0.91916 0.73828
vt 0.93602 0.75264
vt 0.93933 0.78629
vt 0.92912 0.74438
vt 0.93010 0.74013
vt 0.93082 0.73732
vt 0.93746 0.74854
vt 0.93848 0.75587
vt 0.94012 0.75332
vt 0.93869 0.74864
vt 0.93816 0.74459
vt 0.94032 0.74833
vt 0.94241 0.74896
vt 0.94173 0.74539
vt 0.93952 0.74223
vt 0.94159 0.75648
vt 0.94016 0.75978
vt 0.94261 0.75294
vt 0.94357 0.74475
vt 0.94225 0.74007
vt 0.94067 0.73759
vt 0.94257 0.73774
vt 0.94178 0.73563
vt 0.94125 0.73350
vt 0.94440 0.73788
vt 0.94463 0.74047
vt 0.93485 0.73443
vt 0.94329 0.73448
vt 0.94281 0.73307
vt 0.92519 0.74460
vt 0.93684 0.76780
vt 0.94167 0.73195
vt 0.91558 0.73499
vt 0.93784 0.77766
vt 0.93753 0.79237
vt 0.93435 0.79351
vt 0.93657 0.79586
vt 0.94439 0.73314
vt 0.93470 0.74225
vt 0.93380 0.80044
vt 0.93791 0.80229
vt 0.94577 0.73526
vt 0.91923 0.73642
vt 0.93625 0.74570
vt 0.93673 0.74129
vt 0.94360 0.74949
vt 0.94290 0.75732
vt 0.94214 0.76245
vt 0.94564 0.74842
vt 0.94597 0.74408
vt 0.94478 0.73175
vt 0.94283 0.73191
vt 0.94321 0.73050
vt 0.94480 0.73051
vt 0.94064 0.79280
vt 0.92486 0.73989
vt 0.92570 0.74086
vt 0.92514 0.73748
vt 0.92288 0.73979
vt 0.92318 0.73783
vt 0.94104 0.76647
vt 0.94070 0.77148
vt 0.94083 0.77947
vt 0.94047 0.79741
vt 0.94598 0.73793
vt 0.94388 0.72736
vt 0.94597 0.72825
vt 0.93440 0.73197
vt 0.94522 0.72324
vt 0.94362 0.72083
vt 0.94500 0.71857
vt 0.94369 0.71802
vt 0.94433 0.71705
vt 0.55084 0.10600
vt 0.54995 0.10371
vt 0.55710 0.10424
vt 0.55485 0.10685
vt 0.56211 0.10525
vt 0.56096 0.10271
vt 0.56843 0.10287
vt 0.56720 0.10585
vt 0.57394 0.10352
vt 0.57359 0.10128
vt 0.58082 0.10040
vt 0.55595 0.10249
vt 0.58052 0.10287
vt 0.58653 0.10186
vt 0.58639 0.10400
vt 0.59181 0.10377
vt 0.59304 0.10062
vt 0.59726 0.10288
vt 0.59980 0.10065
vt 0.60201 0.10354
vt 0.60750 0.10332
vt 0.60668 0.10014
vt 0.61108 0.10081
vt 0.61272 0.10216
vt 0.61770 0.09961
vt 0.61653 0.10206
vt 0.62389 0.10095
vt 0.62149 0.10341
vt 0.62781 0.10376
vt 0.62841 0.10048
vt 0.62395 0.09747
vt 0.63168 0.10174
vt 0.63150 0.09808
vt 0.63343 0.10576
vt 0.61178 0.09788
vt 0.61677 0.09780
vt 0.63643 0.09932
vt 0.63762 0.10331
vt 0.04193 0.15893
vt 0.04345 0.15323
vt 0.04448 0.15990
vt 0.04460 0.16739
vt 0.04157 0.16551
vt 0.04289 0.17218
vt 0.03983 0.15477
vt 0.04112 0.14984
vt 0.04432 0.14831
vt 0.04024 0.14418
vt 0.04239 0.14005
vt 0.04525 0.14235
vt 0.04422 0.13668
vt 0.04182 0.13174
vt 0.04421 0.13249
vt 0.04675 0.17253
vt 0.04601 0.12842
vt 0.04739 0.13614
vt 0.04759 0.13229
vt 0.04682 0.15548
vt 0.04763 0.16414
vt 0.04423 0.17496
vt 0.04701 0.17779
vt 0.04422 0.17965
vt 0.04644 0.18289
vt 0.04505 0.18477
vt 0.04686 0.19083
vt 0.04843 0.18830
vt 0.04827 0.14887
vt 0.04940 0.19366
vt 0.04858 0.19816
vt 0.04678 0.19534
vt 0.04843 0.20245
vt 0.04786 0.12837
vt 0.04745 0.12347
vt 0.04360 0.12067
vt 0.04623 0.11878
vt 0.04996 0.14069
vt 0.05014 0.16762
vt 0.05056 0.13608
vt 0.04963 0.13089
vt 0.05057 0.15709
vt 0.05148 0.14761
vt 0.04879 0.18362
vt 0.05057 0.17310
vt 0.05273 0.14173
vt 0.05225 0.13247
vt 0.04984 0.12503
vt 0.05210 0.18079
vt 0.05323 0.15166
vt 0.05289 0.16182
vt 0.05323 0.16883
vt 0.48620 0.53984
vt 0.49228 0.53719
vt 0.48795 0.53616
vt 0.49389 0.53472
vt 0.48339 0.53859
vt 0.48322 0.53576
vt 0.49615 0.53597
vt 0.49747 0.53333
vt 0.48011 0.53685
vt 0.50050 0.53532
vt 0.50314 0.53298
vt 0.47928 0.54061
vt 0.47808 0.53850
vt 0.48293 0.54183
vt 0.47753 0.53560
vt 0.50876 0.53350
vt 0.48030 0.53411
vt 0.50955 0.53126
vt 0.51286 0.53215
vt 0.48955 0.53307
vt 0.48368 0.53290
vt 0.47750 0.53240
vt 0.51696 0.52999
vt 0.49385 0.53282
vt 0.47962 0.53077
vt 0.49839 0.53179
vt 0.48262 0.52999
vt 0.48644 0.53007
vt 0.47444 0.53119
vt 0.47587 0.53503
vt 0.47200 0.53277
vt 0.98578 0.79696
vt 0.98304 0.79423
vt 0.98367 0.79733
vt 0.98081 0.79539
vt 0.98562 0.79356
vt 0.98913 0.79355
vt 0.98868 0.79263
vt 0.99014 0.79203
vt 0.98790 0.79692
vt 0.98337 0.79203
vt 0.98700 0.79876
vt 0.98126 0.79339
vt 0.97997 0.79811
vt 0.97779 0.79736
vt 0.98511 0.79980
vt 0.98102 0.80150
vt 0.97531 0.79971
vt 0.98673 0.80058
vt 0.97200 0.79741
vt 0.98523 0.80148
vt 0.38118 0.70009
vt 0.39063 0.70338
vt 0.38946 0.69931
vt 0.39841 0.69877
vt 0.40483 0.70345
vt 0.41115 0.70019
vt 0.41623 0.70335
vt 0.42433 0.70229
vt 0.42467 0.70618
vt 0.43831 0.70443
vt 0.40890 0.70659
vt 0.37944 0.70591
vt 0.43452 0.70835
vt 0.44363 0.70823
vt 0.44989 0.70634
vt 0.45532 0.70938
vt 0.46286 0.70583
vt 0.39603 0.70630
vt 0.46747 0.70953
vt 0.47703 0.70957
vt 0.38565 0.70770
vt 0.47540 0.70590
vt 0.48666 0.70568
vt 0.48554 0.71057
vt 0.42420 0.70960
vt 0.41120 0.70917
vt 0.40078 0.70837
vt 0.43582 0.71083
vt 0.44457 0.71162
vt 0.45992 0.71222
vt 0.47147 0.71319
vt 0.48107 0.71399
vt 0.49032 0.71574
vt 0.38058 0.71018
vt 0.39004 0.71037
vt 0.40136 0.71089
vt 0.41356 0.71144
vt 0.42360 0.71306
vt 0.43505 0.71298
vt 0.44779 0.71501
vt 0.45720 0.71551
vt 0.46673 0.71649
vt 0.47411 0.71581
vt 0.48471 0.71816
vt 0.49425 0.71963
vt 0.49899 0.71664
vt 0.49432 0.71244
vt 0.49499 0.70788
vt 0.50171 0.70659
vt 0.50518 0.71181
vt 0.50725 0.71583
vt 0.50400 0.72004
vt 0.50722 0.70708
vt 0.51039 0.70360
vt 0.51203 0.71661
vt 0.51385 0.70828
vt 0.51580 0.71069
vt 0.51937 0.70613
vt 0.40906 0.71430
vt 0.42068 0.71618
vt 0.43058 0.71600
vt 0.43840 0.71636
vt 0.51095 0.72262
vt 0.39482 0.71406
vt 0.38288 0.71409
vt 0.47670 0.72016
vt 0.51742 0.71712
vt 0.51895 0.71234
vt 0.52327 0.71650
vt 0.06281 0.00409
vt 0.06650 0.00487
vt 0.06727 0.00202
vt 0.06538 0.00090
vt 0.06183 0.00187
vt 0.05819 0.00291
vt 0.05880 0.00654
vt 0.05567 0.00552
vt 0.05398 0.00345
vt 0.05315 0.00623
vt 0.05087 0.00553
vt 0.05302 0.00794
vt 0.05578 0.00760
vt 0.05806 0.00805
vt 0.06017 0.00829
vt 0.05639 0.00899
vt 0.06478 0.00668
vt 0.06716 0.00768
vt 0.06532 0.00841
vt 0.06169 0.00705
vt 0.07101 0.00370
vt 0.07267 0.00039
vt 0.06880 0.00761
vt 0.07372 0.00272
vt 0.07558 0.00149
vt 0.07580 0.00256
vt 0.07768 0.00090
vt 0.07091 0.00722
vt 0.07010 0.00930
vt 0.07423 0.00554
vt 0.07528 0.00482
vt 0.06904 0.00986
vt 0.07643 0.00453
vt 0.05383 0.00895
vt 0.06236 0.00880
vt 0.06373 0.00918
vt 0.05487 0.00905
vt 0.06139 0.00987
vt 0.05090 0.00815
vt 0.07629 0.00585
vt 0.98716 0.02098
vt 0.98630 0.01781
vt 0.98865 0.01827
vt 0.99022 0.02259
vt 0.98690 0.02439
vt 0.98635 0.01524
vt 0.98556 0.02065
vt 0.98544 0.02432
vt 0.98462 0.01947
vt 0.98530 0.02723
vt 0.98701 0.02591
vt 0.98963 0.02409
vt 0.98583 0.01728
vt 0.98725 0.01311
vt 0.99000 0.01665
vt 0.99113 0.02036
vt 0.98986 0.01243
vt 0.98735 0.00829
vt 0.98564 0.01152
vt 0.99172 0.02230
vt 0.99122 0.01662
vt 0.99172 0.01413
vt 0.98383 0.01877
vt 0.63624 0.19666
vt 0.63264 0.19893
vt 0.63626 0.19917
vt 0.63987 0.19756
vt 0.63595 0.20207
vt 0.63191 0.19336
vt 0.62833 0.19562
vt 0.62645 0.19157
vt 0.62304 0.19326
vt 0.62092 0.18812
vt 0.61919 0.19221
vt 0.62736 0.19845
vt 0.62260 0.19678
vt 0.61583 0.18707
vt 0.61750 0.18594
vt 0.61454 0.18456
vt 0.62796 0.20123
vt 0.63283 0.20249
vt 0.61695 0.19496
vt 0.61676 0.19018
vt 0.61432 0.18891
vt 0.62202 0.20072
vt 0.61310 0.19335
vt 0.62496 0.20357
vt 0.62931 0.20416
vt 0.63160 0.20489
vt 0.61850 0.19840
vt 0.61086 0.18664
vt 0.61148 0.18429
vt 0.61207 0.19046
vt 0.60922 0.19317
vt 0.60969 0.18914
vt 0.60748 0.18341
vt 0.60656 0.18700
vt 0.60610 0.18991
vt 0.60817 0.17977
vt 0.60578 0.18008
vt 0.60597 0.17689
vt 0.60364 0.18249
vt 0.60355 0.17767
vt 0.60373 0.17414
vt 0.60174 0.18027
vt 0.60085 0.17770
vt 0.60053 0.17402
vt 0.59897 0.17516
vt 0.59766 0.17330
vt 0.60033 0.17185
vt 0.59718 0.17120
vt 0.60183 0.18480
vt 0.60384 0.18538
vt 0.59559 0.17228
vt 0.60353 0.18720
vt 0.59497 0.16988
vt 0.59444 0.17340
vt 0.60027 0.18331
vt 0.59701 0.17601
vt 0.59422 0.17535
vt 0.59277 0.17244
vt 0.59315 0.17025
vt 0.59381 0.16860
vt 0.59545 0.16829
vt 0.59669 0.16914
vt 0.59857 0.16954
vt 0.60054 0.17048
vt 0.59374 0.16682
vt 0.59932 0.17988
vt 0.59838 0.17796
vt 0.61138 0.18194
vt 0.60279 0.17111
vt 0.60781 0.17663
vt 0.59562 0.16665
vt 0.59646 0.16717
vt 0.59742 0.16783
vt 0.59037 0.16634
vt 0.59030 0.16535
vt 0.60972 0.17879
vt 0.64403 0.19911
vt 0.64505 0.20139
vt 0.65080 0.19998
vt 0.63971 0.20076
vt 0.64901 0.20308
vt 0.65834 0.20206
vt 0.64122 0.20421
vt 0.65746 0.19958
vt 0.66219 0.19912
vt 0.66452 0.20114
vt 0.66628 0.19824
vt 0.67095 0.19962
vt 0.66680 0.19620
vt 0.63785 0.20654
vt 0.63446 0.20612
vt 0.65194 0.20487
vt 0.64424 0.20659
vt 0.67292 0.19703
vt 0.67591 0.20039
vt 0.68318 0.19961
vt 0.68043 0.19522
vt 0.68430 0.19603
vt 0.69187 0.19411
vt 0.68810 0.19228
vt 0.69316 0.18949
vt 0.63583 0.20927
vt 0.67353 0.19418
vt 0.68041 0.19262
vt 0.68683 0.18969
vt 0.69868 0.18916
vt 0.70055 0.18643
vt 0.70640 0.18695
vt 0.70564 0.18326
vt 0.64939 0.20858
vt 0.65675 0.20585
vt 0.64235 0.21002
vt 0.63797 0.21032
vt 0.66223 0.20537
vt 0.66918 0.20340
vt 0.66615 0.20668
vt 0.67110 0.20589
vt 0.67643 0.20362
vt 0.67687 0.20621
vt 0.63330 0.20885
vt 0.68070 0.20481
vt 0.68590 0.20358
vt 0.69273 0.19964
vt 0.69213 0.20296
vt 0.70280 0.20278
vt 0.70145 0.19856
vt 0.69819 0.19408
vt 0.70656 0.19546
vt 0.70478 0.19066
vt 0.71360 0.19280
vt 0.71115 0.18845
vt 0.71940 0.18831
vt 0.72454 0.19185
vt 0.72604 0.18622
vt 0.71915 0.18398
vt 0.71891 0.19255
vt 0.71384 0.18444
vt 0.69071 0.20645
vt 0.68435 0.20717
vt 0.69794 0.20542
vt 0.70702 0.20603
vt 0.69504 0.20731
vt 0.70056 0.20835
vt 0.63519 0.21161
vt 0.65750 0.20921
vt 0.66413 0.21002
vt 0.66975 0.20920
vt 0.71032 0.20397
vt 0.71517 0.20591
vt 0.71831 0.20325
vt 0.71716 0.20107
vt 0.72489 0.20102
vt 0.70896 0.20175
vt 0.72170 0.20534
vt 0.63005 0.20712
vt 0.72734 0.20346
vt 0.73312 0.20015
vt 0.72713 0.18041
vt 0.63281 0.21124
vt 0.73381 0.19428
vt 0.71042 0.19815
vt 0.71830 0.19666
vt 0.73207 0.20559
vt 0.72533 0.19747
vt 0.72636 0.20728
vt 0.62992 0.21038
vt 0.62778 0.20817
vt 0.63437 0.21303
vt 0.71933 0.17996
vt 0.70931 0.18388
vt 0.71377 0.18116
vt 0.72830 0.22708
vt 0.73122 0.22272
vt 0.72310 0.22540
vt 0.72127 0.22777
vt 0.71621 0.22657
vt 0.72509 0.22173
vt 0.71912 0.22321
vt 0.73147 0.21845
vt 0.71449 0.22389
vt 0.71944 0.22000
vt 0.72686 0.21665
vt 0.73415 0.21291
vt 0.71304 0.21977
vt 0.70658 0.22029
vt 0.71825 0.21588
vt 0.70993 0.21579
vt 0.70022 0.21746
vt 0.69693 0.21940
vt 0.69166 0.21695
vt 0.68685 0.21885
vt 0.72510 0.21232
vt 0.69773 0.21452
vt 0.68082 0.21607
vt 0.73321 0.20837
vt 0.67685 0.21944
vt 0.67349 0.21674
vt 0.67022 0.21960
vt 0.71696 0.21253
vt 0.70437 0.21141
vt 0.66788 0.21794
vt 0.66308 0.21889
vt 0.66664 0.21463
vt 0.72239 0.20994
vt 0.65984 0.21461
vt 0.65545 0.21807
vt 0.65566 0.21217
vt 0.65199 0.21498
vt 0.67520 0.21329
vt 0.68638 0.21340
vt 0.64979 0.21916
vt 0.69314 0.21168
vt 0.64856 0.21138
vt 0.64741 0.21539
vt 0.68210 0.21037
vt 0.71681 0.20880
vt 0.71013 0.20875
vt 0.65352 0.22135
vt 0.67675 0.20843
vt 0.65969 0.22221
vt 0.65169 0.22486
vt 0.64631 0.22339
vt 0.64601 0.22562
vt 0.64090 0.22727
vt 0.64136 0.22313
vt 0.63739 0.22637
vt 0.64344 0.22816
vt 0.63386 0.22360
vt 0.63323 0.22598
vt 0.63015 0.22623
vt 0.64949 0.22755
vt 0.63453 0.22808
vt 0.63106 0.22918
vt 0.62900 0.22262
vt 0.64512 0.21942
vt 0.64340 0.21335
vt 0.64309 0.21648
vt 0.64000 0.22008
vt 0.63692 0.22257
vt 0.63826 0.22906
vt 0.63036 0.21962
vt 0.62851 0.21840
vt 0.63145 0.21651
vt 0.65403 0.22725
vt 0.65786 0.22588
vt 0.62663 0.22006
vt 0.62545 0.21446
vt 0.62790 0.21410
vt 0.62348 0.21002
vt 0.62375 0.20673
vt 0.62004 0.20594
vt 0.62189 0.20448
vt 0.61929 0.20900
vt 0.61797 0.20153
vt 0.62116 0.21281
vt 0.61318 0.20083
vt 0.61491 0.20694
vt 0.63119 0.21381
vt 0.61460 0.19722
vt 0.61112 0.19584
vt 0.61041 0.19910
vt 0.60757 0.19609
vt 0.63864 0.21351
vt 0.63921 0.21586
vt 0.63639 0.21562
vt 0.63598 0.21401
vt 0.63482 0.21490
vt 0.63493 0.21684
vt 0.62223 0.21582
vt 0.60584 0.19207
vt 0.60329 0.19268
vt 0.60333 0.18939
vt 0.60246 0.18691
vt 0.60130 0.18789
vt 0.60130 0.19014
vt 0.60054 0.18620
vt 0.61773 0.21369
vt 0.63325 0.21724
vt 0.59950 0.18807
vt 0.61662 0.21079
vt 0.63267 0.22136
vt 0.61052 0.20426
vt 0.61323 0.20900
vt 0.61410 0.21268
vt 0.61879 0.21699
vt 0.59976 0.19068
vt 0.63740 0.21715
vt 0.61955 0.22010
vt 0.61712 0.21861
vt 0.61703 0.22138
vt 0.61870 0.22327
vt 0.61708 0.22417
vt 0.61931 0.22696
vt 0.61763 0.22806
vt 0.62126 0.22637
vt 0.62106 0.22270
vt 0.61570 0.22504
vt 0.61591 0.22709
vt 0.62198 0.22948
vt 0.61976 0.23035
vt 0.61488 0.22210
vt 0.61814 0.23165
vt 0.62291 0.21900
vt 0.62401 0.22431
vt 0.62799 0.22742
vt 0.62787 0.23022
vt 0.66667 0.22273
vt 0.61347 0.22443
vt 0.61398 0.22637
vt 0.61552 0.21455
vt 0.61547 0.21837
vt 0.60824 0.19883
vt 0.60471 0.19643
vt 0.61473 0.22819
vt 0.62486 0.22872
vt 0.60838 0.20169
vt 0.61600 0.23028
vt 0.59785 0.18945
vt 0.59852 0.18509
vt 0.59781 0.18729
vt 0.63456 0.21938
vt 0.60051 0.19366
vt 0.61315 0.22144
vt 0.61369 0.21842
vt 0.59704 0.18523
vt 0.61154 0.21204
vt 0.61036 0.20872
vt 0.61383 0.23093
vt 0.61271 0.22785
vt 0.61227 0.21480
vt 0.60869 0.21076
vt 0.49722 0.08265
vt 0.49969 0.08451
vt 0.50031 0.08229
vt 0.49728 0.08002
vt 0.49399 0.07974
vt 0.50117 0.08012
vt 0.50319 0.08107
vt 0.50391 0.08006
vt 0.50696 0.08120
vt 0.50286 0.08405
vt 0.49850 0.08523
vt 0.49400 0.08092
vt 0.50740 0.08406
vt 0.50464 0.07969
vt 0.49986 0.08569
vt 0.50335 0.08578
vt 0.50986 0.08218
vt 0.49887 0.08642
vt 0.49411 0.07853
vt 0.49251 0.07854
vt 0.50300 0.07854
vt 0.50119 0.07915
vt 0.49606 0.08337
vt 0.49758 0.08618
vt 0.89130 0.69243
vt 0.89075 0.69706
vt 0.88877 0.69528
vt 0.88961 0.69212
vt 0.89126 0.68925
vt 0.88966 0.70052
vt 0.88719 0.69758
vt 0.88681 0.69623
vt 0.89193 0.70028
vt 0.89235 0.69835
vt 0.89188 0.69545
vt 0.89126 0.70363
vt 0.88604 0.69722
vt 0.88817 0.70160
vt 0.88751 0.69331
vt 0.88854 0.69045
vt 0.89049 0.68863
vt 0.52526 0.98739
vt 0.52554 0.98479
vt 0.52698 0.98683
vt 0.52805 0.98984
vt 0.52408 0.98421
vt 0.52510 0.98374
vt 0.52905 0.98813
vt 0.52985 0.98952
vt 0.52595 0.99010
vt 0.52404 0.99040
vt 0.52853 0.98189
vt 0.52572 0.98172
vt 0.52577 0.97827
vt 0.52860 0.98013
vt 0.53081 0.98763
vt 0.52856 0.98449
vt 0.52907 0.98644
vt 0.53092 0.98191
vt 0.53094 0.98922
vt 0.52672 0.97514
vt 0.52292 0.99015
vt 0.52307 0.98686
vt 0.52782 0.99109
vt 0.52418 0.97198
vt 0.53094 0.97920
vt 0.53053 0.98463
vt 0.53115 0.98600
vt 0.52298 0.99171
vt 0.52090 0.98344
vt 0.14982 0.47215
vt 0.15071 0.46721
vt 0.14849 0.46930
vt 0.14812 0.46683
vt 0.14814 0.47406
vt 0.14968 0.47443
vt 0.14856 0.47553
vt 0.14757 0.47517
vt 0.15228 0.46799
vt 0.15260 0.46620
vt 0.14860 0.46606
vt 0.14694 0.47205
vt 0.14705 0.46900
vt 0.14629 0.46620
vt 0.15203 0.47188
vt 0.51523 0.93792
vt 0.51665 0.93616
vt 0.51383 0.93577
vt 0.51932 0.93850
vt 0.51930 0.93643
vt 0.51288 0.93704
vt 0.51223 0.93904
vt 0.51836 0.94007
vt 0.51622 0.94013
vt 0.51103 0.93821
vt 0.51061 0.93985
vt 0.51245 0.94041
vt 0.51666 0.93489
vt 0.51881 0.93489
vt 0.50986 0.93910
vt 0.32888 0.50005
vt 0.32847 0.49728
vt 0.33058 0.49899
vt 0.32959 0.49454
vt 0.33041 0.50099
vt 0.33094 0.49625
vt 0.33166 0.50158
vt 0.33166 0.49448
vt 0.33202 0.49782
vt 0.33241 0.49566
vt 0.63446 0.36389
vt 0.63816 0.36319
vt 0.63550 0.36545
vt 0.63999 0.36566
vt 0.63705 0.36877
vt 0.64056 0.36791
vt 0.64180 0.36319
vt 0.66414 0.48254
vt 0.66789 0.48063
vt 0.65747 0.48099
vt 0.65339 0.48243
vt 0.65356 0.47545
vt 0.65861 0.47432
vt 0.65471 0.46563
vt 0.64992 0.47752
vt 0.66363 0.47389
vt 0.66820 0.47323
vt 0.65131 0.47091
vt 0.65307 0.46158
vt 0.65590 0.45620
vt 0.65284 0.45453
vt 0.65485 0.45034
vt 0.65792 0.44756
vt 0.65539 0.44402
vt 0.65263 0.44875
vt 0.65994 0.44105
vt 0.65574 0.43610
vt 0.65244 0.44290
vt 0.65946 0.43421
vt 0.65625 0.42525
vt 0.65410 0.43105
vt 0.65415 0.42534
vt 0.65411 0.41921
vt 0.66334 0.45242
vt 0.66350 0.44532
vt 0.65945 0.45848
vt 0.66786 0.45300
vt 0.66793 0.45830
vt 0.66353 0.46123
vt 0.66663 0.46603
vt 0.65936 0.46673
vt 0.65884 0.42151
vt 0.65668 0.41529
vt 0.65399 0.41029
vt 0.66156 0.42835
vt 0.66352 0.43847
vt 0.65142 0.41248
vt 0.65282 0.40421
vt 0.65721 0.40459
vt 0.65747 0.39957
vt 0.65292 0.39597
vt 0.65569 0.39163
vt 0.66034 0.39530
vt 0.65176 0.38943
vt 0.65358 0.38727
vt 0.66173 0.38848
vt 0.65895 0.38276
vt 0.66435 0.38263
vt 0.66270 0.37695
vt 0.65067 0.38503
vt 0.65288 0.38260
vt 0.65649 0.37885
vt 0.66425 0.39326
vt 0.66093 0.41094
vt 0.66378 0.40500
vt 0.67262 0.47825
vt 0.67167 0.47084
vt 0.66642 0.38764
vt 0.67022 0.38014
vt 0.66829 0.37607
vt 0.67163 0.46325
vt 0.66451 0.40024
vt 0.66705 0.44629
vt 0.66103 0.41684
vt 0.66453 0.37244
vt 0.66504 0.43460
vt 0.66463 0.41111
vt 0.66402 0.41991
vt 0.67239 0.37416
vt 0.67230 0.36789
vt 0.67582 0.36992
vt 0.65747 0.37386
vt 0.65204 0.37318
vt 0.65137 0.37959
vt 0.65398 0.36695
vt 0.65905 0.36631
vt 0.65061 0.36835
vt 0.64557 0.36463
vt 0.64517 0.36721
vt 0.65437 0.36306
vt 0.64585 0.36278
vt 0.64348 0.36997
vt 0.64831 0.37291
vt 0.65019 0.37715
vt 0.67726 0.37659
vt 0.64982 0.38777
vt 0.66854 0.36854
vt 0.67136 0.36219
vt 0.66521 0.36537
vt 0.65235 0.43628
vt 0.66603 0.42987
vt 0.67204 0.45521
vt 0.67542 0.47480
vt 0.67800 0.48083
vt 0.66849 0.44091
vt 0.67104 0.38584
vt 0.66786 0.39045
vt 0.66655 0.39584
vt 0.67628 0.47057
vt 0.68033 0.36370
vt 0.67624 0.36120
vt 0.65018 0.48266
vt 0.67825 0.35624
vt 0.68282 0.35832
vt 0.66030 0.36275
vt 0.66666 0.36040
vt 0.65030 0.42207
vt 0.65192 0.42859
vt 0.67979 0.36859
vt 0.65087 0.39867
vt 0.65079 0.39228
vt 0.65025 0.40367
vt 0.65152 0.45758
vt 0.68366 0.36610
vt 0.64920 0.47151
vt 0.66890 0.39246
vt 0.64936 0.46446
vt 0.64932 0.45755
vt 0.67468 0.46340
vt 0.68643 0.35889
vt 0.67335 0.35606
vt 0.65049 0.44956
vt 0.64952 0.44161
vt 0.64708 0.43363
vt 0.67135 0.38964
vt 0.64900 0.39838
vt 0.64793 0.39292
vt 0.68190 0.37385
vt 0.66885 0.43503
vt 0.68715 0.35437
vt 0.69146 0.35381
vt 0.69207 0.35068
vt 0.68866 0.35063
vt 0.68347 0.35475
vt 0.69553 0.34734
vt 0.69795 0.34886
vt 0.70073 0.34500
vt 0.70293 0.34526
vt 0.70204 0.34991
vt 0.70311 0.34242
vt 0.70563 0.34213
vt 0.70462 0.34057
vt 0.70473 0.34608
vt 0.69573 0.35171
vt 0.69921 0.35170
vt 0.68468 0.35218
vt 0.68202 0.35343
vt 0.64695 0.38889
vt 0.70781 0.34318
vt 0.68953 0.35805
vt 0.69481 0.35539
vt 0.67134 0.44608
vt 0.67944 0.47603
vt 0.66687 0.40434
vt 0.66635 0.40856
vt 0.66725 0.41550
vt 0.66828 0.39820
vt 0.70533 0.23789
vt 0.70751 0.23878
vt 0.70777 0.23637
vt 0.70994 0.23734
vt 0.70958 0.23954
vt 0.70895 0.23481
vt 0.70571 0.23563
vt 0.71096 0.23563
vt 0.70428 0.23803
vt 0.70386 0.23924
vt 0.03431 0.13206
vt 0.03647 0.13176
vt 0.03515 0.13403
vt 0.03667 0.13536
vt 0.03495 0.13018
vt 0.03667 0.12905
vt 0.42296 0.26569
vt 0.42563 0.26559
vt 0.42578 0.26689
vt 0.42806 0.26580
vt 0.42297 0.26666
vt 0.42840 0.26824
vt 0.42153 0.26646
vt 0.42454 0.26849
vt 0.42213 0.26751
vt 0.43015 0.26646
vt 0.43021 0.26875
vt 0.62563 0.07314
vt 0.62689 0.07176
vt 0.62681 0.07400
vt 0.62815 0.07216
vt 0.62795 0.07412
vt 0.62487 0.07454
vt 0.62741 0.06956
vt 0.62446 0.07207
vt 0.62608 0.07054
vt 0.62378 0.07309
vt 0.62406 0.07042
vt 0.62301 0.07205
vt 0.62532 0.06947
vt 0.62536 0.06685
vt 0.62770 0.06500
vt 0.62561 0.06322
vt 0.62328 0.06549
vt 0.62815 0.06038
vt 0.62352 0.06822
vt 0.62343 0.06961
vt 0.62137 0.06505
vt 0.62236 0.07068
vt 0.62146 0.06877
vt 0.62204 0.07353
vt 0.62322 0.07459
vt 0.62184 0.07025
vt 0.62106 0.07124
vt 0.62154 0.07206
vt 0.75357 0.53895
vt 0.75197 0.53849
vt 0.75452 0.53710
vt 0.75235 0.54093
vt 0.75513 0.54114
vt 0.75489 0.54427
vt 0.75350 0.54461
vt 0.75452 0.54578
vt 0.13671 0.18086
vt 0.13468 0.18191
vt 0.13543 0.18292
vt 0.13486 0.18083
vt 0.13577 0.17915
vt 0.13276 0.18152
vt 0.13762 0.17970
vt 0.13364 0.17890
vt 0.13308 0.17998
vt 0.13139 0.17726
vt 0.13105 0.18080
vt 0.13070 0.18234
vt 0.12712 0.18198
vt 0.12736 0.17919
vt 0.12292 0.18194
vt 0.12092 0.18042
vt 0.11886 0.18350
vt 0.12517 0.17745
vt 0.12101 0.17767
vt 0.12942 0.17728
vt 0.13043 0.17872
vt 0.11793 0.17909
vt 0.11475 0.18214
vt 0.13443 0.17767
vt 0.13236 0.17719
vt 0.13694 0.17832
vt 0.59109 0.40655
vt 0.59009 0.40529
vt 0.58955 0.40700
vt 0.58983 0.40901
vt 0.58762 0.40804
vt 0.58890 0.41385
vt 0.58877 0.41230
vt 0.58776 0.41290
vt 0.58765 0.41041
vt 0.58486 0.41184
vt 0.58615 0.40907
vt 0.58220 0.41086
vt 0.58247 0.40837
vt 0.58480 0.40773
vt 0.58070 0.41051
vt 0.58210 0.41227
vt 0.58012 0.41258
vt 0.58072 0.40682
vt 0.57777 0.40804
vt 0.57691 0.40535
vt 0.57470 0.40529
vt 0.57453 0.40761
vt 0.57879 0.41056
vt 0.57456 0.40977
vt 0.57854 0.41205
vt 0.57522 0.41069
vt 0.58732 0.41555
vt 0.58907 0.41549
vt 0.58642 0.41300
vt 0.58506 0.41368
vt 0.58638 0.41417
vt 0.58504 0.41531
vt 0.58367 0.41385
vt 0.58192 0.41390
vt 0.91274 0.20336
vt 0.91215 0.20146
vt 0.91128 0.20251
vt 0.91421 0.20048
vt 0.91164 0.20392
vt 0.91421 0.19871
vt 0.91579 0.19904
vt 0.91654 0.19771
vt 0.91606 0.20075
vt 0.91835 0.20279
vt 0.91911 0.20139
vt 0.92245 0.20222
vt 0.91982 0.20437
vt 0.91518 0.20247
vt 0.91826 0.19915
vt 0.92252 0.20059
vt 0.92609 0.20153
vt 0.92520 0.19931
vt 0.92090 0.19823
vt 0.92328 0.19771
vt 0.92863 0.20040
vt 0.92200 0.20376
vt 0.92078 0.20560
vt 0.92382 0.20229
vt 0.81088 0.18886
vt 0.80797 0.18829
vt 0.80886 0.18745
vt 0.81270 0.18829
vt 0.81222 0.18982
vt 0.46254 0.06196
vt 0.46149 0.06196
vt 0.46221 0.06317
vt 0.46097 0.06284
vt 0.46078 0.06591
vt 0.45913 0.06462
vt 0.45714 0.06944
vt 0.45974 0.06917
vt 0.46074 0.07302
vt 0.45715 0.07355
vt 0.46014 0.07500
vt 0.45805 0.07812
vt 0.46084 0.07692
vt 0.45976 0.08015
vt 0.45532 0.07348
vt 0.46193 0.07440
vt 0.46161 0.07206
vt 0.46249 0.07413
vt 0.46212 0.07528
vt 0.45728 0.08405
vt 0.45580 0.07919
vt 0.45898 0.08642
vt 0.45611 0.07493
vt 0.45386 0.07183
vt 0.45500 0.06902
vt 0.89472 0.85392
vt 0.89402 0.85482
vt 0.89366 0.85359
vt 0.89229 0.85441
vt 0.89219 0.85668
vt 0.88856 0.85767
vt 0.88819 0.86072
vt 0.88525 0.86192
vt 0.88710 0.86349
vt 0.88957 0.86443
vt 0.88865 0.86602
vt 0.89165 0.86653
vt 0.89047 0.86757
vt 0.88730 0.86808
vt 0.88896 0.87000
vt 0.89181 0.86841
vt 0.89234 0.86448
vt 0.89008 0.86189
vt 0.89092 0.86023
vt 0.89346 0.86678
vt 0.88823 0.85642
vt 0.89043 0.87085
vt 0.88669 0.87310
vt 0.88927 0.87548
vt 0.88701 0.87620
vt 0.89018 0.87792
vt 0.88686 0.87903
vt 0.89072 0.88146
vt 0.88643 0.88375
vt 0.88954 0.88516
vt 0.89140 0.88439
vt 0.89181 0.87613
vt 0.89220 0.87453
vt 0.89416 0.87626
vt 0.89472 0.87970
vt 0.89437 0.87339
vt 0.89458 0.87041
vt 0.89193 0.87269
vt 0.89276 0.86962
vt 0.89448 0.86756
vt 0.27169 0.34714
vt 0.27326 0.34790
vt 0.27307 0.34609
vt 0.27307 0.34925
vt 0.44359 0.21028
vt 0.44620 0.20845
vt 0.43826 0.20825
vt 0.44867 0.21092
vt 0.45309 0.20844
vt 0.45514 0.21138
vt 0.43542 0.21202
vt 0.43221 0.20909
vt 0.42819 0.21306
vt 0.45910 0.20936
vt 0.42643 0.20921
vt 0.46450 0.21084
vt 0.42416 0.21328
vt 0.41929 0.21028
vt 0.42058 0.20462
vt 0.43144 0.20614
vt 0.42506 0.20451
vt 0.42067 0.20120
vt 0.41417 0.20695
vt 0.46406 0.20898
vt 0.47082 0.20934
vt 0.41568 0.20306
vt 0.41071 0.20413
vt 0.40719 0.20736
vt 0.40328 0.20413
vt 0.40638 0.20119
vt 0.42513 0.21590
vt 0.41173 0.20133
vt 0.44100 0.21295
vt 0.41554 0.20023
vt 0.41196 0.19886
vt 0.41829 0.21441
vt 0.41764 0.21672
vt 0.40645 0.19873
vt 0.43342 0.21488
vt 0.44315 0.20644
vt 0.43653 0.20565
vt 0.41297 0.21598
vt 0.41300 0.21367
vt 0.40868 0.21385
vt 0.41283 0.21077
vt 0.46956 0.20772
vt 0.47649 0.20800
vt 0.48026 0.20911
vt 0.48226 0.20785
vt 0.48778 0.20839
vt 0.40826 0.21622
vt 0.40556 0.21063
vt 0.45030 0.20611
vt 0.41975 0.19925
vt 0.41636 0.19850
vt 0.44794 0.21304
vt 0.47257 0.21059
vt 0.45665 0.20658
vt 0.46275 0.20719
vt 0.42482 0.20127
vt 0.43096 0.20238
vt 0.41324 0.21744
vt 0.48640 0.21021
vt 0.49548 0.20943
vt 0.49576 0.20841
vt 0.49058 0.20733
vt 0.50305 0.20909
vt 0.50212 0.20795
vt 0.50640 0.20767
vt 0.48286 0.20635
vt 0.50844 0.20913
vt 0.51275 0.20799
vt 0.51357 0.21044
vt 0.51624 0.20911
vt 0.51720 0.21203
vt 0.51823 0.20686
vt 0.51845 0.20883
vt 0.51859 0.21108
vt 0.52117 0.20990
vt 0.52006 0.21274
vt 0.52310 0.21241
vt 0.52023 0.20734
vt 0.52310 0.20843
vt 0.47968 0.21051
vt 0.52327 0.20588
vt 0.52080 0.20556
vt 0.49648 0.20697
vt 0.66778 0.80580
vt 0.66965 0.80588
vt 0.66876 0.80390
vt 0.66964 0.80725
vt 0.67108 0.80714
vt 0.67092 0.80418
vt 0.67299 0.80532
vt 0.67284 0.80740
vt 0.67138 0.80283
vt 0.66927 0.80250
vt 0.67458 0.80673
vt 0.67468 0.80453
vt 0.67316 0.80242
vt 0.67422 0.80163
vt 0.66716 0.80305
vt 0.66594 0.80471
vt 0.66763 0.80829
vt 0.66901 0.80843
vt 0.66928 0.81011
vt 0.66755 0.81076
vt 0.66601 0.80901
vt 0.66597 0.80699
vt 0.66830 0.81220
vt 0.67001 0.81181
vt 0.66740 0.81242
vt 0.67224 0.80150
vt 0.66943 0.80187
vt 0.66581 0.81100
vt 0.66943 0.81334
vt 0.67142 0.81219
vt 0.66568 0.80322
vt 0.66470 0.80872
vt 0.66443 0.80662
vt 0.66751 0.80163
vt 0.66490 0.80439
vt 0.93096 0.54449
vt 0.93358 0.54573
vt 0.93206 0.54356
vt 0.93371 0.54466
vt 0.92903 0.54312
vt 0.92807 0.54459
vt 0.93530 0.54421
vt 0.93590 0.54637
vt 0.93710 0.54376
vt 0.92950 0.54549
vt 0.93424 0.54793
vt 0.93743 0.54550
vt 0.93745 0.54645
vt 0.93828 0.54447
vt 0.93613 0.54820
vt 0.92638 0.54435
vt 0.92662 0.54241
vt 0.92830 0.54183
vt 0.93824 0.54312
vt 0.94046 0.54431
vt 0.92866 0.54657
vt 0.92686 0.54644
vt 0.92744 0.54876
vt 0.92924 0.54835
vt 0.93098 0.54701
vt 0.93137 0.54582
vt 0.92547 0.54862
vt 0.92589 0.54972
vt 0.93735 0.54746
vt 0.93724 0.54869
vt 0.93852 0.54854
vt 0.93842 0.54750
vt 0.92549 0.54672
vt 0.93857 0.54610
vt 0.38911 0.25733
vt 0.39048 0.25514
vt 0.38801 0.25514
vt 0.38572 0.25694
vt 0.38577 0.25540
vt 0.38604 0.25420
vt 0.38456 0.25388
vt 0.38411 0.25514
vt 0.38263 0.25568
vt 0.38283 0.25375
vt 0.41247 0.26055
vt 0.41731 0.26215
vt 0.41826 0.26011
vt 0.42593 0.26153
vt 0.42304 0.25871
vt 0.42892 0.25952
vt 0.41474 0.25818
vt 0.40685 0.26025
vt 0.43443 0.26108
vt 0.43443 0.25867
vt 0.40437 0.25688
vt 0.40814 0.26305
vt 0.40520 0.26309
vt 0.39995 0.26046
vt 0.40407 0.25899
vt 0.39788 0.25836
vt 0.39225 0.25912
vt 0.39355 0.26117
vt 0.38812 0.25991
vt 0.39300 0.25713
vt 0.44014 0.26016
vt 0.43980 0.25801
vt 0.38522 0.25812
vt 0.38352 0.25659
vt 0.39738 0.25664
vt 0.43789 0.26274
vt 0.43202 0.26398
vt 0.42516 0.26385
vt 0.40095 0.26266
vt 0.41276 0.26401
vt 0.44642 0.26127
vt 0.44670 0.25920
vt 0.45056 0.26094
vt 0.45110 0.25808
vt 0.45408 0.25978
vt 0.45096 0.25600
vt 0.45575 0.25660
vt 0.45781 0.25883
vt 0.44510 0.25628
vt 0.43135 0.25707
vt 0.42324 0.25680
vt 0.45489 0.25388
vt 0.43689 0.25605
vt 0.38210 0.25770
vt 0.44930 0.25436
vt 0.39891 0.25458
vt 0.41368 0.25585
vt 0.39570 0.25509
vt 0.40662 0.25445
vt 0.88309 0.26483
vt 0.88112 0.26422
vt 0.88134 0.26225
vt 0.88317 0.26187
vt 0.88141 0.26559
vt 0.88374 0.26638
vt 0.88515 0.26502
vt 0.88455 0.26286
vt 0.88023 0.26419
vt 0.88525 0.26085
vt 0.88525 0.26636
vt 0.87973 0.26233
vt 0.52036 0.63684
vt 0.51872 0.63664
vt 0.52016 0.63364
vt 0.51902 0.63339
vt 0.51829 0.63460
vt 0.52190 0.63467
vt 0.51902 0.63891
vt 0.52130 0.63855
vt 0.51742 0.63805
vt 0.51696 0.63635
vt 0.52327 0.63706
vt 0.75954 0.27898
vt 0.75085 0.27806
vt 0.75328 0.28323
vt 0.75496 0.27328
vt 0.76114 0.27364
vt 0.74785 0.28344
vt 0.74103 0.28103
vt 0.74358 0.27649
vt 0.73775 0.27667
vt 0.73163 0.28078
vt 0.76171 0.28452
vt 0.72824 0.27803
vt 0.74791 0.27334
vt 0.76476 0.27716
vt 0.76669 0.28183
vt 0.76723 0.27752
vt 0.76539 0.27369
vt 0.72539 0.28144
vt 0.72358 0.27649
vt 0.76586 0.28565
vt 0.76934 0.28709
vt 0.76542 0.28985
vt 0.77038 0.28405
vt 0.75243 0.28694
vt 0.74776 0.28924
vt 0.76995 0.27940
vt 0.76810 0.27554
vt 0.76225 0.27194
vt 0.75824 0.28824
vt 0.74428 0.28837
vt 0.74088 0.28613
vt 0.76174 0.29083
vt 0.73817 0.27421
vt 0.76275 0.29440
vt 0.75742 0.29416
vt 0.75915 0.29622
vt 0.75369 0.29164
vt 0.75899 0.29156
vt 0.76525 0.27124
vt 0.75468 0.29432
vt 0.72963 0.27522
vt 0.76687 0.29174
vt 0.71864 0.28047
vt 0.71892 0.27687
vt 0.76817 0.27177
vt 0.73469 0.28589
vt 0.72641 0.28696
vt 0.72094 0.28566
vt 0.74467 0.29258
vt 0.71321 0.27603
vt 0.71087 0.27985
vt 0.70694 0.27674
vt 0.70870 0.27411
vt 0.70611 0.27999
vt 0.70212 0.27759
vt 0.70085 0.28331
vt 0.70821 0.28379
vt 0.70670 0.28776
vt 0.70206 0.28886
vt 0.70224 0.27457
vt 0.69781 0.27866
vt 0.69691 0.28220
vt 0.71362 0.28533
vt 0.70687 0.27188
vt 0.69849 0.27567
vt 0.69772 0.28620
vt 0.76788 0.26953
vt 0.77153 0.26959
vt 0.77104 0.27202
vt 0.77212 0.28500
vt 0.72051 0.27321
vt 0.72667 0.27374
vt 0.71140 0.29039
vt 0.71408 0.27324
vt 0.76445 0.29692
vt 0.76089 0.29856
vt 0.76950 0.29270
vt 0.77159 0.29020
vt 0.77097 0.27322
vt 0.77185 0.27313
vt 0.74018 0.29275
vt 0.76931 0.29529
vt 0.70548 0.29240
vt 0.71001 0.29335
vt 0.75093 0.29393
vt 0.70249 0.29181
vt 0.77271 0.29302
vt 0.77011 0.27517
vt 0.73448 0.29102
vt 0.72893 0.29023
vt 0.75515 0.29701
vt 0.72002 0.29212
vt 0.77210 0.28171
vt 0.76341 0.29952
vt 0.72396 0.29077
vt 0.77312 0.29531
vt 0.77431 0.29133
vt 0.77520 0.29320
vt 0.77620 0.29153
vt 0.75814 0.29953
vt 0.71458 0.29447
vt 0.77383 0.28743
vt 0.76607 0.29902
vt 0.69243 0.28454
vt 0.77186 0.27718
vt 0.70048 0.27152
vt 0.69552 0.27661
vt 0.69212 0.28016
vt 0.73480 0.29377
vt 0.69210 0.27604
vt 0.76878 0.29827
vt 0.72735 0.29402
vt 0.77581 0.28988
vt 0.74848 0.29619
vt 0.69504 0.27213
vt 0.69734 0.26959
vt 0.69026 0.28416
vt 0.74271 0.29574
vt 0.77236 0.27886
vt 0.77314 0.27805
vt 0.74069 0.29743
vt 0.77428 0.28312
vt 0.77550 0.28408
vt 0.77580 0.28259
vt 0.77632 0.28377
vt 0.77485 0.28149
vt 0.77194 0.29725
vt 0.77296 0.27238
vt 0.77274 0.27062
vt 0.77454 0.27013
vt 0.77487 0.27154
vt 0.77582 0.27012
vt 0.77677 0.27160
vt 0.77730 0.27040
vt 0.68967 0.28047
vt 0.77523 0.27316
vt 0.77237 0.27653
vt 0.77323 0.27727
vt 0.77332 0.27593
vt 0.77542 0.27677
vt 0.77549 0.27571
vt 0.77826 0.27614
vt 0.77716 0.27419
vt 0.77584 0.27407
vt 0.77854 0.27476
vt 0.77958 0.27613
vt 0.77985 0.27792
vt 0.77326 0.27397
vt 0.77211 0.27411
vt 0.77681 0.27281
vt 0.77264 0.27502
vt 0.77159 0.27485
vt 0.77683 0.28448
vt 0.77635 0.28560
vt 0.77409 0.28044
vt 0.77498 0.27961
vt 0.77399 0.27921
vt 0.77636 0.28813
vt 0.77586 0.28653
vt 0.77672 0.28672
vt 0.77713 0.28761
vt 0.77681 0.28948
vt 0.77931 0.27804
vt 0.77773 0.27745
vt 0.77757 0.27837
vt 0.77608 0.27850
vt 0.77845 0.27987
vt 0.78000 0.28001
vt 0.77825 0.28157
vt 0.77710 0.27948
vt 0.77600 0.28136
vt 0.77577 0.28005
vt 0.77585 0.27935
vt 0.78050 0.28141
vt 0.78034 0.27951
vt 0.77966 0.28285
vt 0.78083 0.28238
vt 0.77927 0.28397
vt 0.78137 0.28410
vt 0.77790 0.28404
vt 0.77747 0.28350
vt 0.77982 0.28575
vt 0.78102 0.28640
vt 0.77917 0.28757
vt 0.78232 0.28587
vt 0.78175 0.28677
vt 0.77758 0.28880
vt 0.77998 0.28798
vt 0.77762 0.28503
vt 0.77817 0.28935
vt 0.77964 0.28874
vt 0.78126 0.28129
vt 0.78106 0.28000
vt 0.78135 0.28233
vt 0.78178 0.28338
vt 0.78273 0.28501
vt 0.70308 0.83785
vt 0.70239 0.83860
vt 0.70071 0.83785
vt 0.70146 0.83702
vt 0.39312 0.57735
vt 0.39472 0.57814
vt 0.39235 0.57814
vt 0.04140 0.43033
vt 0.04039 0.42976
vt 0.04039 0.43212
vt 0.03983 0.43087
vt 0.68756 0.02249
vt 0.68553 0.02278
vt 0.68596 0.02393
vt 0.68888 0.02360
vt 0.68749 0.02510
vt 0.68875 0.02565
vt 0.68415 0.02360
vt 0.68484 0.02468
vt 0.68507 0.02555
vt 0.37632 0.60892
vt 0.37579 0.61048
vt 0.37737 0.61047
vt 0.37632 0.61208
vt 0.91916 0.10503
vt 0.91738 0.10290
vt 0.91634 0.10393
vt 0.91715 0.10616
vt 0.91443 0.10503
vt 0.91592 0.10221
vt 0.01144 0.00909
vt 0.01046 0.01034
vt 0.01042 0.00778
vt 0.00931 0.00886
vt 0.00894 0.00694
vt 0.00974 0.00461
vt 0.00791 0.00353
vt 0.00824 0.00523
vt 0.00848 0.00276
vt 0.00669 0.00304
vt 0.00672 0.00523
vt 0.00656 0.00647
vt 0.00732 0.00680
vt 0.00780 0.00884
vt 0.00609 0.00712
vt 0.00756 0.01278
vt 0.00469 0.01363
vt 0.00504 0.01125
vt 0.00696 0.01027
vt 0.00465 0.01613
vt 0.00352 0.01416
vt 0.00651 0.01784
vt 0.00554 0.00825
vt 0.00471 0.00689
vt 0.01037 0.01240
vt 0.00474 0.01862
vt 0.00974 0.01618
vt 0.00865 0.01856
vt 0.00664 0.02041
vt 0.00454 0.02328
vt 0.00398 0.02116
vt 0.00276 0.01221
vt 0.00417 0.01158
vt 0.00369 0.01515
vt 0.55718 0.43449
vt 0.55875 0.43449
vt 0.55812 0.43607
vt 0.59862 0.85588
vt 0.59703 0.85468
vt 0.59513 0.85761
vt 0.60055 0.85355
vt 0.59438 0.85569
vt 0.59959 0.85201
vt 0.59705 0.85297
vt 0.59588 0.85851
vt 0.59316 0.85374
vt 0.59445 0.85912
vt 0.59486 0.85220
vt 0.59188 0.85201
vt 0.61799 0.60469
vt 0.61685 0.60418
vt 0.61720 0.60564
vt 0.61632 0.60498
vt 0.61913 0.60639
vt 0.61557 0.60572
vt 0.61554 0.60734
vt 0.61829 0.60635
vt 0.62027 0.60734
vt 0.16128 0.05564
vt 0.16031 0.05884
vt 0.15911 0.05564
vt 0.15891 0.05892
vt 0.15915 0.06117
vt 0.00670 0.15746
vt 0.00907 0.15746
vt 0.00779 0.15904
vt 0.68762 0.98757
vt 0.68979 0.98402
vt 0.68989 0.98643
vt 0.68715 0.98910
vt 0.69051 0.98829
vt 0.68494 0.98934
vt 0.69154 0.98506
vt 0.69203 0.98297
vt 0.69016 0.98230
vt 0.68814 0.98300
vt 0.68820 0.98463
vt 0.69138 0.98737
vt 0.69085 0.98665
vt 0.69096 0.98563
vt 0.69203 0.98875
vt 0.68634 0.98604
vt 0.68709 0.98353
vt 0.68640 0.98224
vt 0.36499 0.88455
vt 0.36401 0.88251
vt 0.36644 0.88314
vt 0.36741 0.88467
vt 0.36256 0.88519
vt 0.36316 0.88681
vt 0.36082 0.88372
vt 0.36148 0.88220
vt 0.36327 0.87907
vt 0.36628 0.87954
vt 0.36516 0.88003
vt 0.36558 0.87488
vt 0.36253 0.87791
vt 0.36666 0.87549
vt 0.36810 0.87192
vt 0.36443 0.87353
vt 0.36789 0.87017
vt 0.36789 0.88630
vt 0.36526 0.88662
vt 0.36701 0.88750
vt 0.36811 0.88758
vt 0.36530 0.88859
vt 0.36399 0.88865
vt 0.36480 0.89026
vt 0.36080 0.88187
vt 0.36651 0.88965
vt 0.36605 0.89148
vt 0.36310 0.89019
vt 0.36796 0.88882
vt 0.36891 0.88854
vt 0.36948 0.88995
vt 0.80323 0.08802
vt 0.80166 0.08802
vt 0.80223 0.08642
vt 0.80323 0.08711
vt 0.80218 0.08879
vt 0.45465 0.54025
vt 0.45544 0.53960
vt 0.45465 0.53867
vt 0.71491 0.76595
vt 0.71400 0.76677
vt 0.71328 0.76519
vt 0.71254 0.76595
vt 0.84098 0.78256
vt 0.84131 0.78098
vt 0.84204 0.78223
vt 0.84267 0.78147
vt 0.84030 0.78147
vt 0.01676 0.37845
vt 0.01617 0.37709
vt 0.01774 0.37712
vt 0.01767 0.37823
vt 0.01676 0.37609
vt 0.56506 0.54069
vt 0.56416 0.53946
vt 0.56416 0.54183
vt 0.56349 0.54051
vt 0.86711 0.46054
vt 0.86711 0.45817
vt 0.86554 0.45854
vt 0.65305 0.08011
vt 0.65497 0.08169
vt 0.65363 0.08116
vt 0.65181 0.08169
vt 0.92012 0.81318
vt 0.91597 0.81418
vt 0.92043 0.81571
vt 0.92391 0.81443
vt 0.92758 0.81172
vt 0.92926 0.81404
vt 0.93411 0.80936
vt 0.91903 0.81105
vt 0.92314 0.81132
vt 0.91506 0.81219
vt 0.91285 0.81569
vt 0.93509 0.81299
vt 0.94190 0.81066
vt 0.92694 0.80951
vt 0.91792 0.80944
vt 0.91137 0.80953
vt 0.91143 0.81170
vt 0.91219 0.81358
vt 0.90880 0.81272
vt 0.90773 0.81073
vt 0.90541 0.81246
vt 0.90916 0.80781
vt 0.92348 0.80820
vt 0.94031 0.80848
vt 0.94769 0.80781
vt 0.95029 0.81061
vt 0.95544 0.80991
vt 0.90336 0.80998
vt 0.90181 0.81121
vt 0.21940 0.82527
vt 0.22009 0.82753
vt 0.22255 0.82749
vt 0.22458 0.82644
vt 0.22728 0.82854
vt 0.22887 0.82991
vt 0.22674 0.82618
vt 0.22523 0.82426
vt 0.22271 0.82444
vt 0.22663 0.82308
vt 0.21873 0.82379
vt 0.21769 0.82404
vt 0.21727 0.82301
vt 0.24852 0.80300
vt 0.25245 0.80868
vt 0.25394 0.80332
vt 0.25851 0.80486
vt 0.24355 0.80533
vt 0.24670 0.81002
vt 0.24579 0.79961
vt 0.23909 0.79988
vt 0.23719 0.80357
vt 0.23752 0.80907
vt 0.26273 0.80274
vt 0.24124 0.81193
vt 0.23353 0.80404
vt 0.23152 0.81030
vt 0.25816 0.80027
vt 0.23346 0.79931
vt 0.25078 0.79954
vt 0.26219 0.80843
vt 0.26970 0.80714
vt 0.26915 0.80374
vt 0.25710 0.81081
vt 0.23473 0.81278
vt 0.23196 0.81477
vt 0.22871 0.81198
vt 0.22948 0.80841
vt 0.23599 0.81701
vt 0.24212 0.81602
vt 0.24754 0.81341
vt 0.25118 0.81460
vt 0.22982 0.80468
vt 0.23004 0.81621
vt 0.23291 0.81881
vt 0.23103 0.80066
vt 0.26441 0.80077
vt 0.27164 0.80116
vt 0.25637 0.81485
vt 0.27562 0.80508
vt 0.24007 0.79754
vt 0.23415 0.79704
vt 0.24547 0.81833
vt 0.24061 0.81943
vt 0.24494 0.82026
vt 0.24280 0.82224
vt 0.24041 0.82220
vt 0.23767 0.82084
vt 0.27549 0.80216
vt 0.23535 0.82168
vt 0.28292 0.80359
vt 0.28058 0.79927
vt 0.28140 0.80800
vt 0.26494 0.81239
vt 0.23793 0.82345
vt 0.23070 0.79700
vt 0.25064 0.81848
vt 0.27543 0.81065
vt 0.28864 0.80788
vt 0.29027 0.80489
vt 0.28881 0.80105
vt 0.29310 0.80381
vt 0.29182 0.80061
vt 0.29480 0.80182
vt 0.28962 0.79796
vt 0.29320 0.80732
vt 0.29396 0.79891
vt 0.29652 0.80299
vt 0.29675 0.80653
vt 0.28558 0.79978
vt 0.29048 0.81052
vt 0.29468 0.80956
vt 0.28696 0.79680
vt 0.22695 0.81330
vt 0.27010 0.81130
vt 0.24363 0.79604
vt 0.27534 0.79920
vt 0.29745 0.79888
vt 0.22945 0.82001
vt 0.23395 0.82338
vt 0.28693 0.81178
vt 0.24025 0.82448
vt 0.26104 0.81581
vt 0.29290 0.81210
vt 0.23047 0.79440
vt 0.23605 0.79508
vt 0.22706 0.81891
vt 0.28166 0.81278
vt 0.22989 0.82434
vt 0.25735 0.81816
vt 0.29926 0.80498
vt 0.29117 0.79508
vt 0.22943 0.79549
vt 0.22846 0.79616
vt 0.22781 0.79475
vt 0.30044 0.80117
vt 0.26645 0.81594
vt 0.29003 0.81289
vt 0.29571 0.79614
vt 0.24289 0.82605
vt 0.27182 0.81550
vt 0.24551 0.82330
vt 0.25936 0.81970
vt 0.23698 0.82591
vt 0.25145 0.82110
vt 0.22511 0.82136
vt 0.27539 0.81534
vt 0.28676 0.81443
vt 0.23946 0.82718
vt 0.30244 0.80402
vt 0.30223 0.80124
vt 0.29760 0.79525
vt 0.23336 0.82593
vt 0.22631 0.79619
vt 0.22752 0.79704
vt 0.22493 0.79731
vt 0.22454 0.79653
vt 0.22386 0.79677
vt 0.22394 0.79580
vt 0.22897 0.79779
vt 0.22526 0.79563
vt 0.22985 0.82680
vt 0.28214 0.81570
vt 0.30043 0.79730
vt 0.25404 0.82183
vt 0.24118 0.82843
vt 0.24663 0.82612
vt 0.24374 0.82778
vt 0.04127 0.63993
vt 0.03803 0.64056
vt 0.03987 0.64174
vt 0.04243 0.64214
vt 0.03893 0.63852
vt 0.03586 0.63968
vt 0.03648 0.64163
vt 0.03466 0.63987
vt 0.04261 0.63843
vt 0.03447 0.63812
vt 0.04280 0.63913
vt 0.04453 0.63899
vt 0.04378 0.64075
vt 0.04456 0.64247
vt 0.04330 0.63982
vt 0.04309 0.64325
vt 0.03777 0.64299
vt 0.03687 0.64444
vt 0.03968 0.64361
vt 0.03273 0.63899
vt 0.15269 0.80639
vt 0.15106 0.80624
vt 0.15133 0.80756
vt 0.15339 0.80781
vt 0.15024 0.80781
vt 0.47187 0.11635
vt 0.47200 0.11484
vt 0.47043 0.11653
vt 0.47200 0.11800
vt 0.29071 0.55421
vt 0.29786 0.55526
vt 0.29297 0.55223
vt 0.29925 0.55234
vt 0.28870 0.55144
vt 0.28470 0.55345
vt 0.28293 0.55038
vt 0.27984 0.54968
vt 0.27902 0.54584
vt 0.27956 0.55294
vt 0.27718 0.54901
vt 0.27731 0.54605
vt 0.28617 0.55580
vt 0.29320 0.55681
vt 0.29802 0.55744
vt 0.30322 0.55892
vt 0.30508 0.55617
vt 0.27674 0.55292
vt 0.28028 0.55684
vt 0.29796 0.56031
vt 0.30877 0.55861
vt 0.31317 0.55645
vt 0.27447 0.55586
vt 0.30727 0.56261
vt 0.30081 0.56531
vt 0.31433 0.55903
vt 0.28733 0.55924
vt 0.31592 0.56172
vt 0.32241 0.56064
vt 0.32229 0.56403
vt 0.32868 0.56034
vt 0.30559 0.56689
vt 0.31115 0.56694
vt 0.31641 0.56701
vt 0.32976 0.56537
vt 0.33489 0.56224
vt 0.34074 0.56449
vt 0.34206 0.56020
vt 0.27345 0.55224
vt 0.34797 0.56197
vt 0.34792 0.56600
vt 0.35453 0.56639
vt 0.35486 0.56297
vt 0.36146 0.56761
vt 0.36077 0.56363
vt 0.36470 0.56065
vt 0.35875 0.56002
vt 0.27439 0.54808
vt 0.35166 0.55897
vt 0.33557 0.55959
vt 0.36439 0.55747
vt 0.34758 0.55715
vt 0.35624 0.55676
vt 0.32225 0.55806
vt 0.33863 0.55703
vt 0.32927 0.55661
vt 0.36224 0.55559
vt 0.27326 0.54394
vt 0.32160 0.55581
vt 0.26990 0.54446
vt 0.27022 0.54233
vt 0.26932 0.53946
vt 0.27622 0.49054
vt 0.27622 0.49264
vt 0.27104 0.49157
vt 0.27599 0.48831
vt 0.26925 0.48826
vt 0.16541 0.49696
vt 0.16688 0.49880
vt 0.16739 0.49696
vt 0.16400 0.49945
vt 0.16282 0.49662
vt 0.16360 0.49437
vt 0.16614 0.49398
vt 0.16196 0.49316
vt 0.16404 0.49150
vt 0.16602 0.49051
vt 0.16966 0.49463
vt 0.16951 0.49864
vt 0.16864 0.50000
vt 0.17477 0.49579
vt 0.17322 0.49842
vt 0.17805 0.49760
vt 0.17861 0.49567
vt 0.18292 0.49660
vt 0.18404 0.49389
vt 0.17298 0.48989
vt 0.17837 0.49271
vt 0.16846 0.49182
vt 0.18071 0.48942
vt 0.18733 0.49153
vt 0.18556 0.48878
vt 0.19115 0.48912
vt 0.19202 0.48710
vt 0.19758 0.48912
vt 0.19842 0.48524
vt 0.20132 0.48728
vt 0.20351 0.48420
vt 0.19117 0.48448
vt 0.18830 0.48625
vt 0.18384 0.48714
vt 0.18685 0.48468
vt 0.18379 0.48500
vt 0.18483 0.48337
vt 0.18075 0.48631
vt 0.18992 0.49597
vt 0.19183 0.49467
vt 0.19837 0.49496
vt 0.20612 0.48938
vt 0.19431 0.49149
vt 0.19844 0.49278
vt 0.20474 0.49447
vt 0.17614 0.48919
vt 0.17800 0.48595
vt 0.20813 0.48534
vt 0.17501 0.48464
vt 0.17801 0.48214
vt 0.21449 0.48847
vt 0.21298 0.49222
vt 0.22137 0.49213
vt 0.22661 0.48895
vt 0.22873 0.49161
vt 0.23484 0.48937
vt 0.18142 0.48337
vt 0.21154 0.49429
vt 0.23564 0.49211
vt 0.21935 0.49393
vt 0.24190 0.49048
vt 0.24213 0.48814
vt 0.24791 0.48696
vt 0.25023 0.48904
vt 0.25331 0.48788
vt 0.16130 0.49006
vt 0.25493 0.48983
vt 0.25872 0.49114
vt 0.25027 0.49129
vt 0.25921 0.48881
vt 0.22848 0.49339
vt 0.26718 0.49014
vt 0.26272 0.48813
vt 0.26643 0.49161
vt 0.24253 0.49264
vt 0.27306 0.48029
vt 0.27829 0.48471
vt 0.27196 0.48540
vt 0.26785 0.48337
vt 0.27273 0.47353
vt 0.26558 0.48067
vt 0.27366 0.46842
vt 0.26083 0.48378
vt 0.26400 0.48613
vt 0.25517 0.48642
vt 0.25256 0.48442
vt 0.25303 0.48017
vt 0.24936 0.48257
vt 0.24435 0.48532
vt 0.24338 0.48224
vt 0.24404 0.47973
vt 0.23864 0.48036
vt 0.23467 0.48220
vt 0.23893 0.48574
vt 0.23358 0.47775
vt 0.22695 0.48220
vt 0.22816 0.47749
vt 0.22293 0.47846
vt 0.21746 0.47947
vt 0.21962 0.48251
vt 0.21263 0.48252
vt 0.21254 0.47874
vt 0.20684 0.48063
vt 0.20672 0.48259
vt 0.20104 0.48265
vt 0.20184 0.47964
vt 0.19677 0.48139
vt 0.19624 0.47778
vt 0.19164 0.48163
vt 0.18922 0.47779
vt 0.18611 0.48081
vt 0.18519 0.47517
vt 0.18888 0.47280
vt 0.18247 0.47881
vt 0.18301 0.48173
vt 0.19241 0.47373
vt 0.19513 0.48326
vt 0.18001 0.47585
vt 0.18259 0.47071
vt 0.17900 0.47251
vt 0.17940 0.46663
vt 0.17512 0.47552
vt 0.17913 0.48029
vt 0.17351 0.46366
vt 0.17347 0.47092
vt 0.18609 0.47038
vt 0.17100 0.46627
vt 0.16933 0.47854
vt 0.17409 0.48094
vt 0.16867 0.47102
vt 0.16648 0.46200
vt 0.17199 0.45908
vt 0.25964 0.47864
vt 0.26525 0.47301
vt 0.24117 0.47310
vt 0.18520 0.46692
vt 0.26637 0.46865
vt 0.24932 0.47478
vt 0.25204 0.46987
vt 0.25651 0.47358
vt 0.25961 0.46978
vt 0.16498 0.47421
vt 0.16386 0.47917
vt 0.16655 0.48362
vt 0.17231 0.48424
vt 0.16238 0.48327
vt 0.16358 0.48623
vt 0.16551 0.48789
vt 0.16854 0.48743
vt 0.16312 0.48918
vt 0.16168 0.48681
vt 0.16259 0.47599
vt 0.19843 0.47374
vt 0.20511 0.47455
vt 0.20914 0.47429
vt 0.18080 0.46129
vt 0.16058 0.48408
vt 0.19168 0.47124
vt 0.23342 0.47332
vt 0.23100 0.48450
vt 0.16160 0.47111
vt 0.21259 0.48400
vt 0.16534 0.45726
vt 0.16123 0.45666
vt 0.16000 0.45196
vt 0.15824 0.45313
vt 0.16240 0.46261
vt 0.16602 0.46702
vt 0.16676 0.45453
vt 0.15850 0.45736
vt 0.16233 0.46790
vt 0.15880 0.46135
vt 0.22403 0.48434
vt 0.18750 0.48263
vt 0.20418 0.47134
vt 0.16151 0.45019
vt 0.15575 0.45263
vt 0.21861 0.48576
vt 0.17578 0.45628
vt 0.15693 0.44881
vt 0.15509 0.44904
vt 0.15386 0.44513
vt 0.15557 0.44398
vt 0.15297 0.44020
vt 0.15075 0.43814
vt 0.15264 0.43595
vt 0.15031 0.43383
vt 0.15584 0.44006
vt 0.15250 0.44574
vt 0.14796 0.43418
vt 0.15884 0.44639
vt 0.15387 0.43505
vt 0.15186 0.43292
vt 0.14865 0.43097
vt 0.14793 0.43242
vt 0.14606 0.43038
vt 0.14652 0.42928
vt 0.15619 0.45608
vt 0.14812 0.42943
vt 0.16878 0.45185
vt 0.15939 0.46611
vt 0.15134 0.43132
vt 0.16390 0.44858
vt 0.14889 0.43680
vt 0.14960 0.44207
vt 0.18255 0.45909
vt 0.18647 0.46302
vt 0.15393 0.44942
vt 0.16122 0.44558
vt 0.15829 0.44122
vt 0.14557 0.43205
vt 0.14472 0.43048
vt 0.15367 0.45317
vt 0.17438 0.45137
vt 0.18054 0.45460
vt 0.16817 0.44600
vt 0.15573 0.46063
vt 0.16295 0.44174
vt 0.14645 0.42818
vt 0.17800 0.45046
vt 0.17291 0.44399
vt 0.15157 0.44887
vt 0.16699 0.44163
vt 0.16501 0.43845
vt 0.97933 0.65284
vt 0.97457 0.65401
vt 0.97620 0.64831
vt 0.98090 0.64600
vt 0.97291 0.65084
vt 0.97225 0.64375
vt 0.97103 0.65631
vt 0.98266 0.65105
vt 0.98242 0.65504
vt 0.97654 0.65663
vt 0.97842 0.66061
vt 0.97383 0.65966
vt 0.97338 0.66550
vt 0.97633 0.66635
vt 0.97419 0.67223
vt 0.97786 0.66951
vt 0.97808 0.67487
vt 0.97584 0.67600
vt 0.97209 0.68059
vt 0.97458 0.68168
vt 0.97444 0.68719
vt 0.97619 0.68228
vt 0.97739 0.67880
vt 0.97298 0.68870
vt 0.97695 0.68915
vt 0.97591 0.69176
vt 0.97913 0.68018
vt 0.97204 0.67194
vt 0.97085 0.67698
vt 0.97071 0.65048
vt 0.97091 0.66426
vt 0.98343 0.64637
vt 0.98302 0.64334
vt 0.98578 0.64396
vt 0.97397 0.64328
vt 0.97334 0.64008
vt 0.97579 0.64108
vt 0.97513 0.63836
vt 0.97761 0.63811
vt 0.97776 0.64594
vt 0.97891 0.64119
vt 0.98010 0.64330
vt 0.98043 0.64002
vt 0.97974 0.63783
vt 0.97037 0.68606
vt 0.97011 0.69153
vt 0.97321 0.63555
vt 0.98496 0.64159
vt 0.96910 0.68154
vt 0.96724 0.65836
vt 0.96717 0.65475
vt 0.96913 0.65337
vt 0.96890 0.64980
vt 0.96491 0.65426
vt 0.97010 0.64519
vt 0.96944 0.64098
vt 0.96863 0.64297
vt 0.96750 0.64546
vt 0.96879 0.63832
vt 0.96812 0.63763
vt 0.96621 0.64831
vt 0.96396 0.64808
vt 0.97105 0.63872
vt 0.97238 0.63494
vt 0.97210 0.63176
vt 0.97355 0.63164
vt 0.96476 0.64389
vt 0.96516 0.63947
vt 0.96314 0.64251
vt 0.96295 0.63740
vt 0.96368 0.63545
vt 0.96489 0.63551
vt 0.96419 0.63306
vt 0.96225 0.63350
vt 0.96253 0.63080
vt 0.96384 0.63019
vt 0.96526 0.63084
vt 0.96601 0.63453
vt 0.98343 0.64116
vt 0.96695 0.63972
vt 0.98572 0.64877
vt 0.98606 0.65339
vt 0.98930 0.65215
vt 0.98965 0.65656
vt 0.99138 0.65119
vt 0.99033 0.64749
vt 0.98877 0.64674
vt 0.99124 0.64209
vt 0.98956 0.64308
vt 0.99286 0.64317
vt 0.99434 0.63873
vt 0.99487 0.64044
vt 0.98786 0.66051
vt 0.99399 0.64345
vt 0.98807 0.64461
vt 0.96549 0.62931
vt 0.99300 0.63802
vt 0.99487 0.63482
vt 0.97274 0.63091
vt 0.96867 0.67454
vt 0.96765 0.66908
vt 0.96798 0.66340
vt 0.96181 0.63614
vt 0.96700 0.68560
vt 0.96818 0.68950
vt 0.96663 0.69495
vt 0.96175 0.63920
vt 0.96683 0.67999
vt 0.96194 0.64624
vt 0.96230 0.65101
vt 0.97780 0.62791
vt 0.97974 0.63049
vt 0.97764 0.63048
vt 0.97771 0.63406
vt 0.97620 0.63272
vt 0.97624 0.63540
vt 0.97938 0.63408
vt 0.98120 0.63156
vt 0.98020 0.62938
vt 0.98017 0.63562
vt 0.97518 0.63325
vt 0.97545 0.63511
vt 0.97848 0.62666
vt 0.97725 0.62628
vt 0.52879 0.20166
vt 0.52957 0.20166
vt 0.52956 0.20403
vt 0.47412 0.84589
vt 0.47694 0.84753
vt 0.47722 0.84468
vt 0.48003 0.84671
vt 0.47835 0.84929
vt 0.47499 0.84430
vt 0.47263 0.84395
vt 0.47397 0.84296
vt 0.47979 0.84262
vt 0.48276 0.84418
vt 0.48285 0.84848
vt 0.48139 0.84147
vt 0.47956 0.84148
vt 0.48130 0.84017
vt 0.47509 0.84787
vt 0.47176 0.84224
vt 0.47625 0.84228
vt 0.48462 0.84679
vt 0.47031 0.84367
vt 0.48061 0.85010
vt 0.47750 0.85000
vt 0.47680 0.84938
vt 0.47196 0.84654
vt 0.47040 0.84226
vt 0.48235 0.85122
vt 0.47787 0.84273
vt 0.47000 0.84090
vt 0.46899 0.84133
vt 0.46885 0.84017
vt 0.97279 0.87806
vt 0.97043 0.87806
vt 0.97168 0.87964
vt 0.88605 0.81274
vt 0.88762 0.81308
vt 0.88612 0.81176
vt 0.88446 0.81308
vt 0.88600 0.81413
vt 0.09819 0.29658
vt 0.09976 0.29630
vt 0.09882 0.29479
vt 0.09882 0.29795
vt 0.84267 0.29397
vt 0.84296 0.29242
vt 0.84345 0.29384
vt 0.84296 0.29558
vt 0.70980 0.55562
vt 0.71045 0.55446
vt 0.70860 0.55546
vt 0.70994 0.55683
vt 0.71175 0.55546
vt 0.67985 0.40292
vt 0.67863 0.40396
vt 0.67985 0.40529
vt 0.68099 0.40461
vt 0.34231 0.27064
vt 0.33688 0.27073
vt 0.33953 0.27226
vt 0.33566 0.27214
vt 0.34597 0.27255
vt 0.34886 0.27003
vt 0.34921 0.27191
vt 0.34796 0.27487
vt 0.33145 0.27239
vt 0.33008 0.27088
vt 0.35218 0.26995
vt 0.32556 0.27263
vt 0.32355 0.27438
vt 0.31811 0.27374
vt 0.31655 0.27497
vt 0.30997 0.27415
vt 0.35268 0.27336
vt 0.35466 0.27167
vt 0.35377 0.27545
vt 0.31076 0.27276
vt 0.30220 0.27296
vt 0.32203 0.27174
vt 0.31622 0.27216
vt 0.35520 0.26793
vt 0.30449 0.27398
vt 0.29996 0.27486
vt 0.29493 0.27353
vt 0.34958 0.26759
vt 0.35196 0.26640
vt 0.34455 0.26897
vt 0.33731 0.26807
vt 0.35528 0.26525
vt 0.29267 0.27158
vt 0.28919 0.27366
vt 0.28464 0.27182
vt 0.28267 0.27465
vt 0.27840 0.27281
vt 0.27425 0.27480
vt 0.27015 0.27249
vt 0.26783 0.27467
vt 0.26451 0.27310
vt 0.33237 0.26860
vt 0.35371 0.26426
vt 0.26414 0.27017
vt 0.25949 0.27168
vt 0.25846 0.27337
vt 0.25310 0.26996
vt 0.26013 0.26952
vt 0.25375 0.27302
vt 0.24831 0.27283
vt 0.24565 0.27451
vt 0.24333 0.27306
vt 0.24106 0.27452
vt 0.35031 0.26312
vt 0.27212 0.27004
vt 0.27838 0.27074
vt 0.24588 0.27042
vt 0.32508 0.26869
vt 0.31901 0.27054
vt 0.34619 0.26606
vt 0.30154 0.27035
vt 0.31037 0.27070
vt 0.34073 0.26731
vt 0.23846 0.27302
vt 0.23395 0.27483
vt 0.23966 0.27012
vt 0.23437 0.27058
vt 0.33607 0.26348
vt 0.33215 0.26293
vt 0.33515 0.25896
vt 0.33170 0.26029
vt 0.32806 0.26201
vt 0.32501 0.26413
vt 0.32804 0.25813
vt 0.32402 0.25864
vt 0.32092 0.26179
vt 0.31864 0.25959
vt 0.31911 0.26512
vt 0.32138 0.26690
vt 0.31584 0.26314
vt 0.33068 0.25745
vt 0.31328 0.26024
vt 0.31577 0.26667
vt 0.31146 0.26443
vt 0.30453 0.26144
vt 0.33875 0.25624
vt 0.33490 0.25564
vt 0.33993 0.26062
vt 0.32835 0.25517
vt 0.30559 0.26612
vt 0.28439 0.26945
vt 0.29100 0.26963
vt 0.29698 0.26925
vt 0.26810 0.26766
vt 0.29539 0.26434
vt 0.28872 0.26382
vt 0.27616 0.26788
vt 0.28109 0.26460
vt 0.33081 0.25389
vt 0.33859 0.25381
vt 0.34302 0.25440
vt 0.34252 0.25740
vt 0.33603 0.25286
vt 0.34203 0.25138
vt 0.34735 0.25774
vt 0.34791 0.26227
vt 0.34328 0.26389
vt 0.35029 0.25959
vt 0.79012 0.75205
vt 0.79305 0.75577
vt 0.79027 0.75717
vt 0.79129 0.76186
vt 0.79466 0.76383
vt 0.79691 0.75520
vt 0.79160 0.77076
vt 0.79437 0.77318
vt 0.79183 0.77897
vt 0.79433 0.78056
vt 0.79743 0.77728
vt 0.79220 0.78746
vt 0.79536 0.78623
vt 0.79366 0.79281
vt 0.78999 0.79625
vt 0.79660 0.79200
vt 0.79456 0.79754
vt 0.79155 0.79824
vt 0.79007 0.80360
vt 0.79280 0.80430
vt 0.79580 0.80327
vt 0.79229 0.81028
vt 0.79504 0.81339
vt 0.79089 0.81694
vt 0.78837 0.81380
vt 0.78861 0.82005
vt 0.79047 0.82397
vt 0.78778 0.82523
vt 0.78948 0.82816
vt 0.78617 0.82105
vt 0.78499 0.82736
vt 0.78593 0.81588
vt 0.78761 0.82995
vt 0.78798 0.83420
vt 0.78492 0.83324
vt 0.78448 0.83888
vt 0.78186 0.83885
vt 0.78735 0.83975
vt 0.78969 0.83649
vt 0.78285 0.84146
vt 0.78507 0.84254
vt 0.77807 0.84208
vt 0.78993 0.80956
vt 0.79830 0.76134
vt 0.79752 0.76866
vt 0.79503 0.74886
vt 0.10321 0.53295
vt 0.10660 0.53141
vt 0.10631 0.53655
vt 0.10450 0.53909
vt 0.10177 0.54037
vt 0.10250 0.54554
vt 0.10691 0.54133
vt 0.10514 0.54441
vt 0.10633 0.55027
vt 0.10359 0.55050
vt 0.10042 0.55250
vt 0.10258 0.55812
vt 0.09990 0.55927
vt 0.10110 0.56529
vt 0.10367 0.56655
vt 0.10084 0.57087
vt 0.10272 0.57589
vt 0.09986 0.57646
vt 0.10041 0.58136
vt 0.10252 0.58340
vt 0.10553 0.56711
vt 0.10003 0.58701
vt 0.10223 0.58949
vt 0.10066 0.59389
vt 0.09854 0.59232
vt 0.09807 0.59624
vt 0.10127 0.60024
vt 0.10574 0.55854
vt 0.02127 0.17118
vt 0.02120 0.17964
vt 0.01822 0.17448
vt 0.01937 0.16767
vt 0.02199 0.16582
vt 0.01826 0.18209
vt 0.02018 0.16105
vt 0.02243 0.16028
vt 0.01837 0.18752
vt 0.02257 0.18608
vt 0.02047 0.19123
vt 0.01729 0.19582
vt 0.01930 0.19959
vt 0.01630 0.20240
vt 0.02410 0.17006
vt 0.02377 0.17593
vt 0.02499 0.16511
vt 0.02563 0.15914
vt 0.02102 0.15363
vt 0.02379 0.15408
vt 0.02422 0.18044
vt 0.02335 0.19016
vt 0.02237 0.19626
vt 0.02098 0.20260
vt 0.02371 0.14854
vt 0.02221 0.14608
vt 0.02530 0.13964
vt 0.02361 0.13987
vt 0.02455 0.13378
vt 0.01504 0.18898
vt 0.01594 0.18186
vt 0.01856 0.20643
vt 0.01326 0.19418
vt 0.01329 0.20123
vt 0.01627 0.20815
vt 0.01591 0.21174
vt 0.01897 0.21073
vt 0.01754 0.21476
vt 0.01532 0.21867
vt 0.01450 0.21603
vt 0.01790 0.22418
vt 0.01498 0.22576
vt 0.01385 0.22160
vt 0.61676 0.12616
vt 0.61610 0.12280
vt 0.62040 0.12476
vt 0.62322 0.12574
vt 0.61823 0.10616
vt 0.61588 0.11234
vt 0.61833 0.11071
vt 0.68181 0.11811
vt 0.67810 0.11963
vt 0.68275 0.11950
vt 0.67529 0.11832
vt 0.68646 0.11810
vt 0.68784 0.12012
vt 0.69191 0.11932
vt 0.69388 0.12168
vt 0.69834 0.12146
vt 0.67697 0.11593
vt 0.67122 0.11509
vt 0.66864 0.11722
vt 0.66468 0.11477
vt 0.66220 0.11801
vt 0.65800 0.11602
vt 0.65642 0.11334
vt 0.65153 0.11478
vt 0.65017 0.11207
vt 0.65327 0.11784
vt 0.64471 0.11231
vt 0.64766 0.11721
vt 0.64167 0.11599
vt 0.63784 0.11144
vt 0.64133 0.10903
vt 0.63690 0.10777
vt 0.63333 0.11118
vt 0.63446 0.11670
vt 0.63553 0.11965
vt 0.62909 0.11975
vt 0.62789 0.11588
vt 0.64372 0.11973
vt 0.62325 0.11983
vt 0.63251 0.12436
vt 0.62159 0.11569
vt 0.61700 0.12049
vt 0.62493 0.12282
vt 0.61610 0.11566
vt 0.64715 0.11000
vt 0.62926 0.10726
vt 0.62915 0.11024
vt 0.62421 0.10958
vt 0.62519 0.11240
vt 0.62507 0.10625
vt 0.62082 0.10829
f 1439/1439 1460/1460 1461/1461
f 1439/1439 1441/1441 1460/1460
f 1439/1439 1440/1440 1441/1441
f 1460/1460 1441/1441 1464/1464
f 1464/1464 1441/1441 1462/1462
f 1464/1464 1462/1462 1463/1463
f 377/377 384/384 373/373
f 1414/1414 1433/1433 1412/1412
f 1414/1414 1412/1412 1408/1408
f 1464/1464 1463/1463 1465/1465
f 1465/1465 1463/1463 1466/1466
f 1408/1408 1412/1412 1411/1411
f 1408/1408 1409/1409 1410/1410
f 1408/1408 1411/1411 1409/1409
f 723/723 718/718 724/724
f 723/723 721/721 718/718
f 1412/1412 1415/1415 1411/1411
f 1411/1411 1415/1415 1416/1416
f 1431/1431 1415/1415 1412/1412
f 1411/1411 1416/1416 1413/1413
f 1411/1411 1413/1413 1409/1409
f 384/384 423/423 385/385
f 384/384 385/385 373/373
f 373/373 385/385 386/386
f 724/724 718/718 725/725
f 1416/1416 1418/1418 1413/1413
f 1413/1413 1418/1418 1419/1419
f 725/725 718/718 717/717
f 717/717 718/718 714/714
f 1431/1431 1432/1432 1415/1415
f 1415/1415 1417/1417 1416/1416
f 1416/1416 1428/1428 1418/1418
f 1416/1416 1417/1417 1428/1428
f 1428/1428 1421/1421 1418/1418
f 717/717 714/714 716/716
f 717/717 716/716 729/729
f 1428/1428 1417/1417 1427/1427
f 433/433 390/390 391/391
f 391/391 390/390 389/389
f 717/717 729/729 733/733
f 1428/1428 1427/1427 1421/1421
f 1427/1427 1425/1425 1421/1421
f 450/450 448/448 446/446
f 450/450 446/446 449/449
f 390/390 388/388 389/389
f 390/390 450/450 388/388
f 450/450 449/449 388/388
f 1329/1329 1328/1328 1327/1327
f 1328/1328 1325/1325 1327/1327
f 1336/1336 1330/1330 1328/1328
f 377/377 373/373 372/372
f 1328/1328 1330/1330 1325/1325
f 1327/1327 1325/1325 1324/1324
f 1324/1324 1325/1325 1323/1323
f 373/373 386/386 379/379
f 718/718 721/721 714/714
f 680/680 679/679 681/681
f 680/680 681/681 686/686
f 688/688 680/680 687/687
f 686/686 710/710 689/689
f 721/721 720/720 714/714
f 720/720 715/715 714/714
f 720/720 722/722 715/715
f 687/687 680/680 686/686
f 687/687 686/686 689/689
f 712/712 685/685 684/684
f 1324/1324 1323/1323 1322/1322
f 683/683 681/681 682/682
f 681/681 683/683 686/686
f 685/685 683/683 684/684
f 681/681 679/679 682/682
f 684/684 683/683 682/682
f 683/683 707/707 686/686
f 686/686 707/707 710/710
f 722/722 726/726 715/715
f 722/722 736/736 726/726
f 1322/1322 1319/1319 1320/1320
f 373/373 371/371 372/372
f 373/373 379/379 371/371
f 1418/1418 1420/1420 1419/1419
f 1421/1421 1420/1420 1418/1418
f 372/372 371/371 370/370
f 379/379 386/386 376/376
f 371/371 379/379 369/369
f 371/371 369/369 370/370
f 379/379 374/374 369/369
f 379/379 376/376 374/374
f 714/714 715/715 716/716
f 729/729 716/716 728/728
f 729/729 728/728 734/734
f 1420/1420 1421/1421 1422/1422
f 1421/1421 1423/1423 1422/1422
f 716/716 727/727 728/728
f 1330/1330 1326/1326 1325/1325
f 1325/1325 1326/1326 1323/1323
f 370/370 369/369 368/368
f 369/369 367/367 368/368
f 1323/1323 1326/1326 1332/1332
f 1332/1332 1331/1331 1323/1323
f 726/726 719/719 715/715
f 715/715 719/719 716/716
f 376/376 375/375 374/374
f 727/727 730/730 728/728
f 716/716 719/719 727/727
f 719/719 732/732 727/727
f 1421/1421 1425/1425 1423/1423
f 449/449 446/446 388/388
f 734/734 730/730 735/735
f 734/734 728/728 730/730
f 389/389 388/388 387/387
f 388/388 382/382 387/387
f 1425/1425 1426/1426 1423/1423
f 387/387 382/382 381/381
f 1426/1426 1429/1429 1423/1423
f 369/369 374/374 367/367
f 374/374 375/375 360/360
f 367/367 374/374 360/360
f 1422/1422 1423/1423 1424/1424
f 1429/1429 1430/1430 1423/1423
f 1322/1322 1323/1323 1319/1319
f 1323/1323 1331/1331 1319/1319
f 1332/1332 1338/1338 1331/1331
f 1319/1319 1331/1331 1318/1318
f 1331/1331 1338/1338 1318/1318
f 1319/1319 1318/1318 1317/1317
f 1320/1320 1319/1319 1317/1317
f 368/368 367/367 354/354
f 367/367 353/353 354/354
f 367/367 360/360 353/353
f 354/354 353/353 352/352
f 1318/1318 1338/1338 1337/1337
f 354/354 352/352 366/366
f 1318/1318 1337/1337 1307/1307
f 1320/1320 1317/1317 1321/1321
f 1320/1320 1321/1321 1333/1333
f 1333/1333 1321/1321 1334/1334
f 1317/1317 1291/1291 1321/1321
f 1334/1334 1321/1321 1290/1290
f 1317/1317 1318/1318 1307/1307
f 1317/1317 1307/1307 1291/1291
f 366/366 352/352 356/356
f 1497/1497 1498/1498 1499/1499
f 1522/1522 1523/1523 1524/1524
f 1367/1367 1361/1361 1365/1365
f 1367/1367 1365/1365 1369/1369
f 1524/1524 1523/1523 1525/1525
f 463/463 461/461 462/462
f 1498/1498 1500/1500 1499/1499
f 1525/1525 1526/1526 1527/1527
f 1523/1523 1526/1526 1525/1525
f 462/462 461/461 460/460
f 1499/1499 1500/1500 1501/1501
f 1500/1500 1502/1502 1501/1501
f 1525/1525 1527/1527 1542/1542
f 461/461 459/459 460/460
f 1437/1437 1434/1434 1436/1436
f 1437/1437 1444/1444 1442/1442
f 1437/1437 1436/1436 1438/1438
f 1376/1376 1374/1374 1375/1375
f 1437/1437 1438/1438 1444/1444
f 1136/1136 1129/1129 1118/1118
f 1131/1131 1117/1117 1112/1112
f 1434/1434 1435/1435 1436/1436
f 1145/1145 1144/1144 1142/1142
f 1096/1096 1107/1107 1108/1108
f 1096/1096 1095/1095 1107/1107
f 1096/1096 1092/1092 1095/1095
f 1145/1145 1142/1142 1149/1149
f 1144/1144 1143/1143 1142/1142
f 1087/1087 1079/1079 1072/1072
f 1117/1117 1118/1118 1109/1109
f 1072/1072 1086/1086 1087/1087
f 1374/1374 1377/1377 1372/1372
f 1377/1377 1396/1396 1381/1381
f 1372/1372 1377/1377 1381/1381
f 1381/1381 1379/1379 1372/1372
f 1440/1440 1442/1442 1441/1441
f 1441/1441 1442/1442 1443/1443
f 1441/1441 1443/1443 1462/1462
f 1372/1372 1373/1373 1374/1374
f 1374/1374 1373/1373 1375/1375
f 1372/1372 1379/1379 1373/1373
f 1379/1379 1383/1383 1382/1382
f 1463/1463 1462/1462 1443/1443
f 1373/1373 1379/1379 1380/1380
f 1379/1379 1382/1382 1380/1380
f 1396/1396 1395/1395 1381/1381
f 1112/1112 1117/1117 1109/1109
f 1112/1112 1115/1115 1116/1116
f 1112/1112 1111/1111 1115/1115
f 1112/1112 1109/1109 1111/1111
f 1115/1115 1111/1111 1125/1125
f 1072/1072 1071/1071 1086/1086
f 1143/1143 1152/1152 1138/1138
f 1079/1079 1068/1068 1072/1072
f 1079/1079 1090/1090 1068/1068
f 1072/1072 1068/1068 1071/1071
f 1381/1381 1395/1395 1383/1383
f 1381/1381 1383/1383 1379/1379
f 1127/1127 1116/1116 1123/1123
f 1395/1395 1399/1399 1383/1383
f 1383/1383 1399/1399 1393/1393
f 1123/1123 1125/1125 1135/1135
f 1383/1383 1393/1393 1382/1382
f 1116/1116 1115/1115 1123/1123
f 1123/1123 1115/1115 1125/1125
f 1562/1562 1565/1565 1563/1563
f 1562/1562 1563/1563 1564/1564
f 1391/1391 1397/1397 1394/1394
f 1380/1380 1382/1382 1384/1384
f 1382/1382 1391/1391 1384/1384
f 1391/1391 1390/1390 1384/1384
f 1107/1107 1095/1095 1106/1106
f 1111/1111 1124/1124 1125/1125
f 1397/1397 1398/1398 1394/1394
f 1125/1125 1124/1124 1134/1134
f 1361/1361 1362/1362 1363/1363
f 1361/1361 1363/1363 1365/1365
f 1365/1365 1368/1368 1369/1369
f 1365/1365 1363/1363 1368/1368
f 1363/1363 1366/1366 1368/1368
f 1362/1362 1364/1364 1363/1363
f 1363/1363 1364/1364 1366/1366
f 1364/1364 1370/1370 1366/1366
f 1526/1526 1540/1540 1528/1528
f 1366/1366 1370/1370 1371/1371
f 1358/1358 1357/1357 1356/1356
f 1539/1539 1538/1538 1531/1531
f 1118/1118 1129/1129 1109/1109
f 1129/1129 1130/1130 1109/1109
f 1359/1359 1356/1356 1355/1355
f 1360/1360 1356/1356 1359/1359
f 592/592 591/591 590/590
f 1163/1163 1164/1164 1159/1159
f 1407/1407 1406/1406 1405/1405
f 1163/1163 1162/1162 1167/1167
f 1163/1163 1159/1159 1162/1162
f 1541/1541 1533/1533 1538/1538
f 1541/1541 1537/1537 1533/1533
f 1561/1561 1558/1558 1560/1560
f 1561/1561 1560/1560 1541/1541
f 1541/1541 1560/1560 1537/1537
f 1355/1355 1356/1356 1357/1357
f 1531/1531 1538/1538 1533/1533
f 1159/1159 1158/1158 1162/1162
f 249/249 257/257 239/239
f 1159/1159 1153/1153 1158/1158
f 1405/1405 1406/1406 1403/1403
f 1164/1164 1161/1161 1159/1159
f 1161/1161 1153/1153 1159/1159
f 249/249 239/239 243/243
f 243/243 239/239 240/240
f 1502/1502 1503/1503 1501/1501
f 1501/1501 1503/1503 1504/1504
f 460/460 459/459 456/456
f 1502/1502 1521/1521 1503/1503
f 459/459 457/457 456/456
f 1504/1504 1503/1503 1505/1505
f 1504/1504 1505/1505 1513/1513
f 1503/1503 1506/1506 1505/1505
f 1527/1527 1526/1526 1528/1528
f 811/811 810/810 801/801
f 1528/1528 1529/1529 1527/1527
f 810/810 796/796 801/801
f 1528/1528 1540/1540 1539/1539
f 1539/1539 1531/1531 1528/1528
f 1528/1528 1531/1531 1530/1530
f 1530/1530 1531/1531 1532/1532
f 1528/1528 1530/1530 1529/1529
f 796/796 795/795 789/789
f 796/796 797/797 801/801
f 796/796 789/789 797/797
f 1109/1109 1110/1110 1111/1111
f 1109/1109 1130/1130 1113/1113
f 1109/1109 1113/1113 1110/1110
f 593/593 590/590 585/585
f 590/590 589/589 585/585
f 1160/1160 1153/1153 1161/1161
f 1160/1160 1156/1156 1153/1153
f 595/595 599/599 602/602
f 1124/1124 1111/1111 1119/1119
f 1513/1513 1505/1505 1514/1514
f 1111/1111 1110/1110 1119/1119
f 1505/1505 1512/1512 1514/1514
f 1505/1505 1507/1507 1512/1512
f 1071/1071 1068/1068 1070/1070
f 1110/1110 1113/1113 1114/1114
f 1110/1110 1114/1114 1119/1119
f 1119/1119 1114/1114 1120/1120
f 593/593 585/585 595/595
f 595/595 585/585 587/587
f 1512/1512 1507/1507 1509/1509
f 1512/1512 1509/1509 1515/1515
f 595/595 587/587 599/599
f 257/257 248/248 239/239
f 1158/1158 1153/1153 1155/1155
f 248/248 238/238 239/239
f 1153/1153 1154/1154 1155/1155
f 1154/1154 1165/1165 1155/1155
f 248/248 258/258 238/238
f 1153/1153 1156/1156 1154/1154
f 258/258 246/246 238/238
f 1442/1442 1444/1444 1443/1443
f 1373/1373 1378/1378 1375/1375
f 1444/1444 1438/1438 1447/1447
f 1373/1373 1380/1380 1378/1378
f 1472/1472 1468/1468 1470/1470
f 1468/1468 1469/1469 1470/1470
f 1353/1353 1346/1346 1345/1345
f 1353/1353 1354/1354 1346/1346
f 1469/1469 1468/1468 1471/1471
f 1468/1468 1481/1481 1471/1471
f 1353/1353 1345/1345 1351/1351
f 1172/1172 1170/1170 1174/1174
f 1174/1174 1170/1170 1176/1176
f 1172/1172 1168/1168 1170/1170
f 1469/1469 1471/1471 1473/1473
f 1463/1463 1443/1443 1466/1466
f 1443/1443 1449/1449 1466/1466
f 1443/1443 1445/1445 1449/1449
f 1443/1443 1444/1444 1445/1445
f 1444/1444 1447/1447 1446/1446
f 1471/1471 1474/1474 1473/1473
f 1471/1471 1481/1481 1476/1476
f 1168/1168 1169/1169 1170/1170
f 1170/1170 1169/1169 1171/1171
f 1142/1142 1143/1143 1138/1138
f 1149/1149 1142/1142 1140/1140
f 1142/1142 1138/1138 1140/1140
f 1149/1149 1140/1140 1150/1150
f 1380/1380 1384/1384 1378/1378
f 1095/1095 1092/1092 1094/1094
f 1092/1092 1093/1093 1094/1094
f 1092/1092 1102/1102 1093/1093
f 1384/1384 1390/1390 1385/1385
f 1384/1384 1385/1385 1378/1378
f 1094/1094 1106/1106 1095/1095
f 1447/1447 1451/1451 1446/1446
f 1378/1378 1385/1385 1386/1386
f 1170/1170 1171/1171 1173/1173
f 1138/1138 1139/1139 1140/1140
f 1150/1150 1140/1140 1141/1141
f 1140/1140 1139/1139 1141/1141
f 1351/1351 1345/1345 1347/1347
f 1345/1345 1346/1346 1347/1347
f 1481/1481 1477/1477 1476/1476
f 1351/1351 1347/1347 1350/1350
f 1170/1170 1173/1173 1176/1176
f 1173/1173 1177/1177 1176/1176
f 1346/1346 1348/1348 1347/1347
f 1346/1346 1349/1349 1348/1348
f 692/692 691/691 690/690
f 1347/1347 1348/1348 1350/1350
f 1350/1350 1348/1348 1352/1352
f 692/692 690/690 709/709
f 674/674 675/675 676/676
f 675/675 694/694 676/676
f 675/675 674/674 690/690
f 675/675 690/690 691/691
f 675/675 696/696 694/694
f 696/696 675/675 691/691
f 1177/1177 1173/1173 1175/1175
f 1173/1173 1171/1171 1175/1175
f 696/696 701/701 694/694
f 1141/1141 1139/1139 1148/1148
f 1405/1405 1403/1403 1404/1404
f 591/591 589/589 590/590
f 1558/1558 1559/1559 1560/1560
f 1558/1558 1557/1557 1559/1559
f 676/676 694/694 695/695
f 1152/1152 1146/1146 1138/1138
f 1130/1130 1137/1137 1113/1113
f 1071/1071 1073/1073 1089/1089
f 1071/1071 1070/1070 1073/1073
f 589/589 586/586 585/585
f 585/585 586/586 587/587
f 1138/1138 1146/1146 1139/1139
f 1139/1139 1146/1146 1147/1147
f 586/586 588/588 587/587
f 589/589 594/594 586/586
f 586/586 594/594 596/596
f 699/699 700/700 698/698
f 1400/1400 1401/1401 1402/1402
f 1404/1404 1403/1403 1400/1400
f 1557/1557 1554/1554 1559/1559
f 1400/1400 1403/1403 1401/1401
f 586/586 596/596 588/588
f 694/694 697/697 695/695
f 697/697 698/698 695/695
f 694/694 701/701 703/703
f 1139/1139 1147/1147 1148/1148
f 694/694 704/704 697/697
f 697/697 699/699 698/698
f 699/699 704/704 706/706
f 697/697 704/704 699/699
f 694/694 703/703 704/704
f 1557/1557 1555/1555 1554/1554
f 1555/1555 1553/1553 1554/1554
f 1555/1555 1556/1556 1553/1553
f 1382/1382 1393/1393 1391/1391
f 1391/1391 1394/1394 1390/1390
f 1390/1390 1388/1388 1385/1385
f 1134/1134 1124/1124 1126/1126
f 1124/1124 1119/1119 1126/1126
f 1090/1090 1091/1091 1078/1078
f 1090/1090 1078/1078 1068/1068
f 1068/1068 1078/1078 1069/1069
f 1078/1078 1082/1082 1069/1069
f 1390/1390 1392/1392 1388/1388
f 1390/1390 1394/1394 1392/1392
f 346/346 344/344 362/362
f 458/458 417/417 346/346
f 1099/1099 1098/1098 1104/1104
f 1091/1091 1085/1085 1078/1078
f 1078/1078 1085/1085 1082/1082
f 346/346 417/417 345/345
f 346/346 345/345 344/344
f 1503/1503 1511/1511 1506/1506
f 1503/1503 1520/1520 1511/1511
f 456/456 457/457 444/444
f 1521/1521 1520/1520 1503/1503
f 456/456 444/444 443/443
f 443/443 444/444 441/441
f 801/801 797/797 807/807
f 807/807 797/797 808/808
f 789/789 798/798 797/797
f 797/797 809/809 808/808
f 797/797 798/798 809/809
f 443/443 441/441 442/442
f 443/443 442/442 422/422
f 442/442 441/441 419/419
f 1505/1505 1506/1506 1507/1507
f 599/599 604/604 602/602
f 1506/1506 1511/1511 1519/1519
f 1507/1507 1506/1506 1508/1508
f 599/599 600/600 604/604
f 1119/1119 1122/1122 1126/1126
f 1126/1126 1122/1122 1133/1133
f 1506/1506 1519/1519 1508/1508
f 1508/1508 1519/1519 1517/1517
f 1156/1156 1157/1157 1154/1154
f 419/419 441/441 428/428
f 789/789 784/784 798/798
f 1154/1154 1157/1157 1166/1166
f 1154/1154 1166/1166 1165/1165
f 258/258 306/306 246/246
f 306/306 305/305 246/246
f 809/809 798/798 799/799
f 798/798 784/784 799/799
f 422/422 419/419 414/414
f 422/422 442/442 419/419
f 419/419 418/418 414/414
f 419/419 428/428 418/418
f 414/414 418/418 413/413
f 428/428 432/432 418/418
f 414/414 413/413 411/411
f 432/432 415/415 418/418
f 432/432 455/455 415/415
f 413/413 418/418 412/412
f 413/413 412/412 411/411
f 412/412 410/410 411/411
f 418/418 415/415 412/412
f 415/415 455/455 416/416
f 412/412 415/415 410/410
f 410/410 415/415 416/416
f 1466/1466 1449/1449 1467/1467
f 1467/1467 1449/1449 1450/1450
f 1449/1449 1445/1445 1448/1448
f 1445/1445 1444/1444 1446/1446
f 1445/1445 1446/1446 1448/1448
f 1446/1446 1452/1452 1448/1448
f 1471/1471 1476/1476 1474/1474
f 1476/1476 1482/1482 1474/1474
f 1474/1474 1475/1475 1473/1473
f 1474/1474 1482/1482 1475/1475
f 1449/1449 1448/1448 1450/1450
f 1450/1450 1456/1456 1458/1458
f 1450/1450 1448/1448 1456/1456
f 1482/1482 1486/1486 1475/1475
f 1458/1458 1456/1456 1459/1459
f 1456/1456 1448/1448 1452/1452
f 1385/1385 1387/1387 1386/1386
f 1385/1385 1388/1388 1387/1387
f 1106/1106 1094/1094 1099/1099
f 1099/1099 1094/1094 1098/1098
f 1094/1094 1097/1097 1098/1098
f 1094/1094 1093/1093 1097/1097
f 1102/1102 1101/1101 1093/1093
f 1150/1150 1141/1141 1151/1151
f 1446/1446 1451/1451 1452/1452
f 362/362 344/344 396/396
f 1097/1097 1105/1105 1098/1098
f 1386/1386 1387/1387 1389/1389
f 1476/1476 1477/1477 1478/1478
f 1476/1476 1478/1478 1482/1482
f 448/448 447/447 446/446
f 1480/1480 1479/1479 1477/1477
f 1480/1480 1489/1489 1479/1479
f 1477/1477 1479/1479 1478/1478
f 1479/1479 1483/1483 1478/1478
f 1482/1482 1478/1478 1483/1483
f 1482/1482 1483/1483 1486/1486
f 702/702 701/701 696/696
f 1151/1151 1141/1141 1148/1148
f 696/696 705/705 702/702
f 1093/1093 1101/1101 1100/1100
f 1093/1093 1100/1100 1097/1097
f 1452/1452 1451/1451 1453/1453
f 396/396 343/343 395/395
f 1100/1100 1103/1103 1097/1097
f 1456/1456 1452/1452 1457/1457
f 396/396 344/344 343/343
f 344/344 345/345 342/342
f 344/344 342/342 343/343
f 1457/1457 1452/1452 1455/1455
f 365/365 383/383 364/364
f 1486/1486 1485/1485 1487/1487
f 1486/1486 1483/1483 1485/1485
f 365/365 364/364 361/361
f 361/361 364/364 363/363
f 1452/1452 1454/1454 1455/1455
f 1452/1452 1453/1453 1454/1454
f 383/383 394/394 364/364
f 383/383 348/348 394/394
f 343/343 348/348 395/395
f 1097/1097 1103/1103 1105/1105
f 343/343 342/342 341/341
f 348/348 343/343 337/337
f 343/343 341/341 337/337
f 348/348 337/337 394/394
f 364/364 394/394 363/363
f 1068/1068 1069/1069 1070/1070
f 1070/1070 1069/1069 1077/1077
f 587/587 597/597 599/599
f 1507/1507 1508/1508 1509/1509
f 1119/1119 1120/1120 1121/1121
f 1119/1119 1121/1121 1122/1122
f 1509/1509 1508/1508 1510/1510
f 1073/1073 1070/1070 1074/1074
f 1073/1073 1075/1075 1089/1089
f 1073/1073 1074/1074 1075/1075
f 1089/1089 1075/1075 1088/1088
f 587/587 588/588 597/597
f 588/588 598/598 597/597
f 1495/1495 1492/1492 1494/1494
f 1070/1070 1077/1077 1074/1074
f 1082/1082 1077/1077 1069/1069
f 1077/1077 1082/1082 1083/1083
f 1122/1122 1128/1128 1133/1133
f 599/599 597/597 600/600
f 1122/1122 1121/1121 1128/1128
f 1077/1077 1083/1083 1080/1080
f 1508/1508 1516/1516 1510/1510
f 1516/1516 1518/1518 1510/1510
f 1121/1121 1132/1132 1128/1128
f 600/600 597/597 601/601
f 703/703 713/713 704/704
f 1088/1088 1075/1075 1081/1081
f 1496/1496 1492/1492 1495/1495
f 1075/1075 1076/1076 1081/1081
f 1075/1075 1074/1074 1076/1076
f 1492/1492 1493/1493 1494/1494
f 1077/1077 1080/1080 1074/1074
f 1074/1074 1080/1080 1076/1076
f 1080/1080 1084/1084 1076/1076
f 597/597 598/598 601/601
f 598/598 603/603 601/601
f 1517/1517 1516/1516 1508/1508
f 345/345 435/435 342/342
f 342/342 435/435 429/429
f 411/411 410/410 405/405
f 410/410 404/404 405/405
f 410/410 416/416 409/409
f 404/404 410/410 409/409
f 435/435 401/401 434/434
f 342/342 336/336 341/341
f 342/342 429/429 336/336
f 429/429 435/435 336/336
f 341/341 336/336 337/337
f 336/336 435/435 434/434
f 434/434 401/401 397/397
f 405/405 404/404 402/402
f 405/405 402/402 401/401
f 401/401 402/402 400/400
f 404/404 403/403 402/402
f 674/674 677/677 678/678
f 679/679 674/674 678/678
f 674/674 676/676 677/677
f 680/680 688/688 693/693
f 680/680 693/693 674/674
f 674/674 693/693 690/690
f 679/679 680/680 674/674
f 688/688 708/708 693/693
f 688/688 711/711 708/708
f 690/690 693/693 708/708
f 690/690 708/708 709/709
f 1480/1480 1490/1490 1489/1489
f 1479/1479 1489/1489 1491/1491
f 1479/1479 1484/1484 1483/1483
f 446/446 420/420 388/388
f 446/446 447/447 420/420
f 388/388 420/420 382/382
f 382/382 420/420 378/378
f 1483/1483 1484/1484 1485/1485
f 1484/1484 1488/1488 1485/1485
f 380/380 331/331 378/378
f 382/382 378/378 381/381
f 394/394 337/337 329/329
f 394/394 329/329 363/363
f 361/361 363/363 330/330
f 361/361 330/330 331/331
f 363/363 329/329 330/330
f 727/727 731/731 730/730
f 378/378 316/316 381/381
f 378/378 331/331 316/316
f 1423/1423 1430/1430 1424/1424
f 381/381 316/316 347/347
f 331/331 310/310 316/316
f 331/331 330/330 310/310
f 337/337 336/336 329/329
f 434/434 397/397 336/336
f 336/336 397/397 314/314
f 329/329 336/336 314/314
f 314/314 397/397 392/392
f 397/397 401/401 400/400
f 397/397 400/400 399/399
f 400/400 402/402 399/399
f 392/392 397/397 398/398
f 397/397 399/399 398/398
f 360/360 347/347 353/353
f 347/347 316/316 338/338
f 353/353 338/338 352/352
f 353/353 347/347 338/338
f 310/310 315/315 316/316
f 352/352 338/338 351/351
f 310/310 330/330 311/311
f 330/330 329/329 311/311
f 310/310 311/311 312/312
f 310/310 312/312 315/315
f 329/329 314/314 311/311
f 311/311 314/314 313/313
f 314/314 392/392 313/313
f 392/392 334/334 313/313
f 392/392 398/398 334/334
f 315/315 312/312 317/317
f 316/316 315/315 338/338
f 338/338 315/315 317/317
f 338/338 350/350 351/351
f 317/317 333/333 338/338
f 338/338 333/333 350/350
f 311/311 313/313 312/312
f 317/317 312/312 318/318
f 312/312 313/313 318/318
f 313/313 334/334 322/322
f 334/334 421/421 322/322
f 334/334 407/407 421/421
f 313/313 322/322 318/318
f 318/318 319/319 317/317
f 318/318 320/320 319/319
f 318/318 322/322 320/320
f 320/320 322/322 421/421
f 1321/1321 1291/1291 1290/1290
f 1290/1290 1291/1291 1288/1288
f 1307/1307 1287/1287 1291/1291
f 356/356 352/352 351/351
f 351/351 355/355 356/356
f 1307/1307 1301/1301 1287/1287
f 1291/1291 1287/1287 1288/1288
f 1290/1290 1288/1288 1275/1275
f 1290/1290 1275/1275 1308/1308
f 1308/1308 1275/1275 1293/1293
f 1287/1287 1257/1257 1288/1288
f 1288/1288 1257/1257 1275/1275
f 1275/1275 1274/1274 1276/1276
f 1257/1257 1274/1274 1275/1275
f 351/351 350/350 355/355
f 350/350 349/349 355/355
f 350/350 333/333 349/349
f 1287/1287 1301/1301 1296/1296
f 1301/1301 1315/1315 1296/1296
f 1315/1315 1272/1272 1296/1296
f 317/317 319/319 333/333
f 421/421 424/424 320/320
f 1287/1287 1296/1296 1258/1258
f 1287/1287 1258/1258 1257/1257
f 1258/1258 1256/1256 1257/1257
f 1296/1296 1272/1272 1258/1258
f 1258/1258 1272/1272 1256/1256
f 1257/1257 1256/1256 1247/1247
f 1256/1256 1272/1272 1246/1246
f 1256/1256 1246/1246 1247/1247
f 320/320 321/321 319/319
f 320/320 424/424 321/321
f 333/333 324/324 349/349
f 319/319 324/324 333/333
f 349/349 324/324 340/340
f 319/319 323/323 324/324
f 319/319 321/321 323/323
f 349/349 340/340 358/358
f 1272/1272 1283/1283 1246/1246
f 340/340 324/324 325/325
f 324/324 323/323 325/325
f 323/323 326/326 325/325
f 340/340 339/339 358/358
f 340/340 325/325 339/339
f 358/358 339/339 357/357
f 325/325 326/326 327/327
f 339/339 325/325 332/332
f 339/339 332/332 357/357
f 325/325 327/327 332/332
f 1293/1293 1276/1276 1292/1292
f 1275/1275 1276/1276 1293/1293
f 1292/1292 1276/1276 1263/1263
f 1276/1276 1274/1274 1263/1263
f 1292/1292 1263/1263 1267/1267
f 1263/1263 1252/1252 1262/1262
f 1267/1267 1263/1263 1262/1262
f 1267/1267 1265/1265 1268/1268
f 1267/1267 1262/1262 1265/1265
f 1262/1262 1264/1264 1265/1265
f 1265/1265 1264/1264 1266/1266
f 1262/1262 1260/1260 1264/1264
f 1264/1264 1260/1260 1270/1270
f 1274/1274 1252/1252 1263/1263
f 1257/1257 1247/1247 1274/1274
f 1252/1252 1259/1259 1262/1262
f 1252/1252 1236/1236 1259/1259
f 1274/1274 1247/1247 1252/1252
f 1252/1252 1247/1247 1236/1236
f 1247/1247 1235/1235 1236/1236
f 1236/1236 1234/1234 1239/1239
f 1262/1262 1259/1259 1260/1260
f 1259/1259 1239/1239 1260/1260
f 1260/1260 1271/1271 1270/1270
f 1259/1259 1236/1236 1239/1239
f 1260/1260 1239/1239 1261/1261
f 1239/1239 1238/1238 1261/1261
f 1247/1247 1246/1246 1235/1235
f 1235/1235 1234/1234 1236/1236
f 1235/1235 1233/1233 1234/1234
f 1246/1246 1245/1245 1235/1235
f 1246/1246 1283/1283 1245/1245
f 357/357 332/332 359/359
f 1283/1283 1284/1284 1245/1245
f 1284/1284 1240/1240 1245/1245
f 1245/1245 1233/1233 1235/1235
f 1245/1245 1240/1240 1233/1233
f 1239/1239 1234/1234 1238/1238
f 1261/1261 1238/1238 1237/1237
f 1234/1234 1232/1232 1238/1238
f 1238/1238 1232/1232 1237/1237
f 1234/1234 1233/1233 1232/1232
f 1232/1232 1233/1233 1229/1229
f 1232/1232 1231/1231 1237/1237
f 1232/1232 1229/1229 1231/1231
f 1312/1312 1303/1303 1284/1284
f 1233/1233 1240/1240 1230/1230
f 1284/1284 1303/1303 1240/1240
f 1303/1303 1285/1285 1240/1240
f 1285/1285 1249/1249 1240/1240
f 1240/1240 1249/1249 1230/1230
f 1233/1233 1230/1230 1229/1229
f 1229/1229 1228/1228 1231/1231
f 1231/1231 1228/1228 1298/1298
f 1229/1229 1230/1230 1227/1227
f 1229/1229 1227/1227 1228/1228
f 1230/1230 1249/1249 1227/1227
f 1228/1228 1227/1227 1225/1225
f 1268/1268 1265/1265 1184/1184
f 1184/1184 1265/1265 1181/1181
f 1184/1184 1181/1181 1179/1179
f 1179/1179 1181/1181 1180/1180
f 1178/1178 1179/1179 1180/1180
f 1265/1265 1266/1266 1181/1181
f 1181/1181 1182/1182 1180/1180
f 1181/1181 1266/1266 1183/1183
f 1266/1266 1269/1269 1183/1183
f 1181/1181 1183/1183 1182/1182
f 1266/1266 1264/1264 1269/1269
f 1264/1264 1270/1270 1269/1269
f 1237/1237 1231/1231 1273/1273
f 1273/1273 1298/1298 1335/1335
f 1231/1231 1298/1298 1273/1273
f 1335/1335 1298/1298 1314/1314
f 1298/1298 1297/1297 1314/1314
f 1228/1228 1297/1297 1298/1298
f 1225/1225 1297/1297 1228/1228
f 1533/1533 1537/1537 1534/1534
f 1533/1533 1532/1532 1531/1531
f 1533/1533 1534/1534 1532/1532
f 1534/1534 1537/1537 1536/1536
f 1532/1532 1534/1534 1535/1535
f 1534/1534 1536/1536 1535/1535
f 239/239 237/237 240/240
f 794/794 789/789 795/795
f 794/794 790/790 787/787
f 239/239 238/238 237/237
f 238/238 235/235 237/237
f 790/790 793/793 792/792
f 794/794 787/787 789/789
f 789/789 787/787 784/784
f 238/238 246/246 235/235
f 787/787 790/790 782/782
f 790/790 792/792 782/782
f 787/787 782/782 784/784
f 1537/1537 1560/1560 1543/1543
f 1537/1537 1543/1543 1536/1536
f 1560/1560 1559/1559 1543/1543
f 237/237 235/235 236/236
f 1559/1559 1545/1545 1543/1543
f 1559/1559 1554/1554 1545/1545
f 1536/1536 1543/1543 1544/1544
f 1543/1543 1545/1545 1544/1544
f 1545/1545 1546/1546 1544/1544
f 792/792 781/781 782/782
f 236/236 235/235 234/234
f 1554/1554 1553/1553 1545/1545
f 1553/1553 1547/1547 1545/1545
f 1547/1547 1549/1549 1548/1548
f 247/247 242/242 241/241
f 247/247 241/241 245/245
f 1545/1545 1547/1547 1546/1546
f 1546/1546 1547/1547 1548/1548
f 803/803 802/802 779/779
f 245/245 241/241 232/232
f 232/232 231/231 245/245
f 235/235 246/246 244/244
f 784/784 783/783 799/799
f 784/784 782/782 783/783
f 782/782 780/780 783/783
f 799/799 783/783 800/800
f 800/800 783/783 805/805
f 782/782 781/781 780/780
f 803/803 779/779 792/792
f 235/235 233/233 234/234
f 246/246 292/292 244/244
f 235/235 244/244 233/233
f 244/244 268/268 233/233
f 246/246 305/305 292/292
f 244/244 292/292 268/268
f 242/242 234/234 241/241
f 792/792 779/779 781/781
f 781/781 779/779 780/780
f 241/241 234/234 232/232
f 802/802 778/778 779/779
f 778/778 776/776 779/779
f 232/232 234/234 233/233
f 232/232 233/233 220/220
f 779/779 776/776 780/780
f 233/233 250/250 220/220
f 783/783 777/777 805/805
f 783/783 780/780 777/777
f 416/416 440/440 409/409
f 780/780 776/776 777/777
f 268/268 290/290 233/233
f 776/776 774/774 777/777
f 250/250 233/233 272/272
f 233/233 290/290 272/272
f 409/409 440/440 439/439
f 404/404 409/409 403/403
f 409/409 439/439 403/403
f 403/403 439/439 436/436
f 1061/1061 1056/1056 1055/1055
f 1552/1552 1551/1551 1549/1549
f 265/265 195/195 181/181
f 1054/1054 1015/1015 1056/1056
f 1015/1015 1054/1054 1022/1022
f 1056/1056 1015/1015 1055/1055
f 1012/1012 1055/1055 1015/1015
f 1015/1015 1011/1011 1010/1010
f 231/231 195/195 276/276
f 265/265 276/276 195/195
f 276/276 245/245 231/231
f 1549/1549 1550/1550 1548/1548
f 1549/1549 1551/1551 1550/1550
f 1055/1055 1012/1012 791/791
f 791/791 1012/1012 785/785
f 802/802 791/791 778/778
f 231/231 179/179 195/195
f 231/231 220/220 179/179
f 179/179 220/220 219/219
f 179/179 219/219 178/178
f 195/195 179/179 181/181
f 181/181 179/179 175/175
f 179/179 176/176 175/175
f 1012/1012 1015/1015 1010/1010
f 179/179 178/178 176/176
f 1012/1012 1009/1009 785/785
f 1012/1012 1010/1010 1009/1009
f 175/175 176/176 173/173
f 175/175 173/173 174/174
f 785/785 1009/1009 786/786
f 176/176 178/178 177/177
f 176/176 177/177 173/173
f 178/178 180/180 177/177
f 177/177 206/206 182/182
f 177/177 182/182 173/173
f 1010/1010 1008/1008 1009/1009
f 1009/1009 1008/1008 788/788
f 1009/1009 788/788 786/786
f 1022/1022 1011/1011 1015/1015
f 1022/1022 1058/1058 1011/1011
f 1011/1011 1058/1058 1007/1007
f 1011/1011 1008/1008 1010/1010
f 174/174 173/173 172/172
f 172/172 173/173 165/165
f 1011/1011 1007/1007 1008/1008
f 165/165 173/173 182/182
f 172/172 165/165 105/105
f 105/105 165/165 125/125
f 165/165 182/182 125/125
f 1008/1008 1006/1006 771/771
f 1008/1008 1007/1007 1006/1006
f 1007/1007 1058/1058 1049/1049
f 1007/1007 1049/1049 998/998
f 105/105 125/125 96/96
f 1007/1007 998/998 1006/1006
f 1008/1008 771/771 788/788
f 788/788 771/771 770/770
f 232/232 220/220 231/231
f 791/791 785/785 778/778
f 778/778 785/785 775/775
f 785/785 786/786 775/775
f 778/778 775/775 776/776
f 220/220 250/250 219/219
f 776/776 775/775 773/773
f 219/219 250/250 289/289
f 775/775 786/786 769/769
f 178/178 219/219 180/180
f 219/219 289/289 180/180
f 180/180 289/289 206/206
f 180/180 206/206 177/177
f 182/182 206/206 207/207
f 775/775 769/769 773/773
f 786/786 770/770 769/769
f 206/206 289/289 271/271
f 206/206 271/271 207/207
f 776/776 773/773 774/774
f 250/250 272/272 273/273
f 250/250 273/273 289/289
f 806/806 772/772 812/812
f 774/774 773/773 772/772
f 806/806 774/774 772/772
f 773/773 769/769 772/772
f 812/812 772/772 804/804
f 804/804 772/772 765/765
f 303/303 271/271 273/273
f 289/289 273/273 271/271
f 769/769 765/765 772/772
f 788/788 770/770 786/786
f 207/207 271/271 191/191
f 771/771 768/768 770/770
f 182/182 207/207 126/126
f 182/182 126/126 125/125
f 125/125 126/126 84/84
f 125/125 84/84 96/96
f 998/998 767/767 1006/1006
f 771/771 767/767 768/768
f 771/771 1006/1006 767/767
f 207/207 191/191 126/126
f 191/191 110/110 126/126
f 126/126 110/110 84/84
f 770/770 764/764 769/769
f 770/770 768/768 764/764
f 769/769 764/764 765/765
f 271/271 269/269 191/191
f 768/768 766/766 764/764
f 768/768 767/767 766/766
f 191/191 163/163 110/110
f 191/191 269/269 163/163
f 764/764 766/766 757/757
f 110/110 163/163 88/88
f 766/766 759/759 757/757
f 402/402 403/403 399/399
f 403/403 408/408 399/399
f 403/403 436/436 408/408
f 408/408 437/437 406/406
f 408/408 406/406 399/399
f 399/399 406/406 398/398
f 398/398 406/406 407/407
f 398/398 407/407 334/334
f 406/406 437/437 407/407
f 407/407 437/437 438/438
f 765/765 752/752 804/804
f 271/271 303/303 269/269
f 303/303 308/308 269/269
f 752/752 765/765 750/750
f 421/421 407/407 438/438
f 765/765 764/764 750/750
f 269/269 270/270 163/163
f 163/163 270/270 164/164
f 308/308 307/307 269/269
f 421/421 438/438 451/451
f 752/752 750/750 751/751
f 269/269 307/307 270/270
f 764/764 757/757 750/750
f 750/750 757/757 756/756
f 163/163 164/164 88/88
f 421/421 451/451 452/452
f 307/307 299/299 270/270
f 746/746 751/751 750/750
f 1049/1049 1048/1048 998/998
f 998/998 996/996 767/767
f 105/105 96/96 97/97
f 97/97 96/96 83/83
f 996/996 998/998 997/997
f 767/767 996/996 759/759
f 96/96 84/84 83/83
f 84/84 81/81 83/83
f 84/84 88/88 81/81
f 1048/1048 997/997 998/998
f 1048/1048 1052/1052 997/997
f 997/997 1018/1018 992/992
f 997/997 992/992 996/996
f 97/97 83/83 82/82
f 81/81 82/82 83/83
f 996/996 992/992 995/995
f 110/110 88/88 84/84
f 767/767 759/759 766/766
f 88/88 80/80 81/81
f 759/759 996/996 995/995
f 759/759 995/995 755/755
f 759/759 756/756 757/757
f 759/759 755/755 756/756
f 82/82 81/81 79/79
f 81/81 80/80 79/79
f 995/995 763/763 755/755
f 79/79 80/80 78/78
f 80/80 86/86 78/78
f 97/97 82/82 123/123
f 123/123 82/82 91/91
f 82/82 85/85 91/91
f 992/992 1018/1018 993/993
f 1018/1018 1019/1019 993/993
f 123/123 91/91 143/143
f 79/79 85/85 82/82
f 79/79 76/76 85/85
f 85/85 75/75 91/91
f 992/992 990/990 995/995
f 992/992 987/987 990/990
f 995/995 990/990 763/763
f 78/78 76/76 79/79
f 992/992 993/993 987/987
f 76/76 75/75 85/85
f 993/993 989/989 987/987
f 76/76 77/77 75/75
f 88/88 104/104 80/80
f 164/164 104/104 88/88
f 756/756 755/755 747/747
f 756/756 747/747 750/750
f 164/164 252/252 104/104
f 164/164 270/270 252/252
f 80/80 104/104 86/86
f 755/755 749/749 747/747
f 104/104 158/158 86/86
f 104/104 252/252 158/158
f 252/252 299/299 284/284
f 421/421 452/452 424/424
f 452/452 453/453 424/424
f 750/750 747/747 746/746
f 270/270 299/299 252/252
f 747/747 745/745 746/746
f 746/746 745/745 744/744
f 299/299 309/309 284/284
f 747/747 749/749 745/745
f 252/252 284/284 158/158
f 755/755 758/758 749/749
f 755/755 763/763 758/758
f 158/158 284/284 230/230
f 990/990 758/758 763/763
f 78/78 77/77 76/76
f 78/78 86/86 77/77
f 86/86 87/87 77/77
f 86/86 158/158 87/87
f 990/990 987/987 988/988
f 990/990 988/988 758/758
f 77/77 73/73 75/75
f 987/987 986/986 988/988
f 87/87 158/158 120/120
f 77/77 87/87 71/71
f 758/758 988/988 760/760
f 988/988 986/986 760/760
f 745/745 749/749 748/748
f 745/745 748/748 743/743
f 749/749 758/758 753/753
f 749/749 753/753 748/748
f 87/87 120/120 71/71
f 758/758 760/760 753/753
f 986/986 903/903 760/760
f 120/120 122/122 71/71
f 760/760 761/761 753/753
f 760/760 903/903 761/761
f 158/158 230/230 120/120
f 120/120 230/230 122/122
f 321/321 424/424 335/335
f 453/453 393/393 424/424
f 321/321 335/335 323/323
f 335/335 424/424 393/393
f 284/284 309/309 297/297
f 284/284 297/297 230/230
f 745/745 743/743 744/744
f 297/297 300/300 230/230
f 323/323 335/335 326/326
f 335/335 393/393 326/326
f 326/326 328/328 327/327
f 326/326 393/393 328/328
f 744/744 743/743 742/742
f 743/743 738/738 742/742
f 328/328 393/393 425/425
f 393/393 445/445 425/425
f 742/742 738/738 737/737
f 737/737 738/738 739/739
f 300/300 302/302 254/254
f 748/748 738/738 743/743
f 761/761 754/754 753/753
f 748/748 753/753 738/738
f 230/230 300/300 254/254
f 230/230 254/254 122/122
f 753/753 754/754 738/738
f 122/122 254/254 157/157
f 672/672 671/671 673/673
f 254/254 255/255 157/157
f 738/738 754/754 741/741
f 738/738 741/741 739/739
f 328/328 425/425 426/426
f 662/662 660/660 661/661
f 426/426 425/425 427/427
f 425/425 445/445 427/427
f 737/737 739/739 740/740
f 445/445 454/454 427/427
f 1067/1067 1066/1066 1062/1062
f 1062/1062 1066/1066 1020/1020
f 1066/1066 1060/1060 1020/1020
f 1020/1020 1047/1047 1046/1046
f 1060/1060 1059/1059 1037/1037
f 1060/1060 1037/1037 1047/1047
f 170/170 144/144 151/151
f 170/170 151/151 197/197
f 1060/1060 1047/1047 1020/1020
f 222/222 144/144 170/170
f 1047/1047 1037/1037 1026/1026
f 1026/1026 1025/1025 1047/1047
f 1026/1026 1024/1024 1025/1025
f 1059/1059 1044/1044 1037/1037
f 197/197 151/151 154/154
f 151/151 149/149 154/154
f 1044/1044 1033/1033 1037/1037
f 1033/1033 1028/1028 1037/1037
f 151/151 144/144 146/146
f 151/151 146/146 149/149
f 1037/1037 1028/1028 1026/1026
f 1028/1028 1027/1027 1026/1026
f 149/149 146/146 148/148
f 146/146 147/147 148/148
f 148/148 147/147 155/155
f 1063/1063 1062/1062 1019/1019
f 1019/1019 1062/1062 1020/1020
f 143/143 91/91 90/90
f 143/143 90/90 161/161
f 993/993 1019/1019 1020/1020
f 161/161 90/90 112/112
f 161/161 112/112 222/222
f 1020/1020 1046/1046 1016/1016
f 1020/1020 1016/1016 993/993
f 993/993 1016/1016 989/989
f 1046/1046 1047/1047 1025/1025
f 1046/1046 1025/1025 1013/1013
f 1016/1016 1046/1046 1013/1013
f 1013/1013 1025/1025 1021/1021
f 91/91 75/75 90/90
f 75/75 89/89 90/90
f 90/90 89/89 112/112
f 1016/1016 1013/1013 989/989
f 987/987 985/985 986/986
f 75/75 74/74 89/89
f 987/987 989/989 985/985
f 989/989 991/991 985/985
f 112/112 89/89 111/111
f 1013/1013 991/991 989/989
f 1013/1013 1021/1021 991/991
f 991/991 1021/1021 1005/1005
f 111/111 92/92 139/139
f 89/89 74/74 92/92
f 89/89 92/92 111/111
f 991/991 1005/1005 983/983
f 222/222 112/112 144/144
f 112/112 111/111 144/144
f 144/144 111/111 145/145
f 1025/1025 1024/1024 1021/1021
f 144/144 145/145 146/146
f 1021/1021 1024/1024 1005/1005
f 111/111 139/139 145/145
f 145/145 150/150 147/147
f 145/145 139/139 150/150
f 146/146 145/145 147/147
f 1026/1026 1027/1027 1024/1024
f 150/150 166/166 147/147
f 150/150 169/169 166/166
f 1024/1024 1027/1027 1032/1032
f 147/147 166/166 155/155
f 139/139 93/93 169/169
f 1005/1005 1024/1024 1039/1039
f 150/150 139/139 169/169
f 1039/1039 982/982 1005/1005
f 166/166 169/169 119/119
f 1024/1024 1032/1032 1039/1039
f 1032/1032 1040/1040 1039/1039
f 1039/1039 1040/1040 982/982
f 77/77 71/71 73/73
f 75/75 73/73 74/74
f 73/73 71/71 69/69
f 73/73 69/69 74/74
f 991/991 983/983 985/985
f 985/985 983/983 984/984
f 986/986 985/985 903/903
f 71/71 68/68 69/69
f 903/903 891/891 761/761
f 985/985 984/984 903/903
f 69/69 68/68 67/67
f 68/68 65/65 67/67
f 903/903 984/984 902/902
f 984/984 994/994 902/902
f 903/903 902/902 891/891
f 994/994 895/895 902/902
f 67/67 65/65 63/63
f 92/92 93/93 139/139
f 92/92 74/74 93/93
f 74/74 70/70 93/93
f 74/74 69/69 70/70
f 69/69 67/67 70/70
f 1005/1005 982/982 983/983
f 983/983 978/978 984/984
f 169/169 93/93 119/119
f 93/93 114/114 119/119
f 70/70 114/114 93/93
f 982/982 970/970 978/978
f 1040/1040 970/970 982/982
f 982/982 978/978 983/983
f 978/978 970/970 977/977
f 67/67 72/72 70/70
f 72/72 115/115 70/70
f 984/984 978/978 994/994
f 994/994 978/978 979/979
f 67/67 63/63 72/72
f 994/994 979/979 1003/1003
f 979/979 1014/1014 1003/1003
f 70/70 115/115 114/114
f 114/114 115/115 159/159
f 134/134 114/114 159/159
f 159/159 115/115 118/118
f 159/159 118/118 192/192
f 978/978 977/977 979/979
f 977/977 1017/1017 1014/1014
f 979/979 977/977 1014/1014
f 72/72 118/118 115/115
f 1014/1014 1017/1017 1057/1057
f 71/71 122/122 108/108
f 761/761 891/891 762/762
f 761/761 762/762 754/754
f 122/122 157/157 108/108
f 71/71 108/108 68/68
f 108/108 109/109 68/68
f 891/891 856/856 762/762
f 108/108 157/157 109/109
f 754/754 762/762 827/827
f 891/891 902/902 856/856
f 762/762 856/856 827/827
f 65/65 68/68 109/109
f 902/902 895/895 856/856
f 856/856 895/895 880/880
f 895/895 904/904 880/880
f 856/856 838/838 827/827
f 65/65 62/62 63/63
f 880/880 838/838 856/856
f 65/65 66/66 62/62
f 754/754 827/827 741/741
f 109/109 157/157 203/203
f 157/157 255/255 221/221
f 157/157 221/221 203/203
f 741/741 827/827 826/826
f 741/741 826/826 819/819
f 109/109 203/203 171/171
f 827/827 838/838 826/826
f 109/109 66/66 65/65
f 109/109 171/171 66/66
f 838/838 849/849 826/826
f 66/66 59/59 62/62
f 66/66 171/171 59/59
f 203/203 221/221 171/171
f 895/895 994/994 904/904
f 994/994 1003/1003 904/904
f 63/63 64/64 72/72
f 63/63 62/62 61/61
f 63/63 61/61 64/64
f 64/64 113/113 127/127
f 64/64 61/61 113/113
f 72/72 64/64 118/118
f 1014/1014 1004/1004 1003/1003
f 1014/1014 1057/1057 1004/1004
f 118/118 127/127 282/282
f 118/118 64/64 127/127
f 1057/1057 1023/1023 1004/1004
f 118/118 282/282 192/192
f 1057/1057 974/974 1023/1023
f 127/127 281/281 282/282
f 192/192 282/282 281/281
f 62/62 59/59 61/61
f 61/61 60/60 113/113
f 61/61 59/59 60/60
f 113/113 60/60 124/124
f 127/127 162/162 281/281
f 162/162 127/127 113/113
f 162/162 113/113 124/124
f 142/142 281/281 162/162
f 974/974 973/973 1023/1023
f 973/973 974/974 971/971
f 662/662 658/658 660/660
f 426/426 427/427 430/430
f 658/658 657/657 660/660
f 671/671 672/672 659/659
f 661/661 660/660 655/655
f 661/661 655/655 659/659
f 501/501 500/500 495/495
f 660/660 654/654 655/655
f 658/658 653/653 657/657
f 427/427 431/431 430/430
f 657/657 654/654 660/660
f 657/657 653/653 654/654
f 495/495 496/496 493/493
f 1344/1344 1249/1249 1285/1285
f 671/671 659/659 667/667
f 739/739 816/816 740/740
f 739/739 741/741 816/816
f 659/659 656/656 667/667
f 740/740 816/816 813/813
f 816/816 819/819 814/814
f 659/659 655/655 656/656
f 741/741 819/819 816/816
f 221/221 204/204 171/171
f 819/819 826/826 829/829
f 826/826 849/849 829/829
f 849/849 848/848 829/829
f 171/171 204/204 53/53
f 171/171 53/53 59/59
f 53/53 55/55 59/59
f 813/813 816/816 814/814
f 500/500 496/496 495/495
f 654/654 650/650 655/655
f 654/654 651/651 650/650
f 655/655 650/650 656/656
f 221/221 291/291 204/204
f 819/819 817/817 814/814
f 291/291 201/201 204/204
f 819/819 829/829 817/817
f 829/829 846/846 828/828
f 1249/1249 1242/1242 1227/1227
f 1242/1242 1226/1226 1227/1227
f 1227/1227 1226/1226 1225/1225
f 59/59 55/55 60/60
f 60/60 99/99 124/124
f 142/142 162/162 124/124
f 60/60 55/55 99/99
f 55/55 53/53 54/54
f 55/55 54/54 99/99
f 99/99 141/141 124/124
f 971/971 950/950 973/973
f 142/142 124/124 141/141
f 99/99 54/54 94/94
f 99/99 94/94 141/141
f 495/495 493/493 492/492
f 497/497 495/495 492/492
f 493/493 490/490 492/492
f 1344/1344 1341/1341 1249/1249
f 1341/1341 1242/1242 1249/1249
f 1341/1341 1342/1342 1242/1242
f 653/653 651/651 654/654
f 653/653 652/652 651/651
f 492/492 490/490 491/491
f 493/493 496/496 494/494
f 813/813 814/814 815/815
f 493/493 494/494 490/490
f 814/814 817/817 815/815
f 656/656 650/650 649/649
f 650/650 637/637 649/649
f 650/650 651/651 637/637
f 637/637 648/648 649/649
f 291/291 296/296 201/201
f 201/201 53/53 204/204
f 829/829 828/828 817/817
f 53/53 201/201 37/37
f 828/828 846/846 847/847
f 652/652 628/628 651/651
f 651/651 628/628 637/637
f 490/490 494/494 488/488
f 488/488 494/494 499/499
f 815/815 817/817 818/818
f 296/296 295/295 201/201
f 201/201 295/295 200/200
f 201/201 200/200 37/37
f 815/815 818/818 820/820
f 817/817 828/828 818/818
f 1242/1242 1241/1241 1226/1226
f 1226/1226 1221/1221 1225/1225
f 1342/1342 1254/1254 1242/1242
f 1242/1242 1254/1254 1241/1241
f 1221/1221 1226/1226 1241/1241
f 1241/1241 1220/1220 1221/1221
f 37/37 46/46 53/53
f 53/53 46/46 54/54
f 141/141 94/94 95/95
f 94/94 58/58 95/95
f 95/95 58/58 36/36
f 46/46 47/47 54/54
f 54/54 47/47 94/94
f 94/94 47/47 58/58
f 47/47 36/36 58/58
f 47/47 31/31 36/36
f 1342/1342 1343/1343 1254/1254
f 628/628 627/627 624/624
f 627/627 626/626 624/624
f 491/491 490/490 489/489
f 490/490 488/488 489/489
f 628/628 636/636 637/637
f 637/637 636/636 648/648
f 628/628 624/624 636/636
f 489/489 488/488 487/487
f 636/636 647/647 648/648
f 488/488 499/499 498/498
f 636/636 624/624 635/635
f 636/636 635/635 647/647
f 295/295 205/205 200/200
f 818/818 828/828 847/847
f 820/820 818/818 821/821
f 648/648 647/647 670/670
f 847/847 850/850 818/818
f 487/487 488/488 486/486
f 488/488 498/498 486/486
f 624/624 623/623 635/635
f 486/486 498/498 485/485
f 647/647 646/646 670/670
f 821/821 818/818 822/822
f 818/818 850/850 822/822
f 205/205 285/285 57/57
f 825/825 821/821 823/823
f 821/821 822/822 823/823
f 850/850 851/851 822/822
f 1254/1254 1251/1251 1241/1241
f 1254/1254 1255/1255 1251/1251
f 1254/1254 1343/1343 1255/1255
f 1241/1241 1251/1251 1220/1220
f 1251/1251 1219/1219 1220/1220
f 1220/1220 1219/1219 1210/1210
f 1219/1219 1207/1207 1210/1210
f 1251/1251 1255/1255 1219/1219
f 200/200 205/205 27/27
f 200/200 27/27 37/37
f 205/205 57/57 27/27
f 487/487 486/486 484/484
f 635/635 623/623 634/634
f 484/484 486/486 485/485
f 626/626 621/621 624/624
f 624/624 621/621 623/623
f 635/635 646/646 647/647
f 635/635 634/634 646/646
f 285/285 256/256 57/57
f 822/822 851/851 824/824
f 823/823 830/830 825/825
f 823/823 822/822 824/824
f 823/823 824/824 830/830
f 634/634 645/645 646/646
f 285/285 277/277 256/256
f 484/484 485/485 482/482
f 623/623 620/620 634/634
f 484/484 482/482 483/483
f 621/621 620/620 623/623
f 483/483 482/482 481/481
f 621/621 619/619 620/620
f 825/825 830/830 839/839
f 824/824 831/831 830/830
f 1255/1255 1278/1278 1222/1222
f 1255/1255 1222/1222 1219/1219
f 1219/1219 1222/1222 1207/1207
f 1222/1222 1278/1278 1253/1253
f 1222/1222 1206/1206 1207/1207
f 619/619 618/618 620/620
f 634/634 644/644 645/645
f 620/620 633/633 634/634
f 634/634 633/633 644/644
f 277/277 288/288 274/274
f 277/277 274/274 51/51
f 830/830 833/833 839/839
f 839/839 833/833 840/840
f 480/480 477/477 479/479
f 619/619 614/614 618/618
f 481/481 482/482 480/480
f 618/618 633/633 620/620
f 481/481 480/480 479/479
f 618/618 632/632 633/633
f 633/633 643/643 644/644
f 632/632 643/643 633/633
f 644/644 643/643 666/666
f 1253/1253 1206/1206 1222/1222
f 1278/1278 1316/1316 1253/1253
f 1253/1253 1223/1223 1206/1206
f 1253/1253 1316/1316 1282/1282
f 1253/1253 1282/1282 1223/1223
f 1223/1223 1203/1203 1206/1206
f 1223/1223 1212/1212 1203/1203
f 479/479 477/477 478/478
f 841/841 836/836 837/837
f 614/614 617/617 618/618
f 618/618 617/617 632/632
f 840/840 836/836 841/841
f 478/478 477/477 476/476
f 613/613 629/629 617/617
f 477/477 474/474 476/476
f 614/614 612/612 613/613
f 614/614 613/613 617/617
f 617/617 629/629 632/632
f 632/632 629/629 643/643
f 643/643 629/629 642/642
f 1282/1282 1250/1250 1223/1223
f 1223/1223 1250/1250 1212/1212
f 1282/1282 1339/1339 1250/1250
f 1212/1212 1200/1200 1203/1203
f 1250/1250 1214/1214 1212/1212
f 1214/1214 1211/1211 1212/1212
f 1212/1212 1211/1211 1200/1200
f 476/476 474/474 472/472
f 612/612 611/611 613/613
f 613/613 630/630 629/629
f 629/629 630/630 641/641
f 613/613 615/615 630/630
f 613/613 611/611 615/615
f 611/611 612/612 610/610
f 1250/1250 1339/1339 1279/1279
f 1250/1250 1279/1279 1214/1214
f 1214/1214 1215/1215 1211/1211
f 1215/1215 1216/1216 1211/1211
f 1279/1279 1215/1215 1214/1214
f 1279/1279 1248/1248 1215/1215
f 1211/1211 1216/1216 1213/1213
f 472/472 470/470 471/471
f 611/611 610/610 609/609
f 611/611 609/609 615/615
f 471/471 470/470 468/468
f 615/615 631/631 630/630
f 1279/1279 1306/1306 1248/1248
f 615/615 622/622 631/631
f 615/615 609/609 622/622
f 609/609 610/610 608/608
f 609/609 608/608 606/606
f 1248/1248 1244/1244 1217/1217
f 1286/1286 1248/1248 1306/1306
f 1248/1248 1217/1217 1215/1215
f 1215/1215 1217/1217 1216/1216
f 1216/1216 1217/1217 1218/1218
f 1217/1217 1244/1244 1194/1194
f 1217/1217 1193/1193 1218/1218
f 609/609 606/606 622/622
f 606/606 608/608 607/607
f 1248/1248 1286/1286 1244/1244
f 1286/1286 1280/1280 1244/1244
f 1340/1340 1280/1280 1286/1286
f 1244/1244 1280/1280 1243/1243
f 606/606 607/607 605/605
f 1340/1340 1281/1281 1280/1280
f 1244/1244 1243/1243 1194/1194
f 1217/1217 1194/1194 1193/1193
f 1243/1243 1186/1186 1194/1194
f 1193/1193 1185/1185 1190/1190
f 1194/1194 1185/1185 1193/1193
f 1044/1044 1045/1045 1034/1034
f 1065/1065 1050/1050 1045/1045
f 1045/1045 1050/1050 1034/1034
f 1065/1065 1064/1064 1050/1050
f 1064/1064 1053/1053 1050/1050
f 1044/1044 1034/1034 1033/1033
f 154/154 152/152 196/196
f 154/154 149/149 152/152
f 196/196 211/211 286/286
f 196/196 152/152 211/211
f 211/211 152/152 153/153
f 1050/1050 1053/1053 1034/1034
f 1053/1053 1030/1030 1034/1034
f 1033/1033 1034/1034 1030/1030
f 149/149 148/148 152/152
f 1033/1033 1030/1030 1028/1028
f 1028/1028 1030/1030 1029/1029
f 1028/1028 1029/1029 1027/1027
f 152/152 148/148 153/153
f 148/148 156/156 153/153
f 286/286 211/211 301/301
f 584/584 583/583 582/582
f 583/583 568/568 582/582
f 153/153 194/194 211/211
f 153/153 156/156 194/194
f 301/301 211/211 267/267
f 211/211 194/194 267/267
f 1053/1053 1038/1038 1030/1030
f 582/582 568/568 575/575
f 575/575 570/570 578/578
f 267/267 194/194 293/293
f 1030/1030 1036/1036 1029/1029
f 1038/1038 1036/1036 1030/1030
f 566/566 565/565 562/562
f 566/566 562/562 568/568
f 568/568 562/562 570/570
f 568/568 570/570 575/575
f 148/148 155/155 156/156
f 1027/1027 1029/1029 1031/1031
f 1032/1032 1031/1031 1040/1040
f 1027/1027 1031/1031 1032/1032
f 155/155 166/166 212/212
f 1031/1031 1051/1051 1040/1040
f 156/156 193/193 194/194
f 194/194 193/193 293/293
f 193/193 212/212 190/190
f 193/193 190/190 294/294
f 1029/1029 1036/1036 1035/1035
f 156/156 155/155 193/193
f 155/155 212/212 193/193
f 1029/1029 1035/1035 1031/1031
f 1031/1031 1035/1035 1051/1051
f 578/578 574/574 580/580
f 580/580 574/574 581/581
f 166/166 119/119 212/212
f 212/212 119/119 189/189
f 1040/1040 1051/1051 1041/1041
f 581/581 574/574 573/573
f 212/212 189/189 190/190
f 1051/1051 1042/1042 1041/1041
f 565/565 558/558 562/562
f 567/567 558/558 565/565
f 558/558 554/554 556/556
f 554/554 555/555 556/556
f 570/570 574/574 578/578
f 298/298 293/293 294/294
f 298/298 294/294 304/304
f 293/293 193/193 294/294
f 574/574 570/570 559/559
f 556/556 574/574 559/559
f 562/562 558/558 559/559
f 562/562 559/559 570/570
f 558/558 556/556 559/559
f 304/304 294/294 190/190
f 556/556 573/573 574/574
f 119/119 136/136 189/189
f 1040/1040 966/966 970/970
f 1040/1040 1041/1041 966/966
f 114/114 136/136 119/119
f 136/136 114/114 134/134
f 970/970 964/964 977/977
f 970/970 966/966 964/964
f 189/189 138/138 190/190
f 1041/1041 1042/1042 969/969
f 189/189 136/136 138/138
f 190/190 138/138 215/215
f 1041/1041 969/969 966/966
f 977/977 964/964 1017/1017
f 159/159 192/192 134/134
f 1017/1017 964/964 975/975
f 964/964 966/966 965/965
f 136/136 134/134 135/135
f 135/135 134/134 132/132
f 965/965 962/962 964/964
f 1017/1017 975/975 1057/1057
f 136/136 135/135 138/138
f 966/966 968/968 965/965
f 138/138 135/135 215/215
f 577/577 557/557 561/561
f 577/577 561/561 579/579
f 966/966 969/969 968/968
f 135/135 216/216 215/215
f 555/555 560/560 557/557
f 556/556 557/557 573/573
f 557/557 556/556 555/555
f 304/304 190/190 215/215
f 573/573 557/557 577/577
f 557/557 560/560 561/561
f 560/560 563/563 561/561
f 134/134 133/133 132/132
f 964/964 961/961 975/975
f 1057/1057 975/975 974/974
f 965/965 968/968 962/962
f 135/135 137/137 216/216
f 132/132 137/137 135/135
f 964/964 962/962 961/961
f 962/962 976/976 960/960
f 962/962 968/968 976/976
f 192/192 133/133 134/134
f 192/192 168/168 133/133
f 974/974 975/975 961/961
f 961/961 962/962 960/960
f 132/132 133/133 130/130
f 130/130 131/131 132/132
f 132/132 131/131 137/137
f 137/137 131/131 253/253
f 961/961 960/960 958/958
f 579/579 561/561 564/564
f 563/563 564/564 561/561
f 563/563 569/569 564/564
f 976/976 963/963 960/960
f 564/564 569/569 571/571
f 569/569 572/572 571/571
f 1297/1297 1313/1313 1314/1314
f 1313/1313 1297/1297 1299/1299
f 1225/1225 1299/1299 1297/1297
f 133/133 129/129 130/130
f 281/281 142/142 168/168
f 281/281 168/168 192/192
f 961/961 971/971 974/974
f 961/961 958/958 971/971
f 168/168 142/142 129/129
f 168/168 129/129 133/133
f 130/130 128/128 131/131
f 958/958 960/960 959/959
f 960/960 963/963 959/959
f 142/142 95/95 129/129
f 971/971 947/947 950/950
f 958/958 947/947 971/971
f 142/142 141/141 95/95
f 128/128 167/167 131/131
f 130/130 129/129 128/128
f 958/958 959/959 957/957
f 958/958 957/957 947/947
f 95/95 128/128 129/129
f 131/131 167/167 253/253
f 572/572 576/576 571/571
f 534/534 533/533 532/532
f 963/963 967/967 959/959
f 532/532 528/528 531/531
f 532/532 533/533 528/528
f 959/959 967/967 957/957
f 1299/1299 1225/1225 1224/1224
f 1221/1221 1224/1224 1225/1225
f 950/950 947/947 944/944
f 944/944 947/947 942/942
f 957/957 954/954 947/947
f 947/947 954/954 942/942
f 95/95 36/36 121/121
f 942/942 954/954 956/956
f 95/95 121/121 128/128
f 954/954 957/957 956/956
f 128/128 121/121 167/167
f 121/121 202/202 167/167
f 956/956 957/957 981/981
f 36/36 98/98 121/121
f 98/98 160/160 121/121
f 121/121 160/160 202/202
f 202/202 160/160 266/266
f 528/528 529/529 531/531
f 967/967 980/980 957/957
f 528/528 526/526 529/529
f 957/957 980/980 981/981
f 528/528 527/527 526/526
f 527/527 525/525 526/526
f 526/526 545/545 529/529
f 1221/1221 1210/1210 1224/1224
f 1224/1224 1210/1210 1294/1294
f 1220/1220 1210/1210 1221/1221
f 266/266 160/160 208/208
f 545/545 526/526 524/524
f 550/550 545/545 524/524
f 526/526 525/525 524/524
f 550/550 524/524 546/546
f 525/525 523/523 524/524
f 546/546 524/524 517/517
f 523/523 517/517 524/524
f 523/523 507/507 517/517
f 1207/1207 1209/1209 1210/1210
f 1210/1210 1209/1209 1294/1294
f 1209/1209 1295/1295 1294/1294
f 1207/1207 1208/1208 1209/1209
f 1209/1209 1208/1208 1295/1295
f 1207/1207 1204/1204 1208/1208
f 1206/1206 1204/1204 1207/1207
f 1208/1208 1277/1277 1295/1295
f 507/507 505/505 517/517
f 507/507 506/506 505/505
f 506/506 502/502 505/505
f 502/502 504/504 505/505
f 1204/1204 1277/1277 1208/1208
f 1277/1277 1310/1310 1311/1311
f 1206/1206 1203/1203 1204/1204
f 1203/1203 1201/1201 1204/1204
f 1204/1204 1205/1205 1277/1277
f 1204/1204 1201/1201 1205/1205
f 1277/1277 1205/1205 1310/1310
f 502/502 508/508 503/503
f 508/508 509/509 503/503
f 1203/1203 1200/1200 1201/1201
f 1201/1201 1200/1200 1199/1199
f 1205/1205 1309/1309 1310/1310
f 1201/1201 1202/1202 1205/1205
f 1205/1205 1202/1202 1309/1309
f 1211/1211 1197/1197 1200/1200
f 1200/1200 1197/1197 1199/1199
f 1201/1201 1199/1199 1202/1202
f 1202/1202 1199/1199 1198/1198
f 1202/1202 1198/1198 1309/1309
f 1211/1211 1213/1213 1197/1197
f 1199/1199 1197/1197 1198/1198
f 1198/1198 1300/1300 1309/1309
f 1213/1213 1218/1218 1191/1191
f 1197/1197 1196/1196 1198/1198
f 1198/1198 1196/1196 1300/1300
f 1213/1213 1191/1191 1197/1197
f 1197/1197 1191/1191 1196/1196
f 1309/1309 1300/1300 1305/1305
f 1300/1300 1196/1196 1305/1305
f 1305/1305 1196/1196 1304/1304
f 1213/1213 1216/1216 1218/1218
f 1191/1191 1195/1195 1196/1196
f 1218/1218 1193/1193 1190/1190
f 1218/1218 1190/1190 1191/1191
f 1191/1191 1190/1190 1189/1189
f 1191/1191 1189/1189 1195/1195
f 1304/1304 1196/1196 1302/1302
f 1196/1196 1195/1195 1302/1302
f 1190/1190 1185/1185 1187/1187
f 1189/1189 1190/1190 1187/1187
f 1187/1187 1188/1188 1189/1189
f 1195/1195 1189/1189 1192/1192
f 1195/1195 1192/1192 1302/1302
f 1189/1189 1188/1188 1192/1192
f 1188/1188 1289/1289 1192/1192
f 468/468 469/469 466/466
f 907/907 873/873 905/905
f 468/468 466/466 467/467
f 622/622 625/625 639/639
f 606/606 625/625 622/622
f 469/469 475/475 466/466
f 668/668 639/639 669/669
f 467/467 466/466 464/464
f 466/466 475/475 465/465
f 466/466 465/465 464/464
f 606/606 616/616 625/625
f 625/625 638/638 639/639
f 639/639 638/638 669/669
f 905/905 871/871 894/894
f 838/838 880/880 849/849
f 880/880 904/904 1002/1002
f 880/880 1002/1002 849/849
f 1002/1002 999/999 849/849
f 904/904 1003/1003 1002/1002
f 1003/1003 1001/1001 1002/1002
f 1003/1003 1004/1004 1001/1001
f 1004/1004 1023/1023 1001/1001
f 1023/1023 1000/1000 1001/1001
f 1002/1002 1001/1001 999/999
f 999/999 1001/1001 1000/1000
f 849/849 999/999 848/848
f 1000/1000 1023/1023 973/973
f 848/848 846/846 829/829
f 848/848 999/999 972/972
f 848/848 972/972 949/949
f 999/999 1000/1000 972/972
f 972/972 1000/1000 973/973
f 972/972 950/950 949/949
f 972/972 973/973 950/950
f 848/848 949/949 846/846
f 949/949 950/950 944/944
f 846/846 949/949 881/881
f 949/949 944/944 943/943
f 846/846 881/881 847/847
f 881/881 949/949 943/943
f 944/944 942/942 943/943
f 943/943 942/942 941/941
f 46/46 34/34 47/47
f 37/37 27/27 34/34
f 37/37 34/34 46/46
f 847/847 881/881 850/850
f 34/34 22/22 31/31
f 943/943 941/941 881/881
f 34/34 31/31 47/47
f 31/31 22/22 28/28
f 31/31 28/28 36/36
f 881/881 941/941 882/882
f 941/941 939/939 882/882
f 27/27 57/57 23/23
f 881/881 882/882 850/850
f 27/27 22/22 34/34
f 23/23 22/22 27/27
f 850/850 882/882 852/852
f 850/850 852/852 851/851
f 23/23 21/21 22/22
f 852/852 882/882 883/883
f 22/22 20/20 28/28
f 882/882 939/939 883/883
f 831/831 824/824 851/851
f 256/256 50/50 57/57
f 57/57 50/50 23/23
f 852/852 853/853 851/851
f 852/852 883/883 853/853
f 23/23 50/50 21/21
f 50/50 18/18 21/21
f 21/21 20/20 22/22
f 883/883 939/939 945/945
f 256/256 277/277 51/51
f 256/256 51/51 50/50
f 851/851 853/853 854/854
f 853/853 883/883 855/855
f 853/853 855/855 854/854
f 21/21 18/18 20/20
f 831/831 851/851 854/854
f 50/50 51/51 18/18
f 855/855 883/883 955/955
f 20/20 18/18 19/19
f 20/20 19/19 25/25
f 883/883 945/945 955/955
f 830/830 831/831 832/832
f 830/830 832/832 833/833
f 832/832 834/834 833/833
f 288/288 287/287 274/274
f 274/274 287/287 227/227
f 840/840 833/833 836/836
f 833/833 834/834 836/836
f 831/831 854/854 832/832
f 854/854 858/858 832/832
f 274/274 227/227 51/51
f 854/854 855/855 857/857
f 857/857 858/858 854/854
f 855/855 875/875 857/857
f 19/19 18/18 17/17
f 955/955 951/951 855/855
f 955/955 945/945 951/951
f 19/19 17/17 25/25
f 17/17 29/29 25/25
f 855/855 951/951 875/875
f 18/18 16/16 17/17
f 227/227 45/45 51/51
f 857/857 875/875 858/858
f 51/51 45/45 18/18
f 45/45 16/16 18/18
f 875/875 874/874 858/858
f 17/17 24/24 29/29
f 951/951 946/946 875/875
f 17/17 16/16 15/15
f 875/875 948/948 874/874
f 17/17 15/15 24/24
f 875/875 946/946 948/948
f 834/834 835/835 836/836
f 287/287 214/214 227/227
f 832/832 835/835 834/834
f 643/643 665/665 666/666
f 287/287 275/275 214/214
f 832/832 859/859 835/835
f 837/837 836/836 835/835
f 643/643 642/642 665/665
f 214/214 275/275 213/213
f 665/665 642/642 664/664
f 275/275 262/262 213/213
f 835/835 859/859 863/863
f 227/227 214/214 45/45
f 832/832 858/858 859/859
f 858/858 860/860 859/859
f 45/45 39/39 16/16
f 45/45 214/214 39/39
f 214/214 213/213 39/39
f 858/858 874/874 860/860
f 39/39 13/13 16/16
f 860/860 874/874 876/876
f 16/16 13/13 15/15
f 15/15 14/14 24/24
f 859/859 860/860 861/861
f 39/39 40/40 13/13
f 39/39 213/213 40/40
f 874/874 878/878 876/876
f 878/878 874/874 948/948
f 13/13 14/14 15/15
f 861/861 860/860 876/876
f 878/878 948/948 879/879
f 878/878 879/879 876/876
f 13/13 12/12 14/14
f 837/837 835/835 842/842
f 472/472 474/474 473/473
f 837/837 842/842 843/843
f 629/629 641/641 642/642
f 835/835 863/863 842/842
f 262/262 260/260 213/213
f 863/863 859/859 862/862
f 260/260 262/262 226/226
f 642/642 641/641 664/664
f 842/842 863/863 865/865
f 472/472 473/473 470/470
f 843/843 844/844 845/845
f 843/843 842/842 844/844
f 842/842 865/865 844/844
f 641/641 663/663 664/664
f 262/262 261/261 226/226
f 863/863 864/864 865/865
f 226/226 259/259 260/260
f 260/260 259/259 263/263
f 863/863 862/862 864/864
f 859/859 861/861 862/862
f 260/260 263/263 213/213
f 259/259 264/264 263/263
f 213/213 263/263 41/41
f 213/213 41/41 40/40
f 876/876 877/877 861/861
f 13/13 40/40 11/11
f 13/13 11/11 12/12
f 876/876 879/879 877/877
f 12/12 10/10 33/33
f 40/40 41/41 11/11
f 11/11 10/10 12/12
f 263/263 264/264 41/41
f 862/862 897/897 864/864
f 862/862 861/861 897/897
f 861/861 889/889 897/897
f 861/861 877/877 884/884
f 889/889 861/861 884/884
f 264/264 42/42 41/41
f 11/11 9/9 10/10
f 11/11 41/41 9/9
f 877/877 879/879 953/953
f 879/879 936/936 953/953
f 877/877 953/953 885/885
f 9/9 8/8 10/10
f 630/630 640/640 641/641
f 845/845 844/844 906/906
f 641/641 640/640 663/663
f 261/261 225/225 226/226
f 225/225 224/224 226/226
f 630/630 631/631 640/640
f 640/640 668/668 663/663
f 261/261 229/229 225/225
f 844/844 865/865 867/867
f 906/906 844/844 873/873
f 844/844 867/867 873/873
f 865/865 866/866 867/867
f 226/226 224/224 259/259
f 865/865 864/864 866/866
f 864/864 897/897 866/866
f 845/845 906/906 907/907
f 470/470 469/469 468/468
f 907/907 906/906 873/873
f 631/631 622/622 639/639
f 631/631 639/639 640/640
f 640/640 639/639 668/668
f 867/867 866/866 868/868
f 873/873 867/867 871/871
f 225/225 229/229 223/223
f 867/867 868/868 871/871
f 224/224 225/225 223/223
f 259/259 224/224 278/278
f 224/224 279/279 278/278
f 868/868 866/866 872/872
f 866/866 897/897 898/898
f 218/218 279/279 224/224
f 866/866 898/898 872/872
f 259/259 278/278 264/264
f 897/897 889/889 887/887
f 42/42 9/9 41/41
f 264/264 278/278 42/42
f 278/278 52/52 42/42
f 889/889 884/884 887/887
f 887/887 884/884 886/886
f 884/884 885/885 886/886
f 877/877 885/885 884/884
f 885/885 953/953 952/952
f 9/9 7/7 8/8
f 42/42 7/7 9/9
f 278/278 279/279 52/52
f 897/897 887/887 898/898
f 42/42 52/52 6/6
f 42/42 6/6 7/7
f 7/7 5/5 8/8
f 7/7 6/6 5/5
f 886/886 885/885 890/890
f 885/885 952/952 890/890
f 5/5 30/30 8/8
f 873/873 871/871 905/905
f 229/229 217/217 223/223
f 229/229 228/228 217/217
f 868/868 870/870 871/871
f 224/224 223/223 218/218
f 871/871 870/870 894/894
f 868/868 869/869 870/870
f 868/868 872/872 869/869
f 872/872 898/898 869/869
f 223/223 217/217 218/218
f 898/898 900/900 869/869
f 218/218 283/283 280/280
f 869/869 900/900 896/896
f 218/218 280/280 279/279
f 898/898 887/887 900/900
f 52/52 279/279 280/280
f 887/887 886/886 888/888
f 887/887 888/888 900/900
f 52/52 26/26 6/6
f 52/52 280/280 26/26
f 886/886 890/890 888/888
f 26/26 3/3 6/6
f 888/888 890/890 892/892
f 280/280 2/2 26/26
f 26/26 2/2 3/3
f 6/6 3/3 5/5
f 5/5 3/3 4/4
f 5/5 4/4 30/30
f 900/900 888/888 893/893
f 942/942 938/938 941/941
f 942/942 956/956 938/938
f 941/941 938/938 939/939
f 36/36 44/44 98/98
f 36/36 28/28 44/44
f 98/98 44/44 117/117
f 98/98 117/117 160/160
f 117/117 208/208 160/160
f 938/938 956/956 1043/1043
f 939/939 938/938 937/937
f 28/28 32/32 44/44
f 939/939 937/937 933/933
f 44/44 32/32 117/117
f 938/938 1043/1043 934/934
f 938/938 934/934 937/937
f 546/546 517/517 540/540
f 28/28 20/20 32/32
f 933/933 937/937 934/934
f 38/38 116/116 32/32
f 939/939 933/933 945/945
f 117/117 209/209 208/208
f 546/546 540/540 553/553
f 117/117 32/32 116/116
f 117/117 116/116 209/209
f 553/553 540/540 552/552
f 934/934 932/932 933/933
f 116/116 210/210 209/209
f 25/25 32/32 20/20
f 25/25 38/38 32/32
f 933/933 932/932 930/930
f 945/945 933/933 930/930
f 540/540 522/522 543/543
f 552/552 540/540 543/543
f 517/517 505/505 540/540
f 540/540 505/505 522/522
f 505/505 504/504 522/522
f 522/522 504/504 521/521
f 522/522 521/521 543/543
f 25/25 29/29 38/38
f 945/945 930/930 951/951
f 951/951 930/930 946/946
f 116/116 199/199 210/210
f 38/38 100/100 116/116
f 38/38 29/29 100/100
f 930/930 932/932 927/927
f 116/116 100/100 199/199
f 100/100 198/198 199/199
f 551/551 552/552 543/543
f 946/946 930/930 926/926
f 24/24 35/35 29/29
f 29/29 35/35 101/101
f 29/29 101/101 100/100
f 100/100 101/101 198/198
f 930/930 927/927 926/926
f 543/543 530/530 544/544
f 551/551 543/543 544/544
f 502/502 503/503 504/504
f 504/504 503/503 521/521
f 521/521 510/510 530/530
f 503/503 510/510 521/521
f 521/521 530/530 543/543
f 24/24 14/14 35/35
f 101/101 251/251 198/198
f 544/544 547/547 551/551
f 101/101 185/185 251/251
f 35/35 102/102 101/101
f 101/101 102/102 185/185
f 544/544 530/530 539/539
f 946/946 926/926 948/948
f 948/948 926/926 929/929
f 927/927 925/925 926/926
f 14/14 33/33 35/35
f 35/35 33/33 102/102
f 14/14 12/12 33/33
f 948/948 936/936 879/879
f 948/948 929/929 936/936
f 33/33 56/56 102/102
f 929/929 926/926 924/924
f 185/185 102/102 186/186
f 926/926 925/925 924/924
f 547/547 544/544 539/539
f 102/102 56/56 186/186
f 509/509 510/510 503/503
f 509/509 511/511 510/510
f 512/512 513/513 510/510
f 510/510 511/511 512/512
f 513/513 530/530 510/510
f 513/513 539/539 530/530
f 539/539 513/513 519/519
f 33/33 10/10 56/56
f 929/929 924/924 923/923
f 929/929 923/923 936/936
f 547/547 539/539 541/541
f 547/547 541/541 548/548
f 924/924 925/925 921/921
f 924/924 921/921 923/923
f 10/10 48/48 56/56
f 56/56 106/106 187/187
f 186/186 56/56 187/187
f 548/548 541/541 542/542
f 56/56 48/48 106/106
f 187/187 106/106 188/188
f 923/923 921/921 920/920
f 512/512 514/514 513/513
f 513/513 514/514 519/519
f 512/512 515/515 514/514
f 515/515 516/516 514/514
f 514/514 516/516 519/519
f 516/516 520/520 519/519
f 516/516 515/515 518/518
f 520/520 516/516 518/518
f 519/519 541/541 539/539
f 519/519 520/520 541/541
f 520/520 542/542 541/541
f 520/520 535/535 542/542
f 520/520 518/518 535/535
f 8/8 48/48 10/10
f 953/953 936/936 935/935
f 936/936 923/923 935/935
f 953/953 935/935 952/952
f 48/48 49/49 106/106
f 935/935 923/923 922/922
f 923/923 920/920 922/922
f 922/922 920/920 917/917
f 48/48 8/8 49/49
f 952/952 935/935 940/940
f 8/8 30/30 49/49
f 935/935 928/928 940/940
f 935/935 922/922 928/928
f 928/928 922/922 918/918
f 49/49 107/107 106/106
f 106/106 107/107 140/140
f 917/917 918/918 922/922
f 917/917 913/913 918/918
f 548/548 542/542 549/549
f 921/921 916/916 920/920
f 188/188 106/106 140/140
f 542/542 535/535 549/549
f 549/549 535/535 536/536
f 518/518 536/536 535/535
f 140/140 107/107 183/183
f 920/920 916/916 914/914
f 920/920 914/914 917/917
f 916/916 910/910 914/914
f 916/916 912/912 910/910
f 917/917 914/914 913/913
f 913/913 914/914 910/910
f 910/910 912/912 911/911
f 518/518 537/537 536/536
f 537/537 538/538 536/536
f 49/49 30/30 43/43
f 49/49 103/103 107/107
f 49/49 43/43 103/103
f 183/183 103/103 184/184
f 107/107 103/103 183/183
f 913/913 910/910 909/909
f 911/911 908/908 910/910
f 909/909 915/915 913/913
f 908/908 909/909 910/910
f 890/890 952/952 940/940
f 890/890 940/940 901/901
f 890/890 901/901 892/892
f 892/892 901/901 899/899
f 940/940 928/928 901/901
f 4/4 43/43 30/30
f 888/888 892/892 893/893
f 3/3 1/1 4/4
f 4/4 1/1 43/43
f 901/901 928/928 931/931
f 899/899 901/901 931/931
f 918/918 913/913 915/915
f 931/931 928/928 919/919
f 928/928 918/918 919/919
f 918/918 915/915 919/919
f 1642/1642 1644/1644 1640/1640
f 1644/1644 1643/1643 1640/1640
f 1646/1646 1647/1647 1643/1643
f 1644/1644 1646/1646 1643/1643
f 1642/1642 1640/1640 1641/1641
f 1640/1640 1643/1643 1638/1638
f 1641/1641 1640/1640 1639/1639
f 1640/1640 1638/1638 1639/1639
f 1639/1639 1638/1638 1635/1635
f 1639/1639 1635/1635 1636/1636
f 1636/1636 1635/1635 1634/1634
f 1634/1634 1635/1635 1633/1633
f 1643/1643 1637/1637 1638/1638
f 1647/1647 1637/1637 1643/1643
f 1638/1638 1637/1637 1635/1635
f 1635/1635 1637/1637 1633/1633
f 1630/1630 1629/1629 1628/1628
f 1634/1634 1633/1633 1632/1632
f 1633/1633 1630/1630 1632/1632
f 1632/1632 1630/1630 1628/1628
f 1628/1628 1629/1629 1626/1626
f 1628/1628 1626/1626 1625/1625
f 1629/1629 1648/1648 1626/1626
f 1626/1626 1648/1648 1627/1627
f 1625/1625 1626/1626 1611/1611
f 1626/1626 1627/1627 1611/1611
f 1625/1625 1611/1611 1624/1624
f 1627/1627 1631/1631 1611/1611
f 1624/1624 1611/1611 1609/1609
f 1611/1611 1610/1610 1609/1609
f 1624/1624 1609/1609 1645/1645
f 1609/1609 1610/1610 1608/1608
f 1645/1645 1609/1609 1618/1618
f 1609/1609 1608/1608 1586/1586
f 1609/1609 1586/1586 1618/1618
f 1608/1608 1607/1607 1586/1586
f 1618/1618 1586/1586 1577/1577
f 1586/1586 1585/1585 1577/1577
f 1586/1586 1607/1607 1585/1585
f 1607/1607 1620/1620 1585/1585
f 1577/1577 1575/1575 1571/1571
f 1577/1577 1585/1585 1575/1575
f 1585/1585 1620/1620 1575/1575
f 1620/1620 1619/1619 1575/1575
f 1575/1575 1619/1619 1570/1570
f 1571/1571 1575/1575 1570/1570
f 1619/1619 1614/1614 1570/1570
f 1571/1571 1569/1569 1617/1617
f 1571/1571 1570/1570 1569/1569
f 1569/1569 1570/1570 1567/1567
f 1570/1570 1614/1614 1567/1567
f 1617/1617 1569/1569 1594/1594
f 1567/1567 1614/1614 1601/1601
f 1569/1569 1567/1567 1566/1566
f 1569/1569 1566/1566 1594/1594
f 1566/1566 1567/1567 1568/1568
f 1567/1567 1601/1601 1568/1568
f 1594/1594 1566/1566 1572/1572
f 1566/1566 1568/1568 1572/1572
f 1594/1594 1572/1572 1600/1600
f 1572/1572 1568/1568 1573/1573
f 1600/1600 1572/1572 1574/1574
f 1572/1572 1573/1573 1574/1574
f 1600/1600 1574/1574 1592/1592
f 1574/1574 1573/1573 1576/1576
f 1592/1592 1574/1574 1578/1578
f 1574/1574 1576/1576 1578/1578
f 1592/1592 1578/1578 1597/1597
f 1578/1578 1579/1579 1597/1597
f 1592/1592 1597/1597 1598/1598
f 1598/1598 1597/1597 1603/1603
f 1598/1598 1603/1603 1623/1623
f 1597/1597 1606/1606 1604/1604
f 1597/1597 1604/1604 1603/1603
f 1623/1623 1603/1603 1612/1612
f 1603/1603 1604/1604 1605/1605
f 1604/1604 1606/1606 1605/1605
f 1603/1603 1605/1605 1612/1612
f 1568/1568 1601/1601 1602/1602
f 1568/1568 1602/1602 1581/1581
f 1568/1568 1581/1581 1573/1573
f 1573/1573 1581/1581 1576/1576
f 1576/1576 1581/1581 1582/1582
f 1622/1622 1621/1621 1582/1582
f 1576/1576 1582/1582 1580/1580
f 1621/1621 1583/1583 1582/1582
f 1578/1578 1576/1576 1579/1579
f 1579/1579 1576/1576 1580/1580
f 1582/1582 1583/1583 1580/1580
f 1580/1580 1583/1583 1587/1587
f 1597/1597 1579/1579 1606/1606
f 1579/1579 1580/1580 1584/1584
f 1579/1579 1584/1584 1606/1606
f 1580/1580 1587/1587 1584/1584
f 1584/1584 1587/1587 1588/1588
f 1621/1621 1615/1615 1583/1583
f 1587/1587 1583/1583 1595/1595
f 1583/1583 1615/1615 1595/1595
f 1615/1615 1616/1616 1595/1595
f 1587/1587 1595/1595 1593/1593
f 1595/1595 1616/1616 1596/1596
f 1606/1606 1584/1584 1589/1589
f 1584/1584 1588/1588 1589/1589
f 1588/1588 1590/1590 1589/1589
f 1605/1605 1606/1606 1613/1613
f 1613/1613 1606/1606 1589/1589
f 1587/1587 1593/1593 1588/1588
f 1595/1595 1596/1596 1593/1593
f 1596/1596 1599/1599 1593/1593
f 1593/1593 1591/1591 1588/1588
f 1593/1593 1599/1599 1591/1591
f 1588/1588 1591/1591 1590/1590
f 1713/1713 1714/1714 1712/1712
f 1713/1713 1712/1712 1698/1698
f 1683/1683 1681/1681 1664/1664
f 1664/1664 1681/1681 1670/1670
f 1691/1691 1695/1695 1692/1692
f 1692/1692 1695/1695 1697/1697
f 1680/1680 1676/1676 1669/1669
f 1676/1676 1673/1673 1668/1668
f 1692/1692 1697/1697 1702/1702
f 1703/1703 1702/1702 1697/1697
f 1673/1673 1671/1671 1668/1668
f 1676/1676 1668/1668 1669/1669
f 1698/1698 1712/1712 1696/1696
f 1698/1698 1696/1696 1691/1691
f 1712/1712 1715/1715 1696/1696
f 1695/1695 1691/1691 1696/1696
f 1695/1695 1696/1696 1717/1717
f 1696/1696 1715/1715 1717/1717
f 1669/1669 1665/1665 1670/1670
f 1669/1669 1668/1668 1665/1665
f 1665/1665 1668/1668 1667/1667
f 1668/1668 1671/1671 1667/1667
f 1680/1680 1669/1669 1681/1681
f 1681/1681 1669/1669 1670/1670
f 1683/1683 1664/1664 1679/1679
f 1679/1679 1664/1664 1663/1663
f 1664/1664 1670/1670 1649/1649
f 1664/1664 1649/1649 1663/1663
f 1663/1663 1649/1649 1651/1651
f 1663/1663 1658/1658 1682/1682
f 1663/1663 1651/1651 1658/1658
f 1651/1651 1654/1654 1658/1658
f 1714/1714 1715/1715 1712/1712
f 1670/1670 1665/1665 1649/1649
f 1649/1649 1665/1665 1652/1652
f 1665/1665 1666/1666 1652/1652
f 1649/1649 1652/1652 1650/1650
f 1665/1665 1667/1667 1666/1666
f 1649/1649 1650/1650 1651/1651
f 1651/1651 1650/1650 1654/1654
f 1652/1652 1653/1653 1650/1650
f 1650/1650 1653/1653 1654/1654
f 1654/1654 1653/1653 1655/1655
f 1653/1653 1656/1656 1655/1655
f 1655/1655 1656/1656 1659/1659
f 1658/1658 1654/1654 1657/1657
f 1675/1675 1657/1657 1674/1674
f 1657/1657 1661/1661 1674/1674
f 1674/1674 1661/1661 1662/1662
f 1654/1654 1655/1655 1657/1657
f 1657/1657 1655/1655 1661/1661
f 1655/1655 1659/1659 1660/1660
f 1661/1661 1655/1655 1660/1660
f 1661/1661 1660/1660 1662/1662
f 1707/1707 1708/1708 1704/1704
f 1687/1687 1685/1685 1690/1690
f 1687/1687 1686/1686 1685/1685
f 1684/1684 1685/1685 1686/1686
f 1704/1704 1708/1708 1693/1693
f 1708/1708 1709/1709 1693/1693
f 1686/1686 1688/1688 1684/1684
f 1701/1701 1700/1700 1688/1688
f 1704/1704 1706/1706 1707/1707
f 1704/1704 1705/1705 1706/1706
f 1704/1704 1693/1693 1689/1689
f 1704/1704 1689/1689 1705/1705
f 1689/1689 1699/1699 1705/1705
f 1684/1684 1688/1688 1689/1689
f 1684/1684 1689/1689 1693/1693
f 1688/1688 1699/1699 1689/1689
f 1688/1688 1700/1700 1699/1699
f 1706/1706 1705/1705 1710/1710
f 1705/1705 1716/1716 1710/1710
f 1706/1706 1710/1710 1711/1711
f 1698/1698 1691/1691 1694/1694
f 1692/1692 1690/1690 1691/1691
f 1690/1690 1685/1685 1691/1691
f 1677/1677 1672/1672 1671/1671
f 1672/1672 1677/1677 1678/1678
f 1671/1671 1672/1672 1667/1667
f 1691/1691 1685/1685 1694/1694
f 1795/1795 1790/1790 1789/1789
f 1796/1796 1795/1795 1789/1789
f 1789/1789 1794/1794 1799/1799
f 1789/1789 1799/1799 1796/1796
f 1789/1789 1791/1791 1794/1794
f 1789/1789 1790/1790 1791/1791
f 1786/1786 1784/1784 1780/1780
f 1784/1784 1783/1783 1777/1777
f 1777/1777 1780/1780 1784/1784
f 1795/1795 1797/1797 1790/1790
f 1797/1797 1798/1798 1790/1790
f 1790/1790 1798/1798 1793/1793
f 1785/1785 1778/1778 1781/1781
f 1777/1777 1779/1779 1780/1780
f 1777/1777 1778/1778 1779/1779
f 1778/1778 1785/1785 1788/1788
f 1778/1778 1788/1788 1779/1779
f 1783/1783 1787/1787 1782/1782
f 1783/1783 1782/1782 1777/1777
f 1777/1777 1781/1781 1778/1778
f 1777/1777 1782/1782 1781/1781
f 1790/1790 1793/1793 1792/1792
f 1790/1790 1792/1792 1791/1791
f 1727/1727 1726/1726 1724/1724
f 1726/1726 1725/1725 1724/1724
f 1725/1725 1722/1722 1724/1724
f 1725/1725 1721/1721 1722/1722
f 1726/1726 1771/1771 1751/1751
f 1726/1726 1751/1751 1725/1725
f 1725/1725 1751/1751 1721/1721
f 1751/1751 1750/1750 1721/1721
f 1750/1750 1746/1746 1721/1721
f 1721/1721 1746/1746 1718/1718
f 1724/1724 1722/1722 1723/1723
f 1722/1722 1720/1720 1723/1723
f 1722/1722 1721/1721 1720/1720
f 1721/1721 1718/1718 1720/1720
f 1718/1718 1719/1719 1720/1720
f 1718/1718 1744/1744 1747/1747
f 1718/1718 1746/1746 1744/1744
f 1744/1744 1746/1746 1745/1745
f 1747/1747 1752/1752 1775/1775
f 1775/1775 1752/1752 1773/1773
f 1752/1752 1743/1743 1773/1773
f 1743/1743 1738/1738 1773/1773
f 1773/1773 1738/1738 1776/1776
f 1747/1747 1744/1744 1743/1743
f 1747/1747 1743/1743 1752/1752
f 1743/1743 1744/1744 1741/1741
f 1744/1744 1745/1745 1741/1741
f 1741/1741 1745/1745 1756/1756
f 1743/1743 1742/1742 1738/1738
f 1743/1743 1741/1741 1742/1742
f 1742/1742 1735/1735 1738/1738
f 1742/1742 1741/1741 1735/1735
f 1735/1735 1728/1728 1734/1734
f 1735/1735 1739/1739 1728/1728
f 1741/1741 1756/1756 1740/1740
f 1741/1741 1740/1740 1735/1735
f 1735/1735 1740/1740 1739/1739
f 1728/1728 1739/1739 1757/1757
f 1738/1738 1734/1734 1774/1774
f 1738/1738 1735/1735 1734/1734
f 1738/1738 1774/1774 1776/1776
f 1774/1774 1734/1734 1768/1768
f 1734/1734 1730/1730 1732/1732
f 1734/1734 1728/1728 1730/1730
f 1728/1728 1729/1729 1730/1730
f 1734/1734 1732/1732 1768/1768
f 1730/1730 1731/1731 1732/1732
f 1730/1730 1729/1729 1731/1731
f 1728/1728 1757/1757 1729/1729
f 1729/1729 1755/1755 1731/1731
f 1732/1732 1731/1731 1733/1733
f 1732/1732 1733/1733 1768/1768
f 1768/1768 1733/1733 1767/1767
f 1733/1733 1737/1737 1767/1767
f 1733/1733 1736/1736 1737/1737
f 1767/1767 1737/1737 1770/1770
f 1737/1737 1748/1748 1749/1749
f 1737/1737 1736/1736 1748/1748
f 1749/1749 1759/1759 1766/1766
f 1749/1749 1748/1748 1759/1759
f 1748/1748 1758/1758 1759/1759
f 1755/1755 1754/1754 1731/1731
f 1733/1733 1731/1731 1736/1736
f 1731/1731 1754/1754 1736/1736
f 1736/1736 1754/1754 1753/1753
f 1748/1748 1736/1736 1753/1753
f 1748/1748 1753/1753 1758/1758
f 1766/1766 1763/1763 1772/1772
f 1759/1759 1758/1758 1760/1760
f 1766/1766 1759/1759 1763/1763
f 1763/1763 1759/1759 1761/1761
f 1763/1763 1761/1761 1762/1762
f 1761/1761 1759/1759 1760/1760
f 1763/1763 1764/1764 1769/1769
f 1763/1763 1762/1762 1764/1764
f 1764/1764 1762/1762 1765/1765
f 1761/1761 1760/1760 1762/1762
f 1946/1946 1962/1962 1967/1967
f 1946/1946 1967/1967 1974/1974
f 1962/1962 1966/1966 1967/1967
f 1945/1945 1944/1944 1941/1941
f 1944/1944 1942/1942 1941/1941
f 1941/1941 1942/1942 1940/1940
f 1942/1942 1943/1943 1940/1940
f 1932/1932 1935/1935 1949/1949
f 1949/1949 1935/1935 1943/1943
f 1941/1941 1946/1946 1945/1945
f 1946/1946 1941/1941 1962/1962
f 1941/1941 1963/1963 1962/1962
f 1962/1962 1963/1963 1964/1964
f 1962/1962 1964/1964 1966/1966
f 1964/1964 1969/1969 1966/1966
f 1941/1941 1940/1940 1939/1939
f 1963/1963 1965/1965 1964/1964
f 1933/1933 1931/1931 1932/1932
f 1932/1932 1931/1931 1930/1930
f 1931/1931 1929/1929 1930/1930
f 1932/1932 1930/1930 1935/1935
f 1935/1935 1947/1947 1943/1943
f 1930/1930 1927/1927 1935/1935
f 1930/1930 1929/1929 1927/1927
f 1929/1929 1928/1928 1927/1927
f 1943/1943 1947/1947 1940/1940
f 1904/1904 1887/1887 1825/1825
f 1904/1904 1825/1825 1918/1918
f 1887/1887 1826/1826 1825/1825
f 1887/1887 1844/1844 1826/1826
f 1826/1826 1815/1815 1825/1825
f 1826/1826 1844/1844 1816/1816
f 1826/1826 1813/1813 1815/1815
f 1826/1826 1816/1816 1813/1813
f 1935/1935 1927/1927 1947/1947
f 1927/1927 1928/1928 1868/1868
f 1927/1927 1868/1868 1879/1879
f 1940/1940 1947/1947 1938/1938
f 1940/1940 1938/1938 1939/1939
f 1947/1947 1950/1950 1938/1938
f 1939/1939 1938/1938 1937/1937
f 1938/1938 1936/1936 1937/1937
f 1937/1937 1936/1936 1904/1904
f 1919/1919 1904/1904 1918/1918
f 1938/1938 1950/1950 1936/1936
f 1879/1879 1878/1878 1948/1948
f 1950/1950 1947/1947 1948/1948
f 1950/1950 1948/1948 1951/1951
f 1927/1927 1948/1948 1947/1947
f 1927/1927 1879/1879 1948/1948
f 1936/1936 1951/1951 1887/1887
f 1936/1936 1887/1887 1904/1904
f 1950/1950 1951/1951 1936/1936
f 1879/1879 1868/1868 1878/1878
f 1867/1867 1866/1866 1844/1844
f 1867/1867 1844/1844 1868/1868
f 1868/1868 1844/1844 1878/1878
f 1878/1878 1887/1887 1951/1951
f 1878/1878 1951/1951 1948/1948
f 1878/1878 1844/1844 1887/1887
f 1844/1844 1866/1866 1838/1838
f 1838/1838 1816/1816 1844/1844
f 1838/1838 1827/1827 1816/1816
f 1816/1816 1804/1804 1813/1813
f 1816/1816 1827/1827 1804/1804
f 1827/1827 1803/1803 1804/1804
f 1993/1993 1978/1978 1994/1994
f 1994/1994 1978/1978 1995/1995
f 1995/1995 1978/1978 1984/1984
f 1978/1978 1982/1982 1984/1984
f 1984/1984 1982/1982 1985/1985
f 1985/1985 1982/1982 1987/1987
f 1987/1987 1982/1982 1983/1983
f 1991/1991 1973/1973 1976/1976
f 1992/1992 1974/1974 1991/1991
f 1991/1991 1974/1974 1973/1973
f 1974/1974 1967/1967 1973/1973
f 1967/1967 1968/1968 1973/1973
f 1967/1967 1966/1966 1968/1968
f 1991/1991 1976/1976 1993/1993
f 1993/1993 1976/1976 1978/1978
f 1976/1976 1973/1973 1975/1975
f 1976/1976 1977/1977 1978/1978
f 1976/1976 1975/1975 1977/1977
f 1973/1973 1968/1968 1975/1975
f 1978/1978 1981/1981 1982/1982
f 1978/1978 1977/1977 1981/1981
f 1977/1977 1988/1988 1981/1981
f 1892/1892 1822/1822 1869/1869
f 1921/1921 1869/1869 1901/1901
f 1921/1921 1892/1892 1869/1869
f 1869/1869 1822/1822 1820/1820
f 1975/1975 1968/1968 1980/1980
f 1975/1975 1980/1980 1979/1979
f 1975/1975 1979/1979 1977/1977
f 1977/1977 1979/1979 1988/1988
f 1982/1982 1981/1981 1983/1983
f 1988/1988 1959/1959 1981/1981
f 1979/1979 1980/1980 1952/1952
f 1979/1979 1952/1952 1988/1988
f 1980/1980 1924/1924 1952/1952
f 1988/1988 1952/1952 1953/1953
f 1988/1988 1953/1953 1959/1959
f 1959/1959 1953/1953 1958/1958
f 1969/1969 1970/1970 1966/1966
f 1969/1969 1971/1971 1970/1970
f 1969/1969 1972/1972 1971/1971
f 1966/1966 1970/1970 1968/1968
f 1968/1968 1970/1970 1923/1923
f 1968/1968 1923/1923 1980/1980
f 1971/1971 1925/1925 1970/1970
f 1923/1923 1925/1925 1921/1921
f 1970/1970 1925/1925 1923/1923
f 1921/1921 1925/1925 1954/1954
f 1892/1892 1921/1921 1954/1954
f 1925/1925 1955/1955 1954/1954
f 1971/1971 1972/1972 1955/1955
f 1956/1956 1954/1954 1955/1955
f 1971/1971 1955/1955 1925/1925
f 1921/1921 1901/1901 1922/1922
f 1980/1980 1923/1923 1924/1924
f 1924/1924 1923/1923 1922/1922
f 1923/1923 1921/1921 1922/1922
f 1922/1922 1901/1901 1958/1958
f 1924/1924 1922/1922 1952/1952
f 1952/1952 1922/1922 1953/1953
f 1922/1922 1958/1958 1953/1953
f 1896/1896 1901/1901 1877/1877
f 1901/1901 1869/1869 1877/1877
f 1869/1869 1820/1820 1877/1877
f 1896/1896 1877/1877 1886/1886
f 1877/1877 1876/1876 1886/1886
f 1983/1983 1986/1986 1987/1987
f 1983/1983 1981/1981 1960/1960
f 1983/1983 1960/1960 1986/1986
f 1981/1981 1959/1959 1960/1960
f 1960/1960 1959/1959 1958/1958
f 1960/1960 1958/1958 1957/1957
f 1960/1960 1957/1957 1986/1986
f 1990/1990 1986/1986 1989/1989
f 1986/1986 1957/1957 1961/1961
f 1986/1986 1961/1961 1989/1989
f 1898/1898 1961/1961 1912/1912
f 1898/1898 1896/1896 1897/1897
f 1958/1958 1901/1901 1957/1957
f 1957/1957 1901/1901 1912/1912
f 1912/1912 1961/1961 1957/1957
f 1901/1901 1896/1896 1912/1912
f 1896/1896 1898/1898 1912/1912
f 1896/1896 1886/1886 1897/1897
f 1876/1876 1881/1881 1895/1895
f 1918/1918 1825/1825 1892/1892
f 1822/1822 1814/1814 1820/1820
f 1814/1814 1819/1819 1820/1820
f 1892/1892 1825/1825 1822/1822
f 1825/1825 1814/1814 1822/1822
f 1825/1825 1815/1815 1814/1814
f 1815/1815 1813/1813 1814/1814
f 1814/1814 1810/1810 1819/1819
f 1814/1814 1813/1813 1810/1810
f 1918/1918 1892/1892 1954/1954
f 1918/1918 1956/1956 1919/1919
f 1918/1918 1954/1954 1956/1956
f 1877/1877 1820/1820 1876/1876
f 1820/1820 1819/1819 1821/1821
f 1820/1820 1821/1821 1841/1841
f 1876/1876 1820/1820 1841/1841
f 1876/1876 1841/1841 1881/1881
f 1819/1819 1831/1831 1821/1821
f 1819/1819 1810/1810 1831/1831
f 1810/1810 1828/1828 1831/1831
f 1821/1821 1833/1833 1841/1841
f 1841/1841 1833/1833 1874/1874
f 1821/1821 1831/1831 1833/1833
f 1831/1831 1834/1834 1833/1833
f 1804/1804 1800/1800 1813/1813
f 1813/1813 1800/1800 1810/1810
f 1804/1804 1803/1803 1800/1800
f 1800/1800 1802/1802 1810/1810
f 1800/1800 1801/1801 1802/1802
f 1810/1810 1802/1802 1828/1828
f 1831/1831 1828/1828 1837/1837
f 1831/1831 1837/1837 1834/1834
f 1837/1837 1828/1828 1836/1836
f 1837/1837 1836/1836 1834/1834
f 1802/1802 1823/1823 1828/1828
f 1828/1828 1823/1823 1836/1836
f 1800/1800 1803/1803 1801/1801
f 1803/1803 1812/1812 1801/1801
f 1812/1812 1807/1807 1801/1801
f 1801/1801 1807/1807 1806/1806
f 1802/1802 1801/1801 1805/1805
f 1802/1802 1805/1805 1823/1823
f 1823/1823 1824/1824 1836/1836
f 1823/1823 1805/1805 1824/1824
f 1801/1801 1806/1806 1805/1805
f 1805/1805 1829/1829 1824/1824
f 1805/1805 1806/1806 1829/1829
f 1829/1829 1806/1806 1830/1830
f 1812/1812 1832/1832 1807/1807
f 1832/1832 1808/1808 1807/1807
f 1807/1807 1808/1808 1806/1806
f 1806/1806 1809/1809 1830/1830
f 1832/1832 1811/1811 1808/1808
f 1808/1808 1809/1809 1806/1806
f 1808/1808 1811/1811 1809/1809
f 1830/1830 1809/1809 1845/1845
f 1832/1832 1840/1840 1811/1811
f 1845/1845 1809/1809 1846/1846
f 1809/1809 1817/1817 1846/1846
f 1809/1809 1811/1811 1817/1817
f 1840/1840 1818/1818 1811/1811
f 1871/1871 1870/1870 1818/1818
f 1811/1811 1818/1818 1817/1817
f 1817/1817 1818/1818 1842/1842
f 1818/1818 1870/1870 1843/1843
f 1818/1818 1843/1843 1842/1842
f 1870/1870 1873/1873 1843/1843
f 1873/1873 1849/1849 1843/1843
f 1873/1873 1852/1852 1849/1849
f 1849/1849 1852/1852 1851/1851
f 1852/1852 1863/1863 1851/1851
f 1863/1863 1859/1859 1851/1851
f 1881/1881 1926/1926 1895/1895
f 1926/1926 1881/1881 1910/1910
f 1881/1881 1874/1874 1910/1910
f 1881/1881 1841/1841 1874/1874
f 1910/1910 1874/1874 1902/1902
f 1902/1902 1874/1874 1893/1893
f 1833/1833 1835/1835 1874/1874
f 1874/1874 1835/1835 1875/1875
f 1874/1874 1875/1875 1893/1893
f 1875/1875 1835/1835 1899/1899
f 1833/1833 1834/1834 1835/1835
f 1835/1835 1834/1834 1890/1890
f 1834/1834 1839/1839 1890/1890
f 1835/1835 1890/1890 1899/1899
f 1834/1834 1836/1836 1839/1839
f 1890/1890 1839/1839 1884/1884
f 1836/1836 1884/1884 1839/1839
f 1890/1890 1884/1884 1913/1913
f 1836/1836 1824/1824 1884/1884
f 1884/1884 1848/1848 1913/1913
f 1824/1824 1848/1848 1884/1884
f 1913/1913 1848/1848 1917/1917
f 1829/1829 1848/1848 1824/1824
f 1829/1829 1830/1830 1848/1848
f 1848/1848 1880/1880 1917/1917
f 1848/1848 1830/1830 1880/1880
f 1880/1880 1888/1888 1908/1908
f 1830/1830 1845/1845 1880/1880
f 1845/1845 1888/1888 1880/1880
f 1845/1845 1889/1889 1888/1888
f 1880/1880 1908/1908 1920/1920
f 1888/1888 1889/1889 1908/1908
f 1908/1908 1889/1889 1911/1911
f 1889/1889 1845/1845 1846/1846
f 1889/1889 1846/1846 1894/1894
f 1817/1817 1847/1847 1846/1846
f 1817/1817 1842/1842 1847/1847
f 1846/1846 1847/1847 1891/1891
f 1891/1891 1847/1847 1900/1900
f 1843/1843 1849/1849 1842/1842
f 1847/1847 1862/1862 1872/1872
f 1842/1842 1850/1850 1862/1862
f 1849/1849 1850/1850 1842/1842
f 1862/1862 1850/1850 1856/1856
f 1849/1849 1851/1851 1850/1850
f 1850/1850 1853/1853 1856/1856
f 1850/1850 1851/1851 1853/1853
f 1872/1872 1862/1862 1857/1857
f 1862/1862 1856/1856 1857/1857
f 1842/1842 1862/1862 1847/1847
f 1872/1872 1882/1882 1883/1883
f 1857/1857 1882/1882 1872/1872
f 1857/1857 1858/1858 1882/1882
f 1847/1847 1872/1872 1900/1900
f 1872/1872 1883/1883 1900/1900
f 1851/1851 1859/1859 1854/1854
f 1851/1851 1854/1854 1853/1853
f 1853/1853 1855/1855 1856/1856
f 1856/1856 1855/1855 1857/1857
f 1857/1857 1855/1855 1858/1858
f 1853/1853 1854/1854 1855/1855
f 1859/1859 1864/1864 1854/1854
f 1854/1854 1864/1864 1860/1860
f 1864/1864 1906/1906 1860/1860
f 1855/1855 1861/1861 1865/1865
f 1854/1854 1860/1860 1855/1855
f 1855/1855 1860/1860 1861/1861
f 1859/1859 1905/1905 1864/1864
f 1905/1905 1914/1914 1864/1864
f 1864/1864 1914/1914 1906/1906
f 1905/1905 1915/1915 1914/1914
f 1860/1860 1906/1906 1861/1861
f 1882/1882 1858/1858 1885/1885
f 1858/1858 1855/1855 1865/1865
f 1861/1861 1903/1903 1865/1865
f 1906/1906 1914/1914 1909/1909
f 1906/1906 1907/1907 1861/1861
f 1906/1906 1909/1909 1907/1907
f 1861/1861 1907/1907 1903/1903
f 1907/1907 1909/1909 1934/1934
f 1907/1907 1934/1934 1916/1916
f 1907/1907 1916/1916 1903/1903
f 2003/2003 2004/2004 2005/2005
f 2005/2005 2004/2004 2006/2006
f 1996/1996 1998/1998 1999/1999
f 1996/1996 1997/1997 1998/1998
f 2000/2000 2001/2001 2002/2002
f 2015/2015 2009/2009 2014/2014
f 2009/2009 2013/2013 2014/2014
f 2011/2011 2012/2012 2010/2010
f 2010/2010 2007/2007 2009/2009
f 2010/2010 2009/2009 2011/2011
f 2007/2007 2008/2008 2009/2009
f 2009/2009 2008/2008 2013/2013
f 2016/2016 2017/2017 2018/2018
f 2017/2017 2019/2019 2018/2018
f 2035/2035 2034/2034 2032/2032
f 2034/2034 2031/2031 2032/2032
f 2032/2032 2031/2031 2033/2033
f 2031/2031 2030/2030 2033/2033
f 2031/2031 2028/2028 2030/2030
f 2020/2020 2022/2022 2023/2023
f 2020/2020 2021/2021 2022/2022
f 2021/2021 2025/2025 2022/2022
f 2022/2022 2024/2024 2023/2023
f 2032/2032 2036/2036 2035/2035
f 2032/2032 2033/2033 2036/2036
f 2033/2033 2037/2037 2036/2036
f 2038/2038 2030/2030 2039/2039
f 2038/2038 2039/2039 2040/2040
f 2030/2030 2029/2029 2039/2039
f 2030/2030 2028/2028 2029/2029
f 2060/2060 2061/2061 2062/2062
f 2040/2040 2048/2048 2049/2049
f 2040/2040 2039/2039 2048/2048
f 2033/2033 2030/2030 2038/2038
f 2048/2048 2044/2044 2043/2043
f 2048/2048 2039/2039 2044/2044
f 2026/2026 2027/2027 2028/2028
f 2029/2029 2044/2044 2039/2039
f 2028/2028 2027/2027 2029/2029
f 2029/2029 2027/2027 2044/2044
f 2044/2044 2027/2027 2041/2041
f 2027/2027 2050/2050 2041/2041
f 2050/2050 2047/2047 2041/2041
f 2050/2050 2052/2052 2047/2047
f 2047/2047 2052/2052 2053/2053
f 2044/2044 2041/2041 2043/2043
f 2041/2041 2042/2042 2043/2043
f 2058/2058 2042/2042 2057/2057
f 2057/2057 2042/2042 2046/2046
f 2042/2042 2045/2045 2046/2046
f 2042/2042 2041/2041 2045/2045
f 2041/2041 2047/2047 2045/2045
f 2059/2059 2045/2045 2051/2051
f 2047/2047 2051/2051 2045/2045
f 2047/2047 2053/2053 2054/2054
f 2047/2047 2056/2056 2051/2051
f 2047/2047 2054/2054 2055/2055
f 2066/2066 2068/2068 2064/2064
f 2066/2066 2064/2064 2063/2063
f 2068/2068 2069/2069 2064/2064
f 2082/2082 2077/2077 2081/2081
f 2069/2069 2068/2068 2073/2073
f 2083/2083 2082/2082 2081/2081
f 2075/2075 2076/2076 2077/2077
f 2076/2076 2078/2078 2077/2077
f 2079/2079 2075/2075 2077/2077
f 2078/2078 2080/2080 2077/2077
f 2077/2077 2080/2080 2081/2081
f 2084/2084 2085/2085 2086/2086
f 2063/2063 2064/2064 2065/2065
f 2064/2064 2067/2067 2065/2065
f 2073/2073 2071/2071 2069/2069
f 2069/2069 2071/2071 2064/2064
f 2064/2064 2071/2071 2067/2067
f 2063/2063 2065/2065 2070/2070
f 2065/2065 2072/2072 2070/2070
f 2085/2085 2087/2087 2086/2086
f 2087/2087 2085/2085 2088/2088
f 2073/2073 2074/2074 2071/2071
f 2095/2095 2097/2097 2092/2092
f 2097/2097 2107/2107 2092/2092
f 2107/2107 2102/2102 2092/2092
f 2092/2092 2094/2094 2095/2095
f 2096/2096 2103/2103 2106/2106
f 2095/2095 2094/2094 2096/2096
f 2096/2096 2094/2094 2103/2103
f 2094/2094 2104/2104 2103/2103
f 2092/2092 2093/2093 2094/2094
f 2092/2092 2102/2102 2093/2093
f 2094/2094 2105/2105 2104/2104
f 2089/2089 2090/2090 2091/2091
f 2094/2094 2093/2093 2098/2098
f 2107/2107 2108/2108 2102/2102
f 2108/2108 2101/2101 2102/2102
f 2108/2108 2109/2109 2101/2101
f 2098/2098 2093/2093 2099/2099
f 2093/2093 2100/2100 2099/2099
f 2102/2102 2101/2101 2093/2093
f 2101/2101 2100/2100 2093/2093
f 2136/2136 2133/2133 2135/2135
f 2138/2138 2139/2139 2140/2140
f 2135/2135 2129/2129 2138/2138
f 2138/2138 2130/2130 2139/2139
f 2138/2138 2129/2129 2130/2130
f 2130/2130 2129/2129 2127/2127
f 2133/2133 2131/2131 2135/2135
f 2133/2133 2132/2132 2131/2131
f 2131/2131 2132/2132 2128/2128
f 2133/2133 2137/2137 2132/2132
f 2132/2132 2115/2115 2128/2128
f 2135/2135 2131/2131 2129/2129
f 2129/2129 2131/2131 2128/2128
f 2129/2129 2128/2128 2127/2127
f 2128/2128 2110/2110 2127/2127
f 2113/2113 2127/2127 2110/2110
f 2110/2110 2112/2112 2113/2113
f 2115/2115 2110/2110 2128/2128
f 2115/2115 2114/2114 2110/2110
f 2114/2114 2111/2111 2110/2110
f 2110/2110 2111/2111 2112/2112
f 2116/2116 2111/2111 2114/2114
f 2116/2116 2117/2117 2111/2111
f 2111/2111 2117/2117 2118/2118
f 2112/2112 2111/2111 2119/2119
f 2111/2111 2120/2120 2119/2119
f 2111/2111 2118/2118 2120/2120
f 2134/2134 2122/2122 2118/2118
f 2120/2120 2118/2118 2119/2119
f 2118/2118 2121/2121 2119/2119
f 2118/2118 2122/2122 2121/2121
f 2122/2122 2125/2125 2121/2121
f 2119/2119 2121/2121 2123/2123
f 2123/2123 2121/2121 2124/2124
f 2121/2121 2125/2125 2126/2126
f 2145/2145 2142/2142 2141/2141
f 2141/2141 2142/2142 2143/2143
f 2141/2141 2143/2143 2144/2144
f 2146/2146 2147/2147 2148/2148
f 2149/2149 2150/2150 2151/2151
f 2156/2156 2155/2155 2154/2154
f 2153/2153 2157/2157 2154/2154
f 2153/2153 2154/2154 2155/2155
f 2150/2150 2152/2152 2151/2151
f 2163/2163 2164/2164 2165/2165
f 2165/2165 2164/2164 2166/2166
f 2161/2161 2158/2158 2160/2160
f 2158/2158 2159/2159 2160/2160
f 2159/2159 2162/2162 2160/2160
f 2173/2173 2170/2170 2172/2172
f 2167/2167 2168/2168 2169/2169
f 2170/2170 2171/2171 2172/2172
f 2330/2330 2329/2329 2331/2331
f 2331/2331 2329/2329 2333/2333
f 2330/2330 2328/2328 2329/2329
f 2333/2333 2329/2329 2326/2326
f 2329/2329 2328/2328 2326/2326
f 2248/2248 2245/2245 2228/2228
f 2248/2248 2228/2228 2231/2231
f 2328/2328 2327/2327 2326/2326
f 2333/2333 2326/2326 2307/2307
f 2326/2326 2306/2306 2307/2307
f 2307/2307 2306/2306 2305/2305
f 2326/2326 2327/2327 2306/2306
f 2327/2327 2332/2332 2306/2306
f 2306/2306 2268/2268 2305/2305
f 2305/2305 2268/2268 2297/2297
f 2297/2297 2268/2268 2254/2254
f 2305/2305 2297/2297 2307/2307
f 2268/2268 2231/2231 2254/2254
f 2268/2268 2248/2248 2231/2231
f 2231/2231 2228/2228 2223/2223
f 2254/2254 2298/2298 2297/2297
f 2254/2254 2231/2231 2223/2223
f 2254/2254 2223/2223 2253/2253
f 2298/2298 2254/2254 2253/2253
f 2298/2298 2253/2253 2288/2288
f 2215/2215 2214/2214 2213/2213
f 2214/2214 2203/2203 2213/2213
f 2213/2213 2203/2203 2211/2211
f 2203/2203 2205/2205 2206/2206
f 2203/2203 2206/2206 2211/2211
f 2286/2286 2246/2246 2239/2239
f 2286/2286 2299/2299 2246/2246
f 2299/2299 2291/2291 2246/2246
f 2211/2211 2206/2206 2210/2210
f 2299/2299 2318/2318 2212/2212
f 2299/2299 2212/2212 2291/2291
f 2212/2212 2301/2301 2291/2291
f 2318/2318 2210/2210 2212/2212
f 2210/2210 2209/2209 2212/2212
f 2210/2210 2206/2206 2209/2209
f 2212/2212 2209/2209 2301/2301
f 2245/2245 2240/2240 2228/2228
f 2239/2239 2229/2229 2240/2240
f 2240/2240 2229/2229 2228/2228
f 2239/2239 2238/2238 2229/2229
f 2229/2229 2238/2238 2237/2237
f 2229/2229 2237/2237 2225/2225
f 2229/2229 2224/2224 2228/2228
f 2229/2229 2225/2225 2224/2224
f 2239/2239 2246/2246 2238/2238
f 2246/2246 2247/2247 2238/2238
f 2247/2247 2241/2241 2238/2238
f 2238/2238 2241/2241 2237/2237
f 2246/2246 2291/2291 2247/2247
f 2291/2291 2292/2292 2247/2247
f 2247/2247 2262/2262 2241/2241
f 2247/2247 2292/2292 2262/2262
f 2237/2237 2241/2241 2242/2242
f 2237/2237 2242/2242 2227/2227
f 2260/2260 2259/2259 2256/2256
f 2241/2241 2262/2262 2260/2260
f 2241/2241 2256/2256 2242/2242
f 2241/2241 2260/2260 2256/2256
f 2301/2301 2292/2292 2291/2291
f 2228/2228 2224/2224 2223/2223
f 2224/2224 2225/2225 2220/2220
f 2225/2225 2227/2227 2220/2220
f 2223/2223 2224/2224 2220/2220
f 2253/2253 2223/2223 2222/2222
f 2223/2223 2220/2220 2222/2222
f 2237/2237 2227/2227 2225/2225
f 2242/2242 2243/2243 2227/2227
f 2242/2242 2255/2255 2243/2243
f 2243/2243 2255/2255 2244/2244
f 2220/2220 2227/2227 2221/2221
f 2227/2227 2243/2243 2221/2221
f 2253/2253 2222/2222 2288/2288
f 2222/2222 2220/2220 2216/2216
f 2216/2216 2232/2232 2222/2222
f 2220/2220 2217/2217 2216/2216
f 2288/2288 2222/2222 2232/2232
f 2200/2200 2198/2198 2199/2199
f 2199/2199 2198/2198 2186/2186
f 2232/2232 2216/2216 2218/2218
f 2216/2216 2217/2217 2218/2218
f 2220/2220 2221/2221 2217/2217
f 2221/2221 2243/2243 2217/2217
f 2217/2217 2243/2243 2244/2244
f 2244/2244 2269/2269 2251/2251
f 2217/2217 2219/2219 2218/2218
f 2219/2219 2217/2217 2236/2236
f 2217/2217 2244/2244 2251/2251
f 2217/2217 2251/2251 2236/2236
f 2236/2236 2251/2251 2295/2295
f 2186/2186 2198/2198 2197/2197
f 2232/2232 2218/2218 2230/2230
f 2230/2230 2218/2218 2226/2226
f 2218/2218 2219/2219 2226/2226
f 2230/2230 2226/2226 2249/2249
f 2186/2186 2197/2197 2180/2180
f 2186/2186 2180/2180 2185/2185
f 2219/2219 2236/2236 2233/2233
f 2236/2236 2295/2295 2266/2266
f 2236/2236 2266/2266 2233/2233
f 2219/2219 2233/2233 2226/2226
f 2233/2233 2234/2234 2226/2226
f 2233/2233 2287/2287 2234/2234
f 2180/2180 2179/2179 2185/2185
f 2180/2180 2178/2178 2179/2179
f 2226/2226 2235/2235 2249/2249
f 2178/2178 2180/2180 2187/2187
f 2249/2249 2235/2235 2250/2250
f 2226/2226 2234/2234 2235/2235
f 2178/2178 2187/2187 2182/2182
f 2261/2261 2252/2252 2263/2263
f 2235/2235 2252/2252 2250/2250
f 2235/2235 2234/2234 2252/2252
f 2250/2250 2252/2252 2261/2261
f 2250/2250 2261/2261 2289/2289
f 2182/2182 2181/2181 2174/2174
f 2261/2261 2263/2263 2264/2264
f 2196/2196 2181/2181 2182/2182
f 2196/2196 2188/2188 2181/2181
f 2264/2264 2263/2263 2282/2282
f 2264/2264 2282/2282 2285/2285
f 2188/2188 2189/2189 2183/2183
f 2188/2188 2183/2183 2181/2181
f 2181/2181 2183/2183 2175/2175
f 2181/2181 2175/2175 2174/2174
f 2178/2178 2177/2177 2179/2179
f 2182/2182 2174/2174 2178/2178
f 2178/2178 2174/2174 2177/2177
f 2177/2177 2174/2174 2176/2176
f 2174/2174 2175/2175 2176/2176
f 2282/2282 2277/2277 2285/2285
f 2189/2189 2195/2195 2193/2193
f 2189/2189 2193/2193 2190/2190
f 2193/2193 2192/2192 2190/2190
f 2189/2189 2190/2190 2183/2183
f 2183/2183 2190/2190 2191/2191
f 2183/2183 2184/2184 2175/2175
f 2190/2190 2192/2192 2191/2191
f 2192/2192 2193/2193 2194/2194
f 2194/2194 2193/2193 2201/2201
f 2194/2194 2201/2201 2202/2202
f 2203/2203 2204/2204 2205/2205
f 2206/2206 2207/2207 2209/2209
f 2206/2206 2205/2205 2207/2207
f 2205/2205 2208/2208 2207/2207
f 2334/2334 2325/2325 2301/2301
f 2209/2209 2334/2334 2301/2301
f 2262/2262 2292/2292 2267/2267
f 2292/2292 2316/2316 2267/2267
f 2325/2325 2316/2316 2292/2292
f 2267/2267 2294/2294 2259/2259
f 2260/2260 2267/2267 2259/2259
f 2259/2259 2294/2294 2258/2258
f 2262/2262 2267/2267 2260/2260
f 2267/2267 2316/2316 2294/2294
f 2316/2316 2321/2321 2294/2294
f 2294/2294 2321/2321 2312/2312
f 2294/2294 2312/2312 2258/2258
f 2321/2321 2338/2338 2312/2312
f 2312/2312 2338/2338 2340/2340
f 2301/2301 2325/2325 2292/2292
f 2259/2259 2258/2258 2256/2256
f 2242/2242 2256/2256 2255/2255
f 2258/2258 2257/2257 2256/2256
f 2256/2256 2257/2257 2255/2255
f 2257/2257 2258/2258 2314/2314
f 2257/2257 2314/2314 2269/2269
f 2258/2258 2312/2312 2314/2314
f 2340/2340 2339/2339 2312/2312
f 2312/2312 2339/2339 2314/2314
f 2255/2255 2257/2257 2269/2269
f 2255/2255 2269/2269 2244/2244
f 2269/2269 2314/2314 2317/2317
f 2314/2314 2339/2339 2317/2317
f 2317/2317 2339/2339 2337/2337
f 2269/2269 2317/2317 2251/2251
f 2317/2317 2337/2337 2302/2302
f 2317/2317 2302/2302 2251/2251
f 2302/2302 2337/2337 2315/2315
f 2251/2251 2302/2302 2295/2295
f 2295/2295 2309/2309 2266/2266
f 2233/2233 2266/2266 2287/2287
f 2302/2302 2315/2315 2295/2295
f 2295/2295 2315/2315 2309/2309
f 2266/2266 2309/2309 2287/2287
f 2234/2234 2287/2287 2270/2270
f 2234/2234 2270/2270 2252/2252
f 2270/2270 2265/2265 2252/2252
f 2270/2270 2300/2300 2265/2265
f 2282/2282 2263/2263 2273/2273
f 2263/2263 2272/2272 2273/2273
f 2263/2263 2271/2271 2272/2272
f 2271/2271 2278/2278 2272/2272
f 2252/2252 2265/2265 2263/2263
f 2265/2265 2300/2300 2293/2293
f 2263/2263 2265/2265 2271/2271
f 2293/2293 2271/2271 2265/2265
f 2271/2271 2283/2283 2278/2278
f 2283/2283 2284/2284 2278/2278
f 2283/2283 2296/2296 2284/2284
f 2300/2300 2320/2320 2293/2293
f 2293/2293 2320/2320 2310/2310
f 2300/2300 2335/2335 2320/2320
f 2271/2271 2293/2293 2283/2283
f 2293/2293 2310/2310 2283/2283
f 2283/2283 2310/2310 2296/2296
f 2309/2309 2313/2313 2287/2287
f 2287/2287 2313/2313 2270/2270
f 2313/2313 2319/2319 2270/2270
f 2270/2270 2319/2319 2300/2300
f 2319/2319 2335/2335 2300/2300
f 2282/2282 2273/2273 2277/2277
f 2273/2273 2272/2272 2274/2274
f 2273/2273 2274/2274 2275/2275
f 2277/2277 2273/2273 2275/2275
f 2277/2277 2275/2275 2279/2279
f 2275/2275 2274/2274 2276/2276
f 2272/2272 2278/2278 2274/2274
f 2274/2274 2278/2278 2280/2280
f 2278/2278 2281/2281 2280/2280
f 2275/2275 2276/2276 2279/2279
f 2274/2274 2280/2280 2276/2276
f 2277/2277 2279/2279 2304/2304
f 2304/2304 2279/2279 2311/2311
f 2276/2276 2290/2290 2279/2279
f 2279/2279 2290/2290 2311/2311
f 2280/2280 2281/2281 2303/2303
f 2276/2276 2280/2280 2290/2290
f 2280/2280 2308/2308 2290/2290
f 2280/2280 2303/2303 2308/2308
f 2278/2278 2284/2284 2281/2281
f 2308/2308 2303/2303 2322/2322
f 2311/2311 2290/2290 2324/2324
f 2290/2290 2336/2336 2324/2324
f 2290/2290 2308/2308 2336/2336
f 2308/2308 2323/2323 2336/2336
f 2308/2308 2322/2322 2323/2323
f 2361/2361 2363/2363 2364/2364
f 2361/2361 2362/2362 2363/2363
f 2366/2366 2367/2367 2368/2368
f 2363/2363 2362/2362 2365/2365
f 2366/2366 2368/2368 2369/2369
f 2352/2352 2349/2349 2351/2351
f 2354/2354 2344/2344 2356/2356
f 2356/2356 2344/2344 2359/2359
f 2354/2354 2353/2353 2344/2344
f 2353/2353 2341/2341 2344/2344
f 2352/2352 2351/2351 2355/2355
f 2344/2344 2343/2343 2359/2359
f 2355/2355 2341/2341 2353/2353
f 2355/2355 2351/2351 2341/2341
f 2351/2351 2349/2349 2341/2341
f 2349/2349 2345/2345 2341/2341
f 2344/2344 2341/2341 2343/2343
f 2341/2341 2342/2342 2343/2343
f 2341/2341 2345/2345 2342/2342
f 2343/2343 2342/2342 2357/2357
f 2357/2357 2342/2342 2347/2347
f 2343/2343 2357/2357 2359/2359
f 2357/2357 2347/2347 2358/2358
f 2342/2342 2345/2345 2346/2346
f 2342/2342 2346/2346 2347/2347
f 2347/2347 2346/2346 2348/2348
f 2345/2345 2350/2350 2346/2346
f 2346/2346 2350/2350 2348/2348
f 2348/2348 2350/2350 2360/2360
f 2648/2648 2647/2647 2632/2632
f 2655/2655 2633/2633 2635/2635
f 2633/2633 2630/2630 2635/2635
f 2633/2633 2632/2632 2630/2630
f 2632/2632 2647/2647 2631/2631
f 2632/2632 2631/2631 2630/2630
f 2630/2630 2631/2631 2623/2623
f 2647/2647 2626/2626 2631/2631
f 2631/2631 2626/2626 2623/2623
f 2626/2626 2621/2621 2623/2623
f 2626/2626 2640/2640 2621/2621
f 2640/2640 2641/2641 2621/2621
f 2641/2641 2625/2625 2621/2621
f 2621/2621 2625/2625 2618/2618
f 2621/2621 2618/2618 2620/2620
f 2641/2641 2658/2658 2625/2625
f 2635/2635 2630/2630 2638/2638
f 2630/2630 2629/2629 2638/2638
f 2630/2630 2623/2623 2629/2629
f 2629/2629 2623/2623 2628/2628
f 2628/2628 2623/2623 2622/2622
f 2623/2623 2621/2621 2622/2622
f 2621/2621 2620/2620 2622/2622
f 2628/2628 2622/2622 2624/2624
f 2622/2622 2620/2620 2624/2624
f 2628/2628 2624/2624 2646/2646
f 2618/2618 2619/2619 2620/2620
f 2620/2620 2619/2619 2624/2624
f 2619/2619 2627/2627 2624/2624
f 2624/2624 2627/2627 2646/2646
f 2646/2646 2627/2627 2645/2645
f 2658/2658 2644/2644 2625/2625
f 2625/2625 2644/2644 2617/2617
f 2658/2658 2649/2649 2644/2644
f 2644/2644 2649/2649 2613/2613
f 2625/2625 2617/2617 2618/2618
f 2617/2617 2616/2616 2618/2618
f 2618/2618 2616/2616 2619/2619
f 2617/2617 2644/2644 2613/2613
f 2619/2619 2616/2616 2627/2627
f 2617/2617 2602/2602 2616/2616
f 2660/2660 2654/2654 2659/2659
f 2654/2654 2652/2652 2659/2659
f 2659/2659 2652/2652 2657/2657
f 2652/2652 2650/2650 2657/2657
f 2649/2649 2634/2634 2613/2613
f 2649/2649 2653/2653 2634/2634
f 2653/2653 2608/2608 2634/2634
f 2617/2617 2613/2613 2602/2602
f 2634/2634 2606/2606 2613/2613
f 2613/2613 2606/2606 2602/2602
f 2616/2616 2602/2602 2601/2601
f 2601/2601 2602/2602 2600/2600
f 2645/2645 2627/2627 2612/2612
f 2616/2616 2612/2612 2627/2627
f 2616/2616 2601/2601 2612/2612
f 2645/2645 2612/2612 2639/2639
f 2654/2654 2639/2639 2652/2652
f 2639/2639 2636/2636 2652/2652
f 2612/2612 2636/2636 2639/2639
f 2612/2612 2601/2601 2605/2605
f 2601/2601 2600/2600 2599/2599
f 2636/2636 2612/2612 2605/2605
f 2605/2605 2601/2601 2599/2599
f 2634/2634 2608/2608 2606/2606
f 2606/2606 2600/2600 2602/2602
f 2606/2606 2603/2603 2600/2600
f 2606/2606 2608/2608 2603/2603
f 2653/2653 2637/2637 2608/2608
f 2608/2608 2637/2637 2607/2607
f 2608/2608 2607/2607 2603/2603
f 2600/2600 2603/2603 2567/2567
f 2600/2600 2567/2567 2599/2599
f 2603/2603 2604/2604 2567/2567
f 2636/2636 2650/2650 2652/2652
f 2636/2636 2615/2615 2650/2650
f 2657/2657 2650/2650 2656/2656
f 2605/2605 2599/2599 2568/2568
f 2605/2605 2568/2568 2636/2636
f 2567/2567 2568/2568 2599/2599
f 2567/2567 2563/2563 2560/2560
f 2568/2568 2567/2567 2560/2560
f 2636/2636 2568/2568 2615/2615
f 2568/2568 2560/2560 2592/2592
f 2615/2615 2568/2568 2592/2592
f 2656/2656 2650/2650 2651/2651
f 2650/2650 2615/2615 2651/2651
f 2615/2615 2642/2642 2651/2651
f 2615/2615 2592/2592 2642/2642
f 2431/2431 2429/2429 2430/2430
f 2430/2430 2429/2429 2427/2427
f 2642/2642 2592/2592 2643/2643
f 2429/2429 2417/2417 2427/2427
f 2417/2417 2380/2380 2427/2427
f 2637/2637 2597/2597 2607/2607
f 2607/2607 2604/2604 2603/2603
f 2597/2597 2578/2578 2607/2607
f 2597/2597 2588/2588 2578/2578
f 2604/2604 2607/2607 2566/2566
f 2604/2604 2566/2566 2563/2563
f 2607/2607 2578/2578 2566/2566
f 2578/2578 2564/2564 2566/2566
f 2588/2588 2579/2579 2578/2578
f 2579/2579 2564/2564 2578/2578
f 2579/2579 2580/2580 2564/2564
f 2582/2582 2583/2583 2580/2580
f 2579/2579 2582/2582 2580/2580
f 2580/2580 2585/2585 2581/2581
f 2580/2580 2581/2581 2564/2564
f 2567/2567 2604/2604 2563/2563
f 2563/2563 2566/2566 2561/2561
f 2563/2563 2561/2561 2560/2560
f 2560/2560 2556/2556 2557/2557
f 2560/2560 2561/2561 2556/2556
f 2561/2561 2558/2558 2556/2556
f 2566/2566 2564/2564 2561/2561
f 2561/2561 2564/2564 2558/2558
f 2558/2558 2564/2564 2565/2565
f 2564/2564 2581/2581 2565/2565
f 2565/2565 2581/2581 2485/2485
f 2558/2558 2554/2554 2556/2556
f 2558/2558 2565/2565 2559/2559
f 2565/2565 2486/2486 2559/2559
f 2565/2565 2485/2485 2486/2486
f 2486/2486 2485/2485 2483/2483
f 2558/2558 2559/2559 2554/2554
f 2486/2486 2493/2493 2559/2559
f 2560/2560 2557/2557 2592/2592
f 2556/2556 2555/2555 2557/2557
f 2556/2556 2554/2554 2555/2555
f 2555/2555 2554/2554 2548/2548
f 2592/2592 2557/2557 2572/2572
f 2592/2592 2572/2572 2643/2643
f 2557/2557 2555/2555 2572/2572
f 2408/2408 2392/2392 2387/2387
f 2417/2417 2408/2408 2387/2387
f 2555/2555 2562/2562 2572/2572
f 2562/2562 2555/2555 2548/2548
f 2392/2392 2388/2388 2387/2387
f 2562/2562 2548/2548 2549/2549
f 2562/2562 2549/2549 2594/2594
f 2554/2554 2559/2559 2550/2550
f 2554/2554 2550/2550 2548/2548
f 2559/2559 2551/2551 2550/2550
f 2559/2559 2493/2493 2551/2551
f 2550/2550 2551/2551 2547/2547
f 2551/2551 2493/2493 2473/2473
f 2551/2551 2473/2473 2547/2547
f 2549/2549 2548/2548 2546/2546
f 2550/2550 2547/2547 2548/2548
f 2546/2546 2548/2548 2547/2547
f 2547/2547 2545/2545 2546/2546
f 2547/2547 2610/2610 2545/2545
f 2380/2380 2379/2379 2377/2377
f 2417/2417 2387/2387 2380/2380
f 2380/2380 2387/2387 2379/2379
f 2387/2387 2388/2388 2379/2379
f 2549/2549 2546/2546 2552/2552
f 2549/2549 2552/2552 2594/2594
f 2552/2552 2546/2546 2544/2544
f 2546/2546 2545/2545 2544/2544
f 2593/2593 2587/2587 2583/2583
f 2587/2587 2586/2586 2583/2583
f 2587/2587 2502/2502 2586/2586
f 2502/2502 2445/2445 2586/2586
f 2502/2502 2444/2444 2445/2445
f 2444/2444 2442/2442 2445/2445
f 2444/2444 2441/2441 2442/2442
f 2583/2583 2584/2584 2580/2580
f 2580/2580 2584/2584 2585/2585
f 2583/2583 2586/2586 2584/2584
f 2584/2584 2446/2446 2585/2585
f 2586/2586 2445/2445 2584/2584
f 2445/2445 2442/2442 2443/2443
f 2584/2584 2445/2445 2446/2446
f 2446/2446 2458/2458 2585/2585
f 2445/2445 2443/2443 2446/2446
f 2446/2446 2443/2443 2458/2458
f 2443/2443 2447/2447 2458/2458
f 2585/2585 2458/2458 2456/2456
f 2585/2585 2456/2456 2581/2581
f 2581/2581 2456/2456 2485/2485
f 2486/2486 2483/2483 2493/2493
f 2483/2483 2474/2474 2493/2493
f 2493/2493 2474/2474 2472/2472
f 2472/2472 2474/2474 2470/2470
f 2493/2493 2472/2472 2473/2473
f 2472/2472 2471/2471 2473/2473
f 2473/2473 2610/2610 2547/2547
f 2610/2610 2473/2473 2471/2471
f 2610/2610 2471/2471 2468/2468
f 2610/2610 2468/2468 2545/2545
f 2381/2381 2380/2380 2377/2377
f 2377/2377 2376/2376 2378/2378
f 2379/2379 2375/2375 2377/2377
f 2379/2379 2382/2382 2375/2375
f 2379/2379 2388/2388 2382/2382
f 2377/2377 2375/2375 2376/2376
f 2376/2376 2375/2375 2374/2374
f 2388/2388 2396/2396 2382/2382
f 2544/2544 2545/2545 2543/2543
f 2594/2594 2552/2552 2589/2589
f 2552/2552 2544/2544 2589/2589
f 2375/2375 2370/2370 2374/2374
f 2375/2375 2382/2382 2370/2370
f 2370/2370 2382/2382 2383/2383
f 2382/2382 2396/2396 2383/2383
f 2374/2374 2370/2370 2372/2372
f 2370/2370 2371/2371 2372/2372
f 2370/2370 2383/2383 2371/2371
f 2371/2371 2373/2373 2372/2372
f 2383/2383 2384/2384 2371/2371
f 2611/2611 2589/2589 2590/2590
f 2589/2589 2542/2542 2590/2590
f 2544/2544 2542/2542 2589/2589
f 2544/2544 2543/2543 2542/2542
f 2542/2542 2541/2541 2539/2539
f 2611/2611 2590/2590 2591/2591
f 2383/2383 2389/2389 2384/2384
f 2542/2542 2539/2539 2590/2590
f 2590/2590 2539/2539 2591/2591
f 2371/2371 2384/2384 2385/2385
f 2385/2385 2386/2386 2371/2371
f 2384/2384 2389/2389 2385/2385
f 2389/2389 2394/2394 2385/2385
f 2591/2591 2539/2539 2538/2538
f 2538/2538 2539/2539 2537/2537
f 2394/2394 2393/2393 2385/2385
f 2385/2385 2390/2390 2386/2386
f 2394/2394 2401/2401 2393/2393
f 2386/2386 2390/2390 2391/2391
f 2385/2385 2393/2393 2390/2390
f 2390/2390 2393/2393 2395/2395
f 2390/2390 2395/2395 2391/2391
f 2401/2401 2402/2402 2393/2393
f 2397/2397 2393/2393 2402/2402
f 2393/2393 2397/2397 2395/2395
f 2397/2397 2402/2402 2403/2403
f 2533/2533 2532/2532 2531/2531
f 2395/2395 2398/2398 2423/2423
f 2395/2395 2397/2397 2398/2398
f 2395/2395 2423/2423 2391/2391
f 2391/2391 2423/2423 2428/2428
f 2423/2423 2425/2425 2428/2428
f 2423/2423 2398/2398 2400/2400
f 2397/2397 2403/2403 2399/2399
f 2595/2595 2533/2533 2531/2531
f 2398/2398 2397/2397 2399/2399
f 2398/2398 2399/2399 2400/2400
f 2425/2425 2423/2423 2400/2400
f 2425/2425 2419/2419 2424/2424
f 2425/2425 2400/2400 2419/2419
f 2400/2400 2399/2399 2404/2404
f 2595/2595 2531/2531 2571/2571
f 2531/2531 2528/2528 2571/2571
f 2571/2571 2528/2528 2527/2527
f 2571/2571 2527/2527 2574/2574
f 2400/2400 2404/2404 2405/2405
f 2400/2400 2405/2405 2419/2419
f 2405/2405 2404/2404 2406/2406
f 2571/2571 2574/2574 2575/2575
f 2405/2405 2407/2407 2419/2419
f 2419/2419 2407/2407 2424/2424
f 2424/2424 2407/2407 2421/2421
f 2421/2421 2407/2407 2409/2409
f 2405/2405 2406/2406 2407/2407
f 2406/2406 2409/2409 2407/2407
f 2575/2575 2576/2576 2577/2577
f 2575/2575 2574/2574 2576/2576
f 2576/2576 2574/2574 2569/2569
f 2421/2421 2409/2409 2418/2418
f 2418/2418 2422/2422 2421/2421
f 2418/2418 2409/2409 2412/2412
f 2409/2409 2411/2411 2412/2412
f 2418/2418 2412/2412 2416/2416
f 2416/2416 2422/2422 2418/2418
f 2406/2406 2410/2410 2409/2409
f 2576/2576 2569/2569 2570/2570
f 2577/2577 2576/2576 2570/2570
f 2570/2570 2569/2569 2517/2517
f 2409/2409 2410/2410 2411/2411
f 2577/2577 2570/2570 2573/2573
f 2422/2422 2416/2416 2420/2420
f 2412/2412 2413/2413 2414/2414
f 2412/2412 2414/2414 2416/2416
f 2426/2426 2422/2422 2420/2420
f 2416/2416 2415/2415 2420/2420
f 2414/2414 2415/2415 2416/2416
f 2573/2573 2570/2570 2516/2516
f 2412/2412 2411/2411 2413/2413
f 2573/2573 2516/2516 2518/2518
f 2441/2441 2437/2437 2442/2442
f 2441/2441 2440/2440 2437/2437
f 2440/2440 2438/2438 2437/2437
f 2456/2456 2458/2458 2447/2447
f 2447/2447 2450/2450 2456/2456
f 2442/2442 2437/2437 2443/2443
f 2437/2437 2439/2439 2443/2443
f 2443/2443 2439/2439 2447/2447
f 2437/2437 2438/2438 2439/2439
f 2439/2439 2438/2438 2448/2448
f 2439/2439 2448/2448 2447/2447
f 2438/2438 2449/2449 2448/2448
f 2448/2448 2450/2450 2447/2447
f 2448/2448 2451/2451 2450/2450
f 2456/2456 2482/2482 2485/2485
f 2485/2485 2482/2482 2483/2483
f 2483/2483 2482/2482 2459/2459
f 2456/2456 2457/2457 2482/2482
f 2450/2450 2453/2453 2456/2456
f 2457/2457 2456/2456 2453/2453
f 2482/2482 2457/2457 2459/2459
f 2483/2483 2459/2459 2474/2474
f 2474/2474 2459/2459 2470/2470
f 2459/2459 2461/2461 2470/2470
f 2457/2457 2453/2453 2455/2455
f 2453/2453 2454/2454 2455/2455
f 2450/2450 2451/2451 2452/2452
f 2450/2450 2452/2452 2453/2453
f 2453/2453 2452/2452 2454/2454
f 2461/2461 2459/2459 2460/2460
f 2472/2472 2470/2470 2471/2471
f 2470/2470 2461/2461 2469/2469
f 2459/2459 2457/2457 2455/2455
f 2459/2459 2455/2455 2460/2460
f 2454/2454 2475/2475 2455/2455
f 2455/2455 2475/2475 2476/2476
f 2471/2471 2470/2470 2469/2469
f 2461/2461 2460/2460 2462/2462
f 2469/2469 2461/2461 2463/2463
f 2461/2461 2462/2462 2463/2463
f 2471/2471 2469/2469 2468/2468
f 2455/2455 2476/2476 2460/2460
f 2469/2469 2463/2463 2468/2468
f 2545/2545 2468/2468 2553/2553
f 2468/2468 2463/2463 2465/2465
f 2463/2463 2462/2462 2464/2464
f 2460/2460 2479/2479 2462/2462
f 2460/2460 2476/2476 2479/2479
f 2462/2462 2479/2479 2464/2464
f 2479/2479 2476/2476 2480/2480
f 2545/2545 2553/2553 2543/2543
f 2468/2468 2465/2465 2553/2553
f 2463/2463 2464/2464 2465/2465
f 2553/2553 2541/2541 2543/2543
f 2553/2553 2465/2465 2541/2541
f 2465/2465 2464/2464 2466/2466
f 2479/2479 2480/2480 2464/2464
f 2464/2464 2478/2478 2466/2466
f 2464/2464 2480/2480 2478/2478
f 2476/2476 2477/2477 2480/2480
f 2476/2476 2475/2475 2477/2477
f 2542/2542 2543/2543 2541/2541
f 2541/2541 2465/2465 2467/2467
f 2465/2465 2466/2466 2467/2467
f 2466/2466 2478/2478 2467/2467
f 2539/2539 2541/2541 2540/2540
f 2541/2541 2467/2467 2540/2540
f 2467/2467 2484/2484 2540/2540
f 2539/2539 2540/2540 2537/2537
f 2484/2484 2598/2598 2540/2540
f 2540/2540 2598/2598 2537/2537
f 2467/2467 2478/2478 2484/2484
f 2478/2478 2480/2480 2481/2481
f 2478/2478 2481/2481 2488/2488
f 2480/2480 2477/2477 2481/2481
f 2481/2481 2494/2494 2488/2488
f 2598/2598 2484/2484 2487/2487
f 2484/2484 2478/2478 2487/2487
f 2478/2478 2488/2488 2487/2487
f 2538/2538 2537/2537 2535/2535
f 2537/2537 2536/2536 2535/2535
f 2537/2537 2598/2598 2536/2536
f 2598/2598 2614/2614 2536/2536
f 2598/2598 2487/2487 2614/2614
f 2494/2494 2496/2496 2488/2488
f 2488/2488 2496/2496 2489/2489
f 2488/2488 2489/2489 2487/2487
f 2535/2535 2536/2536 2534/2534
f 2536/2536 2614/2614 2609/2609
f 2534/2534 2536/2536 2532/2532
f 2536/2536 2609/2609 2532/2532
f 2614/2614 2490/2490 2609/2609
f 2534/2534 2532/2532 2533/2533
f 2609/2609 2596/2596 2532/2532
f 2609/2609 2490/2490 2596/2596
f 2614/2614 2487/2487 2490/2490
f 2487/2487 2489/2489 2490/2490
f 2489/2489 2496/2496 2507/2507
f 2490/2490 2489/2489 2491/2491
f 2489/2489 2507/2507 2491/2491
f 2531/2531 2532/2532 2529/2529
f 2532/2532 2596/2596 2529/2529
f 2531/2531 2529/2529 2528/2528
f 2596/2596 2530/2530 2529/2529
f 2596/2596 2490/2490 2492/2492
f 2596/2596 2492/2492 2530/2530
f 2490/2490 2491/2491 2492/2492
f 2491/2491 2507/2507 2495/2495
f 2492/2492 2491/2491 2495/2495
f 2492/2492 2495/2495 2497/2497
f 2495/2495 2511/2511 2497/2497
f 2529/2529 2526/2526 2528/2528
f 2529/2529 2530/2530 2526/2526
f 2528/2528 2526/2526 2527/2527
f 2526/2526 2530/2530 2525/2525
f 2527/2527 2526/2526 2524/2524
f 2527/2527 2524/2524 2523/2523
f 2530/2530 2492/2492 2498/2498
f 2492/2492 2497/2497 2498/2498
f 2530/2530 2498/2498 2525/2525
f 2498/2498 2499/2499 2525/2525
f 2526/2526 2525/2525 2524/2524
f 2524/2524 2525/2525 2522/2522
f 2525/2525 2499/2499 2522/2522
f 2498/2498 2497/2497 2499/2499
f 2497/2497 2511/2511 2505/2505
f 2499/2499 2497/2497 2500/2500
f 2497/2497 2505/2505 2500/2500
f 2574/2574 2527/2527 2523/2523
f 2524/2524 2522/2522 2523/2523
f 2499/2499 2501/2501 2522/2522
f 2574/2574 2523/2523 2569/2569
f 2523/2523 2522/2522 2519/2519
f 2523/2523 2519/2519 2569/2569
f 2522/2522 2521/2521 2519/2519
f 2521/2521 2520/2520 2519/2519
f 2499/2499 2500/2500 2501/2501
f 2500/2500 2503/2503 2501/2501
f 2522/2522 2501/2501 2521/2521
f 2500/2500 2505/2505 2503/2503
f 2503/2503 2505/2505 2504/2504
f 2521/2521 2501/2501 2506/2506
f 2501/2501 2503/2503 2504/2504
f 2501/2501 2504/2504 2506/2506
f 2569/2569 2519/2519 2517/2517
f 2519/2519 2515/2515 2517/2517
f 2519/2519 2520/2520 2515/2515
f 2521/2521 2509/2509 2520/2520
f 2521/2521 2506/2506 2509/2509
f 2509/2509 2506/2506 2508/2508
f 2506/2506 2504/2504 2508/2508
f 2504/2504 2510/2510 2508/2508
f 2520/2520 2509/2509 2436/2436
f 2509/2509 2508/2508 2436/2436
f 2510/2510 2434/2434 2508/2508
f 2570/2570 2517/2517 2516/2516
f 2516/2516 2517/2517 2512/2512
f 2515/2515 2520/2520 2514/2514
f 2517/2517 2515/2515 2512/2512
f 2515/2515 2514/2514 2512/2512
f 2512/2512 2514/2514 2513/2513
f 2520/2520 2436/2436 2514/2514
f 2436/2436 2508/2508 2434/2434
f 2436/2436 2432/2432 2435/2435
f 2436/2436 2434/2434 2432/2432
f 2436/2436 2435/2435 2514/2514
f 2434/2434 2433/2433 2432/2432
f 2514/2514 2435/2435 2513/2513
f 2758/2758 2751/2751 2757/2757
f 2751/2751 2748/2748 2757/2757
f 2751/2751 2752/2752 2750/2750
f 2751/2751 2750/2750 2748/2748
f 2752/2752 2754/2754 2750/2750
f 2748/2748 2747/2747 2749/2749
f 2750/2750 2746/2746 2748/2748
f 2750/2750 2754/2754 2745/2745
f 2750/2750 2745/2745 2746/2746
f 2748/2748 2746/2746 2747/2747
f 2746/2746 2743/2743 2747/2747
f 2746/2746 2745/2745 2743/2743
f 2745/2745 2744/2744 2743/2743
f 2783/2783 2771/2771 2784/2784
f 2783/2783 2779/2779 2771/2771
f 2779/2779 2772/2772 2771/2771
f 2771/2771 2772/2772 2773/2773
f 2756/2756 2737/2737 2736/2736
f 2737/2737 2733/2733 2736/2736
f 2736/2736 2733/2733 2735/2735
f 2733/2733 2734/2734 2735/2735
f 2737/2737 2738/2738 2733/2733
f 2733/2733 2738/2738 2732/2732
f 2733/2733 2732/2732 2731/2731
f 2733/2733 2731/2731 2734/2734
f 2779/2779 2778/2778 2772/2772
f 2773/2773 2772/2772 2774/2774
f 2772/2772 2777/2777 2774/2774
f 2778/2778 2777/2777 2772/2772
f 2778/2778 2780/2780 2777/2777
f 2759/2759 2726/2726 2725/2725
f 2726/2726 2707/2707 2725/2725
f 2725/2725 2707/2707 2724/2724
f 2775/2775 2776/2776 2781/2781
f 2773/2773 2774/2774 2775/2775
f 2775/2775 2774/2774 2776/2776
f 2781/2781 2776/2776 2782/2782
f 2777/2777 2699/2699 2774/2774
f 2774/2774 2699/2699 2776/2776
f 2782/2782 2776/2776 2698/2698
f 2776/2776 2699/2699 2698/2698
f 2777/2777 2780/2780 2699/2699
f 2780/2780 2704/2704 2699/2699
f 2704/2704 2703/2703 2701/2701
f 2704/2704 2701/2701 2699/2699
f 2698/2698 2696/2696 2707/2707
f 2698/2698 2699/2699 2697/2697
f 2698/2698 2697/2697 2696/2696
f 2719/2719 2717/2717 2720/2720
f 2719/2719 2716/2716 2717/2717
f 2738/2738 2728/2728 2732/2732
f 2738/2738 2740/2740 2728/2728
f 2732/2732 2728/2728 2731/2731
f 2734/2734 2731/2731 2763/2763
f 2731/2731 2730/2730 2763/2763
f 2731/2731 2728/2728 2730/2730
f 2724/2724 2707/2707 2723/2723
f 2707/2707 2696/2696 2723/2723
f 2696/2696 2666/2666 2723/2723
f 2723/2723 2666/2666 2716/2716
f 2666/2666 2715/2715 2716/2716
f 2716/2716 2715/2715 2717/2717
f 2740/2740 2718/2718 2728/2728
f 2740/2740 2717/2717 2718/2718
f 2728/2728 2718/2718 2727/2727
f 2703/2703 2702/2702 2701/2701
f 2708/2708 2694/2694 2693/2693
f 2739/2739 2664/2664 2702/2702
f 2699/2699 2701/2701 2697/2697
f 2701/2701 2700/2700 2697/2697
f 2701/2701 2702/2702 2700/2700
f 2697/2697 2700/2700 2663/2663
f 2693/2693 2692/2692 2664/2664
f 2694/2694 2692/2692 2693/2693
f 2694/2694 2741/2741 2692/2692
f 2702/2702 2664/2664 2700/2700
f 2664/2664 2663/2663 2700/2700
f 2663/2663 2664/2664 2661/2661
f 2697/2697 2663/2663 2695/2695
f 2696/2696 2697/2697 2695/2695
f 2696/2696 2695/2695 2666/2666
f 2695/2695 2663/2663 2666/2666
f 2666/2666 2663/2663 2665/2665
f 2666/2666 2665/2665 2715/2715
f 2717/2717 2715/2715 2718/2718
f 2718/2718 2721/2721 2727/2727
f 2715/2715 2713/2713 2718/2718
f 2718/2718 2713/2713 2721/2721
f 2715/2715 2665/2665 2713/2713
f 2665/2665 2690/2690 2713/2713
f 2690/2690 2712/2712 2713/2713
f 2713/2713 2712/2712 2711/2711
f 2713/2713 2711/2711 2721/2721
f 2755/2755 2747/2747 2741/2741
f 2747/2747 2743/2743 2741/2741
f 2741/2741 2743/2743 2742/2742
f 2741/2741 2668/2668 2692/2692
f 2741/2741 2742/2742 2668/2668
f 2692/2692 2668/2668 2664/2664
f 2664/2664 2668/2668 2661/2661
f 2668/2668 2669/2669 2661/2661
f 2743/2743 2744/2744 2742/2742
f 2690/2690 2665/2665 2667/2667
f 2690/2690 2667/2667 2712/2712
f 2661/2661 2669/2669 2670/2670
f 2669/2669 2671/2671 2670/2670
f 2661/2661 2662/2662 2663/2663
f 2661/2661 2670/2670 2662/2662
f 2663/2663 2662/2662 2665/2665
f 2662/2662 2670/2670 2667/2667
f 2665/2665 2662/2662 2667/2667
f 2712/2712 2667/2667 2711/2711
f 2670/2670 2672/2672 2667/2667
f 2670/2670 2671/2671 2672/2672
f 2671/2671 2673/2673 2672/2672
f 2671/2671 2674/2674 2673/2673
f 2667/2667 2672/2672 2691/2691
f 2672/2672 2673/2673 2691/2691
f 2744/2744 2753/2753 2742/2742
f 2671/2671 2676/2676 2674/2674
f 2673/2673 2674/2674 2675/2675
f 2673/2673 2675/2675 2688/2688
f 2673/2673 2688/2688 2691/2691
f 2676/2676 2675/2675 2674/2674
f 2676/2676 2677/2677 2675/2675
f 2675/2675 2677/2677 2678/2678
f 2675/2675 2678/2678 2679/2679
f 2678/2678 2680/2680 2679/2679
f 2678/2678 2677/2677 2687/2687
f 2678/2678 2683/2683 2680/2680
f 2683/2683 2682/2682 2680/2680
f 2763/2763 2730/2730 2767/2767
f 2730/2730 2729/2729 2767/2767
f 2730/2730 2728/2728 2729/2729
f 2728/2728 2727/2727 2729/2729
f 2729/2729 2722/2722 2769/2769
f 2727/2727 2722/2722 2729/2729
f 2727/2727 2721/2721 2722/2722
f 2722/2722 2770/2770 2769/2769
f 2722/2722 2721/2721 2714/2714
f 2722/2722 2714/2714 2770/2770
f 2721/2721 2711/2711 2714/2714
f 2711/2711 2667/2667 2710/2710
f 2711/2711 2710/2710 2714/2714
f 2667/2667 2691/2691 2710/2710
f 2691/2691 2762/2762 2710/2710
f 2762/2762 2691/2691 2761/2761
f 2761/2761 2691/2691 2688/2688
f 2761/2761 2688/2688 2760/2760
f 2689/2689 2760/2760 2688/2688
f 2688/2688 2675/2675 2689/2689
f 2675/2675 2679/2679 2689/2689
f 2689/2689 2709/2709 2760/2760
f 2760/2760 2709/2709 2768/2768
f 2689/2689 2679/2679 2709/2709
f 2679/2679 2705/2705 2709/2709
f 2709/2709 2764/2764 2768/2768
f 2680/2680 2682/2682 2681/2681
f 2680/2680 2681/2681 2679/2679
f 2681/2681 2684/2684 2679/2679
f 2679/2679 2684/2684 2705/2705
f 2682/2682 2685/2685 2681/2681
f 2684/2684 2706/2706 2705/2705
f 2709/2709 2705/2705 2764/2764
f 2705/2705 2765/2765 2764/2764
f 2705/2705 2706/2706 2765/2765
f 2681/2681 2686/2686 2684/2684
f 2765/2765 2706/2706 2766/2766
f 2816/2816 2815/2815 2814/2814
f 2815/2815 2806/2806 2811/2811
f 2815/2815 2811/2811 2814/2814
f 2814/2814 2811/2811 2803/2803
f 2811/2811 2806/2806 2794/2794
f 2811/2811 2794/2794 2803/2803
f 2803/2803 2794/2794 2795/2795
f 2794/2794 2793/2793 2795/2795
f 2795/2795 2793/2793 2804/2804
f 2793/2793 2790/2790 2804/2804
f 2800/2800 2799/2799 2801/2801
f 2800/2800 2796/2796 2799/2799
f 2800/2800 2813/2813 2796/2796
f 2796/2796 2791/2791 2797/2797
f 2796/2796 2797/2797 2799/2799
f 2813/2813 2804/2804 2790/2790
f 2813/2813 2790/2790 2796/2796
f 2796/2796 2790/2790 2791/2791
f 2806/2806 2788/2788 2794/2794
f 2806/2806 2810/2810 2788/2788
f 2788/2788 2810/2810 2802/2802
f 2794/2794 2788/2788 2793/2793
f 2793/2793 2788/2788 2790/2790
f 2788/2788 2789/2789 2790/2790
f 2788/2788 2802/2802 2789/2789
f 2790/2790 2789/2789 2791/2791
f 2791/2791 2789/2789 2792/2792
f 2817/2817 2818/2818 2819/2819
f 2785/2785 2786/2786 2787/2787
f 2789/2789 2809/2809 2808/2808
f 2789/2789 2808/2808 2792/2792
f 2791/2791 2792/2792 2807/2807
f 2791/2791 2807/2807 2798/2798
f 2798/2798 2807/2807 2812/2812
f 2791/2791 2798/2798 2797/2797
f 2797/2797 2798/2798 2805/2805
f 2823/2823 2824/2824 2820/2820
f 2823/2823 2820/2820 2822/2822
f 2824/2824 2821/2821 2820/2820
f 2820/2820 2821/2821 2822/2822
f 2829/2829 2830/2830 2831/2831
f 2828/2828 2826/2826 2825/2825
f 2825/2825 2826/2826 2827/2827
f 2831/2831 2832/2832 2829/2829
f 2837/2837 2833/2833 2836/2836
f 2836/2836 2833/2833 2835/2835
f 2837/2837 2834/2834 2833/2833
f 2833/2833 2834/2834 2835/2835
f 2841/2841 2838/2838 2840/2840
f 2838/2838 2839/2839 2840/2840
f 2945/2945 2944/2944 2941/2941
f 2942/2942 2941/2941 2927/2927
f 2942/2942 2927/2927 2943/2943
f 2941/2941 2944/2944 2928/2928
f 2944/2944 2940/2940 2928/2928
f 2949/2949 2947/2947 2895/2895
f 2946/2946 2947/2947 2949/2949
f 2946/2946 2943/2943 2947/2947
f 2947/2947 2943/2943 2948/2948
f 2884/2884 2895/2895 2870/2870
f 2895/2895 2869/2869 2870/2870
f 2895/2895 2901/2901 2869/2869
f 2895/2895 2947/2947 2901/2901
f 2942/2942 2943/2943 2946/2946
f 2943/2943 2927/2927 2929/2929
f 2941/2941 2928/2928 2927/2927
f 2927/2927 2928/2928 2911/2911
f 2940/2940 2922/2922 2928/2928
f 2928/2928 2922/2922 2911/2911
f 2911/2911 2922/2922 2912/2912
f 2940/2940 2930/2930 2922/2922
f 2922/2922 2930/2930 2915/2915
f 2922/2922 2915/2915 2912/2912
f 2912/2912 2915/2915 2913/2913
f 2915/2915 2916/2916 2913/2913
f 2916/2916 2917/2917 2913/2913
f 2873/2873 2870/2870 2865/2865
f 2873/2873 2884/2884 2870/2870
f 2870/2870 2852/2852 2865/2865
f 2865/2865 2852/2852 2859/2859
f 2859/2859 2852/2852 2858/2858
f 2859/2859 2858/2858 2860/2860
f 2947/2947 2948/2948 2901/2901
f 2870/2870 2869/2869 2852/2852
f 2852/2852 2847/2847 2848/2848
f 2852/2852 2869/2869 2847/2847
f 2869/2869 2871/2871 2847/2847
f 2852/2852 2848/2848 2858/2858
f 2848/2848 2847/2847 2846/2846
f 2848/2848 2846/2846 2849/2849
f 2901/2901 2871/2871 2869/2869
f 2847/2847 2871/2871 2842/2842
f 2901/2901 2904/2904 2871/2871
f 2847/2847 2842/2842 2846/2846
f 2846/2846 2842/2842 2844/2844
f 2929/2929 2927/2927 2909/2909
f 2943/2943 2929/2929 2948/2948
f 2901/2901 2948/2948 2904/2904
f 2929/2929 2909/2909 2904/2904
f 2948/2948 2929/2929 2904/2904
f 2909/2909 2872/2872 2904/2904
f 2927/2927 2911/2911 2909/2909
f 2911/2911 2910/2910 2909/2909
f 2911/2911 2912/2912 2910/2910
f 2909/2909 2910/2910 2883/2883
f 2872/2872 2909/2909 2883/2883
f 2904/2904 2872/2872 2871/2871
f 2871/2871 2872/2872 2842/2842
f 2842/2842 2843/2843 2844/2844
f 2842/2842 2872/2872 2843/2843
f 2872/2872 2883/2883 2843/2843
f 2843/2843 2845/2845 2844/2844
f 2843/2843 2850/2850 2845/2845
f 2883/2883 2851/2851 2843/2843
f 2843/2843 2851/2851 2850/2850
f 2912/2912 2913/2913 2910/2910
f 2913/2913 2914/2914 2910/2910
f 2910/2910 2914/2914 2883/2883
f 2883/2883 2914/2914 2899/2899
f 2913/2913 2917/2917 2914/2914
f 2914/2914 2919/2919 2920/2920
f 2914/2914 2920/2920 2899/2899
f 2851/2851 2853/2853 2850/2850
f 2883/2883 2899/2899 2851/2851
f 2899/2899 2863/2863 2851/2851
f 2851/2851 2863/2863 2853/2853
f 2850/2850 2853/2853 2854/2854
f 2916/2916 2918/2918 2917/2917
f 2917/2917 2918/2918 2921/2921
f 2914/2914 2917/2917 2919/2919
f 2919/2919 2924/2924 2920/2920
f 2918/2918 2923/2923 2921/2921
f 2921/2921 2923/2923 2925/2925
f 2917/2917 2921/2921 2919/2919
f 2921/2921 2924/2924 2919/2919
f 2920/2920 2924/2924 2903/2903
f 2920/2920 2900/2900 2899/2899
f 2899/2899 2900/2900 2863/2863
f 2920/2920 2903/2903 2900/2900
f 2900/2900 2903/2903 2864/2864
f 2863/2863 2855/2855 2853/2853
f 2853/2853 2855/2855 2854/2854
f 2863/2863 2900/2900 2864/2864
f 2863/2863 2864/2864 2855/2855
f 2855/2855 2856/2856 2854/2854
f 2864/2864 2903/2903 2861/2861
f 2864/2864 2861/2861 2855/2855
f 2861/2861 2857/2857 2855/2855
f 2855/2855 2857/2857 2856/2856
f 2923/2923 2926/2926 2925/2925
f 2921/2921 2925/2925 2924/2924
f 2924/2924 2925/2925 2903/2903
f 2925/2925 2931/2931 2903/2903
f 2925/2925 2926/2926 2931/2931
f 2903/2903 2931/2931 2902/2902
f 2903/2903 2862/2862 2861/2861
f 2903/2903 2902/2902 2862/2862
f 2861/2861 2862/2862 2857/2857
f 2862/2862 2866/2866 2857/2857
f 2926/2926 2936/2936 2931/2931
f 2931/2931 2936/2936 2902/2902
f 2936/2936 2934/2934 2902/2902
f 2934/2934 2936/2936 2933/2933
f 2862/2862 2867/2867 2866/2866
f 2902/2902 2874/2874 2862/2862
f 2862/2862 2874/2874 2868/2868
f 2934/2934 2933/2933 2874/2874
f 2902/2902 2934/2934 2874/2874
f 2862/2862 2868/2868 2867/2867
f 2936/2936 2937/2937 2933/2933
f 2937/2937 2939/2939 2932/2932
f 2937/2937 2932/2932 2933/2933
f 2874/2874 2875/2875 2868/2868
f 2933/2933 2876/2876 2874/2874
f 2874/2874 2876/2876 2875/2875
f 2933/2933 2932/2932 2876/2876
f 2875/2875 2876/2876 2877/2877
f 2938/2938 2897/2897 2932/2932
f 2938/2938 2896/2896 2897/2897
f 2876/2876 2878/2878 2877/2877
f 2932/2932 2897/2897 2876/2876
f 2876/2876 2897/2897 2878/2878
f 2878/2878 2879/2879 2877/2877
f 2878/2878 2880/2880 2879/2879
f 2935/2935 2896/2896 2938/2938
f 2897/2897 2896/2896 2878/2878
f 2896/2896 2880/2880 2878/2878
f 2896/2896 2935/2935 2885/2885
f 2896/2896 2885/2885 2880/2880
f 2880/2880 2881/2881 2879/2879
f 2880/2880 2882/2882 2881/2881
f 2880/2880 2885/2885 2882/2882
f 2935/2935 2889/2889 2885/2885
f 2889/2889 2886/2886 2885/2885
f 2885/2885 2886/2886 2882/2882
f 2886/2886 2887/2887 2882/2882
f 2886/2886 2889/2889 2888/2888
f 2886/2886 2888/2888 2887/2887
f 2888/2888 2890/2890 2887/2887
f 2888/2888 2898/2898 2891/2891
f 2888/2888 2891/2891 2890/2890
f 2890/2890 2891/2891 2892/2892
f 2891/2891 2898/2898 2893/2893
f 2891/2891 2893/2893 2892/2892
f 2898/2898 2907/2907 2905/2905
f 2898/2898 2905/2905 2893/2893
f 2893/2893 2894/2894 2892/2892
f 2893/2893 2905/2905 2894/2894
f 2907/2907 2908/2908 2905/2905
f 2905/2905 2906/2906 2894/2894
f 2990/2990 2989/2989 2987/2987
f 2989/2989 2985/2985 2987/2987
f 2989/2989 2991/2991 2986/2986
f 2989/2989 2986/2986 2985/2985
f 2952/2952 2950/2950 2951/2951
f 2986/2986 2984/2984 2985/2985
f 2985/2985 2983/2983 2987/2987
f 2985/2985 2984/2984 2983/2983
f 2987/2987 2983/2983 2988/2988
f 2984/2984 2980/2980 2982/2982
f 2983/2983 2984/2984 2982/2982
f 2983/2983 2982/2982 2978/2978
f 2978/2978 2982/2982 2977/2977
f 2978/2978 2977/2977 2976/2976
f 2982/2982 2980/2980 2977/2977
f 2980/2980 2979/2979 2977/2977
f 2977/2977 2975/2975 2976/2976
f 2979/2979 2975/2975 2977/2977
f 2975/2975 2973/2973 2976/2976
f 2975/2975 2974/2974 2973/2973
f 2973/2973 2974/2974 2971/2971
f 2974/2974 2992/2992 2971/2971
f 2973/2973 2971/2971 2972/2972
f 2979/2979 2981/2981 2975/2975
f 2971/2971 2992/2992 2969/2969
f 2992/2992 2968/2968 2969/2969
f 2969/2969 2968/2968 2967/2967
f 2971/2971 2970/2970 2972/2972
f 2971/2971 2969/2969 2970/2970
f 2967/2967 2966/2966 2969/2969
f 2970/2970 2969/2969 2966/2966
f 2966/2966 2963/2963 2965/2965
f 2968/2968 2964/2964 2967/2967
f 2967/2967 2963/2963 2966/2966
f 2967/2967 2964/2964 2963/2963
f 2964/2964 2961/2961 2963/2963
f 2963/2963 2961/2961 2962/2962
f 2965/2965 2963/2963 2962/2962
f 2962/2962 2961/2961 2959/2959
f 2958/2958 2959/2959 2961/2961
f 2959/2959 2960/2960 2962/2962
f 2957/2957 2960/2960 2959/2959
f 2959/2959 2958/2958 2957/2957
f 2957/2957 2958/2958 2956/2956
f 2956/2956 2954/2954 2957/2957
f 2957/2957 2994/2994 2960/2960
f 2994/2994 2957/2957 2954/2954
f 2954/2954 2956/2956 2953/2953
f 2954/2954 2993/2993 2994/2994
f 2954/2954 2955/2955 2993/2993
f 2954/2954 2951/2951 2955/2955
f 2952/2952 2951/2951 2953/2953
f 2953/2953 2951/2951 2954/2954
f 2951/2951 2995/2995 2955/2955
f 2999/2999 3001/3001 3000/3000
f 2999/2999 2996/2996 2998/2998
f 2998/2998 2996/2996 2997/2997
f 3022/3022 3021/3021 3019/3019
f 3021/3021 3020/3020 3019/3019
f 3018/3018 3019/3019 3017/3017
f 3019/3019 3020/3020 3017/3017
f 3018/3018 3017/3017 3015/3015
f 3017/3017 3014/3014 3015/3015
f 3015/3015 3014/3014 3012/3012
f 3014/3014 3013/3013 3012/3012
f 3012/3012 3013/3013 3011/3011
f 3012/3012 3010/3010 3016/3016
f 3012/3012 3011/3011 3010/3010
f 3011/3011 3009/3009 3010/3010
f 3009/3009 3007/3007 3010/3010
f 3009/3009 3008/3008 3007/3007
f 3016/3016 3010/3010 3023/3023
f 3010/3010 3007/3007 3023/3023
f 3008/3008 3006/3006 3007/3007
f 3007/3007 3006/3006 3005/3005
f 3023/3023 3007/3007 3004/3004
f 3007/3007 3005/3005 3004/3004
f 3005/3005 3006/3006 3001/3001
f 3004/3004 3005/3005 3003/3003
f 3005/3005 3001/3001 3003/3003
f 3003/3003 3002/3002 3004/3004
f 3003/3003 3001/3001 2999/2999
f 3003/3003 2999/2999 3002/3002
f 3002/3002 2999/2999 2998/2998
f 3000/3000 2996/2996 2999/2999
f 3052/3052 3050/3050 3051/3051
f 3051/3051 3050/3050 3049/3049
f 3049/3049 3050/3050 3048/3048
f 3049/3049 3048/3048 3042/3042
f 3043/3043 3041/3041 3031/3031
f 3048/3048 3043/3043 3042/3042
f 3043/3043 3031/3031 3042/3042
f 3031/3031 3030/3030 3042/3042
f 3031/3031 3028/3028 3030/3030
f 3030/3030 3028/3028 3027/3027
f 3041/3041 3040/3040 3031/3031
f 3031/3031 3040/3040 3028/3028
f 3040/3040 3038/3038 3028/3028
f 3028/3028 3038/3038 3024/3024
f 3028/3028 3024/3024 3027/3027
f 3027/3027 3024/3024 3026/3026
f 3038/3038 3039/3039 3024/3024
f 3024/3024 3039/3039 3025/3025
f 3039/3039 3044/3044 3025/3025
f 3044/3044 3033/3033 3025/3025
f 3024/3024 3025/3025 3026/3026
f 3026/3026 3025/3025 3029/3029
f 3029/3029 3054/3054 3026/3026
f 3032/3032 3025/3025 3033/3033
f 3032/3032 3033/3033 3034/3034
f 3033/3033 3045/3045 3034/3034
f 3045/3045 3046/3046 3034/3034
f 3034/3034 3036/3036 3035/3035
f 3046/3046 3036/3036 3034/3034
f 3054/3054 3029/3029 3032/3032
f 3054/3054 3032/3032 3053/3053
f 3029/3029 3025/3025 3032/3032
f 3053/3053 3035/3035 3056/3056
f 3053/3053 3032/3032 3035/3035
f 3032/3032 3034/3034 3035/3035
f 3046/3046 3047/3047 3036/3036
f 3047/3047 3055/3055 3036/3036
f 3056/3056 3035/3035 3057/3057
f 3035/3035 3036/3036 3037/3037
f 3036/3036 3055/3055 3037/3037
f 3055/3055 3058/3058 3037/3037
f 3055/3055 3060/3060 3059/3059
f 3058/3058 3055/3055 3059/3059
f 3060/3060 3061/3061 3059/3059
f 3061/3061 3062/3062 3059/3059
f 3059/3059 3062/3062 3063/3063
f 3063/3063 3062/3062 3066/3066
f 3061/3061 3064/3064 3062/3062
f 3062/3062 3064/3064 3065/3065
f 3065/3065 3066/3066 3062/3062
f 3080/3080 3081/3081 3082/3082
f 3080/3080 3079/3079 3081/3081
f 3080/3080 3078/3078 3079/3079
f 3079/3079 3078/3078 3076/3076
f 3078/3078 3074/3074 3076/3076
f 3074/3074 3075/3075 3076/3076
f 3074/3074 3077/3077 3075/3075
f 3074/3074 3083/3083 3077/3077
f 3083/3083 3084/3084 3077/3077
f 3084/3084 3085/3085 3077/3077
f 3084/3084 3086/3086 3085/3085
f 3086/3086 3087/3087 3085/3085
f 3086/3086 3088/3088 3087/3087
f 3086/3086 3089/3089 3088/3088
f 3089/3089 3090/3090 3088/3088
f 3088/3088 3090/3090 3092/3092
f 3089/3089 3091/3091 3090/3090
f 3090/3090 3094/3094 3092/3092
f 3111/3111 3093/3093 3091/3091
f 3091/3091 3093/3093 3090/3090
f 3090/3090 3093/3093 3094/3094
f 3111/3111 3097/3097 3093/3093
f 3093/3093 3095/3095 3094/3094
f 3093/3093 3096/3096 3095/3095
f 3097/3097 3098/3098 3096/3096
f 3097/3097 3096/3096 3093/3093
f 3098/3098 3099/3099 3096/3096
f 3098/3098 3112/3112 3099/3099
f 3099/3099 3112/3112 3113/3113
f 3112/3112 3116/3116 3114/3114
f 3112/3112 3114/3114 3113/3113
f 3113/3113 3114/3114 3115/3115
f 3116/3116 3117/3117 3114/3114
f 3116/3116 3071/3071 3117/3117
f 3094/3094 3095/3095 3104/3104
f 3096/3096 3100/3100 3095/3095
f 3095/3095 3101/3101 3104/3104
f 3095/3095 3100/3100 3101/3101
f 3096/3096 3099/3099 3100/3100
f 3099/3099 3103/3103 3100/3100
f 3101/3101 3102/3102 3106/3106
f 3100/3100 3102/3102 3101/3101
f 3106/3106 3102/3102 3109/3109
f 3100/3100 3103/3103 3102/3102
f 3099/3099 3113/3113 3103/3103
f 3113/3113 3115/3115 3103/3103
f 3102/3102 3103/3103 3105/3105
f 3102/3102 3105/3105 3109/3109
f 3115/3115 3107/3107 3103/3103
f 3103/3103 3107/3107 3105/3105
f 3107/3107 3108/3108 3105/3105
f 3114/3114 3073/3073 3115/3115
f 3114/3114 3117/3117 3073/3073
f 3115/3115 3073/3073 3107/3107
f 3073/3073 3072/3072 3107/3107
f 3107/3107 3072/3072 3110/3110
f 3107/3107 3110/3110 3108/3108
f 3109/3109 3108/3108 3069/3069
f 3070/3070 3109/3109 3069/3069
f 3105/3105 3108/3108 3109/3109
f 3070/3070 3069/3069 3067/3067
f 3108/3108 3068/3068 3069/3069
f 3069/3069 3068/3068 3067/3067
