# LE 31 - armLL
v -0.06549 0.04490 0.00178
v -0.04892 0.05638 -0.00143
v -0.06247 0.04195 -0.00722
v -0.07780 0.02899 -0.01123
v -0.08084 0.02731 -0.00545
v -0.09806 0.00728 -0.01434
v -0.09296 0.00554 -0.02707
v -0.07815 0.02360 -0.01713
v -0.10757 -0.00859 -0.02784
v -0.11400 -0.00783 -0.01531
v -0.12456 -0.02389 -0.03003
v -0.11653 -0.02332 -0.03881
v -0.10392 -0.01144 -0.03588
v -0.13163 -0.02856 -0.02681
v -0.14075 -0.04157 -0.03944
v -0.14837 -0.04634 -0.03550
v -0.12847 -0.03675 -0.04490
v -0.14045 -0.05141 -0.05507
v -0.11435 -0.02703 -0.04442
v -0.15623 -0.05735 -0.04999
v -0.15922 -0.06886 -0.06530
v -0.16741 -0.07200 -0.06185
v -0.17258 -0.08222 -0.07089
v -0.16591 -0.06480 -0.04807
v -0.10248 0.00490 -0.00911
v -0.08367 0.02499 0.00001
v -0.12534 -0.04379 -0.05507
v -0.18147 -0.08878 -0.06211
v -0.18416 -0.10138 -0.07964
v -0.19843 -0.11709 -0.07804
v -0.19886 -0.12824 -0.09285
v -0.21030 -0.13933 -0.09014
v -0.20976 -0.14706 -0.10409
v -0.16193 -0.08094 -0.07618
v -0.14707 -0.06637 -0.06873
v -0.20857 -0.15156 -0.10920
v -0.21880 -0.16490 -0.11484
v -0.21830 -0.17053 -0.12255
v -0.22893 -0.18329 -0.12747
v -0.22546 -0.18873 -0.13441
v -0.17102 -0.09437 -0.08201
v -0.18932 -0.12249 -0.09252
v -0.23876 -0.20099 -0.14136
v -0.24274 -0.19926 -0.13149
v -0.24497 -0.20835 -0.14367
v -0.24261 -0.21246 -0.14913
v -0.24885 -0.22374 -0.15273
v -0.24166 -0.22145 -0.15578
v -0.05577 0.04003 -0.01113
v -0.08081 0.01409 -0.02400
v -0.25389 -0.22439 -0.14478
v -0.14819 -0.09196 -0.08732
v -0.14080 -0.07807 -0.07857
v -0.24182 -0.23600 -0.16215
v -0.25087 -0.23737 -0.15901
v -0.09777 -0.00959 -0.03596
v -0.24692 -0.25300 -0.16819
v -0.19411 -0.14017 -0.10103
v -0.23233 -0.20505 -0.14560
v -0.16013 -0.10254 -0.08975
v -0.17723 -0.11489 -0.09080
v -0.17640 -0.14050 -0.10289
v -0.18801 -0.15496 -0.10934
v -0.15797 -0.12297 -0.10052
v -0.12603 -0.06145 -0.06669
v -0.14558 -0.11238 -0.09796
v -0.17744 -0.15695 -0.11217
v -0.15623 -0.15442 -0.11674
v -0.16407 -0.17274 -0.12504
v -0.14723 -0.13666 -0.10898
v -0.18245 -0.17692 -0.12506
v -0.14238 -0.17033 -0.12738
v -0.14801 -0.18285 -0.13283
v -0.16582 -0.18464 -0.13092
v -0.18368 -0.19057 -0.13313
v -0.20775 -0.17141 -0.12337
v -0.19499 -0.17387 -0.12276
v -0.25449 -0.25047 -0.16206
v -0.21884 -0.19247 -0.13699
v -0.25244 -0.26613 -0.16928
v -0.24491 -0.26771 -0.17355
v -0.20134 -0.19559 -0.13665
v -0.10089 -0.03410 -0.04844
v -0.25163 -0.28197 -0.17400
v -0.24646 -0.28478 -0.17728
v -0.25708 -0.24038 -0.15235
v -0.22237 -0.15321 -0.08540
v -0.21193 -0.13134 -0.07313
v -0.23005 -0.15625 -0.07955
v -0.22960 -0.16990 -0.09383
v -0.24164 -0.18117 -0.09378
v -0.25220 -0.18628 -0.08726
v -0.25504 -0.20109 -0.10031
v -0.26108 -0.20167 -0.09557
v -0.23530 -0.18577 -0.10390
v -0.24849 -0.20172 -0.10453
v -0.24712 -0.20717 -0.10986
v -0.22034 -0.16145 -0.10144
v -0.26462 -0.21613 -0.10126
v -0.19877 -0.11353 -0.06868
v -0.23092 -0.18073 -0.11050
v -0.26569 -0.20634 -0.09150
v -0.25920 -0.21721 -0.10529
v -0.27154 -0.22258 -0.09303
v -0.27101 -0.22917 -0.10158
v -0.27941 -0.23978 -0.09990
v -0.28081 -0.24734 -0.10792
v -0.28682 -0.25222 -0.10426
v -0.28742 -0.25856 -0.11029
v -0.27863 -0.25352 -0.11386
v -0.28590 -0.26367 -0.11497
v -0.26801 -0.23806 -0.10959
v -0.25688 -0.22377 -0.10792
v -0.29089 -0.27082 -0.11197
v -0.25050 -0.21505 -0.10910
v -0.29208 -0.26522 -0.10548
v -0.24117 -0.19533 -0.11470
v -0.17280 -0.07298 -0.03853
v -0.18845 -0.09697 -0.04710
v -0.21063 -0.12877 -0.05674
v -0.19836 -0.10998 -0.03899
v -0.18445 -0.08994 -0.03382
v -0.21429 -0.13094 -0.04250
v -0.23085 -0.15577 -0.04713
v -0.22805 -0.15544 -0.06088
v -0.24206 -0.17525 -0.05540
v -0.24823 -0.18193 -0.04865
v -0.25778 -0.19806 -0.05682
v -0.25259 -0.19452 -0.06610
v -0.24103 -0.17675 -0.06391
v -0.25921 -0.20737 -0.06646
v -0.26359 -0.20901 -0.06023
v -0.26428 -0.20638 -0.05324
v -0.27280 -0.22769 -0.05870
v -0.25800 -0.19732 -0.04751
v -0.24762 -0.21234 -0.11594
v -0.24997 -0.21355 -0.13232
v -0.22834 -0.15391 -0.07099
v -0.24529 -0.17967 -0.07405
v -0.26034 -0.19914 -0.08252
v -0.25527 -0.27608 -0.16807
v -0.25715 -0.26135 -0.15930
v -0.27938 -0.26828 -0.11907
v -0.25614 -0.22894 -0.13928
v -0.28528 -0.27617 -0.11766
v -0.25597 -0.29212 -0.16994
v -0.25709 -0.20225 -0.07250
v -0.26297 -0.22246 -0.07079
v -0.25115 -0.29713 -0.17499
v -0.25898 -0.24611 -0.14782
v -0.25745 -0.28383 -0.16380
v -0.28912 -0.27968 -0.11349
v -0.28129 -0.28866 -0.12135
v -0.28808 -0.30877 -0.12055
v -0.29225 -0.30143 -0.11285
v -0.29269 -0.32393 -0.11771
v -0.29281 -0.27572 -0.10414
v -0.29499 -0.32279 -0.11174
v -0.29544 -0.30846 -0.10456
v -0.29289 -0.29102 -0.10418
v -0.29226 -0.33961 -0.11768
v -0.29442 -0.34210 -0.10864
v -0.29176 -0.36120 -0.11735
v -0.29408 -0.35933 -0.10777
v -0.25024 -0.31063 -0.17028
v -0.24372 -0.31352 -0.17604
v -0.24406 -0.32662 -0.17281
v -0.29058 -0.37036 -0.11012
v -0.28530 -0.38134 -0.11471
v -0.13437 -0.21706 -0.11218
v -0.14569 -0.21765 -0.11014
v -0.13850 -0.22665 -0.12040
v -0.13079 -0.22922 -0.12491
v -0.13984 -0.23666 -0.13048
v -0.14641 -0.20820 -0.09656
v -0.13910 -0.19589 -0.08791
v -0.15474 -0.19190 -0.07728
v -0.13580 -0.17853 -0.07288
v -0.13287 -0.20266 -0.09841
v -0.15881 -0.18365 -0.06510
v -0.14895 -0.17415 -0.06094
v -0.15546 -0.16790 -0.05184
v -0.17429 -0.19348 -0.07061
v -0.15983 -0.19952 -0.08604
v -0.16481 -0.18038 -0.05599
v -0.13904 -0.16236 -0.05821
v -0.12662 -0.21639 -0.11815
v -0.12652 -0.23296 -0.13055
v -0.13463 -0.24099 -0.13184
v -0.12498 -0.15852 -0.06537
v -0.12803 -0.18506 -0.08773
v -0.14607 -0.14704 -0.04476
v -0.12482 -0.14513 -0.05745
v -0.13458 -0.14547 -0.05183
v -0.12175 -0.16303 -0.07423
v -0.13241 -0.12353 -0.04396
v -0.14291 -0.13411 -0.03955
v -0.12479 -0.10419 -0.03909
v -0.15668 -0.16087 -0.04247
v -0.16715 -0.17731 -0.04741
v -0.12311 -0.13257 -0.05501
v -0.12159 -0.10933 -0.04692
v -0.11473 -0.09476 -0.04254
v -0.12105 -0.15007 -0.06489
v -0.12506 -0.20185 -0.10935
v -0.17796 -0.18888 -0.05079
v -0.12174 -0.22242 -0.13040
v -0.12017 -0.23891 -0.14300
v -0.11163 -0.09712 -0.05170
v -0.11653 -0.11440 -0.05577
v -0.10285 -0.08332 -0.05029
v -0.12408 -0.18039 -0.09074
v -0.11726 -0.13355 -0.06614
v -0.11851 -0.15875 -0.07731
v -0.12770 -0.24434 -0.13466
v -0.12269 -0.24582 -0.13910
v -0.12427 -0.25726 -0.13914
v -0.12002 -0.26193 -0.14483
v -0.12455 -0.27139 -0.14542
v -0.12953 -0.26354 -0.13836
v -0.13208 -0.27398 -0.14390
v -0.11937 -0.27036 -0.15420
v -0.12811 -0.28907 -0.15043
v -0.13198 -0.28401 -0.14713
v -0.13627 -0.30249 -0.14683
v -0.13196 -0.30430 -0.15105
v -0.13272 -0.25194 -0.13460
v -0.11806 -0.25473 -0.14773
v -0.13631 -0.26299 -0.13735
v -0.13779 -0.31435 -0.14505
v -0.13650 -0.31534 -0.14733
v -0.13972 -0.32068 -0.14705
v -0.15467 -0.20789 -0.09624
v -0.13976 -0.24709 -0.13424
v -0.13785 -0.26997 -0.14201
v -0.17371 -0.20100 -0.08796
v -0.19293 -0.20699 -0.09099
v -0.19152 -0.21170 -0.10618
v -0.20347 -0.21655 -0.10906
v -0.19228 -0.21731 -0.11864
v -0.13947 -0.27609 -0.14739
v -0.16372 -0.20691 -0.09942
v -0.16982 -0.21305 -0.11564
v -0.15812 -0.21408 -0.11022
v -0.20632 -0.22406 -0.12644
v -0.14417 -0.22900 -0.12534
v -0.14918 -0.22196 -0.11840
v -0.13917 -0.28644 -0.14847
v -0.14203 -0.25998 -0.13831
v -0.14149 -0.31220 -0.14483
v -0.14097 -0.32342 -0.14286
v -0.14347 -0.26711 -0.14393
v -0.13837 -0.29786 -0.14772
v -0.14331 -0.32273 -0.14105
v -0.14329 -0.27801 -0.15218
v -0.14457 -0.24721 -0.13772
v -0.14523 -0.23681 -0.13607
v -0.17834 -0.21534 -0.12370
v -0.16703 -0.21472 -0.12146
v -0.15432 -0.22062 -0.12454
v -0.19445 -0.21909 -0.13036
v -0.14583 -0.25862 -0.14165
v -0.14313 -0.32303 -0.14515
v -0.20927 -0.22490 -0.13722
v -0.12334 -0.19063 -0.12405
v -0.12215 -0.17667 -0.10953
v -0.12269 -0.18887 -0.10774
v -0.12101 -0.17498 -0.09746
v -0.11876 -0.15057 -0.08767
v -0.11851 -0.15875 -0.07731
v -0.11726 -0.13355 -0.06614
v -0.11873 -0.12320 -0.07722
v -0.11542 -0.10725 -0.06577
v -0.11653 -0.11440 -0.05577
v -0.12127 -0.20369 -0.12696
v -0.12036 -0.20818 -0.13843
v -0.11946 -0.21978 -0.13854
v -0.12117 -0.21439 -0.14743
v -0.12099 -0.23376 -0.15312
v -0.12017 -0.23891 -0.14300
v -0.11733 -0.25488 -0.15448
v -0.11806 -0.25473 -0.14773
v -0.12267 -0.16224 -0.10580
v -0.11937 -0.27036 -0.15420
v -0.11860 -0.25972 -0.16131
v -0.12036 -0.27247 -0.16232
v -0.12147 -0.24659 -0.16224
v -0.12231 -0.20507 -0.14269
v -0.12473 -0.13722 -0.09647
v -0.12761 -0.17774 -0.12266
v -0.12790 -0.15946 -0.11380
v -0.12312 -0.11047 -0.08195
v -0.11823 -0.09271 -0.07227
v -0.12732 -0.19296 -0.13379
v -0.12335 -0.25689 -0.16752
v -0.12370 -0.26843 -0.16797
v -0.11264 -0.10001 -0.05713
v -0.11320 -0.09332 -0.06401
v -0.11163 -0.09712 -0.05170
v -0.12713 -0.22452 -0.15620
v -0.12690 -0.21090 -0.15200
v -0.13016 -0.13228 -0.10119
v -0.10762 -0.08579 -0.05735
v -0.12506 -0.20185 -0.10935
v -0.12174 -0.22242 -0.13040
v -0.12408 -0.18039 -0.09074
v -0.12549 -0.28622 -0.15868
v -0.12811 -0.28907 -0.15043
v -0.13196 -0.30430 -0.15105
v -0.10285 -0.08332 -0.05029
v -0.13138 -0.29501 -0.16024
v -0.13510 -0.31204 -0.15160
v -0.13650 -0.31534 -0.14733
v -0.12708 -0.27831 -0.16619
v -0.13852 -0.31564 -0.15132
v -0.13972 -0.32068 -0.14705
v -0.13702 -0.22343 -0.12402
v -0.14241 -0.22433 -0.12574
v -0.15093 -0.21387 -0.11475
v -0.14403 -0.21403 -0.11277
v -0.15827 -0.20202 -0.09763
v -0.15019 -0.20130 -0.09539
v -0.15627 -0.18998 -0.08205
v -0.16907 -0.19610 -0.08889
v -0.13990 -0.20574 -0.10314
v -0.13767 -0.23504 -0.13453
v -0.13354 -0.23433 -0.13370
v -0.16689 -0.18763 -0.07463
v -0.17892 -0.19585 -0.08639
v -0.13596 -0.21281 -0.11414
v -0.16253 -0.17786 -0.06329
v -0.14191 -0.19174 -0.08921
v -0.14752 -0.17734 -0.07147
v -0.13129 -0.22363 -0.12667
v -0.12821 -0.23991 -0.13869
v -0.16172 -0.16913 -0.05448
v -0.17488 -0.20658 -0.11163
v -0.16458 -0.20674 -0.11043
v -0.19187 -0.20656 -0.10609
v -0.19391 -0.21327 -0.12059
v -0.16434 -0.21042 -0.12255
v -0.17588 -0.20995 -0.12067
v -0.20329 -0.21339 -0.11531
v -0.20666 -0.21925 -0.13094
v -0.15489 -0.21428 -0.12296
v -0.14373 -0.22704 -0.13286
v -0.17560 -0.18627 -0.06566
v -0.18384 -0.19572 -0.07875
v -0.19739 -0.20399 -0.09251
v -0.17721 -0.18240 -0.05370
v -0.18974 -0.21282 -0.12882
v -0.14206 -0.23762 -0.14105
v -0.13431 -0.24474 -0.13753
v -0.13886 -0.24727 -0.13916
v -0.18558 -0.19265 -0.06437
v -0.16860 -0.20826 -0.12643
v -0.13719 -0.26049 -0.14191
v -0.12990 -0.25386 -0.14061
v -0.13000 -0.26350 -0.14361
v -0.13481 -0.26981 -0.14762
v -0.14083 -0.26425 -0.14661
v -0.14081 -0.26822 -0.15183
v -0.12723 -0.27037 -0.15063
v -0.12522 -0.26651 -0.14871
v -0.14270 -0.25198 -0.14489
v -0.19663 -0.20294 -0.07029
v -0.15906 -0.21023 -0.12794
v -0.12487 -0.25572 -0.14485
v -0.14266 -0.26400 -0.15340
v -0.28125 -0.32022 -0.04554
v -0.28527 -0.30046 -0.04492
v -0.28924 -0.33017 -0.05030
v -0.27865 -0.29580 -0.04173
v -0.28189 -0.27693 -0.04131
v -0.27504 -0.27308 -0.03859
v -0.28455 -0.34738 -0.04914
v -0.27899 -0.34529 -0.04731
v -0.28089 -0.36017 -0.04849
v -0.27655 -0.26325 -0.03990
v -0.28457 -0.26675 -0.04382
v -0.28794 -0.35410 -0.05256
v -0.28468 -0.36412 -0.05165
v -0.26275 -0.25344 -0.03744
v -0.26782 -0.24501 -0.04021
v -0.25991 -0.23648 -0.03765
v -0.25418 -0.24341 -0.03603
v -0.25344 -0.24003 -0.03442
v -0.25529 -0.22906 -0.03250
v -0.25192 -0.24657 -0.03466
v -0.13050 -0.13897 -0.09740
v -0.12935 -0.12062 -0.08625
v -0.13931 -0.12331 -0.09695
v -0.13871 -0.15474 -0.11306
v -0.13096 -0.16316 -0.11108
v -0.13331 -0.17966 -0.12314
v -0.13871 -0.17487 -0.12452
v -0.13853 -0.19049 -0.13134
v -0.13180 -0.09862 -0.08151
v -0.12776 -0.10589 -0.07925
v -0.11900 -0.08604 -0.06569
v -0.13988 -0.09555 -0.08386
v -0.13085 -0.07927 -0.07260
v -0.12042 -0.07861 -0.06683
v -0.11759 -0.06194 -0.05987
v -0.10676 -0.06385 -0.05527
v -0.13184 -0.19414 -0.13093
v -0.13136 -0.06501 -0.06405
v -0.12778 -0.05238 -0.05539
v -0.14382 -0.08344 -0.07678
v -0.14772 -0.10289 -0.08806
v -0.14647 -0.12791 -0.09986
v -0.14790 -0.14783 -0.10958
v -0.10718 -0.04325 -0.04844
v -0.09983 -0.04566 -0.04893
v -0.09422 -0.02393 -0.03759
v -0.08667 -0.03221 -0.04102
v -0.07776 -0.01934 -0.03423
v -0.07011 -0.00462 -0.02657
v -0.08701 -0.00676 -0.02896
v -0.06551 -0.00917 -0.02733
v -0.08182 0.00808 -0.02171
v -0.14587 -0.17279 -0.12378
v -0.11185 -0.02993 -0.04090
v -0.06293 0.01232 -0.01891
v -0.06668 0.02701 -0.01184
v -0.10143 -0.01457 -0.03261
v -0.05268 0.00588 -0.01951
v -0.09375 -0.00276 -0.02662
v -0.08958 0.00489 -0.02201
v -0.04250 0.03593 -0.00859
v -0.04167 0.04947 -0.00211
v -0.04080 0.02478 -0.01262
v -0.14716 -0.07391 -0.06901
v -0.14954 -0.18580 -0.12844
v -0.15990 -0.08836 -0.07640
v -0.15603 -0.11365 -0.09128
v -0.15995 -0.17138 -0.11977
v -0.16592 -0.18528 -0.12618
v -0.17940 -0.17116 -0.11589
v -0.18303 -0.19108 -0.12846
v -0.19456 -0.18699 -0.12627
v -0.20683 -0.20183 -0.13495
v -0.21626 -0.19515 -0.13301
v -0.20820 -0.18008 -0.12370
v -0.22449 -0.18938 -0.12892
v -0.22894 -0.20913 -0.14204
v -0.23616 -0.20372 -0.13831
v -0.24054 -0.21652 -0.14690
v -0.23798 -0.23000 -0.15491
v -0.21243 -0.16665 -0.11459
v -0.20408 -0.16154 -0.11075
v -0.20199 -0.14350 -0.09788
v -0.19403 -0.16773 -0.11280
v -0.18445 -0.14644 -0.09871
v -0.19456 -0.14595 -0.09902
v -0.19124 -0.12853 -0.09025
v -0.16440 -0.15316 -0.10819
v -0.17147 -0.12987 -0.09402
v -0.17761 -0.11253 -0.08448
v -0.04758 0.05283 0.00173
v -0.14719 -0.19773 -0.13254
v -0.08063 0.01772 -0.01455
v -0.24647 -0.23267 -0.15350
v -0.24915 -0.25098 -0.16052
v -0.24017 -0.25196 -0.16389
v -0.16091 -0.19718 -0.12932
v -0.17769 -0.19648 -0.12927
v -0.19590 -0.20646 -0.13448
v -0.21349 -0.21636 -0.14077
v -0.22938 -0.22196 -0.14849
v -0.23036 -0.23954 -0.15663
v -0.24424 -0.27095 -0.16974
v -0.23859 -0.27708 -0.17089
v -0.23526 -0.25996 -0.16455
v -0.22021 -0.22257 -0.14382
v -0.13803 -0.20317 -0.14018
v -0.13163 -0.20405 -0.14157
v -0.13027 -0.21392 -0.14873
v -0.12702 -0.21114 -0.14612
v -0.13526 -0.21645 -0.14874
v -0.13120 -0.22887 -0.15334
v -0.19468 -0.12576 -0.08661
v -0.17748 -0.10073 -0.07673
v -0.24629 -0.29030 -0.17309
v -0.13109 -0.04885 -0.05031
v -0.15007 -0.06571 -0.05927
v -0.14292 -0.20765 -0.13972
v -0.16830 -0.08203 -0.06540
v -0.07115 0.03113 -0.00429
v -0.06075 0.04036 -0.00168
v -0.24090 -0.20763 -0.13810
v -0.13785 -0.22611 -0.15007
v -0.13436 -0.24160 -0.15867
v -0.12929 -0.24555 -0.16126
v -0.13412 -0.25322 -0.16426
v -0.24625 -0.22050 -0.14466
v -0.23437 -0.19528 -0.12849
v -0.22364 -0.18035 -0.11928
v -0.11960 -0.02547 -0.02838
v -0.12655 -0.03571 -0.03605
v -0.14513 -0.05446 -0.04715
v -0.16395 -0.07260 -0.05580
v -0.25006 -0.27670 -0.16728
v -0.12925 -0.25990 -0.16623
v -0.13279 -0.26364 -0.16689
v -0.13760 -0.26249 -0.16512
v -0.16137 -0.20508 -0.12970
v -0.15253 -0.20809 -0.13217
v -0.23646 -0.29256 -0.17315
v -0.12628 -0.22599 -0.15022
v -0.17759 -0.20627 -0.12929
v -0.25203 -0.29065 -0.16738
v -0.12750 -0.20231 -0.13658
v -0.24664 -0.29530 -0.17212
v -0.12538 -0.24973 -0.16063
v -0.12912 -0.26628 -0.16602
v -0.22455 -0.23642 -0.15034
v -0.19537 -0.21085 -0.13410
v -0.25148 -0.29563 -0.16688
v -0.23390 -0.28087 -0.16872
v -0.23215 -0.29137 -0.16983
v -0.12498 -0.26532 -0.16344
v -0.20941 -0.21870 -0.13775
v -0.23330 -0.29521 -0.17052
v -0.01216 0.01419 0.00491
v -0.01368 0.02694 -0.00410
v -0.02948 0.00936 -0.01047
v -0.03611 -0.00760 -0.00713
v -0.02738 0.02062 -0.01229
v -0.04228 0.00456 -0.01966
v -0.04357 -0.00660 -0.01772
v -0.05675 -0.00601 -0.02765
v -0.05807 -0.02965 -0.02340
v 0.00004 0.00719 0.03683
v -0.01968 0.00328 0.04154
v -0.01994 -0.00787 0.02819
v -0.04393 -0.01888 0.02804
v -0.04428 -0.02684 0.01836
v -0.06265 -0.03230 0.02357
v -0.06007 -0.03960 0.01340
v -0.08532 -0.05455 0.01273
v -0.07978 -0.05759 0.00591
v -0.10155 -0.07783 -0.00114
v -0.05306 -0.01406 0.03723
v -0.10016 -0.06510 0.01003
v -0.02898 0.00821 0.04990
v -0.00591 0.02537 0.05930
v -0.07109 -0.03169 0.02741
v -0.11903 -0.08587 0.00161
v -0.08242 -0.03707 0.02495
v -0.09985 -0.07949 -0.00660
v -0.10012 -0.05329 0.01684
v -0.11303 -0.06844 0.00988
v -0.12708 -0.08326 0.00385
v -0.05029 -0.00409 0.04248
v -0.07529 -0.02139 0.03133
v -0.02827 0.02066 0.05558
v -0.01102 0.02858 0.06179
v -0.06844 -0.04931 0.00368
v -0.26939 -0.28743 -0.08865
v -0.26825 -0.27684 -0.08158
v -0.26147 -0.27723 -0.08612
v -0.26155 -0.26458 -0.08098
v -0.25288 -0.26239 -0.08794
v -0.25100 -0.24938 -0.08175
v -0.25734 -0.24911 -0.07719
v -0.25023 -0.24041 -0.07588
v -0.24365 -0.23283 -0.07564
v -0.25672 -0.24427 -0.07360
v -0.26195 -0.28305 -0.09218
v -0.26928 -0.29711 -0.09595
v -0.24251 -0.23803 -0.08267
v -0.27610 -0.29772 -0.09282
v -0.27535 -0.30982 -0.09741
v -0.26938 -0.30958 -0.10357
v -0.26477 -0.29533 -0.10155
v -0.27395 -0.32857 -0.10338
v -0.27877 -0.32495 -0.10005
v -0.24565 -0.24710 -0.09106
v -0.25239 -0.26801 -0.09693
v -0.27159 -0.32734 -0.10777
v -0.27898 -0.34723 -0.10040
v -0.27162 -0.34414 -0.10611
v -0.27391 -0.35095 -0.10198
v -0.26869 -0.35162 -0.11090
v -0.27332 -0.28446 -0.08581
v -0.25534 -0.24051 -0.07402
v -0.25054 -0.23418 -0.07491
v -0.28066 -0.30879 -0.09617
v -0.25069 -0.22875 -0.07355
v -0.27877 -0.35847 -0.10003
v -0.27501 -0.36004 -0.10221
v -0.26924 -0.35850 -0.10618
v -0.26436 -0.25429 -0.07781
v -0.27202 -0.26733 -0.07996
v -0.27839 -0.28818 -0.08982
v -0.26522 -0.24702 -0.07676
v -0.26010 -0.24576 -0.07461
v -0.27720 -0.27608 -0.08399
v -0.25802 -0.23361 -0.07479
v -0.25591 -0.22535 -0.07407
v -0.26395 -0.24327 -0.07207
v -0.25845 -0.23683 -0.07291
v -0.26691 -0.30257 -0.10982
v -0.25989 -0.28399 -0.10448
v -0.24253 -0.23998 -0.09281
v -0.27203 -0.33581 -0.11427
v -0.26937 -0.35762 -0.11212
v -0.24729 -0.24808 -0.09779
v -0.11830 -0.09555 -0.00678
v -0.12685 -0.10759 -0.01077
v -0.12152 -0.10470 -0.01544
v -0.13016 -0.11731 -0.01843
v -0.13651 -0.12348 -0.01285
v -0.13857 -0.13188 -0.01995
v -0.14866 -0.14856 -0.01467
v -0.15057 -0.15580 -0.02411
v -0.15912 -0.16642 -0.01373
v -0.16241 -0.17518 -0.02058
v -0.09985 -0.07949 -0.00660
v -0.10155 -0.07783 -0.00114
v -0.26917 -0.29443 -0.11575
v -0.27574 -0.28087 -0.11644
v -0.27555 -0.30337 -0.11841
v -0.26354 -0.26945 -0.11250
v -0.26585 -0.25737 -0.11115
v -0.25631 -0.24368 -0.10587
v -0.26104 -0.23879 -0.10584
v -0.25082 -0.22829 -0.10315
v -0.25602 -0.22650 -0.10348
v -0.27826 -0.26758 -0.11404
v -0.25260 -0.25025 -0.10438
v -0.24446 -0.23401 -0.09917
v -0.27604 -0.31889 -0.11746
v -0.27337 -0.32350 -0.11524
v -0.27898 -0.33413 -0.11866
v -0.27482 -0.34017 -0.11881
v -0.25458 -0.26378 -0.10547
v -0.26250 -0.28271 -0.11032
v -0.27719 -0.34935 -0.12016
v -0.27073 -0.34947 -0.11801
v -0.27329 -0.35658 -0.11844
v -0.28284 -0.31763 -0.11813
v -0.28193 -0.35526 -0.11947
v -0.24810 -0.22091 -0.10415
v -0.24395 -0.22543 -0.10267
v -0.28347 -0.35143 -0.11991
v -0.23837 -0.22960 -0.09843
v -0.28548 -0.34058 -0.11828
v -0.27234 -0.24922 -0.10843
v -0.27203 -0.33581 -0.11427
v -0.28329 -0.29527 -0.11623
v -0.24729 -0.24808 -0.09779
v -0.26691 -0.30257 -0.10982
v -0.25735 -0.21570 -0.10018
v -0.28305 -0.27834 -0.11385
v -0.26487 -0.22943 -0.10047
v -0.28677 -0.31326 -0.11613
v -0.28286 -0.26136 -0.10969
v -0.28638 -0.26745 -0.10964
v -0.26937 -0.35762 -0.11212
v -0.28701 -0.35412 -0.11673
v -0.24253 -0.23998 -0.09281
v -0.25989 -0.28399 -0.10448
v -0.25239 -0.26801 -0.09693
v -0.27159 -0.32734 -0.10777
v -0.26869 -0.35162 -0.11090
v -0.24512 -0.31122 -0.02552
v -0.24652 -0.32756 -0.02561
v -0.25131 -0.31019 -0.02621
v -0.24944 -0.29623 -0.02591
v -0.25880 -0.28955 -0.02639
v -0.23940 -0.32226 -0.02419
v -0.25119 -0.32399 -0.02653
v -0.25357 -0.33118 -0.02433
v -0.24734 -0.34211 -0.02037
v -0.25763 -0.30836 -0.02429
v -0.25254 -0.28781 -0.02824
v -0.25600 -0.27065 -0.03225
v -0.24677 -0.27318 -0.03228
v -0.25007 -0.25342 -0.03435
v -0.25192 -0.24657 -0.03466
v -0.25706 -0.32454 -0.02394
v -0.24240 -0.26127 -0.03263
v -0.24278 -0.24796 -0.03333
v -0.24568 -0.28716 -0.02661
v -0.25957 -0.25635 -0.03061
v -0.23969 -0.34160 -0.01826
v -0.24302 -0.35503 -0.01739
v -0.24302 -0.36351 -0.01521
v -0.23770 -0.36458 -0.01482
v -0.22833 -0.37998 -0.01328
v -0.23844 -0.33041 -0.02171
v -0.23293 -0.33919 -0.01625
v -0.23998 -0.27669 -0.02755
v -0.23723 -0.26368 -0.02964
v -0.24586 -0.24322 -0.03646
v -0.25418 -0.24341 -0.03603
v -0.23735 -0.24480 -0.03184
v -0.23598 -0.25045 -0.02885
v -0.24265 -0.29227 -0.02293
v -0.23981 -0.31251 -0.02240
v -0.23904 -0.34742 -0.01362
v -0.23280 -0.24461 -0.02676
v -0.23431 -0.32449 -0.01798
v -0.25598 -0.33738 -0.01947
v -0.24888 -0.35750 -0.01362
v -0.23889 -0.37319 -0.01171
v -0.26195 -0.27370 -0.02799
v -0.23284 -0.33233 -0.01403
v -0.22704 -0.34126 -0.01370
v -0.22615 -0.34724 -0.01342
v -0.21891 -0.35082 -0.01116
v -0.23278 -0.34246 -0.01494
v -0.22097 -0.35306 -0.00956
v -0.23706 -0.34256 -0.01369
v -0.23863 -0.24173 -0.03647
v -0.23307 -0.25293 -0.02201
v -0.23651 -0.31299 -0.01742
v -0.23978 -0.29624 -0.01709
v -0.23833 -0.28720 -0.01581
v -0.23415 -0.26899 -0.02090
v -0.25791 -0.24338 -0.03013
v -0.22469 -0.34139 -0.01010
v -0.26518 -0.29188 -0.02051
v -0.26220 -0.31293 -0.01954
v -0.26846 -0.27123 -0.01874
v -0.26644 -0.25879 -0.02093
v -0.23099 -0.38067 -0.01033
v -0.22497 -0.38293 -0.01061
v -0.26230 -0.32557 -0.01706
v -0.23167 -0.33183 -0.01034
v -0.25790 -0.33956 -0.01314
v -0.13968 -0.25032 -0.15897
v -0.14126 -0.22936 -0.14764
v -0.14276 -0.24554 -0.14964
v -0.14405 -0.22788 -0.14034
v -0.14222 -0.26049 -0.15780
v -0.13760 -0.26249 -0.16512
v -0.14618 -0.21392 -0.13769
v -0.15062 -0.21614 -0.13122
v -0.13785 -0.22611 -0.15007
v -0.14292 -0.20765 -0.13972
v -0.13526 -0.21645 -0.14874
v -0.13412 -0.25322 -0.16426
v -0.15253 -0.20809 -0.13217
v -0.14719 -0.19773 -0.13254
v -0.13436 -0.24160 -0.15867
v -0.15906 -0.21023 -0.12794
v -0.13628 -0.26559 -0.16500
v -0.14104 -0.26600 -0.15848
v -0.13279 -0.26364 -0.16689
v -0.14266 -0.26400 -0.15340
v -0.14270 -0.25198 -0.14489
v -0.14206 -0.23762 -0.14105
v -0.14081 -0.26822 -0.15183
v -0.14373 -0.22704 -0.13286
v -0.15489 -0.21428 -0.12296
v -0.16137 -0.20508 -0.12970
v -0.16860 -0.20826 -0.12643
v -0.25104 -0.29170 -0.02232
v -0.25105 -0.27523 -0.02746
v -0.25513 -0.28982 -0.02260
v -0.25708 -0.27430 -0.02571
v -0.25104 -0.25734 -0.02954
v -0.25691 -0.26207 -0.02687
v -0.24546 -0.27028 -0.02782
v -0.25143 -0.30797 -0.02135
v -0.25698 -0.31580 -0.01865
v -0.26093 -0.28766 -0.01935
v -0.25237 -0.32215 -0.02126
v -0.24659 -0.32341 -0.02199
v -0.24565 -0.32860 -0.02035
v -0.25655 -0.24727 -0.02458
v -0.25111 -0.33006 -0.02016
v -0.25604 -0.32846 -0.01792
v -0.25098 -0.24402 -0.03030
v -0.26280 -0.27193 -0.01996
v -0.25054 -0.23423 -0.03053
v -0.24641 -0.24086 -0.03172
v -0.24413 -0.24947 -0.02885
v -0.24431 -0.30709 -0.01870
v -0.24462 -0.28019 -0.02296
v -0.24143 -0.32290 -0.01999
v -0.24678 -0.29157 -0.02020
v -0.24014 -0.25650 -0.02592
v -0.23818 -0.24440 -0.02582
v -0.23981 -0.32902 -0.01683
v -0.24365 -0.33068 -0.01825
v -0.26578 -0.41197 -0.11492
v -0.27139 -0.40994 -0.11344
v -0.27459 -0.39612 -0.11775
v -0.26405 -0.41803 -0.11124
v -0.27813 -0.40170 -0.11209
v -0.28530 -0.38134 -0.11471
v -0.27854 -0.37730 -0.12034
v -0.28614 -0.35978 -0.12297
v -0.29176 -0.36120 -0.11735
v -0.28754 -0.34348 -0.12264
v -0.29226 -0.33961 -0.11768
v -0.29269 -0.32393 -0.11771
v -0.28808 -0.30877 -0.12055
v -0.25599 -0.41906 -0.11085
v -0.25420 -0.42375 -0.10806
v -0.24808 -0.42555 -0.10546
v -0.25012 -0.42709 -0.10403
v -0.27446 -0.29877 -0.12295
v -0.28129 -0.28866 -0.12135
v -0.27033 -0.27901 -0.12059
v -0.27938 -0.26828 -0.11907
v -0.27144 -0.26070 -0.11734
v -0.28207 -0.32030 -0.12286
v -0.27902 -0.34505 -0.12431
v -0.27608 -0.36431 -0.12350
v -0.27863 -0.25352 -0.11386
v -0.26801 -0.23806 -0.10959
v -0.25917 -0.23684 -0.11005
v -0.25688 -0.22377 -0.10792
v -0.25161 -0.22488 -0.10799
v -0.24880 -0.22015 -0.10928
v -0.24382 -0.22689 -0.10812
v -0.25050 -0.21505 -0.10910
v -0.24542 -0.23410 -0.10527
v -0.28528 -0.27617 -0.11766
v -0.24789 -0.28136 -0.14557
v -0.25084 -0.27187 -0.14547
v -0.25606 -0.26521 -0.14962
v -0.25322 -0.25719 -0.13964
v -0.25680 -0.24144 -0.13739
v -0.24959 -0.24415 -0.12830
v -0.24927 -0.23361 -0.12509
v -0.24767 -0.26064 -0.13627
v -0.24980 -0.22215 -0.12600
v -0.24328 -0.25277 -0.12863
v -0.25265 -0.28711 -0.14983
v -0.25649 -0.28658 -0.15669
v -0.25337 -0.29717 -0.15381
v -0.24955 -0.29496 -0.14906
v -0.24449 -0.22890 -0.12048
v -0.24700 -0.21984 -0.11678
v -0.24131 -0.22773 -0.11324
v -0.24879 -0.30816 -0.15725
v -0.25391 -0.30235 -0.16004
v -0.24794 -0.31905 -0.16391
v -0.24383 -0.32201 -0.16056
v -0.23931 -0.33089 -0.16049
v -0.24308 -0.23859 -0.12298
v -0.24406 -0.30335 -0.15127
v -0.23724 -0.23535 -0.11911
v -0.24323 -0.27050 -0.14132
v -0.24126 -0.31363 -0.15738
v -0.23665 -0.34923 -0.16067
v -0.23435 -0.24435 -0.12334
v -0.24186 -0.29248 -0.14617
v -0.23202 -0.23291 -0.11338
v -0.24293 -0.33652 -0.16707
v -0.23897 -0.26071 -0.13338
v -0.24115 -0.28056 -0.14444
v -0.24762 -0.21234 -0.11594
v -0.23078 -0.23678 -0.11923
v -0.25898 -0.24611 -0.14782
v -0.25646 -0.29651 -0.16550
v -0.25614 -0.22894 -0.13928
v -0.24997 -0.21355 -0.13232
v -0.23442 -0.35429 -0.16250
v -0.23081 -0.35968 -0.15821
v -0.23075 -0.35660 -0.15728
v -0.23447 -0.34155 -0.16052
v -0.25745 -0.28383 -0.16380
v -0.25715 -0.26135 -0.15930
v -0.25024 -0.31063 -0.17028
v -0.25597 -0.29212 -0.16994
v -0.24030 -0.33997 -0.16949
v -0.24406 -0.32662 -0.17281
v -0.22739 -0.35928 -0.15843
v -0.23838 -0.26359 -0.14317
v -0.24187 -0.25972 -0.13885
v -0.23436 -0.25319 -0.13453
v -0.23725 -0.24754 -0.12981
v -0.24374 -0.27014 -0.14644
v -0.23849 -0.27284 -0.14934
v -0.23257 -0.24171 -0.12758
v -0.22888 -0.24882 -0.13549
v -0.22438 -0.23619 -0.12939
v -0.22686 -0.23285 -0.12343
v -0.23201 -0.23107 -0.11924
v -0.21711 -0.22565 -0.12364
v -0.23203 -0.25920 -0.14514
v -0.23440 -0.26899 -0.15250
v -0.24370 -0.27970 -0.14904
v -0.23401 -0.27734 -0.15494
v -0.23870 -0.28548 -0.15038
v -0.24235 -0.29423 -0.15130
v -0.23719 -0.29551 -0.15264
v -0.23438 -0.28727 -0.15344
v -0.23907 -0.29829 -0.15425
v -0.23333 -0.29582 -0.15621
v -0.24571 -0.29782 -0.15365
v -0.24205 -0.24479 -0.13000
v -0.23712 -0.23153 -0.12271
v -0.24771 -0.29210 -0.15294
v -0.23843 -0.22595 -0.11756
v -0.24795 -0.27793 -0.15061
v -0.24847 -0.26099 -0.14388
v -0.24447 -0.23110 -0.12739
v -0.25026 -0.23844 -0.13461
v -0.25039 -0.29606 -0.15865
v -0.25135 -0.28557 -0.15571
v -0.25193 -0.26378 -0.15053
v -0.24355 -0.22049 -0.12252
v -0.23288 -0.22683 -0.11113
v -0.24110 -0.21986 -0.11188
v -0.24825 -0.22512 -0.13303
v -0.25270 -0.29209 -0.16208
v -0.23978 -0.29624 -0.01709
v -0.23833 -0.28720 -0.01581
v -0.23923 -0.29772 -0.01159
v -0.23651 -0.31299 -0.01742
v -0.23732 -0.30940 -0.01029
v -0.24068 -0.29148 -0.00651
v -0.23431 -0.32449 -0.01798
v -0.23167 -0.33183 -0.01034
v -0.23744 -0.31870 -0.00555
v -0.24283 -0.29942 -0.00374
v -0.23262 -0.33662 -0.00592
v -0.24307 -0.28318 -0.00113
v -0.23430 -0.27209 -0.01301
v -0.23752 -0.26733 -0.00467
v -0.23383 -0.25352 -0.01036
v -0.23210 -0.25897 -0.01601
v -0.23971 -0.24362 -0.00374
v -0.24231 -0.26493 0.00020
v -0.23307 -0.25293 -0.02201
v -0.24059 -0.32991 -0.00032
v -0.23149 -0.24679 -0.01652
v -0.23350 -0.24340 -0.00932
v -0.24530 -0.31113 -0.00076
v -0.23415 -0.26899 -0.02090
v -0.23280 -0.24461 -0.02676
v -0.22469 -0.34139 -0.01010
v -0.22378 -0.34480 -0.00748
v -0.21891 -0.35082 -0.01116
v -0.21941 -0.35007 -0.00833
v -0.22097 -0.35306 -0.00956
v -0.23284 -0.33233 -0.01403
v -0.17828 -0.19288 -0.01745
v -0.16996 -0.18060 -0.01213
v -0.18453 -0.19589 -0.01033
v -0.19960 -0.21386 -0.01557
v -0.16241 -0.17518 -0.02058
v -0.16225 -0.16510 -0.00769
v -0.15912 -0.16642 -0.01373
v -0.19762 -0.20413 -0.00572
v -0.21258 -0.22087 -0.00767
v -0.21636 -0.23307 -0.01544
v -0.18049 -0.18515 -0.00456
v -0.22632 -0.23621 -0.00843
v -0.14866 -0.14856 -0.01467
v -0.14982 -0.14299 -0.00801
v -0.13961 -0.12122 -0.00813
v -0.13651 -0.12348 -0.01285
v -0.13207 -0.10766 -0.00684
v -0.12685 -0.10759 -0.01077
v -0.13085 -0.09674 -0.00130
v -0.17968 -0.17292 0.00047
v -0.16354 -0.15698 -0.00275
v -0.19526 -0.19371 -0.00020
v -0.23134 -0.22944 -0.00184
v -0.21473 -0.20821 0.00085
v -0.15325 -0.13352 -0.00244
v -0.14073 -0.10738 -0.00273
v -0.17060 -0.14883 0.00273
v -0.11903 -0.08587 0.00161
v -0.11830 -0.09555 -0.00678
v -0.10155 -0.07783 -0.00114
v -0.19571 -0.17927 0.00401
v -0.15816 -0.12372 0.00087
v -0.18238 -0.15248 0.00472
v -0.20915 -0.19276 0.00297
v -0.12708 -0.08326 0.00385
v -0.22613 -0.20992 0.00137
v -0.23932 -0.23334 -0.00203
v -0.14410 -0.09365 -0.00010
v -0.14800 -0.10511 -0.00149
v -0.15855 -0.10319 -0.00003
v -0.17225 -0.12630 0.00323
v -0.19420 -0.15768 0.00487
v -0.24871 -0.23658 -0.00287
v -0.23822 -0.21799 -0.00126
v -0.21062 -0.18075 0.00325
v -0.24597 -0.25202 0.00006
v -0.24918 -0.26990 0.00247
v -0.24829 -0.28594 0.00137
v -0.24970 -0.30188 0.00019
v -0.25486 -0.28679 0.00191
v -0.24876 -0.32407 0.00174
v -0.24973 -0.33673 0.00090
v -0.24099 -0.33804 -0.00121
v -0.24573 -0.34219 -0.00112
v -0.25603 -0.26414 0.00233
v -0.18792 -0.13343 0.00187
v -0.25474 -0.24890 -0.00072
v -0.16708 -0.10064 -0.00149
v -0.15032 -0.07939 -0.00374
v -0.13711 -0.08138 0.00155
v -0.12602 -0.06841 0.00582
v -0.22835 -0.19794 0.00009
v -0.11303 -0.06844 0.00988
v -0.11253 -0.05915 0.01247
v -0.10012 -0.05329 0.01684
v -0.09321 -0.03870 0.02249
v -0.08242 -0.03707 0.02495
v -0.07529 -0.02139 0.03133
v -0.20796 -0.16432 0.00141
v -0.10827 -0.04551 0.01510
v -0.09438 -0.02659 0.02164
v -0.07951 -0.01680 0.02964
v -0.06348 -0.00529 0.03823
v -0.05029 -0.00409 0.04248
v -0.04370 0.00912 0.04804
v -0.02827 0.02066 0.05558
v -0.28717 -0.36950 -0.06190
v -0.28825 -0.36535 -0.05663
v -0.29125 -0.35515 -0.06083
v -0.28935 -0.36420 -0.06569
v -0.28209 -0.37651 -0.06820
v -0.28534 -0.36869 -0.07091
v -0.29014 -0.34860 -0.06746
v -0.29242 -0.33947 -0.06042
v -0.29075 -0.32207 -0.06956
v -0.28627 -0.35692 -0.07285
v -0.29486 -0.32554 -0.06184
v -0.29342 -0.30164 -0.06396
v -0.29030 -0.29041 -0.06804
v -0.29373 -0.28153 -0.05891
v -0.29088 -0.27284 -0.06637
v -0.29296 -0.26594 -0.05651
v -0.28977 -0.26088 -0.06459
v -0.28558 -0.28013 -0.07339
v -0.28546 -0.30917 -0.07399
v -0.28525 -0.26669 -0.07194
v -0.27980 -0.27170 -0.07841
v -0.28347 -0.34221 -0.07341
v -0.27882 -0.28090 -0.07913
v -0.27915 -0.29220 -0.07716
v -0.27948 -0.26432 -0.07576
v -0.27581 -0.25268 -0.07924
v -0.27561 -0.24852 -0.07166
v -0.27082 -0.24532 -0.07498
v -0.28225 -0.24551 -0.06232
v -0.26827 -0.22648 -0.06577
v -0.26297 -0.22246 -0.07079
v -0.26359 -0.20901 -0.06023
v -0.27406 -0.28492 -0.08031
v -0.25921 -0.20737 -0.06646
v -0.27280 -0.22769 -0.05870
v -0.27855 -0.37575 -0.07154
v -0.27317 -0.39468 -0.06922
v -0.27952 -0.36271 -0.07604
v -0.27368 -0.35688 -0.07633
v -0.27672 -0.33860 -0.07408
v -0.27817 -0.32100 -0.07403
v -0.26938 -0.37623 -0.07255
v -0.26745 -0.39568 -0.07119
v -0.27285 -0.30101 -0.07546
v -0.26932 -0.28672 -0.07888
v -0.26168 -0.41232 -0.06823
v -0.25249 -0.41752 -0.06956
v -0.25333 -0.42079 -0.06681
v -0.24653 -0.42354 -0.06769
v -0.29342 -0.30164 -0.06396
v -0.29284 -0.29055 -0.05442
v -0.29373 -0.28153 -0.05891
v -0.29212 -0.30949 -0.05176
v -0.29064 -0.27675 -0.05012
v -0.29296 -0.26594 -0.05651
v -0.29528 -0.31558 -0.05829
v -0.29392 -0.32543 -0.05512
v -0.29486 -0.32554 -0.06184
v -0.29242 -0.33947 -0.06042
v -0.28825 -0.26042 -0.04955
v -0.28924 -0.33017 -0.05030
v -0.28794 -0.35410 -0.05256
v -0.29125 -0.35515 -0.06083
v -0.28825 -0.36535 -0.05663
v -0.28468 -0.36412 -0.05165
v -0.28527 -0.30046 -0.04492
v -0.04139 0.04058 0.04440
v -0.04104 0.02417 0.04904
v -0.02453 0.03547 0.05873
v -0.05999 0.02562 0.03074
v -0.05682 0.01050 0.04031
v -0.07418 0.01272 0.02376
v -0.07089 -0.00016 0.03238
v -0.08991 -0.00637 0.01838
v -0.06348 -0.00529 0.03823
v -0.07951 -0.01680 0.02964
v -0.04370 0.00912 0.04804
v -0.09438 -0.02659 0.02164
v -0.02827 0.02066 0.05558
v -0.10881 -0.01585 0.00473
v -0.11251 -0.03156 0.00728
v -0.10827 -0.04551 0.01510
v -0.12657 -0.04831 0.00028
v -0.12602 -0.06841 0.00582
v -0.13479 -0.06427 -0.00071
v -0.14704 -0.05970 -0.00901
v -0.13711 -0.08138 0.00155
v -0.15032 -0.07939 -0.00374
v -0.16578 -0.08287 -0.00887
v -0.12504 -0.03227 -0.00421
v -0.14222 -0.04883 -0.01171
v -0.15795 -0.06103 -0.01690
v -0.09674 0.00198 0.00721
v -0.08130 0.01734 0.01423
v -0.05363 0.04117 0.03112
v -0.08480 0.02004 0.00618
v -0.11443 -0.01581 -0.00384
v -0.06608 0.03804 0.01682
v -0.16998 -0.07271 -0.01993
v -0.17315 -0.08610 -0.01263
v -0.17686 -0.10605 -0.00368
v -0.18533 -0.11085 -0.00768
v -0.18792 -0.13343 0.00187
v -0.20039 -0.13842 -0.00347
v -0.20796 -0.16432 0.00141
v -0.21170 -0.15581 -0.00539
v -0.22690 -0.18582 -0.00321
v -0.22835 -0.19794 0.00009
v -0.24017 -0.20560 -0.00412
v -0.23824 -0.19471 -0.00941
v -0.24940 -0.21486 -0.00845
v -0.25043 -0.22598 -0.00646
v -0.16708 -0.10064 -0.00149
v -0.05450 0.05500 0.02201
v -0.22252 -0.17127 -0.01018
v -0.25220 -0.21298 -0.01472
v -0.18138 -0.08951 -0.02284
v -0.19163 -0.11312 -0.01614
v -0.06698 0.04205 0.01017
v -0.05526 0.05928 0.01532
v -0.21043 -0.14808 -0.01231
v -0.13268 -0.03533 -0.01553
v -0.14585 -0.04639 -0.02462
v -0.10248 0.00490 -0.00911
v -0.08367 0.02499 0.00001
v -0.11400 -0.00783 -0.01531
v -0.17477 -0.07557 -0.02711
v -0.25579 -0.22780 -0.01261
v -0.26002 -0.24624 -0.00518
v -0.26510 -0.25208 -0.00912
v -0.26587 -0.26499 -0.00307
v -0.26157 -0.26003 -0.00036
v -0.12212 -0.02027 -0.01563
v -0.19831 -0.11561 -0.02953
v -0.21513 -0.14424 -0.02934
v -0.21429 -0.13094 -0.04250
v -0.22397 -0.14692 -0.03962
v -0.22726 -0.16275 -0.03186
v -0.23626 -0.16589 -0.04179
v -0.24526 -0.18681 -0.03694
v -0.23905 -0.18886 -0.02759
v -0.25001 -0.20519 -0.02970
v -0.25707 -0.20643 -0.03829
v -0.25800 -0.19732 -0.04751
v -0.22637 -0.17227 -0.02115
v -0.24037 -0.19380 -0.01945
v -0.26504 -0.21378 -0.04524
v -0.24823 -0.18193 -0.04865
v -0.25503 -0.21642 -0.03214
v -0.19836 -0.10998 -0.03899
v -0.13163 -0.02856 -0.02681
v -0.18445 -0.08994 -0.03382
v -0.16400 -0.06217 -0.02769
v -0.26053 -0.22499 -0.03776
v -0.26999 -0.23302 -0.04486
v -0.27093 -0.22340 -0.05207
v -0.27925 -0.24196 -0.05082
v -0.27818 -0.25154 -0.04438
v -0.28457 -0.26675 -0.04382
v -0.28806 -0.25364 -0.05749
v -0.25474 -0.24890 -0.00072
v -0.24871 -0.23658 -0.00287
v -0.26428 -0.20638 -0.05324
v -0.25238 -0.21346 -0.02296
v -0.14837 -0.04634 -0.03550
v -0.26860 -0.26180 -0.01150
v -0.27655 -0.26325 -0.03990
v -0.27280 -0.22769 -0.05870
v -0.26782 -0.24501 -0.04021
v -0.25991 -0.23648 -0.03765
v -0.23822 -0.21799 -0.00126
v -0.23085 -0.15577 -0.04713
v -0.25529 -0.22906 -0.03250
v -0.28189 -0.27693 -0.04131
v -0.26373 -0.27658 -0.00080
v -0.17280 -0.07298 -0.03853
v -0.26878 -0.28127 -0.00884
v -0.06549 0.04490 0.00178
v -0.26067 -0.24045 -0.02043
v -0.25576 -0.23058 -0.02835
v -0.26644 -0.25879 -0.02093
v -0.28977 -0.26088 -0.06459
v -0.28225 -0.24551 -0.06232
v -0.26846 -0.27123 -0.01874
v -0.26818 -0.28751 -0.01521
v -0.26524 -0.30888 -0.01148
v -0.25791 -0.24338 -0.03013
v -0.25957 -0.25635 -0.03061
v -0.25344 -0.24003 -0.03442
v -0.26518 -0.29188 -0.02051
v -0.26220 -0.31293 -0.01954
v -0.26230 -0.32557 -0.01706
v -0.25790 -0.33956 -0.01314
v -0.25216 -0.34556 -0.00429
v -0.25935 -0.33597 -0.00720
v -0.26333 -0.32649 -0.00921
v -0.25189 -0.35315 -0.01020
v -0.24607 -0.36163 -0.00524
v -0.25803 -0.33249 -0.00213
v -0.24888 -0.35750 -0.01362
v -0.24433 -0.36741 -0.00948
v -0.23703 -0.37489 -0.00736
v -0.23889 -0.37319 -0.01171
v -0.23099 -0.38067 -0.01033
v -0.26230 -0.32557 -0.01706
v -0.26524 -0.30888 -0.01148
v -0.26298 -0.30750 -0.00456
v -0.26878 -0.28127 -0.00884
v -0.26373 -0.27658 -0.00080
v -0.26587 -0.26499 -0.00307
v -0.25930 -0.29432 -0.00021
v -0.25385 -0.31569 0.00063
v -0.24398 -0.35604 -0.00247
v -0.25386 -0.33146 0.00111
v -0.24973 -0.33673 0.00090
v -0.23547 -0.37307 -0.00513
v -0.24573 -0.34219 -0.00112
v -0.25486 -0.28679 0.00191
v -0.25603 -0.26414 0.00233
v -0.26157 -0.26003 -0.00036
v -0.24970 -0.30188 0.00019
v -0.22902 -0.37896 -0.00680
v -0.24876 -0.32407 0.00174
v -0.25474 -0.24890 -0.00072
v -0.24918 -0.26990 0.00247
v -0.23043 -0.37380 -0.00598
v -0.24036 -0.35491 -0.00348
v -0.22497 -0.38293 -0.01061
v -0.14411 -0.27456 -0.16076
v -0.14673 -0.26612 -0.15050
v -0.14754 -0.25460 -0.15437
v -0.14463 -0.26185 -0.16358
v -0.14547 -0.25073 -0.15944
v -0.14713 -0.23921 -0.14699
v -0.14470 -0.22765 -0.15088
v -0.14731 -0.24720 -0.14370
v -0.14760 -0.22716 -0.14509
v -0.14878 -0.22827 -0.13519
v -0.15284 -0.21483 -0.13712
v -0.15331 -0.22023 -0.13332
v -0.14106 -0.26772 -0.16740
v -0.15064 -0.20290 -0.13769
v -0.14114 -0.25596 -0.16669
v -0.13927 -0.29280 -0.16104
v -0.14261 -0.28857 -0.15507
v -0.14162 -0.30152 -0.15618
v -0.14257 -0.30351 -0.15020
v -0.14212 -0.31460 -0.15115
v -0.14455 -0.31996 -0.14484
v -0.14329 -0.27801 -0.15218
v -0.14583 -0.25862 -0.14165
v -0.14523 -0.23681 -0.13607
v -0.15432 -0.22062 -0.12454
v -0.15665 -0.21504 -0.13317
v -0.14313 -0.32303 -0.14515
v -0.14331 -0.32273 -0.14105
v -0.15791 -0.20636 -0.13511
v -0.14009 -0.23771 -0.15918
v -0.14457 -0.24721 -0.13772
v -0.14347 -0.26711 -0.14393
v -0.13917 -0.28644 -0.14847
v -0.14417 -0.22900 -0.12534
v -0.14149 -0.31220 -0.14483
v -0.13837 -0.29786 -0.14772
v -0.22830 -0.24278 -0.01764
v -0.21636 -0.23307 -0.01544
v -0.22632 -0.23621 -0.00843
v -0.21966 -0.23788 -0.02162
v -0.23350 -0.24340 -0.00932
v -0.23149 -0.24679 -0.01652
v -0.26756 -0.35187 -0.06731
v -0.26692 -0.34816 -0.06304
v -0.27298 -0.33360 -0.06746
v -0.26624 -0.35587 -0.06265
v -0.26749 -0.35572 -0.06897
v -0.27015 -0.33213 -0.06357
v -0.27194 -0.31135 -0.06686
v -0.27288 -0.34776 -0.07020
v -0.25868 -0.32359 -0.01368
v -0.26095 -0.30312 -0.01425
v -0.26022 -0.30895 -0.00900
v -0.25812 -0.32596 -0.00740
v -0.26403 -0.28508 -0.01369
v -0.25724 -0.32900 -0.00932
v -0.26245 -0.27936 -0.00618
v -0.26457 -0.26683 -0.01487
v -0.26364 -0.26405 -0.00868
v -0.26108 -0.25254 -0.01542
v -0.26280 -0.27193 -0.01996
v -0.25604 -0.32846 -0.01792
v -0.26093 -0.28766 -0.01935
v -0.25698 -0.31580 -0.01865
v -0.25655 -0.24727 -0.02458
v -0.25339 -0.23296 -0.02014
v -0.25054 -0.23423 -0.03053
v -0.24955 -0.22068 -0.02750
v -0.26522 -0.24702 -0.07676
v -0.26277 -0.23837 -0.07492
v -0.26395 -0.24327 -0.07207
v -0.26247 -0.23722 -0.07062
v -0.24120 -0.20489 -0.11685
v -0.23143 -0.18898 -0.10520
v -0.24158 -0.20564 -0.10745
v -0.23451 -0.19360 -0.11564
v -0.24016 -0.20148 -0.12587
v -0.21870 -0.16961 -0.10561
v -0.23437 -0.19528 -0.12849
v -0.22364 -0.18035 -0.11928
v -0.22478 -0.17485 -0.09656
v -0.24090 -0.20763 -0.13810
v -0.24711 -0.21863 -0.13708
v -0.24625 -0.22050 -0.14466
v -0.25404 -0.24017 -0.14378
v -0.25180 -0.23736 -0.14997
v -0.24360 -0.21272 -0.12420
v -0.24825 -0.22512 -0.13303
v -0.22210 -0.15922 -0.08325
v -0.24300 -0.21248 -0.11351
v -0.24617 -0.21365 -0.10623
v -0.21243 -0.16665 -0.11459
v -0.20912 -0.14597 -0.09007
v -0.21217 -0.13988 -0.07422
v -0.23568 -0.19082 -0.09972
v -0.19593 -0.11937 -0.07323
v -0.20063 -0.12305 -0.05559
v -0.18750 -0.10456 -0.05491
v -0.19546 -0.11364 -0.04206
v -0.20245 -0.12419 -0.03933
v -0.18301 -0.09939 -0.06515
v -0.17146 -0.07995 -0.04604
v -0.18256 -0.09594 -0.03734
v -0.17487 -0.08430 -0.02794
v -0.16440 -0.06949 -0.03051
v -0.21397 -0.14216 -0.05668
v -0.22450 -0.15740 -0.06800
v -0.21039 -0.13412 -0.04534
v -0.22244 -0.15156 -0.04742
v -0.22691 -0.16171 -0.05561
v -0.23528 -0.17182 -0.04501
v -0.24147 -0.18414 -0.05854
v -0.25188 -0.19633 -0.04826
v -0.25896 -0.20768 -0.05395
v -0.25147 -0.20076 -0.06219
v -0.16830 -0.08203 -0.06540
v -0.16395 -0.07260 -0.05580
v -0.15939 -0.06447 -0.04455
v -0.24279 -0.18731 -0.06885
v -0.25240 -0.20469 -0.06939
v -0.25920 -0.21562 -0.06275
v -0.19468 -0.12576 -0.08661
v -0.26873 -0.23447 -0.06243
v -0.27077 -0.23330 -0.05541
v -0.28335 -0.25505 -0.05822
v -0.17748 -0.10073 -0.07673
v -0.23082 -0.16509 -0.07846
v -0.21681 -0.14554 -0.03931
v -0.15284 -0.05770 -0.03186
v -0.14603 -0.05152 -0.03921
v -0.28262 -0.26068 -0.06534
v -0.28821 -0.26684 -0.05974
v -0.20199 -0.14350 -0.09788
v -0.14513 -0.05446 -0.04715
v -0.23588 -0.18002 -0.09017
v -0.12655 -0.03571 -0.03605
v -0.13118 -0.03547 -0.02814
v -0.11960 -0.02547 -0.02838
v -0.11198 -0.01317 -0.01780
v -0.10293 -0.00650 -0.01979
v -0.09577 0.00480 -0.00776
v -0.08814 0.01112 -0.01177
v -0.08006 0.02162 -0.00463
v -0.08063 0.01772 -0.01455
v -0.07115 0.03113 -0.00429
v -0.08958 0.00489 -0.02201
v -0.09375 -0.00276 -0.02662
v -0.10143 -0.01457 -0.03261
v -0.25932 -0.21188 -0.04618
v -0.24635 -0.18848 -0.07737
v -0.24448 -0.18415 -0.08621
v -0.25725 -0.20272 -0.08429
v -0.25758 -0.20304 -0.09145
v -0.26453 -0.21928 -0.08584
v -0.27049 -0.23234 -0.09602
v -0.24647 -0.23267 -0.15350
v -0.25487 -0.20533 -0.07643
v -0.27084 -0.23764 -0.08750
v -0.28387 -0.25727 -0.10322
v -0.27310 -0.24231 -0.10341
v -0.28286 -0.26136 -0.10969
v -0.28638 -0.26745 -0.10964
v -0.28168 -0.25579 -0.09358
v -0.26487 -0.22943 -0.10047
v -0.28779 -0.27142 -0.10148
v -0.25281 -0.25367 -0.15652
v -0.25735 -0.21570 -0.10018
v -0.24592 -0.20201 -0.10009
v -0.24915 -0.25098 -0.16052
v -0.25537 -0.21464 -0.06864
v -0.25790 -0.21881 -0.07483
v -0.28775 -0.27512 -0.10666
v -0.25894 -0.22711 -0.06901
v -0.25556 -0.22226 -0.07058
v -0.28168 -0.25516 -0.05281
v -0.28804 -0.26691 -0.05512
v -0.26790 -0.23325 -0.04911
v -0.28370 -0.26692 -0.09188
v -0.27014 -0.25145 -0.07064
v -0.25006 -0.27670 -0.16728
v -0.25271 -0.27542 -0.15996
v -0.25203 -0.29065 -0.16738
v -0.28078 -0.27028 -0.07067
v -0.25270 -0.29209 -0.16208
v -0.28414 -0.28167 -0.06830
v -0.28822 -0.29401 -0.10327
v -0.28839 -0.29440 -0.06251
v -0.27234 -0.24922 -0.10843
v -0.24355 -0.22049 -0.12252
v -0.28555 -0.31545 -0.06819
v -0.28998 -0.32087 -0.06247
v -0.25193 -0.26378 -0.15053
v -0.25148 -0.29563 -0.16688
v -0.28305 -0.27834 -0.11385
v -0.28583 -0.28394 -0.10873
v -0.28329 -0.29527 -0.11623
v -0.28750 -0.29858 -0.11142
v -0.28677 -0.31326 -0.11613
v -0.29105 -0.31783 -0.10902
v -0.28954 -0.33241 -0.11277
v -0.28548 -0.34058 -0.11828
v -0.25026 -0.23844 -0.13461
v -0.25135 -0.28557 -0.15571
v -0.28974 -0.33801 -0.10819
v -0.28927 -0.35258 -0.11179
v -0.28701 -0.35412 -0.11673
v -0.28347 -0.35143 -0.11991
v -0.24110 -0.21986 -0.11188
v -0.28731 -0.35840 -0.10971
v -0.28732 -0.35782 -0.10366
v -0.25039 -0.29606 -0.15865
v -0.12580 -0.04178 -0.00772
v -0.13658 -0.05057 -0.01288
v -0.12689 -0.03560 -0.01583
v -0.14118 -0.04778 -0.02697
v -0.11374 -0.02431 -0.00383
v -0.10991 -0.01312 -0.01134
v -0.09138 0.00099 0.00639
v -0.08359 0.01304 0.00574
v -0.07576 0.02528 0.00428
v -0.05968 0.03565 0.01906
v -0.06312 0.03986 0.00847
v -0.04654 0.05614 0.02517
v -0.05571 0.05020 0.00974
v -0.15041 -0.05837 -0.02053
v -0.16447 -0.07211 -0.02222
v -0.17641 -0.09438 -0.01850
v -0.18424 -0.10264 -0.02595
v -0.19351 -0.12537 -0.01751
v -0.20190 -0.13290 -0.02877
v -0.20994 -0.15644 -0.01316
v -0.19557 -0.13522 -0.00858
v -0.17824 -0.10811 -0.00976
v -0.21698 -0.16369 -0.02405
v -0.23267 -0.19160 -0.01771
v -0.23023 -0.18390 -0.02804
v -0.21845 -0.17812 -0.00706
v -0.19992 -0.15172 -0.00323
v -0.23624 -0.19959 -0.01081
v -0.24139 -0.19760 -0.03255
v -0.24528 -0.20902 -0.02248
v -0.24563 -0.21315 -0.01250
v -0.24801 -0.21169 -0.03204
v -0.25061 -0.22574 -0.01434
v -0.25078 -0.22321 -0.03322
v -0.25757 -0.24512 -0.01132
v -0.06075 0.04036 -0.00168
v -0.27832 -0.35652 -0.11696
v -0.28731 -0.35840 -0.10971
v -0.27984 -0.35849 -0.10710
v -0.26937 -0.35762 -0.11212
v -0.26924 -0.35850 -0.10618
v -0.27329 -0.35658 -0.11844
v -0.27501 -0.36004 -0.10221
v -0.28193 -0.35526 -0.11947
v -0.28349 -0.36103 -0.10243
v -0.28701 -0.35412 -0.11673
v -0.28732 -0.35782 -0.10366
v -0.23280 -0.36943 -0.01325
v -0.23812 -0.35374 -0.00843
v -0.23099 -0.36969 -0.00918
v -0.22429 -0.37888 -0.01234
v -0.23770 -0.36458 -0.01482
v -0.22833 -0.37998 -0.01328
v -0.23904 -0.34742 -0.01362
v -0.23985 -0.34410 -0.00599
v -0.22497 -0.38293 -0.01061
v -0.22361 -0.38084 -0.00877
v -0.23043 -0.37380 -0.00598
v -0.24036 -0.35491 -0.00348
v -0.23447 -0.34155 -0.16052
v -0.23432 -0.32880 -0.16201
v -0.23931 -0.33089 -0.16049
v -0.23665 -0.34923 -0.16067
v -0.23696 -0.31339 -0.15769
v -0.24126 -0.31363 -0.15738
v -0.24406 -0.30335 -0.15127
v -0.23724 -0.30270 -0.15106
v -0.24186 -0.29248 -0.14617
v -0.23683 -0.22637 -0.10557
v -0.24255 -0.22053 -0.10790
v -0.24395 -0.22543 -0.10267
v -0.24810 -0.22091 -0.10415
v -0.23837 -0.22960 -0.09843
v -0.24110 -0.21986 -0.11188
v -0.23288 -0.22683 -0.11113
v -0.24617 -0.21365 -0.10623
v -0.24300 -0.21248 -0.11351
v -0.25735 -0.21570 -0.10018
v -0.23646 -0.23091 -0.10862
v -0.23892 -0.23358 -0.10191
v -0.24382 -0.22689 -0.10812
v -0.24131 -0.22773 -0.11324
v -0.23202 -0.23291 -0.11338
v -0.23192 -0.23195 -0.10466
v -0.24628 -0.22065 -0.11251
v -0.24880 -0.22015 -0.10928
v -0.25050 -0.21505 -0.10910
v -0.24762 -0.21234 -0.11594
v -0.24700 -0.21984 -0.11678
v -0.16246 -0.21480 -0.12697
v -0.17061 -0.21177 -0.12911
v -0.16401 -0.21149 -0.13125
v -0.15665 -0.21504 -0.13317
v -0.15432 -0.22062 -0.12454
v -0.16703 -0.21472 -0.12146
v -0.16613 -0.20599 -0.13346
v -0.15791 -0.20636 -0.13511
v -0.17847 -0.20804 -0.13417
v -0.18083 -0.21322 -0.13149
v -0.19634 -0.21717 -0.13690
v -0.19130 -0.20810 -0.13772
v -0.21025 -0.21377 -0.14437
v -0.21127 -0.22046 -0.14435
v -0.22006 -0.22414 -0.14967
v -0.22865 -0.35994 -0.16068
v -0.23081 -0.35968 -0.15821
v -0.23442 -0.35429 -0.16250
v -0.23244 -0.35240 -0.16502
v -0.24030 -0.33997 -0.16949
v -0.23368 -0.34150 -0.16983
v -0.23975 -0.33343 -0.17323
v -0.24406 -0.32662 -0.17281
v -0.24372 -0.31352 -0.17604
v -0.23801 -0.32281 -0.17552
v -0.24040 -0.30348 -0.17773
v -0.24206 -0.29288 -0.17882
v -0.23310 -0.33160 -0.17167
v -0.23439 -0.30681 -0.17567
v -0.23384 -0.29038 -0.17716
v -0.06944 -0.03820 -0.03443
v -0.05807 -0.02965 -0.02340
v -0.07376 -0.05121 -0.03218
v -0.09124 -0.06706 -0.04640
v -0.05877 -0.01932 -0.02864
v -0.04357 -0.00660 -0.01772
v -0.09013 -0.05566 -0.04948
v -0.10937 -0.07021 -0.06315
v -0.07220 -0.03087 -0.03839
v -0.08520 -0.04397 -0.04714
v -0.10911 -0.07755 -0.06244
v -0.10285 -0.08332 -0.05029
v -0.11974 -0.08244 -0.07269
v -0.10762 -0.08579 -0.05735
v -0.11823 -0.09271 -0.07227
v -0.11320 -0.09332 -0.06401
v -0.11542 -0.10725 -0.06577
v -0.05675 -0.00601 -0.02765
v -0.12792 -0.09578 -0.08304
v -0.07224 -0.02069 -0.03771
v -0.10458 -0.05571 -0.05833
v -0.08670 -0.03573 -0.04699
v -0.12312 -0.11047 -0.08195
v -0.11853 -0.06782 -0.06800
v -0.12744 -0.07805 -0.07623
v -0.13036 -0.11323 -0.09176
v -0.08218 -0.02455 -0.04278
v -0.12473 -0.13722 -0.09647
v -0.13773 -0.09695 -0.08945
v -0.09522 -0.03922 -0.05097
v -0.06968 -0.00806 -0.03328
v -0.05678 0.00536 -0.02630
v -0.04734 0.00834 -0.02198
v -0.04228 0.00456 -0.01966
v -0.03546 0.02191 -0.01623
v -0.02738 0.02062 -0.01229
v -0.02207 0.03852 -0.01119
v -0.04186 0.02463 -0.01800
v -0.13625 -0.11418 -0.09682
v -0.13016 -0.13228 -0.10119
v -0.13717 -0.13332 -0.10636
v -0.13450 -0.15407 -0.11637
v -0.11396 -0.05316 -0.05991
v -0.10089 -0.03410 -0.04844
v -0.14558 -0.11238 -0.09796
v -0.12603 -0.06145 -0.06669
v -0.06152 0.01632 -0.02215
v -0.04696 0.03197 -0.01523
v -0.14723 -0.13666 -0.10898
v -0.14238 -0.17033 -0.12738
v -0.13411 -0.17673 -0.12852
v -0.13449 -0.19162 -0.13682
v -0.14080 -0.07807 -0.07857
v -0.08025 0.00278 -0.02917
v -0.08391 -0.01646 -0.03860
v -0.09777 -0.00959 -0.03596
v -0.08081 0.01409 -0.02400
v -0.05577 0.04003 -0.01113
v -0.03483 0.04841 -0.00851
v -0.14819 -0.09196 -0.08732
v -0.12534 -0.04379 -0.05507
v -0.14244 -0.19317 -0.13735
v -0.14801 -0.18285 -0.13283
v -0.12732 -0.19296 -0.13379
v -0.13540 -0.20053 -0.14455
v -0.12700 -0.20289 -0.14567
v -0.12690 -0.21090 -0.15200
v -0.13394 -0.21063 -0.15270
v -0.12713 -0.22452 -0.15620
v -0.13695 -0.22269 -0.15494
v -0.13164 -0.23475 -0.16105
v -0.12878 -0.24759 -0.16751
v -0.13480 -0.24991 -0.16797
v -0.13106 -0.25826 -0.17095
v -0.14136 -0.20931 -0.14781
v -0.13623 -0.26155 -0.17064
v -0.14009 -0.23771 -0.15918
v -0.15064 -0.20290 -0.13769
v -0.16093 -0.19667 -0.13407
v -0.16582 -0.18464 -0.13092
v -0.18368 -0.19057 -0.13313
v -0.17700 -0.20197 -0.13456
v -0.20134 -0.19559 -0.13665
v -0.21787 -0.20552 -0.14332
v -0.21884 -0.19247 -0.13699
v -0.23233 -0.20505 -0.14560
v -0.22939 -0.21697 -0.15141
v -0.23391 -0.22801 -0.15848
v -0.24166 -0.22145 -0.15578
v -0.24182 -0.23600 -0.16215
v -0.23731 -0.25324 -0.16878
v -0.24692 -0.25300 -0.16819
v -0.24491 -0.26771 -0.17355
v -0.23929 -0.27463 -0.17544
v -0.22788 -0.23944 -0.16120
v -0.24646 -0.28478 -0.17728
v -0.23459 -0.27189 -0.17311
v -0.12335 -0.25689 -0.16752
v -0.14114 -0.25596 -0.16669
v -0.12957 -0.26682 -0.17103
v -0.14470 -0.22765 -0.15088
v -0.15284 -0.21483 -0.13712
v -0.22972 -0.25342 -0.16485
v -0.25115 -0.29713 -0.17499
v -0.12147 -0.24659 -0.16224
v -0.25163 -0.28197 -0.17400
v -0.12790 -0.15946 -0.11380
v -0.12370 -0.26843 -0.16797
v -0.12761 -0.17774 -0.12266
v -0.12231 -0.20507 -0.14269
v -0.12117 -0.21439 -0.14743
v -0.23904 -0.34742 -0.01362
v -0.23551 -0.34101 -0.00714
v -0.23985 -0.34410 -0.00599
v -0.24099 -0.33804 -0.00121
v -0.23262 -0.33662 -0.00592
v -0.24573 -0.34219 -0.00112
v -0.22713 -0.34669 -0.00837
v -0.22378 -0.34480 -0.00748
v -0.21941 -0.35007 -0.00833
v -0.22097 -0.35306 -0.00956
v -0.24036 -0.35491 -0.00348
v -0.23812 -0.35374 -0.00843
v -0.23099 -0.36969 -0.00918
v -0.22615 -0.34724 -0.01342
v -0.22713 -0.34669 -0.00837
v -0.23250 -0.34378 -0.01147
v -0.23551 -0.34101 -0.00714
v -0.23706 -0.34256 -0.01369
v -0.22097 -0.35306 -0.00956
v -0.23278 -0.34246 -0.01494
v -0.12498 -0.26532 -0.16344
v -0.12762 -0.26774 -0.16237
v -0.12395 -0.26772 -0.15546
v -0.12912 -0.26628 -0.16602
v -0.13142 -0.26897 -0.15313
v -0.13467 -0.26697 -0.16188
v -0.14081 -0.26822 -0.15183
v -0.13481 -0.26981 -0.14762
v -0.12723 -0.27037 -0.15063
v -0.13628 -0.26559 -0.16500
v -0.14104 -0.26600 -0.15848
v -0.13279 -0.26364 -0.16689
v -0.25534 -0.24051 -0.07402
v -0.25480 -0.24072 -0.07101
v -0.25703 -0.23442 -0.07042
v -0.25427 -0.24830 -0.07062
v -0.26929 -0.28734 -0.08259
v -0.26932 -0.28672 -0.07888
v -0.27406 -0.28492 -0.08031
v -0.27710 -0.28749 -0.08332
v -0.27882 -0.28090 -0.07913
v -0.28432 -0.27853 -0.08571
v -0.27980 -0.27170 -0.07841
v -0.28459 -0.26004 -0.08697
v -0.27581 -0.25268 -0.07924
v -0.29086 -0.26703 -0.09637
v -0.29132 -0.28697 -0.09770
v -0.29281 -0.27572 -0.10414
v -0.29289 -0.29102 -0.10418
v -0.28568 -0.25232 -0.09567
v -0.27441 -0.23378 -0.08640
v -0.26798 -0.23135 -0.07645
v -0.27082 -0.24532 -0.07498
v -0.26349 -0.21496 -0.07599
v -0.26297 -0.22246 -0.07079
v -0.25709 -0.20225 -0.07250
v -0.26868 -0.21407 -0.08720
v -0.26034 -0.19914 -0.08252
v -0.29208 -0.26522 -0.10548
v -0.29544 -0.30846 -0.10456
v -0.29294 -0.30891 -0.09949
v -0.29486 -0.32690 -0.10343
v -0.26569 -0.20634 -0.09150
v -0.28682 -0.25222 -0.10426
v -0.27941 -0.23978 -0.09990
v -0.27154 -0.22258 -0.09303
v -0.29499 -0.32279 -0.11174
v -0.29442 -0.34210 -0.10864
v -0.29026 -0.34341 -0.10049
v -0.29408 -0.35933 -0.10777
v -0.29142 -0.35776 -0.10159
v -0.29056 -0.36863 -0.10538
v -0.29058 -0.37036 -0.11012
v -0.28368 -0.38466 -0.10393
v -0.28347 -0.39058 -0.10779
v -0.27213 -0.40645 -0.10270
v -0.27500 -0.40781 -0.10774
v -0.26623 -0.41678 -0.10379
v -0.27871 -0.36199 -0.09624
v -0.28050 -0.35161 -0.09537
v -0.28607 -0.35497 -0.09686
v -0.28521 -0.36908 -0.09987
v -0.27709 -0.37205 -0.09958
v -0.27451 -0.39021 -0.10102
v -0.28385 -0.33842 -0.09641
v -0.26654 -0.40431 -0.10123
v -0.26118 -0.41584 -0.10115
v -0.25719 -0.42383 -0.10374
v -0.24935 -0.42568 -0.10208
v -0.25351 -0.41978 -0.10145
v -0.28770 -0.31654 -0.09554
v -0.28147 -0.32419 -0.09500
v -0.27864 -0.31066 -0.09168
v -0.28402 -0.29304 -0.08958
v -0.27678 -0.29500 -0.08651
v -0.27559 -0.33666 -0.09751
v -0.27278 -0.30151 -0.08989
v -0.27309 -0.32095 -0.09646
v -0.27200 -0.35481 -0.09734
v -0.27033 -0.36427 -0.09892
v -0.25012 -0.42709 -0.10403
v -0.27005 -0.37066 -0.10262
v -0.25845 -0.23683 -0.07291
v -0.25703 -0.23442 -0.07042
v -0.26247 -0.23722 -0.07062
v -0.26277 -0.23837 -0.07492
v -0.25534 -0.24051 -0.07402
v -0.26445 -0.27726 -0.07286
v -0.25439 -0.26523 -0.06614
v -0.26030 -0.25632 -0.07268
v -0.25427 -0.24830 -0.07062
v -0.24911 -0.24248 -0.06755
v -0.26593 -0.29341 -0.06800
v -0.27427 -0.30026 -0.07103
v -0.27194 -0.31135 -0.06686
v -0.27808 -0.31783 -0.06935
v -0.25480 -0.24072 -0.07101
v -0.24938 -0.23613 -0.07008
v -0.24397 -0.23535 -0.06771
v -0.27298 -0.33360 -0.06746
v -0.27888 -0.33575 -0.06939
v -0.25981 -0.24711 -0.07225
v -0.25168 -0.22940 -0.07070
v -0.25672 -0.24427 -0.07360
v -0.25894 -0.22711 -0.06901
v -0.25556 -0.22226 -0.07058
v -0.24596 -0.23205 -0.07190
v -0.26010 -0.24576 -0.07461
v -0.27200 -0.28083 -0.07457
v -0.27296 -0.26502 -0.07334
v -0.27796 -0.27984 -0.07358
v -0.27014 -0.25145 -0.07064
v -0.26395 -0.24327 -0.07207
v -0.28146 -0.30033 -0.07110
v -0.28555 -0.31545 -0.06819
v -0.28348 -0.34779 -0.06826
v -0.27529 -0.35652 -0.07178
v -0.28124 -0.35822 -0.07072
v -0.27288 -0.34776 -0.07020
v -0.28078 -0.27028 -0.07067
v -0.26749 -0.35572 -0.06897
v -0.28414 -0.28167 -0.06830
v -0.28262 -0.26068 -0.06534
v -0.28498 -0.35852 -0.06736
v -0.28694 -0.34643 -0.06372
v -0.28998 -0.32087 -0.06247
v -0.13972 -0.32068 -0.14705
v -0.14097 -0.32342 -0.14286
v -0.14313 -0.32303 -0.14515
v -0.13852 -0.31564 -0.15132
v -0.14212 -0.31460 -0.15115
v -0.13639 -0.30659 -0.15658
v -0.13927 -0.29280 -0.16104
v -0.14162 -0.30152 -0.15618
v -0.13138 -0.29501 -0.16024
v -0.13462 -0.28589 -0.16483
v -0.13590 -0.27204 -0.16916
v -0.12708 -0.27831 -0.16619
v -0.12957 -0.26682 -0.17103
v -0.13623 -0.26155 -0.17064
v -0.14106 -0.26772 -0.16740
v -0.12370 -0.26843 -0.16797
v -0.14114 -0.25596 -0.16669
v -0.13510 -0.31204 -0.15160
v -0.25981 -0.24711 -0.07225
v -0.26010 -0.24576 -0.07461
v -0.26395 -0.24327 -0.07207
v -0.24530 -0.42179 -0.06545
v -0.24899 -0.42161 -0.06304
v -0.24653 -0.42354 -0.06769
v -0.25399 -0.42023 -0.06322
v -0.25333 -0.42079 -0.06681
v -0.26153 -0.41421 -0.06234
v -0.26168 -0.41232 -0.06823
v -0.26923 -0.40503 -0.06462
v -0.27317 -0.39468 -0.06922
v -0.27728 -0.38958 -0.06341
v -0.28209 -0.37651 -0.06820
v -0.28359 -0.37385 -0.06303
v -0.28717 -0.36950 -0.06190
v -0.26968 -0.40213 -0.06005
v -0.28275 -0.37189 -0.05669
v -0.27647 -0.38792 -0.05924
v -0.28825 -0.36535 -0.05663
v -0.25856 -0.41362 -0.05995
v -0.28468 -0.36412 -0.05165
v -0.26697 -0.40019 -0.05732
v -0.27381 -0.38287 -0.05568
v -0.27702 -0.37029 -0.05268
v -0.25420 -0.42375 -0.10806
v -0.25719 -0.42383 -0.10374
v -0.25806 -0.42361 -0.10688
v -0.25012 -0.42709 -0.10403
v -0.26405 -0.41803 -0.11124
v -0.26750 -0.41700 -0.10777
v -0.27139 -0.40994 -0.11344
v -0.27500 -0.40781 -0.10774
v -0.27813 -0.40170 -0.11209
v -0.26623 -0.41678 -0.10379
v -0.28347 -0.39058 -0.10779
v -0.28530 -0.38134 -0.11471
v -0.29058 -0.37036 -0.11012
v -0.19537 -0.21085 -0.13410
v -0.20941 -0.21870 -0.13775
v -0.18974 -0.21282 -0.12882
v -0.17759 -0.20627 -0.12929
v -0.16860 -0.20826 -0.12643
v -0.16137 -0.20508 -0.12970
v -0.12498 -0.26532 -0.16344
v -0.12223 -0.26092 -0.15745
v -0.12538 -0.24973 -0.16063
v -0.01979 0.02053 0.00048
v -0.01900 0.03065 -0.00366
v -0.03636 0.01708 -0.01178
v -0.03994 0.00678 -0.01264
v -0.03750 0.00163 -0.00778
v -0.05268 0.00588 -0.01951
v -0.05221 -0.00683 -0.01915
v -0.06080 -0.02407 -0.02263
v -0.04080 0.02478 -0.01262
v -0.06702 -0.02304 -0.02905
v -0.07984 -0.04705 -0.03568
v -0.08712 -0.04390 -0.04266
v -0.09981 -0.06367 -0.05024
v -0.10676 -0.06385 -0.05527
v -0.11122 -0.08199 -0.05639
v -0.06551 -0.00917 -0.02733
v -0.07776 -0.01934 -0.03423
v -0.08667 -0.03221 -0.04102
v -0.09983 -0.04566 -0.04893
v -0.11759 -0.06194 -0.05987
v -0.09537 -0.06577 -0.04441
v -0.00975 0.01207 0.01609
v -0.02584 0.00601 0.00391
v -0.02422 -0.00318 0.01390
v -0.04260 -0.01591 0.00218
v -0.03935 -0.00699 -0.00311
v -0.11900 -0.08604 -0.06569
v -0.11859 -0.09564 -0.06388
v -0.05545 -0.02499 -0.01201
v -0.06765 -0.03749 -0.02310
v -0.11267 -0.08917 -0.05207
v -0.08855 -0.06226 -0.03403
v -0.12776 -0.10589 -0.07925
v -0.12293 -0.11220 -0.07233
v -0.10457 -0.07892 -0.04487
v -0.11752 -0.10019 -0.05680
v -0.12436 -0.13093 -0.08149
v -0.12935 -0.12062 -0.08625
v -0.13050 -0.13897 -0.09740
v -0.12518 -0.15534 -0.09608
v -0.13096 -0.16316 -0.11108
v -0.12797 -0.18370 -0.11739
v -0.13331 -0.17966 -0.12314
v -0.13184 -0.19414 -0.13093
v -0.12635 -0.20020 -0.12924
v -0.12750 -0.20231 -0.13658
v -0.12702 -0.21114 -0.14612
v -0.12440 -0.21566 -0.14409
v -0.12628 -0.22599 -0.15022
v -0.12436 -0.23194 -0.14841
v -0.12301 -0.24922 -0.15596
v -0.25344 -0.24003 -0.03442
v -0.25791 -0.24338 -0.03013
v -0.25576 -0.23058 -0.02835
v -0.25192 -0.24657 -0.03466
v -0.23904 -0.34742 -0.01362
v -0.23706 -0.34256 -0.01369
v -0.23551 -0.34101 -0.00714
v -0.22361 -0.38084 -0.00877
v -0.23043 -0.37380 -0.00598
v -0.22902 -0.37896 -0.00680
v -0.22497 -0.38293 -0.01061
v -0.22865 -0.35994 -0.16068
v -0.22739 -0.35928 -0.15843
v -0.23081 -0.35968 -0.15821
v -0.01610 0.04006 0.05816
v -0.04654 0.05614 0.02517
v -0.04557 0.03346 0.03565
v -0.05968 0.03565 0.01906
v -0.05957 0.02357 0.02520
v -0.05985 0.00718 0.03285
v -0.07346 0.01073 0.01859
v -0.08359 0.01304 0.00574
v -0.09138 0.00099 0.00639
v -0.08094 -0.00873 0.02088
v -0.07352 -0.01179 0.02743
v -0.05576 -0.00156 0.03683
v -0.07074 -0.01575 0.02889
v -0.09039 -0.02623 0.01884
v -0.08544 -0.03074 0.02157
v -0.10211 -0.04281 0.01294
v -0.10062 -0.02173 0.00841
v -0.11374 -0.02431 -0.00383
v -0.11853 -0.04805 0.00100
v -0.03835 0.02129 0.04550
v -0.03266 0.01620 0.04812
v -0.12580 -0.04178 -0.00772
v -0.13658 -0.05057 -0.01288
v -0.13792 -0.06589 -0.00764
v -0.13008 -0.07084 -0.00148
v -0.13867 -0.08607 -0.00360
v -0.14672 -0.08356 -0.00666
v -0.15142 -0.07703 -0.00996
v -0.16100 -0.10565 -0.00414
v -0.16772 -0.10084 -0.00710
v -0.17611 -0.11853 -0.00340
v -0.17824 -0.10811 -0.00976
v -0.17573 -0.13143 -0.00092
v -0.16443 -0.07944 -0.01589
v -0.17641 -0.09438 -0.01850
v -0.16447 -0.07211 -0.02222
v -0.19351 -0.12537 -0.01751
v -0.18803 -0.13523 -0.00279
v -0.14875 -0.09985 -0.00565
v -0.14874 -0.06408 -0.01395
v -0.11741 -0.06211 0.00502
v -0.19557 -0.13522 -0.00858
v -0.19992 -0.15172 -0.00323
v -0.20103 -0.16366 -0.00076
v -0.21845 -0.17812 -0.00706
v -0.22349 -0.18999 -0.00526
v -0.23624 -0.19959 -0.01081
v -0.23597 -0.20890 -0.00634
v -0.24563 -0.21315 -0.01250
v -0.24950 -0.23208 -0.00949
v -0.25061 -0.22574 -0.01434
v -0.25757 -0.24512 -0.01132
v -0.25767 -0.25129 -0.00705
v -0.26364 -0.26405 -0.00868
v -0.25923 -0.26609 -0.00343
v -0.26245 -0.27936 -0.00618
v -0.25624 -0.28435 -0.00290
v -0.25702 -0.29986 -0.00514
v -0.26022 -0.30895 -0.00900
v -0.25609 -0.31777 -0.00516
v -0.25812 -0.32596 -0.00740
v -0.25116 -0.32761 -0.00357
v -0.25119 -0.32269 -0.00300
v -0.25724 -0.32900 -0.00932
v -0.15041 -0.05837 -0.02053
v -0.18678 -0.15070 0.00041
v 0.00004 0.00719 0.03683
v -0.00608 0.00298 0.02375
v -0.01994 -0.00787 0.02819
v -0.03197 -0.01812 0.01579
v -0.04428 -0.02684 0.01836
v -0.04749 -0.02925 0.00862
v -0.06007 -0.03960 0.01340
v -0.05335 -0.03237 -0.00140
v -0.06844 -0.04931 0.00368
v -0.07085 -0.04934 -0.00877
v -0.06717 -0.04596 -0.02231
v -0.08315 -0.06251 -0.02652
v -0.09157 -0.06844 -0.02185
v -0.10144 -0.08024 -0.03707
v -0.09798 -0.07857 -0.04365
v -0.08554 -0.06582 -0.03812
v -0.11286 -0.08819 -0.03454
v -0.11473 -0.09476 -0.04254
v -0.10285 -0.08332 -0.05029
v -0.12479 -0.10419 -0.03909
v -0.10449 -0.08117 -0.02411
v -0.09093 -0.07065 -0.01198
v -0.09985 -0.07949 -0.00660
v -0.11790 -0.10106 -0.02107
v -0.12152 -0.10470 -0.01544
v -0.13016 -0.11731 -0.01843
v -0.13266 -0.12007 -0.02845
v -0.04819 -0.02461 -0.00981
v -0.03381 -0.01574 0.00545
v -0.12034 -0.09855 -0.03193
v -0.02057 -0.00396 0.01032
v -0.14291 -0.13411 -0.03955
v -0.07376 -0.05121 -0.03218
v -0.09124 -0.06706 -0.04640
v -0.13857 -0.13188 -0.01995
v -0.14661 -0.14310 -0.03448
v 0.00557 0.01807 0.01934
v -0.15668 -0.16087 -0.04247
v -0.16165 -0.17187 -0.03494
v -0.16715 -0.17731 -0.04741
v -0.17653 -0.18945 -0.04150
v -0.17796 -0.18888 -0.05079
v -0.19327 -0.20498 -0.04807
v -0.18845 -0.20454 -0.02689
v -0.20616 -0.22200 -0.02696
v -0.19960 -0.21386 -0.01557
v -0.17828 -0.19288 -0.01745
v -0.18567 -0.19798 -0.06143
v -0.20596 -0.21602 -0.06053
v -0.20268 -0.21375 -0.07331
v -0.20841 -0.21967 -0.04636
v -0.17019 -0.18517 -0.02896
v -0.21627 -0.22686 -0.05808
v -0.21693 -0.22540 -0.08211
v -0.18671 -0.20143 -0.07284
v -0.16241 -0.17518 -0.02058
v -0.21636 -0.23307 -0.01544
v -0.22398 -0.23211 -0.06197
v -0.19789 -0.20872 -0.08519
v -0.20964 -0.21763 -0.09032
v -0.20627 -0.21434 -0.09699
v -0.21532 -0.22343 -0.10168
v -0.16481 -0.18038 -0.05599
v -0.21966 -0.23788 -0.02162
v -0.20347 -0.21655 -0.10906
v -0.21156 -0.22548 -0.11737
v -0.20632 -0.22406 -0.12644
v -0.21498 -0.23032 -0.12636
v -0.22146 -0.22994 -0.11136
v -0.22945 -0.23219 -0.09513
v -0.22440 -0.23644 -0.12192
v -0.17429 -0.19348 -0.07061
v -0.19293 -0.20699 -0.09099
v -0.20927 -0.22490 -0.13722
v -0.21448 -0.22969 -0.13587
v -0.23119 -0.23435 -0.07860
v -0.23710 -0.23721 -0.09660
v -0.21739 -0.23308 -0.03779
v -0.22212 -0.23959 -0.02849
v -0.22830 -0.24278 -0.01764
v -0.22401 -0.23420 -0.04898
v -0.23280 -0.24461 -0.02676
v -0.23532 -0.23727 -0.06754
v -0.23183 -0.23774 -0.05506
v -0.23758 -0.24147 -0.06313
v -0.23839 -0.24365 -0.05731
v -0.24221 -0.24356 -0.04525
v -0.23465 -0.23908 -0.04398
v -0.24586 -0.24322 -0.03646
v -0.15057 -0.15580 -0.02411
v -0.23149 -0.24679 -0.01652
v -0.22645 -0.23898 -0.03593
v -0.21484 -0.22681 -0.14350
v -0.24970 -0.24457 -0.03884
v -0.24337 -0.23926 -0.07178
v -0.23925 -0.23929 -0.07889
v -0.23660 -0.23986 -0.09025
v -0.25313 -0.25671 -0.07658
v -0.24011 -0.24543 -0.08575
v -0.24165 -0.24910 -0.09539
v -0.24787 -0.25504 -0.08216
v -0.05807 -0.02965 -0.02340
v -0.24670 -0.26445 -0.09050
v -0.25006 -0.27475 -0.10145
v -0.25506 -0.28529 -0.09838
v -0.26195 -0.28701 -0.08732
v -0.25182 -0.26743 -0.08396
v -0.25832 -0.27350 -0.07958
v -0.26305 -0.30403 -0.10117
v -0.26158 -0.27621 -0.07808
v -0.25271 -0.26074 -0.07297
v -0.26460 -0.28317 -0.07962
v -0.26929 -0.28734 -0.08259
v -0.26932 -0.28672 -0.07888
v -0.26752 -0.29865 -0.09164
v -0.23192 -0.23195 -0.10466
v -0.23202 -0.23291 -0.11338
v -0.23892 -0.23358 -0.10191
v -0.23863 -0.24173 -0.03647
v -0.03611 -0.00760 -0.00713
v -0.26748 -0.31918 -0.10248
v -0.27278 -0.30151 -0.08989
v -0.25418 -0.24341 -0.03603
v -0.21127 -0.22046 -0.14435
v -0.27309 -0.32095 -0.09646
v -0.01216 0.01419 0.00491
v -0.19634 -0.21717 -0.13690
v -0.19445 -0.21909 -0.13036
v -0.18083 -0.21322 -0.13149
v -0.17834 -0.21534 -0.12370
v -0.17061 -0.21177 -0.12911
v -0.23646 -0.23091 -0.10862
v -0.16703 -0.21472 -0.12146
v -0.23735 -0.24480 -0.03184
v -0.22006 -0.22414 -0.14967
v -0.25919 -0.40801 -0.10542
v -0.26654 -0.40431 -0.10123
v -0.25351 -0.41978 -0.10145
v -0.24953 -0.42154 -0.10405
v -0.24935 -0.42568 -0.10208
v -0.26639 -0.39593 -0.10337
v -0.27451 -0.39021 -0.10102
v -0.27191 -0.38054 -0.10260
v -0.27709 -0.37205 -0.09958
v -0.27005 -0.37066 -0.10262
v -0.24808 -0.42555 -0.10546
v -0.26646 -0.34834 -0.12080
v -0.26579 -0.34214 -0.11522
v -0.26334 -0.35771 -0.11331
v -0.26664 -0.33663 -0.10916
v -0.26808 -0.32941 -0.11521
v -0.26748 -0.31918 -0.10248
v -0.26433 -0.35295 -0.10752
v -0.26485 -0.36419 -0.10529
v -0.26276 -0.37039 -0.11262
v -0.26553 -0.31557 -0.11089
v -0.26305 -0.30403 -0.10117
v -0.26019 -0.29815 -0.10739
v -0.25506 -0.28529 -0.09838
v -0.25006 -0.27475 -0.10145
v -0.27009 -0.33457 -0.10151
v -0.26904 -0.34797 -0.10079
v -0.26583 -0.37631 -0.11124
v -0.26683 -0.38221 -0.10973
v -0.27309 -0.32095 -0.09646
v -0.27200 -0.35481 -0.09734
v -0.27033 -0.36427 -0.09892
v -0.27559 -0.33666 -0.09751
v -0.25012 -0.42709 -0.10403
v -0.24808 -0.42555 -0.10546
v -0.24935 -0.42568 -0.10208
v -0.10457 -0.07892 -0.04487
v -0.10996 -0.08165 -0.03897
v -0.08855 -0.06226 -0.03403
v -0.09113 -0.06251 -0.02487
v -0.07322 -0.04507 -0.01434
v -0.10938 -0.07782 -0.02900
v -0.12161 -0.09082 -0.03745
v -0.11267 -0.08917 -0.05207
v -0.12097 -0.09585 -0.04516
v -0.09561 -0.06700 -0.01690
v -0.06916 -0.04331 0.00294
v -0.06765 -0.03749 -0.02310
v -0.05545 -0.02499 -0.01201
v -0.05937 -0.03176 -0.00087
v -0.09197 -0.06560 -0.00645
v -0.07794 -0.05085 0.00449
v -0.05515 -0.02978 0.01476
v -0.04775 -0.02362 0.00998
v -0.03112 -0.01186 0.01842
v -0.04260 -0.01591 0.00218
v -0.11216 -0.08656 -0.01677
v -0.12295 -0.09520 -0.02948
v -0.10405 -0.07654 -0.00635
v -0.11600 -0.08854 -0.00947
v -0.13879 -0.11776 -0.04071
v -0.13687 -0.11636 -0.03182
v -0.12890 -0.10818 -0.02001
v -0.14104 -0.12626 -0.02300
v -0.02422 -0.00318 0.01390
v -0.01269 0.00326 0.02369
v -0.01948 -0.00277 0.02607
v -0.00536 0.00834 0.03295
v -0.03453 -0.01333 0.02187
v -0.09742 -0.06710 0.00026
v -0.12623 -0.10217 -0.01475
v -0.14053 -0.12121 -0.01434
v -0.14837 -0.13738 -0.03168
v -0.15239 -0.14034 -0.04040
v -0.00975 0.01207 0.01609
v -0.14936 -0.14328 -0.02336
v -0.15853 -0.15641 -0.03588
v -0.15737 -0.15883 -0.02066
v -0.15009 -0.14153 -0.01632
v -0.16881 -0.17546 -0.02950
v -0.16935 -0.17212 -0.04548
v -0.16982 -0.17438 -0.01573
v -0.18366 -0.19209 -0.01892
v -0.18823 -0.19644 -0.03495
v -0.20007 -0.20880 -0.01875
v -0.20947 -0.21933 -0.02614
v -0.17746 -0.18189 -0.04754
v -0.17721 -0.18240 -0.05370
v -0.19214 -0.19651 -0.05414
v -0.18558 -0.19265 -0.06437
v -0.20860 -0.21227 -0.05905
v -0.19663 -0.20294 -0.07029
v -0.21704 -0.21928 -0.08174
v -0.20071 -0.20529 -0.08308
v -0.21284 -0.21465 -0.10038
v -0.22031 -0.22140 -0.09849
v -0.22045 -0.22409 -0.05734
v -0.19739 -0.20399 -0.09251
v -0.20721 -0.21262 -0.04302
v -0.21437 -0.22002 -0.11304
v -0.22501 -0.22650 -0.11174
v -0.21484 -0.21921 -0.01144
v -0.22838 -0.22617 -0.09930
v -0.23109 -0.22887 -0.07969
v -0.23659 -0.23241 -0.09122
v -0.23902 -0.23490 -0.08601
v -0.24253 -0.23998 -0.09281
v -0.24251 -0.23803 -0.08267
v -0.23655 -0.23134 -0.07617
v -0.16172 -0.16913 -0.05448
v -0.20329 -0.21339 -0.11531
v -0.21711 -0.22565 -0.12364
v -0.20666 -0.21925 -0.13094
v -0.22686 -0.23285 -0.12343
v -0.21587 -0.22481 -0.13458
v -0.18384 -0.19572 -0.07875
v -0.22929 -0.22904 -0.06866
v -0.18621 -0.19064 -0.01129
v -0.21938 -0.22825 -0.03662
v -0.22493 -0.23598 -0.02643
v -0.21955 -0.23043 -0.01808
v -0.23019 -0.23899 -0.01852
v -0.23484 -0.24185 -0.02174
v -0.22613 -0.23304 -0.01273
v -0.23526 -0.24020 -0.01280
v -0.22635 -0.23108 -0.04518
v -0.21971 -0.23074 -0.13151
v -0.22438 -0.23619 -0.12939
v -0.23639 -0.23432 -0.06161
v -0.15951 -0.15710 -0.04560
v -0.20169 -0.20500 -0.01047
v -0.16046 -0.15754 -0.01226
v -0.23938 -0.23594 -0.04410
v -0.24107 -0.23953 -0.05403
v -0.24434 -0.23979 -0.04715
v -0.24410 -0.24123 -0.06265
v -0.25031 -0.24602 -0.04610
v -0.24705 -0.23758 -0.03757
v -0.24577 -0.24653 -0.05516
v -0.22455 -0.24594 -0.14180
v -0.25311 -0.24116 -0.04108
v -0.14967 -0.13805 -0.04342
v -0.22888 -0.24882 -0.13549
v -0.23203 -0.25920 -0.14514
v -0.23100 -0.25952 -0.15459
v -0.20941 -0.21870 -0.13775
v -0.18974 -0.21282 -0.12882
v -0.15197 -0.15535 -0.05189
v -0.24094 -0.23179 -0.07194
v -0.24365 -0.23283 -0.07564
v -0.23440 -0.26899 -0.15250
v -0.12004 -0.10280 -0.05193
v -0.11752 -0.10019 -0.05680
v -0.12935 -0.11717 -0.05001
v -0.23283 -0.23611 -0.03512
v -0.24397 -0.23535 -0.06771
v -0.23294 -0.26914 -0.15995
v -0.24003 -0.23941 -0.03121
v -0.24860 -0.25498 -0.06010
v -0.25266 -0.26268 -0.05077
v -0.25592 -0.27693 -0.05721
v -0.26372 -0.28560 -0.04863
v -0.26553 -0.29951 -0.05678
v -0.26252 -0.29191 -0.06232
v -0.26966 -0.30532 -0.05258
v -0.26884 -0.31140 -0.06054
v -0.22021 -0.22257 -0.14382
v -0.12133 -0.11552 -0.05778
v -0.12055 -0.11820 -0.06518
v -0.14752 -0.17734 -0.07147
v -0.25821 -0.26683 -0.04562
v -0.25439 -0.26523 -0.06614
v -0.14042 -0.14041 -0.05189
v -0.24596 -0.23205 -0.07190
v -0.23288 -0.22683 -0.11113
v -0.23201 -0.23107 -0.11924
v -0.23837 -0.22960 -0.09843
v -0.24446 -0.23401 -0.09917
v -0.23683 -0.22637 -0.10557
v -0.14144 -0.16118 -0.06195
v -0.13721 -0.17429 -0.07499
v -0.14191 -0.19174 -0.08921
v -0.13450 -0.18920 -0.09336
v -0.12933 -0.17359 -0.08373
v -0.12918 -0.19043 -0.10259
v -0.12949 -0.15372 -0.06490
v -0.12477 -0.15386 -0.07077
v -0.12361 -0.16070 -0.08123
v -0.12567 -0.17380 -0.09393
v -0.13474 -0.20149 -0.10280
v -0.13056 -0.21023 -0.11704
v -0.13596 -0.21281 -0.11414
v -0.13990 -0.20574 -0.10314
v -0.13129 -0.22363 -0.12667
v -0.12683 -0.22141 -0.13045
v -0.12663 -0.20125 -0.12166
v -0.12821 -0.23991 -0.13869
v -0.12446 -0.24084 -0.14462
v -0.12343 -0.13707 -0.06387
v -0.12670 -0.18220 -0.10677
v -0.12887 -0.13471 -0.05702
v -0.12206 -0.14171 -0.07162
v -0.12417 -0.22103 -0.13805
v -0.27125 -0.32197 -0.05563
v -0.27550 -0.32494 -0.05189
v -0.12293 -0.15409 -0.08602
v -0.26975 -0.33339 -0.05925
v -0.12487 -0.25572 -0.14485
v -0.12221 -0.25841 -0.15087
v -0.12522 -0.26651 -0.14871
v -0.12395 -0.26772 -0.15546
v -0.12723 -0.27037 -0.15063
v -0.12223 -0.26092 -0.15745
v -0.12498 -0.26532 -0.16344
v -0.12635 -0.20020 -0.12924
v -0.12440 -0.21566 -0.14409
v -0.12436 -0.23194 -0.14841
v -0.12301 -0.24922 -0.15596
v -0.26593 -0.29341 -0.06800
v -0.27194 -0.31135 -0.06686
v -0.26822 -0.35017 -0.05692
v -0.24641 -0.24086 -0.03172
v -0.11859 -0.09564 -0.06388
v -0.26692 -0.34816 -0.06304
v -0.26624 -0.35587 -0.06265
v -0.26942 -0.35821 -0.05630
v -0.24911 -0.24248 -0.06755
v -0.27015 -0.33213 -0.06357
v -0.12436 -0.13093 -0.08149
v -0.12518 -0.15534 -0.09608
v -0.12797 -0.18370 -0.11739
v -0.12293 -0.11220 -0.07233
v -0.24938 -0.23613 -0.07008
v -0.23818 -0.24440 -0.02582
v -0.23875 -0.32093 -0.01449
v -0.23957 -0.32036 -0.00996
v -0.24284 -0.30509 -0.01279
v -0.23819 -0.32882 -0.01184
v -0.24129 -0.32733 -0.00631
v -0.24265 -0.31878 -0.00643
v -0.24523 -0.29875 -0.00798
v -0.24434 -0.29439 -0.01409
v -0.24252 -0.28219 -0.00913
v -0.24168 -0.28320 -0.01390
v -0.23868 -0.27034 -0.01863
v -0.23882 -0.26231 -0.01096
v -0.23747 -0.25380 -0.02074
v -0.23695 -0.24790 -0.01507
v -0.24431 -0.30709 -0.01870
v -0.23981 -0.32902 -0.01683
v -0.24678 -0.29157 -0.02020
v -0.24462 -0.28019 -0.02296
v -0.24014 -0.25650 -0.02592
v -0.24546 -0.27028 -0.02782
v -0.24143 -0.32290 -0.01999
v -0.23526 -0.25996 -0.16455
v -0.23294 -0.26914 -0.15995
v -0.23141 -0.25647 -0.16008
v -0.23036 -0.23954 -0.15663
v -0.22455 -0.23642 -0.15034
v -0.22498 -0.24396 -0.14829
v -0.22000 -0.22871 -0.14037
v -0.22021 -0.22257 -0.14382
v -0.21587 -0.22481 -0.13458
v -0.23100 -0.25952 -0.15459
v -0.22455 -0.24594 -0.14180
v -0.21971 -0.23074 -0.13151
v -0.23151 -0.28101 -0.16289
v -0.23390 -0.28087 -0.16872
v -0.23215 -0.29137 -0.16983
v -0.23067 -0.29434 -0.16400
v -0.23330 -0.29521 -0.17052
v -0.22938 -0.22196 -0.14849
v -0.23112 -0.28828 -0.15863
v -0.23401 -0.27734 -0.15494
v -0.23440 -0.26899 -0.15250
v -0.23333 -0.29582 -0.15621
v -0.23438 -0.28727 -0.15344
v -0.27650 -0.36262 -0.06216
v -0.27832 -0.35966 -0.06789
v -0.28180 -0.36008 -0.06026
v -0.28498 -0.35852 -0.06736
v -0.28124 -0.35822 -0.07072
v -0.28581 -0.36003 -0.06230
v -0.28445 -0.35888 -0.05642
v -0.27742 -0.35850 -0.05308
v -0.27394 -0.36022 -0.05746
v -0.27529 -0.35652 -0.07178
v -0.27111 -0.35922 -0.06402
v -0.26749 -0.35572 -0.06897
v -0.26942 -0.35821 -0.05630
v -0.26624 -0.35587 -0.06265
v -0.23646 -0.29256 -0.17315
v -0.24106 -0.29560 -0.17131
v -0.23330 -0.29521 -0.17052
v -0.24664 -0.29530 -0.17212
v -0.23498 -0.29622 -0.16351
v -0.24357 -0.29662 -0.16180
v -0.25148 -0.29563 -0.16688
v -0.25039 -0.29606 -0.15865
v -0.24228 -0.29630 -0.15664
v -0.24571 -0.29782 -0.15365
v -0.23907 -0.29829 -0.15425
v -0.23333 -0.29582 -0.15621
v -0.23067 -0.29434 -0.16400
v -0.03266 0.01620 0.04812
v -0.01977 0.01962 0.05104
v -0.04026 0.00108 0.04052
v -0.05576 -0.00156 0.03683
v -0.06199 -0.01696 0.03060
v -0.07074 -0.01575 0.02889
v -0.07482 -0.02908 0.02366
v -0.08544 -0.03074 0.02157
v -0.09602 -0.04654 0.01484
v -0.10211 -0.04281 0.01294
v -0.10858 -0.05975 0.00865
v -0.12522 -0.08058 -0.00013
v -0.11741 -0.06211 0.00502
v -0.13008 -0.07084 -0.00148
v -0.13867 -0.08607 -0.00360
v -0.14140 -0.10271 -0.00634
v -0.14875 -0.09985 -0.00565
v -0.14635 -0.11366 -0.00719
v -0.08480 -0.04166 0.01702
v -0.09881 -0.05870 0.00808
v -0.11787 -0.08201 -0.00190
v -0.13332 -0.09801 -0.00660
v -0.13832 -0.11083 -0.01021
v -0.15807 -0.11742 -0.00384
v -0.16100 -0.10565 -0.00414
v -0.14672 -0.08356 -0.00666
v -0.17573 -0.13143 -0.00092
v -0.17098 -0.14090 -0.00115
v -0.18678 -0.15070 0.00041
v -0.18301 -0.15990 -0.00021
v -0.19459 -0.16888 0.00029
v -0.20103 -0.16366 -0.00076
v -0.24565 -0.32860 -0.02035
v -0.24859 -0.32885 -0.01313
v -0.24365 -0.33068 -0.01825
v -0.23819 -0.32882 -0.01184
v -0.24129 -0.32733 -0.00631
v -0.25116 -0.32761 -0.00357
v -0.25724 -0.32900 -0.00932
v -0.25111 -0.33006 -0.02016
v -0.25604 -0.32846 -0.01792
v -0.23981 -0.32902 -0.01683
v -0.24659 -0.32456 -0.00307
v -0.01297 0.01305 0.04241
v -0.01977 0.01962 0.05104
v -0.04026 0.00108 0.04052
v -0.02294 -0.00148 0.03042
v -0.04230 -0.00808 0.03187
v -0.05784 -0.01964 0.02741
v -0.05048 -0.02298 0.02021
v -0.05515 -0.02978 0.01476
v -0.03453 -0.01333 0.02187
v -0.00536 0.00834 0.03295
v -0.07575 -0.04274 0.01232
v -0.07794 -0.05085 0.00449
v -0.07482 -0.02908 0.02366
v -0.06199 -0.01696 0.03060
v -0.08480 -0.04166 0.01702
v -0.09881 -0.05870 0.00808
v -0.09742 -0.06710 0.00026
v -0.11787 -0.08201 -0.00190
v -0.01948 -0.00277 0.02607
v -0.10405 -0.07654 -0.00635
v -0.11600 -0.08854 -0.00947
v -0.12697 -0.09827 -0.00986
v -0.13332 -0.09801 -0.00660
v -0.12623 -0.10217 -0.01475
v -0.13832 -0.11083 -0.01021
v -0.14053 -0.12121 -0.01434
v -0.14979 -0.13285 -0.01064
v -0.15009 -0.14153 -0.01632
v -0.16046 -0.15754 -0.01226
v -0.15956 -0.14720 -0.00792
v -0.17752 -0.17276 -0.00608
v -0.16982 -0.17438 -0.01573
v -0.18621 -0.19064 -0.01129
v -0.19319 -0.18976 -0.00502
v -0.20169 -0.20500 -0.01047
v -0.20919 -0.20204 -0.00378
v -0.21484 -0.21921 -0.01144
v -0.22609 -0.22134 -0.00556
v -0.22613 -0.23304 -0.01273
v -0.23827 -0.23854 -0.00905
v -0.23526 -0.24020 -0.01280
v -0.23695 -0.24790 -0.01507
v -0.24162 -0.24874 -0.00781
v -0.19006 -0.17863 -0.00187
v -0.16831 -0.14996 -0.00339
v -0.17799 -0.16498 -0.00283
v -0.20145 -0.18748 -0.00119
v -0.15824 -0.13303 -0.00498
v -0.14635 -0.11366 -0.00719
v -0.23882 -0.26231 -0.01096
v -0.24547 -0.26888 -0.00358
v -0.24252 -0.28219 -0.00913
v -0.24618 -0.28669 -0.00530
v -0.24523 -0.29875 -0.00798
v -0.23739 -0.22800 -0.00596
v -0.24485 -0.23688 -0.00707
v -0.21838 -0.20523 -0.00278
v -0.22874 -0.21140 -0.00347
v -0.18301 -0.15990 -0.00021
v -0.19459 -0.16888 0.00029
v -0.20684 -0.18422 -0.00084
v -0.17098 -0.14090 -0.00115
v -0.15807 -0.11742 -0.00384
v -0.24999 -0.28591 -0.00295
v -0.25259 -0.26557 -0.00204
v -0.25624 -0.28435 -0.00290
v -0.25702 -0.29986 -0.00514
v -0.21903 -0.19409 -0.00259
v -0.24998 -0.30828 -0.00439
v -0.25609 -0.31777 -0.00516
v -0.20103 -0.16366 -0.00076
v -0.24668 -0.25469 -0.00408
v -0.25923 -0.26609 -0.00343
v -0.23597 -0.20890 -0.00634
v -0.25205 -0.25160 -0.00448
v -0.25119 -0.32269 -0.00300
v -0.24659 -0.32456 -0.00307
v -0.25116 -0.32761 -0.00357
v -0.24950 -0.23208 -0.00949
v -0.24265 -0.31878 -0.00643
v -0.22349 -0.18999 -0.00526
v -0.25767 -0.25129 -0.00705
v -0.24129 -0.32733 -0.00631
v -0.22739 -0.35928 -0.15843
v -0.22880 -0.35184 -0.16037
v -0.23075 -0.35660 -0.15728
v -0.23447 -0.34155 -0.16052
v -0.23152 -0.34019 -0.16386
v -0.23432 -0.32880 -0.16201
v -0.23112 -0.32664 -0.16696
v -0.23035 -0.34516 -0.16573
v -0.23239 -0.31846 -0.16288
v -0.23015 -0.31132 -0.16534
v -0.23696 -0.31339 -0.15769
v -0.23210 -0.30709 -0.15742
v -0.22836 -0.35502 -0.16257
v -0.22801 -0.30076 -0.15901
v -0.23276 -0.29687 -0.15024
v -0.22860 -0.28625 -0.15351
v -0.22625 -0.29160 -0.15888
v -0.22865 -0.35994 -0.16068
v -0.23598 -0.27004 -0.14325
v -0.23897 -0.26071 -0.13338
v -0.24323 -0.27050 -0.14132
v -0.23175 -0.25815 -0.13451
v -0.23082 -0.24823 -0.12658
v -0.23435 -0.24435 -0.12334
v -0.23078 -0.23678 -0.11923
v -0.22440 -0.23644 -0.12192
v -0.23202 -0.23291 -0.11338
v -0.22095 -0.24166 -0.12991
v -0.21498 -0.23032 -0.12636
v -0.22486 -0.25559 -0.14010
v -0.22844 -0.26279 -0.14707
v -0.23265 -0.27605 -0.14875
v -0.24115 -0.28056 -0.14444
v -0.21830 -0.24064 -0.13553
v -0.22146 -0.22994 -0.11136
v -0.22033 -0.24777 -0.14554
v -0.22713 -0.26274 -0.15640
v -0.22889 -0.27317 -0.15487
v -0.23518 -0.28854 -0.14706
v -0.24186 -0.29248 -0.14617
v -0.23724 -0.30270 -0.15106
v -0.22601 -0.29151 -0.16720
v -0.22678 -0.28074 -0.16333
v -0.22657 -0.29921 -0.16518
v -0.22842 -0.27081 -0.16113
v -0.22694 -0.25789 -0.16139
v -0.23055 -0.31273 -0.17033
v -0.23023 -0.27358 -0.16916
v -0.22137 -0.24032 -0.15339
v -0.23310 -0.33160 -0.17167
v -0.23368 -0.34150 -0.16983
v -0.21704 -0.23398 -0.14435
v -0.22954 -0.29365 -0.17327
v -0.22006 -0.22414 -0.14967
v -0.21448 -0.22969 -0.13587
v -0.21484 -0.22681 -0.14350
v -0.22972 -0.25342 -0.16485
v -0.23439 -0.30681 -0.17567
v -0.22788 -0.23944 -0.16120
v -0.23459 -0.27189 -0.17311
v -0.23384 -0.29038 -0.17716
v -0.23244 -0.35240 -0.16502
v -0.27221 -0.34399 -0.12349
v -0.27389 -0.32504 -0.12142
v -0.26900 -0.33755 -0.11962
v -0.26646 -0.34834 -0.12080
v -0.26994 -0.36201 -0.12176
v -0.27608 -0.36431 -0.12350
v -0.26797 -0.37361 -0.12033
v -0.26429 -0.36936 -0.11799
v -0.27902 -0.34505 -0.12431
v -0.28207 -0.32030 -0.12286
v -0.27037 -0.30663 -0.12173
v -0.27446 -0.29877 -0.12295
v -0.26539 -0.28281 -0.11918
v -0.27033 -0.27901 -0.12059
v -0.25778 -0.25045 -0.11252
v -0.25183 -0.25683 -0.10989
v -0.24542 -0.23410 -0.10527
v -0.25917 -0.23684 -0.11005
v -0.25161 -0.22488 -0.10799
v -0.27144 -0.26070 -0.11734
v -0.26645 -0.30762 -0.11815
v -0.25871 -0.28302 -0.11295
v -0.26559 -0.35961 -0.11706
v -0.26808 -0.32941 -0.11521
v -0.24227 -0.24042 -0.10155
v -0.23892 -0.23358 -0.10191
v -0.24690 -0.25729 -0.10392
v -0.24382 -0.22689 -0.10812
v -0.26609 -0.37560 -0.11727
v -0.26334 -0.35771 -0.11331
v -0.26579 -0.34214 -0.11522
v -0.27188 -0.37664 -0.11942
v -0.27854 -0.37730 -0.12034
v -0.27165 -0.38564 -0.11862
v -0.26901 -0.37942 -0.11654
v -0.26649 -0.38838 -0.11427
v -0.26404 -0.40542 -0.11554
v -0.25911 -0.40746 -0.11054
v -0.27459 -0.39612 -0.11775
v -0.26578 -0.41197 -0.11492
v -0.25599 -0.41906 -0.11085
v -0.25059 -0.42026 -0.10735
v -0.24808 -0.42555 -0.10546
v -0.25006 -0.27475 -0.10145
v -0.23710 -0.23721 -0.09660
v -0.24165 -0.24910 -0.09539
v -0.26019 -0.29815 -0.10739
v -0.26553 -0.31557 -0.11089
v -0.22945 -0.23219 -0.09513
v -0.26276 -0.37039 -0.11262
v -0.26583 -0.37631 -0.11124
v -0.25911 -0.40746 -0.11054
v -0.26515 -0.39139 -0.10900
v -0.25919 -0.40801 -0.10542
v -0.26649 -0.38838 -0.11427
v -0.26683 -0.38221 -0.10973
v -0.26901 -0.37942 -0.11654
v -0.25059 -0.42026 -0.10735
v -0.24953 -0.42154 -0.10405
v -0.24808 -0.42555 -0.10546
v -0.26639 -0.39593 -0.10337
v -0.27191 -0.38054 -0.10260
v -0.26583 -0.37631 -0.11124
v -0.27672 -0.33860 -0.07408
v -0.27817 -0.32100 -0.07403
v -0.26930 -0.34261 -0.07258
v -0.27239 -0.31895 -0.07209
v -0.27368 -0.35688 -0.07633
v -0.26485 -0.36345 -0.07334
v -0.27285 -0.30101 -0.07546
v -0.24678 -0.38447 -0.06357
v -0.25866 -0.37874 -0.06553
v -0.24969 -0.37930 -0.06469
v -0.26068 -0.36968 -0.06900
v -0.24140 -0.38737 -0.06161
v -0.24414 -0.38215 -0.06101
v -0.26231 -0.37612 -0.06848
v -0.26290 -0.38156 -0.06328
v -0.26938 -0.37623 -0.07255
v -0.27952 -0.36271 -0.07604
v -0.27368 -0.35688 -0.07633
v -0.26485 -0.36345 -0.07334
v -0.26361 -0.38339 -0.06778
v -0.26474 -0.39080 -0.07023
v -0.25965 -0.39587 -0.06460
v -0.25636 -0.40652 -0.06798
v -0.25301 -0.40952 -0.06357
v -0.24653 -0.42354 -0.06769
v -0.25249 -0.41752 -0.06956
v -0.24727 -0.41845 -0.06836
v -0.26745 -0.39568 -0.07119
v -0.24530 -0.42179 -0.06545
v -0.24143 -0.38586 -0.05901
v -0.24561 -0.25785 -0.05144
v -0.23839 -0.24365 -0.05731
v -0.24221 -0.24356 -0.04525
v -0.25067 -0.25609 -0.04264
v -0.25262 -0.27281 -0.04702
v -0.25121 -0.27803 -0.05517
v -0.25934 -0.29567 -0.05396
v -0.25949 -0.28263 -0.04438
v -0.26447 -0.30338 -0.05043
v -0.26500 -0.31555 -0.05923
v -0.26700 -0.31848 -0.05300
v -0.26598 -0.33372 -0.05641
v -0.26214 -0.36973 -0.05773
v -0.26299 -0.35808 -0.05567
v -0.26709 -0.36502 -0.05215
v -0.26766 -0.35272 -0.05028
v -0.26778 -0.33939 -0.05202
v -0.26041 -0.36692 -0.06205
v -0.26143 -0.35378 -0.06146
v -0.26598 -0.33372 -0.05641
v -0.27061 -0.31337 -0.04762
v -0.25500 -0.37275 -0.06027
v -0.25596 -0.37082 -0.06482
v -0.26039 -0.36594 -0.06718
v -0.25832 -0.27350 -0.07958
v -0.25313 -0.25671 -0.07658
v -0.25271 -0.26074 -0.07297
v -0.26792 -0.32488 -0.06803
v -0.27239 -0.31895 -0.07209
v -0.26658 -0.30912 -0.06866
v -0.27285 -0.30101 -0.07546
v -0.26930 -0.34261 -0.07258
v -0.26453 -0.34016 -0.06526
v -0.26199 -0.35707 -0.06928
v -0.26485 -0.36345 -0.07334
v -0.26068 -0.36968 -0.06900
v -0.26552 -0.32456 -0.06193
v -0.26039 -0.36594 -0.06718
v -0.25596 -0.37082 -0.06482
v -0.24969 -0.37930 -0.06469
v -0.26458 -0.29156 -0.07444
v -0.26082 -0.29484 -0.06824
v -0.26932 -0.28672 -0.07888
v -0.25451 -0.27355 -0.07110
v -0.26460 -0.28317 -0.07962
v -0.26158 -0.27621 -0.07808
v -0.24333 -0.25265 -0.06200
v -0.24358 -0.24342 -0.06836
v -0.23758 -0.24147 -0.06313
v -0.25132 -0.27589 -0.06376
v -0.24337 -0.23926 -0.07178
v -0.23532 -0.23727 -0.06754
v -0.22398 -0.23211 -0.06197
v -0.25918 -0.29688 -0.06067
v -0.26500 -0.31555 -0.05923
v -0.26143 -0.35378 -0.06146
v -0.25121 -0.27803 -0.05517
v -0.24561 -0.25785 -0.05144
v -0.23839 -0.24365 -0.05731
v -0.26598 -0.33372 -0.05641
v -0.26041 -0.36692 -0.06205
v -0.25934 -0.29567 -0.05396
v -0.25500 -0.37275 -0.06027
v -0.24414 -0.38215 -0.06101
v -0.27839 -0.28818 -0.08982
v -0.28312 -0.28323 -0.09272
v -0.27720 -0.27608 -0.08399
v -0.27979 -0.26934 -0.08514
v -0.28066 -0.30879 -0.09617
v -0.28370 -0.26692 -0.09188
v -0.28779 -0.27142 -0.10148
v -0.28822 -0.29401 -0.10327
v -0.28562 -0.31160 -0.09914
v -0.29057 -0.31610 -0.10438
v -0.28974 -0.33801 -0.10819
v -0.28807 -0.34353 -0.10503
v -0.28411 -0.34388 -0.10123
v -0.28732 -0.35782 -0.10366
v -0.28927 -0.35258 -0.11179
v -0.27484 -0.25466 -0.08446
v -0.28168 -0.25579 -0.09358
v -0.27084 -0.23764 -0.08750
v -0.28335 -0.35818 -0.10071
v -0.26522 -0.24702 -0.07676
v -0.26277 -0.23837 -0.07492
v -0.27202 -0.26733 -0.07996
v -0.26233 -0.23120 -0.07696
v -0.25790 -0.21881 -0.07483
v -0.25802 -0.23361 -0.07479
v -0.28349 -0.36103 -0.10243
v -0.27877 -0.32495 -0.10005
v -0.25591 -0.22535 -0.07407
v -0.26453 -0.21928 -0.08584
v -0.25487 -0.20533 -0.07643
v -0.27898 -0.34723 -0.10040
v -0.27877 -0.35847 -0.10003
v -0.25845 -0.23683 -0.07291
v -0.25556 -0.22226 -0.07058
v -0.25537 -0.21464 -0.06864
v -0.25069 -0.22875 -0.07355
v -0.27501 -0.36004 -0.10221
v -0.28750 -0.29858 -0.11142
v -0.28583 -0.28394 -0.10873
v -0.28822 -0.29401 -0.10327
v -0.29057 -0.31610 -0.10438
v -0.29105 -0.31783 -0.10902
v -0.28954 -0.33241 -0.11277
v -0.28974 -0.33801 -0.10819
v -0.24596 -0.23205 -0.07190
v -0.25069 -0.22875 -0.07355
v -0.25168 -0.22940 -0.07070
v -0.24365 -0.23283 -0.07564
v -0.25556 -0.22226 -0.07058
v -0.26709 -0.36502 -0.05215
v -0.26766 -0.35272 -0.05028
v -0.27318 -0.34579 -0.04796
v -0.27398 -0.36349 -0.04919
v -0.26983 -0.37619 -0.05493
v -0.27899 -0.34529 -0.04731
v -0.27617 -0.32333 -0.04654
v -0.28125 -0.32022 -0.04554
v -0.27624 -0.30854 -0.04414
v -0.27865 -0.29580 -0.04173
v -0.26939 -0.29215 -0.04197
v -0.28089 -0.36017 -0.04849
v -0.26803 -0.27689 -0.03838
v -0.27504 -0.27308 -0.03859
v -0.26275 -0.25344 -0.03744
v -0.25862 -0.26395 -0.03903
v -0.25418 -0.24341 -0.03603
v -0.27061 -0.31337 -0.04762
v -0.26778 -0.33939 -0.05202
v -0.27702 -0.37029 -0.05268
v -0.27381 -0.38287 -0.05568
v -0.26468 -0.39644 -0.05677
v -0.26697 -0.40019 -0.05732
v -0.25856 -0.41362 -0.05995
v -0.25612 -0.40760 -0.06003
v -0.24899 -0.42161 -0.06304
v -0.25949 -0.28263 -0.04438
v -0.24970 -0.24457 -0.03884
v -0.26523 -0.38548 -0.05715
v -0.26360 -0.37874 -0.05810
v -0.26447 -0.30338 -0.05043
v -0.26214 -0.36973 -0.05773
v -0.26103 -0.37425 -0.05698
v -0.25500 -0.37275 -0.06027
v -0.25262 -0.27281 -0.04702
v -0.25067 -0.25609 -0.04264
v -0.24221 -0.24356 -0.04525
v -0.28468 -0.36412 -0.05165
v -0.25399 -0.42023 -0.06322
v -0.26700 -0.31848 -0.05300
v -0.26598 -0.33372 -0.05641
v -0.26153 -0.41421 -0.06234
v -0.26923 -0.40503 -0.06462
v -0.24727 -0.41845 -0.06836
v -0.25301 -0.40952 -0.06357
v -0.24530 -0.42179 -0.06545
v -0.25636 -0.40652 -0.06798
v -0.25965 -0.39587 -0.06460
v -0.26361 -0.38339 -0.06778
v -0.26154 -0.39040 -0.06157
v -0.25612 -0.40760 -0.06003
v -0.26290 -0.38156 -0.06328
v -0.26231 -0.37612 -0.06848
v -0.26523 -0.38548 -0.05715
v -0.26468 -0.39644 -0.05677
v -0.24899 -0.42161 -0.06304
v -0.26360 -0.37874 -0.05810
v -0.24414 -0.38215 -0.06101
v -0.24752 -0.38072 -0.05813
v -0.24143 -0.38586 -0.05901
v -0.25500 -0.37275 -0.06027
v -0.26103 -0.37425 -0.05698
v -0.24671 -0.38437 -0.05760
v -0.25959 -0.37829 -0.05837
v -0.26103 -0.37425 -0.05698
v -0.26360 -0.37874 -0.05810
v -0.26983 -0.37619 -0.05493
v -0.24671 -0.38437 -0.05760
v -0.26038 -0.37962 -0.06265
v -0.25959 -0.37829 -0.05837
v -0.26290 -0.38156 -0.06328
v -0.25866 -0.37874 -0.06553
v -0.26360 -0.37874 -0.05810
v -0.24358 -0.38804 -0.06017
v -0.24143 -0.38586 -0.05901
v -0.24671 -0.38437 -0.05760
v -0.25295 -0.38285 -0.06011
v -0.24140 -0.38737 -0.06161
v -0.24678 -0.38447 -0.06357
v -0.28998 -0.32087 -0.06247
v -0.29026 -0.30878 -0.05797
v -0.28909 -0.31760 -0.05538
v -0.28721 -0.34641 -0.05937
v -0.28694 -0.34643 -0.06372
v -0.28581 -0.36003 -0.06230
v -0.28445 -0.35888 -0.05642
v -0.28498 -0.35852 -0.06736
v -0.28839 -0.29440 -0.06251
v -0.28821 -0.29585 -0.05564
v -0.28890 -0.28239 -0.05902
v -0.28821 -0.26684 -0.05974
v -0.28804 -0.26691 -0.05512
v -0.28663 -0.27964 -0.05241
v -0.24705 -0.23758 -0.03757
v -0.25025 -0.23274 -0.03780
v -0.24945 -0.23237 -0.03457
v -0.25078 -0.22321 -0.03322
v -0.25769 -0.22761 -0.04129
v -0.25465 -0.21441 -0.03967
v -0.26790 -0.23325 -0.04911
v -0.24801 -0.21169 -0.03204
v -0.26734 -0.24060 -0.04621
v -0.28168 -0.25516 -0.05281
v -0.25932 -0.21188 -0.04618
v -0.27587 -0.25649 -0.04684
v -0.28318 -0.26683 -0.04870
v -0.24677 -0.19376 -0.04170
v -0.28804 -0.26691 -0.05512
v -0.28663 -0.27964 -0.05241
v -0.28112 -0.28522 -0.04691
v -0.28821 -0.29585 -0.05564
v -0.28909 -0.31760 -0.05538
v -0.28263 -0.32155 -0.05094
v -0.28320 -0.34719 -0.05396
v -0.28721 -0.34641 -0.05937
v -0.28445 -0.35888 -0.05642
v -0.24139 -0.19760 -0.03255
v -0.22375 -0.16513 -0.03399
v -0.23023 -0.18390 -0.02804
v -0.23528 -0.17182 -0.04501
v -0.21681 -0.14554 -0.03931
v -0.20190 -0.13290 -0.02877
v -0.21698 -0.16369 -0.02405
v -0.25188 -0.19633 -0.04826
v -0.20245 -0.12419 -0.03933
v -0.18424 -0.10264 -0.02595
v -0.25732 -0.25479 -0.04308
v -0.26556 -0.26709 -0.04218
v -0.26527 -0.25444 -0.04268
v -0.25311 -0.24116 -0.04108
v -0.25854 -0.23861 -0.04173
v -0.27513 -0.26686 -0.04371
v -0.27272 -0.27895 -0.04323
v -0.26992 -0.28744 -0.04536
v -0.27670 -0.30193 -0.04776
v -0.27550 -0.32494 -0.05189
v -0.27768 -0.34055 -0.05186
v -0.27742 -0.35850 -0.05308
v -0.27166 -0.35357 -0.05344
v -0.26822 -0.35017 -0.05692
v -0.25821 -0.26683 -0.04562
v -0.26942 -0.35821 -0.05630
v -0.26966 -0.30532 -0.05258
v -0.26372 -0.28560 -0.04863
v -0.25031 -0.24602 -0.04610
v -0.24434 -0.23979 -0.04715
v -0.24705 -0.23758 -0.03757
v -0.24945 -0.23237 -0.03457
v -0.24641 -0.24086 -0.03172
v -0.25054 -0.23423 -0.03053
v -0.25078 -0.22321 -0.03322
v -0.27305 -0.39638 -0.11297
v -0.26945 -0.39494 -0.11177
v -0.27533 -0.38608 -0.11500
v -0.26466 -0.40970 -0.10743
v -0.27317 -0.38224 -0.11309
v -0.27715 -0.38132 -0.11445
v -0.27234 -0.40340 -0.10963
v -0.27942 -0.38503 -0.11310
v -0.28065 -0.38102 -0.11137
v -0.27718 -0.39372 -0.10967
v -0.27114 -0.40178 -0.10624
v -0.28058 -0.38404 -0.10769
v -0.27476 -0.38831 -0.10572
v -0.28093 -0.37912 -0.10606
v -0.27622 -0.38100 -0.10599
v -0.26466 -0.40970 -0.10743
v -0.27264 -0.38294 -0.10848
v -0.27010 -0.39218 -0.10853
v -0.27114 -0.40178 -0.10624
v -0.27718 -0.39372 -0.10967
v -0.28058 -0.38404 -0.10769
v -0.27234 -0.40340 -0.10963
v -0.26466 -0.40970 -0.10743
v -0.27942 -0.38503 -0.11310
v -0.28065 -0.38102 -0.11137
v -0.28093 -0.37912 -0.10606
v -0.27715 -0.38132 -0.11445
v -0.27756 -0.38115 -0.10951
v -0.28065 -0.38102 -0.11137
v -0.27317 -0.38224 -0.11309
v -0.27264 -0.38294 -0.10848
v -0.27622 -0.38100 -0.10599
v -0.28093 -0.37912 -0.10606
v -0.26945 -0.39494 -0.11177
v -0.27010 -0.39218 -0.10853
v -0.26466 -0.40970 -0.10743
v -0.26999 -0.39170 -0.06616
v -0.27587 -0.37919 -0.06615
v -0.27259 -0.38809 -0.06245
v -0.26442 -0.39905 -0.06343
v -0.27731 -0.37435 -0.06543
v -0.27569 -0.37555 -0.06089
v -0.26999 -0.39170 -0.06616
v -0.26442 -0.39905 -0.06343
v -0.26904 -0.38598 -0.06677
v -0.27587 -0.37919 -0.06615
v -0.27402 -0.37425 -0.06764
v -0.27731 -0.37435 -0.06543
v -0.26904 -0.38598 -0.06677
v -0.26826 -0.38379 -0.06157
v -0.26920 -0.38048 -0.06526
v -0.26442 -0.39905 -0.06343
v -0.27125 -0.37678 -0.05989
v -0.27373 -0.37399 -0.06347
v -0.27402 -0.37425 -0.06764
v -0.27373 -0.37399 -0.06347
v -0.27569 -0.37555 -0.06089
v -0.27731 -0.37435 -0.06543
v -0.27125 -0.37678 -0.05989
v -0.27402 -0.37425 -0.06764
v -0.26826 -0.38379 -0.06157
v -0.27149 -0.38457 -0.06037
v -0.27125 -0.37678 -0.05989
v -0.26442 -0.39905 -0.06343
v -0.27569 -0.37555 -0.06089
v -0.27259 -0.38809 -0.06245
vt 0.02206 0.50142
vt 0.02396 0.49634
vt 0.02466 0.50177
vt 0.02460 0.50706
vt 0.02298 0.50765
vt 0.02422 0.51460
vt 0.02772 0.51455
vt 0.02621 0.50832
vt 0.02708 0.51959
vt 0.02357 0.52006
vt 0.02658 0.52526
vt 0.02933 0.52415
vt 0.02941 0.51980
vt 0.02535 0.52713
vt 0.02778 0.53145
vt 0.02633 0.53335
vt 0.03004 0.52880
vt 0.03161 0.53375
vt 0.03102 0.52467
vt 0.02914 0.53712
vt 0.03251 0.54017
vt 0.03111 0.54182
vt 0.03285 0.54467
vt 0.02809 0.53981
vt 0.02268 0.51559
vt 0.02144 0.50835
vt 0.03297 0.52992
vt 0.03040 0.54682
vt 0.03437 0.55002
vt 0.03329 0.55493
vt 0.03692 0.55754
vt 0.03557 0.56120
vt 0.03892 0.56308
vt 0.03504 0.54301
vt 0.03449 0.53790
vt 0.04035 0.56391
vt 0.04095 0.56809
vt 0.04285 0.56932
vt 0.04336 0.57336
vt 0.04551 0.57398
vt 0.03597 0.54688
vt 0.03774 0.55498
vt 0.04599 0.57839
vt 0.04353 0.57832
vt 0.04614 0.58058
vt 0.04764 0.58116
vt 0.04816 0.58412
vt 0.04956 0.58288
vt 0.02663 0.50101
vt 0.02810 0.51075
vt 0.04610 0.58468
vt 0.03994 0.54302
vt 0.03823 0.53912
vt 0.05160 0.58592
vt 0.04975 0.58713
vt 0.03017 0.51839
vt 0.05281 0.59004
vt 0.04027 0.55911
vt 0.04798 0.57818
vt 0.03965 0.54680
vt 0.03858 0.55166
vt 0.04345 0.55628
vt 0.04423 0.56083
vt 0.04387 0.55029
vt 0.03678 0.53328
vt 0.04423 0.54643
vt 0.04650 0.55953
vt 0.05010 0.55586
vt 0.05219 0.56047
vt 0.04836 0.55117
vt 0.04980 0.56420
vt 0.05562 0.55663
vt 0.05698 0.55980
vt 0.05414 0.56292
vt 0.05232 0.56694
vt 0.04475 0.56769
vt 0.04712 0.56574
vt 0.05051 0.59016
vt 0.04734 0.57353
vt 0.05287 0.59330
vt 0.05488 0.59302
vt 0.05055 0.57091
vt 0.03476 0.52350
vt 0.05469 0.59662
vt 0.05623 0.59680
vt 0.04792 0.58828
vt 0.03380 0.56538
vt 0.03141 0.55937
vt 0.03186 0.56682
vt 0.03545 0.56985
vt 0.03452 0.57362
vt 0.03221 0.57575
vt 0.03506 0.57938
vt 0.03344 0.58006
vt 0.03754 0.57401
vt 0.03680 0.57883
vt 0.03829 0.57989
vt 0.03774 0.56722
vt 0.03471 0.58341
vt 0.03106 0.55403
vt 0.03931 0.57264
vt 0.03229 0.58139
vt 0.03624 0.58313
vt 0.03259 0.58531
vt 0.03463 0.58674
vt 0.03372 0.58972
vt 0.03539 0.59161
vt 0.03418 0.59311
vt 0.03551 0.59452
vt 0.03705 0.59271
vt 0.03673 0.59542
vt 0.03696 0.58837
vt 0.03749 0.58427
vt 0.03599 0.59721
vt 0.03806 0.58186
vt 0.03437 0.59625
vt 0.03977 0.57693
vt 0.02545 0.54191
vt 0.02656 0.54884
vt 0.02763 0.55817
vt 0.02415 0.55239
vt 0.02369 0.54655
vt 0.02414 0.55860
vt 0.02420 0.56565
vt 0.02751 0.56573
vt 0.02528 0.57110
vt 0.02334 0.57288
vt 0.02444 0.57747
vt 0.02690 0.57655
vt 0.02726 0.57160
vt 0.02644 0.57987
vt 0.02472 0.58042
vt 0.02315 0.57970
vt 0.02364 0.58509
vt 0.02233 0.57697
vt 0.03967 0.58113
vt 0.04341 0.58195
vt 0.02994 0.56583
vt 0.02947 0.57310
vt 0.03056 0.57904
vt 0.05282 0.59567
vt 0.05016 0.59274
vt 0.03865 0.59580
vt 0.04482 0.58580
vt 0.03796 0.59790
vt 0.05390 0.59920
vt 0.02801 0.57884
vt 0.02687 0.58353
vt 0.05574 0.59994
vt 0.04697 0.58970
vt 0.05210 0.59762
vt 0.03691 0.59898
vt 0.03988 0.60028
vt 0.03987 0.60505
vt 0.03756 0.60389
vt 0.03961 0.60866
vt 0.03449 0.59861
vt 0.03814 0.60871
vt 0.03592 0.60586
vt 0.03517 0.60197
vt 0.04039 0.61209
vt 0.03846 0.61309
vt 0.04140 0.61683
vt 0.03913 0.61690
vt 0.05580 0.60322
vt 0.05791 0.60347
vt 0.05797 0.60656
vt 0.04036 0.61925
vt 0.04218 0.62155
vt 0.47167 0.81511
vt 0.47207 0.81819
vt 0.47517 0.81549
vt 0.47610 0.81318
vt 0.47893 0.81523
vt 0.46782 0.81945
vt 0.46351 0.81822
vt 0.46165 0.82314
vt 0.45728 0.81846
vt 0.46637 0.81580
vt 0.45801 0.82514
vt 0.45492 0.82280
vt 0.45234 0.82514
vt 0.46167 0.82875
vt 0.46505 0.82384
vt 0.45602 0.82747
vt 0.45162 0.82018
vt 0.47212 0.81253
vt 0.47756 0.81159
vt 0.47989 0.81363
vt 0.45145 0.81583
vt 0.46076 0.81508
vt 0.44633 0.82265
vt 0.44734 0.81600
vt 0.44676 0.81897
vt 0.45366 0.81412
vt 0.44044 0.81809
vt 0.44254 0.82181
vt 0.43504 0.81583
vt 0.44938 0.82631
vt 0.45403 0.82902
vt 0.44400 0.81505
vt 0.43726 0.81423
vt 0.43298 0.81249
vt 0.44941 0.81447
vt 0.46761 0.81243
vt 0.45747 0.83165
vt 0.47498 0.81002
vt 0.47998 0.80852
vt 0.43478 0.81039
vt 0.43958 0.81209
vt 0.43099 0.80781
vt 0.46010 0.81336
vt 0.44557 0.81196
vt 0.45306 0.81253
vt 0.48077 0.81166
vt 0.48138 0.81003
vt 0.48405 0.81068
vt 0.48542 0.80928
vt 0.48769 0.81028
vt 0.48546 0.81191
vt 0.48834 0.81219
vt 0.48798 0.80781
vt 0.49223 0.81058
vt 0.49100 0.81188
vt 0.49574 0.81246
vt 0.49606 0.81092
vt 0.48268 0.81288
vt 0.48396 0.80811
vt 0.48539 0.81346
vt 0.49879 0.81273
vt 0.49897 0.81204
vt 0.50051 0.81237
vt 0.46820 0.82163
vt 0.48172 0.81472
vt 0.48734 0.81368
vt 0.46655 0.82739
vt 0.46907 0.83224
vt 0.47307 0.83088
vt 0.47494 0.83386
vt 0.47668 0.83032
vt 0.48934 0.81410
vt 0.46935 0.82397
vt 0.47424 0.82463
vt 0.47241 0.82168
vt 0.48000 0.83357
vt 0.47679 0.81666
vt 0.47469 0.81857
vt 0.49185 0.81360
vt 0.48495 0.81486
vt 0.49829 0.81369
vt 0.50118 0.81351
vt 0.48704 0.81522
vt 0.49462 0.81309
vt 0.50111 0.81428
vt 0.49025 0.81539
vt 0.48221 0.81605
vt 0.47990 0.81690
vt 0.47691 0.82633
vt 0.47565 0.82361
vt 0.47628 0.81993
vt 0.47987 0.83001
vt 0.48505 0.81607
vt 0.50197 0.81368
vt 0.48295 0.83340
vt 0.05727 0.25498
vt 0.06235 0.25296
vt 0.05956 0.25108
vt 0.06415 0.25013
vt 0.07119 0.25050
vt 0.07038 0.24698
vt 0.07776 0.24712
vt 0.07902 0.25111
vt 0.08424 0.24997
vt 0.08357 0.24665
vt 0.05373 0.25411
vt 0.05131 0.25638
vt 0.04854 0.25506
vt 0.04882 0.25789
vt 0.04353 0.25704
vt 0.04349 0.25394
vt 0.03838 0.25471
vt 0.03918 0.25310
vt 0.06627 0.25374
vt 0.03472 0.25297
vt 0.03652 0.25580
vt 0.03344 0.25476
vt 0.03942 0.25774
vt 0.05160 0.25788
vt 0.07338 0.25460
vt 0.06063 0.25645
vt 0.06603 0.25645
vt 0.08151 0.25410
vt 0.08702 0.25336
vt 0.05577 0.25750
vt 0.03635 0.25799
vt 0.03356 0.25678
vt 0.08708 0.24864
vt 0.08786 0.25118
vt 0.08841 0.24759
vt 0.04534 0.25956
vt 0.04904 0.26006
vt 0.07403 0.25689
vt 0.09082 0.25027
vt 0.05621 0.24986
vt 0.04884 0.25269
vt 0.06348 0.24772
vt 0.03014 0.25268
vt 0.02992 0.25025
vt 0.02592 0.24920
vt 0.09267 0.24874
vt 0.02736 0.25240
vt 0.02379 0.24865
vt 0.02323 0.24726
vt 0.03107 0.25549
vt 0.02254 0.24825
vt 0.02169 0.24665
vt 0.91397 0.55272
vt 0.91373 0.55420
vt 0.91815 0.55572
vt 0.91816 0.55379
vt 0.92415 0.55643
vt 0.92422 0.55415
vt 0.92931 0.55455
vt 0.92772 0.55860
vt 0.92125 0.55199
vt 0.90985 0.55352
vt 0.91000 0.55236
vt 0.93207 0.55694
vt 0.92900 0.56108
vt 0.91765 0.55167
vt 0.93574 0.55466
vt 0.92653 0.55113
vt 0.93293 0.55093
vt 0.91321 0.55128
vt 0.90804 0.55108
vt 0.93888 0.55334
vt 0.92142 0.56188
vt 0.92096 0.55906
vt 0.92398 0.56602
vt 0.91994 0.56769
vt 0.91759 0.55994
vt 0.91891 0.56285
vt 0.92187 0.56984
vt 0.91778 0.57182
vt 0.91650 0.55748
vt 0.91195 0.55512
vt 0.93495 0.55888
vt 0.93124 0.56210
vt 0.92797 0.56668
vt 0.93840 0.55881
vt 0.91757 0.56701
vt 0.90864 0.55524
vt 0.90716 0.55278
vt 0.90650 0.55393
vt 0.93523 0.56209
vt 0.91690 0.56137
vt 0.90342 0.55361
vt 0.90480 0.55188
vt 0.90252 0.55213
vt 0.90090 0.55337
vt 0.90230 0.55462
vt 0.90092 0.55516
vt 0.90024 0.55155
vt 0.90124 0.55093
vt 0.90506 0.55531
vt 0.93347 0.56605
vt 0.91573 0.55925
vt 0.90396 0.55051
vt 0.90169 0.55608
vt 0.66110 0.56075
vt 0.65834 0.55589
vt 0.65951 0.56408
vt 0.65992 0.55409
vt 0.65745 0.54940
vt 0.65915 0.54781
vt 0.66231 0.56817
vt 0.66377 0.56716
vt 0.66443 0.57120
vt 0.65786 0.54541
vt 0.65576 0.54704
vt 0.66180 0.57028
vt 0.66359 0.57261
vt 0.66101 0.54177
vt 0.65878 0.54005
vt 0.66039 0.53717
vt 0.66264 0.53849
vt 0.66262 0.53751
vt 0.66125 0.53473
vt 0.66359 0.53910
vt 0.84033 0.77087
vt 0.83770 0.77559
vt 0.83598 0.77225
vt 0.84116 0.76498
vt 0.84409 0.76501
vt 0.84625 0.76036
vt 0.84443 0.76022
vt 0.84697 0.75678
vt 0.83343 0.77942
vt 0.83562 0.77917
vt 0.83399 0.78547
vt 0.83138 0.77848
vt 0.83031 0.78386
vt 0.83220 0.78627
vt 0.82975 0.79028
vt 0.83213 0.79220
vt 0.84883 0.75725
vt 0.82764 0.78716
vt 0.82600 0.79083
vt 0.82851 0.78075
vt 0.83100 0.77562
vt 0.83524 0.77009
vt 0.83813 0.76528
vt 0.82849 0.79640
vt 0.83040 0.79705
vt 0.82776 0.80302
vt 0.83075 0.80232
vt 0.83037 0.80675
vt 0.82940 0.81145
vt 0.82627 0.80817
vt 0.83112 0.81124
vt 0.82475 0.81246
vt 0.84266 0.75967
vt 0.82510 0.79885
vt 0.82797 0.81652
vt 0.82454 0.81937
vt 0.82459 0.80412
vt 0.83119 0.81685
vt 0.82411 0.80807
vt 0.82356 0.81060
vt 0.82821 0.82527
vt 0.82595 0.82861
vt 0.83047 0.82300
vt 0.82597 0.78271
vt 0.84387 0.75632
vt 0.82576 0.77756
vt 0.83083 0.77214
vt 0.83926 0.75825
vt 0.84024 0.75421
vt 0.83486 0.75584
vt 0.83755 0.75044
vt 0.83446 0.74974
vt 0.83439 0.74443
vt 0.83143 0.74446
vt 0.83056 0.74925
vt 0.82871 0.74474
vt 0.83119 0.73926
vt 0.82878 0.73960
vt 0.82999 0.73588
vt 0.83258 0.73300
vt 0.82735 0.75197
vt 0.82814 0.75448
vt 0.82536 0.75932
vt 0.83116 0.75466
vt 0.82940 0.76122
vt 0.82729 0.75983
vt 0.82517 0.76433
vt 0.83518 0.76202
vt 0.82974 0.76659
vt 0.82561 0.76980
vt 0.82383 0.82864
vt 0.84614 0.75407
vt 0.82303 0.81514
vt 0.83098 0.73148
vt 0.83303 0.72708
vt 0.83525 0.72787
vt 0.84306 0.75237
vt 0.83947 0.75009
vt 0.83728 0.74519
vt 0.83534 0.74029
vt 0.83307 0.73624
vt 0.83547 0.73211
vt 0.83699 0.72330
vt 0.83894 0.72275
vt 0.83736 0.72694
vt 0.83498 0.73793
vt 0.84935 0.75375
vt 0.85084 0.75434
vt 0.85278 0.75217
vt 0.85295 0.75334
vt 0.85211 0.75103
vt 0.85479 0.74903
vt 0.82377 0.76467
vt 0.82351 0.77267
vt 0.83901 0.71908
vt 0.82430 0.79149
vt 0.82332 0.78470
vt 0.84875 0.75225
vt 0.82202 0.77846
vt 0.82207 0.82016
vt 0.82290 0.82381
vt 0.82805 0.73826
vt 0.85290 0.74877
vt 0.85611 0.74592
vt 0.85773 0.74573
vt 0.85797 0.74351
vt 0.82881 0.73452
vt 0.82710 0.74236
vt 0.82680 0.74744
vt 0.82116 0.79968
vt 0.82187 0.79601
vt 0.82149 0.78868
vt 0.82058 0.78174
vt 0.83618 0.72141
vt 0.85986 0.74294
vt 0.85983 0.74174
vt 0.85867 0.74127
vt 0.84407 0.75068
vt 0.84639 0.75122
vt 0.84133 0.71979
vt 0.85530 0.75050
vt 0.84096 0.74815
vt 0.83730 0.71816
vt 0.85114 0.75594
vt 0.83944 0.71795
vt 0.85909 0.74566
vt 0.86093 0.74192
vt 0.83631 0.73424
vt 0.83809 0.74445
vt 0.83789 0.71705
vt 0.84049 0.72278
vt 0.84222 0.72081
vt 0.86159 0.74291
vt 0.83670 0.74063
vt 0.84253 0.71987
vt 0.97639 0.45976
vt 0.97237 0.46113
vt 0.97280 0.45464
vt 0.97574 0.45062
vt 0.97065 0.45687
vt 0.97073 0.45076
vt 0.97296 0.44871
vt 0.96974 0.44563
vt 0.97464 0.44159
vt 0.85179 0.96393
vt 0.85638 0.96716
vt 0.85895 0.96318
vt 0.86586 0.96518
vt 0.86773 0.96231
vt 0.87228 0.96528
vt 0.87344 0.96198
vt 0.88135 0.96357
vt 0.88100 0.96103
vt 0.88936 0.96019
vt 0.86656 0.96890
vt 0.88641 0.96382
vt 0.85715 0.97074
vt 0.84897 0.97142
vt 0.87380 0.96733
vt 0.89432 0.96220
vt 0.87726 0.96785
vt 0.88952 0.95856
vt 0.88414 0.96681
vt 0.88974 0.96535
vt 0.89550 0.96429
vt 0.86414 0.97095
vt 0.87297 0.97048
vt 0.85484 0.97367
vt 0.84946 0.97311
vt 0.87728 0.95981
vt 0.32158 0.18185
vt 0.32459 0.18303
vt 0.32484 0.18106
vt 0.32808 0.18239
vt 0.32902 0.17957
vt 0.33274 0.18070
vt 0.33246 0.18279
vt 0.33538 0.18191
vt 0.33786 0.18095
vt 0.33395 0.18338
vt 0.32305 0.17992
vt 0.31869 0.18030
vt 0.33626 0.17927
vt 0.31809 0.18231
vt 0.31480 0.18088
vt 0.31502 0.17853
vt 0.31919 0.17833
vt 0.30964 0.17914
vt 0.31050 0.18081
vt 0.33322 0.17780
vt 0.32720 0.17748
vt 0.31004 0.17781
vt 0.30436 0.18046
vt 0.30538 0.17779
vt 0.30340 0.17896
vt 0.30340 0.17613
vt 0.32208 0.18325
vt 0.33496 0.18326
vt 0.33694 0.18256
vt 0.31471 0.18236
vt 0.33833 0.18306
vt 0.30125 0.18030
vt 0.30087 0.17910
vt 0.30135 0.17719
vt 0.33049 0.18405
vt 0.32652 0.18477
vt 0.32030 0.18401
vt 0.33221 0.18493
vt 0.33319 0.18390
vt 0.32369 0.18508
vt 0.33648 0.18447
vt 0.33872 0.18463
vt 0.33375 0.18508
vt 0.33550 0.18443
vt 0.31676 0.17656
vt 0.32219 0.17678
vt 0.33511 0.17685
vt 0.30791 0.17581
vt 0.30178 0.17561
vt 0.33244 0.17613
vt 0.99806 0.96221
vt 0.99736 0.95811
vt 0.99553 0.95938
vt 0.99517 0.95517
vt 0.99738 0.95303
vt 0.99529 0.95058
vt 0.99774 0.94550
vt 0.99487 0.94327
vt 0.99882 0.93994
vt 0.99688 0.93725
vt 0.99698 0.96851
vt 0.99882 0.96882
vt 0.18150 0.93202
vt 0.17852 0.93478
vt 0.18430 0.93313
vt 0.17464 0.93231
vt 0.17165 0.93373
vt 0.16721 0.93202
vt 0.16623 0.93368
vt 0.16263 0.93157
vt 0.16252 0.93316
vt 0.17520 0.93631
vt 0.16860 0.93039
vt 0.16362 0.92913
vt 0.18834 0.93202
vt 0.18933 0.93074
vt 0.19252 0.93194
vt 0.19389 0.93057
vt 0.17226 0.92984
vt 0.17785 0.93065
vt 0.19629 0.93075
vt 0.19594 0.92912
vt 0.19779 0.92920
vt 0.18847 0.93394
vt 0.19806 0.93152
vt 0.16048 0.93145
vt 0.16131 0.93000
vt 0.19718 0.93221
vt 0.16201 0.92790
vt 0.19451 0.93331
vt 0.16982 0.93604
vt 0.19245 0.92952
vt 0.18276 0.93581
vt 0.16742 0.92828
vt 0.18327 0.92985
vt 0.15970 0.93445
vt 0.17828 0.93701
vt 0.16373 0.93560
vt 0.18761 0.93538
vt 0.17366 0.93817
vt 0.17549 0.93883
vt 0.19759 0.92722
vt 0.19834 0.93311
vt 0.16484 0.92699
vt 0.17780 0.92885
vt 0.17287 0.92722
vt 0.18988 0.92843
vt 0.19597 0.92718
vt 0.89353 0.40389
vt 0.88944 0.40482
vt 0.89402 0.40552
vt 0.89784 0.40454
vt 0.89988 0.40711
vt 0.89048 0.40284
vt 0.89049 0.40583
vt 0.88875 0.40668
vt 0.88544 0.40557
vt 0.89464 0.40729
vt 0.90036 0.40528
vt 0.90505 0.40598
vt 0.90433 0.40364
vt 0.90949 0.40431
vt 0.91132 0.40477
vt 0.89045 0.40743
vt 0.90732 0.40240
vt 0.91086 0.40224
vt 0.90034 0.40330
vt 0.90874 0.40708
vt 0.88511 0.40335
vt 0.88156 0.40503
vt 0.87915 0.40556
vt 0.87847 0.40418
vt 0.87340 0.40273
vt 0.88827 0.40270
vt 0.88543 0.40126
vt 0.90312 0.40167
vt 0.90653 0.40096
vt 0.91237 0.40316
vt 0.91222 0.40540
vt 0.91163 0.40064
vt 0.90994 0.40006
vt 0.89866 0.40224
vt 0.89297 0.40228
vt 0.88311 0.40292
vt 0.91138 0.39880
vt 0.88951 0.40089
vt 0.88698 0.40782
vt 0.88100 0.40711
vt 0.87597 0.40537
vt 0.90416 0.40779
vt 0.88717 0.40035
vt 0.88446 0.39972
vt 0.88292 0.39985
vt 0.88155 0.39818
vt 0.88452 0.40123
vt 0.88095 0.39882
vt 0.88422 0.40221
vt 0.91285 0.40163
vt 0.90888 0.39818
vt 0.89266 0.40069
vt 0.89729 0.40063
vt 0.89948 0.39968
vt 0.90462 0.39891
vt 0.91218 0.40675
vt 0.88434 0.39861
vt 0.89917 0.40946
vt 0.89346 0.40912
vt 0.90458 0.41081
vt 0.90792 0.41021
vt 0.87315 0.40391
vt 0.87185 0.40248
vt 0.89009 0.40966
vt 0.88731 0.39935
vt 0.88601 0.40943
vt 0.50211 0.32433
vt 0.50863 0.32376
vt 0.50435 0.32241
vt 0.50988 0.32198
vt 0.49971 0.32279
vt 0.49834 0.32476
vt 0.51380 0.32281
vt 0.51426 0.32061
vt 0.50909 0.32509
vt 0.51487 0.32443
vt 0.51146 0.32636
vt 0.50074 0.32607
vt 0.51626 0.32166
vt 0.51819 0.32393
vt 0.50427 0.32604
vt 0.51711 0.31979
vt 0.49741 0.32454
vt 0.49819 0.32248
vt 0.49724 0.32576
vt 0.49928 0.32135
vt 0.50325 0.32055
vt 0.50728 0.32112
vt 0.49818 0.32057
vt 0.51071 0.32014
vt 0.51566 0.31847
vt 0.51847 0.32050
vt 0.51932 0.31847
vt 0.83462 0.58241
vt 0.83465 0.58699
vt 0.83351 0.58291
vt 0.83301 0.58711
vt 0.83441 0.59171
vt 0.83290 0.59028
vt 0.83607 0.58833
vt 0.83454 0.57799
vt 0.83295 0.57584
vt 0.83169 0.58334
vt 0.83437 0.57423
vt 0.83585 0.57391
vt 0.83611 0.57250
vt 0.83215 0.59413
vt 0.83464 0.57212
vt 0.83320 0.57250
vt 0.83416 0.59526
vt 0.83084 0.58745
vt 0.83393 0.59787
vt 0.83529 0.59628
vt 0.83614 0.59392
vt 0.83657 0.57823
vt 0.83649 0.58540
vt 0.83728 0.57402
vt 0.83589 0.58234
vt 0.83746 0.59204
vt 0.83793 0.59525
vt 0.83793 0.57222
vt 0.83681 0.57182
vt 0.01063 0.94969
vt 0.00901 0.94914
vt 0.00858 0.94525
vt 0.01069 0.95162
vt 0.00702 0.94702
vt 0.00521 0.94157
vt 0.00753 0.94026
vt 0.00562 0.93562
vt 0.00349 0.93622
vt 0.00500 0.93145
vt 0.00303 0.93054
vt 0.00276 0.92641
vt 0.00408 0.92235
vt 0.01285 0.95235
vt 0.01302 0.95386
vt 0.01459 0.95494
vt 0.01392 0.95541
vt 0.00777 0.91946
vt 0.00560 0.91692
vt 0.00844 0.91411
vt 0.00562 0.91146
vt 0.00766 0.90921
vt 0.00609 0.92528
vt 0.00744 0.93174
vt 0.00838 0.93678
vt 0.00541 0.90729
vt 0.00799 0.90278
vt 0.01047 0.90229
vt 0.01081 0.89871
vt 0.01233 0.89889
vt 0.01303 0.89752
vt 0.01459 0.89925
vt 0.01240 0.89621
vt 0.01427 0.90135
vt 0.00402 0.91363
vt 0.73361 0.61287
vt 0.73250 0.61529
vt 0.73029 0.61657
vt 0.73214 0.61948
vt 0.73096 0.62346
vt 0.73395 0.62360
vt 0.73393 0.62642
vt 0.73396 0.61893
vt 0.73281 0.62925
vt 0.73557 0.62147
vt 0.73228 0.61106
vt 0.73028 0.61063
vt 0.73204 0.60833
vt 0.73338 0.60922
vt 0.73535 0.62807
vt 0.73498 0.63073
vt 0.73714 0.62922
vt 0.73286 0.60520
vt 0.73109 0.60651
vt 0.73221 0.60171
vt 0.73383 0.60115
vt 0.73516 0.59872
vt 0.73582 0.62538
vt 0.73464 0.60687
vt 0.73755 0.62651
vt 0.73475 0.61595
vt 0.73478 0.60355
vt 0.73645 0.59372
vt 0.73805 0.62382
vt 0.73544 0.61005
vt 0.73935 0.62765
vt 0.73329 0.59669
vt 0.73637 0.61899
vt 0.73540 0.61323
vt 0.73452 0.63260
vt 0.73917 0.62589
vt 0.72878 0.62143
vt 0.72912 0.60743
vt 0.72963 0.62640
vt 0.73056 0.63094
vt 0.73653 0.59207
vt 0.73836 0.59079
vt 0.73849 0.59170
vt 0.73692 0.59595
vt 0.72827 0.61067
vt 0.72752 0.61663
vt 0.72961 0.60318
vt 0.72757 0.60796
vt 0.73305 0.59534
vt 0.73070 0.59854
vt 0.73935 0.59077
vt 0.46005 0.72430
vt 0.46131 0.72563
vt 0.46377 0.72423
vt 0.46545 0.72536
vt 0.45772 0.72536
vt 0.45706 0.72357
vt 0.46733 0.72452
vt 0.46487 0.72275
vt 0.46873 0.72220
vt 0.47017 0.72346
vt 0.47089 0.72514
vt 0.47222 0.72099
vt 0.46111 0.72245
vt 0.45796 0.72211
vt 0.45500 0.72477
vt 0.45589 0.72165
vt 0.45372 0.72318
vt 0.45140 0.72361
vt 0.45129 0.72231
vt 0.45337 0.72179
vt 0.45038 0.72251
vt 0.45123 0.72099
vt 0.45021 0.72426
vt 0.46572 0.72676
vt 0.46999 0.72655
vt 0.45151 0.72508
vt 0.47208 0.72709
vt 0.45508 0.72611
vt 0.45988 0.72739
vt 0.46897 0.72877
vt 0.46592 0.72978
vt 0.44992 0.72606
vt 0.45259 0.72676
vt 0.45813 0.72860
vt 0.47207 0.72957
vt 0.47330 0.72509
vt 0.47437 0.72778
vt 0.46921 0.73125
vt 0.45037 0.72745
vt 0.21382 0.07385
vt 0.21182 0.07495
vt 0.21470 0.07502
vt 0.21768 0.07200
vt 0.21763 0.07406
vt 0.21369 0.07691
vt 0.22023 0.07048
vt 0.22287 0.07131
vt 0.22030 0.07419
vt 0.21596 0.07708
vt 0.22444 0.07192
vt 0.21224 0.07911
vt 0.20826 0.07672
vt 0.20796 0.07923
vt 0.20408 0.07899
vt 0.20490 0.07711
vt 0.20254 0.08217
vt 0.20806 0.08102
vt 0.20297 0.07619
vt 0.22346 0.07474
vt 0.20189 0.07802
vt 0.20176 0.08009
vt 0.21915 0.07703
vt 0.20691 0.07506
vt 0.20061 0.07567
vt 0.22526 0.06943
vt 0.22639 0.06948
vt 0.22741 0.06748
vt 0.22767 0.06822
vt 0.22831 0.06752
vt 0.22248 0.07039
vt 0.18358 0.07228
vt 0.17948 0.07299
vt 0.18477 0.07463
vt 0.19107 0.07488
vt 0.17751 0.07031
vt 0.17486 0.07376
vt 0.17484 0.07191
vt 0.18817 0.07714
vt 0.19396 0.07823
vt 0.19753 0.07661
vt 0.18166 0.07583
vt 0.19921 0.07947
vt 0.16931 0.07156
vt 0.16816 0.07361
vt 0.16174 0.07390
vt 0.16190 0.07227
vt 0.15754 0.07396
vt 0.15699 0.07230
vt 0.15453 0.07555
vt 0.17872 0.07759
vt 0.17312 0.07559
vt 0.18536 0.07849
vt 0.19810 0.08206
vt 0.19110 0.08109
vt 0.16640 0.07613
vt 0.15853 0.07645
vt 0.17212 0.07861
vt 0.15024 0.07433
vt 0.15288 0.07209
vt 0.14624 0.07092
vt 0.18212 0.08062
vt 0.16472 0.07871
vt 0.17441 0.08093
vt 0.18687 0.08190
vt 0.15059 0.07667
vt 0.19296 0.08347
vt 0.20002 0.08338
vt 0.15560 0.07928
vt 0.15894 0.07858
vt 0.15988 0.08141
vt 0.16710 0.08177
vt 0.17705 0.08298
vt 0.20189 0.08514
vt 0.19642 0.08513
vt 0.18436 0.08381
vt 0.20534 0.08303
vt 0.20993 0.08218
vt 0.21347 0.08019
vt 0.21724 0.07878
vt 0.21437 0.08161
vt 0.22260 0.07718
vt 0.22574 0.07651
vt 0.22544 0.07419
vt 0.22680 0.07504
vt 0.20917 0.08434
vt 0.17066 0.08464
vt 0.20538 0.08542
vt 0.16037 0.08382
vt 0.15315 0.08294
vt 0.15170 0.07933
vt 0.14687 0.07863
vt 0.19059 0.08564
vt 0.14472 0.07539
vt 0.14223 0.07665
vt 0.13868 0.07441
vt 0.13371 0.07491
vt 0.13152 0.07243
vt 0.12613 0.07306
vt 0.18030 0.08548
vt 0.13818 0.07777
vt 0.13106 0.07735
vt 0.12580 0.07499
vt 0.11969 0.07259
vt 0.11694 0.06929
vt 0.11209 0.06972
vt 0.10607 0.06752
vt 0.45104 0.73996
vt 0.45007 0.73836
vt 0.44717 0.73921
vt 0.44943 0.74072
vt 0.45284 0.74229
vt 0.45058 0.74244
vt 0.44542 0.74107
vt 0.44304 0.73896
vt 0.43842 0.74153
vt 0.44762 0.74281
vt 0.43928 0.73903
vt 0.43297 0.73994
vt 0.43002 0.74147
vt 0.42759 0.73878
vt 0.42537 0.74110
vt 0.42342 0.73836
vt 0.42217 0.74088
vt 0.42732 0.74355
vt 0.43504 0.74355
vt 0.42373 0.74334
vt 0.42508 0.74571
vt 0.44382 0.74366
vt 0.42751 0.74605
vt 0.43055 0.74567
vt 0.42299 0.74531
vt 0.42006 0.74724
vt 0.41844 0.74505
vt 0.41747 0.74666
vt 0.41761 0.74176
vt 0.41198 0.74507
vt 0.41089 0.74717
vt 0.40689 0.74472
vt 0.42860 0.74737
vt 0.40655 0.74694
vt 0.41216 0.74263
vt 0.45281 0.74372
vt 0.45816 0.74355
vt 0.44926 0.74473
vt 0.44776 0.74639
vt 0.44293 0.74561
vt 0.43827 0.74544
vt 0.45363 0.74622
vt 0.45882 0.74518
vt 0.43305 0.74728
vt 0.42929 0.74862
vt 0.46371 0.74516
vt 0.46580 0.74734
vt 0.46673 0.74653
vt 0.46806 0.74819
vt 0.73164 0.64727
vt 0.73292 0.65110
vt 0.73082 0.65293
vt 0.73559 0.64656
vt 0.73271 0.65510
vt 0.72989 0.65716
vt 0.73446 0.64425
vt 0.73632 0.64216
vt 0.73462 0.64137
vt 0.73678 0.63802
vt 0.73146 0.65935
vt 0.73850 0.64158
vt 0.74069 0.63518
vt 0.73849 0.63394
vt 0.74091 0.63181
vt 0.74241 0.63274
vt 0.73711 0.64988
vt 0.73713 0.76784
vt 0.74054 0.76485
vt 0.74260 0.77037
vt 0.73469 0.76091
vt 0.73915 0.75897
vt 0.73371 0.75552
vt 0.73767 0.75402
vt 0.73382 0.74875
vt 0.74049 0.75456
vt 0.73877 0.74907
vt 0.74251 0.76128
vt 0.73703 0.74414
vt 0.74409 0.76653
vt 0.73054 0.74286
vt 0.73300 0.73922
vt 0.73715 0.73761
vt 0.73268 0.73299
vt 0.73705 0.72941
vt 0.73410 0.72831
vt 0.73029 0.72655
vt 0.73710 0.72470
vt 0.73401 0.72241
vt 0.73161 0.71866
vt 0.72947 0.73625
vt 0.72860 0.72944
vt 0.72778 0.72394
vt 0.72968 0.74860
vt 0.73040 0.75466
vt 0.73314 0.76515
vt 0.72801 0.75413
vt 0.72821 0.74140
vt 0.72944 0.76154
vt 0.72757 0.71945
vt 0.73049 0.71658
vt 0.73462 0.71234
vt 0.73352 0.70974
vt 0.73832 0.70517
vt 0.73646 0.70178
vt 0.74017 0.69546
vt 0.73718 0.69627
vt 0.74002 0.68767
vt 0.74227 0.68513
vt 0.74109 0.68143
vt 0.73877 0.68367
vt 0.74056 0.67787
vt 0.74239 0.67550
vt 0.73550 0.71527
vt 0.72923 0.76722
vt 0.73704 0.69103
vt 0.73876 0.67744
vt 0.72792 0.71406
vt 0.73134 0.70783
vt 0.72733 0.76178
vt 0.72713 0.76752
vt 0.73478 0.69771
vt 0.72666 0.73366
vt 0.72496 0.72866
vt 0.72519 0.74724
vt 0.72603 0.75494
vt 0.72459 0.74239
vt 0.72591 0.71777
vt 0.74079 0.67388
vt 0.74450 0.66989
vt 0.74400 0.66767
vt 0.74683 0.66518
vt 0.74718 0.66705
vt 0.72549 0.73851
vt 0.72798 0.70554
vt 0.73001 0.69687
vt 0.72552 0.69911
vt 0.72728 0.69437
vt 0.73062 0.69093
vt 0.72798 0.68834
vt 0.73077 0.68274
vt 0.73366 0.68377
vt 0.73422 0.67839
vt 0.73171 0.67659
vt 0.72849 0.67799
vt 0.73424 0.68961
vt 0.73611 0.68296
vt 0.73015 0.67348
vt 0.72727 0.68272
vt 0.73453 0.67489
vt 0.72510 0.70622
vt 0.72322 0.73460
vt 0.72509 0.71291
vt 0.72500 0.72221
vt 0.73360 0.67180
vt 0.73177 0.66833
vt 0.72900 0.67012
vt 0.73030 0.66474
vt 0.73286 0.66293
vt 0.73383 0.65856
vt 0.72902 0.66062
vt 0.74638 0.67045
vt 0.74493 0.67385
vt 0.72756 0.67482
vt 0.73670 0.67665
vt 0.72210 0.72774
vt 0.74437 0.66496
vt 0.73540 0.66063
vt 0.72750 0.66853
vt 0.73446 0.66602
vt 0.73517 0.66913
vt 0.74379 0.67939
vt 0.72592 0.69103
vt 0.73586 0.67171
vt 0.73586 0.65638
vt 0.74928 0.66310
vt 0.72278 0.71809
vt 0.74697 0.66053
vt 0.72494 0.76205
vt 0.74006 0.66973
vt 0.73701 0.67171
vt 0.74173 0.66488
vt 0.72743 0.65836
vt 0.72729 0.66304
vt 0.74352 0.66197
vt 0.74603 0.65836
vt 0.74904 0.65342
vt 0.73765 0.66828
vt 0.73851 0.66493
vt 0.73633 0.66882
vt 0.74507 0.65663
vt 0.74741 0.65149
vt 0.74937 0.64870
vt 0.43601 0.08393
vt 0.43752 0.08093
vt 0.43470 0.08260
vt 0.43223 0.08354
vt 0.43974 0.08230
vt 0.44205 0.08041
vt 0.43375 0.08131
vt 0.44133 0.08291
vt 0.44378 0.08108
vt 0.44610 0.07966
vt 0.44594 0.08102
vt 0.44845 0.07929
vt 0.43231 0.08564
vt 0.42773 0.08451
vt 0.42728 0.08254
vt 0.42023 0.08456
vt 0.41890 0.08199
vt 0.41580 0.08291
vt 0.42374 0.08096
vt 0.42953 0.07977
vt 0.44076 0.07929
vt 0.43362 0.07997
vt 0.43521 0.07920
vt 0.44573 0.07888
vt 0.43705 0.07879
vt 0.42176 0.07954
vt 0.41559 0.07956
vt 0.41440 0.08125
vt 0.42590 0.07846
vt 0.44799 0.07813
vt 0.43183 0.07846
vt 0.41128 0.07939
vt 0.41724 0.07774
vt 0.44651 0.07774
vt 0.44081 0.07823
vt 0.44992 0.07820
vt 0.64256 0.18839
vt 0.63980 0.18611
vt 0.63709 0.18776
vt 0.63947 0.18983
vt 0.63642 0.18941
vt 0.63271 0.18675
vt 0.63000 0.18870
vt 0.63461 0.18539
vt 0.62942 0.18701
vt 0.62904 0.18417
vt 0.62547 0.18572
vt 0.62646 0.18423
vt 0.64130 0.19080
vt 0.62263 0.18722
vt 0.63820 0.19140
vt 0.64751 0.18776
vt 0.64601 0.18614
vt 0.64951 0.18588
vt 0.64984 0.18414
vt 0.65283 0.18420
vt 0.65409 0.18225
vt 0.64305 0.18590
vt 0.63744 0.18414
vt 0.63152 0.18387
vt 0.62591 0.18189
vt 0.62485 0.18444
vt 0.65497 0.18231
vt 0.65474 0.18114
vt 0.62295 0.18569
vt 0.63300 0.19085
vt 0.63428 0.18363
vt 0.63986 0.18411
vt 0.64514 0.18416
vt 0.62929 0.18114
vt 0.65191 0.18224
vt 0.64806 0.18320
vt 0.37553 0.62043
vt 0.37973 0.61822
vt 0.37619 0.61681
vt 0.37875 0.62073
vt 0.37342 0.61822
vt 0.37404 0.62076
vt 0.84537 0.00750
vt 0.84445 0.00599
vt 0.84005 0.00761
vt 0.84661 0.00614
vt 0.84641 0.00815
vt 0.83985 0.00592
vt 0.83399 0.00614
vt 0.84391 0.00908
vt 0.49076 0.14180
vt 0.49587 0.14265
vt 0.49458 0.14112
vt 0.49035 0.14014
vt 0.50045 0.14306
vt 0.48949 0.14055
vt 0.50208 0.14128
vt 0.50492 0.14390
vt 0.50585 0.14244
vt 0.50851 0.14463
vt 0.50351 0.14511
vt 0.48930 0.14276
vt 0.49953 0.14455
vt 0.49244 0.14347
vt 0.50967 0.14730
vt 0.51355 0.14678
vt 0.51296 0.14951
vt 0.51651 0.14920
vt 0.50712 0.16159
vt 0.50937 0.16121
vt 0.50814 0.16045
vt 0.50971 0.16014
vt 0.51876 0.17436
vt 0.52372 0.17177
vt 0.51869 0.17194
vt 0.52209 0.17431
vt 0.51947 0.17668
vt 0.52960 0.17242
vt 0.52149 0.17754
vt 0.52631 0.17566
vt 0.52785 0.16986
vt 0.51787 0.17965
vt 0.51483 0.17919
vt 0.51441 0.18104
vt 0.50956 0.18057
vt 0.51021 0.18204
vt 0.51661 0.17607
vt 0.51330 0.17813
vt 0.53190 0.16638
vt 0.51688 0.17343
vt 0.51637 0.17151
vt 0.53091 0.17503
vt 0.53639 0.16881
vt 0.53770 0.16452
vt 0.52287 0.17014
vt 0.54444 0.16517
vt 0.54356 0.16039
vt 0.54943 0.16097
vt 0.54675 0.15721
vt 0.54358 0.15610
vt 0.55084 0.16386
vt 0.55732 0.15965
vt 0.55257 0.15671
vt 0.55650 0.15475
vt 0.56111 0.15601
vt 0.53754 0.15989
vt 0.53241 0.16219
vt 0.54013 0.15723
vt 0.53466 0.15705
vt 0.53159 0.15882
vt 0.52864 0.15562
vt 0.52467 0.15861
vt 0.52104 0.15532
vt 0.51745 0.15624
vt 0.51958 0.15884
vt 0.55669 0.16481
vt 0.55968 0.16260
vt 0.56246 0.15994
vt 0.52343 0.16114
vt 0.51832 0.16058
vt 0.51530 0.15835
vt 0.54286 0.16871
vt 0.51000 0.15743
vt 0.51031 0.15555
vt 0.50393 0.15517
vt 0.55100 0.16724
vt 0.52952 0.16456
vt 0.53700 0.15521
vt 0.56538 0.15694
vt 0.56756 0.15924
vt 0.50246 0.15694
vt 0.50070 0.15509
vt 0.53773 0.17127
vt 0.56687 0.16145
vt 0.52532 0.16739
vt 0.57442 0.15964
vt 0.57393 0.15716
vt 0.57806 0.15803
vt 0.58244 0.15566
vt 0.58539 0.15686
vt 0.58956 0.15401
vt 0.59212 0.15562
vt 0.59612 0.15416
vt 0.59476 0.15688
vt 0.59980 0.15467
vt 0.59011 0.15838
vt 0.58756 0.15944
vt 0.58347 0.16067
vt 0.51677 0.15409
vt 0.52241 0.16331
vt 0.52330 0.16572
vt 0.51778 0.16457
vt 0.51750 0.16629
vt 0.51325 0.16459
vt 0.50952 0.16697
vt 0.51158 0.18327
vt 0.51769 0.16241
vt 0.50840 0.16469
vt 0.50232 0.16834
vt 0.50690 0.16882
vt 0.50142 0.17007
vt 0.49963 0.16987
vt 0.50301 0.16592
vt 0.51075 0.16848
vt 0.49865 0.16772
vt 0.50639 0.18338
vt 0.51463 0.16878
vt 0.51906 0.16956
vt 0.50709 0.18462
vt 0.51569 0.16011
vt 0.51430 0.16153
vt 0.49767 0.16903
vt 0.51243 0.16001
vt 0.51381 0.16068
vt 0.50430 0.15379
vt 0.50086 0.15392
vt 0.51091 0.15388
vt 0.50017 0.16526
vt 0.50569 0.15955
vt 0.50097 0.18587
vt 0.50130 0.18404
vt 0.49768 0.18569
vt 0.50011 0.15853
vt 0.49738 0.18442
vt 0.49713 0.15779
vt 0.49283 0.16810
vt 0.49377 0.15622
vt 0.50547 0.17043
vt 0.51475 0.17548
vt 0.48857 0.15826
vt 0.48705 0.15653
vt 0.50409 0.18188
vt 0.49651 0.18556
vt 0.49682 0.17124
vt 0.49539 0.16970
vt 0.49241 0.17175
vt 0.49149 0.17008
vt 0.48759 0.17131
vt 0.48635 0.16910
vt 0.48248 0.17022
vt 0.48033 0.17209
vt 0.51008 0.17830
vt 0.49894 0.18293
vt 0.48088 0.16912
vt 0.47703 0.17024
vt 0.47669 0.17172
vt 0.47748 0.17296
vt 0.51508 0.17281
vt 0.47531 0.16999
vt 0.47516 0.16836
vt 0.49631 0.18361
vt 0.57445 0.15101
vt 0.57053 0.15207
vt 0.57520 0.15376
vt 0.56967 0.15614
vt 0.58040 0.15108
vt 0.58311 0.15390
vt 0.59017 0.14973
vt 0.59411 0.15068
vt 0.59810 0.15188
vt 0.60396 0.14812
vt 0.60380 0.15160
vt 0.61126 0.14778
vt 0.60751 0.15191
vt 0.56610 0.15389
vt 0.56084 0.15372
vt 0.55441 0.15177
vt 0.55127 0.15346
vt 0.54530 0.15027
vt 0.54214 0.15296
vt 0.53642 0.14790
vt 0.54316 0.14749
vt 0.55142 0.14873
vt 0.53353 0.15046
vt 0.52553 0.14777
vt 0.52721 0.15073
vt 0.53075 0.14531
vt 0.53915 0.14516
vt 0.52351 0.14571
vt 0.52257 0.15145
vt 0.51988 0.14841
vt 0.51925 0.14568
vt 0.51864 0.15076
vt 0.51575 0.14563
vt 0.51562 0.15059
vt 0.51072 0.14394
vt 0.60384 0.15464
vt 0.51404 0.78975
vt 0.51664 0.79203
vt 0.51449 0.79281
vt 0.51147 0.79127
vt 0.51144 0.79310
vt 0.51259 0.78932
vt 0.51311 0.79438
vt 0.51507 0.78887
vt 0.51557 0.79440
vt 0.51664 0.78953
vt 0.51696 0.79385
vt 0.67705 0.02920
vt 0.68198 0.02839
vt 0.67699 0.02777
vt 0.67410 0.02784
vt 0.67876 0.03039
vt 0.67399 0.02898
vt 0.68379 0.03029
vt 0.68494 0.02773
vt 0.67311 0.02773
vt 0.67364 0.02689
vt 0.67625 0.02644
vt 0.68177 0.02746
vt 0.01104 0.81212
vt 0.00986 0.80879
vt 0.01166 0.80907
vt 0.01222 0.81413
vt 0.01006 0.80422
vt 0.01137 0.80411
vt 0.01222 0.80078
vt 0.01022 0.80084
vt 0.01145 0.79755
vt 0.59678 0.97339
vt 0.59700 0.97570
vt 0.59513 0.97476
vt 0.59527 0.97648
vt 0.59461 0.97277
vt 0.59820 0.97571
vt 0.59861 0.97277
vt 0.59672 0.97773
vt 0.59897 0.97763
vt 0.59345 0.97908
vt 0.69110 0.99432
vt 0.69096 0.99645
vt 0.69332 0.99486
vt 0.69286 0.99332
vt 0.69002 0.99277
vt 0.68967 0.99519
vt 0.69523 0.99370
vt 0.69560 0.99481
vt 0.69702 0.99490
vt 0.69756 0.99277
vt 0.69554 0.99250
vt 0.04994 0.92448
vt 0.05041 0.92640
vt 0.05114 0.92501
vt 0.05122 0.92309
vt 0.04904 0.92237
vt 0.04871 0.92548
vt 0.05233 0.92597
vt 0.05294 0.92409
vt 0.05098 0.92866
vt 0.04952 0.92859
vt 0.04757 0.93198
vt 0.05000 0.93168
vt 0.04719 0.93578
vt 0.04562 0.93545
vt 0.04397 0.93742
vt 0.00953 0.93286
vt 0.00907 0.93353
vt 0.01071 0.93454
vt 0.01152 0.93410
vt 0.01429 0.93667
vt 0.01432 0.93500
vt 0.01606 0.93683
vt 0.01732 0.93826
vt 0.02050 0.93876
vt 0.01863 0.93697
vt 0.02302 0.93842
vt 0.02540 0.93931
vt 0.01671 0.93529
vt 0.02251 0.93678
vt 0.02639 0.93749
vt 0.11020 0.92230
vt 0.11473 0.92013
vt 0.10691 0.92028
vt 0.09964 0.92267
vt 0.11645 0.92292
vt 0.12250 0.92096
vt 0.10201 0.92496
vt 0.09473 0.92755
vt 0.11104 0.92460
vt 0.10549 0.92578
vt 0.09324 0.92611
vt 0.09408 0.92208
vt 0.08964 0.92845
vt 0.09223 0.92361
vt 0.08773 0.92638
vt 0.08918 0.92420
vt 0.08575 0.92247
vt 0.11978 0.92473
vt 0.08459 0.92879
vt 0.11334 0.92629
vt 0.09907 0.92868
vt 0.10709 0.92746
vt 0.08231 0.92535
vt 0.09347 0.93024
vt 0.08920 0.93102
vt 0.07960 0.92724
vt 0.11058 0.92810
vt 0.07476 0.92279
vt 0.08244 0.93108
vt 0.10473 0.92895
vt 0.11695 0.92760
vt 0.12248 0.92653
vt 0.12490 0.92462
vt 0.12495 0.92271
vt 0.13025 0.92379
vt 0.13141 0.92144
vt 0.13652 0.92308
vt 0.12981 0.92581
vt 0.07811 0.92866
vt 0.07450 0.92507
vt 0.07292 0.92668
vt 0.06782 0.92378
vt 0.09817 0.93129
vt 0.10532 0.93110
vt 0.07737 0.93106
vt 0.09404 0.93290
vt 0.12470 0.92938
vt 0.13102 0.92823
vt 0.07093 0.92863
vt 0.06255 0.92374
vt 0.06196 0.92122
vt 0.05807 0.91971
vt 0.08740 0.93420
vt 0.11830 0.93185
vt 0.11256 0.92976
vt 0.11242 0.93418
vt 0.12127 0.93375
vt 0.13196 0.93173
vt 0.13718 0.92784
vt 0.08261 0.93421
vt 0.09923 0.93546
vt 0.05695 0.92137
vt 0.05897 0.92365
vt 0.05893 0.91800
vt 0.05539 0.91883
vt 0.05555 0.91680
vt 0.05339 0.91587
vt 0.05283 0.91736
vt 0.05024 0.91493
vt 0.05000 0.91724
vt 0.04747 0.91507
vt 0.04465 0.91337
vt 0.04371 0.91444
vt 0.04216 0.91299
vt 0.05291 0.91936
vt 0.04107 0.91386
vt 0.04637 0.91685
vt 0.05420 0.92261
vt 0.05487 0.92550
vt 0.05730 0.92755
vt 0.05461 0.93110
vt 0.05247 0.92878
vt 0.05220 0.93479
vt 0.04863 0.93804
vt 0.05193 0.93898
vt 0.04780 0.94141
vt 0.04486 0.94011
vt 0.04162 0.94065
vt 0.04292 0.94278
vt 0.03921 0.94209
vt 0.03513 0.94017
vt 0.03478 0.94244
vt 0.03122 0.94123
vt 0.02981 0.93957
vt 0.03922 0.93864
vt 0.02706 0.94076
vt 0.03080 0.93856
vt 0.04324 0.91140
vt 0.04206 0.91554
vt 0.04049 0.91197
vt 0.04861 0.91910
vt 0.05143 0.92234
vt 0.03577 0.93823
vt 0.02391 0.94137
vt 0.04590 0.91175
vt 0.02742 0.94234
vt 0.06778 0.92154
vt 0.04077 0.91042
vt 0.06321 0.91946
vt 0.05615 0.91555
vt 0.05415 0.91413
vt 0.35804 0.85480
vt 0.35631 0.85277
vt 0.35581 0.85415
vt 0.35393 0.85309
vt 0.35596 0.85137
vt 0.35371 0.85475
vt 0.35910 0.85225
vt 0.35935 0.85122
vt 0.36126 0.85137
vt 0.36159 0.85228
vt 0.35688 0.85693
vt 0.35797 0.85587
vt 0.36148 0.85912
vt 0.67314 0.58163
vt 0.67468 0.58111
vt 0.67344 0.57947
vt 0.67465 0.57814
vt 0.67254 0.57826
vt 0.67465 0.58366
vt 0.67232 0.57933
vt 0.92357 0.80195
vt 0.92297 0.80112
vt 0.92107 0.80229
vt 0.92410 0.80066
vt 0.92012 0.80033
vt 0.92271 0.79925
vt 0.91956 0.79782
vt 0.91838 0.79953
vt 0.91937 0.80152
vt 0.92368 0.79873
vt 0.92163 0.79755
vt 0.92468 0.79953
vt 0.10036 0.99724
vt 0.10029 0.99858
vt 0.10213 0.99882
vt 0.09819 0.99882
vt 0.36049 0.72033
vt 0.35965 0.71997
vt 0.35941 0.72129
vt 0.36012 0.72243
vt 0.35804 0.72209
vt 0.35767 0.72451
vt 0.35562 0.72233
vt 0.35285 0.72533
vt 0.35046 0.72246
vt 0.35493 0.72821
vt 0.36019 0.72820
vt 0.35731 0.73027
vt 0.36134 0.73002
vt 0.35088 0.72777
vt 0.34542 0.72451
vt 0.34447 0.72127
vt 0.34828 0.72094
vt 0.33995 0.72093
vt 0.34191 0.71942
vt 0.33628 0.71954
vt 0.33994 0.72437
vt 0.33557 0.72253
vt 0.35451 0.73074
vt 0.36598 0.73019
vt 0.36605 0.72863
vt 0.37079 0.72972
vt 0.33764 0.72535
vt 0.35079 0.73017
vt 0.34707 0.72853
vt 0.34221 0.72616
vt 0.36981 0.73204
vt 0.37484 0.73090
vt 0.37517 0.72837
vt 0.37935 0.73065
vt 0.37886 0.72888
vt 0.38174 0.72940
vt 0.38248 0.73056
vt 0.38603 0.72766
vt 0.38778 0.72837
vt 0.39206 0.72501
vt 0.39260 0.72658
vt 0.39509 0.72395
vt 0.38006 0.72527
vt 0.37743 0.72548
vt 0.37818 0.72702
vt 0.38180 0.72731
vt 0.38281 0.72518
vt 0.38768 0.72511
vt 0.37395 0.72618
vt 0.39167 0.72334
vt 0.39494 0.72234
vt 0.39738 0.72174
vt 0.39812 0.71954
vt 0.39633 0.72039
vt 0.36806 0.72678
vt 0.37020 0.72517
vt 0.36657 0.72399
vt 0.36168 0.72505
vt 0.36227 0.72283
vt 0.37368 0.72384
vt 0.36434 0.72205
vt 0.36967 0.72271
vt 0.37846 0.72323
vt 0.38101 0.72305
vt 0.39866 0.71999
vt 0.38295 0.72304
vt 0.76694 0.84383
vt 0.76706 0.84475
vt 0.76572 0.84383
vt 0.76619 0.84280
vt 0.76794 0.84324
vt 0.76687 0.83337
vt 0.76979 0.83676
vt 0.76715 0.83886
vt 0.76852 0.84118
vt 0.76995 0.84292
vt 0.76767 0.82907
vt 0.76543 0.82702
vt 0.76684 0.82411
vt 0.76521 0.82217
vt 0.76802 0.84315
vt 0.76929 0.84466
vt 0.77090 0.84511
vt 0.76736 0.81817
vt 0.76574 0.81731
vt 0.76694 0.84128
vt 0.76831 0.84633
vt 0.76759 0.84227
vt 0.76616 0.84662
vt 0.76695 0.84807
vt 0.77007 0.84597
vt 0.76660 0.84193
vt 0.76501 0.83215
vt 0.76410 0.83611
vt 0.76340 0.83214
vt 0.76423 0.83980
vt 0.76568 0.84216
vt 0.76346 0.82668
vt 0.76301 0.82246
vt 0.76489 0.81390
vt 0.76772 0.81191
vt 0.76614 0.81120
vt 0.76797 0.81438
vt 0.76199 0.83450
vt 0.76995 0.81260
vt 0.76130 0.83130
vt 0.76065 0.83715
vt 0.76477 0.81097
vt 0.76324 0.81404
vt 0.76125 0.82070
vt 0.32473 0.25394
vt 0.32610 0.25361
vt 0.32552 0.25296
vt 0.32293 0.25435
vt 0.32269 0.25333
vt 0.32018 0.25492
vt 0.31636 0.25415
vt 0.31898 0.25342
vt 0.31699 0.25629
vt 0.31429 0.25543
vt 0.31047 0.25508
vt 0.31228 0.25749
vt 0.30897 0.25676
vt 0.30767 0.25485
vt 0.30951 0.25348
vt 0.30963 0.25848
vt 0.30639 0.25296
vt 0.32209 0.25542
vt 0.93415 0.25454
vt 0.93494 0.25454
vt 0.93478 0.25612
vt 0.28966 0.63496
vt 0.29020 0.63607
vt 0.28876 0.63524
vt 0.29009 0.63749
vt 0.28900 0.63725
vt 0.29036 0.64012
vt 0.28854 0.64049
vt 0.28957 0.64334
vt 0.28776 0.64613
vt 0.28932 0.64800
vt 0.28746 0.65155
vt 0.28889 0.65254
vt 0.28888 0.65407
vt 0.29083 0.64425
vt 0.29082 0.65316
vt 0.29058 0.64844
vt 0.29020 0.65541
vt 0.29203 0.64013
vt 0.29203 0.65549
vt 0.29208 0.64446
vt 0.29220 0.64950
vt 0.29298 0.65300
vt 0.20859 0.87165
vt 0.20806 0.86990
vt 0.20769 0.87090
vt 0.21017 0.87046
vt 0.20544 0.87216
vt 0.20468 0.87075
vt 0.20245 0.87253
vt 0.20154 0.87036
vt 0.19961 0.87175
vt 0.20501 0.86938
vt 0.19633 0.86998
vt 0.19371 0.87233
vt 0.19046 0.87046
vt 0.18809 0.35848
vt 0.18770 0.35399
vt 0.18651 0.36007
vt 0.18761 0.36378
vt 0.18652 0.36616
vt 0.18770 0.36819
vt 0.71275 0.64365
vt 0.71205 0.64150
vt 0.71506 0.63975
vt 0.71873 0.54502
vt 0.72109 0.54324
vt 0.72227 0.54938
vt 0.72108 0.55204
vt 0.71905 0.55227
vt 0.72381 0.55479
vt 0.72141 0.55722
vt 0.72015 0.56229
vt 0.72457 0.54869
vt 0.72220 0.56359
vt 0.72085 0.57094
vt 0.72350 0.57204
vt 0.72299 0.57862
vt 0.72474 0.58015
vt 0.72241 0.58467
vt 0.72421 0.56042
vt 0.72531 0.56490
vt 0.72532 0.56945
vt 0.72612 0.57485
vt 0.72752 0.58179
vt 0.72105 0.57785
vt 0.71335 0.54382
vt 0.71631 0.54860
vt 0.71270 0.54937
vt 0.71466 0.55576
vt 0.71691 0.55390
vt 0.72441 0.58753
vt 0.72247 0.58936
vt 0.71732 0.56073
vt 0.71872 0.56606
vt 0.72044 0.58594
vt 0.71880 0.57519
vt 0.72484 0.59447
vt 0.72191 0.59453
vt 0.71974 0.58198
vt 0.72015 0.58941
vt 0.72076 0.60014
vt 0.72398 0.59887
vt 0.72323 0.60473
vt 0.71960 0.60790
vt 0.72190 0.61229
vt 0.71932 0.61773
vt 0.72180 0.61798
vt 0.72065 0.62243
vt 0.71847 0.62335
vt 0.71952 0.62525
vt 0.71951 0.62890
vt 0.71798 0.62937
vt 0.71749 0.63278
vt 0.71584 0.63365
vt 0.71396 0.63871
vt 0.63446 0.51330
vt 0.63210 0.51344
vt 0.63399 0.51026
vt 0.63399 0.51500
vt 0.65733 0.35083
vt 0.65891 0.34958
vt 0.65733 0.34767
vt 0.04219 0.59202
vt 0.04123 0.59471
vt 0.04062 0.59333
vt 0.04123 0.59155
vt 0.38683 0.42739
vt 0.38762 0.42739
vt 0.38716 0.42897
vt 0.38155 0.50698
vt 0.38326 0.49467
vt 0.38770 0.49939
vt 0.38972 0.49409
vt 0.39212 0.49666
vt 0.39544 0.49996
vt 0.39703 0.49502
vt 0.39835 0.49094
vt 0.40203 0.49144
vt 0.40218 0.49669
vt 0.40160 0.49931
vt 0.39665 0.50237
vt 0.40205 0.50054
vt 0.40733 0.49708
vt 0.40757 0.49893
vt 0.41275 0.49642
vt 0.40814 0.49321
vt 0.41093 0.48942
vt 0.41658 0.49250
vt 0.38903 0.50365
vt 0.38934 0.50570
vt 0.41654 0.48911
vt 0.42013 0.48769
vt 0.42346 0.49031
vt 0.42323 0.49321
vt 0.42781 0.49346
vt 0.42853 0.49123
vt 0.42789 0.48905
vt 0.43538 0.49189
vt 0.43542 0.48960
vt 0.44045 0.49087
vt 0.43855 0.48826
vt 0.44306 0.49309
vt 0.43036 0.48620
vt 0.43534 0.48544
vt 0.42880 0.48421
vt 0.44453 0.48617
vt 0.44580 0.49101
vt 0.43228 0.49330
vt 0.42477 0.48729
vt 0.41935 0.49514
vt 0.44694 0.48880
vt 0.45111 0.49092
vt 0.45382 0.49262
vt 0.45958 0.49049
vt 0.46286 0.49141
vt 0.46687 0.48957
vt 0.46878 0.49149
vt 0.47120 0.48940
vt 0.47584 0.49154
vt 0.47475 0.48973
vt 0.47987 0.49157
vt 0.48111 0.49309
vt 0.48480 0.49334
vt 0.48452 0.49519
vt 0.48812 0.49570
vt 0.48852 0.49792
vt 0.49240 0.49924
vt 0.49511 0.49915
vt 0.49650 0.50150
vt 0.49877 0.50177
vt 0.49826 0.50383
vt 0.49706 0.50333
vt 0.49967 0.50212
vt 0.42383 0.48520
vt 0.44890 0.49379
vt 0.45167 0.23773
vt 0.45443 0.23446
vt 0.45906 0.23669
vt 0.46413 0.23409
vt 0.46816 0.23568
vt 0.46985 0.23317
vt 0.47407 0.23556
vt 0.47231 0.23071
vt 0.47826 0.23371
vt 0.47959 0.23030
vt 0.47912 0.22614
vt 0.48578 0.22654
vt 0.48829 0.22858
vt 0.49352 0.22528
vt 0.49296 0.22315
vt 0.48767 0.22355
vt 0.49711 0.22704
vt 0.49936 0.22508
vt 0.49531 0.22175
vt 0.50289 0.22716
vt 0.49343 0.22919
vt 0.48792 0.23150
vt 0.49100 0.23391
vt 0.49976 0.23187
vt 0.50077 0.23382
vt 0.50519 0.23406
vt 0.50693 0.23152
vt 0.47031 0.22766
vt 0.46470 0.23104
vt 0.50041 0.22865
vt 0.45949 0.23135
vt 0.51254 0.22971
vt 0.48208 0.22389
vt 0.48951 0.22131
vt 0.50992 0.23491
vt 0.51479 0.23191
vt 0.44953 0.23189
vt 0.52098 0.23128
vt 0.52368 0.23432
vt 0.52668 0.23141
vt 0.53043 0.23416
vt 0.53124 0.23160
vt 0.53711 0.23390
vt 0.53463 0.23957
vt 0.54141 0.24131
vt 0.53778 0.24373
vt 0.52977 0.24111
vt 0.53521 0.22946
vt 0.54257 0.23163
vt 0.54239 0.22780
vt 0.54275 0.23586
vt 0.52754 0.23714
vt 0.54648 0.23337
vt 0.54803 0.22666
vt 0.53685 0.22645
vt 0.52350 0.23855
vt 0.54468 0.24557
vt 0.54927 0.23289
vt 0.54137 0.22402
vt 0.54570 0.22366
vt 0.54488 0.22154
vt 0.54863 0.22105
vt 0.52740 0.22900
vt 0.54668 0.24428
vt 0.54544 0.21806
vt 0.54919 0.21647
vt 0.54843 0.21359
vt 0.55131 0.21432
vt 0.55166 0.21892
vt 0.55274 0.22396
vt 0.55406 0.21627
vt 0.53269 0.22591
vt 0.54040 0.22203
vt 0.54991 0.21081
vt 0.55173 0.21166
vt 0.55244 0.22876
vt 0.55528 0.22408
vt 0.54646 0.23945
vt 0.54790 0.24259
vt 0.54916 0.24596
vt 0.54886 0.23661
vt 0.55099 0.24372
vt 0.55296 0.23220
vt 0.55156 0.23534
vt 0.55383 0.23341
vt 0.55409 0.23513
vt 0.55434 0.23868
vt 0.55186 0.23862
vt 0.55478 0.24131
vt 0.51755 0.23588
vt 0.55045 0.24665
vt 0.54931 0.24063
vt 0.55183 0.20936
vt 0.55601 0.24087
vt 0.55543 0.23170
vt 0.55512 0.22940
vt 0.55545 0.22602
vt 0.56106 0.23139
vt 0.55709 0.22761
vt 0.55856 0.22508
vt 0.56025 0.22935
vt 0.47410 0.22431
vt 0.56278 0.22696
vt 0.56609 0.22432
vt 0.56914 0.22561
vt 0.56997 0.22919
vt 0.56385 0.22914
vt 0.56591 0.23091
vt 0.57478 0.22546
vt 0.56689 0.23164
vt 0.56189 0.23205
vt 0.56899 0.23150
vt 0.57086 0.23145
vt 0.57036 0.23235
vt 0.57368 0.22857
vt 0.55406 0.22152
vt 0.55476 0.21914
vt 0.55580 0.22279
vt 0.55278 0.24097
vt 0.46437 0.22668
vt 0.57911 0.22516
vt 0.57496 0.22972
vt 0.55697 0.24204
vt 0.55004 0.20838
vt 0.58005 0.22730
vt 0.45465 0.22795
vt 0.54575 0.21039
vt 0.54534 0.21234
vt 0.54125 0.21175
vt 0.54068 0.21406
vt 0.53838 0.21243
vt 0.55553 0.22065
vt 0.53756 0.21482
vt 0.55235 0.24250
vt 0.55283 0.20718
vt 0.52429 0.33939
vt 0.52336 0.34173
vt 0.52793 0.33868
vt 0.52834 0.33735
vt 0.52957 0.33758
vt 0.52103 0.34145
vt 0.51947 0.34373
vt 0.51687 0.34290
vt 0.51460 0.34451
vt 0.51422 0.34246
vt 0.52933 0.33662
vt 0.50844 0.33662
vt 0.50682 0.33814
vt 0.51098 0.33870
vt 0.50527 0.33970
vt 0.50344 0.33792
vt 0.50047 0.34108
vt 0.50964 0.34017
vt 0.51249 0.34097
vt 0.51431 0.33915
vt 0.49963 0.33873
vt 0.49626 0.34102
vt 0.49471 0.33917
vt 0.49078 0.34116
vt 0.48778 0.33999
vt 0.50456 0.34195
vt 0.50815 0.34222
vt 0.51591 0.34001
vt 0.51745 0.34058
vt 0.50083 0.34329
vt 0.50984 0.34357
vt 0.51239 0.34317
vt 0.50498 0.34381
vt 0.69992 0.26875
vt 0.69992 0.26796
vt 0.69913 0.26866
vt 0.07805 0.22743
vt 0.07715 0.22889
vt 0.08311 0.22875
vt 0.08305 0.23075
vt 0.08871 0.23198
vt 0.07814 0.23081
vt 0.07439 0.22986
vt 0.07517 0.22654
vt 0.07342 0.22836
vt 0.08204 0.23265
vt 0.09024 0.23555
vt 0.09033 0.22971
vt 0.09455 0.23133
vt 0.09337 0.23412
vt 0.08316 0.23471
vt 0.08782 0.23630
vt 0.09489 0.23747
vt 0.09688 0.23606
vt 0.10189 0.23734
vt 0.09859 0.23384
vt 0.07693 0.23364
vt 0.07385 0.23155
vt 0.07986 0.23532
vt 0.07638 0.23527
vt 0.06830 0.23033
vt 0.06899 0.23195
vt 0.07149 0.23390
vt 0.06726 0.23397
vt 0.10434 0.23569
vt 0.10808 0.23775
vt 0.10584 0.23872
vt 0.11082 0.23991
vt 0.10114 0.23831
vt 0.08237 0.23638
vt 0.07289 0.23477
vt 0.06836 0.23554
vt 0.06455 0.23269
vt 0.06349 0.23118
vt 0.10985 0.23506
vt 0.06373 0.23439
vt 0.06053 0.23250
vt 0.06067 0.23530
vt 0.06412 0.23569
vt 0.05690 0.23429
vt 0.05683 0.23137
vt 0.05731 0.23670
vt 0.05339 0.23671
vt 0.05190 0.23417
vt 0.04949 0.23736
vt 0.04697 0.23652
vt 0.05455 0.23147
vt 0.05430 0.23043
vt 0.05087 0.23099
vt 0.05179 0.22905
vt 0.04696 0.23084
vt 0.04913 0.22854
vt 0.04454 0.22737
vt 0.04801 0.22659
vt 0.04510 0.22416
vt 0.04350 0.22468
vt 0.04424 0.23160
vt 0.04832 0.22496
vt 0.04754 0.23349
vt 0.04410 0.22214
vt 0.04211 0.22262
vt 0.04677 0.23912
vt 0.04194 0.22477
vt 0.04179 0.22811
vt 0.04047 0.22637
vt 0.04008 0.22729
vt 0.03898 0.22648
vt 0.03947 0.22788
vt 0.04088 0.22881
vt 0.05769 0.22935
vt 0.04612 0.22146
vt 0.04303 0.22046
vt 0.04482 0.21904
vt 0.04112 0.22068
vt 0.04304 0.21868
vt 0.05126 0.22675
vt 0.04226 0.22995
vt 0.05349 0.23811
vt 0.04450 0.23515
vt 0.04331 0.23709
vt 0.04474 0.23818
vt 0.04260 0.23849
vt 0.04160 0.23818
vt 0.04386 0.23928
vt 0.04208 0.23957
vt 0.04307 0.23390
vt 0.04198 0.21931
vt 0.04088 0.21980
vt 0.04096 0.23135
vt 0.06005 0.23075
vt 0.04998 0.23884
vt 0.06080 0.23692
vt 0.04079 0.23436
vt 0.03996 0.23278
vt 0.03978 0.23397
vt 0.03922 0.23144
vt 0.03857 0.23446
vt 0.03966 0.23552
vt 0.03856 0.23284
vt 0.03935 0.21778
vt 0.03857 0.23506
vt 0.06400 0.23051
vt 0.03869 0.21892
vt 0.03687 0.21746
vt 0.03677 0.21594
vt 0.04437 0.21795
vt 0.04774 0.21916
vt 0.06077 0.22904
vt 0.04028 0.22958
vt 0.03982 0.22909
vt 0.03519 0.21638
vt 0.07213 0.22696
vt 0.07270 0.22592
vt 0.06894 0.22787
vt 0.04197 0.23576
vt 0.03976 0.23036
vt 0.03515 0.21516
vt 0.04078 0.23654
vt 0.03701 0.23228
vt 0.03590 0.23396
vt 0.03350 0.23330
vt 0.03205 0.23506
vt 0.02971 0.23401
vt 0.03084 0.23292
vt 0.02876 0.23491
vt 0.02763 0.23374
vt 0.04247 0.21710
vt 0.06966 0.22581
vt 0.06919 0.22434
vt 0.05702 0.22507
vt 0.03515 0.23509
vt 0.03505 0.23159
vt 0.06412 0.22816
vt 0.03955 0.22961
vt 0.04091 0.22300
vt 0.04060 0.22162
vt 0.04029 0.22514
vt 0.03920 0.22517
vt 0.04047 0.22394
vt 0.06042 0.22618
vt 0.05832 0.22347
vt 0.05466 0.22146
vt 0.05557 0.22010
vt 0.05880 0.22139
vt 0.05551 0.21809
vt 0.06246 0.22462
vt 0.06263 0.22331
vt 0.06136 0.22148
vt 0.05878 0.21940
vt 0.05326 0.21844
vt 0.05165 0.21571
vt 0.05092 0.21669
vt 0.05212 0.21887
vt 0.04904 0.21418
vt 0.04956 0.21317
vt 0.05333 0.21462
vt 0.04611 0.21189
vt 0.04597 0.21060
vt 0.06563 0.22456
vt 0.05703 0.21715
vt 0.06580 0.22623
vt 0.06483 0.22310
vt 0.04961 0.21170
vt 0.02603 0.23487
vt 0.02564 0.23583
vt 0.06250 0.22055
vt 0.02409 0.23451
vt 0.04327 0.21061
vt 0.04280 0.20943
vt 0.04130 0.20995
vt 0.04107 0.20870
vt 0.04047 0.20970
vt 0.04232 0.20826
vt 0.04135 0.20718
vt 0.05345 0.21322
vt 0.05055 0.21057
vt 0.04758 0.20988
vt 0.04445 0.20851
vt 0.03029 0.23200
vt 0.02736 0.23262
vt 0.02140 0.23511
vt 0.03977 0.23653
vt 0.07352 0.22453
vt 0.02162 0.23406
vt 0.02038 0.23422
vt 0.02011 0.23541
vt 0.03852 0.23058
vt 0.02420 0.23379
vt 0.06678 0.22119
vt 0.06215 0.21868
vt 0.05662 0.21519
vt 0.07030 0.22288
vt 0.03898 0.23012
vt 0.04083 0.23770
vt 0.03094 0.24244
vt 0.03121 0.24299
vt 0.03310 0.24197
vt 0.03004 0.24309
vt 0.03053 0.24383
vt 0.03166 0.24347
vt 0.03418 0.24234
vt 0.03450 0.24132
vt 0.03637 0.24153
vt 0.03607 0.24090
vt 0.03768 0.23982
vt 0.03903 0.24056
vt 0.03981 0.23887
vt 0.04086 0.23944
vt 0.03261 0.24123
vt 0.02981 0.24240
vt 0.03458 0.24031
vt 0.03602 0.23949
vt 0.03916 0.23822
vt 0.03709 0.23837
vt 0.03049 0.24171
vt 0.90733 0.65704
vt 0.90496 0.65885
vt 0.90611 0.65556
vt 0.90708 0.65096
vt 0.90509 0.64931
vt 0.90382 0.65107
vt 0.90291 0.64626
vt 0.90452 0.64505
vt 0.90156 0.64444
vt 0.90430 0.65588
vt 0.90183 0.65104
vt 0.90024 0.64610
vt 0.90435 0.66213
vt 0.90608 0.66271
vt 0.90502 0.66545
vt 0.90306 0.66555
vt 0.90484 0.66654
vt 0.90733 0.64571
vt 0.90240 0.66347
vt 0.90259 0.66029
vt 0.90296 0.65795
vt 0.90069 0.66499
vt 0.90091 0.66254
vt 0.72382 0.65004
vt 0.72558 0.65001
vt 0.72368 0.64856
vt 0.72605 0.64823
vt 0.72673 0.64949
vt 0.72457 0.64759
vt 0.72267 0.64759
vt 0.72121 0.64929
vt 0.72237 0.65046
vt 0.72669 0.65123
vt 0.72401 0.65160
vt 0.72527 0.65311
vt 0.72165 0.65166
vt 0.72329 0.65312
vt 0.82106 0.52245
vt 0.82257 0.52209
vt 0.82071 0.52113
vt 0.82386 0.52289
vt 0.82182 0.51945
vt 0.82411 0.51989
vt 0.82557 0.52202
vt 0.82610 0.51977
vt 0.82429 0.51845
vt 0.82545 0.51791
vt 0.82373 0.51736
vt 0.82199 0.51736
vt 0.82058 0.51917
vt 0.01318 0.55980
vt 0.01502 0.55662
vt 0.01484 0.56446
vt 0.01236 0.56805
vt 0.01430 0.57237
vt 0.01236 0.57389
vt 0.01430 0.57738
vt 0.01256 0.57976
vt 0.01371 0.58496
vt 0.01175 0.58558
vt 0.01394 0.59003
vt 0.01486 0.59737
vt 0.01269 0.59232
vt 0.01190 0.59663
vt 0.01335 0.60103
vt 0.01611 0.60469
vt 0.01407 0.60548
vt 0.01718 0.60770
vt 0.01497 0.58191
vt 0.01581 0.58813
vt 0.01675 0.59641
vt 0.01690 0.60235
vt 0.01853 0.60572
vt 0.01535 0.61054
vt 0.01259 0.60875
vt 0.01151 0.60193
vt 0.01424 0.61638
vt 0.01697 0.61740
vt 0.01549 0.62206
vt 0.01797 0.62320
vt 0.01723 0.62696
vt 0.01492 0.62707
vt 0.06024 0.09353
vt 0.06064 0.09143
vt 0.06122 0.09336
vt 0.06349 0.09247
vt 0.06349 0.09072
vt 0.06137 0.08879
vt 0.05901 0.08935
vt 0.05890 0.09270
vt 0.05797 0.09147
vt 0.06247 0.09350
vt 0.06295 0.08895
vt 0.81374 0.84096
vt 0.81017 0.84078
vt 0.81135 0.84875
vt 0.81634 0.84619
vt 0.81386 0.85122
vt 0.81373 0.85661
vt 0.81669 0.85608
vt 0.81785 0.85851
vt 0.81767 0.85110
vt 0.81737 0.84074
vt 0.81670 0.86502
vt 0.81887 0.86727
vt 0.81296 0.86191
vt 0.81212 0.85685
vt 0.81426 0.86641
vt 0.81590 0.87259
vt 0.81862 0.87415
vt 0.81771 0.88080
vt 0.81791 0.84597
vt 0.82002 0.87740
vt 0.82017 0.88192
vt 0.81968 0.88568
vt 0.81811 0.88664
vt 0.82115 0.88639
vt 0.81951 0.88994
vt 0.82103 0.89231
vt 0.82025 0.89594
vt 0.82212 0.89765
vt 0.82155 0.90228
vt 0.81989 0.90015
vt 0.81960 0.90753
vt 0.82250 0.90682
vt 0.82097 0.91213
vt 0.81886 0.91284
vt 0.81992 0.91692
vt 0.81748 0.91728
vt 0.81943 0.92134
vt 0.81705 0.92312
vt 0.81921 0.92539
vt 0.81738 0.92798
vt 0.81854 0.92783
vt 0.81961 0.92918
vt 0.81807 0.93034
vt 0.81769 0.91032
vt 0.81814 0.90188
vt 0.81820 0.90610
vt 0.81677 0.91351
vt 0.81806 0.89716
vt 0.81807 0.89163
vt 0.82056 0.93230
vt 0.81955 0.93465
vt 0.82223 0.93637
vt 0.82174 0.93780
vt 0.82361 0.93977
vt 0.81591 0.92590
vt 0.81582 0.92858
vt 0.81616 0.91911
vt 0.81514 0.92166
vt 0.81639 0.90580
vt 0.81539 0.90911
vt 0.81529 0.91366
vt 0.81629 0.90045
vt 0.81599 0.89396
vt 0.82081 0.93819
vt 0.81784 0.93490
vt 0.81947 0.93867
vt 0.82129 0.94157
vt 0.81443 0.91719
vt 0.82365 0.94222
vt 0.82360 0.94469
vt 0.81341 0.90908
vt 0.81768 0.93221
vt 0.81665 0.93577
vt 0.81337 0.92229
vt 0.81630 0.93227
vt 0.82515 0.94504
vt 0.82622 0.94486
vt 0.82572 0.94594
vt 0.81420 0.92833
vt 0.82637 0.94321
vt 0.81288 0.91713
vt 0.81505 0.93284
vt 0.82768 0.94455
vt 0.81852 0.55961
vt 0.81746 0.55765
vt 0.81901 0.55841
vt 0.81697 0.55438
vt 0.81562 0.55456
vt 0.81532 0.55119
vt 0.81353 0.55111
vt 0.81545 0.55613
vt 0.81405 0.54855
vt 0.81258 0.54689
vt 0.81565 0.54681
vt 0.81436 0.54512
vt 0.81710 0.55866
vt 0.81304 0.54368
vt 0.81510 0.54206
vt 0.81316 0.53986
vt 0.81223 0.54156
vt 0.81780 0.55998
vt 0.81541 0.53475
vt 0.81747 0.53160
vt 0.81743 0.53499
vt 0.81570 0.53059
vt 0.81671 0.52741
vt 0.81805 0.52649
vt 0.81788 0.52406
vt 0.81606 0.52376
vt 0.81901 0.52256
vt 0.81405 0.52553
vt 0.81331 0.52212
vt 0.81329 0.53013
vt 0.81275 0.53301
vt 0.81401 0.53681
vt 0.81677 0.53757
vt 0.81238 0.52574
vt 0.81688 0.52052
vt 0.81088 0.52869
vt 0.81023 0.53403
vt 0.81178 0.53667
vt 0.81556 0.53985
vt 0.81741 0.54058
vt 0.81625 0.54352
vt 0.81032 0.54221
vt 0.81027 0.53937
vt 0.81142 0.54381
vt 0.80984 0.53668
vt 0.80836 0.53343
vt 0.81137 0.54770
vt 0.80800 0.53817
vt 0.80803 0.52804
vt 0.81256 0.55286
vt 0.81369 0.55548
vt 0.80942 0.52518
vt 0.80887 0.54330
vt 0.80656 0.52386
vt 0.81093 0.52303
vt 0.80877 0.52327
vt 0.80673 0.53295
vt 0.80907 0.54693
vt 0.80560 0.52927
vt 0.80639 0.53827
vt 0.80719 0.54304
vt 0.81559 0.55832
vt 0.44320 0.51269
vt 0.44824 0.51339
vt 0.44505 0.51163
vt 0.44220 0.51096
vt 0.43866 0.51165
vt 0.43795 0.51323
vt 0.43589 0.51091
vt 0.43690 0.50996
vt 0.44278 0.51445
vt 0.44922 0.51579
vt 0.45328 0.51325
vt 0.45519 0.51468
vt 0.45978 0.51264
vt 0.46061 0.51415
vt 0.46878 0.51123
vt 0.46732 0.50925
vt 0.47369 0.50800
vt 0.47248 0.51185
vt 0.47595 0.51013
vt 0.46558 0.51481
vt 0.45318 0.51181
vt 0.46005 0.51017
vt 0.43930 0.51003
vt 0.44738 0.51095
vt 0.47220 0.50641
vt 0.47425 0.50611
vt 0.46746 0.50715
vt 0.47575 0.50844
vt 0.43541 0.51012
vt 0.43977 0.50890
vt 0.44415 0.50998
vt 0.43489 0.51160
vt 0.43451 0.51332
vt 0.43253 0.51120
vt 0.43426 0.51045
vt 0.43198 0.50932
vt 0.42744 0.50857
vt 0.42710 0.50663
vt 0.42966 0.51168
vt 0.42564 0.50885
vt 0.42393 0.50585
vt 0.42370 0.50409
vt 0.42232 0.50316
vt 0.46268 0.50653
vt 0.47332 0.50457
vt 0.46989 0.50463
vt 0.45597 0.50865
vt 0.45113 0.50978
vt 0.47534 0.50316
vt 0.43659 0.50862
vt 0.43484 0.50872
vt 0.04519 0.62493
vt 0.04364 0.62931
vt 0.04365 0.62454
vt 0.04510 0.63040
vt 0.04337 0.63178
vt 0.04535 0.63290
vt 0.04525 0.62080
vt 0.04435 0.62018
vt 0.04510 0.61918
vt 0.04194 0.62799
vt 0.04062 0.63214
vt 0.04328 0.63339
vt 0.44742 0.42265
vt 0.44256 0.42238
vt 0.44879 0.42067
vt 0.44222 0.42060
vt 0.45253 0.42265
vt 0.45465 0.42028
vt 0.43730 0.42028
vt 0.99052 0.61083
vt 0.99323 0.61329
vt 0.99087 0.61242
vt 0.99302 0.61595
vt 0.98927 0.60959
vt 0.98930 0.61119
vt 0.99409 0.61448
vt 0.99455 0.61250
vt 0.99617 0.61537
vt 0.99756 0.61982
vt 0.99547 0.62076
vt 0.99374 0.61818
vt 0.99515 0.61277
vt 0.99667 0.61121
vt 0.99524 0.60915
vt 0.99670 0.60635
vt 0.99555 0.60506
vt 0.99697 0.60103
vt 0.99756 0.60329
vt 0.99642 0.60232
vt 0.99803 0.61041
vt 0.99610 0.60105
vt 0.98856 0.61004
vt 0.60340 0.66049
vt 0.60516 0.65627
vt 0.60170 0.65655
vt 0.60055 0.66048
vt 0.60205 0.66490
vt 0.60444 0.66612
vt 0.60387 0.67131
vt 0.60097 0.66800
vt 0.60269 0.67371
vt 0.60528 0.67687
vt 0.60361 0.67777
vt 0.60516 0.68153
vt 0.01443 0.35912
vt 0.01518 0.36223
vt 0.01301 0.36109
vt 0.01397 0.36434
vt 0.01588 0.36748
vt 0.01596 0.35931
vt 0.01720 0.36268
vt 0.01774 0.36839
vt 0.01743 0.37451
vt 0.01548 0.35714
vt 0.01678 0.35772
vt 0.01743 0.35951
vt 0.97798 0.89552
vt 0.97899 0.89090
vt 0.97997 0.89195
vt 0.98051 0.90985
vt 0.97879 0.90840
vt 0.98019 0.90552
vt 0.97739 0.90378
vt 0.97958 0.91469
vt 0.98187 0.91394
vt 0.98149 0.91861
vt 0.98021 0.92031
vt 0.98184 0.92195
vt 0.98226 0.90963
vt 0.98230 0.92092
vt 0.98352 0.92238
vt 0.98457 0.92507
vt 0.97871 0.90069
vt 0.98072 0.90136
vt 0.97673 0.89984
vt 0.98043 0.89539
vt 0.97737 0.89843
vt 0.97794 0.89645
vt 0.98354 0.88936
vt 0.98178 0.88692
vt 0.98370 0.88597
vt 0.98256 0.89588
vt 0.98090 0.88580
vt 0.98292 0.88444
vt 0.98556 0.88200
vt 0.98278 0.90192
vt 0.98280 0.90717
vt 0.98342 0.91750
vt 0.98478 0.89662
vt 0.98620 0.89113
vt 0.98511 0.88677
vt 0.98399 0.91189
vt 0.98368 0.92101
vt 0.98458 0.90179
vt 0.98489 0.92248
vt 0.98620 0.92620
vt 0.24963 0.69834
vt 0.25049 0.70011
vt 0.25323 0.69808
vt 0.25469 0.69931
vt 0.24383 0.69815
vt 0.25466 0.70144
vt 0.25259 0.70363
vt 0.24672 0.70211
vt 0.24266 0.69940
vt 0.24091 0.70085
vt 0.23509 0.69968
vt 0.23397 0.69834
vt 0.23431 0.69692
vt 0.23044 0.69687
vt 0.23112 0.69937
vt 0.25877 0.69963
vt 0.25756 0.70240
vt 0.26329 0.70107
vt 0.23076 0.69563
vt 0.26184 0.69728
vt 0.26430 0.69724
vt 0.25604 0.69721
vt 0.26607 0.69817
vt 0.26967 0.69816
vt 0.26600 0.69674
vt 0.22989 0.69561
vt 0.23960 0.69679
vt 0.26826 0.69700
vt 0.26852 0.70138
vt 0.27326 0.69922
vt 0.23383 0.69537
vt 0.23099 0.69446
vt 0.26514 0.69624
vt 0.26945 0.69661
vt 0.27149 0.69711
vt 0.26738 0.69561
vt 0.23040 0.69337
vt 0.18436 0.01618
vt 0.18021 0.01592
vt 0.18285 0.01359
vt 0.18903 0.01302
vt 0.18966 0.01446
vt 0.19379 0.01531
vt 0.19519 0.01359
vt 0.38354 0.49051
vt 0.38210 0.48906
vt 0.38177 0.49053
vt 0.38446 0.48895
vt 0.37973 0.48895
vt 0.74513 0.70771
vt 0.74487 0.71101
vt 0.74326 0.71288
vt 0.74310 0.70820
vt 0.74451 0.70461
vt 0.74165 0.71301
vt 0.74238 0.71889
vt 0.74093 0.71969
vt 0.74213 0.72290
vt 0.74123 0.72630
vt 0.74372 0.72742
vt 0.74118 0.70903
vt 0.74373 0.73159
vt 0.74174 0.73247
vt 0.74484 0.73789
vt 0.74616 0.73513
vt 0.74701 0.74073
vt 0.74392 0.72156
vt 0.74512 0.71458
vt 0.74239 0.70614
vt 0.74353 0.70275
vt 0.74630 0.69925
vt 0.74573 0.69820
vt 0.74831 0.69466
vt 0.74893 0.69631
vt 0.75118 0.69258
vt 0.74650 0.72997
vt 0.74846 0.74036
vt 0.74606 0.70219
vt 0.74648 0.70402
vt 0.74596 0.72409
vt 0.74692 0.70613
vt 0.74704 0.70487
vt 0.74896 0.70519
vt 0.74863 0.73250
vt 0.74865 0.73713
vt 0.75118 0.74040
vt 0.74014 0.70767
vt 0.74975 0.69277
vt 0.74550 0.71999
vt 0.74585 0.71583
vt 0.74741 0.69409
vt 0.74440 0.69563
vt 0.16807 0.70679
vt 0.16528 0.70824
vt 0.16916 0.70752
vt 0.16402 0.70708
vt 0.16117 0.70808
vt 0.15772 0.70701
vt 0.15957 0.70885
vt 0.16446 0.70935
vt 0.15719 0.70821
vt 0.15576 0.70679
vt 0.15795 0.71011
vt 0.16082 0.71073
vt 0.16873 0.70863
vt 0.15619 0.70945
vt 0.62501 0.13015
vt 0.62568 0.13123
vt 0.62600 0.12905
vt 0.62421 0.13406
vt 0.62600 0.13536
vt 0.62658 0.13053
vt 0.99591 0.08338
vt 0.99487 0.08419
vt 0.99645 0.08442
vt 0.99631 0.08642
vt 0.99631 0.07932
vt 0.98049 0.80611
vt 0.98026 0.80482
vt 0.98147 0.80629
vt 0.98012 0.80702
vt 0.98147 0.80466
vt 0.97494 0.80593
vt 0.97438 0.80537
vt 0.97598 0.80499
vt 0.97790 0.80564
vt 0.97437 0.80625
vt 0.97618 0.80682
vt 0.58083 0.85014
vt 0.57983 0.84677
vt 0.57874 0.84907
vt 0.57903 0.85694
vt 0.58036 0.85707
vt 0.57948 0.86069
vt 0.57768 0.86023
vt 0.58105 0.86043
vt 0.58162 0.84303
vt 0.57947 0.84324
vt 0.58094 0.83970
vt 0.58162 0.83554
vt 0.58020 0.83544
vt 0.57895 0.83879
vt 0.98504 0.17063
vt 0.98391 0.16955
vt 0.98466 0.16903
vt 0.98382 0.16673
vt 0.98130 0.16872
vt 0.98112 0.16499
vt 0.97819 0.17109
vt 0.98366 0.16354
vt 0.97930 0.17291
vt 0.97608 0.17770
vt 0.97874 0.16488
vt 0.97839 0.17760
vt 0.97726 0.18070
vt 0.98037 0.15900
vt 0.97516 0.18115
vt 0.97679 0.18420
vt 0.97923 0.18503
vt 0.97714 0.18851
vt 0.97879 0.19394
vt 0.98113 0.19435
vt 0.98245 0.20093
vt 0.98066 0.20127
vt 0.98270 0.20403
vt 0.98356 0.15931
vt 0.98355 0.14921
vt 0.98530 0.15462
vt 0.97973 0.15221
vt 0.98195 0.14353
vt 0.98574 0.13864
vt 0.98680 0.14808
vt 0.97825 0.16020
vt 0.98252 0.13649
vt 0.98699 0.12905
vt 0.98343 0.17582
vt 0.98213 0.17948
vt 0.98127 0.17629
vt 0.98347 0.17201
vt 0.98183 0.17171
vt 0.97965 0.18009
vt 0.98110 0.18285
vt 0.98237 0.18485
vt 0.98151 0.18896
vt 0.98322 0.19482
vt 0.98357 0.19889
vt 0.98470 0.20341
vt 0.98587 0.20184
vt 0.98695 0.20074
vt 0.98425 0.17900
vt 0.98699 0.20289
vt 0.98392 0.18957
vt 0.98417 0.18415
vt 0.98511 0.17319
vt 0.98629 0.17122
vt 0.00944 0.63023
vt 0.01107 0.63133
vt 0.00828 0.63187
vt 0.01050 0.63260
vt 0.01380 0.63187
vt 0.22999 0.64108
vt 0.22995 0.63970
vt 0.22702 0.64100
vt 0.23462 0.63970
vt 0.22613 0.63980
vt 0.22560 0.64118
vt 0.23217 0.64163
vt 0.22647 0.64241
vt 0.22516 0.64276
vt 0.22921 0.64286
vt 0.83518 0.10472
vt 0.82969 0.10458
vt 0.83148 0.10554
vt 0.82847 0.10526
vt 0.82953 0.10612
vt 0.83793 0.10526
vt 0.83051 0.10695
vt 0.83306 0.10640
vt 0.93379 0.57340
vt 0.93113 0.57468
vt 0.92832 0.57411
vt 0.93408 0.57455
vt 0.93651 0.57355
vt 0.92875 0.57577
vt 0.92760 0.57524
vt 0.92705 0.57355
vt 0.18303 0.19376
vt 0.18286 0.19239
vt 0.18203 0.19295
vt 0.18415 0.19336
vt 0.18431 0.19207
vt 0.18318 0.19140
vt 0.18178 0.19142
vt 0.18779 0.19282
vt 0.18697 0.19196
vt 0.19203 0.19142
vt 0.92919 0.61287
vt 0.92529 0.61250
vt 0.92804 0.61139
vt 0.93178 0.61211
vt 0.92390 0.61211
vt 0.92448 0.61050
vt 0.63131 0.36764
vt 0.63159 0.36504
vt 0.63254 0.36896
vt 0.63139 0.37154
vt 0.63289 0.37256
vt 0.63159 0.37293
vt 0.70875 0.06967
vt 0.71040 0.06921
vt 0.70935 0.06816
vt 0.70959 0.07380
vt 0.71096 0.06697
vt 0.70986 0.06590
vt 0.70860 0.06590
vt 0.71686 0.56762
vt 0.71570 0.56704
vt 0.71569 0.56840
vt 0.71727 0.56630
vt 0.71727 0.56867
vt 0.87798 0.10610
vt 0.87682 0.10635
vt 0.87815 0.10844
vt 0.87679 0.10142
vt 0.87679 0.10931
vt 0.87579 0.10547
f 528/528 531/531 527/527
f 1613/1613 1612/1612 1614/1614
f 531/531 530/530 527/527
f 1927/1927 1924/1924 1906/1906
f 527/527 530/530 529/529
f 1615/1615 1613/1613 1614/1614
f 528/528 527/527 525/525
f 1906/1906 1902/1902 1905/1905
f 1906/1906 1924/1924 1902/1902
f 527/527 529/529 526/526
f 1904/1904 1910/1910 1907/1907
f 1902/1902 1904/1904 1905/1905
f 1902/1902 1903/1903 1904/1904
f 1614/1614 1617/1617 1616/1616
f 1904/1904 1903/1903 1910/1910
f 1617/1617 1627/1627 1638/1638
f 1638/1638 1627/1627 1637/1637
f 1926/1926 1925/1925 1924/1924
f 1927/1927 1926/1926 1924/1924
f 538/538 536/536 537/537
f 535/535 544/544 537/537
f 536/536 535/535 537/537
f 1925/1925 1923/1923 1924/1924
f 1924/1924 1923/1923 1902/1902
f 534/534 535/535 536/536
f 546/546 557/557 555/555
f 535/535 547/547 546/546
f 1100/1100 1089/1089 1098/1098
f 1089/1089 1088/1088 1091/1091
f 1100/1100 1090/1090 1089/1089
f 546/546 558/558 557/557
f 273/273 297/297 274/274
f 297/297 273/273 298/298
f 274/274 297/297 299/299
f 210/210 209/209 202/202
f 202/202 209/209 203/203
f 612/612 620/620 610/610
f 1594/1594 1593/1593 1595/1595
f 298/298 303/303 297/297
f 297/297 303/303 299/299
f 1937/1937 1932/1932 1929/1929
f 1929/1929 1916/1916 1928/1928
f 1929/1929 1932/1932 1916/1916
f 1594/1594 1590/1590 1593/1593
f 1593/1593 1590/1590 1591/1591
f 1928/1928 1916/1916 1915/1915
f 303/303 310/310 299/299
f 209/209 211/211 203/203
f 1932/1932 1922/1922 1916/1916
f 1932/1932 1936/1936 1922/1922
f 1590/1590 1592/1592 1587/1587
f 1592/1592 1603/1603 1587/1587
f 1587/1587 1603/1603 1600/1600
f 1587/1587 1583/1583 1590/1590
f 405/405 403/403 400/400
f 1586/1586 1587/1587 1600/1600
f 1603/1603 1622/1622 1600/1600
f 1583/1583 1587/1587 1586/1586
f 1922/1922 1912/1912 1914/1914
f 1922/1922 1933/1933 1912/1912
f 1590/1590 1583/1583 1591/1591
f 1916/1916 1922/1922 1914/1914
f 1916/1916 1914/1914 1915/1915
f 1936/1936 1933/1933 1922/1922
f 620/620 621/621 610/610
f 974/974 975/975 973/973
f 551/551 542/542 543/543
f 559/559 542/542 551/551
f 1580/1580 1589/1589 1588/1588
f 1588/1588 1601/1601 1599/1599
f 1600/1600 1622/1622 1623/1623
f 1586/1586 1600/1600 1589/1589
f 1915/1915 1913/1913 1920/1920
f 1914/1914 1913/1913 1915/1915
f 1583/1583 1580/1580 1582/1582
f 1583/1583 1586/1586 1580/1580
f 1914/1914 1912/1912 1913/1913
f 1600/1600 1601/1601 1589/1589
f 1600/1600 1609/1609 1601/1601
f 1586/1586 1589/1589 1580/1580
f 1919/1919 1920/1920 1913/1913
f 1915/1915 1920/1920 1921/1921
f 414/414 413/413 404/404
f 1600/1600 1623/1623 1609/1609
f 1622/1622 1640/1640 1623/1623
f 1601/1601 1609/1609 1606/1606
f 1609/1609 1623/1623 1606/1606
f 1589/1589 1601/1601 1588/1588
f 416/416 415/415 414/414
f 1601/1601 1606/1606 1599/1599
f 1606/1606 1623/1623 1634/1634
f 416/416 417/417 415/415
f 414/414 415/415 413/413
f 413/413 423/423 408/408
f 83/83 27/27 19/19
f 413/413 415/415 423/423
f 83/83 19/19 56/56
f 423/423 499/499 500/500
f 1580/1580 1581/1581 1582/1582
f 1580/1580 1588/1588 1584/1584
f 1580/1580 1584/1584 1581/1581
f 1912/1912 1909/1909 1911/1911
f 1912/1912 1911/1911 1913/1913
f 1911/1911 1919/1919 1913/1913
f 1912/1912 1931/1931 1909/1909
f 1911/1911 1918/1918 1919/1919
f 1931/1931 1930/1930 1909/1909
f 1912/1912 1933/1933 1931/1931
f 1463/1463 1466/1466 1465/1465
f 1599/1599 1606/1606 1610/1610
f 1606/1606 1634/1634 1610/1610
f 1623/1623 1635/1635 1634/1634
f 56/56 19/19 13/13
f 19/19 12/12 13/13
f 13/13 12/12 9/9
f 1581/1581 1584/1584 1585/1585
f 1909/1909 1908/1908 1911/1911
f 1585/1585 1584/1584 1597/1597
f 531/531 532/532 530/530
f 1907/1907 1917/1917 1911/1911
f 1908/1908 1907/1907 1911/1911
f 1588/1588 1599/1599 1584/1584
f 1584/1584 1599/1599 1597/1597
f 1911/1911 1917/1917 1918/1918
f 420/420 418/418 417/417
f 1599/1599 1610/1610 1597/1597
f 1597/1597 1610/1610 1611/1611
f 1610/1610 1634/1634 1633/1633
f 533/533 531/531 528/528
f 1906/1906 1930/1930 1927/1927
f 1909/1909 1930/1930 1906/1906
f 1909/1909 1906/1906 1908/1908
f 1930/1930 1926/1926 1927/1927
f 1613/1613 1597/1597 1612/1612
f 1597/1597 1611/1611 1612/1612
f 1612/1612 1617/1617 1614/1614
f 1612/1612 1611/1611 1617/1617
f 1611/1611 1626/1626 1617/1617
f 1611/1611 1610/1610 1626/1626
f 1610/1610 1633/1633 1626/1626
f 420/420 427/427 418/418
f 427/427 424/424 418/418
f 418/418 424/424 421/421
f 1633/1633 1636/1636 1626/1626
f 1905/1905 1907/1907 1908/1908
f 1906/1906 1905/1905 1908/1908
f 1905/1905 1904/1904 1907/1907
f 417/417 419/419 415/415
f 417/417 418/418 419/419
f 415/415 419/419 426/426
f 1634/1634 1635/1635 1633/1633
f 419/419 428/428 426/426
f 1397/1397 1396/1396 1389/1389
f 415/415 426/426 423/423
f 426/426 499/499 423/423
f 1397/1397 1389/1389 1387/1387
f 1389/1389 1388/1388 1387/1387
f 56/56 13/13 7/7
f 13/13 9/9 7/7
f 1388/1388 1390/1390 1466/1466
f 1388/1388 1389/1389 1390/1390
f 1466/1466 1467/1467 1465/1465
f 1635/1635 1636/1636 1633/1633
f 56/56 7/7 50/50
f 418/418 421/421 419/419
f 421/421 429/429 419/419
f 419/419 429/429 428/428
f 1396/1396 1395/1395 1389/1389
f 9/9 6/6 7/7
f 1395/1395 1391/1391 1389/1389
f 421/421 462/462 429/429
f 1395/1395 1393/1393 1391/1391
f 50/50 7/7 8/8
f 1390/1390 1468/1468 1467/1467
f 1391/1391 1390/1390 1389/1389
f 6/6 25/25 26/26
f 1145/1145 1117/1117 1146/1146
f 6/6 10/10 25/25
f 6/6 9/9 10/10
f 1466/1466 1390/1390 1467/1467
f 1147/1147 1118/1118 1145/1145
f 1118/1118 1114/1114 1145/1145
f 1145/1145 1114/1114 1117/1117
f 1617/1617 1626/1626 1627/1627
f 1626/1626 1636/1636 1637/1637
f 427/427 432/432 424/424
f 432/432 430/430 424/424
f 1626/1626 1637/1637 1627/1627
f 424/424 430/430 425/425
f 424/424 425/425 421/421
f 421/421 425/425 462/462
f 50/50 8/8 49/49
f 425/425 489/489 462/462
f 1394/1394 1392/1392 1393/1393
f 1392/1392 1394/1394 1469/1469
f 1394/1394 1471/1471 1469/1469
f 5/5 26/26 1/1
f 430/430 431/431 425/425
f 431/431 460/460 425/425
f 425/425 460/460 490/490
f 49/49 3/3 2/2
f 2/2 3/3 1/1
f 49/49 8/8 3/3
f 8/8 4/4 3/3
f 3/3 4/4 1/1
f 425/425 490/490 489/489
f 1496/1496 1471/1471 1394/1394
f 4/4 5/5 1/1
f 1391/1391 1393/1393 1392/1392
f 8/8 7/7 4/4
f 7/7 6/6 4/4
f 6/6 5/5 4/4
f 1392/1392 1390/1390 1391/1391
f 1390/1390 1392/1392 1469/1469
f 5/5 6/6 26/26
f 543/543 545/545 549/549
f 542/542 541/541 543/543
f 541/541 545/545 543/543
f 545/545 553/553 549/549
f 545/545 552/552 553/553
f 1008/1008 1010/1010 1009/1009
f 559/559 540/540 542/542
f 542/542 540/540 541/541
f 540/540 539/539 541/541
f 540/540 538/538 539/539
f 538/538 537/537 539/539
f 539/539 548/548 541/541
f 541/541 548/548 550/550
f 539/539 544/544 548/548
f 548/548 544/544 550/550
f 544/544 556/556 550/550
f 545/545 550/550 552/552
f 1010/1010 1011/1011 1009/1009
f 1009/1009 1011/1011 1015/1015
f 541/541 550/550 545/545
f 1010/1010 1012/1012 1011/1011
f 1103/1103 1099/1099 1102/1102
f 1012/1012 1013/1013 1011/1011
f 1013/1013 1016/1016 1011/1011
f 1013/1013 1017/1017 1016/1016
f 1011/1011 1016/1016 1015/1015
f 537/537 544/544 539/539
f 544/544 555/555 556/556
f 1013/1013 1018/1018 1017/1017
f 1096/1096 1094/1094 1097/1097
f 1094/1094 1096/1096 1092/1092
f 1092/1092 1093/1093 1094/1094
f 1092/1092 1091/1091 1093/1093
f 1095/1095 1114/1114 1101/1101
f 1102/1102 1099/1099 1101/1101
f 1099/1099 1095/1095 1101/1101
f 1118/1118 1101/1101 1114/1114
f 1097/1097 1095/1095 1099/1099
f 1097/1097 1094/1094 1095/1095
f 1095/1095 1093/1093 1114/1114
f 1468/1468 1390/1390 1469/1469
f 1114/1114 1093/1093 1115/1115
f 1115/1115 1117/1117 1114/1114
f 1095/1095 1094/1094 1093/1093
f 544/544 535/535 546/546
f 544/544 546/546 555/555
f 1019/1019 1018/1018 1013/1013
f 1019/1019 1020/1020 1018/1018
f 1098/1098 1092/1092 1096/1096
f 1019/1019 1021/1021 1020/1020
f 1098/1098 1089/1089 1092/1092
f 1469/1469 1471/1471 1470/1470
f 1469/1469 1470/1470 1468/1468
f 1119/1119 1117/1117 1115/1115
f 1115/1115 1091/1091 1119/1119
f 1093/1093 1091/1091 1115/1115
f 1496/1496 1473/1473 1471/1471
f 1199/1199 1146/1146 1140/1140
f 1146/1146 1117/1117 1140/1140
f 1119/1119 1091/1091 1116/1116
f 1140/1140 1117/1117 1119/1119
f 1140/1140 1119/1119 1135/1135
f 1135/1135 1119/1119 1116/1116
f 1470/1470 1471/1471 1472/1472
f 1092/1092 1089/1089 1091/1091
f 1091/1091 1088/1088 1116/1116
f 1140/1140 1141/1141 1199/1199
f 1140/1140 1135/1135 1141/1141
f 316/316 315/315 313/313
f 315/315 312/312 313/313
f 1837/1837 1839/1839 1840/1840
f 1840/1840 1839/1839 1841/1841
f 1276/1276 1270/1270 1269/1269
f 1269/1269 1270/1270 1268/1268
f 312/312 311/311 309/309
f 1854/1854 1842/1842 1845/1845
f 312/312 309/309 313/313
f 231/231 226/226 230/230
f 311/311 307/307 309/309
f 226/226 225/225 230/230
f 226/226 223/223 225/225
f 1854/1854 1840/1840 1842/1842
f 1269/1269 1268/1268 1267/1267
f 1840/1840 1841/1841 1842/1842
f 1842/1842 1841/1841 1843/1843
f 1843/1843 1841/1841 1844/1844
f 1845/1845 1842/1842 1843/1843
f 1268/1268 1284/1284 1285/1285
f 307/307 308/308 309/309
f 223/223 224/224 225/225
f 311/311 314/314 307/307
f 1845/1845 1846/1846 1848/1848
f 1845/1845 1843/1843 1846/1846
f 1265/1265 1267/1267 1266/1266
f 1267/1267 1268/1268 1266/1266
f 225/225 248/248 253/253
f 225/225 224/224 248/248
f 1285/1285 1282/1282 1268/1268
f 1266/1266 1268/1268 1282/1282
f 1265/1265 1266/1266 1250/1250
f 1250/1250 1266/1266 1271/1271
f 1250/1250 1271/1271 1251/1251
f 1266/1266 1282/1282 1271/1271
f 296/296 285/285 286/286
f 1848/1848 1846/1846 1847/1847
f 1848/1848 1847/1847 1849/1849
f 1852/1852 1848/1848 1849/1849
f 296/296 295/295 285/285
f 1849/1849 1847/1847 1850/1850
f 1714/1714 1722/1722 1720/1720
f 1714/1714 1716/1716 1712/1712
f 1714/1714 1720/1720 1716/1716
f 1687/1687 1679/1679 1677/1677
f 1677/1677 1679/1679 1653/1653
f 1679/1679 1655/1655 1653/1653
f 522/522 504/504 516/516
f 516/516 504/504 505/505
f 504/504 522/522 515/515
f 504/504 495/495 505/505
f 1846/1846 1843/1843 1847/1847
f 1843/1843 1851/1851 1847/1847
f 1847/1847 1851/1851 1850/1850
f 750/750 752/752 739/739
f 505/505 495/495 506/506
f 1850/1850 1851/1851 1853/1853
f 1262/1262 1253/1253 1264/1264
f 1250/1250 1253/1253 1262/1262
f 314/314 296/296 286/286
f 314/314 286/286 307/307
f 307/307 286/286 284/284
f 307/307 284/284 308/308
f 286/286 285/285 284/284
f 223/223 222/222 219/219
f 223/223 219/219 224/224
f 1719/1719 1715/1715 1718/1718
f 363/363 359/359 364/364
f 363/363 360/360 359/359
f 1711/1711 1714/1714 1712/1712
f 1711/1711 1712/1712 1713/1713
f 285/285 281/281 284/284
f 1712/1712 1715/1715 1713/1713
f 1712/1712 1716/1716 1715/1715
f 1713/1713 1715/1715 1719/1719
f 368/368 364/364 359/359
f 1265/1265 1250/1250 1262/1262
f 255/255 248/248 241/241
f 255/255 241/241 252/252
f 241/241 235/235 252/252
f 1271/1271 1281/1281 1251/1251
f 1720/1720 1721/1721 1716/1716
f 751/751 738/738 753/753
f 739/739 745/745 734/734
f 750/750 739/739 738/738
f 750/750 738/738 751/751
f 739/739 734/734 738/738
f 1253/1253 1250/1250 1252/1252
f 1715/1715 1717/1717 1718/1718
f 1715/1715 1716/1716 1717/1717
f 1716/1716 1721/1721 1717/1717
f 751/751 753/753 756/756
f 362/362 369/369 361/361
f 362/362 361/361 360/360
f 369/369 365/365 361/361
f 1250/1250 1251/1251 1252/1252
f 1653/1653 1655/1655 1652/1652
f 1677/1677 1653/1653 1651/1651
f 1653/1653 1652/1652 1651/1651
f 1677/1677 1651/1651 1684/1684
f 1655/1655 1678/1678 1652/1652
f 1652/1652 1678/1678 1656/1656
f 1899/1899 1900/1900 1901/1901
f 1901/1901 1900/1900 1952/1952
f 295/295 287/287 285/285
f 285/285 287/287 281/281
f 515/515 494/494 504/504
f 504/504 494/494 495/495
f 281/281 282/282 284/284
f 222/222 228/228 218/218
f 287/287 279/279 281/281
f 494/494 493/493 495/495
f 1684/1684 1651/1651 1648/1648
f 282/282 281/281 280/280
f 281/281 279/279 280/280
f 738/738 734/734 736/736
f 1253/1253 1254/1254 1264/1264
f 1253/1253 1252/1252 1254/1254
f 738/738 736/736 753/753
f 753/753 736/736 754/754
f 1252/1252 1251/1251 1257/1257
f 745/745 748/748 734/734
f 1264/1264 1254/1254 1279/1279
f 1254/1254 1252/1252 1255/1255
f 287/287 300/300 279/279
f 1651/1651 1652/1652 1650/1650
f 1651/1651 1650/1650 1648/1648
f 1650/1650 1652/1652 1656/1656
f 494/494 481/481 493/493
f 1901/1901 1952/1952 1951/1951
f 1901/1901 1951/1951 1950/1950
f 515/515 510/510 494/494
f 494/494 510/510 481/481
f 481/481 492/492 493/493
f 1650/1650 1656/1656 1649/1649
f 1650/1650 1649/1649 1648/1648
f 279/279 278/278 277/277
f 510/510 478/478 481/481
f 481/481 480/480 492/492
f 1279/1279 1254/1254 1256/1256
f 748/748 742/742 734/734
f 734/734 742/742 735/735
f 734/734 735/735 736/736
f 1254/1254 1255/1255 1256/1256
f 1255/1255 1258/1258 1256/1256
f 1649/1649 1656/1656 1680/1680
f 279/279 300/300 278/278
f 300/300 301/301 278/278
f 481/481 478/478 480/480
f 1648/1648 1649/1649 1647/1647
f 1648/1648 1647/1647 1646/1646
f 1950/1950 1949/1949 1948/1948
f 510/510 479/479 478/478
f 1646/1646 1645/1645 1690/1690
f 478/478 476/476 480/480
f 1646/1646 1647/1647 1644/1644
f 478/478 479/479 477/477
f 478/478 477/477 476/476
f 1649/1649 1680/1680 1654/1654
f 1649/1649 1654/1654 1647/1647
f 1647/1647 1654/1654 1644/1644
f 1646/1646 1644/1644 1645/1645
f 251/251 254/254 263/263
f 232/232 230/230 251/251
f 1837/1837 1838/1838 1839/1839
f 251/251 250/250 254/254
f 251/251 230/230 250/250
f 232/232 231/231 230/230
f 1276/1276 1277/1277 1270/1270
f 1270/1270 1277/1277 1284/1284
f 1270/1270 1284/1284 1268/1268
f 230/230 225/225 250/250
f 225/225 253/253 250/250
f 224/224 219/219 221/221
f 222/222 218/218 219/219
f 218/218 217/217 219/219
f 219/219 217/217 220/220
f 360/360 357/357 359/359
f 219/219 220/220 221/221
f 221/221 229/229 235/235
f 221/221 220/220 229/229
f 220/220 227/227 229/229
f 224/224 241/241 248/248
f 224/224 221/221 241/241
f 221/221 235/235 241/241
f 357/357 360/360 361/361
f 361/361 365/365 357/357
f 235/235 229/229 249/249
f 235/235 249/249 252/252
f 1251/1251 1281/1281 1272/1272
f 252/252 249/249 262/262
f 218/218 228/228 216/216
f 218/218 216/216 217/217
f 368/368 359/359 358/358
f 359/359 357/357 358/358
f 358/358 357/357 353/353
f 220/220 217/217 227/227
f 228/228 208/208 216/216
f 368/368 358/358 335/335
f 335/335 358/358 353/353
f 216/216 215/215 217/217
f 217/217 215/215 227/227
f 227/227 215/215 189/189
f 365/365 354/354 357/357
f 357/357 354/354 353/353
f 1251/1251 1272/1272 1257/1257
f 1272/1272 1280/1280 1257/1257
f 249/249 256/256 262/262
f 229/229 227/227 234/234
f 229/229 234/234 249/249
f 736/736 755/755 754/754
f 365/365 352/352 354/354
f 1252/1252 1257/1257 1255/1255
f 1257/1257 1280/1280 1273/1273
f 249/249 234/234 256/256
f 227/227 189/189 234/234
f 216/216 208/208 188/188
f 208/208 207/207 188/188
f 216/216 188/188 215/215
f 335/335 353/353 327/327
f 215/215 188/188 189/189
f 327/327 353/353 326/326
f 335/335 327/327 334/334
f 188/188 173/173 189/189
f 189/189 173/173 174/174
f 279/279 277/277 280/280
f 280/280 277/277 305/305
f 188/188 207/207 187/187
f 334/334 327/327 317/317
f 354/354 352/352 326/326
f 736/736 737/737 755/755
f 736/736 735/735 737/737
f 755/755 737/737 757/757
f 1257/1257 1273/1273 1255/1255
f 1258/1258 1255/1255 1259/1259
f 1255/1255 1273/1273 1259/1259
f 353/353 354/354 326/326
f 256/256 234/234 174/174
f 256/256 174/174 257/257
f 189/189 174/174 234/234
f 326/326 352/352 346/346
f 257/257 174/174 246/246
f 735/735 740/740 737/737
f 327/327 326/326 317/317
f 326/326 318/318 317/317
f 326/326 346/346 318/318
f 1273/1273 1283/1283 1259/1259
f 173/173 172/172 174/174
f 188/188 187/187 173/173
f 174/174 172/172 246/246
f 172/172 247/247 246/246
f 1283/1283 1274/1274 1259/1259
f 246/246 247/247 260/260
f 1950/1950 1951/1951 1949/1949
f 277/277 275/275 304/304
f 277/277 304/304 305/305
f 278/278 276/276 277/277
f 277/277 276/276 275/275
f 278/278 288/288 276/276
f 1690/1690 1645/1645 1689/1689
f 1948/1948 1949/1949 1946/1946
f 479/479 513/513 477/477
f 1946/1946 1947/1947 1948/1948
f 735/735 742/742 740/740
f 742/742 744/744 743/743
f 742/742 743/743 740/740
f 1259/1259 1261/1261 1258/1258
f 1258/1258 1260/1260 1256/1256
f 1258/1258 1261/1261 1260/1260
f 737/737 741/741 757/757
f 737/737 740/740 741/741
f 480/480 476/476 487/487
f 1256/1256 1260/1260 1263/1263
f 1680/1680 1657/1657 1654/1654
f 1681/1681 1557/1557 1657/1657
f 741/741 740/740 746/746
f 740/740 743/743 746/746
f 187/187 170/170 173/173
f 317/317 330/330 334/334
f 173/173 170/170 172/172
f 207/207 205/205 187/187
f 317/317 318/318 319/319
f 317/317 319/319 320/320
f 318/318 346/346 319/319
f 757/757 741/741 758/758
f 346/346 345/345 319/319
f 172/172 171/171 247/247
f 170/170 171/171 172/172
f 317/317 320/320 330/330
f 171/171 244/244 247/247
f 330/330 320/320 325/325
f 1259/1259 1274/1274 1261/1261
f 1261/1261 1275/1275 1260/1260
f 1261/1261 1274/1274 1275/1275
f 1553/1553 1554/1554 1550/1550
f 1260/1260 1275/1275 1278/1278
f 741/741 746/746 749/749
f 741/741 749/749 758/758
f 1553/1553 1552/1552 1557/1557
f 1553/1553 1550/1550 1552/1552
f 1557/1557 1552/1552 1556/1556
f 746/746 759/759 749/749
f 1550/1550 1551/1551 1552/1552
f 1556/1556 1552/1552 1551/1551
f 1556/1556 1558/1558 1661/1661
f 1558/1558 1561/1561 1661/1661
f 1551/1551 1558/1558 1556/1556
f 1551/1551 1559/1559 1558/1558
f 1559/1559 1560/1560 1558/1558
f 1561/1561 1558/1558 1560/1560
f 1896/1896 1893/1893 1895/1895
f 518/518 511/511 468/468
f 260/260 247/247 244/244
f 1554/1554 1555/1555 1550/1550
f 260/260 244/244 259/259
f 367/367 341/341 345/345
f 341/341 338/338 345/345
f 1550/1550 1555/1555 1551/1551
f 749/749 759/759 760/760
f 367/367 356/356 341/341
f 356/356 342/342 341/341
f 356/356 351/351 342/342
f 1897/1897 1898/1898 1896/1896
f 341/341 337/337 338/338
f 341/341 342/342 337/337
f 319/319 345/345 338/338
f 259/259 244/244 243/243
f 258/258 240/240 261/261
f 259/259 243/243 258/258
f 1897/1897 1896/1896 1895/1895
f 351/351 340/340 342/342
f 243/243 240/240 258/258
f 243/243 238/238 240/240
f 243/243 236/236 238/238
f 342/342 340/340 337/337
f 340/340 339/339 337/337
f 187/187 179/179 170/170
f 187/187 205/205 179/179
f 170/170 175/175 171/171
f 170/170 179/179 176/176
f 170/170 176/176 175/175
f 175/175 233/233 171/171
f 171/171 233/233 244/244
f 320/320 322/322 325/325
f 320/320 319/319 321/321
f 320/320 321/321 322/322
f 244/244 242/242 243/243
f 243/243 242/242 236/236
f 244/244 233/233 242/242
f 238/238 236/236 237/237
f 1645/1645 1643/1643 1689/1689
f 288/288 294/294 276/276
f 477/477 513/513 406/406
f 276/276 265/265 275/275
f 276/276 294/294 265/265
f 1947/1947 1946/1946 1945/1945
f 1645/1645 1644/1644 1631/1631
f 1645/1645 1631/1631 1643/1643
f 1643/1643 1631/1631 1630/1630
f 294/294 290/290 265/265
f 1654/1654 1641/1641 1644/1644
f 1654/1654 1657/1657 1641/1641
f 477/477 397/397 476/476
f 477/477 406/406 397/397
f 476/476 461/461 487/487
f 743/743 747/747 746/746
f 508/508 461/461 507/507
f 1644/1644 1641/1641 1631/1631
f 476/476 397/397 461/461
f 461/461 397/397 434/434
f 1631/1631 1629/1629 1630/1630
f 1631/1631 1641/1641 1629/1629
f 1641/1641 1642/1642 1629/1629
f 406/406 395/395 397/397
f 1641/1641 1657/1657 1642/1642
f 461/461 434/434 466/466
f 1657/1657 1658/1658 1642/1642
f 1946/1946 1943/1943 1945/1945
f 1945/1945 1943/1943 1944/1944
f 275/275 267/267 304/304
f 275/275 265/265 267/267
f 1643/1643 1630/1630 1688/1688
f 73/73 69/69 72/72
f 265/265 266/266 267/267
f 265/265 290/290 266/266
f 1686/1686 1688/1688 1630/1630
f 290/290 283/283 266/266
f 1943/1943 1942/1942 1944/1944
f 290/290 291/291 283/283
f 1943/1943 1941/1941 1942/1942
f 395/395 396/396 397/397
f 397/397 422/422 434/434
f 397/397 396/396 422/422
f 434/434 422/422 437/437
f 1630/1630 1629/1629 1621/1621
f 1657/1657 1557/1557 1658/1658
f 507/507 461/461 466/466
f 1557/1557 1556/1556 1658/1658
f 1556/1556 1661/1661 1658/1658
f 507/507 466/466 511/511
f 511/511 466/466 467/467
f 1642/1642 1658/1658 1659/1659
f 1661/1661 1660/1660 1658/1658
f 511/511 467/467 468/468
f 467/467 440/440 468/468
f 1661/1661 1561/1561 1660/1660
f 1658/1658 1660/1660 1659/1659
f 466/466 438/438 467/467
f 438/438 440/440 467/467
f 73/73 74/74 69/69
f 74/74 71/71 69/69
f 74/74 75/75 71/71
f 75/75 77/77 71/71
f 466/466 434/434 438/438
f 434/434 437/437 438/438
f 438/438 437/437 439/439
f 438/438 439/439 440/440
f 440/440 439/439 441/441
f 441/441 439/439 453/453
f 304/304 267/267 306/306
f 205/205 212/212 191/191
f 205/205 191/191 179/179
f 325/325 322/322 332/332
f 175/175 184/184 233/233
f 191/191 176/176 179/179
f 176/176 177/177 175/175
f 175/175 177/177 184/184
f 322/322 323/323 332/332
f 332/332 323/323 333/333
f 266/266 268/268 267/267
f 267/267 268/268 306/306
f 268/268 266/266 269/269
f 191/191 178/178 176/176
f 268/268 270/270 306/306
f 191/191 212/212 195/195
f 191/191 195/195 178/178
f 176/176 178/178 177/177
f 178/178 180/180 177/177
f 333/333 323/323 331/331
f 319/319 338/338 321/321
f 233/233 184/184 242/242
f 242/242 184/184 236/236
f 321/321 338/338 324/324
f 338/338 337/337 324/324
f 337/337 329/329 324/324
f 339/339 329/329 337/337
f 322/322 321/321 323/323
f 321/321 324/324 323/323
f 177/177 183/183 184/184
f 184/184 183/183 236/236
f 323/323 324/324 328/328
f 324/324 329/329 328/328
f 329/329 349/349 348/348
f 236/236 183/183 237/237
f 329/329 348/348 328/328
f 328/328 348/348 347/347
f 348/348 355/355 347/347
f 1686/1686 1630/1630 1621/1621
f 396/396 393/393 422/422
f 393/393 412/412 422/422
f 72/72 69/69 68/68
f 395/395 394/394 393/393
f 395/395 393/393 396/396
f 422/422 412/412 437/437
f 437/437 412/412 457/457
f 72/72 68/68 70/70
f 1621/1621 1629/1629 1628/1628
f 1621/1621 1628/1628 1620/1620
f 437/437 457/457 439/439
f 69/69 67/67 68/68
f 69/69 63/63 67/67
f 69/69 71/71 63/63
f 68/68 67/67 62/62
f 70/70 68/68 62/62
f 266/266 283/283 269/269
f 291/291 289/289 283/283
f 1942/1942 1941/1941 1940/1940
f 394/394 390/390 393/393
f 268/268 269/269 270/270
f 212/212 214/214 195/195
f 270/270 269/269 271/271
f 291/291 302/302 289/289
f 1686/1686 1621/1621 1619/1619
f 283/283 289/289 269/269
f 1941/1941 1938/1938 1940/1940
f 1619/1619 1621/1621 1620/1620
f 393/393 390/390 392/392
f 393/393 392/392 412/412
f 392/392 411/411 412/412
f 412/412 411/411 458/458
f 269/269 289/289 272/272
f 269/269 272/272 271/271
f 439/439 454/454 453/453
f 67/67 63/63 62/62
f 457/457 454/454 439/439
f 457/457 412/412 458/458
f 62/62 63/63 58/58
f 457/457 458/458 454/454
f 62/62 58/58 42/42
f 454/454 458/458 456/456
f 454/454 456/456 455/455
f 1619/1619 1605/1605 1607/1607
f 1605/1605 1619/1619 1618/1618
f 1620/1620 1628/1628 1624/1624
f 411/411 436/436 458/458
f 70/70 64/64 66/66
f 1619/1619 1620/1620 1618/1618
f 1620/1620 1624/1624 1618/1618
f 390/390 391/391 392/392
f 392/392 410/410 411/411
f 411/411 410/410 436/436
f 1940/1940 1938/1938 1939/1939
f 289/289 292/292 272/272
f 1607/1607 1605/1605 1602/1602
f 1939/1939 1938/1938 1934/1934
f 1938/1938 1935/1935 1934/1934
f 1618/1618 1624/1624 1608/1608
f 1618/1618 1608/1608 1605/1605
f 1624/1624 1639/1639 1608/1608
f 391/391 399/399 398/398
f 1602/1602 1605/1605 1598/1598
f 1605/1605 1608/1608 1598/1598
f 292/292 273/273 272/272
f 1935/1935 1929/1929 1934/1934
f 292/292 293/293 273/273
f 1602/1602 1598/1598 1594/1594
f 392/392 391/391 398/398
f 392/392 401/401 410/410
f 392/392 398/398 401/401
f 52/52 66/66 60/60
f 70/70 62/62 64/64
f 64/64 60/60 66/66
f 64/64 61/61 60/60
f 64/64 62/62 61/61
f 62/62 42/42 61/61
f 458/458 436/436 459/459
f 458/458 459/459 456/456
f 456/456 459/459 482/482
f 436/436 435/435 459/459
f 436/436 410/410 435/435
f 459/459 435/435 483/483
f 61/61 42/42 41/41
f 60/60 61/61 41/41
f 42/42 29/29 41/41
f 459/459 483/483 482/482
f 1371/1371 1375/1375 1345/1345
f 1345/1345 1375/1375 1350/1350
f 30/30 28/28 29/29
f 1598/1598 1592/1592 1594/1594
f 399/399 400/400 398/398
f 400/400 403/403 398/398
f 398/398 403/403 402/402
f 398/398 402/402 401/401
f 1592/1592 1598/1598 1604/1604
f 1598/1598 1608/1608 1604/1604
f 1608/1608 1632/1632 1604/1604
f 1608/1608 1639/1639 1632/1632
f 402/402 409/409 401/401
f 401/401 409/409 410/410
f 409/409 435/435 410/410
f 52/52 34/34 53/53
f 409/409 433/433 435/435
f 53/53 34/34 35/35
f 60/60 41/41 52/52
f 52/52 41/41 34/34
f 34/34 41/41 23/23
f 41/41 29/29 23/23
f 178/178 181/181 180/180
f 178/178 186/186 181/181
f 177/177 180/180 183/183
f 348/348 366/366 355/355
f 323/323 328/328 331/331
f 328/328 347/347 331/331
f 180/180 185/185 183/183
f 333/333 331/331 336/336
f 181/181 182/182 180/180
f 180/180 182/182 185/185
f 336/336 331/331 350/350
f 347/347 355/355 350/350
f 347/347 350/350 331/331
f 182/182 200/200 185/185
f 182/182 199/199 200/200
f 185/185 200/200 206/206
f 949/949 946/946 948/948
f 946/946 947/947 948/948
f 948/948 947/947 956/956
f 948/948 956/956 953/953
f 953/953 956/956 967/967
f 619/619 617/617 618/618
f 946/946 950/950 947/947
f 947/947 951/951 956/956
f 950/950 952/952 951/951
f 947/947 950/950 951/951
f 951/951 965/965 956/956
f 951/951 966/966 965/965
f 956/956 965/965 967/967
f 195/195 190/190 178/178
f 178/178 190/190 186/186
f 195/195 214/214 204/204
f 195/195 204/204 190/190
f 214/214 213/213 204/204
f 190/190 193/193 186/186
f 181/181 186/186 182/182
f 186/186 192/192 182/182
f 192/192 197/197 199/199
f 204/204 193/193 190/190
f 204/204 201/201 193/193
f 193/193 194/194 186/186
f 193/193 201/201 194/194
f 204/204 213/213 201/201
f 194/194 201/201 196/196
f 194/194 192/192 186/186
f 194/194 196/196 192/192
f 192/192 196/196 197/197
f 192/192 199/199 182/182
f 617/617 615/615 616/616
f 615/615 614/614 616/616
f 958/958 961/961 960/960
f 958/958 960/960 959/959
f 959/959 960/960 970/970
f 617/617 616/616 618/618
f 952/952 958/958 951/951
f 958/958 959/959 951/951
f 951/951 959/959 966/966
f 959/959 970/970 966/966
f 213/213 210/210 201/201
f 272/272 273/273 271/271
f 271/271 273/273 274/274
f 210/210 202/202 201/201
f 201/201 202/202 196/196
f 197/197 196/196 198/198
f 1596/1596 1594/1594 1595/1595
f 202/202 203/203 198/198
f 202/202 198/198 196/196
f 615/615 613/613 614/614
f 613/613 611/611 614/614
f 963/963 962/962 961/961
f 961/961 962/962 960/960
f 960/960 971/971 970/970
f 970/970 971/971 977/977
f 613/613 612/612 611/611
f 960/960 962/962 971/971
f 610/610 611/611 612/612
f 974/974 973/973 963/963
f 963/963 964/964 962/962
f 962/962 964/964 971/971
f 963/963 973/973 964/964
f 971/971 984/984 977/977
f 977/977 984/984 985/985
f 971/971 964/964 983/983
f 971/971 983/983 984/984
f 1478/1478 1482/1482 1481/1481
f 1124/1124 1122/1122 1123/1123
f 1478/1478 1477/1477 1476/1476
f 1138/1138 1155/1155 1139/1139
f 1139/1139 1123/1123 1138/1138
f 984/984 983/983 985/985
f 1122/1122 1121/1121 1123/1123
f 1929/1929 1928/1928 1934/1934
f 1594/1594 1592/1592 1590/1590
f 1592/1592 1604/1604 1603/1603
f 403/403 404/404 402/402
f 1603/1603 1604/1604 1625/1625
f 402/402 404/404 407/407
f 405/405 404/404 403/403
f 1603/1603 1625/1625 1622/1622
f 1604/1604 1632/1632 1625/1625
f 53/53 35/35 65/65
f 402/402 407/407 409/409
f 409/409 407/407 433/433
f 407/407 408/408 433/433
f 433/433 486/486 435/435
f 408/408 486/486 433/433
f 408/408 485/485 486/486
f 35/35 21/21 18/18
f 18/18 21/21 20/20
f 435/435 488/488 483/483
f 34/34 23/23 21/21
f 23/23 22/22 21/21
f 22/22 23/23 28/28
f 1365/1365 1366/1366 1351/1351
f 1375/1375 1365/1365 1350/1350
f 29/29 28/28 23/23
f 1350/1350 1351/1351 1347/1347
f 1365/1365 1351/1351 1350/1350
f 1347/1347 1351/1351 1352/1352
f 28/28 119/119 118/118
f 119/119 122/122 118/118
f 34/34 21/21 35/35
f 435/435 486/486 488/488
f 486/486 502/502 488/488
f 28/28 24/24 22/22
f 21/21 22/22 20/20
f 486/486 501/501 502/502
f 22/22 24/24 20/20
f 1366/1366 1367/1367 1351/1351
f 1351/1351 1367/1367 1354/1354
f 1383/1383 1367/1367 1366/1366
f 1367/1367 1378/1378 1354/1354
f 24/24 118/118 16/16
f 1197/1197 1174/1174 1186/1186
f 28/28 118/118 24/24
f 983/983 1004/1004 985/985
f 983/983 1005/1005 1004/1004
f 1109/1109 1108/1108 1106/1106
f 1109/1109 1106/1106 1107/1107
f 1352/1352 1353/1353 1477/1477
f 1353/1353 1476/1476 1477/1477
f 1352/1352 1351/1351 1353/1353
f 1173/1173 1138/1138 1148/1148
f 1351/1351 1354/1354 1353/1353
f 1173/1173 1148/1148 1197/1197
f 1353/1353 1475/1475 1476/1476
f 1353/1353 1354/1354 1475/1475
f 1138/1138 1120/1120 1148/1148
f 1004/1004 1003/1003 985/985
f 1134/1134 1110/1110 1122/1122
f 1110/1110 1134/1134 1109/1109
f 1123/1123 1121/1121 1138/1138
f 1120/1120 1138/1138 1121/1121
f 1110/1110 1121/1121 1122/1122
f 1354/1354 1378/1378 1474/1474
f 1354/1354 1474/1474 1475/1475
f 1197/1197 1120/1120 1174/1174
f 1113/1113 1174/1174 1120/1120
f 1148/1148 1120/1120 1197/1197
f 1107/1107 1113/1113 1110/1110
f 1110/1110 1120/1120 1121/1121
f 1110/1110 1113/1113 1120/1120
f 1109/1109 1107/1107 1110/1110
f 65/65 35/35 27/27
f 404/404 408/408 407/407
f 1625/1625 1640/1640 1622/1622
f 27/27 35/35 18/18
f 404/404 413/413 408/408
f 408/408 423/423 485/485
f 485/485 423/423 500/500
f 27/27 18/18 17/17
f 17/17 18/18 15/15
f 485/485 500/500 501/501
f 485/485 501/501 486/486
f 1379/1379 1367/1367 1383/1383
f 18/18 20/20 15/15
f 1385/1385 1379/1379 1383/1383
f 20/20 16/16 15/15
f 27/27 17/17 19/19
f 17/17 15/15 11/11
f 19/19 11/11 12/12
f 19/19 17/17 11/11
f 20/20 24/24 16/16
f 1367/1367 1379/1379 1378/1378
f 1379/1379 1464/1464 1378/1378
f 1464/1464 1474/1474 1378/1378
f 1474/1474 1464/1464 1462/1462
f 1379/1379 1386/1386 1464/1464
f 1385/1385 1386/1386 1379/1379
f 1464/1464 1386/1386 1463/1463
f 1104/1104 1107/1107 1106/1106
f 1461/1461 1462/1462 1463/1463
f 1112/1112 1113/1113 1107/1107
f 1113/1113 1112/1112 1144/1144
f 1463/1463 1462/1462 1464/1464
f 1144/1144 1112/1112 1143/1143
f 1104/1104 1112/1112 1107/1107
f 1385/1385 1387/1387 1386/1386
f 11/11 9/9 12/12
f 11/11 15/15 14/14
f 1387/1387 1388/1388 1386/1386
f 1386/1386 1388/1388 1466/1466
f 1386/1386 1466/1466 1463/1463
f 1143/1143 1154/1154 1172/1172
f 15/15 16/16 14/14
f 1186/1186 1144/1144 1143/1143
f 1186/1186 1143/1143 1172/1172
f 1463/1463 1465/1465 1461/1461
f 1143/1143 1112/1112 1111/1111
f 1112/1112 1104/1104 1111/1111
f 1102/1102 1111/1111 1104/1104
f 1143/1143 1118/1118 1154/1154
f 1111/1111 1101/1101 1118/1118
f 1143/1143 1111/1111 1118/1118
f 1186/1186 1174/1174 1144/1144
f 1174/1174 1113/1113 1144/1144
f 11/11 14/14 10/10
f 1172/1172 1154/1154 1147/1147
f 9/9 11/11 10/10
f 1154/1154 1118/1118 1147/1147
f 967/967 965/965 976/976
f 966/966 972/972 965/965
f 965/965 978/978 976/976
f 965/965 972/972 978/978
f 966/966 970/970 972/972
f 972/972 986/986 978/978
f 970/970 977/977 972/972
f 972/972 977/977 986/986
f 987/987 978/978 1001/1001
f 978/978 986/986 1001/1001
f 977/977 985/985 986/986
f 986/986 985/985 1003/1003
f 986/986 1003/1003 1001/1001
f 1134/1134 1122/1122 1124/1124
f 964/964 973/973 980/980
f 964/964 980/980 983/983
f 549/549 553/553 554/554
f 980/980 1006/1006 1005/1005
f 983/983 980/980 1005/1005
f 1008/1008 1006/1006 980/980
f 1008/1008 1009/1009 1006/1006
f 1105/1105 1106/1106 1108/1108
f 1105/1105 1103/1103 1104/1104
f 1105/1105 1104/1104 1106/1106
f 1009/1009 1015/1015 1006/1006
f 1104/1104 1103/1103 1102/1102
f 1102/1102 1101/1101 1111/1111
f 1565/1565 1567/1567 1568/1568
f 1964/1964 1965/1965 1966/1966
f 1565/1565 1566/1566 1567/1567
f 875/875 867/867 866/866
f 865/865 866/866 852/852
f 866/866 867/867 852/852
f 1568/1568 1569/1569 1570/1570
f 1568/1568 1567/1567 1569/1569
f 873/873 865/865 856/856
f 1569/1569 1571/1571 1570/1570
f 1571/1571 1569/1569 1572/1572
f 873/873 856/856 874/874
f 856/856 852/852 844/844
f 867/867 868/868 852/852
f 865/865 852/852 856/856
f 1520/1520 1522/1522 1523/1523
f 852/852 846/846 844/844
f 1577/1577 1570/1570 1574/1574
f 1570/1570 1571/1571 1574/1574
f 1574/1574 1578/1578 1577/1577
f 1574/1574 1571/1571 1573/1573
f 1571/1571 1572/1572 1573/1573
f 874/874 856/856 871/871
f 856/856 844/844 871/871
f 167/167 165/165 166/166
f 846/846 845/845 844/844
f 1520/1520 1521/1521 1522/1522
f 1521/1521 1524/1524 1522/1522
f 1524/1524 1525/1525 1522/1522
f 846/846 851/851 845/845
f 1578/1578 1574/1574 1575/1575
f 1574/1574 1573/1573 1575/1575
f 1575/1575 1573/1573 1576/1576
f 166/166 165/165 149/149
f 149/149 165/165 146/146
f 871/871 862/862 872/872
f 845/845 851/851 842/842
f 851/851 848/848 842/842
f 1524/1524 1526/1526 1525/1525
f 1524/1524 1527/1527 1526/1526
f 896/896 893/893 894/894
f 896/896 898/898 893/893
f 1527/1527 1528/1528 1526/1526
f 844/844 845/845 842/842
f 844/844 843/843 871/871
f 844/844 842/842 843/843
f 842/842 837/837 843/843
f 871/871 843/843 862/862
f 842/842 848/848 838/838
f 848/848 854/854 838/838
f 842/842 838/838 837/837
f 1578/1578 1576/1576 1579/1579
f 1578/1578 1575/1575 1576/1576
f 524/524 521/521 509/509
f 509/509 520/520 473/473
f 509/509 521/521 520/520
f 509/509 484/484 514/514
f 509/509 473/473 484/484
f 1579/1579 1576/1576 1673/1673
f 1579/1579 1673/1673 1676/1676
f 1673/1673 1576/1576 1675/1675
f 473/473 472/472 484/484
f 1573/1573 1683/1683 1576/1576
f 1576/1576 1683/1683 1675/1675
f 1675/1675 1683/1683 1685/1685
f 514/514 484/484 512/512
f 514/514 512/512 519/519
f 1442/1442 1431/1431 1433/1433
f 484/484 503/503 512/512
f 149/149 146/146 84/84
f 872/872 862/862 869/869
f 1429/1429 1430/1430 1431/1431
f 472/472 503/503 484/484
f 84/84 146/146 141/141
f 146/146 151/151 141/141
f 897/897 896/896 894/894
f 897/897 894/894 895/895
f 894/894 892/892 895/895
f 894/894 893/893 892/892
f 893/893 901/901 890/890
f 892/892 893/893 890/890
f 895/895 892/892 891/891
f 1442/1442 1433/1433 1460/1460
f 907/907 914/914 908/908
f 907/907 908/908 901/901
f 1431/1431 1430/1430 1433/1433
f 1433/1433 1430/1430 1452/1452
f 862/862 843/843 836/836
f 843/843 837/837 836/836
f 862/862 836/836 869/869
f 907/907 901/901 898/898
f 898/898 901/901 893/893
f 837/837 838/838 835/835
f 838/838 825/825 835/835
f 836/836 837/837 835/835
f 901/901 908/908 903/903
f 890/890 901/901 903/903
f 1673/1673 1675/1675 1672/1672
f 520/520 474/474 473/473
f 1682/1682 1676/1676 1670/1670
f 1676/1676 1673/1673 1670/1670
f 1673/1673 1672/1672 1670/1670
f 474/474 465/465 473/473
f 473/473 465/465 472/472
f 85/85 84/84 81/81
f 84/84 80/80 81/81
f 84/84 141/141 80/80
f 503/503 472/472 464/464
f 1429/1429 1418/1418 1415/1415
f 81/81 80/80 57/57
f 80/80 141/141 142/142
f 891/891 892/892 881/881
f 891/891 881/881 889/889
f 892/892 890/890 881/881
f 881/881 890/890 880/880
f 890/890 903/903 880/880
f 881/881 880/880 876/876
f 889/889 876/876 888/888
f 889/889 881/881 876/876
f 1430/1430 1441/1441 1452/1452
f 151/151 142/142 141/141
f 869/869 836/836 870/870
f 836/836 827/827 870/870
f 908/908 909/909 903/903
f 835/835 825/825 827/827
f 825/825 826/826 827/827
f 903/903 909/909 904/904
f 880/880 903/903 904/904
f 836/836 835/835 827/827
f 1429/1429 1415/1415 1430/1430
f 1430/1430 1415/1415 1441/1441
f 1670/1670 1672/1672 1671/1671
f 465/465 464/464 472/472
f 1670/1670 1671/1671 1669/1669
f 80/80 78/78 57/57
f 80/80 142/142 78/78
f 1682/1682 1670/1670 1674/1674
f 474/474 471/471 465/465
f 870/870 827/827 861/861
f 57/57 78/78 55/55
f 465/465 449/449 464/464
f 1418/1418 1335/1335 1415/1415
f 1418/1418 1405/1405 1335/1335
f 142/142 86/86 78/78
f 55/55 78/78 86/86
f 142/142 150/150 86/86
f 1415/1415 1334/1334 1441/1441
f 1415/1415 1335/1335 1334/1334
f 517/517 475/475 470/470
f 1563/1563 1564/1564 1562/1562
f 1564/1564 1666/1666 1562/1562
f 1562/1562 1666/1666 1663/1663
f 1674/1674 1670/1670 1667/1667
f 1670/1670 1669/1669 1667/1667
f 1674/1674 1667/1667 1564/1564
f 471/471 449/449 465/465
f 1667/1667 1666/1666 1564/1564
f 1667/1667 1669/1669 1668/1668
f 54/54 47/47 48/48
f 449/449 471/471 470/470
f 449/449 448/448 463/463
f 57/57 55/55 54/54
f 449/449 463/463 464/464
f 86/86 51/51 55/55
f 86/86 144/144 51/51
f 54/54 55/55 47/47
f 1335/1335 1405/1405 1333/1333
f 55/55 51/51 47/47
f 470/470 446/446 449/449
f 1666/1666 1667/1667 1665/1665
f 446/446 448/448 449/449
f 448/448 496/496 463/463
f 1667/1667 1668/1668 1665/1665
f 59/59 48/48 46/46
f 48/48 47/47 46/46
f 1666/1666 1665/1665 1663/1663
f 47/47 45/45 46/46
f 1791/1791 1779/1779 1778/1778
f 804/804 793/793 803/803
f 803/803 793/793 790/790
f 805/805 804/804 803/803
f 805/805 806/806 804/804
f 1880/1880 1883/1883 1881/1881
f 1880/1880 1881/1881 1882/1882
f 1778/1778 1779/1779 1777/1777
f 1880/1880 1882/1882 1884/1884
f 1884/1884 1882/1882 1885/1885
f 1882/1882 1881/1881 1889/1889
f 1882/1882 1889/1889 1885/1885
f 1778/1778 1777/1777 1768/1768
f 1779/1779 1780/1780 1777/1777
f 1780/1780 1776/1776 1777/1777
f 854/854 858/858 825/825
f 854/854 825/825 838/838
f 605/605 576/576 580/580
f 580/580 576/576 570/570
f 858/858 850/850 825/825
f 876/876 880/880 877/877
f 850/850 857/857 834/834
f 825/825 850/850 826/826
f 850/850 832/832 826/826
f 827/827 826/826 828/828
f 826/826 832/832 828/828
f 850/850 834/834 832/832
f 880/880 904/904 877/877
f 639/639 638/638 625/625
f 888/888 876/876 878/878
f 888/888 878/878 883/883
f 876/876 877/877 878/878
f 877/877 904/904 899/899
f 878/878 877/877 879/879
f 879/879 877/877 899/899
f 883/883 878/878 882/882
f 878/878 879/879 882/882
f 909/909 906/906 904/904
f 827/827 828/828 829/829
f 1441/1441 1334/1334 1451/1451
f 827/827 829/829 861/861
f 899/899 904/904 906/906
f 828/828 830/830 829/829
f 828/828 832/832 830/830
f 899/899 906/906 905/905
f 857/857 853/853 834/834
f 853/853 847/847 834/834
f 834/834 830/830 832/832
f 834/834 847/847 830/830
f 639/639 664/664 638/638
f 664/664 665/665 638/638
f 562/562 561/561 563/563
f 570/570 564/564 580/580
f 570/570 562/562 564/564
f 562/562 563/563 564/564
f 564/564 563/563 565/565
f 638/638 653/653 632/632
f 638/638 632/632 625/625
f 632/632 627/627 625/625
f 625/625 627/627 626/626
f 638/638 665/665 653/653
f 609/609 580/580 579/579
f 580/580 564/564 579/579
f 632/632 653/653 633/633
f 653/653 663/663 633/633
f 609/609 579/579 606/606
f 579/579 572/572 606/606
f 563/563 566/566 565/565
f 563/563 594/594 566/566
f 579/579 564/564 565/565
f 579/579 565/565 572/572
f 565/565 566/566 567/567
f 566/566 594/594 597/597
f 566/566 597/597 598/598
f 566/566 598/598 569/569
f 566/566 569/569 567/567
f 567/567 569/569 587/587
f 598/598 597/597 602/602
f 887/887 884/884 885/885
f 1560/1560 1563/1563 1562/1562
f 1560/1560 1562/1562 1561/1561
f 523/523 518/518 469/469
f 261/261 245/245 264/264
f 518/518 468/468 469/469
f 1561/1561 1562/1562 1662/1662
f 1893/1893 1894/1894 1895/1895
f 523/523 469/469 475/475
f 475/475 469/469 446/446
f 475/475 446/446 470/470
f 468/468 442/442 469/469
f 469/469 442/442 446/446
f 1562/1562 1663/1663 1662/1662
f 261/261 240/240 245/245
f 240/240 239/239 245/245
f 344/344 343/343 340/340
f 240/240 238/238 239/239
f 351/351 344/344 340/340
f 340/340 343/343 339/339
f 883/883 882/882 884/884
f 1334/1334 1337/1337 1451/1451
f 86/86 150/150 144/144
f 861/861 829/829 863/863
f 829/829 830/830 831/831
f 1335/1335 1333/1333 1334/1334
f 1334/1334 1333/1333 1332/1332
f 1334/1334 1332/1332 1337/1337
f 906/906 913/913 905/905
f 829/829 833/833 863/863
f 882/882 879/879 899/899
f 853/853 860/860 849/849
f 882/882 885/885 884/884
f 885/885 882/882 886/886
f 882/882 899/899 900/900
f 882/882 900/900 886/886
f 853/853 849/849 847/847
f 900/900 899/899 905/905
f 847/847 849/849 839/839
f 860/860 855/855 849/849
f 900/900 905/905 902/902
f 900/900 902/902 886/886
f 905/905 910/910 902/902
f 886/886 902/902 911/911
f 855/855 841/841 849/849
f 849/849 841/841 839/839
f 1543/1543 1539/1539 1542/1542
f 1542/1542 1539/1539 1541/1541
f 902/902 912/912 911/911
f 1535/1535 1534/1534 1529/1529
f 847/847 831/831 830/830
f 829/829 831/831 833/833
f 839/839 831/831 847/847
f 839/839 833/833 831/831
f 905/905 913/913 910/910
f 839/839 841/841 840/840
f 448/448 491/491 496/496
f 446/446 447/447 448/448
f 448/448 447/447 491/491
f 59/59 46/46 43/43
f 46/46 45/45 43/43
f 1333/1333 1331/1331 1332/1332
f 144/144 137/137 51/51
f 863/863 833/833 864/864
f 1337/1337 1336/1336 1438/1438
f 1337/1337 1332/1332 1336/1336
f 47/47 51/51 45/45
f 45/45 51/51 44/44
f 51/51 137/137 44/44
f 902/902 910/910 912/912
f 1534/1534 1530/1530 1529/1529
f 1438/1438 1336/1336 1339/1339
f 1438/1438 1339/1339 1457/1457
f 1534/1534 1537/1537 1536/1536
f 1534/1534 1536/1536 1530/1530
f 1339/1339 1336/1336 1322/1322
f 1339/1339 1322/1322 1324/1324
f 1339/1339 1324/1324 1340/1340
f 839/839 840/840 833/833
f 833/833 840/840 859/859
f 1549/1549 1542/1542 1545/1545
f 1542/1542 1541/1541 1545/1545
f 1541/1541 1546/1546 1545/1545
f 1549/1549 1545/1545 1548/1548
f 1545/1545 1547/1547 1548/1548
f 1545/1545 1546/1546 1547/1547
f 833/833 859/859 864/864
f 115/115 97/97 136/136
f 239/239 238/238 237/237
f 1543/1543 1544/1544 1539/1539
f 1539/1539 1540/1540 1541/1541
f 1533/1533 1529/1529 1531/1531
f 648/648 646/646 633/633
f 632/632 633/633 627/627
f 633/633 629/629 627/627
f 627/627 629/629 628/628
f 629/629 630/630 628/628
f 823/823 819/819 821/821
f 633/633 646/646 629/629
f 646/646 645/645 629/629
f 629/629 645/645 630/630
f 817/817 816/816 818/818
f 112/112 105/105 113/113
f 630/630 657/657 628/628
f 819/819 817/817 818/818
f 113/113 105/105 103/103
f 630/630 655/655 657/657
f 572/572 565/565 568/568
f 567/567 587/587 588/588
f 588/588 587/587 600/600
f 565/565 567/567 568/568
f 568/568 567/567 588/588
f 587/587 603/603 600/600
f 1793/1793 1795/1795 1796/1796
f 568/568 588/588 590/590
f 588/588 601/601 590/590
f 588/588 600/600 601/601
f 1529/1529 1530/1530 1531/1531
f 1530/1530 1532/1532 1531/1531
f 1340/1340 1324/1324 1417/1417
f 821/821 819/819 820/820
f 819/819 818/818 820/820
f 645/645 655/655 630/630
f 1530/1530 1536/1536 1532/1532
f 820/820 818/818 822/822
f 113/113 103/103 115/115
f 1532/1532 1536/1536 1538/1538
f 115/115 96/96 97/97
f 115/115 103/103 96/96
f 1340/1340 1417/1417 1416/1416
f 96/96 103/103 93/93
f 103/103 99/99 93/93
f 99/99 94/94 93/93
f 1403/1403 1401/1401 1406/1406
f 1561/1561 1662/1662 1660/1660
f 468/468 440/440 442/442
f 440/440 441/441 442/442
f 75/75 82/82 77/77
f 82/82 76/76 77/77
f 442/442 441/441 443/443
f 443/443 441/441 444/444
f 1663/1663 1665/1665 1664/1664
f 442/442 443/443 446/446
f 443/443 445/445 446/446
f 1663/1663 1664/1664 1662/1662
f 79/79 59/59 40/40
f 82/82 79/79 76/76
f 79/79 40/40 76/76
f 441/441 453/453 444/444
f 453/453 451/451 444/444
f 443/443 444/444 445/445
f 444/444 450/450 445/445
f 40/40 39/39 38/38
f 445/445 450/450 498/498
f 76/76 40/40 38/38
f 38/38 39/39 37/37
f 37/37 39/39 101/101
f 444/444 451/451 450/450
f 1341/1341 1327/1327 1329/1329
f 37/37 101/101 98/98
f 59/59 43/43 40/40
f 45/45 44/44 43/43
f 446/446 445/445 447/447
f 447/447 445/445 497/497
f 1332/1332 1331/1331 1326/1326
f 1332/1332 1326/1326 1336/1336
f 447/447 497/497 491/491
f 1331/1331 1328/1328 1326/1326
f 40/40 43/43 39/39
f 43/43 44/44 39/39
f 1336/1336 1326/1326 1322/1322
f 1326/1326 1328/1328 1325/1325
f 1326/1326 1325/1325 1322/1322
f 1325/1325 1323/1323 1322/1322
f 445/445 498/498 497/497
f 1329/1329 1325/1325 1328/1328
f 44/44 117/117 101/101
f 44/44 137/137 117/117
f 137/137 136/136 117/117
f 136/136 97/97 117/117
f 44/44 101/101 39/39
f 1325/1325 1329/1329 1327/1327
f 1325/1325 1327/1327 1323/1323
f 339/339 343/343 329/329
f 329/329 343/343 349/349
f 1323/1323 1327/1327 1330/1330
f 1322/1322 1323/1323 1324/1324
f 1324/1324 1323/1323 1344/1344
f 97/97 95/95 117/117
f 1324/1324 1344/1344 1417/1417
f 95/95 96/96 91/91
f 117/117 95/95 101/101
f 1344/1344 1384/1384 1417/1417
f 97/97 96/96 95/95
f 1416/1416 1417/1417 1402/1402
f 1402/1402 1417/1417 1400/1400
f 93/93 94/94 92/92
f 96/96 93/93 91/91
f 91/91 93/93 92/92
f 1401/1401 1399/1399 1406/1406
f 1369/1369 1406/1406 1368/1368
f 1406/1406 1399/1399 1368/1368
f 1748/1748 1744/1744 1746/1746
f 1402/1402 1400/1400 1401/1401
f 1417/1417 1384/1384 1400/1400
f 1401/1401 1400/1400 1399/1399
f 140/140 139/139 92/92
f 139/139 147/147 129/129
f 140/140 147/147 139/139
f 1323/1323 1330/1330 1344/1344
f 1330/1330 1384/1384 1344/1344
f 95/95 91/91 90/90
f 101/101 95/95 98/98
f 95/95 90/90 98/98
f 1400/1400 1376/1376 1399/1399
f 1399/1399 1376/1376 1368/1368
f 90/90 91/91 89/89
f 91/91 92/92 89/89
f 1368/1368 1376/1376 1356/1356
f 92/92 139/139 89/89
f 71/71 77/77 63/63
f 63/63 77/77 76/76
f 76/76 38/38 36/36
f 38/38 37/37 36/36
f 453/453 455/455 451/451
f 453/453 454/454 455/455
f 451/451 452/452 450/450
f 455/455 452/452 451/451
f 1341/1341 1382/1382 1342/1342
f 1327/1327 1341/1341 1342/1342
f 1327/1327 1338/1338 1330/1330
f 1327/1327 1342/1342 1338/1338
f 98/98 90/90 87/87
f 36/36 37/37 33/33
f 37/37 98/98 33/33
f 98/98 87/87 32/32
f 1330/1330 1338/1338 1384/1384
f 1338/1338 1376/1376 1384/1384
f 1338/1338 1343/1343 1376/1376
f 1376/1376 1343/1343 1356/1356
f 63/63 76/76 58/58
f 76/76 36/36 58/58
f 58/58 31/31 42/42
f 455/455 456/456 452/452
f 58/58 36/36 31/31
f 36/36 33/33 31/31
f 33/33 32/32 31/31
f 98/98 32/32 33/33
f 456/456 482/482 452/452
f 1382/1382 1371/1371 1342/1342
f 1342/1342 1345/1345 1343/1343
f 1342/1342 1343/1343 1338/1338
f 87/87 89/89 88/88
f 89/89 120/120 88/88
f 89/89 138/138 120/120
f 32/32 87/87 30/30
f 87/87 88/88 30/30
f 90/90 89/89 87/87
f 1384/1384 1376/1376 1400/1400
f 89/89 139/139 138/138
f 139/139 125/125 138/138
f 1342/1342 1371/1371 1345/1345
f 32/32 30/30 31/31
f 42/42 31/31 29/29
f 31/31 30/30 29/29
f 88/88 100/100 30/30
f 1068/1068 1070/1070 1069/1069
f 1858/1858 1859/1859 1860/1860
f 1860/1860 1859/1859 1861/1861
f 1860/1860 1861/1861 1862/1862
f 1068/1068 1069/1069 1067/1067
f 1862/1862 1861/1861 1863/1863
f 1862/1862 1863/1863 1864/1864
f 1068/1068 1067/1067 1064/1064
f 1516/1516 1513/1513 1511/1511
f 1516/1516 1511/1511 1517/1517
f 1963/1963 1960/1960 1962/1962
f 1960/1960 1961/1961 1962/1962
f 1511/1511 1510/1510 1518/1518
f 1517/1517 1511/1511 1518/1518
f 942/942 943/943 944/944
f 692/692 730/730 729/729
f 1249/1249 1243/1243 1225/1225
f 1225/1225 1243/1243 1223/1223
f 1511/1511 1513/1513 1508/1508
f 1513/1513 1512/1512 1508/1508
f 692/692 729/729 708/708
f 1225/1225 1223/1223 1224/1224
f 1511/1511 1508/1508 1510/1510
f 692/692 690/690 691/691
f 692/692 708/708 690/690
f 1224/1224 1223/1223 1222/1222
f 1243/1243 1237/1237 1223/1223
f 1243/1243 1247/1247 1237/1237
f 1223/1223 1237/1237 1219/1219
f 1508/1508 1509/1509 1510/1510
f 690/690 708/708 707/707
f 1224/1224 1222/1222 1221/1221
f 691/691 690/690 689/689
f 1508/1508 1512/1512 1509/1509
f 1518/1518 1510/1510 1519/1519
f 1223/1223 1219/1219 1222/1222
f 1237/1237 1234/1234 1219/1219
f 1237/1237 1247/1247 1234/1234
f 1702/1702 1701/1701 1703/1703
f 1247/1247 1248/1248 1234/1234
f 1512/1512 1514/1514 1509/1509
f 691/691 689/689 703/703
f 1222/1222 1219/1219 1221/1221
f 1221/1221 1219/1219 1218/1218
f 1218/1218 1219/1219 1215/1215
f 1219/1219 1234/1234 1215/1215
f 713/713 712/712 711/711
f 713/713 715/715 712/712
f 1704/1704 1709/1709 1705/1705
f 711/711 724/724 713/713
f 942/942 941/941 943/943
f 942/942 940/940 941/941
f 1699/1699 1697/1697 1700/1700
f 1699/1699 1698/1698 1697/1697
f 941/941 940/940 925/925
f 689/689 676/676 688/688
f 688/688 676/676 669/669
f 688/688 669/669 693/693
f 676/676 675/675 669/669
f 676/676 706/706 675/675
f 1704/1704 1706/1706 1710/1710
f 1704/1704 1705/1705 1706/1706
f 703/703 689/689 688/688
f 1509/1509 1514/1514 1515/1515
f 703/703 688/688 716/716
f 1957/1957 1958/1958 1959/1959
f 1691/1691 1692/1692 1693/1693
f 1702/1702 1693/1693 1701/1701
f 1701/1701 1693/1693 1696/1696
f 1248/1248 1238/1238 1234/1234
f 712/712 714/714 694/694
f 712/712 694/694 711/711
f 1710/1710 1706/1706 1708/1708
f 694/694 714/714 716/716
f 694/694 716/716 688/688
f 1706/1706 1707/1707 1708/1708
f 1706/1706 1705/1705 1707/1707
f 694/694 688/688 693/693
f 694/694 693/693 710/710
f 711/711 694/694 710/710
f 711/711 732/732 724/724
f 940/940 922/922 925/925
f 711/711 710/710 732/732
f 1698/1698 1695/1695 1697/1697
f 1697/1697 1695/1695 1692/1692
f 1692/1692 1695/1695 1694/1694
f 1693/1693 1692/1692 1694/1694
f 1693/1693 1694/1694 1696/1696
f 998/998 925/925 934/934
f 689/689 690/690 676/676
f 690/690 707/707 676/676
f 676/676 707/707 706/706
f 707/707 733/733 706/706
f 1221/1221 1218/1218 1214/1214
f 1218/1218 1215/1215 1214/1214
f 1234/1234 1238/1238 1215/1215
f 1214/1214 1215/1215 1216/1216
f 1238/1238 1236/1236 1215/1215
f 1216/1216 1215/1215 1220/1220
f 1215/1215 1236/1236 1220/1220
f 789/789 788/788 773/773
f 693/693 673/673 705/705
f 788/788 784/784 773/773
f 693/693 669/669 673/673
f 673/673 669/669 668/668
f 705/705 702/702 719/719
f 705/705 673/673 702/702
f 773/773 784/784 772/772
f 784/784 768/768 772/772
f 702/702 673/673 668/668
f 784/784 782/782 768/768
f 669/669 675/675 674/674
f 675/675 683/683 674/674
f 773/773 771/771 775/775
f 773/773 772/772 771/771
f 775/775 769/769 776/776
f 775/775 771/771 769/769
f 675/675 706/706 683/683
f 706/706 733/733 731/731
f 706/706 731/731 683/683
f 1311/1311 1313/1313 1300/1300
f 669/669 674/674 670/670
f 674/674 683/683 677/677
f 674/674 677/677 670/670
f 772/772 768/768 771/771
f 668/668 669/669 670/670
f 677/677 683/683 726/726
f 683/683 731/731 726/726
f 693/693 705/705 710/710
f 922/922 923/923 925/925
f 945/945 921/921 922/922
f 925/925 923/923 934/934
f 921/921 919/919 922/922
f 922/922 919/919 923/923
f 921/921 918/918 919/919
f 934/934 923/923 937/937
f 1305/1305 1311/1311 1300/1300
f 1214/1214 1217/1217 1226/1226
f 1214/1214 1216/1216 1217/1217
f 1305/1305 1300/1300 1303/1303
f 1216/1216 1220/1220 1217/1217
f 1217/1217 1220/1220 1228/1228
f 1220/1220 1235/1235 1228/1228
f 1300/1300 1302/1302 1303/1303
f 1798/1798 1803/1803 1799/1799
f 702/702 668/668 671/671
f 702/702 720/720 719/719
f 702/702 671/671 701/701
f 702/702 701/701 720/720
f 771/771 768/768 769/769
f 668/668 670/670 671/671
f 671/671 670/670 672/672
f 782/782 761/761 768/768
f 782/782 785/785 761/761
f 761/761 763/763 768/768
f 726/726 725/725 677/677
f 670/670 677/677 672/672
f 768/768 763/763 769/769
f 918/918 915/915 917/917
f 918/918 917/917 919/919
f 919/919 924/924 923/923
f 923/923 924/924 937/937
f 919/919 920/920 924/924
f 1313/1313 1301/1301 1300/1300
f 1300/1300 1301/1301 1302/1302
f 1233/1233 1232/1232 1228/1228
f 937/937 924/924 994/994
f 701/701 671/671 686/686
f 701/701 721/721 720/720
f 695/695 686/686 680/680
f 701/701 695/695 722/722
f 701/701 686/686 695/695
f 722/722 721/721 701/701
f 671/671 672/672 678/678
f 671/671 678/678 686/686
f 763/763 770/770 769/769
f 677/677 725/725 672/672
f 1313/1313 1312/1312 1301/1301
f 686/686 678/678 680/680
f 783/783 762/762 761/761
f 761/761 762/762 763/763
f 785/785 783/783 761/761
f 763/763 762/762 764/764
f 763/763 764/764 770/770
f 672/672 727/727 709/709
f 915/915 916/916 917/917
f 917/917 916/916 920/920
f 916/916 927/927 920/920
f 919/919 917/917 920/920
f 920/920 926/926 924/924
f 920/920 928/928 926/926
f 927/927 928/928 920/920
f 1312/1312 1304/1304 1301/1301
f 924/924 926/926 994/994
f 926/926 993/993 994/994
f 1306/1306 1302/1302 1304/1304
f 1232/1232 1230/1230 1228/1228
f 1798/1798 1799/1799 1800/1800
f 1800/1800 1799/1799 1801/1801
f 1801/1801 1799/1799 1802/1802
f 1802/1802 1807/1807 1801/1801
f 1801/1801 1812/1812 1800/1800
f 1801/1801 1814/1814 1812/1812
f 1812/1812 1814/1814 1818/1818
f 1726/1726 1724/1724 1723/1723
f 1801/1801 1797/1797 1814/1814
f 1855/1855 1856/1856 1857/1857
f 695/695 680/680 684/684
f 938/938 927/927 916/916
f 684/684 696/696 695/695
f 695/695 696/696 722/722
f 767/767 786/786 781/781
f 938/938 933/933 930/930
f 678/678 679/679 680/680
f 678/678 672/672 679/679
f 672/672 709/709 679/679
f 709/709 687/687 679/679
f 783/783 767/767 762/762
f 770/770 764/764 778/778
f 764/764 766/766 778/778
f 767/767 765/765 762/762
f 762/762 765/765 764/764
f 765/765 766/766 764/764
f 680/680 679/679 681/681
f 767/767 781/781 765/765
f 778/778 766/766 774/774
f 926/926 928/928 932/932
f 927/927 929/929 928/928
f 938/938 930/930 927/927
f 927/927 930/930 929/929
f 696/696 684/684 700/700
f 696/696 700/700 718/718
f 696/696 718/718 722/722
f 700/700 684/684 685/685
f 700/700 685/685 699/699
f 781/781 786/786 787/787
f 699/699 717/717 704/704
f 699/699 685/685 697/697
f 699/699 704/704 700/700
f 781/781 787/787 780/780
f 700/700 704/704 718/718
f 933/933 939/939 935/935
f 684/684 680/680 681/681
f 681/681 679/679 682/682
f 684/684 681/681 685/685
f 765/765 774/774 766/766
f 679/679 687/687 682/682
f 681/681 682/682 685/685
f 765/765 777/777 774/774
f 685/685 682/682 697/697
f 682/682 698/698 697/697
f 386/386 389/389 387/387
f 781/781 777/777 765/765
f 781/781 780/780 777/777
f 682/682 687/687 723/723
f 1209/1209 1200/1200 1208/1208
f 1314/1314 1315/1315 1309/1309
f 930/930 933/933 929/929
f 928/928 931/931 932/932
f 932/932 931/931 991/991
f 929/929 931/931 928/928
f 933/933 935/935 929/929
f 935/935 936/936 929/929
f 1291/1291 1286/1286 1290/1290
f 929/929 936/936 931/931
f 1308/1308 1309/1309 1495/1495
f 1182/1182 1150/1150 1153/1153
f 1309/1309 1315/1315 1495/1495
f 1802/1802 1808/1808 1807/1807
f 1808/1808 1794/1794 1807/1807
f 1802/1802 1809/1809 1808/1808
f 1808/1808 1817/1817 1813/1813
f 1808/1808 1813/1813 1794/1794
f 1797/1797 1794/1794 1793/1793
f 1723/1723 1724/1724 1725/1725
f 1793/1793 1794/1794 1795/1795
f 1794/1794 1815/1815 1795/1795
f 1321/1321 1422/1422 1372/1372
f 1422/1422 1370/1370 1372/1372
f 1813/1813 1815/1815 1794/1794
f 1813/1813 1816/1816 1815/1815
f 386/386 385/385 383/383
f 1422/1422 1423/1423 1370/1370
f 1423/1423 1419/1419 1370/1370
f 1420/1420 1406/1406 1369/1369
f 1420/1420 1369/1369 1419/1419
f 1744/1744 1745/1745 1746/1746
f 148/148 131/131 147/147
f 1052/1052 1053/1053 1055/1055
f 1052/1052 1051/1051 1053/1053
f 1419/1419 1369/1369 1370/1370
f 1370/1370 1369/1369 1364/1364
f 131/131 132/132 128/128
f 1364/1364 1363/1363 1370/1370
f 1168/1168 1175/1175 1164/1164
f 1175/1175 1170/1170 1164/1164
f 1165/1165 1168/1168 1164/1164
f 1287/1287 1286/1286 1289/1289
f 1286/1286 1287/1287 1288/1288
f 955/955 954/954 957/957
f 955/955 949/949 954/954
f 957/957 954/954 968/968
f 954/954 949/949 953/953
f 948/948 953/953 949/949
f 953/953 967/967 969/969
f 954/954 969/969 968/968
f 954/954 953/953 969/969
f 387/387 385/385 386/386
f 1953/1953 1956/1956 1954/1954
f 387/387 388/388 385/385
f 780/780 779/779 777/777
f 777/777 779/779 774/774
f 1210/1210 1201/1201 1194/1194
f 1953/1953 1954/1954 1955/1955
f 1191/1191 1194/1194 1175/1175
f 1208/1208 1200/1200 1201/1201
f 1314/1314 1316/1316 1315/1315
f 1316/1316 1494/1494 1317/1317
f 1316/1316 1317/1317 1315/1315
f 1286/1286 1288/1288 1290/1290
f 936/936 957/957 968/968
f 936/936 968/968 931/931
f 968/968 982/982 931/931
f 931/931 988/988 991/991
f 931/931 982/982 988/988
f 968/968 989/989 982/982
f 968/968 981/981 989/989
f 982/982 989/989 988/988
f 1192/1192 1133/1133 1183/1183
f 1315/1315 1493/1493 1495/1495
f 1200/1200 1151/1151 1149/1149
f 1151/1151 1150/1150 1149/1149
f 991/991 988/988 1002/1002
f 1183/1183 1133/1133 1150/1150
f 1182/1182 1183/1183 1150/1150
f 1150/1150 1133/1133 1149/1149
f 1492/1492 1490/1490 1317/1317
f 1494/1494 1492/1492 1317/1317
f 1175/1175 1194/1194 1170/1170
f 1194/1194 1201/1201 1185/1185
f 1194/1194 1185/1185 1170/1170
f 1317/1317 1490/1490 1315/1315
f 1315/1315 1490/1490 1493/1493
f 1201/1201 1200/1200 1185/1185
f 1170/1170 1185/1185 1163/1163
f 1492/1492 1489/1489 1490/1490
f 1164/1164 1170/1170 1163/1163
f 1185/1185 1137/1137 1167/1167
f 1192/1192 1130/1130 1133/1133
f 1491/1491 1490/1490 1488/1488
f 1192/1192 1129/1129 1130/1130
f 1130/1130 1131/1131 1132/1132
f 1149/1149 1133/1133 1132/1132
f 1149/1149 1132/1132 1137/1137
f 1490/1490 1491/1491 1493/1493
f 1200/1200 1149/1149 1185/1185
f 1185/1185 1149/1149 1137/1137
f 1133/1133 1130/1130 1132/1132
f 1137/1137 1131/1131 1167/1167
f 1137/1137 1132/1132 1131/1131
f 1369/1369 1368/1368 1364/1364
f 147/147 131/131 129/129
f 131/131 128/128 129/129
f 1364/1364 1361/1361 1363/1363
f 132/132 133/133 128/128
f 1368/1368 1361/1361 1364/1364
f 129/129 128/128 126/126
f 128/128 127/127 126/126
f 1363/1363 1361/1361 1362/1362
f 133/133 135/135 128/128
f 1363/1363 1362/1362 1398/1398
f 1164/1164 1161/1161 1165/1165
f 128/128 135/135 127/127
f 1165/1165 1161/1161 1169/1169
f 1368/1368 1356/1356 1359/1359
f 1368/1368 1359/1359 1361/1361
f 130/130 126/126 125/125
f 129/129 130/130 139/139
f 129/129 126/126 130/130
f 1361/1361 1360/1360 1362/1362
f 1361/1361 1359/1359 1360/1360
f 126/126 127/127 124/124
f 1169/1169 1160/1160 1193/1193
f 1169/1169 1161/1161 1160/1160
f 1129/1129 1126/1126 1128/1128
f 1488/1488 1484/1484 1486/1486
f 1483/1483 1480/1480 1484/1484
f 1484/1484 1480/1480 1486/1486
f 1128/1128 1126/1126 1127/1127
f 1136/1136 1128/1128 1127/1127
f 1490/1490 1489/1489 1484/1484
f 1485/1485 1484/1484 1489/1489
f 1164/1164 1163/1163 1161/1161
f 1163/1163 1162/1162 1161/1161
f 1163/1163 1185/1185 1167/1167
f 1163/1163 1167/1167 1162/1162
f 1490/1490 1484/1484 1488/1488
f 1129/1129 1128/1128 1130/1130
f 1130/1130 1128/1128 1131/1131
f 1161/1161 1162/1162 1159/1159
f 1485/1485 1483/1483 1484/1484
f 1167/1167 1166/1166 1162/1162
f 1167/1167 1136/1136 1166/1166
f 1162/1162 1166/1166 1159/1159
f 1167/1167 1131/1131 1136/1136
f 1131/1131 1128/1128 1136/1136
f 1356/1356 1355/1355 1359/1359
f 1360/1360 1358/1358 1377/1377
f 1356/1356 1343/1343 1355/1355
f 138/138 125/125 120/120
f 1355/1355 1343/1343 1346/1346
f 1358/1358 1355/1355 1357/1357
f 1359/1359 1355/1355 1358/1358
f 125/125 124/124 120/120
f 1358/1358 1357/1357 1377/1377
f 1357/1357 1349/1349 1377/1377
f 1157/1157 1156/1156 1155/1155
f 124/124 123/123 120/120
f 1193/1193 1158/1158 1157/1157
f 1158/1158 1156/1156 1157/1157
f 139/139 130/130 125/125
f 126/126 124/124 125/125
f 1359/1359 1358/1358 1360/1360
f 1160/1160 1161/1161 1159/1159
f 1193/1193 1160/1160 1158/1158
f 1160/1160 1159/1159 1158/1158
f 1156/1156 1166/1166 1142/1142
f 1483/1483 1479/1479 1480/1480
f 1159/1159 1166/1166 1156/1156
f 1136/1136 1142/1142 1166/1166
f 1486/1486 1480/1480 1487/1487
f 1136/1136 1127/1127 1142/1142
f 1156/1156 1142/1142 1155/1155
f 1159/1159 1156/1156 1158/1158
f 1124/1124 1125/1125 1126/1126
f 1487/1487 1480/1480 1481/1481
f 1127/1127 1125/1125 1142/1142
f 1127/1127 1126/1126 1125/1125
f 1479/1479 1478/1478 1480/1480
f 1480/1480 1478/1478 1481/1481
f 1142/1142 1125/1125 1139/1139
f 1343/1343 1345/1345 1346/1346
f 1345/1345 1347/1347 1346/1346
f 88/88 120/120 100/100
f 100/100 120/120 119/119
f 1346/1346 1357/1357 1355/1355
f 1346/1346 1348/1348 1349/1349
f 1357/1357 1346/1346 1349/1349
f 1346/1346 1347/1347 1348/1348
f 1348/1348 1477/1477 1349/1349
f 123/123 121/121 120/120
f 120/120 121/121 119/119
f 1157/1157 1155/1155 1171/1171
f 100/100 28/28 30/30
f 1345/1345 1350/1350 1347/1347
f 100/100 119/119 28/28
f 1347/1347 1352/1352 1348/1348
f 1348/1348 1352/1352 1477/1477
f 119/119 121/121 122/122
f 1171/1171 1155/1155 1173/1173
f 1479/1479 1477/1477 1478/1478
f 1142/1142 1139/1139 1155/1155
f 1139/1139 1125/1125 1123/1123
f 1124/1124 1123/1123 1125/1125
f 1173/1173 1155/1155 1138/1138
f 999/999 998/998 997/997
f 998/998 934/934 997/997
f 1236/1236 1235/1235 1220/1220
f 934/934 937/937 996/996
f 934/934 996/996 997/997
f 1236/1236 1244/1244 1235/1235
f 1244/1244 1233/1233 1235/1235
f 1235/1235 1233/1233 1228/1228
f 937/937 994/994 996/996
f 1244/1244 1242/1242 1233/1233
f 1242/1242 1232/1232 1233/1233
f 1242/1242 1239/1239 1232/1232
f 994/994 993/993 995/995
f 993/993 992/992 995/995
f 1232/1232 1239/1239 1230/1230
f 926/926 992/992 993/993
f 926/926 932/932 992/992
f 932/932 991/991 992/992
f 1246/1246 1240/1240 1239/1239
f 1239/1239 1240/1240 1230/1230
f 1240/1240 1241/1241 1230/1230
f 992/992 991/991 1000/1000
f 991/991 1002/1002 1000/1000
f 1240/1240 1245/1245 1241/1241
f 968/968 969/969 981/981
f 981/981 1007/1007 989/989
f 967/967 979/979 969/969
f 967/967 976/976 979/979
f 969/969 979/979 981/981
f 979/979 990/990 981/981
f 981/981 990/990 1007/1007
f 990/990 1014/1014 1007/1007
f 979/979 976/976 990/990
f 976/976 987/987 990/990
f 976/976 978/978 987/987
f 987/987 1014/1014 990/990
f 987/987 1001/1001 1014/1014
f 1884/1884 1885/1885 1886/1886
f 793/793 791/791 790/790
f 790/790 791/791 792/792
f 791/791 794/794 792/792
f 1886/1886 1887/1887 1888/1888
f 1888/1888 1887/1887 1890/1890
f 792/792 794/794 795/795
f 1888/1888 1890/1890 1891/1891
f 1885/1885 1887/1887 1886/1886
f 1885/1885 1889/1889 1887/1887
f 1777/1777 1766/1766 1768/1768
f 1768/1768 1766/1766 1767/1767
f 1777/1777 1776/1776 1766/1766
f 1767/1767 1766/1766 1765/1765
f 1765/1765 1766/1766 1764/1764
f 1766/1766 1774/1774 1764/1764
f 1776/1776 1774/1774 1766/1766
f 792/792 795/795 796/796
f 1891/1891 1890/1890 1892/1892
f 796/796 795/795 797/797
f 814/814 797/797 813/813
f 642/642 641/641 640/640
f 642/642 640/640 644/644
f 1502/1502 1504/1504 1497/1497
f 644/644 640/640 647/647
f 642/642 661/661 641/641
f 661/661 667/667 641/641
f 1502/1502 1497/1497 1500/1500
f 1500/1500 1497/1497 1499/1499
f 796/796 797/797 814/814
f 797/797 795/795 798/798
f 169/169 168/168 163/163
f 168/168 164/164 163/163
f 797/797 798/798 799/799
f 799/799 798/798 800/800
f 1497/1497 1506/1506 1498/1498
f 644/644 647/647 662/662
f 1504/1504 1506/1506 1497/1497
f 1455/1455 1450/1450 1454/1454
f 1497/1497 1498/1498 1499/1499
f 1455/1455 1454/1454 1458/1458
f 163/163 164/164 162/162
f 163/163 162/162 161/161
f 1774/1774 1772/1772 1764/1764
f 1774/1774 1773/1773 1772/1772
f 1765/1765 1764/1764 1763/1763
f 1763/1763 1764/1764 1762/1762
f 1764/1764 1772/1772 1762/1762
f 1792/1792 1790/1790 1773/1773
f 1790/1790 1769/1769 1773/1773
f 1790/1790 1789/1789 1769/1769
f 1773/1773 1769/1769 1772/1772
f 608/608 593/593 585/585
f 1500/1500 1499/1499 1501/1501
f 1501/1501 1499/1499 1503/1503
f 593/593 592/592 584/584
f 593/593 584/584 585/585
f 585/585 584/584 583/583
f 1503/1503 1499/1499 1505/1505
f 592/592 591/591 584/584
f 584/584 591/591 582/582
f 1769/1769 1789/1789 1770/1770
f 1763/1763 1762/1762 1760/1760
f 1762/1762 1761/1761 1760/1760
f 1762/1762 1772/1772 1761/1761
f 1769/1769 1771/1771 1772/1772
f 1458/1458 1454/1454 1459/1459
f 1505/1505 1499/1499 1498/1498
f 1498/1498 1507/1507 1505/1505
f 1760/1760 1759/1759 1758/1758
f 1760/1760 1761/1761 1759/1759
f 1771/1771 1761/1761 1772/1772
f 1769/1769 1770/1770 1771/1771
f 1063/1063 1057/1057 1059/1059
f 1059/1059 1043/1043 1060/1060
f 1059/1059 1031/1031 1043/1043
f 641/641 637/637 640/640
f 640/640 637/637 636/636
f 640/640 636/636 647/647
f 641/641 651/651 637/637
f 641/641 667/667 651/651
f 585/585 583/583 607/607
f 607/607 583/583 581/581
f 651/651 635/635 637/637
f 637/637 635/635 636/636
f 813/813 797/797 799/799
f 647/647 636/636 649/649
f 1456/1456 1450/1450 1455/1455
f 1454/1454 1450/1450 1453/1453
f 813/813 799/799 812/812
f 1450/1450 1449/1449 1453/1453
f 161/161 162/162 158/158
f 651/651 666/666 635/635
f 636/636 635/635 634/634
f 635/635 666/666 654/654
f 634/634 643/643 636/636
f 812/812 799/799 802/802
f 799/799 801/801 802/802
f 800/800 801/801 799/799
f 1450/1450 1447/1447 1449/1449
f 636/636 643/643 649/649
f 649/649 643/643 658/658
f 161/161 158/158 156/156
f 1447/1447 1448/1448 1449/1449
f 1789/1789 1786/1786 1770/1770
f 583/583 584/584 577/577
f 584/584 582/582 577/577
f 583/583 577/577 581/581
f 577/577 582/582 578/578
f 1770/1770 1786/1786 1775/1775
f 1771/1771 1759/1759 1761/1761
f 1771/1771 1775/1775 1759/1759
f 1770/1770 1775/1775 1771/1771
f 1759/1759 1752/1752 1758/1758
f 1775/1775 1781/1781 1759/1759
f 1060/1060 1043/1043 1061/1061
f 1786/1786 1782/1782 1775/1775
f 1786/1786 1788/1788 1782/1782
f 581/581 575/575 604/604
f 581/581 577/577 575/575
f 577/577 574/574 575/575
f 1788/1788 1783/1783 1782/1782
f 577/577 578/578 574/574
f 1758/1758 1752/1752 1757/1757
f 1759/1759 1781/1781 1752/1752
f 1775/1775 1782/1782 1781/1781
f 1757/1757 1752/1752 1750/1750
f 1752/1752 1781/1781 1751/1751
f 1752/1752 1751/1751 1750/1750
f 1782/1782 1783/1783 1781/1781
f 1061/1061 1043/1043 1062/1062
f 1062/1062 1043/1043 1040/1040
f 812/812 808/808 807/807
f 635/635 654/654 622/622
f 635/635 622/622 634/634
f 634/634 622/622 624/624
f 634/634 624/624 643/643
f 624/624 652/652 643/643
f 812/812 802/802 808/808
f 154/154 156/156 155/155
f 643/643 652/652 658/658
f 1448/1448 1447/1447 1446/1446
f 156/156 158/158 155/155
f 1447/1447 1445/1445 1446/1446
f 807/807 808/808 809/809
f 622/622 654/654 639/639
f 654/654 664/664 639/639
f 624/624 623/623 652/652
f 622/622 623/623 624/624
f 623/623 656/656 652/652
f 622/622 625/625 623/623
f 639/639 625/625 622/622
f 1446/1446 1445/1445 1444/1444
f 153/153 154/154 152/152
f 153/153 152/152 145/145
f 154/154 155/155 152/152
f 1445/1445 1443/1443 1444/1444
f 1444/1444 1443/1443 1421/1421
f 578/578 589/589 574/574
f 1788/1788 1787/1787 1783/1783
f 604/604 575/575 576/576
f 575/575 571/571 576/576
f 575/575 574/574 571/571
f 574/574 589/589 573/573
f 574/574 573/573 571/571
f 573/573 589/589 596/596
f 158/158 159/159 155/155
f 155/155 159/159 160/160
f 1750/1750 1737/1737 1739/1739
f 1750/1750 1751/1751 1737/1737
f 1781/1781 1784/1784 1751/1751
f 1062/1062 1045/1045 1065/1065
f 1787/1787 1785/1785 1783/1783
f 1783/1783 1785/1785 1784/1784
f 1783/1783 1784/1784 1781/1781
f 1062/1062 1040/1040 1045/1045
f 604/604 576/576 605/605
f 576/576 571/571 570/570
f 571/571 560/560 570/570
f 571/571 573/573 560/560
f 1751/1751 1784/1784 1737/1737
f 1784/1784 1732/1732 1737/1737
f 1444/1444 1421/1421 1435/1435
f 155/155 160/160 157/157
f 152/152 155/155 157/157
f 1738/1738 1739/1739 1737/1737
f 560/560 573/573 586/586
f 573/573 596/596 586/586
f 1787/1787 1727/1727 1785/1785
f 1785/1785 1730/1730 1784/1784
f 1730/1730 1732/1732 1784/1784
f 1819/1819 1804/1804 1798/1798
f 1065/1065 1045/1045 1066/1066
f 570/570 560/560 562/562
f 560/560 561/561 562/562
f 560/560 586/586 561/561
f 1727/1727 1730/1730 1785/1785
f 586/586 596/596 599/599
f 1727/1727 1728/1728 1729/1729
f 1727/1727 1729/1729 1730/1730
f 1066/1066 1045/1045 1054/1054
f 1730/1730 1729/1729 1731/1731
f 1054/1054 1045/1045 1044/1044
f 1730/1730 1731/1731 1732/1732
f 1732/1732 1731/1731 1733/1733
f 1045/1045 1039/1039 1044/1044
f 1040/1040 1039/1039 1045/1045
f 1040/1040 1034/1034 1039/1039
f 809/809 808/808 810/810
f 809/809 810/810 811/811
f 625/625 626/626 623/623
f 623/623 631/631 656/656
f 626/626 631/631 623/623
f 811/811 810/810 815/815
f 808/808 824/824 810/810
f 1443/1443 1411/1411 1421/1421
f 656/656 631/631 660/660
f 152/152 114/114 145/145
f 152/152 157/157 114/114
f 145/145 111/111 143/143
f 145/145 114/114 111/111
f 631/631 659/659 660/660
f 114/114 109/109 111/111
f 143/143 111/111 110/110
f 114/114 116/116 109/109
f 631/631 650/650 659/659
f 811/811 816/816 817/817
f 811/811 815/815 816/816
f 110/110 107/107 112/112
f 110/110 111/111 109/109
f 110/110 109/109 107/107
f 1421/1421 1414/1414 1435/1435
f 114/114 157/157 116/116
f 1737/1737 1732/1732 1736/1736
f 1738/1738 1737/1737 1736/1736
f 1421/1421 1411/1411 1414/1414
f 1410/1410 1408/1408 1411/1411
f 1411/1411 1408/1408 1414/1414
f 1738/1738 1736/1736 1749/1749
f 1736/1736 1740/1740 1749/1749
f 1736/1736 1732/1732 1734/1734
f 1427/1427 1408/1408 1412/1412
f 1414/1414 1408/1408 1427/1427
f 1740/1740 1736/1736 1734/1734
f 561/561 586/586 595/595
f 563/563 561/561 595/595
f 586/586 599/599 595/595
f 1044/1044 1039/1039 1042/1042
f 1819/1819 1820/1820 1821/1821
f 1042/1042 1039/1039 1041/1041
f 1042/1042 1041/1041 1046/1046
f 1798/1798 1800/1800 1819/1819
f 1819/1819 1800/1800 1820/1820
f 563/563 595/595 594/594
f 1733/1733 1734/1734 1732/1732
f 1733/1733 1735/1735 1734/1734
f 1042/1042 1046/1046 1047/1047
f 1046/1046 1041/1041 1048/1048
f 1410/1410 1437/1437 1409/1409
f 627/627 628/628 626/626
f 626/626 628/628 650/650
f 626/626 650/650 631/631
f 1408/1408 1409/1409 1404/1404
f 1408/1408 1404/1404 1407/1407
f 1408/1408 1407/1407 1412/1412
f 1410/1410 1409/1409 1408/1408
f 109/109 116/116 108/108
f 1749/1749 1740/1740 1754/1754
f 109/109 108/108 107/107
f 107/107 108/108 106/106
f 1754/1754 1740/1740 1755/1755
f 594/594 595/595 597/597
f 1049/1049 1047/1047 1046/1046
f 1049/1049 1046/1046 1048/1048
f 1740/1740 1735/1735 1741/1741
f 1735/1735 1742/1742 1741/1741
f 1318/1318 1319/1319 1320/1320
f 1735/1735 1743/1743 1742/1742
f 1734/1734 1735/1735 1740/1740
f 628/628 657/657 650/650
f 1437/1437 1413/1413 1409/1409
f 112/112 107/107 105/105
f 107/107 106/106 105/105
f 1407/1407 1404/1404 1403/1403
f 1740/1740 1741/1741 1755/1755
f 103/103 105/105 99/99
f 1409/1409 1413/1413 1404/1404
f 1413/1413 1416/1416 1404/1404
f 105/105 106/106 104/104
f 1755/1755 1741/1741 1756/1756
f 1742/1742 1743/1743 1745/1745
f 1741/1741 1742/1742 1744/1744
f 105/105 104/104 99/99
f 1416/1416 1402/1402 1404/1404
f 1404/1404 1402/1402 1403/1403
f 99/99 104/104 102/102
f 99/99 102/102 94/94
f 1756/1756 1741/1741 1747/1747
f 1741/1741 1744/1744 1747/1747
f 1742/1742 1745/1745 1744/1744
f 1403/1403 1402/1402 1401/1401
f 1756/1756 1747/1747 1753/1753
f 1753/1753 1747/1747 1748/1748
f 1747/1747 1744/1744 1748/1748
f 94/94 102/102 92/92
f 102/102 140/140 92/92
f 1864/1864 1863/1863 1865/1865
f 1865/1865 1875/1875 1871/1871
f 1067/1067 1058/1058 1064/1064
f 1864/1864 1865/1865 1866/1866
f 1866/1866 1865/1865 1867/1867
f 1875/1875 1877/1877 1871/1871
f 1865/1865 1871/1871 1867/1867
f 1064/1064 1058/1058 1057/1057
f 1871/1871 1877/1877 1873/1873
f 1877/1877 1878/1878 1873/1873
f 1867/1867 1871/1871 1873/1873
f 1064/1064 1057/1057 1063/1063
f 1057/1057 1058/1058 1026/1026
f 1866/1866 1867/1867 1868/1868
f 1878/1878 1872/1872 1873/1873
f 1878/1878 1879/1879 1872/1872
f 1868/1868 1867/1867 1869/1869
f 1057/1057 1026/1026 1027/1027
f 1867/1867 1873/1873 1869/1869
f 1873/1873 1872/1872 1869/1869
f 1869/1869 1870/1870 1868/1868
f 1869/1869 1872/1872 1870/1870
f 1831/1831 1829/1829 1827/1827
f 1296/1296 1292/1292 1299/1299
f 1296/1296 1295/1295 1292/1292
f 1827/1827 1829/1829 1811/1811
f 1827/1827 1826/1826 1828/1828
f 1827/1827 1811/1811 1826/1826
f 1292/1292 1295/1295 1293/1293
f 1057/1057 1027/1027 1059/1059
f 1027/1027 1026/1026 1025/1025
f 1026/1026 1022/1022 1025/1025
f 1059/1059 1027/1027 1031/1031
f 1027/1027 1025/1025 1031/1031
f 1025/1025 1028/1028 1031/1031
f 1870/1870 1872/1872 1874/1874
f 1872/1872 1876/1876 1874/1874
f 1022/1022 1024/1024 1025/1025
f 1022/1022 1023/1023 1024/1024
f 1085/1085 1083/1083 1084/1084
f 1828/1828 1826/1826 1834/1834
f 1834/1834 1826/1826 1835/1835
f 1025/1025 1024/1024 1028/1028
f 378/378 377/377 376/376
f 1879/1879 1876/1876 1872/1872
f 1085/1085 1086/1086 1083/1083
f 378/378 381/381 382/382
f 378/378 376/376 381/381
f 1299/1299 1292/1292 1294/1294
f 1292/1292 1293/1293 1294/1294
f 1294/1294 1293/1293 1297/1297
f 1811/1811 1829/1829 1810/1810
f 1031/1031 1028/1028 1043/1043
f 1028/1028 1024/1024 1029/1029
f 1084/1084 1083/1083 1080/1080
f 1083/1083 1082/1082 1080/1080
f 1043/1043 1028/1028 1030/1030
f 1811/1811 1825/1825 1826/1826
f 1826/1826 1825/1825 1835/1835
f 1028/1028 1029/1029 1030/1030
f 377/377 370/370 376/376
f 381/381 376/376 372/372
f 376/376 370/370 372/372
f 1810/1810 1806/1806 1811/1811
f 1297/1297 1298/1298 1294/1294
f 1810/1810 1805/1805 1806/1806
f 1835/1835 1825/1825 1836/1836
f 1811/1811 1806/1806 1825/1825
f 1030/1030 1029/1029 1032/1032
f 1079/1079 1080/1080 1078/1078
f 1080/1080 1082/1082 1078/1078
f 1043/1043 1030/1030 1040/1040
f 1030/1030 1032/1032 1033/1033
f 1079/1079 1078/1078 1077/1077
f 1079/1079 1077/1077 1071/1071
f 1077/1077 1078/1078 1074/1074
f 1082/1082 1074/1074 1078/1078
f 370/370 371/371 372/372
f 1082/1082 1087/1087 1074/1074
f 1226/1226 1217/1217 1227/1227
f 1227/1227 1217/1217 1228/1228
f 1213/1213 1207/1207 1212/1212
f 1806/1806 1805/1805 1804/1804
f 1806/1806 1824/1824 1825/1825
f 1806/1806 1804/1804 1824/1824
f 1803/1803 1804/1804 1805/1805
f 1439/1439 1436/1436 1440/1440
f 1071/1071 1077/1077 1074/1074
f 1824/1824 1832/1832 1825/1825
f 1040/1040 1030/1030 1034/1034
f 1439/1439 1434/1434 1436/1436
f 1030/1030 1033/1033 1034/1034
f 1071/1071 1074/1074 1072/1072
f 370/370 373/373 371/371
f 1804/1804 1803/1803 1798/1798
f 1804/1804 1819/1819 1824/1824
f 1819/1819 1821/1821 1824/1824
f 1824/1824 1821/1821 1832/1832
f 1033/1033 1035/1035 1034/1034
f 1071/1071 1072/1072 1073/1073
f 1034/1034 1036/1036 1039/1039
f 373/373 374/374 371/371
f 373/373 375/375 374/374
f 1074/1074 1087/1087 1075/1075
f 1072/1072 1074/1074 1075/1075
f 1087/1087 1195/1195 1075/1075
f 1212/1212 1207/1207 1211/1211
f 1207/1207 1206/1206 1211/1211
f 672/672 725/725 727/727
f 1211/1211 1206/1206 1205/1205
f 1301/1301 1304/1304 1302/1302
f 1207/1207 1198/1198 1206/1206
f 1227/1227 1228/1228 1229/1229
f 1229/1229 1228/1228 1230/1230
f 1821/1821 1830/1830 1832/1832
f 1821/1821 1820/1820 1830/1830
f 1820/1820 1822/1822 1830/1830
f 1830/1830 1822/1822 1833/1833
f 1039/1039 1036/1036 1041/1041
f 1434/1434 1381/1381 1436/1436
f 1434/1434 1432/1432 1381/1381
f 1034/1034 1035/1035 1036/1036
f 1073/1073 1072/1072 1075/1075
f 1073/1073 1075/1075 1076/1076
f 1035/1035 1037/1037 1036/1036
f 1432/1432 1380/1380 1381/1381
f 1041/1041 1036/1036 1038/1038
f 1380/1380 1374/1374 1381/1381
f 1425/1425 1381/1381 1424/1424
f 1381/1381 1374/1374 1424/1424
f 1036/1036 1037/1037 1038/1038
f 1076/1076 1181/1181 1203/1203
f 375/375 383/383 379/379
f 375/375 379/379 374/374
f 1188/1188 1179/1179 1180/1180
f 1195/1195 1180/1180 1075/1075
f 1180/1180 1081/1081 1075/1075
f 1081/1081 1180/1180 1179/1179
f 1075/1075 1081/1081 1076/1076
f 1076/1076 1081/1081 1181/1181
f 374/374 379/379 380/380
f 1800/1800 1822/1822 1820/1820
f 1428/1428 1372/1372 1380/1380
f 1800/1800 1812/1812 1822/1822
f 1812/1812 1823/1823 1822/1822
f 1320/1320 1372/1372 1428/1428
f 1049/1049 1048/1048 1051/1051
f 1048/1048 1050/1050 1051/1051
f 1372/1372 1373/1373 1374/1374
f 1374/1374 1373/1373 1426/1426
f 1041/1041 1038/1038 1050/1050
f 1041/1041 1050/1050 1048/1048
f 1204/1204 1203/1203 1181/1181
f 1380/1380 1372/1372 1374/1374
f 383/383 384/384 379/379
f 1190/1190 1179/1179 1188/1188
f 1374/1374 1426/1426 1424/1424
f 1181/1181 1081/1081 1178/1178
f 1081/1081 1179/1179 1178/1178
f 709/709 727/727 687/687
f 687/687 727/727 728/728
f 1310/1310 1314/1314 1307/1307
f 1312/1312 1310/1310 1304/1304
f 1310/1310 1307/1307 1304/1304
f 1206/1206 1198/1198 1205/1205
f 1304/1304 1307/1307 1306/1306
f 1229/1229 1230/1230 1231/1231
f 1198/1198 1152/1152 1187/1187
f 1205/1205 1198/1198 1187/1187
f 1205/1205 1187/1187 1202/1202
f 1307/1307 1308/1308 1306/1306
f 1196/1196 1153/1153 1152/1152
f 1152/1152 1150/1150 1151/1151
f 1187/1187 1152/1152 1151/1151
f 1152/1152 1153/1153 1150/1150
f 1209/1209 1202/1202 1200/1200
f 1314/1314 1309/1309 1307/1307
f 1307/1307 1309/1309 1308/1308
f 1202/1202 1187/1187 1200/1200
f 1187/1187 1151/1151 1200/1200
f 1320/1320 1319/1319 1321/1321
f 1320/1320 1321/1321 1372/1372
f 1051/1051 1050/1050 1056/1056
f 1204/1204 1181/1181 1189/1189
f 1181/1181 1178/1178 1189/1189
f 1049/1049 1051/1051 1052/1052
f 1189/1189 1178/1178 1177/1177
f 1178/1178 1176/1176 1177/1177
f 1190/1190 1176/1176 1179/1179
f 384/384 383/383 385/385
f 1191/1191 1176/1176 1190/1190
f 1191/1191 1175/1175 1176/1176
f 1176/1176 1178/1178 1179/1179
f 1373/1373 1398/1398 1426/1426
f 1176/1176 1175/1175 1168/1168
f 1372/1372 1363/1363 1373/1373
f 1372/1372 1370/1370 1363/1363
f 1051/1051 1056/1056 1053/1053
f 134/134 133/133 132/132
f 1189/1189 1177/1177 1184/1184
f 1373/1373 1363/1363 1398/1398
f 1176/1176 1168/1168 1177/1177
f 1177/1177 1168/1168 1184/1184
f 1184/1184 1168/1168 1165/1165
f 1987/1987 1986/1986 1967/1967
f 1985/1985 1984/1984 1983/1983
f 1982/1982 2007/2007 1985/1985
f 1981/1981 1982/1982 1980/1980
f 1982/1982 1983/1983 1980/1980
f 1982/1982 1985/1985 1983/1983
f 1981/1981 1980/1980 1979/1979
f 1979/1979 1977/1977 1978/1978
f 1977/1977 1976/1976 1972/1972
f 1978/1978 1977/1977 1972/1972
f 1972/1972 1976/1976 1973/1973
f 1972/1972 1973/1973 1971/1971
f 1980/1980 1983/1983 1976/1976
f 1976/1976 1983/1983 1975/1975
f 1984/1984 1975/1975 1983/1983
f 1980/1980 1976/1976 1977/1977
f 1979/1979 1980/1980 1977/1977
f 1976/1976 1975/1975 1973/1973
f 1975/1975 1974/1974 1973/1973
f 1978/1978 1972/1972 1986/1986
f 1987/1987 1978/1978 1986/1986
f 1974/1974 1970/1970 1973/1973
f 1969/1969 1972/1972 1971/1971
f 1971/1971 1970/1970 1969/1969
f 1973/1973 1970/1970 1971/1971
f 1970/1970 1968/1968 1969/1969
f 1986/1986 1972/1972 1969/1969
f 2032/2032 2004/2004 1999/1999
f 1999/1999 1997/1997 1995/1995
f 1999/1999 2004/2004 1997/1997
f 1998/1998 2004/2004 2008/2008
f 2001/2001 1998/1998 2003/2003
f 1997/1997 2004/2004 1998/1998
f 1995/1995 1997/1997 1996/1996
f 1996/1996 1998/1998 2000/2000
f 1997/1997 1998/1998 1996/1996
f 2005/2005 1993/1993 1992/1992
f 1992/1992 1993/1993 1990/1990
f 1992/1992 1990/1990 1991/1991
f 1994/1994 2006/2006 1990/1990
f 1993/1993 1994/1994 1990/1990
f 2006/2006 2031/2031 1989/1989
f 1991/1991 1990/1990 1985/1985
f 2001/2001 2002/2002 2000/2000
f 1994/1994 1996/1996 2000/2000
f 1995/1995 1996/1996 1994/1994
f 1993/1993 1995/1995 1994/1994
f 2000/2000 1998/1998 2001/2001
f 1994/1994 2000/2000 2006/2006
f 2000/2000 2002/2002 2006/2006
f 2006/2006 2002/2002 2031/2031
f 1985/1985 1990/1990 1989/1989
f 1985/1985 1989/1989 1988/1988
f 1990/1990 2006/2006 1989/1989
f 1985/1985 1988/1988 1984/1984
f 2007/2007 1991/1991 1985/1985
f 2028/2028 2026/2026 2029/2029
f 2028/2028 2030/2030 2027/2027
f 2028/2028 2027/2027 2026/2026
f 2027/2027 2025/2025 2026/2026
f 2026/2026 2025/2025 2024/2024
f 2025/2025 2022/2022 2024/2024
f 2023/2023 2024/2024 2022/2022
f 2023/2023 2022/2022 2021/2021
f 2022/2022 2020/2020 2021/2021
f 2019/2019 2021/2021 2020/2020
f 2020/2020 2018/2018 2019/2019
f 2019/2019 2018/2018 2016/2016
f 2018/2018 2017/2017 2016/2016
f 2014/2014 2015/2015 2013/2013
f 2016/2016 2017/2017 2015/2015
f 2014/2014 2016/2016 2015/2015
f 2010/2010 2012/2012 2011/2011
f 2012/2012 2013/2013 2011/2011
f 2014/2014 2013/2013 2012/2012
f 2009/2009 2010/2010 2011/2011
f 2010/2010 2009/2009 2004/2004
f 2004/2004 2009/2009 2008/2008
f 2032/2032 2010/2010 2004/2004
f 2152/2152 2061/2061 2060/2060
f 2061/2061 2038/2038 2060/2060
f 2036/2036 2037/2037 2038/2038
f 2069/2069 2034/2034 2063/2063
f 2063/2063 2034/2034 2036/2036
f 2061/2061 2152/2152 2063/2063
f 2038/2038 2061/2061 2036/2036
f 2061/2061 2063/2063 2036/2036
f 2036/2036 2035/2035 2037/2037
f 2036/2036 2034/2034 2035/2035
f 2152/2152 2158/2158 2063/2063
f 2035/2035 2034/2034 2033/2033
f 2057/2057 2056/2056 2055/2055
f 2051/2051 2047/2047 2050/2050
f 2050/2050 2046/2046 2049/2049
f 2051/2051 2066/2066 2047/2047
f 2047/2047 2046/2046 2050/2050
f 2066/2066 2048/2048 2047/2047
f 2048/2048 2044/2044 2047/2047
f 2047/2047 2044/2044 2046/2046
f 2066/2066 2065/2065 2048/2048
f 2048/2048 2043/2043 2044/2044
f 2054/2054 2042/2042 2041/2041
f 2062/2062 2053/2053 2056/2056
f 2046/2046 2045/2045 2049/2049
f 2045/2045 2053/2053 2049/2049
f 2049/2049 2053/2053 2062/2062
f 2056/2056 2053/2053 2054/2054
f 2056/2056 2054/2054 2055/2055
f 2044/2044 2045/2045 2046/2046
f 2053/2053 2045/2045 2054/2054
f 2045/2045 2042/2042 2054/2054
f 2054/2054 2041/2041 2055/2055
f 2048/2048 2065/2065 2043/2043
f 2065/2065 2134/2134 2043/2043
f 2043/2043 2042/2042 2044/2044
f 2134/2134 2060/2060 2043/2043
f 2042/2042 2043/2043 2040/2040
f 2043/2043 2060/2060 2040/2040
f 2060/2060 2038/2038 2040/2040
f 2044/2044 2042/2042 2045/2045
f 2060/2060 2134/2134 2152/2152
f 2040/2040 2041/2041 2042/2042
f 2040/2040 2039/2039 2041/2041
f 2040/2040 2038/2038 2039/2039
f 2038/2038 2037/2037 2039/2039
f 2161/2161 2160/2160 2159/2159
f 2161/2161 2162/2162 2160/2160
f 2163/2163 2162/2162 2161/2161
f 2163/2163 2165/2165 2162/2162
f 2104/2104 2087/2087 2105/2105
f 2105/2105 2087/2087 2091/2091
f 2104/2104 2080/2080 2087/2087
f 2080/2080 2074/2074 2075/2075
f 2104/2104 2095/2095 2080/2080
f 2075/2075 2073/2073 2076/2076
f 2074/2074 2073/2073 2075/2075
f 2072/2072 2071/2071 2073/2073
f 2072/2072 2070/2070 2071/2071
f 2095/2095 2074/2074 2080/2080
f 2072/2072 2073/2073 2074/2074
f 2073/2073 2084/2084 2076/2076
f 2076/2076 2084/2084 2079/2079
f 2076/2076 2079/2079 2078/2078
f 2073/2073 2071/2071 2084/2084
f 2084/2084 2071/2071 2088/2088
f 2084/2084 2088/2088 2079/2079
f 2071/2071 2122/2122 2088/2088
f 2070/2070 2064/2064 2068/2068
f 2070/2070 2068/2068 2071/2071
f 2068/2068 2064/2064 2059/2059
f 2068/2068 2122/2122 2071/2071
f 2122/2122 2068/2068 2067/2067
f 2068/2068 2059/2059 2067/2067
f 2064/2064 2052/2052 2059/2059
f 2052/2052 2062/2062 2059/2059
f 2052/2052 2050/2050 2049/2049
f 2052/2052 2049/2049 2062/2062
f 2059/2059 2058/2058 2067/2067
f 2059/2059 2056/2056 2058/2058
f 2059/2059 2062/2062 2056/2056
f 2056/2056 2057/2057 2058/2058
f 2201/2201 2202/2202 2203/2203
f 2178/2178 2171/2171 2172/2172
f 2172/2172 2171/2171 2170/2170
f 2171/2171 2168/2168 2170/2170
f 2168/2168 2169/2169 2170/2170
f 2168/2168 2173/2173 2169/2169
f 2187/2187 2181/2181 2186/2186
f 2190/2190 2191/2191 2189/2189
f 2141/2141 2138/2138 2147/2147
f 2141/2141 2137/2137 2138/2138
f 2190/2190 2192/2192 2191/2191
f 2138/2138 2142/2142 2144/2144
f 2137/2137 2136/2136 2135/2135
f 2137/2137 2135/2135 2138/2138
f 2136/2136 2132/2132 2135/2135
f 2138/2138 2135/2135 2139/2139
f 2138/2138 2139/2139 2140/2140
f 2138/2138 2140/2140 2142/2142
f 2140/2140 2143/2143 2142/2142
f 2139/2139 2135/2135 2133/2133
f 2140/2140 2139/2139 2130/2130
f 2135/2135 2132/2132 2131/2131
f 2132/2132 2129/2129 2131/2131
f 2131/2131 2128/2128 2133/2133
f 2135/2135 2131/2131 2133/2133
f 2133/2133 2130/2130 2139/2139
f 2133/2133 2128/2128 2130/2130
f 2130/2130 2128/2128 2127/2127
f 2106/2106 2125/2125 2156/2156
f 2156/2156 2125/2125 2167/2167
f 2125/2125 2106/2106 2107/2107
f 2106/2106 2099/2099 2100/2100
f 2106/2106 2100/2100 2107/2107
f 2100/2100 2098/2098 2101/2101
f 2099/2099 2098/2098 2100/2100
f 2103/2103 2100/2100 2101/2101
f 2098/2098 2094/2094 2101/2101
f 2106/2106 2156/2156 2159/2159
f 2159/2159 2160/2160 2106/2106
f 2099/2099 2097/2097 2098/2098
f 2098/2098 2097/2097 2094/2094
f 2101/2101 2148/2148 2149/2149
f 2101/2101 2102/2102 2148/2148
f 2101/2101 2094/2094 2102/2102
f 2094/2094 2086/2086 2102/2102
f 2086/2086 2108/2108 2102/2102
f 2097/2097 2093/2093 2094/2094
f 2097/2097 2105/2105 2093/2093
f 2093/2093 2105/2105 2091/2091
f 2093/2093 2091/2091 2092/2092
f 2094/2094 2092/2092 2086/2086
f 2093/2093 2092/2092 2094/2094
f 2091/2091 2082/2082 2092/2092
f 2086/2086 2092/2092 2082/2082
f 2132/2132 2109/2109 2129/2129
f 2148/2148 2102/2102 2150/2150
f 2164/2164 2148/2148 2150/2150
f 2109/2109 2108/2108 2129/2129
f 2102/2102 2108/2108 2109/2109
f 2108/2108 2128/2128 2129/2129
f 2129/2129 2128/2128 2131/2131
f 2128/2128 2108/2108 2127/2127
f 2091/2091 2087/2087 2082/2082
f 2119/2119 2121/2121 2126/2126
f 2126/2126 2121/2121 2155/2155
f 2166/2166 2121/2121 2151/2151
f 2112/2112 2123/2123 2114/2114
f 2086/2086 2090/2090 2108/2108
f 2108/2108 2090/2090 2115/2115
f 2086/2086 2085/2085 2090/2090
f 2090/2090 2113/2113 2116/2116
f 2113/2113 2120/2120 2116/2116
f 2113/2113 2110/2110 2124/2124
f 2113/2113 2124/2124 2120/2120
f 2085/2085 2083/2083 2110/2110
f 2090/2090 2085/2085 2113/2113
f 2110/2110 2113/2113 2085/2085
f 2110/2110 2083/2083 2077/2077
f 2080/2080 2081/2081 2082/2082
f 2081/2081 2075/2075 2083/2083
f 2082/2082 2085/2085 2086/2086
f 2082/2082 2081/2081 2085/2085
f 2081/2081 2083/2083 2085/2085
f 2075/2075 2077/2077 2083/2083
f 2108/2108 2115/2115 2127/2127
f 2117/2117 2116/2116 2118/2118
f 2090/2090 2116/2116 2117/2117
f 2116/2116 2120/2120 2119/2119
f 2116/2116 2119/2119 2118/2118
f 2124/2124 2151/2151 2120/2120
f 2120/2120 2151/2151 2121/2121
f 2120/2120 2121/2121 2119/2119
f 2110/2110 2077/2077 2096/2096
f 2124/2124 2111/2111 2114/2114
f 2110/2110 2111/2111 2124/2124
f 2110/2110 2096/2096 2111/2111
f 2111/2111 2112/2112 2114/2114
f 2111/2111 2096/2096 2112/2112
f 2096/2096 2077/2077 2089/2089
f 2077/2077 2078/2078 2089/2089
f 2076/2076 2078/2078 2077/2077
f 2075/2075 2076/2076 2077/2077
f 2124/2124 2114/2114 2151/2151
f 2087/2087 2080/2080 2082/2082
f 2080/2080 2075/2075 2081/2081
f 2169/2169 2173/2173 2174/2174
f 2195/2195 2187/2187 2177/2177
f 2187/2187 2186/2186 2177/2177
f 2173/2173 2175/2175 2174/2174
f 2175/2175 2176/2176 2174/2174
f 2196/2196 2195/2195 2175/2175
f 2195/2195 2177/2177 2175/2175
f 2175/2175 2177/2177 2176/2176
f 2186/2186 2199/2199 2177/2177
f 2186/2186 2198/2198 2199/2199
f 2181/2181 2185/2185 2186/2186
f 2186/2186 2185/2185 2194/2194
f 2186/2186 2194/2194 2198/2198
f 2179/2179 2180/2180 2181/2181
f 2181/2181 2180/2180 2182/2182
f 2181/2181 2182/2182 2185/2185
f 2180/2180 2183/2183 2182/2182
f 2198/2198 2194/2194 2200/2200
f 2185/2185 2182/2182 2194/2194
f 2182/2182 2193/2193 2194/2194
f 2194/2194 2193/2193 2200/2200
f 2182/2182 2184/2184 2193/2193
f 2182/2182 2183/2183 2184/2184
f 2193/2193 2184/2184 2197/2197
f 2193/2193 2197/2197 2200/2200
f 2183/2183 2188/2188 2184/2184
f 2184/2184 2188/2188 2189/2189
f 2188/2188 2190/2190 2189/2189
f 2153/2153 2154/2154 2157/2157
f 2153/2153 2141/2141 2147/2147
f 2153/2153 2147/2147 2154/2154
f 2147/2147 2138/2138 2145/2145
f 2147/2147 2145/2145 2154/2154
f 2138/2138 2144/2144 2145/2145
f 2145/2145 2144/2144 2146/2146
f 2232/2232 2222/2222 2233/2233
f 2222/2222 2223/2223 2221/2221
f 2222/2222 2221/2221 2220/2220
f 2222/2222 2220/2220 2236/2236
f 2222/2222 2232/2232 2223/2223
f 2233/2233 2222/2222 2234/2234
f 2222/2222 2236/2236 2234/2234
f 2232/2232 2233/2233 2242/2242
f 2233/2233 2234/2234 2235/2235
f 2211/2211 2212/2212 2205/2205
f 2211/2211 2205/2205 2204/2204
f 2205/2205 2210/2210 2209/2209
f 2204/2204 2205/2205 2206/2206
f 2209/2209 2225/2225 2213/2213
f 2225/2225 2224/2224 2213/2213
f 2224/2224 2227/2227 2226/2226
f 2207/2207 2209/2209 2213/2213
f 2206/2206 2205/2205 2207/2207
f 2207/2207 2205/2205 2209/2209
f 2218/2218 2226/2226 2237/2237
f 2218/2218 2214/2214 2213/2213
f 2218/2218 2237/2237 2219/2219
f 2213/2213 2224/2224 2218/2218
f 2218/2218 2224/2224 2226/2226
f 2206/2206 2207/2207 2208/2208
f 2206/2206 2208/2208 2215/2215
f 2208/2208 2214/2214 2217/2217
f 2216/2216 2208/2208 2217/2217
f 2216/2216 2217/2217 2223/2223
f 2223/2223 2217/2217 2221/2221
f 2215/2215 2208/2208 2216/2216
f 2208/2208 2207/2207 2213/2213
f 2213/2213 2214/2214 2208/2208
f 2214/2214 2218/2218 2219/2219
f 2214/2214 2219/2219 2220/2220
f 2217/2217 2214/2214 2221/2221
f 2214/2214 2220/2220 2221/2221
f 2381/2381 2378/2378 2380/2380
f 2378/2378 2379/2379 2377/2377
f 2378/2378 2377/2377 2376/2376
f 2378/2378 2376/2376 2380/2380
f 2377/2377 2375/2375 2376/2376
f 2380/2380 2376/2376 2385/2385
f 2385/2385 2376/2376 2365/2365
f 2376/2376 2375/2375 2365/2365
f 2385/2385 2365/2365 2384/2384
f 2375/2375 2364/2364 2365/2365
f 2365/2365 2364/2364 2362/2362
f 2384/2384 2365/2365 2370/2370
f 2365/2365 2362/2362 2370/2370
f 2364/2364 2361/2361 2362/2362
f 2384/2384 2370/2370 2383/2383
f 2370/2370 2362/2362 2363/2363
f 2383/2383 2370/2370 2382/2382
f 2370/2370 2363/2363 2382/2382
f 2362/2362 2361/2361 2358/2358
f 2361/2361 2359/2359 2358/2358
f 2362/2362 2358/2358 2363/2363
f 2359/2359 2357/2357 2358/2358
f 2358/2358 2357/2357 2352/2352
f 2359/2359 2360/2360 2357/2357
f 2363/2363 2358/2358 2352/2352
f 2352/2352 2367/2367 2363/2363
f 2382/2382 2367/2367 2398/2398
f 2382/2382 2363/2363 2367/2367
f 2352/2352 2357/2357 2350/2350
f 2357/2357 2360/2360 2349/2349
f 2357/2357 2349/2349 2350/2350
f 2367/2367 2352/2352 2356/2356
f 2352/2352 2350/2350 2351/2351
f 2352/2352 2351/2351 2356/2356
f 2398/2398 2367/2367 2397/2397
f 2367/2367 2373/2373 2397/2397
f 2367/2367 2356/2356 2373/2373
f 2350/2350 2348/2348 2351/2351
f 2356/2356 2351/2351 2355/2355
f 2350/2350 2349/2349 2348/2348
f 2348/2348 2349/2349 2337/2337
f 2283/2283 2261/2261 2259/2259
f 2356/2356 2355/2355 2373/2373
f 2355/2355 2351/2351 2354/2354
f 2355/2355 2369/2369 2373/2373
f 2355/2355 2354/2354 2369/2369
f 2397/2397 2373/2373 2396/2396
f 2373/2373 2369/2369 2396/2396
f 2348/2348 2337/2337 2347/2347
f 2257/2257 2256/2256 2255/2255
f 2255/2255 2256/2256 2254/2254
f 2255/2255 2248/2248 2277/2277
f 2277/2277 2248/2248 2297/2297
f 2297/2297 2248/2248 2244/2244
f 2248/2248 2247/2247 2244/2244
f 2256/2256 2251/2251 2254/2254
f 2251/2251 2247/2247 2254/2254
f 2255/2255 2254/2254 2248/2248
f 2254/2254 2247/2247 2248/2248
f 2250/2250 2252/2252 2285/2285
f 2251/2251 2250/2250 2247/2247
f 2247/2247 2250/2250 2249/2249
f 2250/2250 2285/2285 2249/2249
f 2351/2351 2348/2348 2353/2353
f 2353/2353 2348/2348 2347/2347
f 2351/2351 2353/2353 2354/2354
f 2354/2354 2353/2353 2366/2366
f 2347/2347 2340/2340 2353/2353
f 2337/2337 2315/2315 2347/2347
f 2347/2347 2315/2315 2340/2340
f 2369/2369 2354/2354 2366/2366
f 2366/2366 2353/2353 2368/2368
f 2353/2353 2340/2340 2368/2368
f 2396/2396 2369/2369 2336/2336
f 2369/2369 2366/2366 2336/2336
f 2340/2340 2315/2315 2309/2309
f 2368/2368 2340/2340 2321/2321
f 2309/2309 2241/2241 2228/2228
f 2241/2241 2240/2240 2228/2228
f 2337/2337 2277/2277 2315/2315
f 2315/2315 2277/2277 2297/2297
f 2315/2315 2297/2297 2309/2309
f 2297/2297 2241/2241 2309/2309
f 2297/2297 2244/2244 2241/2241
f 2244/2244 2240/2240 2241/2241
f 2244/2244 2243/2243 2240/2240
f 2244/2244 2245/2245 2243/2243
f 2245/2245 2246/2246 2243/2243
f 2240/2240 2243/2243 2231/2231
f 2243/2243 2246/2246 2231/2231
f 2247/2247 2245/2245 2244/2244
f 2247/2247 2249/2249 2245/2245
f 2249/2249 2299/2299 2245/2245
f 2245/2245 2299/2299 2246/2246
f 2396/2396 2336/2336 2399/2399
f 2336/2336 2366/2366 2335/2335
f 2366/2366 2368/2368 2335/2335
f 2368/2368 2321/2321 2335/2335
f 2340/2340 2228/2228 2321/2321
f 2340/2340 2309/2309 2228/2228
f 2228/2228 2240/2240 2229/2229
f 2399/2399 2336/2336 2390/2390
f 2335/2335 2321/2321 2319/2319
f 2336/2336 2335/2335 2320/2320
f 2335/2335 2319/2319 2320/2320
f 2336/2336 2320/2320 2390/2390
f 2319/2319 2321/2321 2212/2212
f 2321/2321 2228/2228 2212/2212
f 2228/2228 2229/2229 2225/2225
f 2320/2320 2319/2319 2211/2211
f 2319/2319 2212/2212 2211/2211
f 2212/2212 2228/2228 2210/2210
f 2228/2228 2225/2225 2210/2210
f 2240/2240 2231/2231 2229/2229
f 2231/2231 2230/2230 2229/2229
f 2231/2231 2239/2239 2230/2230
f 2246/2246 2239/2239 2231/2231
f 2229/2229 2230/2230 2225/2225
f 2225/2225 2230/2230 2224/2224
f 2230/2230 2238/2238 2224/2224
f 2230/2230 2239/2239 2238/2238
f 2238/2238 2227/2227 2224/2224
f 2212/2212 2210/2210 2205/2205
f 2210/2210 2225/2225 2209/2209
f 2470/2470 2468/2468 2469/2469
f 2469/2469 2468/2468 2467/2467
f 2460/2460 2461/2461 2462/2462
f 2462/2462 2461/2461 2464/2464
f 2439/2439 2438/2438 2437/2437
f 2462/2462 2464/2464 2472/2472
f 2437/2437 2438/2438 2435/2435
f 2437/2437 2435/2435 2436/2436
f 2461/2461 2465/2465 2464/2464
f 2460/2460 2463/2463 2461/2461
f 2461/2461 2463/2463 2465/2465
f 2463/2463 2466/2466 2465/2465
f 2472/2472 2464/2464 2471/2471
f 2464/2464 2470/2470 2471/2471
f 2438/2438 2444/2444 2441/2441
f 2444/2444 2445/2445 2441/2441
f 2438/2438 2441/2441 2435/2435
f 2464/2464 2465/2465 2468/2468
f 2464/2464 2468/2468 2470/2470
f 2441/2441 2445/2445 2442/2442
f 2435/2435 2441/2441 2442/2442
f 2465/2465 2466/2466 2467/2467
f 2465/2465 2467/2467 2468/2468
f 2425/2425 2428/2428 2427/2427
f 2436/2436 2435/2435 2423/2423
f 2423/2423 2435/2435 2424/2424
f 2435/2435 2442/2442 2424/2424
f 2442/2442 2443/2443 2424/2424
f 2423/2423 2424/2424 2425/2425
f 2424/2424 2432/2432 2425/2425
f 2324/2324 2318/2318 2312/2312
f 2318/2318 2311/2311 2312/2312
f 2425/2425 2432/2432 2428/2428
f 2307/2307 2312/2312 2311/2311
f 2425/2425 2426/2426 2423/2423
f 2432/2432 2433/2433 2428/2428
f 2427/2427 2428/2428 2429/2429
f 2427/2427 2440/2440 2426/2426
f 2427/2427 2429/2429 2430/2430
f 2426/2426 2425/2425 2427/2427
f 2311/2311 2310/2310 2307/2307
f 2428/2428 2433/2433 2429/2429
f 2307/2307 2310/2310 2295/2295
f 2433/2433 2434/2434 2429/2429
f 2307/2307 2295/2295 2294/2294
f 2295/2295 2279/2279 2294/2294
f 2429/2429 2431/2431 2430/2430
f 2282/2282 2294/2294 2279/2279
f 2429/2429 2434/2434 2431/2431
f 2279/2279 2281/2281 2267/2267
f 2267/2267 2281/2281 2268/2268
f 2313/2313 2280/2280 2314/2314
f 2313/2313 2334/2334 2282/2282
f 2313/2313 2282/2282 2280/2280
f 2280/2280 2282/2282 2279/2279
f 2280/2280 2279/2279 2278/2278
f 2278/2278 2279/2279 2267/2267
f 2281/2281 2343/2343 2268/2268
f 2268/2268 2343/2343 2342/2342
f 2268/2268 2342/2342 2270/2270
f 2260/2260 2271/2271 2284/2284
f 2278/2278 2267/2267 2262/2262
f 2278/2278 2262/2262 2265/2265
f 2265/2265 2262/2262 2261/2261
f 2267/2267 2268/2268 2263/2263
f 2267/2267 2263/2263 2262/2262
f 2268/2268 2270/2270 2263/2263
f 2263/2263 2260/2260 2262/2262
f 2263/2263 2270/2270 2260/2260
f 2260/2260 2270/2270 2271/2271
f 2262/2262 2260/2260 2261/2261
f 2261/2261 2260/2260 2259/2259
f 2274/2274 2272/2272 2345/2345
f 2274/2274 2273/2273 2272/2272
f 2342/2342 2346/2346 2270/2270
f 2270/2270 2346/2346 2344/2344
f 2270/2270 2344/2344 2272/2272
f 2344/2344 2345/2345 2272/2272
f 2274/2274 2275/2275 2273/2273
f 2272/2272 2273/2273 2271/2271
f 2270/2270 2272/2272 2271/2271
f 2271/2271 2276/2276 2284/2284
f 2271/2271 2273/2273 2276/2276
f 2273/2273 2275/2275 2276/2276
f 2276/2276 2275/2275 2317/2317
f 2276/2276 2317/2317 2316/2316
f 2317/2317 2341/2341 2316/2316
f 2265/2265 2261/2261 2283/2283
f 2405/2405 2402/2402 2417/2417
f 2417/2417 2402/2402 2422/2422
f 2405/2405 2403/2403 2402/2402
f 2405/2405 2406/2406 2403/2403
f 2406/2406 2407/2407 2403/2403
f 2422/2422 2402/2402 2416/2416
f 2331/2331 2328/2328 2339/2339
f 2386/2386 2331/2331 2339/2339
f 2328/2328 2329/2329 2327/2327
f 2418/2418 2416/2416 2409/2409
f 2402/2402 2403/2403 2404/2404
f 2402/2402 2404/2404 2416/2416
f 2403/2403 2407/2407 2404/2404
f 2404/2404 2407/2407 2408/2408
f 2404/2404 2409/2409 2416/2416
f 2404/2404 2408/2408 2409/2409
f 2418/2418 2409/2409 2419/2419
f 2409/2409 2411/2411 2419/2419
f 2409/2409 2410/2410 2411/2411
f 2409/2409 2408/2408 2410/2410
f 2328/2328 2327/2327 2326/2326
f 2339/2339 2328/2328 2326/2326
f 2327/2327 2329/2329 2338/2338
f 2303/2303 2306/2306 2301/2301
f 2326/2326 2327/2327 2306/2306
f 2339/2339 2326/2326 2394/2394
f 2326/2326 2303/2303 2394/2394
f 2326/2326 2306/2306 2303/2303
f 2327/2327 2338/2338 2304/2304
f 2306/2306 2327/2327 2304/2304
f 2306/2306 2304/2304 2301/2301
f 2301/2301 2304/2304 2302/2302
f 2419/2419 2411/2411 2412/2412
f 2412/2412 2414/2414 2420/2420
f 2412/2412 2420/2420 2419/2419
f 2419/2419 2420/2420 2421/2421
f 2411/2411 2410/2410 2412/2412
f 2412/2412 2410/2410 2413/2413
f 2412/2412 2413/2413 2414/2414
f 2401/2401 2325/2325 2389/2389
f 2420/2420 2414/2414 2401/2401
f 2414/2414 2290/2290 2401/2401
f 2414/2414 2415/2415 2290/2290
f 2414/2414 2413/2413 2415/2415
f 2290/2290 2415/2415 2292/2292
f 2260/2260 2284/2284 2264/2264
f 2264/2264 2284/2284 2293/2293
f 2293/2293 2286/2286 2264/2264
f 2259/2259 2260/2260 2258/2258
f 2260/2260 2264/2264 2258/2258
f 2264/2264 2286/2286 2258/2258
f 2286/2286 2266/2266 2258/2258
f 2303/2303 2296/2296 2323/2323
f 2303/2303 2323/2323 2394/2394
f 2303/2303 2301/2301 2296/2296
f 2276/2276 2316/2316 2284/2284
f 2316/2316 2323/2323 2284/2284
f 2316/2316 2341/2341 2323/2323
f 2284/2284 2323/2323 2296/2296
f 2284/2284 2296/2296 2293/2293
f 2323/2323 2341/2341 2400/2400
f 2296/2296 2301/2301 2300/2300
f 2300/2300 2301/2301 2302/2302
f 2293/2293 2300/2300 2322/2322
f 2322/2322 2300/2300 2325/2325
f 2300/2300 2305/2305 2325/2325
f 2293/2293 2296/2296 2300/2300
f 2300/2300 2302/2302 2305/2305
f 2302/2302 2308/2308 2305/2305
f 2293/2293 2322/2322 2287/2287
f 2287/2287 2253/2253 2286/2286
f 2287/2287 2288/2288 2253/2253
f 2287/2287 2289/2289 2288/2288
f 2286/2286 2293/2293 2287/2287
f 2288/2288 2289/2289 2291/2291
f 2288/2288 2291/2291 2269/2269
f 2266/2266 2253/2253 2251/2251
f 2253/2253 2252/2252 2251/2251
f 2286/2286 2253/2253 2266/2266
f 2253/2253 2269/2269 2252/2252
f 2288/2288 2269/2269 2253/2253
f 2252/2252 2269/2269 2298/2298
f 2325/2325 2305/2305 2389/2389
f 2287/2287 2290/2290 2289/2289
f 2287/2287 2322/2322 2290/2290
f 2322/2322 2325/2325 2290/2290
f 2401/2401 2290/2290 2325/2325
f 2289/2289 2290/2290 2292/2292
f 2289/2289 2292/2292 2291/2291
f 2259/2259 2258/2258 2257/2257
f 2256/2256 2258/2258 2266/2266
f 2257/2257 2258/2258 2256/2256
f 2251/2251 2256/2256 2266/2266
f 2251/2251 2252/2252 2250/2250
f 2252/2252 2298/2298 2285/2285
f 2457/2457 2455/2455 2456/2456
f 2457/2457 2456/2456 2459/2459
f 2455/2455 2447/2447 2456/2456
f 2455/2455 2450/2450 2447/2447
f 2456/2456 2447/2447 2446/2446
f 2446/2446 2447/2447 2448/2448
f 2456/2456 2454/2454 2458/2458
f 2458/2458 2454/2454 2453/2453
f 2392/2392 2393/2393 2388/2388
f 2459/2459 2456/2456 2458/2458
f 2392/2392 2388/2388 2391/2391
f 2456/2456 2446/2446 2454/2454
f 2454/2454 2448/2448 2453/2453
f 2446/2446 2448/2448 2454/2454
f 2448/2448 2452/2452 2453/2453
f 2450/2450 2449/2449 2447/2447
f 2451/2451 2448/2448 2449/2449
f 2447/2447 2449/2449 2448/2448
f 2448/2448 2451/2451 2452/2452
f 2391/2391 2388/2388 2374/2374
f 2391/2391 2374/2374 2395/2395
f 2388/2388 2372/2372 2374/2374
f 2374/2374 2372/2372 2371/2371
f 2395/2395 2374/2374 2387/2387
f 2387/2387 2374/2374 2333/2333
f 2374/2374 2371/2371 2333/2333
f 2387/2387 2333/2333 2386/2386
f 2371/2371 2332/2332 2333/2333
f 2333/2333 2332/2332 2330/2330
f 2386/2386 2333/2333 2331/2331
f 2333/2333 2330/2330 2331/2331
f 2371/2371 2372/2372 2332/2332
f 2331/2331 2330/2330 2328/2328
f 2330/2330 2329/2329 2328/2328
f 2330/2330 2332/2332 2329/2329
f 2534/2534 2524/2524 2519/2519
f 2524/2524 2520/2520 2519/2519
f 2534/2534 2519/2519 2525/2525
f 2525/2525 2519/2519 2516/2516
f 2519/2519 2520/2520 2518/2518
f 2519/2519 2518/2518 2516/2516
f 2516/2516 2518/2518 2517/2517
f 2475/2475 2473/2473 2474/2474
f 2535/2535 2536/2536 2533/2533
f 2535/2535 2533/2533 2532/2532
f 2532/2532 2533/2533 2531/2531
f 2527/2527 2532/2532 2526/2526
f 2532/2532 2531/2531 2526/2526
f 2493/2493 2484/2484 2492/2492
f 2492/2492 2484/2484 2483/2483
f 2484/2484 2485/2485 2483/2483
f 2483/2483 2485/2485 2482/2482
f 2527/2527 2526/2526 2523/2523
f 2522/2522 2523/2523 2521/2521
f 2523/2523 2526/2526 2521/2521
f 2526/2526 2528/2528 2521/2521
f 2521/2521 2528/2528 2529/2529
f 2477/2477 2479/2479 2478/2478
f 2480/2480 2478/2478 2479/2479
f 2526/2526 2531/2531 2530/2530
f 2492/2492 2481/2481 2491/2491
f 2492/2492 2483/2483 2481/2481
f 2483/2483 2482/2482 2481/2481
f 2481/2481 2482/2482 2480/2480
f 2526/2526 2530/2530 2528/2528
f 2491/2491 2481/2481 2479/2479
f 2481/2481 2480/2480 2479/2479
f 2523/2523 2522/2522 2524/2524
f 2524/2524 2522/2522 2520/2520
f 2522/2522 2521/2521 2520/2520
f 2520/2520 2521/2521 2518/2518
f 2521/2521 2529/2529 2518/2518
f 2477/2477 2478/2478 2476/2476
f 2475/2475 2477/2477 2476/2476
f 2475/2475 2476/2476 2473/2473
f 2547/2547 2548/2548 2546/2546
f 2548/2548 2549/2549 2546/2546
f 2549/2549 2559/2559 2546/2546
f 2546/2546 2559/2559 2561/2561
f 2561/2561 2559/2559 2574/2574
f 2559/2559 2575/2575 2574/2574
f 2543/2543 2542/2542 2541/2541
f 2547/2547 2546/2546 2544/2544
f 2544/2544 2546/2546 2545/2545
f 2546/2546 2560/2560 2545/2545
f 2546/2546 2561/2561 2560/2560
f 2561/2561 2574/2574 2560/2560
f 2560/2560 2574/2574 2577/2577
f 2543/2543 2544/2544 2542/2542
f 2544/2544 2545/2545 2542/2542
f 2545/2545 2560/2560 2563/2563
f 2560/2560 2577/2577 2563/2563
f 2542/2542 2545/2545 2563/2563
f 2577/2577 2578/2578 2563/2563
f 2500/2500 2499/2499 2496/2496
f 2541/2541 2542/2542 2540/2540
f 2542/2542 2564/2564 2540/2540
f 2542/2542 2563/2563 2564/2564
f 2563/2563 2578/2578 2564/2564
f 2541/2541 2540/2540 2539/2539
f 2539/2539 2540/2540 2537/2537
f 2539/2539 2537/2537 2536/2536
f 2540/2540 2538/2538 2537/2537
f 2537/2537 2538/2538 2533/2533
f 2494/2494 2484/2484 2493/2493
f 2495/2495 2490/2490 2488/2488
f 2490/2490 2496/2496 2489/2489
f 2488/2488 2490/2490 2489/2489
f 2495/2495 2488/2488 2494/2494
f 2494/2494 2488/2488 2484/2484
f 2499/2499 2497/2497 2496/2496
f 2489/2489 2496/2496 2497/2497
f 2536/2536 2537/2537 2533/2533
f 2484/2484 2487/2487 2486/2486
f 2488/2488 2489/2489 2487/2487
f 2484/2484 2488/2488 2487/2487
f 2489/2489 2497/2497 2498/2498
f 2502/2502 2503/2503 2501/2501
f 2502/2502 2501/2501 2500/2500
f 2500/2500 2501/2501 2499/2499
f 2484/2484 2486/2486 2485/2485
f 2512/2512 2511/2511 2506/2506
f 2505/2505 2506/2506 2507/2507
f 2505/2505 2512/2512 2506/2506
f 2512/2512 2513/2513 2511/2511
f 2514/2514 2507/2507 2508/2508
f 2508/2508 2507/2507 2506/2506
f 2508/2508 2506/2506 2509/2509
f 2598/2598 2592/2592 2595/2595
f 2595/2595 2592/2592 2584/2584
f 2506/2506 2510/2510 2509/2509
f 2509/2509 2510/2510 2515/2515
f 2593/2593 2591/2591 2592/2592
f 2506/2506 2511/2511 2510/2510
f 2592/2592 2591/2591 2584/2584
f 2591/2591 2585/2585 2584/2584
f 2595/2595 2584/2584 2569/2569
f 2584/2584 2585/2585 2582/2582
f 2569/2569 2584/2584 2579/2579
f 2584/2584 2582/2582 2579/2579
f 2569/2569 2568/2568 2567/2567
f 2569/2569 2579/2579 2568/2568
f 2579/2579 2582/2582 2581/2581
f 2567/2567 2566/2566 2565/2565
f 2567/2567 2568/2568 2566/2566
f 2568/2568 2579/2579 2566/2566
f 2579/2579 2580/2580 2566/2566
f 2579/2579 2581/2581 2580/2580
f 2581/2581 2588/2588 2580/2580
f 2566/2566 2580/2580 2587/2587
f 2587/2587 2580/2580 2590/2590
f 2580/2580 2588/2588 2590/2590
f 2590/2590 2588/2588 2597/2597
f 2565/2565 2558/2558 2557/2557
f 2565/2565 2566/2566 2558/2558
f 2566/2566 2587/2587 2558/2558
f 2557/2557 2555/2555 2556/2556
f 2557/2557 2558/2558 2555/2555
f 2558/2558 2587/2587 2571/2571
f 2587/2587 2590/2590 2571/2571
f 2590/2590 2597/2597 2594/2594
f 2590/2590 2594/2594 2571/2571
f 2554/2554 2553/2553 2552/2552
f 2552/2552 2551/2551 2550/2550
f 2552/2552 2553/2553 2551/2551
f 2551/2551 2553/2553 2572/2572
f 2556/2556 2555/2555 2554/2554
f 2554/2554 2555/2555 2553/2553
f 2558/2558 2571/2571 2555/2555
f 2555/2555 2571/2571 2570/2570
f 2555/2555 2570/2570 2553/2553
f 2553/2553 2570/2570 2573/2573
f 2570/2570 2571/2571 2589/2589
f 2571/2571 2594/2594 2589/2589
f 2573/2573 2570/2570 2589/2589
f 2553/2553 2573/2573 2572/2572
f 2550/2550 2551/2551 2549/2549
f 2551/2551 2562/2562 2549/2549
f 2550/2550 2549/2549 2548/2548
f 2549/2549 2562/2562 2559/2559
f 2551/2551 2572/2572 2562/2562
f 2562/2562 2572/2572 2576/2576
f 2572/2572 2573/2573 2583/2583
f 2572/2572 2583/2583 2576/2576
f 2559/2559 2562/2562 2575/2575
f 2562/2562 2576/2576 2575/2575
f 2576/2576 2583/2583 2586/2586
f 2583/2583 2596/2596 2586/2586
f 2583/2583 2573/2573 2589/2589
f 2583/2583 2589/2589 2596/2596
f 2575/2575 2576/2576 2586/2586
f 2503/2503 2504/2504 2501/2501
f 2616/2616 2611/2611 2599/2599
f 2616/2616 2660/2660 2611/2611
f 2611/2611 2600/2600 2599/2599
f 2611/2611 2606/2606 2600/2600
f 2611/2611 2660/2660 2606/2606
f 2599/2599 2600/2600 2601/2601
f 2600/2600 2602/2602 2601/2601
f 2649/2649 2605/2605 2606/2606
f 2606/2606 2605/2605 2603/2603
f 2649/2649 2648/2648 2605/2605
f 2605/2605 2604/2604 2603/2603
f 2606/2606 2660/2660 2649/2649
f 2600/2600 2606/2606 2603/2603
f 2600/2600 2603/2603 2602/2602
f 2603/2603 2604/2604 2602/2602
f 2648/2648 2645/2645 2605/2605
f 2645/2645 2648/2648 2656/2656
f 2605/2605 2607/2607 2604/2604
f 2645/2645 2608/2608 2605/2605
f 2605/2605 2608/2608 2607/2607
f 2607/2607 2609/2609 2604/2604
f 2642/2642 2640/2640 2615/2615
f 2640/2640 2641/2641 2615/2615
f 2651/2651 2656/2656 2659/2659
f 2656/2656 2651/2651 2645/2645
f 2645/2645 2612/2612 2608/2608
f 2645/2645 2651/2651 2642/2642
f 2645/2645 2642/2642 2612/2612
f 2607/2607 2608/2608 2610/2610
f 2607/2607 2610/2610 2609/2609
f 2608/2608 2612/2612 2610/2610
f 2609/2609 2610/2610 2639/2639
f 2642/2642 2615/2615 2612/2612
f 2612/2612 2613/2613 2610/2610
f 2610/2610 2613/2613 2639/2639
f 2613/2613 2638/2638 2639/2639
f 2651/2651 2640/2640 2642/2642
f 2651/2651 2646/2646 2640/2640
f 2651/2651 2658/2658 2646/2646
f 2651/2651 2659/2659 2658/2658
f 2640/2640 2646/2646 2641/2641
f 2612/2612 2615/2615 2614/2614
f 2612/2612 2614/2614 2613/2613
f 2613/2613 2614/2614 2637/2637
f 2613/2613 2637/2637 2638/2638
f 2615/2615 2641/2641 2614/2614
f 2614/2614 2641/2641 2636/2636
f 2614/2614 2630/2630 2637/2637
f 2644/2644 2647/2647 2635/2635
f 2629/2629 2635/2635 2634/2634
f 2635/2635 2647/2647 2634/2634
f 2646/2646 2644/2644 2643/2643
f 2646/2646 2655/2655 2644/2644
f 2658/2658 2655/2655 2646/2646
f 2646/2646 2643/2643 2641/2641
f 2641/2641 2643/2643 2636/2636
f 2643/2643 2635/2635 2636/2636
f 2636/2636 2630/2630 2614/2614
f 2643/2643 2644/2644 2635/2635
f 2636/2636 2635/2635 2630/2630
f 2630/2630 2635/2635 2629/2629
f 2630/2630 2629/2629 2617/2617
f 2655/2655 2647/2647 2644/2644
f 2647/2647 2655/2655 2657/2657
f 2657/2657 2652/2652 2647/2647
f 2647/2647 2650/2650 2634/2634
f 2647/2647 2652/2652 2650/2650
f 2637/2637 2631/2631 2638/2638
f 2637/2637 2630/2630 2631/2631
f 2629/2629 2634/2634 2628/2628
f 2634/2634 2632/2632 2628/2628
f 2628/2628 2632/2632 2626/2626
f 2626/2626 2620/2620 2628/2628
f 2620/2620 2626/2626 2621/2621
f 2630/2630 2617/2617 2631/2631
f 2617/2617 2619/2619 2631/2631
f 2629/2629 2620/2620 2617/2617
f 2617/2617 2620/2620 2618/2618
f 2617/2617 2618/2618 2619/2619
f 2629/2629 2628/2628 2620/2620
f 2620/2620 2621/2621 2618/2618
f 2621/2621 2622/2622 2618/2618
f 2634/2634 2650/2650 2632/2632
f 2650/2650 2653/2653 2632/2632
f 2650/2650 2652/2652 2654/2654
f 2650/2650 2654/2654 2653/2653
f 2632/2632 2653/2653 2627/2627
f 2632/2632 2627/2627 2626/2626
f 2626/2626 2624/2624 2621/2621
f 2626/2626 2627/2627 2624/2624
f 2633/2633 2625/2625 2624/2624
f 2624/2624 2623/2623 2621/2621
f 2621/2621 2623/2623 2622/2622
f 2624/2624 2625/2625 2623/2623
f 2701/2701 2697/2697 2702/2702
f 2697/2697 2698/2698 2702/2702
f 2697/2697 2701/2701 2700/2700
f 2720/2720 2718/2718 2719/2719
f 2703/2703 2701/2701 2702/2702
f 2718/2718 2714/2714 2719/2719
f 2718/2718 2712/2712 2714/2714
f 2712/2712 2713/2713 2714/2714
f 2668/2668 2690/2690 2710/2710
f 2681/2681 2682/2682 2707/2707
f 2707/2707 2682/2682 2704/2704
f 2682/2682 2673/2673 2676/2676
f 2676/2676 2673/2673 2675/2675
f 2682/2682 2687/2687 2704/2704
f 2682/2682 2676/2676 2687/2687
f 2704/2704 2687/2687 2706/2706
f 2687/2687 2685/2685 2706/2706
f 2676/2676 2685/2685 2687/2687
f 2676/2676 2677/2677 2685/2685
f 2685/2685 2686/2686 2705/2705
f 2685/2685 2677/2677 2686/2686
f 2709/2709 2705/2705 2686/2686
f 2706/2706 2685/2685 2705/2705
f 2686/2686 2677/2677 2688/2688
f 2676/2676 2675/2675 2677/2677
f 2675/2675 2678/2678 2677/2677
f 2677/2677 2678/2678 2679/2679
f 2700/2700 2699/2699 2697/2697
f 2697/2697 2696/2696 2698/2698
f 2697/2697 2694/2694 2696/2696
f 2697/2697 2699/2699 2694/2694
f 2712/2712 2715/2715 2713/2713
f 2714/2714 2713/2713 2721/2721
f 2699/2699 2693/2693 2694/2694
f 2715/2715 2716/2716 2713/2713
f 2694/2694 2695/2695 2696/2696
f 2715/2715 2717/2717 2716/2716
f 2667/2667 2689/2689 2692/2692
f 2667/2667 2692/2692 2666/2666
f 2667/2667 2666/2666 2665/2665
f 2694/2694 2693/2693 2692/2692
f 2692/2692 2693/2693 2666/2666
f 2689/2689 2711/2711 2695/2695
f 2695/2695 2694/2694 2692/2692
f 2689/2689 2695/2695 2692/2692
f 2717/2717 2723/2723 2716/2716
f 2689/2689 2667/2667 2668/2668
f 2689/2689 2668/2668 2710/2710
f 2689/2689 2710/2710 2711/2711
f 2668/2668 2667/2667 2665/2665
f 2668/2668 2665/2665 2683/2683
f 2668/2668 2683/2683 2690/2690
f 2665/2665 2664/2664 2683/2683
f 2665/2665 2666/2666 2661/2661
f 2666/2666 2669/2669 2661/2661
f 2683/2683 2664/2664 2690/2690
f 2713/2713 2716/2716 2721/2721
f 2716/2716 2722/2722 2721/2721
f 2665/2665 2661/2661 2664/2664
f 2664/2664 2663/2663 2691/2691
f 2664/2664 2661/2661 2663/2663
f 2661/2661 2662/2662 2663/2663
f 2661/2661 2669/2669 2662/2662
f 2663/2663 2684/2684 2691/2691
f 2669/2669 2670/2670 2662/2662
f 2663/2663 2662/2662 2684/2684
f 2662/2662 2681/2681 2684/2684
f 2684/2684 2681/2681 2708/2708
f 2681/2681 2662/2662 2671/2671
f 2662/2662 2670/2670 2671/2671
f 2671/2671 2670/2670 2672/2672
f 2708/2708 2681/2681 2707/2707
f 2681/2681 2671/2671 2673/2673
f 2671/2671 2672/2672 2673/2673
f 2673/2673 2672/2672 2674/2674
f 2682/2682 2681/2681 2673/2673
f 2673/2673 2674/2674 2675/2675
f 2674/2674 2680/2680 2675/2675
f 2675/2675 2680/2680 2678/2678
f 2794/2794 2798/2798 2797/2797
f 2797/2797 2798/2798 2799/2799
f 2778/2778 2779/2779 2780/2780
f 2799/2799 2780/2780 2797/2797
f 2748/2748 2750/2750 2752/2752
f 2748/2748 2749/2749 2750/2750
f 2750/2750 2749/2749 2746/2746
f 2749/2749 2751/2751 2746/2746
f 2746/2746 2745/2745 2747/2747
f 2746/2746 2751/2751 2744/2744
f 2746/2746 2744/2744 2745/2745
f 2744/2744 2743/2743 2745/2745
f 2735/2735 2731/2731 2733/2733
f 2735/2735 2733/2733 2736/2736
f 2735/2735 2736/2736 2753/2753
f 2731/2731 2732/2732 2733/2733
f 2737/2737 2732/2732 2738/2738
f 2737/2737 2739/2739 2742/2742
f 2737/2737 2742/2742 2734/2734
f 2732/2732 2734/2734 2733/2733
f 2793/2793 2789/2789 2792/2792
f 2732/2732 2737/2737 2734/2734
f 2793/2793 2816/2816 2817/2817
f 2793/2793 2792/2792 2816/2816
f 2789/2789 2787/2787 2791/2791
f 2789/2789 2788/2788 2787/2787
f 2792/2792 2789/2789 2791/2791
f 2776/2776 2777/2777 2771/2771
f 2791/2791 2787/2787 2809/2809
f 2791/2791 2809/2809 2814/2814
f 2776/2776 2771/2771 2775/2775
f 2775/2775 2771/2771 2766/2766
f 2771/2771 2767/2767 2766/2766
f 2766/2766 2767/2767 2768/2768
f 2771/2771 2772/2772 2767/2767
f 2787/2787 2786/2786 2809/2809
f 2795/2795 2803/2803 2807/2807
f 2794/2794 2797/2797 2795/2795
f 2795/2795 2797/2797 2803/2803
f 2807/2807 2803/2803 2810/2810
f 2807/2807 2810/2810 2815/2815
f 2760/2760 2761/2761 2762/2762
f 2760/2760 2759/2759 2758/2758
f 2760/2760 2758/2758 2761/2761
f 2803/2803 2811/2811 2810/2810
f 2803/2803 2800/2800 2811/2811
f 2759/2759 2754/2754 2758/2758
f 2754/2754 2757/2757 2758/2758
f 2800/2800 2780/2780 2801/2801
f 2802/2802 2801/2801 2805/2805
f 2801/2801 2802/2802 2800/2800
f 2800/2800 2812/2812 2811/2811
f 2800/2800 2802/2802 2812/2812
f 2797/2797 2780/2780 2800/2800
f 2797/2797 2800/2800 2803/2803
f 2780/2780 2779/2779 2801/2801
f 2779/2779 2804/2804 2801/2801
f 2754/2754 2755/2755 2756/2756
f 2754/2754 2756/2756 2757/2757
f 2805/2805 2801/2801 2804/2804
f 2805/2805 2806/2806 2802/2802
f 2739/2739 2740/2740 2741/2741
f 2788/2788 2785/2785 2787/2787
f 2729/2729 2728/2728 2726/2726
f 2728/2728 2724/2724 2726/2726
f 2727/2727 2725/2725 2730/2730
f 2794/2794 2784/2784 2796/2796
f 2794/2794 2796/2796 2798/2798
f 2744/2744 2739/2739 2743/2743
f 2744/2744 2751/2751 2739/2739
f 2743/2743 2739/2739 2737/2737
f 2739/2739 2741/2741 2742/2742
f 2767/2767 2769/2769 2768/2768
f 2785/2785 2786/2786 2787/2787
f 2767/2767 2772/2772 2770/2770
f 2786/2786 2813/2813 2809/2809
f 2772/2772 2773/2773 2770/2770
f 2767/2767 2770/2770 2769/2769
f 2785/2785 2781/2781 2786/2786
f 2781/2781 2790/2790 2786/2786
f 2781/2781 2785/2785 2782/2782
f 2724/2724 2725/2725 2726/2726
f 2726/2726 2725/2725 2727/2727
f 2786/2786 2790/2790 2813/2813
f 2781/2781 2782/2782 2783/2783
f 2781/2781 2783/2783 2790/2790
f 2790/2790 2783/2783 2808/2808
f 2790/2790 2808/2808 2813/2813
f 2765/2765 2763/2763 2764/2764
f 2770/2770 2773/2773 2774/2774
f 2783/2783 2782/2782 2784/2784
f 2808/2808 2783/2783 2807/2807
f 2763/2763 2762/2762 2764/2764
f 2763/2763 2760/2760 2762/2762
f 2808/2808 2807/2807 2815/2815
f 2783/2783 2784/2784 2794/2794
f 2795/2795 2783/2783 2794/2794
f 2795/2795 2807/2807 2783/2783
f 2850/2850 2838/2838 2842/2842
f 2838/2838 2840/2840 2842/2842
f 2865/2865 2863/2863 2862/2862
f 2862/2862 2863/2863 2864/2864
f 2842/2842 2841/2841 2845/2845
f 2842/2842 2840/2840 2841/2841
f 2840/2840 2835/2835 2841/2841
f 2835/2835 2846/2846 2841/2841
f 2846/2846 2847/2847 2841/2841
f 2853/2853 2845/2845 2851/2851
f 2863/2863 2866/2866 2864/2864
f 2851/2851 2841/2841 2852/2852
f 2851/2851 2845/2845 2841/2841
f 2854/2854 2843/2843 2849/2849
f 2843/2843 2836/2836 2849/2849
f 2849/2849 2836/2836 2848/2848
f 2848/2848 2836/2836 2830/2830
f 2843/2843 2831/2831 2836/2836
f 2836/2836 2831/2831 2830/2830
f 2832/2832 2829/2829 2831/2831
f 2830/2830 2831/2831 2829/2829
f 2832/2832 2828/2828 2829/2829
f 2848/2848 2830/2830 2844/2844
f 2828/2828 2827/2827 2826/2826
f 2828/2828 2826/2826 2829/2829
f 2830/2830 2829/2829 2826/2826
f 2861/2861 2860/2860 2858/2858
f 2860/2860 2859/2859 2858/2858
f 2830/2830 2826/2826 2844/2844
f 2844/2844 2826/2826 2822/2822
f 2859/2859 2855/2855 2858/2858
f 2855/2855 2857/2857 2858/2858
f 2827/2827 2825/2825 2826/2826
f 2826/2826 2819/2819 2822/2822
f 2825/2825 2819/2819 2826/2826
f 2818/2818 2822/2822 2819/2819
f 2855/2855 2856/2856 2857/2857
f 2818/2818 2819/2819 2820/2820
f 2825/2825 2824/2824 2819/2819
f 2824/2824 2823/2823 2819/2819
f 2819/2819 2821/2821 2820/2820
f 2821/2821 2839/2839 2820/2820
f 2823/2823 2834/2834 2833/2833
f 2823/2823 2833/2833 2821/2821
f 2839/2839 2821/2821 2833/2833
f 2819/2819 2823/2823 2821/2821
f 2834/2834 2835/2835 2833/2833
f 2839/2839 2833/2833 2837/2837
f 2833/2833 2835/2835 2837/2837
f 2837/2837 2835/2835 2838/2838
f 2835/2835 2840/2840 2838/2838
f 2910/2910 2911/2911 2912/2912
f 2912/2912 2911/2911 2917/2917
f 2912/2912 2917/2917 2922/2922
f 2905/2905 2892/2892 2890/2890
f 2892/2892 2891/2891 2890/2890
f 2910/2910 2913/2913 2911/2911
f 2905/2905 2890/2890 2908/2908
f 2891/2891 2888/2888 2890/2890
f 2911/2911 2914/2914 2917/2917
f 2890/2890 2888/2888 2889/2889
f 2914/2914 2916/2916 2917/2917
f 2917/2917 2916/2916 2921/2921
f 2914/2914 2915/2915 2916/2916
f 2916/2916 2920/2920 2921/2921
f 2926/2926 2925/2925 2929/2929
f 2924/2924 2925/2925 2926/2926
f 2915/2915 2918/2918 2916/2916
f 2924/2924 2927/2927 2925/2925
f 2929/2929 2925/2925 2928/2928
f 2925/2925 2927/2927 2928/2928
f 2899/2899 2900/2900 2898/2898
f 2893/2893 2877/2877 2897/2897
f 2893/2893 2882/2882 2877/2877
f 2901/2901 2882/2882 2893/2893
f 2901/2901 2902/2902 2882/2882
f 2903/2903 2894/2894 2902/2902
f 2902/2902 2894/2894 2882/2882
f 2882/2882 2894/2894 2883/2883
f 2882/2882 2883/2883 2881/2881
f 2908/2908 2890/2890 2909/2909
f 2888/2888 2887/2887 2889/2889
f 2915/2915 2919/2919 2918/2918
f 2895/2895 2871/2871 2888/2888
f 2888/2888 2871/2871 2887/2887
f 2916/2916 2918/2918 2920/2920
f 2918/2918 2923/2923 2920/2920
f 2895/2895 2896/2896 2871/2871
f 2899/2899 2898/2898 2871/2871
f 2871/2871 2886/2886 2887/2887
f 2898/2898 2867/2867 2871/2871
f 2871/2871 2867/2867 2870/2870
f 2871/2871 2870/2870 2886/2886
f 2870/2870 2878/2878 2886/2886
f 2886/2886 2878/2878 2904/2904
f 2867/2867 2869/2869 2870/2870
f 2867/2867 2868/2868 2869/2869
f 2870/2870 2872/2872 2878/2878
f 2870/2870 2869/2869 2872/2872
f 2868/2868 2885/2885 2869/2869
f 2869/2869 2873/2873 2872/2872
f 2872/2872 2873/2873 2874/2874
f 2869/2869 2885/2885 2873/2873
f 2885/2885 2884/2884 2873/2873
f 2907/2907 2906/2906 2884/2884
f 2884/2884 2875/2875 2873/2873
f 2906/2906 2897/2897 2884/2884
f 2873/2873 2875/2875 2874/2874
f 2875/2875 2876/2876 2874/2874
f 2897/2897 2877/2877 2884/2884
f 2884/2884 2877/2877 2875/2875
f 2877/2877 2876/2876 2875/2875
f 2877/2877 2879/2879 2876/2876
f 2879/2879 2880/2880 2876/2876
f 2877/2877 2882/2882 2879/2879
f 2879/2879 2881/2881 2880/2880
f 2882/2882 2881/2881 2879/2879
f 2944/2944 2940/2940 2945/2945
f 2944/2944 2941/2941 2940/2940
f 2940/2940 2941/2941 2942/2942
f 2945/2945 2940/2940 2943/2943
f 2940/2940 2942/2942 2943/2943
f 2945/2945 2943/2943 2938/2938
f 2943/2943 2942/2942 2936/2936
f 2938/2938 2935/2935 2937/2937
f 2934/2934 2931/2931 2930/2930
f 2938/2938 2943/2943 2935/2935
f 2943/2943 2936/2936 2935/2935
f 2935/2935 2936/2936 2937/2937
f 2936/2936 2939/2939 2937/2937
f 2930/2930 2931/2931 2932/2932
f 2932/2932 2931/2931 2933/2933
f 3007/3007 2994/2994 2993/2993
f 3007/3007 2993/2993 3011/3011
f 2993/2993 2994/2994 2995/2995
f 2993/2993 2996/2996 3011/3011
f 3011/3011 2996/2996 3012/3012
f 2993/2993 2995/2995 2996/2996
f 2996/2996 2995/2995 2997/2997
f 2960/2960 2996/2996 2961/2961
f 2960/2960 2961/2961 2962/2962
f 2961/2961 2996/2996 2997/2997
f 2961/2961 2997/2997 2964/2964
f 2961/2961 2964/2964 2963/2963
f 2964/2964 2965/2965 2963/2963
f 2968/2968 2966/2966 2964/2964
f 2997/2997 2968/2968 2964/2964
f 2964/2964 2966/2966 2965/2965
f 2965/2965 2973/2973 2967/2967
f 2965/2965 2970/2970 2973/2973
f 3013/3013 3014/3014 3015/3015
f 3015/3015 3014/3014 3016/3016
f 2962/2962 2961/2961 2963/2963
f 3014/3014 3017/3017 3016/3016
f 2963/2963 2965/2965 2967/2967
f 2967/2967 2973/2973 2983/2983
f 2970/2970 2990/2990 2973/2973
f 2990/2990 2986/2986 2973/2973
f 2973/2973 2986/2986 2984/2984
f 2984/2984 2983/2983 2973/2973
f 2985/2985 2984/2984 2989/2989
f 2983/2983 2984/2984 2985/2985
f 2986/2986 2987/2987 2984/2984
f 2987/2987 2991/2991 2988/2988
f 2984/2984 2988/2988 2989/2989
f 2984/2984 2987/2987 2988/2988
f 2991/2991 2992/2992 2988/2988
f 3008/3008 3005/3005 3006/3006
f 2953/2953 2950/2950 2951/2951
f 2951/2951 2949/2949 2952/2952
f 2951/2951 2950/2950 2949/2949
f 2982/2982 2981/2981 2980/2980
f 3008/3008 3004/3004 3005/3005
f 3005/3005 3004/3004 3003/3003
f 3003/3003 3004/3004 2980/2980
f 3004/3004 2982/2982 2980/2980
f 3005/3005 3003/3003 3006/3006
f 3006/3006 3003/3003 3002/3002
f 3003/3003 2980/2980 2979/2979
f 2950/2950 2946/2946 2949/2949
f 2980/2980 2981/2981 2978/2978
f 2946/2946 2948/2948 2949/2949
f 3002/3002 3003/3003 2979/2979
f 2980/2980 2978/2978 2979/2979
f 2946/2946 2947/2947 2948/2948
f 2946/2946 2954/2954 2947/2947
f 2947/2947 2955/2955 2948/2948
f 2947/2947 2954/2954 2955/2955
f 3002/3002 2979/2979 3001/3001
f 3002/3002 3001/3001 3009/3009
f 3001/3001 3000/3000 3009/3009
f 2979/2979 2978/2978 2976/2976
f 3001/3001 2979/2979 2976/2976
f 2978/2978 2977/2977 2976/2976
f 2954/2954 2956/2956 2955/2955
f 2956/2956 2959/2959 2955/2955
f 3009/3009 3000/3000 3010/3010
f 3000/3000 3001/3001 2999/2999
f 3001/3001 2976/2976 2999/2999
f 3010/3010 3000/3000 3007/3007
f 2976/2976 2977/2977 2975/2975
f 2954/2954 2957/2957 2956/2956
f 2956/2956 2958/2958 2959/2959
f 2956/2956 2957/2957 2958/2958
f 2972/2972 2998/2998 2976/2976
f 3000/3000 2994/2994 3007/3007
f 3000/3000 2999/2999 2994/2994
f 2999/2999 2998/2998 2994/2994
f 2999/2999 2976/2976 2998/2998
f 2972/2972 2971/2971 2998/2998
f 2994/2994 2998/2998 2995/2995
f 2998/2998 2971/2971 2995/2995
f 2976/2976 2975/2975 2972/2972
f 2974/2974 2972/2972 2975/2975
f 2974/2974 2969/2969 2972/2972
f 2969/2969 2971/2971 2972/2972
f 2995/2995 2971/2971 2997/2997
f 2971/2971 2969/2969 2968/2968
f 2968/2968 2969/2969 2966/2966
f 2997/2997 2971/2971 2968/2968
f 2966/2966 2970/2970 2965/2965
f 3018/3018 3021/3021 3019/3019
f 3018/3018 3024/3024 3021/3021
f 3018/3018 3027/3027 3024/3024
f 3018/3018 3019/3019 3020/3020
f 3018/3018 3020/3020 3025/3025
f 3018/3018 3025/3025 3027/3027
f 3019/3019 3022/3022 3020/3020
f 3020/3020 3023/3023 3025/3025
f 3020/3020 3022/3022 3023/3023
f 3025/3025 3023/3023 3026/3026
f 3039/3039 3036/3036 3040/3040
f 3033/3033 3028/3028 3030/3030
f 3033/3033 3030/3030 3035/3035
f 3039/3039 3037/3037 3036/3036
f 3041/3041 3038/3038 3037/3037
f 3041/3041 3042/3042 3038/3038
f 3035/3035 3030/3030 3034/3034
f 3036/3036 3037/3037 3038/3038
f 3028/3028 3029/3029 3030/3030
f 3034/3034 3030/3030 3032/3032
f 3029/3029 3031/3031 3030/3030
f 3030/3030 3031/3031 3032/3032
f 3038/3038 3042/3042 3043/3043
f 3051/3051 3053/3053 3052/3052
f 3051/3051 3052/3052 3048/3048
f 3051/3051 3048/3048 3047/3047
f 3047/3047 3045/3045 3044/3044
f 3047/3047 3048/3048 3045/3045
f 3044/3044 3045/3045 3046/3046
f 3048/3048 3049/3049 3045/3045
f 3045/3045 3050/3050 3046/3046
f 3045/3045 3049/3049 3050/3050
f 3060/3060 3061/3061 3062/3062
f 3057/3057 3054/3054 3056/3056
f 3060/3060 3062/3062 3063/3063
f 3054/3054 3055/3055 3056/3056
f 3062/3062 3064/3064 3063/3063
f 3063/3063 3064/3064 3065/3065
f 3055/3055 3058/3058 3056/3056
f 3056/3056 3058/3058 3059/3059
f 3066/3066 3069/3069 3067/3067
f 3066/3066 3067/3067 3068/3068
f 3068/3068 3072/3072 3066/3066
f 3068/3068 3071/3071 3072/3072
f 3077/3077 3073/3073 3075/3075
f 3068/3068 3067/3067 3070/3070
f 3068/3068 3070/3070 3071/3071
f 3076/3076 3074/3074 3073/3073
f 3073/3073 3074/3074 3075/3075
f 3081/3081 3083/3083 3079/3079
f 3081/3081 3079/3079 3078/3078
f 3078/3078 3079/3079 3080/3080
f 3080/3080 3079/3079 3082/3082
f 3079/3079 3083/3083 3082/3082
