# LE 31 - armR (monstre T-pose)
v 0.57301 -0.54589 -0.09642
v 0.56948 -0.55617 -0.10529
v 0.56323 -0.53833 -0.09705
v 0.57579 -0.56205 -0.10499
v 0.58134 -0.55503 -0.09616
v 0.56655 -0.53177 -0.08814
v 0.54923 -0.51633 -0.08896
v 0.55476 -0.53757 -0.10438
v 0.56250 -0.54935 -0.10686
v 0.56785 -0.56242 -0.11089
v 0.58670 -0.57794 -0.10419
v 0.58882 -0.57004 -0.09716
v 0.59672 -0.58725 -0.09942
v 0.59788 -0.59958 -0.11086
v 0.60626 -0.60724 -0.10889
v 0.59970 -0.61591 -0.11728
v 0.60880 -0.61889 -0.11395
v 0.55816 -0.51848 -0.08059
v 0.53440 -0.48701 -0.07512
v 0.54051 -0.51313 -0.10011
v 0.57512 -0.54129 -0.08666
v 0.52939 -0.48680 -0.08472
v 0.52607 -0.49314 -0.09973
v 0.51663 -0.47565 -0.08982
v 0.50766 -0.45727 -0.07955
v 0.49666 -0.45136 -0.08281
v 0.49200 -0.43680 -0.07356
v 0.50170 -0.44133 -0.06355
v 0.48585 -0.42363 -0.06285
v 0.49289 -0.42792 -0.05794
v 0.51490 -0.46014 -0.06705
v 0.61155 -0.61741 -0.10760
v 0.48048 -0.41200 -0.04745
v 0.60751 -0.60525 -0.10187
v 0.58791 -0.56398 -0.09093
v 0.46475 -0.40357 -0.05158
v 0.53888 -0.51753 -0.11621
v 0.54819 -0.52912 -0.11211
v 0.48819 -0.41919 -0.04536
v 0.55020 -0.53371 -0.12298
v 0.56347 -0.55125 -0.12869
v 0.55435 -0.54329 -0.13260
v 0.56146 -0.55617 -0.14285
v 0.57106 -0.56898 -0.14031
v 0.56862 -0.57310 -0.15133
v 0.57483 -0.58009 -0.14756
v 0.49800 -0.43330 -0.04413
v 0.51261 -0.45532 -0.05174
v 0.51909 -0.46266 -0.03963
v 0.52604 -0.47384 -0.05323
v 0.53645 -0.48678 -0.04221
v 0.54082 -0.49608 -0.06280
v 0.55207 -0.51007 -0.04807
v 0.56264 -0.52943 -0.05799
v 0.56177 -0.52499 -0.04532
v 0.57323 -0.54156 -0.05074
v 0.57664 -0.54939 -0.05839
v 0.58624 -0.56323 -0.05416
v 0.57600 -0.55428 -0.06728
v 0.56132 -0.54778 -0.11357
v 0.58770 -0.57446 -0.06447
v 0.59737 -0.58682 -0.05675
v 0.60515 -0.60486 -0.06595
v 0.61013 -0.60914 -0.05860
v 0.56768 -0.56098 -0.12428
v 0.48442 -0.41460 -0.03061
v 0.49247 -0.42428 -0.02951
v 0.50629 -0.44546 -0.03269
v 0.46547 -0.39580 -0.03426
v 0.55348 -0.51476 -0.06809
v 0.56583 -0.53344 -0.07241
v 0.58087 -0.55640 -0.07823
v 0.57835 -0.58748 -0.14309
v 0.61095 -0.61636 -0.06459
v 0.57625 -0.58142 -0.13695
v 0.48684 -0.41896 -0.02240
v 0.57863 -0.55227 -0.04508
v 0.60431 -0.60191 -0.09323
v 0.59350 -0.58081 -0.08872
v 0.54819 -0.50682 -0.03905
v 0.47165 -0.40418 -0.02366
v 0.45335 -0.38489 -0.02296
v 0.57157 -0.57325 -0.13075
v 0.57171 -0.58364 -0.15534
v 0.57673 -0.58968 -0.15112
v 0.45060 -0.38908 -0.04303
v 0.53516 -0.51947 -0.12053
v 0.44551 -0.37421 -0.02567
v 0.43031 -0.36761 -0.03515
v 0.42546 -0.35580 -0.02331
v 0.41159 -0.34733 -0.02822
v 0.42676 -0.35192 -0.01074
v 0.41075 -0.33583 -0.00994
v 0.40593 -0.33438 -0.01903
v 0.39206 -0.31553 -0.00465
v 0.39948 -0.32222 -0.00050
v 0.38418 -0.30391 0.00671
v 0.36958 -0.29016 0.00936
v 0.37625 -0.29406 0.01579
v 0.36132 -0.27758 0.02544
v 0.34800 -0.26349 0.02691
v 0.34559 -0.26401 0.01579
v 0.33511 -0.24879 0.03154
v 0.32597 -0.24195 0.02860
v 0.32299 -0.23698 0.03921
v 0.30528 -0.22038 0.04226
v 0.41565 -0.34315 0.00054
v 0.29413 -0.21523 0.03104
v 0.33663 -0.25139 0.03895
v 0.35111 -0.26836 0.03474
v 0.28923 -0.20645 0.05011
v 0.27486 -0.19589 0.04219
v 0.26901 -0.18953 0.05721
v 0.25171 -0.17707 0.04860
v 0.25409 -0.17771 0.05811
v 0.26950 -0.19609 0.03063
v 0.35894 -0.28357 0.00373
v 0.37726 -0.30459 -0.00493
v 0.27643 -0.20900 0.01569
v 0.29764 -0.22705 0.01227
v 0.31334 -0.23647 0.02032
v 0.23476 -0.16570 0.05343
v 0.24946 -0.18542 0.02388
v 0.23839 -0.17083 0.04019
v 0.30554 -0.23989 0.00434
v 0.31891 -0.25419 0.00444
v 0.33008 -0.25336 0.01535
v 0.23781 -0.16722 0.06507
v 0.30435 -0.22141 0.05088
v 0.21807 -0.15959 0.04418
v 0.25273 -0.17858 0.06717
v 0.44002 -0.37240 -0.00992
v 0.21233 -0.15351 0.06583
v 0.20267 -0.14999 0.05656
v 0.18560 -0.13850 0.06702
v 0.18818 -0.14091 0.05230
v 0.19476 -0.14652 0.04447
v 0.17157 -0.13056 0.05472
v 0.22670 -0.16898 0.03085
v 0.16711 -0.13007 0.04993
v 0.15824 -0.12238 0.05528
v 0.14420 -0.11360 0.05105
v 0.14398 -0.10929 0.06007
v 0.12745 -0.10040 0.04797
v 0.11643 -0.08790 0.05317
v 0.16002 -0.12192 0.06063
v 0.28828 -0.22540 0.00568
v 0.38688 -0.31877 -0.01306
v 0.26249 -0.20506 0.00921
v 0.42952 -0.37271 -0.04142
v 0.45017 -0.40109 -0.05844
v 0.24079 -0.18598 0.01651
v 0.46692 -0.41815 -0.06835
v 0.32903 -0.26454 0.00539
v 0.34163 -0.27239 0.00453
v 0.11180 -0.08340 0.04743
v 0.11416 -0.09331 0.04237
v 0.09462 -0.07200 0.04051
v 0.09839 -0.07100 0.04595
v 0.08601 -0.05873 0.04335
v 0.07064 -0.04419 0.04126
v 0.06634 -0.04471 0.03590
v 0.05686 -0.03007 0.04020
v 0.04723 -0.02481 0.03445
v 0.04032 -0.01749 0.03730
v 0.03836 -0.02706 0.02324
v 0.52409 -0.49779 -0.10536
v 0.51136 -0.47917 -0.09457
v 0.04002 -0.01515 0.04844
v 0.21561 -0.16744 0.02823
v 0.55836 -0.56052 -0.14792
v 0.13013 -0.11318 0.04182
v 0.14638 -0.12598 0.04481
v 0.05723 -0.04604 0.02751
v 0.07290 -0.06205 0.03085
v 0.09463 -0.08067 0.03546
v 0.47732 -0.43859 -0.08172
v 0.54718 -0.54545 -0.13770
v 0.19209 -0.14905 0.04087
v 0.56472 -0.57968 -0.15791
v 0.59908 -0.60304 -0.07037
v 0.59223 -0.59959 -0.07544
v 0.58385 -0.57638 -0.07081
v 0.05656 -0.02941 0.05672
v 0.07330 -0.04659 0.05005
v 0.29187 -0.23406 0.00150
v 0.60415 -0.61721 -0.07307
v 0.59814 -0.61558 -0.07836
v 0.57424 -0.60006 -0.16101
v 0.07061 -0.04364 0.06792
v 0.09059 -0.06491 0.06320
v 0.07991 -0.05351 0.07664
v 0.04977 -0.02199 0.07666
v 0.17014 -0.12969 0.06708
v 0.10136 -0.07698 0.08068
v 0.10737 -0.08183 0.06647
v 0.05937 -0.03315 0.08149
v 0.12693 -0.09829 0.06597
v 0.13785 -0.10698 0.07881
v 0.11564 -0.09092 0.07997
v 0.15342 -0.11930 0.07713
v 0.10823 -0.08621 0.08674
v 0.17526 -0.13354 0.07744
v 0.04005 -0.01438 0.08318
v 0.13929 -0.11023 0.09054
v 0.22530 -0.16109 0.07097
v 0.12409 -0.09979 0.08949
v 0.18774 -0.14129 0.07618
v 0.15199 -0.12223 0.09297
v 0.16410 -0.12929 0.08281
v 0.31738 -0.23512 0.05125
v 0.20331 -0.15066 0.07505
v 0.46119 -0.39829 -0.01341
v 0.47382 -0.41137 -0.01414
v 0.26697 -0.19165 0.06838
v 0.29216 -0.21405 0.06248
v 0.57039 -0.56885 -0.10937
v 0.57827 -0.57484 -0.10723
v 0.49924 -0.43805 -0.02230
v 0.57875 -0.60308 -0.15340
v 0.39302 -0.31803 0.00924
v 0.56733 -0.57059 -0.11466
v 0.61381 -0.62491 -0.05860
v 0.57671 -0.61817 -0.16184
v 0.61138 -0.62763 -0.11110
v 0.58616 -0.58754 -0.10878
v 0.60181 -0.59819 -0.05066
v 0.58854 -0.57270 -0.04722
v 0.51257 -0.46377 -0.02065
v 0.56452 -0.53708 -0.03715
v 0.43681 -0.37371 -0.00067
v 0.52706 -0.48423 -0.02725
v 0.52120 -0.48628 -0.00934
v 0.61035 -0.61352 -0.05250
v 0.37984 -0.30668 0.02066
v 0.24625 -0.17895 0.07717
v 0.22770 -0.16589 0.07672
v 0.58954 -0.60137 -0.11386
v 0.53797 -0.51317 -0.01369
v 0.54018 -0.50666 -0.02891
v 0.55073 -0.52859 -0.02483
v 0.54790 -0.53345 -0.00775
v 0.56025 -0.54878 -0.01012
v 0.55751 -0.54222 -0.01739
v 0.56719 -0.55549 -0.01914
v 0.56215 -0.54608 -0.02691
v 0.57074 -0.55866 -0.02990
v 0.57026 -0.56280 -0.01261
v 0.57290 -0.56552 -0.02453
v 0.57465 -0.57213 -0.03263
v 0.57662 -0.57907 -0.01772
v 0.57808 -0.58633 -0.02497
v 0.58390 -0.59905 -0.01278
v 0.58813 -0.61328 -0.01749
v 0.57548 -0.58508 -0.03078
v 0.58252 -0.60882 -0.02713
v 0.58931 -0.61860 -0.00983
v 0.57590 -0.58255 -0.01022
v 0.56685 -0.56339 -0.00743
v 0.49097 -0.42945 -0.01650
v 0.33101 -0.25213 0.05057
v 0.41350 -0.34658 0.00888
v 0.36478 -0.28605 0.02912
v 0.53069 -0.51076 -0.00235
v 0.58782 -0.62737 -0.02099
v 0.26918 -0.19845 0.07458
v 0.51462 -0.48029 -0.00444
v 0.49957 -0.45399 -0.00852
v 0.61154 -0.63237 -0.06583
v 0.58969 -0.63074 -0.01421
v 0.39489 -0.32818 0.01636
v 0.61370 -0.64253 -0.05949
v 0.61299 -0.66409 -0.06674
v 0.61535 -0.66141 -0.05946
v 0.34593 -0.27311 0.04669
v 0.57378 -0.59393 -0.03374
v 0.28277 -0.21640 0.07610
v 0.31250 -0.24029 0.06227
v 0.60528 -0.63203 -0.11886
v 0.60933 -0.65059 -0.11811
v 0.60700 -0.66057 -0.12159
v 0.61288 -0.67388 -0.11713
v 0.61228 -0.69610 -0.06501
v 0.58943 -0.63061 -0.00792
v 0.60554 -0.68831 -0.12333
v 0.60926 -0.70126 -0.12203
v 0.61325 -0.68861 -0.05855
v 0.60548 -0.71082 -0.12412
v 0.60980 -0.71402 -0.11949
v 0.61121 -0.70859 -0.05867
v 0.60923 -0.71468 -0.06665
v 0.58382 -0.64055 -0.02321
v 0.58541 -0.66101 -0.01411
v 0.58265 -0.65869 -0.02045
v 0.58153 -0.67902 -0.01786
v 0.58310 -0.67904 -0.00835
v 0.58635 -0.65207 -0.00860
v 0.60940 -0.71585 -0.06126
v 0.27800 -0.27790 0.08122
v 0.26451 -0.27368 0.08262
v 0.25933 -0.25802 0.09162
v 0.29266 -0.29973 0.06786
v 0.30637 -0.30208 0.06855
v 0.31857 -0.31996 0.05708
v 0.33013 -0.31862 0.05918
v 0.33830 -0.33009 0.05251
v 0.26521 -0.28819 0.07009
v 0.24404 -0.27096 0.07858
v 0.23202 -0.24668 0.09665
v 0.24411 -0.24682 0.09895
v 0.22352 -0.23183 0.10853
v 0.29872 -0.31357 0.05660
v 0.32385 -0.33792 0.03998
v 0.34610 -0.34775 0.03824
v 0.35542 -0.34597 0.04332
v 0.37036 -0.36053 0.03513
v 0.30505 -0.32712 0.04435
v 0.29095 -0.31540 0.05107
v 0.35988 -0.36474 0.02595
v 0.38123 -0.38179 0.01828
v 0.39106 -0.37608 0.02670
v 0.40394 -0.39803 0.01315
v 0.40107 -0.40571 0.00370
v 0.25419 -0.28663 0.06629
v 0.27520 -0.30209 0.05877
v 0.23079 -0.26938 0.07408
v 0.22796 -0.25595 0.08516
v 0.21526 -0.25697 0.07903
v 0.20874 -0.24426 0.08728
v 0.19300 -0.24046 0.08424
v 0.21677 -0.24073 0.09320
v 0.20918 -0.22717 0.10404
v 0.19627 -0.22952 0.09353
v 0.34153 -0.35566 0.02649
v 0.18050 -0.22195 0.09274
v 0.20010 -0.22468 0.09838
v 0.18758 -0.21587 0.09997
v 0.42344 -0.42034 0.00252
v 0.19706 -0.21495 0.10751
v 0.36350 -0.37293 0.01737
v 0.38212 -0.38813 0.01123
v 0.42074 -0.42549 -0.00524
v 0.20856 -0.21828 0.11469
v 0.21303 -0.21592 0.11714
v 0.32443 -0.34290 0.03262
v 0.43668 -0.44002 -0.00779
v 0.44605 -0.44452 -0.00590
v 0.45014 -0.45677 -0.01319
v 0.45747 -0.45426 -0.00697
v 0.17171 -0.20449 0.09836
v 0.15446 -0.19893 0.09426
v 0.16781 -0.21833 0.08687
v 0.18258 -0.23352 0.08255
v 0.21336 -0.25940 0.07295
v 0.19408 -0.20468 0.11348
v 0.24094 -0.28051 0.06325
v 0.26439 -0.29707 0.05614
v 0.28021 -0.30901 0.05031
v 0.18763 -0.20634 0.10482
v 0.16575 -0.18423 0.10610
v 0.13927 -0.17423 0.10235
v 0.17998 -0.19319 0.10879
v 0.17621 -0.19756 0.10202
v 0.13206 -0.17910 0.09818
v 0.13111 -0.18265 0.09421
v 0.11197 -0.16645 0.09840
v 0.11310 -0.17217 0.09284
v 0.09483 -0.15840 0.09434
v 0.09242 -0.14703 0.10182
v 0.06838 -0.13777 0.09585
v 0.05707 -0.12312 0.10082
v 0.07670 -0.14659 0.09236
v 0.06752 -0.14185 0.08702
v 0.04865 -0.12475 0.09366
v 0.19274 -0.24469 0.07301
v 0.29780 -0.32268 0.04218
v 0.03239 -0.10813 0.09810
v 0.03129 -0.11281 0.09031
v 0.01221 -0.09528 0.09318
v 0.01557 -0.10073 0.08759
v 0.00866 -0.08707 0.09871
v -0.00545 -0.07937 0.09192
v 0.09312 -0.16001 0.08501
v 0.14035 -0.19112 0.08752
v 0.11804 -0.17700 0.08646
v 0.15592 -0.20439 0.08850
v 0.03934 -0.11982 0.08524
v -0.02136 -0.06117 0.09465
v 0.20495 -0.25443 0.06754
v 0.00311 -0.08887 0.08396
v 0.22447 -0.26879 0.06146
v -0.01672 -0.06918 0.08519
v -0.01176 -0.06389 0.10044
v 0.03414 -0.09950 0.10428
v 0.11548 -0.16053 0.10372
v 0.20127 -0.20624 0.11684
v 0.45976 -0.46838 -0.01229
v 0.45920 -0.47540 -0.02064
v 0.44538 -0.45518 -0.02152
v 0.47159 -0.49768 -0.01694
v 0.47604 -0.49762 -0.01003
v 0.48404 -0.51650 -0.01339
v 0.48152 -0.51768 -0.02120
v 0.49341 -0.53301 -0.01955
v 0.49776 -0.53097 -0.00935
v 0.50239 -0.54042 -0.01347
v 0.51777 -0.55081 -0.00825
v 0.52404 -0.56313 -0.01483
v 0.54536 -0.58066 -0.01006
v 0.54399 -0.58603 -0.01700
v 0.55516 -0.59235 -0.01417
v 0.56017 -0.59034 -0.00779
v 0.50779 -0.53481 -0.00449
v 0.49324 -0.51732 -0.00563
v 0.54943 -0.57754 -0.00601
v 0.53188 -0.55571 -0.00351
v 0.46680 -0.46596 -0.00706
v 0.01506 -0.07930 0.10565
v 0.18402 -0.18870 0.11285
v 0.48584 -0.49875 -0.00384
v 0.47463 -0.48073 -0.00616
v 0.00165 -0.05665 0.10803
v 0.55810 -0.59999 -0.01257
v 0.55711 -0.60172 -0.02029
v 0.55481 -0.59451 -0.02089
v 0.56125 -0.60835 -0.00807
v 0.55706 -0.61122 -0.01761
v 0.20732 -0.20464 0.11892
v 0.22984 -0.22829 0.11039
v 0.21737 -0.21259 0.11911
v 0.55874 -0.62339 -0.01317
v 0.56109 -0.62451 -0.00786
v 0.56295 -0.63584 -0.00932
v 0.56705 -0.63157 -0.00368
v 0.56834 -0.64776 -0.00530
v 0.56473 -0.65074 -0.00997
v 0.56468 -0.61721 -0.00416
v 0.56553 -0.66618 -0.00563
v 0.56066 -0.66797 -0.01087
v 0.56123 -0.67877 -0.00607
v 0.55764 -0.67954 -0.01173
v 0.56012 -0.68289 -0.01136
v 0.43106 -0.44276 -0.04208
v 0.42626 -0.43375 -0.03022
v 0.41831 -0.42955 -0.03653
v 0.42744 -0.44198 -0.04915
v 0.41278 -0.42566 -0.03962
v 0.43838 -0.44603 -0.03664
v 0.40693 -0.41684 -0.02076
v 0.39385 -0.40593 -0.02575
v 0.39201 -0.40399 -0.00529
v 0.37762 -0.38748 -0.00847
v 0.41781 -0.42934 -0.01460
v 0.39921 -0.41145 0.00206
v 0.38498 -0.39725 0.00935
v 0.36836 -0.38125 0.00492
v 0.36502 -0.38012 0.01741
v 0.34745 -0.36638 0.02229
v 0.41486 -0.42325 0.00132
v 0.42993 -0.44346 -0.01536
v 0.43692 -0.44875 -0.00970
v 0.43287 -0.44214 -0.02785
v 0.35141 -0.36526 0.00621
v 0.32486 -0.34738 0.02242
v 0.32487 -0.34847 0.03498
v 0.31029 -0.33784 0.03768
v 0.30263 -0.33137 0.03295
v 0.27844 -0.31376 0.04753
v 0.28419 -0.31635 0.03691
v 0.26129 -0.30001 0.04721
v 0.26123 -0.30034 0.05750
v 0.24277 -0.28808 0.06127
v 0.29796 -0.32678 0.04867
v 0.24073 -0.28469 0.05096
v 0.22483 -0.27520 0.06406
v 0.23747 -0.28199 0.06888
v 0.21323 -0.26521 0.07209
v 0.21868 -0.26850 0.05538
v 0.19930 -0.25580 0.06765
v 0.19284 -0.24774 0.08340
v 0.18196 -0.24020 0.07949
v 0.18463 -0.24349 0.06738
v 0.17080 -0.22984 0.07708
v 0.17035 -0.22612 0.08969
v 0.15734 -0.21298 0.08936
v 0.27505 -0.30691 0.06023
v 0.21760 -0.26534 0.07877
v 0.17487 -0.23244 0.06408
v 0.44774 -0.46276 -0.01365
v 0.44357 -0.46041 -0.02186
v 0.44618 -0.46061 -0.03005
v 0.18497 -0.24070 0.05712
v 0.20057 -0.25155 0.05171
v 0.15818 -0.21238 0.07422
v 0.14784 -0.20137 0.08080
v 0.14723 -0.20073 0.09252
v 0.13579 -0.19334 0.08834
v 0.12958 -0.18749 0.07790
v 0.13614 -0.19001 0.09742
v 0.12328 -0.18584 0.08450
v 0.10866 -0.17593 0.08952
v 0.10492 -0.17251 0.07971
v 0.08465 -0.16006 0.08490
v 0.08139 -0.15628 0.09207
v 0.06740 -0.14723 0.08419
v 0.04934 -0.13367 0.08904
v 0.05224 -0.13558 0.08152
v 0.03331 -0.12062 0.08367
v 0.03035 -0.11674 0.09356
v 0.01375 -0.10537 0.08815
v 0.02326 -0.11077 0.07901
v 0.05081 -0.13107 0.09695
v -0.00239 -0.08977 0.08278
v 0.01049 -0.09832 0.07466
v 0.00237 -0.09361 0.09196
v -0.01788 -0.07382 0.09106
v -0.01289 -0.07633 0.07443
v 0.08023 -0.15259 0.07299
v 0.06475 -0.14137 0.07304
v 0.35817 -0.36622 -0.00334
v 0.38170 -0.38901 -0.02277
v 0.04706 -0.12771 0.07396
v 0.11780 -0.17586 0.06660
v 0.13553 -0.18735 0.06386
v 0.12608 -0.18020 0.04888
v 0.10076 -0.16387 0.05723
v 0.10780 -0.16657 0.03884
v 0.08830 -0.15360 0.03777
v 0.08190 -0.15026 0.05056
v 0.07563 -0.14573 0.06574
v 0.05881 -0.13275 0.05067
v 0.06819 -0.14021 0.03713
v 0.04474 -0.12209 0.03106
v 0.02901 -0.11055 0.03827
v 0.01575 -0.09973 0.02861
v 0.05279 -0.12729 0.06324
v 0.03220 -0.10967 0.05143
v 0.01353 -0.09674 0.04121
v 0.09695 -0.16299 0.07069
v -0.00298 -0.08420 0.02525
v -0.00815 -0.07879 0.03410
v -0.02059 -0.06708 0.01639
v 0.14547 -0.19220 0.04905
v 0.15346 -0.20126 0.05614
v 0.14838 -0.19770 0.06868
v 0.14104 -0.19192 0.07271
v 0.15892 -0.21039 0.06146
v 0.17168 -0.22468 0.05797
v 0.01044 -0.09213 0.01957
v -0.00608 -0.07803 0.01595
v 0.04029 -0.11495 0.06031
v 0.02857 -0.10590 0.06414
v 0.02445 -0.09936 0.05884
v 0.03863 -0.11371 0.02239
v 0.42440 -0.43645 -0.05286
v 0.40913 -0.41918 -0.04332
v 0.00974 -0.08906 0.05027
v 0.06309 -0.13212 0.02605
v 0.12674 -0.17634 0.03819
v 0.44784 -0.45984 -0.03828
v 0.43201 -0.44876 -0.05876
v 0.08595 -0.14777 0.02844
v 0.25970 -0.29561 0.04120
v 0.27828 -0.30821 0.03370
v 0.29893 -0.32450 0.02723
v -0.01419 -0.07408 0.09829
v 0.39555 -0.40414 -0.03469
v 0.43306 -0.45144 -0.05179
v 0.23909 -0.27994 0.04456
v 0.45780 -0.47793 -0.03275
v 0.46504 -0.48985 -0.03957
v 0.01903 -0.10453 0.09877
v 0.15755 -0.20641 0.09696
v 0.10766 -0.17109 0.09815
v 0.45581 -0.47685 -0.01687
v 0.46129 -0.48914 -0.02606
v -0.01008 -0.06740 0.04981
v 0.00723 -0.08182 0.05784
v -0.01109 -0.06437 0.05467
v 0.11020 -0.16356 0.03199
v 0.22038 -0.26344 0.04457
v 0.16180 -0.21023 0.05658
v 0.25610 -0.29244 0.06779
v 0.46636 -0.49865 -0.01812
v 0.47714 -0.51657 -0.03352
v 0.47899 -0.52110 -0.01894
v 0.49094 -0.53783 -0.02948
v 0.49007 -0.53612 -0.01851
v 0.51167 -0.56003 -0.02214
v 0.51372 -0.56085 -0.03402
v 0.52588 -0.57289 -0.03130
v 0.53158 -0.58087 -0.02014
v 0.50067 -0.54524 -0.04399
v 0.52440 -0.56757 -0.04828
v 0.52192 -0.56503 -0.06729
v 0.53725 -0.57886 -0.06785
v 0.53714 -0.57708 -0.08691
v 0.52533 -0.56609 -0.09498
v 0.53806 -0.57822 -0.10330
v 0.50941 -0.55466 -0.07134
v 0.50390 -0.54669 -0.05464
v 0.54201 -0.58579 -0.04545
v 0.52626 -0.57042 -0.10952
v 0.49596 -0.54168 -0.05846
v 0.50509 -0.55050 -0.01323
v 0.53383 -0.58060 -0.12206
v 0.52676 -0.57258 -0.01374
v 0.54958 -0.58461 -0.09598
v 0.55126 -0.58654 -0.08849
v 0.54859 -0.58470 -0.07897
v 0.55735 -0.59038 -0.07997
v 0.52358 -0.57454 -0.12748
v 0.53181 -0.57983 -0.13077
v 0.53982 -0.58882 -0.12770
v 0.54210 -0.58399 -0.11486
v 0.53466 -0.58231 -0.13757
v 0.55822 -0.59443 -0.08800
v 0.48709 -0.53049 -0.04968
v 0.49023 -0.53409 -0.04203
v 0.47815 -0.51586 -0.04420
v 0.53964 -0.58834 -0.01546
v 0.54031 -0.59081 -0.02485
v 0.54973 -0.59592 -0.01709
v 0.53814 -0.58683 -0.03552
v 0.55148 -0.58715 -0.06801
v 0.51177 -0.55904 -0.09280
v 0.49747 -0.54972 -0.07667
v 0.49071 -0.54145 -0.06566
v 0.49255 -0.53458 -0.00986
v 0.54919 -0.58405 -0.10527
v 0.52312 -0.57233 -0.13746
v 0.48255 -0.53194 -0.05778
v 0.54680 -0.59395 -0.02737
v 0.55260 -0.59859 -0.02396
v 0.55263 -0.60003 -0.01449
v 0.55742 -0.58802 -0.07438
v 0.56237 -0.59099 -0.07069
v 0.56775 -0.60084 -0.07747
v 0.55044 -0.58888 -0.05333
v 0.55781 -0.59246 -0.06279
v 0.55866 -0.59518 -0.05308
v 0.56049 -0.59275 -0.04490
v 0.56333 -0.59741 -0.04626
v 0.54776 -0.59039 -0.12104
v 0.43841 -0.45301 -0.04525
v 0.56667 -0.60795 -0.08429
v 0.07816 -0.15053 0.09783
v 0.55608 -0.59157 -0.04120
v 0.47470 -0.52253 -0.05487
v 0.47319 -0.50568 -0.01071
v 0.53313 -0.57729 -0.14202
v 0.51407 -0.56662 -0.11135
v 0.48242 -0.51629 -0.00716
v 0.00333 -0.08639 0.10217
v 0.55684 -0.58918 -0.09628
v 0.39501 -0.40059 0.01306
v 0.45115 -0.46850 -0.04179
v 0.45709 -0.47270 -0.01044
v 0.04092 -0.11953 0.10101
v 0.35650 -0.36653 0.02948
v 0.51719 -0.55669 -0.00666
v 0.54211 -0.58474 -0.00872
v 0.55454 -0.59491 -0.00751
v 0.56252 -0.60346 -0.06155
v 0.56532 -0.61228 -0.09202
v 0.02465 -0.10363 0.10312
v 0.56119 -0.59891 -0.09596
v 0.37443 -0.38260 0.02105
v 0.46625 -0.48759 -0.00835
v 0.56585 -0.59921 -0.06945
v 0.58012 -0.62107 -0.07779
v 0.46721 -0.50334 -0.04624
v 0.45280 -0.48467 -0.04774
v 0.44126 -0.47555 -0.05345
v 0.56900 -0.59424 -0.03807
v 0.50569 -0.56897 -0.12752
v 0.50571 -0.56871 -0.12077
v 0.49161 -0.56541 -0.12630
v 0.49961 -0.55677 -0.09465
v 0.24574 -0.28001 0.07735
v 0.44903 -0.45538 -0.00569
v 0.43258 -0.43889 -0.00229
v 0.56690 -0.61735 -0.05685
v 0.57120 -0.62869 -0.09318
v 0.56715 -0.61747 -0.10100
v 0.57414 -0.63557 -0.10143
v 0.57862 -0.64120 -0.09452
v 0.57548 -0.62853 -0.08541
v 0.58186 -0.65442 -0.10649
v 0.58342 -0.63866 -0.08588
v 0.58618 -0.66320 -0.10022
v 0.58732 -0.65376 -0.09342
v 0.58635 -0.67059 -0.11075
v 0.55161 -0.60234 -0.12735
v 0.54840 -0.60939 -0.13777
v 0.53967 -0.59778 -0.13972
v 0.54710 -0.61442 -0.15217
v 0.55092 -0.61997 -0.14803
v 0.55657 -0.61513 -0.13655
v 0.55697 -0.62155 -0.14263
v 0.50209 -0.53340 -0.00175
v 0.47375 -0.53909 -0.07151
v 0.48349 -0.54441 -0.07458
v 0.48717 -0.55409 -0.09056
v 0.56805 -0.61430 -0.04895
v 0.57422 -0.63028 -0.04711
v 0.57629 -0.64189 -0.05583
v 0.57879 -0.64334 -0.05061
v 0.58516 -0.65940 -0.05159
v 0.58542 -0.66541 -0.06181
v 0.57288 -0.63403 -0.06214
v 0.58314 -0.65226 -0.06760
v 0.49369 -0.56290 -0.10975
v 0.48998 -0.56604 -0.12038
v 0.27277 -0.29855 0.06901
v 0.29933 -0.31802 0.05906
v 0.56313 -0.62605 -0.14339
v 0.43600 -0.46459 -0.05579
v 0.32354 -0.33980 0.04491
v 0.34216 -0.35229 0.03866
v 0.36770 -0.36467 0.03698
v 0.56930 -0.59763 -0.03985
v 0.57944 -0.62856 -0.04055
v 0.58716 -0.64657 -0.04372
v 0.38969 -0.38516 0.02559
v 0.06266 -0.13152 0.10383
v 0.50166 -0.56552 -0.13203
v 0.12825 -0.17983 0.10201
v 0.58075 -0.62675 -0.07995
v 0.09603 -0.15535 0.10446
v 0.57226 -0.61431 -0.04310
v 0.59207 -0.67545 -0.09820
v 0.17650 -0.22154 0.09720
v 0.19816 -0.24269 0.09048
v 0.55656 -0.58546 -0.10071
v 0.57020 -0.61766 -0.06869
v 0.54767 -0.62756 -0.15814
v 0.55327 -0.62757 -0.14809
v 0.46200 -0.47158 -0.00584
v 0.41058 -0.40477 0.01643
v 0.42956 -0.42605 0.00646
v 0.23023 -0.26198 0.08748
v 0.21961 -0.24708 0.09629
v 0.23275 -0.24580 0.10436
v 0.21544 -0.22803 0.11588
v 0.20855 -0.23083 0.10770
v 0.20105 -0.22988 0.10120
v 0.19621 -0.21752 0.11218
v 0.20118 -0.21480 0.11930
v 0.18884 -0.20703 0.11382
v 0.18556 -0.21215 0.10573
v 0.17577 -0.19977 0.10567
v 0.17495 -0.19491 0.11036
v 0.18923 -0.22213 0.10275
v 0.16589 -0.19347 0.10685
v 0.55204 -0.58535 -0.11334
v 0.14798 -0.19221 0.10148
v 0.53161 -0.56413 -0.00197
v 0.35437 -0.34835 0.04736
v 0.33765 -0.33634 0.05360
v 0.32178 -0.32411 0.06041
v 0.47455 -0.55312 -0.08778
v 0.46294 -0.54803 -0.08544
v 0.48110 -0.55886 -0.09756
v 0.18598 -0.19713 0.11709
v 0.16338 -0.18392 0.11042
v 0.54980 -0.58447 -0.00379
v 0.56300 -0.59496 -0.00213
v 0.12142 -0.16897 0.10639
v 0.04455 -0.11483 0.10620
v 0.58823 -0.63457 -0.08040
v 0.43868 -0.48812 -0.06230
v 0.44636 -0.49999 -0.05818
v 0.44367 -0.50986 -0.06757
v 0.43856 -0.50500 -0.07300
v 0.44193 -0.52361 -0.08529
v 0.58656 -0.63492 -0.07852
v 0.58731 -0.68338 -0.10748
v 0.59179 -0.66797 -0.04741
v 0.47843 -0.49857 -0.00267
v 0.30114 -0.30732 0.06971
v 0.28228 -0.29460 0.07561
v 0.26163 -0.27503 0.08681
v 0.24756 -0.25388 0.09987
v 0.46014 -0.56129 -0.09969
v 0.08787 -0.14283 0.10728
v 0.55919 -0.62970 -0.14479
v 0.52394 -0.54876 0.00148
v 0.47091 -0.56294 -0.09979
v 0.46077 -0.57211 -0.11337
v 0.55627 -0.59569 -0.03109
v 0.49108 -0.50903 0.00143
v 0.48467 -0.56465 -0.11195
v 0.58764 -0.67858 -0.05354
v 0.58610 -0.67479 -0.05910
v 0.58355 -0.65124 -0.11589
v 0.02064 -0.09614 0.01571
v 0.56231 -0.61195 -0.13348
v 0.47113 -0.57284 -0.11708
v 0.55678 -0.59838 -0.12395
v 0.58473 -0.69139 -0.06436
v 0.58823 -0.68075 -0.06805
v 0.56768 -0.59517 -0.03586
v 0.58963 -0.68692 -0.10281
v 0.59276 -0.69596 -0.09809
v 0.00305 -0.07964 0.01166
v 0.57280 -0.59568 -0.03598
v 0.58559 -0.70175 -0.10619
v 0.58701 -0.69053 -0.11475
v 0.58360 -0.71095 -0.11318
v 0.58394 -0.71768 -0.10892
v 0.58390 -0.72124 -0.11708
v 0.58588 -0.72995 -0.11526
v 0.58648 -0.73101 -0.11022
v 0.58927 -0.71739 -0.10018
v 0.58646 -0.71283 -0.10176
v 0.58369 -0.69644 -0.05760
v 0.58148 -0.70381 -0.06569
v 0.58155 -0.71264 -0.05728
v 0.58117 -0.71707 -0.06041
v 0.58085 -0.71491 -0.06833
v 0.00524 -0.08509 0.06444
v 0.59448 -0.67557 -0.12168
v 0.58960 -0.68153 -0.11788
v 0.58798 -0.66989 -0.11683
v 0.58797 -0.65644 -0.12027
v 0.58355 -0.65124 -0.11589
v 0.58186 -0.62895 -0.11682
v 0.57573 -0.63013 -0.11042
v 0.56764 -0.60792 -0.10490
v 0.57172 -0.60255 -0.10962
v 0.56355 -0.59168 -0.10252
v 0.56715 -0.61747 -0.10100
v 0.56119 -0.59891 -0.09596
v 0.55684 -0.58918 -0.09628
v 0.56112 -0.58617 -0.10216
v 0.56327 -0.58081 -0.10625
v 0.59098 -0.69579 -0.12297
v 0.57124 -0.58355 -0.10772
v 0.58701 -0.69053 -0.11475
v 0.58649 -0.70455 -0.12003
v 0.58972 -0.71544 -0.12198
v 0.58390 -0.72124 -0.11708
v 0.58613 -0.72617 -0.11916
v 0.59302 -0.65217 -0.12229
v 0.57765 -0.59669 -0.11105
v 0.58657 -0.61319 -0.11685
v 0.59331 -0.62953 -0.12056
v 0.59768 -0.71193 -0.12418
v 0.57085 -0.57407 -0.10831
v 0.59838 -0.68682 -0.12342
v 0.60172 -0.66510 -0.12289
v 0.59126 -0.73080 -0.11900
v 0.60013 -0.72808 -0.12112
v 0.58950 -0.75048 -0.11772
v 0.58897 -0.73933 -0.11658
v 0.58588 -0.72995 -0.11526
v 0.58717 -0.74785 -0.11626
v 0.58138 -0.75698 -0.11209
v 0.57811 -0.76736 -0.11238
v 0.58837 -0.75963 -0.11608
v 0.59900 -0.64445 -0.12215
v 0.58954 -0.60137 -0.11386
v 0.55656 -0.58546 -0.10071
v 0.58616 -0.58754 -0.10878
v 0.57827 -0.57484 -0.10723
v 0.60554 -0.68831 -0.12333
v 0.60548 -0.71082 -0.12412
v 0.59970 -0.61591 -0.11728
v 0.58225 -0.77100 -0.11111
v 0.57039 -0.77816 -0.10618
v 0.57233 -0.77113 -0.10755
v 0.56830 -0.77823 -0.10188
v 0.57039 -0.56885 -0.10937
v 0.60528 -0.63203 -0.11886
v 0.60700 -0.66057 -0.12159
v 0.59503 -0.75417 -0.11566
v 0.58524 -0.74466 -0.10926
v 0.58648 -0.73101 -0.11022
v 0.57506 -0.76687 -0.10462
v 0.57414 -0.63557 -0.10143
v 0.58360 -0.71095 -0.11318
v 0.58186 -0.65442 -0.10649
v 0.58635 -0.67059 -0.11075
v 0.58731 -0.68338 -0.10748
v 0.58251 -0.75472 -0.10557
v 0.60980 -0.71402 -0.11949
v 0.60379 -0.73414 -0.11704
v 0.44580 -0.55923 -0.12883
v 0.44697 -0.55101 -0.12820
v 0.44794 -0.53873 -0.11684
v 0.44468 -0.56679 -0.14289
v 0.44434 -0.58610 -0.14512
v 0.44586 -0.56966 -0.13045
v 0.44862 -0.55403 -0.11470
v 0.44669 -0.53094 -0.10232
v 0.44723 -0.52010 -0.10619
v 0.45042 -0.53836 -0.09516
v 0.44413 -0.50744 -0.07515
v 0.44323 -0.50884 -0.08662
v 0.44242 -0.49004 -0.07674
v 0.44196 -0.48237 -0.06444
v 0.44197 -0.47004 -0.07001
v 0.43822 -0.45362 -0.05670
v 0.43902 -0.44947 -0.06405
v 0.35274 -0.35040 -0.00987
v 0.32946 -0.33216 0.00395
v 0.34112 -0.33033 -0.00806
v 0.35558 -0.34166 -0.01608
v 0.37058 -0.35982 -0.02368
v 0.36787 -0.36975 -0.01645
v 0.31767 -0.30889 0.00161
v 0.30451 -0.31060 0.01423
v 0.30180 -0.29177 0.00724
v 0.29295 -0.29257 0.01627
v 0.30880 -0.28898 -0.00148
v 0.28393 -0.28033 0.01712
v 0.30314 -0.31947 0.01920
v 0.33004 -0.31081 -0.00684
v 0.27924 -0.29103 0.02434
v 0.28299 -0.30621 0.02753
v 0.26438 -0.26935 0.02419
v 0.26233 -0.29183 0.03454
v 0.33841 -0.31103 -0.00981
v 0.26471 -0.28483 0.02942
v 0.23776 -0.27121 0.03768
v 0.24749 -0.26592 0.03005
v 0.32006 -0.29294 -0.00505
v 0.21049 -0.24865 0.04013
v 0.22419 -0.24633 0.03248
v 0.20692 -0.23793 0.03722
v 0.19111 -0.23997 0.04966
v 0.19046 -0.22914 0.04543
v 0.18097 -0.22818 0.05207
v 0.17532 -0.21468 0.05101
v 0.20428 -0.22655 0.03677
v 0.17168 -0.22468 0.05797
v 0.24617 -0.25208 0.02528
v 0.21777 -0.23062 0.03065
v 0.22439 -0.22961 0.02745
v 0.16979 -0.21015 0.05171
v 0.16180 -0.21023 0.05658
v 0.25242 -0.25181 0.02069
v 0.30506 -0.27452 -0.00371
v 0.29271 -0.27285 0.00053
v 0.28447 -0.25543 -0.00195
v 0.18247 -0.20479 0.04584
v 0.18789 -0.21297 0.04597
v 0.27611 -0.25594 0.00085
v 0.27064 -0.25864 0.00517
v 0.25244 -0.23469 0.00369
v 0.25052 -0.24036 0.00872
v 0.23843 -0.21771 0.00523
v 0.23476 -0.22542 0.01078
v 0.22715 -0.21337 0.01002
v 0.22038 -0.26344 0.04457
v 0.20057 -0.25155 0.05171
v 0.31948 -0.33923 0.01882
v 0.29893 -0.32450 0.02723
v 0.27828 -0.30821 0.03370
v 0.34140 -0.35001 0.00416
v 0.35817 -0.36622 -0.00334
v 0.23909 -0.27994 0.04456
v 0.18497 -0.24070 0.05712
v 0.25970 -0.29561 0.04120
v 0.24073 -0.28469 0.05096
v 0.38293 -0.38262 -0.02973
v 0.38743 -0.37269 -0.03501
v 0.15946 -0.20126 0.04917
v 0.27029 -0.24090 -0.00049
v 0.25318 -0.22605 0.00232
v 0.15346 -0.20126 0.05614
v 0.39097 -0.38529 -0.03710
v 0.39555 -0.40414 -0.03469
v 0.40075 -0.40175 -0.04253
v 0.40262 -0.39043 -0.04528
v 0.41714 -0.40568 -0.05436
v 0.42211 -0.42489 -0.05616
v 0.43465 -0.42307 -0.06672
v 0.40913 -0.41918 -0.04332
v 0.42440 -0.43645 -0.05286
v 0.19936 -0.21789 0.04064
v 0.20325 -0.21298 0.03803
v 0.19267 -0.20628 0.04284
v 0.35916 -0.33335 -0.01778
v 0.38017 -0.35374 -0.02897
v 0.22401 -0.19965 0.01173
v 0.20884 -0.19593 0.01949
v 0.20410 -0.20008 0.02376
v 0.19196 -0.18703 0.02834
v 0.18815 -0.19145 0.03247
v 0.17838 -0.18499 0.03360
v 0.20056 -0.18305 0.02364
v 0.18353 -0.17910 0.03113
v 0.38170 -0.38901 -0.02277
v 0.43710 -0.43607 -0.07049
v 0.43143 -0.43960 -0.06320
v 0.44825 -0.43692 -0.07949
v 0.40991 -0.38772 -0.04861
v 0.18272 -0.16728 0.03261
v 0.43201 -0.44876 -0.05876
v 0.42695 -0.40664 -0.05882
v 0.35141 -0.36526 0.00621
v 0.32486 -0.34738 0.02242
v 0.24505 -0.20964 0.00409
v 0.40014 -0.37154 -0.03979
v 0.14547 -0.19220 0.04905
v 0.14836 -0.18770 0.04086
v 0.12674 -0.17634 0.03819
v 0.23152 -0.23101 0.02056
v 0.26378 -0.25846 0.01348
v 0.27300 -0.26904 0.01633
v 0.28858 -0.27706 0.00703
v 0.21594 -0.21558 0.02307
v 0.19798 -0.20427 0.03587
v 0.18509 -0.19715 0.04045
v 0.08595 -0.14777 0.02844
v 0.07963 -0.13892 0.02303
v 0.09968 -0.15111 0.02510
v 0.11020 -0.16356 0.03199
v 0.06309 -0.13212 0.02605
v 0.11495 -0.15544 0.02494
v 0.13505 -0.17383 0.03357
v 0.12674 -0.17634 0.03819
v 0.14836 -0.18770 0.04086
v 0.08399 -0.13422 0.01888
v 0.06053 -0.12148 0.01743
v 0.03863 -0.11371 0.02239
v 0.03991 -0.10954 0.01703
v 0.02064 -0.09614 0.01571
v 0.03345 -0.09824 0.01245
v 0.00305 -0.07964 0.01166
v 0.01041 -0.07604 0.00766
v -0.01585 -0.06107 0.00653
v 0.05787 -0.10913 0.01269
v 0.03264 -0.09040 0.00953
v 0.16207 -0.17989 0.03444
v 0.17107 -0.19694 0.04233
v 0.17838 -0.18499 0.03360
v 0.18509 -0.19715 0.04045
v 0.18247 -0.20479 0.04584
v 0.14038 -0.16580 0.02938
v 0.09675 -0.13710 0.01886
v 0.16979 -0.21015 0.05171
v 0.15946 -0.20126 0.04917
v 0.19267 -0.20628 0.04284
v 0.00350 -0.06350 0.00506
v 0.11814 -0.14765 0.02239
v 0.08079 -0.11750 0.01472
v 0.03220 -0.07896 0.00823
v 0.18789 -0.21297 0.04597
v 0.05331 -0.09544 0.01041
v 0.10154 -0.13255 0.01834
v 0.17171 -0.17021 0.03278
v 0.15557 -0.16584 0.03153
v 0.14050 -0.15828 0.02838
v 0.18353 -0.17910 0.03113
v 0.01633 -0.06150 0.00725
v 0.01073 -0.04368 0.00798
v 0.02727 -0.05036 0.01275
v 0.16105 -0.15824 0.03322
v 0.18272 -0.16728 0.03261
v 0.09339 -0.11599 0.01771
v 0.07949 -0.10414 0.01521
v 0.05722 -0.08638 0.01259
v 0.12356 -0.14103 0.02434
v 0.03835 -0.07019 0.01122
v 0.11124 -0.12582 0.02269
v 0.61121 -0.70859 -0.05867
v 0.61325 -0.68861 -0.05855
v 0.61041 -0.69047 -0.05263
v 0.61379 -0.66537 -0.05356
v 0.60732 -0.70946 -0.05190
v 0.60561 -0.71971 -0.05556
v 0.60907 -0.66156 -0.04767
v 0.61140 -0.64620 -0.05141
v 0.60940 -0.71585 -0.06126
v 0.61535 -0.66141 -0.05946
v 0.61370 -0.64253 -0.05949
v 0.61381 -0.62491 -0.05860
v 0.61155 -0.62473 -0.05066
v 0.61035 -0.61352 -0.05250
v 0.60656 -0.63082 -0.04497
v 0.60578 -0.61251 -0.04710
v 0.60293 -0.65306 -0.04386
v 0.60055 -0.62433 -0.04077
v 0.60468 -0.69004 -0.04847
v 0.60181 -0.59819 -0.05066
v 0.59729 -0.60623 -0.04285
v 0.59143 -0.58697 -0.04486
v 0.58854 -0.57270 -0.04722
v 0.57971 -0.57206 -0.03727
v 0.58473 -0.59282 -0.03907
v 0.58846 -0.61393 -0.03793
v 0.57588 -0.58867 -0.03584
v 0.57465 -0.57213 -0.03263
v 0.57074 -0.55866 -0.02990
v 0.57743 -0.56178 -0.03700
v 0.60036 -0.71517 -0.04935
v 0.57378 -0.59393 -0.03374
v 0.59723 -0.72702 -0.05412
v 0.57863 -0.55227 -0.04508
v 0.56452 -0.53708 -0.03715
v 0.56215 -0.54608 -0.02691
v 0.55073 -0.52859 -0.02483
v 0.60104 -0.72590 -0.05701
v 0.59782 -0.73688 -0.05919
v 0.58856 -0.74875 -0.05691
v 0.58754 -0.75721 -0.05948
v 0.59080 -0.75514 -0.06456
v 0.60379 -0.72495 -0.06348
v 0.58412 -0.76367 -0.06275
v 0.59935 -0.73690 -0.06486
v 0.59657 -0.65000 -0.04189
v 0.59803 -0.67165 -0.04576
v 0.59315 -0.62988 -0.03880
v 0.59806 -0.68676 -0.04715
v 0.59690 -0.70512 -0.04735
v 0.58349 -0.62431 -0.03846
v 0.57837 -0.59843 -0.03698
v 0.59023 -0.71528 -0.04999
v 0.57280 -0.59568 -0.03598
v 0.57661 -0.60768 -0.03815
v 0.59108 -0.70045 -0.04817
v 0.58716 -0.64657 -0.04372
v 0.58990 -0.73108 -0.05467
v 0.58415 -0.74512 -0.05727
v 0.58034 -0.76180 -0.05874
v 0.57678 -0.75911 -0.05945
v 0.56937 -0.77068 -0.06212
v 0.57944 -0.62856 -0.04055
v 0.59038 -0.68770 -0.05006
v 0.59179 -0.66797 -0.04741
v 0.57385 -0.77191 -0.06317
v 0.58559 -0.70519 -0.05143
v 0.58451 -0.72641 -0.05609
v 0.58556 -0.73337 -0.05732
v 0.58315 -0.71907 -0.05510
v 0.56665 -0.77565 -0.06545
v 0.56441 -0.77377 -0.06640
v 0.57226 -0.61431 -0.04310
v 0.56930 -0.59763 -0.03985
v 0.56900 -0.59424 -0.03807
v 0.58225 -0.73062 -0.05968
v 0.57922 -0.72158 -0.05986
v 0.56874 -0.76740 -0.06453
v 0.58764 -0.67858 -0.05354
v 0.58369 -0.69644 -0.05760
v 0.58155 -0.71264 -0.05728
v 0.57921 -0.74986 -0.06312
v 0.58374 -0.73420 -0.06207
v 0.58117 -0.71707 -0.06041
v 0.59524 -0.63255 -0.11628
v 0.58814 -0.61895 -0.11355
v 0.58877 -0.63833 -0.11550
v 0.59853 -0.65359 -0.11825
v 0.58963 -0.65439 -0.11570
v 0.59580 -0.67130 -0.11700
v 0.60466 -0.67212 -0.11807
v 0.60466 -0.69178 -0.11903
v 0.59436 -0.61600 -0.11339
v 0.60114 -0.62830 -0.11529
v 0.59976 -0.68946 -0.11907
v 0.59862 -0.70280 -0.12019
v 0.59335 -0.69763 -0.11931
v 0.59443 -0.70701 -0.11975
v 0.59612 -0.68257 -0.11754
v 0.60369 -0.64378 -0.11598
v 0.57976 -0.59812 -0.10701
v 0.58641 -0.59688 -0.10746
v 0.57639 -0.60595 -0.10721
v 0.58218 -0.62638 -0.11139
v 0.57146 -0.58961 -0.10312
v 0.58034 -0.58511 -0.10388
v 0.57010 -0.57833 -0.10319
v 0.56428 -0.58253 -0.10016
v 0.56908 -0.59774 -0.10045
v 0.57660 -0.57142 -0.10197
v 0.57472 -0.61691 -0.10549
v 0.60441 -0.70614 -0.11933
v 0.59963 -0.70771 -0.11877
v 0.59274 -0.59426 -0.10367
v 0.59844 -0.61173 -0.11107
v 0.56282 -0.57631 -0.10306
v 0.56794 -0.56941 -0.10491
v 0.58171 -0.63658 -0.10891
v 0.55874 -0.58268 -0.09726
v 0.56415 -0.59503 -0.09262
v 0.56753 -0.56035 -0.10295
v 0.60566 -0.62292 -0.11175
v 0.60498 -0.61330 -0.10717
v 0.59602 -0.63949 -0.07434
v 0.59257 -0.62530 -0.07536
v 0.58847 -0.63208 -0.07427
v 0.59518 -0.64979 -0.07200
v 0.58157 -0.61214 -0.07274
v 0.58280 -0.59939 -0.07199
v 0.57070 -0.59215 -0.06940
v 0.57419 -0.58333 -0.07018
v 0.57765 -0.62092 -0.06912
v 0.56923 -0.59788 -0.06646
v 0.58511 -0.63959 -0.06971
v 0.59480 -0.66609 -0.06832
v 0.60120 -0.67500 -0.06972
v 0.56437 -0.58761 -0.06725
v 0.56869 -0.58501 -0.07083
v 0.59462 -0.68771 -0.06848
v 0.59859 -0.69923 -0.07077
v 0.59494 -0.70859 -0.07185
v 0.58841 -0.69937 -0.06663
v 0.58687 -0.70891 -0.06940
v 0.59307 -0.71101 -0.07083
v 0.60351 -0.65794 -0.06972
v 0.57342 -0.57811 -0.07101
v 0.58101 -0.58632 -0.06994
v 0.60146 -0.71099 -0.07081
v 0.60325 -0.69637 -0.06913
v 0.59828 -0.62184 -0.07255
v 0.60081 -0.63644 -0.07195
v 0.59841 -0.61140 -0.06888
v 0.57769 -0.57467 -0.06851
v 0.60828 -0.67259 -0.06600
v 0.57521 -0.56780 -0.06949
v 0.58747 -0.71138 -0.06749
v 0.60648 -0.69666 -0.06621
v 0.60528 -0.61527 -0.06434
v 0.60720 -0.64344 -0.06508
v 0.59477 -0.59649 -0.06341
v 0.60392 -0.71286 -0.06784
v 0.58584 -0.57873 -0.06049
v 0.57556 -0.56139 -0.06350
v 0.59904 -0.65307 -0.04743
v 0.59211 -0.64763 -0.04705
v 0.59062 -0.62804 -0.04314
v 0.59361 -0.66692 -0.05186
v 0.58128 -0.61631 -0.04294
v 0.59890 -0.67508 -0.05072
v 0.59309 -0.68093 -0.05411
v 0.58712 -0.64565 -0.04902
v 0.59903 -0.69707 -0.05204
v 0.59181 -0.70266 -0.05310
v 0.59661 -0.70977 -0.05211
v 0.58856 -0.60922 -0.04314
v 0.57876 -0.59388 -0.04160
v 0.57423 -0.59824 -0.04250
v 0.57185 -0.58610 -0.03933
v 0.60349 -0.66831 -0.05042
v 0.60425 -0.69248 -0.05390
v 0.59326 -0.71183 -0.05314
v 0.59939 -0.62938 -0.04526
v 0.60199 -0.70851 -0.05348
v 0.57699 -0.57888 -0.04074
v 0.60088 -0.71358 -0.05459
v 0.56798 -0.58891 -0.04137
v 0.59977 -0.61646 -0.04676
v 0.58917 -0.59511 -0.04661
v 0.57122 -0.57789 -0.03683
v 0.57288 -0.56514 -0.03809
v 0.58790 -0.71047 -0.05621
v 0.58462 -0.57872 -0.04763
v 0.57595 -0.62303 -0.04987
v 0.56713 -0.59584 -0.04884
v 0.58601 -0.70503 -0.06028
v 0.58962 -0.69180 -0.05821
v 0.56014 -0.58964 -0.05287
v 0.58898 -0.65927 -0.05481
v 0.59069 -0.66862 -0.05819
v 0.58116 -0.64049 -0.05550
v 0.59079 -0.67823 -0.06021
v 0.57011 -0.61252 -0.05720
v 0.58554 -0.71016 -0.06352
v 0.56494 -0.59729 -0.05929
v 0.60898 -0.67591 -0.05568
v 0.60598 -0.65008 -0.05177
v 0.61055 -0.66588 -0.06074
v 0.60852 -0.63959 -0.05729
v 0.60543 -0.62592 -0.05017
v 0.60845 -0.62275 -0.05500
v 0.60485 -0.61598 -0.05149
v 0.60806 -0.69439 -0.06078
v 0.60425 -0.69248 -0.05390
v 0.60645 -0.70589 -0.05773
v 0.60199 -0.70851 -0.05348
v 0.60536 -0.71185 -0.05755
v 0.60349 -0.66831 -0.05042
v 0.59939 -0.62938 -0.04526
v 0.59977 -0.61646 -0.04676
v 0.59904 -0.65307 -0.04743
v 0.60088 -0.71358 -0.05459
v 0.60624 -0.71202 -0.06270
v 0.60868 -0.62556 -0.06033
v 0.60422 -0.71432 -0.06191
v 0.60571 -0.61087 -0.05815
v 0.60720 -0.64344 -0.06508
v 0.60648 -0.69666 -0.06621
v 0.60528 -0.61527 -0.06434
v 0.60828 -0.67259 -0.06600
v 0.60392 -0.71286 -0.06784
v 0.55441 -0.61616 -0.14849
v 0.55107 -0.61175 -0.15690
v 0.54809 -0.60475 -0.14758
v 0.54980 -0.60607 -0.14085
v 0.54416 -0.59669 -0.13779
v 0.54253 -0.59131 -0.14316
v 0.54802 -0.60083 -0.15460
v 0.54367 -0.58940 -0.13198
v 0.53930 -0.58122 -0.13248
v 0.54013 -0.57978 -0.14312
v 0.55317 -0.62349 -0.15591
v 0.55284 -0.62039 -0.16225
v 0.54564 -0.58599 -0.12545
v 0.54888 -0.59794 -0.13293
v 0.55920 -0.62583 -0.14944
v 0.55100 -0.63680 -0.16299
v 0.55366 -0.63491 -0.15471
v 0.55053 -0.64416 -0.16120
v 0.55158 -0.64742 -0.16738
v 0.55303 -0.64842 -0.15725
v 0.54594 -0.58873 -0.15243
v 0.55264 -0.60593 -0.16131
v 0.55449 -0.63643 -0.16999
v 0.55575 -0.64660 -0.17268
v 0.54520 -0.57351 -0.14648
v 0.55757 -0.63972 -0.15113
v 0.55864 -0.61656 -0.14420
v 0.04005 -0.01438 0.08318
v 0.04243 -0.02672 0.09559
v 0.05616 -0.03654 0.09256
v 0.05937 -0.03315 0.08149
v 0.07133 -0.04846 0.08708
v 0.07991 -0.05351 0.07664
v 0.09094 -0.06832 0.08554
v 0.10136 -0.07698 0.08068
v 0.10823 -0.08621 0.08674
v 0.09087 -0.07382 0.09183
v 0.07458 -0.05954 0.09471
v 0.06342 -0.04935 0.09833
v 0.10447 -0.09028 0.09393
v 0.12409 -0.09979 0.08949
v 0.11617 -0.10089 0.09638
v 0.10288 -0.09804 0.10045
v 0.04684 -0.04722 0.10793
v 0.05989 -0.06009 0.10766
v 0.08604 -0.07975 0.09972
v 0.03885 -0.03126 0.10182
v 0.11572 -0.10847 0.10394
v 0.13208 -0.11014 0.09903
v 0.12860 -0.11892 0.10895
v 0.14304 -0.12053 0.10186
v 0.14585 -0.13149 0.10976
v 0.07139 -0.06764 0.10312
v 0.15764 -0.13253 0.10021
v 0.16236 -0.14532 0.10840
v 0.17636 -0.15306 0.10090
v 0.13929 -0.11023 0.09054
v 0.15199 -0.12223 0.09297
v 0.17895 -0.15991 0.10693
v 0.16972 -0.13701 0.08738
v 0.19168 -0.16596 0.10509
v 0.18820 -0.17089 0.11178
v 0.20542 -0.17527 0.10874
v 0.21103 -0.18494 0.11536
v 0.22522 -0.18600 0.10945
v 0.18200 -0.15027 0.08779
v 0.18705 -0.16027 0.09495
v 0.19299 -0.15978 0.08590
v 0.20193 -0.16882 0.09549
v 0.21966 -0.17521 0.08745
v 0.16410 -0.12929 0.08281
v 0.17526 -0.13354 0.07744
v 0.18774 -0.14129 0.07618
v 0.22532 -0.18120 0.09562
v 0.23464 -0.18886 0.09961
v 0.23503 -0.19305 0.10870
v 0.23902 -0.18730 0.08763
v 0.24757 -0.19847 0.09024
v 0.24318 -0.19955 0.10060
v 0.57531 -0.69843 -0.01210
v 0.58310 -0.67904 -0.00835
v 0.58023 -0.68543 -0.00524
v 0.57485 -0.69811 -0.00795
v 0.56857 -0.70932 -0.00584
v 0.56798 -0.71343 -0.01178
v 0.56083 -0.72117 -0.00592
v 0.55522 -0.72868 -0.01091
v 0.57438 -0.68986 -0.00169
v 0.54984 -0.73160 -0.00765
v 0.58118 -0.67168 -0.00297
v 0.57711 -0.67888 -0.00002
v 0.56629 -0.70581 -0.00266
v 0.58635 -0.65207 -0.00860
v 0.58278 -0.64409 -0.00150
v 0.58704 -0.62728 -0.00366
v 0.58943 -0.63061 -0.00792
v 0.57004 -0.68685 0.00127
v 0.58002 -0.62390 0.00146
v 0.57664 -0.65242 0.00052
v 0.55603 -0.72076 -0.00411
v 0.57362 -0.63089 0.00296
v 0.57107 -0.66979 0.00115
v 0.54677 -0.73114 -0.00694
v 0.56572 -0.68391 0.00172
v 0.57015 -0.61602 0.00215
v 0.57736 -0.60747 0.00052
v 0.58229 -0.60809 -0.00244
v 0.56571 -0.59019 -0.00176
v 0.56370 -0.69295 -0.00074
v 0.56065 -0.70818 -0.00337
v 0.56810 -0.63881 0.00108
v 0.56726 -0.65884 -0.00048
v 0.56339 -0.67369 0.00012
v 0.57274 -0.58732 -0.00447
v 0.55479 -0.56936 -0.00054
v 0.54814 -0.57508 -0.00053
v 0.53557 -0.55082 0.00251
v 0.56300 -0.59496 -0.00213
v 0.52394 -0.54876 0.00148
v 0.52112 -0.53254 0.00432
v 0.52865 -0.53023 0.00371
v 0.50492 -0.50659 0.00487
v 0.50656 -0.52211 0.00384
v 0.51516 -0.49976 0.00340
v 0.49867 -0.48372 0.00369
v 0.48626 -0.48678 0.00265
v 0.47834 -0.46436 0.00073
v 0.47846 -0.44732 -0.00137
v 0.47143 -0.45306 -0.00085
v 0.46105 -0.44329 0.00001
v 0.46005 -0.45745 -0.00257
v 0.44669 -0.44245 0.00092
v 0.47152 -0.47499 -0.00159
v 0.49108 -0.50903 0.00143
v 0.56176 -0.62261 -0.00018
v 0.56249 -0.60945 -0.00109
v 0.46243 -0.42550 -0.00265
v 0.55316 -0.55462 -0.00107
v 0.44615 -0.43090 0.00510
v 0.42956 -0.42605 0.00646
v 0.50222 -0.47451 0.00096
v 0.53194 -0.52284 0.00114
v 0.55916 -0.68296 -0.00108
v 0.45346 -0.42490 0.00247
v 0.47843 -0.49857 -0.00267
v 0.51415 -0.48740 -0.00018
v 0.54997 -0.72404 -0.00651
v 0.50209 -0.53340 -0.00175
v 0.53161 -0.56413 -0.00197
v 0.54980 -0.58447 -0.00379
v 0.43603 -0.40935 0.01138
v 0.42512 -0.41225 0.01368
v 0.41628 -0.39719 0.02039
v 0.42582 -0.39269 0.01652
v 0.41058 -0.40477 0.01643
v 0.41113 -0.38126 0.02412
v 0.39431 -0.37163 0.03198
v 0.39312 -0.38122 0.02953
v 0.37061 -0.35880 0.04172
v 0.37776 -0.35595 0.04087
v 0.35785 -0.33690 0.05138
v 0.34956 -0.33889 0.05268
v 0.39807 -0.36252 0.02972
v 0.33559 -0.31909 0.06257
v 0.34683 -0.31349 0.05712
v 0.36906 -0.33908 0.04541
v 0.32870 -0.30054 0.06729
v 0.31644 -0.30420 0.07167
v 0.30542 -0.28275 0.07792
v 0.29440 -0.29120 0.07935
v 0.32563 -0.28158 0.06694
v 0.29914 -0.26147 0.07905
v 0.27878 -0.26500 0.08925
v 0.28090 -0.24967 0.08720
v 0.28903 -0.28026 0.08361
v 0.30044 -0.24656 0.07544
v 0.27342 -0.22672 0.08891
v 0.26486 -0.24898 0.09699
v 0.26184 -0.23207 0.09690
v 0.31840 -0.25907 0.06669
v 0.25430 -0.21443 0.09574
v 0.47397 -0.43079 -0.00518
v 0.41280 -0.37095 0.02097
v 0.53069 -0.51076 -0.00235
v 0.45582 -0.40614 -0.00463
v 0.44100 -0.39510 0.00355
v 0.42785 -0.37823 0.00991
v 0.24619 -0.23327 0.10818
v 0.56685 -0.56339 -0.00743
v 0.24660 -0.22427 0.10708
v 0.47382 -0.41137 -0.01414
v 0.55143 -0.54377 -0.00373
v 0.48972 -0.44656 -0.00499
v 0.47978 -0.42555 -0.01004
v 0.23383 -0.21602 0.11658
v 0.23014 -0.22019 0.11897
v 0.22081 -0.21461 0.12310
v 0.22609 -0.20383 0.12039
v 0.21663 -0.20705 0.12369
v 0.23327 -0.20135 0.11419
v 0.24422 -0.21089 0.10634
v 0.33328 -0.26693 0.05706
v 0.36311 -0.32080 0.04583
v 0.39051 -0.34503 0.02999
v 0.35241 -0.28914 0.04605
v 0.29429 -0.23038 0.07424
v 0.54790 -0.53345 -0.00775
v 0.43681 -0.37371 -0.00067
v 0.21638 -0.19543 0.12064
v 0.31250 -0.24029 0.06227
v 0.41184 -0.35491 0.01510
v 0.22304 -0.19280 0.11615
v 0.28277 -0.21640 0.07610
v 0.34593 -0.27311 0.04669
v 0.51462 -0.48029 -0.00444
v 0.49957 -0.45399 -0.00852
v 0.37496 -0.32049 0.03354
v 0.37114 -0.30378 0.03178
v 0.46119 -0.39829 -0.01341
v 0.26177 -0.20725 0.08547
v 0.49097 -0.42945 -0.01650
v 0.39489 -0.32818 0.01636
v 0.41350 -0.34658 0.00888
v 0.37984 -0.30668 0.02066
v 0.26918 -0.19845 0.07458
v 0.24587 -0.18644 0.08298
v 0.33101 -0.25213 0.05057
v 0.57590 -0.58255 -0.01022
v 0.58390 -0.59905 -0.01278
v 0.36478 -0.28605 0.02912
v 0.24625 -0.17895 0.07717
v 0.56025 -0.54878 -0.01012
v 0.23324 -0.17628 0.08256
v 0.26855 -0.26689 0.09163
v 0.25128 -0.24557 0.10294
v 0.20613 -0.19714 0.12199
v 0.20310 -0.18676 0.11869
v 0.58931 -0.61860 -0.00983
v 0.21153 -0.16371 0.08190
v 0.22770 -0.16589 0.07672
v 0.20331 -0.15066 0.07505
v 0.23157 -0.23473 0.11229
v 0.18516 -0.17472 0.11500
v 0.17114 -0.16121 0.11159
v 0.14914 -0.14129 0.11263
v 0.13635 -0.13291 0.11307
v 0.16086 -0.15844 0.11317
v 0.16968 -0.17062 0.11329
v 0.13986 -0.14476 0.11463
v 0.12075 -0.12595 0.11157
v 0.10696 -0.11639 0.10845
v 0.09513 -0.12173 0.11047
v 0.09785 -0.10670 0.10612
v 0.08270 -0.10965 0.11027
v 0.08470 -0.09646 0.10714
v 0.06799 -0.09514 0.11112
v 0.07105 -0.07949 0.10743
v 0.05327 -0.07342 0.11320
v 0.03612 -0.05445 0.11427
v 0.05372 -0.09391 0.11301
v 0.07503 -0.11468 0.11076
v 0.03821 -0.07471 0.11476
v 0.02196 -0.05091 0.11543
v 0.01993 -0.03752 0.11300
v 0.10172 -0.13243 0.11130
v 0.12533 -0.14556 0.11381
v 0.14360 -0.16023 0.11273
v 0.15998 -0.17246 0.11221
v 0.33418 -0.32702 0.06017
v 0.01551 -0.06197 0.11442
v 0.31492 -0.30994 0.06989
v 0.18155 -0.18384 0.11671
v 0.20361 -0.20643 0.12232
v 0.06006 -0.11691 0.10940
v 0.07780 -0.13104 0.10849
v 0.08787 -0.14283 0.10728
v 0.10812 -0.14831 0.11036
v 0.02721 -0.08238 0.11274
v 0.03642 -0.10004 0.10993
v 0.24756 -0.25388 0.09987
v 0.21268 -0.21915 0.12089
v 0.12142 -0.16897 0.10639
v 0.14749 -0.17729 0.10764
v 0.00788 -0.07551 0.10968
v 0.20118 -0.21480 0.11930
v 0.16338 -0.18392 0.11042
v 0.18598 -0.19713 0.11709
v 0.21544 -0.22803 0.11588
v 0.26163 -0.27503 0.08681
v 0.35437 -0.34835 0.04736
v 0.09603 -0.15535 0.10446
v 0.04455 -0.11483 0.10620
v 0.33765 -0.33634 0.05360
v 0.06266 -0.13152 0.10383
v 0.23275 -0.24580 0.10436
v 0.12825 -0.17983 0.10201
v 0.14798 -0.19221 0.10148
v 0.30114 -0.30732 0.06971
v 0.28228 -0.29460 0.07561
v 0.32178 -0.32411 0.06041
v 0.16589 -0.19347 0.10685
v 0.17037 -0.20476 0.10293
v 0.17577 -0.19977 0.10567
v 0.18556 -0.21215 0.10573
v -0.02013 -0.06136 0.10272
v 0.18923 -0.22213 0.10275
v 0.36770 -0.36467 0.03698
v 0.02465 -0.10363 0.10312
v 0.15755 -0.20641 0.09696
v 0.17650 -0.22154 0.09720
v 0.44903 -0.45538 -0.00569
v 0.46200 -0.47158 -0.00584
v 0.46625 -0.48759 -0.00835
v 0.43258 -0.43889 -0.00229
v 0.00333 -0.08639 0.10217
v 0.38969 -0.38516 0.02559
v 0.54448 -0.73421 -0.00990
v 0.59767 -0.75429 -0.11233
v 0.60379 -0.73414 -0.11704
v 0.60236 -0.74576 -0.11007
v 0.60828 -0.72843 -0.11238
v 0.60980 -0.71402 -0.11949
v 0.61329 -0.71339 -0.11034
v 0.61343 -0.69753 -0.11440
v 0.60926 -0.70126 -0.12203
v 0.61288 -0.67388 -0.11713
v 0.61539 -0.68397 -0.10852
v 0.61564 -0.66667 -0.10884
v 0.61229 -0.71076 -0.10381
v 0.60732 -0.73106 -0.10740
v 0.60933 -0.65059 -0.11811
v 0.61238 -0.64086 -0.10845
v 0.61138 -0.62763 -0.11110
v 0.61303 -0.62635 -0.10276
v 0.61155 -0.61741 -0.10760
v 0.61290 -0.64146 -0.10069
v 0.61494 -0.66963 -0.10278
v 0.61091 -0.61812 -0.09680
v 0.60751 -0.60525 -0.10187
v 0.60869 -0.62519 -0.09044
v 0.61105 -0.69413 -0.10027
v 0.60431 -0.60191 -0.09323
v 0.60916 -0.64173 -0.09401
v 0.60477 -0.61664 -0.08543
v 0.60350 -0.73582 -0.10344
v 0.60883 -0.71397 -0.09932
v 0.60399 -0.63115 -0.08498
v 0.59974 -0.62483 -0.07853
v 0.60851 -0.66493 -0.09539
v 0.59993 -0.60269 -0.08464
v 0.59136 -0.76269 -0.10413
v 0.59814 -0.61558 -0.07836
v 0.59223 -0.59959 -0.07544
v 0.58817 -0.57732 -0.07885
v 0.58385 -0.57638 -0.07081
v 0.57600 -0.55428 -0.06728
v 0.58087 -0.55640 -0.07823
v 0.59350 -0.58081 -0.08872
v 0.59708 -0.63459 -0.08050
v 0.16078 -0.19683 0.05102
v 0.14798 -0.18917 0.05150
v 0.15978 -0.20263 0.05929
v 0.17026 -0.20823 0.05633
v 0.14239 -0.17472 0.03862
v 0.12125 -0.16652 0.03705
v 0.13641 -0.17932 0.04505
v 0.16831 -0.19363 0.04626
v 0.11957 -0.15811 0.03093
v 0.18448 -0.19696 0.04654
v 0.18249 -0.18764 0.03950
v 0.16061 -0.17772 0.03842
v 0.14132 -0.16142 0.03367
v 0.11866 -0.14932 0.02769
v 0.18005 -0.18039 0.03721
v 0.09236 -0.14108 0.02620
v 0.09024 -0.13199 0.02237
v 0.19126 -0.18522 0.03370
v 0.19346 -0.19364 0.03773
v 0.19568 -0.20357 0.04535
v 0.18526 -0.21265 0.05172
v 0.17926 -0.22138 0.05648
v 0.20393 -0.20934 0.04349
v 0.20102 -0.21680 0.04516
v 0.20265 -0.22976 0.04357
v 0.19209 -0.23321 0.05161
v 0.21254 -0.24701 0.04423
v 0.22171 -0.23742 0.03550
v 0.23740 -0.25793 0.03673
v 0.24317 -0.24659 0.02983
v 0.25876 -0.26687 0.03095
v 0.24603 -0.27171 0.03882
v 0.22205 -0.25921 0.04653
v 0.25333 -0.24802 0.02458
v 0.23574 -0.23128 0.02534
v 0.22844 -0.23006 0.03127
v 0.26655 -0.28571 0.03445
v 0.27829 -0.28119 0.02733
v 0.27332 -0.26792 0.02363
v 0.28858 -0.30622 0.02984
v 0.21667 -0.22728 0.03587
v 0.21044 -0.21669 0.03882
v 0.06974 -0.12414 0.02197
v 0.08033 -0.13911 0.02979
v 0.05748 -0.12147 0.02507
v 0.10076 -0.15244 0.03246
v 0.05044 -0.10769 0.01818
v 0.02896 -0.09912 0.02089
v 0.03352 -0.09367 0.01549
v 0.01704 -0.07957 0.01288
v -0.00067 -0.07528 0.01664
v -0.01061 -0.06102 0.01039
v 0.06651 -0.11054 0.01734
v 0.04504 -0.09439 0.01449
v 0.00256 -0.05891 0.00949
v 0.02589 -0.07576 0.01225
v 0.09548 -0.12762 0.02197
v 0.02389 -0.03594 0.01688
v 0.04083 -0.04148 0.02526
v 0.03039 -0.04995 0.01895
v 0.01606 -0.05065 0.01378
v 0.03368 -0.06842 0.01527
v 0.05098 -0.06679 0.02306
v 0.05283 -0.09141 0.01521
v 0.06546 -0.09471 0.01788
v 0.08155 -0.11096 0.01976
v 0.10763 -0.12867 0.02534
v 0.12673 -0.14363 0.03017
v 0.14184 -0.15080 0.03451
v 0.15671 -0.16336 0.03643
v 0.19184 -0.15487 0.04237
v 0.20143 -0.15613 0.04466
v 0.17991 -0.14286 0.04981
v 0.16794 -0.14516 0.04622
v 0.16261 -0.13135 0.05467
v 0.15182 -0.13520 0.04784
v 0.15096 -0.14735 0.03996
v 0.15034 -0.12303 0.05515
v 0.16752 -0.15791 0.03953
v 0.18699 -0.16443 0.03799
v 0.20482 -0.17313 0.03233
v 0.21508 -0.16863 0.03370
v 0.22742 -0.18960 0.02064
v 0.23374 -0.18206 0.02523
v 0.24719 -0.19415 0.01839
v 0.24841 -0.20372 0.01208
v 0.23723 -0.20537 0.01117
v 0.26102 -0.20667 0.01351
v 0.26010 -0.21355 0.00936
v 0.27958 -0.22518 0.00802
v 0.27090 -0.22778 0.00519
v 0.25183 -0.21705 0.00723
v 0.29309 -0.24705 0.00236
v 0.21734 -0.19385 0.02028
v 0.19967 -0.18215 0.02928
v 0.29589 -0.24154 0.00429
v 0.15671 -0.16336 0.03643
v 0.18212 -0.17175 0.03642
v 0.30854 -0.25082 0.00492
v 0.16910 -0.17071 0.03753
v 0.26804 -0.23502 0.00462
v 0.24274 -0.21714 0.00883
v 0.25502 -0.23138 0.00699
v 0.28541 -0.25607 0.00295
v 0.30273 -0.27102 0.00130
v 0.31030 -0.26343 0.00135
v 0.26853 -0.24493 0.00541
v 0.18005 -0.18039 0.03721
v 0.16061 -0.17772 0.03842
v 0.22930 -0.21059 0.01412
v 0.19126 -0.18522 0.03370
v 0.20724 -0.19727 0.02677
v 0.23919 -0.22136 0.01100
v 0.25139 -0.23373 0.00986
v 0.29297 -0.27374 0.00712
v 0.31282 -0.28909 0.00184
v 0.27117 -0.25406 0.00840
v 0.22426 -0.21265 0.01884
v 0.37507 -0.30667 -0.00047
v 0.36169 -0.29386 0.00320
v 0.37159 -0.31145 -0.00590
v 0.38594 -0.32143 -0.00965
v 0.35344 -0.29534 0.00019
v 0.34882 -0.27398 0.01457
v 0.38936 -0.33550 -0.01717
v 0.34091 -0.27514 0.00838
v 0.33206 -0.28413 0.00081
v 0.32732 -0.27002 0.00708
v 0.33393 -0.26244 0.01598
v 0.35602 -0.31033 -0.00627
v 0.34090 -0.30022 -0.00389
v 0.32212 -0.28085 -0.00006
v 0.40780 -0.34635 -0.02247
v 0.41621 -0.36416 -0.03179
v 0.35942 -0.32192 -0.01089
v 0.37561 -0.34450 -0.02033
v 0.39462 -0.35588 -0.02655
v 0.34047 -0.30816 -0.00552
v 0.40447 -0.37837 -0.03851
v 0.44208 -0.39388 -0.04799
v 0.42401 -0.38797 -0.04431
v 0.44487 -0.40638 -0.05654
v 0.46559 -0.42334 -0.06733
v 0.45995 -0.42782 -0.07149
v 0.47358 -0.44110 -0.07877
v 0.46387 -0.44578 -0.08332
v 0.47467 -0.46001 -0.08898
v 0.46427 -0.46067 -0.09164
v 0.47092 -0.48465 -0.10174
v 0.48122 -0.43613 -0.07291
v 0.45161 -0.42961 -0.07189
v 0.49375 -0.45511 -0.08066
v 0.48771 -0.46818 -0.08866
v 0.50477 -0.47684 -0.08920
v 0.50096 -0.48841 -0.09463
v 0.48387 -0.48561 -0.09829
v 0.51953 -0.49345 -0.09680
v 0.50937 -0.47245 -0.08518
v 0.50894 -0.50980 -0.10575
v 0.49375 -0.50616 -0.10593
v 0.50067 -0.52919 -0.11988
v 0.48053 -0.52609 -0.12117
v 0.49081 -0.54059 -0.12736
v 0.50629 -0.54543 -0.12938
v 0.47488 -0.54385 -0.12912
v 0.51730 -0.54310 -0.12886
v 0.51858 -0.52166 -0.11479
v 0.46245 -0.47968 -0.09954
v 0.46883 -0.50646 -0.11297
v 0.46685 -0.52473 -0.12361
v 0.43661 -0.41167 -0.05848
v 0.51596 -0.55480 -0.13355
v 0.45798 -0.49931 -0.10847
v 0.45758 -0.52905 -0.12443
v 0.41543 -0.39573 -0.04703
v 0.45874 -0.54419 -0.13229
v 0.52875 -0.51470 -0.11199
v 0.52646 -0.53326 -0.12395
v 0.53962 -0.53613 -0.12620
v 0.55293 -0.55480 -0.13864
v 0.53782 -0.54518 -0.13206
v 0.53550 -0.55686 -0.13741
v 0.55008 -0.56217 -0.14288
v 0.55931 -0.57163 -0.14953
v 0.55295 -0.57531 -0.15066
v 0.56137 -0.58778 -0.15691
v 0.55186 -0.59012 -0.15691
v 0.56012 -0.61434 -0.16708
v 0.56821 -0.60627 -0.16265
v 0.38897 -0.36515 -0.02948
v 0.45871 -0.45580 -0.08763
v 0.56739 -0.62210 -0.16814
v 0.46715 -0.54834 -0.13201
v 0.53369 -0.56545 -0.14007
v 0.56224 -0.63683 -0.17285
v 0.45848 -0.55517 -0.14015
v 0.45085 -0.55671 -0.14214
v 0.45218 -0.56297 -0.14769
v 0.45179 -0.54690 -0.13172
v 0.54520 -0.57351 -0.14648
v 0.32489 -0.29155 -0.00143
v 0.48712 -0.55091 -0.12924
v 0.47326 -0.55789 -0.13209
v 0.45592 -0.47364 -0.09395
v 0.44697 -0.56197 -0.14491
v 0.56858 -0.64023 -0.17180
v 0.49796 -0.55605 -0.12999
v 0.56365 -0.64526 -0.17382
v 0.46439 -0.55820 -0.13856
v 0.55575 -0.64660 -0.17268
v 0.55449 -0.63643 -0.16999
v 0.55264 -0.60593 -0.16131
v 0.35297 -0.32453 -0.00984
v 0.36295 -0.33652 -0.01453
v 0.45604 -0.57459 -0.15028
v 0.45180 -0.57175 -0.15054
v 0.45041 -0.58729 -0.15610
v 0.45976 -0.58864 -0.15278
v 0.45544 -0.59811 -0.16066
v 0.44870 -0.60309 -0.16326
v 0.45616 -0.60892 -0.16441
v 0.45120 -0.61580 -0.16691
v 0.44672 -0.58089 -0.15150
v 0.51077 -0.56128 -0.13289
v 0.39096 -0.37703 -0.03194
v 0.42620 -0.41602 -0.05463
v 0.44529 -0.61343 -0.16362
v 0.37362 -0.35644 -0.02066
v 0.45877 -0.61789 -0.16374
v 0.53852 -0.57332 -0.14333
v 0.52552 -0.56747 -0.13715
v 0.33067 -0.30863 -0.00226
v 0.54594 -0.58873 -0.15243
v 0.34930 -0.33037 -0.00834
v 0.35506 -0.34197 -0.00943
v 0.48656 -0.55760 -0.12826
v 0.47772 -0.55924 -0.12976
v 0.45308 -0.61975 -0.16558
v 0.54013 -0.57978 -0.14312
v 0.49231 -0.56020 -0.12657
v 0.57138 -0.64293 -0.16885
v 0.57040 -0.64709 -0.16815
v 0.48090 -0.56297 -0.12529
v 0.51466 -0.56623 -0.13100
v 0.31632 -0.25367 0.01009
v 0.31869 -0.26679 0.00350
v 0.44677 -0.47584 -0.08232
v 0.44835 -0.46110 -0.08040
v 0.45082 -0.44718 -0.07921
v 0.44358 -0.44844 -0.07134
v 0.44006 -0.42586 -0.06507
v 0.43513 -0.43353 -0.06168
v 0.44197 -0.47004 -0.07001
v 0.43902 -0.44947 -0.06405
v 0.43155 -0.43714 -0.05540
v 0.44242 -0.49004 -0.07674
v 0.45208 -0.48503 -0.09600
v 0.44609 -0.49771 -0.09319
v 0.45056 -0.50341 -0.10468
v 0.44723 -0.52010 -0.10619
v 0.45137 -0.53228 -0.12069
v 0.44794 -0.53873 -0.11684
v 0.44323 -0.50884 -0.08662
v 0.44697 -0.55101 -0.12820
v 0.44468 -0.56679 -0.14289
v 0.44434 -0.58610 -0.14512
v 0.44408 -0.60028 -0.15781
v 0.44241 -0.60586 -0.15442
v 0.44289 -0.61677 -0.15672
v 0.44653 -0.61891 -0.16460
v 0.42076 -0.42399 -0.04754
v 0.44505 -0.62037 -0.15929
v 0.41153 -0.40464 -0.04528
v 0.40264 -0.40314 -0.03677
v 0.38330 -0.38036 -0.02328
v 0.36940 -0.36393 -0.01412
v 0.58403 -0.76263 -0.06769
v 0.59352 -0.74626 -0.06888
v 0.59080 -0.75514 -0.06456
v 0.59935 -0.73690 -0.06486
v 0.60060 -0.72410 -0.07213
v 0.60379 -0.72495 -0.06348
v 0.60923 -0.71468 -0.06665
v 0.60586 -0.71144 -0.07343
v 0.61228 -0.69610 -0.06501
v 0.60940 -0.71585 -0.06126
v 0.60961 -0.68773 -0.07001
v 0.61299 -0.66409 -0.06674
v 0.60721 -0.66099 -0.07281
v 0.60129 -0.71295 -0.07611
v 0.60655 -0.63865 -0.07304
v 0.60136 -0.67880 -0.07407
v 0.59718 -0.64756 -0.07742
v 0.60259 -0.69764 -0.07431
v 0.59708 -0.63459 -0.08050
v 0.59114 -0.73939 -0.07164
v 0.59532 -0.71964 -0.07524
v 0.58261 -0.75699 -0.07060
v 0.57249 -0.77255 -0.06842
v 0.59661 -0.70817 -0.07674
v 0.59974 -0.62483 -0.07853
v 0.57221 -0.76687 -0.06939
v 0.56641 -0.77262 -0.06911
v 0.56689 -0.77531 -0.06816
v 0.59278 -0.69762 -0.07419
v 0.58823 -0.63457 -0.08040
v 0.60415 -0.61721 -0.07307
v 0.59814 -0.61558 -0.07836
v 0.61154 -0.63237 -0.06583
v 0.61095 -0.61636 -0.06459
v 0.58412 -0.76367 -0.06275
v 0.57385 -0.77191 -0.06317
v 0.58247 -0.71842 -0.07105
v 0.58385 -0.71021 -0.07317
v 0.59046 -0.71428 -0.07575
v 0.58674 -0.72574 -0.07186
v 0.57896 -0.72666 -0.06807
v 0.57666 -0.72388 -0.06632
v 0.56985 -0.73130 -0.06419
v 0.58578 -0.74061 -0.07109
v 0.57018 -0.73605 -0.06256
v 0.57788 -0.75700 -0.06844
v 0.58633 -0.69644 -0.07048
v 0.59262 -0.68058 -0.07201
v 0.59364 -0.66020 -0.07397
v 0.58656 -0.63492 -0.07852
v 0.58131 -0.63594 -0.07483
v 0.57541 -0.62034 -0.07371
v 0.56267 -0.73726 -0.06146
v 0.58823 -0.68075 -0.06805
v 0.58992 -0.66695 -0.06974
v 0.58314 -0.65226 -0.06760
v 0.58012 -0.62107 -0.07779
v 0.56585 -0.59921 -0.06945
v 0.58023 -0.73025 -0.06600
v 0.57020 -0.61766 -0.06869
v 0.58085 -0.71491 -0.06833
v 0.58290 -0.73094 -0.06518
v 0.58542 -0.66541 -0.06181
v 0.58148 -0.70381 -0.06569
v 0.56600 -0.73263 -0.06033
v 0.58473 -0.69139 -0.06436
v 0.56425 -0.73916 -0.05955
v 0.46322 -0.60392 -0.15318
v 0.46284 -0.58491 -0.14475
v 0.45976 -0.58864 -0.15278
v 0.46115 -0.60766 -0.15956
v 0.46235 -0.57408 -0.14489
v 0.46192 -0.61808 -0.15823
v 0.45877 -0.61789 -0.16374
v 0.46438 -0.57826 -0.13742
v 0.46261 -0.61686 -0.15230
v 0.46314 -0.60017 -0.14587
v 0.46830 -0.56992 -0.13471
v 0.46597 -0.56532 -0.13871
v 0.47191 -0.56852 -0.12979
v 0.47326 -0.55789 -0.13209
v 0.46439 -0.55820 -0.13856
v 0.45616 -0.60892 -0.16441
v 0.45544 -0.59811 -0.16066
v 0.45604 -0.57459 -0.15028
v 0.47772 -0.55924 -0.12976
v 0.48090 -0.56297 -0.12529
v 0.46074 -0.58733 -0.13698
v 0.46089 -0.61330 -0.14467
v 0.48656 -0.55760 -0.12826
v 0.53742 -0.58686 -0.14578
v 0.53313 -0.57729 -0.14202
v 0.53870 -0.58055 -0.14933
v 0.54423 -0.59809 -0.15831
v 0.54529 -0.60724 -0.15714
v 0.55131 -0.61604 -0.16811
v 0.53967 -0.59778 -0.13972
v 0.53466 -0.58231 -0.13757
v 0.54710 -0.61442 -0.15217
v 0.53181 -0.57983 -0.13077
v 0.52897 -0.56987 -0.14363
v 0.54847 -0.62814 -0.16642
v 0.54767 -0.62756 -0.15814
v 0.53982 -0.58882 -0.12770
v 0.52312 -0.57233 -0.13746
v 0.55115 -0.63642 -0.17353
v 0.54820 -0.64483 -0.17174
v 0.54583 -0.64126 -0.16450
v 0.55282 -0.64793 -0.17683
v 0.55147 -0.65912 -0.17288
v 0.54803 -0.65530 -0.16651
v 0.55391 -0.67472 -0.17314
v 0.54598 -0.64655 -0.16114
v 0.55586 -0.65838 -0.17653
v 0.55493 -0.61099 -0.16978
v 0.55492 -0.63287 -0.17553
v 0.54765 -0.59036 -0.16013
v 0.54466 -0.57670 -0.15306
v 0.53402 -0.56718 -0.14558
v 0.55945 -0.64664 -0.17853
v 0.51550 -0.56022 -0.13948
v 0.55999 -0.67408 -0.17557
v 0.55529 -0.69057 -0.17142
v 0.50705 -0.56275 -0.13664
v 0.49271 -0.55431 -0.13417
v 0.48955 -0.56086 -0.13160
v 0.56495 -0.65734 -0.17676
v 0.50166 -0.56552 -0.13203
v 0.44180 -0.58420 -0.15421
v 0.44014 -0.57005 -0.14670
v 0.44372 -0.56781 -0.15126
v 0.44349 -0.55780 -0.14466
v 0.44599 -0.58410 -0.15855
v 0.44178 -0.60130 -0.16385
v 0.44904 -0.55868 -0.15000
v 0.44831 -0.59529 -0.16503
v 0.44585 -0.60937 -0.16920
v 0.45130 -0.56880 -0.15463
v 0.44954 -0.54932 -0.14059
v 0.45405 -0.56059 -0.15192
v 0.45292 -0.60358 -0.16887
v 0.44507 -0.54674 -0.13231
v 0.45243 -0.54180 -0.13446
v 0.44944 -0.53100 -0.12517
v 0.45558 -0.53020 -0.12972
v 0.44615 -0.51902 -0.11444
v 0.44798 -0.50926 -0.11287
v 0.45983 -0.51151 -0.12091
v 0.45536 -0.49640 -0.11122
v 0.44845 -0.48554 -0.10012
v 0.45509 -0.47301 -0.09928
v 0.44569 -0.46602 -0.08633
v 0.44688 -0.45315 -0.08380
v 0.45766 -0.45588 -0.09263
v 0.44825 -0.43692 -0.07949
v 0.45630 -0.44001 -0.08453
v 0.43710 -0.43607 -0.07049
v 0.45419 -0.42324 -0.07390
v 0.46196 -0.47554 -0.10277
v 0.46474 -0.49203 -0.11066
v 0.46355 -0.45329 -0.09302
v 0.46535 -0.52206 -0.12772
v 0.44144 -0.41567 -0.06703
v 0.43465 -0.42307 -0.06672
v 0.46139 -0.53746 -0.13420
v 0.45900 -0.54751 -0.14017
v 0.44535 -0.40525 -0.06141
v 0.42974 -0.39083 -0.05147
v 0.42695 -0.40664 -0.05882
v 0.45502 -0.58275 -0.15864
v 0.40991 -0.38772 -0.04861
v 0.40943 -0.36325 -0.03620
v 0.40014 -0.37154 -0.03979
v 0.38188 -0.34689 -0.02674
v 0.39521 -0.33643 -0.02285
v 0.47163 -0.50487 -0.11721
v 0.46381 -0.43304 -0.08040
v 0.42952 -0.37271 -0.04142
v 0.45017 -0.40109 -0.05844
v 0.41159 -0.34733 -0.02822
v 0.37614 -0.32547 -0.01755
v 0.47105 -0.48025 -0.10489
v 0.36592 -0.32989 -0.01921
v 0.38688 -0.31877 -0.01306
v 0.35537 -0.30610 -0.00966
v 0.34854 -0.31249 -0.01208
v 0.36479 -0.30073 -0.00598
v 0.38017 -0.35374 -0.02897
v 0.34773 -0.28816 -0.00258
v 0.47732 -0.43859 -0.08172
v 0.33405 -0.29406 -0.00744
v 0.47912 -0.53350 -0.13050
v 0.46692 -0.41815 -0.06835
v 0.47718 -0.46270 -0.09483
v 0.48368 -0.49476 -0.10824
v 0.46106 -0.55674 -0.14596
v 0.48301 -0.51490 -0.11958
v 0.49681 -0.52798 -0.12503
v 0.50117 -0.54021 -0.13212
v 0.51580 -0.53257 -0.12734
v 0.50968 -0.51287 -0.11354
v 0.49832 -0.50456 -0.10891
v 0.50852 -0.49776 -0.10355
v 0.49699 -0.48734 -0.10009
v 0.51136 -0.47917 -0.09457
v 0.52409 -0.49779 -0.10536
v 0.49465 -0.46805 -0.09208
v 0.52314 -0.51373 -0.11622
v 0.53516 -0.51947 -0.12053
v 0.52958 -0.53689 -0.13196
v 0.54718 -0.54545 -0.13770
v 0.54179 -0.55982 -0.14524
v 0.51349 -0.55076 -0.13683
v 0.55836 -0.56052 -0.14792
v 0.55483 -0.57805 -0.15769
v 0.56472 -0.57968 -0.15791
v 0.56148 -0.59428 -0.16484
v 0.49666 -0.45136 -0.08281
v 0.32957 -0.27952 -0.00316
v 0.35894 -0.28357 0.00373
v 0.37726 -0.30459 -0.00493
v 0.46783 -0.54346 -0.13513
v 0.34163 -0.27239 0.00453
v 0.32903 -0.26454 0.00539
v 0.31421 -0.27166 -0.00399
v 0.56928 -0.59803 -0.16408
v 0.56666 -0.61612 -0.17224
v 0.56029 -0.61511 -0.17245
v 0.48262 -0.54679 -0.13353
v 0.47173 -0.55227 -0.13717
v 0.56621 -0.63284 -0.17613
v 0.45907 -0.60422 -0.16708
v 0.45120 -0.61645 -0.17164
v 0.45741 -0.61386 -0.17037
v 0.31117 -0.25542 -0.00108
v 0.29789 -0.25068 -0.00280
v 0.29187 -0.23406 0.00150
v 0.28473 -0.23619 -0.00081
v 0.26925 -0.21803 0.00388
v 0.26572 -0.22545 0.00070
v 0.24505 -0.20964 0.00409
v 0.26249 -0.20506 0.00921
v 0.24409 -0.19980 0.00855
v 0.24079 -0.18598 0.01651
v 0.23196 -0.19118 0.01385
v 0.21561 -0.16744 0.02823
v 0.28828 -0.22540 0.00568
v 0.20263 -0.17455 0.02685
v 0.19063 -0.15726 0.03571
v 0.18272 -0.16728 0.03261
v 0.20056 -0.18305 0.02364
v 0.22401 -0.19965 0.01173
v 0.19209 -0.14905 0.04087
v 0.17170 -0.15297 0.03712
v 0.17053 -0.14001 0.04427
v 0.16711 -0.13007 0.04993
v 0.15648 -0.13561 0.04361
v 0.16105 -0.15824 0.03322
v 0.14420 -0.11360 0.05105
v 0.14638 -0.12598 0.04481
v 0.14363 -0.14424 0.03278
v 0.30554 -0.23989 0.00434
v 0.46127 -0.57188 -0.15198
v 0.14050 -0.15828 0.02838
v 0.46236 -0.59311 -0.15946
v 0.12731 -0.12680 0.03292
v 0.12356 -0.14103 0.02434
v 0.13013 -0.11318 0.04182
v 0.10920 -0.10907 0.03170
v 0.11416 -0.09331 0.04237
v 0.09724 -0.09407 0.03193
v 0.31891 -0.25419 0.00444
v 0.11124 -0.12582 0.02269
v 0.57171 -0.58364 -0.15534
v 0.56933 -0.64616 -0.17711
v 0.09463 -0.08067 0.03546
v 0.07386 -0.08352 0.02238
v 0.07290 -0.06205 0.03085
v 0.04653 -0.06095 0.01753
v 0.05722 -0.08638 0.01259
v 0.03835 -0.07019 0.01122
v 0.07949 -0.10414 0.01521
v 0.02727 -0.05036 0.01275
v 0.09434 -0.10612 0.02297
v 0.09339 -0.11599 0.01771
v 0.04237 -0.03978 0.02114
v 0.05723 -0.04604 0.02751
v 0.03836 -0.02706 0.02324
v 0.57214 -0.62262 -0.17067
v 0.57347 -0.63854 -0.17338
v 0.02860 -0.03146 0.01440
v 0.57424 -0.60006 -0.16101
v 0.46909 -0.56453 -0.14221
v 0.47912 -0.56035 -0.13427
v 0.27029 -0.24090 -0.00049
v 0.25318 -0.22605 0.00232
v 0.46419 -0.60592 -0.16287
v 0.46285 -0.61695 -0.16687
v 0.28447 -0.25543 -0.00195
v 0.30506 -0.27452 -0.00371
v 0.32006 -0.29294 -0.00505
v 0.33841 -0.31103 -0.00981
v 0.35916 -0.33335 -0.01778
v 0.45838 -0.62422 -0.16794
v 0.45210 -0.62597 -0.16917
v 0.44437 -0.61906 -0.16905
v 0.45947 -0.64630 -0.16055
v 0.45441 -0.64686 -0.16170
v 0.45832 -0.65985 -0.15611
v 0.44719 -0.62626 -0.16809
v 0.46099 -0.60196 -0.13588
v 0.45092 -0.59666 -0.13329
v 0.45366 -0.61068 -0.13607
v 0.46087 -0.61701 -0.13997
v 0.46077 -0.58982 -0.13198
v 0.45321 -0.62295 -0.14148
v 0.45820 -0.62708 -0.14593
v 0.45518 -0.58583 -0.12718
v 0.44908 -0.63082 -0.14639
v 0.45507 -0.63830 -0.14710
v 0.44774 -0.61600 -0.13961
v 0.45012 -0.64633 -0.14991
v 0.44801 -0.58519 -0.12979
v 0.46121 -0.58305 -0.12527
v 0.46496 -0.61211 -0.14100
v 0.46077 -0.57211 -0.11337
v 0.45079 -0.56744 -0.11301
v 0.47113 -0.57284 -0.11708
v 0.44371 -0.60468 -0.13922
v 0.44182 -0.61781 -0.14466
v 0.45674 -0.65272 -0.14733
v 0.44511 -0.63418 -0.15116
v 0.44220 -0.59141 -0.13849
v 0.44526 -0.57025 -0.12169
v 0.46014 -0.56129 -0.09969
v 0.45388 -0.54895 -0.09279
v 0.46294 -0.54803 -0.08544
v 0.44981 -0.53183 -0.08059
v 0.46090 -0.52717 -0.06592
v 0.45132 -0.51783 -0.06508
v 0.44685 -0.54688 -0.09952
v 0.45959 -0.51033 -0.05534
v 0.47470 -0.52253 -0.05487
v 0.46721 -0.50334 -0.04624
v 0.47375 -0.53909 -0.07151
v 0.44386 -0.55307 -0.11258
v 0.44367 -0.50986 -0.06757
v 0.44636 -0.49999 -0.05818
v 0.45280 -0.48467 -0.04774
v 0.44193 -0.52361 -0.08529
v 0.45308 -0.61975 -0.16558
v 0.45030 -0.62034 -0.15557
v 0.45809 -0.61974 -0.16007
v 0.44505 -0.62037 -0.15929
v 0.44452 -0.62085 -0.15203
v 0.46054 -0.62026 -0.15387
v 0.45710 -0.62101 -0.14785
v 0.44937 -0.62220 -0.14871
v 0.44653 -0.61891 -0.16460
v 0.45877 -0.61789 -0.16374
v 0.46192 -0.61808 -0.15823
v 0.46261 -0.61686 -0.15230
v 0.58153 -0.67902 -0.01786
v 0.57531 -0.69843 -0.01210
v 0.57393 -0.69428 -0.01837
v 0.56798 -0.71343 -0.01178
v 0.57807 -0.67828 -0.02282
v 0.56333 -0.71632 -0.01471
v 0.55522 -0.72868 -0.01091
v 0.55212 -0.72746 -0.01372
v 0.54815 -0.73350 -0.01231
v 0.57189 -0.67964 -0.02587
v 0.56787 -0.68595 -0.02422
v 0.56937 -0.69725 -0.01884
v 0.56050 -0.71335 -0.01595
v 0.57492 -0.66334 -0.02554
v 0.58265 -0.65869 -0.02045
v 0.58382 -0.64055 -0.02321
v 0.57279 -0.63965 -0.02799
v 0.57689 -0.62643 -0.03095
v 0.56638 -0.62302 -0.03297
v 0.57197 -0.61476 -0.03379
v 0.57075 -0.65876 -0.02642
v 0.56672 -0.67730 -0.02674
v 0.57686 -0.61103 -0.03220
v 0.56394 -0.69685 -0.01902
v 0.57154 -0.60039 -0.03441
v 0.57378 -0.59393 -0.03374
v 0.56572 -0.60808 -0.03364
v 0.54553 -0.72992 -0.01215
v 0.56017 -0.61438 -0.03208
v 0.56180 -0.68520 -0.02273
v 0.58291 -0.62595 -0.02715
v 0.56096 -0.60101 -0.03173
v 0.56768 -0.59517 -0.03586
v 0.57280 -0.59568 -0.03598
v 0.55627 -0.59569 -0.03109
v 0.54448 -0.73421 -0.00990
v 0.58252 -0.60882 -0.02713
v 0.57548 -0.58508 -0.03078
v 0.58782 -0.62737 -0.02099
v 0.58310 -0.67904 -0.00835
v 0.56514 -0.65915 -0.02514
v 0.56564 -0.64554 -0.02428
v 0.55961 -0.67586 -0.02395
v 0.56060 -0.64198 -0.02006
v 0.55832 -0.66616 -0.02073
v 0.56119 -0.65001 -0.01943
v 0.55500 -0.68808 -0.01779
v 0.55439 -0.67762 -0.01819
v 0.55858 -0.69431 -0.01750
v 0.56014 -0.69934 -0.01602
v 0.55875 -0.70932 -0.01453
v 0.55404 -0.71930 -0.01366
v 0.54686 -0.69803 -0.01440
v 0.54648 -0.69305 -0.01287
v 0.56298 -0.63465 -0.02704
v 0.53995 -0.70129 -0.01246
v 0.55879 -0.62299 -0.02926
v 0.55463 -0.61060 -0.02564
v 0.55260 -0.59859 -0.02396
v 0.54107 -0.70432 -0.01064
v 0.55548 -0.62703 -0.02119
v 0.55726 -0.69506 -0.01379
v 0.58143 -0.76324 -0.10117
v 0.58251 -0.75472 -0.10557
v 0.57506 -0.76687 -0.10462
v 0.59142 -0.74615 -0.10113
v 0.56830 -0.77823 -0.10188
v 0.58815 -0.74197 -0.10377
v 0.59548 -0.73323 -0.10086
v 0.59076 -0.72503 -0.10316
v 0.59663 -0.72118 -0.09848
v 0.58927 -0.71739 -0.10018
v 0.59365 -0.71462 -0.09669
v 0.58646 -0.71283 -0.10176
v 0.59276 -0.69596 -0.09809
v 0.59884 -0.70722 -0.09525
v 0.59920 -0.68822 -0.09576
v 0.59207 -0.67545 -0.09820
v 0.59622 -0.66589 -0.09316
v 0.58732 -0.65376 -0.09342
v 0.59225 -0.64846 -0.08784
v 0.58342 -0.63866 -0.08588
v 0.58823 -0.63457 -0.08040
v 0.58648 -0.73101 -0.11022
v 0.58524 -0.74466 -0.10926
v 0.60533 -0.70102 -0.09684
v 0.60226 -0.71496 -0.09645
v 0.60416 -0.67971 -0.09565
v 0.60883 -0.71397 -0.09932
v 0.61105 -0.69413 -0.10027
v 0.60851 -0.66493 -0.09539
v 0.60200 -0.65231 -0.08945
v 0.60332 -0.72420 -0.10012
v 0.60350 -0.73582 -0.10344
v 0.59804 -0.74052 -0.10124
v 0.58680 -0.76193 -0.10109
v 0.57433 -0.77584 -0.10134
v 0.59136 -0.76269 -0.10413
v 0.59684 -0.64018 -0.08364
v 0.60399 -0.63115 -0.08498
v 0.58113 -0.77365 -0.10385
v 0.60916 -0.64173 -0.09401
v 0.59708 -0.63459 -0.08050
v 0.57122 -0.57789 -0.03683
v 0.56864 -0.56736 -0.03048
v 0.57288 -0.56514 -0.03809
v 0.57000 -0.58080 -0.03122
v 0.56873 -0.58618 -0.03497
v 0.57185 -0.58610 -0.03933
v 0.56974 -0.57153 -0.02312
v 0.56446 -0.55892 -0.02410
v 0.56789 -0.55386 -0.03748
v 0.56820 -0.56763 -0.01598
v 0.57365 -0.58530 -0.01755
v 0.57287 -0.58672 -0.02546
v 0.57894 -0.60028 -0.01987
v 0.57925 -0.60135 -0.01091
v 0.58395 -0.61394 -0.01528
v 0.58432 -0.61951 -0.00840
v 0.58499 -0.62855 -0.01528
v 0.57840 -0.60500 -0.02392
v 0.58263 -0.62369 -0.02096
v 0.58427 -0.63537 -0.00965
v 0.57081 -0.59051 -0.03019
v 0.57067 -0.59686 -0.02961
v 0.58000 -0.65639 -0.01684
v 0.58085 -0.65511 -0.00985
v 0.57922 -0.67414 -0.01340
v 0.57699 -0.67752 -0.01767
v 0.57760 -0.68092 -0.01157
v 0.56737 -0.59003 -0.03297
v 0.57512 -0.68089 -0.01780
v 0.56652 -0.58816 -0.03766
v 0.57755 -0.67909 -0.00663
v 0.57774 -0.66522 -0.00601
v 0.57518 -0.63892 -0.02308
v 0.57652 -0.61480 -0.02697
v 0.57316 -0.62527 -0.02766
v 0.57897 -0.64362 -0.02054
v 0.57132 -0.65402 -0.02173
v 0.57190 -0.60991 -0.02926
v 0.57351 -0.66723 -0.02090
v 0.56723 -0.67146 -0.02194
v 0.57131 -0.67987 -0.02119
v 0.56454 -0.67838 -0.02094
v 0.56906 -0.68210 -0.01967
v 0.46256 -0.66048 -0.14795
v 0.46071 -0.64098 -0.14969
v 0.45674 -0.65272 -0.14733
v 0.45507 -0.63830 -0.14710
v 0.45820 -0.62708 -0.14593
v 0.46317 -0.62533 -0.14902
v 0.46146 -0.66732 -0.14354
v 0.46435 -0.67232 -0.14353
v 0.46175 -0.67547 -0.14142
v 0.46357 -0.67657 -0.14353
v 0.45744 -0.66721 -0.14511
v 0.45012 -0.64633 -0.14991
v 0.57045 -0.64840 -0.15906
v 0.55973 -0.64816 -0.16416
v 0.56359 -0.64871 -0.15732
v 0.57040 -0.64709 -0.16815
v 0.55729 -0.64937 -0.15427
v 0.56073 -0.64761 -0.17140
v 0.55303 -0.64842 -0.15725
v 0.55158 -0.64742 -0.16738
v 0.55575 -0.64660 -0.17268
v 0.56400 -0.65082 -0.15404
v 0.56365 -0.64526 -0.17382
v 0.55404 -0.71930 -0.01366
v 0.55663 -0.70988 -0.00909
v 0.55875 -0.70932 -0.01453
v 0.55908 -0.69967 -0.00786
v 0.54927 -0.72334 -0.01006
v 0.54553 -0.72992 -0.01215
v 0.54361 -0.73118 -0.00970
v 0.56014 -0.69934 -0.01602
v 0.54448 -0.73421 -0.00990
v 0.55832 -0.66616 -0.02073
v 0.55860 -0.65519 -0.01338
v 0.56119 -0.65001 -0.01943
v 0.56031 -0.64301 -0.00812
v 0.55504 -0.66949 -0.01523
v 0.55439 -0.67762 -0.01819
v 0.55384 -0.67535 -0.01067
v 0.55382 -0.68465 -0.01486
v 0.55500 -0.68808 -0.01779
v 0.55406 -0.68257 -0.00695
v 0.55864 -0.66050 -0.00811
v 0.55619 -0.63132 -0.01194
v 0.56060 -0.64198 -0.02006
v 0.55548 -0.62703 -0.02119
v 0.55256 -0.61435 -0.01708
v 0.55463 -0.61060 -0.02564
v 0.55402 -0.61529 -0.00997
v 0.55263 -0.60003 -0.01449
v 0.55260 -0.59859 -0.02396
v 0.55967 -0.62850 -0.00314
v 0.56367 -0.64599 -0.00265
v 0.55901 -0.66847 -0.00442
v 0.55664 -0.60665 -0.00654
v 0.55454 -0.59491 -0.00751
v 0.56176 -0.62261 -0.00018
v 0.55916 -0.68296 -0.00108
v 0.55673 -0.68963 -0.00452
v 0.56249 -0.60945 -0.00109
v 0.56810 -0.63881 0.00108
v 0.56726 -0.65884 -0.00048
v 0.56339 -0.67369 0.00012
v 0.56300 -0.59496 -0.00213
v 0.56370 -0.69295 -0.00074
v 0.55938 -0.69323 -0.00470
v 0.56065 -0.70818 -0.00337
v 0.55678 -0.69414 -0.00891
v 0.54997 -0.72404 -0.00651
v 0.55726 -0.69506 -0.01379
v 0.54677 -0.73114 -0.00694
v 0.55772 -0.69839 -0.16689
v 0.56029 -0.68544 -0.17279
v 0.56325 -0.68683 -0.16804
v 0.56569 -0.67422 -0.17249
v 0.56982 -0.66746 -0.16803
v 0.57202 -0.65386 -0.17273
v 0.57569 -0.65250 -0.16352
v 0.57653 -0.64240 -0.16837
v 0.55595 -0.70385 -0.16122
v 0.57759 -0.64174 -0.16215
v 0.57647 -0.63219 -0.16563
v 0.57197 -0.66027 -0.16170
v 0.56496 -0.67789 -0.16270
v 0.57456 -0.65010 -0.15568
v 0.57656 -0.62402 -0.15446
v 0.57671 -0.61817 -0.16184
v 0.57814 -0.61093 -0.15011
v 0.57875 -0.60308 -0.15340
v 0.57473 -0.63939 -0.15254
v 0.57897 -0.59993 -0.14252
v 0.57835 -0.58748 -0.14309
v 0.57571 -0.59149 -0.13355
v 0.57625 -0.58142 -0.13695
v 0.56950 -0.57708 -0.12508
v 0.57157 -0.57325 -0.13075
v 0.56767 -0.57005 -0.11984
v 0.56768 -0.56098 -0.12428
v 0.57241 -0.61263 -0.14040
v 0.56968 -0.62725 -0.14511
v 0.56841 -0.60166 -0.12974
v 0.56927 -0.58669 -0.12548
v 0.56387 -0.57869 -0.11643
v 0.56815 -0.63733 -0.14584
v 0.57085 -0.65080 -0.15161
v 0.56781 -0.66361 -0.15954
v 0.56663 -0.64850 -0.14792
v 0.56231 -0.61195 -0.13348
v 0.56134 -0.58848 -0.12121
v 0.55837 -0.58383 -0.11396
v 0.56134 -0.67685 -0.16021
v 0.55472 -0.70201 -0.15889
v 0.55097 -0.71266 -0.15850
v 0.54966 -0.71161 -0.15655
v 0.56566 -0.65822 -0.15380
v 0.55891 -0.66866 -0.15878
v 0.55678 -0.59838 -0.12395
v 0.55316 -0.58924 -0.11954
v 0.56313 -0.62605 -0.14339
v 0.56074 -0.65613 -0.15146
v 0.56110 -0.64511 -0.14622
v 0.55538 -0.68935 -0.16041
v 0.55919 -0.62970 -0.14479
v 0.55094 -0.70286 -0.15834
v 0.55161 -0.60234 -0.12735
v 0.55573 -0.65214 -0.15023
v 0.54776 -0.59039 -0.12104
v 0.44437 -0.61906 -0.16905
v 0.44019 -0.62140 -0.16273
v 0.43930 -0.61200 -0.16303
v 0.44585 -0.60937 -0.16920
v 0.44178 -0.60130 -0.16385
v 0.44719 -0.62626 -0.16809
v 0.44348 -0.63312 -0.15876
v 0.45083 -0.64799 -0.15942
v 0.45073 -0.65295 -0.15194
v 0.45566 -0.66260 -0.15376
v 0.45885 -0.67243 -0.14643
v 0.46114 -0.67238 -0.14826
v 0.45441 -0.64686 -0.16170
v 0.46357 -0.67657 -0.14353
v 0.46175 -0.67547 -0.14142
v 0.45744 -0.66721 -0.14511
v 0.45012 -0.64633 -0.14991
v 0.45832 -0.65985 -0.15611
v 0.44433 -0.49781 -0.10067
v 0.44070 -0.51626 -0.09852
v 0.44022 -0.49151 -0.08758
v 0.44615 -0.51902 -0.11444
v 0.44343 -0.53073 -0.11335
v 0.44114 -0.47340 -0.08076
v 0.43542 -0.46373 -0.06308
v 0.44569 -0.46602 -0.08633
v 0.44944 -0.53100 -0.12517
v 0.44798 -0.50926 -0.11287
v 0.43760 -0.45577 -0.07064
v 0.44688 -0.45315 -0.08380
v 0.44845 -0.48554 -0.10012
v 0.44507 -0.54674 -0.13231
v 0.43699 -0.48326 -0.06892
v 0.44302 -0.54332 -0.11684
v 0.43201 -0.44876 -0.05876
v 0.43710 -0.43607 -0.07049
v 0.44139 -0.55568 -0.13441
v 0.44349 -0.55780 -0.14466
v 0.44014 -0.57005 -0.14670
v 0.43958 -0.56869 -0.13923
v 0.44234 -0.53482 -0.10386
v 0.43929 -0.51566 -0.08676
v 0.43994 -0.58598 -0.14927
v 0.44180 -0.58420 -0.15421
v 0.43828 -0.60103 -0.15548
v 0.43786 -0.61567 -0.15641
v 0.44160 -0.55727 -0.12600
v 0.43856 -0.50500 -0.07300
v 0.43992 -0.59197 -0.14412
v 0.44087 -0.57547 -0.13394
v 0.44386 -0.55307 -0.11258
v 0.43143 -0.43960 -0.06320
v 0.43600 -0.46459 -0.05579
v 0.43306 -0.45144 -0.05179
v 0.43956 -0.60693 -0.14489
v 0.43868 -0.48812 -0.06230
v 0.43928 -0.61967 -0.15096
v 0.44193 -0.52361 -0.08529
v 0.44685 -0.54688 -0.09952
v 0.44220 -0.59141 -0.13849
v 0.44511 -0.63418 -0.15116
v 0.44526 -0.57025 -0.12169
v 0.44182 -0.61781 -0.14466
v 0.44371 -0.60468 -0.13922
v 0.48090 -0.56297 -0.12529
v 0.47534 -0.56648 -0.12195
v 0.48540 -0.56196 -0.12130
v 0.47191 -0.56852 -0.12979
v 0.49231 -0.56020 -0.12657
v 0.48482 -0.56021 -0.11336
v 0.47607 -0.55805 -0.10302
v 0.46396 -0.56823 -0.11566
v 0.49345 -0.55760 -0.10914
v 0.49536 -0.56217 -0.12198
v 0.48574 -0.54617 -0.08610
v 0.46540 -0.57539 -0.12758
v 0.45891 -0.58242 -0.13107
v 0.46491 -0.55656 -0.09944
v 0.47565 -0.55088 -0.09225
v 0.46074 -0.58733 -0.13698
v 0.45555 -0.58866 -0.13470
v 0.45564 -0.57477 -0.12345
v 0.47415 -0.54044 -0.08016
v 0.50346 -0.55415 -0.09876
v 0.51160 -0.56296 -0.11591
v 0.49552 -0.54558 -0.08163
v 0.48674 -0.53617 -0.06920
v 0.51666 -0.56739 -0.12592
v 0.45521 -0.56074 -0.11038
v 0.52264 -0.56401 -0.11176
v 0.50919 -0.55178 -0.08791
v 0.52802 -0.57169 -0.12817
v 0.46046 -0.60116 -0.14098
v 0.45417 -0.60261 -0.13900
v 0.46089 -0.61330 -0.14467
v 0.45565 -0.61516 -0.14257
v 0.45710 -0.62101 -0.14785
v 0.45029 -0.61898 -0.14531
v 0.44937 -0.62220 -0.14871
v 0.46261 -0.61686 -0.15230
v 0.46054 -0.62026 -0.15387
v 0.46438 -0.57826 -0.13742
v 0.46314 -0.60017 -0.14587
v 0.45849 -0.55420 -0.10041
v 0.45951 -0.53582 -0.08302
v 0.47031 -0.52606 -0.06647
v 0.45853 -0.51580 -0.06522
v 0.47090 -0.51222 -0.05664
v 0.45176 -0.52289 -0.07710
v 0.48722 -0.52831 -0.05677
v 0.47610 -0.50541 -0.04653
v 0.46354 -0.49843 -0.05238
v 0.45042 -0.53836 -0.09516
v 0.44867 -0.50185 -0.06430
v 0.46812 -0.48462 -0.04071
v 0.45818 -0.48350 -0.04928
v 0.45260 -0.46399 -0.04458
v 0.44338 -0.46483 -0.05416
v 0.44221 -0.45245 -0.04834
v 0.45752 -0.46648 -0.04044
v 0.44757 -0.45118 -0.04059
v 0.43643 -0.44260 -0.04542
v 0.44413 -0.50744 -0.07515
v 0.44862 -0.55403 -0.11470
v 0.44877 -0.58058 -0.13287
v 0.44196 -0.48237 -0.06444
v 0.43822 -0.45362 -0.05670
v 0.44586 -0.56966 -0.13045
v 0.44143 -0.44186 -0.03672
v 0.44434 -0.58610 -0.14512
v 0.43372 -0.44310 -0.05349
v 0.44517 -0.59623 -0.14367
v 0.45121 -0.59048 -0.13661
v 0.44824 -0.60514 -0.14177
v 0.44361 -0.60891 -0.14743
v 0.44562 -0.61809 -0.14807
v 0.44452 -0.62085 -0.15203
v 0.44289 -0.61677 -0.15672
v 0.44241 -0.60586 -0.15442
v 0.44505 -0.62037 -0.15929
v 0.55500 -0.68808 -0.01779
v 0.54648 -0.69305 -0.01287
v 0.54872 -0.68943 -0.00969
v 0.53986 -0.70018 -0.00937
v 0.53995 -0.70129 -0.01246
v 0.55382 -0.68465 -0.01486
v 0.55406 -0.68257 -0.00695
v 0.54694 -0.69557 -0.00678
v 0.54107 -0.70432 -0.01064
v 0.57148 -0.68045 -0.01658
v 0.56439 -0.68151 -0.01046
v 0.57210 -0.68101 -0.00891
v 0.57512 -0.68089 -0.01780
v 0.57760 -0.68092 -0.01157
v 0.57369 -0.68194 -0.00483
v 0.56575 -0.67900 -0.00414
v 0.56123 -0.67877 -0.00607
v 0.56906 -0.68210 -0.01967
v 0.56073 -0.68326 -0.01633
v 0.56012 -0.68289 -0.01136
v 0.57755 -0.67909 -0.00663
v 0.48481 -0.56364 -0.13048
v 0.48536 -0.56629 -0.12561
v 0.47866 -0.56850 -0.12957
v 0.48955 -0.56086 -0.13160
v 0.47987 -0.56919 -0.12047
v 0.48998 -0.56604 -0.12038
v 0.47383 -0.57397 -0.12829
v 0.46739 -0.58085 -0.12898
v 0.47330 -0.56890 -0.13606
v 0.47912 -0.56035 -0.13427
v 0.46909 -0.56453 -0.14221
v 0.49161 -0.56541 -0.12630
v 0.49271 -0.55431 -0.13417
v 0.50166 -0.56552 -0.13203
v 0.48467 -0.56465 -0.11195
v 0.47113 -0.57284 -0.11708
v 0.46121 -0.58305 -0.12527
v 0.46077 -0.58982 -0.13198
v 0.46628 -0.61376 -0.16072
v 0.46825 -0.60865 -0.15328
v 0.46671 -0.61749 -0.15036
v 0.46444 -0.63020 -0.15603
v 0.46324 -0.62870 -0.16199
v 0.46276 -0.65043 -0.15400
v 0.46285 -0.61695 -0.16687
v 0.46419 -0.60592 -0.16287
v 0.46669 -0.59381 -0.15284
v 0.46725 -0.59035 -0.14313
v 0.46765 -0.57801 -0.14533
v 0.46895 -0.57999 -0.13804
v 0.46700 -0.60130 -0.14262
v 0.46496 -0.61211 -0.14100
v 0.45947 -0.64630 -0.16055
v 0.46285 -0.66492 -0.15079
v 0.46256 -0.66048 -0.14795
v 0.46435 -0.67232 -0.14353
v 0.46357 -0.67657 -0.14353
v 0.46071 -0.64098 -0.14969
v 0.46317 -0.62533 -0.14902
v 0.46236 -0.59311 -0.15946
v 0.46127 -0.57188 -0.15198
v 0.45838 -0.62422 -0.16794
v 0.46114 -0.67238 -0.14826
v 0.46087 -0.61701 -0.13997
v 0.46099 -0.60196 -0.13588
v 0.45832 -0.65985 -0.15611
v 0.45820 -0.62708 -0.14593
v 0.56267 -0.57274 -0.10889
v 0.55638 -0.57937 -0.10426
v 0.56282 -0.57631 -0.10306
v 0.55874 -0.58268 -0.09726
v 0.56794 -0.56941 -0.10491
v 0.56348 -0.56769 -0.11161
v 0.55557 -0.57985 -0.11475
v 0.56071 -0.57603 -0.11935
v 0.56346 -0.56849 -0.12074
v 0.57048 -0.60931 -0.14359
v 0.56937 -0.59283 -0.13357
v 0.57364 -0.59314 -0.13922
v 0.56476 -0.60249 -0.13406
v 0.56655 -0.62011 -0.14645
v 0.57026 -0.62331 -0.15104
v 0.55943 -0.58577 -0.12433
v 0.56328 -0.57855 -0.12493
v 0.56338 -0.62729 -0.14894
v 0.56963 -0.58209 -0.13253
v 0.57420 -0.60562 -0.14904
v 0.56486 -0.56867 -0.12767
v 0.57283 -0.62696 -0.15930
v 0.57009 -0.63724 -0.15364
v 0.57261 -0.64526 -0.16294
v 0.56589 -0.63349 -0.14956
v 0.56783 -0.64711 -0.15349
v 0.57045 -0.64840 -0.15906
v 0.56239 -0.56171 -0.11185
v 0.57390 -0.58784 -0.14226
v 0.56400 -0.65082 -0.15404
v 0.56992 -0.57835 -0.13604
v 0.57402 -0.60190 -0.15267
v 0.57040 -0.64709 -0.16815
v 0.57138 -0.64293 -0.16885
v 0.57166 -0.62475 -0.16390
v 0.56327 -0.58081 -0.10625
v 0.55656 -0.58546 -0.10071
v 0.55555 -0.58415 -0.10731
v 0.55837 -0.58383 -0.11396
v 0.55204 -0.58535 -0.11334
v 0.54919 -0.58405 -0.10527
v 0.54958 -0.58461 -0.09598
v 0.54210 -0.58399 -0.11486
v 0.55126 -0.58654 -0.08849
v 0.55316 -0.58924 -0.11954
v 0.54776 -0.59039 -0.12104
v 0.55097 -0.71266 -0.15850
v 0.55166 -0.70465 -0.16459
v 0.55595 -0.70385 -0.16122
v 0.55772 -0.69839 -0.16689
v 0.55529 -0.69057 -0.17142
v 0.56029 -0.68544 -0.17279
v 0.54836 -0.71157 -0.15953
v 0.55999 -0.67408 -0.17557
v 0.56569 -0.67422 -0.17249
v 0.56495 -0.65734 -0.17676
v 0.57202 -0.65386 -0.17273
v 0.56933 -0.64616 -0.17711
v 0.57347 -0.63854 -0.17338
v 0.57653 -0.64240 -0.16837
v 0.57647 -0.63219 -0.16563
v 0.57214 -0.62262 -0.17067
v 0.57671 -0.61817 -0.16184
v 0.57424 -0.60006 -0.16101
v 0.57793 -0.73251 -0.06202
v 0.57579 -0.73247 -0.05796
v 0.57018 -0.73605 -0.06256
v 0.58225 -0.73062 -0.05968
v 0.58290 -0.73094 -0.06518
v 0.56425 -0.73916 -0.05955
v 0.58023 -0.73025 -0.06600
v 0.58451 -0.72641 -0.05609
v 0.56399 -0.73684 -0.05794
v 0.55678 -0.69414 -0.00891
v 0.54674 -0.69981 -0.00787
v 0.55137 -0.69731 -0.01212
v 0.54107 -0.70432 -0.01064
v 0.55726 -0.69506 -0.01379
v 0.55858 -0.69431 -0.01750
v 0.54686 -0.69803 -0.01440
v 0.55673 -0.68963 -0.00452
v 0.54694 -0.69557 -0.00678
v 0.53986 -0.70018 -0.00937
v 0.57185 -0.58610 -0.03933
v 0.56652 -0.58816 -0.03766
v 0.56873 -0.58618 -0.03497
v 0.56798 -0.58891 -0.04137
v 0.57085 -0.57407 -0.10831
v 0.56327 -0.58081 -0.10625
v 0.56527 -0.57638 -0.11020
v 0.55837 -0.58383 -0.11396
v 0.56387 -0.57869 -0.11643
v 0.56733 -0.57059 -0.11466
v 0.57039 -0.56885 -0.10937
v 0.56767 -0.57005 -0.11984
v 0.56785 -0.56242 -0.11089
v 0.56768 -0.56098 -0.12428
v 0.56400 -0.65082 -0.15404
v 0.55729 -0.64937 -0.15427
v 0.56207 -0.64601 -0.15119
v 0.55757 -0.63972 -0.15113
v 0.55920 -0.62583 -0.14944
v 0.56338 -0.62729 -0.14894
v 0.56589 -0.63349 -0.14956
v 0.55864 -0.61656 -0.14420
v 0.56655 -0.62011 -0.14645
v 0.56783 -0.64711 -0.15349
v 0.57026 -0.62331 -0.15104
v 0.55716 -0.60308 -0.13286
v 0.56476 -0.60249 -0.13406
v 0.55943 -0.58577 -0.12433
v 0.55164 -0.58535 -0.12243
v 0.54564 -0.58599 -0.12545
v 0.54888 -0.59794 -0.13293
v 0.54980 -0.60607 -0.14085
v 0.55303 -0.64842 -0.15725
v 0.55522 -0.72868 -0.01091
v 0.54984 -0.73160 -0.00765
v 0.54448 -0.73421 -0.00990
v 0.54815 -0.73350 -0.01231
v 0.57413 -0.77811 -0.10545
v 0.56830 -0.77823 -0.10188
v 0.57039 -0.77816 -0.10618
v 0.57433 -0.77584 -0.10134
v 0.58113 -0.77365 -0.10385
v 0.58225 -0.77100 -0.11111
v 0.59003 -0.76581 -0.11063
v 0.59136 -0.76269 -0.10413
v 0.59767 -0.75429 -0.11233
v 0.59503 -0.75417 -0.11566
v 0.60379 -0.73414 -0.11704
v 0.58837 -0.75963 -0.11608
v 0.60013 -0.72808 -0.12112
v 0.57154 -0.60039 -0.03441
v 0.57280 -0.59568 -0.03598
v 0.57378 -0.59393 -0.03374
v 0.57588 -0.58867 -0.03584
v 0.56425 -0.73916 -0.05955
v 0.56399 -0.73684 -0.05794
v 0.56267 -0.73726 -0.06146
v 0.56600 -0.73263 -0.06033
v 0.57922 -0.72158 -0.05986
v 0.57526 -0.72797 -0.05759
v 0.58451 -0.72641 -0.05609
v 0.57579 -0.73247 -0.05796
v 0.57666 -0.72388 -0.06632
v 0.58085 -0.71491 -0.06833
v 0.58117 -0.71707 -0.06041
v 0.56689 -0.77531 -0.06816
v 0.56665 -0.77565 -0.06545
v 0.56441 -0.77377 -0.06640
v 0.56641 -0.77262 -0.06911
v 0.57788 -0.75700 -0.06844
v 0.56874 -0.76740 -0.06453
v 0.57921 -0.74986 -0.06312
v 0.56982 -0.76670 -0.06717
v 0.57221 -0.76687 -0.06939
v 0.58360 -0.74014 -0.06841
v 0.58374 -0.73420 -0.06207
v 0.58578 -0.74061 -0.07109
v 0.58290 -0.73094 -0.06518
v 0.58674 -0.72574 -0.07186
v 0.58225 -0.73062 -0.05968
v 0.58556 -0.73337 -0.05732
v 0.55097 -0.71266 -0.15850
v 0.54966 -0.71161 -0.15655
v 0.54836 -0.71157 -0.15953
v 0.54823 -0.70713 -0.15944
v 0.55094 -0.70286 -0.15834
v 0.55070 -0.69283 -0.16437
v 0.55235 -0.68527 -0.16338
v 0.55173 -0.67787 -0.16783
v 0.55259 -0.67557 -0.16367
v 0.55157 -0.66896 -0.16589
v 0.55374 -0.66445 -0.15907
v 0.54917 -0.65675 -0.16054
v 0.54997 -0.65052 -0.15439
v 0.54803 -0.65530 -0.16651
v 0.54598 -0.64655 -0.16114
v 0.54864 -0.63689 -0.15364
v 0.54583 -0.64126 -0.16450
v 0.54767 -0.62756 -0.15814
v 0.55327 -0.62757 -0.14809
v 0.55430 -0.64128 -0.14781
v 0.55538 -0.68935 -0.16041
v 0.55891 -0.66866 -0.15878
v 0.55573 -0.65214 -0.15023
v 0.55919 -0.62970 -0.14479
v 0.56074 -0.65613 -0.15146
v 0.56110 -0.64511 -0.14622
v 0.55166 -0.70465 -0.16459
v 0.55162 -0.69289 -0.16793
v 0.55391 -0.67472 -0.17314
v 0.55529 -0.69057 -0.17142
v 0.55673 -0.68963 -0.00452
v 0.55406 -0.68257 -0.00695
v 0.54694 -0.69557 -0.00678
v 0.58403 -0.76263 -0.06769
v 0.57385 -0.77191 -0.06317
v 0.57249 -0.77255 -0.06842
v 0.56665 -0.77565 -0.06545
v 0.56689 -0.77531 -0.06816
v 0.58251 -0.75472 -0.10557
v 0.58815 -0.74197 -0.10377
v 0.58524 -0.74466 -0.10926
v 0.59090 -0.74338 -0.11194
v 0.59534 -0.73265 -0.10985
v 0.59396 -0.73571 -0.10650
v 0.58770 -0.75252 -0.10870
v 0.59808 -0.72850 -0.10690
v 0.58726 -0.75804 -0.11150
v 0.58460 -0.76278 -0.10715
v 0.60130 -0.72922 -0.11431
v 0.59383 -0.74097 -0.11415
v 0.59741 -0.73035 -0.11431
v 0.60312 -0.72817 -0.10999
v 0.59910 -0.73640 -0.10617
v 0.59396 -0.73571 -0.10650
v 0.59919 -0.73052 -0.10563
v 0.59267 -0.74630 -0.10580
v 0.59808 -0.72850 -0.10690
v 0.58770 -0.75252 -0.10870
v 0.58460 -0.76278 -0.10715
v 0.60312 -0.72817 -0.10999
v 0.59486 -0.75001 -0.10831
v 0.59910 -0.73640 -0.10617
v 0.60012 -0.73860 -0.11047
v 0.59919 -0.73052 -0.10563
v 0.60312 -0.72817 -0.10999
v 0.59267 -0.74630 -0.10580
v 0.58460 -0.76278 -0.10715
v 0.59076 -0.75669 -0.11097
v 0.59730 -0.73926 -0.11410
v 0.60130 -0.72922 -0.11431
v 0.59076 -0.75669 -0.11097
v 0.59730 -0.73926 -0.11410
v 0.59383 -0.74097 -0.11415
v 0.59741 -0.73035 -0.11431
v 0.60130 -0.72922 -0.11431
v 0.59090 -0.74338 -0.11194
v 0.58726 -0.75804 -0.11150
v 0.58460 -0.76278 -0.10715
v 0.04204 -0.04005 0.09980
v 0.03475 -0.04492 0.10643
v 0.05253 -0.05875 0.10582
v 0.06035 -0.05675 0.09944
v 0.05055 -0.03761 0.09123
v 0.07097 -0.05802 0.08934
v 0.06005 -0.04212 0.08525
v 0.06901 -0.07066 0.10015
v 0.09474 -0.08282 0.08900
v 0.08704 -0.08601 0.09664
v 0.10573 -0.09884 0.09297
v 0.10266 -0.08641 0.08455
v 0.09002 -0.07243 0.08088
v 0.07584 -0.05640 0.07928
v 0.04311 -0.02208 0.07733
v 0.05853 -0.03755 0.07580
v 0.10647 -0.08666 0.06155
v 0.11603 -0.09731 0.07932
v 0.12127 -0.10003 0.06372
v 0.11428 -0.09792 0.08682
v 0.12246 -0.09918 0.05492
v 0.13024 -0.10821 0.08542
v 0.12333 -0.10842 0.09392
v 0.14071 -0.12013 0.09542
v 0.14899 -0.12250 0.08129
v 0.16368 -0.13972 0.08977
v 0.15495 -0.13731 0.10005
v 0.17646 -0.15999 0.10100
v 0.16456 -0.13391 0.07870
v 0.17968 -0.15129 0.08239
v 0.18086 -0.16011 0.09147
v 0.18835 -0.16316 0.08418
v 0.19754 -0.17232 0.09687
v 0.19018 -0.17218 0.10539
v 0.20941 -0.18320 0.10794
v 0.21578 -0.18038 0.09237
v 0.22579 -0.18806 0.09924
v 0.21557 -0.17713 0.08432
v 0.19787 -0.16856 0.08443
v 0.23150 -0.18763 0.08572
v 0.23962 -0.19651 0.08982
v 0.23686 -0.19943 0.10121
v 0.22533 -0.19025 0.10637
v 0.22831 -0.19650 0.10937
v 0.25013 -0.21073 0.09000
v 0.16879 -0.13395 0.06523
v 0.13404 -0.10860 0.06715
v 0.15279 -0.12265 0.06443
v 0.13958 -0.11232 0.05870
v 0.10985 -0.08794 0.04990
v 0.09576 -0.07513 0.05076
v 0.08318 -0.06385 0.06144
v 0.18445 -0.14447 0.07432
v 0.19046 -0.14716 0.06436
v 0.04274 -0.02122 0.06506
v 0.06111 -0.04073 0.05670
v 0.07366 -0.05337 0.04801
v 0.08316 -0.06273 0.04523
v 0.09400 -0.07457 0.04514
v 0.05779 -0.03772 0.04181
v 0.04777 -0.02801 0.05129
v 0.04090 -0.02176 0.04417
v 0.17905 -0.14023 0.05633
v 0.20654 -0.15576 0.06741
v 0.21054 -0.15997 0.07328
v 0.22191 -0.16378 0.06762
v 0.16261 -0.13135 0.05467
v 0.12978 -0.10710 0.05161
v 0.20901 -0.15878 0.05334
v 0.22663 -0.16612 0.05833
v 0.23682 -0.17167 0.06406
v 0.24114 -0.17473 0.05523
v 0.25431 -0.18452 0.06286
v 0.26238 -0.19069 0.04868
v 0.27274 -0.19835 0.05420
v 0.06406 -0.04672 0.03952
v 0.15034 -0.12303 0.05515
v 0.04207 -0.02533 0.03755
v 0.04147 -0.03134 0.02988
v 0.11498 -0.09788 0.04629
v 0.03007 -0.02897 0.02183
v 0.07797 -0.06675 0.03798
v 0.09028 -0.08043 0.03877
v 0.06008 -0.05357 0.03244
v 0.13537 -0.12613 0.04416
v 0.15182 -0.13520 0.04784
v 0.15096 -0.14735 0.03996
v 0.04083 -0.04148 0.02526
v 0.10102 -0.10245 0.03601
v 0.11620 -0.12623 0.03199
v 0.09004 -0.10754 0.02536
v 0.07269 -0.08473 0.02680
v 0.10763 -0.12867 0.02534
v 0.12673 -0.14363 0.03017
v 0.14184 -0.15080 0.03451
v 0.06546 -0.09471 0.01788
v 0.05098 -0.06679 0.02306
v 0.08155 -0.11096 0.01976
v 0.15671 -0.16336 0.03643
v 0.60485 -0.61598 -0.05149
v 0.59977 -0.61646 -0.04676
v 0.60049 -0.60336 -0.05385
v 0.58917 -0.59511 -0.04661
v 0.59295 -0.58922 -0.05515
v 0.58462 -0.57872 -0.04763
v 0.58590 -0.57439 -0.05280
v 0.60571 -0.61087 -0.05815
v 0.58157 -0.56700 -0.04760
v 0.57288 -0.56514 -0.03809
v 0.60845 -0.62275 -0.05500
v 0.58427 -0.63537 -0.00965
v 0.58132 -0.63308 -0.00462
v 0.57970 -0.62236 -0.00351
v 0.58085 -0.65511 -0.00985
v 0.58432 -0.61951 -0.00840
v 0.57694 -0.64344 -0.00350
v 0.57774 -0.66522 -0.00601
v 0.57653 -0.60327 -0.00606
v 0.56789 -0.55386 -0.03748
v 0.56864 -0.56736 -0.03048
v 0.57274 -0.54967 -0.04808
v 0.55704 -0.52836 -0.04226
v 0.55417 -0.53667 -0.03273
v 0.54183 -0.51313 -0.03444
v 0.54203 -0.50574 -0.03951
v 0.52652 -0.49219 -0.02899
v 0.53785 -0.51633 -0.02545
v 0.53686 -0.49510 -0.04355
v 0.52198 -0.47412 -0.04209
v 0.56446 -0.55892 -0.02410
v 0.51581 -0.47756 -0.02388
v 0.50574 -0.45294 -0.03307
v 0.55274 -0.54339 -0.01882
v 0.52698 -0.50306 -0.01333
v 0.51448 -0.48700 -0.00764
v 0.52659 -0.50924 -0.00621
v 0.54338 -0.53400 -0.00996
v 0.50583 -0.46087 -0.02115
v 0.49401 -0.44194 -0.01948
v 0.49291 -0.43321 -0.02803
v 0.48384 -0.42208 -0.02490
v 0.49853 -0.46256 -0.00842
v 0.54910 -0.51401 -0.04764
v 0.55992 -0.55621 -0.01161
v 0.56496 -0.53750 -0.05024
v 0.56820 -0.56763 -0.01598
v 0.46969 -0.41301 -0.01622
v 0.48154 -0.43368 -0.01263
v 0.46979 -0.40942 -0.02165
v 0.45388 -0.39787 -0.01324
v 0.45289 -0.39192 -0.02356
v 0.44130 -0.38192 -0.01236
v 0.43624 -0.38010 -0.00415
v 0.43608 -0.37061 -0.01782
v 0.42057 -0.35536 -0.00396
v 0.45434 -0.39108 -0.03185
v 0.41322 -0.34430 -0.00623
v 0.40710 -0.34088 0.00205
v 0.39261 -0.32280 0.00360
v 0.38950 -0.32861 0.01502
v 0.37808 -0.30806 0.01488
v 0.36433 -0.30174 0.03113
v 0.41314 -0.35729 0.00829
v 0.36988 -0.29413 0.01681
v 0.38141 -0.30879 0.00686
v 0.35958 -0.28344 0.02549
v 0.34596 -0.27898 0.04165
v 0.34523 -0.27019 0.03624
v 0.33136 -0.26009 0.04857
v 0.33444 -0.25570 0.03682
v 0.32903 -0.25224 0.04456
v 0.30655 -0.23389 0.05550
v 0.31249 -0.23503 0.04631
v 0.29332 -0.21662 0.05044
v 0.28682 -0.21395 0.05975
v 0.29543 -0.23142 0.06639
v 0.27344 -0.20744 0.07074
v 0.27319 -0.20207 0.06397
v 0.25604 -0.18980 0.07080
v 0.31451 -0.25444 0.06173
v 0.27826 -0.22483 0.07900
v 0.56808 -0.57758 -0.01032
v 0.35270 -0.27533 0.02385
v 0.57365 -0.58530 -0.01755
v 0.57925 -0.60135 -0.01091
v 0.23475 -0.17447 0.07286
v 0.46585 -0.40351 -0.03036
v 0.47968 -0.41617 -0.03722
v 0.32263 -0.24337 0.03614
v 0.57902 -0.55997 -0.05505
v 0.46833 -0.40509 -0.03895
v 0.30615 -0.22810 0.03874
v 0.49349 -0.43427 -0.04091
v 0.50935 -0.45749 -0.04220
v 0.26760 -0.20048 0.03141
v 0.24454 -0.18182 0.03644
v 0.28788 -0.21237 0.04249
v 0.28693 -0.21877 0.02379
v 0.31011 -0.23744 0.02501
v 0.33460 -0.25722 0.02438
v 0.28760 -0.22488 0.01340
v 0.27047 -0.21010 0.01701
v 0.29778 -0.23659 0.00868
v 0.24719 -0.19415 0.01839
v 0.31632 -0.25367 0.01009
v 0.32284 -0.25213 0.01853
v 0.33393 -0.26244 0.01598
v 0.34882 -0.27398 0.01457
v 0.23374 -0.18206 0.02523
v 0.22165 -0.16832 0.03827
v 0.23091 -0.17081 0.04505
v 0.26102 -0.20667 0.01351
v 0.36393 -0.29070 0.01101
v 0.36169 -0.29386 0.00320
v 0.37507 -0.30667 -0.00047
v 0.39402 -0.32423 -0.00605
v 0.38594 -0.32143 -0.00965
v 0.40780 -0.34635 -0.02247
v 0.41170 -0.34477 -0.01318
v 0.42528 -0.36649 -0.02972
v 0.43851 -0.37443 -0.02501
v 0.44524 -0.38747 -0.03704
v 0.45813 -0.40188 -0.04569
v 0.47301 -0.41327 -0.04984
v 0.44208 -0.39388 -0.04799
v 0.46309 -0.41405 -0.05879
v 0.30854 -0.25082 0.00492
v 0.48378 -0.42317 -0.05220
v 0.47977 -0.42582 -0.06286
v 0.49646 -0.44689 -0.07172
v 0.48122 -0.43613 -0.07291
v 0.46559 -0.42334 -0.06733
v 0.27958 -0.22518 0.00802
v 0.49659 -0.44024 -0.05601
v 0.50656 -0.45828 -0.07025
v 0.50937 -0.47245 -0.08518
v 0.49375 -0.45511 -0.08066
v 0.51739 -0.47734 -0.08083
v 0.51953 -0.49345 -0.09680
v 0.52701 -0.49849 -0.09616
v 0.53097 -0.51167 -0.10809
v 0.21508 -0.16863 0.03370
v 0.20143 -0.15613 0.04466
v 0.52875 -0.51470 -0.11199
v 0.53962 -0.53613 -0.12620
v 0.54386 -0.53359 -0.12169
v 0.41621 -0.36416 -0.03179
v 0.55293 -0.55480 -0.13864
v 0.55781 -0.55272 -0.13307
v 0.56207 -0.56371 -0.14108
v 0.55931 -0.57163 -0.14953
v 0.56635 -0.57713 -0.14896
v 0.29589 -0.24154 0.00429
v 0.19184 -0.15487 0.04237
v 0.56137 -0.58778 -0.15691
v 0.57044 -0.59731 -0.15663
v 0.56821 -0.60627 -0.16265
v 0.53212 -0.49910 -0.08501
v 0.52228 -0.47796 -0.07145
v 0.53946 -0.50156 -0.07609
v 0.54550 -0.51403 -0.08257
v 0.55105 -0.51684 -0.07822
v 0.56457 -0.53525 -0.08311
v 0.54264 -0.52028 -0.09233
v 0.53470 -0.51158 -0.09780
v 0.56057 -0.53443 -0.08872
v 0.55701 -0.54130 -0.09711
v 0.57450 -0.55665 -0.09656
v 0.54901 -0.53614 -0.10092
v 0.57225 -0.54759 -0.09095
v 0.55920 -0.55205 -0.10473
v 0.56753 -0.56035 -0.10295
v 0.56239 -0.56171 -0.11185
v 0.58115 -0.55981 -0.09149
v 0.51176 -0.46281 -0.06399
v 0.58303 -0.57037 -0.09690
v 0.54013 -0.52467 -0.10802
v 0.57660 -0.57142 -0.10197
v 0.59274 -0.59426 -0.10367
v 0.57094 -0.58190 -0.14490
v 0.55329 -0.54473 -0.10917
v 0.50375 -0.45113 -0.05461
v 0.56039 -0.55482 -0.12867
v 0.59211 -0.58764 -0.09619
v 0.60433 -0.61014 -0.09994
v 0.17991 -0.14286 0.04981
v 0.60498 -0.61330 -0.10717
v 0.57402 -0.60190 -0.15267
v 0.57235 -0.54644 -0.08386
v 0.58089 -0.56161 -0.08498
v 0.52141 -0.47609 -0.05827
v 0.53341 -0.49183 -0.05101
v 0.55991 -0.53316 -0.05671
v 0.57556 -0.56139 -0.06350
v 0.58584 -0.57873 -0.06049
v 0.53495 -0.49568 -0.06597
v 0.59477 -0.59649 -0.06341
v 0.60528 -0.61527 -0.06434
v 0.54802 -0.51527 -0.06634
v 0.56339 -0.54100 -0.06631
v 0.57350 -0.56112 -0.07036
v 0.56041 -0.55556 -0.11850
v 0.57390 -0.58784 -0.14226
v 0.56992 -0.57835 -0.13604
v 0.56486 -0.56867 -0.12767
v 0.57166 -0.62475 -0.16390
v 0.55863 -0.52941 -0.07557
v 0.57108 -0.55047 -0.07476
v 0.57521 -0.56780 -0.06949
v 0.57769 -0.57467 -0.06851
v 0.56739 -0.62210 -0.16814
v 0.56858 -0.64023 -0.17180
v 0.57138 -0.64293 -0.16885
v 0.56348 -0.56769 -0.11161
v 0.56794 -0.56941 -0.10491
v 0.57088 -0.58377 -0.07397
v 0.57342 -0.57811 -0.07101
v 0.57393 -0.57558 -0.07328
v 0.57521 -0.56780 -0.06949
v 0.57791 -0.56803 -0.07606
v 0.56869 -0.58501 -0.07083
v 0.60779 -0.70745 -0.11499
v 0.60695 -0.71137 -0.10605
v 0.60958 -0.70097 -0.10827
v 0.60807 -0.69942 -0.11543
v 0.61055 -0.68146 -0.11094
v 0.60886 -0.67173 -0.10256
v 0.61050 -0.65987 -0.10597
v 0.60771 -0.65902 -0.11368
v 0.60801 -0.63393 -0.10411
v 0.60537 -0.63153 -0.11188
v 0.60566 -0.62292 -0.11175
v 0.60730 -0.61790 -0.10485
v 0.60498 -0.61330 -0.10717
v 0.60614 -0.62357 -0.09604
v 0.60433 -0.61014 -0.09994
v 0.60618 -0.64396 -0.09803
v 0.60245 -0.61593 -0.08991
v 0.59906 -0.60480 -0.09063
v 0.59211 -0.58764 -0.09619
v 0.58943 -0.58584 -0.08728
v 0.58089 -0.56161 -0.08498
v 0.59060 -0.60062 -0.08172
v 0.57108 -0.55047 -0.07476
v 0.57350 -0.56112 -0.07036
v 0.56339 -0.54100 -0.06631
v 0.60064 -0.63436 -0.08940
v 0.59558 -0.62702 -0.08300
v 0.59847 -0.61746 -0.08444
v 0.60043 -0.65383 -0.09439
v 0.60458 -0.67438 -0.09995
v 0.60637 -0.69739 -0.10295
v 0.60497 -0.71020 -0.10353
v 0.60271 -0.70690 -0.10057
v 0.59022 -0.61571 -0.07984
v 0.58324 -0.59858 -0.07711
v 0.57778 -0.58328 -0.07533
v 0.59946 -0.71246 -0.10088
v 0.60807 -0.69942 -0.11543
v 0.60771 -0.65902 -0.11368
v 0.60466 -0.67212 -0.11807
v 0.60466 -0.69178 -0.11903
v 0.60441 -0.70614 -0.11933
v 0.60369 -0.64378 -0.11598
v 0.60537 -0.63153 -0.11188
v 0.60114 -0.62830 -0.11529
v 0.60779 -0.70745 -0.11499
v 0.60566 -0.62292 -0.11175
v 0.33067 -0.30863 -0.00226
v 0.32236 -0.30955 0.00440
v 0.33450 -0.32922 0.00443
v 0.31282 -0.28909 0.00184
v 0.31657 -0.32205 0.01640
v 0.30276 -0.30226 0.01835
v 0.30755 -0.29094 0.00797
v 0.34930 -0.33037 -0.00834
v 0.29556 -0.28637 0.01762
v 0.31838 -0.33209 0.02130
v 0.34273 -0.34576 0.00696
v 0.28858 -0.30622 0.02984
v 0.35506 -0.34197 -0.00943
v 0.35418 -0.35746 0.00339
v 0.29297 -0.27374 0.00712
v 0.36940 -0.36393 -0.01412
v 0.29362 -0.31780 0.03581
v 0.27292 -0.29905 0.03894
v 0.26655 -0.28571 0.03445
v 0.25282 -0.28337 0.04266
v 0.24603 -0.27171 0.03882
v 0.23431 -0.27290 0.05097
v 0.28680 -0.27383 0.01520
v 0.27332 -0.26792 0.02363
v 0.34524 -0.35725 0.01568
v 0.32859 -0.34392 0.02220
v 0.22205 -0.25921 0.04653
v 0.27042 -0.25990 0.01677
v 0.27117 -0.25406 0.00840
v 0.25414 -0.24472 0.01889
v 0.25139 -0.23373 0.00986
v 0.23859 -0.22805 0.01712
v 0.23919 -0.22136 0.01100
v 0.22426 -0.21265 0.01884
v 0.22030 -0.21902 0.02983
v 0.20724 -0.19727 0.02677
v 0.20675 -0.20465 0.03328
v 0.21044 -0.21669 0.03882
v 0.19346 -0.19364 0.03773
v 0.19126 -0.18522 0.03370
v 0.22844 -0.23006 0.03127
v 0.23574 -0.23128 0.02534
v 0.25333 -0.24802 0.02458
v 0.24317 -0.24659 0.02983
v 0.19568 -0.20357 0.04535
v 0.36732 -0.36953 -0.00429
v 0.20811 -0.25420 0.05646
v 0.21254 -0.24701 0.04423
v 0.19547 -0.24213 0.05475
v 0.19209 -0.23321 0.05161
v 0.18341 -0.23285 0.05937
v 0.17926 -0.22138 0.05648
v 0.16749 -0.21529 0.06451
v 0.15978 -0.20263 0.05929
v 0.20393 -0.20934 0.04349
v 0.38330 -0.38036 -0.02328
v 0.38797 -0.39156 -0.01887
v 0.40264 -0.40314 -0.03677
v 0.41007 -0.41638 -0.03670
v 0.42076 -0.42399 -0.04754
v 0.27829 -0.28119 0.02733
v 0.56979 -0.64655 -0.02133
v 0.56457 -0.63385 -0.02256
v 0.56654 -0.64583 -0.01849
v 0.56262 -0.63619 -0.01690
v 0.55844 -0.61283 -0.02323
v 0.56234 -0.61752 -0.02761
v 0.56473 -0.65074 -0.00997
v 0.55706 -0.61122 -0.01761
v 0.55874 -0.62339 -0.01317
v 0.56059 -0.60559 -0.02592
v 0.55711 -0.60172 -0.02029
v 0.55828 -0.59652 -0.02527
v 0.55481 -0.59451 -0.02089
v 0.55648 -0.59256 -0.02610
v 0.56295 -0.63584 -0.00932
v 0.56341 -0.65663 -0.01547
v 0.56595 -0.65784 -0.01998
v 0.56128 -0.67299 -0.01929
v 0.55876 -0.67355 -0.01473
v 0.55876 -0.67976 -0.01611
v 0.55764 -0.67954 -0.01173
v 0.56073 -0.68326 -0.01633
v 0.56454 -0.67838 -0.02094
v 0.56066 -0.66797 -0.01087
v 0.56424 -0.59866 -0.02852
v 0.56256 -0.59126 -0.03187
v 0.56687 -0.60915 -0.02928
v 0.56729 -0.62174 -0.02845
v 0.56723 -0.67146 -0.02194
v 0.57015 -0.63487 -0.02451
v 0.57132 -0.65402 -0.02173
v 0.57518 -0.63892 -0.02308
v 0.56906 -0.68210 -0.01967
v 0.57131 -0.67987 -0.02119
v 0.57316 -0.62527 -0.02766
v 0.57190 -0.60991 -0.02926
v 0.57067 -0.59686 -0.02961
v 0.56737 -0.59003 -0.03297
v 0.56012 -0.68289 -0.01136
v 0.59307 -0.71101 -0.07083
v 0.59126 -0.71183 -0.05954
v 0.59872 -0.71226 -0.06062
v 0.60146 -0.71099 -0.07081
v 0.58747 -0.71138 -0.06749
v 0.59326 -0.71183 -0.05314
v 0.60088 -0.71358 -0.05459
v 0.58790 -0.71047 -0.05621
v 0.58554 -0.71016 -0.06352
v 0.60422 -0.71432 -0.06191
v 0.60392 -0.71286 -0.06784
v 0.59480 -0.66609 -0.06832
v 0.59258 -0.67083 -0.06522
v 0.59462 -0.68771 -0.06848
v 0.58917 -0.66001 -0.06310
v 0.59079 -0.67823 -0.06021
v 0.59069 -0.66862 -0.05819
v 0.58511 -0.63959 -0.06971
v 0.58040 -0.63761 -0.06406
v 0.57765 -0.62092 -0.06912
v 0.57131 -0.61252 -0.06365
v 0.56923 -0.59788 -0.06646
v 0.56494 -0.59729 -0.05929
v 0.56101 -0.59030 -0.05908
v 0.56437 -0.58761 -0.06725
v 0.57011 -0.61252 -0.05720
v 0.58116 -0.64049 -0.05550
v 0.58898 -0.65927 -0.05481
v 0.58601 -0.70503 -0.06028
v 0.58841 -0.69937 -0.06663
v 0.58962 -0.69180 -0.05821
v 0.58554 -0.71016 -0.06352
v 0.58687 -0.70891 -0.06940
v 0.58747 -0.71138 -0.06749
v 0.60059 -0.70915 -0.11308
v 0.59421 -0.70916 -0.10764
v 0.59940 -0.71001 -0.10272
v 0.60497 -0.71020 -0.10353
v 0.59153 -0.70859 -0.11714
v 0.59963 -0.70771 -0.11877
v 0.58941 -0.70756 -0.11001
v 0.60441 -0.70614 -0.11933
v 0.60779 -0.70745 -0.11499
v 0.60695 -0.71137 -0.10605
v 0.59443 -0.70701 -0.11975
v 0.59383 -0.70721 -0.10239
v 0.59946 -0.71246 -0.10088
v 0.56652 -0.58816 -0.03766
v 0.56256 -0.59126 -0.03187
v 0.56737 -0.59003 -0.03297
v 0.55786 -0.58688 -0.04201
v 0.55003 -0.58682 -0.03675
v 0.55648 -0.59256 -0.02610
v 0.55234 -0.58446 -0.05574
v 0.54545 -0.58850 -0.02512
v 0.54379 -0.58179 -0.04526
v 0.55481 -0.59451 -0.02089
v 0.54184 -0.57638 -0.06873
v 0.55853 -0.58438 -0.06870
v 0.55274 -0.58192 -0.07983
v 0.55886 -0.58361 -0.07665
v 0.56641 -0.58513 -0.07373
v 0.54228 -0.57476 -0.08953
v 0.55168 -0.58050 -0.09786
v 0.55874 -0.58268 -0.09726
v 0.55638 -0.57937 -0.10426
v 0.54002 -0.57379 -0.10114
v 0.54911 -0.57879 -0.10912
v 0.56798 -0.58891 -0.04137
v 0.55557 -0.57985 -0.11475
v 0.56869 -0.58501 -0.07083
v 0.56014 -0.58964 -0.05287
v 0.56101 -0.59030 -0.05908
v 0.56437 -0.58761 -0.06725
v 0.52381 -0.56130 -0.06880
v 0.52370 -0.55985 -0.08214
v 0.51083 -0.55077 -0.07495
v 0.52801 -0.56319 -0.09768
v 0.50919 -0.55178 -0.08791
v 0.53589 -0.57175 -0.05684
v 0.53682 -0.57992 -0.02658
v 0.52622 -0.56418 -0.04238
v 0.51277 -0.54929 -0.05578
v 0.50836 -0.54865 -0.03605
v 0.52420 -0.56578 -0.02751
v 0.50856 -0.55053 -0.02571
v 0.50016 -0.54095 -0.06405
v 0.49564 -0.53481 -0.03516
v 0.49284 -0.52926 -0.05046
v 0.54399 -0.58603 -0.01700
v 0.49341 -0.53301 -0.01955
v 0.53177 -0.56893 -0.11048
v 0.52404 -0.56313 -0.01483
v 0.50239 -0.54042 -0.01347
v 0.48152 -0.51768 -0.02120
v 0.48484 -0.52040 -0.03441
v 0.54186 -0.57954 -0.11760
v 0.53685 -0.57732 -0.12345
v 0.52802 -0.57169 -0.12817
v 0.53277 -0.57307 -0.13556
v 0.53930 -0.58122 -0.13248
v 0.54564 -0.58599 -0.12545
v 0.54013 -0.57978 -0.14312
v 0.52264 -0.56401 -0.11176
v 0.55516 -0.59235 -0.01417
v 0.51466 -0.56623 -0.13100
v 0.51666 -0.56739 -0.12592
v 0.49552 -0.54558 -0.08163
v 0.48674 -0.53617 -0.06920
v 0.48722 -0.52831 -0.05677
v 0.56494 -0.59729 -0.05929
v 0.55886 -0.58716 -0.08803
v 0.47166 -0.49843 -0.02819
v 0.48291 -0.51369 -0.04305
v 0.47159 -0.49768 -0.01694
v 0.45920 -0.47540 -0.02064
v 0.47610 -0.50541 -0.04653
v 0.46068 -0.47579 -0.02872
v 0.56415 -0.59503 -0.09262
v 0.56545 -0.59673 -0.08618
v 0.57108 -0.60626 -0.08587
v 0.46812 -0.48462 -0.04071
v 0.49536 -0.56217 -0.12198
v 0.49231 -0.56020 -0.12657
v 0.54907 -0.58145 -0.11613
v 0.56876 -0.60777 -0.09422
v 0.55164 -0.58535 -0.12243
v 0.47031 -0.52606 -0.06647
v 0.57189 -0.61585 -0.09059
v 0.57510 -0.62582 -0.10068
v 0.57895 -0.63006 -0.09131
v 0.58392 -0.64562 -0.10264
v 0.58171 -0.63658 -0.10891
v 0.58963 -0.65439 -0.11570
v 0.57472 -0.61691 -0.10549
v 0.56908 -0.59774 -0.10045
v 0.56428 -0.58253 -0.10016
v 0.52552 -0.56747 -0.13715
v 0.53852 -0.57332 -0.14333
v 0.51077 -0.56128 -0.13289
v 0.48540 -0.56196 -0.12130
v 0.55943 -0.58577 -0.12433
v 0.59009 -0.70531 -0.11742
v 0.59335 -0.69763 -0.11931
v 0.59183 -0.69289 -0.11630
v 0.59612 -0.68257 -0.11754
v 0.59275 -0.68128 -0.11326
v 0.59580 -0.67130 -0.11700
v 0.58975 -0.66442 -0.11165
v 0.59443 -0.70701 -0.11975
v 0.59153 -0.70859 -0.11714
v 0.58866 -0.70345 -0.11150
v 0.59087 -0.69373 -0.11109
v 0.58941 -0.70756 -0.11001
v 0.59286 -0.68428 -0.10605
v 0.58842 -0.66076 -0.10637
v 0.59109 -0.70080 -0.10514
v 0.40107 -0.40571 0.00370
v 0.38895 -0.39541 0.00339
v 0.38212 -0.38813 0.01123
v 0.37339 -0.38081 0.00957
v 0.40505 -0.41144 -0.00364
v 0.42074 -0.42549 -0.00524
v 0.41806 -0.42321 -0.01317
v 0.43740 -0.44454 -0.01396
v 0.36350 -0.37293 0.01737
v 0.36071 -0.36900 0.00878
v 0.39467 -0.39942 -0.00802
v 0.40757 -0.41103 -0.01719
v 0.34153 -0.35566 0.02649
v 0.34524 -0.35725 0.01568
v 0.32443 -0.34290 0.03262
v 0.32859 -0.34392 0.02220
v 0.31365 -0.33432 0.03323
v 0.38213 -0.38633 -0.00150
v 0.38797 -0.39156 -0.01887
v 0.40700 -0.41198 -0.02737
v 0.36732 -0.36953 -0.00429
v 0.42672 -0.42762 -0.02759
v 0.42842 -0.43269 -0.01999
v 0.44254 -0.44711 -0.02819
v 0.44143 -0.44186 -0.03672
v 0.30505 -0.32712 0.04435
v 0.44538 -0.45518 -0.02152
v 0.45345 -0.46051 -0.03518
v 0.35418 -0.35746 0.00339
v 0.31838 -0.33209 0.02130
v 0.29362 -0.31780 0.03581
v 0.29780 -0.32268 0.04218
v 0.27054 -0.30140 0.04674
v 0.27292 -0.29905 0.03894
v 0.28021 -0.30901 0.05031
v 0.26439 -0.29707 0.05614
v 0.25282 -0.28337 0.04266
v 0.25323 -0.28883 0.05203
v 0.24094 -0.28051 0.06325
v 0.23431 -0.27290 0.05097
v 0.22447 -0.26879 0.06146
v 0.20811 -0.25420 0.05646
v 0.20495 -0.25443 0.06754
v 0.19055 -0.24188 0.06360
v 0.19274 -0.24469 0.07301
v 0.18019 -0.23299 0.07114
v 0.18258 -0.23352 0.08255
v 0.16781 -0.21833 0.08687
v 0.41007 -0.41638 -0.03670
v 0.42418 -0.43056 -0.04351
v 0.42966 -0.43349 -0.03882
v 0.16523 -0.21571 0.07892
v 0.15592 -0.20439 0.08850
v 0.15183 -0.19933 0.08302
v 0.45014 -0.45677 -0.01319
v 0.14035 -0.19112 0.08752
v 0.14224 -0.18998 0.07877
v 0.18341 -0.23285 0.05937
v 0.11918 -0.17640 0.08070
v 0.11804 -0.17700 0.08646
v 0.09312 -0.16001 0.08501
v 0.16749 -0.21529 0.06451
v 0.43372 -0.44310 -0.05349
v 0.43643 -0.44260 -0.04542
v 0.44757 -0.45118 -0.04059
v 0.45752 -0.46648 -0.04044
v 0.15751 -0.20315 0.07225
v 0.14831 -0.19169 0.07228
v 0.14984 -0.19272 0.06202
v 0.12747 -0.17589 0.05466
v 0.12666 -0.17614 0.07083
v 0.09985 -0.15950 0.07162
v 0.07400 -0.14485 0.07936
v 0.09452 -0.15365 0.05228
v 0.07058 -0.13660 0.06668
v 0.07714 -0.14122 0.04672
v 0.06359 -0.13022 0.05470
v 0.05325 -0.12208 0.06606
v 0.06459 -0.13221 0.03851
v 0.04347 -0.11550 0.04265
v 0.04413 -0.11532 0.02960
v 0.02261 -0.09958 0.03038
v 0.02342 -0.09917 0.04137
v 0.00819 -0.08762 0.03283
v 0.00554 -0.08465 0.02416
v -0.01459 -0.06763 0.02171
v -0.00833 -0.07220 0.03317
v 0.04111 -0.10990 0.06191
v 0.11822 -0.16857 0.04285
v 0.09786 -0.15481 0.03902
v 0.07960 -0.14141 0.03466
v 0.03713 -0.10791 0.05125
v 0.06752 -0.14185 0.08702
v 0.14798 -0.18917 0.05150
v 0.15978 -0.20263 0.05929
v 0.02962 -0.09760 0.05934
v 0.03934 -0.11982 0.08524
v 0.05499 -0.13023 0.07859
v 0.13641 -0.17932 0.04505
v 0.06174 -0.12815 0.03101
v 0.00735 -0.08089 0.04741
v 0.19547 -0.24213 0.05475
v 0.03563 -0.11079 0.07274
v 0.16078 -0.19683 0.05102
v 0.01621 -0.09887 0.07905
v 0.01557 -0.10073 0.08759
v 0.00311 -0.08887 0.08396
v -0.00317 -0.07949 0.07570
v -0.01672 -0.06918 0.08519
v 0.01556 -0.08758 0.06487
v -0.01140 -0.06153 0.06136
v 0.42076 -0.42399 -0.04754
v 0.43155 -0.43714 -0.05540
v 0.02896 -0.09912 0.02089
v 0.01353 -0.08102 0.05795
v -0.00145 -0.06616 0.05536
v -0.00067 -0.07528 0.01664
v 0.43668 -0.44002 -0.00779
v 0.08033 -0.13911 0.02979
v 0.10076 -0.15244 0.03246
v 0.05748 -0.12147 0.02507
v 0.43902 -0.44947 -0.06405
v 0.12125 -0.16652 0.03705
v 0.43822 -0.45362 -0.05670
v 0.57088 -0.58377 -0.07397
v 0.56641 -0.58513 -0.07373
v 0.56869 -0.58501 -0.07083
v 0.59276 -0.64624 -0.09219
v 0.58382 -0.63203 -0.08731
v 0.59235 -0.63527 -0.08586
v 0.60043 -0.65383 -0.09439
v 0.58898 -0.65292 -0.09869
v 0.58398 -0.61966 -0.08189
v 0.57675 -0.61753 -0.08492
v 0.57862 -0.60548 -0.07899
v 0.59572 -0.66396 -0.09797
v 0.59512 -0.67501 -0.10168
v 0.60063 -0.68240 -0.10025
v 0.59022 -0.61571 -0.07984
v 0.59558 -0.62702 -0.08300
v 0.60458 -0.67438 -0.09995
v 0.58324 -0.59858 -0.07711
v 0.57388 -0.59555 -0.07567
v 0.56973 -0.59528 -0.07842
v 0.56858 -0.58764 -0.07476
v 0.56243 -0.58722 -0.07923
v 0.57108 -0.60626 -0.08587
v 0.59722 -0.69607 -0.10095
v 0.56641 -0.58513 -0.07373
v 0.57088 -0.58377 -0.07397
v 0.57895 -0.63006 -0.09131
v 0.57778 -0.58328 -0.07533
v 0.60637 -0.69739 -0.10295
v 0.57393 -0.57558 -0.07328
v 0.55886 -0.58361 -0.07665
v 0.60064 -0.63436 -0.08940
v 0.60271 -0.70690 -0.10057
v 0.59946 -0.71246 -0.10088
v 0.59383 -0.70721 -0.10239
v 0.59109 -0.70080 -0.10514
v 0.59286 -0.68428 -0.10605
v 0.58842 -0.66076 -0.10637
v 0.58392 -0.64562 -0.10264
v 0.57189 -0.61585 -0.09059
v 0.56545 -0.59673 -0.08618
v 0.55274 -0.58192 -0.07983
v 0.58941 -0.70756 -0.11001
v 0.55886 -0.58716 -0.08803
v 0.58866 -0.70345 -0.11150
v 0.58858 -0.74814 -0.06216
v 0.59528 -0.73349 -0.06251
v 0.59330 -0.73681 -0.06650
v 0.58913 -0.74789 -0.06532
v 0.59579 -0.72633 -0.06615
v 0.59731 -0.72593 -0.06250
v 0.58453 -0.75113 -0.06348
v 0.58913 -0.74789 -0.06532
v 0.58842 -0.74402 -0.06664
v 0.58453 -0.75113 -0.06348
v 0.59330 -0.73681 -0.06650
v 0.59200 -0.73176 -0.06684
v 0.59579 -0.72633 -0.06615
v 0.58660 -0.74282 -0.06421
v 0.59200 -0.73176 -0.06684
v 0.59071 -0.73210 -0.06186
v 0.59579 -0.72633 -0.06615
v 0.59439 -0.72714 -0.06007
v 0.58842 -0.74402 -0.06664
v 0.58453 -0.75113 -0.06348
v 0.58973 -0.73940 -0.06046
v 0.59731 -0.72593 -0.06250
v 0.58858 -0.74814 -0.06216
v 0.58973 -0.73940 -0.06046
v 0.59528 -0.73349 -0.06251
v 0.59439 -0.72714 -0.06007
v 0.59731 -0.72593 -0.06250
v 0.58453 -0.75113 -0.06348
v 0.01581 -0.04237 0.11024
v 0.01724 -0.06016 0.11012
v 0.03149 -0.05346 0.11024
v 0.04073 -0.07220 0.11017
v 0.05265 -0.06880 0.10799
v 0.06586 -0.08550 0.10568
v 0.05619 -0.09355 0.10805
v 0.03494 -0.08219 0.10917
v 0.07572 -0.10096 0.10562
v 0.07807 -0.11259 0.10631
v 0.05354 -0.10638 0.10645
v 0.07650 -0.12642 0.10443
v 0.09854 -0.12773 0.10620
v 0.09489 -0.14053 0.10471
v 0.09624 -0.11483 0.10405
v 0.11329 -0.12403 0.10616
v 0.11956 -0.13869 0.10858
v 0.08826 -0.10013 0.10192
v 0.13318 -0.13836 0.11005
v 0.12734 -0.15499 0.10736
v 0.14470 -0.15669 0.10881
v 0.14955 -0.14671 0.10896
v 0.16525 -0.16181 0.10819
v 0.15694 -0.16904 0.10756
v 0.17240 -0.17516 0.10936
v 0.18655 -0.17673 0.11064
v 0.00165 -0.05665 0.10803
v 0.13513 -0.13186 0.10787
v 0.10101 -0.10698 0.10052
v 0.19560 -0.19024 0.11495
v 0.18402 -0.18870 0.11285
v 0.20732 -0.20464 0.11892
v 0.20940 -0.19367 0.11582
v 0.21674 -0.20678 0.11878
v 0.21737 -0.21259 0.11911
v 0.22534 -0.20451 0.11537
v 0.01506 -0.07930 0.10565
v 0.03414 -0.09950 0.10428
v 0.23480 -0.22115 0.11027
v 0.22984 -0.22829 0.11039
v 0.16575 -0.18423 0.10610
v 0.11548 -0.16053 0.10372
v 0.03475 -0.04492 0.10643
v 0.05253 -0.05875 0.10582
v 0.13927 -0.17423 0.10235
v 0.24411 -0.24682 0.09895
v 0.25341 -0.24472 0.09735
v 0.25933 -0.25802 0.09162
v 0.28012 -0.26819 0.08322
v 0.27800 -0.27790 0.08122
v 0.29570 -0.28536 0.07617
v 0.30331 -0.27838 0.07386
v 0.31749 -0.29931 0.06731
v 0.30637 -0.30208 0.06855
v 0.33013 -0.31862 0.05918
v 0.33142 -0.31306 0.06040
v 0.34986 -0.33163 0.05023
v 0.29964 -0.26262 0.07377
v 0.27478 -0.24551 0.08531
v 0.25585 -0.23167 0.09544
v 0.32977 -0.29638 0.06101
v 0.32168 -0.28136 0.06396
v 0.34454 -0.31560 0.05348
v 0.36375 -0.33530 0.04258
v 0.37118 -0.35141 0.03874
v 0.35542 -0.34597 0.04332
v 0.33830 -0.33009 0.05251
v 0.37036 -0.36053 0.03513
v 0.39106 -0.37608 0.02670
v 0.39502 -0.36744 0.02690
v 0.41212 -0.38736 0.01840
v 0.40587 -0.38852 0.01993
v 0.42278 -0.40714 0.01089
v 0.43628 -0.41397 0.00590
v 0.43826 -0.42501 0.00283
v 0.45226 -0.43428 -0.00170
v 0.45238 -0.44258 -0.00362
v 0.46415 -0.44176 -0.00512
v 0.46545 -0.45292 -0.00588
v 0.48223 -0.44840 -0.00682
v 0.45973 -0.42879 -0.00575
v 0.48337 -0.46775 -0.00327
v 0.49785 -0.47180 -0.00360
v 0.50128 -0.49188 -0.00000
v 0.48984 -0.48629 -0.00118
v 0.49894 -0.50633 -0.00040
v 0.51183 -0.51439 0.00058
v 0.51481 -0.50237 -0.00107
v 0.52495 -0.52543 -0.00051
v 0.51255 -0.52864 -0.00105
v 0.53588 -0.54570 -0.00217
v 0.53188 -0.55571 -0.00351
v 0.55186 -0.56805 -0.00450
v 0.55488 -0.55815 -0.00621
v 0.56192 -0.57637 -0.00675
v 0.56017 -0.59034 -0.00779
v 0.54943 -0.57754 -0.00601
v 0.53749 -0.53328 -0.00448
v 0.45110 -0.42058 -0.00262
v 0.46885 -0.42297 -0.01136
v 0.45747 -0.45426 -0.00697
v 0.46680 -0.46596 -0.00706
v 0.38431 -0.35006 0.03104
v 0.27357 -0.22963 0.08506
v 0.28998 -0.24226 0.07611
v 0.06901 -0.07066 0.10015
v 0.08704 -0.08601 0.09664
v 0.41867 -0.38526 0.01439
v 0.47463 -0.48073 -0.00616
v 0.16219 -0.15081 0.10553
v 0.17464 -0.16403 0.10616
v 0.11978 -0.11486 0.10201
v 0.56808 -0.57758 -0.01032
v 0.14202 -0.13059 0.10486
v 0.56820 -0.59751 -0.00569
v 0.56125 -0.60835 -0.00807
v 0.57653 -0.60327 -0.00606
v 0.57271 -0.61500 -0.00225
v 0.57970 -0.62236 -0.00351
v 0.57431 -0.63062 -0.00184
v 0.58132 -0.63308 -0.00462
v 0.57694 -0.64344 -0.00350
v 0.57212 -0.64584 -0.00322
v 0.57774 -0.66522 -0.00601
v 0.57074 -0.66947 -0.00363
v 0.57369 -0.68194 -0.00483
v 0.56575 -0.67900 -0.00414
v 0.57755 -0.67909 -0.00663
v 0.56705 -0.63157 -0.00368
v 0.56468 -0.61721 -0.00416
v 0.48154 -0.43368 -0.01263
v 0.49853 -0.46256 -0.00842
v 0.21744 -0.19230 0.11242
v 0.20127 -0.20624 0.11684
v 0.10573 -0.09884 0.09297
v 0.45724 -0.40791 -0.01072
v 0.31451 -0.25444 0.06173
v 0.48584 -0.49875 -0.00384
v 0.44068 -0.40159 -0.00033
v 0.46969 -0.41301 -0.01622
v 0.09242 -0.14703 0.10182
v 0.05707 -0.12312 0.10082
v 0.44605 -0.44452 -0.00590
v 0.52659 -0.50924 -0.00621
v 0.25931 -0.21840 0.08756
v 0.32926 -0.26922 0.05508
v 0.50779 -0.53481 -0.00449
v 0.35193 -0.30964 0.04637
v 0.34427 -0.28929 0.04743
v 0.25013 -0.21073 0.09000
v 0.39867 -0.35540 0.02056
v 0.24166 -0.21469 0.10333
v 0.51448 -0.48700 -0.00764
v 0.45388 -0.39787 -0.01324
v 0.42344 -0.42034 0.00252
v 0.49324 -0.51732 -0.00563
v 0.22831 -0.19650 0.10937
v 0.06035 -0.05675 0.09944
v 0.56123 -0.67877 -0.00607
v 0.56553 -0.66618 -0.00563
v 0.56834 -0.64776 -0.00530
v 0.43624 -0.38010 -0.00415
v 0.37170 -0.32388 0.03129
v 0.40394 -0.39803 0.01315
v 0.27826 -0.22483 0.07900
v 0.41314 -0.35729 0.00829
v 0.42740 -0.38058 0.00461
v 0.29543 -0.23142 0.06639
v 0.25727 -0.20068 0.07829
v 0.55992 -0.55621 -0.01161
v 0.20941 -0.18320 0.10794
v 0.36433 -0.30174 0.03113
v 0.38950 -0.32861 0.01502
v 0.23962 -0.19651 0.08982
v 0.34596 -0.27898 0.04165
v 0.54338 -0.53400 -0.00996
v 0.33136 -0.26009 0.04857
v 0.22533 -0.19025 0.10637
v 0.19018 -0.17218 0.10539
v 0.27344 -0.20744 0.07074
v 0.23686 -0.19943 0.10121
v 0.25604 -0.18980 0.07080
v 0.24432 -0.18732 0.07827
v 0.15495 -0.13731 0.10005
v 0.23150 -0.18763 0.08572
v 0.22413 -0.17579 0.07987
v 0.23475 -0.17447 0.07286
v 0.21557 -0.17713 0.08432
v 0.19946 -0.16088 0.07810
v 0.21054 -0.15997 0.07328
v 0.18445 -0.14447 0.07432
v 0.18618 -0.15061 0.07739
v 0.18835 -0.16316 0.08418
v 0.19787 -0.16856 0.08443
v 0.17968 -0.15129 0.08239
v 0.16456 -0.13391 0.07870
v 0.14071 -0.12013 0.09542
v 0.12333 -0.10842 0.09392
v 0.17646 -0.15999 0.10100
v 0.11428 -0.09792 0.08682
v 0.10266 -0.08641 0.08455
vt 0.65969 0.59944
vt 0.66273 0.59794
vt 0.66030 0.60236
vt 0.66230 0.59589
vt 0.65942 0.59656
vt 0.65759 0.60310
vt 0.65825 0.60873
vt 0.66263 0.60380
vt 0.66332 0.60033
vt 0.66455 0.59692
vt 0.66201 0.59127
vt 0.65982 0.59263
vt 0.66047 0.58809
vt 0.66351 0.58540
vt 0.66275 0.58280
vt 0.66587 0.58196
vt 0.66427 0.58024
vt 0.65575 0.60693
vt 0.65446 0.61668
vt 0.66125 0.61069
vt 0.65716 0.60005
vt 0.65701 0.61749
vt 0.66105 0.61677
vt 0.65848 0.62160
vt 0.65573 0.62652
vt 0.65706 0.62942
vt 0.65431 0.63282
vt 0.65162 0.63050
vt 0.65161 0.63624
vt 0.65027 0.63438
vt 0.65249 0.62488
vt 0.66264 0.58008
vt 0.64788 0.63932
vt 0.66102 0.58303
vt 0.65824 0.59396
vt 0.64942 0.64355
vt 0.66534 0.61015
vt 0.66444 0.60648
vt 0.64727 0.63679
vt 0.66717 0.60538
vt 0.66870 0.60007
vt 0.66968 0.60298
vt 0.67227 0.59953
vt 0.67183 0.59568
vt 0.67469 0.59535
vt 0.67387 0.59309
vt 0.64689 0.63265
vt 0.64872 0.62617
vt 0.64570 0.62380
vt 0.64906 0.62054
vt 0.64632 0.61647
vt 0.65140 0.61395
vt 0.64771 0.60958
vt 0.65012 0.60415
vt 0.64699 0.60523
vt 0.64820 0.60028
vt 0.65005 0.59820
vt 0.64895 0.59414
vt 0.65234 0.59725
vt 0.66497 0.60089
vt 0.65164 0.59153
vt 0.64957 0.58774
vt 0.65186 0.58292
vt 0.65000 0.58144
vt 0.66780 0.59745
vt 0.64373 0.63833
vt 0.64340 0.63529
vt 0.64403 0.62910
vt 0.64484 0.64492
vt 0.65265 0.60837
vt 0.65364 0.60287
vt 0.65510 0.59623
vt 0.67307 0.59100
vt 0.65158 0.57974
vt 0.67139 0.59236
vt 0.64171 0.63718
vt 0.64675 0.59739
vt 0.65897 0.58412
vt 0.65784 0.58976
vt 0.64548 0.61079
vt 0.64206 0.64241
vt 0.64205 0.64912
vt 0.66962 0.59446
vt 0.67606 0.59289
vt 0.67513 0.59093
vt 0.64755 0.64876
vt 0.66678 0.61046
vt 0.64289 0.65246
vt 0.64584 0.65632
vt 0.64267 0.65943
vt 0.64436 0.66342
vt 0.63936 0.66000
vt 0.63927 0.66578
vt 0.64172 0.66683
vt 0.63820 0.67297
vt 0.63699 0.67043
vt 0.63532 0.67672
vt 0.63497 0.68204
vt 0.63313 0.68016
vt 0.63078 0.68607
vt 0.63053 0.69123
vt 0.63355 0.69148
vt 0.62944 0.69644
vt 0.63037 0.69944
vt 0.62753 0.70099
vt 0.62687 0.70747
vt 0.63651 0.66361
vt 0.63006 0.71055
vt 0.62745 0.69572
vt 0.62838 0.68977
vt 0.62494 0.71319
vt 0.62719 0.71788
vt 0.62323 0.72027
vt 0.62570 0.72586
vt 0.62315 0.72534
vt 0.63044 0.71888
vt 0.63676 0.68520
vt 0.63875 0.67776
vt 0.63464 0.71517
vt 0.63535 0.70767
vt 0.63293 0.70288
vt 0.62465 0.73134
vt 0.63263 0.72483
vt 0.62817 0.72964
vt 0.63772 0.70376
vt 0.63782 0.69850
vt 0.63414 0.69647
vt 0.62149 0.73057
vt 0.62455 0.70752
vt 0.62747 0.73595
vt 0.62070 0.72558
vt 0.63883 0.65383
vt 0.62164 0.73840
vt 0.62434 0.74106
vt 0.62169 0.74682
vt 0.62571 0.74570
vt 0.62778 0.74324
vt 0.62529 0.75114
vt 0.63107 0.73246
vt 0.62677 0.75219
vt 0.62541 0.75550
vt 0.62690 0.76004
vt 0.62426 0.76097
vt 0.62807 0.76599
vt 0.62662 0.77071
vt 0.62384 0.75525
vt 0.63758 0.70985
vt 0.64089 0.67329
vt 0.63698 0.71874
vt 0.64774 0.65552
vt 0.65202 0.64668
vt 0.63514 0.72660
vt 0.65409 0.64058
vt 0.63772 0.69462
vt 0.63734 0.69066
vt 0.62829 0.77249
vt 0.63022 0.76996
vt 0.63077 0.77807
vt 0.62893 0.77761
vt 0.62985 0.78248
vt 0.63072 0.78838
vt 0.63254 0.78904
vt 0.63125 0.79390
vt 0.63317 0.79679
vt 0.63248 0.79970
vt 0.63709 0.79789
vt 0.66283 0.61625
vt 0.66041 0.62186
vt 0.62929 0.80036
vt 0.63243 0.73528
vt 0.67404 0.59931
vt 0.63066 0.76286
vt 0.62953 0.75713
vt 0.63577 0.79039
vt 0.63475 0.78412
vt 0.63289 0.77621
vt 0.65775 0.63513
vt 0.67167 0.60394
vt 0.62917 0.74351
vt 0.67704 0.59471
vt 0.65340 0.58402
vt 0.65505 0.58558
vt 0.65352 0.59157
vt 0.62662 0.79432
vt 0.62819 0.78749
vt 0.63916 0.70758
vt 0.65424 0.58032
vt 0.65597 0.58138
vt 0.67820 0.58917
vt 0.62322 0.78883
vt 0.62418 0.78058
vt 0.62060 0.78513
vt 0.62112 0.79739
vt 0.62186 0.75176
vt 0.61906 0.77627
vt 0.62296 0.77392
vt 0.61958 0.79331
vt 0.62281 0.76673
vt 0.61905 0.76295
vt 0.61900 0.77065
vt 0.61927 0.75738
vt 0.61717 0.77316
vt 0.61892 0.75008
vt 0.61937 0.80091
vt 0.61570 0.76222
vt 0.62004 0.73438
vt 0.61615 0.76736
vt 0.61910 0.74604
vt 0.61475 0.75739
vt 0.61745 0.75340
vt 0.62428 0.70248
vt 0.61916 0.74105
vt 0.63940 0.64535
vt 0.63948 0.64079
vt 0.62013 0.72041
vt 0.62144 0.71133
vt 0.66452 0.59521
vt 0.66352 0.59299
vt 0.64148 0.63163
vt 0.67636 0.58782
vt 0.63443 0.67240
vt 0.66606 0.59534
vt 0.65009 0.57744
vt 0.67942 0.58487
vt 0.66423 0.57803
vt 0.66379 0.58942
vt 0.64800 0.58476
vt 0.64718 0.59182
vt 0.64078 0.62451
vt 0.64471 0.60240
vt 0.63633 0.65414
vt 0.64233 0.61831
vt 0.63768 0.61872
vt 0.64847 0.58040
vt 0.63142 0.67693
vt 0.61782 0.72702
vt 0.61823 0.73321
vt 0.66549 0.58623
vt 0.63854 0.61091
vt 0.64252 0.61191
vt 0.64125 0.60600
vt 0.63688 0.60544
vt 0.63752 0.60063
vt 0.63934 0.60232
vt 0.63975 0.59833
vt 0.64169 0.60088
vt 0.64236 0.59717
vt 0.63812 0.59649
vt 0.64096 0.59549
vt 0.64286 0.59374
vt 0.63906 0.59220
vt 0.64071 0.59028
vt 0.63749 0.58713
vt 0.63840 0.58349
vt 0.64224 0.59064
vt 0.64103 0.58470
vt 0.63651 0.58224
vt 0.63713 0.59159
vt 0.63665 0.59676
vt 0.63999 0.63456
vt 0.62412 0.69664
vt 0.63414 0.66330
vt 0.62955 0.68376
vt 0.63553 0.61241
vt 0.63929 0.58011
vt 0.61815 0.71879
vt 0.63636 0.62085
vt 0.63749 0.62830
vt 0.65219 0.57569
vt 0.63758 0.57930
vt 0.63217 0.67005
vt 0.65067 0.57292
vt 0.65299 0.56746
vt 0.65093 0.56799
vt 0.62469 0.68971
vt 0.64298 0.58846
vt 0.61718 0.71277
vt 0.62076 0.70244
vt 0.66679 0.57804
vt 0.66793 0.57367
vt 0.66981 0.57193
vt 0.66958 0.56833
vt 0.65334 0.55903
vt 0.63605 0.57931
vt 0.67310 0.56620
vt 0.67360 0.56303
vt 0.65143 0.56083
vt 0.67552 0.56144
vt 0.67452 0.56008
vt 0.65201 0.55556
vt 0.65431 0.55413
vt 0.64008 0.57680
vt 0.63772 0.57188
vt 0.63942 0.57238
vt 0.63877 0.56744
vt 0.63642 0.56743
vt 0.63632 0.57403
vt 0.65293 0.55367
vt 0.20039 0.20586
vt 0.19685 0.20456
vt 0.19286 0.20756
vt 0.20759 0.20277
vt 0.21077 0.20471
vt 0.21677 0.20212
vt 0.21887 0.20451
vt 0.22276 0.20299
vt 0.19999 0.20052
vt 0.19247 0.20109
vt 0.18516 0.20565
vt 0.18753 0.20790
vt 0.18043 0.20840
vt 0.21169 0.19984
vt 0.22176 0.19746
vt 0.22805 0.19927
vt 0.22939 0.20187
vt 0.23532 0.20079
vt 0.21588 0.19680
vt 0.21071 0.19741
vt 0.23439 0.19691
vt 0.24206 0.19659
vt 0.24267 0.20044
vt 0.24975 0.19706
vt 0.25098 0.19383
vt 0.19772 0.19836
vt 0.20491 0.19815
vt 0.18979 0.19849
vt 0.18647 0.20177
vt 0.18442 0.19862
vt 0.18064 0.20073
vt 0.17708 0.19830
vt 0.18134 0.20345
vt 0.17709 0.20601
vt 0.17545 0.20181
vt 0.22909 0.19535
vt 0.17116 0.20022
vt 0.17516 0.20387
vt 0.17114 0.20338
vt 0.25816 0.19525
vt 0.17252 0.20632
vt 0.23699 0.19478
vt 0.24370 0.19456
vt 0.25892 0.19265
vt 0.17502 0.20897
vt 0.17537 0.21039
vt 0.22315 0.19549
vt 0.26492 0.19289
vt 0.26755 0.19420
vt 0.27102 0.19188
vt 0.27174 0.19462
vt 0.16616 0.20207
vt 0.16209 0.19937
vt 0.16833 0.19768
vt 0.17397 0.19722
vt 0.18477 0.19684
vt 0.16994 0.20826
vt 0.19425 0.19646
vt 0.20208 0.19655
vt 0.20756 0.19634
vt 0.16921 0.20546
vt 0.16112 0.20512
vt 0.15456 0.20160
vt 0.16528 0.20669
vt 0.16556 0.20437
vt 0.15422 0.19908
vt 0.15482 0.19779
vt 0.14829 0.19766
vt 0.14970 0.19615
vt 0.14392 0.19534
vt 0.14123 0.19763
vt 0.13551 0.19411
vt 0.13076 0.19501
vt 0.13866 0.19368
vt 0.13640 0.19177
vt 0.12980 0.19234
vt 0.17830 0.19536
vt 0.21383 0.19566
vt 0.12392 0.19264
vt 0.12480 0.19051
vt 0.11837 0.19026
vt 0.12007 0.18902
vt 0.11618 0.19165
vt 0.11264 0.18925
vt 0.14430 0.19288
vt 0.15836 0.19671
vt 0.15176 0.19488
vt 0.16354 0.19782
vt 0.12763 0.18971
vt 0.10672 0.18942
vt 0.18261 0.19483
vt 0.11595 0.18762
vt 0.18919 0.19473
vt 0.10911 0.18722
vt 0.10863 0.19151
vt 0.12251 0.19494
vt 0.14770 0.19984
vt 0.17143 0.20978
vt 0.27530 0.19212
vt 0.27667 0.18929
vt 0.26977 0.18940
vt 0.28398 0.18938
vt 0.28481 0.19160
vt 0.29044 0.18989
vt 0.29019 0.18750
vt 0.29575 0.18783
vt 0.29609 0.19107
vt 0.29902 0.18971
vt 0.30410 0.19190
vt 0.30802 0.18988
vt 0.31576 0.19203
vt 0.31675 0.18964
vt 0.32022 0.19117
vt 0.32065 0.19357
vt 0.29874 0.19317
vt 0.29224 0.19285
vt 0.31583 0.19393
vt 0.30779 0.19451
vt 0.27594 0.19466
vt 0.11565 0.19465
vt 0.16503 0.20861
vt 0.28672 0.19434
vt 0.28065 0.19428
vt 0.10927 0.19568
vt 0.32265 0.19103
vt 0.32239 0.18868
vt 0.32024 0.18910
vt 0.32551 0.19163
vt 0.32523 0.18846
vt 0.17218 0.21139
vt 0.18109 0.21027
vt 0.17555 0.21192
vt 0.32902 0.18850
vt 0.32988 0.19000
vt 0.33301 0.18880
vt 0.33256 0.19119
vt 0.33697 0.18935
vt 0.33717 0.18739
vt 0.32844 0.19217
vt 0.34186 0.18686
vt 0.34164 0.18467
vt 0.34511 0.18466
vt 0.34459 0.18272
vt 0.34582 0.18276
vt 0.77225 0.71563
vt 0.76956 0.71228
vt 0.77193 0.71034
vt 0.77444 0.71529
vt 0.77324 0.70873
vt 0.77016 0.71717
vt 0.76864 0.70467
vt 0.77120 0.70032
vt 0.76567 0.69816
vt 0.76813 0.69226
vt 0.76579 0.70881
vt 0.76291 0.70056
vt 0.76218 0.69444
vt 0.76504 0.68821
vt 0.76166 0.68643
vt 0.76175 0.67972
vt 0.76172 0.70602
vt 0.76483 0.71394
vt 0.76272 0.71591
vt 0.76823 0.71494
vt 0.76631 0.68151
vt 0.76383 0.67125
vt 0.76014 0.67056
vt 0.76061 0.66520
vt 0.76267 0.66263
vt 0.76041 0.65301
vt 0.76313 0.65549
vt 0.76195 0.64665
vt 0.75893 0.64603
vt 0.75926 0.63938
vt 0.75850 0.65971
vt 0.76252 0.63895
vt 0.75973 0.63288
vt 0.75744 0.63667
vt 0.75826 0.62806
vt 0.76277 0.63077
vt 0.76041 0.62351
vt 0.75639 0.61992
vt 0.75809 0.61640
vt 0.76137 0.61807
vt 0.75934 0.61222
vt 0.75582 0.61094
vt 0.75653 0.60574
vt 0.75697 0.65022
vt 0.75602 0.62871
vt 0.76289 0.61401
vt 0.76278 0.72085
vt 0.76527 0.72014
vt 0.76742 0.72102
vt 0.76448 0.61803
vt 0.76525 0.62383
vt 0.76088 0.60621
vt 0.75942 0.60167
vt 0.75601 0.60110
vt 0.75762 0.59730
vt 0.76086 0.59520
vt 0.75495 0.59658
vt 0.75909 0.59331
vt 0.75817 0.58830
vt 0.76100 0.58716
vt 0.76010 0.58058
vt 0.75824 0.57910
vt 0.76077 0.57480
vt 0.75995 0.56866
vt 0.76189 0.56974
vt 0.76178 0.56329
vt 0.75922 0.56184
vt 0.76111 0.55674
vt 0.76333 0.55970
vt 0.75769 0.56837
vt 0.76294 0.55110
vt 0.76480 0.55518
vt 0.76045 0.55246
vt 0.76134 0.54527
vt 0.76553 0.54699
vt 0.76365 0.57870
vt 0.76403 0.57353
vt 0.76885 0.68380
vt 0.77191 0.69436
vt 0.76425 0.56750
vt 0.76454 0.59095
vt 0.76484 0.59690
vt 0.76930 0.59390
vt 0.76759 0.58540
vt 0.77256 0.58779
vt 0.77331 0.58139
vt 0.76993 0.57918
vt 0.76594 0.57675
vt 0.77051 0.57132
vt 0.77394 0.57484
vt 0.77619 0.56702
vt 0.77469 0.56170
vt 0.77759 0.55742
vt 0.76726 0.56886
vt 0.77107 0.56189
vt 0.77437 0.55623
vt 0.76393 0.58411
vt 0.77891 0.55122
vt 0.77677 0.54917
vt 0.78159 0.54513
vt 0.76883 0.60027
vt 0.76649 0.60346
vt 0.76308 0.60141
vt 0.76220 0.59871
vt 0.76462 0.60631
vt 0.76507 0.61192
vt 0.78022 0.55529
vt 0.78150 0.54976
vt 0.76844 0.56422
vt 0.76767 0.56022
vt 0.76931 0.55838
vt 0.77885 0.56457
vt 0.77587 0.71384
vt 0.77479 0.70699
vt 0.77206 0.55397
vt 0.77728 0.57269
vt 0.77249 0.59370
vt 0.76960 0.72155
vt 0.77658 0.71807
vt 0.77615 0.58016
vt 0.76412 0.64590
vt 0.76492 0.65290
vt 0.76501 0.66096
vt 0.75934 0.54580
vt 0.77379 0.70086
vt 0.77453 0.71842
vt 0.76480 0.63811
vt 0.76712 0.72654
vt 0.76814 0.73042
vt 0.75808 0.55739
vt 0.75413 0.60419
vt 0.75571 0.58709
vt 0.76290 0.72527
vt 0.76474 0.72913
vt 0.77256 0.54649
vt 0.77008 0.55205
vt 0.77131 0.54569
vt 0.77472 0.58806
vt 0.76634 0.63088
vt 0.76613 0.60695
vt 0.75627 0.64284
vt 0.76228 0.73150
vt 0.76511 0.73738
vt 0.76130 0.73780
vt 0.76271 0.74326
vt 0.76022 0.74217
vt 0.75897 0.74990
vt 0.76164 0.75118
vt 0.75980 0.75497
vt 0.75653 0.75639
vt 0.76546 0.74706
vt 0.76419 0.75510
vt 0.76898 0.75564
vt 0.76756 0.76055
vt 0.77213 0.76164
vt 0.77520 0.75854
vt 0.77582 0.76316
vt 0.77122 0.75210
vt 0.76784 0.74858
vt 0.76161 0.76084
vt 0.77833 0.76041
vt 0.76949 0.74661
vt 0.75760 0.74665
vt 0.78039 0.76416
vt 0.75560 0.75380
vt 0.77316 0.76560
vt 0.77130 0.76562
vt 0.76932 0.76428
vt 0.76895 0.76676
vt 0.78261 0.76190
vt 0.78249 0.76435
vt 0.78101 0.76681
vt 0.77804 0.76551
vt 0.78376 0.76562
vt 0.77070 0.76802
vt 0.76820 0.74251
vt 0.76599 0.74321
vt 0.76778 0.73794
vt 0.75474 0.75852
vt 0.75666 0.75965
vt 0.75412 0.76141
vt 0.75936 0.75951
vt 0.76650 0.76444
vt 0.77595 0.75489
vt 0.77367 0.74952
vt 0.77172 0.74613
vt 0.75806 0.74174
vt 0.77529 0.76614
vt 0.78497 0.76254
vt 0.77063 0.74257
vt 0.75671 0.76138
vt 0.75542 0.76274
vt 0.75327 0.76243
vt 0.76769 0.76611
vt 0.76662 0.76706
vt 0.76744 0.76980
vt 0.76292 0.76353
vt 0.76476 0.76610
vt 0.76220 0.76611
vt 0.76009 0.76546
vt 0.76021 0.76678
vt 0.77881 0.76783
vt 0.77232 0.71916
vt 0.76901 0.77151
vt 0.75664 0.57735
vt 0.75958 0.76413
vt 0.77066 0.73948
vt 0.75994 0.73350
vt 0.78500 0.76532
vt 0.77994 0.75775
vt 0.75830 0.73665
vt 0.75748 0.55110
vt 0.77290 0.76724
vt 0.76010 0.69693
vt 0.77011 0.72407
vt 0.76114 0.72421
vt 0.75669 0.56430
vt 0.75873 0.68132
vt 0.75490 0.74910
vt 0.75301 0.75783
vt 0.75156 0.76131
vt 0.76366 0.76875
vt 0.77081 0.77267
vt 0.75639 0.55823
vt 0.77231 0.76961
vt 0.75965 0.68871
vt 0.75989 0.72860
vt 0.76581 0.76878
vt 0.76601 0.77516
vt 0.76951 0.73406
vt 0.77163 0.72834
vt 0.77442 0.72523
vt 0.75794 0.76661
vt 0.78443 0.75777
vt 0.78296 0.75708
vt 0.78564 0.75455
vt 0.77763 0.75235
vt 0.75409 0.63776
vt 0.76044 0.71907
vt 0.76105 0.71271
vt 0.76186 0.77170
vt 0.77038 0.77680
vt 0.77271 0.77432
vt 0.77200 0.77897
vt 0.76989 0.78035
vt 0.76824 0.77678
vt 0.77235 0.78430
vt 0.76737 0.77980
vt 0.77028 0.78654
vt 0.76855 0.78402
vt 0.77288 0.78879
vt 0.78005 0.77079
vt 0.78271 0.77212
vt 0.78370 0.76894
vt 0.78595 0.77343
vt 0.78482 0.77486
vt 0.78170 0.77420
vt 0.78307 0.77573
vt 0.75505 0.74229
vt 0.77498 0.74310
vt 0.77471 0.74587
vt 0.77815 0.74911
vt 0.76021 0.77080
vt 0.75905 0.77433
vt 0.76036 0.77719
vt 0.75908 0.77740
vt 0.75843 0.78112
vt 0.76042 0.78278
vt 0.76207 0.77568
vt 0.76236 0.78030
vt 0.78179 0.75309
vt 0.78453 0.75363
vt 0.75428 0.64771
vt 0.75490 0.65787
vt 0.78246 0.77738
vt 0.77538 0.72209
vt 0.75706 0.66813
vt 0.75715 0.67498
vt 0.75513 0.68304
vt 0.75831 0.76715
vt 0.75724 0.77399
vt 0.75678 0.77825
vt 0.75655 0.69220
vt 0.75486 0.57075
vt 0.78599 0.75722
vt 0.75359 0.59299
vt 0.76633 0.77661
vt 0.75371 0.58183
vt 0.75864 0.77082
vt 0.76894 0.78994
vt 0.75275 0.61098
vt 0.75347 0.61984
vt 0.77415 0.76677
vt 0.76439 0.77263
vt 0.78746 0.77631
vt 0.78490 0.77668
vt 0.75935 0.72436
vt 0.75731 0.70072
vt 0.75849 0.70912
vt 0.75181 0.63056
vt 0.74956 0.62508
vt 0.74567 0.62742
vt 0.74348 0.61976
vt 0.74665 0.61915
vt 0.74912 0.61764
vt 0.74595 0.61376
vt 0.74330 0.61401
vt 0.74546 0.61003
vt 0.74836 0.61062
vt 0.74841 0.60603
vt 0.74690 0.60473
vt 0.74965 0.61356
vt 0.74891 0.60267
vt 0.77651 0.76730
vt 0.75271 0.59941
vt 0.75226 0.75216
vt 0.75286 0.67658
vt 0.75254 0.67028
vt 0.75191 0.66408
vt 0.77919 0.74610
vt 0.77969 0.74306
vt 0.78072 0.74889
vt 0.74398 0.60724
vt 0.74729 0.60008
vt 0.75096 0.75853
vt 0.74935 0.76219
vt 0.75199 0.58959
vt 0.75457 0.56411
vt 0.76543 0.77913
vt 0.77714 0.72834
vt 0.77547 0.73186
vt 0.77823 0.73430
vt 0.78003 0.73277
vt 0.78291 0.73799
vt 0.76499 0.77872
vt 0.77171 0.79212
vt 0.75674 0.78301
vt 0.75727 0.73214
vt 0.75087 0.65582
vt 0.75084 0.64888
vt 0.74894 0.64009
vt 0.74540 0.63251
vt 0.78395 0.74494
vt 0.75241 0.57789
vt 0.78364 0.77764
vt 0.75190 0.74799
vt 0.78285 0.74726
vt 0.78742 0.74716
vt 0.75712 0.76368
vt 0.75493 0.73567
vt 0.78343 0.75156
vt 0.75824 0.78534
vt 0.75958 0.78471
vt 0.77497 0.78393
vt 0.78130 0.55815
vt 0.78004 0.77434
vt 0.78690 0.74969
vt 0.77836 0.77062
vt 0.76018 0.78840
vt 0.76140 0.78621
vt 0.75756 0.76629
vt 0.77027 0.79307
vt 0.76863 0.79551
vt 0.78295 0.55196
vt 0.75736 0.76719
vt 0.77158 0.79722
vt 0.77383 0.79399
vt 0.77366 0.79976
vt 0.77248 0.80164
vt 0.77476 0.80267
vt 0.77415 0.80517
vt 0.77269 0.80545
vt 0.76961 0.80173
vt 0.77034 0.80032
vt 0.75860 0.78931
vt 0.76011 0.79114
vt 0.75806 0.79274
vt 0.75858 0.79377
vt 0.76033 0.79356
vt 0.76812 0.55212
vt 0.50646 0.61268
vt 0.50842 0.61124
vt 0.50856 0.61446
vt 0.50758 0.61803
vt 0.50910 0.61958
vt 0.50838 0.62547
vt 0.51081 0.62552
vt 0.51241 0.63179
vt 0.51049 0.63295
vt 0.51298 0.63633
vt 0.51374 0.62936
vt 0.51507 0.63456
vt 0.51538 0.63734
vt 0.51336 0.63793
vt 0.51207 0.63926
vt 0.50752 0.60730
vt 0.51002 0.63812
vt 0.50976 0.60892
vt 0.50900 0.60513
vt 0.50818 0.60231
vt 0.51024 0.60089
vt 0.50940 0.59967
vt 0.50598 0.61896
vt 0.50860 0.63427
vt 0.50653 0.62943
vt 0.50518 0.62486
vt 0.50597 0.60309
vt 0.50971 0.64067
vt 0.50546 0.60957
vt 0.50409 0.61526
vt 0.50830 0.59825
vt 0.50579 0.59885
vt 0.50893 0.59296
vt 0.50934 0.59596
vt 0.51007 0.59851
vt 0.50969 0.59362
vt 0.51147 0.59112
vt 0.51188 0.58833
vt 0.50918 0.59053
vt 0.50414 0.62078
vt 0.50543 0.63258
vt 0.51451 0.63851
vt 0.50601 0.63657
vt 0.50775 0.64020
vt 0.50356 0.60906
vt 0.50389 0.60322
vt 0.50304 0.62836
vt 0.51082 0.58732
vt 0.51408 0.58528
vt 0.51364 0.58710
vt 0.51538 0.58524
vt 0.50967 0.64207
vt 0.50197 0.62392
vt 0.50248 0.61632
vt 0.50740 0.59190
vt 0.51159 0.59454
vt 0.51132 0.59807
vt 0.51408 0.58851
vt 0.51339 0.62420
vt 0.51110 0.60365
vt 0.51175 0.61883
vt 0.51029 0.61436
vt 0.51140 0.61105
vt 0.51306 0.59208
vt 0.50252 0.60195
vt 0.50482 0.59695
vt 0.34629 0.24726
vt 0.34819 0.24617
vt 0.35259 0.24698
vt 0.34253 0.24507
vt 0.33793 0.24757
vt 0.34374 0.24853
vt 0.34951 0.24992
vt 0.35649 0.24914
vt 0.35831 0.24654
vt 0.35587 0.25217
vt 0.36578 0.25178
vt 0.36377 0.24924
vt 0.36942 0.24859
vt 0.37296 0.25029
vt 0.37485 0.24702
vt 0.38052 0.24743
vt 0.38033 0.24507
vt 0.30839 0.04856
vt 0.31700 0.04678
vt 0.31438 0.05055
vt 0.30907 0.05156
vt 0.30243 0.05130
vt 0.30157 0.04793
vt 0.32336 0.04999
vt 0.32632 0.04596
vt 0.32985 0.05026
vt 0.33194 0.04753
vt 0.32849 0.05307
vt 0.33594 0.04852
vt 0.32526 0.04332
vt 0.32014 0.05258
vt 0.33532 0.04475
vt 0.33202 0.04187
vt 0.34209 0.04691
vt 0.33900 0.04077
vt 0.31833 0.05411
vt 0.33952 0.04321
vt 0.34762 0.04094
vt 0.34628 0.04441
vt 0.32541 0.05437
vt 0.35707 0.04122
vt 0.35443 0.04467
vt 0.35953 0.04324
vt 0.36292 0.03882
vt 0.36476 0.04144
vt 0.36715 0.03933
vt 0.37063 0.04131
vt 0.36209 0.04511
vt 0.36992 0.03785
vt 0.34877 0.04761
vt 0.35841 0.04708
vt 0.35714 0.04864
vt 0.37255 0.04132
vt 0.37435 0.03949
vt 0.34735 0.04920
vt 0.33171 0.05566
vt 0.33462 0.05369
vt 0.33922 0.05629
vt 0.37077 0.04493
vt 0.36825 0.04408
vt 0.34088 0.05465
vt 0.34168 0.05274
vt 0.34942 0.05510
vt 0.34906 0.05299
vt 0.35528 0.05622
vt 0.35491 0.05341
vt 0.35851 0.05481
vt 0.35277 0.03904
vt 0.35914 0.03756
vt 0.31852 0.04180
vt 0.32563 0.04056
vt 0.33293 0.03991
vt 0.31149 0.04495
vt 0.30487 0.04527
vt 0.34620 0.03839
vt 0.36441 0.03670
vt 0.33922 0.03867
vt 0.34542 0.03670
vt 0.29553 0.04956
vt 0.29617 0.05286
vt 0.37597 0.04204
vt 0.34465 0.05693
vt 0.35079 0.05705
vt 0.37754 0.04016
vt 0.29306 0.05127
vt 0.28889 0.04793
vt 0.28785 0.05029
vt 0.28941 0.05311
vt 0.28329 0.05357
vt 0.27872 0.05087
vt 0.27602 0.05452
vt 0.28302 0.04823
vt 0.27637 0.04847
vt 0.36485 0.04550
vt 0.36485 0.04734
vt 0.36838 0.04646
vt 0.30981 0.05387
vt 0.30140 0.05454
vt 0.36173 0.05672
vt 0.36577 0.05421
vt 0.36617 0.05213
vt 0.37114 0.05228
vt 0.37131 0.05029
vt 0.37441 0.05005
vt 0.36995 0.05490
vt 0.37436 0.05223
vt 0.29503 0.04710
vt 0.27294 0.05297
vt 0.27382 0.05042
vt 0.27011 0.05569
vt 0.28832 0.05511
vt 0.37678 0.05413
vt 0.27230 0.04807
vt 0.28099 0.05538
vt 0.30692 0.04306
vt 0.31624 0.04041
vt 0.35544 0.05880
vt 0.29369 0.05550
vt 0.38027 0.04193
vt 0.38004 0.04444
vt 0.38604 0.04416
vt 0.35511 0.05039
vt 0.34353 0.05057
vt 0.34003 0.04933
vt 0.33503 0.05133
vt 0.36104 0.05087
vt 0.36731 0.04864
vt 0.37134 0.04756
vt 0.88138 0.59158
vt 0.87874 0.59371
vt 0.88097 0.58753
vt 0.88442 0.58395
vt 0.87837 0.59876
vt 0.88124 0.58310
vt 0.88579 0.57645
vt 0.88753 0.57863
vt 0.88948 0.57191
vt 0.87685 0.59276
vt 0.87466 0.59985
vt 0.87454 0.60645
vt 0.87265 0.60614
vt 0.87008 0.61211
vt 0.86963 0.60845
vt 0.86631 0.61766
vt 0.86464 0.61581
vt 0.86204 0.62364
vt 0.87121 0.60124
vt 0.86740 0.60907
vt 0.88599 0.56848
vt 0.89089 0.56503
vt 0.88642 0.56358
vt 0.89004 0.56108
vt 0.89278 0.56142
vt 0.88298 0.57544
vt 0.87693 0.58911
vt 0.89550 0.56471
vt 0.89350 0.56811
vt 0.89223 0.55841
vt 0.86156 0.61833
vt 0.87882 0.58266
vt 0.87232 0.59454
vt 0.86432 0.60979
vt 0.89458 0.55927
vt 0.86770 0.60321
vt 0.87544 0.58804
vt 0.88267 0.56630
vt 0.88229 0.57111
vt 0.88087 0.57579
vt 0.88442 0.56243
vt 0.86038 0.61492
vt 0.85584 0.61724
vt 0.85672 0.61229
vt 0.87987 0.56991
vt 0.88120 0.56340
vt 0.87127 0.59106
vt 0.86874 0.59553
vt 0.86501 0.60252
vt 0.87674 0.58134
vt 0.86159 0.60846
vt 0.87306 0.58545
vt 0.84555 0.49664
vt 0.84444 0.49166
vt 0.84624 0.49185
vt 0.84454 0.48549
vt 0.84752 0.49642
vt 0.84771 0.49906
vt 0.84637 0.48424
vt 0.84468 0.48040
vt 0.84575 0.49869
vt 0.84276 0.48470
vt 0.84227 0.47970
vt 0.84188 0.47501
vt 0.84411 0.47476
vt 0.84357 0.47176
vt 0.84629 0.47612
vt 0.84550 0.47135
vt 0.84799 0.48180
vt 0.84800 0.47422
vt 0.84809 0.49154
vt 0.84527 0.46724
vt 0.84786 0.46934
vt 0.84827 0.46381
vt 0.84799 0.45974
vt 0.85176 0.45924
vt 0.85097 0.46517
vt 0.85092 0.47104
vt 0.85347 0.46369
vt 0.85372 0.45903
vt 0.85467 0.45513
vt 0.85196 0.45629
vt 0.84942 0.49762
vt 0.85451 0.46502
vt 0.85002 0.50081
vt 0.84965 0.45360
vt 0.85346 0.44861
vt 0.85650 0.45115
vt 0.85844 0.44554
vt 0.84865 0.50079
vt 0.84955 0.50370
vt 0.85238 0.50655
vt 0.85249 0.50882
vt 0.85081 0.50883
vt 0.84681 0.50127
vt 0.85299 0.51082
vt 0.84812 0.50431
vt 0.84970 0.48081
vt 0.84963 0.48661
vt 0.85021 0.47541
vt 0.84985 0.49061
vt 0.85023 0.49518
vt 0.85266 0.47365
vt 0.85309 0.46645
vt 0.85190 0.49771
vt 0.85454 0.46547
vt 0.85399 0.46892
vt 0.85168 0.49406
vt 0.85229 0.47983
vt 0.85202 0.50187
vt 0.85361 0.50565
vt 0.85430 0.51004
vt 0.85532 0.50946
vt 0.85692 0.51267
vt 0.85396 0.47474
vt 0.85208 0.49082
vt 0.85137 0.48563
vt 0.85571 0.51302
vt 0.85322 0.49529
vt 0.85360 0.50076
vt 0.85334 0.50256
vt 0.85405 0.49885
vt 0.85767 0.51421
vt 0.85844 0.51382
vt 0.85585 0.47074
vt 0.85595 0.46607
vt 0.85573 0.46507
vt 0.85449 0.50201
vt 0.85554 0.49980
vt 0.85762 0.51186
vt 0.85328 0.48844
vt 0.85481 0.49305
vt 0.85494 0.49725
vt 0.85572 0.50684
vt 0.85453 0.50317
vt 0.85562 0.49851
vt 0.86924 0.55513
vt 0.87004 0.55107
vt 0.87143 0.55605
vt 0.87016 0.56078
vt 0.87265 0.56019
vt 0.87243 0.56508
vt 0.87014 0.56604
vt 0.87179 0.57116
vt 0.86821 0.55079
vt 0.86734 0.55446
vt 0.87291 0.57016
vt 0.87431 0.57356
vt 0.87530 0.57178
vt 0.87579 0.57432
vt 0.87333 0.56803
vt 0.86791 0.55867
vt 0.87063 0.54488
vt 0.86878 0.54510
vt 0.87217 0.54659
vt 0.87234 0.55235
vt 0.87222 0.54184
vt 0.86942 0.54140
vt 0.87162 0.53876
vt 0.87367 0.53939
vt 0.87390 0.54359
vt 0.86929 0.53752
vt 0.87386 0.54909
vt 0.87302 0.57490
vt 0.87444 0.57498
vt 0.86668 0.54463
vt 0.86678 0.54989
vt 0.87334 0.53761
vt 0.87146 0.53624
vt 0.87381 0.55477
vt 0.87530 0.53916
vt 0.87524 0.54284
vt 0.87058 0.53394
vt 0.86557 0.55323
vt 0.86475 0.55046
vt 0.19657 0.06604
vt 0.20027 0.06582
vt 0.19879 0.06442
vt 0.19385 0.06535
vt 0.20424 0.06369
vt 0.20746 0.06482
vt 0.21012 0.06195
vt 0.21219 0.06349
vt 0.20222 0.06180
vt 0.20871 0.06087
vt 0.19690 0.06279
vt 0.18939 0.06443
vt 0.18675 0.06597
vt 0.21163 0.06038
vt 0.21212 0.06194
vt 0.18354 0.06357
vt 0.18021 0.06429
vt 0.17780 0.06291
vt 0.18074 0.06115
vt 0.17805 0.06054
vt 0.17719 0.06226
vt 0.19129 0.06739
vt 0.21359 0.06355
vt 0.21105 0.06520
vt 0.17690 0.06464
vt 0.18082 0.06578
vt 0.20087 0.06758
vt 0.19708 0.06759
vt 0.20356 0.06851
vt 0.21431 0.06500
vt 0.18706 0.06831
vt 0.21618 0.06454
vt 0.17717 0.06038
vt 0.18060 0.06699
vt 0.20228 0.07064
vt 0.19485 0.06978
vt 0.20786 0.06904
vt 0.17626 0.06566
vt 0.21313 0.06808
vt 0.21806 0.06575
vt 0.44610 0.56292
vt 0.44426 0.56147
vt 0.43903 0.56233
vt 0.44959 0.56058
vt 0.43546 0.56065
vt 0.45202 0.56172
vt 0.45341 0.55973
vt 0.44353 0.56016
vt 0.45797 0.56096
vt 0.45925 0.55889
vt 0.46126 0.55992
vt 0.43405 0.56291
vt 0.42941 0.56128
vt 0.43029 0.55975
vt 0.42688 0.56003
vt 0.45043 0.56325
vt 0.45697 0.56259
vt 0.46174 0.55896
vt 0.43996 0.56453
vt 0.46116 0.56141
vt 0.42537 0.56181
vt 0.46254 0.56096
vt 0.42741 0.55887
vt 0.43662 0.56551
vt 0.43042 0.56420
vt 0.42465 0.56013
vt 0.42153 0.56144
vt 0.46118 0.55735
vt 0.42593 0.56444
vt 0.43712 0.55830
vt 0.42953 0.55720
vt 0.45954 0.55639
vt 0.45613 0.55791
vt 0.42759 0.55533
vt 0.44742 0.55925
vt 0.45001 0.55871
vt 0.44215 0.55784
vt 0.45250 0.55809
vt 0.43441 0.55577
vt 0.46080 0.55533
vt 0.43033 0.55446
vt 0.52247 0.73602
vt 0.52118 0.72917
vt 0.52403 0.73342
vt 0.52311 0.72641
vt 0.52087 0.72268
vt 0.52257 0.72184
vt 0.52108 0.72000
vt 0.52370 0.74092
vt 0.52137 0.74045
vt 0.52273 0.74389
vt 0.52104 0.74470
vt 0.52264 0.74536
vt 0.52023 0.73404
vt 0.51853 0.72356
vt 0.51900 0.72009
vt 0.51872 0.72994
vt 0.52129 0.74611
vt 0.52403 0.74547
vt 0.52410 0.72267
vt 0.52373 0.74625
vt 0.52384 0.71863
vt 0.52547 0.72745
vt 0.52531 0.74160
vt 0.52563 0.71991
vt 0.52563 0.73524
vt 0.52558 0.74589
vt 0.31378 0.07378
vt 0.31319 0.07092
vt 0.31033 0.07267
vt 0.31017 0.07463
vt 0.30719 0.07431
vt 0.30627 0.07245
vt 0.31003 0.07047
vt 0.30490 0.07526
vt 0.30261 0.07419
vt 0.30333 0.07130
vt 0.31637 0.07225
vt 0.31605 0.07016
vt 0.30363 0.07695
vt 0.30749 0.07616
vt 0.31653 0.07485
vt 0.32047 0.07127
vt 0.31935 0.07341
vt 0.32219 0.07225
vt 0.32351 0.07093
vt 0.32299 0.07372
vt 0.30679 0.06970
vt 0.31220 0.06909
vt 0.32090 0.06917
vt 0.32374 0.06906
vt 0.30244 0.06906
vt 0.32025 0.07513
vt 0.31382 0.07547
vt 0.53733 0.86373
vt 0.53368 0.86102
vt 0.53467 0.85674
vt 0.53780 0.85672
vt 0.53603 0.85173
vt 0.53874 0.84905
vt 0.53600 0.84433
vt 0.53718 0.84068
vt 0.53539 0.83771
vt 0.53395 0.84340
vt 0.53342 0.84919
vt 0.53277 0.85316
vt 0.53293 0.83768
vt 0.53517 0.83208
vt 0.53258 0.83333
vt 0.53033 0.83654
vt 0.52933 0.85664
vt 0.52921 0.85201
vt 0.53098 0.84333
vt 0.53151 0.86086
vt 0.53003 0.83188
vt 0.53300 0.82835
vt 0.52956 0.82729
vt 0.53258 0.82430
vt 0.52998 0.82172
vt 0.53031 0.84843
vt 0.53321 0.81924
vt 0.53039 0.81590
vt 0.53271 0.81154
vt 0.53574 0.82712
vt 0.53540 0.82232
vt 0.53072 0.80968
vt 0.53700 0.81596
vt 0.53195 0.80581
vt 0.52943 0.80554
vt 0.53172 0.80120
vt 0.52992 0.79831
vt 0.53253 0.79543
vt 0.53674 0.81099
vt 0.53458 0.80806
vt 0.53732 0.80709
vt 0.53511 0.80344
vt 0.53823 0.79883
vt 0.53833 0.81856
vt 0.54026 0.81553
vt 0.54104 0.81156
vt 0.53619 0.79645
vt 0.53529 0.79318
vt 0.53285 0.79251
vt 0.53875 0.79252
vt 0.53756 0.78859
vt 0.53456 0.78960
vt 0.52268 0.57720
vt 0.52737 0.58313
vt 0.52485 0.58219
vt 0.52175 0.57839
vt 0.51767 0.57617
vt 0.51788 0.57359
vt 0.51368 0.57332
vt 0.51168 0.57021
vt 0.52205 0.58203
vt 0.50918 0.57047
vt 0.52717 0.58645
vt 0.52438 0.58518
vt 0.51714 0.57798
vt 0.53321 0.59087
vt 0.53238 0.59480
vt 0.53697 0.59898
vt 0.53785 0.59709
vt 0.52096 0.58383
vt 0.53499 0.60153
vt 0.52884 0.59344
vt 0.51208 0.57403
vt 0.53178 0.60065
vt 0.52400 0.58899
vt 0.50808 0.57094
vt 0.52008 0.58539
vt 0.53361 0.60568
vt 0.53739 0.60667
vt 0.53892 0.60549
vt 0.53798 0.61404
vt 0.51795 0.58270
vt 0.51492 0.57784
vt 0.52857 0.59927
vt 0.52470 0.59312
vt 0.52087 0.58908
vt 0.54085 0.61331
vt 0.53934 0.62256
vt 0.53613 0.62236
vt 0.53787 0.63222
vt 0.53611 0.61330
vt 0.53491 0.63538
vt 0.53786 0.64064
vt 0.54050 0.63961
vt 0.53912 0.65145
vt 0.53611 0.64679
vt 0.54349 0.65106
vt 0.54254 0.65907
vt 0.53849 0.66107
vt 0.54146 0.66901
vt 0.54548 0.67364
vt 0.54219 0.67375
vt 0.54167 0.67898
vt 0.53796 0.67521
vt 0.53781 0.68254
vt 0.53704 0.66776
vt 0.53460 0.65395
vt 0.52973 0.60549
vt 0.53268 0.60931
vt 0.54659 0.68342
vt 0.54215 0.62715
vt 0.54033 0.68614
vt 0.53665 0.69096
vt 0.54567 0.66083
vt 0.54327 0.64089
vt 0.51790 0.58675
vt 0.54385 0.68597
vt 0.53326 0.65986
vt 0.54625 0.65468
vt 0.50957 0.57337
vt 0.53181 0.64462
vt 0.53352 0.62913
vt 0.53427 0.61919
vt 0.54209 0.69460
vt 0.53845 0.69624
vt 0.53906 0.70262
vt 0.54273 0.70153
vt 0.53582 0.70129
vt 0.54096 0.70810
vt 0.53834 0.71463
vt 0.53607 0.71216
vt 0.53458 0.72342
vt 0.53705 0.72269
vt 0.53556 0.73231
vt 0.53299 0.73350
vt 0.54146 0.71599
vt 0.53328 0.74198
vt 0.53751 0.74070
vt 0.53826 0.72903
vt 0.53518 0.74817
vt 0.53132 0.74999
vt 0.53281 0.75767
vt 0.52843 0.75788
vt 0.53850 0.75324
vt 0.53577 0.76392
vt 0.52976 0.76778
vt 0.53358 0.77072
vt 0.52926 0.76182
vt 0.53951 0.76687
vt 0.53653 0.77741
vt 0.52944 0.77471
vt 0.53232 0.77900
vt 0.54169 0.75989
vt 0.53468 0.78417
vt 0.54853 0.67916
vt 0.54403 0.71013
vt 0.54604 0.64448
vt 0.54975 0.68997
vt 0.54762 0.69665
vt 0.54743 0.70428
vt 0.52781 0.78252
vt 0.54480 0.62142
vt 0.52978 0.78424
vt 0.55414 0.68411
vt 0.54445 0.63052
vt 0.54899 0.67128
vt 0.55177 0.67913
vt 0.52801 0.78875
vt 0.52645 0.78873
vt 0.52560 0.79153
vt 0.52843 0.79243
vt 0.52617 0.79355
vt 0.53060 0.79148
vt 0.53187 0.78740
vt 0.54444 0.75449
vt 0.54092 0.73476
vt 0.54372 0.72193
vt 0.54539 0.74459
vt 0.54177 0.77167
vt 0.54666 0.63409
vt 0.55214 0.70276
vt 0.52832 0.79550
vt 0.54512 0.76514
vt 0.54835 0.71390
vt 0.53023 0.79473
vt 0.54219 0.77717
vt 0.54733 0.74978
vt 0.54856 0.65652
vt 0.55062 0.66708
vt 0.54542 0.73144
vt 0.54843 0.73617
vt 0.55423 0.69034
vt 0.53895 0.78374
vt 0.55481 0.67554
vt 0.55071 0.72413
vt 0.55163 0.71517
vt 0.55168 0.73279
vt 0.54361 0.78370
vt 0.54072 0.79117
vt 0.54819 0.75797
vt 0.54374 0.61382
vt 0.54338 0.60730
vt 0.55150 0.74150
vt 0.54311 0.79246
vt 0.54686 0.62693
vt 0.54075 0.79573
vt 0.52691 0.76945
vt 0.52680 0.77845
vt 0.52629 0.79714
vt 0.52800 0.79954
vt 0.54044 0.60065
vt 0.53994 0.80259
vt 0.54274 0.79880
vt 0.54205 0.80669
vt 0.52425 0.78500
vt 0.52776 0.80545
vt 0.52843 0.81108
vt 0.52845 0.81933
vt 0.52787 0.82333
vt 0.52701 0.81380
vt 0.52599 0.80968
vt 0.52608 0.82060
vt 0.52673 0.82770
vt 0.52658 0.83230
vt 0.52330 0.83384
vt 0.52716 0.83598
vt 0.52359 0.83860
vt 0.52680 0.84058
vt 0.52384 0.84420
vt 0.52764 0.84640
vt 0.52528 0.85096
vt 0.52580 0.85741
vt 0.52148 0.84723
vt 0.52117 0.83927
vt 0.52240 0.85356
vt 0.52405 0.86061
vt 0.52626 0.86323
vt 0.52216 0.83059
vt 0.52346 0.82342
vt 0.52353 0.81711
vt 0.52382 0.81147
vt 0.53136 0.74007
vt 0.52090 0.85995
vt 0.52982 0.74873
vt 0.52510 0.80465
vt 0.52402 0.79605
vt 0.51801 0.84188
vt 0.51821 0.83581
vt 0.51746 0.83169
vt 0.51989 0.82655
vt 0.51902 0.85429
vt 0.51715 0.84946
vt 0.52437 0.77696
vt 0.52325 0.79201
vt 0.51762 0.82025
vt 0.52032 0.81330
vt 0.51687 0.85912
vt 0.52169 0.79507
vt 0.52180 0.80880
vt 0.52290 0.80149
vt 0.52190 0.78937
vt 0.52346 0.76833
vt 0.53232 0.72966
vt 0.51602 0.82786
vt 0.51548 0.84527
vt 0.53022 0.73638
vt 0.51517 0.83876
vt 0.52229 0.78162
vt 0.51615 0.81690
vt 0.51682 0.81064
vt 0.52664 0.75184
vt 0.52445 0.75891
vt 0.52849 0.74302
vt 0.51994 0.80665
vt 0.51801 0.80379
vt 0.52012 0.80349
vt 0.51925 0.79933
vt 0.51434 0.86692
vt 0.51756 0.79687
vt 0.53235 0.72191
vt 0.51387 0.85107
vt 0.51500 0.80621
vt 0.51505 0.79966
vt 0.53509 0.67815
vt 0.53492 0.67099
vt 0.53196 0.66588
vt 0.53408 0.68617
vt 0.51341 0.85816
vt 0.53403 0.71131
vt 0.50699 0.56946
vt 0.20364 0.97889
vt 0.20874 0.98157
vt 0.20627 0.97889
vt 0.21080 0.98058
vt 0.21405 0.98341
vt 0.21491 0.98093
vt 0.21868 0.98294
vt 0.21715 0.98498
vt 0.22459 0.98519
vt 0.22253 0.98218
vt 0.22691 0.98327
vt 0.21590 0.97935
vt 0.21037 0.97908
vt 0.23060 0.98698
vt 0.23362 0.98471
vt 0.23694 0.98616
vt 0.23767 0.98396
vt 0.23978 0.98568
vt 0.23389 0.98257
vt 0.22650 0.98151
vt 0.24008 0.98278
vt 0.24335 0.98460
vt 0.23870 0.98061
vt 0.22038 0.97915
vt 0.24471 0.98231
vt 0.23427 0.98050
vt 0.24127 0.97953
vt 0.20916 0.97755
vt 0.21522 0.97773
vt 0.23761 0.97834
vt 0.23976 0.97671
vt 0.22824 0.97918
vt 0.24515 0.97970
vt 0.20150 0.97597
vt 0.24226 0.97709
vt 0.24685 0.97678
vt 0.25269 0.97864
vt 0.25353 0.97626
vt 0.25986 0.97597
vt 0.25860 0.97907
vt 0.25108 0.98142
vt 0.23712 0.97593
vt 0.85155 0.54701
vt 0.85075 0.54276
vt 0.85450 0.54701
vt 0.85448 0.55062
vt 0.84567 0.54006
vt 0.84503 0.53353
vt 0.84824 0.53878
vt 0.84951 0.54886
vt 0.84225 0.53238
vt 0.84923 0.55366
vt 0.84601 0.55235
vt 0.84507 0.54537
vt 0.84177 0.53872
vt 0.83975 0.53145
vt 0.84409 0.55101
vt 0.83938 0.52370
vt 0.83685 0.52245
vt 0.84386 0.55468
vt 0.84629 0.55606
vt 0.84975 0.55744
vt 0.85376 0.55541
vt 0.85708 0.55456
vt 0.85024 0.56041
vt 0.85266 0.56048
vt 0.85583 0.56273
vt 0.85854 0.55971
vt 0.85959 0.56727
vt 0.85530 0.56923
vt 0.85952 0.57567
vt 0.85525 0.57638
vt 0.85941 0.58281
vt 0.86268 0.57942
vt 0.86236 0.57103
vt 0.85411 0.57963
vt 0.85124 0.57296
vt 0.85231 0.57044
vt 0.86413 0.58684
vt 0.86110 0.58996
vt 0.85757 0.58735
vt 0.86711 0.59550
vt 0.85313 0.56668
vt 0.85117 0.56349
vt 0.83624 0.51639
vt 0.84024 0.52024
vt 0.83681 0.51285
vt 0.84243 0.52681
vt 0.83305 0.51010
vt 0.83267 0.50376
vt 0.83042 0.50467
vt 0.82776 0.49938
vt 0.82830 0.49438
vt 0.82480 0.49085
vt 0.83262 0.51455
vt 0.82977 0.50774
vt 0.82326 0.49413
vt 0.82613 0.50144
vt 0.83530 0.52356
vt 0.81562 0.49838
vt 0.81563 0.50367
vt 0.81877 0.50120
vt 0.82009 0.49726
vt 0.82361 0.50310
vt 0.82167 0.50788
vt 0.82847 0.50961
vt 0.82846 0.51324
vt 0.83172 0.51866
vt 0.83477 0.52707
vt 0.83766 0.53344
vt 0.83874 0.53826
vt 0.84131 0.54324
vt 0.18853 0.97353
vt 0.18694 0.97602
vt 0.19395 0.97307
vt 0.19511 0.96944
vt 0.19989 0.97105
vt 0.20023 0.96708
vt 0.19695 0.96430
vt 0.20386 0.96921
vt 0.19168 0.96681
vt 0.18674 0.97056
vt 0.18133 0.97343
vt 0.18088 0.97675
vt 0.17288 0.97604
vt 0.17409 0.97900
vt 0.16861 0.98018
vt 0.16566 0.97863
vt 0.16694 0.97565
vt 0.16315 0.98144
vt 0.16141 0.97986
vt 0.15552 0.98275
vt 0.15614 0.98006
vt 0.16176 0.97720
vt 0.14800 0.98228
vt 0.17346 0.97288
vt 0.17980 0.97060
vt 0.14891 0.98391
vt 0.19202 0.96307
vt 0.18570 0.96807
vt 0.14474 0.98552
vt 0.18821 0.96500
vt 0.15487 0.97819
vt 0.16326 0.97499
vt 0.15786 0.97559
vt 0.14710 0.97897
vt 0.14079 0.98074
vt 0.14140 0.98378
vt 0.15246 0.97667
vt 0.18404 0.96601
vt 0.18786 0.96172
vt 0.16727 0.97280
vt 0.18085 0.96783
vt 0.17491 0.96950
vt 0.16295 0.97327
vt 0.15792 0.97406
vt 0.14170 0.97748
vt 0.13493 0.98017
vt 0.14985 0.97548
vt 0.16797 0.97080
vt 0.12104 0.99239
vt 0.12614 0.99143
vt 0.12012 0.99035
vt 0.11544 0.99190
vt 0.12697 0.98905
vt 0.13334 0.99274
vt 0.11132 0.99011
vt 0.13399 0.98994
vt 0.13303 0.98582
vt 0.13734 0.98750
vt 0.13839 0.99121
vt 0.12284 0.98691
vt 0.12768 0.98509
vt 0.13536 0.98387
vt 0.10575 0.99242
vt 0.09996 0.99120
vt 0.11945 0.98566
vt 0.11133 0.98544
vt 0.10544 0.98777
vt 0.12587 0.98367
vt 0.09822 0.98613
vt 0.08858 0.99189
vt 0.09280 0.98886
vt 0.08481 0.99031
vt 0.07747 0.99220
vt 0.07689 0.99010
vt 0.07181 0.99120
vt 0.07163 0.98820
vt 0.06694 0.98877
vt 0.06783 0.98617
vt 0.06124 0.98452
vt 0.07241 0.99392
vt 0.07761 0.98797
vt 0.06635 0.99420
vt 0.06372 0.99095
vt 0.05988 0.99388
vt 0.05752 0.99150
vt 0.05980 0.98764
vt 0.05412 0.99496
vt 0.06058 0.99566
vt 0.05132 0.99036
vt 0.05380 0.98733
vt 0.04706 0.98561
vt 0.04993 0.98130
vt 0.04524 0.98173
vt 0.04223 0.98459
vt 0.04629 0.97773
vt 0.04143 0.98735
vt 0.04693 0.99071
vt 0.06346 0.98323
vt 0.05601 0.98114
vt 0.05159 0.97820
vt 0.08475 0.98759
vt 0.03882 0.98553
vt 0.05913 0.97967
vt 0.05173 0.97564
vt 0.09227 0.98568
vt 0.04785 0.97388
vt 0.04733 0.99388
vt 0.04277 0.99073
vt 0.04044 0.99324
vt 0.03396 0.99363
vt 0.03827 0.99157
vt 0.03571 0.98952
vt 0.03238 0.99201
vt 0.02874 0.99284
vt 0.02861 0.99094
vt 0.02447 0.99122
vt 0.02513 0.98877
vt 0.01820 0.98743
vt 0.01925 0.99044
vt 0.10414 0.98494
vt 0.06988 0.98564
vt 0.01554 0.98814
vt 0.04606 0.97537
vt 0.03396 0.98799
vt 0.01272 0.98496
vt 0.04512 0.97226
vt 0.04545 0.97056
vt 0.04387 0.97000
vt 0.04828 0.97207
vt 0.03035 0.98945
vt 0.13237 0.98276
vt 0.04337 0.97965
vt 0.04339 0.97579
vt 0.06607 0.98256
vt 0.04474 0.96928
vt 0.01118 0.98606
vt 0.04093 0.98140
vt 0.01063 0.98418
vt 0.04404 0.97330
vt 0.01140 0.98218
vt 0.01398 0.98320
vt 0.02139 0.98678
vt 0.12001 0.98375
vt 0.11551 0.98394
vt 0.04141 0.96957
vt 0.04232 0.96902
vt 0.03954 0.96706
vt 0.03851 0.96886
vt 0.03695 0.96671
vt 0.03671 0.96500
vt 0.03497 0.96557
vt 0.03443 0.96395
vt 0.04135 0.96706
vt 0.03817 0.98355
vt 0.10120 0.98332
vt 0.08587 0.98453
vt 0.03557 0.96327
vt 0.10915 0.98287
vt 0.03321 0.96501
vt 0.03151 0.98798
vt 0.03477 0.98589
vt 0.12750 0.98125
vt 0.02662 0.98753
vt 0.11945 0.98185
vt 0.11604 0.98097
vt 0.04200 0.97876
vt 0.04256 0.97669
vt 0.03359 0.96375
vt 0.03000 0.98725
vt 0.04067 0.97950
vt 0.01002 0.98664
vt 0.00907 0.98600
vt 0.04152 0.97685
vt 0.03659 0.98351
vt 0.14298 0.98765
vt 0.13934 0.98548
vt 0.06849 0.97954
vt 0.07118 0.98231
vt 0.07353 0.98514
vt 0.07532 0.98297
vt 0.08074 0.98603
vt 0.08042 0.98344
vt 0.07199 0.97849
vt 0.07673 0.98124
vt 0.08101 0.98139
vt 0.06755 0.97559
vt 0.06412 0.98010
vt 0.06304 0.97662
vt 0.05975 0.97741
vt 0.05716 0.97401
vt 0.05240 0.97378
vt 0.05246 0.97176
vt 0.06278 0.97329
vt 0.04879 0.97046
vt 0.04468 0.96812
vt 0.04178 0.96532
vt 0.03809 0.96443
vt 0.03796 0.96308
vt 0.03613 0.96179
vt 0.03458 0.96276
vt 0.08589 0.98129
vt 0.03512 0.96172
vt 0.09128 0.98319
vt 0.09375 0.98096
vt 0.10254 0.98031
vt 0.10886 0.97988
vt 0.20439 0.02305
vt 0.19963 0.02518
vt 0.20243 0.02525
vt 0.19740 0.02750
vt 0.19352 0.02675
vt 0.19433 0.02912
vt 0.19118 0.02963
vt 0.19018 0.02775
vt 0.18634 0.03056
vt 0.19200 0.03087
vt 0.18411 0.02907
vt 0.17787 0.03061
vt 0.17689 0.02839
vt 0.19055 0.02648
vt 0.17090 0.02876
vt 0.18168 0.02654
vt 0.17300 0.02559
vt 0.18671 0.02685
vt 0.16938 0.02567
vt 0.19771 0.02426
vt 0.19231 0.02512
vt 0.20275 0.02227
vt 0.20754 0.02007
vt 0.18943 0.02532
vt 0.16695 0.02689
vt 0.20594 0.01973
vt 0.20781 0.01831
vt 0.20860 0.01860
vt 0.18674 0.02423
vt 0.16924 0.02332
vt 0.16517 0.02902
vt 0.16448 0.02692
vt 0.16947 0.03131
vt 0.16527 0.03197
vt 0.20526 0.02416
vt 0.20828 0.02209
vt 0.19215 0.02145
vt 0.19003 0.02204
vt 0.19099 0.02385
vt 0.19410 0.02275
vt 0.19451 0.02032
vt 0.19378 0.01947
vt 0.19585 0.01753
vt 0.19816 0.02278
vt 0.19723 0.01751
vt 0.20289 0.02079
vt 0.18640 0.02223
vt 0.18218 0.02404
vt 0.17655 0.02433
vt 0.16946 0.02275
vt 0.16989 0.02104
vt 0.16587 0.01902
vt 0.19750 0.01539
vt 0.18223 0.02245
vt 0.17852 0.02285
vt 0.17468 0.02074
vt 0.16583 0.02076
vt 0.16049 0.01539
vt 0.19569 0.02050
vt 0.16548 0.01691
vt 0.19120 0.02053
vt 0.19611 0.02116
vt 0.17843 0.02033
vt 0.18817 0.02021
vt 0.19602 0.01597
vt 0.18482 0.02077
vt 0.19826 0.01577
vt 0.68188 0.00621
vt 0.67628 0.00644
vt 0.67818 0.00812
vt 0.68351 0.00740
vt 0.67365 0.00786
vt 0.68590 0.00593
vt 0.68651 0.00753
vt 0.67373 0.00550
vt 0.68494 0.00460
vt 0.68014 0.00490
vt 0.67116 0.00556
vt 0.67062 0.00723
vt 0.67009 0.00428
vt 0.66761 0.00581
vt 0.66901 0.00836
vt 0.68446 0.00901
vt 0.68140 0.00947
vt 0.67466 0.00987
vt 0.66718 0.00450
vt 0.66743 0.00276
vt 0.67597 0.00420
vt 0.68322 0.00306
vt 0.66522 0.00306
vt 0.57605 0.18704
vt 0.57389 0.18755
vt 0.57562 0.18853
vt 0.57971 0.18747
vt 0.58097 0.18608
vt 0.58398 0.18673
vt 0.57706 0.18469
vt 0.57425 0.18628
vt 0.58145 0.18435
vt 0.57296 0.18554
vt 0.57232 0.18837
vt 0.58539 0.18466
vt 0.58420 0.18351
vt 0.57426 0.18374
vt 0.57174 0.18663
vt 0.58757 0.18473
vt 0.58848 0.18329
vt 0.58705 0.18254
vt 0.58967 0.18397
vt 0.59106 0.18221
vt 0.58966 0.18138
vt 0.59388 0.18085
vt 0.58758 0.18141
vt 0.59156 0.18323
vt 0.58372 0.18798
vt 0.58750 0.18579
vt 0.57910 0.18910
vt 0.57607 0.19016
vt 0.57269 0.18962
vt 0.59017 0.18512
vt 0.56880 0.18753
vt 0.59453 0.18200
vt 0.59661 0.17913
vt 0.56797 0.18576
vt 0.56466 0.18459
vt 0.56522 0.18310
vt 0.59246 0.18479
vt 0.56766 0.18420
vt 0.56320 0.17153
vt 0.56056 0.17305
vt 0.56127 0.17397
vt 0.55939 0.17525
vt 0.56413 0.17219
vt 0.56614 0.16938
vt 0.56070 0.17581
vt 0.56626 0.17102
vt 0.56804 0.16895
vt 0.56253 0.17486
vt 0.55872 0.17737
vt 0.56160 0.17621
vt 0.56805 0.17060
vt 0.55678 0.17723
vt 0.55741 0.17900
vt 0.55457 0.18007
vt 0.55574 0.18116
vt 0.55126 0.18110
vt 0.55006 0.18287
vt 0.55271 0.18448
vt 0.54898 0.18591
vt 0.54528 0.18623
vt 0.54421 0.18918
vt 0.54039 0.18839
vt 0.53845 0.19062
vt 0.54128 0.19210
vt 0.53577 0.19339
vt 0.53790 0.19427
vt 0.53310 0.19149
vt 0.53390 0.19668
vt 0.54582 0.18999
vt 0.54945 0.18814
vt 0.54170 0.19347
vt 0.55557 0.18387
vt 0.53007 0.19570
vt 0.53018 0.19324
vt 0.55795 0.18107
vt 0.55961 0.17914
vt 0.52839 0.19830
vt 0.52245 0.19802
vt 0.52544 0.19465
vt 0.56506 0.17366
vt 0.51837 0.19470
vt 0.51274 0.19918
vt 0.51301 0.19574
vt 0.50409 0.19672
vt 0.50411 0.20145
vt 0.55287 0.18751
vt 0.53746 0.19678
vt 0.51830 0.20141
vt 0.52818 0.20003
vt 0.50949 0.20268
vt 0.49819 0.19963
vt 0.54791 0.19095
vt 0.49736 0.19662
vt 0.49846 0.20334
vt 0.48993 0.19900
vt 0.49016 0.19626
vt 0.49032 0.20223
vt 0.50529 0.19510
vt 0.48432 0.20098
vt 0.54036 0.19847
vt 0.48329 0.19655
vt 0.55933 0.18483
vt 0.53444 0.20018
vt 0.54517 0.19471
vt 0.55215 0.19137
vt 0.56158 0.17807
vt 0.55610 0.18828
vt 0.56031 0.18889
vt 0.56332 0.18783
vt 0.56362 0.19150
vt 0.55874 0.19356
vt 0.55566 0.19285
vt 0.55553 0.19571
vt 0.55216 0.19513
vt 0.55237 0.19891
vt 0.55772 0.19825
vt 0.54820 0.19743
vt 0.56086 0.19558
vt 0.56362 0.19669
vt 0.56643 0.19309
vt 0.57037 0.19479
vt 0.57249 0.19189
vt 0.56688 0.18848
vt 0.57477 0.19455
vt 0.57780 0.19170
vt 0.57915 0.19321
vt 0.58150 0.19092
vt 0.54514 0.20037
vt 0.47905 0.19841
vt 0.48508 0.20481
vt 0.49330 0.20440
vt 0.55981 0.18146
vt 0.47946 0.20305
vt 0.47533 0.20184
vt 0.47447 0.19619
vt 0.58289 0.19193
vt 0.58587 0.18939
vt 0.58507 0.18843
vt 0.56216 0.18374
vt 0.56187 0.18102
vt 0.58864 0.18761
vt 0.56877 0.17148
vt 0.56967 0.16899
vt 0.56994 0.17012
vt 0.47010 0.19853
vt 0.46656 0.19622
vt 0.46145 0.19817
vt 0.46065 0.19592
vt 0.45315 0.19597
vt 0.45436 0.19350
vt 0.44631 0.19170
vt 0.44846 0.19725
vt 0.44350 0.19373
vt 0.43898 0.19637
vt 0.43848 0.19297
vt 0.42815 0.19499
vt 0.45852 0.19934
vt 0.42697 0.19023
vt 0.41950 0.19160
vt 0.42030 0.18728
vt 0.42873 0.18771
vt 0.43881 0.18914
vt 0.41745 0.19416
vt 0.41408 0.18792
vt 0.41015 0.19104
vt 0.40656 0.19286
vt 0.40596 0.18832
vt 0.41323 0.18377
vt 0.39734 0.19046
vt 0.40125 0.18780
vt 0.40588 0.18187
vt 0.46531 0.20056
vt 0.56408 0.17616
vt 0.40913 0.17792
vt 0.56744 0.17362
vt 0.39777 0.18097
vt 0.40101 0.17615
vt 0.39451 0.18556
vt 0.38924 0.17946
vt 0.38581 0.18525
vt 0.38269 0.17919
vt 0.47112 0.20118
vt 0.39437 0.17541
vt 0.58045 0.19427
vt 0.59115 0.18675
vt 0.37842 0.18145
vt 0.37511 0.17362
vt 0.36889 0.17856
vt 0.36334 0.17003
vt 0.37261 0.16739
vt 0.36431 0.16535
vt 0.38204 0.17015
vt 0.35655 0.16630
vt 0.38552 0.17478
vt 0.38810 0.17193
vt 0.35654 0.17330
vt 0.36128 0.17693
vt 0.35218 0.17496
vt 0.58748 0.18986
vt 0.59032 0.18841
vt 0.35134 0.17026
vt 0.58366 0.19288
vt 0.56371 0.17895
vt 0.56414 0.18160
vt 0.45898 0.19157
vt 0.45196 0.19035
vt 0.56960 0.17239
vt 0.57104 0.17075
vt 0.46515 0.19218
vt 0.47344 0.19354
vt 0.48039 0.19360
vt 0.48788 0.19436
vt 0.49672 0.19457
vt 0.57162 0.16927
vt 0.57116 0.16814
vt 0.56931 0.16767
vt 0.57527 0.16701
vt 0.57475 0.16620
vt 0.57732 0.16535
vt 0.57071 0.16733
vt 0.14057 0.00398
vt 0.13954 0.00705
vt 0.14307 0.00552
vt 0.14453 0.00321
vt 0.13733 0.00461
vt 0.14643 0.00496
vt 0.14765 0.00327
vt 0.13601 0.00647
vt 0.14902 0.00561
vt 0.15067 0.00358
vt 0.14492 0.00676
vt 0.15309 0.00445
vt 0.13651 0.00858
vt 0.13494 0.00491
vt 0.14318 0.00218
vt 0.13072 0.00532
vt 0.12991 0.00830
vt 0.13138 0.00235
vt 0.14243 0.00864
vt 0.14615 0.00846
vt 0.15418 0.00210
vt 0.15050 0.00680
vt 0.13933 0.01024
vt 0.13216 0.01013
vt 0.12606 0.00551
vt 0.12251 0.00777
vt 0.12079 0.00498
vt 0.11698 0.00956
vt 0.11314 0.00602
vt 0.11135 0.00930
vt 0.12351 0.01038
vt 0.10788 0.00722
vt 0.10990 0.00210
vt 0.10464 0.00526
vt 0.11627 0.00197
vt 0.12723 0.01181
vt 0.11038 0.01235
vt 0.10662 0.01189
vt 0.10134 0.01106
vt 0.11645 0.01302
vt 0.18888 0.92162
vt 0.19149 0.92073
vt 0.19039 0.92291
vt 0.19044 0.91935
vt 0.19234 0.91910
vt 0.19205 0.92350
vt 0.19361 0.92249
vt 0.19335 0.92037
vt 0.18900 0.91980
vt 0.18935 0.92325
vt 0.19083 0.92406
vt 0.19234 0.92463
vt 0.03688 0.50420
vt 0.03741 0.49844
vt 0.03888 0.50001
vt 0.03926 0.49405
vt 0.03849 0.50449
vt 0.04092 0.49329
vt 0.04217 0.48898
vt 0.04345 0.48935
vt 0.04417 0.48726
vt 0.04025 0.50409
vt 0.04103 0.50233
vt 0.04013 0.49907
vt 0.04194 0.49402
vt 0.03986 0.50831
vt 0.03738 0.50966
vt 0.03776 0.51457
vt 0.04110 0.51471
vt 0.04030 0.51837
vt 0.04305 0.51914
vt 0.04181 0.52130
vt 0.04118 0.50940
vt 0.04159 0.50453
vt 0.04052 0.52231
vt 0.04174 0.49897
vt 0.04227 0.52501
vt 0.04170 0.52678
vt 0.04362 0.52283
vt 0.04526 0.48809
vt 0.04485 0.52105
vt 0.04271 0.50222
vt 0.03843 0.51846
vt 0.04529 0.52452
vt 0.04335 0.52641
vt 0.04196 0.52633
vt 0.04665 0.52590
vt 0.04538 0.48658
vt 0.03848 0.52294
vt 0.04091 0.52920
vt 0.03634 0.51800
vt 0.03431 0.50339
vt 0.04275 0.50910
vt 0.04319 0.51281
vt 0.04357 0.50456
vt 0.04516 0.51341
vt 0.04474 0.50697
vt 0.04493 0.51131
vt 0.04476 0.50094
vt 0.04552 0.50372
vt 0.04348 0.49937
vt 0.04294 0.49794
vt 0.04287 0.49502
vt 0.04354 0.49184
vt 0.04671 0.49775
vt 0.04729 0.49909
vt 0.04395 0.51584
vt 0.04850 0.49641
vt 0.04513 0.51883
vt 0.04723 0.52160
vt 0.04850 0.52461
vt 0.04803 0.49548
vt 0.04694 0.51715
vt 0.04437 0.49865
vt 0.46340 0.63604
vt 0.46595 0.63537
vt 0.46224 0.63414
vt 0.46850 0.63792
vt 0.45860 0.63339
vt 0.46953 0.63668
vt 0.47222 0.63847
vt 0.47424 0.63662
vt 0.47563 0.63849
vt 0.47650 0.63640
vt 0.47738 0.63771
vt 0.47763 0.63544
vt 0.48208 0.63696
vt 0.47936 0.63886
vt 0.48423 0.63858
vt 0.48731 0.63624
vt 0.49010 0.63738
vt 0.49289 0.63464
vt 0.49483 0.63599
vt 0.49709 0.63339
vt 0.49880 0.63462
vt 0.47229 0.63461
vt 0.46863 0.63510
vt 0.48103 0.64044
vt 0.47745 0.63982
vt 0.48656 0.63976
vt 0.47774 0.64166
vt 0.48287 0.64207
vt 0.49047 0.64075
vt 0.49393 0.63865
vt 0.47490 0.64041
vt 0.47171 0.64095
vt 0.47031 0.63945
vt 0.46404 0.63741
vt 0.45960 0.63487
vt 0.46396 0.63891
vt 0.49735 0.63699
vt 0.49961 0.63898
vt 0.46046 0.63677
vt 0.49646 0.64115
vt 0.49900 0.63682
vt 0.80593 0.87732
vt 0.80379 0.87467
vt 0.80615 0.87387
vt 0.80443 0.87830
vt 0.80570 0.87961
vt 0.80711 0.87925
vt 0.80185 0.87602
vt 0.80174 0.87232
vt 0.80562 0.87095
vt 0.79974 0.87507
vt 0.80060 0.87998
vt 0.80286 0.88019
vt 0.80131 0.88418
vt 0.79886 0.88455
vt 0.80023 0.88799
vt 0.79850 0.88960
vt 0.80071 0.89170
vt 0.80256 0.88530
vt 0.80210 0.89024
vt 0.79957 0.89374
vt 0.80449 0.88098
vt 0.80466 0.88266
vt 0.80288 0.89882
vt 0.80090 0.89886
vt 0.80286 0.90358
vt 0.80427 0.90427
vt 0.80282 0.90547
vt 0.80570 0.88077
vt 0.80470 0.90518
vt 0.80672 0.87991
vt 0.80136 0.90529
vt 0.80030 0.90177
vt 0.80451 0.89399
vt 0.80399 0.88764
vt 0.80523 0.89025
vt 0.80340 0.89533
vt 0.80569 0.89794
vt 0.80513 0.88613
vt 0.80528 0.90146
vt 0.80711 0.90247
vt 0.80612 0.90477
vt 0.80797 0.90428
vt 0.80647 0.90568
vt 0.09734 0.57408
vt 0.09678 0.57939
vt 0.09541 0.57617
vt 0.09473 0.58006
vt 0.09541 0.58318
vt 0.09732 0.58366
vt 0.09647 0.57198
vt 0.09740 0.57063
vt 0.09639 0.56971
vt 0.09732 0.56946
vt 0.09509 0.57220
vt 0.09345 0.57818
vt 0.71491 0.82982
vt 0.71792 0.82858
vt 0.71581 0.82811
vt 0.71679 0.83149
vt 0.71634 0.82626
vt 0.71922 0.83011
vt 0.71776 0.82597
vt 0.72010 0.82753
vt 0.72043 0.82936
vt 0.71501 0.82753
vt 0.71924 0.83120
vt 0.98163 0.31386
vt 0.97939 0.31263
vt 0.97913 0.31406
vt 0.97674 0.31242
vt 0.98297 0.31290
vt 0.98459 0.31339
vt 0.98487 0.31282
vt 0.97680 0.31453
vt 0.98541 0.31274
vt 0.96715 0.31654
vt 0.96448 0.31395
vt 0.96280 0.31561
vt 0.96109 0.31207
vt 0.96842 0.31500
vt 0.97046 0.31617
vt 0.97016 0.31398
vt 0.97246 0.31549
vt 0.97326 0.31651
vt 0.97218 0.31319
vt 0.96610 0.31255
vt 0.95755 0.31318
vt 0.96058 0.31577
vt 0.95621 0.31582
vt 0.95273 0.31440
vt 0.95159 0.31689
vt 0.95315 0.31238
vt 0.94887 0.31337
vt 0.94826 0.31611
vt 0.95705 0.31036
vt 0.96208 0.31016
vt 0.96837 0.31166
vt 0.95090 0.31090
vt 0.94756 0.31115
vt 0.95557 0.30909
vt 0.97233 0.31104
vt 0.97402 0.31221
vt 0.95193 0.30866
vt 0.96028 0.30821
vt 0.96571 0.30904
vt 0.96981 0.30988
vt 0.94789 0.30821
vt 0.97497 0.31022
vt 0.97503 0.31173
vt 0.97871 0.31097
vt 0.97532 0.31293
vt 0.98304 0.31207
vt 0.97563 0.31402
vt 0.98466 0.31204
vt 0.29541 0.91334
vt 0.29802 0.91640
vt 0.29862 0.91494
vt 0.30126 0.91757
vt 0.30375 0.91730
vt 0.30641 0.92020
vt 0.30812 0.91821
vt 0.30990 0.92054
vt 0.29453 0.91128
vt 0.31076 0.91914
vt 0.31270 0.92093
vt 0.30639 0.91668
vt 0.30155 0.91453
vt 0.30951 0.91671
vt 0.31588 0.91904
vt 0.31649 0.92147
vt 0.31961 0.91954
vt 0.32110 0.92125
vt 0.31228 0.91702
vt 0.32307 0.91909
vt 0.32601 0.92049
vt 0.32604 0.91772
vt 0.32817 0.91950
vt 0.33059 0.91653
vt 0.33096 0.91840
vt 0.33292 0.91588
vt 0.33478 0.91782
vt 0.32026 0.91660
vt 0.31610 0.91579
vt 0.32408 0.91499
vt 0.32815 0.91560
vt 0.33122 0.91382
vt 0.31348 0.91489
vt 0.30974 0.91539
vt 0.30570 0.91526
vt 0.31063 0.91421
vt 0.32117 0.91349
vt 0.32826 0.91312
vt 0.33042 0.91192
vt 0.30201 0.91334
vt 0.29518 0.91066
vt 0.29219 0.90944
vt 0.29260 0.90884
vt 0.30767 0.91423
vt 0.30436 0.91278
vt 0.32551 0.91182
vt 0.32819 0.91087
vt 0.31664 0.91401
vt 0.30835 0.91282
vt 0.31165 0.91282
vt 0.29872 0.91127
vt 0.31578 0.91284
vt 0.29506 0.90957
vt 0.32406 0.91052
vt 0.30943 0.91144
vt 0.32774 0.90944
vt 0.00177 0.43809
vt 0.00373 0.43850
vt 0.00274 0.44052
vt 0.00039 0.44021
vt 0.00118 0.44278
vt 0.00264 0.43626
vt 0.00575 0.43607
vt 0.00698 0.43210
vt 0.00925 0.43169
vt 0.00968 0.42899
vt 0.01228 0.42714
vt 0.01178 0.42658
vt 0.00600 0.43156
vt 0.01340 0.42581
vt 0.01380 0.42648
vt 0.01223 0.42852
vt 0.00930 0.43344
vt 0.00855 0.42880
vt 0.00491 0.47480
vt 0.00776 0.47053
vt 0.00770 0.47783
vt 0.00381 0.46806
vt 0.00557 0.46528
vt 0.00721 0.48305
vt 0.01090 0.48746
vt 0.00462 0.48419
vt 0.00215 0.46400
vt 0.00292 0.47062
vt 0.00801 0.48862
vt 0.00361 0.48759
vt 0.00321 0.47786
vt 0.00256 0.45925
vt 0.01155 0.48195
vt 0.00613 0.46176
vt 0.01060 0.49175
vt 0.00593 0.49356
vt 0.00325 0.45673
vt 0.00086 0.45517
vt 0.00189 0.45194
vt 0.00355 0.45308
vt 0.00848 0.46532
vt 0.01066 0.47200
vt 0.00309 0.44788
vt 0.00162 0.44776
vt 0.00330 0.44373
vt 0.00460 0.44041
vt 0.00548 0.45731
vt 0.01295 0.47612
vt 0.00501 0.44703
vt 0.00564 0.45207
vt 0.00833 0.45985
vt 0.00864 0.49369
vt 0.01287 0.48794
vt 0.01266 0.49167
vt 0.00640 0.44349
vt 0.01380 0.48143
vt 0.00624 0.44000
vt 0.01198 0.47011
vt 0.01112 0.46270
vt 0.00643 0.44779
vt 0.00774 0.43641
vt 0.00830 0.45470
vt 0.00774 0.44097
vt 0.00788 0.44467
vt 0.74412 0.06568
vt 0.74584 0.06642
vt 0.74301 0.06670
vt 0.74657 0.06433
vt 0.74122 0.06545
vt 0.74294 0.06882
vt 0.74495 0.07187
vt 0.74892 0.06811
vt 0.74049 0.06980
vt 0.74051 0.06617
vt 0.74148 0.07692
vt 0.74902 0.06433
vt 0.75122 0.06280
vt 0.74770 0.07336
vt 0.74449 0.07532
vt 0.75100 0.06091
vt 0.75240 0.06105
vt 0.75163 0.06579
vt 0.74420 0.07964
vt 0.73742 0.07226
vt 0.73603 0.06691
vt 0.73870 0.07758
vt 0.74026 0.08205
vt 0.73516 0.06386
vt 0.75093 0.07090
vt 0.73296 0.06736
vt 0.73541 0.07486
vt 0.73226 0.06245
vt 0.75124 0.05757
vt 0.75284 0.05743
vt 0.75124 0.05458
vt 0.75257 0.05443
vt 0.75224 0.05263
vt 0.75378 0.05342
vt 0.75412 0.05237
vt 0.75029 0.05276
vt 0.75077 0.05186
vt 0.74886 0.06176
vt 0.74993 0.05741
vt 0.74944 0.07386
vt 0.74829 0.08055
vt 0.74448 0.08508
vt 0.74773 0.08772
vt 0.74407 0.08966
vt 0.75022 0.08446
vt 0.73923 0.08579
vt 0.74209 0.09267
vt 0.74622 0.09351
vt 0.75172 0.07825
vt 0.75084 0.09107
vt 0.74470 0.09837
vt 0.74817 0.09748
vt 0.75031 0.10275
vt 0.75364 0.10125
vt 0.75405 0.10503
vt 0.74843 0.10272
vt 0.75181 0.10638
vt 0.75558 0.10791
vt 0.75295 0.08826
vt 0.75351 0.07183
vt 0.75411 0.06332
vt 0.75401 0.09568
vt 0.75618 0.10360
vt 0.75514 0.06617
vt 0.75320 0.10931
vt 0.75673 0.06082
vt 0.75749 0.10658
vt 0.75558 0.05857
vt 0.75360 0.06050
vt 0.75429 0.05666
vt 0.75569 0.05540
vt 0.75499 0.05336
vt 0.75561 0.05237
vt 0.75709 0.05291
vt 0.75749 0.05556
vt 0.75727 0.05170
vt 0.29140 0.42776
vt 0.29266 0.43060
vt 0.29392 0.42962
vt 0.29303 0.43346
vt 0.29201 0.43347
vt 0.29279 0.42739
vt 0.29535 0.42739
vt 0.29467 0.43148
vt 0.29223 0.43449
vt 0.54498 0.95121
vt 0.54587 0.94880
vt 0.54717 0.95060
vt 0.54501 0.95222
vt 0.54698 0.95225
vt 0.54850 0.95069
vt 0.54791 0.94850
vt 0.54698 0.94751
vt 0.54380 0.95089
vt 0.54377 0.94846
vt 0.54504 0.94782
vt 0.54850 0.95204
vt 0.77438 0.94275
vt 0.77434 0.94141
vt 0.77251 0.94228
vt 0.77555 0.94307
vt 0.77303 0.93990
vt 0.77542 0.94027
vt 0.77071 0.94152
vt 0.76833 0.94095
vt 0.77113 0.94403
vt 0.77363 0.94432
vt 0.77123 0.94624
vt 0.77572 0.94153
vt 0.77678 0.94422
vt 0.77800 0.94208
vt 0.77478 0.93804
vt 0.77107 0.93845
vt 0.76735 0.93928
vt 0.76545 0.94048
vt 0.75756 0.94703
vt 0.75936 0.94535
vt 0.75727 0.94393
vt 0.75340 0.94460
vt 0.75339 0.94650
vt 0.74762 0.94269
vt 0.75624 0.94873
vt 0.75942 0.94830
vt 0.76315 0.94630
vt 0.76477 0.94394
vt 0.76776 0.94570
vt 0.76796 0.94351
vt 0.76196 0.94307
vt 0.75931 0.94174
vt 0.74829 0.94522
vt 0.74347 0.94085
vt 0.74495 0.94019
vt 0.74149 0.93814
vt 0.74014 0.93804
vt 0.75066 0.94178
vt 0.75517 0.94278
vt 0.76285 0.94842
vt 0.76851 0.94857
vt 0.75388 0.94909
vt 0.74111 0.94002
vt 0.75790 0.94063
vt 0.76225 0.94063
vt 0.74438 0.94340
vt 0.75466 0.94111
vt 0.36217 0.11370
vt 0.36480 0.11283
vt 0.36386 0.11441
vt 0.36632 0.11423
vt 0.36198 0.11563
vt 0.36066 0.11405
vt 0.36300 0.11073
vt 0.36083 0.11092
vt 0.35899 0.11228
vt 0.35959 0.09957
vt 0.35920 0.10467
vt 0.35764 0.10366
vt 0.36126 0.10268
vt 0.36130 0.09683
vt 0.36024 0.09531
vt 0.36149 0.10801
vt 0.35972 0.10938
vt 0.36251 0.09492
vt 0.35789 0.10718
vt 0.35750 0.09947
vt 0.35749 0.11112
vt 0.35880 0.09316
vt 0.36186 0.09180
vt 0.36090 0.08858
vt 0.36276 0.09349
vt 0.36367 0.08964
vt 0.36239 0.08843
vt 0.35956 0.11518
vt 0.35618 0.10441
vt 0.36480 0.08863
vt 0.35656 0.10761
vt 0.35607 0.09970
vt 0.36007 0.08721
vt 0.35920 0.08809
vt 0.35737 0.09289
vt 0.08845 0.04144
vt 0.08767 0.03870
vt 0.08953 0.03911
vt 0.09112 0.04059
vt 0.09155 0.03861
vt 0.08950 0.03706
vt 0.08692 0.03624
vt 0.09275 0.03591
vt 0.08478 0.03591
vt 0.09333 0.03933
vt 0.09424 0.03784
vt 0.48226 0.13591
vt 0.48476 0.13708
vt 0.48502 0.13536
vt 0.48705 0.13620
vt 0.48896 0.13810
vt 0.49079 0.13732
vt 0.48232 0.13686
vt 0.49363 0.13887
vt 0.49410 0.13690
vt 0.49828 0.13931
vt 0.49979 0.13715
vt 0.50149 0.13927
vt 0.50382 0.13812
vt 0.50315 0.13604
vt 0.50597 0.13601
vt 0.50812 0.13868
vt 0.50985 0.13591
vt 0.51459 0.13730
vt 0.47156 0.05101
vt 0.47122 0.04962
vt 0.46904 0.05063
vt 0.47306 0.05054
vt 0.47294 0.05224
vt 0.46727 0.04932
vt 0.47214 0.05249
vt 0.47437 0.04932
vt 0.46766 0.04854
vt 0.15422 0.23377
vt 0.15406 0.23683
vt 0.15520 0.23541
vt 0.15478 0.23875
vt 0.15557 0.23369
vt 0.15655 0.23323
vt 0.15597 0.23656
vt 0.15260 0.23323
vt 0.15300 0.23631
vt 0.15356 0.23861
vt 0.64590 0.90884
vt 0.64590 0.91042
vt 0.64472 0.90991
vt 0.64708 0.90987
vt 0.60923 0.64368
vt 0.61035 0.64101
vt 0.61088 0.64274
vt 0.61317 0.64049
vt 0.61296 0.64270
vt 0.61153 0.64483
vt 0.60966 0.64510
vt 0.61292 0.64552
vt 0.60955 0.64660
vt 0.61317 0.64838
vt 0.98620 0.62344
vt 0.98580 0.62160
vt 0.98471 0.62297
vt 0.98305 0.62178
vt 0.97928 0.62234
vt 0.97971 0.62349
vt 0.98141 0.62410
vt 0.97635 0.62256
vt 0.97773 0.62461
vt 0.98523 0.62455
vt 0.97873 0.62549
vt 0.97149 0.62273
vt 0.97176 0.62485
vt 0.96628 0.62396
vt 0.96569 0.62180
vt 0.96612 0.61997
vt 0.97010 0.62042
vt 0.97324 0.62016
vt 0.98575 0.62016
vt 0.79614 0.03361
vt 0.79406 0.03275
vt 0.79219 0.03361
vt 0.79342 0.03433
vt 0.94186 0.05183
vt 0.94155 0.05012
vt 0.94255 0.05109
vt 0.94053 0.05159
vt 0.94047 0.05361
vt 0.94225 0.05493
vt 0.94102 0.05709
vt 0.93888 0.05730
vt 0.94022 0.06064
vt 0.94155 0.06061
vt 0.94055 0.06676
vt 0.94282 0.05858
vt 0.94255 0.06827
vt 0.50006 0.26717
vt 0.50039 0.26560
vt 0.49961 0.26506
vt 0.50006 0.26322
vt 0.56914 0.84964
vt 0.56871 0.84900
vt 0.56979 0.84908
vt 0.56913 0.84765
vt 0.56734 0.84336
vt 0.56716 0.84544
vt 0.56506 0.84381
vt 0.56638 0.84642
vt 0.56943 0.84365
vt 0.56914 0.84096
vt 0.56708 0.84206
vt 0.02915 0.80052
vt 0.02957 0.79984
vt 0.02879 0.79956
vt 0.02837 0.80054
vt 0.02324 0.80139
vt 0.02667 0.79943
vt 0.02122 0.79990
vt 0.02648 0.80030
vt 0.02628 0.80127
vt 0.01847 0.80175
vt 0.01687 0.79984
vt 0.01852 0.80281
vt 0.01600 0.80079
vt 0.01459 0.80308
vt 0.01583 0.79914
vt 0.01646 0.79834
vt 0.05166 0.08429
vt 0.05099 0.08406
vt 0.05114 0.08495
vt 0.04999 0.08511
vt 0.04868 0.08480
vt 0.04634 0.08691
vt 0.04423 0.08696
vt 0.04252 0.08861
vt 0.04159 0.08762
vt 0.03997 0.08885
vt 0.03821 0.08723
vt 0.03626 0.08873
vt 0.03420 0.08772
vt 0.03643 0.09039
vt 0.03370 0.08997
vt 0.03077 0.08853
vt 0.03251 0.09116
vt 0.02861 0.09018
vt 0.02800 0.08718
vt 0.03145 0.08624
vt 0.04495 0.08554
vt 0.03933 0.08581
vt 0.03434 0.08580
vt 0.02822 0.08529
vt 0.03566 0.08470
vt 0.03223 0.08429
vt 0.04951 0.08680
vt 0.04648 0.08789
vt 0.04211 0.09032
vt 0.04616 0.08933
vt 0.95860 0.51079
vt 0.95623 0.50947
vt 0.95623 0.51342
vt 0.26301 0.96969
vt 0.25894 0.96882
vt 0.25867 0.97027
vt 0.25670 0.96969
vt 0.25690 0.97040
vt 0.62973 0.02802
vt 0.63368 0.02802
vt 0.63247 0.02960
vt 0.97440 0.37698
vt 0.97496 0.37385
vt 0.97595 0.37476
vt 0.97540 0.37955
vt 0.97591 0.37256
vt 0.97455 0.38101
vt 0.97591 0.38240
vt 0.97360 0.37202
vt 0.97358 0.37608
vt 0.97358 0.37309
vt 0.97480 0.37135
vt 0.62894 0.37521
vt 0.62737 0.37564
vt 0.62816 0.37379
vt 0.62848 0.37832
vt 0.62743 0.37344
vt 0.62756 0.38043
vt 0.62848 0.38319
vt 0.62848 0.37214
vt 0.16268 0.43346
vt 0.16636 0.43533
vt 0.16619 0.43373
vt 0.16793 0.43607
vt 0.16916 0.43456
vt 0.16302 0.43501
vt 0.15812 0.43299
vt 0.16068 0.43212
vt 0.16599 0.43224
vt 0.16900 0.43299
vt 0.53638 0.13536
vt 0.53105 0.13559
vt 0.53186 0.13632
vt 0.52870 0.13652
vt 0.52800 0.13561
vt 0.53295 0.13694
vt 0.53714 0.13612
vt 0.53904 0.13561
vt 0.26840 0.75262
vt 0.26757 0.74992
vt 0.27336 0.74977
vt 0.27473 0.75205
vt 0.26988 0.75541
vt 0.27729 0.75487
vt 0.27262 0.75685
vt 0.27877 0.75077
vt 0.28613 0.75371
vt 0.28496 0.75101
vt 0.29084 0.75167
vt 0.28841 0.75480
vt 0.28370 0.75644
vt 0.27825 0.75766
vt 0.26623 0.75976
vt 0.27183 0.75945
vt 0.29002 0.76070
vt 0.29305 0.75552
vt 0.29513 0.75939
vt 0.29250 0.75357
vt 0.29558 0.76173
vt 0.29744 0.75325
vt 0.29565 0.75101
vt 0.30103 0.74990
vt 0.30371 0.75334
vt 0.30910 0.74992
vt 0.30648 0.74743
vt 0.31445 0.74546
vt 0.30884 0.75322
vt 0.31454 0.75097
vt 0.31581 0.74787
vt 0.31814 0.74952
vt 0.32096 0.74564
vt 0.31897 0.74343
vt 0.32467 0.74207
vt 0.32630 0.74627
vt 0.32932 0.74400
vt 0.32612 0.74855
vt 0.32098 0.74908
vt 0.33102 0.74748
vt 0.33391 0.74580
vt 0.33330 0.74266
vt 0.32926 0.74203
vt 0.33076 0.74073
vt 0.33839 0.74460
vt 0.31032 0.75668
vt 0.29901 0.75791
vt 0.30522 0.75767
vt 0.30108 0.75986
vt 0.29132 0.76365
vt 0.28633 0.76410
vt 0.28157 0.76190
vt 0.31494 0.75351
vt 0.31709 0.75591
vt 0.26638 0.76295
vt 0.27351 0.76423
vt 0.27838 0.76588
vt 0.28191 0.76615
vt 0.28608 0.76565
vt 0.27285 0.76820
vt 0.26897 0.76625
vt 0.26683 0.76841
vt 0.31384 0.75857
vt 0.32184 0.75433
vt 0.32306 0.75244
vt 0.32648 0.75357
vt 0.30901 0.75975
vt 0.29854 0.76227
vt 0.32339 0.75800
vt 0.32826 0.75584
vt 0.33111 0.75385
vt 0.33286 0.75600
vt 0.33695 0.75333
vt 0.34018 0.75679
vt 0.34345 0.75486
vt 0.27572 0.76855
vt 0.30514 0.76021
vt 0.26791 0.77008
vt 0.26920 0.77226
vt 0.29430 0.76459
vt 0.26717 0.77528
vt 0.28207 0.76870
vt 0.28683 0.76802
vt 0.27664 0.77116
vt 0.30349 0.76489
vt 0.30798 0.76263
vt 0.31045 0.76551
vt 0.27131 0.77421
vt 0.29318 0.76920
vt 0.30059 0.77012
vt 0.29266 0.77341
vt 0.28519 0.77347
vt 0.29982 0.77294
vt 0.30590 0.77073
vt 0.30975 0.76836
vt 0.28628 0.77729
vt 0.27818 0.77573
vt 0.29213 0.77616
vt 0.31470 0.76711
vt 0.49212 0.76613
vt 0.49139 0.76437
vt 0.48864 0.76737
vt 0.48494 0.76517
vt 0.48430 0.76816
vt 0.48045 0.76637
vt 0.47974 0.76811
vt 0.49124 0.76828
vt 0.47730 0.76704
vt 0.47547 0.76409
vt 0.49434 0.76677
vt 0.49379 0.75088
vt 0.49243 0.74959
vt 0.48933 0.75050
vt 0.49900 0.74789
vt 0.48943 0.75266
vt 0.49490 0.74726
vt 0.50118 0.74530
vt 0.48414 0.75288
vt 0.47217 0.76450
vt 0.47516 0.76167
vt 0.47223 0.76782
vt 0.46504 0.76703
vt 0.46616 0.76371
vt 0.45917 0.76522
vt 0.45772 0.76714
vt 0.45207 0.76452
vt 0.45900 0.76243
vt 0.45472 0.76863
vt 0.44780 0.76897
vt 0.47240 0.76051
vt 0.44705 0.76372
vt 0.44038 0.76736
vt 0.46702 0.75959
vt 0.45403 0.75973
vt 0.44841 0.75879
vt 0.45512 0.75742
vt 0.46325 0.75749
vt 0.44175 0.76373
vt 0.43578 0.76410
vt 0.43402 0.76683
vt 0.43020 0.76645
vt 0.44060 0.75989
vt 0.46085 0.76903
vt 0.47076 0.75719
vt 0.46848 0.76884
vt 0.47471 0.75801
vt 0.42566 0.76426
vt 0.43180 0.76223
vt 0.42513 0.76599
vt 0.41958 0.76407
vt 0.41852 0.76723
vt 0.41398 0.76455
vt 0.41244 0.76230
vt 0.41083 0.76665
vt 0.40442 0.76348
vt 0.41889 0.76957
vt 0.40087 0.76460
vt 0.39880 0.76242
vt 0.39235 0.76277
vt 0.39269 0.75908
vt 0.38624 0.76029
vt 0.38200 0.75576
vt 0.40316 0.75966
vt 0.38174 0.76052
vt 0.38725 0.76252
vt 0.37738 0.75868
vt 0.37355 0.75408
vt 0.37171 0.75629
vt 0.36670 0.75324
vt 0.36676 0.75683
vt 0.36481 0.75490
vt 0.35663 0.75270
vt 0.35829 0.75521
vt 0.35098 0.75497
vt 0.34889 0.75256
vt 0.35366 0.74954
vt 0.34464 0.74977
vt 0.34385 0.75203
vt 0.33789 0.75084
vt 0.36198 0.74938
vt 0.34862 0.74602
vt 0.47689 0.75568
vt 0.37453 0.75949
vt 0.47984 0.75730
vt 0.48424 0.75458
vt 0.33068 0.75130
vt 0.42349 0.76859
vt 0.42867 0.76989
vt 0.36216 0.75758
vt 0.47561 0.76925
vt 0.42453 0.77084
vt 0.35601 0.75758
vt 0.43474 0.77017
vt 0.44221 0.76964
vt 0.34350 0.76127
vt 0.33537 0.76089
vt 0.34938 0.75735
vt 0.35091 0.76255
vt 0.35893 0.76122
vt 0.36750 0.76022
vt 0.35246 0.76547
vt 0.34621 0.76522
vt 0.35678 0.76642
vt 0.33855 0.76597
vt 0.36363 0.76541
vt 0.36439 0.76253
vt 0.36862 0.76272
vt 0.37384 0.76223
vt 0.33343 0.76465
vt 0.32820 0.76148
vt 0.33039 0.75919
vt 0.34375 0.76677
vt 0.38016 0.76244
vt 0.38066 0.76482
vt 0.38591 0.76495
vt 0.39322 0.76539
vt 0.39121 0.76700
vt 0.40077 0.76942
vt 0.40090 0.76658
vt 0.40834 0.77061
vt 0.41230 0.76851
vt 0.41657 0.77161
vt 0.42214 0.77333
vt 0.42732 0.77353
vt 0.41753 0.77511
vt 0.42581 0.77681
vt 0.36170 0.76730
vt 0.43123 0.77359
vt 0.43138 0.77668
vt 0.43877 0.77814
vt 0.43397 0.77959
vt 0.42829 0.77930
vt 0.35103 0.76770
vt 0.43694 0.77397
vt 0.44277 0.77725
vt 0.44665 0.78128
vt 0.44026 0.78114
vt 0.44888 0.77959
vt 0.45307 0.78408
vt 0.45537 0.78333
vt 0.45911 0.78646
vt 0.32689 0.76324
vt 0.32161 0.76069
vt 0.45941 0.78788
vt 0.46589 0.79145
vt 0.46610 0.78967
vt 0.40616 0.77213
vt 0.47224 0.79422
vt 0.47255 0.79221
vt 0.47569 0.79418
vt 0.47713 0.79699
vt 0.47935 0.79623
vt 0.35746 0.76819
vt 0.31926 0.76204
vt 0.48116 0.79949
vt 0.48452 0.79868
vt 0.48638 0.80091
vt 0.45603 0.78007
vt 0.44954 0.77680
vt 0.45749 0.77722
vt 0.46132 0.77877
vt 0.46270 0.77725
vt 0.46891 0.77791
vt 0.46247 0.78179
vt 0.45945 0.78354
vt 0.46826 0.77965
vt 0.46934 0.78248
vt 0.47526 0.78108
vt 0.46707 0.78400
vt 0.47290 0.77955
vt 0.47215 0.78466
vt 0.47517 0.78374
vt 0.47491 0.78648
vt 0.47676 0.77935
vt 0.44439 0.77533
vt 0.47949 0.78088
vt 0.46334 0.78614
vt 0.47892 0.78303
vt 0.48642 0.78270
vt 0.48098 0.79505
vt 0.46974 0.78606
vt 0.44035 0.77323
vt 0.47329 0.79100
vt 0.48473 0.78061
vt 0.49163 0.78139
vt 0.31466 0.76029
vt 0.49254 0.78332
vt 0.48605 0.79764
vt 0.47250 0.77773
vt 0.47710 0.77762
vt 0.44861 0.77331
vt 0.45370 0.77078
vt 0.46699 0.77085
vt 0.47579 0.77172
vt 0.48105 0.77012
vt 0.45522 0.77470
vt 0.48651 0.77028
vt 0.49238 0.77002
vt 0.46154 0.77410
vt 0.46954 0.77318
vt 0.47566 0.77365
vt 0.47331 0.78834
vt 0.48274 0.79439
vt 0.48001 0.79272
vt 0.47706 0.79061
vt 0.49126 0.80200
vt 0.46653 0.77608
vt 0.47299 0.77511
vt 0.47750 0.77334
vt 0.47944 0.77295
vt 0.49012 0.80333
vt 0.49466 0.80523
vt 0.49565 0.80439
vt 0.47651 0.78665
vt 0.47744 0.78467
vt 0.50447 0.55945
vt 0.50271 0.55960
vt 0.50244 0.56045
vt 0.50020 0.56067
vt 0.50102 0.56241
vt 0.50451 0.55841
vt 0.54108 0.56361
vt 0.54140 0.56094
vt 0.53883 0.56239
vt 0.53904 0.56441
vt 0.53406 0.56453
vt 0.53094 0.56308
vt 0.52823 0.56501
vt 0.52861 0.56720
vt 0.52143 0.56656
vt 0.52139 0.56888
vt 0.51917 0.56946
vt 0.51742 0.56797
vt 0.51632 0.56897
vt 0.51816 0.56532
vt 0.51498 0.56724
vt 0.52343 0.56405
vt 0.51570 0.56423
vt 0.51277 0.56496
vt 0.50812 0.56708
vt 0.50705 0.56476
vt 0.50019 0.56539
vt 0.51054 0.56232
vt 0.49598 0.56309
vt 0.49856 0.56133
vt 0.49251 0.56125
vt 0.52012 0.56223
vt 0.51754 0.56080
vt 0.51547 0.56246
vt 0.52543 0.56150
vt 0.53128 0.56159
vt 0.53751 0.56098
vt 0.54092 0.56015
vt 0.53984 0.55932
vt 0.51410 0.56033
vt 0.50911 0.56040
vt 0.50474 0.56068
vt 0.54134 0.55841
vt 0.82158 0.18295
vt 0.81065 0.18272
vt 0.81422 0.18474
vt 0.81953 0.18494
vt 0.82341 0.18503
vt 0.80653 0.18452
vt 0.80319 0.18295
vt 0.80232 0.18508
vt 0.82374 0.18287
vt 0.80087 0.18287
vt 0.90686 0.98959
vt 0.90884 0.98741
vt 0.90311 0.98480
vt 0.91401 0.99087
vt 0.90876 0.98233
vt 0.91498 0.98445
vt 0.91519 0.98893
vt 0.89905 0.98827
vt 0.91903 0.98696
vt 0.90705 0.97972
vt 0.89887 0.98199
vt 0.91798 0.98024
vt 0.89588 0.98676
vt 0.89436 0.98148
vt 0.92095 0.99091
vt 0.88900 0.98470
vt 0.91544 0.97751
vt 0.92296 0.97848
vt 0.92617 0.98118
vt 0.92990 0.97881
vt 0.93296 0.98102
vt 0.93596 0.97753
vt 0.92273 0.98890
vt 0.92702 0.98724
vt 0.89704 0.97854
vt 0.90308 0.97833
vt 0.94042 0.97964
vt 0.92848 0.98964
vt 0.92873 0.99225
vt 0.93445 0.99055
vt 0.93622 0.99392
vt 0.94025 0.99247
vt 0.94083 0.99487
vt 0.94584 0.99370
vt 0.94633 0.99020
vt 0.95239 0.99362
vt 0.95170 0.99103
vt 0.94932 0.98813
vt 0.95653 0.99106
vt 0.95810 0.99315
vt 0.94294 0.98865
vt 0.94085 0.99017
vt 0.93445 0.98887
vt 0.93710 0.98719
vt 0.95495 0.98807
vt 0.88916 0.98176
vt 0.94476 0.97751
vt 0.94422 0.98142
vt 0.94921 0.97881
vt 0.95117 0.98074
vt 0.95352 0.97860
vt 0.95607 0.98091
vt 0.96002 0.97953
vt 0.96333 0.98207
vt 0.95218 0.98813
vt 0.88283 0.98443
vt 0.88032 0.98198
vt 0.87420 0.98419
vt 0.87050 0.98234
vt 0.86632 0.98376
vt 0.92406 0.98453
vt 0.80566 0.72979
vt 0.80468 0.73347
vt 0.80428 0.72993
vt 0.80305 0.73264
vt 0.80349 0.73904
vt 0.80511 0.73788
vt 0.80174 0.72845
vt 0.80183 0.73931
vt 0.80124 0.73592
vt 0.80442 0.74099
vt 0.80239 0.74194
vt 0.80371 0.74353
vt 0.80200 0.74394
vt 0.80342 0.74471
vt 0.80087 0.73235
vt 0.80329 0.72680
vt 0.80481 0.72657
vt 0.80426 0.72244
vt 0.80283 0.72219
vt 0.80332 0.72062
vt 0.80203 0.72055
vt 0.80380 0.71966
vt 0.80543 0.72113
vt 0.80178 0.72376
vt 0.80583 0.74295
vt 0.80584 0.74526
vt 0.80651 0.73999
vt 0.80634 0.73669
vt 0.80603 0.72307
vt 0.80635 0.73305
vt 0.80624 0.72779
vt 0.80754 0.73170
vt 0.80648 0.71981
vt 0.80732 0.72038
vt 0.80781 0.73553
vt 0.80797 0.73967
vt 0.80786 0.74327
vt 0.80732 0.74546
vt 0.80231 0.71942
vt 0.25945 0.98950
vt 0.26250 0.99075
vt 0.26118 0.99256
vt 0.25828 0.99169
vt 0.26107 0.98856
vt 0.26380 0.99223
vt 0.26237 0.99408
vt 0.26380 0.99030
vt 0.26232 0.98858
vt 0.26008 0.99390
vt 0.25866 0.99287
vt 0.92267 0.09984
vt 0.92153 0.09851
vt 0.91695 0.09924
vt 0.92461 0.09780
vt 0.91967 0.09671
vt 0.92224 0.09632
vt 0.93023 0.09981
vt 0.93109 0.09769
vt 0.93560 0.09929
vt 0.93820 0.09721
vt 0.94214 0.09820
vt 0.94257 0.09567
vt 0.94470 0.09531
vt 0.94519 0.09810
vt 0.93824 0.09519
vt 0.93018 0.09511
vt 0.92474 0.09523
vt 0.91254 0.09511
vt 0.91379 0.09739
vt 0.91622 0.09531
vt 0.91104 0.09580
vt 0.91113 0.09768
vt 0.91049 0.09706
vt 0.58270 0.57675
vt 0.58079 0.57805
vt 0.57994 0.57610
vt 0.58064 0.57460
vt 0.58295 0.57972
vt 0.58409 0.57761
vt 0.58096 0.57969
vt 0.58478 0.57634
vt 0.58396 0.57495
vt 0.58146 0.57419
vt 0.58396 0.57919
vt 0.57934 0.57785
vt 0.57926 0.57560
vt 0.73682 0.26676
vt 0.73560 0.26827
vt 0.73687 0.26805
vt 0.73478 0.26523
vt 0.73249 0.26626
vt 0.73387 0.26959
vt 0.73395 0.26131
vt 0.73086 0.26914
vt 0.73098 0.26351
vt 0.73331 0.27100
vt 0.73143 0.25704
vt 0.73619 0.25823
vt 0.73527 0.25501
vt 0.73663 0.25619
vt 0.73841 0.25725
vt 0.73277 0.25165
vt 0.73617 0.25037
vt 0.73794 0.25106
vt 0.73772 0.24904
vt 0.73302 0.24849
vt 0.73630 0.24728
vt 0.73737 0.26593
vt 0.73838 0.24654
vt 0.73887 0.25802
vt 0.73616 0.26259
vt 0.73680 0.26117
vt 0.73775 0.25906
vt 0.72543 0.25528
vt 0.72619 0.25179
vt 0.72164 0.25240
vt 0.72871 0.24828
vt 0.72250 0.24903
vt 0.72862 0.25954
vt 0.72795 0.26786
vt 0.72443 0.26235
vt 0.72028 0.25741
vt 0.71791 0.26228
vt 0.72323 0.26620
vt 0.71755 0.26505
vt 0.71707 0.25406
vt 0.71302 0.26116
vt 0.71257 0.25672
vt 0.72959 0.27098
vt 0.71120 0.26500
vt 0.73122 0.24544
vt 0.72178 0.26931
vt 0.71371 0.26742
vt 0.70633 0.26324
vt 0.70831 0.26007
vt 0.73537 0.24445
vt 0.73436 0.24259
vt 0.73202 0.24078
vt 0.73360 0.23913
vt 0.73599 0.24058
vt 0.73753 0.24273
vt 0.73656 0.23793
vt 0.72874 0.24435
vt 0.73256 0.27269
vt 0.72854 0.23956
vt 0.72893 0.24091
vt 0.71827 0.24921
vt 0.71410 0.25136
vt 0.71194 0.25454
vt 0.73873 0.26165
vt 0.73794 0.25373
vt 0.70119 0.25989
vt 0.70719 0.25726
vt 0.70022 0.26279
vt 0.69376 0.26002
vt 0.70472 0.25548
vt 0.69461 0.25791
vt 0.74067 0.25355
vt 0.74056 0.25533
vt 0.74324 0.25648
vt 0.69848 0.25548
vt 0.72336 0.24118
vt 0.72265 0.23989
vt 0.73707 0.24545
vt 0.74418 0.25435
vt 0.73847 0.24408
vt 0.70915 0.25023
vt 0.74602 0.25603
vt 0.74949 0.25446
vt 0.75000 0.25730
vt 0.75501 0.25582
vt 0.75329 0.25343
vt 0.75867 0.25345
vt 0.74783 0.25238
vt 0.74245 0.25175
vt 0.73849 0.25039
vt 0.73141 0.23824
vt 0.73511 0.23717
vt 0.72726 0.23852
vt 0.72086 0.24120
vt 0.74035 0.24448
vt 0.77085 0.25856
vt 0.76939 0.25709
vt 0.76799 0.25746
vt 0.76582 0.25565
vt 0.76495 0.25681
vt 0.76322 0.25450
vt 0.76065 0.25547
vt 0.77168 0.25763
vt 0.77169 0.25874
vt 0.76990 0.25977
vt 0.76761 0.25876
vt 0.77081 0.26043
vt 0.76486 0.25883
vt 0.75921 0.25638
vt 0.76848 0.26092
vt 0.66698 0.26123
vt 0.66248 0.26016
vt 0.65918 0.26184
vt 0.65600 0.26071
vt 0.66936 0.25950
vt 0.67540 0.26032
vt 0.67490 0.25786
vt 0.68303 0.25945
vt 0.65194 0.26228
vt 0.65105 0.25951
vt 0.66512 0.25727
vt 0.67061 0.25570
vt 0.64336 0.26351
vt 0.64505 0.26053
vt 0.63680 0.26424
vt 0.63847 0.26132
vt 0.63271 0.26375
vt 0.65955 0.25804
vt 0.66284 0.25354
vt 0.67127 0.25279
vt 0.65332 0.25584
vt 0.67838 0.25426
vt 0.67927 0.25679
vt 0.68540 0.25569
vt 0.68465 0.25293
vt 0.62888 0.26651
vt 0.68720 0.25818
vt 0.69057 0.25493
vt 0.64772 0.25691
vt 0.63397 0.26005
vt 0.62493 0.26324
vt 0.62649 0.26545
vt 0.61612 0.26521
vt 0.61658 0.26273
vt 0.61957 0.26683
vt 0.61351 0.26765
vt 0.60896 0.26273
vt 0.60963 0.26587
vt 0.60486 0.26854
vt 0.60249 0.26452
vt 0.59909 0.26724
vt 0.59305 0.26490
vt 0.59196 0.26801
vt 0.58680 0.26616
vt 0.58739 0.26891
vt 0.58279 0.26769
vt 0.58287 0.27090
vt 0.57696 0.27116
vt 0.67331 0.25044
vt 0.67935 0.24961
vt 0.68077 0.25136
vt 0.57631 0.26885
vt 0.57200 0.27081
vt 0.57050 0.26908
vt 0.68786 0.26088
vt 0.56661 0.26987
vt 0.56709 0.26751
vt 0.58383 0.26448
vt 0.56002 0.26742
vt 0.55971 0.26894
vt 0.55193 0.26772
vt 0.57719 0.26497
vt 0.68434 0.24763
vt 0.68430 0.25007
vt 0.68797 0.25267
vt 0.69288 0.25403
vt 0.57267 0.26642
vt 0.56881 0.26586
vt 0.56961 0.26321
vt 0.56245 0.26053
vt 0.56190 0.26476
vt 0.55366 0.26420
vt 0.54579 0.26559
vt 0.55215 0.25893
vt 0.54416 0.26189
vt 0.54677 0.25693
vt 0.54205 0.25852
vt 0.53835 0.26109
vt 0.54302 0.25440
vt 0.53603 0.25466
vt 0.53653 0.25134
vt 0.52979 0.25073
vt 0.52955 0.25352
vt 0.52505 0.25077
vt 0.52433 0.24849
vt 0.51787 0.24714
vt 0.51946 0.25020
vt 0.53405 0.25951
vt 0.55966 0.25715
vt 0.55337 0.25556
vt 0.54763 0.25385
vt 0.53328 0.25661
vt 0.54380 0.26742
vt 0.56894 0.26029
vt 0.57344 0.26295
vt 0.52985 0.25835
vt 0.53471 0.26603
vt 0.53966 0.26476
vt 0.56513 0.25817
vt 0.54204 0.25230
vt 0.52331 0.25439
vt 0.58822 0.26369
vt 0.53284 0.26241
vt 0.57288 0.26046
vt 0.52697 0.26372
vt 0.52694 0.26595
vt 0.52272 0.26456
vt 0.52024 0.26207
vt 0.51574 0.26394
vt 0.52538 0.25943
vt 0.51619 0.25752
vt 0.67753 0.24799
vt 0.68271 0.24668
vt 0.53130 0.24825
vt 0.52410 0.25735
vt 0.51896 0.25614
vt 0.52190 0.24611
vt 0.68156 0.26110
vt 0.54760 0.25243
vt 0.55385 0.25364
vt 0.54035 0.25040
vt 0.68724 0.24513
vt 0.56022 0.25544
vt 0.68772 0.24750
vt 0.60844 0.80229
vt 0.60844 0.80071
vt 0.60686 0.80141
vt 0.66663 0.27621
vt 0.66203 0.27527
vt 0.66341 0.27741
vt 0.66925 0.27762
vt 0.66846 0.27406
vt 0.65867 0.27656
vt 0.65779 0.27448
vt 0.65454 0.27623
vt 0.67172 0.27553
vt 0.67477 0.27450
vt 0.67694 0.27592
vt 0.65806 0.27863
vt 0.66148 0.27906
vt 0.67499 0.27739
vt 0.65309 0.27811
vt 0.65149 0.27591
vt 0.65127 0.27455
vt 0.64906 0.27518
vt 0.64873 0.27298
vt 0.65462 0.27330
vt 0.68052 0.27453
vt 0.64818 0.27491
vt 0.64828 0.27616
vt 0.66145 0.27350
vt 0.64877 0.27805
vt 0.68115 0.27713
vt 0.64647 0.27768
vt 0.64721 0.27290
vt 0.66431 0.27979
vt 0.68357 0.27570
vt 0.68494 0.27461
vt 0.68337 0.27315
vt 0.68157 0.27229
vt 0.67721 0.27297
vt 0.67087 0.27223
vt 0.66659 0.27211
vt 0.65735 0.27237
vt 0.65189 0.27209
vt 0.64629 0.27118
vt 0.68322 0.27069
vt 0.64923 0.27032
vt 0.68210 0.27032
vt 0.64393 0.68109
vt 0.64423 0.67660
vt 0.64538 0.67772
vt 0.64485 0.68101
vt 0.64550 0.67474
vt 0.64438 0.67443
vt 0.64438 0.68232
vt 0.97358 0.08420
vt 0.97273 0.08324
vt 0.97244 0.08564
vt 0.97328 0.08077
vt 0.97200 0.07960
vt 0.97244 0.07774
vt 0.69909 0.32846
vt 0.70236 0.32952
vt 0.70216 0.32791
vt 0.70419 0.32932
vt 0.70381 0.32733
vt 0.69888 0.32948
vt 0.69677 0.32815
vt 0.70026 0.32715
vt 0.70465 0.32815
vt 0.10661 0.35635
vt 0.10889 0.35745
vt 0.11105 0.35653
vt 0.11248 0.35793
vt 0.11317 0.35696
vt 0.10528 0.35696
vt 0.38529 0.91438
vt 0.38200 0.91268
vt 0.38442 0.91050
vt 0.38161 0.90727
vt 0.38320 0.90526
vt 0.38114 0.90142
vt 0.37884 0.90266
vt 0.37927 0.90755
vt 0.37897 0.89839
vt 0.37695 0.89706
vt 0.37622 0.90214
vt 0.37422 0.89632
vt 0.37562 0.89210
vt 0.37299 0.89187
vt 0.37792 0.89345
vt 0.37731 0.88964
vt 0.37506 0.88751
vt 0.38018 0.89602
vt 0.37601 0.88513
vt 0.37268 0.88503
vt 0.37361 0.88187
vt 0.37569 0.88173
vt 0.37419 0.87786
vt 0.37229 0.87883
vt 0.37231 0.87564
vt 0.37302 0.87305
vt 0.38134 0.91598
vt 0.37730 0.88522
vt 0.37988 0.89308
vt 0.37129 0.87053
vt 0.37079 0.87262
vt 0.36968 0.86753
vt 0.37166 0.86802
vt 0.37009 0.86589
vt 0.36927 0.86528
vt 0.37123 0.86477
vt 0.37807 0.91156
vt 0.37583 0.90631
vt 0.36993 0.86170
vt 0.36846 0.86163
vt 0.37021 0.87625
vt 0.37078 0.88678
vt 0.38648 0.91048
vt 0.38517 0.90600
vt 0.36995 0.88161
vt 0.36754 0.85735
vt 0.36879 0.85630
vt 0.36758 0.85398
vt 0.36822 0.84992
vt 0.36669 0.84920
vt 0.36736 0.84599
vt 0.36903 0.84552
vt 0.36753 0.84150
vt 0.36609 0.84273
vt 0.36617 0.83773
vt 0.36703 0.83814
vt 0.36638 0.83361
vt 0.37094 0.84738
vt 0.37089 0.85276
vt 0.37093 0.85708
vt 0.36915 0.83987
vt 0.37047 0.84237
vt 0.36801 0.83589
vt 0.36730 0.83112
vt 0.36583 0.82856
vt 0.36501 0.83124
vt 0.36543 0.83530
vt 0.36453 0.82765
vt 0.36446 0.82326
vt 0.36596 0.82354
vt 0.36492 0.81924
vt 0.36419 0.81999
vt 0.36335 0.81580
vt 0.36371 0.81328
vt 0.36243 0.81192
vt 0.36249 0.80912
vt 0.36139 0.80833
vt 0.36248 0.80679
vt 0.36107 0.80570
vt 0.36300 0.80376
vt 0.36396 0.80842
vt 0.36042 0.80210
vt 0.36099 0.79985
vt 0.35855 0.79787
vt 0.35843 0.79981
vt 0.35648 0.79708
vt 0.35642 0.79477
vt 0.35823 0.79529
vt 0.35598 0.79221
vt 0.35459 0.79358
vt 0.35419 0.78919
vt 0.35255 0.78893
vt 0.35250 0.78535
vt 0.35405 0.78569
vt 0.35221 0.78335
vt 0.35024 0.78249
vt 0.35106 0.78491
vt 0.35601 0.78988
vt 0.36431 0.81039
vt 0.36567 0.80751
vt 0.36023 0.80665
vt 0.35938 0.80453
vt 0.36735 0.82661
vt 0.37304 0.85432
vt 0.37295 0.85057
vt 0.38439 0.90176
vt 0.38299 0.89716
vt 0.36586 0.81840
vt 0.35797 0.80237
vt 0.37603 0.87917
vt 0.37462 0.87602
vt 0.37955 0.88908
vt 0.35267 0.78235
vt 0.37813 0.88409
vt 0.34993 0.78084
vt 0.34795 0.78104
vt 0.34985 0.77930
vt 0.34798 0.77887
vt 0.34764 0.77739
vt 0.34615 0.77745
vt 0.34641 0.77630
vt 0.34472 0.77610
vt 0.34403 0.77652
vt 0.34202 0.77419
vt 0.34090 0.77481
vt 0.33955 0.77341
vt 0.33928 0.77466
vt 0.34025 0.77309
vt 0.34543 0.77833
vt 0.34708 0.77976
vt 0.36520 0.80493
vt 0.36249 0.80042
vt 0.37265 0.86684
vt 0.36899 0.86850
vt 0.38223 0.89268
vt 0.36690 0.81027
vt 0.37382 0.84551
vt 0.35641 0.79946
vt 0.36603 0.81343
vt 0.36735 0.80803
vt 0.37153 0.89188
vt 0.37317 0.90019
vt 0.36047 0.80891
vt 0.35846 0.79308
vt 0.37360 0.85733
vt 0.37319 0.84196
vt 0.35331 0.79375
vt 0.36975 0.83506
vt 0.37194 0.83785
vt 0.37397 0.85935
vt 0.36822 0.82374
vt 0.37177 0.86099
vt 0.36053 0.79638
vt 0.36821 0.81138
vt 0.36147 0.81418
vt 0.35443 0.79708
vt 0.37300 0.86478
vt 0.38649 0.90437
vt 0.33892 0.77531
vt 0.34087 0.77578
vt 0.34343 0.77691
vt 0.36888 0.81555
vt 0.37012 0.83041
vt 0.36255 0.81907
vt 0.37443 0.85377
vt 0.36969 0.82105
vt 0.36767 0.81713
vt 0.37551 0.85023
vt 0.37672 0.85863
vt 0.35496 0.78497
vt 0.37386 0.86879
vt 0.37266 0.83323
vt 0.37175 0.82677
vt 0.37537 0.86195
vt 0.37387 0.83816
vt 0.35668 0.78884
vt 0.37505 0.84207
vt 0.37399 0.86568
vt 0.37443 0.87277
vt 0.37728 0.85548
vt 0.37378 0.86285
vt 0.37882 0.85933
vt 0.37791 0.86150
vt 0.37832 0.88122
vt 0.37666 0.86364
vt 0.37852 0.86535
vt 0.37978 0.86362
vt 0.37760 0.86669
vt 0.37978 0.87001
vt 0.38076 0.86824
vt 0.38176 0.87321
vt 0.38072 0.87265
vt 0.37849 0.87173
vt 0.37810 0.86995
vt 0.37991 0.87376
vt 0.38202 0.87704
vt 0.38067 0.88490
vt 0.38164 0.88882
vt 0.37588 0.87589
vt 0.38359 0.89114
vt 0.38485 0.89409
f 2903/2903 2906/2906 2905/2905
f 2903/2903 2905/2905 2904/2904
f 2903/2903 2902/2902 2908/2908
f 870/870 860/860 861/861
f 861/861 860/860 855/855
f 855/855 860/860 859/859
f 2903/2903 2908/2908 2906/2906
f 1616/1616 1617/1617 1618/1618
f 877/877 861/861 855/855
f 1616/1616 1618/1618 1649/1649
f 855/855 859/859 858/858
f 2906/2906 2907/2907 2905/2905
f 2906/2906 2909/2909 2907/2907
f 877/877 855/855 854/854
f 858/858 859/859 878/878
f 859/859 886/886 878/878
f 855/855 858/858 856/856
f 858/858 878/878 856/856
f 2903/2903 2901/2901 2902/2902
f 2396/2396 2393/2393 2391/2391
f 2903/2903 2904/2904 2901/2901
f 2393/2393 2389/2389 2390/2390
f 2393/2393 2390/2390 2391/2391
f 2358/2358 2361/2361 2359/2359
f 2391/2391 2390/2390 2361/2361
f 2391/2391 2361/2361 2358/2358
f 1649/1649 1618/1618 1643/1643
f 2361/2361 2363/2363 2359/2359
f 2979/2979 2980/2980 2981/2981
f 2390/2390 2364/2364 2361/2361
f 1617/1617 1619/1619 1618/1618
f 1618/1618 1619/1619 1628/1628
f 1617/1617 1620/1620 1619/1619
f 888/888 854/854 887/887
f 854/854 855/855 853/853
f 855/855 856/856 853/853
f 856/856 878/878 879/879
f 856/856 857/857 853/853
f 856/856 879/879 857/857
f 853/853 844/844 842/842
f 844/844 843/843 842/842
f 853/853 857/857 844/844
f 813/813 814/814 811/811
f 844/844 857/857 843/843
f 813/813 811/811 812/812
f 854/854 849/849 868/868
f 887/887 854/854 868/868
f 1620/1620 1621/1621 1619/1619
f 1620/1620 1623/1623 1622/1622
f 289/289 288/288 286/286
f 868/868 849/849 867/867
f 286/286 288/288 285/285
f 1180/1180 1164/1164 1181/1181
f 1621/1621 1620/1620 1622/1622
f 1621/1621 1622/1622 1627/1627
f 854/854 853/853 849/849
f 853/853 842/842 849/849
f 842/842 843/843 841/841
f 843/843 882/882 841/841
f 1181/1181 1164/1164 1166/1166
f 1618/1618 1628/1628 1643/1643
f 2389/2389 2388/2388 2390/2390
f 2390/2390 2388/2388 2364/2364
f 2361/2361 2364/2364 2363/2363
f 2380/2380 2363/2363 2379/2379
f 2364/2364 2365/2365 2363/2363
f 2363/2363 2365/2365 2379/2379
f 2379/2379 2365/2365 2367/2367
f 2364/2364 2388/2388 2366/2366
f 2364/2364 2366/2366 2365/2365
f 1619/1619 1621/1621 1628/1628
f 1628/1628 1621/1621 1627/1627
f 1628/1628 1627/1627 1643/1643
f 2389/2389 2384/2384 2388/2388
f 1627/1627 1644/1644 1643/1643
f 2384/2384 2382/2382 2388/2388
f 2388/2388 2382/2382 2366/2366
f 1627/1627 1639/1639 1644/1644
f 2384/2384 2381/2381 2382/2382
f 2382/2382 2381/2381 2371/2371
f 2384/2384 2385/2385 2381/2381
f 814/814 815/815 811/811
f 811/811 815/815 816/816
f 2365/2365 2366/2366 2367/2367
f 2366/2366 2368/2368 2367/2367
f 2382/2382 2371/2371 2366/2366
f 2366/2366 2371/2371 2368/2368
f 816/816 808/808 811/811
f 810/810 811/811 808/808
f 808/808 816/816 805/805
f 2368/2368 2371/2371 2370/2370
f 2368/2368 2369/2369 2367/2367
f 2368/2368 2370/2370 2369/2369
f 1938/1938 1947/1947 1941/1941
f 1941/1941 1947/1947 1951/1951
f 1954/1954 1973/1973 1972/1972
f 1938/1938 1954/1954 1947/1947
f 1947/1947 1954/1954 1957/1957
f 1954/1954 1972/1972 1957/1957
f 1973/1973 1970/1970 1972/1972
f 1970/1970 1971/1971 1972/1972
f 1972/1972 1962/1962 1957/1957
f 1972/1972 1971/1971 1962/1962
f 867/867 849/849 851/851
f 1180/1180 1160/1160 1164/1164
f 1160/1160 1163/1163 1164/1164
f 1623/1623 1624/1624 1622/1622
f 286/286 285/285 282/282
f 1622/1622 1624/1624 1625/1625
f 849/849 842/842 838/838
f 849/849 838/838 851/851
f 1164/1164 1165/1165 1166/1166
f 1164/1164 1163/1163 1165/1165
f 842/842 841/841 838/838
f 841/841 840/840 838/838
f 841/841 882/882 840/840
f 810/810 808/808 809/809
f 851/851 838/838 823/823
f 838/838 840/840 824/824
f 1163/1163 1167/1167 1165/1165
f 1160/1160 1158/1158 1163/1163
f 1160/1160 1159/1159 1158/1158
f 282/282 285/285 281/281
f 867/867 852/852 876/876
f 867/867 851/851 852/852
f 1624/1624 1626/1626 1625/1625
f 838/838 824/824 823/823
f 1163/1163 1158/1158 1167/1167
f 824/824 840/840 885/885
f 824/824 885/885 884/884
f 851/851 823/823 852/852
f 852/852 823/823 845/845
f 823/823 825/825 826/826
f 823/823 826/826 845/845
f 823/823 824/824 825/825
f 824/824 884/884 825/825
f 1622/1622 1625/1625 1627/1627
f 1627/1627 1625/1625 1639/1639
f 2371/2371 2381/2381 2372/2372
f 2381/2381 2385/2385 2383/2383
f 2381/2381 2383/2383 2372/2372
f 2371/2371 2372/2372 2370/2370
f 808/808 805/805 804/804
f 808/808 804/804 778/778
f 809/809 808/808 778/778
f 1947/1947 1957/1957 1951/1951
f 1951/1951 1957/1957 1962/1962
f 1951/1951 1962/1962 1949/1949
f 1625/1625 1635/1635 1639/1639
f 2383/2383 2385/2385 2386/2386
f 1625/1625 1626/1626 1635/1635
f 1639/1639 1635/1635 1647/1647
f 2383/2383 2374/2374 2372/2372
f 2386/2386 2387/2387 2383/2383
f 2383/2383 2387/2387 2374/2374
f 804/804 805/805 732/732
f 778/778 804/804 732/732
f 2370/2370 2372/2372 2373/2373
f 778/778 691/691 693/693
f 778/778 732/732 691/691
f 2372/2372 2374/2374 2373/2373
f 1949/1949 1950/1950 1946/1946
f 1949/1949 1962/1962 1981/1981
f 1949/1949 1981/1981 1982/1982
f 1949/1949 1982/1982 1950/1950
f 281/281 280/280 282/282
f 1624/1624 1629/1629 1626/1626
f 1629/1629 1630/1630 1626/1626
f 1159/1159 1156/1156 1158/1158
f 1159/1159 1168/1168 1156/1156
f 876/876 852/852 862/862
f 280/280 281/281 279/279
f 876/876 862/862 875/875
f 1158/1158 1156/1156 1157/1157
f 825/825 827/827 826/826
f 825/825 884/884 827/827
f 796/796 693/693 689/689
f 852/852 845/845 862/862
f 1156/1156 1155/1155 1157/1157
f 1168/1168 1153/1153 1156/1156
f 862/862 848/848 875/875
f 1629/1629 1631/1631 1630/1630
f 280/280 279/279 225/225
f 1168/1168 1162/1162 1153/1153
f 845/845 826/826 828/828
f 845/845 828/828 848/848
f 1156/1156 1153/1153 1155/1155
f 826/826 827/827 828/828
f 862/862 845/845 848/848
f 1155/1155 1172/1172 1157/1157
f 1157/1157 1172/1172 1186/1186
f 1647/1647 1635/1635 1641/1641
f 1626/1626 1630/1630 1634/1634
f 1626/1626 1634/1634 1635/1635
f 1635/1635 1634/1634 1641/1641
f 693/693 691/691 689/689
f 2373/2373 2374/2374 2375/2375
f 732/732 692/692 691/691
f 691/691 692/692 687/687
f 2386/2386 2397/2397 2387/2387
f 1946/1946 1950/1950 1948/1948
f 2387/2387 2376/2376 2374/2374
f 2374/2374 2376/2376 2375/2375
f 2387/2387 2394/2394 2376/2376
f 1630/1630 1632/1632 1634/1634
f 1634/1634 1638/1638 1641/1641
f 2397/2397 2395/2395 2387/2387
f 2387/2387 2395/2395 2394/2394
f 2375/2375 2376/2376 2377/2377
f 692/692 690/690 687/687
f 1950/1950 1982/1982 1983/1983
f 1982/1982 1984/1984 1983/1983
f 1948/1948 1950/1950 1952/1952
f 2394/2394 2378/2378 2376/2376
f 2394/2394 2398/2398 2378/2378
f 1950/1950 1983/1983 1963/1963
f 1950/1950 1963/1963 1952/1952
f 1192/1192 1194/1194 1195/1195
f 2394/2394 2395/2395 2398/2398
f 1192/1192 1193/1193 1194/1194
f 2376/2376 2378/2378 2377/2377
f 875/875 848/848 869/869
f 279/279 17/17 225/225
f 17/17 279/279 16/16
f 1190/1190 1183/1183 1162/1162
f 1162/1162 1183/1183 1161/1161
f 17/17 32/32 225/225
f 17/17 16/16 15/15
f 17/17 15/15 32/32
f 1190/1190 1191/1191 1183/1183
f 1162/1162 1161/1161 1153/1153
f 1153/1153 1161/1161 1154/1154
f 1153/1153 1154/1154 1155/1155
f 848/848 828/828 847/847
f 848/848 847/847 869/869
f 1155/1155 1154/1154 1172/1172
f 847/847 828/828 846/846
f 1154/1154 1171/1171 1172/1172
f 15/15 16/16 14/14
f 16/16 238/238 14/14
f 869/869 847/847 863/863
f 1161/1161 1169/1169 1154/1154
f 1154/1154 1169/1169 1171/1171
f 1183/1183 1170/1170 1161/1161
f 1161/1161 1170/1170 1169/1169
f 14/14 238/238 226/226
f 847/847 846/846 863/863
f 1630/1630 1631/1631 1632/1632
f 1631/1631 1633/1633 1632/1632
f 1632/1632 1633/1633 1636/1636
f 1632/1632 1638/1638 1634/1634
f 1632/1632 1636/1636 1638/1638
f 1633/1633 1637/1637 1636/1636
f 1191/1191 1182/1182 1183/1183
f 1636/1636 1642/1642 1638/1638
f 1636/1636 1640/1640 1642/1642
f 1641/1641 1638/1638 1645/1645
f 1638/1638 1642/1642 1645/1645
f 1645/1645 1642/1642 1646/1646
f 1948/1948 1958/1958 1964/1964
f 187/187 182/182 181/181
f 1657/1657 1645/1645 1646/1646
f 1952/1952 1958/1958 1948/1948
f 1219/1219 1193/1193 1192/1192
f 1219/1219 1218/1218 1193/1193
f 771/771 777/777 729/729
f 771/771 729/729 690/690
f 777/777 671/671 729/729
f 1983/1983 1984/1984 1985/1985
f 1983/1983 1985/1985 1990/1990
f 1194/1194 1193/1193 1196/1196
f 1642/1642 1650/1650 1646/1646
f 1964/1964 1958/1958 1965/1965
f 1642/1642 1648/1648 1650/1650
f 187/187 188/188 182/182
f 1218/1218 1197/1197 1193/1193
f 1193/1193 1197/1197 1196/1196
f 32/32 15/15 34/34
f 1636/1636 1637/1637 1640/1640
f 15/15 13/13 34/34
f 15/15 14/14 13/13
f 34/34 13/13 78/78
f 1183/1183 1182/1182 1170/1170
f 1640/1640 1648/1648 1642/1642
f 1648/1648 1651/1651 1650/1650
f 14/14 226/226 11/11
f 14/14 11/11 13/13
f 1182/1182 1174/1174 1170/1170
f 863/863 846/846 865/865
f 78/78 13/13 79/79
f 226/226 218/218 11/11
f 11/11 12/12 13/13
f 1640/1640 1656/1656 1648/1648
f 1656/1656 1652/1652 1648/1648
f 1648/1648 1652/1652 1651/1651
f 1651/1651 1652/1652 1653/1653
f 12/12 35/35 13/13
f 11/11 5/5 12/12
f 12/12 5/5 35/35
f 13/13 35/35 79/79
f 79/79 35/35 72/72
f 1656/1656 1655/1655 1652/1652
f 35/35 21/21 72/72
f 1936/1936 1968/1968 1934/1934
f 1112/1112 1109/1109 1128/1128
f 1109/1109 1108/1108 1128/1128
f 1934/1934 1935/1935 1936/1936
f 1934/1934 1955/1955 1935/1935
f 1955/1955 1979/1979 1977/1977
f 1112/1112 1110/1110 1109/1109
f 1110/1110 1107/1107 1109/1109
f 1109/1109 1107/1107 1108/1108
f 1108/1108 1127/1127 1128/1128
f 1936/1936 1935/1935 1937/1937
f 1110/1110 1113/1113 1107/1107
f 1935/1935 1955/1955 1953/1953
f 1955/1955 1977/1977 1953/1953
f 2936/2936 2929/2929 2934/2934
f 1108/1108 1126/1126 1127/1127
f 1937/1937 1938/1938 1939/1939
f 1113/1113 1111/1111 1107/1107
f 1107/1107 1111/1111 1106/1106
f 1111/1111 1074/1074 1106/1106
f 1106/1106 1074/1074 1101/1101
f 1935/1935 1953/1953 1938/1938
f 1937/1937 1935/1935 1938/1938
f 1953/1953 1977/1977 1973/1973
f 2934/2934 2931/2931 2935/2935
f 2934/2934 2935/2935 2937/2937
f 1107/1107 1101/1101 1108/1108
f 1108/1108 1101/1101 1126/1126
f 1126/1126 1137/1137 1127/1127
f 2931/2931 2940/2940 2935/2935
f 1150/1150 1127/1127 1137/1137
f 2935/2935 2939/2939 2937/2937
f 1151/1151 1137/1137 1144/1144
f 1938/1938 1953/1953 1954/1954
f 1953/1953 1973/1973 1954/1954
f 2934/2934 2937/2937 2936/2936
f 2936/2936 2937/2937 2938/2938
f 1995/1995 1992/1992 1974/1974
f 1995/1995 1974/1974 1973/1973
f 1973/1973 1974/1974 1970/1970
f 1107/1107 1106/1106 1101/1101
f 1137/1137 1136/1136 1144/1144
f 1137/1137 1126/1126 1136/1136
f 2844/2844 2848/2848 2842/2842
f 2920/2920 2919/2919 2921/2921
f 2920/2920 2918/2918 2919/2919
f 1136/1136 1138/1138 1145/1145
f 1938/1938 1940/1940 1939/1939
f 1939/1939 1940/1940 1943/1943
f 1940/1940 1938/1938 1941/1941
f 1111/1111 1077/1077 1074/1074
f 1292/1292 1289/1289 1284/1284
f 1077/1077 1069/1069 1074/1074
f 1074/1074 1069/1069 1073/1073
f 291/291 283/283 290/290
f 291/291 290/290 298/298
f 1941/1941 1942/1942 1940/1940
f 1229/1229 1225/1225 1216/1216
f 1290/1290 1295/1295 1298/1298
f 1290/1290 1298/1298 1292/1292
f 1295/1295 1290/1290 1280/1280
f 1225/1225 1217/1217 1216/1216
f 1290/1290 1292/1292 1284/1284
f 1290/1290 1282/1282 1280/1280
f 1290/1290 1284/1284 1282/1282
f 1284/1284 1283/1283 1282/1282
f 1216/1216 1209/1209 1212/1212
f 1216/1216 1217/1217 1208/1208
f 1216/1216 1208/1208 1209/1209
f 1208/1208 1207/1207 1209/1209
f 1212/1212 1211/1211 1224/1224
f 1212/1212 1209/1209 1211/1211
f 1209/1209 1210/1210 1211/1211
f 1209/1209 1207/1207 1210/1210
f 1271/1271 1263/1263 1259/1259
f 1259/1259 1263/1263 1241/1241
f 1101/1101 1074/1074 1099/1099
f 1074/1074 1073/1073 1099/1099
f 1069/1069 1071/1071 1073/1073
f 1284/1284 1289/1289 1283/1283
f 1073/1073 1087/1087 1099/1099
f 1099/1099 1087/1087 1118/1118
f 1101/1101 1121/1121 1126/1126
f 1101/1101 1099/1099 1121/1121
f 1126/1126 1121/1121 1136/1136
f 1136/1136 1121/1121 1138/1138
f 1138/1138 1135/1135 1149/1149
f 1138/1138 1121/1121 1135/1135
f 1253/1253 1242/1242 1251/1251
f 1253/1253 1249/1249 1242/1242
f 1242/1242 1249/1249 1241/1241
f 1099/1099 1118/1118 1121/1121
f 1251/1251 1242/1242 1240/1240
f 1242/1242 1241/1241 1240/1240
f 1118/1118 1124/1124 1121/1121
f 1249/1249 1259/1259 1241/1241
f 1121/1121 1124/1124 1135/1135
f 1941/1941 1944/1944 1942/1942
f 1941/1941 1951/1951 1944/1944
f 290/290 283/283 287/287
f 1069/1069 1070/1070 1071/1071
f 1282/1282 1281/1281 1280/1280
f 1282/1282 1283/1283 1281/1281
f 1944/1944 1951/1951 1949/1949
f 1217/1217 1204/1204 1208/1208
f 1962/1962 1971/1971 1980/1980
f 1980/1980 1997/1997 1999/1999
f 1263/1263 1264/1264 1241/1241
f 1204/1204 1207/1207 1208/1208
f 1962/1962 1980/1980 1981/1981
f 1980/1980 1987/1987 1981/1981
f 1980/1980 1999/1999 1987/1987
f 801/801 817/817 794/794
f 1148/1148 1132/1132 1147/1147
f 1073/1073 1071/1071 1087/1087
f 1251/1251 1240/1240 1248/1248
f 1087/1087 1117/1117 1118/1118
f 1118/1118 1117/1117 1124/1124
f 1148/1148 1135/1135 1132/1132
f 1124/1124 1132/1132 1135/1135
f 1241/1241 1238/1238 1240/1240
f 1241/1241 1264/1264 1238/1238
f 1124/1124 1117/1117 1132/1132
f 1944/1944 1945/1945 1942/1942
f 1225/1225 1222/1222 1217/1217
f 1222/1222 1204/1204 1217/1217
f 1295/1295 1275/1275 1297/1297
f 283/283 273/273 274/274
f 283/283 274/274 287/287
f 1295/1295 1280/1280 1275/1275
f 1280/1280 1273/1273 1275/1275
f 1944/1944 1946/1946 1945/1945
f 1944/1944 1949/1949 1946/1946
f 1222/1222 1213/1213 1204/1204
f 1078/1078 1072/1072 1070/1070
f 1070/1070 1072/1072 1071/1071
f 1204/1204 1203/1203 1207/1207
f 802/802 801/801 795/795
f 801/801 794/794 795/795
f 1264/1264 1269/1269 1238/1238
f 1981/1981 1988/1988 1982/1982
f 1981/1981 1987/1987 1988/1988
f 1987/1987 1996/1996 1988/1988
f 802/802 795/795 710/710
f 1269/1269 1267/1267 1238/1238
f 1267/1267 1235/1235 1238/1238
f 1280/1280 1281/1281 1273/1273
f 1273/1273 1285/1285 1274/1274
f 1273/1273 1281/1281 1285/1285
f 1248/1248 1240/1240 1237/1237
f 1248/1248 1237/1237 1247/1247
f 1071/1071 1072/1072 1075/1075
f 1071/1071 1085/1085 1087/1087
f 1071/1071 1075/1075 1085/1085
f 1087/1087 1115/1115 1117/1117
f 1087/1087 1085/1085 1115/1115
f 1240/1240 1238/1238 1237/1237
f 1117/1117 1115/1115 1132/1132
f 1237/1237 1238/1238 1235/1235
f 1132/1132 1115/1115 1133/1133
f 1132/1132 1133/1133 1147/1147
f 794/794 779/779 709/709
f 295/295 293/293 296/296
f 293/293 297/297 296/296
f 1379/1379 1391/1391 1388/1388
f 1213/1213 1222/1222 1227/1227
f 1297/1297 1275/1275 1294/1294
f 1213/1213 1195/1195 1204/1204
f 1273/1273 1274/1274 1275/1275
f 1945/1945 1946/1946 1948/1948
f 1078/1078 1076/1076 1072/1072
f 1275/1275 1276/1276 1294/1294
f 1275/1275 1274/1274 1276/1276
f 1204/1204 1195/1195 1203/1203
f 1982/1982 1988/1988 1989/1989
f 1988/1988 1996/1996 1989/1989
f 1267/1267 1266/1266 1235/1235
f 795/795 709/709 710/710
f 710/710 709/709 707/707
f 1195/1195 1202/1202 1203/1203
f 1213/1213 1192/1192 1195/1195
f 712/712 710/710 707/707
f 1247/1247 1237/1237 1232/1232
f 1072/1072 1076/1076 1075/1075
f 1285/1285 1288/1288 1274/1274
f 1075/1075 1076/1076 1085/1085
f 1237/1237 1235/1235 1232/1232
f 1266/1266 1239/1239 1235/1235
f 1232/1232 1235/1235 1233/1233
f 1235/1235 1239/1239 1233/1233
f 794/794 709/709 795/795
f 1115/1115 1125/1125 1133/1133
f 709/709 779/779 724/724
f 1266/1266 1268/1268 1239/1239
f 709/709 724/724 708/708
f 1085/1085 1114/1114 1115/1115
f 1115/1115 1114/1114 1125/1125
f 1948/1948 1966/1966 1945/1945
f 1213/1213 1227/1227 1219/1219
f 273/273 269/269 272/272
f 273/273 272/272 274/274
f 1078/1078 1079/1079 1076/1076
f 269/269 223/223 272/272
f 1079/1079 1080/1080 1076/1076
f 1294/1294 1276/1276 1291/1291
f 1213/1213 1219/1219 1192/1192
f 1982/1982 1989/1989 1984/1984
f 1195/1195 1194/1194 1202/1202
f 1076/1076 1083/1083 1085/1085
f 1276/1276 1274/1274 1277/1277
f 1274/1274 1286/1286 1277/1277
f 1085/1085 1083/1083 1086/1086
f 1232/1232 1233/1233 1234/1234
f 1085/1085 1116/1116 1114/1114
f 1114/1114 1116/1116 1125/1125
f 1274/1274 1288/1288 1286/1286
f 1232/1232 1234/1234 1250/1250
f 1085/1085 1086/1086 1116/1116
f 1125/1125 1116/1116 1119/1119
f 1125/1125 1119/1119 1131/1131
f 295/295 294/294 293/293
f 1391/1391 1392/1392 1388/1388
f 294/294 292/292 293/293
f 293/293 292/292 270/270
f 2326/2326 2334/2334 2311/2311
f 292/292 265/265 270/270
f 293/293 270/270 297/297
f 2434/2434 2421/2421 2415/2415
f 2421/2421 2418/2418 2415/2415
f 270/270 284/284 297/297
f 1391/1391 1394/1394 1393/1393
f 1391/1391 1393/1393 1392/1392
f 1393/1393 1396/1396 1392/1392
f 1219/1219 1227/1227 1218/1218
f 1948/1948 1964/1964 1966/1966
f 1227/1227 1226/1226 1218/1218
f 1080/1080 1081/1081 1076/1076
f 1080/1080 1082/1082 1081/1081
f 1276/1276 1277/1277 1278/1278
f 1276/1276 1278/1278 1291/1291
f 1964/1964 1967/1967 1966/1966
f 1226/1226 1220/1220 1218/1218
f 1294/1294 1291/1291 1296/1296
f 187/187 181/181 63/63
f 187/187 63/63 74/74
f 269/269 74/74 223/223
f 223/223 74/74 64/64
f 223/223 64/64 234/234
f 1291/1291 1278/1278 1293/1293
f 1291/1291 1293/1293 1296/1296
f 1194/1194 1200/1200 1202/1202
f 1194/1194 1196/1196 1200/1200
f 1218/1218 1220/1220 1197/1197
f 1076/1076 1081/1081 1083/1083
f 1083/1083 1081/1081 1084/1084
f 1286/1286 1287/1287 1277/1277
f 1083/1083 1084/1084 1086/1086
f 1278/1278 1277/1277 1279/1279
f 1081/1081 1082/1082 1084/1084
f 1277/1277 1287/1287 1279/1279
f 1084/1084 1089/1089 1086/1086
f 1255/1255 1250/1250 1243/1243
f 1250/1250 1234/1234 1243/1243
f 1233/1233 1239/1239 1236/1236
f 1234/1234 1233/1233 1236/1236
f 1086/1086 1094/1094 1116/1116
f 1255/1255 1243/1243 1256/1256
f 1086/1086 1089/1089 1094/1094
f 1116/1116 1094/1094 1119/1119
f 1234/1234 1236/1236 1243/1243
f 74/74 63/63 64/64
f 1220/1220 1226/1226 1228/1228
f 64/64 63/63 62/62
f 63/63 181/181 61/61
f 64/64 62/62 227/227
f 63/63 61/61 62/62
f 1220/1220 1215/1215 1197/1197
f 1220/1220 1228/1228 1215/1215
f 64/64 227/227 234/234
f 1082/1082 1088/1088 1084/1084
f 1084/1084 1088/1088 1089/1089
f 1243/1243 1236/1236 1244/1244
f 1089/1089 1093/1093 1094/1094
f 1094/1094 1093/1093 1120/1120
f 1088/1088 1090/1090 1089/1089
f 1089/1089 1090/1090 1093/1093
f 2434/2434 2415/2415 2417/2417
f 265/265 254/254 270/270
f 2326/2326 2313/2313 2318/2318
f 2326/2326 2318/2318 2332/2332
f 2326/2326 2332/2332 2334/2334
f 256/256 254/254 265/265
f 2417/2417 2415/2415 2413/2413
f 284/284 270/270 257/257
f 270/270 254/254 257/257
f 2415/2415 2418/2418 2414/2414
f 1394/1394 1536/1536 1393/1393
f 2415/2415 2414/2414 2413/2413
f 2413/2413 2414/2414 2412/2412
f 1393/1393 1405/1405 1396/1396
f 1393/1393 1536/1536 1405/1405
f 256/256 252/252 254/254
f 254/254 252/252 253/253
f 254/254 253/253 257/257
f 1536/1536 1527/1527 1405/1405
f 181/181 182/182 61/61
f 1228/1228 1230/1230 1215/1215
f 183/183 61/61 182/182
f 1088/1088 1091/1091 1090/1090
f 62/62 228/228 227/227
f 1090/1090 1091/1091 1092/1092
f 1093/1093 1090/1090 1092/1092
f 61/61 58/58 62/62
f 62/62 58/58 228/228
f 1091/1091 1098/1098 1092/1092
f 58/58 77/77 228/228
f 2554/2554 2521/2521 2553/2553
f 2823/2823 2829/2829 2824/2824
f 2823/2823 2824/2824 2825/2825
f 2941/2941 2942/2942 2943/2943
f 2554/2554 2553/2553 2555/2555
f 2553/2553 2565/2565 2555/2555
f 2943/2943 2942/2942 2944/2944
f 2942/2942 2945/2945 2944/2944
f 2826/2826 2825/2825 2824/2824
f 2967/2967 2943/2943 2944/2944
f 2826/2826 2824/2824 2827/2827
f 2513/2513 2515/2515 2521/2521
f 2513/2513 2514/2514 2515/2515
f 2826/2826 2827/2827 2828/2828
f 2828/2828 2827/2827 2830/2830
f 2967/2967 2968/2968 2970/2970
f 2967/2967 2944/2944 2946/2946
f 2944/2944 2945/2945 2946/2946
f 2967/2967 2946/2946 2968/2968
f 2553/2553 2563/2563 2565/2565
f 2515/2515 2525/2525 2521/2521
f 2521/2521 2525/2525 2553/2553
f 2525/2525 2552/2552 2553/2553
f 2553/2553 2552/2552 2563/2563
f 2946/2946 2945/2945 2947/2947
f 2945/2945 2961/2961 2947/2947
f 2515/2515 2514/2514 2516/2516
f 2516/2516 2517/2517 2515/2515
f 2517/2517 2525/2525 2515/2515
f 2517/2517 2524/2524 2525/2525
f 2055/2055 2056/2056 2045/2045
f 2828/2828 2830/2830 2831/2831
f 2970/2970 2968/2968 2969/2969
f 2968/2968 2948/2948 2969/2969
f 2968/2968 2946/2946 2948/2948
f 2946/2946 2947/2947 2948/2948
f 2948/2948 2947/2947 2949/2949
f 2055/2055 2045/2045 2047/2047
f 2969/2969 2948/2948 2950/2950
f 2948/2948 2949/2949 2950/2950
f 2525/2525 2547/2547 2552/2552
f 2961/2961 2949/2949 2947/2947
f 2961/2961 2962/2962 2949/2949
f 2552/2552 2557/2557 2563/2563
f 2962/2962 2951/2951 2949/2949
f 2951/2951 2950/2950 2949/2949
f 2831/2831 2830/2830 2832/2832
f 2832/2832 2833/2833 2831/2831
f 2516/2516 2518/2518 2517/2517
f 2833/2833 2832/2832 2834/2834
f 2517/2517 2518/2518 2519/2519
f 2518/2518 2520/2520 2519/2519
f 2519/2519 2520/2520 2522/2522
f 2060/2060 2055/2055 2047/2047
f 2047/2047 2045/2045 2043/2043
f 2045/2045 2044/2044 2043/2043
f 2969/2969 2950/2950 2954/2954
f 2950/2950 2952/2952 2954/2954
f 2060/2060 2047/2047 2053/2053
f 2047/2047 2042/2042 2053/2053
f 2047/2047 2043/2043 2042/2042
f 2043/2043 2040/2040 2042/2042
f 2524/2524 2547/2547 2525/2525
f 2547/2547 2557/2557 2552/2552
f 2547/2547 2556/2556 2557/2557
f 2517/2517 2519/2519 2524/2524
f 2519/2519 2526/2526 2524/2524
f 2547/2547 2546/2546 2556/2556
f 2547/2547 2524/2524 2546/2546
f 2524/2524 2526/2526 2546/2546
f 2556/2556 2548/2548 2561/2561
f 2803/2803 2806/2806 2802/2802
f 2454/2454 2456/2456 2463/2463
f 2874/2874 2876/2876 2883/2883
f 2546/2546 2548/2548 2556/2556
f 2548/2548 2562/2562 2561/2561
f 2950/2950 2951/2951 2952/2952
f 2556/2556 2561/2561 2557/2557
f 2962/2962 2965/2965 2951/2951
f 2952/2952 2955/2955 2954/2954
f 2952/2952 2953/2953 2955/2955
f 2965/2965 2963/2963 2951/2951
f 2951/2951 2963/2963 2953/2953
f 2463/2463 2456/2456 2458/2458
f 2874/2874 2875/2875 2876/2876
f 2561/2561 2562/2562 2567/2567
f 2951/2951 2953/2953 2952/2952
f 2060/2060 2053/2053 2208/2208
f 2834/2834 2835/2835 2833/2833
f 2208/2208 2164/2164 2223/2223
f 2208/2208 2053/2053 2164/2164
f 2833/2833 2835/2835 2836/2836
f 1865/1865 1899/1899 1898/1898
f 2464/2464 2459/2459 2457/2457
f 2457/2457 2459/2459 2455/2455
f 2809/2809 2800/2800 2810/2810
f 1898/1898 1863/1863 1865/1865
f 1865/1865 1863/1863 1852/1852
f 2810/2810 2800/2800 2798/2798
f 2520/2520 2523/2523 2522/2522
f 2835/2835 2837/2837 2836/2836
f 2835/2835 2838/2838 2837/2837
f 1863/1863 1849/1849 1852/1852
f 2810/2810 2798/2798 2811/2811
f 2223/2223 2164/2164 2222/2222
f 2053/2053 2042/2042 2039/2039
f 2164/2164 2053/2053 2049/2049
f 2053/2053 2039/2039 2049/2049
f 2042/2042 2040/2040 2039/2039
f 2464/2464 2462/2462 2459/2459
f 2459/2459 2462/2462 2455/2455
f 1865/1865 1852/1852 1867/1867
f 1867/1867 1852/1852 1868/1868
f 2462/2462 2461/2461 2455/2455
f 1322/1322 1321/1321 1317/1317
f 2043/2043 2044/2044 2040/2040
f 1317/1317 1321/1321 1314/1314
f 2044/2044 2041/2041 2040/2040
f 2164/2164 2049/2049 2161/2161
f 2039/2039 2040/2040 2035/2035
f 2040/2040 2041/2041 2035/2035
f 2041/2041 2036/2036 2035/2035
f 2519/2519 2522/2522 2526/2526
f 2522/2522 2531/2531 2526/2526
f 2809/2809 2803/2803 2800/2800
f 2457/2457 2455/2455 2454/2454
f 2454/2454 2455/2455 2456/2456
f 2803/2803 2799/2799 2800/2800
f 2803/2803 2802/2802 2799/2799
f 2800/2800 2799/2799 2798/2798
f 2526/2526 2531/2531 2546/2546
f 2546/2546 2545/2545 2548/2548
f 2546/2546 2531/2531 2545/2545
f 2799/2799 2802/2802 2801/2801
f 2883/2883 2876/2876 2880/2880
f 2523/2523 2527/2527 2522/2522
f 2522/2522 2527/2527 2531/2531
f 2455/2455 2458/2458 2456/2456
f 2455/2455 2460/2460 2458/2458
f 2455/2455 2461/2461 2460/2460
f 1317/1317 1316/1316 1318/1318
f 1317/1317 1314/1314 1316/1316
f 1316/1316 1315/1315 1318/1318
f 2955/2955 2953/2953 2956/2956
f 1314/1314 1315/1315 1316/1316
f 1315/1315 1324/1324 1318/1318
f 2876/2876 2875/2875 2877/2877
f 2966/2966 2960/2960 2963/2963
f 2876/2876 2877/2877 2880/2880
f 2892/2892 2877/2877 2875/2875
f 2953/2953 2960/2960 2956/2956
f 2953/2953 2963/2963 2960/2960
f 1314/1314 1309/1309 1315/1315
f 2960/2960 2959/2959 2956/2956
f 2044/2044 2046/2046 2041/2041
f 2955/2955 2956/2956 2957/2957
f 2957/2957 2956/2956 2958/2958
f 2838/2838 2839/2839 2837/2837
f 1852/1852 1849/1849 1845/1845
f 2222/2222 2164/2164 2160/2160
f 2838/2838 2840/2840 2839/2839
f 2222/2222 2160/2160 2159/2159
f 2222/2222 2159/2159 2225/2225
f 1852/1852 1845/1845 1868/1868
f 2161/2161 2049/2049 2048/2048
f 2049/2049 2039/2039 2048/2048
f 1845/1845 1869/1869 1868/1868
f 2035/2035 2029/2029 2039/2039
f 2039/2039 2029/2029 2048/2048
f 1321/1321 1320/1320 1310/1310
f 2164/2164 2161/2161 2160/2160
f 2029/2029 2035/2035 2028/2028
f 2523/2523 2528/2528 2527/2527
f 2798/2798 2799/2799 2791/2791
f 2531/2531 2527/2527 2541/2541
f 2799/2799 2801/2801 2791/2791
f 2880/2880 2879/2879 2884/2884
f 2791/2791 2794/2794 2790/2790
f 2527/2527 2529/2529 2540/2540
f 2527/2527 2540/2540 2541/2541
f 2527/2527 2528/2528 2529/2529
f 2798/2798 2791/2791 2796/2796
f 2791/2791 2790/2790 2786/2786
f 2791/2791 2786/2786 2796/2796
f 1321/1321 1310/1310 1314/1314
f 1314/1314 1310/1310 1309/1309
f 2877/2877 2878/2878 2879/2879
f 1324/1324 1315/1315 1313/1313
f 2880/2880 2877/2877 2879/2879
f 1315/1315 1309/1309 1313/1313
f 2879/2879 2878/2878 2881/2881
f 2879/2879 2881/2881 2882/2882
f 2956/2956 2959/2959 2958/2958
f 738/738 698/698 737/737
f 2035/2035 2036/2036 2032/2032
f 2035/2035 2032/2032 2028/2028
f 1310/1310 1300/1300 1309/1309
f 737/737 698/698 697/697
f 1310/1310 1320/1320 1300/1300
f 1309/1309 1299/1299 1313/1313
f 1325/1325 1313/1313 1299/1299
f 1309/1309 1300/1300 1299/1299
f 1299/1299 1300/1300 1301/1301
f 698/698 695/695 697/697
f 1849/1849 1846/1846 1845/1845
f 2160/2160 2150/2150 2159/2159
f 2160/2160 2161/2161 2150/2150
f 2161/2161 2048/2048 2150/2150
f 189/189 220/220 224/224
f 2811/2811 2798/2798 2808/2808
f 2528/2528 2530/2530 2529/2529
f 2798/2798 2796/2796 2808/2808
f 2529/2529 2532/2532 2540/2540
f 2529/2529 2530/2530 2532/2532
f 189/189 85/85 220/220
f 220/220 85/85 73/73
f 2029/2029 2050/2050 2048/2048
f 2029/2029 2028/2028 2027/2027
f 2029/2029 2027/2027 2050/2050
f 1320/1320 1305/1305 1300/1300
f 1299/1299 1301/1301 1302/1302
f 697/697 695/695 696/696
f 1300/1300 1305/1305 1301/1301
f 1845/1845 1843/1843 1844/1844
f 1845/1845 1844/1844 1869/1869
f 1846/1846 1843/1843 1845/1845
f 2150/2150 2048/2048 2050/2050
f 2032/2032 2030/2030 2028/2028
f 1301/1301 1305/1305 1304/1304
f 189/189 84/84 85/85
f 2159/2159 2150/2150 2149/2149
f 2225/2225 2159/2159 2207/2207
f 2207/2207 2159/2159 2149/2149
f 85/85 84/84 73/73
f 84/84 46/46 73/73
f 180/180 45/45 84/84
f 84/84 45/45 46/46
f 46/46 45/45 44/44
f 2150/2150 2050/2050 2148/2148
f 1320/1320 1319/1319 1305/1305
f 1869/1869 1844/1844 1890/1890
f 1844/1844 1857/1857 1890/1890
f 2150/2150 2148/2148 2149/2149
f 2050/2050 2051/2051 2148/2148
f 1843/1843 1842/1842 1844/1844
f 1844/1844 1842/1842 1857/1857
f 45/45 43/43 44/44
f 2149/2149 2148/2148 2147/2147
f 180/180 171/171 45/45
f 1843/1843 1841/1841 1842/1842
f 2148/2148 2051/2051 2145/2145
f 45/45 171/171 43/43
f 2148/2148 2145/2145 2147/2147
f 1305/1305 1319/1319 1304/1304
f 2027/2027 2028/2028 2024/2024
f 2028/2028 2030/2030 2024/2024
f 2027/2027 2024/2024 2026/2026
f 1304/1304 1319/1319 1308/1308
f 2050/2050 2027/2027 2026/2026
f 1319/1319 1323/1323 1308/1308
f 2051/2051 2050/2050 2026/2026
f 2026/2026 2052/2052 2051/2051
f 2145/2145 2051/2051 2052/2052
f 2026/2026 2034/2034 2052/2052
f 2026/2026 2025/2025 2034/2034
f 2897/2897 2901/2901 2900/2900
f 2897/2897 2898/2898 2899/2899
f 2897/2897 2900/2900 2898/2898
f 871/871 873/873 872/872
f 860/860 880/880 859/859
f 860/860 872/872 880/880
f 2902/2902 2901/2901 2897/2897
f 870/870 871/871 860/860
f 2902/2902 2897/2897 2899/2899
f 871/871 872/872 860/860
f 2396/2396 2391/2391 2392/2392
f 2360/2360 2362/2362 2358/2358
f 872/872 873/873 880/880
f 2391/2391 2358/2358 2392/2392
f 2392/2392 2358/2358 2362/2362
f 2358/2358 2359/2359 2360/2360
f 859/859 880/880 886/886
f 812/812 811/811 810/810
f 2548/2548 2545/2545 2562/2562
f 2545/2545 2564/2564 2562/2562
f 2545/2545 2531/2531 2541/2541
f 2966/2966 2964/2964 2960/2960
f 2960/2960 2964/2964 2959/2959
f 827/827 883/883 829/829
f 827/827 829/829 828/828
f 689/689 691/691 687/687
f 883/883 881/881 829/829
f 689/689 687/687 686/686
f 686/686 687/687 684/684
f 687/687 690/690 688/688
f 2545/2545 2541/2541 2560/2560
f 2545/2545 2560/2560 2564/2564
f 2541/2541 2549/2549 2560/2560
f 2541/2541 2540/2540 2549/2549
f 2786/2786 2790/2790 2789/2789
f 2882/2882 2885/2885 2886/2886
f 2882/2882 2881/2881 2885/2885
f 717/717 700/700 787/787
f 787/787 700/700 738/738
f 700/700 698/698 738/738
f 700/700 699/699 698/698
f 717/717 699/699 700/700
f 717/717 798/798 699/699
f 698/698 699/699 695/695
f 828/828 829/829 830/830
f 846/846 828/828 831/831
f 828/828 830/830 831/831
f 2786/2786 2789/2789 2787/2787
f 2540/2540 2542/2542 2549/2549
f 2540/2540 2532/2532 2534/2534
f 2796/2796 2786/2786 2788/2788
f 2530/2530 2533/2533 2532/2532
f 2796/2796 2788/2788 2808/2808
f 2532/2532 2533/2533 2534/2534
f 2786/2786 2787/2787 2788/2788
f 2540/2540 2534/2534 2542/2542
f 2542/2542 2534/2534 2543/2543
f 1299/1299 1302/1302 1325/1325
f 2881/2881 2891/2891 2885/2885
f 798/798 694/694 699/699
f 699/699 694/694 695/695
f 2885/2885 2891/2891 2890/2890
f 695/695 694/694 614/614
f 1312/1312 1303/1303 1306/1306
f 2549/2549 2542/2542 2558/2558
f 2549/2549 2558/2558 2566/2566
f 2542/2542 2550/2550 2558/2558
f 2558/2558 2550/2550 2559/2559
f 694/694 800/800 644/644
f 694/694 644/644 614/614
f 2558/2558 2559/2559 2568/2568
f 1301/1301 1304/1304 1303/1303
f 1301/1301 1303/1303 1302/1302
f 1302/1302 1303/1303 1312/1312
f 695/695 614/614 696/696
f 1186/1186 1172/1172 1179/1179
f 829/829 881/881 833/833
f 686/686 684/684 685/685
f 685/685 684/684 665/665
f 684/684 646/646 665/665
f 1172/1172 1171/1171 1179/1179
f 829/829 833/833 830/830
f 687/687 688/688 684/684
f 684/684 688/688 646/646
f 690/690 729/729 688/688
f 1984/1984 1993/1993 1985/1985
f 1984/1984 1989/1989 1993/1993
f 688/688 729/729 671/671
f 671/671 646/646 688/688
f 1171/1171 1177/1177 1179/1179
f 846/846 831/831 839/839
f 831/831 830/830 832/832
f 833/833 834/834 830/830
f 685/685 665/665 667/667
f 830/830 834/834 832/832
f 646/646 671/671 638/638
f 1985/1985 1991/1991 1990/1990
f 671/671 670/670 638/638
f 638/638 637/637 611/611
f 638/638 670/670 637/637
f 665/665 617/617 667/667
f 665/665 646/646 617/617
f 638/638 611/611 646/646
f 617/617 646/646 611/611
f 2808/2808 2788/2788 2805/2805
f 2533/2533 2535/2535 2534/2534
f 2788/2788 2795/2795 2805/2805
f 2534/2534 2536/2536 2543/2543
f 2788/2788 2787/2787 2795/2795
f 73/73 46/46 44/44
f 73/73 44/44 75/75
f 75/75 44/44 83/83
f 2805/2805 2795/2795 2807/2807
f 2534/2534 2535/2535 2536/2536
f 2535/2535 2537/2537 2536/2536
f 1312/1312 1306/1306 1311/1311
f 2543/2543 2550/2550 2542/2542
f 2789/2789 2792/2792 2787/2787
f 2787/2787 2793/2793 2795/2795
f 2550/2550 2543/2543 2544/2544
f 2543/2543 2536/2536 2544/2544
f 2536/2536 2538/2538 2544/2544
f 2886/2886 2885/2885 2887/2887
f 2885/2885 2888/2888 2887/2887
f 2890/2890 2889/2889 2885/2885
f 2885/2885 2889/2889 2888/2888
f 2550/2550 2551/2551 2559/2559
f 2821/2821 2815/2815 2816/2816
f 2821/2821 2816/2816 2822/2822
f 756/756 615/615 644/644
f 2787/2787 2792/2792 2793/2793
f 2792/2792 2784/2784 2793/2793
f 2792/2792 2783/2783 2784/2784
f 2550/2550 2544/2544 2551/2551
f 2867/2867 2868/2868 2866/2866
f 2815/2815 2814/2814 2816/2816
f 2784/2784 2783/2783 2777/2777
f 2777/2777 2783/2783 2778/2778
f 2816/2816 2814/2814 2817/2817
f 2816/2816 2817/2817 2819/2819
f 2807/2807 2795/2795 2797/2797
f 2795/2795 2793/2793 2797/2797
f 83/83 44/44 65/65
f 44/44 41/41 65/65
f 44/44 43/43 41/41
f 1841/1841 1840/1840 1842/1842
f 1842/1842 1840/1840 1857/1857
f 1841/1841 1837/1837 1840/1840
f 2536/2536 2537/2537 2538/2538
f 2793/2793 2785/2785 2797/2797
f 2537/2537 2539/2539 2538/2538
f 2871/2871 2869/2869 2868/2868
f 2868/2868 2869/2869 2866/2866
f 2869/2869 2870/2870 2866/2866
f 2869/2869 2871/2871 2872/2872
f 222/222 10/10 217/217
f 2871/2871 2873/2873 2872/2872
f 2793/2793 2784/2784 2785/2785
f 2784/2784 2777/2777 2782/2782
f 2784/2784 2782/2782 2785/2785
f 2785/2785 2804/2804 2797/2797
f 2785/2785 2782/2782 2804/2804
f 2024/2024 2030/2030 2031/2031
f 1303/1303 1304/1304 1306/1306
f 2030/2030 2037/2037 2031/2031
f 1304/1304 1308/1308 1307/1307
f 1857/1857 1887/1887 1896/1896
f 2024/2024 2025/2025 2026/2026
f 2024/2024 2031/2031 2025/2025
f 2031/2031 2033/2033 2025/2025
f 651/651 613/613 631/631
f 1304/1304 1307/1307 1306/1306
f 616/616 614/614 613/613
f 614/614 606/606 613/613
f 644/644 615/615 614/614
f 1306/1306 1307/1307 1311/1311
f 614/614 615/615 606/606
f 613/613 606/606 612/612
f 615/615 599/599 606/606
f 606/606 599/599 603/603
f 1857/1857 1851/1851 1887/1887
f 2025/2025 2038/2038 2034/2034
f 1857/1857 1840/1840 1851/1851
f 1840/1840 1839/1839 1851/1851
f 1887/1887 1851/1851 1888/1888
f 2052/2052 2146/2146 2145/2145
f 2038/2038 2057/2057 2034/2034
f 631/631 613/613 612/612
f 631/631 612/612 676/676
f 631/631 676/676 727/727
f 2034/2034 2054/2054 2052/2052
f 2034/2034 2057/2057 2054/2054
f 2052/2052 2054/2054 2146/2146
f 2038/2038 2061/2061 2057/2057
f 1888/1888 1851/1851 1881/1881
f 1851/1851 1829/1829 1881/1881
f 1851/1851 1839/1839 1829/1829
f 606/606 603/603 612/612
f 612/612 677/677 676/676
f 2660/2660 2656/2656 2658/2658
f 612/612 652/652 677/677
f 2658/2658 2656/2656 2653/2653
f 603/603 652/652 612/612
f 1170/1170 1174/1174 1169/1169
f 1169/1169 1173/1173 1171/1171
f 865/865 846/846 839/839
f 1169/1169 1174/1174 1173/1173
f 1174/1174 1175/1175 1173/1173
f 831/831 832/832 839/839
f 1171/1171 1173/1173 1177/1177
f 1173/1173 1176/1176 1177/1177
f 865/865 839/839 866/866
f 1174/1174 1178/1178 1175/1175
f 1182/1182 1178/1178 1174/1174
f 1173/1173 1175/1175 1176/1176
f 832/832 836/836 837/837
f 832/832 837/837 839/839
f 1175/1175 1184/1184 1176/1176
f 834/834 835/835 832/832
f 832/832 835/835 836/836
f 667/667 617/617 655/655
f 655/655 617/617 609/609
f 1176/1176 1187/1187 1188/1188
f 836/836 835/835 864/864
f 655/655 609/609 735/735
f 2813/2813 2820/2820 2818/2818
f 2815/2815 2812/2812 2814/2814
f 837/837 836/836 864/864
f 2812/2812 2813/2813 2814/2814
f 2866/2866 2865/2865 2867/2867
f 1184/1184 1187/1187 1176/1176
f 2779/2779 2778/2778 2780/2780
f 630/630 599/599 615/615
f 2814/2814 2813/2813 2817/2817
f 630/630 608/608 599/599
f 2813/2813 2818/2818 2817/2817
f 617/617 611/611 609/609
f 609/609 611/611 610/610
f 611/611 637/637 636/636
f 611/611 636/636 610/610
f 610/610 636/636 625/625
f 608/608 609/609 597/597
f 609/609 610/610 597/597
f 610/610 625/625 596/596
f 839/839 850/850 866/866
f 11/11 218/218 4/4
f 218/218 217/217 4/4
f 866/866 850/850 874/874
f 2864/2864 2866/2866 2870/2870
f 850/850 839/839 837/837
f 2864/2864 2865/2865 2866/2866
f 2777/2777 2779/2779 2781/2781
f 1175/1175 1178/1178 1185/1185
f 1175/1175 1185/1185 1184/1184
f 2777/2777 2781/2781 2782/2782
f 5/5 11/11 4/4
f 10/10 2/2 217/217
f 4/4 217/217 2/2
f 1185/1185 1178/1178 1189/1189
f 2777/2777 2778/2778 2779/2779
f 1652/1652 1655/1655 1654/1654
f 608/608 597/597 599/599
f 597/597 610/610 596/596
f 603/603 599/599 598/598
f 599/599 597/597 598/598
f 603/603 626/626 652/652
f 603/603 598/598 626/626
f 2658/2658 2653/2653 2652/2652
f 597/597 596/596 595/595
f 597/597 595/595 598/598
f 595/595 600/600 598/598
f 626/626 598/598 600/600
f 43/43 42/42 41/41
f 43/43 171/171 42/42
f 2147/2147 2145/2145 2144/2144
f 1840/1840 1837/1837 1839/1839
f 171/171 178/178 42/42
f 1837/1837 1836/1836 1838/1838
f 65/65 41/41 60/60
f 65/65 9/9 10/10
f 65/65 60/60 9/9
f 41/41 42/42 40/40
f 41/41 38/38 60/60
f 40/40 38/38 41/41
f 40/40 42/42 87/87
f 2145/2145 2143/2143 2144/2144
f 1837/1837 1838/1838 1839/1839
f 1839/1839 1838/1838 1823/1823
f 2145/2145 2146/2146 2143/2143
f 1838/1838 1835/1835 1823/1823
f 1839/1839 1823/1823 1829/1829
f 1881/1881 1829/1829 1864/1864
f 2143/2143 2146/2146 2132/2132
f 1823/1823 1821/1821 1829/1829
f 2143/2143 2132/2132 2133/2133
f 178/178 87/87 42/42
f 2144/2144 2143/2143 2142/2142
f 1838/1838 1836/1836 1835/1835
f 40/40 87/87 37/37
f 40/40 37/37 38/38
f 1836/1836 1834/1834 1835/1835
f 2143/2143 2141/2141 2142/2142
f 1834/1834 1824/1824 1835/1835
f 1835/1835 1824/1824 1823/1823
f 1824/1824 1818/1818 1823/1823
f 2143/2143 2133/2133 2141/2141
f 2133/2133 2131/2131 2134/2134
f 1824/1824 1816/1816 1818/1818
f 5/5 4/4 1/1
f 4/4 2/2 1/1
f 2/2 10/10 9/9
f 5/5 1/1 21/21
f 1/1 6/6 21/21
f 1/1 2/2 3/3
f 60/60 38/38 8/8
f 60/60 8/8 9/9
f 9/9 8/8 3/3
f 2/2 9/9 3/3
f 35/35 5/5 21/21
f 21/21 71/71 72/72
f 1/1 3/3 6/6
f 38/38 20/20 8/8
f 8/8 7/7 3/3
f 8/8 20/20 7/7
f 21/21 18/18 71/71
f 6/6 18/18 21/21
f 3/3 7/7 6/6
f 2658/2658 2652/2652 2659/2659
f 37/37 20/20 38/38
f 37/37 87/87 23/23
f 2142/2142 2141/2141 2139/2139
f 87/87 167/167 23/23
f 2133/2133 2134/2134 2141/2141
f 6/6 7/7 18/18
f 71/71 18/18 70/70
f 37/37 23/23 20/20
f 20/20 22/22 7/7
f 1824/1824 1834/1834 1816/1816
f 2134/2134 2136/2136 2141/2141
f 20/20 23/23 22/22
f 2141/2141 2136/2136 2139/2139
f 1834/1834 1814/1814 1816/1816
f 1816/1816 1814/1814 1812/1812
f 2139/2139 2136/2136 2138/2138
f 167/167 168/168 23/23
f 23/23 168/168 24/24
f 22/22 23/23 24/24
f 7/7 22/22 19/19
f 18/18 7/7 19/19
f 18/18 19/19 52/52
f 1814/1814 1811/1811 1812/1812
f 1814/1814 1815/1815 1811/1811
f 24/24 25/25 22/22
f 24/24 168/168 26/26
f 24/24 26/26 25/25
f 22/22 31/31 19/19
f 22/22 25/25 31/31
f 1956/1956 1955/1955 1934/1934
f 1956/1956 1961/1961 1960/1960
f 2925/2925 2927/2927 2928/2928
f 2976/2976 2975/2975 2977/2977
f 2976/2976 2977/2977 2978/2978
f 1134/1134 1130/1130 1139/1139
f 2925/2925 2926/2926 2927/2927
f 1139/1139 1130/1130 1140/1140
f 1956/1956 1959/1959 1955/1955
f 1956/1956 1960/1960 1959/1959
f 2928/2928 2927/2927 2932/2932
f 2933/2933 2928/2928 2932/2932
f 2927/2927 2930/2930 2932/2932
f 1140/1140 1130/1130 1146/1146
f 1934/1934 1968/1968 1969/1969
f 2974/2974 2975/2975 2976/2976
f 2933/2933 2932/2932 2929/2929
f 2932/2932 2930/2930 2929/2929
f 1112/1112 1128/1128 1134/1134
f 1134/1134 1128/1128 1130/1130
f 1146/1146 1129/1129 1150/1150
f 1128/1128 1129/1129 1130/1130
f 1130/1130 1129/1129 1146/1146
f 1955/1955 1959/1959 1979/1979
f 2929/2929 2930/2930 2931/2931
f 1128/1128 1127/1127 1129/1129
f 1127/1127 1150/1150 1129/1129
f 2929/2929 2931/2931 2934/2934
f 2841/2841 2842/2842 2843/2843
f 1978/1978 2000/2000 1986/1986
f 2843/2843 2842/2842 2846/2846
f 2842/2842 2849/2849 2846/2846
f 1978/1978 1986/1986 1976/1976
f 1976/1976 1986/1986 1998/1998
f 2915/2915 2919/2919 2917/2917
f 2921/2921 2919/2919 2915/2915
f 2845/2845 2841/2841 2847/2847
f 2847/2847 2841/2841 2843/2843
f 1992/1992 1978/1978 1974/1974
f 1978/1978 1976/1976 1974/1974
f 1974/1974 1976/1976 1975/1975
f 2845/2845 2844/2844 2841/2841
f 2841/2841 2844/2844 2842/2842
f 2922/2922 2917/2917 2918/2918
f 2918/2918 2917/2917 2919/2919
f 1976/1976 1998/1998 1975/1975
f 2914/2914 2915/2915 2916/2916
f 2917/2917 2916/2916 2915/2915
f 1974/1974 1975/1975 1970/1970
f 1970/1970 1975/1975 1994/1994
f 2922/2922 2918/2918 2923/2923
f 1970/1970 1994/1994 1971/1971
f 2923/2923 2918/2918 2924/2924
f 1145/1145 1138/1138 1152/1152
f 1152/1152 1138/1138 1149/1149
f 821/821 820/820 818/818
f 1994/1994 1997/1997 1971/1971
f 820/820 819/819 818/818
f 818/818 819/819 817/817
f 1149/1149 1135/1135 1148/1148
f 2896/2896 2893/2893 2895/2895
f 2304/2304 2331/2331 2323/2323
f 2304/2304 2323/2323 2303/2303
f 2893/2893 2894/2894 2895/2895
f 1387/1387 1401/1401 1615/1615
f 2303/2303 2301/2301 2302/2302
f 2303/2303 2308/2308 2301/2301
f 2302/2302 2304/2304 2303/2303
f 2303/2303 2323/2323 2347/2347
f 2470/2470 2469/2469 2465/2465
f 1385/1385 1384/1384 1387/1387
f 1387/1387 1384/1384 1398/1398
f 1387/1387 1398/1398 1401/1401
f 1398/1398 1445/1445 1401/1401
f 1383/1383 1382/1382 1384/1384
f 1382/1382 1390/1390 1384/1384
f 2299/2299 2301/2301 2298/2298
f 1383/1383 1378/1378 1382/1382
f 2298/2298 2297/2297 2299/2299
f 2298/2298 2301/2301 2307/2307
f 2301/2301 2308/2308 2307/2307
f 1378/1378 1381/1381 1382/1382
f 2308/2308 2303/2303 2347/2347
f 2302/2302 2301/2301 2299/2299
f 1385/1385 1383/1383 1384/1384
f 2308/2308 2347/2347 2346/2346
f 2465/2465 2466/2466 2467/2467
f 2469/2469 2510/2510 2466/2466
f 2465/2465 2469/2469 2466/2466
f 2510/2510 2508/2508 2466/2466
f 1384/1384 1390/1390 1398/1398
f 1398/1398 1408/1408 1445/1445
f 1390/1390 1408/1408 1398/1398
f 2466/2466 2508/2508 2468/2468
f 2473/2473 2512/2512 2471/2471
f 2470/2470 2473/2473 2471/2471
f 2470/2470 2471/2471 2469/2469
f 2471/2471 2510/2510 2469/2469
f 2512/2512 2510/2510 2471/2471
f 1971/1971 1997/1997 1980/1980
f 818/818 817/817 801/801
f 2307/2307 2319/2319 2306/2306
f 2319/2319 2325/2325 2306/2306
f 2298/2298 2307/2307 2306/2306
f 2319/2319 2344/2344 2325/2325
f 2344/2344 2342/2342 2325/2325
f 2307/2307 2308/2308 2319/2319
f 1390/1390 1407/1407 1408/1408
f 2296/2296 2297/2297 2298/2298
f 1378/1378 1380/1380 1381/1381
f 1381/1381 1386/1386 1382/1382
f 1381/1381 1380/1380 1386/1386
f 1382/1382 1386/1386 1390/1390
f 1386/1386 1395/1395 1390/1390
f 1390/1390 1395/1395 1407/1407
f 2308/2308 2346/2346 2345/2345
f 2308/2308 2345/2345 2319/2319
f 2467/2467 2468/2468 2472/2472
f 2467/2467 2466/2466 2468/2468
f 2319/2319 2345/2345 2344/2344
f 2345/2345 2357/2357 2344/2344
f 2472/2472 2468/2468 2511/2511
f 2468/2468 2509/2509 2511/2511
f 2468/2468 2507/2507 2509/2509
f 2856/2856 2852/2852 2853/2853
f 2852/2852 2851/2851 2853/2853
f 2508/2508 2506/2506 2468/2468
f 2468/2468 2506/2506 2507/2507
f 2855/2855 2854/2854 2852/2852
f 2855/2855 2852/2852 2856/2856
f 2344/2344 2348/2348 2342/2342
f 2854/2854 2850/2850 2852/2852
f 2348/2348 2349/2349 2342/2342
f 2709/2709 2711/2711 2714/2714
f 2709/2709 2710/2710 2711/2711
f 2509/2509 2507/2507 2500/2500
f 2850/2850 2857/2857 2851/2851
f 2857/2857 2858/2858 2851/2851
f 2971/2971 2972/2972 2973/2973
f 2507/2507 2506/2506 2500/2500
f 2506/2506 2499/2499 2500/2500
f 2850/2850 2851/2851 2852/2852
f 2716/2716 2715/2715 2711/2711
f 2298/2298 2305/2305 2300/2300
f 2298/2298 2300/2300 2296/2296
f 2427/2427 2439/2439 2441/2441
f 2427/2427 2424/2424 2439/2439
f 2721/2721 2726/2726 2718/2718
f 2424/2424 2437/2437 2439/2439
f 2298/2298 2306/2306 2305/2305
f 2306/2306 2317/2317 2305/2305
f 2305/2305 2317/2317 2309/2309
f 2306/2306 2325/2325 2317/2317
f 2317/2317 2325/2325 2338/2338
f 2439/2439 2438/2438 2440/2440
f 2300/2300 2305/2305 2309/2309
f 2424/2424 2421/2421 2437/2437
f 2296/2296 2300/2300 2310/2310
f 2309/2309 2317/2317 2316/2316
f 2317/2317 2336/2336 2316/2316
f 2317/2317 2338/2338 2336/2336
f 2439/2439 2437/2437 2438/2438
f 2325/2325 2342/2342 2338/2338
f 2342/2342 2343/2343 2338/2338
f 2482/2482 2481/2481 2479/2479
f 2338/2338 2343/2343 2340/2340
f 2338/2338 2340/2340 2336/2336
f 2297/2297 2296/2296 2335/2335
f 1378/1378 1379/1379 1380/1380
f 2425/2425 2423/2423 2424/2424
f 2427/2427 2425/2425 2424/2424
f 2721/2721 2720/2720 2722/2722
f 2721/2721 2718/2718 2720/2720
f 2425/2425 2429/2429 2423/2423
f 2423/2423 2429/2429 2430/2430
f 2726/2726 2727/2727 2719/2719
f 2718/2718 2726/2726 2719/2719
f 2718/2718 2719/2719 2720/2720
f 2723/2723 2722/2722 2720/2720
f 1380/1380 1389/1389 1386/1386
f 1379/1379 1388/1388 1380/1380
f 2722/2722 2723/2723 2729/2729
f 1380/1380 1388/1388 1389/1389
f 2720/2720 2724/2724 2723/2723
f 2423/2423 2421/2421 2424/2424
f 2423/2423 2422/2422 2421/2421
f 2423/2423 2430/2430 2422/2422
f 1388/1388 1397/1397 1389/1389
f 2719/2719 2727/2727 2728/2728
f 442/442 441/441 440/440
f 2714/2714 2711/2711 2715/2715
f 2481/2481 2483/2483 2480/2480
f 2481/2481 2480/2480 2479/2479
f 2500/2500 2499/2499 2483/2483
f 2719/2719 2724/2724 2720/2720
f 2719/2719 2725/2725 2724/2724
f 2719/2719 2728/2728 2725/2725
f 2483/2483 2499/2499 2495/2495
f 2480/2480 2483/2483 2495/2495
f 441/441 439/439 440/440
f 2479/2479 2480/2480 2478/2478
f 2479/2479 2478/2478 2474/2474
f 440/440 439/439 438/438
f 2504/2504 2495/2495 2499/2499
f 2480/2480 2495/2495 2484/2484
f 2355/2355 2351/2351 2348/2348
f 2717/2717 2712/2712 2713/2713
f 2348/2348 2351/2351 2349/2349
f 2713/2713 2712/2712 2710/2710
f 2851/2851 2858/2858 2853/2853
f 2853/2853 2858/2858 2859/2859
f 2710/2710 2712/2712 2711/2711
f 2711/2711 2712/2712 2716/2716
f 709/709 708/708 707/707
f 712/712 707/707 711/711
f 712/712 711/711 736/736
f 708/708 706/706 707/707
f 1268/1268 1261/1261 1239/1239
f 706/706 708/708 723/723
f 724/724 723/723 708/708
f 2300/2300 2309/2309 2310/2310
f 2421/2421 2434/2434 2437/2437
f 2437/2437 2435/2435 2438/2438
f 2437/2437 2434/2434 2435/2435
f 2316/2316 2336/2336 2337/2337
f 2336/2336 2340/2340 2341/2341
f 1388/1388 1392/1392 1397/1397
f 2504/2504 2503/2503 2495/2495
f 2503/2503 2494/2494 2495/2495
f 435/435 438/438 436/436
f 2503/2503 2502/2502 2494/2494
f 2480/2480 2484/2484 2478/2478
f 2474/2474 2478/2478 2475/2475
f 439/439 436/436 438/438
f 2478/2478 2484/2484 2475/2475
f 2474/2474 2475/2475 2476/2476
f 2475/2475 2484/2484 2477/2477
f 2484/2484 2495/2495 2494/2494
f 2484/2484 2494/2494 2477/2477
f 2309/2309 2312/2312 2311/2311
f 2310/2310 2309/2309 2311/2311
f 2309/2309 2316/2316 2312/2312
f 2434/2434 2431/2431 2435/2435
f 2316/2316 2337/2337 2312/2312
f 2337/2337 2350/2350 2312/2312
f 2311/2311 2312/2312 2313/2313
f 2311/2311 2313/2313 2326/2326
f 2336/2336 2339/2339 2337/2337
f 2336/2336 2341/2341 2339/2339
f 2337/2337 2339/2339 2350/2350
f 2350/2350 2339/2339 2356/2356
f 2421/2421 2422/2422 2418/2418
f 436/436 433/433 435/435
f 433/433 434/434 435/435
f 2475/2475 2477/2477 2476/2476
f 2476/2476 2485/2485 2486/2486
f 2476/2476 2477/2477 2485/2485
f 2486/2486 2485/2485 2487/2487
f 2477/2477 2494/2494 2493/2493
f 2477/2477 2493/2493 2485/2485
f 2494/2494 2502/2502 2493/2493
f 1268/1268 1270/1270 1261/1261
f 711/711 707/707 683/683
f 711/711 683/683 736/736
f 707/707 706/706 683/683
f 706/706 731/731 705/705
f 706/706 705/705 683/683
f 1239/1239 1261/1261 1236/1236
f 723/723 731/731 706/706
f 1131/1131 1123/1123 1141/1141
f 1119/1119 1123/1123 1131/1131
f 1196/1196 1201/1201 1200/1200
f 1985/1985 1993/1993 1991/1991
f 683/683 664/664 736/736
f 736/736 664/664 670/670
f 1197/1197 1198/1198 1196/1196
f 1196/1196 1198/1198 1201/1201
f 1270/1270 1272/1272 1262/1262
f 664/664 683/683 641/641
f 670/670 664/664 640/640
f 664/664 641/641 640/640
f 1270/1270 1262/1262 1261/1261
f 1261/1261 1262/1262 1245/1245
f 705/705 731/731 643/643
f 1236/1236 1261/1261 1245/1245
f 1094/1094 1120/1120 1119/1119
f 1119/1119 1120/1120 1123/1123
f 1236/1236 1245/1245 1244/1244
f 1141/1141 1123/1123 1142/1142
f 1123/1123 1120/1120 1122/1122
f 1123/1123 1122/1122 1142/1142
f 731/731 722/722 643/643
f 643/643 722/722 675/675
f 1122/1122 1143/1143 1142/1142
f 705/705 643/643 683/683
f 683/683 643/643 641/641
f 2313/2313 2315/2315 2318/2318
f 2313/2313 2312/2312 2314/2314
f 2312/2312 2350/2350 2314/2314
f 2313/2313 2314/2314 2315/2315
f 2434/2434 2417/2417 2432/2432
f 2434/2434 2432/2432 2431/2431
f 2431/2431 2432/2432 2433/2433
f 2432/2432 2436/2436 2433/2433
f 2315/2315 2314/2314 2322/2322
f 2417/2417 2416/2416 2432/2432
f 2416/2416 2417/2417 2413/2413
f 2350/2350 2352/2352 2314/2314
f 2350/2350 2356/2356 2352/2352
f 2352/2352 2356/2356 2353/2353
f 2314/2314 2324/2324 2322/2322
f 2314/2314 2352/2352 2324/2324
f 2352/2352 2353/2353 2324/2324
f 2489/2489 2487/2487 2488/2488
f 434/434 432/432 437/437
f 433/433 431/431 432/432
f 2487/2487 2485/2485 2488/2488
f 433/433 432/432 434/434
f 2502/2502 2498/2498 2493/2493
f 432/432 426/426 437/437
f 2485/2485 2493/2493 2490/2490
f 431/431 426/426 432/432
f 431/431 427/427 426/426
f 2485/2485 2490/2490 2488/2488
f 2490/2490 2493/2493 2496/2496
f 2498/2498 2496/2496 2493/2493
f 2498/2498 2501/2501 2496/2496
f 2318/2318 2315/2315 2320/2320
f 2432/2432 2420/2420 2436/2436
f 2315/2315 2322/2322 2320/2320
f 2416/2416 2420/2420 2432/2432
f 2416/2416 2413/2413 2411/2411
f 2318/2318 2321/2321 2333/2333
f 2318/2318 2320/2320 2321/2321
f 2332/2332 2318/2318 2333/2333
f 1120/1120 1095/1095 1122/1122
f 255/255 252/252 256/256
f 2420/2420 2416/2416 2410/2410
f 2322/2322 2327/2327 2320/2320
f 2910/2910 2911/2911 2912/2912
f 2320/2320 2328/2328 2329/2329
f 2320/2320 2327/2327 2328/2328
f 2328/2328 2327/2327 2330/2330
f 2416/2416 2411/2411 2410/2410
f 2322/2322 2324/2324 2327/2327
f 2324/2324 2353/2353 2327/2327
f 2489/2489 2488/2488 2491/2491
f 2327/2327 2353/2353 2354/2354
f 2330/2330 2327/2327 2354/2354
f 424/424 425/425 411/411
f 2489/2489 2491/2491 2492/2492
f 635/635 623/623 634/634
f 791/791 634/634 633/633
f 634/634 623/623 633/633
f 2413/2413 2412/2412 2411/2411
f 2411/2411 2412/2412 2409/2409
f 1527/1527 1412/1412 1405/1405
f 1405/1405 1412/1412 1404/1404
f 1412/1412 1406/1406 1404/1404
f 1403/1403 1406/1406 1416/1416
f 1403/1403 1416/1416 1434/1434
f 427/427 423/423 426/426
f 427/427 424/424 423/423
f 2488/2488 2490/2490 2491/2491
f 2490/2490 2496/2496 2491/2491
f 424/424 411/411 423/423
f 2491/2491 2496/2496 2497/2497
f 635/635 663/663 623/623
f 2496/2496 2501/2501 2497/2497
f 2501/2501 2505/2505 2497/2497
f 412/412 426/426 423/423
f 1197/1197 1199/1199 1198/1198
f 1198/1198 1205/1205 1201/1201
f 1198/1198 1199/1199 1206/1206
f 1206/1206 1205/1205 1198/1198
f 1197/1197 1215/1215 1199/1199
f 1215/1215 1230/1230 1221/1221
f 1215/1215 1214/1214 1199/1199
f 1215/1215 1221/1221 1214/1214
f 1199/1199 1214/1214 1206/1206
f 670/670 640/640 637/637
f 636/636 637/637 625/625
f 637/637 640/640 625/625
f 1272/1272 1265/1265 1262/1262
f 641/641 639/639 640/640
f 625/625 640/640 639/639
f 625/625 639/639 596/596
f 1262/1262 1265/1265 1254/1254
f 1243/1243 1244/1244 1256/1256
f 1093/1093 1095/1095 1120/1120
f 1244/1244 1245/1245 1246/1246
f 1256/1256 1244/1244 1252/1252
f 1262/1262 1254/1254 1245/1245
f 643/643 675/675 642/642
f 675/675 807/807 803/803
f 1245/1245 1254/1254 1246/1246
f 2860/2860 2863/2863 2861/2861
f 2860/2860 2861/2861 2862/2862
f 2428/2428 2426/2426 2403/2403
f 1256/1256 1252/1252 1260/1260
f 1244/1244 1246/1246 1252/1252
f 1093/1093 1092/1092 1095/1095
f 1252/1252 1246/1246 1257/1257
f 2404/2404 2403/2403 2399/2399
f 641/641 643/643 642/642
f 642/642 639/639 641/641
f 642/642 648/648 639/639
f 648/648 602/602 639/639
f 642/642 675/675 648/648
f 675/675 803/803 648/648
f 803/803 791/791 648/648
f 648/648 633/633 602/602
f 1221/1221 1223/1223 1214/1214
f 1221/1221 1230/1230 1231/1231
f 1652/1652 1654/1654 1653/1653
f 61/61 183/183 59/59
f 1260/1260 1252/1252 1258/1258
f 1252/1252 1257/1257 1258/1258
f 1091/1091 1102/1102 1098/1098
f 639/639 602/602 596/596
f 596/596 602/602 594/594
f 602/602 591/591 594/594
f 602/602 624/624 591/591
f 596/596 594/594 595/595
f 594/594 593/593 595/595
f 593/593 594/594 590/590
f 594/594 591/591 590/590
f 2913/2913 2912/2912 2911/2911
f 2420/2420 2419/2419 2426/2426
f 2410/2410 2419/2419 2420/2420
f 2419/2419 2410/2410 2402/2402
f 2419/2419 2403/2403 2426/2426
f 2419/2419 2402/2402 2403/2403
f 2411/2411 2409/2409 2410/2410
f 252/252 251/251 253/253
f 1095/1095 1096/1096 1100/1100
f 276/276 250/250 255/255
f 2403/2403 2402/2402 2399/2399
f 2402/2402 2410/2410 2405/2405
f 2410/2410 2409/2409 2405/2405
f 648/648 791/791 633/633
f 633/633 623/623 622/622
f 623/623 621/621 622/622
f 253/253 251/251 258/258
f 1527/1527 1526/1526 1412/1412
f 2405/2405 2409/2409 2408/2408
f 1412/1412 1413/1413 1406/1406
f 423/423 411/411 412/412
f 411/411 409/409 412/412
f 623/623 662/662 621/621
f 623/623 663/663 662/662
f 411/411 410/410 409/409
f 768/768 767/767 663/663
f 412/412 409/409 415/415
f 1416/1416 1414/1414 1448/1448
f 1416/1416 1406/1406 1414/1414
f 663/663 767/767 662/662
f 1406/1406 1413/1413 1414/1414
f 1092/1092 1096/1096 1095/1095
f 252/252 255/255 249/249
f 255/255 250/250 249/249
f 2399/2399 2402/2402 2400/2400
f 2402/2402 2405/2405 2400/2400
f 2399/2399 2400/2400 2401/2401
f 252/252 249/249 251/251
f 1092/1092 1097/1097 1096/1096
f 1092/1092 1098/1098 1097/1097
f 250/250 247/247 249/249
f 1098/1098 1103/1103 1097/1097
f 2400/2400 2406/2406 2407/2407
f 2400/2400 2405/2405 2406/2406
f 2405/2405 2408/2408 2406/2406
f 249/249 247/247 245/245
f 249/249 245/245 248/248
f 258/258 251/251 259/259
f 1526/1526 1487/1487 1412/1412
f 251/251 248/248 259/259
f 1412/1412 1436/1436 1413/1413
f 251/251 249/249 248/248
f 1487/1487 1436/1436 1412/1412
f 633/633 624/624 602/602
f 624/624 622/622 592/592
f 633/633 622/622 624/624
f 622/622 621/621 592/592
f 624/624 592/592 591/591
f 410/410 408/408 409/409
f 621/621 607/607 592/592
f 662/662 607/607 621/621
f 592/592 589/589 591/591
f 592/592 607/607 589/589
f 591/591 589/589 590/590
f 589/589 607/607 605/605
f 409/409 408/408 407/407
f 767/767 758/758 662/662
f 415/415 409/409 416/416
f 409/409 407/407 416/416
f 1448/1448 1414/1414 1447/1447
f 662/662 661/661 607/607
f 662/662 758/758 661/661
f 607/607 661/661 605/605
f 61/61 57/57 58/58
f 61/61 59/59 57/57
f 57/57 56/56 58/58
f 72/72 71/71 59/59
f 59/59 71/71 54/54
f 59/59 54/54 57/57
f 58/58 56/56 77/77
f 1098/1098 1102/1102 1103/1103
f 56/56 230/230 77/77
f 57/57 54/54 56/56
f 71/71 70/70 54/54
f 56/56 54/54 55/55
f 56/56 55/55 230/230
f 54/54 53/53 55/55
f 595/595 601/601 600/600
f 601/601 595/595 593/593
f 1097/1097 1103/1103 1104/1104
f 247/247 246/246 245/245
f 1103/1103 1105/1105 1104/1104
f 246/246 244/244 245/245
f 245/245 243/243 248/248
f 248/248 243/243 259/259
f 1530/1530 1490/1490 1487/1487
f 1487/1487 1490/1490 1436/1436
f 245/245 244/244 243/243
f 244/244 241/241 243/243
f 243/243 241/241 242/242
f 1530/1530 1505/1505 1490/1490
f 1490/1490 1440/1440 1436/1436
f 246/246 241/241 244/244
f 1490/1490 1505/1505 1440/1440
f 408/408 406/406 407/407
f 758/758 788/788 661/661
f 407/407 413/413 416/416
f 661/661 788/788 701/701
f 1505/1505 1482/1482 1440/1440
f 241/241 239/239 242/242
f 239/239 264/264 242/242
f 70/70 18/18 52/52
f 70/70 52/52 54/54
f 54/54 52/52 53/53
f 55/55 53/53 80/80
f 55/55 80/80 230/230
f 53/53 51/51 80/80
f 52/52 51/51 53/53
f 52/52 50/50 51/51
f 80/80 51/51 240/240
f 241/241 230/230 240/240
f 80/80 240/240 230/230
f 241/241 240/240 239/239
f 239/239 233/233 264/264
f 1440/1440 1482/1482 1422/1422
f 240/240 232/232 239/239
f 240/240 51/51 232/232
f 239/239 232/232 233/233
f 1482/1482 1444/1444 1422/1422
f 233/233 267/267 264/264
f 1482/1482 1513/1513 1444/1444
f 19/19 50/50 52/52
f 19/19 31/31 50/50
f 50/50 49/49 51/51
f 51/51 49/49 232/232
f 31/31 48/48 50/50
f 50/50 48/48 49/49
f 48/48 47/47 49/49
f 49/49 47/47 68/68
f 232/232 49/49 229/229
f 232/232 229/229 233/233
f 233/233 229/229 267/267
f 49/49 68/68 229/229
f 1395/1395 1402/1402 1407/1407
f 1407/1407 1402/1402 1441/1441
f 1386/1386 1389/1389 1395/1395
f 1389/1389 1400/1400 1395/1395
f 1395/1395 1400/1400 1402/1402
f 1402/1402 1400/1400 1411/1411
f 1389/1389 1397/1397 1400/1400
f 1402/1402 1411/1411 1441/1441
f 1400/1400 1410/1410 1411/1411
f 1400/1400 1397/1397 1410/1410
f 1397/1397 1409/1409 1410/1410
f 1392/1392 1396/1396 1397/1397
f 1397/1397 1399/1399 1409/1409
f 1397/1397 1396/1396 1399/1399
f 1396/1396 1403/1403 1399/1399
f 1399/1399 1403/1403 1409/1409
f 1409/1409 1403/1403 1433/1433
f 1405/1405 1404/1404 1396/1396
f 1396/1396 1404/1404 1403/1403
f 1403/1403 1434/1434 1433/1433
f 1404/1404 1406/1406 1403/1403
f 1413/1413 1415/1415 1414/1414
f 1414/1414 1417/1417 1447/1447
f 1414/1414 1415/1415 1417/1417
f 1413/1413 1436/1436 1415/1415
f 1436/1436 1419/1419 1415/1415
f 1436/1436 1440/1440 1419/1419
f 1415/1415 1418/1418 1417/1417
f 1415/1415 1419/1419 1418/1418
f 1418/1418 1421/1421 1417/1417
f 1417/1417 1421/1421 1446/1446
f 1418/1418 1419/1419 1420/1420
f 1440/1440 1422/1422 1419/1419
f 1419/1419 1422/1422 1420/1420
f 1418/1418 1420/1420 1421/1421
f 1420/1420 1422/1422 1423/1423
f 1422/1422 1444/1444 1423/1423
f 2763/2763 2765/2765 2766/2766
f 2763/2763 2766/2766 2772/2772
f 2763/2763 2764/2764 2765/2765
f 2580/2580 2579/2579 2578/2578
f 2763/2763 2772/2772 2775/2775
f 2580/2580 2578/2578 2586/2586
f 2578/2578 2579/2579 2577/2577
f 2579/2579 2584/2584 2577/2577
f 2763/2763 2775/2775 2762/2762
f 2586/2586 2578/2578 2581/2581
f 2578/2578 2576/2576 2581/2581
f 2242/2242 2241/2241 2240/2240
f 2762/2762 2753/2753 2763/2763
f 2763/2763 2753/2753 2764/2764
f 2442/2442 2444/2444 2448/2448
f 2753/2753 2767/2767 2764/2764
f 2442/2442 2443/2443 2444/2444
f 2578/2578 2577/2577 2576/2576
f 2576/2576 2577/2577 2575/2575
f 2577/2577 2584/2584 2585/2585
f 2452/2452 2444/2444 2453/2453
f 2241/2241 2243/2243 2238/2238
f 2581/2581 2576/2576 2574/2574
f 2762/2762 2752/2752 2753/2753
f 2753/2753 2752/2752 2751/2751
f 2753/2753 2751/2751 2767/2767
f 2443/2443 2445/2445 2444/2444
f 2240/2240 2241/2241 2238/2238
f 2240/2240 2238/2238 2237/2237
f 2751/2751 2768/2768 2767/2767
f 2447/2447 2446/2446 2443/2443
f 2443/2443 2446/2446 2445/2445
f 2577/2577 2629/2629 2575/2575
f 2577/2577 2585/2585 2629/2629
f 2264/2264 2253/2253 2255/2255
f 2253/2253 2252/2252 2255/2255
f 2255/2255 2252/2252 2265/2265
f 2576/2576 2575/2575 2574/2574
f 2752/2752 2754/2754 2748/2748
f 2752/2752 2771/2771 2754/2754
f 2754/2754 2755/2755 2748/2748
f 2237/2237 2166/2166 2167/2167
f 2237/2237 2238/2238 2166/2166
f 2237/2237 2167/2167 2231/2231
f 1895/1895 1886/1886 1879/1879
f 2167/2167 2166/2166 2074/2074
f 2231/2231 2167/2167 2230/2230
f 1886/1886 1878/1878 1879/1879
f 2574/2574 2570/2570 2569/2569
f 2238/2238 2243/2243 2166/2166
f 2243/2243 2239/2239 2166/2166
f 1895/1895 1879/1879 1927/1927
f 1927/1927 1879/1879 1884/1884
f 2166/2166 2239/2239 2070/2070
f 1879/1879 1878/1878 1877/1877
f 1879/1879 1877/1877 1884/1884
f 2569/2569 2571/2571 2572/2572
f 2569/2569 2570/2570 2571/2571
f 2752/2752 2748/2748 2751/2751
f 2751/2751 2748/2748 2750/2750
f 2762/2762 2771/2771 2752/2752
f 2751/2751 2750/2750 2768/2768
f 2748/2748 2749/2749 2750/2750
f 2293/2293 2284/2284 2286/2286
f 2294/2294 2293/2293 2286/2286
f 2284/2284 2285/2285 2286/2286
f 2294/2294 2289/2289 2295/2295
f 2294/2294 2286/2286 2289/2289
f 2286/2286 2285/2285 2289/2289
f 2007/2007 2006/2006 2004/2004
f 2007/2007 2004/2004 2016/2016
f 2006/2006 2001/2001 2004/2004
f 2006/2006 2009/2009 2001/2001
f 2009/2009 2010/2010 2001/2001
f 2669/2669 2665/2665 2668/2668
f 2289/2289 2285/2285 2290/2290
f 2665/2665 2663/2663 2668/2668
f 2009/2009 2022/2022 2010/2010
f 2575/2575 2570/2570 2574/2574
f 2575/2575 2614/2614 2570/2570
f 2575/2575 2629/2629 2625/2625
f 2575/2575 2625/2625 2614/2614
f 2629/2629 2631/2631 2625/2625
f 2265/2265 2252/2252 2263/2263
f 2284/2284 2287/2287 2285/2285
f 2284/2284 2292/2292 2287/2287
f 1929/1929 1927/1927 1926/1926
f 1927/1927 1884/1884 1926/1926
f 1884/1884 1925/1925 1926/1926
f 2570/2570 2614/2614 2571/2571
f 2285/2285 2287/2287 2288/2288
f 2285/2285 2288/2288 2291/2291
f 2290/2290 2285/2285 2291/2291
f 2667/2667 2705/2705 2704/2704
f 2667/2667 2704/2704 2666/2666
f 2708/2708 2706/2706 2705/2705
f 2705/2705 2706/2706 2704/2704
f 2706/2706 2707/2707 2703/2703
f 2706/2706 2703/2703 2704/2704
f 2230/2230 2167/2167 2165/2165
f 2167/2167 2074/2074 2165/2165
f 2165/2165 2074/2074 2103/2103
f 2074/2074 2069/2069 2103/2103
f 2166/2166 2070/2070 2074/2074
f 2074/2074 2070/2070 2069/2069
f 2070/2070 2067/2067 2069/2069
f 2572/2572 2571/2571 2573/2573
f 2748/2748 2755/2755 2749/2749
f 2016/2016 2004/2004 2017/2017
f 2750/2750 2749/2749 2760/2760
f 2749/2749 2757/2757 2760/2760
f 2230/2230 2165/2165 2198/2198
f 2755/2755 2756/2756 2749/2749
f 2755/2755 2769/2769 2756/2756
f 2198/2198 2165/2165 2103/2103
f 2004/2004 2003/2003 2017/2017
f 2749/2749 2756/2756 2757/2757
f 2004/2004 2001/2001 2003/2003
f 1878/1878 1876/1876 1877/1877
f 1884/1884 1877/1877 1924/1924
f 1884/1884 1924/1924 1925/1925
f 2571/2571 2614/2614 2613/2613
f 2571/2571 2613/2613 2573/2573
f 2625/2625 2623/2623 2614/2614
f 2614/2614 2623/2623 2613/2613
f 1876/1876 1874/1874 1877/1877
f 1877/1877 1880/1880 1924/1924
f 2573/2573 2613/2613 2612/2612
f 2069/2069 2067/2067 2066/2066
f 2067/2067 2062/2062 2066/2066
f 2707/2707 2700/2700 2703/2703
f 1924/1924 1923/1923 1925/1925
f 1924/1924 1880/1880 1923/1923
f 2707/2707 2698/2698 2700/2700
f 1876/1876 1875/1875 1874/1874
f 2756/2756 2758/2758 2757/2757
f 2001/2001 2010/2010 2002/2002
f 2001/2001 2002/2002 2003/2003
f 1875/1875 1872/1872 1874/1874
f 2769/2769 2770/2770 2758/2758
f 2769/2769 2758/2758 2756/2756
f 2198/2198 2103/2103 2196/2196
f 2003/2003 2002/2002 2005/2005
f 2003/2003 2005/2005 2018/2018
f 1874/1874 1880/1880 1877/1877
f 2069/2069 2066/2066 2103/2103
f 2612/2612 2613/2613 2611/2611
f 2623/2623 2617/2617 2613/2613
f 2613/2613 2617/2617 2611/2611
f 2103/2103 2066/2066 2071/2071
f 1872/1872 1873/1873 1874/1874
f 1874/1874 1873/1873 1880/1880
f 1880/1880 1922/1922 1923/1923
f 2758/2758 2770/2770 2740/2740
f 2196/2196 2103/2103 2071/2071
f 2196/2196 2129/2129 2226/2226
f 2196/2196 2071/2071 2073/2073
f 1872/1872 1855/1855 1873/1873
f 2196/2196 2073/2073 2129/2129
f 2073/2073 2068/2068 2129/2129
f 2066/2066 2062/2062 2064/2064
f 2066/2066 2064/2064 2071/2071
f 2062/2062 2063/2063 2064/2064
f 2612/2612 2611/2611 2607/2607
f 2071/2071 2068/2068 2073/2073
f 2071/2071 2064/2064 2068/2068
f 1873/1873 1862/1862 1880/1880
f 1873/1873 1855/1855 1862/1862
f 1880/1880 1862/1862 1922/1922
f 1862/1862 1855/1855 1854/1854
f 2064/2064 2065/2065 2068/2068
f 2064/2064 2063/2063 2065/2065
f 2129/2129 2068/2068 2099/2099
f 2068/2068 2065/2065 2072/2072
f 2451/2451 2449/2449 2450/2450
f 2449/2449 2448/2448 2450/2450
f 2449/2449 2442/2442 2448/2448
f 2580/2580 2582/2582 2579/2579
f 2582/2582 2583/2583 2579/2579
f 2579/2579 2583/2583 2584/2584
f 2450/2450 2448/2448 2452/2452
f 2448/2448 2444/2444 2452/2452
f 2253/2253 2250/2250 2252/2252
f 2250/2250 2249/2249 2252/2252
f 2776/2776 2768/2768 2773/2773
f 2250/2250 2247/2247 2249/2249
f 2768/2768 2750/2750 2773/2773
f 2750/2750 2761/2761 2773/2773
f 2665/2665 2664/2664 2663/2663
f 2665/2665 2666/2666 2664/2664
f 2247/2247 2244/2244 2246/2246
f 2247/2247 2246/2246 2249/2249
f 2252/2252 2249/2249 2254/2254
f 2665/2665 2667/2667 2666/2666
f 2252/2252 2254/2254 2263/2263
f 2249/2249 2246/2246 2254/2254
f 2664/2664 2666/2666 2702/2702
f 2704/2704 2703/2703 2666/2666
f 2666/2666 2703/2703 2702/2702
f 2631/2631 2623/2623 2625/2625
f 2263/2263 2254/2254 2262/2262
f 2631/2631 2632/2632 2623/2623
f 2750/2750 2760/2760 2761/2761
f 2258/2258 2244/2244 2247/2247
f 2761/2761 2760/2760 2774/2774
f 2664/2664 2662/2662 2663/2663
f 2663/2663 2662/2662 2661/2661
f 2663/2663 2661/2661 2671/2671
f 2671/2671 2661/2661 2648/2648
f 2661/2661 2662/2662 2649/2649
f 2661/2661 2649/2649 2648/2648
f 2244/2244 2245/2245 2246/2246
f 2664/2664 2702/2702 2662/2662
f 2246/2246 2245/2245 2254/2254
f 2245/2245 2262/2262 2254/2254
f 2662/2662 2702/2702 2701/2701
f 2701/2701 2702/2702 2700/2700
f 2703/2703 2700/2700 2702/2702
f 2623/2623 2632/2632 2628/2628
f 2623/2623 2628/2628 2617/2617
f 2262/2262 2245/2245 2266/2266
f 2057/2057 2058/2058 2054/2054
f 1881/1881 1897/1897 1901/1901
f 2743/2743 2741/2741 2733/2733
f 2058/2058 2057/2057 2059/2059
f 1881/1881 1864/1864 1897/1897
f 2061/2061 2059/2059 2057/2057
f 2736/2736 2759/2759 2738/2738
f 2736/2736 2738/2738 2732/2732
f 2732/2732 2738/2738 2739/2739
f 2733/2733 2741/2741 2731/2731
f 2733/2733 2731/2731 2730/2730
f 2730/2730 2731/2731 2732/2732
f 2730/2730 2732/2732 2739/2739
f 2733/2733 2730/2730 2739/2739
f 2733/2733 2739/2739 2742/2742
f 2738/2738 2740/2740 2739/2739
f 2013/2013 2014/2014 2011/2011
f 2013/2013 2020/2020 2019/2019
f 2013/2013 2019/2019 2014/2014
f 2227/2227 2226/2226 2163/2163
f 2656/2656 2642/2642 2653/2653
f 2653/2653 2642/2642 2641/2641
f 727/727 676/676 678/678
f 676/676 677/677 678/678
f 678/678 677/677 714/714
f 1897/1897 1864/1864 1893/1893
f 2642/2642 2638/2638 2641/2641
f 677/677 652/652 713/713
f 713/713 652/652 679/679
f 677/677 713/713 714/714
f 2731/2731 2734/2734 2732/2732
f 2732/2732 2734/2734 2736/2736
f 2741/2741 2735/2735 2731/2731
f 2735/2735 2734/2734 2731/2731
f 2633/2633 2634/2634 2635/2635
f 1897/1897 1893/1893 1900/1900
f 2637/2637 2633/2633 2635/2635
f 2023/2023 2019/2019 2020/2020
f 2642/2642 2635/2635 2638/2638
f 2636/2636 2634/2634 2633/2633
f 2735/2735 2744/2744 2734/2734
f 2734/2734 2744/2744 2745/2745
f 714/714 713/713 793/793
f 2635/2635 2634/2634 2638/2638
f 2638/2638 2634/2634 2639/2639
f 2757/2757 2759/2759 2737/2737
f 2010/2010 2021/2021 2002/2002
f 2774/2774 2760/2760 2747/2747
f 2760/2760 2757/2757 2747/2747
f 2757/2757 2737/2737 2747/2747
f 2662/2662 2701/2701 2649/2649
f 2244/2244 2248/2248 2245/2245
f 2248/2248 2251/2251 2245/2245
f 2648/2648 2649/2649 2645/2645
f 2248/2248 2257/2257 2251/2251
f 2757/2757 2758/2758 2759/2759
f 2008/2008 2011/2011 2005/2005
f 2002/2002 2008/2008 2005/2005
f 2002/2002 2021/2021 2008/2008
f 2759/2759 2736/2736 2737/2737
f 2670/2670 2648/2648 2644/2644
f 2648/2648 2645/2645 2644/2644
f 2645/2645 2649/2649 2650/2650
f 2649/2649 2693/2693 2650/2650
f 2644/2644 2645/2645 2640/2640
f 2698/2698 2693/2693 2700/2700
f 2700/2700 2693/2693 2701/2701
f 2617/2617 2628/2628 2618/2618
f 2611/2611 2617/2617 2618/2618
f 2628/2628 2630/2630 2618/2618
f 2245/2245 2256/2256 2266/2266
f 2649/2649 2701/2701 2693/2693
f 2245/2245 2251/2251 2256/2256
f 2266/2266 2256/2256 2267/2267
f 2611/2611 2618/2618 2608/2608
f 2698/2698 2696/2696 2693/2693
f 2747/2747 2737/2737 2746/2746
f 2737/2737 2745/2745 2746/2746
f 2261/2261 2259/2259 2257/2257
f 2257/2257 2259/2259 2251/2251
f 2640/2640 2645/2645 2650/2650
f 2251/2251 2259/2259 2260/2260
f 2251/2251 2260/2260 2256/2256
f 2256/2256 2260/2260 2267/2267
f 2758/2758 2738/2738 2759/2759
f 2758/2758 2740/2740 2738/2738
f 2005/2005 2011/2011 2012/2012
f 2008/2008 2013/2013 2011/2011
f 2636/2636 2670/2670 2644/2644
f 2636/2636 2644/2644 2634/2634
f 2005/2005 2012/2012 2015/2015
f 2226/2226 2129/2129 2163/2163
f 2005/2005 2015/2015 2018/2018
f 1872/1872 1866/1866 1855/1855
f 1866/1866 1853/1853 1855/1855
f 1855/1855 1853/1853 1854/1854
f 2011/2011 2014/2014 2012/2012
f 2014/2014 2015/2015 2012/2012
f 2611/2611 2608/2608 2607/2607
f 893/893 892/892 889/889
f 893/893 889/889 894/894
f 2618/2618 2615/2615 2608/2608
f 1922/1922 1862/1862 1921/1921
f 892/892 890/890 889/889
f 1862/1862 1854/1854 1856/1856
f 1862/1862 1856/1856 1921/1921
f 2607/2607 2605/2605 2606/2606
f 2607/2607 2608/2608 2605/2605
f 2608/2608 2615/2615 2605/2605
f 2736/2736 2734/2734 2737/2737
f 2734/2734 2745/2745 2737/2737
f 2634/2634 2644/2644 2640/2640
f 2640/2640 2650/2650 2657/2657
f 2650/2650 2693/2693 2657/2657
f 2634/2634 2640/2640 2639/2639
f 2693/2693 2696/2696 2692/2692
f 894/894 889/889 895/895
f 2618/2618 2619/2619 2615/2615
f 2618/2618 2630/2630 2619/2619
f 2657/2657 2693/2693 2692/2692
f 2267/2267 2260/2260 2279/2279
f 713/713 679/679 704/704
f 793/793 764/764 799/799
f 713/713 764/764 793/793
f 713/713 704/704 764/764
f 799/799 764/764 789/789
f 764/764 762/762 789/789
f 799/799 789/789 790/790
f 790/790 789/789 785/785
f 2639/2639 2640/2640 2646/2646
f 2640/2640 2657/2657 2646/2646
f 2259/2259 2268/2268 2260/2260
f 2657/2657 2672/2672 2646/2646
f 2639/2639 2646/2646 2647/2647
f 789/789 762/762 785/785
f 2268/2268 2269/2269 2260/2260
f 2054/2054 2058/2058 2146/2146
f 1829/1829 1821/1821 1864/1864
f 1864/1864 1821/1821 1859/1859
f 1864/1864 1859/1859 1893/1893
f 2146/2146 2058/2058 2132/2132
f 2058/2058 2227/2227 2162/2162
f 1893/1893 1859/1859 1894/1894
f 2227/2227 2163/2163 2162/2162
f 1894/1894 1859/1859 1860/1860
f 1859/1859 1822/1822 1860/1860
f 2162/2162 2163/2163 2155/2155
f 1860/1860 1822/1822 1850/1850
f 2058/2058 2162/2162 2132/2132
f 1821/1821 1823/1823 1818/1818
f 1821/1821 1818/1818 1820/1820
f 1821/1821 1820/1820 1859/1859
f 1859/1859 1820/1820 1822/1822
f 2133/2133 2132/2132 2131/2131
f 2132/2132 2162/2162 2125/2125
f 2132/2132 2125/2125 2131/2131
f 2162/2162 2155/2155 2125/2125
f 2155/2155 2098/2098 2125/2125
f 1820/1820 1818/1818 1819/1819
f 1820/1820 1819/1819 1822/1822
f 2131/2131 2125/2125 2130/2130
f 2163/2163 2129/2129 2099/2099
f 1853/1853 1833/1833 1854/1854
f 1860/1860 1850/1850 1866/1866
f 1866/1866 1850/1850 1853/1853
f 2099/2099 2072/2072 2076/2076
f 2163/2163 2099/2099 2155/2155
f 1850/1850 1822/1822 1833/1833
f 1822/1822 1827/1827 1833/1833
f 1850/1850 1833/1833 1853/1853
f 2099/2099 2098/2098 2155/2155
f 2099/2099 2076/2076 2098/2098
f 2098/2098 2076/2076 2078/2078
f 1833/1833 1827/1827 1831/1831
f 1833/1833 1831/1831 1856/1856
f 2099/2099 2068/2068 2072/2072
f 2072/2072 2065/2065 2075/2075
f 1854/1854 1833/1833 1856/1856
f 2606/2606 2605/2605 2600/2600
f 2605/2605 2602/2602 2600/2600
f 2605/2605 2615/2615 2602/2602
f 1856/1856 1918/1918 1921/1921
f 2076/2076 2072/2072 2075/2075
f 889/889 890/890 891/891
f 889/889 891/891 895/895
f 2619/2619 2602/2602 2615/2615
f 1921/1921 1918/1918 1919/1919
f 1856/1856 1831/1831 1918/1918
f 895/895 891/891 896/896
f 2098/2098 2095/2095 2125/2125
f 2098/2098 2078/2078 2095/2095
f 2125/2125 2095/2095 2130/2130
f 2078/2078 2076/2076 2077/2077
f 2076/2076 2075/2075 2077/2077
f 1822/1822 1819/1819 1827/1827
f 2095/2095 2078/2078 2081/2081
f 2602/2602 2591/2591 2600/2600
f 2600/2600 2591/2591 2595/2595
f 2595/2595 2591/2591 2590/2590
f 1919/1919 1918/1918 1917/1917
f 891/891 897/897 896/896
f 2078/2078 2080/2080 2081/2081
f 2078/2078 2079/2079 2080/2080
f 2078/2078 2077/2077 2079/2079
f 2591/2591 2588/2588 2590/2590
f 2653/2653 2641/2641 2652/2652
f 652/652 626/626 679/679
f 2652/2652 2641/2641 2643/2643
f 2652/2652 2643/2643 2654/2654
f 2641/2641 2638/2638 2639/2639
f 2641/2641 2639/2639 2643/2643
f 2639/2639 2647/2647 2643/2643
f 2652/2652 2654/2654 2659/2659
f 679/679 627/627 704/704
f 626/626 627/627 679/679
f 626/626 600/600 627/627
f 2654/2654 2643/2643 2655/2655
f 704/704 627/627 703/703
f 764/764 704/704 762/762
f 704/704 703/703 762/762
f 2647/2647 2651/2651 2643/2643
f 2643/2643 2651/2651 2655/2655
f 762/762 703/703 702/702
f 2651/2651 2673/2673 2674/2674
f 2672/2672 2681/2681 2673/2673
f 2647/2647 2646/2646 2651/2651
f 2651/2651 2646/2646 2672/2672
f 2672/2672 2673/2673 2651/2651
f 2270/2270 2269/2269 2268/2268
f 2657/2657 2692/2692 2681/2681
f 2657/2657 2681/2681 2672/2672
f 2260/2260 2274/2274 2279/2279
f 2260/2260 2269/2269 2274/2274
f 895/895 896/896 898/898
f 2602/2602 2619/2619 2609/2609
f 2619/2619 2627/2627 2609/2609
f 785/785 762/762 763/763
f 762/762 702/702 763/763
f 2269/2269 2270/2270 2271/2271
f 2269/2269 2271/2271 2274/2274
f 2602/2602 2609/2609 2591/2591
f 2274/2274 2271/2271 2283/2283
f 2609/2609 2627/2627 2626/2626
f 896/896 897/897 900/900
f 2591/2591 2609/2609 2588/2588
f 2609/2609 2610/2610 2588/2588
f 2609/2609 2626/2626 2610/2610
f 2278/2278 2272/2272 2270/2270
f 2271/2271 2270/2270 2272/2272
f 2673/2673 2681/2681 2677/2677
f 1818/1818 1816/1816 1817/1817
f 2134/2134 2131/2131 2135/2135
f 2131/2131 2130/2130 2135/2135
f 2135/2135 2130/2130 2128/2128
f 1818/1818 1817/1817 1819/1819
f 1819/1819 1826/1826 1827/1827
f 1819/1819 1817/1817 1826/1826
f 2130/2130 2109/2109 2128/2128
f 2130/2130 2095/2095 2109/2109
f 2109/2109 2095/2095 2081/2081
f 1827/1827 1826/1826 1831/1831
f 1831/1831 1916/1916 1918/1918
f 1831/1831 1826/1826 1830/1830
f 1831/1831 1830/1830 1916/1916
f 2109/2109 2081/2081 2093/2093
f 1918/1918 1916/1916 1917/1917
f 2081/2081 2080/2080 2082/2082
f 2109/2109 2093/2093 2128/2128
f 2081/2081 2082/2082 2093/2093
f 2134/2134 2135/2135 2136/2136
f 1817/1817 1806/1806 1826/1826
f 2136/2136 2135/2135 2137/2137
f 2135/2135 2128/2128 2137/2137
f 1816/1816 1812/1812 1817/1817
f 2136/2136 2137/2137 2138/2138
f 1817/1817 1812/1812 1813/1813
f 1817/1817 1813/1813 1806/1806
f 2128/2128 2093/2093 2115/2115
f 2590/2590 2587/2587 2596/2596
f 2590/2590 2588/2588 2587/2587
f 896/896 899/899 898/898
f 896/896 900/900 899/899
f 2681/2681 2691/2691 2677/2677
f 2691/2691 2682/2682 2677/2677
f 2271/2271 2280/2280 2283/2283
f 776/776 774/774 775/775
f 1917/1917 1915/1915 1920/1920
f 2588/2588 2610/2610 2601/2601
f 2626/2626 2616/2616 2610/2610
f 2610/2610 2616/2616 2601/2601
f 900/900 901/901 899/899
f 1830/1830 1914/1914 1916/1916
f 1806/1806 1825/1825 1826/1826
f 2093/2093 2092/2092 2115/2115
f 1826/1826 1825/1825 1830/1830
f 2093/2093 2082/2082 2084/2084
f 2093/2093 2084/2084 2092/2092
f 2082/2082 2083/2083 2084/2084
f 1830/1830 1861/1861 1914/1914
f 2596/2596 2587/2587 2599/2599
f 2080/2080 2083/2083 2082/2082
f 1916/1916 1915/1915 1917/1917
f 1916/1916 1914/1914 1915/1915
f 2587/2587 2588/2588 2589/2589
f 1915/1915 1914/1914 1904/1904
f 1920/1920 1915/1915 1913/1913
f 1915/1915 1904/1904 1913/1913
f 2589/2589 2588/2588 2601/2601
f 2138/2138 2137/2137 2140/2140
f 1812/1812 1810/1810 1813/1813
f 2128/2128 2115/2115 2127/2127
f 2137/2137 2128/2128 2127/2127
f 1813/1813 1810/1810 1806/1806
f 2137/2137 2127/2127 2140/2140
f 1810/1810 1804/1804 1806/1806
f 1812/1812 1811/1811 1810/1810
f 2138/2138 2140/2140 2151/2151
f 1815/1815 1809/1809 1811/1811
f 1811/1811 1809/1809 1810/1810
f 2127/2127 2151/2151 2140/2140
f 1804/1804 1810/1810 1809/1809
f 1809/1809 1802/1802 1804/1804
f 1830/1830 1825/1825 1861/1861
f 2115/2115 2092/2092 2094/2094
f 1806/1806 1805/1805 1825/1825
f 1806/1806 1804/1804 1805/1805
f 1825/1825 1805/1805 1848/1848
f 2092/2092 2084/2084 2087/2087
f 2084/2084 2083/2083 2085/2085
f 1825/1825 1848/1848 1861/1861
f 2599/2599 2587/2587 2594/2594
f 2589/2589 2592/2592 2587/2587
f 2587/2587 2592/2592 2594/2594
f 2601/2601 2593/2593 2589/2589
f 1904/1904 1910/1910 1913/1913
f 2589/2589 2593/2593 2592/2592
f 1914/1914 1861/1861 1904/1904
f 1904/1904 1861/1861 1905/1905
f 1904/1904 1905/1905 1910/1910
f 2594/2594 2592/2592 2597/2597
f 2094/2094 2092/2092 2087/2087
f 2115/2115 2094/2094 2127/2127
f 2084/2084 2086/2086 2087/2087
f 2084/2084 2085/2085 2086/2086
f 1848/1848 1906/1906 1861/1861
f 1861/1861 1906/1906 1905/1905
f 1804/1804 1803/1803 1805/1805
f 1805/1805 1803/1803 1848/1848
f 2127/2127 2094/2094 2123/2123
f 1804/1804 1802/1802 1803/1803
f 1803/1803 1808/1808 1848/1848
f 1848/1848 1808/1808 1906/1906
f 1905/1905 1907/1907 1910/1910
f 2594/2594 2597/2597 2598/2598
f 2087/2087 2086/2086 2088/2088
f 1906/1906 1907/1907 1905/1905
f 2598/2598 2597/2597 2604/2604
f 25/25 26/26 27/27
f 2127/2127 2123/2123 2151/2151
f 26/26 177/177 27/27
f 1809/1809 1807/1807 1802/1802
f 2123/2123 2110/2110 2126/2126
f 2123/2123 2094/2094 2110/2110
f 2094/2094 2087/2087 2089/2089
f 2094/2094 2089/2089 2110/2110
f 2087/2087 2088/2088 2089/2089
f 1802/1802 1800/1800 1801/1801
f 1803/1803 1802/1802 1801/1801
f 1803/1803 1801/1801 1808/1808
f 2110/2110 2089/2089 2091/2091
f 2086/2086 2090/2090 2088/2088
f 2089/2089 2088/2088 2091/2091
f 996/996 979/979 998/998
f 2110/2110 2091/2091 2126/2126
f 2091/2091 2088/2088 2096/2096
f 600/600 601/601 604/604
f 627/627 604/604 628/628
f 600/600 604/604 627/627
f 627/627 628/628 703/703
f 703/703 628/628 702/702
f 590/590 587/587 593/593
f 593/593 587/587 619/619
f 2651/2651 2674/2674 2655/2655
f 604/604 632/632 628/628
f 604/604 618/618 632/632
f 628/628 632/632 702/702
f 702/702 632/632 649/649
f 2678/2678 2674/2674 2676/2676
f 2674/2674 2675/2675 2676/2676
f 2678/2678 2676/2676 2679/2679
f 604/604 601/601 618/618
f 618/618 601/601 619/619
f 593/593 619/619 601/601
f 632/632 618/618 649/649
f 649/649 618/618 620/620
f 618/618 619/619 620/620
f 619/619 585/585 620/620
f 2674/2674 2673/2673 2675/2675
f 2673/2673 2677/2677 2675/2675
f 2278/2278 2276/2276 2272/2272
f 2271/2271 2273/2273 2280/2280
f 2271/2271 2272/2272 2273/2273
f 590/590 589/589 587/587
f 587/587 589/589 588/588
f 589/589 605/605 588/588
f 588/588 605/605 629/629
f 661/661 701/701 605/605
f 605/605 701/701 629/629
f 619/619 587/587 585/585
f 587/587 586/586 585/585
f 587/587 588/588 586/586
f 407/407 406/406 405/405
f 406/406 404/404 405/405
f 407/407 405/405 413/413
f 701/701 653/653 629/629
f 404/404 402/402 405/405
f 405/405 402/402 414/414
f 413/413 405/405 414/414
f 701/701 792/792 653/653
f 588/588 629/629 586/586
f 629/629 653/653 586/586
f 649/649 620/620 672/672
f 620/620 571/571 672/672
f 571/571 620/620 585/585
f 2675/2675 2677/2677 2682/2682
f 2276/2276 2275/2275 2272/2272
f 2676/2676 2675/2675 2680/2680
f 2272/2272 2275/2275 2273/2273
f 2280/2280 2273/2273 2281/2281
f 2273/2273 2275/2275 2281/2281
f 2276/2276 2277/2277 2275/2275
f 2676/2676 2680/2680 2679/2679
f 2675/2675 2682/2682 2680/2680
f 774/774 772/772 775/775
f 899/899 901/901 902/902
f 2616/2616 2624/2624 2601/2601
f 2691/2691 2694/2694 2682/2682
f 774/774 773/773 772/772
f 772/772 773/773 674/674
f 2275/2275 2282/2282 2281/2281
f 2277/2277 2282/2282 2275/2275
f 2680/2680 2682/2682 2684/2684
f 2679/2679 2680/2680 2683/2683
f 672/672 571/571 673/673
f 2683/2683 2680/2680 2684/2684
f 773/773 673/673 674/674
f 404/404 403/403 402/402
f 586/586 653/653 650/650
f 653/653 792/792 780/780
f 403/403 400/400 402/402
f 586/586 650/650 584/584
f 402/402 400/400 401/401
f 414/414 401/401 420/420
f 402/402 401/401 414/414
f 653/653 780/780 650/650
f 1443/1443 1424/1424 1431/1431
f 420/420 401/401 421/421
f 1443/1443 1431/1431 1611/1611
f 585/585 586/586 584/584
f 585/585 584/584 576/576
f 585/585 576/576 571/571
f 571/571 576/576 570/570
f 576/576 584/584 575/575
f 650/650 669/669 584/584
f 780/780 669/669 650/650
f 400/400 397/397 401/401
f 401/401 397/397 421/421
f 584/584 669/669 575/575
f 25/25 28/28 31/31
f 31/31 28/28 48/48
f 901/901 903/903 902/902
f 2682/2682 2694/2694 2686/2686
f 2684/2684 2682/2682 2686/2686
f 2601/2601 2624/2624 2621/2621
f 772/772 674/674 718/718
f 2601/2601 2621/2621 2593/2593
f 673/673 571/571 657/657
f 2683/2683 2684/2684 2685/2685
f 2683/2683 2685/2685 2688/2688
f 657/657 571/571 560/560
f 571/571 570/570 560/560
f 2684/2684 2686/2686 2685/2685
f 657/657 674/674 673/673
f 2592/2592 2593/2593 2597/2597
f 1910/1910 1907/1907 1911/1911
f 903/903 905/905 904/904
f 903/903 904/904 902/902
f 2694/2694 2695/2695 2686/2686
f 2597/2597 2620/2620 2604/2604
f 2686/2686 2687/2687 2685/2685
f 674/674 645/645 718/718
f 674/674 657/657 645/645
f 2685/2685 2689/2689 2688/2688
f 657/657 560/560 645/645
f 2686/2686 2695/2695 2687/2687
f 2695/2695 2699/2699 2690/2690
f 2695/2695 2690/2690 2687/2687
f 2687/2687 2689/2689 2685/2685
f 2687/2687 2690/2690 2689/2689
f 560/560 448/448 645/645
f 229/229 268/268 267/267
f 1513/1513 1514/1514 1439/1439
f 229/229 68/68 219/219
f 229/229 219/219 268/268
f 1514/1514 1491/1491 1439/1439
f 1439/1439 1491/1491 1426/1426
f 1426/1426 1491/1491 1480/1480
f 570/570 576/576 491/491
f 570/570 491/491 560/560
f 491/491 576/576 490/490
f 576/576 575/575 490/490
f 575/575 489/489 490/490
f 398/398 399/399 348/348
f 575/575 669/669 658/658
f 400/400 398/398 397/397
f 669/669 739/739 658/658
f 1431/1431 1610/1610 1611/1611
f 398/398 348/348 397/397
f 417/417 421/421 397/397
f 1431/1431 1429/1429 1610/1610
f 739/739 681/681 658/658
f 575/575 658/658 489/489
f 560/560 491/491 462/462
f 560/560 462/462 448/448
f 491/491 490/490 460/460
f 491/491 460/460 462/462
f 417/417 397/397 349/349
f 1431/1431 1425/1425 1429/1429
f 1425/1425 1427/1427 1429/1429
f 1610/1610 1429/1429 1609/1609
f 397/397 348/348 349/349
f 1427/1427 1428/1428 1429/1429
f 1427/1427 1426/1426 1428/1428
f 348/348 347/347 349/349
f 1429/1429 1428/1428 1430/1430
f 489/489 658/658 681/681
f 490/490 489/489 460/460
f 489/489 461/461 460/460
f 461/461 489/489 681/681
f 1429/1429 1430/1430 1609/1609
f 461/461 681/681 682/682
f 1609/1609 1430/1430 1612/1612
f 25/25 27/27 28/28
f 27/27 29/29 28/28
f 28/28 29/29 30/30
f 28/28 30/30 47/47
f 1807/1807 1800/1800 1802/1802
f 48/48 28/28 47/47
f 47/47 67/67 68/68
f 177/177 153/153 27/27
f 27/27 153/153 29/29
f 29/29 33/33 30/30
f 29/29 36/36 33/33
f 29/29 153/153 36/36
f 30/30 39/39 47/47
f 30/30 33/33 39/39
f 39/39 33/33 66/66
f 1907/1907 1909/1909 1911/1911
f 1907/1907 1908/1908 1909/1909
f 1911/1911 1909/1909 1912/1912
f 1906/1906 1808/1808 1908/1908
f 1906/1906 1908/1908 1907/1907
f 2689/2689 2690/2690 2697/2697
f 645/645 448/448 443/443
f 1801/1801 1799/1799 1808/1808
f 1801/1801 1800/1800 1799/1799
f 2126/2126 2091/2091 2112/2112
f 2091/2091 2100/2100 2112/2112
f 1800/1800 1797/1797 1799/1799
f 2088/2088 2097/2097 2096/2096
f 2091/2091 2096/2096 2100/2100
f 1808/1808 1828/1828 1908/1908
f 1799/1799 1828/1828 1808/1808
f 68/68 67/67 219/219
f 268/268 219/219 260/260
f 1514/1514 1519/1519 1492/1492
f 1514/1514 1492/1492 1491/1491
f 1491/1491 1492/1492 1480/1480
f 47/47 39/39 66/66
f 47/47 66/66 67/67
f 67/67 76/76 219/219
f 67/67 66/66 76/76
f 219/219 76/76 260/260
f 76/76 214/214 260/260
f 66/66 81/81 76/76
f 76/76 81/81 214/214
f 1519/1519 1489/1489 1492/1492
f 448/448 462/462 444/444
f 1426/1426 1435/1435 1428/1428
f 1435/1435 1442/1442 1428/1428
f 1426/1426 1480/1480 1435/1435
f 348/348 346/346 347/347
f 347/347 346/346 338/338
f 1480/1480 1492/1492 1435/1435
f 1492/1492 1489/1489 1435/1435
f 33/33 69/69 66/66
f 66/66 69/69 81/81
f 153/153 151/151 36/36
f 2100/2100 2096/2096 2101/2101
f 36/36 151/151 86/86
f 33/33 36/36 69/69
f 36/36 86/86 69/69
f 2100/2100 2101/2101 2112/2112
f 1799/1799 1797/1797 1798/1798
f 2112/2112 2101/2101 2111/2111
f 151/151 150/150 86/86
f 86/86 150/150 89/89
f 69/69 82/82 81/81
f 81/81 82/82 213/213
f 1435/1435 1489/1489 1483/1483
f 214/214 81/81 213/213
f 1517/1517 1483/1483 1489/1489
f 213/213 132/132 231/231
f 1517/1517 1506/1506 1483/1483
f 69/69 86/86 88/88
f 88/88 82/82 69/69
f 86/86 89/89 88/88
f 82/82 88/88 132/132
f 82/82 132/132 213/213
f 1483/1483 1506/1506 1484/1484
f 89/89 90/90 88/88
f 88/88 92/92 132/132
f 88/88 90/90 92/92
f 1421/1421 1432/1432 1446/1446
f 1421/1421 1420/1420 1432/1432
f 1420/1420 1424/1424 1432/1432
f 1444/1444 1439/1439 1423/1423
f 1420/1420 1423/1423 1424/1424
f 1432/1432 1424/1424 1443/1443
f 1444/1444 1513/1513 1439/1439
f 1423/1423 1439/1439 1426/1426
f 1424/1424 1423/1423 1425/1425
f 1424/1424 1425/1425 1431/1431
f 1423/1423 1426/1426 1425/1425
f 1425/1425 1426/1426 1427/1427
f 1428/1428 1442/1442 1437/1437
f 1428/1428 1437/1437 1430/1430
f 1430/1430 1437/1437 1438/1438
f 1435/1435 1483/1483 1442/1442
f 1442/1442 1449/1449 1437/1437
f 1438/1438 1437/1437 1450/1450
f 1437/1437 1449/1449 1450/1450
f 1483/1483 1484/1484 1442/1442
f 1442/1442 1484/1484 1449/1449
f 1484/1484 1452/1452 1449/1449
f 1484/1484 1506/1506 1485/1485
f 2593/2593 2621/2621 2622/2622
f 2597/2597 2593/2593 2603/2603
f 2620/2620 2597/2597 2603/2603
f 2593/2593 2622/2622 2603/2603
f 718/718 645/645 568/568
f 645/645 443/443 568/568
f 1001/1001 981/981 997/997
f 997/997 978/978 996/996
f 997/997 981/981 978/978
f 561/561 446/446 555/555
f 561/561 568/568 446/446
f 568/568 443/443 446/446
f 443/443 448/448 444/444
f 443/443 444/444 445/445
f 1912/1912 1909/1909 1928/1928
f 446/446 447/447 555/555
f 443/443 445/445 446/446
f 446/446 445/445 447/447
f 1908/1908 1883/1883 1909/1909
f 996/996 978/978 979/979
f 1909/1909 1883/1883 1928/1928
f 979/979 978/978 977/977
f 1908/1908 1828/1828 1883/1883
f 2096/2096 2097/2097 2102/2102
f 979/979 977/977 1002/1002
f 978/978 981/981 980/980
f 1928/1928 1883/1883 1930/1930
f 555/555 447/447 556/556
f 1928/1928 1930/1930 1931/1931
f 978/978 980/980 975/975
f 978/978 975/975 977/977
f 556/556 447/447 450/450
f 980/980 974/974 975/975
f 556/556 450/450 567/567
f 460/460 453/453 462/462
f 462/462 453/453 444/444
f 346/346 342/342 338/338
f 460/460 461/461 459/459
f 461/461 682/682 459/459
f 459/459 453/453 460/460
f 445/445 449/449 447/447
f 445/445 444/444 449/449
f 444/444 453/453 449/449
f 447/447 449/449 450/450
f 453/453 451/451 449/449
f 453/453 454/454 451/451
f 453/453 459/459 454/454
f 342/342 323/323 338/338
f 2096/2096 2102/2102 2101/2101
f 1828/1828 1799/1799 1798/1798
f 1828/1828 1832/1832 1883/1883
f 1828/1828 1798/1798 1832/1832
f 1883/1883 1832/1832 1930/1930
f 1002/1002 977/977 999/999
f 2102/2102 2104/2104 2101/2101
f 977/977 975/975 976/976
f 977/977 976/976 999/999
f 1930/1930 1832/1832 1882/1882
f 1930/1930 1882/1882 1931/1931
f 976/976 975/975 973/973
f 2101/2101 2104/2104 2105/2105
f 2101/2101 2105/2105 2111/2111
f 1797/1797 1791/1791 1798/1798
f 2105/2105 2104/2104 2106/2106
f 1832/1832 1796/1796 1882/1882
f 1832/1832 1798/1798 1796/1796
f 1798/1798 1791/1791 1796/1796
f 976/976 968/968 999/999
f 999/999 968/968 1006/1006
f 973/973 975/975 974/974
f 976/976 973/973 968/968
f 449/449 451/451 450/450
f 567/567 450/450 521/521
f 450/450 452/452 521/521
f 450/450 451/451 452/452
f 1931/1931 1882/1882 1932/1932
f 974/974 967/967 973/973
f 974/974 995/995 967/967
f 1882/1882 1796/1796 1847/1847
f 973/973 967/967 968/968
f 967/967 995/995 911/911
f 967/967 911/911 910/910
f 521/521 452/452 520/520
f 452/452 451/451 456/456
f 995/995 962/962 911/911
f 452/452 456/456 520/520
f 89/89 150/150 91/91
f 2111/2111 2105/2105 2113/2113
f 89/89 91/91 90/90
f 1791/1791 1794/1794 1796/1796
f 132/132 92/92 231/231
f 92/92 107/107 262/262
f 2113/2113 2105/2105 2108/2108
f 91/91 94/94 90/90
f 1791/1791 1790/1790 1782/1782
f 92/92 90/90 93/93
f 92/92 93/93 107/107
f 1796/1796 1794/1794 1847/1847
f 968/968 986/986 1006/1006
f 2106/2106 2107/2107 2105/2105
f 2106/2106 2121/2121 2107/2107
f 1847/1847 1794/1794 1793/1793
f 1847/1847 1793/1793 1885/1885
f 967/967 910/910 968/968
f 1882/1882 1885/1885 1932/1932
f 1882/1882 1847/1847 1885/1885
f 1932/1932 1885/1885 1933/1933
f 910/910 986/986 968/968
f 520/520 456/456 463/463
f 911/911 906/906 910/910
f 1933/1933 1885/1885 1892/1892
f 910/910 906/906 909/909
f 1791/1791 1782/1782 1794/1794
f 1794/1794 1782/1782 1793/1793
f 2108/2108 2105/2105 2107/2107
f 2108/2108 2107/2107 2114/2114
f 910/910 909/909 985/985
f 2107/2107 2121/2121 2116/2116
f 2121/2121 2236/2236 2116/2116
f 2107/2107 2116/2116 2114/2114
f 986/986 910/910 985/985
f 1885/1885 1871/1871 1892/1892
f 1885/1885 1793/1793 1871/1871
f 94/94 93/93 90/90
f 91/91 148/148 94/94
f 1790/1790 1779/1779 1782/1782
f 93/93 96/96 107/107
f 93/93 95/95 96/96
f 94/94 148/148 95/95
f 93/93 94/94 95/95
f 2113/2113 2108/2108 2117/2117
f 2117/2117 2108/2108 2114/2114
f 1782/1782 1779/1779 1778/1778
f 1793/1793 1792/1792 1871/1871
f 1793/1793 1782/1782 1792/1792
f 148/148 118/118 95/95
f 118/118 98/98 95/95
f 2114/2114 2120/2120 2117/2117
f 2114/2114 2118/2118 2120/2120
f 1779/1779 1776/1776 1778/1778
f 1778/1778 1787/1787 1782/1782
f 2117/2117 2120/2120 2154/2154
f 1778/1778 1780/1780 1787/1787
f 1776/1776 1777/1777 1778/1778
f 1778/1778 1777/1777 1780/1780
f 118/118 117/117 98/98
f 2154/2154 2120/2120 2153/2153
f 1430/1430 1438/1438 1612/1612
f 682/682 741/741 459/459
f 741/741 740/740 459/459
f 1450/1450 1453/1453 1438/1438
f 740/740 656/656 459/459
f 1450/1450 1449/1449 1451/1451
f 1449/1449 1452/1452 1451/1451
f 338/338 323/323 322/322
f 459/459 656/656 454/454
f 1450/1450 1451/1451 1453/1453
f 656/656 740/740 725/725
f 1484/1484 1485/1485 1452/1452
f 1485/1485 1509/1509 1481/1481
f 1451/1451 1452/1452 1454/1454
f 1452/1452 1481/1481 1454/1454
f 1452/1452 1485/1485 1481/1481
f 1453/1453 1451/1451 1456/1456
f 1453/1453 1456/1456 1614/1614
f 1451/1451 1455/1455 1456/1456
f 1451/1451 1454/1454 1455/1455
f 656/656 455/455 454/454
f 451/451 454/454 455/455
f 323/323 320/320 322/322
f 320/320 323/323 341/341
f 455/455 656/656 668/668
f 451/451 455/455 456/456
f 455/455 668/668 457/457
f 455/455 457/457 456/456
f 341/341 340/340 320/320
f 456/456 457/457 458/458
f 322/322 320/320 321/321
f 656/656 725/725 668/668
f 320/320 316/316 321/321
f 457/457 668/668 660/660
f 320/320 340/340 319/319
f 725/725 721/721 668/668
f 1485/1485 1506/1506 1509/1509
f 231/231 92/92 262/262
f 1506/1506 1521/1521 1509/1509
f 1454/1454 1461/1461 1455/1455
f 1454/1454 1481/1481 1461/1461
f 1509/1509 1502/1502 1481/1481
f 1481/1481 1502/1502 1461/1461
f 1521/1521 1520/1520 1509/1509
f 1520/1520 1502/1502 1509/1509
f 1614/1614 1456/1456 1605/1605
f 1456/1456 1455/1455 1457/1457
f 1456/1456 1457/1457 1605/1605
f 320/320 319/319 316/316
f 660/660 668/668 721/721
f 1461/1461 1502/1502 1464/1464
f 1455/1455 1458/1458 1457/1457
f 1455/1455 1461/1461 1458/1458
f 1461/1461 1464/1464 1458/1458
f 1458/1458 1464/1464 1459/1459
f 1457/1457 1588/1588 1605/1605
f 1458/1458 1459/1459 1457/1457
f 1502/1502 1515/1515 1501/1501
f 1502/1502 1501/1501 1464/1464
f 107/107 221/221 262/262
f 262/262 221/221 271/271
f 96/96 221/221 107/107
f 271/271 221/221 235/235
f 1520/1520 1522/1522 1515/1515
f 1502/1502 1520/1520 1515/1515
f 96/96 95/95 97/97
f 96/96 97/97 221/221
f 95/95 98/98 97/97
f 221/221 97/97 235/235
f 97/97 99/99 235/235
f 1515/1515 1522/1522 1516/1516
f 1516/1516 1522/1522 1528/1528
f 1516/1516 1503/1503 1515/1515
f 97/97 98/98 99/99
f 235/235 99/99 263/263
f 1528/1528 1503/1503 1516/1516
f 98/98 100/100 99/99
f 99/99 100/100 263/263
f 911/911 962/962 906/906
f 962/962 961/961 906/906
f 906/906 908/908 909/909
f 961/961 907/907 906/906
f 906/906 907/907 908/908
f 1871/1871 1870/1870 1892/1892
f 1892/1892 1870/1870 1891/1891
f 1871/1871 1792/1792 1870/1870
f 2116/2116 2236/2236 2119/2119
f 909/909 908/908 924/924
f 909/909 924/924 985/985
f 2236/2236 2235/2235 2119/2119
f 1870/1870 1889/1889 1891/1891
f 908/908 919/919 924/924
f 919/919 908/908 912/912
f 908/908 907/907 912/912
f 2114/2114 2116/2116 2118/2118
f 2116/2116 2119/2119 2118/2118
f 1782/1782 1787/1787 1792/1792
f 1792/1792 1795/1795 1870/1870
f 1792/1792 1787/1787 1795/1795
f 1870/1870 1795/1795 1889/1889
f 1787/1787 1788/1788 1795/1795
f 1787/1787 1780/1780 1788/1788
f 2119/2119 2124/2124 2118/2118
f 2119/2119 2235/2235 2124/2124
f 924/924 919/919 928/928
f 2235/2235 2234/2234 2124/2124
f 1889/1889 1795/1795 1858/1858
f 919/919 912/912 916/916
f 919/919 916/916 928/928
f 2120/2120 2118/2118 2122/2122
f 2153/2153 2120/2120 2122/2122
f 2118/2118 2124/2124 2122/2122
f 1795/1795 1788/1788 1858/1858
f 1788/1788 1784/1784 1789/1789
f 1788/1788 1789/1789 1858/1858
f 2122/2122 2124/2124 2152/2152
f 1788/1788 1780/1780 1784/1784
f 2234/2234 2158/2158 2124/2124
f 2124/2124 2158/2158 2152/2152
f 2122/2122 2152/2152 2156/2156
f 1889/1889 1858/1858 1773/1773
f 2234/2234 2233/2233 2158/2158
f 1773/1773 1858/1858 1762/1762
f 1858/1858 1789/1789 1762/1762
f 928/928 916/916 944/944
f 2152/2152 2168/2168 2157/2157
f 2152/2152 2158/2158 2168/2168
f 916/916 945/945 944/944
f 2233/2233 2232/2232 2158/2158
f 944/944 945/945 946/946
f 945/945 949/949 946/946
f 2158/2158 2169/2169 2168/2168
f 2158/2158 2232/2232 2169/2169
f 2169/2169 2170/2170 2168/2168
f 2169/2169 2171/2171 2170/2170
f 458/458 463/463 456/456
f 962/962 1003/1003 961/961
f 463/463 458/458 464/464
f 457/457 660/660 458/458
f 340/340 334/334 319/319
f 319/319 314/314 316/316
f 458/458 660/660 465/465
f 465/465 660/660 720/720
f 1003/1003 1004/1004 961/961
f 961/961 1004/1004 958/958
f 961/961 958/958 907/907
f 319/319 334/334 314/314
f 458/458 465/465 464/464
f 334/334 345/345 313/313
f 720/720 719/719 465/465
f 334/334 313/313 314/314
f 464/464 465/465 466/466
f 464/464 466/466 467/467
f 316/316 314/314 315/315
f 660/660 721/721 720/720
f 721/721 759/759 720/720
f 720/720 759/759 719/719
f 315/315 314/314 306/306
f 1457/1457 1459/1459 1460/1460
f 1457/1457 1460/1460 1588/1588
f 1588/1588 1460/1460 1591/1591
f 759/759 760/760 719/719
f 465/465 719/719 473/473
f 465/465 473/473 466/466
f 907/907 958/958 918/918
f 907/907 918/918 913/913
f 958/958 1004/1004 959/959
f 958/958 959/959 918/918
f 464/464 467/467 565/565
f 918/918 959/959 960/960
f 565/565 467/467 469/469
f 565/565 469/469 564/564
f 912/912 907/907 913/913
f 912/912 913/913 914/914
f 960/960 921/921 918/918
f 918/918 920/920 913/913
f 918/918 921/921 920/920
f 913/913 920/920 915/915
f 1464/1464 1463/1463 1459/1459
f 1464/1464 1501/1501 1463/1463
f 760/760 761/761 719/719
f 314/314 313/313 306/306
f 1459/1459 1462/1462 1460/1460
f 1459/1459 1463/1463 1462/1462
f 1460/1460 1567/1567 1591/1591
f 1460/1460 1462/1462 1567/1567
f 1591/1591 1567/1567 1598/1598
f 306/306 304/304 305/305
f 1567/1567 1462/1462 1569/1569
f 1567/1567 1569/1569 1598/1598
f 1515/1515 1503/1503 1501/1501
f 1501/1501 1503/1503 1463/1463
f 1462/1462 1463/1463 1465/1465
f 1463/1463 1469/1469 1465/1465
f 313/313 312/312 304/304
f 473/473 719/719 716/716
f 345/345 317/317 313/313
f 313/313 317/317 312/312
f 719/719 761/761 716/716
f 313/313 304/304 306/306
f 466/466 473/473 468/468
f 467/467 466/466 468/468
f 467/467 468/468 469/469
f 317/317 318/318 312/312
f 317/317 376/376 318/318
f 761/761 781/781 716/716
f 376/376 358/358 318/318
f 305/305 304/304 303/303
f 304/304 312/312 302/302
f 304/304 302/302 303/303
f 1598/1598 1569/1569 1596/1596
f 1462/1462 1466/1466 1569/1569
f 1462/1462 1465/1465 1466/1466
f 1780/1780 1777/1777 1781/1781
f 117/117 102/102 98/98
f 1781/1781 1783/1783 1780/1780
f 1780/1780 1783/1783 1784/1784
f 2122/2122 2156/2156 2153/2153
f 117/117 155/155 102/102
f 98/98 102/102 101/101
f 155/155 154/154 102/102
f 1783/1783 1785/1785 1784/1784
f 1784/1784 1903/1903 1789/1789
f 1784/1784 1785/1785 1903/1903
f 2152/2152 2157/2157 2156/2156
f 1783/1783 1781/1781 1786/1786
f 1783/1783 1786/1786 1785/1785
f 98/98 101/101 100/100
f 100/100 110/110 263/263
f 100/100 101/101 110/110
f 916/916 912/912 914/914
f 913/913 915/915 914/914
f 914/914 915/915 917/917
f 914/914 917/917 1013/1013
f 1789/1789 1903/1903 1763/1763
f 1789/1789 1763/1763 1762/1762
f 2157/2157 2168/2168 2205/2205
f 1903/1903 1785/1785 1902/1902
f 1763/1763 1750/1750 1762/1762
f 1773/1773 1762/1762 1772/1772
f 916/916 914/914 945/945
f 914/914 1013/1013 945/945
f 1762/1762 1761/1761 1772/1772
f 1772/1772 1761/1761 1774/1774
f 1503/1503 1528/1528 1512/1512
f 1463/1463 1503/1503 1469/1469
f 263/263 110/110 275/275
f 110/110 261/261 275/275
f 1503/1503 1512/1512 1500/1500
f 1512/1512 1525/1525 1500/1500
f 1469/1469 1503/1503 1500/1500
f 1465/1465 1467/1467 1466/1466
f 1465/1465 1469/1469 1467/1467
f 1469/1469 1500/1500 1478/1478
f 1469/1469 1478/1478 1470/1470
f 102/102 127/127 104/104
f 102/102 154/154 127/127
f 1785/1785 1786/1786 1902/1902
f 127/127 121/121 104/104
f 102/102 103/103 101/101
f 101/101 103/103 109/109
f 101/101 109/109 110/110
f 102/102 104/104 103/103
f 103/103 105/105 109/109
f 103/103 104/104 105/105
f 154/154 126/126 127/127
f 1903/1903 1756/1756 1763/1763
f 1902/1902 1756/1756 1903/1903
f 2205/2205 2168/2168 2195/2195
f 126/126 121/121 127/127
f 1762/1762 1750/1750 1761/1761
f 1763/1763 1756/1756 1750/1750
f 1756/1756 1753/1753 1750/1750
f 126/126 125/125 121/121
f 2168/2168 2170/2170 2195/2195
f 1753/1753 1747/1747 1750/1750
f 186/186 147/147 125/125
f 125/125 120/120 121/121
f 125/125 147/147 120/120
f 121/121 108/108 104/104
f 104/104 106/106 105/105
f 104/104 108/108 106/106
f 110/110 109/109 261/261
f 1500/1500 1508/1508 1478/1478
f 1500/1500 1525/1525 1508/1508
f 105/105 211/211 109/109
f 109/109 211/211 261/261
f 1478/1478 1474/1474 1470/1470
f 1478/1478 1508/1508 1474/1474
f 261/261 211/211 278/278
f 105/105 129/129 211/211
f 105/105 106/106 129/129
f 1508/1508 1504/1504 1474/1474
f 278/278 211/211 216/216
f 147/147 119/119 120/120
f 121/121 120/120 108/108
f 129/129 216/216 211/211
f 106/106 111/111 129/129
f 108/108 111/111 106/106
f 216/216 277/277 278/278
f 1508/1508 1511/1511 1504/1504
f 129/129 111/111 216/216
f 277/277 216/216 266/266
f 1466/1466 1468/1468 1569/1569
f 1596/1596 1569/1569 1468/1468
f 1466/1466 1467/1467 1468/1468
f 1596/1596 1468/1468 1597/1597
f 1468/1468 1467/1467 1473/1473
f 302/302 299/299 303/303
f 1467/1467 1469/1469 1470/1470
f 1467/1467 1471/1471 1473/1473
f 1467/1467 1470/1470 1471/1471
f 1470/1470 1474/1474 1472/1472
f 1474/1474 1475/1475 1472/1472
f 1504/1504 1475/1475 1474/1474
f 2169/2169 2232/2232 2228/2228
f 946/946 949/949 970/970
f 2169/2169 2228/2228 2171/2171
f 2171/2171 2228/2228 2173/2173
f 921/921 923/923 920/920
f 921/921 960/960 923/923
f 468/468 470/470 469/469
f 473/473 486/486 468/468
f 318/318 358/358 325/325
f 564/564 469/469 470/470
f 468/468 486/486 471/471
f 358/358 357/357 325/325
f 564/564 470/470 563/563
f 468/468 471/471 470/470
f 473/473 716/716 486/486
f 716/716 715/715 486/486
f 318/318 307/307 312/312
f 318/318 325/325 307/307
f 716/716 782/782 715/715
f 716/716 781/781 782/782
f 1697/1697 1695/1695 1694/1694
f 923/923 925/925 920/920
f 960/960 965/965 923/923
f 925/925 923/923 926/926
f 1013/1013 917/917 1012/1012
f 1013/1013 950/950 945/945
f 945/945 950/950 949/949
f 1013/1013 1012/1012 950/950
f 915/915 920/920 917/917
f 917/917 920/920 922/922
f 917/917 922/922 1012/1012
f 925/925 922/922 920/920
f 1694/1694 1695/1695 1688/1688
f 925/925 926/926 927/927
f 1694/1694 1688/1688 1689/1689
f 925/925 927/927 922/922
f 1012/1012 922/922 1011/1011
f 922/922 943/943 1011/1011
f 922/922 927/927 938/938
f 1695/1695 1696/1696 1688/1688
f 1688/1688 1686/1686 1689/1689
f 312/312 307/307 302/302
f 302/302 307/307 300/300
f 325/325 357/357 324/324
f 325/325 324/324 307/307
f 486/486 715/715 583/583
f 471/471 486/486 583/583
f 715/715 680/680 583/583
f 357/357 356/356 324/324
f 324/324 308/308 307/307
f 923/923 965/965 966/966
f 923/923 963/963 926/926
f 923/923 966/966 963/963
f 563/563 470/470 474/474
f 471/471 472/472 470/470
f 471/471 583/583 472/472
f 470/470 472/472 474/474
f 472/472 583/583 476/476
f 474/474 472/472 475/475
f 472/472 476/476 475/475
f 583/583 680/680 476/476
f 926/926 963/963 956/956
f 1689/1689 1686/1686 1690/1690
f 569/569 478/478 581/581
f 569/569 474/474 478/478
f 324/324 326/326 308/308
f 356/356 326/326 324/324
f 680/680 487/487 476/476
f 474/474 475/475 478/478
f 476/476 477/477 475/475
f 476/476 487/487 477/477
f 391/391 354/354 356/356
f 478/478 475/475 477/477
f 356/356 354/354 326/326
f 354/354 328/328 326/326
f 1012/1012 1011/1011 950/950
f 1761/1761 1764/1764 1774/1774
f 1761/1761 1758/1758 1764/1764
f 1011/1011 943/943 952/952
f 950/950 1011/1011 952/952
f 950/950 952/952 951/951
f 949/949 950/950 951/951
f 1696/1696 1691/1691 1688/1688
f 922/922 938/938 943/943
f 1688/1688 1691/1691 1687/1687
f 1750/1750 1758/1758 1761/1761
f 1750/1750 1747/1747 1748/1748
f 1750/1750 1748/1748 1758/1758
f 949/949 951/951 970/970
f 970/970 951/951 971/971
f 1764/1764 1758/1758 1760/1760
f 1764/1764 1771/1771 1774/1774
f 1764/1764 1760/1760 1771/1771
f 2228/2228 2229/2229 2173/2173
f 1688/1688 1687/1687 1686/1686
f 927/927 930/930 938/938
f 926/926 929/929 927/927
f 927/927 929/929 930/930
f 943/943 1010/1010 952/952
f 1771/1771 1760/1760 1770/1770
f 952/952 1010/1010 954/954
f 1691/1691 1692/1692 1687/1687
f 938/938 940/940 943/943
f 938/938 930/930 940/940
f 1010/1010 943/943 940/940
f 1686/1686 1687/1687 1685/1685
f 1687/1687 1693/1693 1685/1685
f 930/930 929/929 931/931
f 930/930 931/931 939/939
f 930/930 939/939 940/940
f 1685/1685 1693/1693 1698/1698
f 1685/1685 1698/1698 1682/1682
f 926/926 956/956 929/929
f 1686/1686 1684/1684 1690/1690
f 581/581 478/478 493/493
f 1686/1686 1685/1685 1684/1684
f 391/391 389/389 354/354
f 2170/2170 2171/2171 2172/2172
f 2180/2180 2170/2170 2172/2172
f 2171/2171 2173/2173 2172/2172
f 2180/2180 2172/2172 2175/2175
f 147/147 149/149 119/119
f 120/120 119/119 108/108
f 1758/1758 1748/1748 1749/1749
f 1748/1748 1747/1747 1746/1746
f 1748/1748 1746/1746 1749/1749
f 1758/1758 1749/1749 1760/1760
f 1760/1760 1749/1749 1759/1759
f 2173/2173 2229/2229 2174/2174
f 2173/2173 2174/2174 2172/2172
f 2172/2172 2174/2174 2175/2175
f 1747/1747 1745/1745 1746/1746
f 2174/2174 2176/2176 2175/2175
f 1746/1746 1745/1745 1743/1743
f 1745/1745 1742/1742 1743/1743
f 119/119 149/149 123/123
f 119/119 116/116 108/108
f 119/119 123/123 116/116
f 951/951 953/953 971/971
f 1760/1760 1759/1759 1770/1770
f 951/951 952/952 953/953
f 952/952 954/954 953/953
f 954/954 955/955 953/953
f 1770/1770 1759/1759 1767/1767
f 971/971 953/953 1005/1005
f 1746/1746 1743/1743 1749/1749
f 1749/1749 1743/1743 1744/1744
f 1749/1749 1744/1744 1759/1759
f 1759/1759 1744/1744 1767/1767
f 954/954 1010/1010 1014/1014
f 953/953 955/955 987/987
f 1770/1770 1767/1767 1775/1775
f 954/954 1014/1014 955/955
f 1010/1010 940/940 1014/1014
f 1693/1693 1699/1699 1698/1698
f 1005/1005 953/953 987/987
f 2174/2174 2178/2178 2176/2176
f 2174/2174 2185/2185 2178/2178
f 1743/1743 1740/1740 1744/1744
f 1743/1743 1742/1742 1740/1740
f 2175/2175 2176/2176 2177/2177
f 2176/2176 2178/2178 2177/2177
f 149/149 152/152 123/123
f 1767/1767 1744/1744 1751/1751
f 1744/1744 1740/1740 1751/1751
f 955/955 988/988 987/987
f 1767/1767 1769/1769 1775/1775
f 1014/1014 989/989 955/955
f 955/955 989/989 988/988
f 1767/1767 1751/1751 1769/1769
f 116/116 112/112 108/108
f 108/108 112/112 111/111
f 112/112 113/113 111/111
f 111/111 215/215 216/216
f 216/216 215/215 266/266
f 111/111 113/113 215/215
f 116/116 123/123 114/114
f 2178/2178 2185/2185 2181/2181
f 1742/1742 1741/1741 1740/1740
f 123/123 152/152 139/139
f 1740/1740 1741/1741 1739/1739
f 1740/1740 1738/1738 1751/1751
f 2178/2178 2179/2179 2177/2177
f 152/152 170/170 139/139
f 2178/2178 2181/2181 2179/2179
f 1740/1740 1739/1739 1738/1738
f 139/139 124/124 123/123
f 139/139 130/130 124/124
f 116/116 114/114 112/112
f 112/112 114/114 113/113
f 114/114 115/115 113/113
f 113/113 131/131 215/215
f 215/215 131/131 236/236
f 113/113 115/115 131/131
f 115/115 128/128 131/131
f 123/123 124/124 114/114
f 128/128 236/236 131/131
f 124/124 130/130 122/122
f 114/114 124/124 122/122
f 114/114 122/122 115/115
f 115/115 122/122 128/128
f 128/128 237/237 236/236
f 128/128 206/206 237/237
f 122/122 130/130 133/133
f 122/122 133/133 128/128
f 128/128 133/133 206/206
f 206/206 133/133 212/212
f 715/715 782/782 783/783
f 302/302 300/300 299/299
f 1597/1597 1468/1468 1587/1587
f 715/715 783/783 680/680
f 1473/1473 1532/1532 1468/1468
f 1468/1468 1532/1532 1587/1587
f 1473/1473 1471/1471 1532/1532
f 1470/1470 1472/1472 1471/1471
f 300/300 307/307 308/308
f 299/299 300/300 301/301
f 308/308 309/309 300/300
f 680/680 742/742 487/487
f 680/680 783/783 742/742
f 308/308 326/326 327/327
f 1471/1471 1472/1472 1476/1476
f 1471/1471 1476/1476 1532/1532
f 1532/1532 1578/1578 1587/1587
f 301/301 300/300 310/310
f 300/300 309/309 310/310
f 1532/1532 1533/1533 1578/1578
f 1532/1532 1476/1476 1533/1533
f 1472/1472 1475/1475 1477/1477
f 1472/1472 1477/1477 1476/1476
f 1476/1476 1477/1477 1486/1486
f 1533/1533 1476/1476 1486/1486
f 1477/1477 1479/1479 1488/1488
f 1477/1477 1488/1488 1486/1486
f 308/308 327/327 309/309
f 326/326 328/328 327/327
f 327/327 331/331 309/309
f 328/328 329/329 327/327
f 327/327 329/329 331/331
f 783/783 784/784 742/742
f 742/742 784/784 744/744
f 742/742 744/744 743/743
f 309/309 311/311 310/310
f 1578/1578 1533/1533 1540/1540
f 1578/1578 1540/1540 1593/1593
f 1486/1486 1540/1540 1533/1533
f 309/309 331/331 332/332
f 309/309 332/332 311/311
f 1593/1593 1540/1540 1586/1586
f 744/744 745/745 743/743
f 743/743 745/745 746/746
f 310/310 311/311 429/429
f 1486/1486 1488/1488 1493/1493
f 1540/1540 1495/1495 1586/1586
f 1504/1504 1511/1511 1475/1475
f 1511/1511 1518/1518 1475/1475
f 1475/1475 1518/1518 1479/1479
f 1475/1475 1479/1479 1477/1477
f 1511/1511 1523/1523 1518/1518
f 1518/1518 1376/1376 1479/1479
f 1518/1518 1523/1523 1524/1524
f 1518/1518 1524/1524 1376/1376
f 1488/1488 1479/1479 1499/1499
f 1479/1479 1377/1377 1499/1499
f 1499/1499 1493/1493 1488/1488
f 1524/1524 1375/1375 1376/1376
f 1376/1376 1373/1373 1377/1377
f 1479/1479 1376/1376 1377/1377
f 1499/1499 1377/1377 1374/1374
f 1499/1499 1374/1374 1498/1498
f 1377/1377 1373/1373 1374/1374
f 1373/1373 1363/1363 1374/1374
f 1374/1374 1363/1363 1498/1498
f 1486/1486 1494/1494 1540/1540
f 1486/1486 1493/1493 1494/1494
f 1493/1493 1499/1499 1498/1498
f 1540/1540 1494/1494 1495/1495
f 429/429 311/311 344/344
f 311/311 343/343 344/344
f 311/311 332/332 343/343
f 1495/1495 1579/1579 1586/1586
f 429/429 344/344 430/430
f 1494/1494 1493/1493 1495/1495
f 1493/1493 1496/1496 1495/1495
f 1495/1495 1496/1496 1497/1497
f 1495/1495 1497/1497 1571/1571
f 1498/1498 1496/1496 1493/1493
f 1496/1496 1507/1507 1497/1497
f 1496/1496 1510/1510 1507/1507
f 1497/1497 1507/1507 1534/1534
f 1498/1498 1510/1510 1496/1496
f 1363/1363 1510/1510 1498/1498
f 1510/1510 1362/1362 1507/1507
f 1523/1523 1529/1529 1524/1524
f 266/266 215/215 236/236
f 1524/1524 1531/1531 1375/1375
f 1375/1375 1373/1373 1376/1376
f 1375/1375 1368/1368 1373/1373
f 1375/1375 1531/1531 1368/1368
f 1368/1368 1372/1372 1373/1373
f 1524/1524 1529/1529 1531/1531
f 1529/1529 1538/1538 1531/1531
f 1531/1531 1537/1537 1368/1368
f 1368/1368 1367/1367 1372/1372
f 1373/1373 1372/1372 1363/1363
f 1372/1372 1361/1361 1363/1363
f 1372/1372 1367/1367 1361/1361
f 1531/1531 1538/1538 1537/1537
f 206/206 212/212 237/237
f 1538/1538 1539/1539 1537/1537
f 1510/1510 1363/1363 1362/1362
f 1363/1363 1361/1361 1362/1362
f 939/939 931/931 936/936
f 956/956 957/957 929/929
f 929/929 957/957 932/932
f 478/478 477/477 479/479
f 478/478 479/479 493/493
f 354/354 389/389 375/375
f 477/477 480/480 479/479
f 493/493 479/479 482/482
f 493/493 482/482 492/492
f 1685/1685 1682/1682 1684/1684
f 929/929 932/932 931/931
f 931/931 932/932 933/933
f 1684/1684 1682/1682 1683/1683
f 931/931 933/933 936/936
f 957/957 964/964 932/932
f 933/933 932/932 934/934
f 1683/1683 1682/1682 1679/1679
f 932/932 937/937 934/934
f 932/932 964/964 937/937
f 492/492 488/488 548/548
f 492/492 482/482 488/488
f 479/479 481/481 482/482
f 548/548 488/488 494/494
f 488/488 482/482 483/483
f 488/488 483/483 494/494
f 939/939 936/936 940/940
f 940/940 983/983 1014/1014
f 940/940 936/936 983/983
f 936/936 982/982 983/983
f 1014/1014 983/983 1015/1015
f 989/989 1014/1014 1015/1015
f 989/989 990/990 988/988
f 1015/1015 991/991 989/989
f 989/989 991/991 990/990
f 1015/1015 1016/1016 991/991
f 1016/1016 992/992 991/991
f 1040/1040 1038/1038 1039/1039
f 1698/1698 1699/1699 1682/1682
f 1699/1699 1681/1681 1682/1682
f 1699/1699 1680/1680 1681/1681
f 983/983 984/984 1015/1015
f 1681/1681 1680/1680 1678/1678
f 1680/1680 1677/1677 1678/1678
f 982/982 948/948 983/983
f 983/983 948/948 984/984
f 936/936 933/933 982/982
f 982/982 933/933 948/948
f 1681/1681 1678/1678 1682/1682
f 1682/1682 1678/1678 1679/1679
f 934/934 935/935 933/933
f 1051/1051 1041/1041 1046/1046
f 933/933 935/935 948/948
f 948/948 935/935 947/947
f 1015/1015 984/984 1016/1016
f 1046/1046 1041/1041 1040/1040
f 1041/1041 1038/1038 1040/1040
f 1677/1677 1667/1667 1678/1678
f 1676/1676 1667/1667 1677/1677
f 1676/1676 1668/1668 1667/1667
f 934/934 937/937 935/935
f 935/935 937/937 941/941
f 935/935 941/941 947/947
f 941/941 942/942 969/969
f 548/548 494/494 547/547
f 1678/1678 1661/1661 1679/1679
f 937/937 942/942 941/941
f 548/548 547/547 582/582
f 1661/1661 1658/1658 1660/1660
f 1679/1679 1661/1661 1660/1660
f 1041/1041 1044/1044 1038/1038
f 1044/1044 1045/1045 1038/1038
f 1678/1678 1667/1667 1661/1661
f 1661/1661 1665/1665 1658/1658
f 1667/1667 1665/1665 1661/1661
f 1038/1038 1045/1045 1025/1025
f 942/942 972/972 969/969
f 969/969 972/972 1007/1007
f 969/969 1007/1007 1008/1008
f 1658/1658 1659/1659 1660/1660
f 582/582 547/547 544/544
f 547/547 545/545 544/544
f 547/547 494/494 545/545
f 494/494 495/495 545/545
f 543/543 544/544 524/524
f 544/544 545/545 524/524
f 543/543 524/524 525/525
f 545/545 495/495 546/546
f 545/545 546/546 524/524
f 2185/2185 2184/2184 2181/2181
f 987/987 988/988 993/993
f 1769/1769 1751/1751 1752/1752
f 1751/1751 1738/1738 1752/1752
f 1769/1769 1752/1752 1768/1768
f 988/988 990/990 993/993
f 991/991 992/992 990/990
f 990/990 992/992 994/994
f 990/990 994/994 993/993
f 993/993 994/994 1000/1000
f 2184/2184 2183/2183 2181/2181
f 1768/1768 1752/1752 1755/1755
f 1738/1738 1737/1737 1752/1752
f 1752/1752 1737/1737 1755/1755
f 1768/1768 1755/1755 1765/1765
f 1057/1057 1039/1039 1054/1054
f 1057/1057 1054/1054 1062/1062
f 2181/2181 2182/2182 2179/2179
f 139/139 137/137 130/130
f 139/139 170/170 137/137
f 170/170 179/179 137/137
f 2179/2179 2182/2182 2186/2186
f 2182/2182 2181/2181 2183/2183
f 2183/2183 2187/2187 2182/2182
f 1038/1038 1037/1037 1039/1039
f 1039/1039 1037/1037 1054/1054
f 1037/1037 1025/1025 1023/1023
f 1037/1037 1042/1042 1055/1055
f 1037/1037 1023/1023 1042/1042
f 1062/1062 1054/1054 1061/1061
f 1054/1054 1037/1037 1055/1055
f 1054/1054 1055/1055 1061/1061
f 2183/2183 2191/2191 2187/2187
f 1669/1669 1727/1727 1670/1670
f 1055/1055 1042/1042 1056/1056
f 1669/1669 1670/1670 1662/1662
f 1055/1055 1056/1056 1061/1061
f 2191/2191 2197/2197 2194/2194
f 1727/1727 1726/1726 1670/1670
f 1676/1676 1675/1675 1668/1668
f 1667/1667 1668/1668 1665/1665
f 1675/1675 1672/1672 1668/1668
f 1765/1765 1755/1755 1757/1757
f 1739/1739 1728/1728 1738/1738
f 1738/1738 1728/1728 1737/1737
f 130/130 137/137 134/134
f 130/130 134/134 133/133
f 1737/1737 1736/1736 1755/1755
f 1737/1737 1728/1728 1736/1736
f 1728/1728 1731/1731 1736/1736
f 1665/1665 1668/1668 1669/1669
f 1668/1668 1672/1672 1669/1669
f 1037/1037 1038/1038 1025/1025
f 1765/1765 1757/1757 1766/1766
f 1757/1757 1754/1754 1766/1766
f 1665/1665 1662/1662 1658/1658
f 1665/1665 1669/1669 1662/1662
f 1658/1658 1662/1662 1664/1664
f 1755/1755 1736/1736 1757/1757
f 1757/1757 1736/1736 1754/1754
f 1736/1736 1734/1734 1754/1754
f 2191/2191 2194/2194 2190/2190
f 2194/2194 2199/2199 2193/2193
f 1728/1728 1729/1729 1730/1730
f 2182/2182 2187/2187 2186/2186
f 2186/2186 2187/2187 2188/2188
f 137/137 136/136 134/134
f 134/134 136/136 135/135
f 1728/1728 1730/1730 1731/1731
f 179/179 140/140 137/137
f 134/134 135/135 133/133
f 133/133 208/208 212/212
f 133/133 135/135 208/208
f 135/135 203/203 208/208
f 137/137 138/138 136/136
f 137/137 140/140 138/138
f 136/136 138/138 135/135
f 135/135 194/194 203/203
f 2187/2187 2191/2191 2190/2190
f 1736/1736 1731/1731 1734/1734
f 2187/2187 2190/2190 2188/2188
f 1730/1730 1732/1732 1731/1731
f 1734/1734 1731/1731 1733/1733
f 2190/2190 2194/2194 2193/2193
f 2186/2186 2188/2188 2189/2189
f 2188/2188 2190/2190 2189/2189
f 1731/1731 1732/1732 1733/1733
f 138/138 140/140 141/141
f 1733/1733 1732/1732 1735/1735
f 2190/2190 2192/2192 2189/2189
f 2190/2190 2193/2193 2192/2192
f 140/140 142/142 141/141
f 173/173 172/172 142/142
f 138/138 194/194 135/135
f 138/138 146/146 194/194
f 138/138 141/141 146/146
f 194/194 146/146 201/201
f 141/141 143/143 146/146
f 141/141 142/142 143/143
f 146/146 143/143 201/201
f 143/143 199/199 201/201
f 487/487 742/742 734/734
f 477/477 487/487 480/480
f 487/487 734/734 480/480
f 742/742 743/743 734/734
f 354/354 375/375 330/330
f 328/328 330/330 329/329
f 328/328 354/354 330/330
f 479/479 480/480 481/481
f 331/331 329/329 333/333
f 375/375 353/353 330/330
f 329/329 330/330 333/333
f 330/330 335/335 333/333
f 330/330 353/353 335/335
f 734/734 484/484 480/480
f 734/734 733/733 484/484
f 743/743 746/746 747/747
f 743/743 747/747 734/734
f 331/331 336/336 332/332
f 331/331 333/333 336/336
f 747/747 754/754 734/734
f 482/482 481/481 483/483
f 481/481 480/480 484/484
f 481/481 484/484 483/483
f 747/747 746/746 748/748
f 336/336 339/339 332/332
f 336/336 333/333 335/335
f 336/336 335/335 337/337
f 734/734 754/754 733/733
f 335/335 350/350 337/337
f 747/747 748/748 754/754
f 754/754 748/748 751/751
f 1604/1604 1602/1602 1600/1600
f 748/748 750/750 751/751
f 1604/1604 1600/1600 1608/1608
f 336/336 337/337 339/339
f 337/337 350/350 359/359
f 339/339 337/337 359/359
f 359/359 350/350 363/363
f 1602/1602 1601/1601 1600/1600
f 751/751 750/750 752/752
f 363/363 362/362 359/359
f 750/750 753/753 752/752
f 353/353 352/352 335/335
f 483/483 485/485 494/494
f 483/483 484/484 485/485
f 335/335 352/352 351/351
f 335/335 351/351 350/350
f 485/485 484/484 573/573
f 352/352 386/386 351/351
f 494/494 485/485 495/495
f 1608/1608 1600/1600 1607/1607
f 733/733 573/573 484/484
f 485/485 496/496 495/495
f 495/495 498/498 546/546
f 495/495 497/497 498/498
f 495/495 496/496 497/497
f 384/384 351/351 386/386
f 1600/1600 1601/1601 1599/1599
f 752/752 753/753 755/755
f 1600/1600 1599/1599 1595/1595
f 485/485 573/573 496/496
f 1600/1600 1595/1595 1607/1607
f 573/573 499/499 496/496
f 573/573 757/757 499/499
f 350/350 351/351 360/360
f 496/496 499/499 497/497
f 351/351 384/384 365/365
f 745/745 749/749 746/746
f 1586/1586 1579/1579 1583/1583
f 746/746 749/749 748/748
f 344/344 428/428 430/430
f 332/332 339/339 343/343
f 339/339 355/355 343/343
f 339/339 359/359 355/355
f 344/344 343/343 396/396
f 343/343 355/355 396/396
f 749/749 750/750 748/748
f 749/749 765/765 750/750
f 1579/1579 1571/1571 1583/1583
f 1495/1495 1571/1571 1579/1579
f 1583/1583 1571/1571 1585/1585
f 344/344 396/396 428/428
f 396/396 355/355 419/419
f 1497/1497 1534/1534 1571/1571
f 1534/1534 1507/1507 1535/1535
f 355/355 359/359 362/362
f 355/355 362/362 419/419
f 750/750 765/765 753/753
f 1534/1534 1570/1570 1571/1571
f 1571/1571 1570/1570 1585/1585
f 753/753 766/766 755/755
f 1361/1361 1359/1359 1360/1360
f 1368/1368 1537/1537 1366/1366
f 1368/1368 1366/1366 1367/1367
f 1367/1367 1366/1366 1365/1365
f 1366/1366 1364/1364 1365/1365
f 1367/1367 1359/1359 1361/1361
f 1367/1367 1365/1365 1359/1359
f 1360/1360 1359/1359 1357/1357
f 1365/1365 1354/1354 1359/1359
f 1364/1364 1354/1354 1365/1365
f 1359/1359 1354/1354 1357/1357
f 363/363 350/350 360/360
f 362/362 363/363 360/360
f 362/362 360/360 419/419
f 351/351 365/365 364/364
f 360/360 351/351 361/361
f 351/351 364/364 361/361
f 1599/1599 1584/1584 1595/1595
f 1595/1595 1584/1584 1581/1581
f 1360/1360 1357/1357 1542/1542
f 1357/1357 1354/1354 1353/1353
f 1357/1357 1353/1353 1542/1542
f 1507/1507 1362/1362 1535/1535
f 1535/1535 1570/1570 1534/1534
f 1535/1535 1362/1362 1360/1360
f 1362/1362 1361/1361 1360/1360
f 1570/1570 1535/1535 1541/1541
f 1535/1535 1360/1360 1541/1541
f 1570/1570 1541/1541 1546/1546
f 765/765 766/766 753/753
f 1585/1585 1570/1570 1584/1584
f 1584/1584 1570/1570 1566/1566
f 1584/1584 1566/1566 1581/1581
f 1570/1570 1546/1546 1566/1566
f 1541/1541 1542/1542 1546/1546
f 1541/1541 1360/1360 1542/1542
f 1546/1546 1542/1542 1545/1545
f 1546/1546 1545/1545 1566/1566
f 1581/1581 1566/1566 1565/1565
f 1566/1566 1545/1545 1565/1565
f 1545/1545 1547/1547 1565/1565
f 1537/1537 1539/1539 1366/1366
f 1539/1539 1371/1371 1366/1366
f 1366/1366 1371/1371 1364/1364
f 1364/1364 1371/1371 1358/1358
f 1371/1371 1370/1370 1358/1358
f 1358/1358 1354/1354 1364/1364
f 1354/1354 1358/1358 1352/1352
f 1354/1354 1352/1352 1353/1353
f 1370/1370 1369/1369 1358/1358
f 203/203 194/194 210/210
f 194/194 201/201 210/210
f 1358/1358 1356/1356 1352/1352
f 1369/1369 1356/1356 1358/1358
f 210/210 201/201 209/209
f 1352/1352 1350/1350 1353/1353
f 1350/1350 1352/1352 1349/1349
f 1350/1350 1349/1349 1348/1348
f 1356/1356 1349/1349 1352/1352
f 1356/1356 1355/1355 1349/1349
f 1545/1545 1542/1542 1543/1543
f 1542/1542 1353/1353 1543/1543
f 1545/1545 1543/1543 1547/1547
f 1353/1353 1350/1350 1543/1543
f 1543/1543 1544/1544 1547/1547
f 1543/1543 1350/1350 1544/1544
f 1350/1350 1348/1348 1544/1544
f 209/209 201/201 205/205
f 201/201 199/199 205/205
f 1023/1023 1022/1022 1042/1042
f 1670/1670 1671/1671 1662/1662
f 1662/1662 1671/1671 1666/1666
f 1662/1662 1666/1666 1663/1663
f 1042/1042 1048/1048 1056/1056
f 1042/1042 1022/1022 1048/1048
f 1670/1670 1726/1726 1725/1725
f 1670/1670 1725/1725 1671/1671
f 1023/1023 1020/1020 1022/1022
f 1024/1024 1020/1020 1023/1023
f 559/559 527/527 580/580
f 1022/1022 1020/1020 1019/1019
f 1663/1663 1666/1666 1703/1703
f 580/580 527/527 528/528
f 580/580 528/528 562/562
f 1008/1008 1007/1007 1009/1009
f 559/559 543/543 525/525
f 1025/1025 1024/1024 1023/1023
f 1662/1662 1663/1663 1664/1664
f 559/559 525/525 527/527
f 525/525 523/523 526/526
f 546/546 498/498 524/524
f 524/524 498/498 523/523
f 524/524 523/523 525/525
f 523/523 498/498 502/502
f 525/525 526/526 527/527
f 523/523 539/539 526/526
f 523/523 502/502 539/539
f 527/527 526/526 528/528
f 526/526 529/529 528/528
f 526/526 539/539 530/530
f 526/526 530/530 529/529
f 539/539 518/518 530/530
f 1056/1056 1048/1048 1066/1066
f 2194/2194 2197/2197 2200/2200
f 2200/2200 2206/2206 2199/2199
f 2194/2194 2200/2200 2199/2199
f 1671/1671 1673/1673 1666/1666
f 1673/1673 1703/1703 1666/1666
f 1022/1022 1043/1043 1048/1048
f 1725/1725 1724/1724 1671/1671
f 1048/1048 1043/1043 1053/1053
f 1048/1048 1053/1053 1066/1066
f 1671/1671 1724/1724 1714/1714
f 1671/1671 1674/1674 1673/1673
f 1671/1671 1714/1714 1674/1674
f 1066/1066 1053/1053 1068/1068
f 2206/2206 2202/2202 2199/2199
f 2206/2206 2217/2217 2202/2202
f 1019/1019 1020/1020 1017/1017
f 1022/1022 1019/1019 1026/1026
f 1022/1022 1026/1026 1043/1043
f 1017/1017 1018/1018 1019/1019
f 1703/1703 1673/1673 1701/1701
f 1019/1019 1018/1018 1026/1026
f 562/562 528/528 532/532
f 1017/1017 1021/1021 1018/1018
f 562/562 532/532 558/558
f 1043/1043 1049/1049 1053/1053
f 1043/1043 1026/1026 1049/1049
f 1053/1053 1049/1049 1063/1063
f 1026/1026 1027/1027 1035/1035
f 1026/1026 1035/1035 1049/1049
f 1053/1053 1063/1063 1068/1068
f 2206/2206 2218/2218 2217/2217
f 1724/1724 1723/1723 1714/1714
f 1674/1674 1700/1700 1673/1673
f 1673/1673 1700/1700 1701/1701
f 1026/1026 1018/1018 1021/1021
f 1026/1026 1021/1021 1027/1027
f 1700/1700 1702/1702 1701/1701
f 1674/1674 1714/1714 1710/1710
f 1674/1674 1710/1710 1700/1700
f 1714/1714 1723/1723 1710/1710
f 2193/2193 2199/2199 2201/2201
f 528/528 529/529 532/532
f 529/529 531/531 532/532
f 531/531 529/529 530/530
f 530/530 518/518 519/519
f 2199/2199 2202/2202 2201/2201
f 2202/2202 2204/2204 2203/2203
f 2218/2218 2215/2215 2217/2217
f 1063/1063 1049/1049 1064/1064
f 2215/2215 2213/2213 2210/2210
f 2217/2217 2215/2215 2210/2210
f 1064/1064 1049/1049 1065/1065
f 1723/1723 1722/1722 1710/1710
f 2202/2202 2217/2217 2204/2204
f 2217/2217 2210/2210 2204/2204
f 2204/2204 2210/2210 2209/2209
f 172/172 144/144 142/142
f 142/142 144/144 143/143
f 2201/2201 2202/2202 2203/2203
f 172/172 157/157 144/144
f 143/143 198/198 199/199
f 144/144 145/145 143/143
f 2204/2204 2209/2209 2203/2203
f 157/157 156/156 144/144
f 144/144 156/156 145/145
f 157/157 176/176 158/158
f 157/157 158/158 156/156
f 158/158 159/159 156/156
f 156/156 196/196 145/145
f 143/143 145/145 198/198
f 198/198 196/196 200/200
f 198/198 145/145 196/196
f 2210/2210 2211/2211 2209/2209
f 176/176 175/175 158/158
f 175/175 162/162 158/158
f 156/156 159/159 196/196
f 158/158 160/160 159/159
f 160/160 191/191 159/159
f 196/196 159/159 191/191
f 196/196 191/191 195/195
f 162/162 161/161 158/158
f 158/158 161/161 160/160
f 160/160 185/185 191/191
f 160/160 161/161 185/185
f 191/191 190/190 192/192
f 191/191 185/185 190/190
f 498/498 497/497 500/500
f 384/384 385/385 365/365
f 500/500 497/497 501/501
f 498/498 500/500 502/502
f 365/365 385/385 367/367
f 500/500 501/501 502/502
f 757/757 728/728 499/499
f 1595/1595 1581/1581 1594/1594
f 365/365 366/366 364/364
f 365/365 367/367 366/366
f 1581/1581 1580/1580 1594/1594
f 497/497 499/499 501/501
f 501/501 499/499 574/574
f 574/574 499/499 728/728
f 385/385 383/383 367/367
f 367/367 383/383 368/368
f 1581/1581 1565/1565 1580/1580
f 364/364 395/395 361/361
f 367/367 368/368 366/366
f 364/364 366/366 395/395
f 728/728 769/769 574/574
f 574/574 769/769 730/730
f 366/366 369/369 395/395
f 1580/1580 1575/1575 1589/1589
f 502/502 503/503 539/539
f 502/502 501/501 503/503
f 501/501 504/504 503/503
f 539/539 503/503 518/518
f 518/518 503/503 505/505
f 503/503 504/504 505/505
f 501/501 574/574 504/504
f 574/574 647/647 504/504
f 368/368 369/369 366/366
f 574/574 730/730 647/647
f 1565/1565 1547/1547 1564/1564
f 1580/1580 1565/1565 1575/1575
f 1565/1565 1564/1564 1575/1575
f 1349/1349 1347/1347 1348/1348
f 518/518 505/505 519/519
f 383/383 372/372 368/368
f 383/383 373/373 372/372
f 373/373 370/370 372/372
f 368/368 370/370 369/369
f 1575/1575 1574/1574 1589/1589
f 730/730 786/786 647/647
f 1575/1575 1563/1563 1574/1574
f 368/368 372/372 370/370
f 647/647 786/786 726/726
f 370/370 371/371 369/369
f 1574/1574 1573/1573 1592/1592
f 1549/1549 1551/1551 1550/1550
f 1551/1551 1552/1552 1550/1550
f 1563/1563 1559/1559 1574/1574
f 1574/1574 1559/1559 1573/1573
f 1573/1573 1572/1572 1592/1592
f 1573/1573 1559/1559 1572/1572
f 1564/1564 1547/1547 1548/1548
f 1547/1547 1544/1544 1548/1548
f 1564/1564 1548/1548 1563/1563
f 1564/1564 1563/1563 1575/1575
f 1544/1544 1348/1348 1548/1548
f 1548/1548 1550/1550 1563/1563
f 1548/1548 1549/1549 1550/1550
f 1563/1563 1550/1550 1559/1559
f 1550/1550 1552/1552 1559/1559
f 199/199 207/207 205/205
f 1355/1355 1347/1347 1349/1349
f 1340/1340 1346/1346 1347/1347
f 1347/1347 1346/1346 1348/1348
f 1355/1355 1339/1339 1347/1347
f 1347/1347 1339/1339 1340/1340
f 1548/1548 1348/1348 1549/1549
f 1348/1348 1346/1346 1549/1549
f 1549/1549 1346/1346 1551/1551
f 1346/1346 1340/1340 1341/1341
f 1346/1346 1341/1341 1551/1551
f 198/198 200/200 199/199
f 199/199 200/200 207/207
f 200/200 202/202 207/207
f 1339/1339 1334/1334 1338/1338
f 200/200 196/196 202/202
f 196/196 195/195 202/202
f 1340/1340 1339/1339 1338/1338
f 1340/1340 1338/1338 1341/1341
f 1552/1552 1551/1551 1553/1553
f 1551/1551 1341/1341 1553/1553
f 1552/1552 1553/1553 1554/1554
f 1334/1334 1332/1332 1335/1335
f 1334/1334 1333/1333 1332/1332
f 1334/1334 1335/1335 1338/1338
f 1341/1341 1338/1338 1344/1344
f 1341/1341 1344/1344 1553/1553
f 1554/1554 1553/1553 1555/1555
f 1553/1553 1344/1344 1555/1555
f 1552/1552 1554/1554 1559/1559
f 1559/1559 1554/1554 1558/1558
f 191/191 192/192 195/195
f 1333/1333 1331/1331 1332/1332
f 1332/1332 1336/1336 1335/1335
f 1335/1335 1344/1344 1338/1338
f 1344/1344 1335/1335 1351/1351
f 1344/1344 1351/1351 1555/1555
f 1335/1335 1336/1336 1351/1351
f 1351/1351 1336/1336 1343/1343
f 1331/1331 1330/1330 1332/1332
f 1332/1332 1330/1330 1336/1336
f 190/190 197/197 192/192
f 1331/1331 1329/1329 1330/1330
f 1330/1330 1337/1337 1336/1336
f 558/558 532/532 533/533
f 1700/1700 1704/1704 1702/1702
f 558/558 533/533 554/554
f 1027/1027 1028/1028 1029/1029
f 1027/1027 1021/1021 1028/1028
f 530/530 519/519 536/536
f 519/519 522/522 536/536
f 532/532 531/531 533/533
f 533/533 531/531 534/534
f 534/534 531/531 537/537
f 531/531 536/536 537/537
f 531/531 530/530 536/536
f 536/536 551/551 537/537
f 1710/1710 1704/1704 1700/1700
f 1027/1027 1029/1029 1035/1035
f 1049/1049 1035/1035 1052/1052
f 1710/1710 1722/1722 1721/1721
f 1049/1049 1052/1052 1065/1065
f 1710/1710 1711/1711 1704/1704
f 1710/1710 1721/1721 1711/1711
f 1029/1029 1031/1031 1035/1035
f 1031/1031 1036/1036 1035/1035
f 1704/1704 1706/1706 1705/1705
f 1702/1702 1704/1704 1705/1705
f 2213/2213 2212/2212 2210/2210
f 1722/1722 1720/1720 1721/1721
f 1035/1035 1036/1036 1052/1052
f 1711/1711 1706/1706 1704/1704
f 1052/1052 1036/1036 1050/1050
f 1052/1052 1050/1050 1065/1065
f 1711/1711 1721/1721 1713/1713
f 1711/1711 1713/1713 1706/1706
f 1721/1721 1719/1719 1713/1713
f 1029/1029 1028/1028 1030/1030
f 1029/1029 1030/1030 1031/1031
f 533/533 535/535 554/554
f 533/533 534/534 535/535
f 797/797 554/554 549/549
f 554/554 535/535 549/549
f 534/534 538/538 535/535
f 1706/1706 1707/1707 1705/1705
f 1031/1031 1030/1030 1032/1032
f 549/549 806/806 797/797
f 1036/1036 1033/1033 1050/1050
f 1706/1706 1713/1713 1707/1707
f 1031/1031 1033/1033 1036/1036
f 1031/1031 1032/1032 1033/1033
f 1705/1705 1707/1707 1708/1708
f 549/549 540/540 550/550
f 806/806 549/549 550/550
f 535/535 540/540 549/549
f 535/535 538/538 540/540
f 540/540 538/538 541/541
f 537/537 551/551 553/553
f 551/551 536/536 552/552
f 551/551 552/552 553/553
f 536/536 522/522 552/552
f 534/534 537/537 538/538
f 538/538 537/537 557/557
f 552/552 511/511 514/514
f 553/553 552/552 822/822
f 552/552 514/514 822/822
f 537/537 553/553 557/557
f 538/538 557/557 541/541
f 557/557 577/577 541/541
f 557/557 578/578 577/577
f 557/557 553/553 578/578
f 553/553 822/822 578/578
f 822/822 514/514 517/517
f 2213/2213 2214/2214 2212/2212
f 1065/1065 1050/1050 1067/1067
f 1721/1721 1720/1720 1719/1719
f 2212/2212 2211/2211 2210/2210
f 2214/2214 2216/2216 2212/2212
f 2212/2212 2216/2216 2219/2219
f 2211/2211 2212/2212 2220/2220
f 2212/2212 2219/2219 2220/2220
f 175/175 174/174 162/162
f 1720/1720 1716/1716 1717/1717
f 1720/1720 1717/1717 1719/1719
f 1717/1717 1716/1716 1715/1715
f 1050/1050 1058/1058 1067/1067
f 1050/1050 1033/1033 1047/1047
f 1050/1050 1047/1047 1058/1058
f 1707/1707 1713/1713 1712/1712
f 1067/1067 1058/1058 1060/1060
f 1719/1719 1718/1718 1713/1713
f 1708/1708 1707/1707 1709/1709
f 1033/1033 1032/1032 1034/1034
f 1707/1707 1712/1712 1709/1709
f 1713/1713 1718/1718 1712/1712
f 1058/1058 1059/1059 1060/1060
f 1719/1719 1717/1717 1718/1718
f 578/578 822/822 579/579
f 2219/2219 2216/2216 2224/2224
f 2220/2220 2219/2219 2221/2221
f 174/174 166/166 162/162
f 162/162 164/164 163/163
f 166/166 164/164 162/162
f 161/161 162/162 163/163
f 163/163 184/184 161/161
f 161/161 184/184 185/185
f 163/163 169/169 184/184
f 185/185 184/184 190/190
f 190/190 184/184 197/197
f 184/184 193/193 197/197
f 163/163 164/164 165/165
f 519/519 507/507 522/522
f 519/519 505/505 507/507
f 505/505 504/504 506/506
f 373/373 374/374 370/370
f 507/507 505/505 506/506
f 504/504 647/647 512/512
f 504/504 512/512 506/506
f 512/512 647/647 726/726
f 373/373 387/387 374/374
f 507/507 508/508 522/522
f 507/507 506/506 508/508
f 522/522 508/508 511/511
f 387/387 378/378 374/374
f 506/506 509/509 508/508
f 370/370 374/374 371/371
f 1592/1592 1572/1572 1590/1590
f 512/512 726/726 659/659
f 726/726 770/770 659/659
f 506/506 512/512 509/509
f 512/512 659/659 509/509
f 522/522 511/511 552/552
f 371/371 374/374 377/377
f 378/378 377/377 374/374
f 659/659 666/666 509/509
f 371/371 377/377 394/394
f 1572/1572 1577/1577 1590/1590
f 659/659 770/770 666/666
f 1590/1590 1577/1577 1606/1606
f 508/508 509/509 510/510
f 378/378 387/387 380/380
f 508/508 510/510 511/511
f 378/378 380/380 379/379
f 509/509 572/572 510/510
f 510/510 572/572 515/515
f 514/514 511/511 513/513
f 511/511 510/510 513/513
f 510/510 515/515 513/513
f 509/509 666/666 572/572
f 378/378 379/379 377/377
f 380/380 390/390 379/379
f 514/514 513/513 517/517
f 390/390 382/382 379/379
f 390/390 392/392 382/382
f 394/394 377/377 381/381
f 377/377 379/379 381/381
f 666/666 654/654 572/572
f 381/381 418/418 394/394
f 1606/1606 1577/1577 1582/1582
f 1577/1577 1576/1576 1582/1582
f 1606/1606 1582/1582 1613/1613
f 572/572 654/654 515/515
f 379/379 382/382 381/381
f 515/515 654/654 566/566
f 1559/1559 1558/1558 1572/1572
f 1572/1572 1558/1558 1577/1577
f 1554/1554 1555/1555 1556/1556
f 1554/1554 1556/1556 1558/1558
f 1556/1556 1560/1560 1558/1558
f 1558/1558 1560/1560 1577/1577
f 1577/1577 1560/1560 1576/1576
f 1555/1555 1351/1351 1343/1343
f 1330/1330 1328/1328 1337/1337
f 1336/1336 1337/1337 1343/1343
f 1343/1343 1337/1337 1342/1342
f 381/381 393/393 418/418
f 1582/1582 1603/1603 1613/1613
f 418/418 393/393 422/422
f 1555/1555 1343/1343 1556/1556
f 1556/1556 1343/1343 1557/1557
f 1560/1560 1556/1556 1557/1557
f 1560/1560 1557/1557 1561/1561
f 1343/1343 1342/1342 1557/1557
f 1576/1576 1560/1560 1568/1568
f 1560/1560 1561/1561 1568/1568
f 1576/1576 1568/1568 1582/1582
f 1557/1557 1562/1562 1561/1561
f 1557/1557 1342/1342 1562/1562
f 1330/1330 1329/1329 1328/1328
f 1329/1329 1326/1326 1328/1328
f 1337/1337 1328/1328 1327/1327
f 1337/1337 1327/1327 1342/1342
f 1327/1327 1345/1345 1342/1342
f 193/193 204/204 197/197
f 1326/1326 1327/1327 1328/1328
f 806/806 550/550 542/542
f 513/513 515/515 516/516
f 515/515 566/566 516/516
f 382/382 388/388 381/381
f 2987/2987 2985/2985 2988/2988
f 2987/2987 2982/2982 2985/2985
f 2996/2996 2999/2999 2998/2998
f 2989/2989 2992/2992 2986/2986
f 2990/2990 2983/2983 2982/2982
f 2982/2982 2983/2983 2984/2984
f 2990/2990 2991/2991 2983/2983
f 2982/2982 2984/2984 2985/2985
f 2989/2989 2986/2986 2983/2983
f 2989/2989 2983/2983 2991/2991
f 3000/3000 2995/2995 2997/2997
f 2998/2998 2994/2994 2996/2996
f 2993/2993 2996/2996 2994/2994
f 2993/2993 2994/2994 2995/2995
f 2983/2983 2986/2986 2984/2984
f 2995/2995 2994/2994 2997/2997
f 3008/3008 3001/3001 3009/3009
f 3009/3009 3001/3001 3003/3003
f 3008/3008 3007/3007 3001/3001
f 3001/3001 3007/3007 3006/3006
f 3001/3001 3002/3002 3003/3003
f 3001/3001 3006/3006 3002/3002
f 3003/3003 3005/3005 3009/3009
f 3009/3009 3005/3005 3010/3010
f 3003/3003 3004/3004 3005/3005
f 3003/3003 3002/3002 3004/3004
f 3011/3011 3012/3012 3013/3013
f 3011/3011 3016/3016 3017/3017
f 3011/3011 3013/3013 3016/3016
f 3018/3018 3011/3011 3017/3017
f 3012/3012 3014/3014 3013/3013
f 3012/3012 3015/3015 3014/3014
f 3385/3385 3377/3377 3381/3381
f 3340/3340 3342/3342 3343/3343
f 3340/3340 3341/3341 3342/3342
f 3341/3341 3370/3370 3342/3342
f 3341/3341 3371/3371 3370/3370
f 3371/3371 3372/3372 3370/3370
f 3371/3371 3376/3376 3372/3372
f 3377/3377 3380/3380 3381/3381
f 3343/3343 3342/3342 3344/3344
f 3377/3377 3379/3379 3380/3380
f 3377/3377 3378/3378 3379/3379
f 3343/3343 3344/3344 3347/3347
f 3342/3342 3345/3345 3344/3344
f 3342/3342 3370/3370 3345/3345
f 3345/3345 3370/3370 3369/3369
f 3347/3347 3344/3344 3346/3346
f 3378/3378 3382/3382 3379/3379
f 3382/3382 3378/3378 3383/3383
f 3347/3347 3348/3348 3349/3349
f 3344/3344 3345/3345 3346/3346
f 3345/3345 3355/3355 3346/3346
f 3345/3345 3369/3369 3368/3368
f 3345/3345 3368/3368 3355/3355
f 3346/3346 3348/3348 3347/3347
f 3346/3346 3355/3355 3348/3348
f 3355/3355 3368/3368 3365/3365
f 3355/3355 3365/3365 3353/3353
f 3382/3382 3383/3383 3384/3384
f 3349/3349 3348/3348 3350/3350
f 3383/3383 3386/3386 3384/3384
f 3348/3348 3351/3351 3350/3350
f 3348/3348 3353/3353 3351/3351
f 3348/3348 3355/3355 3353/3353
f 3351/3351 3353/3353 3354/3354
f 3350/3350 3351/3351 3352/3352
f 3351/3351 3354/3354 3352/3352
f 3353/3353 3365/3365 3356/3356
f 3353/3353 3356/3356 3354/3354
f 3356/3356 3357/3357 3354/3354
f 3365/3365 3367/3367 3356/3356
f 3365/3365 3366/3366 3367/3367
f 3356/3356 3361/3361 3357/3357
f 3356/3356 3367/3367 3361/3361
f 3366/3366 3373/3373 3367/3367
f 3367/3367 3373/3373 3361/3361
f 3297/3297 3305/3305 3303/3303
f 3297/3297 3303/3303 3302/3302
f 3354/3354 3357/3357 3358/3358
f 3361/3361 3373/3373 3374/3374
f 3357/3357 3361/3361 3359/3359
f 3358/3358 3357/3357 3359/3359
f 3297/3297 3294/3294 3296/3296
f 3297/3297 3302/3302 3294/3294
f 3361/3361 3374/3374 3375/3375
f 3359/3359 3361/3361 3338/3338
f 3294/3294 3302/3302 3308/3308
f 3294/3294 3308/3308 3292/3292
f 3358/3358 3359/3359 3360/3360
f 3359/3359 3338/3338 3360/3360
f 3128/3128 3118/3118 3125/3125
f 3316/3316 3125/3125 3315/3315
f 3125/3125 3118/3118 3120/3120
f 3125/3125 3122/3122 3315/3315
f 3125/3125 3120/3120 3122/3122
f 3118/3118 3119/3119 3120/3120
f 3120/3120 3119/3119 3121/3121
f 3120/3120 3121/3121 3122/3122
f 3129/3129 3130/3130 3131/3131
f 3129/3129 3131/3131 3133/3133
f 3315/3315 3122/3122 3313/3313
f 3122/3122 3124/3124 3313/3313
f 3121/3121 3123/3123 3122/3122
f 3122/3122 3123/3123 3124/3124
f 3313/3313 3124/3124 3208/3208
f 3124/3124 3123/3123 3126/3126
f 3124/3124 3126/3126 3208/3208
f 3330/3330 3331/3331 3324/3324
f 3330/3330 3324/3324 3329/3329
f 3329/3329 3324/3324 3275/3275
f 3324/3324 3306/3306 3275/3275
f 3275/3275 3306/3306 3274/3274
f 3274/3274 3273/3273 3275/3275
f 3306/3306 3298/3298 3274/3274
f 3274/3274 3298/3298 3270/3270
f 3274/3274 3270/3270 3273/3273
f 3270/3270 3269/3269 3273/3273
f 3270/3270 3268/3268 3269/3269
f 3306/3306 3321/3321 3298/3298
f 3321/3321 3322/3322 3298/3298
f 3298/3298 3322/3322 3323/3323
f 3270/3270 3298/3298 3268/3268
f 3298/3298 3323/3323 3268/3268
f 3268/3268 3266/3266 3269/3269
f 3268/3268 3323/3323 3301/3301
f 3268/3268 3301/3301 3267/3267
f 3323/3323 3320/3320 3301/3301
f 3323/3323 3291/3291 3320/3320
f 3291/3291 3299/3299 3320/3320
f 3361/3361 3375/3375 3338/3338
f 3334/3334 3335/3335 3336/3336
f 3334/3334 3339/3339 3335/3335
f 3296/3296 3286/3286 3290/3290
f 3332/3332 3333/3333 3290/3290
f 3294/3294 3286/3286 3296/3296
f 3294/3294 3292/3292 3286/3286
f 3332/3332 3290/3290 3291/3291
f 3291/3291 3289/3289 3299/3299
f 3291/3291 3290/3290 3289/3289
f 3375/3375 3336/3336 3338/3338
f 3268/3268 3267/3267 3266/3266
f 3266/3266 3267/3267 3264/3264
f 3267/3267 3301/3301 3264/3264
f 3266/3266 3264/3264 3263/3263
f 3301/3301 3320/3320 3299/3299
f 3301/3301 3299/3299 3264/3264
f 3264/3264 3299/3299 3295/3295
f 3263/3263 3264/3264 3262/3262
f 3290/3290 3285/3285 3289/3289
f 3286/3286 3292/3292 3288/3288
f 3290/3290 3286/3286 3285/3285
f 3286/3286 3288/3288 3284/3284
f 3286/3286 3284/3284 3285/3285
f 3289/3289 3285/3285 3287/3287
f 3289/3289 3287/3287 3299/3299
f 3292/3292 3307/3307 3288/3288
f 3292/3292 3308/3308 3307/3307
f 3360/3360 3338/3338 3362/3362
f 3308/3308 3326/3326 3307/3307
f 3288/3288 3307/3307 3281/3281
f 3288/3288 3281/3281 3284/3284
f 3326/3326 3325/3325 3307/3307
f 3299/3299 3287/3287 3295/3295
f 3287/3287 3285/3285 3282/3282
f 3285/3285 3284/3284 3282/3282
f 3307/3307 3325/3325 3281/3281
f 3284/3284 3281/3281 3279/3279
f 3284/3284 3279/3279 3282/3282
f 3281/3281 3325/3325 3280/3280
f 3281/3281 3280/3280 3279/3279
f 3295/3295 3287/3287 3282/3282
f 3264/3264 3295/3295 3259/3259
f 3264/3264 3259/3259 3262/3262
f 3325/3325 3317/3317 3280/3280
f 3280/3280 3317/3317 3314/3314
f 3280/3280 3278/3278 3279/3279
f 3278/3278 3280/3280 3314/3314
f 3259/3259 3295/3295 3283/3283
f 3295/3295 3282/3282 3283/3283
f 3259/3259 3283/3283 3258/3258
f 3283/3283 3276/3276 3258/3258
f 3259/3259 3257/3257 3262/3262
f 3259/3259 3258/3258 3257/3257
f 3283/3283 3282/3282 3276/3276
f 3282/3282 3279/3279 3276/3276
f 3258/3258 3256/3256 3257/3257
f 3279/3279 3278/3278 3276/3276
f 3258/3258 3276/3276 3256/3256
f 3257/3257 3256/3256 3254/3254
f 3276/3276 3278/3278 3277/3277
f 3276/3276 3277/3277 3256/3256
f 3254/3254 3256/3256 3253/3253
f 3132/3132 3135/3135 3134/3134
f 3132/3132 3134/3134 3130/3130
f 3129/3129 3132/3132 3130/3130
f 3131/3131 3136/3136 3133/3133
f 3133/3133 3136/3136 3203/3203
f 3336/3336 3335/3335 3337/3337
f 3336/3336 3337/3337 3338/3338
f 3328/3328 3312/3312 3327/3327
f 3312/3312 3313/3313 3208/3208
f 3338/3338 3337/3337 3363/3363
f 3327/3327 3312/3312 3319/3319
f 3123/3123 3127/3127 3126/3126
f 3126/3126 3127/3127 3137/3137
f 3208/3208 3126/3126 3139/3139
f 3126/3126 3137/3137 3139/3139
f 3202/3202 3203/3203 3200/3200
f 3203/3203 3136/3136 3200/3200
f 3202/3202 3200/3200 3164/3164
f 3137/3137 3127/3127 3138/3138
f 3200/3200 3162/3162 3164/3164
f 3164/3164 3162/3162 3148/3148
f 3148/3148 3162/3162 3151/3151
f 3338/3338 3363/3363 3362/3362
f 3363/3363 3364/3364 3362/3362
f 3319/3319 3312/3312 3318/3318
f 3312/3312 3311/3311 3318/3318
f 3325/3325 3326/3326 3318/3318
f 3312/3312 3208/3208 3311/3311
f 3311/3311 3208/3208 3163/3163
f 3208/3208 3139/3139 3163/3163
f 3163/3163 3139/3139 3140/3140
f 3137/3137 3140/3140 3139/3139
f 3137/3137 3141/3141 3140/3140
f 3325/3325 3318/3318 3317/3317
f 3318/3318 3311/3311 3317/3317
f 3311/3311 3163/3163 3161/3161
f 3163/3163 3140/3140 3161/3161
f 3137/3137 3148/3148 3141/3141
f 3148/3148 3151/3151 3141/3141
f 3151/3151 3162/3162 3155/3155
f 3141/3141 3151/3151 3145/3145
f 3141/3141 3145/3145 3142/3142
f 3151/3151 3155/3155 3145/3145
f 3141/3141 3142/3142 3140/3140
f 3317/3317 3311/3311 3310/3310
f 3317/3317 3310/3310 3314/3314
f 3311/3311 3161/3161 3310/3310
f 3310/3310 3161/3161 3146/3146
f 3161/3161 3140/3140 3143/3143
f 3161/3161 3143/3143 3146/3146
f 3140/3140 3142/3142 3143/3143
f 3142/3142 3144/3144 3143/3143
f 3314/3314 3309/3309 3278/3278
f 3314/3314 3310/3310 3309/3309
f 3143/3143 3144/3144 3146/3146
f 3310/3310 3146/3146 3147/3147
f 3142/3142 3145/3145 3144/3144
f 3145/3145 3152/3152 3144/3144
f 3145/3145 3155/3155 3152/3152
f 3155/3155 3154/3154 3152/3152
f 3152/3152 3154/3154 3153/3153
f 3144/3144 3152/3152 3149/3149
f 3152/3152 3153/3153 3149/3149
f 3278/3278 3309/3309 3277/3277
f 3277/3277 3309/3309 3293/3293
f 3277/3277 3293/3293 3256/3256
f 3256/3256 3293/3293 3253/3253
f 3146/3146 3144/3144 3147/3147
f 3310/3310 3147/3147 3309/3309
f 3144/3144 3149/3149 3147/3147
f 3309/3309 3147/3147 3212/3212
f 3147/3147 3149/3149 3150/3150
f 3147/3147 3150/3150 3212/3212
f 3149/3149 3153/3153 3156/3156
f 3254/3254 3253/3253 3248/3248
f 3254/3254 3248/3248 3255/3255
f 3293/3293 3300/3300 3253/3253
f 3293/3293 3309/3309 3300/3300
f 3253/3253 3300/3300 3252/3252
f 3300/3300 3211/3211 3252/3252
f 3309/3309 3212/3212 3300/3300
f 3300/3300 3212/3212 3211/3211
f 3212/3212 3150/3150 3211/3211
f 3153/3153 3160/3160 3156/3156
f 3150/3150 3149/3149 3156/3156
f 3156/3156 3160/3160 3157/3157
f 3253/3253 3252/3252 3248/3248
f 3248/3248 3252/3252 3246/3246
f 3255/3255 3248/3248 3249/3249
f 3248/3248 3247/3247 3249/3249
f 3248/3248 3246/3246 3247/3247
f 3252/3252 3211/3211 3246/3246
f 3249/3249 3247/3247 3250/3250
f 3247/3247 3246/3246 3242/3242
f 3211/3211 3206/3206 3246/3246
f 3242/3242 3246/3246 3209/3209
f 3250/3250 3247/3247 3244/3244
f 3247/3247 3242/3242 3244/3244
f 3250/3250 3244/3244 3243/3243
f 3244/3244 3242/3242 3241/3241
f 3150/3150 3158/3158 3211/3211
f 3150/3150 3156/3156 3157/3157
f 3150/3150 3157/3157 3158/3158
f 3158/3158 3157/3157 3159/3159
f 3157/3157 3160/3160 3166/3166
f 3211/3211 3158/3158 3159/3159
f 3157/3157 3166/3166 3165/3165
f 3157/3157 3165/3165 3159/3159
f 3206/3206 3211/3211 3159/3159
f 3206/3206 3159/3159 3167/3167
f 3206/3206 3167/3167 3205/3205
f 3159/3159 3165/3165 3167/3167
f 3246/3246 3206/3206 3209/3209
f 3244/3244 3241/3241 3243/3243
f 3206/3206 3205/3205 3209/3209
f 3242/3242 3209/3209 3241/3241
f 3241/3241 3209/3209 3174/3174
f 3241/3241 3240/3240 3243/3243
f 3243/3243 3240/3240 3238/3238
f 3209/3209 3205/3205 3174/3174
f 3205/3205 3169/3169 3174/3174
f 3205/3205 3167/3167 3169/3169
f 3167/3167 3165/3165 3168/3168
f 3167/3167 3168/3168 3169/3169
f 3241/3241 3174/3174 3240/3240
f 3169/3169 3170/3170 3174/3174
f 3240/3240 3174/3174 3239/3239
f 3174/3174 3172/3172 3239/3239
f 3170/3170 3172/3172 3174/3174
f 3239/3239 3238/3238 3240/3240
f 3169/3169 3168/3168 3170/3170
f 3168/3168 3171/3171 3170/3170
f 3170/3170 3171/3171 3172/3172
f 3243/3243 3238/3238 3265/3265
f 3238/3238 3239/3239 3237/3237
f 3239/3239 3172/3172 3237/3237
f 3265/3265 3238/3238 3236/3236
f 3172/3172 3175/3175 3237/3237
f 3172/3172 3173/3173 3175/3175
f 3172/3172 3171/3171 3173/3173
f 3171/3171 3181/3181 3173/3173
f 3236/3236 3238/3238 3237/3237
f 3175/3175 3173/3173 3176/3176
f 3236/3236 3237/3237 3234/3234
f 3236/3236 3234/3234 3235/3235
f 3175/3175 3177/3177 3237/3237
f 3175/3175 3176/3176 3177/3177
f 3237/3237 3177/3177 3234/3234
f 3235/3235 3234/3234 3233/3233
f 3234/3234 3177/3177 3183/3183
f 3234/3234 3183/3183 3233/3233
f 3173/3173 3181/3181 3176/3176
f 3176/3176 3181/3181 3178/3178
f 3176/3176 3178/3178 3177/3177
f 3177/3177 3178/3178 3179/3179
f 3177/3177 3179/3179 3183/3183
f 3178/3178 3180/3180 3179/3179
f 3233/3233 3183/3183 3231/3231
f 3233/3233 3231/3231 3232/3232
f 3183/3183 3179/3179 3182/3182
f 3183/3183 3182/3182 3231/3231
f 3231/3231 3182/3182 3201/3201
f 3179/3179 3180/3180 3182/3182
f 3182/3182 3184/3184 3201/3201
f 3182/3182 3180/3180 3184/3184
f 3232/3232 3231/3231 3226/3226
f 3184/3184 3180/3180 3185/3185
f 3231/3231 3201/3201 3226/3226
f 3226/3226 3218/3218 3225/3225
f 3185/3185 3186/3186 3184/3184
f 3184/3184 3186/3186 3201/3201
f 3226/3226 3201/3201 3218/3218
f 3201/3201 3186/3186 3188/3188
f 3218/3218 3201/3201 3188/3188
f 3186/3186 3185/3185 3187/3187
f 3186/3186 3187/3187 3188/3188
f 3225/3225 3224/3224 3223/3223
f 3225/3225 3218/3218 3224/3224
f 3218/3218 3188/3188 3207/3207
f 3223/3223 3224/3224 3217/3217
f 3224/3224 3218/3218 3217/3217
f 3218/3218 3207/3207 3217/3217
f 3223/3223 3221/3221 3245/3245
f 3223/3223 3217/3217 3221/3221
f 3245/3245 3221/3221 3271/3271
f 3221/3221 3251/3251 3271/3271
f 3221/3221 3217/3217 3219/3219
f 3221/3221 3219/3219 3251/3251
f 3217/3217 3207/3207 3210/3210
f 3188/3188 3187/3187 3189/3189
f 3188/3188 3189/3189 3207/3207
f 3187/3187 3190/3190 3189/3189
f 3207/3207 3189/3189 3191/3191
f 3187/3187 3198/3198 3190/3190
f 3189/3189 3190/3190 3191/3191
f 3207/3207 3191/3191 3210/3210
f 3198/3198 3194/3194 3190/3190
f 3219/3219 3217/3217 3216/3216
f 3217/3217 3210/3210 3216/3216
f 3210/3210 3191/3191 3192/3192
f 3216/3216 3210/3210 3215/3215
f 3191/3191 3190/3190 3192/3192
f 3190/3190 3193/3193 3192/3192
f 3210/3210 3192/3192 3215/3215
f 3190/3190 3194/3194 3193/3193
f 3193/3193 3194/3194 3195/3195
f 3251/3251 3219/3219 3220/3220
f 3219/3219 3216/3216 3220/3220
f 3220/3220 3230/3230 3251/3251
f 3216/3216 3213/3213 3220/3220
f 3216/3216 3215/3215 3213/3213
f 3220/3220 3222/3222 3230/3230
f 3220/3220 3213/3213 3222/3222
f 3222/3222 3213/3213 3214/3214
f 3215/3215 3192/3192 3093/3093
f 3192/3192 3193/3193 3093/3093
f 3194/3194 3199/3199 3195/3195
f 3193/3193 3195/3195 3196/3196
f 3215/3215 3092/3092 3213/3213
f 3215/3215 3093/3093 3092/3092
f 3193/3193 3196/3196 3093/3093
f 3093/3093 3196/3196 3091/3091
f 3091/3091 3196/3196 3197/3197
f 3195/3195 3197/3197 3196/3196
f 3222/3222 3214/3214 3227/3227
f 3214/3214 3228/3228 3227/3227
f 3227/3227 3228/3228 3260/3260
f 3093/3093 3091/3091 3092/3092
f 3213/3213 3092/3092 3214/3214
f 3214/3214 3092/3092 3229/3229
f 3214/3214 3229/3229 3228/3228
f 3092/3092 3090/3090 3229/3229
f 3091/3091 3197/3197 3204/3204
f 3092/3092 3091/3091 3090/3090
f 3090/3090 3091/3091 3089/3089
f 3091/3091 3204/3204 3089/3089
f 3090/3090 3088/3088 3229/3229
f 3228/3228 3229/3229 3087/3087
f 3229/3229 3088/3088 3087/3087
f 3090/3090 3089/3089 3088/3088
f 3089/3089 3084/3084 3088/3088
f 3089/3089 3204/3204 3084/3084
f 3084/3084 3204/3204 3083/3083
f 3087/3087 3088/3088 3084/3084
f 3087/3087 3084/3084 3082/3082
f 3084/3084 3083/3083 3082/3082
f 3059/3059 3063/3063 3060/3060
f 3058/3058 3059/3059 3055/3055
f 3059/3059 3060/3060 3055/3055
f 3060/3060 3062/3062 3061/3061
f 3055/3055 3060/3060 3061/3061
f 3058/3058 3055/3055 3056/3056
f 3055/3055 3054/3054 3056/3056
f 3055/3055 3061/3061 3053/3053
f 3055/3055 3053/3053 3054/3054
f 3117/3117 3105/3105 3113/3113
f 3228/3228 3261/3261 3260/3260
f 3228/3228 3087/3087 3261/3261
f 3260/3260 3261/3261 3272/3272
f 3304/3304 3261/3261 3072/3072
f 3261/3261 3087/3087 3072/3072
f 3304/3304 3072/3072 3081/3081
f 3087/3087 3082/3082 3072/3072
f 3083/3083 3071/3071 3082/3082
f 3082/3082 3071/3071 3072/3072
f 3081/3081 3072/3072 3064/3064
f 3072/3072 3071/3071 3064/3064
f 3304/3304 3081/3081 3085/3085
f 3085/3085 3081/3081 3064/3064
f 3105/3105 3104/3104 3103/3103
f 3064/3064 3071/3071 3047/3047
f 3104/3104 3095/3095 3103/3103
f 3103/3103 3095/3095 3086/3086
f 3095/3095 3067/3067 3086/3086
f 3064/3064 3066/3066 3085/3085
f 3064/3064 3047/3047 3043/3043
f 3064/3064 3043/3043 3066/3066
f 3085/3085 3066/3066 3095/3095
f 3095/3095 3066/3066 3067/3067
f 3067/3067 3066/3066 3065/3065
f 3066/3066 3043/3043 3065/3065
f 3056/3056 3054/3054 3057/3057
f 3054/3054 3053/3053 3051/3051
f 3051/3051 3053/3053 3052/3052
f 3057/3057 3054/3054 3051/3051
f 3057/3057 3051/3051 3050/3050
f 3050/3050 3051/3051 3049/3049
f 3050/3050 3049/3049 3048/3048
f 3051/3051 3046/3046 3049/3049
f 3051/3051 3052/3052 3046/3046
f 3049/3049 3044/3044 3048/3048
f 3049/3049 3046/3046 3044/3044
f 3048/3048 3044/3044 3047/3047
f 3046/3046 3045/3045 3044/3044
f 3047/3047 3044/3044 3043/3043
f 3044/3044 3042/3042 3043/3043
f 3044/3044 3045/3045 3042/3042
f 3113/3113 3103/3103 3112/3112
f 3103/3103 3108/3108 3112/3112
f 3112/3112 3108/3108 3111/3111
f 3111/3111 3108/3108 3109/3109
f 3108/3108 3103/3103 3107/3107
f 3108/3108 3107/3107 3109/3109
f 3111/3111 3109/3109 3116/3116
f 3105/3105 3103/3103 3113/3113
f 3116/3116 3109/3109 3114/3114
f 3109/3109 3110/3110 3114/3114
f 3107/3107 3101/3101 3110/3110
f 3110/3110 3109/3109 3107/3107
f 3110/3110 3101/3101 3100/3100
f 3103/3103 3098/3098 3107/3107
f 3086/3086 3098/3098 3103/3103
f 3086/3086 3067/3067 3039/3039
f 3067/3067 3065/3065 3039/3039
f 3065/3065 3037/3037 3039/3039
f 3037/3037 3065/3065 3036/3036
f 3086/3086 3039/3039 3068/3068
f 3086/3086 3068/3068 3098/3098
f 3068/3068 3039/3039 3035/3035
f 3098/3098 3068/3068 3077/3077
f 3039/3039 3037/3037 3035/3035
f 3037/3037 3036/3036 3035/3035
f 3098/3098 3101/3101 3107/3107
f 3098/3098 3077/3077 3101/3101
f 3110/3110 3100/3100 3115/3115
f 3100/3100 3102/3102 3115/3115
f 3101/3101 3077/3077 3100/3100
f 3077/3077 3068/3068 3069/3069
f 3068/3068 3035/3035 3069/3069
f 3069/3069 3035/3035 3070/3070
f 3077/3077 3069/3069 3070/3070
f 3077/3077 3070/3070 3076/3076
f 3100/3100 3077/3077 3076/3076
f 3076/3076 3070/3070 3075/3075
f 3035/3035 3031/3031 3070/3070
f 3100/3100 3076/3076 3094/3094
f 3100/3100 3094/3094 3102/3102
f 3076/3076 3075/3075 3094/3094
f 3094/3094 3075/3075 3078/3078
f 3043/3043 3040/3040 3065/3065
f 3043/3043 3042/3042 3040/3040
f 3040/3040 3042/3042 3041/3041
f 3065/3065 3040/3040 3036/3036
f 3040/3040 3038/3038 3036/3036
f 3040/3040 3041/3041 3038/3038
f 3035/3035 3036/3036 3030/3030
f 3036/3036 3038/3038 3030/3030
f 3029/3029 3027/3027 3030/3030
f 3029/3029 3028/3028 3027/3027
f 3035/3035 3030/3030 3031/3031
f 3030/3030 3027/3027 3031/3031
f 3070/3070 3031/3031 3032/3032
f 3032/3032 3031/3031 3024/3024
f 3027/3027 3026/3026 3024/3024
f 3027/3027 3024/3024 3031/3031
f 3028/3028 3026/3026 3027/3027
f 3026/3026 3022/3022 3024/3024
f 3114/3114 3110/3110 3115/3115
f 3102/3102 3106/3106 3115/3115
f 3078/3078 3075/3075 3074/3074
f 3075/3075 3070/3070 3074/3074
f 3070/3070 3034/3034 3074/3074
f 3102/3102 3094/3094 3097/3097
f 3102/3102 3097/3097 3106/3106
f 3094/3094 3078/3078 3096/3096
f 3097/3097 3094/3094 3096/3096
f 3106/3106 3097/3097 3099/3099
f 3078/3078 3074/3074 3079/3079
f 3078/3078 3080/3080 3096/3096
f 3078/3078 3079/3079 3080/3080
f 3079/3079 3074/3074 3073/3073
f 3074/3074 3034/3034 3073/3073
f 3034/3034 3033/3033 3073/3073
f 3070/3070 3032/3032 3034/3034
f 3032/3032 3025/3025 3034/3034
f 3024/3024 3025/3025 3032/3032
f 3025/3025 3024/3024 3023/3023
f 3022/3022 3021/3021 3019/3019
f 3024/3024 3022/3022 3023/3023
f 3022/3022 3019/3019 3023/3023
f 3021/3021 3020/3020 3019/3019
f 3034/3034 3025/3025 3033/3033
f 3025/3025 3023/3023 3033/3033
f 3529/3529 3528/3528 3521/3521
f 3528/3528 3526/3526 3521/3521
f 3529/3529 3521/3521 3530/3530
f 3531/3531 3525/3525 3526/3526
f 3526/3526 3525/3525 3521/3521
f 3637/3637 3636/3636 3629/3629
f 3521/3521 3525/3525 3522/3522
f 3637/3637 3629/3629 3640/3640
f 3525/3525 3527/3527 3522/3522
f 3640/3640 3629/3629 3638/3638
f 3524/3524 3523/3523 3533/3533
f 3530/3530 3521/3521 3524/3524
f 3521/3521 3523/3523 3524/3524
f 3521/3521 3522/3522 3523/3523
f 3522/3522 3527/3527 3532/3532
f 3522/3522 3532/3532 3523/3523
f 3523/3523 3532/3532 3533/3533
f 3636/3636 3630/3630 3629/3629
f 3629/3629 3630/3630 3631/3631
f 3629/3629 3631/3631 3638/3638
f 3638/3638 3631/3631 3639/3639
f 3638/3638 3639/3639 3643/3643
f 3630/3630 3632/3632 3631/3631
f 3631/3631 3633/3633 3639/3639
f 3639/3639 3633/3633 3641/3641
f 3632/3632 3633/3633 3631/3631
f 3632/3632 3634/3634 3633/3633
f 3634/3634 3635/3635 3633/3633
f 3633/3633 3635/3635 3641/3641
f 3639/3639 3641/3641 3643/3643
f 3641/3641 3635/3635 3642/3642
f 3634/3634 3620/3620 3635/3635
f 3635/3635 3620/3620 3618/3618
f 3620/3620 3619/3619 3618/3618
f 3642/3642 3635/3635 3618/3618
f 3496/3496 3489/3489 3493/3493
f 3497/3497 3490/3490 3489/3489
f 3497/3497 3489/3489 3496/3496
f 3490/3490 3487/3487 3489/3489
f 3487/3487 3488/3488 3489/3489
f 3487/3487 3491/3491 3488/3488
f 3520/3520 3519/3519 3518/3518
f 3488/3488 3491/3491 3495/3495
f 3519/3519 3516/3516 3518/3518
f 3518/3518 3516/3516 3515/3515
f 3488/3488 3495/3495 3494/3494
f 3488/3488 3494/3494 3492/3492
f 3489/3489 3492/3492 3493/3493
f 3489/3489 3488/3488 3492/3492
f 3515/3515 3516/3516 3517/3517
f 3498/3498 3499/3499 3500/3500
f 3500/3500 3502/3502 3516/3516
f 3500/3500 3499/3499 3502/3502
f 3516/3516 3502/3502 3517/3517
f 3499/3499 3503/3503 3502/3502
f 3498/3498 3501/3501 3499/3499
f 3499/3499 3501/3501 3503/3503
f 3501/3501 3514/3514 3503/3503
f 3501/3501 3513/3513 3514/3514
f 3498/3498 3504/3504 3501/3501
f 3504/3504 3505/3505 3501/3501
f 3501/3501 3505/3505 3513/3513
f 3619/3619 3616/3616 3618/3618
f 3618/3618 3616/3616 3617/3617
f 3619/3619 3621/3621 3616/3616
f 3616/3616 3615/3615 3617/3617
f 3616/3616 3612/3612 3615/3615
f 3616/3616 3621/3621 3612/3612
f 3621/3621 3622/3622 3612/3612
f 3612/3612 3622/3622 3605/3605
f 3612/3612 3605/3605 3607/3607
f 3615/3615 3612/3612 3607/3607
f 3605/3605 3606/3606 3607/3607
f 3628/3628 3613/3613 3556/3556
f 3613/3613 3588/3588 3583/3583
f 3613/3613 3583/3583 3611/3611
f 3556/3556 3554/3554 3552/3552
f 3556/3556 3613/3613 3611/3611
f 3556/3556 3611/3611 3554/3554
f 3611/3611 3583/3583 3554/3554
f 3589/3589 3586/3586 3587/3587
f 3587/3587 3584/3584 3588/3588
f 3588/3588 3584/3584 3583/3583
f 3589/3589 3625/3625 3586/3586
f 3586/3586 3625/3625 3624/3624
f 3587/3587 3586/3586 3584/3584
f 3586/3586 3585/3585 3584/3584
f 3624/3624 3592/3592 3586/3586
f 3586/3586 3592/3592 3585/3585
f 3592/3592 3593/3593 3585/3585
f 3592/3592 3624/3624 3626/3626
f 3584/3584 3585/3585 3578/3578
f 3585/3585 3590/3590 3578/3578
f 3584/3584 3578/3578 3583/3583
f 3622/3622 3623/3623 3605/3605
f 3605/3605 3551/3551 3598/3598
f 3552/3552 3554/3554 3550/3550
f 3554/3554 3553/3553 3550/3550
f 3550/3550 3553/3553 3549/3549
f 3551/3551 3552/3552 3550/3550
f 3551/3551 3546/3546 3598/3598
f 3551/3551 3550/3550 3546/3546
f 3550/3550 3549/3549 3546/3546
f 3768/3768 3769/3769 3770/3770
f 3605/3605 3598/3598 3606/3606
f 3548/3548 3547/3547 3545/3545
f 3547/3547 3546/3546 3545/3545
f 3546/3546 3549/3549 3544/3544
f 3583/3583 3553/3553 3554/3554
f 3583/3583 3578/3578 3553/3553
f 3578/3578 3564/3564 3553/3553
f 3553/3553 3564/3564 3549/3549
f 3578/3578 3590/3590 3564/3564
f 3564/3564 3562/3562 3549/3549
f 3549/3549 3562/3562 3561/3561
f 3590/3590 3565/3565 3564/3564
f 3564/3564 3565/3565 3562/3562
f 3562/3562 3565/3565 3563/3563
f 3480/3480 3481/3481 3470/3470
f 3480/3480 3470/3470 3469/3469
f 3476/3476 3465/3465 3470/3470
f 3476/3476 3464/3464 3465/3465
f 3469/3469 3470/3470 3467/3467
f 3470/3470 3465/3465 3467/3467
f 3465/3465 3464/3464 3463/3463
f 3465/3465 3463/3463 3466/3466
f 3469/3469 3467/3467 3468/3468
f 3469/3469 3468/3468 3486/3486
f 3467/3467 3466/3466 3468/3468
f 3467/3467 3465/3465 3466/3466
f 3466/3466 3471/3471 3468/3468
f 3466/3466 3463/3463 3471/3471
f 3476/3476 3478/3478 3464/3464
f 3478/3478 3448/3448 3464/3464
f 3464/3464 3450/3450 3463/3463
f 3471/3471 3463/3463 3454/3454
f 3478/3478 3479/3479 3448/3448
f 3448/3448 3450/3450 3464/3464
f 3479/3479 3477/3477 3448/3448
f 3448/3448 3477/3477 3449/3449
f 3448/3448 3449/3449 3450/3450
f 3450/3450 3449/3449 3451/3451
f 3463/3463 3450/3450 3454/3454
f 3450/3450 3451/3451 3454/3454
f 3451/3451 3462/3462 3454/3454
f 3451/3451 3456/3456 3462/3462
f 3504/3504 3506/3506 3505/3505
f 3505/3505 3512/3512 3513/3513
f 3506/3506 3507/3507 3505/3505
f 3505/3505 3507/3507 3512/3512
f 3506/3506 3508/3508 3507/3507
f 3507/3507 3508/3508 3509/3509
f 3507/3507 3509/3509 3512/3512
f 3479/3479 3482/3482 3477/3477
f 3477/3477 3482/3482 3475/3475
f 3477/3477 3475/3475 3449/3449
f 3482/3482 3483/3483 3475/3475
f 3483/3483 3474/3474 3475/3475
f 3475/3475 3474/3474 3453/3453
f 3474/3474 3457/3457 3453/3453
f 3475/3475 3453/3453 3449/3449
f 3449/3449 3453/3453 3452/3452
f 3449/3449 3452/3452 3451/3451
f 3451/3451 3452/3452 3455/3455
f 3453/3453 3457/3457 3452/3452
f 3451/3451 3455/3455 3456/3456
f 3483/3483 3472/3472 3474/3474
f 3483/3483 3484/3484 3472/3472
f 3474/3474 3472/3472 3457/3457
f 3452/3452 3457/3457 3455/3455
f 3457/3457 3458/3458 3455/3455
f 3457/3457 3472/3472 3459/3459
f 3457/3457 3459/3459 3458/3458
f 3459/3459 3460/3460 3458/3458
f 3560/3560 3557/3557 3545/3545
f 3548/3548 3545/3545 3557/3557
f 3508/3508 3511/3511 3510/3510
f 3560/3560 3545/3545 3559/3559
f 3508/3508 3510/3510 3509/3509
f 3597/3597 3559/3559 3558/3558
f 3559/3559 3545/3545 3540/3540
f 3559/3559 3540/3540 3558/3558
f 3546/3546 3544/3544 3545/3545
f 3545/3545 3544/3544 3540/3540
f 3540/3540 3544/3544 3542/3542
f 3555/3555 3537/3537 3534/3534
f 3558/3558 3537/3537 3555/3555
f 3558/3558 3540/3540 3537/3537
f 3540/3540 3538/3538 3537/3537
f 3540/3540 3542/3542 3538/3538
f 3544/3544 3566/3566 3542/3542
f 3542/3542 3566/3566 3568/3568
f 3542/3542 3568/3568 3567/3567
f 3549/3549 3561/3561 3544/3544
f 3544/3544 3561/3561 3566/3566
f 3561/3561 3569/3569 3566/3566
f 3566/3566 3569/3569 3568/3568
f 3484/3484 3473/3473 3472/3472
f 3484/3484 3485/3485 3473/3473
f 3534/3534 3535/3535 3536/3536
f 3534/3534 3537/3537 3535/3535
f 3472/3472 3473/3473 3461/3461
f 3472/3472 3461/3461 3459/3459
f 3535/3535 3538/3538 3539/3539
f 3535/3535 3537/3537 3538/3538
f 3459/3459 3461/3461 3460/3460
f 3538/3538 3541/3541 3539/3539
f 3539/3539 3541/3541 3543/3543
f 3543/3543 3541/3541 3576/3576
f 3543/3543 3576/3576 3591/3591
f 3538/3538 3542/3542 3541/3541
f 3541/3541 3542/3542 3567/3567
f 3541/3541 3567/3567 3576/3576
f 3567/3567 3579/3579 3576/3576
f 3567/3567 3568/3568 3571/3571
f 3567/3567 3571/3571 3579/3579
f 3571/3571 3572/3572 3579/3579
f 3562/3562 3563/3563 3561/3561
f 3561/3561 3563/3563 3569/3569
f 3563/3563 3573/3573 3569/3569
f 3569/3569 3574/3574 3570/3570
f 3568/3568 3569/3569 3570/3570
f 3568/3568 3570/3570 3571/3571
f 3570/3570 3572/3572 3571/3571
f 3579/3579 3572/3572 3580/3580
f 3592/3592 3609/3609 3593/3593
f 3592/3592 3610/3610 3609/3609
f 3610/3610 3627/3627 3609/3609
f 3565/3565 3594/3594 3563/3563
f 3563/3563 3594/3594 3573/3573
f 3594/3594 3595/3595 3573/3573
f 3573/3573 3575/3575 3569/3569
f 3573/3573 3595/3595 3596/3596
f 3573/3573 3596/3596 3575/3575
f 3595/3595 3614/3614 3596/3596
f 3569/3569 3575/3575 3574/3574
f 3575/3575 3582/3582 3574/3574
f 3596/3596 3600/3600 3575/3575
f 3575/3575 3600/3600 3582/3582
f 3570/3570 3574/3574 3572/3572
f 3572/3572 3574/3574 3577/3577
f 3572/3572 3577/3577 3580/3580
f 3574/3574 3581/3581 3577/3577
f 3596/3596 3603/3603 3600/3600
f 3603/3603 3608/3608 3600/3600
f 3600/3600 3608/3608 3599/3599
f 3582/3582 3600/3600 3599/3599
f 3574/3574 3582/3582 3581/3581
f 3582/3582 3599/3599 3581/3581
f 3599/3599 3601/3601 3581/3581
f 3599/3599 3602/3602 3601/3601
f 3608/3608 3709/3709 3671/3671
f 3765/3765 3706/3706 3767/3767
f 3709/3709 3708/3708 3671/3671
f 3708/3708 3668/3668 3671/3671
f 3599/3599 3608/3608 3604/3604
f 3608/3608 3671/3671 3604/3604
f 3599/3599 3604/3604 3602/3602
f 3671/3671 3670/3670 3604/3604
f 3604/3604 3670/3670 3602/3602
f 3671/3671 3667/3667 3670/3670
f 3671/3671 3668/3668 3667/3667
f 3670/3670 3651/3651 3698/3698
f 3698/3698 3651/3651 3761/3761
f 3765/3765 3756/3756 3706/3706
f 3668/3668 3707/3707 3694/3694
f 3668/3668 3665/3665 3667/3667
f 3667/3667 3666/3666 3670/3670
f 3668/3668 3694/3694 3665/3665
f 3707/3707 3706/3706 3694/3694
f 3706/3706 3756/3756 3693/3693
f 3756/3756 3755/3755 3693/3693
f 3706/3706 3693/3693 3694/3694
f 3755/3755 3692/3692 3693/3693
f 3692/3692 3663/3663 3693/3693
f 3693/3693 3663/3663 3694/3694
f 3446/3446 3444/3444 3445/3445
f 3670/3670 3666/3666 3651/3651
f 3667/3667 3665/3665 3666/3666
f 3666/3666 3650/3650 3651/3651
f 3650/3650 3649/3649 3651/3651
f 3651/3651 3649/3649 3761/3761
f 3694/3694 3663/3663 3665/3665
f 3663/3663 3655/3655 3665/3665
f 3666/3666 3665/3665 3650/3650
f 3650/3650 3648/3648 3649/3649
f 3650/3650 3665/3665 3655/3655
f 3650/3650 3655/3655 3654/3654
f 3650/3650 3654/3654 3648/3648
f 3649/3649 3648/3648 3644/3644
f 3444/3444 3443/3443 3445/3445
f 3692/3692 3662/3662 3663/3663
f 3655/3655 3663/3663 3654/3654
f 3648/3648 3654/3654 3645/3645
f 3663/3663 3662/3662 3654/3654
f 3443/3443 3444/3444 3442/3442
f 3654/3654 3661/3661 3645/3645
f 3654/3654 3662/3662 3661/3661
f 3443/3443 3442/3442 3432/3432
f 3662/3662 3664/3664 3661/3661
f 3442/3442 3402/3402 3432/3432
f 3661/3661 3664/3664 3647/3647
f 3648/3648 3645/3645 3644/3644
f 3644/3644 3645/3645 3646/3646
f 3661/3661 3647/3647 3645/3645
f 3645/3645 3647/3647 3646/3646
f 3646/3646 3647/3647 3652/3652
f 3647/3647 3664/3664 3653/3653
f 3647/3647 3653/3653 3652/3652
f 3432/3432 3402/3402 3400/3400
f 3402/3402 3399/3399 3400/3400
f 3399/3399 3397/3397 3400/3400
f 3399/3399 3394/3394 3389/3389
f 3394/3394 3387/3387 3389/3389
f 3399/3399 3389/3389 3397/3397
f 3387/3387 3388/3388 3389/3389
f 3653/3653 3656/3656 3652/3652
f 3664/3664 3672/3672 3653/3653
f 3672/3672 3657/3657 3653/3653
f 3653/3653 3657/3657 3656/3656
f 3400/3400 3397/3397 3411/3411
f 3411/3411 3397/3397 3412/3412
f 3397/3397 3396/3396 3412/3412
f 3397/3397 3389/3389 3396/3396
f 3657/3657 3658/3658 3656/3656
f 3657/3657 3659/3659 3658/3658
f 3659/3659 3660/3660 3658/3658
f 3389/3389 3391/3391 3396/3396
f 3389/3389 3388/3388 3391/3391
f 3659/3659 3673/3673 3660/3660
f 3660/3660 3673/3673 3674/3674
f 3391/3391 3398/3398 3396/3396
f 3396/3396 3398/3398 3403/3403
f 3391/3391 3388/3388 3392/3392
f 3392/3392 3398/3398 3391/3391
f 3658/3658 3660/3660 3669/3669
f 3660/3660 3675/3675 3669/3669
f 3660/3660 3674/3674 3675/3675
f 3387/3387 3390/3390 3388/3388
f 3388/3388 3390/3390 3393/3393
f 3388/3388 3393/3393 3392/3392
f 3393/3393 3390/3390 3401/3401
f 3392/3392 3393/3393 3395/3395
f 3393/3393 3401/3401 3395/3395
f 3392/3392 3447/3447 3398/3398
f 3392/3392 3395/3395 3447/3447
f 3401/3401 3409/3409 3395/3395
f 3674/3674 3676/3676 3675/3675
f 3675/3675 3676/3676 3678/3678
f 3674/3674 3677/3677 3676/3676
f 3403/3403 3398/3398 3404/3404
f 3676/3676 3679/3679 3678/3678
f 3398/3398 3405/3405 3404/3404
f 3401/3401 3414/3414 3409/3409
f 3401/3401 3415/3415 3414/3414
f 3447/3447 3395/3395 3410/3410
f 3395/3395 3409/3409 3410/3410
f 3409/3409 3414/3414 3410/3410
f 3404/3404 3405/3405 3406/3406
f 3677/3677 3680/3680 3676/3676
f 3680/3680 3681/3681 3676/3676
f 3676/3676 3681/3681 3679/3679
f 3680/3680 3683/3683 3681/3681
f 3681/3681 3682/3682 3679/3679
f 3405/3405 3407/3407 3406/3406
f 3407/3407 3408/3408 3406/3406
f 3407/3407 3413/3413 3408/3408
f 3408/3408 3413/3413 3433/3433
f 3681/3681 3683/3683 3682/3682
f 3683/3683 3684/3684 3682/3682
f 3683/3683 3685/3685 3684/3684
f 3415/3415 3416/3416 3414/3414
f 3414/3414 3416/3416 3429/3429
f 3414/3414 3429/3429 3410/3410
f 3415/3415 3417/3417 3416/3416
f 3417/3417 3418/3418 3416/3416
f 3417/3417 3419/3419 3418/3418
f 3416/3416 3428/3428 3429/3429
f 3416/3416 3418/3418 3428/3428
f 3430/3430 3428/3428 3427/3427
f 3419/3419 3420/3420 3418/3418
f 3428/3428 3421/3421 3427/3427
f 3427/3427 3421/3421 3424/3424
f 3418/3418 3421/3421 3428/3428
f 3418/3418 3420/3420 3421/3421
f 3420/3420 3422/3422 3421/3421
f 3413/3413 3434/3434 3433/3433
f 3434/3434 3435/3435 3433/3433
f 3685/3685 3686/3686 3684/3684
f 3685/3685 3687/3687 3686/3686
f 3435/3435 3434/3434 3436/3436
f 3685/3685 3745/3745 3687/3687
f 3435/3435 3436/3436 3437/3437
f 3745/3745 3701/3701 3687/3687
f 3687/3687 3701/3701 3689/3689
f 3687/3687 3688/3688 3686/3686
f 3687/3687 3689/3689 3688/3688
f 3688/3688 3689/3689 3690/3690
f 3436/3436 3438/3438 3437/3437
f 3437/3437 3438/3438 3439/3439
f 3701/3701 3705/3705 3689/3689
f 3705/3705 3695/3695 3689/3689
f 3421/3421 3422/3422 3423/3423
f 3421/3421 3423/3423 3424/3424
f 3423/3423 3422/3422 3425/3425
f 3422/3422 3426/3426 3425/3425
f 3424/3424 3423/3423 3441/3441
f 3423/3423 3431/3431 3441/3441
f 3423/3423 3425/3425 3431/3431
f 3438/3438 3440/3440 3439/3439
f 3705/3705 3710/3710 3695/3695
f 3737/3737 3712/3712 3738/3738
f 3705/3705 3738/3738 3710/3710
f 3738/3738 3712/3712 3710/3710
f 3712/3712 3711/3711 3710/3710
f 3747/3747 3742/3742 3737/3737
f 3712/3712 3737/3737 3713/3713
f 3737/3737 3742/3742 3713/3713
f 3712/3712 3713/3713 3711/3711
f 3689/3689 3695/3695 3691/3691
f 3689/3689 3691/3691 3690/3690
f 3695/3695 3696/3696 3691/3691
f 3710/3710 3711/3711 3697/3697
f 3695/3695 3710/3710 3697/3697
f 3695/3695 3697/3697 3696/3696
f 3711/3711 3700/3700 3697/3697
f 3697/3697 3699/3699 3696/3696
f 3697/3697 3700/3700 3699/3699
f 3766/3766 3763/3763 3732/3732
f 3742/3742 3732/3732 3713/3713
f 3766/3766 3732/3732 3742/3742
f 3713/3713 3714/3714 3711/3711
f 3711/3711 3714/3714 3700/3700
f 3732/3732 3717/3717 3713/3713
f 3763/3763 3733/3733 3732/3732
f 3732/3732 3733/3733 3717/3717
f 3713/3713 3717/3717 3715/3715
f 3713/3713 3715/3715 3714/3714
f 3763/3763 3734/3734 3733/3733
f 3763/3763 3762/3762 3734/3734
f 3762/3762 3743/3743 3734/3734
f 3734/3734 3743/3743 3722/3722
f 3762/3762 3764/3764 3743/3743
f 3733/3733 3734/3734 3717/3717
f 3717/3717 3734/3734 3719/3719
f 3734/3734 3722/3722 3719/3719
f 3722/3722 3720/3720 3719/3719
f 3717/3717 3718/3718 3715/3715
f 3715/3715 3718/3718 3716/3716
f 3717/3717 3719/3719 3718/3718
f 3719/3719 3720/3720 3718/3718
f 3714/3714 3702/3702 3700/3700
f 3700/3700 3702/3702 3699/3699
f 3699/3699 3702/3702 3703/3703
f 3702/3702 3714/3714 3715/3715
f 3702/3702 3704/3704 3703/3703
f 3702/3702 3715/3715 3704/3704
f 3715/3715 3716/3716 3704/3704
f 3716/3716 3736/3736 3704/3704
f 3764/3764 3724/3724 3743/3743
f 3743/3743 3724/3724 3722/3722
f 3722/3722 3724/3724 3723/3723
f 3722/3722 3723/3723 3720/3720
f 3720/3720 3723/3723 3731/3731
f 3723/3723 3735/3735 3731/3731
f 3720/3720 3721/3721 3718/3718
f 3721/3721 3720/3720 3731/3731
f 3718/3718 3721/3721 3741/3741
f 3721/3721 3746/3746 3741/3741
f 3764/3764 3757/3757 3724/3724
f 3757/3757 3725/3725 3724/3724
f 3724/3724 3725/3725 3723/3723
f 3723/3723 3725/3725 3726/3726
f 3757/3757 3728/3728 3725/3725
f 3725/3725 3727/3727 3726/3726
f 3760/3760 3728/3728 3757/3757
f 3728/3728 3727/3727 3725/3725
f 3728/3728 3729/3729 3727/3727
f 3723/3723 3726/3726 3735/3735
f 3721/3721 3731/3731 3746/3746
f 3735/3735 3739/3739 3731/3731
f 3739/3739 3753/3753 3731/3731
f 3731/3731 3753/3753 3746/3746
f 3727/3727 3744/3744 3726/3726
f 3735/3735 3726/3726 3744/3744
f 3727/3727 3730/3730 3744/3744
f 3735/3735 3744/3744 3739/3739
f 3744/3744 3758/3758 3739/3739
f 3739/3739 3758/3758 3753/3753
f 3728/3728 3760/3760 3729/3729
f 3729/3729 3730/3730 3727/3727
f 3744/3744 3759/3759 3758/3758
f 3758/3758 3759/3759 3753/3753
f 3753/3753 3754/3754 3751/3751
f 3759/3759 3754/3754 3753/3753
f 3718/3718 3741/3741 3716/3716
f 3716/3716 3740/3740 3736/3736
f 3716/3716 3741/3741 3740/3740
f 3741/3741 3746/3746 3740/3740
f 3746/3746 3748/3748 3740/3740
f 3740/3740 3748/3748 3749/3749
f 3746/3746 3753/3753 3748/3748
f 3748/3748 3750/3750 3749/3749
f 3753/3753 3751/3751 3748/3748
f 3751/3751 3750/3750 3748/3748
f 3751/3751 3752/3752 3750/3750
f 3802/3802 3803/3803 3791/3791
f 3810/3810 3812/3812 3803/3803
f 3810/3810 3803/3803 3802/3802
f 3801/3801 3791/3791 3800/3800
f 3801/3801 3802/3802 3791/3791
f 3796/3796 3800/3800 3791/3791
f 3796/3796 3791/3791 3781/3781
f 3804/3804 3791/3791 3803/3803
f 3791/3791 3804/3804 3780/3780
f 3781/3781 3791/3791 3780/3780
f 3796/3796 3781/3781 3784/3784
f 3784/3784 3781/3781 3779/3779
f 3784/3784 3779/3779 3774/3774
f 3780/3780 3804/3804 3805/3805
f 3781/3781 3780/3780 3779/3779
f 3805/3805 3775/3775 3780/3780
f 3780/3780 3775/3775 3779/3779
f 3805/3805 3806/3806 3775/3775
f 3774/3774 3779/3779 3771/3771
f 3779/3779 3775/3775 3771/3771
f 3775/3775 3806/3806 3772/3772
f 3806/3806 3794/3794 3772/3772
f 3775/3775 3772/3772 3771/3771
f 3774/3774 3771/3771 3773/3773
f 3774/3774 3773/3773 3799/3799
f 3799/3799 3773/3773 3783/3783
f 3771/3771 3772/3772 3773/3773
f 3783/3783 3773/3773 3776/3776
f 3773/3773 3772/3772 3776/3776
f 3776/3776 3772/3772 3777/3777
f 3783/3783 3776/3776 3782/3782
f 3782/3782 3776/3776 3778/3778
f 3782/3782 3778/3778 3785/3785
f 3794/3794 3777/3777 3772/3772
f 3807/3807 3777/3777 3794/3794
f 3807/3807 3790/3790 3777/3777
f 3776/3776 3777/3777 3778/3778
f 3777/3777 3790/3790 3778/3778
f 3778/3778 3790/3790 3787/3787
f 3790/3790 3808/3808 3787/3787
f 3778/3778 3787/3787 3786/3786
f 3785/3785 3778/3778 3786/3786
f 3785/3785 3786/3786 3795/3795
f 3808/3808 3789/3789 3787/3787
f 3786/3786 3787/3787 3788/3788
f 3786/3786 3788/3788 3795/3795
f 3795/3795 3788/3788 3793/3793
f 3788/3788 3792/3792 3793/3793
f 3787/3787 3789/3789 3788/3788
f 3789/3789 3792/3792 3788/3788
f 3795/3795 3793/3793 3797/3797
f 3808/3808 3811/3811 3789/3789
f 3811/3811 3809/3809 3789/3789
f 3789/3789 3809/3809 3798/3798
f 3789/3789 3798/3798 3792/3792
f 3819/3819 3813/3813 3816/3816
f 3820/3820 3821/3821 3822/3822
f 3813/3813 3815/3815 3816/3816
f 3821/3821 3820/3820 3823/3823
f 3813/3813 3814/3814 3815/3815
f 3823/3823 3824/3824 3821/3821
f 3817/3817 3814/3814 3818/3818
f 3815/3815 3814/3814 3817/3817
f 3823/3823 3825/3825 3824/3824
f 3831/3831 3826/3826 3832/3832
f 3833/3833 3832/3832 3826/3826
f 3831/3831 3827/3827 3826/3826
f 3826/3826 3827/3827 3828/3828
f 3826/3826 3828/3828 3833/3833
f 3827/3827 3829/3829 3828/3828
f 3834/3834 3830/3830 3829/3829
f 3828/3828 3829/3829 3830/3830
f 3828/3828 3830/3830 3833/3833
f 3835/3835 3840/3840 3836/3836
f 3835/3835 3836/3836 3837/3837
f 3837/3837 3838/3838 3839/3839
f 3837/3837 3836/3836 3838/3838
f 3968/3968 3966/3966 3964/3964
f 3966/3966 3965/3965 3964/3964
f 3966/3966 3967/3967 3965/3965
f 3967/3967 3999/3999 3965/3965
f 3965/3965 3999/3999 4000/4000
f 3964/3964 3965/3965 3963/3963
f 3965/3965 4000/4000 4001/4001
f 3965/3965 4001/4001 3963/3963
f 3964/3964 3963/3963 3962/3962
f 3963/3963 4001/4001 3969/3969
f 3961/3961 3962/3962 3960/3960
f 3962/3962 3963/3963 3960/3960
f 3963/3963 3969/3969 3960/3960
f 3961/3961 3960/3960 3959/3959
f 3960/3960 3969/3969 3958/3958
f 3969/3969 3970/3970 3958/3958
f 3959/3959 3958/3958 3957/3957
f 3959/3959 3960/3960 3958/3958
f 3958/3958 3970/3970 3955/3955
f 3957/3957 3958/3958 3955/3955
f 3970/3970 3956/3956 3955/3955
f 3955/3955 3956/3956 3936/3936
f 3957/3957 3955/3955 3953/3953
f 3953/3953 3955/3955 3935/3935
f 3955/3955 3936/3936 3935/3935
f 3936/3936 3937/3937 3933/3933
f 3936/3936 3933/3933 3935/3935
f 3953/3953 3935/3935 3934/3934
f 3935/3935 3933/3933 3934/3934
f 3937/3937 3932/3932 3933/3933
f 3953/3953 3934/3934 4010/4010
f 3933/3933 3931/3931 3934/3934
f 3933/3933 3932/3932 3931/3931
f 4010/4010 3934/3934 4016/4016
f 3934/3934 3938/3938 4016/4016
f 3934/3934 3931/3931 3938/3938
f 3931/3931 3932/3932 3930/3930
f 3932/3932 3987/3987 3930/3930
f 3931/3931 3929/3929 3938/3938
f 3938/3938 3984/3984 4016/4016
f 3938/3938 3928/3928 3984/3984
f 3938/3938 3929/3929 3928/3928
f 3984/3984 3928/3928 3993/3993
f 3993/3993 3923/3923 3972/3972
f 3931/3931 3930/3930 3929/3929
f 3930/3930 3927/3927 3929/3929
f 3929/3929 3927/3927 3928/3928
f 3928/3928 3927/3927 3924/3924
f 3930/3930 3987/3987 3996/3996
f 3930/3930 3996/3996 3926/3926
f 3996/3996 3978/3978 3926/3926
f 3926/3926 3978/3978 3925/3925
f 3928/3928 3924/3924 3923/3923
f 3928/3928 3923/3923 3993/3993
f 3978/3978 3949/3949 3925/3925
f 3924/3924 3925/3925 3922/3922
f 3923/3923 3924/3924 3922/3922
f 3925/3925 3949/3949 3922/3922
f 3922/3922 3949/3949 3942/3942
f 3922/3922 3920/3920 3923/3923
f 3972/3972 3923/3923 3920/3920
f 3922/3922 3919/3919 3920/3920
f 3920/3920 3919/3919 3918/3918
f 3942/3942 3941/3941 3919/3919
f 3922/3922 3942/3942 3919/3919
f 3941/3941 3917/3917 3919/3919
f 3941/3941 3983/3983 3917/3917
f 3972/3972 3920/3920 3971/3971
f 3920/3920 3940/3940 3971/3971
f 3971/3971 3940/3940 3980/3980
f 3919/3919 3917/3917 3918/3918
f 3918/3918 3917/3917 3916/3916
f 3918/3918 3921/3921 3920/3920
f 3920/3920 3921/3921 3940/3940
f 3918/3918 3916/3916 3921/3921
f 3921/3921 3916/3916 3939/3939
f 3917/3917 3915/3915 3916/3916
f 3917/3917 3983/3983 3915/3915
f 3983/3983 3995/3995 3915/3915
f 3921/3921 3939/3939 3940/3940
f 3980/3980 3940/3940 3976/3976
f 3940/3940 3939/3939 3976/3976
f 3939/3939 3979/3979 3976/3976
f 3980/3980 3976/3976 3994/3994
f 3994/3994 3976/3976 3979/3979
f 3979/3979 4002/4002 3994/3994
f 4002/4002 3979/3979 4007/4007
f 3927/3927 3930/3930 3926/3926
f 3927/3927 3926/3926 3924/3924
f 3924/3924 3926/3926 3925/3925
f 3916/3916 3915/3915 3914/3914
f 3916/3916 3914/3914 3939/3939
f 3939/3939 3914/3914 3979/3979
f 3915/3915 3995/3995 3913/3913
f 3915/3915 3913/3913 3914/3914
f 3995/3995 4004/4004 3913/3913
f 3914/3914 3913/3913 3911/3911
f 3979/3979 3914/3914 3948/3948
f 3914/3914 3911/3911 3948/3948
f 3913/3913 3912/3912 3911/3911
f 3913/3913 4004/4004 3912/3912
f 3979/3979 3948/3948 4007/4007
f 3948/3948 4006/4006 4007/4007
f 3912/3912 4004/4004 3909/3909
f 3911/3911 3910/3910 3948/3948
f 3912/3912 3909/3909 3911/3911
f 3911/3911 3909/3909 3910/3910
f 4002/4002 4007/4007 4006/4006
f 4006/4006 3948/3948 3991/3991
f 3948/3948 3910/3910 3991/3991
f 4013/4013 4006/4006 3991/3991
f 3910/3910 3943/3943 3991/3991
f 3909/3909 3908/3908 3905/3905
f 3910/3910 3909/3909 3905/3905
f 3910/3910 3905/3905 3943/3943
f 3991/3991 3943/3943 4013/4013
f 4013/4013 3943/3943 4003/4003
f 3943/3943 3904/3904 4003/4003
f 3905/3905 3904/3904 3943/3943
f 3908/3908 3906/3906 3905/3905
f 4013/4013 4003/4003 4012/4012
f 4003/4003 3904/3904 3988/3988
f 3906/3906 3897/3897 3905/3905
f 3905/3905 3897/3897 3904/3904
f 3897/3897 3906/3906 3907/3907
f 3904/3904 3903/3903 3988/3988
f 3904/3904 3897/3897 3903/3903
f 3907/3907 3895/3895 3897/3897
f 3897/3897 3895/3895 3896/3896
f 3897/3897 3896/3896 3903/3903
f 4003/4003 3988/3988 4012/4012
f 3903/3903 3896/3896 3901/3901
f 3895/3895 3893/3893 3896/3896
f 3903/3903 3901/3901 3988/3988
f 3896/3896 3893/3893 3901/3901
f 3895/3895 3894/3894 3893/3893
f 4012/4012 3988/3988 3989/3989
f 4012/4012 3989/3989 4015/4015
f 3989/3989 3986/3986 4015/4015
f 3989/3989 3902/3902 3986/3986
f 3988/3988 3901/3901 3989/3989
f 3989/3989 3901/3901 3902/3902
f 4015/4015 3986/3986 4017/4017
f 3901/3901 3893/3893 3902/3902
f 3893/3893 3892/3892 3902/3902
f 3902/3902 3892/3892 3898/3898
f 3986/3986 3902/3902 3977/3977
f 3902/3902 3898/3898 3977/3977
f 4017/4017 3986/3986 3977/3977
f 3977/3977 3945/3945 4008/4008
f 3898/3898 3945/3945 3977/3977
f 4008/4008 3945/3945 4005/4005
f 3894/3894 3891/3891 3893/3893
f 3893/3893 3891/3891 3892/3892
f 3892/3892 3891/3891 3889/3889
f 3894/3894 3890/3890 3891/3891
f 3891/3891 3890/3890 3889/3889
f 3892/3892 3889/3889 3898/3898
f 3889/3889 3899/3899 3898/3898
f 3898/3898 3899/3899 3945/3945
f 4020/4020 4009/4009 4022/4022
f 3890/3890 3888/3888 3889/3889
f 3889/3889 3888/3888 3887/3887
f 3899/3899 3889/3889 3887/3887
f 3888/3888 3886/3886 3887/3887
f 3945/3945 3944/3944 4005/4005
f 3945/3945 3899/3899 3944/3944
f 3899/3899 3900/3900 3944/3944
f 3944/3944 3900/3900 3985/3985
f 3899/3899 3887/3887 3900/3900
f 3887/3887 3886/3886 3879/3879
f 3887/3887 3879/3879 3900/3900
f 3900/3900 3879/3879 3992/3992
f 3886/3886 3880/3880 3879/3879
f 4020/4020 4005/4005 4009/4009
f 4005/4005 3985/3985 4009/4009
f 3944/3944 3985/3985 4005/4005
f 3900/3900 3990/3990 3985/3985
f 3900/3900 3992/3992 3990/3990
f 4009/4009 3985/3985 3990/3990
f 4009/4009 4023/4023 4022/4022
f 3990/3990 4014/4014 4009/4009
f 4009/4009 4014/4014 4023/4023
f 4023/4023 4014/4014 4025/4025
f 3990/3990 3992/3992 4021/4021
f 4021/4021 3992/3992 3997/3997
f 3997/3997 3973/3973 4018/4018
f 3880/3880 3875/3875 3879/3879
f 3879/3879 3875/3875 3876/3876
f 3876/3876 3875/3875 3874/3874
f 3879/3879 3876/3876 3992/3992
f 3992/3992 3876/3876 3997/3997
f 3876/3876 3973/3973 3997/3997
f 3876/3876 3874/3874 3873/3873
f 3876/3876 3873/3873 3973/3973
f 4023/4023 4027/4027 4022/4022
f 4023/4023 4026/4026 4027/4027
f 4023/4023 4025/4025 4026/4026
f 4026/4026 4025/4025 4028/4028
f 4018/4018 3973/3973 4011/4011
f 4026/4026 4030/4030 4027/4027
f 3875/3875 3872/3872 3874/3874
f 3874/3874 3872/3872 3873/3873
f 3872/3872 3870/3870 3873/3873
f 3872/3872 3974/3974 3871/3871
f 3872/3872 3871/3871 3870/3870
f 3973/3973 3873/3873 4011/4011
f 4028/4028 4029/4029 4026/4026
f 4011/4011 3866/3866 4019/4019
f 3866/3866 3951/3951 4019/4019
f 4028/4028 4034/4034 4029/4029
f 4026/4026 4029/4029 4030/4030
f 4030/4030 4029/4029 4031/4031
f 4034/4034 4033/4033 4029/4029
f 4029/4029 4033/4033 4032/4032
f 4033/4033 4035/4035 4032/4032
f 4029/4029 4032/4032 4031/4031
f 4019/4019 3951/3951 4039/4039
f 3871/3871 3881/3881 3865/3865
f 3881/3881 3864/3864 3865/3865
f 3881/3881 3885/3885 3864/3864
f 3865/3865 3863/3863 3866/3866
f 3866/3866 3863/3863 3951/3951
f 3865/3865 3864/3864 3863/3863
f 3951/3951 3863/3863 3950/3950
f 3951/3951 3950/3950 4039/4039
f 3863/3863 3862/3862 3950/3950
f 3864/3864 3885/3885 3861/3861
f 3885/3885 3860/3860 3861/3861
f 3863/3863 3864/3864 3861/3861
f 3863/3863 3861/3861 3862/3862
f 3873/3873 3870/3870 3866/3866
f 3873/3873 3866/3866 4011/4011
f 3871/3871 3865/3865 3870/3870
f 3870/3870 3865/3865 3866/3866
f 4032/4032 4035/4035 4031/4031
f 4035/4035 4036/4036 4031/4031
f 4039/4039 3950/3950 4024/4024
f 3950/3950 3862/3862 3954/3954
f 3950/3950 3954/3954 4024/4024
f 3862/3862 3868/3868 3954/3954
f 4024/4024 3954/3954 4037/4037
f 3885/3885 3882/3882 3860/3860
f 3861/3861 3859/3859 3862/3862
f 3861/3861 3860/3860 3859/3859
f 3860/3860 3857/3857 3859/3859
f 3862/3862 3859/3859 3868/3868
f 3859/3859 3857/3857 3856/3856
f 3859/3859 3856/3856 3868/3868
f 3857/3857 3860/3860 3854/3854
f 3882/3882 3854/3854 3860/3860
f 3882/3882 3981/3981 3854/3854
f 3854/3854 3853/3853 3857/3857
f 3868/3868 3856/3856 3952/3952
f 3954/3954 3952/3952 4037/4037
f 4037/4037 3952/3952 4038/4038
f 3954/3954 3868/3868 3952/3952
f 3857/3857 3853/3853 3856/3856
f 3854/3854 3981/3981 3852/3852
f 3854/3854 3852/3852 3853/3853
f 3853/3853 3852/3852 3850/3850
f 3853/3853 3855/3855 3856/3856
f 3853/3853 3850/3850 3855/3855
f 3981/3981 3982/3982 3852/3852
f 3856/3856 3869/3869 3952/3952
f 3952/3952 3869/3869 3975/3975
f 3952/3952 3975/3975 4038/4038
f 4040/4040 3975/3975 4041/4041
f 4038/4038 3975/3975 4040/4040
f 3856/3856 3855/3855 3869/3869
f 3855/3855 3858/3858 3869/3869
f 3855/3855 3850/3850 3858/3858
f 3858/3858 3850/3850 3849/3849
f 3975/3975 3858/3858 3947/3947
f 3975/3975 3869/3869 3858/3858
f 3852/3852 3851/3851 3850/3850
f 3849/3849 3850/3850 3847/3847
f 3858/3858 3849/3849 3846/3846
f 3858/3858 3846/3846 3947/3947
f 3947/3947 3846/3846 3946/3946
f 3852/3852 3982/3982 3851/3851
f 3851/3851 3982/3982 3878/3878
f 3850/3850 3851/3851 3847/3847
f 3849/3849 3847/3847 3846/3846
f 3847/3847 3844/3844 3846/3846
f 3846/3846 3844/3844 3845/3845
f 3851/3851 3878/3878 3848/3848
f 3851/3851 3848/3848 3847/3847
f 3878/3878 3877/3877 3848/3848
f 3847/3847 3848/3848 3844/3844
f 3846/3846 3845/3845 3946/3946
f 3946/3946 3845/3845 3884/3884
f 3946/3946 3884/3884 3998/3998
f 3845/3845 3843/3843 3883/3883
f 3845/3845 3883/3883 3884/3884
f 3848/3848 3877/3877 3842/3842
f 3877/3877 3867/3867 3842/3842
f 3843/3843 3841/3841 3883/3883
f 3845/3845 3844/3844 3843/3843
f 3848/3848 3842/3842 3844/3844
f 3844/3844 3842/3842 3843/3843
f 3843/3843 3842/3842 3841/3841
