# LE 31 - armUL
v -0.28040 -0.21248 0.01412
v -0.30678 -0.23087 0.01982
v -0.27575 -0.20315 0.02530
v -0.30340 -0.23446 0.00886
v -0.26497 -0.19888 0.01838
v -0.25596 -0.18748 0.02749
v -0.26527 -0.18870 0.04115
v -0.28378 -0.20302 0.04330
v -0.31297 -0.22944 0.03380
v -0.33584 -0.25351 0.02099
v -0.33367 -0.24745 0.03103
v -0.24589 -0.17706 0.03577
v -0.24971 -0.17548 0.04737
v -0.23786 -0.16880 0.04534
v -0.32267 -0.25088 0.01121
v -0.23417 -0.17277 0.03041
v -0.22369 -0.16284 0.04151
v -0.21724 -0.16165 0.03600
v -0.24432 -0.18697 0.01722
v -0.25631 -0.19766 0.01275
v -0.28813 -0.22392 0.00709
v -0.34739 -0.26256 0.02926
v -0.36169 -0.27970 0.01629
v -0.35167 -0.27463 0.00756
v -0.37062 -0.29332 0.00498
v -0.37539 -0.29288 0.01532
v -0.38563 -0.30726 0.00178
v -0.36906 -0.29578 -0.00143
v -0.33376 -0.26187 0.00943
v -0.31655 -0.25316 0.00288
v -0.27322 -0.21325 0.00752
v -0.28235 -0.22497 0.00356
v -0.23218 -0.17889 0.02064
v -0.30133 -0.24094 0.00150
v -0.21611 -0.16635 0.02951
v -0.19414 -0.15067 0.03993
v -0.19677 -0.14783 0.04468
v -0.17755 -0.13488 0.05024
v -0.37591 -0.31214 -0.01113
v -0.35546 -0.28821 -0.00085
v -0.33567 -0.27268 0.00275
v -0.31682 -0.26273 -0.00123
v -0.24164 -0.19141 0.01335
v -0.26214 -0.21024 0.00634
v -0.17728 -0.14548 0.04156
v -0.16353 -0.12778 0.05155
v -0.15688 -0.13634 0.04329
v -0.14818 -0.11722 0.05026
v -0.15435 -0.14771 0.03549
v -0.14291 -0.13197 0.03923
v -0.16438 -0.15435 0.03553
v -0.17874 -0.15997 0.03458
v -0.14138 -0.14671 0.03065
v -0.12866 -0.11204 0.04144
v -0.12971 -0.10011 0.05102
v -0.11888 -0.11848 0.03280
v -0.12255 -0.13029 0.02764
v -0.10404 -0.10589 0.03035
v -0.09426 -0.11158 0.01957
v -0.07989 -0.09310 0.02090
v -0.24516 -0.20903 0.00423
v -0.07801 -0.10430 0.01460
v -0.06481 -0.09421 0.01258
v -0.06484 -0.08373 0.01750
v -0.08370 -0.07840 0.03043
v -0.04891 -0.07913 0.01197
v -0.06405 -0.06773 0.02437
v -0.11902 -0.09515 0.04463
v -0.10498 -0.08989 0.03798
v -0.10173 -0.07603 0.04374
v -0.08662 -0.06715 0.03758
v -0.08216 -0.05488 0.04404
v -0.10742 -0.07903 0.04916
v -0.30464 -0.25572 -0.00352
v -0.33907 -0.28913 -0.00501
v -0.31983 -0.27439 -0.00402
v -0.07249 -0.05109 0.03686
v -0.06465 -0.05605 0.02814
v -0.06214 -0.03486 0.04158
v -0.11864 -0.13590 0.02312
v -0.35497 -0.30375 -0.00851
v -0.19809 -0.16188 0.03292
v -0.26184 -0.22165 0.00176
v -0.04446 -0.06260 0.01590
v -0.15623 -0.16093 0.03160
v -0.05727 -0.04234 0.02907
v -0.05241 -0.03137 0.03304
v -0.04428 -0.04152 0.02165
v -0.28131 -0.23543 -0.00053
v -0.23578 -0.20044 0.00831
v -0.03646 -0.02812 0.02124
v -0.03015 -0.03396 0.01504
v -0.13642 -0.15173 0.02739
v -0.17201 -0.16620 0.03298
v -0.03229 -0.04859 0.01463
v -0.22587 -0.18511 0.01778
v -0.04395 -0.01876 0.04376
v -0.15354 -0.11749 0.05898
v -0.17589 -0.13277 0.05968
v -0.21218 -0.15470 0.05535
v -0.23155 -0.16333 0.05792
v -0.36492 -0.28191 0.02514
v -0.03897 -0.01745 0.06553
v -0.04372 -0.02441 0.05549
v -0.06350 -0.04291 0.06972
v -0.04708 -0.02715 0.08090
v -0.05870 -0.03861 0.05101
v -0.07529 -0.05509 0.05117
v -0.09107 -0.07182 0.06314
v -0.08563 -0.06538 0.04495
v -0.07423 -0.05414 0.04316
v -0.08824 -0.07017 0.08012
v -0.06537 -0.04654 0.08293
v -0.04449 -0.02474 0.04438
v -0.05731 -0.03663 0.04191
v -0.06306 -0.04450 0.04033
v -0.10882 -0.08862 0.06175
v -0.11688 -0.09753 0.07537
v -0.09803 -0.07683 0.04916
v -0.11186 -0.09016 0.05033
v -0.12265 -0.10028 0.05104
v -0.12591 -0.10238 0.05993
v -0.14060 -0.11297 0.05912
v -0.13938 -0.11353 0.07278
v -0.15467 -0.12475 0.06704
v -0.16388 -0.13118 0.05707
v -0.16353 -0.13215 0.07554
v -0.12922 -0.10801 0.08645
v -0.14985 -0.12393 0.08582
v -0.04949 -0.03172 0.03811
v -0.10983 -0.09412 0.08613
v -0.18560 -0.14439 0.06034
v -0.17296 -0.13716 0.05328
v -0.19163 -0.15027 0.04629
v -0.17224 -0.14137 0.08082
v -0.20488 -0.15720 0.05067
v -0.20752 -0.15660 0.06981
v -0.18180 -0.14162 0.07166
v -0.21273 -0.16322 0.04046
v -0.14197 -0.12189 0.09602
v -0.15464 -0.12711 0.05312
v -0.15269 -0.13476 0.09944
v -0.05258 -0.03760 0.08899
v -0.21907 -0.16277 0.05676
v -0.22947 -0.16741 0.06560
v -0.23784 -0.17265 0.05472
v -0.23559 -0.17424 0.04234
v -0.24710 -0.17835 0.06097
v -0.25672 -0.18574 0.05255
v -0.26880 -0.19536 0.05654
v -0.27851 -0.20487 0.04262
v -0.29658 -0.21902 0.04583
v -0.30114 -0.22445 0.03744
v -0.31588 -0.23677 0.03891
v -0.09130 -0.07841 0.08816
v -0.07152 -0.05999 0.09071
v -0.22848 -0.17101 0.07375
v -0.16964 -0.15006 0.09569
v -0.18250 -0.15746 0.08475
v -0.18086 -0.16128 0.09424
v -0.17902 -0.16472 0.10359
v -0.19002 -0.16423 0.08367
v -0.19232 -0.16873 0.09374
v -0.18836 -0.17085 0.10544
v -0.21016 -0.18215 0.10650
v -0.21709 -0.18122 0.09230
v -0.22528 -0.19018 0.10638
v -0.23366 -0.19333 0.09617
v -0.23426 -0.19756 0.10445
v -0.23480 -0.19077 0.08722
v -0.24642 -0.20219 0.08726
v -0.24239 -0.20668 0.09863
v -0.20614 -0.17215 0.08374
v -0.16528 -0.15339 0.10528
v -0.13135 -0.11712 0.09932
v -0.14730 -0.13567 0.10547
v -0.11536 -0.10278 0.09174
v -0.05641 -0.05062 0.09822
v -0.23171 -0.18193 0.08101
v -0.19120 -0.15663 0.07854
v -0.03303 -0.02608 0.09477
v -0.25055 -0.22120 0.09598
v -0.25766 -0.19029 0.03776
v -0.10507 -0.09908 0.09388
v -0.30612 -0.23301 0.02701
v -0.32457 -0.24682 0.02883
v -0.34245 -0.26414 0.02606
v -0.33704 -0.26121 0.02038
v -0.35134 -0.27865 0.01078
v -0.36515 -0.29216 0.01096
v -0.36263 -0.31624 -0.00859
v -0.36180 -0.30269 -0.00211
v -0.36094 -0.32738 -0.01262
v -0.33908 -0.30877 -0.00526
v -0.33558 -0.29826 -0.00339
v -0.33982 -0.29136 -0.00075
v -0.34884 -0.28168 0.00682
v -0.36771 -0.29933 0.00173
v -0.33265 -0.27542 0.00567
v -0.32335 -0.27943 0.00061
v -0.33848 -0.26730 0.01352
v -0.31757 -0.26597 0.00341
v -0.32417 -0.26047 0.01111
v -0.30996 -0.26346 0.00112
v -0.30639 -0.25062 0.00430
v -0.29273 -0.24352 0.00321
v -0.29731 -0.23785 0.00711
v -0.28261 -0.22597 0.00870
v -0.27368 -0.22722 0.00604
v -0.26058 -0.21035 0.01115
v -0.25916 -0.22251 0.00628
v -0.24947 -0.21266 0.00837
v -0.24121 -0.20139 0.01313
v -0.24729 -0.19616 0.01671
v -0.22905 -0.18133 0.02478
v -0.23154 -0.20222 0.01350
v -0.21851 -0.18423 0.02492
v -0.20724 -0.16957 0.03347
v -0.21196 -0.16633 0.03518
v -0.18724 -0.16833 0.03623
v -0.18407 -0.15445 0.04202
v -0.19163 -0.15027 0.04629
v -0.17796 -0.14465 0.04771
v -0.16351 -0.14323 0.04642
v -0.15857 -0.15201 0.04003
v -0.14932 -0.13329 0.04787
v -0.15464 -0.12711 0.05312
v -0.17296 -0.13716 0.05328
v -0.14124 -0.14531 0.03686
v -0.17754 -0.16227 0.03866
v -0.27226 -0.21298 0.01475
v -0.13513 -0.12294 0.04584
v -0.13735 -0.11357 0.05256
v -0.16119 -0.16537 0.03688
v -0.35134 -0.27865 0.01078
v -0.14643 -0.15941 0.03444
v -0.20034 -0.18206 0.02924
v -0.21502 -0.19387 0.02142
v -0.12050 -0.12785 0.03427
v -0.12918 -0.14731 0.03043
v -0.27269 -0.23581 0.00410
v -0.12341 -0.10852 0.04585
v -0.10111 -0.10719 0.03373
v -0.10347 -0.09243 0.04168
v -0.07841 -0.08849 0.02843
v -0.07976 -0.07155 0.03675
v -0.06538 -0.07452 0.02775
v -0.05968 -0.09044 0.01724
v -0.05075 -0.07164 0.02130
v -0.04268 -0.07879 0.01512
v -0.08128 -0.10909 0.01983
v -0.08453 -0.10359 0.02376
v -0.10529 -0.12445 0.02574
v -0.03585 -0.06080 0.01802
v -0.05010 -0.05868 0.02523
v -0.29200 -0.22883 0.01249
v -0.38088 -0.31180 -0.00168
v -0.12265 -0.10028 0.05104
v -0.06974 -0.05751 0.03682
v -0.23041 -0.17504 0.03333
v -0.09770 -0.07923 0.04496
v -0.08563 -0.06538 0.04495
v -0.25527 -0.19574 0.02277
v -0.24637 -0.18562 0.02999
v -0.02490 -0.06232 0.01422
v -0.11186 -0.09016 0.05033
v -0.11156 -0.13563 0.02570
v -0.07423 -0.05414 0.04316
v -0.06306 -0.04450 0.04033
v -0.04574 -0.04030 0.02820
v -0.05224 -0.03876 0.03376
v -0.03616 -0.02467 0.03005
v -0.03729 -0.04504 0.02239
v -0.02159 -0.04658 0.01623
v -0.33704 -0.26121 0.02038
v -0.31393 -0.24613 0.01603
v -0.21273 -0.16322 0.04046
v -0.00632 -0.05211 0.01062
v -0.02882 -0.03387 0.01972
v -0.09993 -0.13256 0.02303
v -0.05625 -0.09732 0.01551
v -0.01628 -0.06814 0.01133
v -0.03340 -0.08267 0.01310
v -0.04949 -0.03172 0.03811
v -0.27997 -0.21375 0.02289
v -0.32457 -0.24682 0.02883
v -0.30612 -0.23301 0.02701
v -0.36515 -0.29216 0.01096
v -0.17288 -0.17166 0.03749
v -0.09803 -0.07683 0.04916
v -0.18242 -0.17265 0.03589
v -0.24005 -0.21429 0.00936
v -0.30158 -0.26592 0.00082
v -0.25766 -0.19029 0.03776
v -0.31383 -0.27692 0.00033
v -0.32016 -0.29068 -0.00036
v -0.23559 -0.17424 0.04234
v -0.14060 -0.11297 0.05912
v -0.27851 -0.20487 0.04262
v -0.28261 -0.25133 0.00273
v -0.37585 -0.30196 0.00974
v -0.30114 -0.22445 0.03744
v -0.27817 -0.30872 0.03427
v -0.30217 -0.32004 0.02015
v -0.27848 -0.30188 0.02849
v -0.31456 -0.33409 0.01934
v -0.25982 -0.29244 0.03761
v -0.25913 -0.28170 0.03065
v -0.31781 -0.31344 0.00407
v -0.21450 -0.26027 0.04667
v -0.23871 -0.28061 0.04615
v -0.23987 -0.27131 0.03664
v -0.19759 -0.24879 0.05126
v -0.20735 -0.24472 0.03995
v -0.19014 -0.23811 0.04933
v -0.22294 -0.25379 0.03607
v -0.18171 -0.23698 0.05669
v -0.17928 -0.22133 0.05112
v -0.16996 -0.22329 0.05839
v -0.16198 -0.21166 0.05754
v -0.19951 -0.23136 0.04012
v -0.17087 -0.20936 0.05148
v -0.21907 -0.23724 0.03121
v -0.23424 -0.25090 0.02998
v -0.25471 -0.25884 0.02403
v -0.23613 -0.23937 0.02463
v -0.27231 -0.27983 0.02435
v -0.19289 -0.20933 0.04321
v -0.18711 -0.19893 0.04106
v -0.19733 -0.20437 0.03672
v -0.21622 -0.22621 0.03096
v -0.20443 -0.21481 0.03711
v -0.20578 -0.22215 0.03602
v -0.20937 -0.21470 0.03078
v -0.19517 -0.21936 0.04284
v -0.27728 -0.26921 0.01048
v -0.28642 -0.27147 0.00275
v -0.26279 -0.25036 0.00515
v -0.29399 -0.28383 0.00863
v -0.25210 -0.24636 0.01337
v -0.22796 -0.22637 0.01945
v -0.24413 -0.23259 0.00796
v -0.22986 -0.22118 0.01229
v -0.30566 -0.28602 -0.00075
v -0.20913 -0.20582 0.02281
v -0.26998 -0.27014 0.02092
v -0.28399 -0.27989 0.01693
v -0.19390 -0.19579 0.03089
v -0.18616 -0.18704 0.03106
v -0.23750 -0.22160 0.00609
v -0.20118 -0.19194 0.02381
v -0.27182 -0.25394 0.00154
v -0.22203 -0.20719 0.01265
v -0.25514 -0.23503 0.00262
v -0.34070 -0.35612 0.01032
v -0.33230 -0.33797 0.00491
v -0.33381 -0.32522 -0.00410
v -0.31873 -0.30109 -0.00320
v -0.30852 -0.29727 0.00390
v -0.30217 -0.30650 0.01434
v -0.29329 -0.29026 0.01471
v -0.34961 -0.34281 -0.01047
v -0.28460 -0.29669 0.02309
v -0.34751 -0.33154 -0.01229
v -0.33097 -0.30923 -0.00733
v -0.31364 -0.28311 -0.00425
v -0.29183 -0.26749 -0.00124
v -0.27710 -0.24584 -0.00136
v -0.26336 -0.23286 0.00043
v -0.24770 -0.21799 0.00308
v -0.23553 -0.21183 0.00629
v -0.21835 -0.19386 0.01462
v -0.19776 -0.18322 0.02494
v -0.29842 -0.25791 -0.00338
v -0.24556 -0.28946 0.06068
v -0.26341 -0.29840 0.06439
v -0.26573 -0.30319 0.05760
v -0.24605 -0.28280 0.07454
v -0.27882 -0.30793 0.06184
v -0.23202 -0.27805 0.06999
v -0.22670 -0.27124 0.07767
v -0.28753 -0.32069 0.04775
v -0.29536 -0.32358 0.05172
v -0.20828 -0.26144 0.07408
v -0.32009 -0.34497 0.03683
v -0.21361 -0.25787 0.08441
v -0.19687 -0.25060 0.08378
v -0.31712 -0.33359 0.04925
v -0.33982 -0.34888 0.04154
v -0.27128 -0.29239 0.07464
v -0.30048 -0.31508 0.06251
v -0.34912 -0.34395 0.04990
v -0.32604 -0.32679 0.05930
v -0.34840 -0.33151 0.05558
v -0.33115 -0.32358 0.06179
v -0.00825 -0.10045 0.08838
v -0.02599 -0.11166 0.09633
v -0.02229 -0.11221 0.08940
v -0.00183 -0.09179 0.09469
v -0.03655 -0.12399 0.08793
v -0.05333 -0.13538 0.09280
v -0.05066 -0.13567 0.08705
v -0.07190 -0.15099 0.08635
v -0.07974 -0.15396 0.09488
v -0.09899 -0.16942 0.08925
v -0.10354 -0.16993 0.09656
v -0.12816 -0.18826 0.09033
v -0.12491 -0.18389 0.09612
v -0.13946 -0.19289 0.09648
v -0.14538 -0.20060 0.08722
v -0.00861 -0.09365 0.10052
v -0.05030 -0.12714 0.10052
v -0.06681 -0.14090 0.09881
v 0.01283 -0.07498 0.09868
v 0.01684 -0.07552 0.08918
v -0.09105 -0.15478 0.10223
v -0.03032 -0.10524 0.10502
v -0.14615 -0.19259 0.10086
v -0.12035 -0.17322 0.10354
v -0.15409 -0.20759 0.09252
v -0.16286 -0.20891 0.09821
v -0.16494 -0.22164 0.08958
v -0.17584 -0.21863 0.09848
v -0.17917 -0.23415 0.08792
v -0.00296 -0.08298 0.10408
v -0.19102 -0.22258 0.10281
v -0.19576 -0.23997 0.09190
v -0.08054 -0.14164 0.10529
v -0.05936 -0.12401 0.10672
v -0.04530 -0.10888 0.10928
v -0.01830 -0.08732 0.10924
v 0.00180 -0.06608 0.10956
v -0.11105 -0.15632 0.10917
v -0.18257 -0.20534 0.10811
v -0.16385 -0.19751 0.10434
v -0.21933 -0.24879 0.09422
v -0.20210 -0.23208 0.09919
v -0.15895 -0.18292 0.10923
v -0.17090 -0.19199 0.11006
v -0.18017 -0.18799 0.11671
v -0.13957 -0.17513 0.10734
v -0.17442 -0.20237 0.10448
v -0.07697 -0.12974 0.10869
v -0.23711 -0.26758 0.08517
v -0.18631 -0.19884 0.11647
v -0.25724 -0.27657 0.08465
v -0.24885 -0.26421 0.09214
v -0.23505 -0.25217 0.09928
v -0.27541 -0.28059 0.08508
v -0.26186 -0.26406 0.09364
v -0.29523 -0.29874 0.07518
v -0.31131 -0.31092 0.06911
v -0.04355 -0.09721 0.11217
v -0.06357 -0.11211 0.11086
v -0.29783 -0.29415 0.07817
v -0.15282 -0.17112 0.11096
v -0.16661 -0.17613 0.11366
v -0.14519 -0.15875 0.11314
v -0.24198 -0.24535 0.10516
v -0.12122 -0.14760 0.11274
v -0.02998 -0.07532 0.11413
v -0.01258 -0.05908 0.11427
v -0.16122 -0.16659 0.11298
v -0.10086 -0.13252 0.11101
v -0.18794 -0.18763 0.11853
v -0.22764 -0.23582 0.11193
v -0.21962 -0.23600 0.10968
v -0.21745 -0.22450 0.11889
v -0.20706 -0.22106 0.11797
v -0.21167 -0.23526 0.10439
v -0.21445 -0.21508 0.12356
v -0.20222 -0.21137 0.12051
v -0.19552 -0.21520 0.11340
v -0.19956 -0.20055 0.12205
v -0.21304 -0.20793 0.12401
v -0.22594 -0.22532 0.11789
v -0.22281 -0.21505 0.12284
v -0.28046 -0.27601 0.08644
v -0.31784 -0.30194 0.07190
v -0.08441 -0.11917 0.11058
v -0.33138 -0.31344 0.06552
v -0.15154 -0.15076 0.11423
v -0.05148 -0.08924 0.11326
v -0.12533 -0.13541 0.11363
v -0.02420 -0.04893 0.11542
v -0.03817 -0.06134 0.11532
v -0.05082 -0.07517 0.11393
v -0.17525 -0.16639 0.11280
v -0.25991 -0.25483 0.09760
v -0.23982 -0.22866 0.11198
v -0.07670 -0.10680 0.11072
v -0.17528 -0.17322 0.11423
v -0.29401 -0.27748 0.08250
v -0.25960 -0.24490 0.09987
v -0.09527 -0.11635 0.10969
v -0.28025 -0.26285 0.08808
v -0.11028 -0.11943 0.10962
v -0.07139 -0.08937 0.10960
v -0.13541 -0.13242 0.11287
v -0.22414 -0.20552 0.12195
v -0.19423 -0.17875 0.11539
v -0.20566 -0.19226 0.12028
v -0.12454 -0.12160 0.11031
v -0.09725 -0.10366 0.10554
v -0.21747 -0.19742 0.12100
v 0.01503 -0.06086 0.01187
v 0.00336 -0.07509 0.01855
v -0.00654 -0.07920 0.01572
v -0.00410 -0.08355 0.02432
v -0.02529 -0.09708 0.02145
v -0.04204 -0.11071 0.02409
v -0.06658 -0.12516 0.02381
v -0.06342 -0.12796 0.02878
v -0.09524 -0.14709 0.02940
v -0.04668 -0.10638 0.01845
v -0.01667 -0.07895 0.01270
v -0.08353 -0.13046 0.02242
v -0.06268 -0.11377 0.01848
v 0.00951 -0.05973 0.00945
v -0.10810 -0.14968 0.02783
v -0.11397 -0.16065 0.03405
v -0.12977 -0.16727 0.03538
v -0.04887 -0.09920 0.01528
v 0.00788 -0.05322 0.00765
v -0.14961 -0.18786 0.04785
v -0.15541 -0.18178 0.04063
v -0.12434 -0.17135 0.04134
v -0.16840 -0.19599 0.04763
v -0.16760 -0.20383 0.05430
v -0.17478 -0.18662 0.04044
v -0.18273 -0.19614 0.04681
v -0.18501 -0.18965 0.04041
v -0.19007 -0.19601 0.04382
v -0.18027 -0.18098 0.03703
v -0.16290 -0.17637 0.03824
v -0.14138 -0.16383 0.03368
v -0.18387 -0.20662 0.05098
v -0.11669 -0.14736 0.02704
v -0.19794 -0.20596 0.04538
v -0.09993 -0.13256 0.02303
v -0.07812 -0.11612 0.01902
v -0.05625 -0.09732 0.01551
v -0.03340 -0.08267 0.01310
v -0.01628 -0.06814 0.01133
v -0.17288 -0.17166 0.03749
v -0.16119 -0.16537 0.03688
v -0.14643 -0.15941 0.03444
v -0.12918 -0.14731 0.03043
v -0.11156 -0.13563 0.02570
v -0.08128 -0.10909 0.01983
v 0.01512 -0.06449 0.00851
v -0.00039 -0.08029 0.01325
v -0.00780 -0.07811 0.00886
v -0.01748 -0.09274 0.01462
v -0.02704 -0.09300 0.01162
v -0.04273 -0.10966 0.01599
v 0.00508 -0.06343 0.00532
v -0.04251 -0.10051 0.01158
v -0.05604 -0.10568 0.01184
v -0.06449 -0.12281 0.01715
v -0.08121 -0.12502 0.01592
v -0.08925 -0.13734 0.01949
v -0.08566 -0.14257 0.02338
v -0.10389 -0.15235 0.02453
v -0.10405 -0.14343 0.02061
v -0.12064 -0.15833 0.02604
v -0.11948 -0.16685 0.03128
v -0.13735 -0.17327 0.03252
v -0.13041 -0.17861 0.03916
v -0.14756 -0.18210 0.03659
v -0.14435 -0.18759 0.04283
v -0.16450 -0.19939 0.04527
v -0.15535 -0.19928 0.05046
v -0.17087 -0.20936 0.05148
v -0.16198 -0.21166 0.05754
v -0.16256 -0.18863 0.03769
v -0.17617 -0.19817 0.04281
v -0.17804 -0.18863 0.03577
v -0.18711 -0.19893 0.04106
v -0.18616 -0.18704 0.03106
v -0.15217 -0.17499 0.03310
v -0.16842 -0.17880 0.03389
v -0.18245 -0.17873 0.03123
v -0.01639 -0.07710 0.00746
v -0.03799 -0.09120 0.00947
v -0.14326 -0.16544 0.02967
v -0.13020 -0.15683 0.02592
v -0.09531 -0.12908 0.01723
v -0.11688 -0.14473 0.02210
v -0.16164 -0.16919 0.03229
v -0.00938 -0.06393 0.00574
v -0.07621 -0.11500 0.01390
v -0.06486 -0.10391 0.01190
v -0.03095 -0.07819 0.00809
v -0.04631 -0.08659 0.00979
v -0.18682 -0.17259 0.02997
v -0.17201 -0.16620 0.03298
v -0.08813 -0.11621 0.01607
v -0.15623 -0.16093 0.03160
v -0.13642 -0.15173 0.02739
v -0.01076 -0.04188 0.00824
v -0.03229 -0.04859 0.01463
v -0.07801 -0.10430 0.01460
v -0.10394 -0.12977 0.01919
v -0.11864 -0.13590 0.02312
v -0.06481 -0.09421 0.01258
v -0.03229 -0.06406 0.01096
v -0.04446 -0.06260 0.01590
v -0.04891 -0.07913 0.01197
v -0.09426 -0.11158 0.01957
v -0.17874 -0.15997 0.03458
v -0.19809 -0.16188 0.03292
v -0.20817 -0.17707 0.02496
v -0.21611 -0.16635 0.02951
v -0.19776 -0.18322 0.02494
v -0.22587 -0.18511 0.01778
v -0.21835 -0.19386 0.01462
v -0.23578 -0.20044 0.00831
v -0.12350 -0.09936 0.08960
v -0.13675 -0.11419 0.10020
v -0.12478 -0.10747 0.09964
v -0.10918 -0.09765 0.09694
v -0.13002 -0.11840 0.10788
v -0.10957 -0.08716 0.08640
v -0.15066 -0.13149 0.10615
v -0.14780 -0.13618 0.11127
v -0.14817 -0.11855 0.09262
v -0.13478 -0.10620 0.08722
v -0.09840 -0.07995 0.09059
v -0.08996 -0.06524 0.08068
v -0.08002 -0.07070 0.09816
v -0.16381 -0.13440 0.09271
v -0.17506 -0.15116 0.10036
v -0.16770 -0.15335 0.10943
v -0.17745 -0.16226 0.10913
v -0.18457 -0.16114 0.10389
v -0.06927 -0.04861 0.09047
v -0.06113 -0.05124 0.10155
v -0.04446 -0.02971 0.09619
v -0.06070 -0.03629 0.08652
v -0.04031 -0.01560 0.08535
v -0.18147 -0.15119 0.08832
v -0.18478 -0.15860 0.09494
v -0.19266 -0.16169 0.08745
v -0.17656 -0.13813 0.08139
v -0.16102 -0.12679 0.08358
v -0.17752 -0.13378 0.07334
v -0.18956 -0.14148 0.07469
v -0.09036 -0.08532 0.10058
v -0.03471 -0.03619 0.10761
v -0.19610 -0.17071 0.10814
v -0.20128 -0.16896 0.09717
v -0.04457 -0.01704 0.07831
v -0.11204 -0.08743 0.07884
v -0.07885 -0.05268 0.07476
v -0.05758 -0.03011 0.07574
v -0.06020 -0.06176 0.10856
v -0.21799 -0.18099 0.10815
v -0.14460 -0.11278 0.08002
v -0.16260 -0.12512 0.07025
v -0.22571 -0.18206 0.09785
v -0.23123 -0.19078 0.11000
v -0.23790 -0.19111 0.09830
v -0.23871 -0.18744 0.08807
v -0.22407 -0.17767 0.08726
v -0.20877 -0.16774 0.08556
v -0.22108 -0.19084 0.11549
v -0.01745 -0.02903 0.11005
v -0.17525 -0.16639 0.11280
v -0.04165 -0.05306 0.11252
v -0.19423 -0.17875 0.11539
v -0.07566 -0.08048 0.10582
v -0.11246 -0.10736 0.10361
v -0.09725 -0.10366 0.10554
v -0.15154 -0.15076 0.11423
v -0.07139 -0.08937 0.10960
v -0.05978 -0.07346 0.11117
v -0.20566 -0.19226 0.12028
v -0.21747 -0.19742 0.12100
v -0.13541 -0.13242 0.11287
v -0.11028 -0.11943 0.10962
v -0.13823 -0.10508 0.06068
v -0.12522 -0.09747 0.06844
v -0.11572 -0.08784 0.05655
v -0.09557 -0.06966 0.06099
v -0.10742 -0.07903 0.04916
v -0.12971 -0.10011 0.05102
v -0.08216 -0.05488 0.04404
v -0.07128 -0.04453 0.05317
v -0.06214 -0.03486 0.04158
v -0.04395 -0.01876 0.04376
v -0.05195 -0.02449 0.06203
v -0.15354 -0.11749 0.05898
v -0.17589 -0.13277 0.05968
v -0.19235 -0.14352 0.05643
v -0.20070 -0.14746 0.06850
v -0.20561 -0.15149 0.07426
v -0.22159 -0.15838 0.06876
v -0.21218 -0.15470 0.05535
v -0.17755 -0.13488 0.05024
v -0.19677 -0.14783 0.04468
v -0.23155 -0.16333 0.05792
v -0.23458 -0.16468 0.06472
v -0.24973 -0.17463 0.05660
v -0.24953 -0.17547 0.06547
v -0.27096 -0.19130 0.05807
v -0.26527 -0.18870 0.04115
v -0.28378 -0.20302 0.04330
v -0.29960 -0.21610 0.04867
v -0.24971 -0.17548 0.04737
v -0.31297 -0.22944 0.03380
v -0.32370 -0.23875 0.04337
v -0.33367 -0.24745 0.03103
v -0.12454 -0.12160 0.11031
v -0.20648 -0.15814 0.07974
v -0.22244 -0.16370 0.07742
v -0.18956 -0.15184 0.08225
v -0.23032 -0.17502 0.08261
v -0.25884 -0.19018 0.07653
v -0.24881 -0.19913 0.08992
v -0.23868 -0.17040 0.07167
v -0.26330 -0.20837 0.08501
v -0.27775 -0.20408 0.07117
v -0.28180 -0.22059 0.07987
v -0.25433 -0.21624 0.09657
v -0.26771 -0.22969 0.09305
v -0.27916 -0.22886 0.08682
v -0.25130 -0.22825 0.10391
v -0.29574 -0.22237 0.06669
v -0.30123 -0.23892 0.07210
v -0.31523 -0.24001 0.05933
v -0.32499 -0.25944 0.06167
v -0.33364 -0.25830 0.05252
v -0.33051 -0.24756 0.04688
v -0.30533 -0.22441 0.05557
v -0.26583 -0.19017 0.06709
v -0.28316 -0.20509 0.06372
v -0.29353 -0.24191 0.07928
v -0.31976 -0.26661 0.06816
v -0.33861 -0.27260 0.05397
v -0.33895 -0.29826 0.06060
v -0.34061 -0.28592 0.05602
v -0.30070 -0.26069 0.07832
v -0.31349 -0.28423 0.07473
v -0.33112 -0.30124 0.06611
v -0.28154 -0.24860 0.08669
v -0.25960 -0.24490 0.09987
v -0.35325 -0.29076 0.04599
v -0.35574 -0.28128 0.03924
v -0.36152 -0.31158 0.04440
v -0.36118 -0.32799 0.04904
v -0.34466 -0.31669 0.05873
v -0.29401 -0.27748 0.08250
v -0.28025 -0.26285 0.08808
v -0.23982 -0.22866 0.11198
v -0.34840 -0.33151 0.05558
v -0.33138 -0.31344 0.06552
v -0.31784 -0.30194 0.07190
v -0.23497 -0.21337 0.11537
v -0.24236 -0.20593 0.10640
v -0.36736 -0.29698 0.03402
v -0.37376 -0.31099 0.03112
v -0.23106 -0.20198 0.11677
v -0.22414 -0.20552 0.12195
v -0.23710 -0.19455 0.10791
v -0.34508 -0.26738 0.04381
v -0.34847 -0.26553 0.03664
v -0.37463 -0.29717 0.02201
v -0.24555 -0.20130 0.09842
v -0.36492 -0.28191 0.02514
v -0.37539 -0.29288 0.01532
v -0.34739 -0.26256 0.02926
v -0.22281 -0.21505 0.12284
v -0.01745 -0.02903 0.11005
v -0.02420 -0.04893 0.11542
v -0.04165 -0.05306 0.11252
v -0.03817 -0.06134 0.11532
v -0.05082 -0.07517 0.11393
v -0.05978 -0.07346 0.11117
v -0.07139 -0.08937 0.10960
v -0.06879 -0.13476 0.02490
v -0.08779 -0.14875 0.02842
v -0.08566 -0.14257 0.02338
v -0.10287 -0.15986 0.03177
v -0.10389 -0.15235 0.02453
v -0.11948 -0.16685 0.03128
v -0.06449 -0.12281 0.01715
v -0.05252 -0.12070 0.02025
v -0.04273 -0.10966 0.01599
v -0.03786 -0.11391 0.02325
v -0.05188 -0.12522 0.02637
v -0.02450 -0.10233 0.02024
v -0.01748 -0.09274 0.01462
v -0.00625 -0.08940 0.02030
v -0.00039 -0.08029 0.01325
v 0.01026 -0.07488 0.01593
v -0.38325 -0.31231 0.00847
v -0.36667 -0.29602 0.02517
v -0.36423 -0.28812 0.02243
v -0.34831 -0.27883 0.03891
v -0.34334 -0.26532 0.03351
v -0.32766 -0.25369 0.04780
v -0.31687 -0.23946 0.04641
v -0.30830 -0.23914 0.05848
v -0.29138 -0.21754 0.05726
v -0.28751 -0.22085 0.06708
v -0.26761 -0.20121 0.07096
v -0.27081 -0.19944 0.06310
v -0.24651 -0.18219 0.07057
v -0.29658 -0.21902 0.04583
v -0.26880 -0.19536 0.05654
v -0.37585 -0.30196 0.00974
v -0.24710 -0.17835 0.06097
v -0.31588 -0.23677 0.03891
v -0.22947 -0.16741 0.06560
v -0.22848 -0.17101 0.07375
v -0.34245 -0.26414 0.02606
v -0.36515 -0.29216 0.01096
v -0.35560 -0.33026 -0.01623
v -0.34751 -0.33154 -0.01229
v -0.34221 -0.31364 -0.01119
v -0.36200 -0.32753 -0.01800
v -0.33097 -0.30923 -0.00733
v -0.34310 -0.30588 -0.01015
v -0.32617 -0.29146 -0.00617
v -0.31364 -0.28311 -0.00425
v -0.35497 -0.30375 -0.00851
v -0.33907 -0.28913 -0.00501
v -0.31983 -0.27439 -0.00402
v -0.29842 -0.25791 -0.00338
v -0.30464 -0.25572 -0.00352
v -0.28131 -0.23543 -0.00053
v -0.27710 -0.24584 -0.00136
v -0.26336 -0.23286 0.00043
v -0.26184 -0.22165 0.00176
v -0.24770 -0.21799 0.00308
v -0.24516 -0.20903 0.00423
v -0.23553 -0.21183 0.00629
v -0.23578 -0.20044 0.00831
v -0.21835 -0.19386 0.01462
v -0.29373 -0.29870 0.02350
v -0.28551 -0.27668 0.02026
v -0.30069 -0.28795 0.01339
v -0.30923 -0.29960 0.01208
v -0.31926 -0.31619 0.01096
v -0.30281 -0.31432 0.02299
v -0.32030 -0.32772 0.01634
v -0.28251 -0.30310 0.03251
v -0.27574 -0.29041 0.03163
v -0.27252 -0.27116 0.02628
v -0.25779 -0.28627 0.04077
v -0.25675 -0.27192 0.03368
v -0.23948 -0.26750 0.04029
v -0.22935 -0.25117 0.03744
v -0.22412 -0.26055 0.04611
v -0.24996 -0.25292 0.02928
v -0.22697 -0.23802 0.03352
v -0.23571 -0.23397 0.02835
v -0.26446 -0.25973 0.02441
v -0.20803 -0.24011 0.04327
v -0.20679 -0.24934 0.05038
v -0.21254 -0.22638 0.03814
v -0.19326 -0.23661 0.05252
v -0.18385 -0.22008 0.05352
v -0.17003 -0.21556 0.06037
v -0.16760 -0.20383 0.05430
v -0.15623 -0.19715 0.05617
v -0.25178 -0.24435 0.02174
v -0.21944 -0.22299 0.03422
v -0.33993 -0.33163 0.00048
v -0.33914 -0.32152 -0.00366
v -0.32320 -0.30478 0.00149
v -0.33908 -0.30877 -0.00526
v -0.36094 -0.32738 -0.01262
v -0.32016 -0.29068 -0.00036
v -0.31226 -0.29212 0.00379
v -0.30877 -0.28128 0.00162
v -0.29707 -0.27450 0.00435
v -0.30158 -0.26592 0.00082
v -0.28261 -0.25133 0.00273
v -0.20280 -0.21833 0.04365
v -0.20834 -0.21255 0.03962
v -0.19794 -0.20596 0.04538
v -0.18387 -0.20662 0.05098
v -0.31383 -0.27692 0.00033
v -0.28091 -0.25796 0.00462
v -0.26043 -0.23845 0.00675
v -0.27479 -0.25735 0.00702
v -0.27269 -0.23581 0.00410
v -0.25062 -0.22622 0.00740
v -0.24220 -0.22427 0.01051
v -0.24005 -0.21429 0.00936
v -0.22912 -0.20874 0.01429
v -0.22307 -0.20942 0.01828
v -0.21502 -0.19387 0.02142
v -0.20671 -0.20011 0.02870
v -0.19608 -0.18632 0.03116
v -0.19293 -0.18938 0.03383
v -0.18027 -0.18098 0.03703
v -0.25474 -0.24026 0.01184
v -0.28569 -0.26759 0.00748
v -0.18242 -0.17265 0.03589
v -0.20034 -0.18206 0.02924
v -0.32988 -0.34009 0.01609
v -0.31283 -0.33137 0.02703
v -0.23252 -0.22437 0.02055
v -0.18501 -0.18965 0.04041
v -0.29228 -0.31585 0.03466
v -0.21825 -0.21682 0.03012
v -0.27166 -0.25973 0.01453
v -0.29177 -0.27734 0.01308
v -0.23880 -0.27432 0.04693
v -0.19810 -0.19979 0.03965
v -0.19007 -0.19601 0.04382
v -0.18584 -0.23602 0.06068
v -0.19759 -0.24658 0.05843
v -0.20795 -0.20756 0.03522
v -0.23154 -0.20222 0.01350
v -0.27513 -0.30349 0.04124
v -0.17288 -0.17166 0.03749
v -0.21564 -0.25957 0.05413
v -0.23691 -0.27651 0.05415
v -0.25800 -0.29047 0.04652
v -0.25916 -0.22251 0.00628
v -0.24947 -0.21266 0.00837
v -0.16814 -0.21627 0.06573
v -0.02558 -0.04159 0.10790
v -0.03678 -0.03934 0.10250
v -0.03303 -0.02608 0.09477
v -0.05641 -0.05062 0.09822
v -0.01394 -0.04425 0.11054
v -0.04162 -0.05105 0.10692
v -0.03997 -0.06341 0.11038
v -0.05452 -0.06025 0.10532
v -0.06062 -0.07852 0.10645
v -0.05034 -0.08552 0.10892
v -0.07712 -0.10788 0.10604
v -0.08000 -0.09909 0.10434
v -0.07793 -0.08425 0.10057
v -0.09123 -0.09620 0.09966
v -0.09421 -0.11417 0.10447
v -0.10670 -0.10710 0.09902
v -0.10896 -0.11523 0.10319
v -0.12313 -0.11602 0.10248
v -0.13135 -0.11712 0.09932
v -0.13077 -0.12546 0.10623
v -0.14730 -0.13567 0.10547
v -0.13737 -0.13808 0.10922
v -0.15482 -0.15244 0.10887
v -0.16528 -0.15339 0.10528
v -0.16787 -0.16250 0.10808
v -0.17902 -0.16472 0.10359
v -0.18175 -0.17357 0.10939
v -0.18836 -0.17085 0.10544
v -0.20007 -0.18560 0.11273
v -0.21016 -0.18215 0.10650
v -0.21491 -0.18938 0.11129
v -0.21385 -0.19759 0.11654
v -0.22413 -0.19703 0.11229
v -0.22612 -0.20437 0.11499
v -0.23426 -0.19756 0.10445
v -0.23812 -0.21514 0.10675
v -0.24239 -0.20668 0.09863
v -0.25055 -0.22120 0.09598
v -0.24735 -0.23370 0.10185
v -0.26000 -0.23110 0.09244
v -0.26455 -0.21190 0.08014
v -0.27102 -0.22733 0.08552
v -0.27933 -0.23888 0.08203
v -0.28147 -0.22657 0.07754
v -0.24642 -0.20219 0.08726
v -0.24919 -0.19339 0.07924
v -0.23171 -0.18193 0.08101
v -0.24651 -0.18219 0.07057
v -0.22848 -0.17101 0.07375
v -0.20675 -0.16046 0.07541
v -0.20752 -0.15660 0.06981
v -0.20614 -0.17215 0.08374
v -0.19120 -0.15663 0.07854
v -0.19002 -0.16423 0.08367
v -0.18250 -0.15746 0.08475
v -0.17224 -0.14137 0.08082
v -0.23480 -0.19077 0.08722
v -0.23546 -0.22814 0.10897
v -0.25092 -0.24737 0.09756
v -0.18180 -0.14162 0.07166
v -0.26038 -0.24538 0.09413
v -0.28278 -0.25859 0.08171
v -0.29483 -0.25320 0.07476
v -0.30448 -0.27085 0.07299
v -0.29756 -0.28284 0.07590
v -0.31404 -0.29278 0.06948
v -0.32216 -0.28756 0.06489
v -0.33624 -0.31211 0.05816
v -0.34356 -0.30482 0.05229
v -0.32962 -0.27972 0.05790
v -0.35314 -0.29610 0.04130
v -0.34831 -0.27883 0.03891
v -0.36667 -0.29602 0.02517
v -0.32511 -0.26173 0.05597
v -0.36570 -0.31871 0.03565
v -0.32766 -0.25369 0.04780
v -0.30830 -0.23914 0.05848
v -0.35848 -0.33087 0.04550
v -0.31631 -0.26761 0.06506
v -0.21709 -0.18122 0.09230
v -0.22529 -0.21469 0.11652
v -0.21827 -0.20853 0.11910
v -0.22528 -0.19018 0.10638
v -0.11720 -0.12793 0.10731
v -0.11536 -0.10278 0.09174
v -0.10507 -0.09908 0.09388
v -0.09530 -0.08975 0.09396
v -0.09130 -0.07841 0.08816
v -0.10983 -0.09412 0.08613
v -0.27384 -0.26422 0.08586
v -0.26761 -0.20121 0.07096
v -0.28751 -0.22085 0.06708
v -0.07155 -0.07029 0.09839
v -0.29862 -0.24017 0.06847
v -0.07152 -0.05999 0.09071
v -0.09810 -0.12583 0.10638
v -0.21903 -0.21400 0.11932
v -0.30830 -0.23914 0.05848
v -0.28751 -0.22085 0.06708
v -0.29862 -0.24017 0.06847
v -0.18679 -0.24464 0.07830
v -0.16779 -0.22543 0.08335
v -0.17917 -0.23415 0.08792
v -0.19687 -0.25060 0.08378
v -0.20828 -0.26144 0.07408
v -0.19339 -0.25181 0.06854
v -0.16494 -0.22164 0.08958
v -0.17540 -0.23488 0.07251
v -0.21466 -0.26728 0.06277
v -0.23202 -0.27805 0.06999
v -0.23485 -0.28138 0.05582
v -0.24556 -0.28946 0.06068
v -0.26066 -0.29978 0.04885
v -0.26573 -0.30319 0.05760
v -0.27956 -0.31416 0.04186
v -0.28753 -0.32069 0.04775
v -0.30245 -0.33107 0.03235
v -0.32009 -0.34497 0.03683
v -0.32621 -0.34918 0.02375
v -0.18023 -0.23786 0.06263
v -0.19246 -0.24933 0.06088
v -0.21864 -0.26790 0.05314
v -0.15409 -0.20759 0.09252
v -0.15692 -0.21149 0.07686
v -0.14538 -0.20060 0.08722
v -0.13946 -0.19289 0.09648
v -0.16645 -0.22274 0.06900
v -0.19759 -0.24879 0.05126
v -0.18171 -0.23698 0.05669
v -0.23871 -0.28061 0.04615
v -0.15597 -0.20585 0.06041
v -0.15019 -0.20184 0.07588
v -0.13607 -0.19394 0.08424
v -0.12816 -0.18826 0.09033
v -0.11574 -0.18073 0.08268
v -0.09899 -0.16942 0.08925
v -0.09164 -0.16382 0.08008
v -0.07190 -0.15099 0.08635
v -0.14760 -0.19682 0.06337
v -0.14473 -0.19389 0.05546
v -0.13437 -0.18424 0.04602
v -0.12838 -0.18239 0.06158
v -0.14323 -0.19379 0.07289
v -0.11600 -0.17414 0.06803
v -0.06969 -0.14734 0.07817
v -0.05066 -0.13567 0.08705
v -0.09725 -0.16241 0.06747
v -0.10104 -0.16378 0.04924
v -0.11981 -0.17600 0.04703
v -0.08284 -0.15093 0.05170
v -0.08190 -0.15068 0.06634
v -0.06503 -0.13692 0.06048
v -0.05538 -0.13153 0.06846
v -0.06210 -0.13592 0.04412
v -0.07520 -0.14463 0.03595
v -0.06070 -0.13353 0.03142
v -0.04990 -0.12562 0.04893
v -0.09313 -0.15602 0.03518
v -0.10937 -0.16746 0.03813
v -0.04899 -0.12651 0.03535
v -0.02858 -0.11021 0.03675
v -0.02900 -0.10934 0.02736
v -0.01423 -0.09835 0.02746
v -0.01272 -0.09491 0.04380
v -0.03089 -0.10883 0.05099
v 0.00556 -0.08232 0.02682
v 0.00403 -0.08172 0.03729
v -0.04193 -0.11656 0.05978
v -0.05188 -0.12522 0.02637
v -0.04509 -0.12938 0.07981
v -0.03655 -0.12399 0.08793
v -0.03173 -0.11634 0.07551
v 0.01026 -0.07488 0.01593
v -0.00625 -0.08940 0.02030
v -0.02451 -0.11364 0.08356
v -0.02229 -0.11221 0.08940
v -0.00825 -0.10045 0.08838
v -0.03117 -0.10947 0.06574
v -0.01633 -0.10181 0.07274
v 0.00559 -0.08604 0.08145
v 0.01684 -0.07552 0.08918
v -0.16996 -0.22329 0.05839
v 0.00403 -0.08035 0.06865
v -0.02691 -0.10169 0.05888
v -0.01830 -0.09478 0.06165
v -0.00985 -0.08508 0.05745
v -0.03786 -0.11391 0.02325
v -0.12034 -0.18077 0.07611
v -0.16198 -0.21166 0.05754
v -0.02450 -0.10233 0.02024
v -0.13041 -0.17861 0.03916
v -0.27817 -0.30872 0.03427
v 0.01294 -0.06731 0.04575
v -0.25982 -0.29244 0.03761
v -0.21450 -0.26027 0.04667
v -0.15535 -0.19928 0.05046
v -0.14435 -0.18759 0.04283
v 0.01210 -0.06342 0.05251
v 0.00508 -0.07118 0.05846
v -0.31456 -0.33409 0.01934
v -0.08779 -0.14875 0.02842
v -0.06879 -0.13476 0.02490
v -0.10287 -0.15986 0.03177
v -0.11948 -0.16685 0.03128
v -0.33282 -0.34890 0.02369
v -0.32549 -0.34382 0.03295
v -0.30659 -0.32949 0.03751
v -0.31283 -0.33137 0.02703
v -0.29228 -0.31585 0.03466
v -0.28162 -0.31039 0.04438
v -0.27513 -0.30349 0.04124
v -0.26143 -0.29531 0.05237
v -0.25800 -0.29047 0.04652
v -0.28071 -0.30884 0.05234
v -0.26243 -0.29546 0.05774
v -0.24053 -0.27953 0.06471
v -0.23691 -0.27651 0.05415
v -0.21949 -0.26523 0.06737
v -0.20924 -0.25740 0.06281
v -0.19226 -0.24466 0.07010
v -0.19722 -0.24705 0.07776
v -0.19759 -0.24658 0.05843
v -0.21564 -0.25957 0.05413
v -0.29642 -0.32033 0.04862
v -0.17555 -0.22724 0.07716
v -0.17704 -0.22696 0.08621
v -0.15891 -0.20760 0.08816
v -0.31371 -0.33294 0.04172
v -0.18584 -0.23602 0.06068
v -0.16814 -0.21627 0.06573
v -0.15854 -0.20448 0.07220
v -0.14934 -0.19781 0.08579
v -0.14377 -0.19166 0.09311
v -0.13292 -0.18607 0.08857
v -0.12773 -0.18008 0.07721
v -0.11498 -0.17477 0.08654
v -0.13024 -0.18196 0.09463
v -0.11215 -0.17033 0.09477
v -0.09293 -0.15933 0.09013
v -0.09746 -0.16330 0.08429
v -0.07519 -0.14704 0.08685
v -0.07986 -0.14758 0.09454
v -0.05496 -0.13122 0.09126
v -0.05808 -0.13482 0.08397
v -0.03279 -0.11485 0.08653
v -0.03412 -0.11312 0.09386
v -0.00925 -0.09516 0.08677
v -0.01063 -0.09320 0.09434
v 0.00960 -0.07591 0.09032
v 0.00246 -0.08326 0.08396
v 0.01845 -0.06374 0.07399
v -0.07408 -0.14284 0.07467
v -0.10046 -0.16141 0.07477
v -0.00896 -0.09203 0.07828
v -0.14882 -0.19235 0.07022
v -0.15623 -0.19715 0.05617
v -0.14194 -0.18611 0.05931
v -0.12444 -0.17411 0.06929
v -0.11610 -0.16862 0.05621
v -0.09795 -0.15658 0.06199
v -0.09138 -0.15122 0.04630
v -0.06990 -0.13592 0.03760
v -0.12153 -0.17171 0.04711
v -0.07565 -0.13976 0.05717
v -0.05931 -0.12788 0.04430
v -0.04827 -0.11924 0.03200
v -0.03628 -0.10981 0.04080
v -0.02330 -0.09991 0.03047
v -0.08918 -0.15038 0.06814
v -0.06743 -0.13363 0.06655
v -0.05391 -0.12177 0.05563
v -0.04403 -0.11328 0.06467
v -0.00847 -0.08691 0.03720
v -0.00410 -0.08355 0.02432
v 0.01293 -0.06939 0.02565
v -0.03213 -0.10034 0.05912
v -0.02189 -0.09310 0.05207
v -0.09340 -0.15078 0.03650
v -0.14961 -0.18786 0.04785
v 0.00336 -0.07509 0.01855
v 0.00021 -0.07589 0.04302
v -0.05142 -0.12611 0.07573
v -0.03060 -0.10828 0.07481
v -0.12434 -0.17135 0.04134
v -0.11397 -0.16065 0.03405
v -0.06342 -0.12796 0.02878
v -0.01664 -0.09125 0.06804
v -0.02529 -0.09708 0.02145
v -0.04204 -0.11071 0.02409
v -0.01171 -0.07928 0.05804
v 0.00450 -0.06971 0.06490
v 0.00744 -0.06084 0.05510
v -0.22036 -0.26229 0.07583
v 0.01098 -0.07126 0.09586
v -0.19961 -0.24630 0.08264
v -0.16760 -0.20383 0.05430
v -0.32988 -0.34009 0.01609
v -0.24972 -0.28091 0.07138
v -0.27738 -0.30020 0.06227
v -0.09524 -0.14709 0.02940
v -0.28821 -0.28628 0.07689
v -0.31255 -0.30216 0.06830
v -0.29756 -0.28284 0.07590
v -0.27384 -0.26422 0.08586
v -0.26871 -0.26823 0.08617
v -0.25092 -0.24737 0.09756
v -0.31404 -0.29278 0.06948
v -0.33226 -0.31775 0.05913
v -0.33624 -0.31211 0.05816
v -0.35280 -0.33596 0.04812
v -0.33990 -0.33254 0.05104
v -0.32074 -0.31883 0.05840
v -0.30055 -0.30289 0.06716
v -0.26153 -0.27015 0.08465
v -0.24194 -0.24567 0.09981
v -0.23546 -0.22814 0.10897
v -0.22489 -0.22471 0.11316
v -0.22529 -0.21469 0.11652
v -0.21903 -0.21400 0.11932
v -0.21305 -0.21981 0.11526
v -0.22448 -0.23337 0.10727
v -0.21182 -0.21155 0.11882
v -0.21827 -0.20853 0.11910
v -0.20338 -0.20286 0.11780
v -0.21385 -0.19759 0.11654
v -0.28013 -0.29135 0.07182
v -0.30171 -0.31922 0.05205
v -0.30055 -0.30289 0.06716
v -0.27738 -0.30020 0.06227
v -0.32074 -0.31883 0.05840
v -0.33310 -0.33911 0.04241
v -0.33990 -0.33254 0.05104
v -0.28013 -0.29135 0.07182
v -0.26077 -0.28234 0.07461
v -0.31371 -0.33294 0.04172
v -0.29642 -0.32033 0.04862
v -0.24972 -0.28091 0.07138
v -0.24131 -0.26534 0.08240
v -0.22036 -0.26229 0.07583
v -0.21926 -0.24416 0.09155
v -0.20648 -0.24070 0.08877
v -0.32549 -0.34382 0.03295
v -0.26153 -0.27015 0.08465
v -0.24194 -0.24567 0.09981
v -0.22917 -0.24540 0.09689
v -0.22448 -0.23337 0.10727
v -0.19961 -0.24630 0.08264
v -0.20392 -0.22736 0.09790
v -0.19125 -0.23020 0.09129
v -0.19336 -0.21721 0.10159
v -0.17704 -0.22696 0.08621
v -0.17658 -0.21678 0.09414
v -0.20846 -0.22392 0.10767
v -0.21305 -0.21981 0.11526
v -0.15934 -0.20339 0.09417
v -0.19672 -0.20809 0.11349
v -0.19041 -0.20711 0.10736
v -0.16333 -0.19920 0.09823
v -0.18153 -0.20646 0.10076
v -0.15690 -0.18616 0.10217
v -0.15891 -0.20760 0.08816
v -0.14377 -0.19166 0.09311
v -0.13809 -0.18327 0.09758
v -0.13024 -0.18196 0.09463
v -0.11215 -0.17033 0.09477
v -0.11996 -0.16505 0.10279
v -0.10194 -0.15805 0.09950
v -0.07986 -0.14758 0.09454
v -0.08171 -0.14270 0.09959
v -0.18041 -0.19394 0.10938
v -0.17655 -0.19650 0.10294
v -0.06017 -0.12817 0.09879
v -0.05496 -0.13122 0.09126
v -0.03412 -0.11312 0.09386
v -0.04019 -0.10929 0.10144
v -0.01503 -0.08811 0.10178
v -0.01063 -0.09320 0.09434
v 0.01098 -0.07126 0.09586
v 0.00665 -0.06646 0.10202
v -0.06930 -0.12663 0.10326
v -0.21182 -0.21155 0.11882
v -0.03789 -0.09536 0.10672
v -0.18763 -0.19281 0.11360
v -0.16657 -0.18081 0.10756
v -0.01275 -0.07262 0.10699
v -0.14302 -0.17171 0.10427
v -0.11349 -0.15150 0.10610
v -0.08696 -0.13366 0.10469
v -0.20338 -0.20286 0.11780
v -0.13734 -0.15376 0.10883
v -0.16091 -0.16601 0.10841
v -0.06265 -0.10872 0.10675
v -0.00892 -0.05497 0.10964
v -0.03233 -0.07047 0.11026
v -0.11390 -0.13940 0.10785
v -0.17168 -0.17550 0.10957
v -0.05034 -0.08552 0.10892
v -0.01394 -0.04425 0.11054
v -0.09810 -0.12583 0.10638
v -0.07712 -0.10788 0.10604
v -0.13737 -0.13808 0.10922
v -0.15482 -0.15244 0.10887
v -0.03997 -0.06341 0.11038
v -0.16787 -0.16250 0.10808
v -0.11720 -0.12793 0.10731
v -0.18681 -0.18432 0.11290
v -0.18175 -0.17357 0.10939
v -0.20007 -0.18560 0.11273
v -0.21385 -0.19759 0.11654
vt 0.02440 0.46319
vt 0.02142 0.47148
vt 0.02158 0.46015
vt 0.02465 0.47184
vt 0.02414 0.45753
vt 0.02217 0.45332
vt 0.01787 0.45481
vt 0.01626 0.46100
vt 0.01726 0.47193
vt 0.01961 0.48128
vt 0.01698 0.47938
vt 0.02059 0.44906
vt 0.01718 0.44899
vt 0.01859 0.44546
vt 0.02322 0.47854
vt 0.02293 0.44616
vt 0.02074 0.44164
vt 0.02277 0.44035
vt 0.02591 0.45132
vt 0.02637 0.45580
vt 0.02602 0.46703
vt 0.01682 0.48488
vt 0.01953 0.49127
vt 0.02244 0.48876
vt 0.02211 0.49592
vt 0.01907 0.49633
vt 0.02206 0.50142
vt 0.02396 0.49634
vt 0.02325 0.48283
vt 0.02606 0.47804
vt 0.02684 0.46215
vt 0.02769 0.46621
vt 0.02596 0.44726
vt 0.02714 0.47289
vt 0.02489 0.44122
vt 0.02377 0.43313
vt 0.02202 0.43305
vt 0.02167 0.42628
vt 0.02663 0.50101
vt 0.02507 0.49232
vt 0.02560 0.48547
vt 0.02801 0.48008
vt 0.02765 0.45166
vt 0.02838 0.45943
vt 0.02510 0.42823
vt 0.02208 0.42171
vt 0.02615 0.42177
vt 0.02272 0.41623
vt 0.03002 0.42326
vt 0.02816 0.41777
vt 0.02977 0.42675
vt 0.02878 0.43109
vt 0.03259 0.42014
vt 0.02626 0.41084
vt 0.02219 0.40893
vt 0.03042 0.40983
vt 0.03293 0.41282
vt 0.03080 0.40412
vt 0.03524 0.40292
vt 0.03380 0.39620
vt 0.03135 0.45578
vt 0.03724 0.39789
vt 0.03777 0.39301
vt 0.03498 0.39102
vt 0.02884 0.39429
vt 0.03757 0.38656
vt 0.03095 0.38780
vt 0.02407 0.40551
vt 0.02640 0.40131
vt 0.02333 0.39802
vt 0.02507 0.39285
vt 0.02220 0.38965
vt 0.02185 0.39999
vt 0.02949 0.47651
vt 0.02863 0.48946
vt 0.02963 0.48301
vt 0.02433 0.38660
vt 0.02800 0.38565
vt 0.02185 0.38130
vt 0.03533 0.41300
vt 0.02864 0.49531
vt 0.02634 0.43610
vt 0.03100 0.46157
vt 0.03451 0.38236
vt 0.03294 0.42605
vt 0.02641 0.38132
vt 0.02434 0.37819
vt 0.02955 0.37814
vt 0.03014 0.46809
vt 0.03090 0.45211
vt 0.02831 0.37368
vt 0.03146 0.37334
vt 0.03486 0.41997
vt 0.03139 0.43055
vt 0.03404 0.37688
vt 0.02852 0.44691
vt 0.02045 0.37424
vt 0.02002 0.41747
vt 0.01911 0.42516
vt 0.01792 0.43689
vt 0.01570 0.44242
vt 0.01702 0.49197
vt 0.18220 0.16861
vt 0.17955 0.17089
vt 0.17313 0.16588
vt 0.17959 0.16401
vt 0.17394 0.17109
vt 0.16780 0.16997
vt 0.16229 0.16571
vt 0.16366 0.17092
vt 0.16779 0.17215
vt 0.16394 0.16136
vt 0.17273 0.16222
vt 0.17881 0.17375
vt 0.17415 0.17357
vt 0.17152 0.17362
vt 0.15573 0.16494
vt 0.15317 0.16074
vt 0.15939 0.16904
vt 0.15434 0.16785
vt 0.15042 0.16701
vt 0.14977 0.16446
vt 0.14487 0.16390
vt 0.14563 0.16024
vt 0.14024 0.16095
vt 0.13675 0.16319
vt 0.13748 0.15810
vt 0.14932 0.15704
vt 0.14228 0.15603
vt 0.17632 0.17509
vt 0.15569 0.15815
vt 0.12991 0.16123
vt 0.13361 0.16376
vt 0.12706 0.16479
vt 0.13439 0.15590
vt 0.12312 0.16293
vt 0.12340 0.15753
vt 0.13168 0.15832
vt 0.11996 0.16539
vt 0.14479 0.15352
vt 0.13924 0.16483
vt 0.14060 0.15151
vt 0.17705 0.16120
vt 0.11918 0.16053
vt 0.11643 0.15756
vt 0.11321 0.16015
vt 0.11299 0.16373
vt 0.11043 0.15794
vt 0.10669 0.15983
vt 0.10248 0.15812
vt 0.09812 0.16159
vt 0.09170 0.15980
vt 0.08937 0.16198
vt 0.08386 0.16081
vt 0.16224 0.15863
vt 0.16950 0.15916
vt 0.11662 0.15505
vt 0.13428 0.15112
vt 0.12972 0.15331
vt 0.12995 0.15048
vt 0.13029 0.14773
vt 0.12696 0.15301
vt 0.12622 0.15001
vt 0.12734 0.14677
vt 0.12071 0.14562
vt 0.11864 0.14942
vt 0.11607 0.14503
vt 0.11325 0.14747
vt 0.11285 0.14494
vt 0.11299 0.15003
vt 0.10863 0.14912
vt 0.10922 0.14565
vt 0.12209 0.15238
vt 0.13516 0.14822
vt 0.14802 0.15290
vt 0.14191 0.14971
vt 0.15344 0.15592
vt 0.17445 0.15769
vt 0.11456 0.15241
vt 0.12776 0.15488
vt 0.18317 0.16015
vt 0.10468 0.14483
vt 0.10513 0.16396
vt 0.15642 0.15544
vt 0.08624 0.16479
vt 0.07962 0.16328
vt 0.07224 0.16316
vt 0.07376 0.16512
vt 0.06681 0.16722
vt 0.06112 0.16647
vt 0.82821 0.82527
vt 0.82595 0.82861
vt 0.83047 0.82300
vt 0.83204 0.83073
vt 0.83111 0.83359
vt 0.82902 0.83454
vt 0.82503 0.83559
vt 0.82383 0.82864
vt 0.82776 0.83942
vt 0.83085 0.83974
vt 0.82453 0.84065
vt 0.83006 0.84372
vt 0.82695 0.84425
vt 0.83165 0.84532
vt 0.83051 0.84877
vt 0.83263 0.85227
vt 0.83056 0.85296
vt 0.83190 0.85778
vt 0.83421 0.85880
vt 0.83404 0.86471
vt 0.83659 0.86220
vt 0.83695 0.86600
vt 0.83644 0.86997
vt 0.83408 0.87012
vt 0.83450 0.87676
vt 0.83850 0.87164
vt 0.83705 0.87829
vt 0.83594 0.88376
vt 0.83429 0.88355
vt 0.83941 0.88816
vt 0.83702 0.89173
vt 0.83435 0.89132
vt 0.83588 0.89515
vt 0.83856 0.89826
vt 0.84181 0.89722
vt 0.83943 0.90307
vt 0.83672 0.90344
vt 0.83486 0.89791
vt 0.84446 0.90187
vt 0.84004 0.89137
vt 0.83152 0.86248
vt 0.84076 0.90787
vt 0.83786 0.90952
vt 0.84398 0.89394
vt 0.82362 0.83609
vt 0.84611 0.89791
vt 0.83989 0.88259
vt 0.83973 0.87700
vt 0.84603 0.90941
vt 0.84797 0.90362
vt 0.83586 0.85704
vt 0.84075 0.91311
vt 0.84655 0.91739
vt 0.84266 0.92019
vt 0.84879 0.92553
vt 0.84468 0.92901
vt 0.84921 0.93094
vt 0.85431 0.92845
vt 0.85251 0.93419
vt 0.85606 0.93405
vt 0.85273 0.92050
vt 0.85069 0.92112
vt 0.84969 0.91287
vt 0.85417 0.93925
vt 0.85005 0.93717
vt 0.82978 0.85595
vt 0.82290 0.82381
vt 0.83879 0.91505
vt 0.84441 0.93390
vt 0.83211 0.87840
vt 0.84121 0.92411
vt 0.84132 0.92930
vt 0.83151 0.86930
vt 0.83084 0.87333
vt 0.85711 0.94086
vt 0.83932 0.91919
vt 0.85022 0.90930
vt 0.84199 0.93380
vt 0.84302 0.93793
vt 0.84760 0.94204
vt 0.84527 0.94117
vt 0.84662 0.94718
vt 0.85080 0.94250
vt 0.85497 0.94493
vt 0.82298 0.84260
vt 0.82659 0.84917
vt 0.83285 0.88447
vt 0.85964 0.94641
vt 0.85110 0.94653
vt 0.85242 0.91200
vt 0.85637 0.92755
vt 0.86018 0.94109
vt 0.85888 0.93485
vt 0.84383 0.94319
vt 0.82861 0.86165
vt 0.82221 0.84813
vt 0.82466 0.85383
vt 0.82194 0.83123
vt 0.84285 0.89043
vt 0.83992 0.92459
vt 0.84121 0.88831
vt 0.83913 0.86749
vt 0.83392 0.84595
vt 0.82757 0.87116
vt 0.83266 0.84170
vt 0.83330 0.83773
vt 0.82926 0.87849
vt 0.83580 0.90919
vt 0.82396 0.86517
vt 0.83606 0.85205
vt 0.82086 0.82752
vt 0.82265 0.85713
vt 0.98189 0.47716
vt 0.97896 0.46967
vt 0.97963 0.47795
vt 0.98005 0.46476
vt 0.98147 0.48378
vt 0.97840 0.48536
vt 0.97334 0.46678
vt 0.98204 0.49880
vt 0.98304 0.49048
vt 0.97961 0.49130
vt 0.98256 0.50439
vt 0.97884 0.50250
vt 0.98109 0.50758
vt 0.97815 0.49763
vt 0.98304 0.50986
vt 0.97950 0.51270
vt 0.98210 0.51463
vt 0.98070 0.51815
vt 0.97728 0.50635
vt 0.97829 0.51643
vt 0.97472 0.50095
vt 0.97536 0.49553
vt 0.97358 0.48976
vt 0.97214 0.49681
vt 0.97556 0.48269
vt 0.97449 0.51158
vt 0.97285 0.51438
vt 0.97200 0.51117
vt 0.97297 0.50337
vt 0.97320 0.50800
vt 0.97422 0.50643
vt 0.97158 0.50669
vt 0.97601 0.50940
vt 0.97073 0.48274
vt 0.96885 0.48010
vt 0.96796 0.48854
vt 0.97128 0.47682
vt 0.96978 0.49181
vt 0.96978 0.50037
vt 0.96721 0.49545
vt 0.96741 0.50047
vt 0.96882 0.47359
vt 0.96863 0.50780
vt 0.97346 0.48461
vt 0.97305 0.47994
vt 0.96982 0.51300
vt 0.96909 0.51604
vt 0.96561 0.49853
vt 0.96712 0.51180
vt 0.96702 0.48593
vt 0.96576 0.50443
vt 0.96556 0.49254
vt 0.97971 0.45530
vt 0.97639 0.45976
vt 0.97237 0.46113
vt 0.96975 0.46829
vt 0.97136 0.47137
vt 0.97550 0.47165
vt 0.97356 0.47620
vt 0.97280 0.45464
vt 0.97710 0.47731
vt 0.97065 0.45687
vt 0.96921 0.46423
vt 0.96683 0.47230
vt 0.96685 0.47948
vt 0.96448 0.48609
vt 0.96390 0.49114
vt 0.96333 0.49694
vt 0.96407 0.50059
vt 0.96405 0.50754
vt 0.96609 0.51403
vt 0.96402 0.47966
vt 0.82597 0.96490
vt 0.83092 0.96715
vt 0.83253 0.96549
vt 0.82428 0.96865
vt 0.83581 0.96761
vt 0.82084 0.96636
vt 0.81828 0.96803
vt 0.84043 0.96440
vt 0.84231 0.96603
vt 0.81312 0.96589
vt 0.85179 0.96393
vt 0.81313 0.96911
vt 0.80855 0.96759
vt 0.84867 0.96736
vt 0.85638 0.96716
vt 0.83111 0.97097
vt 0.84150 0.96988
vt 0.85715 0.97074
vt 0.84897 0.97142
vt 0.85484 0.97367
vt 0.84946 0.97311
vt 0.74577 0.96079
vt 0.75095 0.96354
vt 0.75052 0.96152
vt 0.74290 0.96231
vt 0.75538 0.96176
vt 0.76044 0.96379
vt 0.76016 0.96215
vt 0.76699 0.96301
vt 0.76873 0.96563
vt 0.77538 0.96514
vt 0.77607 0.96730
vt 0.78430 0.96719
vt 0.78267 0.96849
vt 0.78705 0.96952
vt 0.78994 0.96748
vt 0.74440 0.96413
vt 0.75818 0.96585
vt 0.76382 0.96618
vt 0.73711 0.96318
vt 0.73655 0.96055
vt 0.77085 0.96847
vt 0.75041 0.96652
vt 0.78818 0.97131
vt 0.77968 0.97053
vt 0.79255 0.96893
vt 0.79438 0.97101
vt 0.79718 0.96806
vt 0.79859 0.97155
vt 0.80215 0.96807
vt 0.74138 0.96531
vt 0.80214 0.97390
vt 0.80630 0.97028
vt 0.76641 0.96923
vt 0.75917 0.96868
vt 0.75374 0.96899
vt 0.74488 0.96783
vt 0.73735 0.96780
vt 0.77478 0.97239
vt 0.79740 0.97602
vt 0.79244 0.97384
vt 0.81240 0.97289
vt 0.80602 0.97351
vt 0.78877 0.97610
vt 0.79275 0.97664
vt 0.79376 0.97969
vt 0.78362 0.97390
vt 0.79535 0.97472
vt 0.76351 0.97100
vt 0.81950 0.97134
vt 0.79693 0.97891
vt 0.82517 0.97291
vt 0.82109 0.97474
vt 0.81592 0.97563
vt 0.82965 0.97508
vt 0.82378 0.97700
vt 0.83719 0.97365
vt 0.84282 0.97322
vt 0.75123 0.97089
vt 0.75769 0.97184
vt 0.83690 0.97525
vt 0.78537 0.97728
vt 0.78894 0.97909
vt 0.78161 0.97828
vt 0.81604 0.97865
vt 0.77508 0.97599
vt 0.74470 0.97233
vt 0.73855 0.97194
vt 0.78608 0.97980
vt 0.76848 0.97500
vt 0.79511 0.98130
vt 0.81119 0.97895
vt 0.80970 0.97739
vt 0.80707 0.98012
vt 0.80462 0.97897
vt 0.80824 0.97540
vt 0.80485 0.98165
vt 0.80209 0.97997
vt 0.80158 0.97738
vt 0.79967 0.98142
vt 0.80337 0.98262
vt 0.80896 0.98120
vt 0.80647 0.98305
vt 0.83002 0.97690
vt 0.84281 0.97631
vt 0.76291 0.97441
vt 0.84785 0.97555
vt 0.78131 0.98095
vt 0.75118 0.97383
vt 0.77361 0.97901
vt 0.73867 0.97595
vt 0.74352 0.97639
vt 0.74842 0.97627
vt 0.78858 0.98252
vt 0.82180 0.97888
vt 0.81286 0.98226
vt 0.75915 0.97528
vt 0.78994 0.98131
vt 0.83347 0.97849
vt 0.82026 0.98111
vt 0.76440 0.97699
vt 0.82807 0.97986
vt 0.76778 0.97920
vt 0.75493 0.97757
vt 0.77491 0.98144
vt 0.80495 0.98513
vt 0.79428 0.98415
vt 0.79907 0.98404
vt 0.77082 0.98147
vt 0.76238 0.97990
vt 0.80217 0.98540
vt 0.46979 0.43069
vt 0.46488 0.43236
vt 0.46225 0.43104
vt 0.46180 0.43370
vt 0.45532 0.43206
vt 0.44956 0.43221
vt 0.44216 0.43081
vt 0.44219 0.43258
vt 0.43251 0.43088
vt 0.44947 0.42991
vt 0.46029 0.42901
vt 0.43784 0.42888
vt 0.44497 0.42871
vt 0.46890 0.42930
vt 0.42949 0.42908
vt 0.42626 0.43086
vt 0.42188 0.42962
vt 0.45027 0.42786
vt 0.46967 0.42759
vt 0.41388 0.43170
vt 0.41399 0.42868
vt 0.42204 0.43207
vt 0.40874 0.43005
vt 0.40735 0.43246
vt 0.40916 0.42644
vt 0.40572 0.42774
vt 0.40655 0.42535
vt 0.40434 0.42614
vt 0.40902 0.42411
vt 0.41337 0.42615
vt 0.42007 0.42687
vt 0.40365 0.42994
vt 0.42809 0.42714
vt 0.40103 0.42682
vt 0.43407 0.42661
vt 0.44137 0.42663
vt 0.44904 0.42622
vt 0.45621 0.42696
vt 0.46216 0.42676
vt 0.41208 0.42344
vt 0.41552 0.42403
vt 0.41964 0.42508
vt 0.42530 0.42512
vt 0.43103 0.42539
vt 0.44180 0.42458
vt 0.80950 0.29917
vt 0.81016 0.30523
vt 0.80795 0.30621
vt 0.80960 0.31095
vt 0.80764 0.31287
vt 0.80848 0.31924
vt 0.80719 0.30088
vt 0.80633 0.31741
vt 0.80493 0.32117
vt 0.80720 0.32623
vt 0.80445 0.33013
vt 0.80571 0.33424
vt 0.80780 0.33460
vt 0.80640 0.34035
vt 0.80426 0.33856
vt 0.80451 0.34513
vt 0.80693 0.34677
vt 0.80484 0.35189
vt 0.80805 0.35183
vt 0.80503 0.35602
vt 0.80755 0.35673
vt 0.80627 0.36348
vt 0.80883 0.36176
vt 0.80783 0.36706
vt 0.81082 0.36588
vt 0.80356 0.36064
vt 0.80359 0.36577
vt 0.80042 0.36410
vt 0.80156 0.36829
vt 0.79800 0.36552
vt 0.80236 0.35552
vt 0.80002 0.35993
vt 0.79702 0.36303
vt 0.80612 0.30774
vt 0.80516 0.31475
vt 0.80186 0.35158
vt 0.80236 0.34692
vt 0.80274 0.33394
vt 0.80217 0.34163
vt 0.79921 0.35648
vt 0.80466 0.30391
vt 0.80321 0.32718
vt 0.80294 0.32270
vt 0.80373 0.31094
vt 0.80270 0.31565
vt 0.79473 0.36272
vt 0.79652 0.35818
vt 0.80127 0.33002
vt 0.79839 0.35370
vt 0.80005 0.34744
vt 0.79976 0.30032
vt 0.79702 0.30607
vt 0.80055 0.32563
vt 0.80128 0.33600
vt 0.79983 0.34046
vt 0.80087 0.32094
vt 0.80043 0.30874
vt 0.79766 0.31107
vt 0.80057 0.31488
vt 0.79893 0.33062
vt 0.79378 0.35816
vt 0.79001 0.36250
vt 0.79106 0.36828
vt 0.78702 0.36720
vt 0.79454 0.36747
vt 0.78902 0.37406
vt 0.79252 0.37468
vt 0.79021 0.38003
vt 0.73886 0.85220
vt 0.74182 0.84715
vt 0.74192 0.85068
vt 0.74155 0.85560
vt 0.74451 0.84794
vt 0.73783 0.85714
vt 0.74397 0.84172
vt 0.74587 0.84162
vt 0.73978 0.84411
vt 0.73822 0.84874
vt 0.73887 0.86074
vt 0.73564 0.86487
vt 0.74102 0.86618
vt 0.74038 0.83838
vt 0.74324 0.83353
vt 0.74604 0.83485
vt 0.74633 0.83142
vt 0.74450 0.83002
vt 0.73764 0.87205
vt 0.74103 0.87334
vt 0.73889 0.88018
vt 0.73615 0.87579
vt 0.73530 0.88329
vt 0.74006 0.83196
vt 0.74212 0.83026
vt 0.74029 0.82814
vt 0.73733 0.83496
vt 0.73763 0.84004
vt 0.73495 0.83534
vt 0.73527 0.83161
vt 0.74247 0.86160
vt 0.74302 0.88110
vt 0.74570 0.82618
vt 0.74270 0.82532
vt 0.73348 0.88212
vt 0.73578 0.85648
vt 0.73365 0.86915
vt 0.73317 0.87727
vt 0.74390 0.87179
vt 0.74535 0.82010
vt 0.73643 0.84562
vt 0.73409 0.83985
vt 0.74269 0.81832
vt 0.74592 0.81612
vt 0.74302 0.81454
vt 0.74024 0.81470
vt 0.73991 0.81923
vt 0.73947 0.82389
vt 0.74783 0.81817
vt 0.74448 0.88578
vt 0.74785 0.83132
vt 0.74561 0.87693
vt 0.74843 0.82555
vt 0.74442 0.86545
vt 0.74394 0.85338
vt 0.74541 0.85721
vt 0.74837 0.83859
vt 0.74709 0.86477
vt 0.74630 0.86982
vt 0.75040 0.82133
vt 0.75017 0.81802
vt 0.74702 0.84475
vt 0.74728 0.85220
vt 0.73128 0.84797
vt 0.73320 0.85197
vt 0.72987 0.85534
vt 0.73057 0.86258
vt 0.72774 0.85839
vt 0.72863 0.85041
vt 0.72569 0.86744
vt 0.72774 0.87157
vt 0.72440 0.87478
vt 0.72442 0.88119
vt 0.72944 0.87906
vt 0.73105 0.84283
vt 0.73139 0.83583
vt 0.73053 0.83074
vt 0.73364 0.82833
vt 0.73516 0.82671
vt 0.73366 0.82225
vt 0.73020 0.82486
vt 0.72894 0.83518
vt 0.72745 0.82921
vt 0.73087 0.81937
vt 0.73265 0.81857
vt 0.73081 0.81382
vt 0.73309 0.81388
vt 0.73178 0.80696
vt 0.72728 0.80810
vt 0.72847 0.80212
vt 0.73050 0.79702
vt 0.72843 0.81353
vt 0.72732 0.79165
vt 0.73031 0.78835
vt 0.72770 0.78442
vt 0.74609 0.84866
vt 0.73711 0.82563
vt 0.73612 0.82140
vt 0.73823 0.83013
vt 0.73808 0.81820
vt 0.73657 0.80995
vt 0.74139 0.81080
vt 0.73459 0.81697
vt 0.74036 0.80626
vt 0.73568 0.80389
vt 0.73919 0.80053
vt 0.74464 0.80695
vt 0.74451 0.80191
vt 0.74191 0.79979
vt 0.74814 0.80556
vt 0.73552 0.79723
vt 0.73831 0.79345
vt 0.73459 0.79027
vt 0.73674 0.78507
vt 0.73396 0.78339
vt 0.73170 0.78567
vt 0.73266 0.79472
vt 0.73404 0.80836
vt 0.73380 0.80248
vt 0.74094 0.79453
vt 0.73956 0.78488
vt 0.73572 0.77989
vt 0.74073 0.77513
vt 0.73784 0.77704
vt 0.74283 0.78967
vt 0.74425 0.78279
vt 0.74317 0.77610
vt 0.74483 0.79560
vt 0.74918 0.80072
vt 0.73526 0.77347
vt 0.73233 0.77455
vt 0.73713 0.76784
vt 0.74054 0.76485
vt 0.74260 0.77037
vt 0.74724 0.78770
vt 0.74763 0.79312
vt 0.75101 0.80779
vt 0.74409 0.76653
vt 0.74511 0.77353
vt 0.74622 0.77839
vt 0.74971 0.81175
vt 0.74623 0.81147
vt 0.73235 0.76923
vt 0.73314 0.76515
vt 0.74866 0.81457
vt 0.75085 0.81538
vt 0.74551 0.81447
vt 0.73235 0.77930
vt 0.73030 0.77871
vt 0.72923 0.76722
vt 0.74375 0.81140
vt 0.72865 0.77206
vt 0.72713 0.76752
vt 0.72822 0.77907
vt 0.75276 0.81378
vt 0.68196 0.42563
vt 0.68131 0.42020
vt 0.67702 0.41856
vt 0.67831 0.41656
vt 0.67558 0.41268
vt 0.67317 0.41283
vt 0.67074 0.40848
vt 0.89758 0.27765
vt 0.90392 0.27716
vt 0.90241 0.27892
vt 0.90897 0.27664
vt 0.90790 0.27947
vt 0.91364 0.27776
vt 0.89467 0.28058
vt 0.89180 0.27874
vt 0.88790 0.28009
vt 0.88763 0.27726
vt 0.89247 0.27664
vt 0.88290 0.27798
vt 0.87979 0.27976
vt 0.87695 0.27761
vt 0.87415 0.27979
vt 0.87106 0.27867
vt 0.60380 0.15160
vt 0.61126 0.14778
vt 0.61337 0.14921
vt 0.61920 0.14482
vt 0.62290 0.14750
vt 0.62921 0.14399
vt 0.63439 0.14535
vt 0.63677 0.14157
vt 0.64483 0.14341
vt 0.64538 0.14009
vt 0.65392 0.14014
vt 0.65326 0.14270
vt 0.66248 0.14128
vt 0.64294 0.14674
vt 0.65429 0.14491
vt 0.60751 0.15191
vt 0.66276 0.14444
vt 0.63483 0.14773
vt 0.66916 0.14348
vt 0.66899 0.14073
vt 0.62298 0.14977
vt 0.61174 0.15242
vt 0.13025 0.92379
vt 0.13141 0.92144
vt 0.13652 0.92308
vt 0.12981 0.92581
vt 0.13949 0.92094
vt 0.13831 0.92450
vt 0.14461 0.92255
vt 0.14866 0.92073
vt 0.13718 0.92784
vt 0.14326 0.92616
vt 0.14986 0.92364
vt 0.15737 0.92086
vt 0.15693 0.92280
vt 0.16601 0.92014
vt 0.16400 0.91732
vt 0.16966 0.91589
vt 0.17286 0.91737
vt 0.17622 0.91428
vt 0.17902 0.91514
vt 0.18001 0.91207
vt 0.18307 0.91405
vt 0.18809 0.91042
vt 0.71488 0.52926
vt 0.71815 0.52396
vt 0.71924 0.52910
vt 0.71852 0.53286
vt 0.71710 0.53779
vt 0.71339 0.53379
vt 0.71432 0.53980
vt 0.71126 0.52753
vt 0.71275 0.52405
vt 0.71654 0.52031
vt 0.70976 0.51952
vt 0.71326 0.51710
vt 0.71083 0.51274
vt 0.71287 0.50806
vt 0.70920 0.50835
vt 0.71646 0.51270
vt 0.71550 0.50548
vt 0.71816 0.50668
vt 0.71783 0.51686
vt 0.71120 0.50185
vt 0.70833 0.50294
vt 0.71502 0.50049
vt 0.70851 0.49809
vt 0.71001 0.49334
vt 0.70785 0.48970
vt 0.71048 0.48735
vt 0.70988 0.48396
vt 0.71943 0.51185
vt 0.71717 0.50134
vt 0.71873 0.54502
vt 0.72109 0.54324
vt 0.72115 0.53695
vt 0.72363 0.54093
vt 0.72457 0.54869
vt 0.72355 0.53393
vt 0.72162 0.53249
vt 0.72347 0.53002
vt 0.72279 0.52644
vt 0.72553 0.52604
vt 0.72549 0.51972
vt 0.71437 0.49695
vt 0.71675 0.49711
vt 0.71572 0.49373
vt 0.71281 0.49106
vt 0.72527 0.53035
vt 0.72374 0.52042
vt 0.72422 0.51305
vt 0.72273 0.51903
vt 0.72692 0.51510
vt 0.72504 0.50904
vt 0.72383 0.50698
vt 0.72552 0.50488
vt 0.72430 0.50164
vt 0.72280 0.50046
vt 0.72403 0.49600
vt 0.72074 0.49521
vt 0.72148 0.49065
vt 0.72012 0.49046
vt 0.71959 0.48645
vt 0.72238 0.51208
vt 0.72215 0.52289
vt 0.72165 0.48548
vt 0.72316 0.49078
vt 0.71335 0.54382
vt 0.71093 0.53852
vt 0.72093 0.50473
vt 0.71807 0.48869
vt 0.70983 0.53155
vt 0.71886 0.50025
vt 0.72054 0.51858
vt 0.72009 0.52555
vt 0.70844 0.51357
vt 0.71780 0.49298
vt 0.71684 0.49062
vt 0.70626 0.49625
vt 0.70623 0.50042
vt 0.71837 0.49640
vt 0.72599 0.50089
vt 0.70873 0.52585
vt 0.72017 0.48343
vt 0.70689 0.50630
vt 0.70638 0.51339
vt 0.70796 0.52011
vt 0.72728 0.51011
vt 0.72752 0.50645
vt 0.70640 0.48926
vt 0.27403 0.53418
vt 0.27546 0.53123
vt 0.27211 0.52888
vt 0.28093 0.52883
vt 0.27251 0.53697
vt 0.27863 0.53267
vt 0.28074 0.53531
vt 0.28263 0.53159
vt 0.28736 0.53353
vt 0.28702 0.53688
vt 0.29613 0.53515
vt 0.29485 0.53301
vt 0.29152 0.53062
vt 0.29622 0.52999
vt 0.30033 0.53278
vt 0.30106 0.52879
vt 0.30317 0.53009
vt 0.30590 0.52753
vt 0.30734 0.52568
vt 0.30923 0.52783
vt 0.31397 0.52589
vt 0.31299 0.52859
vt 0.31874 0.52709
vt 0.32052 0.52476
vt 0.32290 0.52582
vt 0.32503 0.52340
vt 0.32749 0.52489
vt 0.32795 0.52279
vt 0.33319 0.52365
vt 0.33399 0.52049
vt 0.33648 0.52127
vt 0.33809 0.52329
vt 0.33960 0.52077
vt 0.34148 0.52177
vt 0.34127 0.51783
vt 0.34571 0.51958
vt 0.34457 0.51649
vt 0.34900 0.51634
vt 0.35131 0.51928
vt 0.35256 0.51525
vt 0.34903 0.51024
vt 0.35340 0.51178
vt 0.35722 0.51125
vt 0.35481 0.50860
vt 0.34423 0.51338
vt 0.34270 0.51054
vt 0.33751 0.51241
vt 0.33972 0.50818
vt 0.33455 0.51044
vt 0.32875 0.51308
vt 0.32786 0.51150
vt 0.33119 0.51597
vt 0.32537 0.51574
vt 0.32680 0.51771
vt 0.32419 0.51831
vt 0.31915 0.51738
vt 0.33999 0.51402
vt 0.34838 0.52191
vt 0.35518 0.51966
vt 0.32056 0.51439
vt 0.35582 0.51714
vt 0.36204 0.51307
vt 0.36262 0.50926
vt 0.36782 0.50945
vt 0.36951 0.51270
vt 0.37402 0.51005
vt 0.37406 0.50729
vt 0.38155 0.50698
vt 0.38111 0.50395
vt 0.37357 0.50399
vt 0.38087 0.49956
vt 0.37656 0.49779
vt 0.38326 0.49467
vt 0.36912 0.50218
vt 0.38770 0.49939
vt 0.36801 0.49935
vt 0.36183 0.50226
vt 0.38903 0.50365
vt 0.36889 0.50581
vt 0.33524 0.51673
vt 0.34374 0.52335
vt 0.34125 0.52434
vt 0.33823 0.51877
vt 0.30738 0.53102
vt 0.30134 0.52561
vt 0.29903 0.52726
vt 0.29559 0.52763
vt 0.29264 0.52588
vt 0.29876 0.52460
vt 0.36198 0.51589
vt 0.34711 0.50692
vt 0.35438 0.50506
vt 0.28771 0.52937
vt 0.36040 0.50580
vt 0.28573 0.52660
vt 0.30330 0.53421
vt 0.34266 0.52493
vt 0.21412 0.89542
vt 0.21412 0.90331
vt 0.21096 0.89794
vt 0.40457 0.24081
vt 0.39736 0.24090
vt 0.40083 0.24284
vt 0.40733 0.24287
vt 0.41190 0.24099
vt 0.40752 0.23866
vt 0.39586 0.24232
vt 0.40096 0.23860
vt 0.41469 0.23832
vt 0.41980 0.24125
vt 0.42159 0.23757
vt 0.42499 0.23953
vt 0.43053 0.23715
vt 0.43176 0.23988
vt 0.43738 0.23644
vt 0.43990 0.23862
vt 0.44571 0.23528
vt 0.45167 0.23773
vt 0.45443 0.23446
vt 0.40281 0.23621
vt 0.40726 0.23651
vt 0.41608 0.23583
vt 0.39117 0.24230
vt 0.39308 0.23841
vt 0.38856 0.24042
vt 0.38571 0.24243
vt 0.39723 0.23700
vt 0.40865 0.23391
vt 0.40318 0.23459
vt 0.42275 0.23492
vt 0.39251 0.23381
vt 0.39011 0.23758
vt 0.38574 0.23929
vt 0.38310 0.24058
vt 0.37967 0.23820
vt 0.37440 0.23927
vt 0.37237 0.23666
vt 0.36631 0.23757
vt 0.38923 0.23409
vt 0.38847 0.23189
vt 0.38514 0.22902
vt 0.38318 0.23288
vt 0.38756 0.23635
vt 0.37926 0.23410
vt 0.36557 0.23535
vt 0.35981 0.23701
vt 0.37370 0.23337
vt 0.37519 0.22882
vt 0.38088 0.22886
vt 0.36954 0.22880
vt 0.36889 0.23249
vt 0.36362 0.23034
vt 0.36066 0.23209
vt 0.36339 0.22611
vt 0.36754 0.22451
vt 0.36315 0.22282
vt 0.35929 0.22683
vt 0.37285 0.22490
vt 0.37774 0.22621
vt 0.35968 0.22341
vt 0.35325 0.22290
vt 0.35350 0.22056
vt 0.34904 0.22001
vt 0.34769 0.22392
vt 0.35299 0.22651
vt 0.34294 0.21902
vt 0.34279 0.22161
vt 0.35598 0.22920
vt 0.36035 0.22112
vt 0.35799 0.23492
vt 0.35529 0.23667
vt 0.35354 0.23325
vt 0.34126 0.21605
vt 0.34642 0.21779
vt 0.35153 0.23514
vt 0.35073 0.23650
vt 0.34632 0.23571
vt 0.35265 0.23039
vt 0.34848 0.23193
vt 0.34174 0.23337
vt 0.33780 0.23473
vt 0.39838 0.23426
vt 0.34151 0.22992
vt 0.35082 0.22829
vt 0.34806 0.22867
vt 0.34509 0.22721
vt 0.35604 0.21977
vt 0.38084 0.23652
vt 0.39478 0.23339
vt 0.35184 0.21841
vt 0.38372 0.22695
vt 0.43654 0.23391
vt 0.33858 0.22337
vt 0.42968 0.23346
vt 0.41427 0.23349
vt 0.39163 0.23080
vt 0.38784 0.22826
vt 0.33784 0.22512
vt 0.34018 0.22685
vt 0.44953 0.23189
vt 0.37095 0.22278
vt 0.36519 0.22118
vt 0.37554 0.22417
vt 0.38010 0.22419
vt 0.10808 0.23775
vt 0.11082 0.23991
vt 0.11747 0.24023
vt 0.11537 0.23748
vt 0.12294 0.23850
vt 0.12675 0.24091
vt 0.12935 0.23949
vt 0.13455 0.24216
vt 0.13599 0.24006
vt 0.12757 0.24318
vt 0.13453 0.24383
vt 0.14304 0.24478
vt 0.14402 0.24131
vt 0.15101 0.24454
vt 0.15484 0.24255
vt 0.16180 0.24398
vt 0.16044 0.24667
vt 0.15965 0.24043
vt 0.15246 0.24002
vt 0.12180 0.24289
vt 0.16977 0.24528
vt 0.16986 0.24828
vt 0.17853 0.24784
vt 0.11548 0.24177
vt 0.16479 0.24048
vt 0.17354 0.24100
vt 0.17876 0.24248
vt 0.18294 0.24661
vt 0.18582 0.24887
vt 0.18968 0.24700
vt 0.19192 0.24299
vt 0.19662 0.24587
vt 0.19130 0.24901
vt 0.19839 0.24858
vt 0.20553 0.24645
vt 0.20344 0.24465
vt 0.21257 0.24489
vt 0.21138 0.24766
vt 0.22115 0.24590
vt 0.21947 0.24354
vt 0.23017 0.24372
vt 0.23034 0.24627
vt 0.24029 0.24318
vt 0.24058 0.24581
vt 0.24924 0.24365
vt 0.24570 0.24182
vt 0.25367 0.23771
vt 0.21343 0.24065
vt 0.20275 0.24135
vt 0.24085 0.24024
vt 0.18375 0.24118
vt 0.18042 0.23682
vt 0.18647 0.23727
vt 0.19371 0.24003
vt 0.19669 0.23546
vt 0.20403 0.23689
vt 0.20644 0.23143
vt 0.21495 0.22784
vt 0.19441 0.23259
vt 0.21318 0.23457
vt 0.21954 0.22970
vt 0.22381 0.22517
vt 0.22914 0.22761
vt 0.23418 0.22362
vt 0.20775 0.23866
vt 0.21683 0.23745
vt 0.22255 0.23330
vt 0.22714 0.23600
vt 0.24090 0.22521
vt 0.24232 0.22076
vt 0.24968 0.22057
vt 0.23284 0.23363
vt 0.23673 0.23080
vt 0.20573 0.22816
vt 0.18374 0.23354
vt 0.24584 0.21844
vt 0.24563 0.22684
vt 0.22280 0.24042
vt 0.23186 0.23950
vt 0.19354 0.23063
vt 0.19814 0.22760
vt 0.21796 0.22448
vt 0.23889 0.23647
vt 0.23392 0.22040
vt 0.22687 0.22202
vt 0.24250 0.23246
vt 0.24871 0.23462
vt 0.25113 0.23085
vt 0.15166 0.24731
vt 0.25082 0.24552
vt 0.16020 0.24842
vt 0.17605 0.23642
vt 0.10985 0.23506
vt 0.14075 0.24749
vt 0.13023 0.24624
vt 0.20566 0.22542
vt 0.01549 0.53698
vt 0.01399 0.54490
vt 0.01297 0.53817
vt 0.01377 0.52977
vt 0.01558 0.52949
vt 0.01470 0.52163
vt 0.01178 0.54345
vt 0.01339 0.55196
vt 0.01144 0.55182
vt 0.01318 0.55980
vt 0.01502 0.55662
vt 0.01602 0.55014
vt 0.01669 0.54295
vt 0.01753 0.52866
vt 0.01608 0.51949
vt 0.01360 0.51448
vt 0.01488 0.51155
vt 0.01271 0.50963
vt 0.01375 0.50808
vt 0.01635 0.50839
vt 0.01697 0.51353
vt 0.01493 0.50638
vt 0.01296 0.50680
vt 0.01529 0.50316
vt 0.01202 0.50372
vt 0.01853 0.53684
vt 0.81426 0.83048
vt 0.80942 0.82664
vt 0.81365 0.82160
vt 0.80999 0.83404
vt 0.81374 0.84096
vt 0.81017 0.84078
vt 0.81023 0.82015
vt 0.81156 0.81442
vt 0.81613 0.83591
vt 0.81589 0.82976
vt 0.81372 0.81205
vt 0.81087 0.80707
vt 0.81500 0.80255
vt 0.80979 0.79839
vt 0.81189 0.79530
vt 0.81737 0.84074
vt 0.80790 0.81200
vt 0.80483 0.80298
vt 0.80735 0.80038
vt 0.80449 0.79682
vt 0.81490 0.79517
vt 0.80881 0.79199
vt 0.81247 0.79023
vt 0.80846 0.78786
vt 0.81525 0.78702
vt 0.81250 0.78475
vt 0.80565 0.79189
vt 0.80294 0.79175
vt 0.81351 0.77888
vt 0.80437 0.78647
vt 0.80647 0.78521
vt 0.81155 0.77871
vt 0.80904 0.78351
vt 0.81007 0.77482
vt 0.81534 0.77980
vt 0.81477 0.77369
vt 0.81378 0.77082
vt 0.81548 0.76920
vt 0.81712 0.76355
vt 0.81367 0.76368
vt 0.81638 0.75907
vt 0.81963 0.75307
vt 0.81776 0.75228
vt 0.80587 0.78066
vt 0.80808 0.78059
vt 0.81969 0.74544
vt 0.82238 0.74535
vt 0.82308 0.73781
vt 0.82017 0.73794
vt 0.82156 0.72911
vt 0.82432 0.72950
vt 0.82467 0.72110
vt 0.82220 0.72084
vt 0.81711 0.74668
vt 0.80138 0.78981
vt 0.81774 0.73460
vt 0.80375 0.78170
vt 0.80662 0.77541
vt 0.81888 0.72549
vt 0.81011 0.76925
vt 0.81232 0.75973
vt 0.81465 0.75131
vt 0.80175 0.78652
vt 0.80773 0.76449
vt 0.80511 0.77127
vt 0.81505 0.74179
vt 0.81642 0.72118
vt 0.81428 0.72849
vt 0.80997 0.75734
vt 0.80446 0.77518
vt 0.81328 0.73481
vt 0.81342 0.71983
vt 0.81083 0.75172
vt 0.81189 0.74426
vt 0.80482 0.76131
vt 0.80386 0.76740
vt 0.81138 0.72841
vt 0.80300 0.77176
vt 0.80718 0.75557
vt 0.80254 0.77969
vt 0.80189 0.77641
vt 0.79969 0.78199
vt 0.79850 0.78691
f 507/507 506/506 508/508
f 399/399 415/415 414/414
f 560/560 561/561 559/559
f 790/790 791/791 788/788
f 788/788 781/781 787/787
f 788/788 791/791 781/781
f 511/511 512/512 513/513
f 512/512 518/518 517/517
f 792/792 789/789 793/793
f 554/554 556/556 555/555
f 795/795 796/796 794/794
f 552/552 554/554 553/553
f 795/795 794/794 793/793
f 793/793 794/794 792/792
f 510/510 508/508 516/516
f 553/553 555/555 584/584
f 555/555 585/585 584/584
f 584/584 585/585 594/594
f 554/554 555/555 553/553
f 508/508 510/510 509/509
f 507/507 508/508 509/509
f 555/555 556/556 558/558
f 556/556 559/559 558/558
f 556/556 560/560 559/559
f 789/789 788/788 787/787
f 518/518 515/515 523/523
f 559/559 592/592 593/593
f 523/523 542/542 518/518
f 518/518 542/542 541/541
f 559/559 593/593 595/595
f 542/542 550/550 541/541
f 281/281 248/248 251/251
f 792/792 790/790 789/789
f 790/790 788/788 789/789
f 511/511 515/515 512/512
f 511/511 510/510 515/515
f 515/515 518/518 512/512
f 555/555 558/558 585/585
f 510/510 516/516 515/515
f 515/515 516/516 523/523
f 516/516 543/543 523/523
f 523/523 543/543 542/542
f 558/558 559/559 585/585
f 559/559 595/595 585/585
f 585/585 595/595 594/594
f 283/283 250/250 281/281
f 595/595 593/593 606/606
f 595/595 606/606 609/609
f 63/63 64/64 66/66
f 281/281 250/250 248/248
f 250/250 249/249 248/248
f 248/248 247/247 245/245
f 248/248 249/249 247/247
f 553/553 584/584 557/557
f 552/552 553/553 551/551
f 508/508 519/519 516/516
f 516/516 524/524 544/544
f 557/557 584/584 591/591
f 584/584 594/594 591/591
f 516/516 544/544 543/543
f 282/282 265/265 283/283
f 594/594 607/607 591/591
f 282/282 278/278 265/265
f 591/591 607/607 601/601
f 265/265 278/278 274/274
f 265/265 274/274 254/254
f 607/607 602/602 601/601
f 254/254 274/274 273/273
f 594/594 595/595 607/607
f 283/283 265/265 250/250
f 595/595 609/609 607/607
f 265/265 254/254 250/250
f 609/609 608/608 607/607
f 250/250 254/254 249/249
f 66/66 67/67 84/84
f 66/66 64/64 67/67
f 249/249 254/254 255/255
f 249/249 255/255 247/247
f 84/84 67/67 78/78
f 247/247 259/259 246/246
f 607/607 608/608 602/602
f 95/95 84/84 88/88
f 95/95 88/88 92/92
f 84/84 78/78 88/88
f 255/255 254/254 273/273
f 255/255 259/259 247/247
f 88/88 78/78 86/86
f 273/273 270/270 255/255
f 255/255 270/270 259/259
f 270/270 271/271 259/259
f 78/78 77/77 86/86
f 271/271 269/269 259/259
f 92/92 88/88 91/91
f 273/273 279/279 270/270
f 86/86 87/87 88/88
f 270/270 272/272 271/271
f 91/91 88/88 87/87
f 271/271 272/272 284/284
f 86/86 77/77 87/87
f 114/114 104/104 107/107
f 269/269 271/271 284/284
f 116/116 130/130 115/115
f 116/116 115/115 108/108
f 108/108 115/115 107/107
f 87/87 77/77 79/79
f 130/130 114/114 115/115
f 114/114 107/107 115/115
f 87/87 79/79 97/97
f 690/690 689/689 691/691
f 691/691 689/689 692/692
f 107/107 104/104 105/105
f 692/692 689/689 656/656
f 105/105 104/104 103/103
f 692/692 656/656 653/653
f 398/398 397/397 400/400
f 403/403 401/401 404/404
f 402/402 401/401 403/403
f 401/401 413/413 404/404
f 402/402 400/400 401/401
f 400/400 397/397 401/401
f 397/397 412/412 401/401
f 397/397 417/417 412/412
f 401/401 412/412 413/413
f 412/412 429/429 413/413
f 413/413 429/429 428/428
f 429/429 443/443 428/428
f 429/429 454/454 443/443
f 396/396 399/399 397/397
f 396/396 397/397 398/398
f 397/397 411/411 417/417
f 415/415 399/399 396/396
f 414/414 425/425 411/411
f 399/399 411/411 397/397
f 399/399 414/414 411/411
f 425/425 417/417 411/411
f 417/417 425/425 431/431
f 417/417 430/430 412/412
f 412/412 430/430 429/429
f 417/417 431/431 430/430
f 430/430 454/454 429/429
f 431/431 453/453 430/430
f 430/430 453/453 454/454
f 454/454 453/453 483/483
f 454/454 483/483 491/491
f 483/483 498/498 491/491
f 431/431 461/461 453/453
f 461/461 483/483 453/453
f 483/483 461/461 487/487
f 483/483 487/487 498/498
f 778/778 779/779 780/780
f 425/425 432/432 431/431
f 676/676 677/677 672/672
f 672/672 657/657 631/631
f 677/677 657/657 672/672
f 657/657 638/638 631/631
f 156/156 113/113 143/143
f 670/670 650/650 638/638
f 638/638 650/650 639/639
f 670/670 638/638 657/657
f 156/156 143/143 178/178
f 431/431 432/432 461/461
f 432/432 462/462 461/461
f 462/462 485/485 461/461
f 461/461 485/485 486/486
f 775/775 776/776 777/777
f 775/775 774/774 776/776
f 461/461 486/486 487/487
f 777/777 776/776 778/778
f 778/778 776/776 779/779
f 677/677 670/670 657/657
f 143/143 181/181 178/178
f 113/113 105/105 106/106
f 655/655 640/640 656/656
f 106/106 143/143 113/113
f 640/640 637/637 639/639
f 105/105 103/103 106/106
f 670/670 668/668 650/650
f 639/639 637/637 638/638
f 653/653 656/656 640/640
f 641/641 640/640 639/639
f 784/784 785/785 783/783
f 514/514 520/520 521/521
f 568/568 566/566 567/567
f 569/569 568/568 567/567
f 569/569 570/570 568/568
f 521/521 522/522 527/527
f 567/567 566/566 564/564
f 566/566 587/587 589/589
f 784/784 786/786 785/785
f 521/521 520/520 522/522
f 520/520 538/538 522/522
f 566/566 568/568 586/586
f 566/566 586/586 587/587
f 522/522 538/538 536/536
f 536/536 538/538 548/548
f 587/587 586/586 600/600
f 536/536 548/548 547/547
f 240/240 229/229 236/236
f 571/571 570/570 569/569
f 527/527 522/522 525/525
f 781/781 782/782 783/783
f 512/512 514/514 513/513
f 783/783 782/782 784/784
f 563/563 564/564 562/562
f 514/514 517/517 520/520
f 564/564 565/565 562/562
f 517/517 540/540 520/520
f 562/562 565/565 588/588
f 565/565 589/589 588/588
f 589/589 604/604 588/588
f 560/560 562/562 561/561
f 561/561 598/598 592/592
f 562/562 588/588 561/561
f 561/561 588/588 598/598
f 588/588 604/604 598/598
f 598/598 604/604 610/610
f 781/781 783/783 787/787
f 563/563 562/562 560/560
f 512/512 517/517 514/514
f 517/517 518/518 541/541
f 517/517 541/541 540/540
f 604/604 605/605 610/610
f 541/541 550/550 540/540
f 251/251 253/253 280/280
f 565/565 564/564 566/566
f 566/566 589/589 565/565
f 520/520 540/540 538/538
f 538/538 540/540 549/549
f 604/604 589/589 605/605
f 538/538 549/549 548/548
f 267/267 253/253 240/240
f 240/240 253/253 239/239
f 587/587 600/600 589/589
f 589/589 600/600 605/605
f 93/93 53/53 80/80
f 240/240 239/239 229/229
f 80/80 53/53 57/57
f 53/53 50/50 57/57
f 280/280 253/253 267/267
f 80/80 57/57 59/59
f 59/59 57/57 58/58
f 57/57 56/56 58/58
f 253/253 243/243 239/239
f 57/57 50/50 56/56
f 56/56 50/50 54/54
f 239/239 232/232 229/229
f 229/229 232/232 226/226
f 239/239 242/242 232/232
f 559/559 561/561 592/592
f 592/592 598/598 603/603
f 593/593 592/592 603/603
f 593/593 603/603 606/606
f 62/62 60/60 63/63
f 62/62 59/59 60/60
f 598/598 610/610 603/603
f 251/251 252/252 253/253
f 253/253 252/252 243/243
f 59/59 58/58 60/60
f 63/63 60/60 64/64
f 248/248 245/245 251/251
f 251/251 245/245 252/252
f 252/252 245/245 243/243
f 243/243 245/245 244/244
f 60/60 65/65 64/64
f 247/247 246/246 245/245
f 60/60 58/58 65/65
f 58/58 69/69 65/65
f 65/65 69/69 71/71
f 58/58 56/56 69/69
f 56/56 54/54 69/69
f 245/245 246/246 244/244
f 244/244 246/246 261/261
f 243/243 242/242 239/239
f 243/243 244/244 242/242
f 54/54 68/68 69/69
f 242/242 244/244 258/258
f 232/232 242/242 233/233
f 242/242 258/258 233/233
f 233/233 258/258 298/298
f 54/54 48/48 55/55
f 54/54 55/55 68/68
f 55/55 48/48 98/98
f 121/121 122/122 123/123
f 122/122 124/124 123/123
f 687/687 693/693 682/682
f 122/122 118/118 124/124
f 683/683 682/682 659/659
f 244/244 266/266 258/258
f 120/120 117/117 121/121
f 121/121 117/117 122/122
f 68/68 55/55 73/73
f 69/69 68/68 70/70
f 244/244 261/261 266/266
f 261/261 290/290 266/266
f 119/119 117/117 120/120
f 68/68 73/73 70/70
f 686/686 687/687 684/684
f 684/684 687/687 682/682
f 117/117 118/118 122/122
f 684/684 683/683 654/654
f 685/685 684/684 654/654
f 684/684 682/682 683/683
f 64/64 65/65 67/67
f 67/67 65/65 78/78
f 78/78 71/71 77/77
f 65/65 71/71 78/78
f 259/259 262/262 246/246
f 108/108 109/109 110/110
f 71/71 69/69 70/70
f 261/261 246/246 262/262
f 261/261 262/262 290/290
f 70/70 73/73 72/72
f 109/109 117/117 119/119
f 70/70 72/72 71/71
f 686/686 685/685 688/688
f 110/110 109/109 119/119
f 109/109 108/108 105/105
f 109/109 105/105 112/112
f 685/685 686/686 684/684
f 117/117 109/109 112/112
f 71/71 72/72 77/77
f 259/259 268/268 262/262
f 111/111 108/108 110/110
f 688/688 685/685 689/689
f 77/77 72/72 79/79
f 259/259 269/269 268/268
f 116/116 108/108 111/111
f 690/690 688/688 689/689
f 685/685 655/655 689/689
f 108/108 107/107 105/105
f 407/407 409/409 410/410
f 403/403 404/404 405/405
f 405/405 404/404 406/406
f 406/406 404/404 416/416
f 406/406 416/416 419/419
f 416/416 428/428 433/433
f 405/405 406/406 407/407
f 407/407 406/406 408/408
f 406/406 419/419 408/408
f 407/407 408/408 409/409
f 408/408 418/418 409/409
f 408/408 419/419 418/418
f 419/419 441/441 418/418
f 419/419 433/433 441/441
f 441/441 433/433 460/460
f 419/419 416/416 433/433
f 441/441 460/460 458/458
f 404/404 413/413 416/416
f 413/413 428/428 416/416
f 428/428 443/443 433/433
f 433/433 443/443 464/464
f 443/443 480/480 464/464
f 443/443 454/454 480/480
f 128/128 140/140 129/129
f 681/681 623/623 714/714
f 681/681 673/673 623/623
f 176/176 140/140 175/175
f 626/626 623/623 625/625
f 620/620 625/625 623/623
f 480/480 495/495 464/464
f 464/464 495/495 497/497
f 433/433 464/464 460/460
f 460/460 464/464 484/484
f 460/460 482/482 458/458
f 460/460 484/484 482/482
f 484/484 499/499 482/482
f 675/675 680/680 626/626
f 464/464 497/497 484/484
f 497/497 503/503 484/484
f 484/484 503/503 499/499
f 680/680 623/623 626/626
f 714/714 623/623 680/680
f 491/491 498/498 504/504
f 491/491 504/504 495/495
f 495/495 504/504 497/497
f 681/681 674/674 673/673
f 155/155 131/131 112/112
f 676/676 672/672 649/649
f 622/622 674/674 649/649
f 649/649 629/629 622/622
f 676/676 649/649 674/674
f 649/649 631/631 629/629
f 177/177 175/175 128/128
f 118/118 128/128 124/124
f 683/683 659/659 628/628
f 673/673 621/621 623/623
f 622/622 621/621 673/673
f 622/622 619/619 621/621
f 674/674 622/622 673/673
f 619/619 620/620 621/621
f 128/128 175/175 140/140
f 627/627 625/625 620/620
f 619/619 628/628 620/620
f 628/628 627/627 620/620
f 623/623 621/621 620/620
f 118/118 117/117 112/112
f 118/118 112/112 131/131
f 654/654 683/683 628/628
f 118/118 131/131 128/128
f 131/131 184/184 177/177
f 131/131 177/177 128/128
f 622/622 624/624 619/619
f 629/629 624/624 622/622
f 654/654 619/619 624/624
f 654/654 628/628 619/619
f 454/454 491/491 480/480
f 480/480 491/491 495/495
f 156/156 155/155 112/112
f 654/654 630/630 685/685
f 654/654 624/624 630/630
f 630/630 624/624 629/629
f 685/685 630/630 655/655
f 630/630 629/629 631/631
f 672/672 631/631 649/649
f 113/113 156/156 112/112
f 112/112 105/105 113/113
f 630/630 637/637 655/655
f 630/630 631/631 637/637
f 655/655 637/637 640/640
f 631/631 638/638 637/637
f 656/656 689/689 655/655
f 314/314 323/323 321/321
f 321/321 331/331 333/333
f 323/323 331/331 321/321
f 317/317 318/318 319/319
f 310/310 316/316 314/314
f 313/313 314/314 315/315
f 313/313 310/310 314/314
f 861/861 863/863 860/860
f 916/916 863/863 861/861
f 861/861 855/855 921/921
f 861/861 860/860 855/855
f 916/916 861/861 921/921
f 317/317 313/313 315/315
f 863/863 916/916 915/915
f 317/317 315/315 318/318
f 315/315 321/321 318/318
f 864/864 860/860 863/863
f 315/315 314/314 321/321
f 321/321 333/333 335/335
f 860/860 864/864 862/862
f 860/860 862/862 857/857
f 865/865 863/863 915/915
f 865/865 915/915 926/926
f 865/865 864/864 863/863
f 331/331 341/341 334/334
f 333/333 331/331 334/334
f 333/333 334/334 332/332
f 869/869 882/882 909/909
f 345/345 334/334 341/341
f 332/332 334/334 330/330
f 334/334 345/345 330/330
f 909/909 882/882 917/917
f 345/345 353/353 351/351
f 330/330 345/345 348/348
f 329/329 348/348 349/349
f 348/348 351/351 349/349
f 913/913 898/898 896/896
f 917/917 913/913 896/896
f 896/896 909/909 917/917
f 348/348 345/345 351/351
f 896/896 897/897 895/895
f 896/896 895/895 894/894
f 895/895 897/897 903/903
f 896/896 898/898 897/897
f 574/574 573/573 575/575
f 864/864 866/866 884/884
f 319/319 318/318 320/320
f 320/320 318/318 322/322
f 865/865 866/866 864/864
f 571/571 573/573 572/572
f 573/573 574/574 572/572
f 572/572 574/574 577/577
f 537/537 529/529 531/531
f 529/529 528/528 531/531
f 572/572 577/577 576/576
f 576/576 577/577 578/578
f 528/528 530/530 531/531
f 528/528 529/529 525/525
f 865/865 926/926 867/867
f 865/865 867/867 866/866
f 318/318 321/321 335/335
f 318/318 335/335 328/328
f 322/322 318/318 328/328
f 864/864 884/884 883/883
f 862/862 864/864 881/881
f 862/862 881/881 869/869
f 881/881 882/882 869/869
f 335/335 332/332 328/328
f 333/333 332/332 335/335
f 328/328 332/332 330/330
f 882/882 913/913 917/917
f 881/881 864/864 883/883
f 881/881 883/883 882/882
f 883/883 913/913 882/882
f 322/322 328/328 329/329
f 574/574 579/579 577/577
f 328/328 330/330 329/329
f 883/883 914/914 913/913
f 537/537 533/533 539/539
f 578/578 577/577 579/579
f 531/531 530/530 532/532
f 531/531 532/532 533/533
f 348/348 329/329 330/330
f 907/907 913/913 914/914
f 537/537 531/531 533/533
f 570/570 576/576 582/582
f 570/570 582/582 581/581
f 570/570 581/581 568/568
f 578/578 583/583 582/582
f 581/581 582/582 590/590
f 582/582 597/597 590/590
f 568/568 581/581 586/586
f 536/536 547/547 546/546
f 581/581 590/590 586/586
f 586/586 590/590 599/599
f 586/586 599/599 600/600
f 93/93 85/85 53/53
f 236/236 229/229 234/234
f 85/85 49/49 53/53
f 85/85 51/51 49/49
f 590/590 597/597 599/599
f 582/582 583/583 596/596
f 582/582 596/596 597/597
f 597/597 596/596 611/611
f 85/85 94/94 51/51
f 94/94 52/52 51/51
f 578/578 579/579 580/580
f 578/578 580/580 583/583
f 899/899 897/897 898/898
f 349/349 351/351 373/373
f 907/907 898/898 913/913
f 580/580 615/615 583/583
f 583/583 615/615 596/596
f 899/899 902/902 897/897
f 897/897 902/902 903/903
f 596/596 613/613 612/612
f 291/291 220/220 237/237
f 220/220 218/218 237/237
f 351/351 372/372 373/373
f 615/615 617/617 613/613
f 237/237 217/217 238/238
f 237/237 218/218 217/217
f 615/615 613/613 596/596
f 596/596 612/612 611/611
f 52/52 82/82 45/45
f 218/218 220/220 219/219
f 613/613 614/614 612/612
f 82/82 35/35 36/36
f 35/35 18/18 36/36
f 525/525 522/522 526/526
f 571/571 572/572 570/570
f 572/572 576/576 570/570
f 526/526 528/528 525/525
f 522/522 536/536 526/526
f 526/526 536/536 535/535
f 536/536 546/546 535/535
f 576/576 578/578 582/582
f 526/526 530/530 528/528
f 526/526 535/535 530/530
f 534/534 530/530 535/535
f 535/535 546/546 545/545
f 535/535 545/545 534/534
f 899/899 920/920 902/902
f 234/234 229/229 225/225
f 234/234 230/230 289/289
f 291/291 289/289 220/220
f 289/289 230/230 220/220
f 234/234 225/225 230/230
f 230/230 225/225 221/221
f 225/225 224/224 221/221
f 530/530 534/534 532/532
f 907/907 899/899 898/898
f 230/230 221/221 220/220
f 220/220 221/221 219/219
f 45/45 82/82 36/36
f 219/219 222/222 277/277
f 134/134 136/136 139/139
f 219/219 221/221 222/222
f 36/36 18/18 37/37
f 139/139 136/136 144/144
f 37/37 18/18 100/100
f 136/136 137/137 144/144
f 53/53 49/49 50/50
f 225/225 226/226 224/224
f 229/229 226/226 225/225
f 49/49 47/47 50/50
f 51/51 45/45 47/47
f 49/49 51/51 47/47
f 51/51 52/52 45/45
f 224/224 223/223 221/221
f 224/224 227/227 228/228
f 223/223 228/228 222/222
f 224/224 228/228 223/223
f 133/133 126/126 132/132
f 126/126 127/127 132/132
f 127/127 138/138 132/132
f 127/127 135/135 138/138
f 226/226 227/227 224/224
f 47/47 46/46 48/48
f 141/141 123/123 126/126
f 50/50 47/47 48/48
f 226/226 232/232 227/227
f 232/232 233/233 227/227
f 50/50 48/48 54/54
f 233/233 298/298 227/227
f 98/98 48/48 46/46
f 45/45 46/46 47/47
f 141/141 126/126 133/133
f 46/46 38/38 99/99
f 46/46 45/45 38/38
f 124/124 125/125 123/123
f 123/123 125/125 126/126
f 125/125 127/127 126/126
f 46/46 99/99 98/98
f 693/693 694/694 660/660
f 660/660 694/694 647/647
f 223/223 222/222 221/221
f 134/134 132/132 136/136
f 36/36 37/37 38/38
f 701/701 695/695 700/700
f 45/45 36/36 38/38
f 134/134 133/133 132/132
f 700/700 695/695 694/694
f 695/695 701/701 699/699
f 132/132 137/137 136/136
f 138/138 137/137 132/132
f 696/696 697/697 648/648
f 647/647 694/694 648/648
f 694/694 695/695 648/648
f 695/695 696/696 648/648
f 695/695 699/699 696/696
f 696/696 699/699 698/698
f 696/696 698/698 697/697
f 682/682 660/660 659/659
f 682/682 693/693 660/660
f 424/424 422/422 423/423
f 387/387 386/386 384/384
f 384/384 386/386 381/381
f 386/386 387/387 427/427
f 427/427 436/436 386/386
f 387/387 424/424 427/427
f 423/423 426/426 424/424
f 424/424 426/426 427/427
f 427/427 437/437 436/436
f 436/436 437/437 470/470
f 427/427 426/426 437/437
f 470/470 469/469 467/467
f 467/467 469/469 468/468
f 420/420 421/421 422/422
f 422/422 421/421 423/423
f 420/420 418/418 421/421
f 420/420 409/409 418/418
f 418/418 435/435 421/421
f 423/423 421/421 442/442
f 421/421 435/435 442/442
f 423/423 442/442 434/434
f 435/435 438/438 439/439
f 435/435 439/439 442/442
f 442/442 439/439 434/434
f 439/439 445/445 434/434
f 437/437 426/426 470/470
f 426/426 473/473 470/470
f 423/423 434/434 426/426
f 426/426 434/434 473/473
f 445/445 439/439 440/440
f 470/470 473/473 469/469
f 469/469 471/471 468/468
f 469/469 472/472 471/471
f 473/473 472/472 469/469
f 472/472 475/475 471/471
f 473/473 434/434 445/445
f 473/473 445/445 472/472
f 472/472 445/445 474/474
f 445/445 440/440 465/465
f 445/445 465/465 474/474
f 472/472 474/474 475/475
f 475/475 474/474 502/502
f 475/475 502/502 505/505
f 678/678 667/667 679/679
f 474/474 465/465 502/502
f 418/418 438/438 435/435
f 418/418 441/441 438/438
f 441/441 456/456 438/438
f 158/158 174/174 161/161
f 158/158 161/161 160/160
f 635/635 634/634 633/633
f 635/635 633/633 636/636
f 666/666 665/665 652/652
f 163/163 165/165 166/166
f 163/163 164/164 165/165
f 652/652 658/658 651/651
f 162/162 163/163 173/173
f 162/162 159/159 160/160
f 162/162 160/160 163/163
f 642/642 644/644 643/643
f 158/158 160/160 159/159
f 159/159 135/135 158/158
f 644/644 642/642 717/717
f 644/644 652/652 643/643
f 163/163 166/166 173/173
f 644/644 715/715 666/666
f 644/644 666/666 652/652
f 715/715 697/697 716/716
f 644/644 717/717 715/715
f 160/160 161/161 163/163
f 161/161 164/164 163/163
f 635/635 636/636 651/651
f 636/636 652/652 651/651
f 643/643 636/636 633/633
f 643/643 652/652 636/636
f 438/438 456/456 457/457
f 439/439 438/438 440/440
f 438/438 457/457 440/440
f 440/440 457/457 465/465
f 457/457 463/463 492/492
f 457/457 492/492 465/465
f 441/441 458/458 456/456
f 456/456 458/458 463/463
f 456/456 463/463 457/457
f 463/463 488/488 492/492
f 463/463 458/458 482/482
f 463/463 482/482 488/488
f 669/669 634/634 635/635
f 675/675 634/634 669/669
f 465/465 501/501 502/502
f 465/465 492/492 501/501
f 492/492 488/488 501/501
f 678/678 671/671 667/667
f 671/671 658/658 667/667
f 671/671 651/651 658/658
f 669/669 635/635 651/651
f 669/669 651/651 671/671
f 642/642 633/633 632/632
f 645/645 632/632 646/646
f 158/158 135/135 142/142
f 642/642 632/632 645/645
f 633/633 625/625 632/632
f 176/176 174/174 158/158
f 626/626 625/625 634/634
f 625/625 633/633 634/634
f 158/158 142/142 176/176
f 124/124 127/127 125/125
f 124/124 129/129 127/127
f 129/129 140/140 142/142
f 135/135 127/127 129/129
f 129/129 142/142 135/135
f 659/659 660/660 646/646
f 124/124 128/128 129/129
f 632/632 627/627 646/646
f 646/646 627/627 659/659
f 660/660 647/647 646/646
f 647/647 645/645 646/646
f 176/176 142/142 140/140
f 632/632 625/625 627/627
f 180/180 138/138 135/135
f 648/648 697/697 717/717
f 642/642 643/643 633/633
f 645/645 717/717 642/642
f 645/645 648/648 717/717
f 647/647 648/648 645/645
f 717/717 697/697 715/715
f 675/675 626/626 634/634
f 628/628 659/659 627/627
f 367/367 374/374 368/368
f 352/352 367/367 368/368
f 833/833 830/830 832/832
f 354/354 368/368 369/369
f 833/833 832/832 834/834
f 303/303 304/304 305/305
f 305/305 304/304 363/363
f 377/377 379/379 382/382
f 382/382 379/379 383/383
f 908/908 919/919 848/848
f 376/376 390/390 379/379
f 383/383 379/379 391/391
f 391/391 379/379 390/390
f 376/376 379/379 377/377
f 307/307 308/308 312/312
f 339/339 347/347 361/361
f 303/303 305/305 307/307
f 305/305 327/327 308/308
f 307/307 305/305 308/308
f 849/849 848/848 851/851
f 363/363 327/327 305/305
f 848/848 849/849 841/841
f 363/363 361/361 327/327
f 336/336 325/325 346/346
f 339/339 336/336 347/347
f 336/336 346/346 347/347
f 901/901 911/911 910/910
f 901/901 886/886 878/878
f 308/308 327/327 312/312
f 312/312 327/327 325/325
f 327/327 346/346 325/325
f 327/327 347/347 346/346
f 850/850 859/859 842/842
f 327/327 361/361 347/347
f 841/841 850/850 842/842
f 849/849 850/850 841/841
f 842/842 910/910 911/911
f 852/852 850/850 849/849
f 859/859 910/910 842/842
f 312/312 311/311 307/307
f 851/851 923/923 922/922
f 375/375 378/378 376/376
f 375/375 380/380 378/378
f 310/310 311/311 312/312
f 855/855 853/853 912/912
f 922/922 855/855 912/912
f 855/855 922/922 921/921
f 851/851 922/922 912/912
f 912/912 853/853 851/851
f 380/380 384/384 381/381
f 919/919 851/851 848/848
f 851/851 919/919 923/923
f 851/851 852/852 849/849
f 375/375 376/376 377/377
f 378/378 390/390 376/376
f 851/851 853/853 852/852
f 316/316 324/324 323/323
f 316/316 312/312 324/324
f 312/312 325/325 324/324
f 324/324 325/325 326/326
f 343/343 341/341 342/342
f 338/338 342/342 340/340
f 338/338 354/354 342/342
f 342/342 354/354 350/350
f 887/887 891/891 890/890
f 340/340 341/341 326/326
f 340/340 342/342 341/341
f 900/900 891/891 887/887
f 900/900 906/906 891/891
f 323/323 324/324 326/326
f 314/314 316/316 323/323
f 331/331 323/323 326/326
f 857/857 862/862 858/858
f 858/858 862/862 869/869
f 856/856 858/858 868/868
f 900/900 868/868 858/858
f 854/854 857/857 856/856
f 857/857 858/858 856/856
f 906/906 900/900 858/858
f 336/336 338/338 340/340
f 910/910 900/900 888/888
f 340/340 325/325 336/336
f 887/887 888/888 900/900
f 352/352 368/368 338/338
f 338/338 368/368 354/354
f 340/340 326/326 325/325
f 336/336 337/337 338/338
f 352/352 338/338 337/337
f 337/337 367/367 352/352
f 888/888 886/886 901/901
f 888/888 901/901 910/910
f 880/880 886/886 887/887
f 888/888 887/887 886/886
f 850/850 856/856 859/859
f 852/852 856/856 850/850
f 910/910 859/859 868/868
f 856/856 868/868 859/859
f 887/887 889/889 880/880
f 910/910 868/868 900/900
f 887/887 890/890 889/889
f 354/354 369/369 370/370
f 890/890 924/924 889/889
f 834/834 832/832 835/835
f 241/241 211/211 209/209
f 300/300 241/241 206/206
f 241/241 209/209 206/206
f 89/89 34/34 32/32
f 209/209 208/208 206/206
f 310/310 312/312 316/316
f 853/853 854/854 852/852
f 855/855 854/854 853/853
f 854/854 856/856 852/852
f 855/855 860/860 854/854
f 860/860 857/857 854/854
f 343/343 342/342 350/350
f 906/906 894/894 891/891
f 350/350 371/371 353/353
f 343/343 353/353 345/345
f 343/343 345/345 341/341
f 343/343 350/350 353/353
f 891/891 894/894 893/893
f 906/906 909/909 894/894
f 350/350 354/354 370/370
f 370/370 371/371 350/350
f 891/891 892/892 890/890
f 891/891 893/893 892/892
f 890/890 892/892 925/925
f 838/838 836/836 837/837
f 893/893 918/918 892/892
f 292/292 216/216 212/212
f 213/213 210/210 212/212
f 341/341 331/331 326/326
f 906/906 858/858 909/909
f 858/858 869/869 909/909
f 909/909 896/896 894/894
f 838/838 839/839 840/840
f 353/353 371/371 372/372
f 351/351 353/353 372/372
f 893/893 895/895 918/918
f 238/238 217/217 216/216
f 617/617 618/618 616/616
f 216/216 217/217 213/213
f 90/90 43/43 96/96
f 838/838 837/837 839/839
f 61/61 43/43 90/90
f 216/216 213/213 212/212
f 61/61 20/20 43/43
f 43/43 20/20 19/19
f 893/893 894/894 895/895
f 217/217 215/215 213/213
f 213/213 215/215 214/214
f 836/836 834/834 835/835
f 890/890 925/925 924/924
f 211/211 210/210 209/209
f 836/836 835/835 837/837
f 61/61 83/83 44/44
f 211/211 212/212 210/210
f 210/210 231/231 208/208
f 89/89 32/32 83/83
f 83/83 32/32 44/44
f 209/209 210/210 208/208
f 32/32 1/1 31/31
f 32/32 21/21 1/1
f 208/208 231/231 256/256
f 231/231 285/285 256/256
f 44/44 32/32 31/31
f 1/1 2/2 3/3
f 3/3 2/2 8/8
f 61/61 44/44 20/20
f 44/44 31/31 20/20
f 20/20 31/31 5/5
f 210/210 213/213 214/214
f 210/210 214/214 231/231
f 214/214 263/263 231/231
f 31/31 1/1 5/5
f 231/231 263/263 285/285
f 20/20 5/5 6/6
f 1/1 3/3 5/5
f 263/263 299/299 285/285
f 264/264 294/294 263/263
f 5/5 3/3 6/6
f 263/263 294/294 299/299
f 6/6 3/3 7/7
f 3/3 8/8 7/7
f 810/810 811/811 805/805
f 806/806 805/805 807/807
f 729/729 724/724 723/723
f 149/149 150/150 151/151
f 151/151 150/150 152/152
f 708/708 709/709 706/706
f 709/709 737/737 706/706
f 707/707 708/708 706/706
f 808/808 811/811 809/809
f 808/808 809/809 807/807
f 808/808 807/807 805/805
f 811/811 808/808 805/805
f 723/723 722/722 719/719
f 737/737 729/729 723/723
f 706/706 737/737 736/736
f 737/737 719/719 736/736
f 737/737 723/723 719/719
f 617/617 616/616 613/613
f 96/96 43/43 33/33
f 43/43 19/19 33/33
f 33/33 19/19 16/16
f 613/613 616/616 614/614
f 96/96 33/33 35/35
f 33/33 16/16 35/35
f 217/217 218/218 215/215
f 218/218 219/219 215/215
f 215/215 219/219 260/260
f 215/215 260/260 214/214
f 214/214 260/260 264/264
f 214/214 264/264 263/263
f 19/19 20/20 6/6
f 19/19 6/6 16/16
f 6/6 12/12 16/16
f 260/260 297/297 264/264
f 35/35 16/16 18/18
f 219/219 277/277 260/260
f 18/18 16/16 17/17
f 18/18 17/17 100/100
f 16/16 12/12 14/14
f 12/12 6/6 7/7
f 297/297 294/294 264/264
f 147/147 146/146 183/183
f 14/14 12/12 13/13
f 146/146 149/149 183/183
f 146/146 148/148 149/149
f 813/813 809/809 811/811
f 146/146 145/145 148/148
f 815/815 809/809 813/813
f 705/705 736/736 721/721
f 139/139 144/144 147/147
f 277/277 297/297 260/260
f 16/16 14/14 17/17
f 17/17 14/14 101/101
f 144/144 146/146 147/147
f 17/17 101/101 100/100
f 14/14 13/13 101/101
f 702/702 710/710 704/704
f 144/144 145/145 146/146
f 145/145 137/137 157/157
f 816/816 809/809 815/815
f 703/703 721/721 698/698
f 698/698 721/721 716/716
f 699/699 702/702 698/698
f 144/144 137/137 145/145
f 698/698 716/716 697/697
f 702/702 703/703 698/698
f 702/702 704/704 703/703
f 703/703 705/705 721/721
f 703/703 704/704 705/705
f 183/183 149/149 151/151
f 707/707 706/706 704/704
f 12/12 7/7 13/13
f 710/710 707/707 704/704
f 148/148 150/150 149/149
f 736/736 705/705 706/706
f 721/721 736/736 719/719
f 704/704 706/706 705/705
f 380/380 381/381 378/378
f 381/381 444/444 378/378
f 381/381 386/386 444/444
f 378/378 444/444 446/446
f 444/444 447/447 446/446
f 378/378 446/446 390/390
f 390/390 449/449 451/451
f 449/449 455/455 451/451
f 390/390 446/446 449/449
f 449/449 478/478 455/455
f 446/446 447/447 450/450
f 446/446 450/450 449/449
f 449/449 450/450 478/478
f 478/478 496/496 493/493
f 450/450 496/496 478/478
f 450/450 489/489 496/496
f 753/753 754/754 743/743
f 386/386 436/436 444/444
f 436/436 448/448 444/444
f 436/436 467/467 448/448
f 448/448 467/467 466/466
f 466/466 459/459 448/448
f 444/444 448/448 447/447
f 447/447 448/448 459/459
f 447/447 459/459 450/450
f 459/459 489/489 450/450
f 459/459 494/494 489/489
f 436/436 470/470 467/467
f 459/459 490/490 494/494
f 747/747 755/755 728/728
f 754/754 747/747 746/746
f 754/754 746/746 743/743
f 489/489 494/494 496/496
f 726/726 746/746 747/747
f 738/738 724/724 730/730
f 746/746 726/726 727/727
f 746/746 727/727 738/738
f 727/727 724/724 738/738
f 747/747 728/728 726/726
f 467/467 468/468 466/466
f 468/468 476/476 466/466
f 466/466 490/490 459/459
f 466/466 476/476 490/490
f 182/182 171/171 172/172
f 755/755 759/759 728/728
f 728/728 759/759 760/760
f 725/725 760/760 769/769
f 171/171 168/168 172/172
f 170/170 168/168 171/171
f 720/720 719/719 722/722
f 720/720 769/769 663/663
f 720/720 663/663 664/664
f 720/720 664/664 719/719
f 168/168 167/167 169/169
f 172/172 168/168 169/169
f 720/720 725/725 769/769
f 760/760 765/765 769/769
f 769/769 765/765 663/663
f 760/760 763/763 765/765
f 763/763 662/662 765/765
f 662/662 663/663 765/765
f 722/722 724/724 726/726
f 726/726 724/724 727/727
f 726/726 725/725 722/722
f 726/726 728/728 725/725
f 725/725 728/728 760/760
f 725/725 720/720 722/722
f 722/722 723/723 724/724
f 476/476 477/477 490/490
f 773/773 759/759 755/755
f 468/468 477/477 476/476
f 468/468 471/471 477/477
f 471/471 475/475 477/477
f 477/477 475/475 500/500
f 773/773 764/764 759/759
f 475/475 505/505 500/500
f 764/764 679/679 667/667
f 764/764 763/763 759/759
f 764/764 667/667 763/763
f 763/763 667/667 662/662
f 759/759 763/763 760/760
f 173/173 166/166 179/179
f 166/166 168/168 170/170
f 665/665 718/718 664/664
f 665/665 664/664 661/661
f 665/665 666/666 718/718
f 665/665 661/661 652/652
f 664/664 718/718 719/719
f 664/664 663/663 661/661
f 721/721 719/719 718/718
f 166/166 165/165 167/167
f 166/166 167/167 168/168
f 661/661 662/662 658/658
f 661/661 663/663 662/662
f 661/661 658/658 652/652
f 666/666 715/715 718/718
f 715/715 716/716 718/718
f 716/716 721/721 718/718
f 667/667 658/658 662/662
f 356/356 362/362 357/357
f 309/309 357/357 358/358
f 309/309 358/358 359/359
f 358/358 365/365 366/366
f 357/357 364/364 365/365
f 820/820 819/819 821/821
f 871/871 873/873 874/874
f 823/823 820/820 821/821
f 872/872 873/873 871/871
f 871/871 845/845 872/872
f 357/357 365/365 358/358
f 821/821 824/824 823/823
f 824/824 827/827 828/828
f 821/821 822/822 824/824
f 822/822 827/827 824/824
f 194/194 191/191 193/193
f 194/194 195/195 191/191
f 191/191 195/195 192/192
f 195/195 196/196 192/192
f 359/359 358/358 344/344
f 358/358 366/366 344/344
f 826/826 823/823 825/825
f 872/872 875/875 873/873
f 296/296 195/195 194/194
f 296/296 200/200 195/195
f 825/825 829/829 826/826
f 296/296 295/295 200/200
f 367/367 344/344 366/366
f 367/367 366/366 374/374
f 76/76 41/41 42/42
f 826/826 829/829 830/830
f 823/823 824/824 825/825
f 824/824 828/828 825/825
f 195/195 200/200 196/196
f 825/825 828/828 829/829
f 76/76 75/75 41/41
f 81/81 39/39 40/40
f 75/75 81/81 40/40
f 75/75 40/40 41/41
f 830/830 831/831 832/832
f 89/89 74/74 34/34
f 74/74 42/42 34/34
f 830/830 829/829 831/831
f 76/76 42/42 74/74
f 355/355 356/356 306/306
f 385/385 388/388 389/389
f 356/356 357/357 309/309
f 306/306 309/309 304/304
f 356/356 309/309 306/306
f 303/303 306/306 304/304
f 905/905 908/908 846/846
f 904/904 905/905 847/847
f 905/905 846/846 847/847
f 847/847 846/846 845/845
f 304/304 309/309 360/360
f 363/363 360/360 361/361
f 841/841 845/845 846/846
f 309/309 359/359 360/360
f 872/872 845/845 844/844
f 872/872 844/844 876/876
f 304/304 360/360 363/363
f 908/908 848/848 846/846
f 848/848 841/841 846/846
f 904/904 847/847 870/870
f 847/847 845/845 870/870
f 870/870 845/845 871/871
f 382/382 383/383 385/385
f 385/385 383/383 388/388
f 388/388 393/393 389/389
f 383/383 391/391 388/388
f 388/388 391/391 393/393
f 391/391 390/390 451/451
f 391/391 451/451 452/452
f 391/391 452/452 393/393
f 393/393 452/452 395/395
f 452/452 479/479 395/395
f 395/395 479/479 481/481
f 452/452 455/455 479/479
f 393/393 395/395 392/392
f 395/395 481/481 394/394
f 757/757 752/752 756/756
f 751/751 741/741 750/750
f 752/752 741/741 751/751
f 741/741 748/748 750/750
f 757/757 745/745 752/752
f 745/745 741/741 752/752
f 758/758 745/745 757/757
f 360/360 359/359 361/361
f 359/359 344/344 339/339
f 841/841 844/844 845/845
f 841/841 843/843 844/844
f 359/359 339/339 361/361
f 878/878 877/877 876/876
f 878/878 876/876 843/843
f 843/843 842/842 911/911
f 844/844 843/843 876/876
f 876/876 877/877 875/875
f 872/872 876/876 875/875
f 877/877 885/885 875/875
f 841/841 842/842 843/843
f 339/339 344/344 337/337
f 337/337 344/344 367/367
f 911/911 878/878 843/843
f 337/337 336/336 339/339
f 911/911 901/901 878/878
f 878/878 879/879 877/877
f 877/877 879/879 885/885
f 878/878 886/886 880/880
f 878/878 880/880 879/879
f 295/295 204/204 200/200
f 204/204 202/202 200/200
f 200/200 202/202 199/199
f 293/293 204/204 295/295
f 202/202 203/203 199/199
f 200/200 199/199 196/196
f 196/196 199/199 197/197
f 192/192 197/197 198/198
f 192/192 196/196 197/197
f 197/197 235/235 198/198
f 198/198 235/235 288/288
f 28/28 24/24 40/40
f 28/28 25/25 24/24
f 24/24 25/25 23/23
f 798/798 799/799 800/800
f 197/197 199/199 201/201
f 197/197 201/201 235/235
f 42/42 41/41 29/29
f 41/41 24/24 29/29
f 199/199 203/203 201/201
f 201/201 275/275 235/235
f 40/40 24/24 41/41
f 190/190 189/189 187/187
f 24/24 23/23 10/10
f 188/188 187/187 189/189
f 23/23 22/22 10/10
f 818/818 817/817 801/801
f 23/23 102/102 22/22
f 818/818 801/801 799/799
f 801/801 800/800 799/799
f 770/770 749/749 767/767
f 770/770 767/767 772/772
f 758/758 744/744 745/745
f 744/744 739/739 745/745
f 742/742 748/748 741/741
f 745/745 739/739 741/741
f 801/801 802/802 800/800
f 740/740 733/733 766/766
f 766/766 767/767 749/749
f 742/742 749/749 748/748
f 742/742 740/740 749/749
f 749/749 740/740 766/766
f 740/740 741/741 739/739
f 741/741 740/740 742/742
f 739/739 732/732 740/740
f 732/732 733/733 740/740
f 293/293 300/300 206/206
f 293/293 206/206 204/204
f 206/206 205/205 204/204
f 204/204 205/205 202/202
f 42/42 29/29 30/30
f 202/202 205/205 203/203
f 205/205 276/276 203/203
f 29/29 15/15 30/30
f 30/30 15/15 4/4
f 42/42 30/30 34/34
f 34/34 30/30 4/4
f 206/206 207/207 205/205
f 207/207 276/276 205/205
f 206/206 208/208 207/207
f 208/208 256/256 207/207
f 32/32 34/34 21/21
f 34/34 4/4 21/21
f 207/207 256/256 276/276
f 256/256 285/285 287/287
f 256/256 287/287 276/276
f 4/4 15/15 2/2
f 185/185 153/153 154/154
f 287/287 286/286 276/276
f 2/2 10/10 9/9
f 185/185 154/154 186/186
f 203/203 275/275 201/201
f 203/203 276/276 275/275
f 15/15 29/29 10/10
f 29/29 24/24 10/10
f 188/188 186/186 187/187
f 817/817 814/814 801/801
f 275/275 276/276 286/286
f 2/2 15/15 10/10
f 10/10 22/22 11/11
f 187/187 186/186 154/154
f 713/713 772/772 712/712
f 10/10 11/11 9/9
f 713/713 712/712 711/711
f 802/802 803/803 804/804
f 733/733 731/731 734/734
f 743/743 738/738 739/739
f 738/738 730/730 739/739
f 732/732 731/731 733/733
f 739/739 730/730 732/732
f 730/730 731/731 732/732
f 153/153 152/152 154/154
f 810/810 803/803 814/814
f 734/734 731/731 712/712
f 711/711 712/712 709/709
f 803/803 805/805 804/804
f 712/712 731/731 735/735
f 712/712 735/735 709/709
f 735/735 731/731 729/729
f 731/731 730/730 729/729
f 767/767 766/766 734/734
f 766/766 733/733 734/734
f 767/767 734/734 772/772
f 814/814 803/803 801/801
f 801/801 803/803 802/802
f 712/712 772/772 734/734
f 21/21 4/4 1/1
f 4/4 2/2 1/1
f 2/2 9/9 8/8
f 285/285 302/302 287/287
f 285/285 299/299 302/302
f 151/151 152/152 153/153
f 803/803 810/810 805/805
f 711/711 709/709 708/708
f 804/804 805/805 806/806
f 735/735 729/729 709/709
f 709/709 729/729 737/737
f 451/451 455/455 452/452
f 455/455 478/478 493/493
f 455/455 493/493 479/479
f 753/753 744/744 758/758
f 753/753 743/743 744/744
f 744/744 743/743 739/739
f 746/746 738/738 743/743
f 730/730 724/724 729/729
f 39/39 28/28 40/40
f 198/198 288/288 257/257
f 28/28 27/27 25/25
f 288/288 301/301 257/257
f 762/762 761/761 768/768
f 762/762 748/748 761/761
f 762/762 750/750 748/748
f 812/812 799/799 797/797
f 797/797 799/799 798/798
f 818/818 799/799 812/812
f 25/25 27/27 26/26
f 25/25 26/26 23/23
f 23/23 26/26 102/102
f 771/771 768/768 770/770
f 761/761 748/748 749/749
f 761/761 749/749 768/768
f 768/768 749/749 770/770
f 931/931 933/933 927/927
f 933/933 932/932 927/927
f 935/935 934/934 933/933
f 936/936 935/935 933/933
f 935/935 1019/1019 934/934
f 932/932 934/934 930/930
f 933/933 934/934 932/932
f 928/928 927/927 932/932
f 932/932 930/930 928/928
f 934/934 1019/1019 930/930
f 930/930 1019/1019 1021/1021
f 929/929 928/928 930/930
f 1022/1022 1010/1010 943/943
f 937/937 1022/1022 941/941
f 1022/1022 943/943 941/941
f 1010/1010 944/944 943/943
f 948/948 946/946 1010/1010
f 948/948 947/947 946/946
f 946/946 947/947 945/945
f 1010/1010 946/946 944/944
f 946/946 945/945 944/944
f 937/937 941/941 938/938
f 941/941 943/943 942/942
f 941/941 942/942 940/940
f 940/940 942/942 1012/1012
f 940/940 1012/1012 1013/1013
f 938/938 941/941 940/940
f 1013/1013 1012/1012 1014/1014
f 937/937 938/938 935/935
f 936/936 937/937 935/935
f 935/935 938/938 939/939
f 938/938 940/940 939/939
f 939/939 940/940 1019/1019
f 1019/1019 1013/1013 1014/1014
f 939/939 1019/1019 935/935
f 940/940 1013/1013 1019/1019
f 942/942 943/943 944/944
f 942/942 944/944 945/945
f 1012/1012 942/942 1011/1011
f 1011/1011 942/942 945/945
f 1012/1012 1015/1015 1014/1014
f 1019/1019 1014/1014 1021/1021
f 976/976 977/977 986/986
f 958/958 957/957 955/955
f 951/951 953/953 952/952
f 951/951 952/952 950/950
f 951/951 950/950 949/949
f 955/955 954/954 953/953
f 955/955 957/957 956/956
f 955/955 956/956 954/954
f 980/980 978/978 979/979
f 981/981 980/980 979/979
f 982/982 981/981 979/979
f 978/978 976/976 979/979
f 953/953 954/954 952/952
f 949/949 950/950 947/947
f 948/948 949/949 947/947
f 979/979 976/976 986/986
f 970/970 1020/1020 1018/1018
f 967/967 970/970 1017/1017
f 970/970 1018/1018 1017/1017
f 977/977 976/976 975/975
f 1016/1016 991/991 988/988
f 985/985 987/987 965/965
f 965/965 966/966 964/964
f 985/985 965/965 984/984
f 965/965 962/962 984/984
f 965/965 964/964 962/962
f 1016/1016 988/988 987/987
f 987/987 988/988 969/969
f 988/988 989/989 969/969
f 985/985 1016/1016 987/987
f 987/987 969/969 966/966
f 966/966 969/969 968/968
f 969/969 970/970 968/968
f 968/968 970/970 967/967
f 969/969 1020/1020 970/970
f 987/987 966/966 965/965
f 964/964 967/967 971/971
f 964/964 963/963 962/962
f 971/971 967/967 972/972
f 973/973 983/983 971/971
f 971/971 972/972 973/973
f 960/960 962/962 961/961
f 957/957 959/959 1009/1009
f 959/959 960/960 961/961
f 959/959 961/961 1009/1009
f 963/963 961/961 962/962
f 966/966 967/967 964/964
f 966/966 968/968 967/967
f 972/972 967/967 1017/1017
f 972/972 1017/1017 974/974
f 984/984 962/962 1007/1007
f 1007/1007 1008/1008 1023/1023
f 1007/1007 960/960 1008/1008
f 1008/1008 960/960 958/958
f 958/958 960/960 959/959
f 1007/1007 962/962 960/960
f 958/958 959/959 957/957
f 973/973 1006/1006 983/983
f 978/978 973/973 976/976
f 973/973 975/975 976/976
f 973/973 972/972 974/974
f 973/973 974/974 975/975
f 956/956 957/957 1009/1009
f 994/994 1004/1004 995/995
f 1004/1004 1001/1001 995/995
f 1001/1001 997/997 995/995
f 994/994 993/993 992/992
f 992/992 990/990 991/991
f 993/993 996/996 1005/1005
f 990/990 993/993 1005/1005
f 992/992 993/993 990/990
f 996/996 995/995 997/997
f 996/996 997/997 998/998
f 993/993 994/994 995/995
f 993/993 995/995 996/996
f 998/998 1000/1000 996/996
f 998/998 1002/1002 1000/1000
f 1005/1005 996/996 1000/1000
f 1000/1000 1002/1002 1003/1003
f 990/990 1005/1005 989/989
f 989/989 1005/1005 1020/1020
f 1005/1005 1000/1000 1020/1020
f 1020/1020 1000/1000 1003/1003
f 1024/1024 1025/1025 1026/1026
f 991/991 990/990 988/988
f 988/988 990/990 989/989
f 989/989 1020/1020 969/969
f 1001/1001 999/999 997/997
f 999/999 998/998 997/997
f 1099/1099 1092/1092 1100/1100
f 1082/1082 1080/1080 1081/1081
f 1113/1113 1088/1088 1095/1095
f 1088/1088 1086/1086 1095/1095
f 1088/1088 1087/1087 1086/1086
f 1086/1086 1087/1087 1083/1083
f 1095/1095 1082/1082 1128/1128
f 1086/1086 1080/1080 1082/1082
f 1095/1095 1086/1086 1082/1082
f 1083/1083 1087/1087 1091/1091
f 1091/1091 1094/1094 1083/1083
f 1086/1086 1083/1083 1080/1080
f 1083/1083 1078/1078 1080/1080
f 1094/1094 1078/1078 1083/1083
f 1094/1094 1079/1079 1078/1078
f 1089/1089 1088/1088 1116/1116
f 1100/1100 1089/1089 1116/1116
f 1089/1089 1087/1087 1088/1088
f 1090/1090 1087/1087 1089/1089
f 1092/1092 1090/1090 1089/1089
f 1100/1100 1092/1092 1089/1089
f 1093/1093 1090/1090 1092/1092
f 1113/1113 1116/1116 1088/1088
f 1087/1087 1090/1090 1091/1091
f 1104/1104 1105/1105 1098/1098
f 1091/1091 1110/1110 1094/1094
f 1110/1110 1104/1104 1094/1094
f 1110/1110 1111/1111 1104/1104
f 1090/1090 1110/1110 1091/1091
f 1104/1104 1111/1111 1105/1105
f 1093/1093 1119/1119 1112/1112
f 1090/1090 1093/1093 1112/1112
f 1109/1109 1105/1105 1111/1111
f 1112/1112 1109/1109 1111/1111
f 1125/1125 1109/1109 1112/1112
f 1090/1090 1112/1112 1110/1110
f 1110/1110 1112/1112 1111/1111
f 1094/1094 1104/1104 1079/1079
f 1104/1104 1098/1098 1079/1079
f 1112/1112 1124/1124 1125/1125
f 1101/1101 1102/1102 1097/1097
f 1096/1096 1071/1071 1079/1079
f 1096/1096 1072/1072 1071/1071
f 1071/1071 1072/1072 1064/1064
f 1096/1096 1097/1097 1072/1072
f 1098/1098 1096/1096 1079/1079
f 1098/1098 1097/1097 1096/1096
f 1098/1098 1101/1101 1097/1097
f 1106/1106 1103/1103 1105/1105
f 1105/1105 1101/1101 1098/1098
f 1101/1101 1103/1103 1102/1102
f 1105/1105 1103/1103 1101/1101
f 1109/1109 1106/1106 1105/1105
f 1106/1106 1107/1107 1103/1103
f 1067/1067 1065/1065 1066/1066
f 1067/1067 1068/1068 1065/1065
f 1084/1084 1085/1085 1129/1129
f 1117/1117 1130/1130 1085/1085
f 1117/1117 1085/1085 1075/1075
f 1085/1085 1130/1130 1129/1129
f 1084/1084 1076/1076 1085/1085
f 1076/1076 1074/1074 1085/1085
f 1077/1077 1071/1071 1063/1063
f 1073/1073 1114/1114 1070/1070
f 1063/1063 1114/1114 1073/1073
f 1076/1076 1073/1073 1074/1074
f 1073/1073 1077/1077 1063/1063
f 1076/1076 1077/1077 1073/1073
f 1117/1117 1067/1067 1123/1123
f 1075/1075 1068/1068 1067/1067
f 1067/1067 1066/1066 1123/1123
f 1117/1117 1075/1075 1067/1067
f 1070/1070 1069/1069 1068/1068
f 1114/1114 1069/1069 1070/1070
f 1068/1068 1069/1069 1065/1065
f 1085/1085 1074/1074 1075/1075
f 1074/1074 1068/1068 1075/1075
f 1074/1074 1073/1073 1068/1068
f 1073/1073 1070/1070 1068/1068
f 1128/1128 1081/1081 1127/1127
f 1081/1081 1084/1084 1127/1127
f 1082/1082 1081/1081 1128/1128
f 1127/1127 1084/1084 1129/1129
f 1081/1081 1076/1076 1084/1084
f 1080/1080 1076/1076 1081/1081
f 1078/1078 1079/1079 1077/1077
f 1076/1076 1078/1078 1077/1077
f 1079/1079 1071/1071 1077/1077
f 1080/1080 1078/1078 1076/1076
f 1114/1114 1059/1059 1069/1069
f 1059/1059 1060/1060 1051/1051
f 1063/1063 1061/1061 1114/1114
f 1063/1063 1062/1062 1061/1061
f 1071/1071 1064/1064 1063/1063
f 1064/1064 1062/1062 1063/1063
f 1062/1062 1060/1060 1061/1061
f 1061/1061 1059/1059 1114/1114
f 1061/1061 1060/1060 1059/1059
f 1055/1055 1108/1108 1046/1046
f 1046/1046 1108/1108 1053/1053
f 1046/1046 1053/1053 1034/1034
f 1121/1121 1054/1054 1048/1048
f 1047/1047 1032/1032 1035/1035
f 1046/1046 1047/1047 1054/1054
f 1046/1046 1032/1032 1047/1047
f 1032/1032 1027/1027 1031/1031
f 1054/1054 1035/1035 1048/1048
f 1035/1035 1032/1032 1031/1031
f 1054/1054 1047/1047 1035/1035
f 1046/1046 1054/1054 1055/1055
f 1046/1046 1034/1034 1032/1032
f 1032/1032 1034/1034 1027/1027
f 1057/1057 1050/1050 1053/1053
f 1108/1108 1115/1115 1053/1053
f 1115/1115 1057/1057 1053/1053
f 1115/1115 1122/1122 1057/1057
f 1122/1122 1066/1066 1057/1057
f 1123/1123 1066/1066 1122/1122
f 1050/1050 1057/1057 1058/1058
f 1057/1057 1065/1065 1058/1058
f 1066/1066 1065/1065 1057/1057
f 1065/1065 1069/1069 1058/1058
f 1034/1034 1028/1028 1027/1027
f 1027/1027 1028/1028 1029/1029
f 1034/1034 1053/1053 1028/1028
f 1028/1028 1033/1033 1029/1029
f 1027/1027 1030/1030 1031/1031
f 1027/1027 1029/1029 1030/1030
f 1028/1028 1050/1050 1049/1049
f 1053/1053 1050/1050 1028/1028
f 1028/1028 1049/1049 1033/1033
f 1050/1050 1058/1058 1051/1051
f 1058/1058 1059/1059 1051/1051
f 1050/1050 1051/1051 1049/1049
f 1069/1069 1059/1059 1058/1058
f 1051/1051 1052/1052 1049/1049
f 1118/1118 1041/1041 1043/1043
f 1041/1041 1042/1042 1043/1043
f 1039/1039 1041/1041 1118/1118
f 1041/1041 1040/1040 1042/1042
f 1039/1039 1040/1040 1041/1041
f 1056/1056 1039/1039 1120/1120
f 1056/1056 1037/1037 1039/1039
f 1037/1037 1038/1038 1039/1039
f 1056/1056 1048/1048 1037/1037
f 1056/1056 1121/1121 1048/1048
f 1037/1037 1036/1036 1038/1038
f 1035/1035 1036/1036 1037/1037
f 1048/1048 1035/1035 1037/1037
f 1031/1031 1036/1036 1035/1035
f 1120/1120 1039/1039 1118/1118
f 1039/1039 1038/1038 1040/1040
f 1045/1045 1126/1126 1043/1043
f 1043/1043 1044/1044 1045/1045
f 1126/1126 1118/1118 1043/1043
f 1044/1044 1043/1043 1042/1042
f 1206/1206 1200/1200 1201/1201
f 1177/1177 1217/1217 1180/1180
f 1177/1177 1180/1180 1176/1176
f 1212/1212 1192/1192 1215/1215
f 1192/1192 1212/1212 1188/1188
f 1192/1192 1188/1188 1191/1191
f 1193/1193 1192/1192 1191/1191
f 1193/1193 1191/1191 1197/1197
f 1197/1197 1190/1190 1196/1196
f 1198/1198 1196/1196 1208/1208
f 1196/1196 1178/1178 1208/1208
f 1197/1197 1196/1196 1198/1198
f 1200/1200 1194/1194 1199/1199
f 1201/1201 1200/1200 1199/1199
f 1200/1200 1214/1214 1194/1194
f 1194/1194 1193/1193 1199/1199
f 1215/1215 1192/1192 1194/1194
f 1194/1194 1192/1192 1193/1193
f 1214/1214 1215/1215 1194/1194
f 1199/1199 1193/1193 1203/1203
f 1213/1213 1198/1198 1209/1209
f 1202/1202 1198/1198 1213/1213
f 1199/1199 1203/1203 1207/1207
f 1180/1180 1217/1217 1213/1213
f 1203/1203 1202/1202 1216/1216
f 1202/1202 1213/1213 1216/1216
f 1193/1193 1197/1197 1202/1202
f 1193/1193 1202/1202 1203/1203
f 1202/1202 1197/1197 1198/1198
f 1201/1201 1199/1199 1207/1207
f 1207/1207 1216/1216 1218/1218
f 1203/1203 1216/1216 1207/1207
f 1216/1216 1213/1213 1217/1217
f 1218/1218 1216/1216 1217/1217
f 1208/1208 1178/1178 1170/1170
f 1167/1167 1168/1168 1169/1169
f 1198/1198 1208/1208 1209/1209
f 1209/1209 1208/1208 1171/1171
f 1208/1208 1170/1170 1171/1171
f 1170/1170 1169/1169 1171/1171
f 1171/1171 1169/1169 1172/1172
f 1170/1170 1167/1167 1169/1169
f 1209/1209 1171/1171 1180/1180
f 1180/1180 1213/1213 1209/1209
f 1180/1180 1171/1171 1173/1173
f 1173/1173 1171/1171 1172/1172
f 1173/1173 1172/1172 1174/1174
f 1176/1176 1180/1180 1173/1173
f 1176/1176 1173/1173 1175/1175
f 1173/1173 1174/1174 1175/1175
f 1175/1175 1174/1174 1220/1220
f 1226/1226 1211/1211 1204/1204
f 1186/1186 1184/1184 1179/1179
f 1195/1195 1186/1186 1179/1179
f 1189/1189 1205/1205 1183/1183
f 1189/1189 1210/1210 1205/1205
f 1183/1183 1181/1181 1184/1184
f 1184/1184 1181/1181 1161/1161
f 1185/1185 1189/1189 1183/1183
f 1185/1185 1183/1183 1184/1184
f 1204/1204 1211/1211 1189/1189
f 1189/1189 1211/1211 1210/1210
f 1204/1204 1189/1189 1187/1187
f 1187/1187 1189/1189 1185/1185
f 1187/1187 1185/1185 1186/1186
f 1185/1185 1184/1184 1186/1186
f 1179/1179 1184/1184 1161/1161
f 1212/1212 1204/1204 1188/1188
f 1212/1212 1226/1226 1204/1204
f 1188/1188 1187/1187 1186/1186
f 1188/1188 1204/1204 1187/1187
f 1188/1188 1190/1190 1191/1191
f 1191/1191 1190/1190 1197/1197
f 1188/1188 1186/1186 1190/1190
f 1190/1190 1186/1186 1195/1195
f 1178/1178 1195/1195 1179/1179
f 1196/1196 1190/1190 1195/1195
f 1196/1196 1195/1195 1178/1178
f 1161/1161 1158/1158 1160/1160
f 1160/1160 1158/1158 1159/1159
f 1166/1166 1162/1162 1165/1165
f 1165/1165 1162/1162 1164/1164
f 1179/1179 1166/1166 1167/1167
f 1167/1167 1166/1166 1165/1165
f 1165/1165 1164/1164 1168/1168
f 1179/1179 1161/1161 1162/1162
f 1161/1161 1160/1160 1162/1162
f 1162/1162 1160/1160 1163/1163
f 1160/1160 1159/1159 1163/1163
f 1162/1162 1163/1163 1164/1164
f 1166/1166 1179/1179 1162/1162
f 1178/1178 1179/1179 1167/1167
f 1165/1165 1168/1168 1167/1167
f 1178/1178 1167/1167 1170/1170
f 1148/1148 1145/1145 1146/1146
f 1146/1146 1145/1145 1144/1144
f 1146/1146 1144/1144 1147/1147
f 1147/1147 1144/1144 1219/1219
f 1148/1148 1149/1149 1145/1145
f 1155/1155 1146/1146 1151/1151
f 1155/1155 1148/1148 1146/1146
f 1155/1155 1151/1151 1156/1156
f 1156/1156 1151/1151 1157/1157
f 1222/1222 1182/1182 1205/1205
f 1183/1183 1182/1182 1181/1181
f 1182/1182 1157/1157 1181/1181
f 1182/1182 1156/1156 1157/1157
f 1205/1205 1182/1182 1183/1183
f 1147/1147 1219/1219 1221/1221
f 1151/1151 1146/1146 1147/1147
f 1147/1147 1221/1221 1152/1152
f 1151/1151 1147/1147 1152/1152
f 1153/1153 1151/1151 1152/1152
f 1151/1151 1153/1153 1157/1157
f 1157/1157 1153/1153 1158/1158
f 1157/1157 1158/1158 1181/1181
f 1181/1181 1158/1158 1161/1161
f 1159/1159 1158/1158 1153/1153
f 1140/1140 1150/1150 1225/1225
f 1137/1137 1136/1136 1138/1138
f 1135/1135 1136/1136 1137/1137
f 1138/1138 1136/1136 1140/1140
f 1138/1138 1140/1140 1141/1141
f 1141/1141 1140/1140 1225/1225
f 1143/1143 1139/1139 1138/1138
f 1143/1143 1138/1138 1142/1142
f 1138/1138 1141/1141 1142/1142
f 1142/1142 1141/1141 1224/1224
f 1143/1143 1142/1142 1144/1144
f 1143/1143 1144/1144 1145/1145
f 1149/1149 1143/1143 1145/1145
f 1144/1144 1142/1142 1219/1219
f 1142/1142 1224/1224 1219/1219
f 1138/1138 1139/1139 1137/1137
f 1141/1141 1225/1225 1224/1224
f 1134/1134 1223/1223 1131/1131
f 1134/1134 1131/1131 1133/1133
f 1131/1131 1132/1132 1133/1133
f 1135/1135 1134/1134 1133/1133
f 1133/1133 1154/1154 1150/1150
f 1133/1133 1132/1132 1154/1154
f 1135/1135 1133/1133 1136/1136
f 1136/1136 1133/1133 1140/1140
f 1133/1133 1150/1150 1140/1140
f 1299/1299 1294/1294 1298/1298
f 1300/1300 1298/1298 1301/1301
f 1299/1299 1298/1298 1300/1300
f 1303/1303 1300/1300 1302/1302
f 1300/1300 1301/1301 1302/1302
f 1304/1304 1302/1302 1305/1305
f 1304/1304 1303/1303 1302/1302
f 1301/1301 1308/1308 1302/1302
f 1302/1302 1308/1308 1311/1311
f 1298/1298 1306/1306 1301/1301
f 1306/1306 1308/1308 1301/1301
f 1306/1306 1318/1318 1308/1308
f 1318/1318 1326/1326 1323/1323
f 1308/1308 1323/1323 1320/1320
f 1308/1308 1318/1318 1323/1323
f 1305/1305 1302/1302 1311/1311
f 1308/1308 1320/1320 1311/1311
f 1311/1311 1320/1320 1319/1319
f 1320/1320 1323/1323 1329/1329
f 1320/1320 1324/1324 1319/1319
f 1320/1320 1329/1329 1324/1324
f 1294/1294 1291/1291 1293/1293
f 1288/1288 1289/1289 1290/1290
f 1290/1290 1289/1289 1291/1291
f 1291/1291 1289/1289 1292/1292
f 1289/1289 1312/1312 1292/1292
f 1293/1293 1291/1291 1292/1292
f 1293/1293 1292/1292 1313/1313
f 1292/1292 1316/1316 1313/1313
f 1292/1292 1312/1312 1316/1316
f 1294/1294 1295/1295 1298/1298
f 1295/1295 1314/1314 1306/1306
f 1294/1294 1293/1293 1295/1295
f 1295/1295 1293/1293 1314/1314
f 1293/1293 1313/1313 1314/1314
f 1313/1313 1321/1321 1314/1314
f 1298/1298 1295/1295 1306/1306
f 1306/1306 1314/1314 1318/1318
f 1314/1314 1326/1326 1318/1318
f 1314/1314 1325/1325 1326/1326
f 1314/1314 1321/1321 1325/1325
f 1313/1313 1316/1316 1321/1321
f 1316/1316 1328/1328 1327/1327
f 1316/1316 1327/1327 1321/1321
f 1321/1321 1327/1327 1331/1331
f 1321/1321 1331/1331 1325/1325
f 1277/1277 1273/1273 1275/1275
f 1273/1273 1267/1267 1275/1275
f 1277/1277 1275/1275 1278/1278
f 1267/1267 1266/1266 1274/1274
f 1267/1267 1274/1274 1275/1275
f 1274/1274 1266/1266 1279/1279
f 1277/1277 1278/1278 1281/1281
f 1277/1277 1281/1281 1287/1287
f 1278/1278 1284/1284 1281/1281
f 1288/1288 1287/1287 1281/1281
f 1288/1288 1281/1281 1289/1289
f 1289/1289 1281/1281 1286/1286
f 1281/1281 1284/1284 1286/1286
f 1284/1284 1278/1278 1285/1285
f 1284/1284 1297/1297 1286/1286
f 1297/1297 1296/1296 1286/1286
f 1284/1284 1285/1285 1297/1297
f 1275/1275 1276/1276 1278/1278
f 1275/1275 1274/1274 1276/1276
f 1278/1278 1276/1276 1285/1285
f 1276/1276 1283/1283 1285/1285
f 1276/1276 1274/1274 1283/1283
f 1274/1274 1279/1279 1283/1283
f 1297/1297 1285/1285 1283/1283
f 1283/1283 1296/1296 1297/1297
f 1279/1279 1272/1272 1280/1280
f 1279/1279 1282/1282 1283/1283
f 1279/1279 1280/1280 1282/1282
f 1282/1282 1280/1280 1307/1307
f 1282/1282 1307/1307 1315/1315
f 1283/1283 1282/1282 1296/1296
f 1282/1282 1309/1309 1296/1296
f 1282/1282 1315/1315 1309/1309
f 1248/1248 1249/1249 1250/1250
f 1249/1249 1251/1251 1250/1250
f 1315/1315 1335/1335 1334/1334
f 1289/1289 1286/1286 1312/1312
f 1286/1286 1310/1310 1312/1312
f 1312/1312 1310/1310 1317/1317
f 1286/1286 1296/1296 1310/1310
f 1296/1296 1309/1309 1310/1310
f 1310/1310 1309/1309 1322/1322
f 1310/1310 1322/1322 1317/1317
f 1312/1312 1317/1317 1316/1316
f 1316/1316 1317/1317 1328/1328
f 1317/1317 1322/1322 1330/1330
f 1322/1322 1333/1333 1330/1330
f 1317/1317 1330/1330 1328/1328
f 1309/1309 1332/1332 1322/1322
f 1322/1322 1332/1332 1333/1333
f 1309/1309 1315/1315 1332/1332
f 1315/1315 1334/1334 1332/1332
f 1333/1333 1332/1332 1334/1334
f 1255/1255 1260/1260 1263/1263
f 1255/1255 1254/1254 1259/1259
f 1252/1252 1239/1239 1227/1227
f 1255/1255 1259/1259 1260/1260
f 1265/1265 1263/1263 1264/1264
f 1263/1263 1260/1260 1264/1264
f 1260/1260 1259/1259 1269/1269
f 1252/1252 1227/1227 1240/1240
f 1260/1260 1269/1269 1264/1264
f 1231/1231 1227/1227 1230/1230
f 1227/1227 1229/1229 1230/1230
f 1240/1240 1227/1227 1231/1231
f 1273/1273 1265/1265 1267/1267
f 1267/1267 1265/1265 1266/1266
f 1265/1265 1264/1264 1266/1266
f 1264/1264 1271/1271 1266/1266
f 1264/1264 1269/1269 1270/1270
f 1264/1264 1270/1270 1271/1271
f 1271/1271 1270/1270 1272/1272
f 1266/1266 1271/1271 1279/1279
f 1279/1279 1271/1271 1272/1272
f 1247/1247 1241/1241 1243/1243
f 1241/1241 1242/1242 1243/1243
f 1241/1241 1232/1232 1242/1242
f 1240/1240 1231/1231 1232/1232
f 1231/1231 1230/1230 1232/1232
f 1240/1240 1232/1232 1241/1241
f 1247/1247 1243/1243 1246/1246
f 1243/1243 1242/1242 1244/1244
f 1246/1246 1245/1245 1248/1248
f 1246/1246 1243/1243 1245/1245
f 1243/1243 1244/1244 1245/1245
f 1248/1248 1245/1245 1249/1249
f 1268/1268 1257/1257 1261/1261
f 1262/1262 1261/1261 1253/1253
f 1261/1261 1257/1257 1253/1253
f 1253/1253 1257/1257 1256/1256
f 1262/1262 1253/1253 1255/1255
f 1253/1253 1256/1256 1254/1254
f 1253/1253 1254/1254 1255/1255
f 1239/1239 1238/1238 1228/1228
f 1238/1238 1234/1234 1228/1228
f 1228/1228 1234/1234 1233/1233
f 1234/1234 1235/1235 1233/1233
f 1256/1256 1257/1257 1258/1258
f 1237/1237 1236/1236 1234/1234
f 1236/1236 1235/1235 1234/1234
f 1237/1237 1234/1234 1238/1238
f 1239/1239 1228/1228 1227/1227
f 1227/1227 1228/1228 1229/1229
f 1228/1228 1233/1233 1229/1229
