# LE 31 - armUR
v 0.38418 -0.30391 0.00671
v 0.36958 -0.29016 0.00936
v 0.37625 -0.29406 0.01579
v 0.36132 -0.27758 0.02544
v 0.34800 -0.26349 0.02691
v 0.34559 -0.26401 0.01579
v 0.33511 -0.24879 0.03154
v 0.32597 -0.24195 0.02860
v 0.32299 -0.23698 0.03921
v 0.30528 -0.22038 0.04226
v 0.29413 -0.21523 0.03104
v 0.33663 -0.25139 0.03895
v 0.35111 -0.26836 0.03474
v 0.28923 -0.20645 0.05011
v 0.27486 -0.19589 0.04219
v 0.26901 -0.18953 0.05721
v 0.25171 -0.17707 0.04860
v 0.25409 -0.17771 0.05811
v 0.26950 -0.19609 0.03063
v 0.35894 -0.28357 0.00373
v 0.37726 -0.30459 -0.00493
v 0.27643 -0.20900 0.01569
v 0.29764 -0.22705 0.01227
v 0.31334 -0.23647 0.02032
v 0.23476 -0.16570 0.05343
v 0.24946 -0.18542 0.02388
v 0.23839 -0.17083 0.04019
v 0.30554 -0.23989 0.00434
v 0.31891 -0.25419 0.00444
v 0.33008 -0.25336 0.01535
v 0.23781 -0.16722 0.06507
v 0.30435 -0.22141 0.05088
v 0.21807 -0.15959 0.04418
v 0.25273 -0.17858 0.06717
v 0.21233 -0.15351 0.06583
v 0.20267 -0.14999 0.05656
v 0.18560 -0.13850 0.06702
v 0.18818 -0.14091 0.05230
v 0.19476 -0.14652 0.04447
v 0.17157 -0.13056 0.05472
v 0.22670 -0.16898 0.03085
v 0.16711 -0.13007 0.04993
v 0.15824 -0.12238 0.05528
v 0.14420 -0.11360 0.05105
v 0.14398 -0.10929 0.06007
v 0.12745 -0.10040 0.04797
v 0.11643 -0.08790 0.05317
v 0.16002 -0.12192 0.06063
v 0.28828 -0.22540 0.00568
v 0.26249 -0.20506 0.00921
v 0.24079 -0.18598 0.01651
v 0.32903 -0.26454 0.00539
v 0.34163 -0.27239 0.00453
v 0.11180 -0.08340 0.04743
v 0.11416 -0.09331 0.04237
v 0.09462 -0.07200 0.04051
v 0.09839 -0.07100 0.04595
v 0.08601 -0.05873 0.04335
v 0.07064 -0.04419 0.04126
v 0.06634 -0.04471 0.03590
v 0.05686 -0.03007 0.04020
v 0.04723 -0.02481 0.03445
v 0.04032 -0.01749 0.03730
v 0.03836 -0.02706 0.02324
v 0.04002 -0.01515 0.04844
v 0.21561 -0.16744 0.02823
v 0.13013 -0.11318 0.04182
v 0.14638 -0.12598 0.04481
v 0.05723 -0.04604 0.02751
v 0.07290 -0.06205 0.03085
v 0.09463 -0.08067 0.03546
v 0.19209 -0.14905 0.04087
v 0.05656 -0.02941 0.05672
v 0.07330 -0.04659 0.05005
v 0.29187 -0.23406 0.00150
v 0.07061 -0.04364 0.06792
v 0.09059 -0.06491 0.06320
v 0.07991 -0.05351 0.07664
v 0.04977 -0.02199 0.07666
v 0.17014 -0.12969 0.06708
v 0.10136 -0.07698 0.08068
v 0.10737 -0.08183 0.06647
v 0.05937 -0.03315 0.08149
v 0.12693 -0.09829 0.06597
v 0.13785 -0.10698 0.07881
v 0.11564 -0.09092 0.07997
v 0.15342 -0.11930 0.07713
v 0.10823 -0.08621 0.08674
v 0.17526 -0.13354 0.07744
v 0.04005 -0.01438 0.08318
v 0.13929 -0.11023 0.09054
v 0.22530 -0.16109 0.07097
v 0.12409 -0.09979 0.08949
v 0.18774 -0.14129 0.07618
v 0.15199 -0.12223 0.09297
v 0.16410 -0.12929 0.08281
v 0.31738 -0.23512 0.05125
v 0.20331 -0.15066 0.07505
v 0.26697 -0.19165 0.06838
v 0.29216 -0.21405 0.06248
v 0.37984 -0.30668 0.02066
v 0.24625 -0.17895 0.07717
v 0.22770 -0.16589 0.07672
v 0.33101 -0.25213 0.05057
v 0.36478 -0.28605 0.02912
v 0.26918 -0.19845 0.07458
v 0.34593 -0.27311 0.04669
v 0.28277 -0.21640 0.07610
v 0.31250 -0.24029 0.06227
v 0.27800 -0.27790 0.08122
v 0.26451 -0.27368 0.08262
v 0.25933 -0.25802 0.09162
v 0.29266 -0.29973 0.06786
v 0.30637 -0.30208 0.06855
v 0.31857 -0.31996 0.05708
v 0.33013 -0.31862 0.05918
v 0.33830 -0.33009 0.05251
v 0.26521 -0.28819 0.07009
v 0.24404 -0.27096 0.07858
v 0.23202 -0.24668 0.09665
v 0.24411 -0.24682 0.09895
v 0.22352 -0.23183 0.10853
v 0.29872 -0.31357 0.05660
v 0.32385 -0.33792 0.03998
v 0.30505 -0.32712 0.04435
v 0.29095 -0.31540 0.05107
v 0.25419 -0.28663 0.06629
v 0.27520 -0.30209 0.05877
v 0.23079 -0.26938 0.07408
v 0.22796 -0.25595 0.08516
v 0.21526 -0.25697 0.07903
v 0.20874 -0.24426 0.08728
v 0.19300 -0.24046 0.08424
v 0.21677 -0.24073 0.09320
v 0.20918 -0.22717 0.10404
v 0.19627 -0.22952 0.09353
v 0.18050 -0.22195 0.09274
v 0.20010 -0.22468 0.09838
v 0.18758 -0.21587 0.09997
v 0.19706 -0.21495 0.10751
v 0.20856 -0.21828 0.11469
v 0.21303 -0.21592 0.11714
v 0.32443 -0.34290 0.03262
v 0.17171 -0.20449 0.09836
v 0.15446 -0.19893 0.09426
v 0.16781 -0.21833 0.08687
v 0.18258 -0.23352 0.08255
v 0.21336 -0.25940 0.07295
v 0.19408 -0.20468 0.11348
v 0.24094 -0.28051 0.06325
v 0.26439 -0.29707 0.05614
v 0.28021 -0.30901 0.05031
v 0.18763 -0.20634 0.10482
v 0.16575 -0.18423 0.10610
v 0.13927 -0.17423 0.10235
v 0.17998 -0.19319 0.10879
v 0.17621 -0.19756 0.10202
v 0.13206 -0.17910 0.09818
v 0.13111 -0.18265 0.09421
v 0.11197 -0.16645 0.09840
v 0.11310 -0.17217 0.09284
v 0.09483 -0.15840 0.09434
v 0.09242 -0.14703 0.10182
v 0.06838 -0.13777 0.09585
v 0.05707 -0.12312 0.10082
v 0.07670 -0.14659 0.09236
v 0.06752 -0.14185 0.08702
v 0.04865 -0.12475 0.09366
v 0.19274 -0.24469 0.07301
v 0.29780 -0.32268 0.04218
v 0.03239 -0.10813 0.09810
v 0.03129 -0.11281 0.09031
v 0.01221 -0.09528 0.09318
v 0.01557 -0.10073 0.08759
v 0.00866 -0.08707 0.09871
v -0.00545 -0.07937 0.09192
v 0.09312 -0.16001 0.08501
v 0.14035 -0.19112 0.08752
v 0.11804 -0.17700 0.08646
v 0.15592 -0.20439 0.08850
v 0.03934 -0.11982 0.08524
v -0.02136 -0.06117 0.09465
v 0.20495 -0.25443 0.06754
v 0.00311 -0.08887 0.08396
v 0.22447 -0.26879 0.06146
v -0.01672 -0.06918 0.08519
v -0.01176 -0.06389 0.10044
v 0.03414 -0.09950 0.10428
v 0.11548 -0.16053 0.10372
v 0.20127 -0.20624 0.11684
v 0.01506 -0.07930 0.10565
v 0.18402 -0.18870 0.11285
v 0.00165 -0.05665 0.10803
v 0.20732 -0.20464 0.11892
v 0.22984 -0.22829 0.11039
v 0.21737 -0.21259 0.11911
v 0.32486 -0.34738 0.02242
v 0.32487 -0.34847 0.03498
v 0.31029 -0.33784 0.03768
v 0.30263 -0.33137 0.03295
v 0.27844 -0.31376 0.04753
v 0.28419 -0.31635 0.03691
v 0.26129 -0.30001 0.04721
v 0.26123 -0.30034 0.05750
v 0.24277 -0.28808 0.06127
v 0.29796 -0.32678 0.04867
v 0.24073 -0.28469 0.05096
v 0.22483 -0.27520 0.06406
v 0.23747 -0.28199 0.06888
v 0.21323 -0.26521 0.07209
v 0.21868 -0.26850 0.05538
v 0.19930 -0.25580 0.06765
v 0.19284 -0.24774 0.08340
v 0.18196 -0.24020 0.07949
v 0.18463 -0.24349 0.06738
v 0.17080 -0.22984 0.07708
v 0.17035 -0.22612 0.08969
v 0.15734 -0.21298 0.08936
v 0.27505 -0.30691 0.06023
v 0.21760 -0.26534 0.07877
v 0.17487 -0.23244 0.06408
v 0.18497 -0.24070 0.05712
v 0.20057 -0.25155 0.05171
v 0.15818 -0.21238 0.07422
v 0.14784 -0.20137 0.08080
v 0.14723 -0.20073 0.09252
v 0.13579 -0.19334 0.08834
v 0.12958 -0.18749 0.07790
v 0.13614 -0.19001 0.09742
v 0.12328 -0.18584 0.08450
v 0.10866 -0.17593 0.08952
v 0.10492 -0.17251 0.07971
v 0.08465 -0.16006 0.08490
v 0.08139 -0.15628 0.09207
v 0.06740 -0.14723 0.08419
v 0.04934 -0.13367 0.08904
v 0.05224 -0.13558 0.08152
v 0.03331 -0.12062 0.08367
v 0.03035 -0.11674 0.09356
v 0.01375 -0.10537 0.08815
v 0.02326 -0.11077 0.07901
v 0.05081 -0.13107 0.09695
v -0.00239 -0.08977 0.08278
v 0.01049 -0.09832 0.07466
v 0.00237 -0.09361 0.09196
v -0.01788 -0.07382 0.09106
v -0.01289 -0.07633 0.07443
v 0.08023 -0.15259 0.07299
v 0.06475 -0.14137 0.07304
v 0.04706 -0.12771 0.07396
v 0.11780 -0.17586 0.06660
v 0.13553 -0.18735 0.06386
v 0.12608 -0.18020 0.04888
v 0.10076 -0.16387 0.05723
v 0.10780 -0.16657 0.03884
v 0.08830 -0.15360 0.03777
v 0.08190 -0.15026 0.05056
v 0.07563 -0.14573 0.06574
v 0.05881 -0.13275 0.05067
v 0.06819 -0.14021 0.03713
v 0.04474 -0.12209 0.03106
v 0.02901 -0.11055 0.03827
v 0.01575 -0.09973 0.02861
v 0.05279 -0.12729 0.06324
v 0.03220 -0.10967 0.05143
v 0.01353 -0.09674 0.04121
v 0.09695 -0.16299 0.07069
v -0.00298 -0.08420 0.02525
v -0.00815 -0.07879 0.03410
v -0.02059 -0.06708 0.01639
v 0.14547 -0.19220 0.04905
v 0.15346 -0.20126 0.05614
v 0.14838 -0.19770 0.06868
v 0.14104 -0.19192 0.07271
v 0.15892 -0.21039 0.06146
v 0.17168 -0.22468 0.05797
v 0.01044 -0.09213 0.01957
v -0.00608 -0.07803 0.01595
v 0.04029 -0.11495 0.06031
v 0.02857 -0.10590 0.06414
v 0.02445 -0.09936 0.05884
v 0.03863 -0.11371 0.02239
v 0.00974 -0.08906 0.05027
v 0.06309 -0.13212 0.02605
v 0.12674 -0.17634 0.03819
v 0.08595 -0.14777 0.02844
v 0.25970 -0.29561 0.04120
v 0.27828 -0.30821 0.03370
v 0.29893 -0.32450 0.02723
v -0.01419 -0.07408 0.09829
v 0.23909 -0.27994 0.04456
v 0.01903 -0.10453 0.09877
v 0.15755 -0.20641 0.09696
v 0.10766 -0.17109 0.09815
v -0.01008 -0.06740 0.04981
v 0.00723 -0.08182 0.05784
v -0.01109 -0.06437 0.05467
v 0.11020 -0.16356 0.03199
v 0.22038 -0.26344 0.04457
v 0.16180 -0.21023 0.05658
v 0.25610 -0.29244 0.06779
v 0.07816 -0.15053 0.09783
v 0.00333 -0.08639 0.10217
v 0.04092 -0.11953 0.10101
v 0.02465 -0.10363 0.10312
v 0.24574 -0.28001 0.07735
v 0.27277 -0.29855 0.06901
v 0.29933 -0.31802 0.05906
v 0.32354 -0.33980 0.04491
v 0.06266 -0.13152 0.10383
v 0.12825 -0.17983 0.10201
v 0.09603 -0.15535 0.10446
v 0.17650 -0.22154 0.09720
v 0.19816 -0.24269 0.09048
v 0.23023 -0.26198 0.08748
v 0.21961 -0.24708 0.09629
v 0.23275 -0.24580 0.10436
v 0.21544 -0.22803 0.11588
v 0.20855 -0.23083 0.10770
v 0.20105 -0.22988 0.10120
v 0.19621 -0.21752 0.11218
v 0.20118 -0.21480 0.11930
v 0.18884 -0.20703 0.11382
v 0.18556 -0.21215 0.10573
v 0.17577 -0.19977 0.10567
v 0.17495 -0.19491 0.11036
v 0.18923 -0.22213 0.10275
v 0.16589 -0.19347 0.10685
v 0.14798 -0.19221 0.10148
v 0.33765 -0.33634 0.05360
v 0.32178 -0.32411 0.06041
v 0.18598 -0.19713 0.11709
v 0.16338 -0.18392 0.11042
v 0.12142 -0.16897 0.10639
v 0.04455 -0.11483 0.10620
v 0.30114 -0.30732 0.06971
v 0.28228 -0.29460 0.07561
v 0.26163 -0.27503 0.08681
v 0.24756 -0.25388 0.09987
v 0.08787 -0.14283 0.10728
v 0.02064 -0.09614 0.01571
v 0.00305 -0.07964 0.01166
v 0.00524 -0.08509 0.06444
v 0.32946 -0.33216 0.00395
v 0.34112 -0.33033 -0.00806
v 0.35558 -0.34166 -0.01608
v 0.31767 -0.30889 0.00161
v 0.30451 -0.31060 0.01423
v 0.30180 -0.29177 0.00724
v 0.29295 -0.29257 0.01627
v 0.30880 -0.28898 -0.00148
v 0.28393 -0.28033 0.01712
v 0.30314 -0.31947 0.01920
v 0.33004 -0.31081 -0.00684
v 0.27924 -0.29103 0.02434
v 0.28299 -0.30621 0.02753
v 0.26438 -0.26935 0.02419
v 0.26233 -0.29183 0.03454
v 0.33841 -0.31103 -0.00981
v 0.26471 -0.28483 0.02942
v 0.23776 -0.27121 0.03768
v 0.24749 -0.26592 0.03005
v 0.32006 -0.29294 -0.00505
v 0.21049 -0.24865 0.04013
v 0.22419 -0.24633 0.03248
v 0.20692 -0.23793 0.03722
v 0.19111 -0.23997 0.04966
v 0.19046 -0.22914 0.04543
v 0.18097 -0.22818 0.05207
v 0.17532 -0.21468 0.05101
v 0.20428 -0.22655 0.03677
v 0.17168 -0.22468 0.05797
v 0.24617 -0.25208 0.02528
v 0.21777 -0.23062 0.03065
v 0.22439 -0.22961 0.02745
v 0.16979 -0.21015 0.05171
v 0.16180 -0.21023 0.05658
v 0.25242 -0.25181 0.02069
v 0.30506 -0.27452 -0.00371
v 0.29271 -0.27285 0.00053
v 0.28447 -0.25543 -0.00195
v 0.18247 -0.20479 0.04584
v 0.18789 -0.21297 0.04597
v 0.27611 -0.25594 0.00085
v 0.27064 -0.25864 0.00517
v 0.25244 -0.23469 0.00369
v 0.25052 -0.24036 0.00872
v 0.23843 -0.21771 0.00523
v 0.23476 -0.22542 0.01078
v 0.22715 -0.21337 0.01002
v 0.22038 -0.26344 0.04457
v 0.20057 -0.25155 0.05171
v 0.31948 -0.33923 0.01882
v 0.29893 -0.32450 0.02723
v 0.27828 -0.30821 0.03370
v 0.34140 -0.35001 0.00416
v 0.23909 -0.27994 0.04456
v 0.18497 -0.24070 0.05712
v 0.25970 -0.29561 0.04120
v 0.24073 -0.28469 0.05096
v 0.15946 -0.20126 0.04917
v 0.27029 -0.24090 -0.00049
v 0.25318 -0.22605 0.00232
v 0.15346 -0.20126 0.05614
v 0.19936 -0.21789 0.04064
v 0.20325 -0.21298 0.03803
v 0.19267 -0.20628 0.04284
v 0.22401 -0.19965 0.01173
v 0.20884 -0.19593 0.01949
v 0.20410 -0.20008 0.02376
v 0.19196 -0.18703 0.02834
v 0.18815 -0.19145 0.03247
v 0.17838 -0.18499 0.03360
v 0.20056 -0.18305 0.02364
v 0.18353 -0.17910 0.03113
v 0.18272 -0.16728 0.03261
v 0.32486 -0.34738 0.02242
v 0.24505 -0.20964 0.00409
v 0.14547 -0.19220 0.04905
v 0.14836 -0.18770 0.04086
v 0.12674 -0.17634 0.03819
v 0.23152 -0.23101 0.02056
v 0.26378 -0.25846 0.01348
v 0.27300 -0.26904 0.01633
v 0.28858 -0.27706 0.00703
v 0.21594 -0.21558 0.02307
v 0.19798 -0.20427 0.03587
v 0.18509 -0.19715 0.04045
v 0.08595 -0.14777 0.02844
v 0.07963 -0.13892 0.02303
v 0.09968 -0.15111 0.02510
v 0.11020 -0.16356 0.03199
v 0.06309 -0.13212 0.02605
v 0.11495 -0.15544 0.02494
v 0.13505 -0.17383 0.03357
v 0.12674 -0.17634 0.03819
v 0.14836 -0.18770 0.04086
v 0.08399 -0.13422 0.01888
v 0.06053 -0.12148 0.01743
v 0.03863 -0.11371 0.02239
v 0.03991 -0.10954 0.01703
v 0.02064 -0.09614 0.01571
v 0.03345 -0.09824 0.01245
v 0.00305 -0.07964 0.01166
v 0.01041 -0.07604 0.00766
v -0.01585 -0.06107 0.00653
v 0.05787 -0.10913 0.01269
v 0.03264 -0.09040 0.00953
v 0.16207 -0.17989 0.03444
v 0.17107 -0.19694 0.04233
v 0.17838 -0.18499 0.03360
v 0.18509 -0.19715 0.04045
v 0.18247 -0.20479 0.04584
v 0.14038 -0.16580 0.02938
v 0.09675 -0.13710 0.01886
v 0.16979 -0.21015 0.05171
v 0.15946 -0.20126 0.04917
v 0.19267 -0.20628 0.04284
v 0.00350 -0.06350 0.00506
v 0.11814 -0.14765 0.02239
v 0.08079 -0.11750 0.01472
v 0.03220 -0.07896 0.00823
v 0.18789 -0.21297 0.04597
v 0.05331 -0.09544 0.01041
v 0.10154 -0.13255 0.01834
v 0.17171 -0.17021 0.03278
v 0.15557 -0.16584 0.03153
v 0.14050 -0.15828 0.02838
v 0.18353 -0.17910 0.03113
v 0.01633 -0.06150 0.00725
v 0.01073 -0.04368 0.00798
v 0.02727 -0.05036 0.01275
v 0.16105 -0.15824 0.03322
v 0.18272 -0.16728 0.03261
v 0.09339 -0.11599 0.01771
v 0.07949 -0.10414 0.01521
v 0.05722 -0.08638 0.01259
v 0.12356 -0.14103 0.02434
v 0.03835 -0.07019 0.01122
v 0.11124 -0.12582 0.02269
v 0.04005 -0.01438 0.08318
v 0.04243 -0.02672 0.09559
v 0.05616 -0.03654 0.09256
v 0.05937 -0.03315 0.08149
v 0.07133 -0.04846 0.08708
v 0.07991 -0.05351 0.07664
v 0.09094 -0.06832 0.08554
v 0.10136 -0.07698 0.08068
v 0.10823 -0.08621 0.08674
v 0.09087 -0.07382 0.09183
v 0.07458 -0.05954 0.09471
v 0.06342 -0.04935 0.09833
v 0.10447 -0.09028 0.09393
v 0.12409 -0.09979 0.08949
v 0.11617 -0.10089 0.09638
v 0.10288 -0.09804 0.10045
v 0.04684 -0.04722 0.10793
v 0.05989 -0.06009 0.10766
v 0.08604 -0.07975 0.09972
v 0.03885 -0.03126 0.10182
v 0.11572 -0.10847 0.10394
v 0.13208 -0.11014 0.09903
v 0.12860 -0.11892 0.10895
v 0.14304 -0.12053 0.10186
v 0.14585 -0.13149 0.10976
v 0.07139 -0.06764 0.10312
v 0.15764 -0.13253 0.10021
v 0.16236 -0.14532 0.10840
v 0.17636 -0.15306 0.10090
v 0.13929 -0.11023 0.09054
v 0.15199 -0.12223 0.09297
v 0.17895 -0.15991 0.10693
v 0.16972 -0.13701 0.08738
v 0.19168 -0.16596 0.10509
v 0.18820 -0.17089 0.11178
v 0.20542 -0.17527 0.10874
v 0.21103 -0.18494 0.11536
v 0.22522 -0.18600 0.10945
v 0.18200 -0.15027 0.08779
v 0.18705 -0.16027 0.09495
v 0.19299 -0.15978 0.08590
v 0.20193 -0.16882 0.09549
v 0.21966 -0.17521 0.08745
v 0.16410 -0.12929 0.08281
v 0.17526 -0.13354 0.07744
v 0.18774 -0.14129 0.07618
v 0.22532 -0.18120 0.09562
v 0.23464 -0.18886 0.09961
v 0.23503 -0.19305 0.10870
v 0.23902 -0.18730 0.08763
v 0.24757 -0.19847 0.09024
v 0.24318 -0.19955 0.10060
v 0.35785 -0.33690 0.05138
v 0.34956 -0.33889 0.05268
v 0.33559 -0.31909 0.06257
v 0.34683 -0.31349 0.05712
v 0.32870 -0.30054 0.06729
v 0.31644 -0.30420 0.07167
v 0.30542 -0.28275 0.07792
v 0.29440 -0.29120 0.07935
v 0.32563 -0.28158 0.06694
v 0.29914 -0.26147 0.07905
v 0.27878 -0.26500 0.08925
v 0.28090 -0.24967 0.08720
v 0.28903 -0.28026 0.08361
v 0.30044 -0.24656 0.07544
v 0.27342 -0.22672 0.08891
v 0.26486 -0.24898 0.09699
v 0.26184 -0.23207 0.09690
v 0.31840 -0.25907 0.06669
v 0.25430 -0.21443 0.09574
v 0.24619 -0.23327 0.10818
v 0.24660 -0.22427 0.10708
v 0.23383 -0.21602 0.11658
v 0.23014 -0.22019 0.11897
v 0.22081 -0.21461 0.12310
v 0.22609 -0.20383 0.12039
v 0.21663 -0.20705 0.12369
v 0.23327 -0.20135 0.11419
v 0.24422 -0.21089 0.10634
v 0.33328 -0.26693 0.05706
v 0.36311 -0.32080 0.04583
v 0.35241 -0.28914 0.04605
v 0.29429 -0.23038 0.07424
v 0.21638 -0.19543 0.12064
v 0.31250 -0.24029 0.06227
v 0.22304 -0.19280 0.11615
v 0.28277 -0.21640 0.07610
v 0.34593 -0.27311 0.04669
v 0.37496 -0.32049 0.03354
v 0.37114 -0.30378 0.03178
v 0.26177 -0.20725 0.08547
v 0.37984 -0.30668 0.02066
v 0.26918 -0.19845 0.07458
v 0.24587 -0.18644 0.08298
v 0.33101 -0.25213 0.05057
v 0.36478 -0.28605 0.02912
v 0.24625 -0.17895 0.07717
v 0.23324 -0.17628 0.08256
v 0.26855 -0.26689 0.09163
v 0.25128 -0.24557 0.10294
v 0.20613 -0.19714 0.12199
v 0.20310 -0.18676 0.11869
v 0.21153 -0.16371 0.08190
v 0.22770 -0.16589 0.07672
v 0.20331 -0.15066 0.07505
v 0.23157 -0.23473 0.11229
v 0.18516 -0.17472 0.11500
v 0.17114 -0.16121 0.11159
v 0.14914 -0.14129 0.11263
v 0.13635 -0.13291 0.11307
v 0.16086 -0.15844 0.11317
v 0.16968 -0.17062 0.11329
v 0.13986 -0.14476 0.11463
v 0.12075 -0.12595 0.11157
v 0.10696 -0.11639 0.10845
v 0.09513 -0.12173 0.11047
v 0.09785 -0.10670 0.10612
v 0.08270 -0.10965 0.11027
v 0.08470 -0.09646 0.10714
v 0.06799 -0.09514 0.11112
v 0.07105 -0.07949 0.10743
v 0.05327 -0.07342 0.11320
v 0.03612 -0.05445 0.11427
v 0.05372 -0.09391 0.11301
v 0.07503 -0.11468 0.11076
v 0.03821 -0.07471 0.11476
v 0.02196 -0.05091 0.11543
v 0.01993 -0.03752 0.11300
v 0.10172 -0.13243 0.11130
v 0.12533 -0.14556 0.11381
v 0.14360 -0.16023 0.11273
v 0.15998 -0.17246 0.11221
v 0.33418 -0.32702 0.06017
v 0.01551 -0.06197 0.11442
v 0.31492 -0.30994 0.06989
v 0.18155 -0.18384 0.11671
v 0.20361 -0.20643 0.12232
v 0.06006 -0.11691 0.10940
v 0.07780 -0.13104 0.10849
v 0.08787 -0.14283 0.10728
v 0.10812 -0.14831 0.11036
v 0.02721 -0.08238 0.11274
v 0.03642 -0.10004 0.10993
v 0.24756 -0.25388 0.09987
v 0.21268 -0.21915 0.12089
v 0.12142 -0.16897 0.10639
v 0.14749 -0.17729 0.10764
v 0.00788 -0.07551 0.10968
v 0.20118 -0.21480 0.11930
v 0.16338 -0.18392 0.11042
v 0.18598 -0.19713 0.11709
v 0.21544 -0.22803 0.11588
v 0.26163 -0.27503 0.08681
v 0.09603 -0.15535 0.10446
v 0.04455 -0.11483 0.10620
v 0.33765 -0.33634 0.05360
v 0.06266 -0.13152 0.10383
v 0.23275 -0.24580 0.10436
v 0.12825 -0.17983 0.10201
v 0.14798 -0.19221 0.10148
v 0.30114 -0.30732 0.06971
v 0.28228 -0.29460 0.07561
v 0.32178 -0.32411 0.06041
v 0.16589 -0.19347 0.10685
v 0.17037 -0.20476 0.10293
v 0.17577 -0.19977 0.10567
v 0.18556 -0.21215 0.10573
v -0.02013 -0.06136 0.10272
v 0.18923 -0.22213 0.10275
v 0.02465 -0.10363 0.10312
v 0.15755 -0.20641 0.09696
v 0.17650 -0.22154 0.09720
v 0.00333 -0.08639 0.10217
v 0.16078 -0.19683 0.05102
v 0.14798 -0.18917 0.05150
v 0.15978 -0.20263 0.05929
v 0.17026 -0.20823 0.05633
v 0.14239 -0.17472 0.03862
v 0.12125 -0.16652 0.03705
v 0.13641 -0.17932 0.04505
v 0.16831 -0.19363 0.04626
v 0.11957 -0.15811 0.03093
v 0.18448 -0.19696 0.04654
v 0.18249 -0.18764 0.03950
v 0.16061 -0.17772 0.03842
v 0.14132 -0.16142 0.03367
v 0.11866 -0.14932 0.02769
v 0.18005 -0.18039 0.03721
v 0.09236 -0.14108 0.02620
v 0.09024 -0.13199 0.02237
v 0.19126 -0.18522 0.03370
v 0.19346 -0.19364 0.03773
v 0.19568 -0.20357 0.04535
v 0.18526 -0.21265 0.05172
v 0.17926 -0.22138 0.05648
v 0.20393 -0.20934 0.04349
v 0.20102 -0.21680 0.04516
v 0.20265 -0.22976 0.04357
v 0.19209 -0.23321 0.05161
v 0.21254 -0.24701 0.04423
v 0.22171 -0.23742 0.03550
v 0.23740 -0.25793 0.03673
v 0.24317 -0.24659 0.02983
v 0.25876 -0.26687 0.03095
v 0.24603 -0.27171 0.03882
v 0.22205 -0.25921 0.04653
v 0.25333 -0.24802 0.02458
v 0.23574 -0.23128 0.02534
v 0.22844 -0.23006 0.03127
v 0.26655 -0.28571 0.03445
v 0.27829 -0.28119 0.02733
v 0.27332 -0.26792 0.02363
v 0.28858 -0.30622 0.02984
v 0.21667 -0.22728 0.03587
v 0.21044 -0.21669 0.03882
v 0.06974 -0.12414 0.02197
v 0.08033 -0.13911 0.02979
v 0.05748 -0.12147 0.02507
v 0.10076 -0.15244 0.03246
v 0.05044 -0.10769 0.01818
v 0.02896 -0.09912 0.02089
v 0.03352 -0.09367 0.01549
v 0.01704 -0.07957 0.01288
v -0.00067 -0.07528 0.01664
v -0.01061 -0.06102 0.01039
v 0.06651 -0.11054 0.01734
v 0.04504 -0.09439 0.01449
v 0.00256 -0.05891 0.00949
v 0.02589 -0.07576 0.01225
v 0.09548 -0.12762 0.02197
v 0.02389 -0.03594 0.01688
v 0.04083 -0.04148 0.02526
v 0.03039 -0.04995 0.01895
v 0.01606 -0.05065 0.01378
v 0.03368 -0.06842 0.01527
v 0.05098 -0.06679 0.02306
v 0.05283 -0.09141 0.01521
v 0.06546 -0.09471 0.01788
v 0.08155 -0.11096 0.01976
v 0.10763 -0.12867 0.02534
v 0.12673 -0.14363 0.03017
v 0.14184 -0.15080 0.03451
v 0.15671 -0.16336 0.03643
v 0.19184 -0.15487 0.04237
v 0.20143 -0.15613 0.04466
v 0.17991 -0.14286 0.04981
v 0.16794 -0.14516 0.04622
v 0.16261 -0.13135 0.05467
v 0.15182 -0.13520 0.04784
v 0.15096 -0.14735 0.03996
v 0.15034 -0.12303 0.05515
v 0.16752 -0.15791 0.03953
v 0.18699 -0.16443 0.03799
v 0.20482 -0.17313 0.03233
v 0.21508 -0.16863 0.03370
v 0.22742 -0.18960 0.02064
v 0.23374 -0.18206 0.02523
v 0.24719 -0.19415 0.01839
v 0.24841 -0.20372 0.01208
v 0.23723 -0.20537 0.01117
v 0.26102 -0.20667 0.01351
v 0.26010 -0.21355 0.00936
v 0.27958 -0.22518 0.00802
v 0.27090 -0.22778 0.00519
v 0.25183 -0.21705 0.00723
v 0.29309 -0.24705 0.00236
v 0.21734 -0.19385 0.02028
v 0.19967 -0.18215 0.02928
v 0.29589 -0.24154 0.00429
v 0.15671 -0.16336 0.03643
v 0.18212 -0.17175 0.03642
v 0.30854 -0.25082 0.00492
v 0.16910 -0.17071 0.03753
v 0.26804 -0.23502 0.00462
v 0.24274 -0.21714 0.00883
v 0.25502 -0.23138 0.00699
v 0.28541 -0.25607 0.00295
v 0.30273 -0.27102 0.00130
v 0.31030 -0.26343 0.00135
v 0.26853 -0.24493 0.00541
v 0.18005 -0.18039 0.03721
v 0.16061 -0.17772 0.03842
v 0.22930 -0.21059 0.01412
v 0.19126 -0.18522 0.03370
v 0.20724 -0.19727 0.02677
v 0.23919 -0.22136 0.01100
v 0.25139 -0.23373 0.00986
v 0.29297 -0.27374 0.00712
v 0.31282 -0.28909 0.00184
v 0.27117 -0.25406 0.00840
v 0.22426 -0.21265 0.01884
v 0.37507 -0.30667 -0.00047
v 0.36169 -0.29386 0.00320
v 0.37159 -0.31145 -0.00590
v 0.35344 -0.29534 0.00019
v 0.34882 -0.27398 0.01457
v 0.34091 -0.27514 0.00838
v 0.33206 -0.28413 0.00081
v 0.32732 -0.27002 0.00708
v 0.33393 -0.26244 0.01598
v 0.35602 -0.31033 -0.00627
v 0.34090 -0.30022 -0.00389
v 0.32212 -0.28085 -0.00006
v 0.35942 -0.32192 -0.01089
v 0.34047 -0.30816 -0.00552
v 0.32489 -0.29155 -0.00143
v 0.35297 -0.32453 -0.00984
v 0.33067 -0.30863 -0.00226
v 0.34930 -0.33037 -0.00834
v 0.31632 -0.25367 0.01009
v 0.31869 -0.26679 0.00350
v 0.37614 -0.32547 -0.01755
v 0.36592 -0.32989 -0.01921
v 0.35537 -0.30610 -0.00966
v 0.34854 -0.31249 -0.01208
v 0.36479 -0.30073 -0.00598
v 0.34773 -0.28816 -0.00258
v 0.33405 -0.29406 -0.00744
v 0.32957 -0.27952 -0.00316
v 0.35894 -0.28357 0.00373
v 0.37726 -0.30459 -0.00493
v 0.34163 -0.27239 0.00453
v 0.32903 -0.26454 0.00539
v 0.31421 -0.27166 -0.00399
v 0.31117 -0.25542 -0.00108
v 0.29789 -0.25068 -0.00280
v 0.29187 -0.23406 0.00150
v 0.28473 -0.23619 -0.00081
v 0.26925 -0.21803 0.00388
v 0.26572 -0.22545 0.00070
v 0.24505 -0.20964 0.00409
v 0.26249 -0.20506 0.00921
v 0.24409 -0.19980 0.00855
v 0.24079 -0.18598 0.01651
v 0.23196 -0.19118 0.01385
v 0.21561 -0.16744 0.02823
v 0.28828 -0.22540 0.00568
v 0.20263 -0.17455 0.02685
v 0.19063 -0.15726 0.03571
v 0.18272 -0.16728 0.03261
v 0.20056 -0.18305 0.02364
v 0.22401 -0.19965 0.01173
v 0.19209 -0.14905 0.04087
v 0.17170 -0.15297 0.03712
v 0.17053 -0.14001 0.04427
v 0.16711 -0.13007 0.04993
v 0.15648 -0.13561 0.04361
v 0.16105 -0.15824 0.03322
v 0.14420 -0.11360 0.05105
v 0.14638 -0.12598 0.04481
v 0.14363 -0.14424 0.03278
v 0.30554 -0.23989 0.00434
v 0.14050 -0.15828 0.02838
v 0.12731 -0.12680 0.03292
v 0.12356 -0.14103 0.02434
v 0.13013 -0.11318 0.04182
v 0.10920 -0.10907 0.03170
v 0.11416 -0.09331 0.04237
v 0.09724 -0.09407 0.03193
v 0.31891 -0.25419 0.00444
v 0.11124 -0.12582 0.02269
v 0.09463 -0.08067 0.03546
v 0.07386 -0.08352 0.02238
v 0.07290 -0.06205 0.03085
v 0.04653 -0.06095 0.01753
v 0.05722 -0.08638 0.01259
v 0.03835 -0.07019 0.01122
v 0.07949 -0.10414 0.01521
v 0.02727 -0.05036 0.01275
v 0.09434 -0.10612 0.02297
v 0.09339 -0.11599 0.01771
v 0.04237 -0.03978 0.02114
v 0.05723 -0.04604 0.02751
v 0.03836 -0.02706 0.02324
v 0.02860 -0.03146 0.01440
v 0.27029 -0.24090 -0.00049
v 0.25318 -0.22605 0.00232
v 0.28447 -0.25543 -0.00195
v 0.30506 -0.27452 -0.00371
v 0.32006 -0.29294 -0.00505
v 0.33841 -0.31103 -0.00981
v 0.35916 -0.33335 -0.01778
v 0.04204 -0.04005 0.09980
v 0.03475 -0.04492 0.10643
v 0.05253 -0.05875 0.10582
v 0.06035 -0.05675 0.09944
v 0.05055 -0.03761 0.09123
v 0.07097 -0.05802 0.08934
v 0.06005 -0.04212 0.08525
v 0.06901 -0.07066 0.10015
v 0.09474 -0.08282 0.08900
v 0.08704 -0.08601 0.09664
v 0.10573 -0.09884 0.09297
v 0.10266 -0.08641 0.08455
v 0.09002 -0.07243 0.08088
v 0.07584 -0.05640 0.07928
v 0.04311 -0.02208 0.07733
v 0.05853 -0.03755 0.07580
v 0.10647 -0.08666 0.06155
v 0.11603 -0.09731 0.07932
v 0.12127 -0.10003 0.06372
v 0.11428 -0.09792 0.08682
v 0.12246 -0.09918 0.05492
v 0.13024 -0.10821 0.08542
v 0.12333 -0.10842 0.09392
v 0.14071 -0.12013 0.09542
v 0.14899 -0.12250 0.08129
v 0.16368 -0.13972 0.08977
v 0.15495 -0.13731 0.10005
v 0.17646 -0.15999 0.10100
v 0.16456 -0.13391 0.07870
v 0.17968 -0.15129 0.08239
v 0.18086 -0.16011 0.09147
v 0.18835 -0.16316 0.08418
v 0.19754 -0.17232 0.09687
v 0.19018 -0.17218 0.10539
v 0.20941 -0.18320 0.10794
v 0.21578 -0.18038 0.09237
v 0.22579 -0.18806 0.09924
v 0.21557 -0.17713 0.08432
v 0.19787 -0.16856 0.08443
v 0.23150 -0.18763 0.08572
v 0.23962 -0.19651 0.08982
v 0.23686 -0.19943 0.10121
v 0.22533 -0.19025 0.10637
v 0.22831 -0.19650 0.10937
v 0.25013 -0.21073 0.09000
v 0.16879 -0.13395 0.06523
v 0.13404 -0.10860 0.06715
v 0.15279 -0.12265 0.06443
v 0.13958 -0.11232 0.05870
v 0.10985 -0.08794 0.04990
v 0.09576 -0.07513 0.05076
v 0.08318 -0.06385 0.06144
v 0.18445 -0.14447 0.07432
v 0.19046 -0.14716 0.06436
v 0.04274 -0.02122 0.06506
v 0.06111 -0.04073 0.05670
v 0.07366 -0.05337 0.04801
v 0.08316 -0.06273 0.04523
v 0.09400 -0.07457 0.04514
v 0.05779 -0.03772 0.04181
v 0.04777 -0.02801 0.05129
v 0.04090 -0.02176 0.04417
v 0.17905 -0.14023 0.05633
v 0.20654 -0.15576 0.06741
v 0.21054 -0.15997 0.07328
v 0.22191 -0.16378 0.06762
v 0.16261 -0.13135 0.05467
v 0.12978 -0.10710 0.05161
v 0.20901 -0.15878 0.05334
v 0.22663 -0.16612 0.05833
v 0.23682 -0.17167 0.06406
v 0.24114 -0.17473 0.05523
v 0.25431 -0.18452 0.06286
v 0.26238 -0.19069 0.04868
v 0.27274 -0.19835 0.05420
v 0.06406 -0.04672 0.03952
v 0.15034 -0.12303 0.05515
v 0.04207 -0.02533 0.03755
v 0.04147 -0.03134 0.02988
v 0.11498 -0.09788 0.04629
v 0.03007 -0.02897 0.02183
v 0.07797 -0.06675 0.03798
v 0.09028 -0.08043 0.03877
v 0.06008 -0.05357 0.03244
v 0.13537 -0.12613 0.04416
v 0.15182 -0.13520 0.04784
v 0.15096 -0.14735 0.03996
v 0.04083 -0.04148 0.02526
v 0.10102 -0.10245 0.03601
v 0.11620 -0.12623 0.03199
v 0.09004 -0.10754 0.02536
v 0.07269 -0.08473 0.02680
v 0.10763 -0.12867 0.02534
v 0.12673 -0.14363 0.03017
v 0.14184 -0.15080 0.03451
v 0.06546 -0.09471 0.01788
v 0.05098 -0.06679 0.02306
v 0.08155 -0.11096 0.01976
v 0.15671 -0.16336 0.03643
v 0.37808 -0.30806 0.01488
v 0.36433 -0.30174 0.03113
v 0.36988 -0.29413 0.01681
v 0.38141 -0.30879 0.00686
v 0.35958 -0.28344 0.02549
v 0.34596 -0.27898 0.04165
v 0.34523 -0.27019 0.03624
v 0.33136 -0.26009 0.04857
v 0.33444 -0.25570 0.03682
v 0.32903 -0.25224 0.04456
v 0.30655 -0.23389 0.05550
v 0.31249 -0.23503 0.04631
v 0.29332 -0.21662 0.05044
v 0.28682 -0.21395 0.05975
v 0.29543 -0.23142 0.06639
v 0.27344 -0.20744 0.07074
v 0.27319 -0.20207 0.06397
v 0.25604 -0.18980 0.07080
v 0.31451 -0.25444 0.06173
v 0.27826 -0.22483 0.07900
v 0.35270 -0.27533 0.02385
v 0.23475 -0.17447 0.07286
v 0.32263 -0.24337 0.03614
v 0.30615 -0.22810 0.03874
v 0.26760 -0.20048 0.03141
v 0.24454 -0.18182 0.03644
v 0.28788 -0.21237 0.04249
v 0.28693 -0.21877 0.02379
v 0.31011 -0.23744 0.02501
v 0.33460 -0.25722 0.02438
v 0.28760 -0.22488 0.01340
v 0.27047 -0.21010 0.01701
v 0.29778 -0.23659 0.00868
v 0.24719 -0.19415 0.01839
v 0.31632 -0.25367 0.01009
v 0.32284 -0.25213 0.01853
v 0.33393 -0.26244 0.01598
v 0.34882 -0.27398 0.01457
v 0.23374 -0.18206 0.02523
v 0.22165 -0.16832 0.03827
v 0.23091 -0.17081 0.04505
v 0.26102 -0.20667 0.01351
v 0.36393 -0.29070 0.01101
v 0.36169 -0.29386 0.00320
v 0.37507 -0.30667 -0.00047
v 0.30854 -0.25082 0.00492
v 0.27958 -0.22518 0.00802
v 0.21508 -0.16863 0.03370
v 0.20143 -0.15613 0.04466
v 0.29589 -0.24154 0.00429
v 0.19184 -0.15487 0.04237
v 0.17991 -0.14286 0.04981
v 0.33067 -0.30863 -0.00226
v 0.32236 -0.30955 0.00440
v 0.33450 -0.32922 0.00443
v 0.31282 -0.28909 0.00184
v 0.31657 -0.32205 0.01640
v 0.30276 -0.30226 0.01835
v 0.30755 -0.29094 0.00797
v 0.34930 -0.33037 -0.00834
v 0.29556 -0.28637 0.01762
v 0.31838 -0.33209 0.02130
v 0.34273 -0.34576 0.00696
v 0.28858 -0.30622 0.02984
v 0.29297 -0.27374 0.00712
v 0.29362 -0.31780 0.03581
v 0.27292 -0.29905 0.03894
v 0.26655 -0.28571 0.03445
v 0.25282 -0.28337 0.04266
v 0.24603 -0.27171 0.03882
v 0.23431 -0.27290 0.05097
v 0.28680 -0.27383 0.01520
v 0.27332 -0.26792 0.02363
v 0.32859 -0.34392 0.02220
v 0.22205 -0.25921 0.04653
v 0.27042 -0.25990 0.01677
v 0.27117 -0.25406 0.00840
v 0.25414 -0.24472 0.01889
v 0.25139 -0.23373 0.00986
v 0.23859 -0.22805 0.01712
v 0.23919 -0.22136 0.01100
v 0.22426 -0.21265 0.01884
v 0.22030 -0.21902 0.02983
v 0.20724 -0.19727 0.02677
v 0.20675 -0.20465 0.03328
v 0.21044 -0.21669 0.03882
v 0.19346 -0.19364 0.03773
v 0.19126 -0.18522 0.03370
v 0.22844 -0.23006 0.03127
v 0.23574 -0.23128 0.02534
v 0.25333 -0.24802 0.02458
v 0.24317 -0.24659 0.02983
v 0.19568 -0.20357 0.04535
v 0.20811 -0.25420 0.05646
v 0.21254 -0.24701 0.04423
v 0.19547 -0.24213 0.05475
v 0.19209 -0.23321 0.05161
v 0.18341 -0.23285 0.05937
v 0.17926 -0.22138 0.05648
v 0.16749 -0.21529 0.06451
v 0.15978 -0.20263 0.05929
v 0.20393 -0.20934 0.04349
v 0.27829 -0.28119 0.02733
v 0.32443 -0.34290 0.03262
v 0.32859 -0.34392 0.02220
v 0.31365 -0.33432 0.03323
v 0.30505 -0.32712 0.04435
v 0.31838 -0.33209 0.02130
v 0.29362 -0.31780 0.03581
v 0.29780 -0.32268 0.04218
v 0.27054 -0.30140 0.04674
v 0.27292 -0.29905 0.03894
v 0.28021 -0.30901 0.05031
v 0.26439 -0.29707 0.05614
v 0.25282 -0.28337 0.04266
v 0.25323 -0.28883 0.05203
v 0.24094 -0.28051 0.06325
v 0.23431 -0.27290 0.05097
v 0.22447 -0.26879 0.06146
v 0.20811 -0.25420 0.05646
v 0.20495 -0.25443 0.06754
v 0.19055 -0.24188 0.06360
v 0.19274 -0.24469 0.07301
v 0.18019 -0.23299 0.07114
v 0.18258 -0.23352 0.08255
v 0.16781 -0.21833 0.08687
v 0.16523 -0.21571 0.07892
v 0.15592 -0.20439 0.08850
v 0.15183 -0.19933 0.08302
v 0.14035 -0.19112 0.08752
v 0.14224 -0.18998 0.07877
v 0.18341 -0.23285 0.05937
v 0.11918 -0.17640 0.08070
v 0.11804 -0.17700 0.08646
v 0.09312 -0.16001 0.08501
v 0.16749 -0.21529 0.06451
v 0.15751 -0.20315 0.07225
v 0.14831 -0.19169 0.07228
v 0.14984 -0.19272 0.06202
v 0.12747 -0.17589 0.05466
v 0.12666 -0.17614 0.07083
v 0.09985 -0.15950 0.07162
v 0.07400 -0.14485 0.07936
v 0.09452 -0.15365 0.05228
v 0.07058 -0.13660 0.06668
v 0.07714 -0.14122 0.04672
v 0.06359 -0.13022 0.05470
v 0.05325 -0.12208 0.06606
v 0.06459 -0.13221 0.03851
v 0.04347 -0.11550 0.04265
v 0.04413 -0.11532 0.02960
v 0.02261 -0.09958 0.03038
v 0.02342 -0.09917 0.04137
v 0.00819 -0.08762 0.03283
v 0.00554 -0.08465 0.02416
v -0.01459 -0.06763 0.02171
v -0.00833 -0.07220 0.03317
v 0.04111 -0.10990 0.06191
v 0.11822 -0.16857 0.04285
v 0.09786 -0.15481 0.03902
v 0.07960 -0.14141 0.03466
v 0.03713 -0.10791 0.05125
v 0.06752 -0.14185 0.08702
v 0.14798 -0.18917 0.05150
v 0.15978 -0.20263 0.05929
v 0.02962 -0.09760 0.05934
v 0.03934 -0.11982 0.08524
v 0.05499 -0.13023 0.07859
v 0.13641 -0.17932 0.04505
v 0.06174 -0.12815 0.03101
v 0.00735 -0.08089 0.04741
v 0.19547 -0.24213 0.05475
v 0.03563 -0.11079 0.07274
v 0.16078 -0.19683 0.05102
v 0.01621 -0.09887 0.07905
v 0.01557 -0.10073 0.08759
v 0.00311 -0.08887 0.08396
v -0.00317 -0.07949 0.07570
v -0.01672 -0.06918 0.08519
v 0.01556 -0.08758 0.06487
v -0.01140 -0.06153 0.06136
v 0.02896 -0.09912 0.02089
v 0.01353 -0.08102 0.05795
v -0.00145 -0.06616 0.05536
v -0.00067 -0.07528 0.01664
v 0.08033 -0.13911 0.02979
v 0.10076 -0.15244 0.03246
v 0.05748 -0.12147 0.02507
v 0.12125 -0.16652 0.03705
v 0.01581 -0.04237 0.11024
v 0.01724 -0.06016 0.11012
v 0.03149 -0.05346 0.11024
v 0.04073 -0.07220 0.11017
v 0.05265 -0.06880 0.10799
v 0.06586 -0.08550 0.10568
v 0.05619 -0.09355 0.10805
v 0.03494 -0.08219 0.10917
v 0.07572 -0.10096 0.10562
v 0.07807 -0.11259 0.10631
v 0.05354 -0.10638 0.10645
v 0.07650 -0.12642 0.10443
v 0.09854 -0.12773 0.10620
v 0.09489 -0.14053 0.10471
v 0.09624 -0.11483 0.10405
v 0.11329 -0.12403 0.10616
v 0.11956 -0.13869 0.10858
v 0.08826 -0.10013 0.10192
v 0.13318 -0.13836 0.11005
v 0.12734 -0.15499 0.10736
v 0.14470 -0.15669 0.10881
v 0.14955 -0.14671 0.10896
v 0.16525 -0.16181 0.10819
v 0.15694 -0.16904 0.10756
v 0.17240 -0.17516 0.10936
v 0.18655 -0.17673 0.11064
v 0.00165 -0.05665 0.10803
v 0.13513 -0.13186 0.10787
v 0.10101 -0.10698 0.10052
v 0.19560 -0.19024 0.11495
v 0.18402 -0.18870 0.11285
v 0.20732 -0.20464 0.11892
v 0.20940 -0.19367 0.11582
v 0.21674 -0.20678 0.11878
v 0.21737 -0.21259 0.11911
v 0.22534 -0.20451 0.11537
v 0.01506 -0.07930 0.10565
v 0.03414 -0.09950 0.10428
v 0.23480 -0.22115 0.11027
v 0.22984 -0.22829 0.11039
v 0.16575 -0.18423 0.10610
v 0.11548 -0.16053 0.10372
v 0.03475 -0.04492 0.10643
v 0.05253 -0.05875 0.10582
v 0.13927 -0.17423 0.10235
v 0.24411 -0.24682 0.09895
v 0.25341 -0.24472 0.09735
v 0.25933 -0.25802 0.09162
v 0.28012 -0.26819 0.08322
v 0.27800 -0.27790 0.08122
v 0.29570 -0.28536 0.07617
v 0.30331 -0.27838 0.07386
v 0.31749 -0.29931 0.06731
v 0.30637 -0.30208 0.06855
v 0.33013 -0.31862 0.05918
v 0.33142 -0.31306 0.06040
v 0.34986 -0.33163 0.05023
v 0.29964 -0.26262 0.07377
v 0.27478 -0.24551 0.08531
v 0.25585 -0.23167 0.09544
v 0.32977 -0.29638 0.06101
v 0.32168 -0.28136 0.06396
v 0.34454 -0.31560 0.05348
v 0.36375 -0.33530 0.04258
v 0.33830 -0.33009 0.05251
v 0.27357 -0.22963 0.08506
v 0.28998 -0.24226 0.07611
v 0.06901 -0.07066 0.10015
v 0.08704 -0.08601 0.09664
v 0.16219 -0.15081 0.10553
v 0.17464 -0.16403 0.10616
v 0.11978 -0.11486 0.10201
v 0.14202 -0.13059 0.10486
v 0.21744 -0.19230 0.11242
v 0.20127 -0.20624 0.11684
v 0.10573 -0.09884 0.09297
v 0.31451 -0.25444 0.06173
v 0.09242 -0.14703 0.10182
v 0.05707 -0.12312 0.10082
v 0.25931 -0.21840 0.08756
v 0.32926 -0.26922 0.05508
v 0.35193 -0.30964 0.04637
v 0.34427 -0.28929 0.04743
v 0.25013 -0.21073 0.09000
v 0.24166 -0.21469 0.10333
v 0.22831 -0.19650 0.10937
v 0.06035 -0.05675 0.09944
v 0.37170 -0.32388 0.03129
v 0.27826 -0.22483 0.07900
v 0.29543 -0.23142 0.06639
v 0.25727 -0.20068 0.07829
v 0.20941 -0.18320 0.10794
v 0.36433 -0.30174 0.03113
v 0.23962 -0.19651 0.08982
v 0.34596 -0.27898 0.04165
v 0.33136 -0.26009 0.04857
v 0.22533 -0.19025 0.10637
v 0.19018 -0.17218 0.10539
v 0.27344 -0.20744 0.07074
v 0.23686 -0.19943 0.10121
v 0.25604 -0.18980 0.07080
v 0.24432 -0.18732 0.07827
v 0.15495 -0.13731 0.10005
v 0.23150 -0.18763 0.08572
v 0.22413 -0.17579 0.07987
v 0.23475 -0.17447 0.07286
v 0.21557 -0.17713 0.08432
v 0.19946 -0.16088 0.07810
v 0.21054 -0.15997 0.07328
v 0.18445 -0.14447 0.07432
v 0.18618 -0.15061 0.07739
v 0.18835 -0.16316 0.08418
v 0.19787 -0.16856 0.08443
v 0.17968 -0.15129 0.08239
v 0.16456 -0.13391 0.07870
v 0.14071 -0.12013 0.09542
v 0.12333 -0.10842 0.09392
v 0.17646 -0.15999 0.10100
v 0.11428 -0.09792 0.08682
v 0.10266 -0.08641 0.08455
vt 0.63532 0.67672
vt 0.63497 0.68204
vt 0.63313 0.68016
vt 0.63078 0.68607
vt 0.63053 0.69123
vt 0.63355 0.69148
vt 0.62944 0.69644
vt 0.63037 0.69944
vt 0.62753 0.70099
vt 0.62687 0.70747
vt 0.63006 0.71055
vt 0.62745 0.69572
vt 0.62838 0.68977
vt 0.62494 0.71319
vt 0.62719 0.71788
vt 0.62323 0.72027
vt 0.62570 0.72586
vt 0.62315 0.72534
vt 0.63044 0.71888
vt 0.63676 0.68520
vt 0.63875 0.67776
vt 0.63464 0.71517
vt 0.63535 0.70767
vt 0.63293 0.70288
vt 0.62465 0.73134
vt 0.63263 0.72483
vt 0.62817 0.72964
vt 0.63772 0.70376
vt 0.63782 0.69850
vt 0.63414 0.69647
vt 0.62149 0.73057
vt 0.62455 0.70752
vt 0.62747 0.73595
vt 0.62070 0.72558
vt 0.62164 0.73840
vt 0.62434 0.74106
vt 0.62169 0.74682
vt 0.62571 0.74570
vt 0.62778 0.74324
vt 0.62529 0.75114
vt 0.63107 0.73246
vt 0.62677 0.75219
vt 0.62541 0.75550
vt 0.62690 0.76004
vt 0.62426 0.76097
vt 0.62807 0.76599
vt 0.62662 0.77071
vt 0.62384 0.75525
vt 0.63758 0.70985
vt 0.63698 0.71874
vt 0.63514 0.72660
vt 0.63772 0.69462
vt 0.63734 0.69066
vt 0.62829 0.77249
vt 0.63022 0.76996
vt 0.63077 0.77807
vt 0.62893 0.77761
vt 0.62985 0.78248
vt 0.63072 0.78838
vt 0.63254 0.78904
vt 0.63125 0.79390
vt 0.63317 0.79679
vt 0.63248 0.79970
vt 0.63709 0.79789
vt 0.62929 0.80036
vt 0.63243 0.73528
vt 0.63066 0.76286
vt 0.62953 0.75713
vt 0.63577 0.79039
vt 0.63475 0.78412
vt 0.63289 0.77621
vt 0.62917 0.74351
vt 0.62662 0.79432
vt 0.62819 0.78749
vt 0.63916 0.70758
vt 0.62322 0.78883
vt 0.62418 0.78058
vt 0.62060 0.78513
vt 0.62112 0.79739
vt 0.62186 0.75176
vt 0.61906 0.77627
vt 0.62296 0.77392
vt 0.61958 0.79331
vt 0.62281 0.76673
vt 0.61905 0.76295
vt 0.61900 0.77065
vt 0.61927 0.75738
vt 0.61717 0.77316
vt 0.61892 0.75008
vt 0.61937 0.80091
vt 0.61570 0.76222
vt 0.62004 0.73438
vt 0.61615 0.76736
vt 0.61910 0.74604
vt 0.61475 0.75739
vt 0.61745 0.75340
vt 0.62428 0.70248
vt 0.61916 0.74105
vt 0.62013 0.72041
vt 0.62144 0.71133
vt 0.63142 0.67693
vt 0.61782 0.72702
vt 0.61823 0.73321
vt 0.62412 0.69664
vt 0.62955 0.68376
vt 0.61815 0.71879
vt 0.62469 0.68971
vt 0.61718 0.71277
vt 0.62076 0.70244
vt 0.20039 0.20586
vt 0.19685 0.20456
vt 0.19286 0.20756
vt 0.20759 0.20277
vt 0.21077 0.20471
vt 0.21677 0.20212
vt 0.21887 0.20451
vt 0.22276 0.20299
vt 0.19999 0.20052
vt 0.19247 0.20109
vt 0.18516 0.20565
vt 0.18753 0.20790
vt 0.18043 0.20840
vt 0.21169 0.19984
vt 0.22176 0.19746
vt 0.21588 0.19680
vt 0.21071 0.19741
vt 0.19772 0.19836
vt 0.20491 0.19815
vt 0.18979 0.19849
vt 0.18647 0.20177
vt 0.18442 0.19862
vt 0.18064 0.20073
vt 0.17708 0.19830
vt 0.18134 0.20345
vt 0.17709 0.20601
vt 0.17545 0.20181
vt 0.17116 0.20022
vt 0.17516 0.20387
vt 0.17114 0.20338
vt 0.17252 0.20632
vt 0.17502 0.20897
vt 0.17537 0.21039
vt 0.22315 0.19549
vt 0.16616 0.20207
vt 0.16209 0.19937
vt 0.16833 0.19768
vt 0.17397 0.19722
vt 0.18477 0.19684
vt 0.16994 0.20826
vt 0.19425 0.19646
vt 0.20208 0.19655
vt 0.20756 0.19634
vt 0.16921 0.20546
vt 0.16112 0.20512
vt 0.15456 0.20160
vt 0.16528 0.20669
vt 0.16556 0.20437
vt 0.15422 0.19908
vt 0.15482 0.19779
vt 0.14829 0.19766
vt 0.14970 0.19615
vt 0.14392 0.19534
vt 0.14123 0.19763
vt 0.13551 0.19411
vt 0.13076 0.19501
vt 0.13866 0.19368
vt 0.13640 0.19177
vt 0.12980 0.19234
vt 0.17830 0.19536
vt 0.21383 0.19566
vt 0.12392 0.19264
vt 0.12480 0.19051
vt 0.11837 0.19026
vt 0.12007 0.18902
vt 0.11618 0.19165
vt 0.11264 0.18925
vt 0.14430 0.19288
vt 0.15836 0.19671
vt 0.15176 0.19488
vt 0.16354 0.19782
vt 0.12763 0.18971
vt 0.10672 0.18942
vt 0.18261 0.19483
vt 0.11595 0.18762
vt 0.18919 0.19473
vt 0.10911 0.18722
vt 0.10863 0.19151
vt 0.12251 0.19494
vt 0.14770 0.19984
vt 0.17143 0.20978
vt 0.11565 0.19465
vt 0.16503 0.20861
vt 0.10927 0.19568
vt 0.17218 0.21139
vt 0.18109 0.21027
vt 0.17555 0.21192
vt 0.76383 0.67125
vt 0.76014 0.67056
vt 0.76061 0.66520
vt 0.76267 0.66263
vt 0.76041 0.65301
vt 0.76313 0.65549
vt 0.76195 0.64665
vt 0.75893 0.64603
vt 0.75926 0.63938
vt 0.75850 0.65971
vt 0.76252 0.63895
vt 0.75973 0.63288
vt 0.75744 0.63667
vt 0.75826 0.62806
vt 0.76277 0.63077
vt 0.76041 0.62351
vt 0.75639 0.61992
vt 0.75809 0.61640
vt 0.76137 0.61807
vt 0.75934 0.61222
vt 0.75582 0.61094
vt 0.75653 0.60574
vt 0.75697 0.65022
vt 0.75602 0.62871
vt 0.76289 0.61401
vt 0.76448 0.61803
vt 0.76525 0.62383
vt 0.76088 0.60621
vt 0.75942 0.60167
vt 0.75601 0.60110
vt 0.75762 0.59730
vt 0.76086 0.59520
vt 0.75495 0.59658
vt 0.75909 0.59331
vt 0.75817 0.58830
vt 0.76100 0.58716
vt 0.76010 0.58058
vt 0.75824 0.57910
vt 0.76077 0.57480
vt 0.75995 0.56866
vt 0.76189 0.56974
vt 0.76178 0.56329
vt 0.75922 0.56184
vt 0.76111 0.55674
vt 0.76333 0.55970
vt 0.75769 0.56837
vt 0.76294 0.55110
vt 0.76480 0.55518
vt 0.76045 0.55246
vt 0.76134 0.54527
vt 0.76553 0.54699
vt 0.76365 0.57870
vt 0.76403 0.57353
vt 0.76425 0.56750
vt 0.76454 0.59095
vt 0.76484 0.59690
vt 0.76930 0.59390
vt 0.76759 0.58540
vt 0.77256 0.58779
vt 0.77331 0.58139
vt 0.76993 0.57918
vt 0.76594 0.57675
vt 0.77051 0.57132
vt 0.77394 0.57484
vt 0.77619 0.56702
vt 0.77469 0.56170
vt 0.77759 0.55742
vt 0.76726 0.56886
vt 0.77107 0.56189
vt 0.77437 0.55623
vt 0.76393 0.58411
vt 0.77891 0.55122
vt 0.77677 0.54917
vt 0.78159 0.54513
vt 0.76883 0.60027
vt 0.76649 0.60346
vt 0.76308 0.60141
vt 0.76220 0.59871
vt 0.76462 0.60631
vt 0.76507 0.61192
vt 0.78022 0.55529
vt 0.78150 0.54976
vt 0.76844 0.56422
vt 0.76767 0.56022
vt 0.76931 0.55838
vt 0.77885 0.56457
vt 0.77206 0.55397
vt 0.77728 0.57269
vt 0.77249 0.59370
vt 0.77615 0.58016
vt 0.76412 0.64590
vt 0.76492 0.65290
vt 0.76501 0.66096
vt 0.75934 0.54580
vt 0.76480 0.63811
vt 0.75808 0.55739
vt 0.75413 0.60419
vt 0.75571 0.58709
vt 0.77256 0.54649
vt 0.77008 0.55205
vt 0.77131 0.54569
vt 0.77472 0.58806
vt 0.76634 0.63088
vt 0.76613 0.60695
vt 0.75627 0.64284
vt 0.75664 0.57735
vt 0.75748 0.55110
vt 0.75669 0.56430
vt 0.75639 0.55823
vt 0.75409 0.63776
vt 0.75428 0.64771
vt 0.75490 0.65787
vt 0.75706 0.66813
vt 0.75486 0.57075
vt 0.75359 0.59299
vt 0.75371 0.58183
vt 0.75275 0.61098
vt 0.75347 0.61984
vt 0.75181 0.63056
vt 0.74956 0.62508
vt 0.74567 0.62742
vt 0.74348 0.61976
vt 0.74665 0.61915
vt 0.74912 0.61764
vt 0.74595 0.61376
vt 0.74330 0.61401
vt 0.74546 0.61003
vt 0.74836 0.61062
vt 0.74841 0.60603
vt 0.74690 0.60473
vt 0.74965 0.61356
vt 0.74891 0.60267
vt 0.75271 0.59941
vt 0.75254 0.67028
vt 0.75191 0.66408
vt 0.74398 0.60724
vt 0.74729 0.60008
vt 0.75199 0.58959
vt 0.75457 0.56411
vt 0.75087 0.65582
vt 0.75084 0.64888
vt 0.74894 0.64009
vt 0.74540 0.63251
vt 0.75241 0.57789
vt 0.78130 0.55815
vt 0.78295 0.55196
vt 0.76812 0.55212
vt 0.31700 0.04678
vt 0.31438 0.05055
vt 0.30907 0.05156
vt 0.32336 0.04999
vt 0.32632 0.04596
vt 0.32985 0.05026
vt 0.33194 0.04753
vt 0.32849 0.05307
vt 0.33594 0.04852
vt 0.32526 0.04332
vt 0.32014 0.05258
vt 0.33532 0.04475
vt 0.33202 0.04187
vt 0.34209 0.04691
vt 0.33900 0.04077
vt 0.31833 0.05411
vt 0.33952 0.04321
vt 0.34762 0.04094
vt 0.34628 0.04441
vt 0.32541 0.05437
vt 0.35707 0.04122
vt 0.35443 0.04467
vt 0.35953 0.04324
vt 0.36292 0.03882
vt 0.36476 0.04144
vt 0.36715 0.03933
vt 0.37063 0.04131
vt 0.36209 0.04511
vt 0.36992 0.03785
vt 0.34877 0.04761
vt 0.35841 0.04708
vt 0.35714 0.04864
vt 0.37255 0.04132
vt 0.37435 0.03949
vt 0.34735 0.04920
vt 0.33171 0.05566
vt 0.33462 0.05369
vt 0.33922 0.05629
vt 0.37077 0.04493
vt 0.36825 0.04408
vt 0.34088 0.05465
vt 0.34168 0.05274
vt 0.34942 0.05510
vt 0.34906 0.05299
vt 0.35528 0.05622
vt 0.35491 0.05341
vt 0.35851 0.05481
vt 0.35277 0.03904
vt 0.35914 0.03756
vt 0.31852 0.04180
vt 0.32563 0.04056
vt 0.33293 0.03991
vt 0.31149 0.04495
vt 0.34620 0.03839
vt 0.36441 0.03670
vt 0.33922 0.03867
vt 0.34542 0.03670
vt 0.37597 0.04204
vt 0.34465 0.05693
vt 0.35079 0.05705
vt 0.37754 0.04016
vt 0.36485 0.04550
vt 0.36485 0.04734
vt 0.36838 0.04646
vt 0.36173 0.05672
vt 0.36577 0.05421
vt 0.36617 0.05213
vt 0.37114 0.05228
vt 0.37131 0.05029
vt 0.37441 0.05005
vt 0.36995 0.05490
vt 0.37436 0.05223
vt 0.37678 0.05413
vt 0.31624 0.04041
vt 0.35544 0.05880
vt 0.38027 0.04193
vt 0.38004 0.04444
vt 0.38604 0.04416
vt 0.35511 0.05039
vt 0.34353 0.05057
vt 0.34003 0.04933
vt 0.33503 0.05133
vt 0.36104 0.05087
vt 0.36731 0.04864
vt 0.37134 0.04756
vt 0.88138 0.59158
vt 0.87874 0.59371
vt 0.88097 0.58753
vt 0.88442 0.58395
vt 0.87837 0.59876
vt 0.88124 0.58310
vt 0.88579 0.57645
vt 0.88753 0.57863
vt 0.88948 0.57191
vt 0.87685 0.59276
vt 0.87466 0.59985
vt 0.87454 0.60645
vt 0.87265 0.60614
vt 0.87008 0.61211
vt 0.86963 0.60845
vt 0.86631 0.61766
vt 0.86464 0.61581
vt 0.86204 0.62364
vt 0.87121 0.60124
vt 0.86740 0.60907
vt 0.88599 0.56848
vt 0.89089 0.56503
vt 0.88642 0.56358
vt 0.89004 0.56108
vt 0.89278 0.56142
vt 0.88298 0.57544
vt 0.87693 0.58911
vt 0.89550 0.56471
vt 0.89350 0.56811
vt 0.89223 0.55841
vt 0.86156 0.61833
vt 0.87882 0.58266
vt 0.87232 0.59454
vt 0.86432 0.60979
vt 0.89458 0.55927
vt 0.86770 0.60321
vt 0.87544 0.58804
vt 0.88267 0.56630
vt 0.88229 0.57111
vt 0.88087 0.57579
vt 0.88442 0.56243
vt 0.86038 0.61492
vt 0.85584 0.61724
vt 0.85672 0.61229
vt 0.87987 0.56991
vt 0.88120 0.56340
vt 0.87127 0.59106
vt 0.86874 0.59553
vt 0.86501 0.60252
vt 0.87674 0.58134
vt 0.86159 0.60846
vt 0.87306 0.58545
vt 0.53733 0.86373
vt 0.53368 0.86102
vt 0.53467 0.85674
vt 0.53780 0.85672
vt 0.53603 0.85173
vt 0.53874 0.84905
vt 0.53600 0.84433
vt 0.53718 0.84068
vt 0.53539 0.83771
vt 0.53395 0.84340
vt 0.53342 0.84919
vt 0.53277 0.85316
vt 0.53293 0.83768
vt 0.53517 0.83208
vt 0.53258 0.83333
vt 0.53033 0.83654
vt 0.52933 0.85664
vt 0.52921 0.85201
vt 0.53098 0.84333
vt 0.53151 0.86086
vt 0.53003 0.83188
vt 0.53300 0.82835
vt 0.52956 0.82729
vt 0.53258 0.82430
vt 0.52998 0.82172
vt 0.53031 0.84843
vt 0.53321 0.81924
vt 0.53039 0.81590
vt 0.53271 0.81154
vt 0.53574 0.82712
vt 0.53540 0.82232
vt 0.53072 0.80968
vt 0.53700 0.81596
vt 0.53195 0.80581
vt 0.52943 0.80554
vt 0.53172 0.80120
vt 0.52992 0.79831
vt 0.53253 0.79543
vt 0.53674 0.81099
vt 0.53458 0.80806
vt 0.53732 0.80709
vt 0.53511 0.80344
vt 0.53823 0.79883
vt 0.53833 0.81856
vt 0.54026 0.81553
vt 0.54104 0.81156
vt 0.53619 0.79645
vt 0.53529 0.79318
vt 0.53285 0.79251
vt 0.53875 0.79252
vt 0.53756 0.78859
vt 0.53456 0.78960
vt 0.53556 0.73231
vt 0.53299 0.73350
vt 0.53328 0.74198
vt 0.53751 0.74070
vt 0.53518 0.74817
vt 0.53132 0.74999
vt 0.53281 0.75767
vt 0.52843 0.75788
vt 0.53850 0.75324
vt 0.53577 0.76392
vt 0.52976 0.76778
vt 0.53358 0.77072
vt 0.52926 0.76182
vt 0.53951 0.76687
vt 0.53653 0.77741
vt 0.52944 0.77471
vt 0.53232 0.77900
vt 0.54169 0.75989
vt 0.53468 0.78417
vt 0.52781 0.78252
vt 0.52978 0.78424
vt 0.52801 0.78875
vt 0.52645 0.78873
vt 0.52560 0.79153
vt 0.52843 0.79243
vt 0.52617 0.79355
vt 0.53060 0.79148
vt 0.53187 0.78740
vt 0.54444 0.75449
vt 0.54092 0.73476
vt 0.54539 0.74459
vt 0.54177 0.77167
vt 0.52832 0.79550
vt 0.54512 0.76514
vt 0.53023 0.79473
vt 0.54219 0.77717
vt 0.54733 0.74978
vt 0.54542 0.73144
vt 0.54843 0.73617
vt 0.53895 0.78374
vt 0.55168 0.73279
vt 0.54361 0.78370
vt 0.54072 0.79117
vt 0.54819 0.75797
vt 0.55150 0.74150
vt 0.54311 0.79246
vt 0.54075 0.79573
vt 0.52691 0.76945
vt 0.52680 0.77845
vt 0.52629 0.79714
vt 0.52800 0.79954
vt 0.53994 0.80259
vt 0.54274 0.79880
vt 0.54205 0.80669
vt 0.52425 0.78500
vt 0.52776 0.80545
vt 0.52843 0.81108
vt 0.52845 0.81933
vt 0.52787 0.82333
vt 0.52701 0.81380
vt 0.52599 0.80968
vt 0.52608 0.82060
vt 0.52673 0.82770
vt 0.52658 0.83230
vt 0.52330 0.83384
vt 0.52716 0.83598
vt 0.52359 0.83860
vt 0.52680 0.84058
vt 0.52384 0.84420
vt 0.52764 0.84640
vt 0.52528 0.85096
vt 0.52580 0.85741
vt 0.52148 0.84723
vt 0.52117 0.83927
vt 0.52240 0.85356
vt 0.52405 0.86061
vt 0.52626 0.86323
vt 0.52216 0.83059
vt 0.52346 0.82342
vt 0.52353 0.81711
vt 0.52382 0.81147
vt 0.53136 0.74007
vt 0.52090 0.85995
vt 0.52982 0.74873
vt 0.52510 0.80465
vt 0.52402 0.79605
vt 0.51801 0.84188
vt 0.51821 0.83581
vt 0.51746 0.83169
vt 0.51989 0.82655
vt 0.51902 0.85429
vt 0.51715 0.84946
vt 0.52437 0.77696
vt 0.52325 0.79201
vt 0.51762 0.82025
vt 0.52032 0.81330
vt 0.51687 0.85912
vt 0.52169 0.79507
vt 0.52180 0.80880
vt 0.52290 0.80149
vt 0.52190 0.78937
vt 0.52346 0.76833
vt 0.51602 0.82786
vt 0.51548 0.84527
vt 0.53022 0.73638
vt 0.51517 0.83876
vt 0.52229 0.78162
vt 0.51615 0.81690
vt 0.51682 0.81064
vt 0.52664 0.75184
vt 0.52445 0.75891
vt 0.52849 0.74302
vt 0.51994 0.80665
vt 0.51801 0.80379
vt 0.52012 0.80349
vt 0.51925 0.79933
vt 0.51434 0.86692
vt 0.51756 0.79687
vt 0.51387 0.85107
vt 0.51500 0.80621
vt 0.51505 0.79966
vt 0.51341 0.85816
vt 0.85155 0.54701
vt 0.85075 0.54276
vt 0.85450 0.54701
vt 0.85448 0.55062
vt 0.84567 0.54006
vt 0.84503 0.53353
vt 0.84824 0.53878
vt 0.84951 0.54886
vt 0.84225 0.53238
vt 0.84923 0.55366
vt 0.84601 0.55235
vt 0.84507 0.54537
vt 0.84177 0.53872
vt 0.83975 0.53145
vt 0.84409 0.55101
vt 0.83938 0.52370
vt 0.83685 0.52245
vt 0.84386 0.55468
vt 0.84629 0.55606
vt 0.84975 0.55744
vt 0.85376 0.55541
vt 0.85708 0.55456
vt 0.85024 0.56041
vt 0.85266 0.56048
vt 0.85583 0.56273
vt 0.85854 0.55971
vt 0.85959 0.56727
vt 0.85530 0.56923
vt 0.85952 0.57567
vt 0.85525 0.57638
vt 0.85941 0.58281
vt 0.86268 0.57942
vt 0.86236 0.57103
vt 0.85411 0.57963
vt 0.85124 0.57296
vt 0.85231 0.57044
vt 0.86413 0.58684
vt 0.86110 0.58996
vt 0.85757 0.58735
vt 0.86711 0.59550
vt 0.85313 0.56668
vt 0.85117 0.56349
vt 0.83624 0.51639
vt 0.84024 0.52024
vt 0.83681 0.51285
vt 0.84243 0.52681
vt 0.83305 0.51010
vt 0.83267 0.50376
vt 0.83042 0.50467
vt 0.82776 0.49938
vt 0.82830 0.49438
vt 0.82480 0.49085
vt 0.83262 0.51455
vt 0.82977 0.50774
vt 0.82326 0.49413
vt 0.82613 0.50144
vt 0.83530 0.52356
vt 0.81562 0.49838
vt 0.81563 0.50367
vt 0.81877 0.50120
vt 0.82009 0.49726
vt 0.82361 0.50310
vt 0.82167 0.50788
vt 0.82847 0.50961
vt 0.82846 0.51324
vt 0.83172 0.51866
vt 0.83477 0.52707
vt 0.83766 0.53344
vt 0.83874 0.53826
vt 0.84131 0.54324
vt 0.18853 0.97353
vt 0.18694 0.97602
vt 0.19395 0.97307
vt 0.19511 0.96944
vt 0.19989 0.97105
vt 0.20023 0.96708
vt 0.19695 0.96430
vt 0.20386 0.96921
vt 0.19168 0.96681
vt 0.18674 0.97056
vt 0.18133 0.97343
vt 0.18088 0.97675
vt 0.17288 0.97604
vt 0.17409 0.97900
vt 0.16861 0.98018
vt 0.16566 0.97863
vt 0.16694 0.97565
vt 0.16315 0.98144
vt 0.16141 0.97986
vt 0.15552 0.98275
vt 0.15614 0.98006
vt 0.16176 0.97720
vt 0.14800 0.98228
vt 0.17346 0.97288
vt 0.17980 0.97060
vt 0.14891 0.98391
vt 0.19202 0.96307
vt 0.18570 0.96807
vt 0.14474 0.98552
vt 0.18821 0.96500
vt 0.15487 0.97819
vt 0.16326 0.97499
vt 0.15786 0.97559
vt 0.14710 0.97897
vt 0.14079 0.98074
vt 0.14140 0.98378
vt 0.15246 0.97667
vt 0.18404 0.96601
vt 0.18786 0.96172
vt 0.16727 0.97280
vt 0.18085 0.96783
vt 0.17491 0.96950
vt 0.16295 0.97327
vt 0.15792 0.97406
vt 0.14170 0.97748
vt 0.13493 0.98017
vt 0.14985 0.97548
vt 0.16797 0.97080
vt 0.12104 0.99239
vt 0.12614 0.99143
vt 0.12012 0.99035
vt 0.12697 0.98905
vt 0.13334 0.99274
vt 0.13399 0.98994
vt 0.13303 0.98582
vt 0.13734 0.98750
vt 0.13839 0.99121
vt 0.12284 0.98691
vt 0.12768 0.98509
vt 0.13536 0.98387
vt 0.11945 0.98566
vt 0.12587 0.98367
vt 0.13237 0.98276
vt 0.12001 0.98375
vt 0.12750 0.98125
vt 0.11945 0.98185
vt 0.14298 0.98765
vt 0.13934 0.98548
vt 0.49819 0.19963
vt 0.49736 0.19662
vt 0.48993 0.19900
vt 0.49016 0.19626
vt 0.49032 0.20223
vt 0.48432 0.20098
vt 0.48329 0.19655
vt 0.47905 0.19841
vt 0.48508 0.20481
vt 0.49330 0.20440
vt 0.47946 0.20305
vt 0.47533 0.20184
vt 0.47447 0.19619
vt 0.47010 0.19853
vt 0.46656 0.19622
vt 0.46145 0.19817
vt 0.46065 0.19592
vt 0.45315 0.19597
vt 0.45436 0.19350
vt 0.44631 0.19170
vt 0.44846 0.19725
vt 0.44350 0.19373
vt 0.43898 0.19637
vt 0.43848 0.19297
vt 0.42815 0.19499
vt 0.45852 0.19934
vt 0.42697 0.19023
vt 0.41950 0.19160
vt 0.42030 0.18728
vt 0.42873 0.18771
vt 0.43881 0.18914
vt 0.41745 0.19416
vt 0.41408 0.18792
vt 0.41015 0.19104
vt 0.40656 0.19286
vt 0.40596 0.18832
vt 0.41323 0.18377
vt 0.39734 0.19046
vt 0.40125 0.18780
vt 0.40588 0.18187
vt 0.46531 0.20056
vt 0.40913 0.17792
vt 0.39777 0.18097
vt 0.40101 0.17615
vt 0.39451 0.18556
vt 0.38924 0.17946
vt 0.38581 0.18525
vt 0.38269 0.17919
vt 0.47112 0.20118
vt 0.39437 0.17541
vt 0.37842 0.18145
vt 0.37511 0.17362
vt 0.36889 0.17856
vt 0.36334 0.17003
vt 0.37261 0.16739
vt 0.36431 0.16535
vt 0.38204 0.17015
vt 0.35655 0.16630
vt 0.38552 0.17478
vt 0.38810 0.17193
vt 0.35654 0.17330
vt 0.36128 0.17693
vt 0.35218 0.17496
vt 0.35134 0.17026
vt 0.45898 0.19157
vt 0.45196 0.19035
vt 0.46515 0.19218
vt 0.47344 0.19354
vt 0.48039 0.19360
vt 0.48788 0.19436
vt 0.49672 0.19457
vt 0.26840 0.75262
vt 0.26757 0.74992
vt 0.27336 0.74977
vt 0.27473 0.75205
vt 0.26988 0.75541
vt 0.27729 0.75487
vt 0.27262 0.75685
vt 0.27877 0.75077
vt 0.28613 0.75371
vt 0.28496 0.75101
vt 0.29084 0.75167
vt 0.28841 0.75480
vt 0.28370 0.75644
vt 0.27825 0.75766
vt 0.26623 0.75976
vt 0.27183 0.75945
vt 0.29002 0.76070
vt 0.29305 0.75552
vt 0.29513 0.75939
vt 0.29250 0.75357
vt 0.29558 0.76173
vt 0.29744 0.75325
vt 0.29565 0.75101
vt 0.30103 0.74990
vt 0.30371 0.75334
vt 0.30910 0.74992
vt 0.30648 0.74743
vt 0.31445 0.74546
vt 0.30884 0.75322
vt 0.31454 0.75097
vt 0.31581 0.74787
vt 0.31814 0.74952
vt 0.32096 0.74564
vt 0.31897 0.74343
vt 0.32467 0.74207
vt 0.32630 0.74627
vt 0.32932 0.74400
vt 0.32612 0.74855
vt 0.32098 0.74908
vt 0.33102 0.74748
vt 0.33391 0.74580
vt 0.33330 0.74266
vt 0.32926 0.74203
vt 0.33076 0.74073
vt 0.33839 0.74460
vt 0.31032 0.75668
vt 0.29901 0.75791
vt 0.30522 0.75767
vt 0.30108 0.75986
vt 0.29132 0.76365
vt 0.28633 0.76410
vt 0.28157 0.76190
vt 0.31494 0.75351
vt 0.31709 0.75591
vt 0.26638 0.76295
vt 0.27351 0.76423
vt 0.27838 0.76588
vt 0.28191 0.76615
vt 0.28608 0.76565
vt 0.27285 0.76820
vt 0.26897 0.76625
vt 0.26683 0.76841
vt 0.31384 0.75857
vt 0.32184 0.75433
vt 0.32306 0.75244
vt 0.32648 0.75357
vt 0.30901 0.75975
vt 0.29854 0.76227
vt 0.32339 0.75800
vt 0.32826 0.75584
vt 0.33111 0.75385
vt 0.33286 0.75600
vt 0.33695 0.75333
vt 0.34018 0.75679
vt 0.34345 0.75486
vt 0.27572 0.76855
vt 0.30514 0.76021
vt 0.26791 0.77008
vt 0.26920 0.77226
vt 0.29430 0.76459
vt 0.26717 0.77528
vt 0.28207 0.76870
vt 0.28683 0.76802
vt 0.27664 0.77116
vt 0.30349 0.76489
vt 0.30798 0.76263
vt 0.31045 0.76551
vt 0.27131 0.77421
vt 0.29318 0.76920
vt 0.30059 0.77012
vt 0.29266 0.77341
vt 0.28519 0.77347
vt 0.29982 0.77294
vt 0.30590 0.77073
vt 0.30975 0.76836
vt 0.28628 0.77729
vt 0.27818 0.77573
vt 0.29213 0.77616
vt 0.31470 0.76711
vt 0.38624 0.76029
vt 0.38200 0.75576
vt 0.38174 0.76052
vt 0.38725 0.76252
vt 0.37738 0.75868
vt 0.37355 0.75408
vt 0.37171 0.75629
vt 0.36670 0.75324
vt 0.36676 0.75683
vt 0.36481 0.75490
vt 0.35663 0.75270
vt 0.35829 0.75521
vt 0.35098 0.75497
vt 0.34889 0.75256
vt 0.35366 0.74954
vt 0.34464 0.74977
vt 0.34385 0.75203
vt 0.33789 0.75084
vt 0.36198 0.74938
vt 0.34862 0.74602
vt 0.37453 0.75949
vt 0.33068 0.75130
vt 0.36216 0.75758
vt 0.35601 0.75758
vt 0.34350 0.76127
vt 0.33537 0.76089
vt 0.34938 0.75735
vt 0.35091 0.76255
vt 0.35893 0.76122
vt 0.36750 0.76022
vt 0.35246 0.76547
vt 0.34621 0.76522
vt 0.35678 0.76642
vt 0.33855 0.76597
vt 0.36363 0.76541
vt 0.36439 0.76253
vt 0.36862 0.76272
vt 0.37384 0.76223
vt 0.33343 0.76465
vt 0.32820 0.76148
vt 0.33039 0.75919
vt 0.34375 0.76677
vt 0.38016 0.76244
vt 0.38066 0.76482
vt 0.38591 0.76495
vt 0.36170 0.76730
vt 0.35103 0.76770
vt 0.32689 0.76324
vt 0.32161 0.76069
vt 0.35746 0.76819
vt 0.31926 0.76204
vt 0.31466 0.76029
vt 0.90686 0.98959
vt 0.90884 0.98741
vt 0.90311 0.98480
vt 0.91401 0.99087
vt 0.90876 0.98233
vt 0.91498 0.98445
vt 0.91519 0.98893
vt 0.89905 0.98827
vt 0.91903 0.98696
vt 0.90705 0.97972
vt 0.89887 0.98199
vt 0.91798 0.98024
vt 0.92095 0.99091
vt 0.91544 0.97751
vt 0.92296 0.97848
vt 0.92617 0.98118
vt 0.92990 0.97881
vt 0.93296 0.98102
vt 0.93596 0.97753
vt 0.92273 0.98890
vt 0.92702 0.98724
vt 0.90308 0.97833
vt 0.94042 0.97964
vt 0.92848 0.98964
vt 0.92873 0.99225
vt 0.93445 0.99055
vt 0.93622 0.99392
vt 0.94025 0.99247
vt 0.94083 0.99487
vt 0.94584 0.99370
vt 0.94633 0.99020
vt 0.95239 0.99362
vt 0.95170 0.99103
vt 0.94932 0.98813
vt 0.95653 0.99106
vt 0.95810 0.99315
vt 0.94294 0.98865
vt 0.94085 0.99017
vt 0.93445 0.98887
vt 0.93710 0.98719
vt 0.95495 0.98807
vt 0.94476 0.97751
vt 0.94422 0.98142
vt 0.94921 0.97881
vt 0.95117 0.98074
vt 0.95352 0.97860
vt 0.95607 0.98091
vt 0.96002 0.97953
vt 0.96333 0.98207
vt 0.95218 0.98813
vt 0.92406 0.98453
vt 0.63680 0.26424
vt 0.63847 0.26132
vt 0.63271 0.26375
vt 0.62888 0.26651
vt 0.63397 0.26005
vt 0.62493 0.26324
vt 0.62649 0.26545
vt 0.61612 0.26521
vt 0.61658 0.26273
vt 0.61957 0.26683
vt 0.61351 0.26765
vt 0.60896 0.26273
vt 0.60963 0.26587
vt 0.60486 0.26854
vt 0.60249 0.26452
vt 0.59909 0.26724
vt 0.59305 0.26490
vt 0.59196 0.26801
vt 0.58680 0.26616
vt 0.58739 0.26891
vt 0.58279 0.26769
vt 0.58287 0.27090
vt 0.57696 0.27116
vt 0.57631 0.26885
vt 0.57200 0.27081
vt 0.57050 0.26908
vt 0.56661 0.26987
vt 0.56709 0.26751
vt 0.58383 0.26448
vt 0.56002 0.26742
vt 0.55971 0.26894
vt 0.55193 0.26772
vt 0.57719 0.26497
vt 0.57267 0.26642
vt 0.56881 0.26586
vt 0.56961 0.26321
vt 0.56245 0.26053
vt 0.56190 0.26476
vt 0.55366 0.26420
vt 0.54579 0.26559
vt 0.55215 0.25893
vt 0.54416 0.26189
vt 0.54677 0.25693
vt 0.54205 0.25852
vt 0.53835 0.26109
vt 0.54302 0.25440
vt 0.53603 0.25466
vt 0.53653 0.25134
vt 0.52979 0.25073
vt 0.52955 0.25352
vt 0.52505 0.25077
vt 0.52433 0.24849
vt 0.51787 0.24714
vt 0.51946 0.25020
vt 0.53405 0.25951
vt 0.55966 0.25715
vt 0.55337 0.25556
vt 0.54763 0.25385
vt 0.53328 0.25661
vt 0.54380 0.26742
vt 0.56894 0.26029
vt 0.57344 0.26295
vt 0.52985 0.25835
vt 0.53471 0.26603
vt 0.53966 0.26476
vt 0.56513 0.25817
vt 0.54204 0.25230
vt 0.52331 0.25439
vt 0.58822 0.26369
vt 0.53284 0.26241
vt 0.57288 0.26046
vt 0.52697 0.26372
vt 0.52694 0.26595
vt 0.52272 0.26456
vt 0.52024 0.26207
vt 0.51574 0.26394
vt 0.52538 0.25943
vt 0.51619 0.25752
vt 0.53130 0.24825
vt 0.52410 0.25735
vt 0.51896 0.25614
vt 0.52190 0.24611
vt 0.54760 0.25243
vt 0.55385 0.25364
vt 0.54035 0.25040
vt 0.56022 0.25544
vt 0.38529 0.91438
vt 0.38200 0.91268
vt 0.38442 0.91050
vt 0.38161 0.90727
vt 0.38320 0.90526
vt 0.38114 0.90142
vt 0.37884 0.90266
vt 0.37927 0.90755
vt 0.37897 0.89839
vt 0.37695 0.89706
vt 0.37622 0.90214
vt 0.37422 0.89632
vt 0.37562 0.89210
vt 0.37299 0.89187
vt 0.37792 0.89345
vt 0.37731 0.88964
vt 0.37506 0.88751
vt 0.38018 0.89602
vt 0.37601 0.88513
vt 0.37268 0.88503
vt 0.37361 0.88187
vt 0.37569 0.88173
vt 0.37419 0.87786
vt 0.37229 0.87883
vt 0.37231 0.87564
vt 0.37302 0.87305
vt 0.38134 0.91598
vt 0.37730 0.88522
vt 0.37988 0.89308
vt 0.37129 0.87053
vt 0.37079 0.87262
vt 0.36968 0.86753
vt 0.37166 0.86802
vt 0.37009 0.86589
vt 0.36927 0.86528
vt 0.37123 0.86477
vt 0.37807 0.91156
vt 0.37583 0.90631
vt 0.36993 0.86170
vt 0.36846 0.86163
vt 0.37021 0.87625
vt 0.37078 0.88678
vt 0.38648 0.91048
vt 0.38517 0.90600
vt 0.36995 0.88161
vt 0.36754 0.85735
vt 0.36879 0.85630
vt 0.36758 0.85398
vt 0.36822 0.84992
vt 0.36669 0.84920
vt 0.36736 0.84599
vt 0.36903 0.84552
vt 0.36753 0.84150
vt 0.36609 0.84273
vt 0.36617 0.83773
vt 0.36703 0.83814
vt 0.36638 0.83361
vt 0.37094 0.84738
vt 0.37089 0.85276
vt 0.37093 0.85708
vt 0.36915 0.83987
vt 0.37047 0.84237
vt 0.36801 0.83589
vt 0.36730 0.83112
vt 0.36543 0.83530
vt 0.37304 0.85432
vt 0.37295 0.85057
vt 0.38439 0.90176
vt 0.38299 0.89716
vt 0.37603 0.87917
vt 0.37462 0.87602
vt 0.37955 0.88908
vt 0.37813 0.88409
vt 0.37265 0.86684
vt 0.36899 0.86850
vt 0.38223 0.89268
vt 0.37382 0.84551
vt 0.37153 0.89188
vt 0.37317 0.90019
vt 0.37360 0.85733
vt 0.37319 0.84196
vt 0.36975 0.83506
vt 0.37194 0.83785
vt 0.37397 0.85935
vt 0.37177 0.86099
vt 0.37300 0.86478
vt 0.38649 0.90437
vt 0.37012 0.83041
vt 0.37443 0.85377
vt 0.37551 0.85023
vt 0.37672 0.85863
vt 0.37386 0.86879
vt 0.37266 0.83323
vt 0.37537 0.86195
vt 0.37387 0.83816
vt 0.37505 0.84207
vt 0.37399 0.86568
vt 0.37443 0.87277
vt 0.37728 0.85548
vt 0.37378 0.86285
vt 0.37882 0.85933
vt 0.37791 0.86150
vt 0.37832 0.88122
vt 0.37666 0.86364
vt 0.37852 0.86535
vt 0.37978 0.86362
vt 0.37760 0.86669
vt 0.37978 0.87001
vt 0.38076 0.86824
vt 0.38176 0.87321
vt 0.38072 0.87265
vt 0.37849 0.87173
vt 0.37810 0.86995
vt 0.37991 0.87376
vt 0.38202 0.87704
vt 0.38067 0.88490
vt 0.38164 0.88882
vt 0.37588 0.87589
vt 0.38359 0.89114
vt 0.38485 0.89409
f 793/793 795/795 797/797
f 775/775 776/776 782/782
f 773/773 774/774 775/775
f 775/775 774/774 776/776
f 21/21 20/20 2/2
f 802/802 797/797 801/801
f 571/571 573/573 577/577
f 571/571 563/563 570/570
f 1/1 2/2 3/3
f 101/101 3/3 105/105
f 577/577 563/563 571/571
f 2/2 4/4 3/3
f 3/3 4/4 105/105
f 346/346 345/345 359/359
f 863/863 862/862 796/796
f 788/788 789/789 790/790
f 345/345 354/354 359/359
f 354/354 345/345 347/347
f 345/345 344/344 347/347
f 794/794 796/796 795/795
f 785/785 786/786 788/788
f 785/785 782/782 786/786
f 788/788 786/786 789/789
f 782/782 783/783 786/786
f 782/782 776/776 783/783
f 796/796 799/799 795/795
f 796/796 862/862 799/799
f 359/359 354/354 363/363
f 862/862 861/861 799/799
f 789/789 786/786 787/787
f 354/354 347/347 351/351
f 354/354 351/351 363/363
f 797/797 795/795 798/798
f 801/801 797/797 798/798
f 795/795 799/799 798/798
f 786/786 783/783 787/787
f 783/783 779/779 784/784
f 783/783 784/784 787/787
f 798/798 799/799 800/800
f 783/783 776/776 779/779
f 861/861 805/805 799/799
f 799/799 805/805 800/800
f 798/798 800/800 803/803
f 789/789 787/787 770/770
f 861/861 860/860 805/805
f 770/770 787/787 759/759
f 787/787 784/784 759/759
f 363/363 351/351 379/379
f 800/800 806/806 804/804
f 800/800 805/805 806/806
f 351/351 380/380 379/379
f 860/860 859/859 805/805
f 379/379 380/380 381/381
f 380/380 384/384 381/381
f 805/805 807/807 806/806
f 805/805 859/859 807/807
f 807/807 808/808 806/806
f 807/807 809/809 808/808
f 396/396 393/393 344/344
f 197/197 198/198 199/199
f 197/197 199/199 200/200
f 198/198 309/309 206/206
f 198/198 206/206 199/199
f 344/344 393/393 353/353
f 344/344 353/353 348/348
f 393/393 417/417 394/394
f 393/393 394/394 353/353
f 197/197 200/200 289/289
f 353/353 394/394 395/395
f 289/289 200/200 202/202
f 289/289 202/202 288/288
f 347/347 344/344 348/348
f 347/347 348/348 349/349
f 395/395 356/356 353/353
f 353/353 355/355 348/348
f 353/353 356/356 355/355
f 348/348 355/355 350/350
f 330/330 331/331 309/309
f 533/533 536/536 535/535
f 534/534 535/535 614/614
f 637/637 614/614 644/644
f 117/117 115/115 116/116
f 614/614 535/535 616/616
f 614/614 616/616 644/644
f 570/570 563/563 562/562
f 562/562 563/563 536/536
f 535/535 536/536 537/537
f 536/536 541/541 537/537
f 124/124 123/123 115/115
f 206/206 309/309 308/308
f 143/143 125/125 124/124
f 124/124 125/125 123/123
f 309/309 331/331 308/308
f 124/124 115/115 117/117
f 199/199 206/206 201/201
f 200/200 199/199 201/201
f 200/200 201/201 202/202
f 125/125 126/126 123/123
f 125/125 170/170 126/126
f 331/331 336/336 308/308
f 170/170 152/152 126/126
f 116/116 115/115 114/114
f 115/115 123/123 113/113
f 115/115 113/113 114/114
f 644/644 616/616 642/642
f 535/535 538/538 616/616
f 535/535 537/537 538/538
f 776/776 774/774 777/777
f 20/20 6/6 2/2
f 777/777 778/778 776/776
f 776/776 778/778 779/779
f 798/798 803/803 801/801
f 20/20 53/53 6/6
f 2/2 6/6 5/5
f 53/53 52/52 6/6
f 778/778 780/780 779/779
f 779/779 792/792 784/784
f 779/779 780/780 792/792
f 800/800 804/804 803/803
f 778/778 777/777 781/781
f 778/778 781/781 780/780
f 2/2 5/5 4/4
f 4/4 13/13 105/105
f 4/4 5/5 13/13
f 351/351 347/347 349/349
f 348/348 350/350 349/349
f 349/349 350/350 352/352
f 349/349 352/352 425/425
f 784/784 792/792 760/760
f 784/784 760/760 759/759
f 804/804 806/806 841/841
f 792/792 780/780 791/791
f 760/760 747/747 759/759
f 770/770 759/759 769/769
f 351/351 349/349 380/380
f 349/349 425/425 380/380
f 759/759 758/758 769/769
f 769/769 758/758 771/771
f 563/563 577/577 569/569
f 536/536 563/563 541/541
f 105/105 13/13 107/107
f 13/13 104/104 107/107
f 563/563 569/569 561/561
f 569/569 576/576 561/561
f 541/541 563/563 561/561
f 537/537 539/539 538/538
f 537/537 541/541 539/539
f 541/541 561/561 550/550
f 541/541 550/550 542/542
f 6/6 30/30 8/8
f 6/6 52/52 30/30
f 780/780 781/781 791/791
f 30/30 24/24 8/8
f 6/6 7/7 5/5
f 5/5 7/7 12/12
f 5/5 12/12 13/13
f 6/6 8/8 7/7
f 7/7 9/9 12/12
f 7/7 8/8 9/9
f 52/52 29/29 30/30
f 792/792 753/753 760/760
f 791/791 753/753 792/792
f 841/841 806/806 833/833
f 29/29 24/24 30/30
f 759/759 747/747 758/758
f 760/760 753/753 747/747
f 753/753 750/750 747/747
f 29/29 28/28 24/24
f 806/806 808/808 833/833
f 750/750 744/744 747/747
f 75/75 49/49 28/28
f 28/28 23/23 24/24
f 28/28 49/49 23/23
f 24/24 11/11 8/8
f 8/8 10/10 9/9
f 8/8 11/11 10/10
f 13/13 12/12 104/104
f 561/561 566/566 550/550
f 561/561 576/576 566/566
f 9/9 97/97 12/12
f 12/12 97/97 104/104
f 550/550 546/546 542/542
f 550/550 566/566 546/546
f 104/104 97/97 109/109
f 9/9 32/32 97/97
f 9/9 10/10 32/32
f 566/566 564/564 546/546
f 109/109 97/97 100/100
f 49/49 22/22 23/23
f 24/24 23/23 11/11
f 32/32 100/100 97/97
f 10/10 14/14 32/32
f 11/11 14/14 10/10
f 100/100 108/108 109/109
f 566/566 568/568 564/564
f 32/32 14/14 100/100
f 108/108 100/100 106/106
f 538/538 540/540 616/616
f 642/642 616/616 540/540
f 538/538 539/539 540/540
f 642/642 540/540 643/643
f 540/540 539/539 545/545
f 113/113 110/110 114/114
f 539/539 541/541 542/542
f 539/539 543/543 545/545
f 539/539 542/542 543/543
f 542/542 546/546 544/544
f 546/546 547/547 544/544
f 564/564 547/547 546/546
f 807/807 859/859 857/857
f 381/381 384/384 402/402
f 807/807 857/857 809/809
f 809/809 857/857 811/811
f 356/356 358/358 355/355
f 356/356 395/395 358/358
f 201/201 203/203 202/202
f 206/206 219/219 201/201
f 126/126 152/152 128/128
f 288/288 202/202 203/203
f 201/201 219/219 204/204
f 152/152 151/151 128/128
f 288/288 203/203 287/287
f 201/201 204/204 203/203
f 206/206 308/308 219/219
f 308/308 307/307 219/219
f 126/126 118/118 123/123
f 126/126 128/128 118/118
f 308/308 337/337 307/307
f 308/308 336/336 337/337
f 694/694 692/692 691/691
f 358/358 360/360 355/355
f 395/395 399/399 358/358
f 360/360 358/358 361/361
f 425/425 352/352 424/424
f 425/425 385/385 380/380
f 380/380 385/385 384/384
f 425/425 424/424 385/385
f 350/350 355/355 352/352
f 352/352 355/355 357/357
f 352/352 357/357 424/424
f 360/360 357/357 355/355
f 691/691 692/692 685/685
f 360/360 361/361 362/362
f 691/691 685/685 686/686
f 360/360 362/362 357/357
f 424/424 357/357 423/423
f 357/357 378/378 423/423
f 357/357 362/362 373/373
f 692/692 693/693 685/685
f 685/685 683/683 686/686
f 123/123 118/118 113/113
f 113/113 118/118 111/111
f 128/128 151/151 127/127
f 128/128 127/127 118/118
f 219/219 307/307 301/301
f 204/204 219/219 301/301
f 307/307 306/306 301/301
f 151/151 150/150 127/127
f 127/127 119/119 118/118
f 358/358 399/399 400/400
f 358/358 397/397 361/361
f 358/358 400/400 397/397
f 287/287 203/203 207/207
f 204/204 205/205 203/203
f 204/204 301/301 205/205
f 203/203 205/205 207/207
f 205/205 301/301 209/209
f 207/207 205/205 208/208
f 205/205 209/209 208/208
f 301/301 306/306 209/209
f 361/361 397/397 391/391
f 686/686 683/683 687/687
f 291/291 211/211 299/299
f 291/291 207/207 211/211
f 127/127 129/129 119/119
f 150/150 129/129 127/127
f 306/306 220/220 209/209
f 207/207 208/208 211/211
f 209/209 210/210 208/208
f 209/209 220/220 210/210
f 185/185 148/148 150/150
f 211/211 208/208 210/210
f 150/150 148/148 129/129
f 148/148 131/131 129/129
f 424/424 423/423 385/385
f 758/758 761/761 771/771
f 758/758 755/755 761/761
f 423/423 378/378 387/387
f 385/385 423/423 387/387
f 385/385 387/387 386/386
f 384/384 385/385 386/386
f 693/693 688/688 685/685
f 357/357 373/373 378/378
f 685/685 688/688 684/684
f 747/747 755/755 758/758
f 747/747 744/744 745/745
f 747/747 745/745 755/755
f 384/384 386/386 402/402
f 402/402 386/386 403/403
f 761/761 755/755 757/757
f 761/761 768/768 771/771
f 761/761 757/757 768/768
f 857/857 858/858 811/811
f 685/685 684/684 683/683
f 362/362 365/365 373/373
f 361/361 364/364 362/362
f 362/362 364/364 365/365
f 378/378 422/422 387/387
f 768/768 757/757 767/767
f 387/387 422/422 389/389
f 688/688 689/689 684/684
f 373/373 375/375 378/378
f 373/373 365/365 375/375
f 422/422 378/378 375/375
f 683/683 684/684 682/682
f 684/684 690/690 682/682
f 365/365 364/364 366/366
f 365/365 366/366 374/374
f 365/365 374/374 375/375
f 682/682 690/690 695/695
f 682/682 695/695 679/679
f 361/361 391/391 364/364
f 683/683 681/681 687/687
f 299/299 211/211 223/223
f 683/683 682/682 681/681
f 185/185 183/183 148/148
f 808/808 809/809 810/810
f 818/818 808/808 810/810
f 809/809 811/811 810/810
f 818/818 810/810 813/813
f 49/49 50/50 22/22
f 23/23 22/22 11/11
f 755/755 745/745 746/746
f 745/745 744/744 743/743
f 745/745 743/743 746/746
f 755/755 746/746 757/757
f 757/757 746/746 756/756
f 811/811 858/858 812/812
f 811/811 812/812 810/810
f 810/810 812/812 813/813
f 744/744 742/742 743/743
f 812/812 814/814 813/813
f 743/743 742/742 740/740
f 742/742 739/739 740/740
f 22/22 50/50 26/26
f 22/22 19/19 11/11
f 22/22 26/26 19/19
f 386/386 388/388 403/403
f 757/757 756/756 767/767
f 386/386 387/387 388/388
f 387/387 389/389 388/388
f 389/389 390/390 388/388
f 767/767 756/756 764/764
f 403/403 388/388 418/418
f 743/743 740/740 746/746
f 746/746 740/740 741/741
f 746/746 741/741 756/756
f 756/756 741/741 764/764
f 389/389 422/422 426/426
f 388/388 390/390 408/408
f 767/767 764/764 772/772
f 389/389 426/426 390/390
f 422/422 375/375 426/426
f 690/690 696/696 695/695
f 418/418 388/388 408/408
f 812/812 816/816 814/814
f 812/812 823/823 816/816
f 740/740 737/737 741/741
f 740/740 739/739 737/737
f 813/813 814/814 815/815
f 814/814 816/816 815/815
f 50/50 51/51 26/26
f 764/764 741/741 748/748
f 741/741 737/737 748/748
f 390/390 409/409 408/408
f 764/764 766/766 772/772
f 426/426 410/410 390/390
f 390/390 410/410 409/409
f 764/764 748/748 766/766
f 19/19 15/15 11/11
f 11/11 15/15 14/14
f 15/15 16/16 14/14
f 14/14 99/99 100/100
f 100/100 99/99 106/106
f 14/14 16/16 99/99
f 19/19 26/26 17/17
f 816/816 823/823 819/819
f 739/739 738/738 737/737
f 26/26 51/51 41/41
f 737/737 738/738 736/736
f 737/737 735/735 748/748
f 816/816 817/817 815/815
f 51/51 66/66 41/41
f 816/816 819/819 817/817
f 737/737 736/736 735/735
f 41/41 27/27 26/26
f 41/41 33/33 27/27
f 19/19 17/17 15/15
f 15/15 17/17 16/16
f 17/17 18/18 16/16
f 16/16 34/34 99/99
f 99/99 34/34 102/102
f 16/16 18/18 34/34
f 18/18 31/31 34/34
f 26/26 27/27 17/17
f 31/31 102/102 34/34
f 27/27 33/33 25/25
f 17/17 27/27 25/25
f 17/17 25/25 18/18
f 18/18 25/25 31/31
f 31/31 103/103 102/102
f 31/31 92/92 103/103
f 25/25 33/33 35/35
f 25/25 35/35 31/31
f 31/31 35/35 92/92
f 92/92 35/35 98/98
f 307/307 337/337 338/338
f 113/113 111/111 110/110
f 643/643 540/540 634/634
f 307/307 338/338 306/306
f 545/545 580/580 540/540
f 540/540 580/580 634/634
f 545/545 543/543 580/580
f 542/542 544/544 543/543
f 111/111 118/118 119/119
f 110/110 111/111 112/112
f 119/119 120/120 111/111
f 306/306 315/315 220/220
f 306/306 338/338 315/315
f 119/119 129/129 130/130
f 543/543 544/544 548/548
f 543/543 548/548 580/580
f 580/580 625/625 634/634
f 112/112 111/111 121/121
f 111/111 120/120 121/121
f 580/580 581/581 625/625
f 580/580 548/548 581/581
f 544/544 547/547 549/549
f 544/544 549/549 548/548
f 548/548 549/549 552/552
f 581/581 548/548 552/552
f 549/549 551/551 553/553
f 549/549 553/553 552/552
f 119/119 130/130 120/120
f 129/129 131/131 130/130
f 130/130 134/134 120/120
f 131/131 132/132 130/130
f 130/130 132/132 134/134
f 338/338 339/339 315/315
f 315/315 339/339 317/317
f 315/315 317/317 316/316
f 120/120 122/122 121/121
f 625/625 581/581 587/587
f 625/625 587/587 639/639
f 552/552 587/587 581/581
f 120/120 134/134 135/135
f 120/120 135/135 122/122
f 639/639 587/587 633/633
f 317/317 318/318 316/316
f 316/316 318/318 319/319
f 121/121 122/122 195/195
f 552/552 553/553 554/554
f 587/587 556/556 633/633
f 564/564 568/568 547/547
f 568/568 572/572 547/547
f 547/547 572/572 551/551
f 547/547 551/551 549/549
f 568/568 574/574 572/572
f 572/572 531/531 551/551
f 572/572 574/574 575/575
f 572/572 575/575 531/531
f 553/553 551/551 560/560
f 551/551 532/532 560/560
f 560/560 554/554 553/553
f 575/575 530/530 531/531
f 531/531 528/528 532/532
f 551/551 531/531 532/532
f 560/560 532/532 529/529
f 560/560 529/529 559/559
f 532/532 528/528 529/529
f 528/528 518/518 529/529
f 529/529 518/518 559/559
f 552/552 555/555 587/587
f 552/552 554/554 555/555
f 554/554 560/560 559/559
f 587/587 555/555 556/556
f 195/195 122/122 142/142
f 122/122 141/141 142/142
f 122/122 135/135 141/141
f 556/556 626/626 633/633
f 195/195 142/142 196/196
f 555/555 554/554 556/556
f 554/554 557/557 556/556
f 556/556 557/557 558/558
f 556/556 558/558 618/618
f 559/559 557/557 554/554
f 557/557 565/565 558/558
f 557/557 567/567 565/565
f 558/558 565/565 582/582
f 559/559 567/567 557/557
f 518/518 567/567 559/559
f 567/567 517/517 565/565
f 574/574 578/578 575/575
f 106/106 99/99 102/102
f 575/575 579/579 530/530
f 530/530 528/528 531/531
f 530/530 523/523 528/528
f 530/530 579/579 523/523
f 523/523 527/527 528/528
f 575/575 578/578 579/579
f 578/578 585/585 579/579
f 579/579 584/584 523/523
f 523/523 522/522 527/527
f 528/528 527/527 518/518
f 527/527 516/516 518/518
f 527/527 522/522 516/516
f 579/579 585/585 584/584
f 92/92 98/98 103/103
f 585/585 586/586 584/584
f 567/567 518/518 517/517
f 518/518 516/516 517/517
f 374/374 366/366 371/371
f 391/391 392/392 364/364
f 364/364 392/392 367/367
f 211/211 210/210 212/212
f 211/211 212/212 223/223
f 148/148 183/183 169/169
f 210/210 213/213 212/212
f 223/223 212/212 215/215
f 223/223 215/215 222/222
f 682/682 679/679 681/681
f 364/364 367/367 366/366
f 366/366 367/367 368/368
f 681/681 679/679 680/680
f 366/366 368/368 371/371
f 392/392 398/398 367/367
f 368/368 367/367 369/369
f 680/680 679/679 676/676
f 367/367 372/372 369/369
f 367/367 398/398 372/372
f 222/222 221/221 276/276
f 222/222 215/215 221/221
f 212/212 214/214 215/215
f 276/276 221/221 224/224
f 221/221 215/215 216/216
f 221/221 216/216 224/224
f 374/374 371/371 375/375
f 375/375 406/406 426/426
f 375/375 371/371 406/406
f 371/371 405/405 406/406
f 426/426 406/406 427/427
f 410/410 426/426 427/427
f 410/410 411/411 409/409
f 427/427 412/412 410/410
f 410/410 412/412 411/411
f 427/427 428/428 412/412
f 428/428 413/413 412/412
f 452/452 450/450 451/451
f 695/695 696/696 679/679
f 696/696 678/678 679/679
f 696/696 677/677 678/678
f 406/406 407/407 427/427
f 678/678 677/677 675/675
f 677/677 674/674 675/675
f 405/405 383/383 406/406
f 406/406 383/383 407/407
f 371/371 368/368 405/405
f 405/405 368/368 383/383
f 678/678 675/675 679/679
f 679/679 675/675 676/676
f 369/369 370/370 368/368
f 463/463 453/453 458/458
f 368/368 370/370 383/383
f 383/383 370/370 382/382
f 427/427 407/407 428/428
f 458/458 453/453 452/452
f 453/453 450/450 452/452
f 674/674 664/664 675/675
f 673/673 664/664 674/674
f 673/673 665/665 664/664
f 369/369 372/372 370/370
f 370/370 372/372 376/376
f 370/370 376/376 382/382
f 376/376 377/377 401/401
f 276/276 224/224 275/275
f 675/675 658/658 676/676
f 372/372 377/377 376/376
f 276/276 275/275 300/300
f 658/658 655/655 657/657
f 676/676 658/658 657/657
f 453/453 456/456 450/450
f 456/456 457/457 450/450
f 675/675 664/664 658/658
f 658/658 662/662 655/655
f 664/664 662/662 658/658
f 450/450 457/457 437/437
f 377/377 404/404 401/401
f 401/401 404/404 419/419
f 401/401 419/419 420/420
f 655/655 656/656 657/657
f 300/300 275/275 272/272
f 275/275 273/273 272/272
f 275/275 224/224 273/273
f 224/224 225/225 273/273
f 271/271 272/272 252/252
f 272/272 273/273 252/252
f 271/271 252/252 253/253
f 273/273 225/225 274/274
f 273/273 274/274 252/252
f 823/823 822/822 819/819
f 408/408 409/409 414/414
f 766/766 748/748 749/749
f 748/748 735/735 749/749
f 766/766 749/749 765/765
f 409/409 411/411 414/414
f 412/412 413/413 411/411
f 411/411 413/413 415/415
f 411/411 415/415 414/414
f 414/414 415/415 416/416
f 822/822 821/821 819/819
f 765/765 749/749 752/752
f 735/735 734/734 749/749
f 749/749 734/734 752/752
f 765/765 752/752 762/762
f 469/469 451/451 466/466
f 469/469 466/466 474/474
f 819/819 820/820 817/817
f 41/41 39/39 33/33
f 41/41 66/66 39/39
f 66/66 72/72 39/39
f 817/817 820/820 824/824
f 820/820 819/819 821/821
f 821/821 825/825 820/820
f 450/450 449/449 451/451
f 451/451 449/449 466/466
f 449/449 437/437 435/435
f 449/449 454/454 467/467
f 449/449 435/435 454/454
f 474/474 466/466 473/473
f 466/466 449/449 467/467
f 466/466 467/467 473/473
f 821/821 829/829 825/825
f 666/666 724/724 667/667
f 467/467 454/454 468/468
f 666/666 667/667 659/659
f 467/467 468/468 473/473
f 829/829 834/834 832/832
f 724/724 723/723 667/667
f 673/673 672/672 665/665
f 664/664 665/665 662/662
f 672/672 669/669 665/665
f 762/762 752/752 754/754
f 736/736 725/725 735/735
f 735/735 725/725 734/734
f 33/33 39/39 36/36
f 33/33 36/36 35/35
f 734/734 733/733 752/752
f 734/734 725/725 733/733
f 725/725 728/728 733/733
f 662/662 665/665 666/666
f 665/665 669/669 666/666
f 449/449 450/450 437/437
f 762/762 754/754 763/763
f 754/754 751/751 763/763
f 662/662 659/659 655/655
f 662/662 666/666 659/659
f 655/655 659/659 661/661
f 752/752 733/733 754/754
f 754/754 733/733 751/751
f 733/733 731/731 751/751
f 829/829 832/832 828/828
f 832/832 835/835 831/831
f 725/725 726/726 727/727
f 820/820 825/825 824/824
f 824/824 825/825 826/826
f 39/39 38/38 36/36
f 36/36 38/38 37/37
f 725/725 727/727 728/728
f 72/72 42/42 39/39
f 36/36 37/37 35/35
f 35/35 94/94 98/98
f 35/35 37/37 94/94
f 37/37 89/89 94/94
f 39/39 40/40 38/38
f 39/39 42/42 40/40
f 38/38 40/40 37/37
f 37/37 80/80 89/89
f 825/825 829/829 828/828
f 733/733 728/728 731/731
f 825/825 828/828 826/826
f 727/727 729/729 728/728
f 731/731 728/728 730/730
f 828/828 832/832 831/831
f 824/824 826/826 827/827
f 826/826 828/828 827/827
f 728/728 729/729 730/730
f 40/40 42/42 43/43
f 730/730 729/729 732/732
f 828/828 830/830 827/827
f 828/828 831/831 830/830
f 42/42 44/44 43/43
f 68/68 67/67 44/44
f 40/40 80/80 37/37
f 40/40 48/48 80/80
f 40/40 43/43 48/48
f 80/80 48/48 87/87
f 43/43 45/45 48/48
f 43/43 44/44 45/45
f 48/48 45/45 87/87
f 45/45 85/85 87/87
f 220/220 315/315 314/314
f 210/210 220/220 213/213
f 220/220 314/314 213/213
f 315/315 316/316 314/314
f 148/148 169/169 133/133
f 131/131 133/133 132/132
f 131/131 148/148 133/133
f 212/212 213/213 214/214
f 134/134 132/132 136/136
f 169/169 147/147 133/133
f 132/132 133/133 136/136
f 133/133 137/137 136/136
f 133/133 147/147 137/137
f 314/314 217/217 213/213
f 314/314 313/313 217/217
f 316/316 319/319 320/320
f 316/316 320/320 314/314
f 134/134 138/138 135/135
f 134/134 136/136 138/138
f 320/320 327/327 314/314
f 215/215 214/214 216/216
f 214/214 213/213 217/217
f 214/214 217/217 216/216
f 320/320 319/319 321/321
f 138/138 140/140 135/135
f 138/138 136/136 137/137
f 138/138 137/137 139/139
f 314/314 327/327 313/313
f 137/137 144/144 139/139
f 320/320 321/321 327/327
f 327/327 321/321 324/324
f 650/650 648/648 646/646
f 321/321 323/323 324/324
f 650/650 646/646 653/653
f 138/138 139/139 140/140
f 139/139 144/144 153/153
f 140/140 139/139 153/153
f 153/153 144/144 157/157
f 648/648 647/647 646/646
f 324/324 323/323 325/325
f 157/157 156/156 153/153
f 323/323 326/326 325/325
f 147/147 146/146 137/137
f 216/216 218/218 224/224
f 216/216 217/217 218/218
f 137/137 146/146 145/145
f 137/137 145/145 144/144
f 218/218 217/217 293/293
f 146/146 180/180 145/145
f 224/224 218/218 225/225
f 653/653 646/646 652/652
f 313/313 293/293 217/217
f 218/218 226/226 225/225
f 225/225 228/228 274/274
f 225/225 227/227 228/228
f 225/225 226/226 227/227
f 178/178 145/145 180/180
f 646/646 647/647 645/645
f 325/325 326/326 328/328
f 646/646 645/645 641/641
f 218/218 293/293 226/226
f 646/646 641/641 652/652
f 293/293 229/229 226/226
f 293/293 329/329 229/229
f 144/144 145/145 154/154
f 226/226 229/229 227/227
f 145/145 178/178 159/159
f 318/318 322/322 319/319
f 633/633 626/626 630/630
f 319/319 322/322 321/321
f 142/142 194/194 196/196
f 135/135 140/140 141/141
f 140/140 149/149 141/141
f 140/140 153/153 149/149
f 142/142 141/141 190/190
f 141/141 149/149 190/190
f 322/322 323/323 321/321
f 322/322 332/332 323/323
f 626/626 618/618 630/630
f 556/556 618/618 626/626
f 630/630 618/618 632/632
f 142/142 190/190 194/194
f 190/190 149/149 192/192
f 558/558 582/582 618/618
f 582/582 565/565 583/583
f 149/149 153/153 156/156
f 149/149 156/156 192/192
f 323/323 332/332 326/326
f 582/582 617/617 618/618
f 618/618 617/617 632/632
f 326/326 333/333 328/328
f 516/516 514/514 515/515
f 523/523 584/584 521/521
f 523/523 521/521 522/522
f 522/522 521/521 520/520
f 521/521 519/519 520/520
f 522/522 514/514 516/516
f 522/522 520/520 514/514
f 515/515 514/514 512/512
f 520/520 509/509 514/514
f 519/519 509/509 520/520
f 514/514 509/509 512/512
f 157/157 144/144 154/154
f 156/156 157/157 154/154
f 156/156 154/154 192/192
f 145/145 159/159 158/158
f 154/154 145/145 155/155
f 145/145 158/158 155/155
f 645/645 631/631 641/641
f 641/641 631/631 628/628
f 515/515 512/512 589/589
f 512/512 509/509 508/508
f 512/512 508/508 589/589
f 565/565 517/517 583/583
f 583/583 617/617 582/582
f 583/583 517/517 515/515
f 517/517 516/516 515/515
f 617/617 583/583 588/588
f 583/583 515/515 588/588
f 617/617 588/588 593/593
f 332/332 333/333 326/326
f 632/632 617/617 631/631
f 631/631 617/617 613/613
f 631/631 613/613 628/628
f 617/617 593/593 613/613
f 588/588 589/589 593/593
f 588/588 515/515 589/589
f 593/593 589/589 592/592
f 593/593 592/592 613/613
f 628/628 613/613 612/612
f 613/613 592/592 612/612
f 592/592 594/594 612/612
f 584/584 586/586 521/521
f 586/586 526/526 521/521
f 521/521 526/526 519/519
f 519/519 526/526 513/513
f 526/526 525/525 513/513
f 513/513 509/509 519/519
f 509/509 513/513 507/507
f 509/509 507/507 508/508
f 525/525 524/524 513/513
f 89/89 80/80 96/96
f 80/80 87/87 96/96
f 513/513 511/511 507/507
f 524/524 511/511 513/513
f 96/96 87/87 95/95
f 507/507 505/505 508/508
f 505/505 507/507 504/504
f 505/505 504/504 503/503
f 511/511 504/504 507/507
f 511/511 510/510 504/504
f 592/592 589/589 590/590
f 589/589 508/508 590/590
f 592/592 590/590 594/594
f 508/508 505/505 590/590
f 590/590 591/591 594/594
f 590/590 505/505 591/591
f 505/505 503/503 591/591
f 95/95 87/87 91/91
f 87/87 85/85 91/91
f 435/435 434/434 454/454
f 667/667 668/668 659/659
f 659/659 668/668 663/663
f 659/659 663/663 660/660
f 454/454 460/460 468/468
f 454/454 434/434 460/460
f 667/667 723/723 722/722
f 667/667 722/722 668/668
f 435/435 432/432 434/434
f 436/436 432/432 435/435
f 285/285 255/255 298/298
f 434/434 432/432 431/431
f 660/660 663/663 700/700
f 298/298 255/255 256/256
f 298/298 256/256 286/286
f 420/420 419/419 421/421
f 285/285 271/271 253/253
f 437/437 436/436 435/435
f 659/659 660/660 661/661
f 285/285 253/253 255/255
f 253/253 251/251 254/254
f 274/274 228/228 252/252
f 252/252 228/228 251/251
f 252/252 251/251 253/253
f 251/251 228/228 232/232
f 253/253 254/254 255/255
f 251/251 267/267 254/254
f 251/251 232/232 267/267
f 255/255 254/254 256/256
f 254/254 257/257 256/256
f 254/254 267/267 258/258
f 254/254 258/258 257/257
f 267/267 248/248 258/258
f 468/468 460/460 478/478
f 832/832 834/834 836/836
f 836/836 842/842 835/835
f 832/832 836/836 835/835
f 668/668 670/670 663/663
f 670/670 700/700 663/663
f 434/434 455/455 460/460
f 722/722 721/721 668/668
f 460/460 455/455 465/465
f 460/460 465/465 478/478
f 668/668 721/721 711/711
f 668/668 671/671 670/670
f 668/668 711/711 671/671
f 478/478 465/465 480/480
f 842/842 838/838 835/835
f 842/842 851/851 838/838
f 431/431 432/432 429/429
f 434/434 431/431 438/438
f 434/434 438/438 455/455
f 429/429 430/430 431/431
f 700/700 670/670 698/698
f 431/431 430/430 438/438
f 286/286 256/256 260/260
f 429/429 433/433 430/430
f 286/286 260/260 284/284
f 455/455 461/461 465/465
f 455/455 438/438 461/461
f 465/465 461/461 475/475
f 438/438 439/439 447/447
f 438/438 447/447 461/461
f 465/465 475/475 480/480
f 842/842 852/852 851/851
f 721/721 720/720 711/711
f 671/671 697/697 670/670
f 670/670 697/697 698/698
f 438/438 430/430 433/433
f 438/438 433/433 439/439
f 697/697 699/699 698/698
f 671/671 711/711 707/707
f 671/671 707/707 697/697
f 711/711 720/720 707/707
f 831/831 835/835 837/837
f 256/256 257/257 260/260
f 257/257 259/259 260/260
f 259/259 257/257 258/258
f 258/258 248/248 249/249
f 835/835 838/838 837/837
f 838/838 840/840 839/839
f 852/852 849/849 851/851
f 475/475 461/461 476/476
f 849/849 847/847 844/844
f 851/851 849/849 844/844
f 476/476 461/461 477/477
f 720/720 719/719 707/707
f 838/838 851/851 840/840
f 851/851 844/844 840/840
f 840/840 844/844 843/843
f 67/67 46/46 44/44
f 44/44 46/46 45/45
f 837/837 838/838 839/839
f 67/67 55/55 46/46
f 45/45 84/84 85/85
f 46/46 47/47 45/45
f 840/840 843/843 839/839
f 55/55 54/54 46/46
f 46/46 54/54 47/47
f 55/55 71/71 56/56
f 55/55 56/56 54/54
f 56/56 57/57 54/54
f 54/54 82/82 47/47
f 45/45 47/47 84/84
f 84/84 82/82 86/86
f 84/84 47/47 82/82
f 844/844 845/845 843/843
f 71/71 70/70 56/56
f 70/70 60/60 56/56
f 54/54 57/57 82/82
f 56/56 58/58 57/57
f 58/58 77/77 57/57
f 82/82 57/57 77/77
f 82/82 77/77 81/81
f 60/60 59/59 56/56
f 56/56 59/59 58/58
f 58/58 74/74 77/77
f 58/58 59/59 74/74
f 77/77 76/76 78/78
f 77/77 74/74 76/76
f 228/228 227/227 230/230
f 178/178 179/179 159/159
f 230/230 227/227 231/231
f 228/228 230/230 232/232
f 159/159 179/179 161/161
f 230/230 231/231 232/232
f 329/329 311/311 229/229
f 641/641 628/628 640/640
f 159/159 160/160 158/158
f 159/159 161/161 160/160
f 628/628 627/627 640/640
f 227/227 229/229 231/231
f 231/231 229/229 294/294
f 294/294 229/229 311/311
f 179/179 177/177 161/161
f 161/161 177/177 162/162
f 628/628 612/612 627/627
f 158/158 189/189 155/155
f 161/161 162/162 160/160
f 158/158 160/160 189/189
f 311/311 334/334 294/294
f 294/294 334/334 312/312
f 160/160 163/163 189/189
f 627/627 622/622 635/635
f 232/232 233/233 267/267
f 232/232 231/231 233/233
f 231/231 234/234 233/233
f 267/267 233/233 248/248
f 248/248 233/233 235/235
f 233/233 234/234 235/235
f 231/231 294/294 234/234
f 294/294 302/302 234/234
f 162/162 163/163 160/160
f 294/294 312/312 302/302
f 612/612 594/594 611/611
f 627/627 612/612 622/622
f 612/612 611/611 622/622
f 504/504 502/502 503/503
f 248/248 235/235 249/249
f 177/177 166/166 162/162
f 177/177 167/167 166/166
f 167/167 164/164 166/166
f 162/162 164/164 163/163
f 622/622 621/621 635/635
f 312/312 340/340 302/302
f 622/622 610/610 621/621
f 162/162 166/166 164/164
f 302/302 340/340 310/310
f 164/164 165/165 163/163
f 621/621 620/620 638/638
f 596/596 598/598 597/597
f 598/598 599/599 597/597
f 610/610 606/606 621/621
f 621/621 606/606 620/620
f 620/620 619/619 638/638
f 620/620 606/606 619/619
f 611/611 594/594 595/595
f 594/594 591/591 595/595
f 611/611 595/595 610/610
f 611/611 610/610 622/622
f 591/591 503/503 595/595
f 595/595 597/597 610/610
f 595/595 596/596 597/597
f 610/610 597/597 606/606
f 597/597 599/599 606/606
f 85/85 93/93 91/91
f 510/510 502/502 504/504
f 495/495 501/501 502/502
f 502/502 501/501 503/503
f 510/510 494/494 502/502
f 502/502 494/494 495/495
f 595/595 503/503 596/596
f 503/503 501/501 596/596
f 596/596 501/501 598/598
f 501/501 495/495 496/496
f 501/501 496/496 598/598
f 84/84 86/86 85/85
f 85/85 86/86 93/93
f 86/86 88/88 93/93
f 494/494 489/489 493/493
f 86/86 82/82 88/88
f 82/82 81/81 88/88
f 495/495 494/494 493/493
f 495/495 493/493 496/496
f 599/599 598/598 600/600
f 598/598 496/496 600/600
f 599/599 600/600 601/601
f 489/489 487/487 490/490
f 489/489 488/488 487/487
f 489/489 490/490 493/493
f 496/496 493/493 499/499
f 496/496 499/499 600/600
f 601/601 600/600 602/602
f 600/600 499/499 602/602
f 599/599 601/601 606/606
f 606/606 601/601 605/605
f 77/77 78/78 81/81
f 488/488 486/486 487/487
f 487/487 491/491 490/490
f 490/490 499/499 493/493
f 499/499 490/490 506/506
f 499/499 506/506 602/602
f 490/490 491/491 506/506
f 506/506 491/491 498/498
f 486/486 485/485 487/487
f 487/487 485/485 491/491
f 76/76 83/83 78/78
f 486/486 484/484 485/485
f 485/485 492/492 491/491
f 284/284 260/260 261/261
f 697/697 701/701 699/699
f 284/284 261/261 282/282
f 439/439 440/440 441/441
f 439/439 433/433 440/440
f 258/258 249/249 264/264
f 249/249 250/250 264/264
f 260/260 259/259 261/261
f 261/261 259/259 262/262
f 262/262 259/259 265/265
f 259/259 264/264 265/265
f 259/259 258/258 264/264
f 264/264 279/279 265/265
f 707/707 701/701 697/697
f 439/439 441/441 447/447
f 461/461 447/447 464/464
f 707/707 719/719 718/718
f 461/461 464/464 477/477
f 707/707 708/708 701/701
f 707/707 718/718 708/708
f 441/441 443/443 447/447
f 443/443 448/448 447/447
f 701/701 703/703 702/702
f 699/699 701/701 702/702
f 847/847 846/846 844/844
f 719/719 717/717 718/718
f 447/447 448/448 464/464
f 708/708 703/703 701/701
f 464/464 448/448 462/462
f 464/464 462/462 477/477
f 708/708 718/718 710/710
f 708/708 710/710 703/703
f 718/718 716/716 710/710
f 441/441 440/440 442/442
f 441/441 442/442 443/443
f 261/261 263/263 282/282
f 261/261 262/262 263/263
f 341/341 282/282 277/277
f 282/282 263/263 277/277
f 262/262 266/266 263/263
f 703/703 704/704 702/702
f 443/443 442/442 444/444
f 277/277 342/342 341/341
f 448/448 445/445 462/462
f 703/703 710/710 704/704
f 443/443 445/445 448/448
f 443/443 444/444 445/445
f 702/702 704/704 705/705
f 277/277 268/268 278/278
f 342/342 277/277 278/278
f 263/263 268/268 277/277
f 263/263 266/266 268/268
f 268/268 266/266 269/269
f 265/265 279/279 281/281
f 279/279 264/264 280/280
f 279/279 280/280 281/281
f 264/264 250/250 280/280
f 262/262 265/265 266/266
f 266/266 265/265 283/283
f 280/280 241/241 244/244
f 281/281 280/280 343/343
f 280/280 244/244 343/343
f 265/265 281/281 283/283
f 266/266 283/283 269/269
f 283/283 295/295 269/269
f 283/283 296/296 295/295
f 283/283 281/281 296/296
f 281/281 343/343 296/296
f 343/343 244/244 247/247
f 847/847 848/848 846/846
f 477/477 462/462 479/479
f 718/718 717/717 716/716
f 846/846 845/845 844/844
f 848/848 850/850 846/846
f 846/846 850/850 853/853
f 845/845 846/846 854/854
f 846/846 853/853 854/854
f 70/70 69/69 60/60
f 717/717 713/713 714/714
f 717/717 714/714 716/716
f 714/714 713/713 712/712
f 462/462 470/470 479/479
f 462/462 445/445 459/459
f 462/462 459/459 470/470
f 704/704 710/710 709/709
f 479/479 470/470 472/472
f 716/716 715/715 710/710
f 705/705 704/704 706/706
f 445/445 444/444 446/446
f 704/704 709/709 706/706
f 710/710 715/715 709/709
f 470/470 471/471 472/472
f 716/716 714/714 715/715
f 296/296 343/343 297/297
f 853/853 850/850 856/856
f 854/854 853/853 855/855
f 69/69 64/64 60/60
f 60/60 62/62 61/61
f 64/64 62/62 60/60
f 59/59 60/60 61/61
f 61/61 73/73 59/59
f 59/59 73/73 74/74
f 61/61 65/65 73/73
f 74/74 73/73 76/76
f 76/76 73/73 83/83
f 73/73 79/79 83/83
f 61/61 62/62 63/63
f 249/249 237/237 250/250
f 249/249 235/235 237/237
f 235/235 234/234 236/236
f 167/167 168/168 164/164
f 237/237 235/235 236/236
f 234/234 302/302 242/242
f 234/234 242/242 236/236
f 242/242 302/302 310/310
f 167/167 181/181 168/168
f 237/237 238/238 250/250
f 237/237 236/236 238/238
f 250/250 238/238 241/241
f 181/181 172/172 168/168
f 236/236 239/239 238/238
f 164/164 168/168 165/165
f 638/638 619/619 636/636
f 242/242 310/310 304/304
f 310/310 335/335 304/304
f 236/236 242/242 239/239
f 242/242 304/304 239/239
f 250/250 241/241 280/280
f 165/165 168/168 171/171
f 172/172 171/171 168/168
f 304/304 305/305 239/239
f 165/165 171/171 188/188
f 619/619 624/624 636/636
f 304/304 335/335 305/305
f 636/636 624/624 651/651
f 238/238 239/239 240/240
f 172/172 181/181 174/174
f 238/238 240/240 241/241
f 172/172 174/174 173/173
f 239/239 292/292 240/240
f 240/240 292/292 245/245
f 244/244 241/241 243/243
f 241/241 240/240 243/243
f 240/240 245/245 243/243
f 239/239 305/305 292/292
f 172/172 173/173 171/171
f 174/174 184/184 173/173
f 244/244 243/243 247/247
f 184/184 176/176 173/173
f 184/184 186/186 176/176
f 188/188 171/171 175/175
f 171/171 173/173 175/175
f 305/305 303/303 292/292
f 175/175 191/191 188/188
f 651/651 624/624 629/629
f 624/624 623/623 629/629
f 651/651 629/629 654/654
f 292/292 303/303 245/245
f 173/173 176/176 175/175
f 245/245 303/303 290/290
f 606/606 605/605 619/619
f 619/619 605/605 624/624
f 601/601 602/602 603/603
f 601/601 603/603 605/605
f 603/603 607/607 605/605
f 605/605 607/607 624/624
f 624/624 607/607 623/623
f 602/602 506/506 498/498
f 485/485 483/483 492/492
f 491/491 492/492 498/498
f 498/498 492/492 497/497
f 175/175 187/187 191/191
f 629/629 649/649 654/654
f 191/191 187/187 193/193
f 602/602 498/498 603/603
f 603/603 498/498 604/604
f 607/607 603/603 604/604
f 607/607 604/604 608/608
f 498/498 497/497 604/604
f 623/623 607/607 615/615
f 607/607 608/608 615/615
f 623/623 615/615 629/629
f 604/604 609/609 608/608
f 604/604 497/497 609/609
f 485/485 484/484 483/483
f 484/484 481/481 483/483
f 492/492 483/483 482/482
f 492/492 482/482 497/497
f 482/482 500/500 497/497
f 79/79 90/90 83/83
f 481/481 482/482 483/483
f 342/342 278/278 270/270
f 243/243 245/245 246/246
f 245/245 290/290 246/246
f 176/176 182/182 175/175
f 1007/1007 966/966 1005/1005
f 1007/1007 1005/1005 1006/1006
f 966/966 965/965 1005/1005
f 1005/1005 965/965 983/983
f 963/963 964/964 965/965
f 965/965 967/967 983/983
f 965/965 964/964 967/967
f 1006/1006 1005/1005 1000/1000
f 967/967 964/964 968/968
f 1005/1005 983/983 1000/1000
f 1000/1000 992/992 999/999
f 968/968 969/969 967/967
f 967/967 969/969 983/983
f 1000/1000 983/983 992/992
f 983/983 969/969 971/971
f 992/992 983/983 971/971
f 969/969 968/968 970/970
f 969/969 970/970 971/971
f 999/999 998/998 997/997
f 999/999 992/992 998/998
f 992/992 971/971 985/985
f 997/997 998/998 991/991
f 998/998 992/992 991/991
f 992/992 985/985 991/991
f 997/997 995/995 1008/1008
f 997/997 991/991 995/995
f 1008/1008 995/995 1012/1012
f 995/995 1009/1009 1012/1012
f 995/995 991/991 993/993
f 995/995 993/993 1009/1009
f 991/991 985/985 986/986
f 971/971 970/970 972/972
f 971/971 972/972 985/985
f 970/970 973/973 972/972
f 985/985 972/972 974/974
f 970/970 981/981 973/973
f 972/972 973/973 974/974
f 985/985 974/974 986/986
f 981/981 977/977 973/973
f 993/993 991/991 990/990
f 991/991 986/986 990/990
f 986/986 974/974 975/975
f 990/990 986/986 989/989
f 974/974 973/973 975/975
f 973/973 976/976 975/975
f 986/986 975/975 989/989
f 973/973 977/977 976/976
f 976/976 977/977 978/978
f 1009/1009 993/993 994/994
f 993/993 990/990 994/994
f 994/994 1004/1004 1009/1009
f 990/990 987/987 994/994
f 990/990 989/989 987/987
f 994/994 996/996 1004/1004
f 994/994 987/987 996/996
f 996/996 987/987 988/988
f 989/989 975/975 938/938
f 975/975 976/976 938/938
f 977/977 982/982 978/978
f 976/976 978/978 979/979
f 989/989 937/937 987/987
f 989/989 938/938 937/937
f 976/976 979/979 938/938
f 938/938 979/979 936/936
f 936/936 979/979 980/980
f 978/978 980/980 979/979
f 996/996 988/988 1001/1001
f 988/988 1002/1002 1001/1001
f 1001/1001 1002/1002 1010/1010
f 938/938 936/936 937/937
f 987/987 937/937 988/988
f 988/988 937/937 1003/1003
f 988/988 1003/1003 1002/1002
f 937/937 935/935 1003/1003
f 936/936 980/980 984/984
f 937/937 936/936 935/935
f 935/935 936/936 934/934
f 936/936 984/984 934/934
f 935/935 933/933 1003/1003
f 1002/1002 1003/1003 932/932
f 1003/1003 933/933 932/932
f 935/935 934/934 933/933
f 934/934 929/929 933/933
f 934/934 984/984 929/929
f 929/929 984/984 928/928
f 932/932 933/933 929/929
f 932/932 929/929 927/927
f 929/929 928/928 927/927
f 904/904 908/908 905/905
f 903/903 904/904 900/900
f 904/904 905/905 900/900
f 905/905 907/907 906/906
f 900/900 905/905 906/906
f 903/903 900/900 901/901
f 900/900 899/899 901/901
f 900/900 906/906 898/898
f 900/900 898/898 899/899
f 962/962 950/950 958/958
f 1002/1002 1011/1011 1010/1010
f 1002/1002 932/932 1011/1011
f 1010/1010 1011/1011 1013/1013
f 1014/1014 1011/1011 917/917
f 1011/1011 932/932 917/917
f 1014/1014 917/917 926/926
f 932/932 927/927 917/917
f 928/928 916/916 927/927
f 927/927 916/916 917/917
f 926/926 917/917 909/909
f 917/917 916/916 909/909
f 1014/1014 926/926 930/930
f 930/930 926/926 909/909
f 950/950 949/949 948/948
f 909/909 916/916 892/892
f 949/949 940/940 948/948
f 948/948 940/940 931/931
f 940/940 912/912 931/931
f 909/909 911/911 930/930
f 909/909 892/892 888/888
f 909/909 888/888 911/911
f 930/930 911/911 940/940
f 940/940 911/911 912/912
f 912/912 911/911 910/910
f 911/911 888/888 910/910
f 901/901 899/899 902/902
f 899/899 898/898 896/896
f 896/896 898/898 897/897
f 902/902 899/899 896/896
f 902/902 896/896 895/895
f 895/895 896/896 894/894
f 895/895 894/894 893/893
f 896/896 891/891 894/894
f 896/896 897/897 891/891
f 894/894 889/889 893/893
f 894/894 891/891 889/889
f 893/893 889/889 892/892
f 891/891 890/890 889/889
f 892/892 889/889 888/888
f 889/889 887/887 888/888
f 889/889 890/890 887/887
f 958/958 948/948 957/957
f 948/948 953/953 957/957
f 957/957 953/953 956/956
f 956/956 953/953 954/954
f 953/953 948/948 952/952
f 953/953 952/952 954/954
f 956/956 954/954 961/961
f 950/950 948/948 958/958
f 961/961 954/954 959/959
f 954/954 955/955 959/959
f 952/952 946/946 955/955
f 955/955 954/954 952/952
f 955/955 946/946 945/945
f 948/948 943/943 952/952
f 931/931 943/943 948/948
f 931/931 912/912 884/884
f 912/912 910/910 884/884
f 910/910 882/882 884/884
f 882/882 910/910 881/881
f 931/931 884/884 913/913
f 931/931 913/913 943/943
f 913/913 884/884 880/880
f 943/943 913/913 922/922
f 884/884 882/882 880/880
f 882/882 881/881 880/880
f 943/943 946/946 952/952
f 943/943 922/922 946/946
f 955/955 945/945 960/960
f 945/945 947/947 960/960
f 946/946 922/922 945/945
f 922/922 913/913 914/914
f 913/913 880/880 914/914
f 914/914 880/880 915/915
f 922/922 914/914 915/915
f 922/922 915/915 921/921
f 945/945 922/922 921/921
f 921/921 915/915 920/920
f 880/880 876/876 915/915
f 945/945 921/921 939/939
f 945/945 939/939 947/947
f 921/921 920/920 939/939
f 939/939 920/920 923/923
f 888/888 885/885 910/910
f 888/888 887/887 885/885
f 885/885 887/887 886/886
f 910/910 885/885 881/881
f 885/885 883/883 881/881
f 885/885 886/886 883/883
f 880/880 881/881 875/875
f 881/881 883/883 875/875
f 874/874 872/872 875/875
f 874/874 873/873 872/872
f 880/880 875/875 876/876
f 875/875 872/872 876/876
f 915/915 876/876 877/877
f 877/877 876/876 869/869
f 872/872 871/871 869/869
f 872/872 869/869 876/876
f 873/873 871/871 872/872
f 871/871 867/867 869/869
f 959/959 955/955 960/960
f 947/947 951/951 960/960
f 923/923 920/920 919/919
f 920/920 915/915 919/919
f 915/915 879/879 919/919
f 947/947 939/939 942/942
f 947/947 942/942 951/951
f 939/939 923/923 941/941
f 942/942 939/939 941/941
f 951/951 942/942 944/944
f 923/923 919/919 924/924
f 923/923 925/925 941/941
f 923/923 924/924 925/925
f 924/924 919/919 918/918
f 919/919 879/879 918/918
f 879/879 878/878 918/918
f 915/915 877/877 879/879
f 877/877 870/870 879/879
f 869/869 870/870 877/877
f 870/870 869/869 868/868
f 867/867 866/866 864/864
f 869/869 867/867 868/868
f 867/867 864/864 868/868
f 866/866 865/865 864/864
f 879/879 870/870 878/878
f 870/870 868/868 878/878
f 1022/1022 1015/1015 1017/1017
f 1015/1015 1016/1016 1017/1017
f 1025/1025 1024/1024 1036/1036
f 1025/1025 1017/1017 1024/1024
f 1067/1067 1068/1068 1066/1066
f 1017/1017 1019/1019 1024/1024
f 1017/1017 1016/1016 1019/1019
f 1067/1067 1070/1070 1068/1068
f 1068/1068 1070/1070 1071/1071
f 1019/1019 1026/1026 1024/1024
f 1024/1024 1026/1026 1028/1028
f 1019/1019 1016/1016 1020/1020
f 1020/1020 1026/1026 1019/1019
f 1066/1066 1068/1068 1069/1069
f 1068/1068 1072/1072 1069/1069
f 1068/1068 1071/1071 1072/1072
f 1015/1015 1018/1018 1016/1016
f 1016/1016 1018/1018 1021/1021
f 1016/1016 1021/1021 1020/1020
f 1021/1021 1018/1018 1027/1027
f 1020/1020 1021/1021 1023/1023
f 1021/1021 1027/1027 1023/1023
f 1020/1020 1065/1065 1026/1026
f 1020/1020 1023/1023 1065/1065
f 1027/1027 1034/1034 1023/1023
f 1071/1071 1073/1073 1072/1072
f 1072/1072 1073/1073 1075/1075
f 1071/1071 1074/1074 1073/1073
f 1028/1028 1026/1026 1029/1029
f 1073/1073 1076/1076 1075/1075
f 1026/1026 1030/1030 1029/1029
f 1027/1027 1038/1038 1034/1034
f 1027/1027 1039/1039 1038/1038
f 1065/1065 1023/1023 1035/1035
f 1023/1023 1034/1034 1035/1035
f 1034/1034 1038/1038 1035/1035
f 1029/1029 1030/1030 1031/1031
f 1074/1074 1077/1077 1073/1073
f 1077/1077 1078/1078 1073/1073
f 1073/1073 1078/1078 1076/1076
f 1077/1077 1080/1080 1078/1078
f 1078/1078 1079/1079 1076/1076
f 1030/1030 1032/1032 1031/1031
f 1032/1032 1033/1033 1031/1031
f 1032/1032 1037/1037 1033/1033
f 1033/1033 1037/1037 1056/1056
f 1078/1078 1080/1080 1079/1079
f 1080/1080 1081/1081 1079/1079
f 1080/1080 1082/1082 1081/1081
f 1039/1039 1040/1040 1038/1038
f 1038/1038 1040/1040 1053/1053
f 1038/1038 1053/1053 1035/1035
f 1039/1039 1041/1041 1040/1040
f 1041/1041 1042/1042 1040/1040
f 1041/1041 1043/1043 1042/1042
f 1040/1040 1052/1052 1053/1053
f 1040/1040 1042/1042 1052/1052
f 1054/1054 1052/1052 1051/1051
f 1043/1043 1044/1044 1042/1042
f 1052/1052 1045/1045 1051/1051
f 1051/1051 1045/1045 1048/1048
f 1042/1042 1045/1045 1052/1052
f 1042/1042 1044/1044 1045/1045
f 1044/1044 1046/1046 1045/1045
f 1037/1037 1057/1057 1056/1056
f 1057/1057 1058/1058 1056/1056
f 1082/1082 1083/1083 1081/1081
f 1082/1082 1084/1084 1083/1083
f 1058/1058 1057/1057 1059/1059
f 1082/1082 1134/1134 1084/1084
f 1058/1058 1059/1059 1060/1060
f 1134/1134 1094/1094 1084/1084
f 1084/1084 1094/1094 1086/1086
f 1084/1084 1085/1085 1083/1083
f 1084/1084 1086/1086 1085/1085
f 1085/1085 1086/1086 1087/1087
f 1059/1059 1061/1061 1060/1060
f 1060/1060 1061/1061 1062/1062
f 1094/1094 1098/1098 1086/1086
f 1098/1098 1089/1089 1086/1086
f 1045/1045 1046/1046 1047/1047
f 1045/1045 1047/1047 1048/1048
f 1047/1047 1046/1046 1049/1049
f 1046/1046 1050/1050 1049/1049
f 1048/1048 1047/1047 1064/1064
f 1047/1047 1055/1055 1064/1064
f 1047/1047 1049/1049 1055/1055
f 1061/1061 1063/1063 1062/1062
f 1098/1098 1099/1099 1089/1089
f 1126/1126 1101/1101 1127/1127
f 1098/1098 1127/1127 1099/1099
f 1127/1127 1101/1101 1099/1099
f 1101/1101 1100/1100 1099/1099
f 1136/1136 1131/1131 1126/1126
f 1101/1101 1126/1126 1102/1102
f 1126/1126 1131/1131 1102/1102
f 1101/1101 1102/1102 1100/1100
f 1086/1086 1089/1089 1088/1088
f 1086/1086 1088/1088 1087/1087
f 1089/1089 1090/1090 1088/1088
f 1099/1099 1100/1100 1091/1091
f 1089/1089 1099/1099 1091/1091
f 1089/1089 1091/1091 1090/1090
f 1100/1100 1093/1093 1091/1091
f 1091/1091 1092/1092 1090/1090
f 1091/1091 1093/1093 1092/1092
f 1151/1151 1149/1149 1121/1121
f 1131/1131 1121/1121 1102/1102
f 1151/1151 1121/1121 1131/1131
f 1102/1102 1103/1103 1100/1100
f 1100/1100 1103/1103 1093/1093
f 1121/1121 1106/1106 1102/1102
f 1149/1149 1122/1122 1121/1121
f 1121/1121 1122/1122 1106/1106
f 1102/1102 1106/1106 1104/1104
f 1102/1102 1104/1104 1103/1103
f 1149/1149 1123/1123 1122/1122
f 1149/1149 1148/1148 1123/1123
f 1148/1148 1132/1132 1123/1123
f 1123/1123 1132/1132 1111/1111
f 1148/1148 1150/1150 1132/1132
f 1122/1122 1123/1123 1106/1106
f 1106/1106 1123/1123 1108/1108
f 1123/1123 1111/1111 1108/1108
f 1111/1111 1109/1109 1108/1108
f 1106/1106 1107/1107 1104/1104
f 1104/1104 1107/1107 1105/1105
f 1106/1106 1108/1108 1107/1107
f 1108/1108 1109/1109 1107/1107
f 1103/1103 1095/1095 1093/1093
f 1093/1093 1095/1095 1092/1092
f 1092/1092 1095/1095 1096/1096
f 1095/1095 1103/1103 1104/1104
f 1095/1095 1097/1097 1096/1096
f 1095/1095 1104/1104 1097/1097
f 1104/1104 1105/1105 1097/1097
f 1105/1105 1125/1125 1097/1097
f 1150/1150 1113/1113 1132/1132
f 1132/1132 1113/1113 1111/1111
f 1111/1111 1113/1113 1112/1112
f 1111/1111 1112/1112 1109/1109
f 1109/1109 1112/1112 1120/1120
f 1112/1112 1124/1124 1120/1120
f 1109/1109 1110/1110 1107/1107
f 1110/1110 1109/1109 1120/1120
f 1107/1107 1110/1110 1130/1130
f 1110/1110 1135/1135 1130/1130
f 1150/1150 1144/1144 1113/1113
f 1144/1144 1114/1114 1113/1113
f 1113/1113 1114/1114 1112/1112
f 1112/1112 1114/1114 1115/1115
f 1144/1144 1117/1117 1114/1114
f 1114/1114 1116/1116 1115/1115
f 1147/1147 1117/1117 1144/1144
f 1117/1117 1116/1116 1114/1114
f 1117/1117 1118/1118 1116/1116
f 1112/1112 1115/1115 1124/1124
f 1110/1110 1120/1120 1135/1135
f 1124/1124 1128/1128 1120/1120
f 1128/1128 1142/1142 1120/1120
f 1120/1120 1142/1142 1135/1135
f 1116/1116 1133/1133 1115/1115
f 1124/1124 1115/1115 1133/1133
f 1116/1116 1119/1119 1133/1133
f 1124/1124 1133/1133 1128/1128
f 1133/1133 1145/1145 1128/1128
f 1128/1128 1145/1145 1142/1142
f 1117/1117 1147/1147 1118/1118
f 1118/1118 1119/1119 1116/1116
f 1133/1133 1146/1146 1145/1145
f 1145/1145 1146/1146 1142/1142
f 1142/1142 1143/1143 1140/1140
f 1146/1146 1143/1143 1142/1142
f 1107/1107 1130/1130 1105/1105
f 1105/1105 1129/1129 1125/1125
f 1105/1105 1130/1130 1129/1129
f 1130/1130 1135/1135 1129/1129
f 1135/1135 1137/1137 1129/1129
f 1129/1129 1137/1137 1138/1138
f 1135/1135 1142/1142 1137/1137
f 1137/1137 1139/1139 1138/1138
f 1142/1142 1140/1140 1137/1137
f 1140/1140 1139/1139 1137/1137
f 1140/1140 1141/1141 1139/1139
f 1215/1215 1214/1214 1233/1233
f 1216/1216 1206/1206 1208/1208
f 1208/1208 1206/1206 1207/1207
f 1208/1208 1207/1207 1214/1214
f 1239/1239 1233/1233 1244/1244
f 1214/1214 1207/1207 1212/1212
f 1206/1206 1204/1204 1207/1207
f 1214/1214 1212/1212 1233/1233
f 1207/1207 1204/1204 1212/1212
f 1206/1206 1205/1205 1204/1204
f 1244/1244 1233/1233 1234/1234
f 1244/1244 1234/1234 1246/1246
f 1234/1234 1232/1232 1246/1246
f 1234/1234 1213/1213 1232/1232
f 1233/1233 1212/1212 1234/1234
f 1234/1234 1212/1212 1213/1213
f 1246/1246 1232/1232 1247/1247
f 1212/1212 1204/1204 1213/1213
f 1204/1204 1203/1203 1213/1213
f 1213/1213 1203/1203 1209/1209
f 1232/1232 1213/1213 1228/1228
f 1213/1213 1209/1209 1228/1228
f 1247/1247 1232/1232 1228/1228
f 1228/1228 1218/1218 1241/1241
f 1209/1209 1218/1218 1228/1228
f 1241/1241 1218/1218 1240/1240
f 1205/1205 1202/1202 1204/1204
f 1204/1204 1202/1202 1203/1203
f 1203/1203 1202/1202 1200/1200
f 1205/1205 1201/1201 1202/1202
f 1202/1202 1201/1201 1200/1200
f 1203/1203 1200/1200 1209/1209
f 1200/1200 1210/1210 1209/1209
f 1209/1209 1210/1210 1218/1218
f 1250/1250 1242/1242 1252/1252
f 1201/1201 1199/1199 1200/1200
f 1200/1200 1199/1199 1198/1198
f 1210/1210 1200/1200 1198/1198
f 1199/1199 1197/1197 1198/1198
f 1218/1218 1217/1217 1240/1240
f 1218/1218 1210/1210 1217/1217
f 1210/1210 1211/1211 1217/1217
f 1217/1217 1211/1211 1231/1231
f 1210/1210 1198/1198 1211/1211
f 1198/1198 1197/1197 1190/1190
f 1198/1198 1190/1190 1211/1211
f 1211/1211 1190/1190 1236/1236
f 1197/1197 1191/1191 1190/1190
f 1250/1250 1240/1240 1242/1242
f 1240/1240 1231/1231 1242/1242
f 1217/1217 1231/1231 1240/1240
f 1211/1211 1235/1235 1231/1231
f 1211/1211 1236/1236 1235/1235
f 1242/1242 1231/1231 1235/1235
f 1242/1242 1253/1253 1252/1252
f 1235/1235 1245/1245 1242/1242
f 1242/1242 1245/1245 1253/1253
f 1253/1253 1245/1245 1255/1255
f 1235/1235 1236/1236 1251/1251
f 1251/1251 1236/1236 1237/1237
f 1237/1237 1225/1225 1248/1248
f 1191/1191 1186/1186 1190/1190
f 1190/1190 1186/1186 1187/1187
f 1187/1187 1186/1186 1185/1185
f 1190/1190 1187/1187 1236/1236
f 1236/1236 1187/1187 1237/1237
f 1187/1187 1225/1225 1237/1237
f 1187/1187 1185/1185 1184/1184
f 1187/1187 1184/1184 1225/1225
f 1253/1253 1257/1257 1252/1252
f 1253/1253 1256/1256 1257/1257
f 1253/1253 1255/1255 1256/1256
f 1256/1256 1255/1255 1258/1258
f 1248/1248 1225/1225 1243/1243
f 1256/1256 1260/1260 1257/1257
f 1186/1186 1183/1183 1185/1185
f 1185/1185 1183/1183 1184/1184
f 1183/1183 1181/1181 1184/1184
f 1183/1183 1226/1226 1182/1182
f 1183/1183 1182/1182 1181/1181
f 1225/1225 1184/1184 1243/1243
f 1258/1258 1259/1259 1256/1256
f 1243/1243 1177/1177 1249/1249
f 1177/1177 1222/1222 1249/1249
f 1258/1258 1264/1264 1259/1259
f 1256/1256 1259/1259 1260/1260
f 1260/1260 1259/1259 1261/1261
f 1264/1264 1263/1263 1259/1259
f 1259/1259 1263/1263 1262/1262
f 1263/1263 1265/1265 1262/1262
f 1259/1259 1262/1262 1261/1261
f 1249/1249 1222/1222 1269/1269
f 1182/1182 1192/1192 1176/1176
f 1192/1192 1175/1175 1176/1176
f 1192/1192 1196/1196 1175/1175
f 1176/1176 1174/1174 1177/1177
f 1177/1177 1174/1174 1222/1222
f 1176/1176 1175/1175 1174/1174
f 1222/1222 1174/1174 1221/1221
f 1222/1222 1221/1221 1269/1269
f 1174/1174 1173/1173 1221/1221
f 1175/1175 1196/1196 1172/1172
f 1196/1196 1171/1171 1172/1172
f 1174/1174 1175/1175 1172/1172
f 1174/1174 1172/1172 1173/1173
f 1184/1184 1181/1181 1177/1177
f 1184/1184 1177/1177 1243/1243
f 1182/1182 1176/1176 1181/1181
f 1181/1181 1176/1176 1177/1177
f 1262/1262 1265/1265 1261/1261
f 1265/1265 1266/1266 1261/1261
f 1269/1269 1221/1221 1254/1254
f 1221/1221 1173/1173 1224/1224
f 1221/1221 1224/1224 1254/1254
f 1173/1173 1179/1179 1224/1224
f 1254/1254 1224/1224 1267/1267
f 1196/1196 1193/1193 1171/1171
f 1172/1172 1170/1170 1173/1173
f 1172/1172 1171/1171 1170/1170
f 1171/1171 1168/1168 1170/1170
f 1173/1173 1170/1170 1179/1179
f 1170/1170 1168/1168 1167/1167
f 1170/1170 1167/1167 1179/1179
f 1168/1168 1171/1171 1165/1165
f 1193/1193 1165/1165 1171/1171
f 1193/1193 1229/1229 1165/1165
f 1165/1165 1164/1164 1168/1168
f 1179/1179 1167/1167 1223/1223
f 1224/1224 1223/1223 1267/1267
f 1267/1267 1223/1223 1268/1268
f 1224/1224 1179/1179 1223/1223
f 1168/1168 1164/1164 1167/1167
f 1165/1165 1229/1229 1163/1163
f 1165/1165 1163/1163 1164/1164
f 1164/1164 1163/1163 1161/1161
f 1164/1164 1166/1166 1167/1167
f 1164/1164 1161/1161 1166/1166
f 1229/1229 1230/1230 1163/1163
f 1167/1167 1180/1180 1223/1223
f 1223/1223 1180/1180 1227/1227
f 1223/1223 1227/1227 1268/1268
f 1270/1270 1227/1227 1271/1271
f 1268/1268 1227/1227 1270/1270
f 1167/1167 1166/1166 1180/1180
f 1166/1166 1169/1169 1180/1180
f 1166/1166 1161/1161 1169/1169
f 1169/1169 1161/1161 1160/1160
f 1227/1227 1169/1169 1220/1220
f 1227/1227 1180/1180 1169/1169
f 1163/1163 1162/1162 1161/1161
f 1160/1160 1161/1161 1158/1158
f 1169/1169 1160/1160 1157/1157
f 1169/1169 1157/1157 1220/1220
f 1220/1220 1157/1157 1219/1219
f 1163/1163 1230/1230 1162/1162
f 1162/1162 1230/1230 1189/1189
f 1161/1161 1162/1162 1158/1158
f 1160/1160 1158/1158 1157/1157
f 1158/1158 1155/1155 1157/1157
f 1157/1157 1155/1155 1156/1156
f 1162/1162 1189/1189 1159/1159
f 1162/1162 1159/1159 1158/1158
f 1189/1189 1188/1188 1159/1159
f 1158/1158 1159/1159 1155/1155
f 1157/1157 1156/1156 1219/1219
f 1219/1219 1156/1156 1195/1195
f 1219/1219 1195/1195 1238/1238
f 1156/1156 1154/1154 1194/1194
f 1156/1156 1194/1194 1195/1195
f 1159/1159 1188/1188 1153/1153
f 1188/1188 1178/1178 1153/1153
f 1154/1154 1152/1152 1194/1194
f 1156/1156 1155/1155 1154/1154
f 1159/1159 1153/1153 1155/1155
f 1155/1155 1153/1153 1154/1154
f 1154/1154 1153/1153 1152/1152
