# LE 31 - head
v 0.13654 0.00146 0.05983
v 0.15069 -0.00127 0.06619
v 0.13046 0.00769 0.06744
v 0.11562 0.01385 0.06552
v 0.11051 0.01133 0.05852
v 0.09871 0.02421 0.06481
v 0.09456 0.01989 0.05786
v 0.07894 0.03431 0.05928
v 0.07971 0.03708 0.06703
v 0.07102 0.04163 0.05904
v 0.06495 0.04826 0.06371
v 0.06697 0.04161 0.05319
v -0.09578 0.21047 0.01308
v -0.09563 0.22896 0.01933
v -0.09612 0.22343 0.00024
v -0.09613 0.24322 0.00452
v -0.09517 0.24752 0.02819
v -0.09545 0.25857 0.00293
v -0.09382 0.26262 0.02879
v -0.09537 0.23790 -0.01051
v -0.09369 0.26140 -0.01974
v -0.09493 0.22506 -0.01608
v -0.09661 0.21096 0.00498
v -0.09683 0.20178 0.00919
v -0.09231 0.23979 -0.03281
v -0.08894 0.25608 -0.04987
v -0.09257 0.27423 -0.00279
v -0.09181 0.27663 0.01761
v -0.08947 0.26860 -0.04028
v -0.08926 0.27850 -0.02697
v -0.09013 0.21701 -0.03717
v -0.08891 0.23601 -0.04645
v -0.08284 0.23914 -0.07401
v -0.08481 0.26705 -0.06049
v -0.08222 0.25396 -0.07437
v -0.07773 0.24706 -0.09037
v -0.07875 0.23433 -0.09713
v -0.08155 0.22761 -0.07699
v -0.08433 0.22543 -0.05781
v -0.08125 0.21355 -0.07469
v -0.08397 0.20273 -0.05580
v -0.08078 0.22311 -0.09529
v -0.07825 0.22885 -0.11208
v -0.08008 0.20987 -0.10192
v -0.08184 0.20844 -0.09318
v -0.07657 0.22107 -0.11716
v -0.08352 0.20071 -0.06535
v -0.07934 0.19922 -0.09763
v -0.08688 0.18916 -0.05829
v -0.08926 0.18666 -0.04706
v -0.08531 0.27910 -0.04694
v -0.07285 0.24282 -0.10965
v -0.07615 0.26971 -0.08201
v -0.08459 0.20017 -0.08421
v -0.08336 0.19235 -0.09403
v -0.07064 0.25525 -0.10337
v -0.07901 0.28040 -0.06644
v -0.08711 0.28781 -0.01709
v -0.08844 0.28779 0.00284
v -0.08867 0.18455 -0.07168
v -0.08808 0.18907 -0.08519
v -0.08762 0.17825 -0.05297
v -0.08722 0.18435 -0.09049
v -0.09214 0.23513 0.04509
v -0.09259 0.21872 0.03633
v -0.09161 0.25460 0.04620
v -0.09005 0.27383 0.03736
v -0.09397 0.19489 0.01692
v -0.09728 0.21761 -0.00247
v -0.09829 0.21921 -0.00836
v -0.08003 0.29754 -0.03440
v -0.09774 0.21764 -0.01834
v -0.07591 0.29373 -0.05850
v -0.09471 0.21416 -0.02782
v -0.09464 0.20746 -0.03484
v -0.07122 0.23511 -0.12319
v -0.08602 0.28954 0.02859
v -0.07021 0.28755 -0.08003
v -0.06548 0.26891 -0.10257
v -0.08326 0.29831 0.01372
v -0.06604 0.24723 -0.11974
v -0.07585 0.30890 -0.01849
v -0.07645 0.30976 0.00010
v -0.07204 0.30599 -0.04656
v -0.08448 0.27251 0.05814
v -0.08320 0.28795 0.04436
v -0.06682 0.22644 -0.13079
v -0.08755 0.22191 0.05718
v -0.08723 0.25184 0.06049
v -0.08582 0.23443 0.06471
v -0.09591 0.18966 0.00882
v -0.08580 0.20552 0.05309
v -0.08917 0.19720 0.03496
v -0.06663 0.30447 -0.06497
v -0.08077 0.26401 0.07113
v -0.07653 0.30289 0.03864
v -0.07874 0.28610 0.05923
v -0.05983 0.28915 -0.09551
v -0.06060 0.30021 -0.08258
v -0.07338 0.21172 -0.11447
v -0.06348 0.24282 -0.12803
v -0.07342 0.29939 0.05383
v -0.07844 0.24618 0.07925
v -0.08808 0.18084 0.02191
v -0.08001 0.21677 0.07234
v -0.06159 0.23504 -0.13459
v -0.07237 0.23104 0.08862
v -0.07084 0.27881 0.07918
v -0.07968 0.19729 0.06192
v -0.08132 0.18032 0.03924
v -0.09228 0.17816 0.00637
v -0.05579 0.27815 -0.10832
v -0.06778 0.29329 0.07200
v -0.07263 0.20543 0.07985
v -0.06687 0.21493 0.09198
v -0.06890 0.26556 0.08835
v -0.07970 0.16617 0.02489
v -0.08576 0.16884 0.00784
v -0.07651 0.15308 0.00901
v -0.08055 0.15592 -0.00708
v -0.07443 0.14375 -0.00289
v -0.07328 0.13851 -0.01750
v -0.07222 0.13728 -0.01145
v -0.06766 0.12477 -0.01903
v -0.06868 0.13567 0.00813
v -0.07055 0.12293 -0.00382
v -0.06814 0.12085 0.00161
v -0.06863 0.10651 -0.00234
v -0.06997 0.10628 -0.00690
v -0.06614 0.09563 -0.00579
v -0.06395 0.09576 0.00155
v -0.06236 0.07621 -0.00194
v -0.06176 0.07251 0.00632
v -0.06290 0.06016 0.00534
v -0.06175 0.05808 0.01341
v -0.06503 0.04734 0.01029
v -0.06487 0.04140 0.01728
v -0.05933 0.07804 0.01173
v -0.06922 0.03089 0.01407
v -0.06954 0.02620 0.01964
v -0.07508 0.01272 0.01339
v -0.07648 0.01314 0.02220
v -0.06704 0.14646 0.02384
v -0.08665 0.16655 -0.00174
v -0.05681 0.09270 0.01366
v -0.06239 0.11363 0.00767
v -0.07042 0.16288 0.04040
v -0.07344 0.17700 0.05227
v -0.07158 0.19076 0.07068
v -0.05688 0.05429 0.02232
v -0.08239 0.00280 0.01911
v -0.07422 0.01396 0.02962
v -0.06273 0.15757 0.04873
v -0.06043 0.14713 0.03849
v -0.05473 0.13166 0.02780
v -0.05855 0.14063 0.04388
v -0.05668 0.13269 0.03489
v -0.05473 0.10736 0.04369
v -0.05385 0.10940 0.03593
v -0.05319 0.08793 0.04120
v -0.05313 0.08944 0.04851
v -0.05481 0.07597 0.04855
v -0.05509 0.07050 0.04360
v -0.05608 0.06594 0.05312
v -0.05169 0.11503 0.02978
v -0.05571 0.12596 0.04857
v -0.05819 0.14573 0.05149
v -0.05800 0.05642 0.04697
v -0.05224 0.10485 0.05102
v -0.05158 0.08433 0.05554
v -0.05048 0.09570 0.03236
v -0.04999 0.08126 0.03318
v -0.05179 0.06706 0.03545
v -0.05015 0.11817 0.02501
v -0.05352 0.12679 0.02274
v -0.04991 0.11423 0.02207
v -0.04722 0.10223 0.02489
v -0.04663 0.08774 0.02768
v -0.04596 0.08575 0.02567
v -0.04690 0.06897 0.02865
v -0.04755 0.07128 0.02577
v -0.06021 0.13393 0.01928
v -0.05702 0.15592 0.05962
v -0.04911 0.05459 0.02980
v -0.04838 0.05233 0.03374
v -0.04813 0.04587 0.03530
v -0.05798 0.16855 0.06920
v -0.05134 0.06894 0.06321
v -0.05280 0.13708 0.05657
v -0.05111 0.05589 0.03567
v -0.06380 0.05058 0.05873
v -0.04920 0.12224 0.05739
v -0.04543 0.10328 0.06059
v -0.05063 0.14960 0.06479
v -0.04865 0.09630 0.02245
v -0.05907 0.04744 0.04634
v -0.05126 0.04281 0.04052
v -0.05717 0.12208 0.01604
v -0.08509 0.16034 -0.00918
v -0.08256 0.15290 -0.01666
v -0.08142 0.14561 -0.02220
v -0.08564 0.15410 -0.02231
v -0.08140 0.13903 -0.02957
v -0.07388 0.12541 -0.02627
v -0.07406 0.11803 -0.03185
v -0.06598 0.09438 -0.03251
v -0.06846 0.09526 -0.04073
v -0.06213 0.07939 -0.03402
v -0.06030 0.08346 -0.02460
v -0.06264 0.10293 -0.02256
v -0.06610 0.11495 -0.02389
v -0.05255 0.11021 0.01857
v -0.06620 0.24561 0.09618
v -0.06112 0.19442 0.08807
v -0.06284 0.22429 0.09905
v -0.04324 0.08366 0.06706
v -0.06521 0.04662 0.05496
v -0.04739 0.06505 0.07202
v -0.06076 0.03440 0.02770
v -0.04421 0.14036 0.06694
v -0.09888 0.20239 0.00694
v -0.04966 0.03865 0.04053
v -0.05229 0.02983 0.04049
v -0.05320 0.02941 0.04506
v -0.05534 0.02004 0.04720
v -0.05693 0.01708 0.04485
v -0.05269 0.19946 0.10008
v -0.05128 0.07791 0.02090
v -0.05202 0.17872 0.08549
v -0.05455 0.21345 0.10461
v -0.06669 0.02387 0.02838
v -0.04370 0.15754 0.07548
v -0.05265 0.22895 0.10912
v -0.04086 0.11884 0.06430
v -0.05482 0.24781 0.10705
v -0.09881 0.21205 0.00165
v -0.05280 0.26023 0.10637
v -0.03574 0.10393 0.06923
v -0.04235 0.18479 0.09904
v -0.05815 0.28542 0.08964
v -0.05009 0.27830 0.10119
v -0.06612 0.00637 0.04793
v -0.08497 0.15487 -0.01538
v -0.04311 0.20220 0.10917
v -0.03996 0.21588 0.11594
v -0.04231 0.23446 0.11683
v -0.04188 0.25652 0.11512
v -0.06161 0.01374 0.04193
v -0.07187 0.00209 0.04400
v -0.03717 0.17221 0.09137
v -0.02981 0.18895 0.11012
v -0.08325 0.00574 0.02859
v -0.03283 0.13039 0.07170
v -0.03216 0.15030 0.07783
v -0.09110 -0.00157 0.03368
v -0.04035 0.27005 0.11144
v -0.02684 0.20516 0.11963
v -0.03216 0.24415 0.12179
v -0.02992 0.16203 0.08585
v -0.02473 0.17193 0.09755
v -0.02601 0.22451 0.12412
v -0.01658 0.21290 0.12515
v -0.01254 0.17903 0.10916
v -0.01708 0.23693 0.12723
v -0.00935 0.18953 0.11779
v -0.01007 0.19861 0.12205
v -0.01307 0.22256 0.12736
v -0.00528 0.20952 0.12608
v 0.02374 0.32781 -0.08018
v 0.00513 0.32711 -0.08675
v 0.01601 0.33616 -0.06763
v 0.00056 0.33610 -0.07112
v 0.01390 0.31885 -0.09647
v 0.03137 0.33385 -0.06234
v 0.02935 0.31278 -0.09740
v 0.03679 0.32050 -0.08319
v 0.01724 0.30865 -0.10675
v 0.04268 0.32463 -0.06988
v 0.02714 0.29874 -0.11223
v 0.04340 0.30157 -0.10093
v 0.04874 0.30993 -0.08612
v -0.00123 0.30851 -0.10949
v -0.00642 0.32050 -0.09540
v 0.00901 0.29937 -0.11695
v 0.04404 0.28343 -0.11473
v 0.03177 0.28462 -0.12056
v 0.02055 0.27719 -0.12837
v 0.00795 0.28806 -0.12471
v 0.05373 0.29066 -0.10144
v 0.03945 0.27005 -0.12475
v 0.05330 0.31943 -0.06475
v -0.00342 0.29105 -0.12302
v 0.05261 0.27184 -0.11523
v 0.05598 0.25632 -0.12232
v 0.04515 0.25068 -0.13163
v 0.06120 0.24497 -0.12808
v 0.06298 0.23593 -0.13282
v 0.05241 0.23510 -0.13963
v 0.03911 0.23865 -0.14052
v 0.02478 0.26137 -0.13335
v 0.02803 0.24533 -0.13703
v 0.00472 0.27467 -0.13167
v 0.04810 0.22941 -0.14255
v 0.03293 0.22610 -0.14647
v 0.02591 0.23469 -0.14292
v 0.05900 0.22958 -0.13731
v 0.06242 0.29420 -0.08683
v 0.06883 0.23810 -0.12472
v 0.06261 0.26501 -0.10896
v 0.01381 0.25490 -0.13647
v 0.01812 0.22623 -0.14645
v -0.01664 0.30036 -0.11436
v -0.00830 0.26871 -0.13375
v -0.01906 0.27494 -0.12982
v -0.01728 0.31337 -0.10176
v 0.01046 0.23568 -0.13977
v -0.02373 0.28647 -0.12228
v 0.01983 0.22044 -0.14798
v -0.01312 0.25322 -0.13665
v 0.06608 0.28135 -0.09333
v 0.06858 0.25112 -0.11110
v 0.06197 0.30642 -0.07203
v 0.00236 0.24673 -0.13742
v -0.00393 0.23567 -0.13903
v -0.02193 0.23896 -0.13979
v -0.01190 0.23066 -0.14266
v -0.02196 0.22635 -0.14681
v -0.01406 0.22031 -0.14682
v -0.00055 0.22281 -0.14219
v -0.03776 0.23048 -0.14453
v -0.03628 0.24412 -0.13710
v -0.02749 0.25816 -0.13361
v -0.03410 0.22345 -0.14678
v -0.05161 0.24473 -0.13349
v -0.05135 0.23354 -0.14053
v -0.04176 0.25808 -0.12913
v 0.00775 0.21958 -0.14500
v -0.00358 0.21558 -0.14427
v -0.03539 0.27411 -0.12455
v -0.03522 0.29962 -0.10783
v -0.02385 0.21647 -0.14710
v -0.03519 0.30917 -0.09808
v -0.04378 0.28422 -0.11434
v -0.02605 0.32335 -0.08576
v -0.06159 0.23504 -0.13459
v -0.01444 0.33337 -0.07414
v -0.05420 0.26065 -0.12059
v -0.06348 0.24282 -0.12803
v -0.05145 0.22591 -0.14106
v 0.02795 0.21806 -0.14693
v -0.03646 0.32243 -0.08010
v -0.04611 0.31212 -0.08622
v -0.04873 0.29807 -0.09963
v 0.04538 0.22155 -0.14246
v -0.05579 0.27815 -0.10832
v -0.01171 0.21084 -0.14480
v -0.00349 0.21050 -0.14328
v 0.00396 0.20974 -0.14255
v 0.01392 0.21161 -0.14501
v -0.05983 0.28915 -0.09551
v -0.06060 0.30021 -0.08258
v -0.06682 0.22644 -0.13079
v -0.06604 0.24723 -0.11974
v -0.06548 0.26891 -0.10257
v 0.05477 0.32392 -0.05037
v 0.04265 0.33605 -0.03586
v 0.06206 0.22246 -0.13375
v 0.00824 0.20499 -0.14145
v -0.08805 0.25828 -0.02883
v -0.08358 0.27263 -0.04095
v -0.08834 0.26817 -0.01541
v -0.08391 0.25655 -0.05151
v -0.07875 0.27107 -0.06054
v -0.07773 0.25337 -0.07332
v -0.07313 0.27065 -0.07677
v -0.06964 0.25862 -0.09190
v -0.07439 0.23686 -0.09097
v -0.07086 0.24017 -0.10394
v -0.08258 0.24556 -0.05747
v -0.07807 0.23319 -0.07248
v -0.07653 0.21573 -0.08295
v -0.08648 0.24372 -0.03959
v -0.08969 0.23763 -0.01964
v -0.09103 0.24930 -0.00512
v -0.09164 0.22329 -0.00610
v -0.09027 0.21846 -0.01999
v -0.08670 0.22465 -0.03223
v -0.08486 0.21079 -0.03911
v -0.08084 0.22728 -0.05353
v -0.08038 0.21256 -0.04997
v -0.07684 0.21471 -0.06486
v -0.07859 0.20163 -0.06004
v -0.08251 0.19501 -0.04859
v -0.09293 0.20935 -0.01443
v -0.09046 0.20318 -0.02635
v -0.09178 0.20502 -0.02072
v -0.09006 0.20453 -0.03181
v -0.09500 0.20812 -0.00550
v -0.08946 0.26697 0.00940
v -0.09151 0.23616 0.01112
v -0.09192 0.21465 0.00435
v -0.09087 0.25041 0.02425
v -0.07553 0.22626 -0.10332
v -0.08274 0.18743 -0.06057
v -0.08337 0.18033 -0.05042
v -0.08255 0.17544 -0.05834
v -0.08680 0.18167 -0.04070
v -0.08524 0.28310 0.00052
v -0.08239 0.28649 -0.01872
v -0.07686 0.21656 -0.09505
v -0.07601 0.21905 -0.10522
v -0.07300 0.22895 -0.11362
v -0.07688 0.20735 -0.09523
v -0.07958 0.20067 -0.08677
v -0.07783 0.19317 -0.09296
v -0.07310 0.22077 -0.11365
v -0.08019 0.19790 -0.07233
v -0.09026 0.23681 0.03016
v -0.09070 0.21174 0.01710
v -0.08888 0.26026 0.03329
v -0.08683 0.27549 0.02361
v -0.07813 0.28638 -0.04427
v -0.09389 0.20236 0.00367
v -0.08434 0.18208 -0.07116
v -0.08382 0.18920 -0.07956
v -0.08293 0.18286 -0.08744
v -0.08359 0.17864 -0.07903
v -0.07037 0.29049 -0.06347
v -0.08775 0.19400 -0.03901
v -0.06720 0.28180 -0.08042
v -0.08258 0.28722 0.02437
v -0.08483 0.27131 0.04258
v -0.08590 0.25374 0.04947
v -0.08109 0.29302 0.00571
v -0.07694 0.29881 -0.01522
v -0.08776 0.21157 0.03339
v -0.08677 0.23266 0.04701
v -0.09036 0.19595 0.01360
v -0.07123 0.30264 -0.03548
v -0.06559 0.30250 -0.05590
v -0.09233 0.19949 -0.03109
v -0.06415 0.24876 -0.11107
v -0.06238 0.26937 -0.09833
v -0.06733 0.23523 -0.12058
v -0.06758 0.22934 -0.12336
v -0.07829 0.17842 -0.09558
v -0.07809 0.28686 0.04523
v -0.09134 0.18511 -0.03501
v -0.07707 0.29708 0.02747
v -0.07036 0.31038 -0.00384
v -0.07286 0.30626 0.01512
v -0.07989 0.26370 0.06182
v -0.08122 0.24391 0.06420
v -0.08273 0.21301 0.05234
v -0.09273 0.19135 0.00544
v -0.08173 0.22585 0.06080
v -0.07296 0.28300 0.06260
v -0.05962 0.31925 -0.02773
v -0.05811 0.31395 -0.05188
v -0.06571 0.31593 0.00911
v -0.06815 0.30878 0.03220
v -0.09521 0.20663 -0.01438
v -0.09561 0.20161 -0.01517
v -0.07553 0.24577 0.07545
v -0.06569 0.30340 0.05065
v -0.07271 0.26190 0.07661
v -0.06532 0.28078 0.07712
v -0.05837 0.32077 0.02615
v -0.05444 0.32680 -0.00188
v -0.05926 0.29832 0.06922
v -0.05692 0.31699 0.04240
v -0.04678 0.32665 -0.04198
v -0.04937 0.32765 0.02572
v -0.04639 0.32047 -0.06070
v -0.04396 0.33295 -0.01730
v -0.04864 0.31376 0.06189
v -0.04292 0.33431 0.00777
v -0.05434 0.29201 0.08130
v -0.04495 0.32408 0.04657
v -0.09811 0.20720 -0.01215
v -0.08995 0.19562 -0.03039
v -0.08911 0.18462 -0.03244
v -0.08843 0.17589 -0.03054
v -0.08833 0.16875 -0.03219
v -0.08724 0.16847 -0.02490
v -0.08841 0.16124 -0.02615
v -0.08833 0.16761 -0.02210
v -0.08700 0.15953 -0.03096
v -0.08923 0.15545 -0.03014
v -0.08714 0.16482 -0.02111
v -0.08637 0.16900 -0.02112
v -0.08733 0.17168 -0.02269
v -0.09039 0.16710 -0.01926
v -0.08714 0.15611 -0.02789
v -0.12436 -0.00476 0.11991
v -0.10810 0.00232 0.11987
v -0.10571 0.00957 0.10279
v -0.09124 0.00938 0.11998
v -0.12930 0.00001 0.09174
v -0.07599 0.02224 0.10548
v -0.07434 0.02925 0.09095
v -0.08367 0.02693 0.08364
v -0.10010 0.01892 0.07629
v -0.11317 0.00963 0.08398
v -0.06497 0.03968 0.07503
v -0.05903 0.03893 0.08559
v -0.08449 0.02874 0.07183
v -0.05687 0.04736 0.07005
v -0.04975 0.05432 0.07157
v -0.05658 0.05226 0.05786
v -0.06154 0.04515 0.06106
v -0.07073 0.03751 0.06560
v -0.11451 0.01071 0.07126
v -0.12423 0.00509 0.06727
v -0.07354 0.01972 0.11280
v -0.10532 -0.00307 0.12974
v -0.06015 0.03020 0.09830
v -0.04971 0.04271 0.08602
v -0.04126 0.05809 0.07565
v -0.13807 -0.00104 0.07278
v -0.04975 0.06680 0.05718
v -0.04205 0.07070 0.06673
v -0.10214 0.01661 0.06613
v -0.05192 0.06632 0.04963
v -0.03372 0.07444 0.07179
v -0.08593 0.02651 0.06444
v -0.08913 -0.00181 0.13245
v -0.07947 0.01004 0.12225
v -0.03964 0.04932 0.08309
v -0.04445 0.03688 0.09260
v -0.05817 0.02702 0.10178
v -0.03097 0.05891 0.07831
v -0.06020 0.04499 0.05500
v -0.07004 0.03525 0.05983
v -0.05525 0.05220 0.04998
v -0.07837 0.00046 0.13040
v -0.07109 0.00607 0.12539
v -0.06482 0.01595 0.11244
v -0.09024 -0.00265 0.02525
v -0.09110 -0.00157 0.03368
v -0.08273 -0.00700 0.01175
v -0.08239 0.00280 0.01911
v -0.08325 0.00574 0.02859
v -0.07238 0.00222 0.00500
v -0.07508 0.01272 0.01339
v -0.06164 0.00824 -0.00336
v -0.06782 0.02727 0.00710
v -0.03764 0.00337 -0.03829
v -0.04537 0.00839 -0.03296
v -0.04009 0.02485 -0.03695
v -0.05001 0.03471 -0.03305
v -0.04583 0.04580 -0.03687
v -0.05221 0.05076 -0.03455
v -0.04884 0.05559 -0.03820
v -0.02969 -0.00387 -0.03981
v -0.05584 0.06220 -0.03662
v -0.07648 0.01314 0.02220
v -0.04104 0.04909 -0.03705
v -0.03750 0.03832 -0.03562
v -0.03272 0.03740 -0.03574
v -0.02618 0.02251 -0.03222
v 0.09584 -0.00540 0.03222
v 0.08801 -0.00098 0.02395
v 0.07734 0.01118 0.02860
v 0.08168 0.00051 0.01508
v 0.07734 0.01056 0.01904
v 0.07091 -0.00540 0.00172
v 0.05983 0.00334 -0.00650
v 0.06964 0.01444 0.00590
v 0.07229 0.01775 0.01182
v 0.04298 -0.00297 -0.03469
v 0.05925 0.02177 -0.00486
v 0.06465 0.03446 0.00344
v 0.04094 0.01351 -0.03664
v 0.04701 0.01752 -0.03239
v 0.05356 0.00312 -0.01603
v 0.04550 0.03692 -0.03604
v 0.05229 0.04089 -0.03188
v 0.04948 0.05241 -0.03676
v 0.06788 0.03508 0.01228
v 0.05450 0.06000 -0.03622
v 0.07105 0.02242 0.02028
v 0.02300 0.34197 -0.01783
v 0.03588 0.33787 0.00177
v 0.01469 0.34426 0.00293
v 0.02454 0.34136 0.01451
v 0.00862 0.34427 -0.02013
v 0.03095 0.33746 -0.02976
v 0.04461 0.33171 -0.02315
v 0.01173 0.34008 -0.04114
v 0.03298 0.33167 -0.05076
v 0.01637 0.33464 -0.05839
v 0.02719 0.32909 -0.06496
v 0.05055 0.32967 -0.00083
v 0.05209 0.32266 -0.04174
v 0.04282 0.32072 -0.06612
v 0.05849 0.32146 -0.02314
v 0.04399 0.33208 0.02109
v 0.03188 0.33653 0.02838
v 0.05383 0.32644 0.01369
v 0.06049 0.32164 -0.00040
v 0.06609 0.31493 -0.01405
v 0.04333 0.32850 0.03724
v 0.05814 0.31870 0.03304
v 0.01444 0.34164 0.02577
v 0.06967 0.31065 0.01196
v 0.05060 0.31735 0.05300
v 0.02268 0.33430 0.04589
v 0.03605 0.32442 0.05694
v -0.00051 0.34450 0.01674
v -0.00223 0.34544 -0.00219
v 0.00156 0.34138 0.03366
v -0.01153 0.34404 -0.01878
v -0.01008 0.34127 -0.03670
v -0.00436 0.33734 -0.05413
v 0.00875 0.33054 -0.07127
v 0.03400 0.31625 -0.08218
v 0.02113 0.32122 -0.08285
v -0.01425 0.34360 0.01461
v -0.02197 0.34264 -0.00807
v 0.00173 0.33482 0.05244
v -0.00964 0.34114 0.03232
v 0.02400 0.32361 0.06772
v 0.01070 0.32483 0.07085
v -0.02590 0.34137 0.01107
v -0.01999 0.33420 -0.05735
v -0.01258 0.32982 -0.07119
v -0.02310 0.34013 0.02524
v -0.02969 0.33824 -0.02772
v -0.02116 0.33514 0.04487
v -0.03328 0.33908 -0.00147
v -0.02101 0.32831 0.06098
v -0.00782 0.32378 0.07299
v -0.03200 0.33430 0.03666
v -0.03330 0.32987 -0.05690
v -0.03730 0.33549 0.02128
v -0.04292 0.33431 0.00777
v -0.04396 0.33295 -0.01730
v -0.04678 0.32665 -0.04198
v 0.04728 0.30752 -0.08165
v 0.01844 0.30860 -0.09975
v 0.03414 0.30282 -0.09840
v 0.07216 0.30415 0.02958
v 0.06737 0.30286 0.04811
v 0.05105 0.29239 -0.09495
v 0.02108 0.29841 -0.10838
v -0.04937 0.32765 0.02572
v -0.04495 0.32408 0.04657
v -0.04639 0.32047 -0.06070
v -0.00579 0.04634 -0.10827
v 0.00510 0.04914 -0.09424
v -0.01197 0.04902 -0.09118
v 0.02018 0.04764 -0.10303
v 0.01652 0.05005 -0.08639
v 0.00222 0.04336 -0.12022
v -0.01858 0.04450 -0.12241
v -0.02763 0.04695 -0.11131
v -0.02569 0.04969 -0.09618
v -0.02464 0.05198 -0.08181
v 0.02571 0.04653 -0.11525
v 0.01097 0.04411 -0.12723
v 0.02979 0.05328 -0.08284
v 0.03318 0.05021 -0.10557
v -0.00346 0.04451 -0.13156
v 0.00143 0.04822 -0.08727
v -0.03646 0.05466 -0.08974
v -0.03415 0.05631 -0.07703
v -0.03541 0.05200 -0.10156
v -0.01272 0.04598 -0.13191
v -0.01855 0.04946 -0.07895
v -0.00339 0.04608 -0.08299
v -0.03023 0.05400 -0.07133
v 0.01399 0.04794 -0.08030
v 0.02665 0.05216 -0.07487
v -0.04372 0.06070 -0.08064
v -0.04508 0.06444 -0.06442
v -0.03683 0.05953 -0.06242
v -0.04565 0.06451 -0.05481
v -0.02177 0.04659 -0.12553
v -0.03229 0.05052 -0.11560
v -0.05479 0.07062 -0.04980
v -0.04509 0.06120 -0.08851
v -0.04147 0.05710 -0.09928
v -0.04113 0.06071 -0.05100
v 0.03672 0.05962 -0.06369
v 0.04620 0.06516 -0.06688
v 0.04322 0.05971 -0.08603
v 0.03972 0.05550 -0.10187
v 0.04988 0.06732 -0.05409
v 0.03358 0.05117 -0.11501
v 0.02710 0.04950 -0.12350
v 0.01144 0.04746 -0.13429
v 0.00406 0.04567 -0.08225
v -0.05042 0.06882 -0.07500
v -0.05391 0.07224 -0.06156
v -0.00493 0.04892 -0.13726
v 0.02169 0.05146 -0.13168
v 0.00435 0.05039 -0.13825
v -0.02148 0.04515 -0.07038
v -0.00877 0.04372 -0.07863
v -0.05313 0.07967 0.01188
v -0.05126 0.09875 0.01259
v -0.04461 0.07909 0.02093
v -0.04190 0.09328 0.02283
v -0.04128 0.07638 0.02503
v -0.04572 0.11625 0.02059
v -0.05598 0.11680 0.00891
v -0.05875 0.09483 0.00177
v -0.06262 0.10709 -0.00173
v -0.06495 0.12284 -0.00215
v -0.05718 0.07507 0.00478
v -0.06577 0.11210 -0.00632
v -0.06605 0.13523 0.00161
v -0.05777 0.13414 0.01414
v -0.04833 0.12894 0.02424
v -0.05235 0.06216 0.01739
v -0.04600 0.05534 0.02574
v -0.04188 0.05679 0.02973
v -0.05640 0.06214 0.01213
v -0.05916 0.04609 0.01446
v -0.05736 0.03923 0.02141
v -0.06568 0.02515 0.01559
v -0.04921 0.03418 0.03322
v -0.06309 0.02521 0.02261
v -0.04337 0.04249 0.03589
v -0.05630 0.01526 0.03870
v -0.04993 0.02256 0.04098
v -0.04756 0.02641 0.04500
v -0.05866 0.05526 0.00643
v -0.06170 0.04047 0.01149
v -0.05417 0.01236 0.04702
v -0.06958 0.01514 0.02138
v -0.06503 0.01518 0.03034
v -0.07007 0.00195 0.03852
v -0.06392 0.00036 0.04660
v -0.08098 0.00069 0.03154
v -0.08483 0.00286 0.05445
v -0.11155 -0.00156 0.05525
v -0.08293 0.01413 0.05437
v -0.10989 0.00643 0.05562
v -0.13222 -0.00527 0.05489
v -0.08435 0.02270 0.05559
v -0.06954 0.02253 0.05285
v -0.06870 0.01083 0.05269
v -0.07369 0.03425 0.05511
v -0.05984 0.01732 0.04984
v -0.11930 0.00594 0.05756
v -0.07820 0.00050 0.05151
v -0.10188 0.01681 0.05844
v -0.06193 0.02699 0.04954
v -0.05976 0.03774 0.04746
v -0.08171 0.03124 0.05857
v -0.05320 0.02941 0.04506
v -0.05534 0.02004 0.04720
v -0.06656 0.04042 0.05198
v -0.05907 0.04744 0.04634
v -0.05126 0.04281 0.04052
v -0.04966 0.03865 0.04053
v -0.06612 0.00637 0.04793
v 0.01241 0.10166 -0.11009
v -0.00532 0.09885 -0.12267
v -0.01397 0.10108 -0.11438
v 0.00892 0.09740 -0.12719
v -0.01990 0.09933 -0.12073
v 0.01102 0.10347 -0.09990
v -0.00531 0.09562 -0.13065
v 0.00608 0.09389 -0.13314
v -0.02500 0.10356 -0.11429
v -0.02110 0.10453 -0.10571
v -0.03043 0.10481 -0.10828
v -0.02699 0.10544 -0.10045
v -0.03378 0.10594 -0.10324
v -0.00494 0.10231 -0.09772
v 0.02866 0.10622 -0.10235
v 0.02333 0.10334 -0.11311
v 0.03149 0.10548 -0.10873
v 0.03532 0.10495 -0.11091
v 0.02128 0.09986 -0.11904
v 0.01436 0.09597 -0.12745
v -0.03300 0.10134 -0.11256
v 0.03422 0.09901 -0.11502
v 0.03423 0.10438 -0.10046
v 0.02815 0.09446 -0.11975
v 0.01746 0.10214 -0.09460
v 0.02778 0.10305 -0.09519
v -0.02415 0.10307 -0.09496
v -0.01247 0.08899 -0.13320
v -0.00166 0.08734 -0.13678
v 0.01020 0.08937 -0.13443
v 0.00914 0.08191 -0.13905
v 0.01779 0.08855 -0.13096
v -0.00000 0.07975 -0.14074
v 0.03484 0.09016 -0.11991
v 0.02733 0.08380 -0.12717
v 0.03844 0.09140 -0.11954
v 0.02258 0.09512 -0.12064
v -0.02610 0.09149 -0.12252
v -0.02192 0.08310 -0.13129
v -0.03483 0.08656 -0.12087
v -0.03272 0.09732 -0.11477
v -0.03330 0.09277 -0.11906
v -0.03558 0.09984 -0.11262
v 0.01661 0.08008 -0.13622
v -0.03489 0.10366 -0.11131
v -0.01141 0.07769 -0.13811
v -0.03691 0.09480 -0.11829
v -0.03524 0.09414 -0.11492
v -0.03840 0.09445 -0.11486
v -0.03205 0.10268 -0.10793
v 0.00715 0.07559 -0.13943
v 0.03844 0.08132 -0.11892
v 0.04455 0.09554 -0.11917
v 0.02121 0.04137 -0.06003
v 0.02778 0.04457 -0.04735
v 0.02701 0.05532 -0.06433
v 0.03515 0.05716 -0.04499
v 0.01629 0.02205 -0.05095
v 0.02108 0.02751 -0.04210
v 0.02949 0.04076 -0.03333
v 0.01485 0.00934 -0.03903
v 0.03829 0.05808 -0.03816
v 0.02016 0.02114 -0.03105
v 0.01087 -0.00185 -0.03973
v 0.01667 0.00179 -0.02838
v 0.03599 0.06466 -0.05953
v 0.04173 0.06422 -0.04414
v 0.03240 0.06177 -0.07130
v 0.02231 0.05489 -0.07472
v 0.01657 0.04831 -0.07021
v 0.03680 0.04928 -0.03305
v 0.04481 0.06952 -0.05592
v 0.04844 0.06540 -0.04022
v 0.05428 0.07324 -0.03989
v 0.05327 0.06607 -0.03311
v 0.04819 0.05791 -0.03322
v 0.05938 0.08293 -0.03702
v 0.05768 0.08142 -0.04428
v 0.06232 0.09127 -0.04540
v 0.04975 0.07390 -0.05698
v 0.05019 0.07554 -0.06813
v 0.05367 0.08219 -0.06568
v 0.04384 0.06845 -0.07130
v 0.04188 0.06497 -0.08651
v 0.00911 0.04959 -0.07690
v 0.00366 0.03754 -0.07066
v 0.01674 0.05422 -0.08153
v 0.02740 0.02605 -0.02732
v 0.01064 0.02839 -0.06108
v 0.00031 0.01778 -0.05850
v 0.00580 0.05321 -0.08699
v 0.03101 0.05908 -0.08103
v 0.03528 0.05806 -0.09744
v 0.04006 0.06366 -0.09874
v 0.03345 0.05739 -0.11073
v 0.02866 0.05276 -0.11102
v 0.02635 0.05324 -0.11996
v 0.03018 0.05826 -0.11936
v 0.02144 0.05446 -0.12683
v 0.01807 0.05064 -0.12550
v 0.01913 0.04942 -0.11932
v 0.00902 0.04810 -0.12707
v 0.00790 0.05146 -0.13238
v 0.02546 0.05487 -0.09370
v 0.01324 0.05388 -0.09442
v 0.02237 0.06149 -0.12720
v 0.03306 0.06803 -0.11827
v 0.01216 0.05853 -0.13289
v -0.00221 0.04957 -0.08016
v -0.00654 0.05354 -0.09431
v -0.00216 0.04805 -0.12880
v -0.00209 0.05094 -0.13331
v 0.02646 0.07791 -0.12227
v 0.03455 0.08098 -0.11576
v 0.00040 0.04981 -0.11348
v 0.00353 0.05525 -0.13489
v -0.01234 0.04814 -0.12373
v 0.03363 0.08767 -0.11514
v -0.02348 0.05243 -0.10394
v 0.04075 0.08392 -0.11230
v 0.03882 0.09158 -0.11490
v 0.04201 0.09468 -0.11476
v 0.04112 0.10302 -0.11684
v -0.01324 0.04988 -0.12848
v -0.02223 0.05567 -0.08842
v -0.01427 0.05365 -0.08173
v -0.01470 0.05131 -0.07492
v -0.02535 0.05158 -0.11748
v -0.02356 0.05623 -0.07686
v -0.00733 0.04028 -0.07085
v -0.03124 0.05556 -0.09946
v -0.03537 0.06144 -0.08002
v -0.02204 0.05170 -0.06797
v -0.03058 0.06027 -0.07063
v -0.00795 0.02044 -0.05826
v -0.00465 -0.00396 -0.04526
v 0.00164 -0.00638 -0.04517
v 0.01852 0.00080 -0.02456
v 0.02258 0.02024 -0.02664
v 0.00668 0.00479 -0.04908
v 0.01895 0.02071 -0.05463
v 0.02886 0.04017 -0.05477
v 0.02415 0.02218 -0.04248
v 0.03299 0.03870 -0.03654
v 0.04057 0.05646 -0.04533
v 0.02511 0.01987 -0.03187
v 0.03234 0.05299 -0.06163
v 0.01411 0.00166 -0.04634
v 0.02173 0.01133 -0.03455
v 0.02412 0.03996 -0.06351
v 0.01720 -0.00239 -0.03685
v 0.03672 0.05962 -0.06369
v 0.02665 0.05216 -0.07487
v 0.02213 0.00638 -0.03168
v 0.02325 0.04680 -0.06991
v 0.04395 0.05456 -0.03874
v 0.00778 -0.00825 -0.04726
v 0.01055 0.01659 -0.06021
v 0.01623 0.03953 -0.07071
v 0.01399 0.04794 -0.08030
v 0.05004 0.06213 -0.04267
v 0.04988 0.06732 -0.05409
v 0.00757 0.03825 -0.07564
v 0.00406 0.04567 -0.08225
v 0.00553 0.02132 -0.06542
v 0.00241 -0.00084 -0.05308
v 0.00209 0.03487 -0.07505
v 0.00143 0.04822 -0.08727
v -0.00327 0.01241 -0.06048
v 0.04948 0.05241 -0.03676
v -0.00339 0.04608 -0.08299
v -0.00624 -0.01302 -0.04577
v -0.00586 0.02875 -0.07000
v -0.00877 0.04372 -0.07863
v -0.01529 0.02306 -0.06088
v -0.01002 0.00164 -0.05083
v -0.02148 0.04515 -0.07038
v 0.03035 0.16914 -0.13430
v 0.02170 0.17126 -0.13783
v 0.01868 0.18321 -0.13867
v 0.03151 0.17688 -0.13386
v 0.04423 0.16777 -0.12876
v 0.04291 0.15783 -0.12805
v 0.05364 0.15788 -0.12277
v 0.05969 0.16860 -0.11900
v 0.05512 0.17523 -0.12152
v 0.04396 0.17732 -0.12628
v 0.06667 0.17925 -0.11109
v 0.07299 0.17324 -0.10813
v 0.08075 0.18141 -0.09968
v 0.07254 0.18788 -0.10285
v 0.07908 0.19313 -0.09792
v 0.07579 0.19759 -0.09926
v 0.08307 0.19614 -0.09282
v 0.08532 0.18630 -0.09366
v 0.02845 0.18602 -0.12984
v 0.01490 0.19509 -0.13421
v 0.05562 0.17989 -0.11745
v 0.06699 0.16323 -0.11216
v 0.01174 0.18586 -0.14537
v 0.01799 0.17386 -0.14221
v 0.07896 0.20138 -0.09833
v 0.01696 0.16666 -0.14309
v 0.07066 0.20153 -0.10235
v 0.08519 0.17895 -0.09389
v 0.07964 0.17123 -0.10007
v 0.00895 0.19863 -0.14117
v 0.01298 0.20011 -0.13487
v 0.01921 0.19901 -0.12681
v 0.02397 0.19315 -0.12396
v 0.06998 0.19567 -0.10028
v 0.00824 0.20499 -0.14145
v 0.08198 0.20653 -0.09191
v 0.06138 0.15280 -0.11430
v 0.00542 0.20327 -0.14653
v 0.00396 0.20974 -0.14255
v 0.00052 0.20371 -0.15028
v 0.00496 0.18770 -0.15972
v 0.00887 0.18700 -0.15368
v 0.01017 0.17185 -0.16523
v 0.00366 0.17219 -0.17128
v 0.00643 0.16541 -0.17244
v -0.00049 0.16622 -0.17443
v 0.00163 0.16264 -0.17465
v 0.01020 0.16611 -0.16682
v 0.02289 0.19789 -0.12020
v 0.04326 0.18247 -0.11944
v 0.06250 0.18513 -0.10627
v -0.00352 0.19003 -0.15925
v 0.01558 0.16782 -0.15435
v 0.01499 0.17333 -0.15103
v 0.06535 0.18956 -0.10219
v -0.00349 0.21050 -0.14328
v -0.00055 0.22281 -0.14219
v -0.00358 0.21558 -0.14427
v 0.00598 0.16064 -0.17095
v -0.00431 0.17280 -0.17055
v 0.05142 0.14612 -0.11902
v 0.06569 0.19708 -0.09906
v 0.01694 0.16255 -0.13940
v 0.02412 0.16615 -0.13335
v 0.02653 0.15915 -0.13076
v 0.02195 0.15882 -0.13760
v 0.02081 0.15412 -0.14183
v 0.01086 0.15941 -0.14554
v 0.03401 0.15793 -0.12899
v 0.03786 0.14782 -0.12429
v -0.00599 0.16594 -0.17257
v -0.03014 0.32647 0.06844
v -0.04663 0.31756 0.06856
v -0.03805 0.31507 0.07949
v -0.04501 0.32866 0.04905
v -0.02471 0.33721 0.05010
v -0.03759 0.33952 0.02654
v -0.06010 0.31664 0.05128
v -0.05166 0.33273 0.02113
v -0.06334 0.31968 0.03571
v -0.04828 0.33643 0.00941
v -0.06456 0.30541 0.06236
v -0.06484 0.32314 0.01360
v -0.05742 0.33048 0.00580
v -0.05453 0.30193 0.07965
v -0.07342 0.29939 0.05383
v -0.07653 0.30289 0.03864
v -0.07589 0.30895 0.02192
v -0.06778 0.29329 0.07200
v -0.06490 0.32357 -0.00432
v -0.04816 0.33670 -0.00581
v -0.05979 0.32756 -0.01706
v -0.07645 0.30976 0.00010
v -0.03270 0.34421 -0.00232
v -0.02409 0.34550 0.01886
v -0.04988 0.33311 -0.02934
v -0.04165 0.33938 -0.02096
v -0.02570 0.34591 -0.01677
v -0.06567 0.31963 -0.02912
v -0.07585 0.30890 -0.01849
v -0.05832 0.32287 -0.04439
v -0.08326 0.29831 0.01372
v -0.03313 0.34156 -0.03120
v -0.04198 0.33296 -0.04985
v -0.01461 0.34896 0.00044
v -0.00811 0.34648 0.02960
v -0.02677 0.33883 -0.05235
v -0.05484 0.31803 -0.06445
v -0.04335 0.32499 -0.06840
v -0.01116 0.34581 -0.03811
v -0.07204 0.30599 -0.04656
v -0.02782 0.33080 -0.07238
v -0.06663 0.30447 -0.06497
v -0.08602 0.28954 0.02859
v 0.00102 0.34852 -0.02604
v 0.00098 0.35000 -0.00147
v -0.00956 0.33654 0.05887
v 0.00502 0.34796 0.02376
v -0.01357 0.33920 -0.06041
v 0.00551 0.34442 0.03962
v -0.01728 0.32347 0.07975
v -0.01444 0.33337 -0.07414
v -0.03646 0.32243 -0.08010
v -0.04611 0.31212 -0.08622
v 0.00135 0.34395 -0.04786
v 0.01463 0.34868 0.00822
v 0.01582 0.34885 -0.00912
v -0.02605 0.32335 -0.08576
v 0.00056 0.33610 -0.07112
v 0.01331 0.34718 -0.02875
v -0.06060 0.30021 -0.08258
v 0.01805 0.34627 0.02433
v -0.00160 0.32541 0.07997
v -0.02633 0.31002 0.09140
v 0.00565 0.33441 0.06432
v 0.01818 0.34044 0.04599
v 0.01601 0.33616 -0.06763
v 0.01983 0.33441 0.05986
v -0.04388 0.29895 0.09177
v 0.02880 0.33976 -0.04572
v 0.03190 0.34326 0.01873
v 0.03031 0.34503 -0.01036
v -0.00626 0.31669 0.09035
v 0.03465 0.33803 0.03750
v 0.04014 0.34120 0.00117
v 0.03268 0.33226 0.05564
v 0.03137 0.33385 -0.06234
v 0.02398 0.32333 0.07667
v 0.04265 0.33605 -0.03586
v 0.01201 0.31323 0.09280
v -0.00648 0.30575 0.10065
v -0.02308 0.29984 0.10203
v 0.04935 0.33440 -0.02316
v 0.04826 0.33515 0.01967
v -0.03454 0.28716 0.10596
v 0.04352 0.32671 0.05610
v 0.04368 0.32041 0.06740
v 0.04906 0.32972 0.03988
v -0.01602 0.28997 0.11123
v 0.00783 0.29670 0.10771
v 0.03827 0.31346 0.08121
v 0.03217 0.30708 0.09159
v -0.05815 0.28542 0.08964
v -0.00239 0.28506 0.11582
v -0.05009 0.27830 0.10119
v 0.02579 0.29780 0.10254
v -0.02173 0.27770 0.11640
v -0.00680 0.27463 0.12043
v -0.07084 0.27881 0.07918
v -0.04035 0.27005 0.11144
v 0.02223 0.28359 0.11315
v 0.01266 0.27397 0.12001
v -0.02170 0.25849 0.12300
v -0.04188 0.25652 0.11512
v 0.00127 0.26070 0.12552
v -0.01024 0.24725 0.12751
v -0.03216 0.24415 0.12179
v 0.00255 0.24903 0.12795
v -0.01708 0.23693 0.12723
v -0.00310 0.23346 0.12884
v 0.00123 0.13782 -0.10310
v -0.01083 0.13683 -0.09957
v -0.00301 0.13815 -0.09028
v -0.01123 0.13581 -0.11635
v 0.01037 0.13497 -0.12238
v -0.01018 0.13296 -0.13040
v -0.02064 0.13238 -0.12463
v 0.01221 0.13665 -0.09983
v 0.00557 0.13713 -0.08034
v 0.02030 0.13392 -0.11117
v 0.00698 0.13044 -0.13538
v -0.01305 0.13590 -0.08676
v -0.02092 0.13394 -0.10282
v -0.00635 0.13592 -0.07821
v -0.02539 0.13114 -0.11664
v 0.01416 0.13524 -0.08491
v -0.02015 0.13175 -0.08480
v 0.02153 0.12991 -0.13068
v 0.02647 0.12957 -0.12166
v -0.02123 0.12837 -0.13369
v 0.01418 0.12637 -0.14021
v 0.02481 0.12642 -0.13627
v -0.00578 0.12630 -0.14162
v -0.02449 0.12636 -0.13760
v -0.02990 0.12451 -0.13125
v -0.02897 0.12621 -0.12780
v 0.02548 0.13083 -0.09912
v 0.03000 0.12529 -0.12989
v 0.03230 0.12449 -0.13146
v 0.03377 0.12283 -0.11578
v 0.00508 0.13237 -0.06915
v 0.01631 0.12932 -0.07140
v 0.02598 0.12782 -0.08571
v -0.00195 0.12708 -0.06023
v -0.01895 0.12706 -0.07085
v -0.02903 0.12774 -0.09615
v -0.01226 0.12577 -0.06261
v -0.03259 0.12481 -0.11381
v -0.03197 0.12619 -0.13253
v 0.01426 0.12291 -0.06054
v 0.00462 0.12135 -0.05436
v -0.02915 0.12301 -0.08158
v -0.03618 0.11979 -0.12368
v -0.03806 0.12050 -0.12521
v -0.00659 0.11849 -0.05234
v -0.01809 0.11420 -0.05524
v -0.02751 0.11466 -0.06707
v -0.03781 0.11477 -0.09564
v -0.01333 0.11121 -0.05035
v -0.03629 0.11041 -0.07809
v -0.03744 0.11690 -0.11623
v -0.04145 0.10669 -0.11704
v -0.00080 0.11190 -0.04782
v 0.01064 0.11408 -0.05095
v -0.03925 0.10521 -0.08404
v -0.03976 0.10927 -0.10399
v -0.03958 0.10769 -0.11507
v -0.04009 0.10333 -0.10935
v 0.04639 0.07522 0.03577
v 0.05065 0.07231 0.04714
v 0.04785 0.08866 0.03946
v 0.04174 0.09183 0.02750
v 0.04079 0.08111 0.02618
v 0.04767 0.10575 0.03454
v 0.04314 0.11079 0.02414
v 0.04686 0.12269 0.02740
v 0.04233 0.06124 0.03174
v 0.05273 0.13521 0.03829
v 0.05033 0.10924 0.04348
v 0.04919 0.08724 0.04483
v 0.04167 0.06320 0.02817
v 0.05549 0.05483 0.05171
v 0.04651 0.06009 0.03661
v 0.05514 0.05065 0.04886
v 0.04908 0.04853 0.04302
v 0.05428 0.03284 0.05020
v 0.06371 0.04316 0.05996
v 0.05962 0.04149 0.05261
v 0.04454 0.03929 0.04166
v 0.04232 0.04730 0.03563
v 0.04843 0.02849 0.04758
v 0.04758 0.02602 0.04395
v 0.05166 0.01769 0.04917
v 0.05403 0.01878 0.05252
v 0.06641 0.03026 0.05617
v 0.06132 0.01953 0.05572
v 0.07035 0.03426 0.05924
v 0.06297 0.01049 0.05559
v 0.06025 0.00758 0.05151
v 0.07906 0.02379 0.05956
v 0.07913 0.01362 0.05886
v 0.07743 0.00192 0.05774
v 0.07958 0.03101 0.06488
v 0.09260 -0.00124 0.05930
v 0.09574 0.01223 0.06030
v 0.11515 0.00025 0.06007
v 0.09629 0.01720 0.06248
v 0.12525 0.00179 0.06272
v 0.14985 -0.00648 0.06285
v 0.07318 -0.00207 0.05298
v 0.10538 0.01481 0.06710
v 0.12002 0.00656 0.06674
v 0.06713 -0.00187 0.04731
v 0.05510 0.01101 0.04714
v 0.05452 0.03337 0.04512
v 0.04885 0.04475 0.03763
v 0.05712 0.04935 0.04375
v 0.05134 0.05956 0.03567
v 0.05186 0.02867 0.04265
v 0.05696 0.01858 0.04836
v 0.06063 0.01848 0.05089
v 0.06479 0.03382 0.05021
v 0.06697 0.04161 0.05319
v 0.05846 0.05611 0.04614
v 0.04774 0.06564 0.02858
v 0.05300 0.08065 0.03923
v 0.04708 0.08127 0.02852
v 0.05057 0.10282 0.03087
v 0.04894 0.03974 0.03738
v 0.04708 0.09400 0.02513
v 0.04858 0.10879 0.02341
v 0.05120 0.12150 0.02664
v 0.05626 0.13155 0.03415
v 0.05546 0.11252 0.04083
v 0.05361 0.09742 0.04075
v 0.04785 0.05367 0.03119
v 0.06619 0.00879 0.05019
v 0.07996 0.02731 0.05585
v 0.07176 0.01838 0.05311
v 0.07426 0.00643 0.05287
v 0.07894 0.03431 0.05928
v 0.09047 0.01044 0.05515
v 0.08937 -0.00155 0.05453
v 0.09456 0.01989 0.05786
v 0.11258 -0.01373 0.05403
v 0.10892 0.00600 0.05570
v 0.13071 -0.00146 0.05609
v 0.11051 0.01133 0.05852
v 0.13654 0.00146 0.05983
v 0.08124 -0.00414 0.04978
v -0.15758 -0.00481 0.07927
v -0.14036 0.00129 0.08507
v -0.13164 0.00716 0.06867
v -0.11876 0.01190 0.08459
v -0.11871 0.00683 0.10693
v -0.09475 0.02016 0.10451
v -0.09005 0.02723 0.08803
v -0.11052 0.01829 0.07086
v -0.13578 -0.00208 0.11332
v -0.08740 0.03254 0.07115
v -0.07079 0.04175 0.07516
v -0.06685 0.04096 0.08528
v -0.05541 0.05267 0.07650
v -0.07598 0.03951 0.06442
v -0.06602 0.04606 0.06800
v -0.15079 -0.00175 0.06413
v -0.05826 0.05639 0.06216
v -0.04739 0.06505 0.07202
v -0.06380 0.05058 0.05873
v -0.08772 0.03069 0.06278
v -0.07115 0.04064 0.05831
v -0.05608 0.06594 0.05312
v -0.10718 0.01804 0.06326
v -0.12626 0.00713 0.06220
v -0.05134 0.06894 0.06321
v -0.08171 0.03124 0.05857
v -0.14260 -0.00327 0.05716
v -0.06521 0.04662 0.05496
v -0.10188 0.01681 0.05844
v -0.11930 0.00594 0.05756
v -0.07369 0.03425 0.05511
v -0.06656 0.04042 0.05198
v -0.05907 0.04744 0.04634
v -0.07965 -0.00457 0.04669
v -0.07820 0.00050 0.05151
v -0.06612 0.00637 0.04793
v -0.07187 0.00209 0.04400
v 0.11890 0.00007 0.12501
v 0.09750 0.00244 0.13316
v 0.08367 0.00028 0.13743
v 0.10136 0.00922 0.12318
v 0.08382 0.01657 0.12184
v 0.07603 0.01185 0.12697
v 0.07325 0.02269 0.11734
v 0.07299 0.00479 0.13283
v 0.00223 0.07924 -0.13579
v 0.00363 0.08270 -0.13329
v -0.01069 0.08091 -0.13257
v 0.01135 0.08040 -0.13360
v 0.01199 0.08406 -0.13091
v 0.00410 0.08576 -0.12737
v -0.01190 0.08548 -0.12695
v -0.02055 0.08297 -0.12646
v -0.02242 0.08619 -0.12070
v -0.03020 0.08584 -0.11731
v -0.03157 0.08912 -0.11506
v -0.03477 0.08925 -0.11584
v 0.01739 0.08049 -0.13001
v 0.02367 0.08400 -0.12394
v -0.03524 0.09414 -0.11492
v -0.03474 0.09617 -0.11238
v -0.03840 0.09445 -0.11486
v -0.00566 0.07515 -0.13470
v -0.04196 0.09241 -0.11451
v -0.04103 0.09889 -0.11394
v -0.04373 0.09939 -0.11270
v -0.03297 0.08084 -0.11683
v -0.02407 0.07749 -0.12382
v -0.03917 0.08212 -0.11375
v -0.03146 0.06750 -0.11930
v -0.01830 0.06223 -0.12930
v -0.01154 0.07036 -0.13135
v -0.01055 0.05564 -0.13305
v -0.00162 0.06583 -0.13444
v 0.00353 0.05525 -0.13489
v -0.02084 0.05580 -0.12744
v 0.00486 0.06122 -0.13467
v 0.00597 0.07262 -0.13407
v -0.00209 0.05094 -0.13331
v -0.04145 0.10669 -0.11704
v 0.01216 0.05853 -0.13289
v 0.01463 0.06828 -0.13053
v 0.02237 0.06149 -0.12720
v 0.02646 0.07791 -0.12227
v 0.02908 0.08766 -0.11764
v 0.03363 0.08767 -0.11514
v 0.06876 0.01916 0.03068
v 0.06388 0.01488 0.03899
v 0.07585 0.00826 0.03608
v 0.07042 0.00255 0.04603
v 0.08492 -0.00416 0.04217
v 0.05943 0.01392 0.04542
v 0.05817 0.02533 0.03669
v 0.06574 0.02916 0.02483
v 0.05186 0.02867 0.04265
v 0.04894 0.03974 0.03738
v 0.05527 0.04341 0.02887
v 0.04785 0.05367 0.03119
v 0.05139 0.06232 0.02512
v 0.06109 0.05002 0.01886
v 0.05908 0.06555 0.01523
v 0.05030 0.08139 0.02135
v 0.04774 0.06564 0.02858
v 0.05765 0.09043 0.01253
v 0.05257 0.10341 0.01791
v 0.07734 0.01118 0.02860
v 0.09584 -0.00540 0.03222
v 0.07105 0.02242 0.02028
v 0.05696 0.01858 0.04836
v 0.04956 0.21451 -0.10013
v 0.04071 0.21787 -0.08783
v 0.03357 0.21491 -0.09885
v 0.04894 0.21713 -0.08654
v 0.03671 0.22140 -0.07412
v 0.04411 0.22242 -0.06940
v 0.05165 0.21973 -0.07281
v 0.04679 0.21415 -0.11435
v 0.03855 0.21233 -0.12602
v 0.05227 0.21383 -0.12636
v 0.02898 0.21776 -0.07497
v 0.03732 0.22123 -0.06678
v 0.05631 0.21192 -0.11035
v 0.06466 0.21312 -0.12164
v 0.04787 0.21550 -0.13416
v 0.03192 0.20943 -0.13111
v 0.03017 0.20897 -0.12093
v 0.02620 0.21132 -0.10149
v 0.02356 0.21342 -0.07903
v 0.02730 0.20855 -0.13728
v 0.02222 0.20341 -0.13012
v 0.06206 0.21735 -0.12963
v 0.04244 0.21976 -0.06210
v 0.04837 0.22130 -0.06504
v 0.02359 0.20299 -0.12168
v 0.01416 0.20397 -0.13911
v 0.04269 0.21722 -0.14037
v 0.05437 0.21759 -0.06832
v 0.05555 0.21294 -0.08904
v 0.06005 0.20730 -0.09930
v 0.06584 0.20802 -0.10926
v 0.07331 0.20795 -0.10937
v 0.02665 0.21268 -0.14346
v 0.01392 0.21161 -0.14501
v 0.07227 0.21804 -0.12167
v 0.01298 0.20011 -0.13487
v 0.01921 0.19901 -0.12681
v 0.00824 0.20499 -0.14145
v 0.07066 0.20153 -0.10235
v 0.06409 0.20298 -0.10004
v 0.07896 0.20138 -0.09833
v 0.02795 0.21806 -0.14693
v -0.04541 0.18256 -0.10207
v -0.04799 0.18193 -0.08995
v -0.03470 0.18517 -0.09669
v -0.03625 0.18532 -0.11254
v -0.05139 0.18256 -0.11217
v -0.03584 0.18498 -0.12115
v -0.04502 0.18373 -0.07986
v -0.03240 0.18779 -0.08007
v -0.03427 0.18845 -0.07248
v -0.02519 0.19002 -0.08696
v -0.02514 0.18889 -0.09929
v -0.02682 0.18990 -0.10981
v -0.02910 0.18918 -0.11807
v -0.02432 0.19070 -0.12777
v -0.02885 0.19211 -0.06939
v -0.02323 0.19404 -0.07558
v -0.04552 0.18134 -0.12086
v -0.02879 0.18352 -0.13235
v -0.04496 0.18849 -0.06627
v -0.06048 0.18222 -0.11171
v -0.05047 0.18527 -0.07377
v -0.05277 0.18364 -0.09975
v -0.05931 0.18604 -0.10407
v -0.05481 0.18577 -0.07939
v -0.03649 0.19355 -0.06256
v -0.06948 0.18700 -0.10399
v -0.02372 0.19456 -0.12081
v -0.04811 0.19298 -0.06013
v -0.05577 0.18980 -0.06819
v -0.01435 0.19464 -0.13657
v -0.02009 0.19584 -0.09121
v -0.02165 0.19438 -0.10308
v -0.02291 0.19656 -0.11360
v -0.02001 0.19862 -0.12554
v -0.05441 0.19472 -0.06144
v 0.03210 0.00343 -0.03814
v 0.02344 0.00023 -0.03493
v 0.02820 0.01532 -0.03371
v 0.03721 0.02245 -0.03615
v 0.03012 0.02512 -0.03339
v 0.02213 0.00638 -0.03168
v 0.02511 0.01987 -0.03187
v 0.03915 0.04039 -0.03632
v 0.04094 0.01351 -0.03664
v 0.03624 -0.01242 -0.04050
v 0.04550 0.03692 -0.03604
v 0.04948 0.05241 -0.03676
v 0.03299 0.03870 -0.03654
v 0.04395 0.05456 -0.03874
v -0.06071 0.19546 -0.08857
v -0.06082 0.20668 -0.07968
v -0.06160 0.20097 -0.07198
v -0.06013 0.20529 -0.09146
v -0.06015 0.19254 -0.07412
v -0.05874 0.21166 -0.06935
v -0.06256 0.19959 -0.09583
v -0.06292 0.19200 -0.09829
v -0.05664 0.20942 -0.06262
v -0.05872 0.19913 -0.06424
v -0.05838 0.20898 -0.09524
v -0.05710 0.21382 -0.07786
v -0.06403 0.20591 -0.10369
v -0.05379 0.21690 -0.06514
v -0.05756 0.18788 -0.08672
v -0.05811 0.18777 -0.09732
v -0.05577 0.18980 -0.06819
v -0.05441 0.19472 -0.06144
v -0.05148 0.21215 -0.05883
v -0.04943 0.21916 -0.06222
v -0.05481 0.18577 -0.07939
v -0.05277 0.18364 -0.09975
v -0.03975 0.00188 -0.03129
v -0.04095 0.01746 -0.03140
v -0.04541 0.01715 -0.02669
v -0.04861 0.04279 -0.02963
v -0.04767 0.00163 -0.01779
v -0.05625 0.00171 -0.00432
v -0.05256 0.02199 -0.00642
v -0.05925 0.03691 0.00463
v -0.05324 0.04432 -0.00565
v -0.05866 0.05526 0.00643
v -0.06170 0.04047 0.01149
v -0.06568 0.02515 0.01559
v -0.06483 0.02052 0.00915
v -0.07169 -0.00608 0.00804
v -0.07168 0.00950 0.01467
v -0.08260 -0.00641 0.01892
v -0.08717 -0.00550 0.02766
v -0.07575 0.00562 0.02314
v -0.06958 0.01514 0.02138
v -0.08098 0.00069 0.03154
v 0.04607 0.18223 -0.09261
v 0.03485 0.18503 -0.09749
v 0.03842 0.18636 -0.07713
v 0.02816 0.18900 -0.08386
v 0.02496 0.18903 -0.09663
v 0.04906 0.18445 -0.07601
v 0.02873 0.19258 -0.06958
v 0.03659 0.18522 -0.11263
v 0.02847 0.18814 -0.10658
v 0.02957 0.18875 -0.11871
v 0.04326 0.18247 -0.11944
v 0.04814 0.18289 -0.10698
v 0.02845 0.18602 -0.12984
v 0.02199 0.19266 -0.10226
v 0.04055 0.19074 -0.06433
v 0.02362 0.19551 -0.07349
v 0.02088 0.19443 -0.08697
v 0.02450 0.19323 -0.11554
v 0.02397 0.19315 -0.12396
v 0.05449 0.18314 -0.11056
v 0.05562 0.17989 -0.11745
v 0.05491 0.18479 -0.10045
v 0.05307 0.18389 -0.08671
v 0.06250 0.18513 -0.10627
v 0.05234 0.19044 -0.06443
v 0.05621 0.18835 -0.07184
v 0.05656 0.18699 -0.09174
v 0.02876 0.19725 -0.06532
v 0.03666 0.19666 -0.06065
v 0.04833 0.19678 -0.05836
v 0.06073 0.19092 -0.09720
v 0.06535 0.18956 -0.10219
v 0.05877 0.19369 -0.06669
v 0.05829 0.18909 -0.08001
v 0.05678 0.19643 -0.06243
v -0.07187 0.00209 0.04400
v -0.08551 -0.00031 0.03754
v -0.06927 0.01165 0.03724
v -0.07422 0.01396 0.02962
v -0.09110 -0.00157 0.03368
v -0.06161 0.01374 0.04193
v -0.06035 0.02278 0.03558
v -0.06669 0.02387 0.02838
v -0.06076 0.03440 0.02770
v -0.05159 0.04160 0.03357
v -0.05688 0.05429 0.02232
v -0.04911 0.05459 0.02980
v -0.04755 0.07128 0.02577
v -0.05128 0.07791 0.02090
v -0.04813 0.04587 0.03530
v -0.05229 0.02983 0.04049
v -0.05693 0.01708 0.04485
v -0.05933 0.07804 0.01173
v -0.04596 0.08575 0.02567
v -0.04865 0.09630 0.02245
v 0.03939 0.09963 -0.08256
v 0.03926 0.10757 -0.08297
v 0.03611 0.10102 -0.07344
v 0.04041 0.10605 -0.09307
v 0.03895 0.11422 -0.09854
v 0.04012 0.10606 -0.11068
v 0.03878 0.11216 -0.11539
v 0.04112 0.10302 -0.11684
v 0.03911 0.10035 -0.10434
v 0.03871 0.09879 -0.11400
v 0.03685 0.09252 -0.11192
v 0.03543 0.09368 -0.09293
v 0.03600 0.09346 -0.07892
v 0.03231 0.09544 -0.06975
v 0.03175 0.08907 -0.10321
v 0.03066 0.08768 -0.08720
v 0.03184 0.08899 -0.07904
v 0.02731 0.09010 -0.06834
v 0.03033 0.08670 -0.11286
v 0.03007 0.10336 -0.06439
v 0.03882 0.09158 -0.11490
v 0.02602 0.09671 -0.06129
v 0.04072 0.11166 -0.12011
v 0.02058 0.09107 -0.06066
v 0.03380 0.11146 -0.07443
v 0.03363 0.08767 -0.11514
v 0.02099 0.10601 -0.05519
v 0.02238 0.11254 -0.05865
v 0.03424 0.11992 -0.08970
v 0.03377 0.12283 -0.11578
v 0.03588 0.12032 -0.12545
v 0.02678 0.11969 -0.07113
v 0.02598 0.12782 -0.08571
v 0.02548 0.13083 -0.09912
v 0.03230 0.12449 -0.13146
v 0.01426 0.12291 -0.06054
v 0.01631 0.12932 -0.07140
v 0.01064 0.11408 -0.05095
v 0.01032 0.10738 -0.04881
v 0.01456 0.09944 -0.05231
v 0.00462 0.12135 -0.05436
v 0.02088 0.19443 -0.08697
v 0.02016 0.20686 -0.08621
v 0.02108 0.20247 -0.07636
v 0.01949 0.19975 -0.09678
v 0.02362 0.19551 -0.07349
v 0.02199 0.19266 -0.10226
v 0.02233 0.19965 -0.11104
v 0.02450 0.19323 -0.11554
v 0.02289 0.19789 -0.12020
v 0.02397 0.19315 -0.12396
v 0.02359 0.20299 -0.12168
v 0.02323 0.20705 -0.10567
v 0.02461 0.21115 -0.07057
v 0.02356 0.21342 -0.07903
v 0.02676 0.20658 -0.06468
v 0.02620 0.21132 -0.10149
v 0.01921 0.19901 -0.12681
v 0.02222 0.20341 -0.13012
v 0.02876 0.19725 -0.06532
v 0.01106 0.09498 -0.09295
v -0.00789 0.09730 -0.09405
v -0.00859 0.08953 -0.09256
v 0.01393 0.08843 -0.09140
v 0.02211 0.09789 -0.09164
v 0.02595 0.09167 -0.09197
v -0.02175 0.09776 -0.09187
v -0.02080 0.09058 -0.09153
v 0.02969 0.09714 -0.09353
v 0.02778 0.10305 -0.09519
v 0.03380 0.10128 -0.09461
v 0.01746 0.10214 -0.09460
v -0.00494 0.10231 -0.09772
v 0.00016 0.08463 -0.08916
v -0.02415 0.10307 -0.09496
v -0.02977 0.09755 -0.09532
v -0.03396 0.10231 -0.09757
v -0.01587 0.08677 -0.08804
v -0.02770 0.09150 -0.08996
v -0.02699 0.10544 -0.10045
v -0.03378 0.10594 -0.10324
v 0.03423 0.10438 -0.10046
v 0.06642 0.03605 0.09449
v 0.06373 0.02878 0.10710
v 0.07459 0.02589 0.11054
v 0.07325 0.02269 0.11734
v 0.05001 0.03966 0.09626
v 0.08382 0.01657 0.12184
v 0.09356 0.01954 0.10725
v 0.07167 0.03835 0.08546
v 0.10136 0.00922 0.12318
v 0.11890 0.00007 0.12501
v 0.05211 0.04727 0.08761
v 0.06394 0.04570 0.07636
v 0.13212 0.00155 0.10314
v 0.09329 0.02581 0.08709
v 0.11508 0.01219 0.09252
v 0.08211 0.03523 0.07537
v 0.12214 0.01105 0.07755
v 0.10094 0.02401 0.07317
v 0.14473 0.00014 0.08037
v 0.13046 0.00769 0.06744
v 0.15069 -0.00127 0.06619
v 0.07971 0.03708 0.06703
v 0.06495 0.04826 0.06371
v 0.11562 0.01385 0.06552
v 0.04877 0.05540 0.08045
v 0.05271 0.05724 0.07325
v 0.03811 0.05655 0.08393
v 0.09871 0.02421 0.06481
v 0.05637 0.06048 0.06084
v 0.04334 0.06502 0.07623
v 0.03241 0.06877 0.08046
v 0.03990 0.07659 0.07286
v 0.02798 0.07928 0.07819
v 0.02922 0.06189 0.08278
v 0.03114 0.09133 0.07419
v 0.02607 0.10245 0.07394
v 0.03412 0.10511 0.07011
v 0.02385 0.12075 0.07209
v 0.04245 0.09112 0.06602
v 0.04781 0.07125 0.06743
v 0.04240 0.10324 0.06347
v 0.03313 0.12310 0.07057
v 0.03779 0.11896 0.06698
v 0.04730 0.10981 0.05795
v 0.05118 0.08884 0.05428
v 0.05306 0.07169 0.05692
v 0.04985 0.13177 0.05893
v 0.04045 0.13684 0.06876
v 0.02987 0.13349 0.07318
v 0.02481 0.13631 0.07404
v 0.03762 0.15139 0.07590
v 0.02626 0.14677 0.07735
v 0.05063 0.15284 0.06656
v 0.02969 0.15965 0.08400
v 0.04196 0.17349 0.08907
v -0.02192 -0.00302 -0.03380
v -0.02637 0.00715 -0.03560
v -0.02268 0.00698 -0.03181
v -0.03027 0.02227 -0.03406
v -0.02969 -0.00387 -0.03981
v -0.04009 0.02485 -0.03695
v -0.02618 0.02251 -0.03222
v -0.03750 0.03832 -0.03562
v -0.04583 0.04580 -0.03687
v -0.03179 0.09778 -0.06765
v -0.03178 0.10589 -0.06713
v -0.03636 0.10115 -0.07430
v -0.02322 0.10076 -0.05708
v -0.02264 0.10745 -0.05649
v -0.03348 0.09334 -0.07304
v -0.02579 0.09221 -0.06440
v -0.03783 0.09751 -0.07996
v -0.01089 0.10448 -0.04927
v -0.01333 0.11121 -0.05035
v -0.01363 0.09590 -0.05310
v -0.01324 0.08956 -0.05810
v -0.02976 0.08803 -0.07485
v -0.02193 0.08600 -0.06890
v 0.00378 0.09604 -0.05047
v -0.00168 0.08869 -0.05641
v -0.01014 0.08491 -0.06332
v 0.00510 0.10261 -0.04786
v -0.00080 0.11190 -0.04782
v 0.01028 0.08968 -0.05685
v -0.01809 0.11420 -0.05524
v 0.01456 0.09944 -0.05231
v 0.02058 0.09107 -0.06066
v 0.01032 0.10738 -0.04881
v -0.03925 0.10521 -0.08404
v -0.03629 0.11041 -0.07809
v -0.02751 0.11466 -0.06707
v -0.03979 0.10181 -0.09415
v 0.01064 0.11408 -0.05095
v -0.03976 0.10927 -0.10399
v -0.04009 0.10333 -0.10935
v -0.03958 0.10769 -0.11507
v -0.05046 0.02095 0.04984
v -0.04608 0.03455 0.04490
v -0.05606 0.03090 0.05157
v -0.05636 0.01810 0.05372
v -0.05074 0.04617 0.04521
v -0.06475 0.02542 0.05583
v -0.06553 0.03487 0.05624
v -0.05754 0.04436 0.05120
v -0.07004 0.03525 0.05983
v -0.05525 0.05220 0.04998
v -0.06020 0.04499 0.05500
v -0.05569 0.01374 0.05150
v -0.06779 0.00826 0.05660
v -0.06406 0.00239 0.05080
v -0.07299 -0.00179 0.05290
v -0.12226 -0.00142 0.05993
v -0.09707 0.00939 0.05989
v -0.08743 -0.00060 0.05913
v -0.07379 0.01388 0.05806
v -0.08192 0.02432 0.06062
v -0.10755 0.01039 0.06251
v -0.12289 0.00209 0.06209
v -0.08593 0.02651 0.06444
v 0.04425 -0.00240 0.12094
v 0.05440 0.00346 0.12328
v 0.06199 -0.00070 0.13189
v 0.06643 0.01427 0.12268
v 0.07299 0.00479 0.13283
v 0.05039 0.01472 0.11187
v 0.06106 0.01851 0.11485
v 0.06373 0.02878 0.10710
v 0.07325 0.02269 0.11734
v 0.05529 0.02980 0.10521
v 0.03585 0.00648 0.11237
v 0.07603 0.01185 0.12697
v 0.03310 0.02075 0.10498
v 0.04145 0.03015 0.10247
v 0.02809 0.03593 0.09332
v 0.02179 0.03131 0.09324
v 0.01973 0.04257 0.08500
v 0.03131 0.04789 0.08989
v 0.02281 0.05383 0.08190
v 0.01447 0.04949 0.08043
v 0.01844 0.06993 0.07311
v 0.01354 0.07067 0.06986
v 0.02014 0.02109 0.10208
v 0.05001 0.03966 0.09626
v 0.02987 -0.00159 0.11841
v 0.02922 0.06189 0.08278
v 0.02798 0.07928 0.07819
v 0.01307 0.09095 0.06656
v 0.02047 0.09533 0.07127
v 0.02607 0.10245 0.07394
v 0.01166 0.11262 0.06305
v 0.03811 0.05655 0.08393
v 0.01276 0.03263 0.09156
v 0.02385 0.12075 0.07209
v 0.01516 0.12382 0.06646
v 0.00884 0.12627 0.06220
v 0.01760 0.13535 0.06983
v 0.02481 0.13631 0.07404
v 0.00725 0.13754 0.06341
v 0.01684 0.14657 0.07330
v 0.02626 0.14677 0.07735
v 0.00717 0.14907 0.06839
v 0.02345 0.15361 0.08034
v 0.02969 0.15965 0.08400
v 0.00684 0.15574 0.07368
v 0.01350 0.16043 0.08227
v 0.02116 0.16665 0.09170
v 0.02840 0.17368 0.09751
v -0.06393 0.03410 0.09903
v -0.07709 0.02760 0.10473
v -0.06674 0.02546 0.11181
v -0.06685 0.04096 0.08528
v -0.05170 0.03391 0.10119
v -0.07705 0.02120 0.11876
v -0.08710 0.01881 0.11715
v -0.05247 0.04866 0.08545
v -0.05541 0.05267 0.07650
v -0.04063 0.04870 0.08929
v -0.08010 0.00907 0.12915
v -0.09057 0.00972 0.12737
v -0.10131 0.01002 0.12161
v -0.10484 -0.00119 0.13664
v -0.11773 -0.00149 0.13067
v -0.09088 -0.00163 0.13984
v -0.04499 0.05939 0.07891
v -0.03620 0.05971 0.08226
v -0.03235 0.04723 0.09081
v -0.08103 -0.00442 0.14143
v -0.09475 0.02016 0.10451
v -0.07079 0.01628 0.12223
v -0.07486 0.00210 0.13428
v -0.11871 0.00683 0.10693
v -0.13578 -0.00208 0.11332
v -0.09005 0.02723 0.08803
v -0.04739 0.06505 0.07202
v -0.06467 0.00683 0.12873
v -0.03967 0.03290 0.10084
v -0.04177 0.02117 0.10665
v -0.05793 0.02152 0.11074
v -0.06161 0.01385 0.11953
v -0.04648 0.00158 0.11872
v -0.03260 0.00780 0.11135
v -0.03147 -0.00605 0.12207
v -0.01893 0.00778 0.11157
v -0.02237 0.02184 0.10176
v -0.02649 0.02641 0.09791
v -0.01413 0.03540 0.08954
v -0.00826 0.02478 0.10209
v -0.01980 0.03802 0.08794
v -0.01401 0.04915 0.08047
v -0.05986 -0.00667 0.13337
v -0.05094 -0.00345 0.12680
v -0.03056 0.03585 0.09503
v -0.02213 0.05616 0.08066
v -0.01360 0.07040 0.07060
v -0.00346 0.05948 0.07796
v -0.00656 0.03593 0.09195
v 0.00089 0.02704 0.10231
v 0.00342 0.03845 0.09122
v 0.00848 0.02499 0.10179
v 0.00746 0.00832 0.11582
v 0.00041 0.00911 0.11825
v 0.00651 -0.01481 0.13290
v -0.00117 -0.00660 0.13000
v -0.00671 0.04881 0.08290
v 0.00757 0.05024 0.08206
v 0.01669 0.00219 0.11584
v 0.00259 0.06860 0.07435
v -0.00745 0.07844 0.06983
v 0.00888 0.07554 0.06985
v -0.00900 0.00862 0.11468
v -0.03018 0.06606 0.08165
v -0.02386 0.07705 0.07570
v 0.00628 0.09351 0.06762
v 0.00175 0.11519 0.06240
v -0.00669 0.09024 0.06847
v -0.00424 0.10354 0.06487
v -0.01304 0.09281 0.06620
v -0.00989 0.11702 0.06213
v -0.03734 0.07080 0.07702
v -0.01929 0.09495 0.07008
v -0.02644 0.09444 0.07506
v -0.03145 0.08919 0.07465
v -0.03117 0.11192 0.07111
v -0.02488 0.11406 0.07224
v -0.01466 0.11547 0.06530
v 0.00130 0.13358 0.06339
v -0.00792 0.13471 0.06333
v -0.03283 0.13039 0.07170
v -0.00139 0.14319 0.06545
v -0.01918 0.13504 0.07129
v -0.02540 0.12639 0.07313
v -0.02708 0.13751 0.07478
v -0.01181 0.13913 0.06650
v -0.04324 0.08366 0.06706
v -0.03574 0.10393 0.06923
v -0.00768 0.14565 0.06648
v -0.04086 0.11884 0.06430
v -0.03216 0.15030 0.07783
v -0.02450 0.14914 0.07846
v -0.01440 0.15224 0.07511
v -0.00385 0.15475 0.07260
v -0.02992 0.16203 0.08585
v -0.01746 0.16190 0.08558
v -0.02473 0.17193 0.09755
v -0.09986 0.15833 -0.00145
v -0.10281 0.16834 0.00501
v -0.10354 0.16523 -0.00123
v -0.10876 0.18059 0.00691
v -0.09928 0.15294 -0.01105
v -0.10610 0.18122 0.01034
v -0.10998 0.19573 0.00914
v -0.09567 0.15135 -0.00921
v -0.09522 0.14940 -0.01824
v -0.09665 0.17594 0.00054
v -0.10299 0.17946 0.00392
v -0.10154 0.18753 0.00390
v -0.10029 0.17170 0.00140
v -0.09713 0.18914 0.00300
v -0.10265 0.19715 0.00447
v -0.09734 0.19928 0.00206
v -0.10478 0.19356 0.00450
v -0.09492 0.16525 -0.00406
v -0.08984 0.16933 -0.00583
v -0.10245 0.20283 0.00261
v -0.09734 0.20407 0.00001
v -0.08990 0.16174 -0.01126
v -0.09493 0.15943 -0.00760
v -0.08538 0.16275 -0.01490
v -0.08832 0.15913 -0.01490
v -0.08610 0.15960 -0.01265
v -0.10565 0.20275 0.00279
v -0.10528 0.20838 0.00031
v -0.08605 0.16572 -0.01133
v -0.08434 0.17040 -0.00428
v -0.08218 0.16444 -0.01322
v -0.09127 0.18284 0.00313
v -0.09273 0.19135 0.00544
v -0.09389 0.20236 0.00367
v 0.06105 0.19788 -0.09052
v 0.06158 0.19757 -0.07710
v 0.06125 0.20486 -0.07766
v 0.05953 0.20703 -0.08855
v 0.06020 0.19939 -0.06671
v 0.05839 0.21123 -0.06833
v 0.05841 0.21266 -0.07657
v 0.06221 0.19923 -0.09522
v 0.06005 0.20730 -0.09930
v 0.05619 0.20683 -0.06105
v 0.05437 0.21759 -0.06832
v 0.05555 0.21294 -0.08904
v 0.05294 0.21424 -0.06070
v 0.05165 0.21973 -0.07281
v 0.04915 0.21832 -0.06080
v 0.04837 0.22130 -0.06504
v 0.06073 0.19092 -0.09720
v 0.05952 0.19153 -0.09225
v 0.05877 0.19369 -0.06669
v 0.05678 0.19643 -0.06243
v 0.05829 0.18909 -0.08001
v 0.06409 0.20298 -0.10004
v 0.06569 0.19708 -0.09906
v 0.06584 0.20802 -0.10926
v 0.05656 0.18699 -0.09174
v 0.05621 0.18835 -0.07184
v 0.06535 0.18956 -0.10219
v 0.04965 0.20443 -0.05715
v 0.07066 0.20153 -0.10235
v 0.04833 0.19678 -0.05836
v -0.13660 -0.00339 0.06217
v -0.12423 0.00509 0.06727
v -0.12289 0.00209 0.06209
v -0.10755 0.01039 0.06251
v -0.10214 0.01661 0.06613
v -0.08593 0.02651 0.06444
v -0.06406 0.00239 0.05080
v -0.06392 0.00036 0.04660
v -0.05417 0.01236 0.04702
v -0.05569 0.01374 0.05150
v -0.05046 0.02095 0.04984
v -0.04756 0.02641 0.04500
v 0.04490 0.21233 -0.05721
v 0.03932 0.20545 -0.05709
v 0.03673 0.21529 -0.06014
v 0.03062 0.21059 -0.06195
v 0.03235 0.20463 -0.05972
v 0.02676 0.20658 -0.06468
v 0.03250 0.21648 -0.06441
v 0.04244 0.21976 -0.06210
v 0.04915 0.21832 -0.06080
v 0.03732 0.22123 -0.06678
v 0.02461 0.21115 -0.07057
v 0.02898 0.21776 -0.07497
v 0.02356 0.21342 -0.07903
v 0.04837 0.22130 -0.06504
v 0.02876 0.19725 -0.06532
v 0.04965 0.20443 -0.05715
v 0.03666 0.19666 -0.06065
v 0.04833 0.19678 -0.05836
v 0.05294 0.21424 -0.06070
v -0.09105 0.16588 -0.00071
v -0.09965 0.17458 0.00736
v -0.09624 0.16203 0.00161
v -0.09448 0.17439 0.00414
v -0.09905 0.18640 0.00852
v -0.08987 0.15834 -0.00589
v -0.08509 0.16034 -0.00918
v -0.09478 0.15504 -0.00365
v -0.08981 0.15278 -0.01035
v -0.08497 0.15487 -0.01538
v -0.10610 0.18122 0.01034
v -0.08665 0.16655 -0.00174
v -0.10454 0.19717 0.01027
v -0.09888 0.20239 0.00694
v -0.10281 0.16834 0.00501
v -0.09228 0.17816 0.00637
v -0.09591 0.18966 0.00882
v -0.08701 0.15204 -0.01810
v -0.09200 0.14913 -0.01609
v -0.09567 0.15135 -0.00921
v -0.09986 0.15833 -0.00145
v -0.08564 0.15410 -0.02231
v -0.08855 0.17832 -0.02480
v -0.09055 0.18731 -0.02732
v -0.09237 0.17759 -0.02659
v -0.08733 0.17168 -0.02269
v -0.09640 0.18517 -0.03102
v -0.09806 0.16803 -0.02955
v -0.09479 0.16964 -0.02696
v -0.09167 0.17002 -0.02370
v -0.08833 0.16761 -0.02210
v -0.08637 0.16900 -0.02112
v -0.09600 0.19315 -0.02934
v -0.09318 0.19578 -0.02588
v -0.09798 0.19242 -0.03334
v -0.09853 0.17641 -0.03437
v -0.09910 0.19892 -0.02814
v -0.09740 0.16238 -0.02214
v -0.09171 0.16668 -0.02169
v -0.08475 0.17419 -0.02348
v -0.08435 0.17217 -0.02120
v -0.08313 0.17865 -0.02544
v -0.08003 0.17724 -0.02479
v -0.08053 0.18213 -0.02717
v -0.08504 0.18915 -0.02736
v -0.07938 0.18826 -0.02749
v -0.07627 0.17943 -0.02757
v -0.08478 0.19512 -0.02574
v -0.08110 0.19452 -0.02597
v -0.08122 0.17216 -0.02535
v 0.02178 0.00125 -0.02441
v 0.01852 0.00080 -0.02456
v 0.02258 0.02024 -0.02664
v 0.02740 0.02605 -0.02732
v 0.02213 -0.00810 -0.02614
v 0.02834 0.00787 -0.02966
v 0.03502 0.03259 -0.03007
v 0.03023 -0.00977 -0.03588
v 0.03503 0.02148 -0.03094
v 0.04251 0.03311 -0.03178
v 0.03746 0.00686 -0.03283
v 0.04150 0.04933 -0.03273
v 0.03680 0.04928 -0.03305
v 0.04819 0.05791 -0.03322
v 0.04708 0.04085 -0.03050
v 0.04264 0.01215 -0.02952
v 0.06786 0.01889 0.01522
v 0.06732 0.01936 0.02073
v 0.06248 0.03595 0.01459
v 0.07571 0.00526 0.02322
v 0.07402 0.00488 0.01553
v 0.08522 -0.00949 0.01937
v 0.07055 0.01127 0.02864
v 0.08289 -0.00086 0.03034
v 0.03380 0.10128 -0.09461
v 0.03527 0.10252 -0.08550
v 0.03561 0.10765 -0.10137
v 0.03423 0.10438 -0.10046
v 0.03087 0.09383 -0.08445
v 0.03532 0.10495 -0.11091
v 0.03033 0.09705 -0.07475
v 0.03330 0.10407 -0.07804
v 0.02659 0.09176 -0.07661
v 0.02969 0.09714 -0.09353
v 0.02595 0.09167 -0.09197
v 0.02191 0.08845 -0.08632
v 0.02162 0.09481 -0.06532
v 0.01003 0.08470 -0.07796
v 0.00144 0.08350 -0.07542
v 0.00817 0.08753 -0.06779
v 0.01872 0.08933 -0.07024
v -0.00489 0.08695 -0.06778
v 0.01274 0.09287 -0.06142
v -0.00063 0.09451 -0.05716
v -0.01346 0.09359 -0.06099
v -0.01938 0.08880 -0.07234
v -0.00957 0.08417 -0.07987
v -0.02288 0.08818 -0.08057
v 0.00809 0.08401 -0.08477
v 0.00016 0.08463 -0.08916
v 0.00964 0.09992 -0.05500
v -0.01587 0.08677 -0.08804
v -0.02638 0.09263 -0.07342
v -0.02946 0.09214 -0.08023
v -0.02770 0.09150 -0.08996
v -0.02285 0.09550 -0.06633
v 0.01393 0.08843 -0.09140
v 0.01719 0.09872 -0.05954
v 0.00136 0.10310 -0.05221
v -0.03400 0.21112 -0.05980
v -0.04106 0.21243 -0.05750
v -0.04116 0.21901 -0.06153
v -0.02875 0.21426 -0.06633
v -0.03156 0.21854 -0.06905
v -0.03899 0.22183 -0.06705
v -0.02536 0.21384 -0.07202
v -0.04705 0.21579 -0.05861
v -0.04541 0.22216 -0.06667
v -0.04943 0.21916 -0.06222
v -0.05148 0.21215 -0.05883
v -0.01981 0.20317 -0.09596
v -0.02137 0.20986 -0.08001
v -0.02279 0.20874 -0.09854
v -0.02239 0.20242 -0.11111
v -0.02535 0.20713 -0.11307
v -0.02253 0.20199 -0.12185
v -0.02532 0.20520 -0.12605
v -0.02716 0.21635 -0.07902
v -0.03022 0.21053 -0.11498
v -0.02976 0.21536 -0.08922
v -0.03587 0.22128 -0.07318
v -0.03786 0.21214 -0.12385
v -0.02902 0.20835 -0.13463
v -0.01701 0.19991 -0.13147
v -0.04077 0.21338 -0.13424
v -0.03752 0.21522 -0.10027
v -0.04161 0.22093 -0.07728
v -0.03487 0.21823 -0.14504
v -0.04500 0.21630 -0.13802
v -0.05145 0.22591 -0.14106
v -0.05554 0.21935 -0.13593
v -0.03410 0.22345 -0.14678
v -0.06783 0.21974 -0.12753
v -0.06682 0.22644 -0.13079
v -0.02278 0.20837 -0.14016
v -0.02385 0.21647 -0.14710
v -0.06167 0.21398 -0.12464
v -0.07338 0.21172 -0.11447
v -0.01171 0.21084 -0.14480
v -0.00757 0.20550 -0.14186
v -0.01077 0.20213 -0.13743
v -0.07040 0.20829 -0.11085
v -0.06945 0.20105 -0.10204
v -0.07934 0.19922 -0.09763
v -0.05410 0.21309 -0.12276
v -0.06154 0.21057 -0.11305
v -0.07657 0.22107 -0.11716
v -0.06403 0.20591 -0.10369
v -0.00349 0.21050 -0.14328
v -0.06256 0.19959 -0.09583
v -0.04746 0.21426 -0.11270
v -0.04782 0.21545 -0.09586
v -0.05326 0.21571 -0.08429
v -0.05526 0.21161 -0.09983
v -0.04896 0.22060 -0.07346
v -0.05379 0.21690 -0.06514
v -0.05710 0.21382 -0.07786
v -0.05838 0.20898 -0.09524
v 0.10638 0.21102 -0.02085
v 0.10382 0.21713 -0.02247
v 0.10820 0.21491 -0.01691
v 0.10236 0.20756 -0.02956
v 0.09863 0.21148 -0.03123
v 0.09763 0.19469 -0.03452
v 0.09137 0.20186 -0.03966
v 0.09586 0.17709 -0.03848
v 0.09087 0.18274 -0.04267
v 0.09840 0.18408 -0.03384
v 0.09878 0.16504 -0.03273
v 0.10682 0.21826 -0.01285
v 0.09311 0.21248 -0.03074
v 0.09704 0.21593 -0.02559
v 0.09601 0.15590 -0.03041
v 0.09194 0.15513 -0.03065
v 0.09363 0.16291 -0.03536
v 0.08722 0.16119 -0.03622
v 0.09027 0.17335 -0.04002
v 0.10692 0.20992 0.00562
v 0.10581 0.21514 0.00032
v 0.10142 0.21297 0.00134
v 0.10483 0.21887 -0.00679
v 0.09830 0.21851 -0.00806
v 0.09685 0.21325 0.00157
v 0.10064 0.21967 -0.01473
v 0.11028 0.21078 0.00290
v 0.11083 0.21336 -0.00283
v 0.10682 0.21826 -0.01285
v 0.11007 0.20410 0.00767
v 0.10505 0.20175 0.00948
v 0.09854 0.20805 0.00341
v 0.10878 0.19587 0.01060
v 0.09630 0.21720 -0.01775
v 0.10382 0.21713 -0.02247
v 0.09704 0.21593 -0.02559
v 0.09478 0.21932 -0.02028
v 0.09311 0.21248 -0.03074
v 0.08835 0.15645 -0.00906
v 0.08872 0.16760 -0.00097
v 0.08497 0.16282 -0.00476
v 0.08498 0.15713 -0.01114
v 0.08743 0.15353 -0.01723
v 0.09087 0.14989 -0.01880
v 0.08657 0.15280 -0.02062
v 0.08191 0.15608 -0.00984
v 0.08356 0.16354 -0.00047
v 0.09148 0.17817 0.00659
v 0.09528 0.18046 0.00575
v 0.07541 0.14382 -0.01545
v 0.08132 0.14569 -0.02129
v 0.07249 0.12809 -0.02346
v 0.06784 0.12615 -0.01995
v 0.07994 0.13613 -0.02785
v 0.07637 0.14913 -0.00865
v 0.06606 0.11574 -0.02368
v 0.07178 0.11622 -0.02900
v 0.07186 0.11052 -0.03359
v 0.06515 0.10175 -0.02803
v 0.09600 0.18982 0.00901
v -0.04762 0.06042 -0.03624
v -0.05381 0.07037 -0.03766
v -0.04960 0.05576 -0.03186
v -0.04339 0.05293 -0.03316
v -0.03907 0.05710 -0.03707
v -0.03624 0.04760 -0.03224
v -0.04207 0.06484 -0.04461
v -0.05156 0.07076 -0.04271
v -0.03102 0.04258 -0.03297
v -0.02840 0.03008 -0.02853
v -0.02259 0.02365 -0.02831
v -0.02042 0.00561 -0.02456
v 0.10053 0.16090 0.00056
v 0.10377 0.17341 0.00719
v 0.09854 0.16743 0.00468
v 0.09443 0.15451 -0.00391
v 0.09725 0.15250 -0.00618
v 0.10141 0.18042 0.00984
v 0.10619 0.18692 0.01126
v 0.10880 0.18529 0.00920
v 0.10878 0.19587 0.01060
v 0.10389 0.19245 0.01105
v 0.10505 0.20175 0.00948
v 0.09993 0.18592 0.00872
v 0.09275 0.16571 0.00065
v 0.09528 0.18046 0.00575
v 0.08872 0.16760 -0.00097
v 0.09600 0.18982 0.00901
v 0.08835 0.15645 -0.00906
v 0.09886 0.19817 0.00848
v 0.09169 0.15006 -0.01187
v 0.09854 0.20805 0.00341
v 0.09087 0.14989 -0.01880
v -0.06948 0.18700 -0.10399
v -0.07426 0.19500 -0.10014
v -0.06728 0.19466 -0.09995
v -0.06292 0.19200 -0.09829
v -0.06256 0.19959 -0.09583
v -0.05931 0.18604 -0.10407
v -0.06945 0.20105 -0.10204
v -0.05811 0.18777 -0.09732
v -0.05277 0.18364 -0.09975
v 0.01891 -0.00476 -0.03296
v 0.02344 0.00023 -0.03493
v 0.02213 0.00638 -0.03168
v 0.02820 0.01532 -0.03371
v -0.09799 0.20894 -0.00813
v -0.10144 0.21114 -0.00370
v -0.10213 0.21431 -0.00887
v -0.09938 0.21219 -0.01246
v -0.10058 0.20723 -0.00128
v -0.10128 0.21401 -0.01619
v -0.09811 0.20720 -0.01215
v -0.10528 0.20838 0.00031
v -0.10245 0.20283 0.00261
v -0.09734 0.20407 0.00001
v -0.09500 0.20812 -0.00550
v -0.10554 0.21229 -0.00602
v -0.09521 0.20663 -0.01438
v -0.09389 0.20236 0.00367
v -0.08923 0.15545 -0.03014
v -0.08930 0.15161 -0.02355
v -0.09461 0.15275 -0.02622
v -0.09522 0.14940 -0.01824
v -0.09200 0.14913 -0.01609
v -0.09497 0.15890 -0.03329
v -0.08927 0.15895 -0.03389
v -0.08680 0.16279 -0.03758
v -0.08629 0.15808 -0.03292
v -0.08701 0.15204 -0.01810
v -0.08714 0.15611 -0.02789
v -0.08564 0.15410 -0.02231
v -0.08700 0.15953 -0.03096
v -0.09567 0.15135 -0.00921
v -0.08555 0.15222 -0.02746
v -0.08545 0.15974 -0.02724
v -0.04960 0.05576 -0.03186
v -0.05290 0.06111 -0.03064
v -0.04861 0.04279 -0.02963
v -0.04502 0.04508 -0.03211
v -0.03910 0.02517 -0.03206
v -0.04095 0.01746 -0.03140
v -0.03512 0.00342 -0.03413
v -0.03975 0.00188 -0.03129
v -0.04339 0.05293 -0.03316
v -0.02911 -0.00969 -0.03586
v -0.03858 0.04433 -0.03136
v -0.03624 0.04760 -0.03224
v -0.02840 0.03008 -0.02853
v -0.03818 0.03575 -0.03104
v -0.03105 0.01254 -0.03143
v -0.02798 0.01794 -0.02680
v -0.02042 0.00561 -0.02456
v -0.01919 -0.01567 -0.02433
v -0.02450 -0.01182 -0.03268
v -0.02487 -0.00022 -0.02798
v -0.08478 0.19512 -0.02574
v -0.09039 0.19778 -0.02160
v -0.09318 0.19578 -0.02588
v -0.09874 0.19970 -0.02060
v -0.08268 0.19763 -0.02336
v -0.08110 0.19452 -0.02597
v -0.07953 0.16353 -0.02824
v -0.08290 0.16090 -0.03062
v -0.08545 0.15974 -0.02724
v -0.08700 0.15953 -0.03096
v -0.07670 0.16175 -0.03233
v -0.08008 0.16040 -0.03370
v -0.08516 0.16314 -0.02361
v 0.09854 0.20805 0.00341
v 0.09674 0.20177 0.00899
v 0.09886 0.19817 0.00848
v 0.09685 0.21325 0.00157
v 0.09600 0.18982 0.00901
v 0.07354 0.29035 0.06525
v 0.06161 0.30220 0.07089
v 0.06322 0.28362 0.08527
v 0.05041 0.29682 0.08822
v 0.06552 0.30639 0.05951
v 0.07685 0.27418 0.07214
v 0.06912 0.26544 0.08820
v 0.05388 0.27836 0.09783
v 0.04182 0.28719 0.10183
v 0.05333 0.31386 0.06637
v 0.03827 0.31346 0.08121
v 0.07759 0.29638 0.04821
v 0.05699 0.31879 0.05244
v 0.04368 0.32041 0.06740
v 0.03217 0.30708 0.09159
v 0.04343 0.26652 0.11110
v 0.03470 0.27955 0.11029
v 0.02579 0.29780 0.10254
v 0.05381 0.25501 0.10641
v 0.02223 0.28359 0.11315
v 0.03090 0.26353 0.11873
v 0.04089 0.25203 0.11652
v 0.06881 0.24872 0.09242
v 0.05782 0.24035 0.10499
v 0.08360 0.28145 0.05206
v 0.08157 0.25277 0.07275
v 0.08597 0.26437 0.05985
v 0.04454 0.23186 0.11526
v 0.06714 0.22507 0.09413
v 0.07676 0.22910 0.08131
v 0.05739 0.22362 0.10422
v 0.08405 0.23173 0.06849
v 0.08974 0.27124 0.04168
v 0.08783 0.24422 0.06017
v 0.09042 0.25611 0.05004
v 0.08596 0.28712 0.03492
v 0.06508 0.31643 0.03946
v 0.07729 0.30447 0.03072
v 0.08512 0.29254 0.02586
v 0.09211 0.27387 0.02122
v 0.07118 0.31528 0.01893
v 0.09496 0.25321 0.02653
v 0.08106 0.30201 0.01381
v 0.09372 0.23945 0.03809
v 0.09159 0.27837 0.00838
v 0.08996 0.22390 0.04987
v 0.08280 0.21512 0.06581
v 0.07294 0.20940 0.08134
v 0.09293 0.21848 0.03535
v 0.09581 0.25406 0.01088
v 0.09467 0.26514 0.00087
v 0.08538 0.29401 -0.00080
v 0.08702 0.20308 0.04691
v 0.07454 0.31261 0.00194
v 0.06181 0.32492 0.02073
v 0.08988 0.28142 -0.01295
v 0.09582 0.23304 0.01378
v 0.09534 0.20984 0.01601
v 0.09290 0.19586 0.02153
v 0.09582 0.22573 -0.00582
v 0.09830 0.21851 -0.00806
v 0.09559 0.25228 -0.00463
v 0.09309 0.26736 -0.01728
v 0.07928 0.19874 0.06264
v 0.08473 0.18909 0.04043
v 0.08996 0.18093 0.01576
v 0.06214 0.20368 0.09244
v 0.07929 0.30382 -0.01573
v 0.08568 0.28231 -0.04019
v 0.07889 0.29442 -0.04649
v 0.06913 0.19212 0.07492
v 0.07044 0.31615 -0.01881
v 0.07646 0.18185 0.05150
v 0.04751 0.20915 0.10878
v 0.06106 0.32687 0.00316
v 0.04906 0.32972 0.03988
v 0.06780 0.31031 -0.04987
v 0.04826 0.33515 0.01967
v 0.04352 0.32671 0.05610
v 0.05986 0.32588 -0.02532
v 0.07230 0.29100 -0.07135
v 0.06197 0.30642 -0.07203
v 0.05477 0.32392 -0.05037
v 0.04935 0.33440 -0.02316
v 0.05330 0.31943 -0.06475
v 0.06242 0.29420 -0.08683
v 0.04014 0.34120 0.00117
v 0.04265 0.33605 -0.03586
v 0.04709 0.19532 0.10253
v 0.05524 0.18801 0.08988
v 0.03004 0.23109 0.12285
v 0.03188 0.21134 0.11911
v 0.02240 0.25219 0.12419
v 0.03537 0.19267 0.10908
v 0.01266 0.27397 0.12001
v 0.01894 0.21734 0.12556
v 0.01569 0.23371 0.12740
v 0.04196 0.17349 0.08907
v 0.01734 0.19597 0.11919
v 0.00127 0.26070 0.12552
v 0.00255 0.24903 0.12795
v 0.01553 0.18541 0.11376
v 0.02840 0.17368 0.09751
v 0.02969 0.15965 0.08400
v 0.00894 0.20809 0.12531
v 0.00487 0.22202 0.12809
v -0.00310 0.23346 0.12884
v 0.01201 0.17983 0.11018
v 0.00328 0.19368 0.12065
v -0.00528 0.20952 0.12608
v 0.00059 0.18372 0.11463
v 0.02116 0.16665 0.09170
v -0.01307 0.22256 0.12736
v -0.01007 0.19861 0.12205
v 0.00764 0.15907 -0.15739
v 0.01179 0.16280 -0.15852
v 0.00650 0.15932 -0.15209
v 0.00582 0.15723 -0.16603
v 0.01084 0.16136 -0.14992
v 0.01508 0.16258 -0.14779
v 0.01086 0.15941 -0.14554
v 0.00456 0.15381 -0.15746
v 0.00203 0.15269 -0.16216
v 0.00205 0.15014 -0.15300
v 0.00629 0.15282 -0.14895
v 0.00598 0.16064 -0.17095
v 0.01558 0.16782 -0.15435
v 0.01020 0.16611 -0.16682
v -0.00004 0.14324 -0.15014
v 0.01696 0.16666 -0.14309
v 0.00094 0.15740 -0.17111
v 0.00643 0.16541 -0.17244
v 0.00163 0.16264 -0.17465
v 0.01067 0.15092 -0.14610
v 0.02081 0.15412 -0.14183
v 0.01316 0.14193 -0.14773
v 0.00744 0.13358 -0.15099
v 0.08542 0.16632 -0.06013
v 0.08669 0.17390 -0.05102
v 0.08436 0.16167 -0.04310
v 0.08773 0.18286 -0.05474
v 0.08858 0.18175 -0.07351
v 0.08634 0.17321 -0.07079
v 0.08557 0.17489 -0.08751
v 0.08776 0.18393 -0.08831
v 0.07880 0.14679 -0.05458
v 0.07361 0.13107 -0.04884
v 0.09087 0.18274 -0.04267
v 0.08519 0.17895 -0.09389
v 0.07763 0.13451 -0.03755
v 0.07292 0.11847 -0.03984
v 0.07994 0.13613 -0.02785
v 0.07186 0.11052 -0.03359
v 0.06957 0.10383 -0.04425
v 0.06765 0.09378 -0.03666
v 0.06599 0.08693 -0.04188
v 0.06498 0.09024 -0.05323
v 0.08519 0.15217 -0.03211
v 0.06156 0.07550 -0.03490
v 0.06158 0.08028 -0.04990
v 0.05774 0.07959 -0.06637
v 0.05860 0.07101 -0.03991
v 0.05684 0.05796 -0.03103
v 0.05672 0.05741 -0.01891
v 0.05445 0.03734 -0.02405
v 0.05671 0.04112 -0.01060
v 0.05068 0.00840 -0.02375
v 0.08464 0.14787 -0.02782
v 0.05785 0.07174 -0.01438
v 0.05883 0.07725 -0.02363
v 0.06085 0.09173 -0.01957
v 0.06187 0.09518 -0.02494
v 0.06411 0.10957 -0.02259
v 0.06193 0.08338 -0.00868
v 0.08824 0.18974 -0.08054
v 0.06473 0.10084 -0.01492
v 0.06254 0.08304 -0.03114
v 0.07488 0.14769 -0.06485
v 0.06024 0.06719 -0.00530
v 0.06234 0.07029 0.00151
v 0.06436 0.09113 -0.00087
v 0.06798 0.10018 -0.00691
v 0.06909 0.10491 -0.00345
v 0.07066 0.11052 -0.00632
v 0.06756 0.10804 -0.01441
v 0.06146 0.07781 0.00703
v 0.05229 0.04089 -0.03188
v 0.06407 0.05119 0.00989
v 0.06276 0.05347 0.00232
v 0.07964 0.17123 -0.10007
v 0.07870 0.16445 -0.09435
v 0.08005 0.16642 -0.08154
v 0.05565 0.07384 -0.05881
v 0.05041 0.06971 -0.07792
v 0.07508 0.15700 -0.07339
v 0.06678 0.11662 -0.05231
v 0.05581 0.08484 -0.07302
v 0.05085 0.08220 -0.08657
v 0.04660 0.06644 -0.09445
v 0.04801 0.08572 -0.10288
v 0.04395 0.07386 -0.10936
v 0.04690 0.09098 -0.11415
v 0.04003 0.05859 -0.10914
v 0.03972 0.05550 -0.10187
v 0.04931 0.10378 -0.10368
v 0.04780 0.10348 -0.11667
v 0.04318 0.07954 -0.11568
v 0.03566 0.05949 -0.11993
v 0.04322 0.05971 -0.08603
v 0.05244 0.10577 -0.08453
v 0.05374 0.09973 -0.07319
v 0.08722 0.16119 -0.03622
v 0.09027 0.17335 -0.04002
v 0.08778 0.15456 -0.02883
v 0.08655 0.15246 -0.02414
v 0.07128 0.15775 -0.10363
v 0.03358 0.05117 -0.11501
v 0.06426 0.12378 -0.05848
v 0.05389 0.11214 -0.07337
v 0.05535 0.12641 -0.08763
v 0.05852 0.12372 -0.06762
v 0.06249 0.13906 -0.07684
v 0.05993 0.14074 -0.09224
v 0.05641 0.11363 -0.06492
v 0.06357 0.13579 -0.06829
v 0.05350 0.13130 -0.09997
v 0.04927 0.12077 -0.10259
v 0.05088 0.13281 -0.10781
v 0.05967 0.14479 -0.10913
v 0.07028 0.15456 -0.08201
v 0.06690 0.11561 -0.01749
v 0.06784 0.12615 -0.01995
v 0.06954 0.13132 -0.01554
v 0.07058 0.12893 -0.00898
v 0.07471 0.14438 -0.00532
v 0.07637 0.14913 -0.00865
v 0.07020 0.12816 -0.00002
v 0.07825 0.15598 0.00643
v 0.06985 0.11648 -0.00875
v 0.04679 0.11833 -0.11528
v 0.06518 0.10334 -0.05476
v 0.05450 0.06000 -0.03622
v 0.07541 0.14382 -0.01545
v 0.06676 0.15061 -0.09852
v 0.05925 0.02177 -0.00486
v 0.05356 0.00312 -0.01603
v 0.04555 0.13220 -0.11521
v 0.08532 0.18630 -0.09366
v 0.08356 0.16354 -0.00047
v 0.08413 0.16570 0.00575
v 0.09148 0.17817 0.00659
v 0.04244 0.12836 -0.12517
v 0.04389 0.13867 -0.11850
v 0.04366 0.11394 -0.12477
v 0.04701 0.01752 -0.03239
v 0.04298 -0.00297 -0.03469
v 0.04455 0.09554 -0.11917
v 0.06465 0.03446 0.00344
v 0.06788 0.03508 0.01228
v 0.08663 0.19231 -0.05354
v 0.09137 0.20186 -0.03966
v 0.06138 0.15280 -0.11430
v 0.05486 0.14206 -0.11412
v 0.02710 0.04950 -0.12350
v 0.03891 0.13041 -0.13183
v 0.08653 0.19257 -0.08735
v 0.06699 0.16323 -0.11216
v 0.05004 0.06213 -0.04267
v 0.04988 0.06732 -0.05409
v 0.02848 0.05773 -0.12837
v 0.07063 0.14329 0.01071
v 0.08725 0.18982 -0.06596
v 0.08098 0.16805 0.02409
v 0.06606 0.11574 -0.02368
v 0.04620 0.06516 -0.06688
v 0.08996 0.18093 0.01576
v 0.09600 0.18982 0.00901
v 0.05909 0.10442 -0.06260
v 0.03288 0.06669 -0.12460
v 0.02169 0.05146 -0.13168
v 0.08385 0.20369 -0.05442
v 0.08915 0.21687 -0.03960
v 0.08358 0.21854 -0.05600
v 0.09131 0.23042 -0.03408
v 0.08366 0.22877 -0.06380
v 0.08100 0.21918 -0.07150
v 0.08649 0.24337 -0.05940
v 0.08074 0.23245 -0.08446
v 0.08228 0.20469 -0.06387
v 0.09160 0.25545 -0.03708
v 0.09418 0.24481 -0.02193
v 0.09582 0.22573 -0.00582
v 0.09478 0.21932 -0.02028
v 0.09559 0.25228 -0.00463
v 0.08089 0.21329 -0.07897
v 0.08223 0.25756 -0.07271
v 0.08489 0.26833 -0.05969
v 0.09309 0.26736 -0.01728
v 0.08122 0.21732 -0.09529
v 0.07852 0.24588 -0.08801
v 0.07975 0.22523 -0.10804
v 0.08010 0.21741 -0.10859
v 0.07925 0.21015 -0.10426
v 0.08198 0.20653 -0.09191
v 0.07896 0.20138 -0.09833
v 0.07676 0.22112 -0.11784
v 0.07811 0.23591 -0.09725
v 0.08959 0.27206 -0.03553
v 0.08407 0.20210 -0.07872
v 0.09311 0.21248 -0.03074
v 0.07414 0.23134 -0.12077
v 0.07450 0.25791 -0.09293
v 0.07683 0.27254 -0.07877
v 0.07227 0.21804 -0.12167
v 0.08307 0.19614 -0.09282
v 0.08988 0.28142 -0.01295
v 0.08568 0.28231 -0.04019
v 0.06858 0.25112 -0.11110
v 0.03709 0.14070 -0.13046
v 0.06790 0.22792 -0.13002
v 0.07939 0.28166 -0.06435
v 0.07401 0.23968 -0.11032
v 0.08132 0.14569 -0.02129
v 0.08657 0.15280 -0.02062
v 0.08473 0.18909 0.04043
v 0.04948 0.05241 -0.03676
v 0.07331 0.20795 -0.10937
v 0.03447 0.12741 -0.13622
v 0.06206 0.22246 -0.13375
v 0.07889 0.29442 -0.04649
v 0.09830 0.21851 -0.00806
v 0.09630 0.21720 -0.01775
v 0.07646 0.18185 0.05150
v 0.06823 0.11405 -0.00028
v 0.07230 0.29100 -0.07135
v 0.03131 0.14385 -0.13701
v 0.06261 0.26501 -0.10896
v 0.06608 0.28135 -0.09333
v 0.06883 0.23810 -0.12472
v 0.06298 0.23593 -0.13282
v 0.07040 0.15068 0.02296
v 0.07311 0.16512 0.03810
v 0.06515 0.10175 -0.02803
v 0.06550 0.12608 0.00773
v 0.03848 0.11822 -0.13025
v 0.03044 0.12376 -0.13870
v 0.03274 0.14970 -0.12945
v 0.03786 0.14782 -0.12429
v 0.05142 0.14612 -0.11902
v 0.05364 0.15788 -0.12277
v 0.05900 0.22958 -0.13731
v 0.06030 0.13642 0.02221
v 0.06242 0.29420 -0.08683
v 0.06240 0.16938 0.06351
v 0.05808 0.15205 0.05391
v 0.06149 0.14641 0.03482
v 0.05905 0.14328 0.04290
v 0.05626 0.13155 0.03415
v 0.05628 0.12469 0.04530
v 0.05164 0.12391 0.02377
v 0.05120 0.12150 0.02664
v 0.04858 0.10879 0.02341
v 0.05546 0.11252 0.04083
v 0.05311 0.10086 0.04820
v 0.05361 0.09742 0.04075
v 0.05409 0.08490 0.04628
v 0.05300 0.08065 0.03923
v 0.05698 0.06495 0.04927
v 0.05677 0.13971 0.05097
v 0.05846 0.05611 0.04614
v 0.06234 0.05298 0.05444
v 0.05118 0.08884 0.05428
v 0.05306 0.07169 0.05692
v 0.05238 0.11617 0.05187
v 0.04985 0.13177 0.05893
v 0.05063 0.15284 0.06656
v 0.05637 0.06048 0.06084
v 0.06697 0.04161 0.05319
v 0.05765 0.09043 0.01253
v 0.06167 0.10062 0.00600
v 0.05908 0.06555 0.01523
v 0.06109 0.05002 0.01886
v 0.06574 0.02916 0.02483
v 0.04730 0.10981 0.05795
v 0.06913 0.19212 0.07492
v 0.05602 0.12456 0.01756
v 0.05756 0.11512 0.01358
v 0.05257 0.10341 0.01791
v 0.05482 0.17277 0.07705
v 0.04708 0.09400 0.02513
v 0.05524 0.18801 0.08988
v 0.06214 0.20368 0.09244
v 0.07102 0.04163 0.05904
v 0.05030 0.08139 0.02135
v 0.04708 0.08127 0.02852
v 0.04774 0.06564 0.02858
v 0.07105 0.02242 0.02028
v 0.06876 0.01916 0.03068
v 0.06495 0.04826 0.06371
v 0.02653 0.15915 -0.13076
v 0.02195 0.15882 -0.13760
v 0.06206 0.21735 -0.12963
v 0.02199 0.05794 -0.13325
v 0.04054 0.10196 -0.12221
v 0.02352 0.13605 -0.14392
v 0.02066 0.12956 -0.14604
v 0.03844 0.08132 -0.11892
v 0.01978 0.06916 -0.13328
v 0.02973 0.07765 -0.12535
v 0.01661 0.08008 -0.13622
v 0.02733 0.08380 -0.12717
v 0.03484 0.09016 -0.11991
v 0.01417 0.05243 -0.13634
v 0.02099 0.12474 -0.14431
v 0.04538 0.22155 -0.14246
v 0.04269 0.21722 -0.14037
v 0.01144 0.04746 -0.13429
v 0.04196 0.17349 0.08907
v 0.03762 0.15139 0.07590
v 0.00715 0.07559 -0.13943
v 0.02527 0.12110 -0.13802
v 0.02665 0.21268 -0.14346
v 0.02795 0.21806 -0.14693
v 0.00909 0.06870 -0.13732
v 0.03284 0.11967 -0.13353
v 0.00686 0.05898 -0.13908
v 0.00914 0.08191 -0.13905
v 0.00435 0.05039 -0.13825
v 0.03844 0.09140 -0.11954
v 0.00870 0.12768 -0.14848
v 0.00955 0.12218 -0.14440
v -0.00180 0.06533 -0.13924
v 0.09561 0.14943 -0.01267
v 0.09169 0.15006 -0.01187
v 0.09087 0.14989 -0.01880
v 0.09557 0.15126 -0.02343
v 0.08975 0.15158 -0.02528
v 0.09194 0.15513 -0.03065
v 0.09601 0.15590 -0.03041
v 0.08778 0.15456 -0.02883
v 0.08722 0.16119 -0.03622
v 0.09443 0.15451 -0.00391
v 0.09725 0.15250 -0.00618
v 0.08657 0.15280 -0.02062
v 0.08655 0.15246 -0.02414
v -0.08752 0.15697 -0.02366
v -0.09071 0.15629 -0.02302
v -0.09380 0.15479 -0.01657
v -0.08863 0.15655 -0.01825
v -0.08832 0.15913 -0.01490
v -0.09493 0.15943 -0.00760
v -0.08361 0.16315 -0.01779
v -0.08843 0.16753 -0.01422
v -0.08630 0.16456 -0.01621
v -0.09082 0.16208 -0.01711
v -0.08501 0.16375 -0.01916
v -0.09559 0.15894 -0.01328
v -0.09786 0.16662 -0.00589
v -0.09351 0.15821 -0.02308
v -0.09017 0.15992 -0.02370
v -0.08714 0.16482 -0.02111
v -0.08841 0.16124 -0.02615
v -0.08714 0.15611 -0.02789
v -0.08564 0.15410 -0.02231
v -0.08752 0.15697 -0.02366
v -0.08863 0.15655 -0.01825
v -0.08501 0.16375 -0.01916
v -0.09082 0.16208 -0.01711
v -0.08714 0.16482 -0.02111
v -0.08610 0.15960 -0.01265
v -0.08832 0.15913 -0.01490
v -0.08990 0.16174 -0.01126
v -0.08386 0.17149 -0.02401
v -0.08733 0.17168 -0.02269
v -0.08724 0.16847 -0.02490
v -0.08435 0.17217 -0.02120
v -0.08122 0.17216 -0.02535
v -0.08471 0.17169 -0.02687
v -0.07994 0.17385 -0.02973
v -0.08752 0.15697 -0.02366
v -0.09017 0.15992 -0.02370
v -0.09071 0.15629 -0.02302
v -0.09351 0.15821 -0.02308
v -0.07823 0.15825 -0.03277
v -0.08008 0.16040 -0.03370
v -0.07670 0.16175 -0.03233
v -0.07896 0.15621 -0.03563
v -0.08386 0.17149 -0.02401
v -0.08475 0.17419 -0.02348
v -0.08435 0.17217 -0.02120
v -0.08122 0.17216 -0.02535
v 0.00031 0.16476 0.08814
v 0.00114 0.17481 0.10506
v -0.01343 0.16978 0.09663
v 0.02116 0.16665 0.09170
v 0.01350 0.16043 0.08227
v 0.00684 0.15574 0.07368
v -0.00385 0.15475 0.07260
v -0.01746 0.16190 0.08558
v -0.01254 0.17903 0.10916
v 0.01201 0.17983 0.11018
v -0.02473 0.17193 0.09755
v 0.00059 0.18372 0.11463
v -0.00935 0.18953 0.11779
v 0.00328 0.19368 0.12065
v -0.01007 0.19861 0.12205
v 0.04871 0.12842 0.02185
v 0.04686 0.12269 0.02740
v 0.05350 0.13906 0.02850
v 0.05273 0.13521 0.03829
v 0.04533 0.11853 0.02138
v 0.04314 0.11079 0.02414
v 0.05646 0.15171 0.04361
v 0.05233 0.13481 0.04778
v 0.05033 0.10924 0.04348
v -0.00310 0.23346 0.12884
v -0.01708 0.23693 0.12723
v -0.01307 0.22256 0.12736
v 0.00744 0.13358 -0.15099
v -0.00964 0.13370 -0.15061
v -0.00004 0.14324 -0.15014
v -0.00537 0.12723 -0.14861
v 0.00870 0.12768 -0.14848
v -0.01960 0.12378 -0.14403
v -0.00492 0.12166 -0.14427
v 0.00955 0.12218 -0.14440
v 0.12525 0.00179 0.06272
v 0.12002 0.00656 0.06674
v 0.09629 0.01720 0.06248
v -0.00528 0.20952 0.12608
v -0.01307 0.22256 0.12736
v -0.01658 0.21290 0.12515
v -0.00180 0.06533 -0.13924
v -0.00459 0.07528 -0.13999
v 0.00715 0.07559 -0.13943
v -0.00000 0.07975 -0.14074
v 0.00686 0.05898 -0.13908
v -0.00180 0.06533 -0.13924
v 0.00909 0.06870 -0.13732
v -0.00377 0.05526 -0.13956
v 0.00435 0.05039 -0.13825
v 0.07042 0.00255 0.04603
v 0.06619 0.00879 0.05019
v 0.08124 -0.00414 0.04978
v 0.05943 0.01392 0.04542
v 0.05696 0.01858 0.04836
v 0.04637 0.03318 0.03737
v 0.04232 0.04730 0.03563
v 0.04326 0.05145 0.02991
v 0.04233 0.06124 0.03174
v 0.04454 0.03929 0.04166
v 0.04758 0.02602 0.04395
v 0.05199 0.01688 0.04295
v 0.05166 0.01769 0.04917
v 0.05510 0.01101 0.04714
v 0.04167 0.06320 0.02817
v 0.06713 -0.00187 0.04731
v 0.06025 0.00758 0.05151
v 0.05510 0.01101 0.04714
v 0.04079 0.08111 0.02618
v 0.04174 0.09183 0.02750
v 0.04269 0.10257 0.02252
v 0.04314 0.11079 0.02414
v 0.04054 0.10196 -0.12221
v 0.03575 0.11417 -0.12711
v 0.03848 0.11822 -0.13025
v 0.03284 0.11967 -0.13353
v -0.04103 0.09889 -0.11394
v -0.04009 0.10333 -0.10935
v -0.04145 0.10669 -0.11704
v 0.03882 0.09158 -0.11490
v 0.03363 0.08767 -0.11514
v 0.03455 0.08098 -0.11576
v -0.10128 0.21401 -0.01619
v -0.10213 0.21431 -0.00887
v -0.10554 0.21229 -0.00602
v -0.08714 0.15611 -0.02789
v -0.09017 0.15992 -0.02370
v -0.08752 0.15697 -0.02366
v 0.10176 -0.00338 0.13201
v 0.11659 -0.00092 0.11664
v 0.09995 0.00825 0.11542
v 0.12177 0.00155 0.10155
v 0.10530 0.01221 0.09193
v 0.07448 0.02452 0.10087
v 0.08679 0.02278 0.09145
v 0.06443 0.03553 0.08699
v 0.07713 0.03243 0.07546
v 0.06466 0.04007 0.07433
v 0.05291 0.04457 0.08206
v 0.05821 0.04796 0.06495
v 0.10122 0.01776 0.07794
v 0.12477 0.00323 0.08660
v 0.08216 0.01625 0.11509
v 0.06371 0.04316 0.05996
v 0.08810 0.00662 0.12432
v 0.12137 0.00658 0.07492
v 0.13931 -0.00133 0.07023
v 0.07958 0.03101 0.06488
v 0.10538 0.01481 0.06710
v 0.12002 0.00656 0.06674
v 0.07583 0.00181 0.03541
v 0.07238 -0.00382 0.04294
v 0.06049 0.00963 0.03959
v 0.06269 0.01939 0.02872
v 0.06713 -0.00187 0.04731
v 0.05359 0.02732 0.03280
v 0.06248 0.03595 0.01459
v 0.05199 0.01688 0.04295
v 0.05510 0.01101 0.04714
v 0.04637 0.03318 0.03737
v 0.04747 0.04658 0.02784
v 0.05739 0.04625 0.01748
v 0.04326 0.05145 0.02991
v 0.05052 0.06084 0.02003
v 0.04490 0.07685 0.02125
v 0.05320 0.08058 0.01212
v 0.04167 0.06320 0.02817
v 0.06732 0.01936 0.02073
v 0.07055 0.01127 0.02864
v 0.08289 -0.00086 0.03034
v 0.03489 0.16418 0.07901
v 0.02601 0.15474 0.07578
v 0.01996 0.16385 0.08142
v 0.03346 0.15096 0.07270
v 0.02662 0.13587 0.06929
v 0.03880 0.13708 0.06413
v 0.04446 0.16104 0.07063
v 0.03166 0.12266 0.06599
v 0.02476 0.12173 0.06736
v 0.04149 0.11778 0.05730
v 0.04729 0.13792 0.05665
v 0.04990 0.15327 0.05939
v 0.04871 0.11712 0.04925
v 0.05562 0.17047 0.06570
v 0.03023 0.10891 0.06668
v 0.03652 0.10213 0.06276
v 0.02761 0.08470 0.07138
v 0.04428 0.10006 0.05549
v 0.03912 0.08227 0.06519
v 0.03182 0.07668 0.07242
v 0.04460 0.07759 0.06027
v 0.03724 0.06723 0.07297
v 0.02652 0.10370 0.06833
v 0.03061 0.06628 0.07660
v 0.04384 0.06536 0.06812
v 0.03580 0.05642 0.07907
v 0.04356 0.05297 0.07900
v 0.04984 0.05283 0.07316
v 0.03039 0.05009 0.08282
v 0.05311 0.05696 0.05970
v 0.04883 0.06633 0.05915
v 0.05065 0.07231 0.04714
v 0.05549 0.05483 0.05171
v 0.05821 0.04796 0.06495
v 0.05291 0.04457 0.08206
v 0.03382 0.17890 0.09258
v 0.06371 0.04316 0.05996
v 0.02135 0.17247 0.09161
v 0.06466 0.04007 0.07433
v 0.05233 0.13481 0.04778
v 0.05646 0.15171 0.04361
v 0.05033 0.10924 0.04348
v 0.04800 0.09429 0.04961
v 0.04919 0.08724 0.04483
v 0.05773 0.16347 0.05475
v 0.06396 0.15483 0.03000
v 0.06810 0.18020 0.05455
v 0.06915 0.20171 0.07309
v 0.07901 0.19727 0.04948
v 0.07629 0.21228 0.06738
v 0.08206 0.21110 0.05326
v 0.08761 0.20392 0.02895
v 0.08558 0.19137 0.02559
v 0.08073 0.22554 0.06302
v 0.08651 0.21907 0.04314
v 0.07471 0.22797 0.07597
v 0.09190 0.19946 0.00898
v 0.07541 0.17772 0.03696
v 0.07216 0.16172 0.02260
v 0.08306 0.18030 0.02031
v 0.09130 0.19044 0.00735
v 0.09395 0.20029 0.00500
v 0.08656 0.23937 0.04827
v 0.06531 0.21732 0.08699
v 0.07728 0.24364 0.07222
v 0.08311 0.25453 0.05804
v 0.08248 0.17228 0.00604
v 0.08862 0.17949 0.00227
v 0.05724 0.20386 0.09101
v 0.07048 0.15000 0.00547
v 0.06564 0.14228 0.00873
v 0.06631 0.13193 -0.00158
v 0.06312 0.12996 0.00465
v 0.06506 0.11895 -0.00387
v 0.06216 0.11371 0.00060
v 0.06500 0.10856 -0.00664
v 0.05990 0.09653 0.00000
v 0.06109 0.09462 -0.00435
v 0.05687 0.08444 0.00491
v 0.05737 0.07713 -0.00223
v 0.06784 0.13765 -0.00833
v 0.07252 0.15208 -0.00409
v 0.06532 0.12224 -0.00888
v 0.07856 0.16244 -0.00597
v 0.06747 0.13812 -0.01880
v 0.06313 0.12582 -0.01694
v 0.06158 0.12222 -0.02251
v 0.08415 0.16874 -0.00559
v 0.05350 0.13906 0.02850
v 0.05644 0.13540 0.01666
v 0.07497 0.14920 -0.01805
v 0.04871 0.12842 0.02185
v 0.06742 0.23200 0.08741
v 0.05360 0.18427 0.08025
v 0.05367 0.12432 0.01333
v 0.04533 0.11853 0.02138
v 0.05797 0.06294 0.00667
v 0.05242 0.10157 0.01106
v 0.05320 0.08058 0.01212
v 0.07014 0.25171 0.08271
v 0.05657 0.06201 0.01165
v 0.05739 0.04625 0.01748
v 0.05807 0.22711 0.09796
v 0.05360 0.21418 0.09922
v 0.04675 0.11224 0.01824
v 0.04269 0.10257 0.02252
v 0.04314 0.11079 0.02414
v 0.09521 0.19255 0.00436
v 0.08189 0.15729 -0.01799
v 0.07973 0.14992 -0.02878
v 0.07554 0.13809 -0.02906
v 0.07246 0.13364 -0.02703
v 0.06827 0.11403 -0.03578
v 0.06556 0.11854 -0.02866
v 0.06253 0.09591 -0.03576
v 0.05894 0.10159 -0.02730
v 0.05524 0.07981 -0.02619
v 0.07429 0.27003 0.06954
v 0.04613 0.19462 0.09596
v 0.05805 0.24021 0.09847
v 0.04490 0.07685 0.02125
v 0.04079 0.08111 0.02618
v 0.04167 0.06320 0.02817
v 0.09333 0.20666 0.00335
v 0.05052 0.06084 0.02003
v 0.04172 0.20575 0.10568
v 0.05792 0.25580 0.09626
v 0.04688 0.22498 0.10728
v 0.06344 0.27106 0.08467
v 0.06248 0.03595 0.01459
v 0.04458 0.24202 0.10945
v 0.03461 0.21792 0.11409
v 0.02905 0.18998 0.10492
v 0.04337 0.25694 0.10825
v 0.06344 0.28921 0.07283
v 0.07177 0.28717 0.06119
v 0.02738 0.20078 0.11220
v 0.03071 0.23535 0.11796
v 0.04820 0.27081 0.09977
v 0.04859 0.28398 0.09267
v 0.05400 0.29267 0.08096
v 0.02893 0.25092 0.11738
v 0.02418 0.22459 0.11991
v 0.06097 0.30044 0.06377
v 0.07714 0.28916 0.04561
v 0.06737 0.30286 0.04811
v 0.01748 0.21263 0.11992
v 0.01629 0.18093 0.10363
v 0.03740 0.27814 0.10373
v 0.00852 0.19377 0.11485
v 0.00819 0.18529 0.10968
v 0.02371 0.26212 0.11664
v 0.01879 0.23778 0.12201
v 0.02394 0.27556 0.11143
v 0.04725 0.30977 0.06931
v 0.05060 0.31735 0.05300
v 0.03326 0.29173 0.09751
v 0.03628 0.30843 0.08054
v 0.00525 0.20637 0.12023
v 0.00640 0.22434 0.12365
v 0.01029 0.25146 0.12210
v 0.00185 0.23610 0.12425
v 0.01368 0.28924 0.10655
v 0.02117 0.30218 0.09449
v 0.03605 0.32442 0.05694
v 0.04333 0.32850 0.03724
v 0.02400 0.32361 0.06772
v 0.02029 0.31436 0.08244
v 0.00781 0.27351 0.11596
v -0.00436 0.24747 0.12349
v 0.00612 0.29899 0.10047
v -0.00188 0.28322 0.11148
v 0.00465 0.31200 0.08858
v 0.01070 0.32483 0.07085
v 0.02029 0.31436 0.08244
v 0.00465 0.31200 0.08858
v 0.01070 0.32483 0.07085
v 0.08282 0.18401 -0.05475
v 0.08519 0.17542 -0.03999
v 0.08459 0.18617 -0.04659
v 0.08022 0.19916 -0.05360
v 0.08190 0.19194 -0.06845
v 0.08388 0.18201 -0.06961
v 0.08268 0.19012 -0.08531
v 0.07971 0.20123 -0.08386
v 0.07670 0.20845 -0.07020
v 0.07644 0.21807 -0.08880
v 0.07736 0.21381 -0.06038
v 0.08305 0.18218 -0.08612
v 0.07661 0.22797 -0.07895
v 0.07558 0.22644 -0.09879
v 0.07373 0.24051 -0.09056
v 0.07657 0.21861 -0.10188
v 0.07543 0.22461 -0.10813
v 0.07073 0.24105 -0.10219
v 0.07639 0.20607 -0.09512
v 0.07346 0.25763 -0.08310
v 0.07937 0.24221 -0.06932
v 0.07923 0.22945 -0.06234
v 0.08233 0.20825 -0.04502
v 0.08177 0.17240 -0.05485
v 0.08150 0.17056 -0.04478
v 0.08068 0.26305 -0.05991
v 0.08467 0.24178 -0.04682
v 0.08705 0.25943 -0.03470
v 0.08901 0.24374 -0.02563
v 0.09026 0.25933 -0.00891
v 0.09131 0.24169 0.00278
v 0.09056 0.22431 -0.01436
v 0.08394 0.22398 -0.04142
v 0.08805 0.21492 -0.02893
v 0.09143 0.22067 0.00639
v 0.08276 0.27311 -0.04382
v 0.07655 0.19876 -0.09314
v 0.09019 0.26370 0.00827
v 0.08521 0.27799 -0.02100
v 0.09013 0.25313 0.02851
v 0.09068 0.23539 0.02556
v 0.08600 0.28043 0.00361
v 0.09033 0.21298 0.01990
v 0.08892 0.26556 0.02584
v 0.09345 0.20876 -0.01623
v 0.09374 0.21124 -0.00566
v 0.08267 0.17568 -0.06936
v 0.07389 0.27595 -0.07089
v 0.07689 0.28285 -0.05463
v 0.08678 0.19349 -0.03995
v 0.07996 0.28673 -0.03511
v 0.09155 0.20638 -0.02554
v 0.09341 0.20411 -0.01952
v 0.08918 0.18181 -0.03754
v 0.09333 0.20666 0.00335
v 0.08871 0.20566 -0.03354
v 0.08760 0.25981 0.04149
v 0.08088 0.29263 -0.00723
v 0.07899 0.16001 -0.05505
v 0.07847 0.15520 -0.03892
v 0.07996 0.15986 -0.03496
v 0.08018 0.15688 -0.03414
v 0.07973 0.14992 -0.02878
v 0.08084 0.15623 -0.02902
v 0.08175 0.15877 -0.02249
v 0.08189 0.15729 -0.01799
v 0.07415 0.14011 -0.03865
v 0.08656 0.23937 0.04827
v 0.08651 0.21907 0.04314
v 0.09190 0.19946 0.00898
v 0.08761 0.20392 0.02895
v 0.07554 0.13809 -0.02906
v 0.06887 0.12421 -0.04076
v 0.07119 0.13960 -0.05166
v 0.07690 0.16029 -0.06484
v 0.06827 0.11403 -0.03578
v 0.06324 0.09908 -0.04764
v 0.06232 0.09127 -0.04540
v 0.05367 0.08219 -0.06568
v 0.05544 0.09183 -0.06359
v 0.04735 0.07988 -0.08060
v 0.07891 0.17120 -0.07438
v 0.07809 0.17099 -0.08901
v 0.07952 0.17582 -0.09274
v 0.06253 0.09591 -0.03576
v 0.05938 0.08293 -0.03702
v 0.05019 0.07554 -0.06813
v 0.04188 0.06497 -0.08651
v 0.04226 0.07212 -0.09777
v 0.04368 0.08821 -0.10174
v 0.04075 0.08392 -0.11230
v 0.04322 0.09993 -0.11369
v 0.04378 0.10683 -0.10904
v 0.04762 0.11233 -0.09022
v 0.04748 0.09564 -0.08205
v 0.04931 0.11407 -0.07531
v 0.05015 0.10907 -0.06700
v 0.04006 0.06366 -0.09874
v 0.04201 0.09468 -0.11476
v 0.05282 0.12811 -0.07879
v 0.04726 0.12288 -0.09631
v 0.04978 0.13471 -0.09987
v 0.04367 0.11687 -0.10482
v 0.05576 0.12347 -0.06155
v 0.05192 0.09801 -0.06739
v 0.03593 0.06740 -0.11300
v 0.03345 0.05739 -0.11073
v 0.06005 0.14028 -0.06852
v 0.05713 0.14271 -0.08321
v 0.04190 0.11489 -0.11879
v 0.04072 0.11166 -0.12011
v 0.04266 0.13033 -0.10919
v 0.04020 0.12800 -0.11819
v 0.03018 0.05826 -0.11936
v 0.08336 0.16359 -0.03458
v 0.06255 0.12084 -0.05133
v 0.06031 0.11065 -0.05264
v 0.03306 0.06803 -0.11827
v 0.06986 0.16377 -0.10177
v 0.06293 0.15244 -0.08277
v 0.05681 0.14536 -0.09662
v 0.03664 0.12877 -0.12657
v 0.04407 0.13914 -0.11194
v 0.07837 0.18522 -0.09439
v 0.05694 0.14697 -0.10497
v 0.07010 0.15902 -0.07387
v 0.06584 0.14064 -0.06172
v 0.03839 0.11955 -0.12456
v 0.03526 0.13845 -0.12501
v 0.06580 0.15653 -0.09695
v 0.07122 0.16321 -0.08509
v 0.03460 0.14521 -0.12003
v 0.08502 0.16086 -0.01628
v 0.08510 0.16688 -0.01623
v 0.04112 0.10302 -0.11684
v 0.05956 0.15633 -0.11088
v 0.05272 0.14595 -0.11211
v 0.05524 0.07981 -0.02619
v 0.05327 0.06607 -0.03311
v 0.05180 0.05315 -0.02227
v 0.05070 0.04969 -0.02869
v 0.04953 0.03213 -0.02105
v 0.05221 0.04921 -0.01075
v 0.05225 0.03393 -0.00809
v 0.04725 0.01467 -0.02127
v 0.05342 0.06975 -0.01298
v 0.05679 0.06106 -0.00023
v 0.05737 0.07713 -0.00223
v 0.05866 0.09385 -0.01207
v 0.05752 0.09980 -0.02095
v 0.06109 0.09462 -0.00435
v 0.05797 0.06294 0.00667
v 0.06283 0.11376 -0.01499
v 0.06500 0.10856 -0.00664
v 0.06532 0.12224 -0.00888
v 0.06313 0.12582 -0.01694
v 0.06158 0.12222 -0.02251
v 0.06784 0.13765 -0.00833
v 0.04708 0.04085 -0.03050
v 0.05061 0.01106 -0.01067
v 0.04481 -0.00255 -0.02376
v 0.05891 0.04913 0.00507
v 0.06248 0.03595 0.01459
v 0.04264 0.01215 -0.02952
v 0.05894 0.10159 -0.02730
v 0.04766 -0.01087 -0.01786
v 0.06223 0.03131 0.00773
v 0.03916 -0.01512 -0.03243
v 0.05701 0.02820 0.00044
v 0.05528 0.01039 -0.00331
v 0.06786 0.01889 0.01522
v 0.06562 0.01082 0.00768
v 0.07260 0.17379 -0.10185
v 0.08311 0.25453 0.05804
v 0.06550 0.26130 -0.09860
v 0.06238 0.27842 -0.09201
v 0.08314 0.28338 0.02913
v 0.07015 0.23446 -0.11374
v 0.07150 0.22488 -0.11774
v 0.06688 0.23310 -0.12227
v 0.03140 0.12794 -0.13306
v 0.09251 0.18134 -0.03351
v 0.09146 0.19670 -0.03339
v 0.09281 0.17073 -0.03229
v 0.06505 0.22573 -0.12616
v 0.06143 0.24881 -0.11541
v 0.05749 -0.00891 -0.00512
v 0.02868 0.13958 -0.13411
v 0.04819 0.05791 -0.03322
v 0.08228 0.27345 0.04826
v 0.06831 0.28763 -0.07212
v 0.07946 0.29565 0.01086
v 0.07491 0.30048 -0.02342
v 0.07714 0.28916 0.04561
v 0.06790 0.30127 -0.05158
v 0.05886 0.23263 -0.13106
v 0.05889 0.29066 -0.08658
v 0.07408 0.30458 -0.00782
v 0.07402 0.00488 0.01553
v 0.07573 -0.00892 0.01098
v 0.02477 0.15187 -0.13093
v 0.02785 0.15483 -0.12370
v 0.07429 0.27003 0.06954
v 0.06013 0.30354 -0.06772
v 0.07216 0.30415 0.02958
v 0.05269 0.27506 -0.10634
v 0.06288 0.31285 -0.03952
v 0.07177 0.28717 0.06119
v 0.06967 0.31065 0.01196
v 0.06609 0.31493 -0.01405
v 0.06015 0.24034 -0.12559
v 0.01705 0.16238 -0.13215
v 0.05624 0.22560 -0.13302
v 0.01870 0.14974 -0.13894
v 0.01740 0.15811 -0.13538
v 0.03746 0.00686 -0.03283
v 0.04251 0.03311 -0.03178
v 0.05105 0.29239 -0.09495
v 0.09422 0.20270 -0.02745
v 0.04728 0.30752 -0.08165
v 0.09250 0.20215 -0.03135
v 0.09264 0.19935 -0.03007
v 0.05354 0.31405 -0.06193
v 0.06737 0.30286 0.04811
v 0.06049 0.32164 -0.00040
v 0.05849 0.32146 -0.02314
v 0.05077 0.26016 -0.11705
v 0.08701 0.16544 -0.00937
v 0.04821 0.22978 -0.13773
v 0.05209 0.32266 -0.04174
v 0.04006 0.28433 -0.11030
v 0.08014 0.16197 -0.03209
v 0.04282 0.32072 -0.06612
v 0.08588 0.20223 -0.02141
v 0.08417 0.19776 -0.01497
v 0.09138 0.19784 -0.01461
v 0.07779 0.19969 -0.01891
v 0.09341 0.20411 -0.01952
v 0.09618 0.19920 -0.01315
v 0.07939 0.19461 -0.01541
v 0.07435 0.16504 -0.02466
v 0.07019 0.17251 -0.02594
v 0.05969 0.16751 -0.03373
v 0.07725 0.18177 -0.01972
v 0.06448 0.16182 -0.03200
v 0.08510 0.16688 -0.01623
v 0.08428 0.18109 -0.01393
v 0.08175 0.15877 -0.02249
v 0.05571 0.16365 -0.03991
v 0.07607 0.15963 -0.02666
v 0.05518 0.16815 -0.03979
v 0.06259 0.17729 -0.03346
v 0.07415 0.18880 -0.02447
v 0.09028 0.16249 -0.01393
v 0.09460 0.16989 -0.00983
v 0.09541 0.16270 -0.01115
v 0.09748 0.17233 -0.00671
v 0.08914 0.18667 -0.01196
v 0.08502 0.16086 -0.01628
v 0.09585 0.18825 -0.01004
v 0.09688 0.16095 -0.00875
v 0.09478 0.15665 -0.01925
v 0.09485 0.15481 -0.01439
v 0.08911 0.16079 -0.01224
v 0.04684 0.20205 -0.05180
v 0.03638 0.20064 -0.05381
v 0.04269 0.19319 -0.05511
v 0.05068 0.19532 -0.05420
v 0.04077 0.20901 -0.05207
v 0.03204 0.19299 -0.05921
v 0.02896 0.20508 -0.05654
v 0.02413 0.19943 -0.06198
v 0.03820 0.18719 -0.06199
v 0.04961 0.18850 -0.05849
v 0.02500 0.18963 -0.06908
v 0.04523 0.18276 -0.06692
v 0.05647 0.19288 -0.05809
v 0.03251 0.21444 -0.05642
v 0.04898 0.21056 -0.05245
v 0.05509 0.20248 -0.05424
v 0.02457 0.20925 -0.06028
v 0.04153 0.21722 -0.05439
v 0.05123 0.21795 -0.05571
v 0.05840 0.18694 -0.06523
v 0.06111 0.19985 -0.05916
v 0.05335 0.18324 -0.06770
v 0.06220 0.19206 -0.06417
v 0.04641 0.22259 -0.05760
v 0.03644 0.22198 -0.05958
v 0.05303 0.22186 -0.05968
v 0.04833 0.22550 -0.06220
v 0.06997 0.22071 -0.11876
v 0.07462 0.21430 -0.10644
v 0.07150 0.22488 -0.11774
v 0.07543 0.22461 -0.10813
v 0.07657 0.21861 -0.10188
v 0.07639 0.20607 -0.09512
v 0.06505 0.22573 -0.12616
v 0.07294 0.20381 -0.09784
v 0.07655 0.19876 -0.09314
v 0.07248 0.19508 -0.09544
v 0.06329 0.21957 -0.12372
v 0.07029 0.21299 -0.10953
v 0.05624 0.22560 -0.13302
v 0.02884 0.21876 -0.14140
v 0.01575 0.21825 -0.14286
v 0.01576 0.20977 -0.13791
v 0.00920 0.21062 -0.13858
v 0.00559 0.21360 -0.13899
v 0.00366 0.20656 -0.13550
v 0.00818 0.20018 -0.13182
v -0.00039 0.20864 -0.13743
v 0.02613 0.22458 -0.14282
v 0.01330 0.20420 -0.13100
v 0.03753 0.22662 -0.14081
v 0.04376 0.22386 -0.13874
v 0.04570 0.22008 -0.13401
v 0.02823 0.21351 -0.13436
v 0.01472 0.20022 -0.12458
v 0.02170 0.20765 -0.12581
v 0.05506 0.21792 -0.12267
v 0.06451 0.21519 -0.11422
v 0.06751 0.20707 -0.09984
v 0.04202 0.21817 -0.12908
v 0.06774 0.20027 -0.09472
v 0.04821 0.22978 -0.13773
v 0.03981 0.21899 -0.11188
v 0.02376 0.21646 -0.09610
v 0.03265 0.22090 -0.08999
v 0.02446 0.22011 -0.07911
v 0.02538 0.21321 -0.11383
v 0.03343 0.22505 -0.07542
v 0.03536 0.21687 -0.12077
v 0.03176 0.22424 -0.06832
v 0.01695 0.21043 -0.09319
v 0.02035 0.20805 -0.11371
v 0.01501 0.20005 -0.08233
v 0.01914 0.20679 -0.06884
v 0.01719 0.21084 -0.07844
v 0.01463 0.20169 -0.09336
v 0.01723 0.20362 -0.10741
v 0.01807 0.20155 -0.11926
v 0.02458 0.21745 -0.06724
v 0.02457 0.20925 -0.06028
v 0.03644 0.22198 -0.05958
v 0.04062 0.22608 -0.06405
v 0.03251 0.21444 -0.05642
v 0.04641 0.22259 -0.05760
v 0.04833 0.22550 -0.06220
v 0.03839 0.11955 -0.12456
v 0.03230 0.12449 -0.13146
v 0.03588 0.12032 -0.12545
v 0.04072 0.11166 -0.12011
v 0.01705 0.16238 -0.13215
v 0.02785 0.15483 -0.12370
v 0.02060 0.16590 -0.12915
v 0.01003 0.16428 -0.13957
v 0.00921 0.15657 -0.14110
v 0.00186 0.15834 -0.14901
v 0.00176 0.15113 -0.14638
v 0.00572 0.14527 -0.14358
v -0.00005 0.15551 -0.15058
v 0.01840 0.17221 -0.13441
v 0.02331 0.17500 -0.13198
v 0.01265 0.18135 -0.13815
v 0.01541 0.18510 -0.13467
v 0.03304 0.17459 -0.12839
v 0.03673 0.16563 -0.12693
v 0.05102 0.16876 -0.11955
v 0.05396 0.15904 -0.11709
v 0.05140 0.17452 -0.11801
v 0.06166 0.16665 -0.11126
v 0.06617 0.17524 -0.10738
v 0.01870 0.14974 -0.13894
v 0.07260 0.17379 -0.10185
v 0.04887 0.15160 -0.11791
v 0.07009 0.18266 -0.10098
v 0.07837 0.18522 -0.09439
v 0.07248 0.19508 -0.09544
v 0.07655 0.19876 -0.09314
v 0.01740 0.15811 -0.13538
v 0.00868 0.13836 -0.14519
v 0.02180 0.13627 -0.13940
v 0.02868 0.13958 -0.13411
v 0.01013 0.13228 -0.14523
v 0.01825 0.12870 -0.14161
v 0.03140 0.12794 -0.13306
v 0.00031 0.13412 -0.14702
v -0.00214 0.14008 -0.14567
v -0.00120 0.14680 -0.14485
v 0.05956 0.15633 -0.11088
v 0.06986 0.16377 -0.10177
v 0.05272 0.14595 -0.11211
v 0.02986 0.16013 -0.12484
v 0.03930 0.14966 -0.11956
v 0.03460 0.14521 -0.12003
v 0.04407 0.13914 -0.11194
v 0.04266 0.13033 -0.10919
v 0.07952 0.17582 -0.09274
v 0.02481 0.12642 -0.13627
v -0.00578 0.12630 -0.14162
v -0.01432 0.13008 -0.14351
v -0.02449 0.12636 -0.13760
v -0.00301 0.12894 -0.14437
v 0.01418 0.12637 -0.14021
v -0.00968 0.13774 -0.14529
v 0.10347 0.18286 -0.00784
v 0.10143 0.19869 -0.01437
v 0.10769 0.19567 -0.00160
v 0.10607 0.18111 -0.00176
v 0.10272 0.16643 -0.00727
v 0.09923 0.16816 -0.01254
v 0.11082 0.19516 0.00298
v 0.10665 0.17511 0.00390
v 0.10848 0.20604 -0.00672
v 0.11191 0.20729 0.00216
v 0.10314 0.20620 -0.01775
v 0.10090 0.15691 -0.00540
v 0.11011 0.21154 -0.00924
v 0.10638 0.21102 -0.02085
v 0.10820 0.21491 -0.01691
v 0.11136 0.19616 0.00707
v 0.09937 0.15292 -0.01386
v 0.10055 0.15918 -0.01573
v 0.09847 0.15567 -0.02490
v 0.10880 0.18529 0.00920
v 0.11083 0.21336 -0.00283
v 0.09557 0.15126 -0.02343
v 0.10682 0.21826 -0.01285
v 0.09601 0.15590 -0.03041
v 0.09878 0.16504 -0.03273
v 0.09892 0.16054 -0.02521
v 0.09859 0.16152 -0.01708
v 0.09783 0.17051 -0.02975
v 0.09981 0.20124 -0.02555
v 0.10236 0.20756 -0.02956
v 0.09763 0.19469 -0.03452
v 0.09840 0.18408 -0.03384
v 0.11007 0.20410 0.00767
v 0.10053 0.16090 0.00056
v 0.11028 0.21078 0.00290
v 0.09725 0.15250 -0.00618
v 0.09561 0.14943 -0.01267
v 0.10377 0.17341 0.00719
v 0.10878 0.19587 0.01060
v 0.09630 0.18548 -0.03031
v 0.08926 0.18642 -0.02688
v 0.09289 0.16994 -0.02531
v 0.09783 0.17051 -0.02975
v 0.09507 0.19456 -0.02870
v 0.08664 0.19451 -0.02593
v 0.09642 0.16213 -0.02318
v 0.09892 0.16054 -0.02521
v 0.09840 0.18408 -0.03384
v 0.09763 0.19469 -0.03452
v 0.09246 0.19765 -0.02311
v 0.08565 0.19762 -0.02221
v 0.08664 0.19451 -0.02593
v 0.08105 0.19473 -0.02546
v 0.09507 0.19456 -0.02870
v 0.09981 0.20124 -0.02555
v 0.09763 0.19469 -0.03452
v 0.09614 0.19931 -0.01993
v 0.08843 0.19635 -0.01946
v 0.10314 0.20620 -0.01775
v 0.08262 0.19538 -0.01982
v 0.07947 0.18126 -0.02659
v 0.07807 0.18323 -0.02696
v 0.08051 0.18999 -0.02448
v 0.07827 0.17764 -0.02561
v 0.07779 0.18501 -0.02825
v 0.07692 0.17928 -0.02914
v 0.08091 0.18045 -0.02286
v 0.08267 0.18794 -0.01977
v 0.08262 0.19538 -0.01982
v 0.08105 0.19473 -0.02546
v 0.08129 0.18948 -0.02738
v 0.09586 0.16199 -0.01863
v 0.09284 0.16041 -0.01943
v 0.09297 0.16175 -0.01728
v 0.09642 0.16213 -0.02318
v 0.09382 0.16523 -0.01658
v 0.09586 0.16199 -0.01863
v 0.09382 0.16523 -0.01658
v 0.09859 0.16152 -0.01708
v 0.09892 0.16054 -0.02521
v 0.09642 0.16213 -0.02318
v 0.09923 0.16816 -0.01254
v 0.10055 0.15918 -0.01573
v 0.10272 0.16643 -0.00727
v 0.09847 0.15567 -0.02490
v 0.09859 0.16152 -0.01708
v 0.10055 0.15918 -0.01573
v 0.09251 0.15669 -0.01830
v 0.09022 0.15962 -0.01619
v 0.09292 0.15721 -0.01153
v 0.09485 0.15481 -0.01439
v 0.08911 0.16079 -0.01224
v 0.08960 0.16024 -0.02159
v 0.09478 0.15665 -0.01925
v 0.09084 0.16301 -0.01779
v 0.09028 0.16249 -0.01393
v 0.09478 0.15665 -0.01925
v 0.09541 0.16270 -0.01115
v 0.09348 0.15974 -0.01616
v 0.09028 0.16249 -0.01393
v 0.09251 0.15669 -0.01830
v 0.09284 0.16041 -0.01943
v 0.09348 0.15974 -0.01616
v 0.09297 0.16175 -0.01728
v 0.09251 0.15669 -0.01830
v 0.09028 0.16249 -0.01393
v 0.09084 0.16301 -0.01779
v 0.08149 0.17933 -0.02505
v 0.07827 0.17764 -0.02561
v 0.08091 0.18045 -0.02286
v 0.08673 0.17673 -0.02591
v 0.08463 0.18111 -0.02630
v 0.08362 0.17775 -0.02580
v 0.08926 0.18642 -0.02688
v 0.09289 0.16994 -0.02531
v 0.08784 0.16871 -0.02488
v 0.08129 0.18948 -0.02738
v 0.09134 0.16402 -0.02363
v 0.09642 0.16213 -0.02318
v 0.08627 0.16540 -0.02419
v 0.08664 0.19451 -0.02593
v 0.08048 0.18258 -0.02792
v 0.07779 0.18501 -0.02825
v 0.07692 0.17928 -0.02914
v 0.08105 0.19473 -0.02546
v 0.08149 0.17933 -0.02505
v 0.08160 0.17478 -0.02388
v 0.07947 0.18126 -0.02659
v 0.07827 0.17764 -0.02561
v 0.08722 0.16304 -0.02593
v 0.09284 0.16041 -0.01943
v 0.08519 0.17542 -0.03999
v 0.08336 0.16359 -0.03458
v 0.08801 0.16628 -0.03133
v 0.08503 0.16077 -0.02968
v 0.08918 0.18181 -0.03754
v 0.08459 0.18617 -0.04659
v 0.08722 0.16304 -0.02593
v 0.08960 0.16024 -0.02159
v 0.09134 0.16402 -0.02363
v 0.09284 0.16041 -0.01943
v 0.09251 0.15669 -0.01830
v 0.09281 0.17073 -0.03229
v 0.08018 0.15688 -0.03414
v 0.07529 0.15892 -0.03263
v 0.07996 0.15986 -0.03496
v 0.07409 0.16128 -0.03573
v 0.06352 0.16063 -0.03682
v 0.06600 0.16447 -0.04165
v 0.05977 0.16239 -0.04221
v 0.06245 0.17001 -0.04291
v 0.05594 0.16685 -0.04289
v 0.07493 0.17888 -0.03661
v 0.07221 0.16519 -0.03664
v 0.07590 0.18751 -0.03477
v 0.08594 0.19020 -0.03132
v 0.08297 0.18082 -0.03164
v 0.08679 0.18081 -0.03080
v 0.07657 0.17307 -0.03348
v 0.08504 0.19965 -0.02818
v 0.06297 0.17727 -0.04043
v 0.09030 0.18909 -0.03175
v 0.08249 0.17573 -0.02753
v 0.08605 0.17757 -0.02890
v 0.07520 0.16808 -0.02954
v 0.08160 0.17478 -0.02388
v 0.08277 0.16758 -0.02407
v 0.07750 0.16362 -0.02941
v 0.07193 0.16584 -0.03300
v 0.08523 0.16121 -0.02490
v 0.08627 0.16540 -0.02419
v 0.08523 0.16121 -0.02490
v 0.08627 0.16540 -0.02419
v 0.08770 0.16313 -0.02089
v 0.08960 0.16024 -0.02159
v 0.09084 0.16301 -0.01779
v 0.09065 0.17255 -0.01708
v 0.08277 0.16758 -0.02407
v 0.08267 0.18794 -0.01977
v 0.08091 0.18045 -0.02286
v 0.09050 0.18687 -0.01645
v 0.09853 0.17639 -0.01239
v 0.09923 0.16816 -0.01254
v 0.09382 0.16523 -0.01658
v 0.10347 0.18286 -0.00784
v 0.08262 0.19538 -0.01982
v 0.09297 0.16175 -0.01728
v 0.09825 0.19129 -0.01435
v 0.10143 0.19869 -0.01437
v 0.08843 0.19635 -0.01946
v 0.09614 0.19931 -0.01993
v 0.10314 0.20620 -0.01775
v 0.08627 0.16540 -0.02419
v 0.08277 0.16758 -0.02407
v 0.08770 0.16313 -0.02089
v 0.08160 0.17478 -0.02388
v 0.08149 0.17933 -0.02505
v 0.08091 0.18045 -0.02286
v 0.08277 0.16758 -0.02407
v 0.07529 0.15892 -0.03263
v 0.06448 0.16182 -0.03200
v 0.06352 0.16063 -0.03682
v 0.07607 0.15963 -0.02666
v 0.05571 0.16365 -0.03991
v 0.05977 0.16239 -0.04221
v 0.08084 0.15623 -0.02902
v 0.08018 0.15688 -0.03414
v 0.08175 0.15877 -0.02249
v 0.05594 0.16685 -0.04289
v 0.08014 0.16197 -0.03209
v 0.07750 0.16362 -0.02941
v 0.08523 0.16121 -0.02490
v 0.08503 0.16077 -0.02968
v 0.08960 0.16024 -0.02159
v 0.07409 0.16128 -0.03573
v 0.07996 0.15986 -0.03496
v 0.08336 0.16359 -0.03458
v 0.08782 0.16822 -0.02820
v 0.08784 0.16871 -0.02488
v 0.08673 0.17673 -0.02591
v 0.08816 0.17378 -0.02900
v 0.08605 0.17757 -0.02890
v 0.08627 0.16540 -0.02419
v 0.08722 0.16304 -0.02593
v 0.08801 0.16628 -0.03133
v 0.09281 0.17073 -0.03229
v 0.09251 0.18134 -0.03351
v 0.08679 0.18081 -0.03080
v 0.09030 0.18909 -0.03175
v 0.09146 0.19670 -0.03339
v 0.07590 0.18751 -0.03477
v 0.07135 0.18899 -0.03322
v 0.08504 0.19965 -0.02818
v 0.06297 0.17727 -0.04043
v 0.07683 0.19912 -0.02365
v 0.05828 0.17393 -0.04036
v 0.06245 0.17001 -0.04291
v 0.05594 0.16685 -0.04289
v 0.08588 0.20223 -0.02141
v 0.09422 0.20270 -0.02745
v 0.09264 0.19935 -0.03007
v 0.08952 0.19777 -0.02976
v 0.08594 0.19020 -0.03132
v 0.09341 0.20411 -0.01952
v 0.05571 0.16365 -0.03991
v 0.05518 0.16815 -0.03979
v 0.05594 0.16685 -0.04289
v 0.05828 0.17393 -0.04036
v 0.07415 0.18880 -0.02447
v 0.07169 0.18984 -0.02975
v 0.06259 0.17729 -0.03346
v 0.07683 0.19912 -0.02365
v 0.07779 0.19969 -0.01891
v 0.07135 0.18899 -0.03322
v 0.08588 0.20223 -0.02141
v 0.07657 0.17307 -0.03348
v 0.08249 0.17573 -0.02753
v 0.07520 0.16808 -0.02954
v 0.08297 0.18082 -0.03164
v 0.07193 0.16584 -0.03300
v 0.08160 0.17478 -0.02388
v 0.08362 0.17775 -0.02580
v 0.07221 0.16519 -0.03664
v 0.08605 0.17757 -0.02890
v 0.08605 0.17757 -0.02890
v 0.08673 0.17673 -0.02591
v 0.08362 0.17775 -0.02580
v 0.10139 0.18803 0.00007
v 0.09932 0.19058 0.00352
v 0.10130 0.18597 0.00320
v 0.09605 0.17047 -0.00374
v 0.09290 0.17114 -0.00310
v 0.09717 0.18314 0.00075
v 0.09576 0.16216 -0.00532
v 0.08862 0.17949 0.00227
v 0.09521 0.19255 0.00436
v 0.09932 0.19058 0.00352
v 0.10139 0.18803 0.00007
v 0.10336 0.19041 0.00360
v 0.10268 0.19564 0.00435
v 0.08701 0.16544 -0.00937
v 0.08415 0.16874 -0.00559
v 0.08189 0.15729 -0.01799
v 0.08911 0.16079 -0.01224
v 0.09292 0.15721 -0.01153
v 0.09485 0.15481 -0.01439
v 0.08502 0.16086 -0.01628
v 0.09688 0.16095 -0.00875
v 0.09605 0.17047 -0.00374
v 0.09748 0.17233 -0.00671
v 0.09576 0.16216 -0.00532
v 0.10139 0.18803 0.00007
v 0.09485 0.15481 -0.01439
v 0.10336 0.19041 0.00360
v 0.10130 0.18597 0.00320
v 0.09932 0.19058 0.00352
v 0.07309 0.17553 -0.03046
v 0.07416 0.17774 -0.02934
v 0.07323 0.17869 -0.03168
v 0.07827 0.17764 -0.02561
v 0.07416 0.17774 -0.02934
v 0.07309 0.17553 -0.03046
v 0.07827 0.17764 -0.02561
v 0.07692 0.17928 -0.02914
v 0.07416 0.17774 -0.02934
v 0.07309 0.17553 -0.03046
v 0.07416 0.17774 -0.02934
v 0.07827 0.17764 -0.02561
v 0.07692 0.17928 -0.02914
v 0.07323 0.17869 -0.03168
v 0.07416 0.17774 -0.02934
v 0.07779 0.18501 -0.02825
v 0.07323 0.17869 -0.03168
v 0.07779 0.18501 -0.02825
v 0.07416 0.17774 -0.02934
v 0.07692 0.17928 -0.02914
v 0.07416 0.17774 -0.02934
v 0.07779 0.18501 -0.02825
v 0.07692 0.17928 -0.02914
v 0.07827 0.17764 -0.02561
v 0.07416 0.17774 -0.02934
v 0.10399 0.19714 0.00243
v 0.10426 0.20230 -0.00002
v 0.10153 0.20087 0.00211
v 0.10027 0.19205 -0.00613
v 0.10426 0.20230 -0.00002
v 0.10300 0.20411 -0.00407
v 0.10001 0.20698 -0.01049
v 0.09618 0.19920 -0.01315
v 0.09341 0.20411 -0.01952
v 0.09585 0.18825 -0.01004
v 0.09748 0.17233 -0.00671
v 0.10365 0.20870 -0.00659
v 0.10139 0.18803 0.00007
v 0.10264 0.19673 -0.00072
v 0.10399 0.19714 0.00243
v 0.10595 0.21013 -0.00488
v 0.10609 0.20415 0.00098
v 0.10503 0.20949 -0.00138
v 0.10504 0.20083 0.00398
v 0.10558 0.19425 0.00511
v 0.10424 0.21173 -0.01012
v 0.10504 0.21379 -0.00953
v 0.10216 0.21323 -0.01228
v 0.10153 0.20087 0.00211
v 0.10268 0.19564 0.00435
v 0.10336 0.19041 0.00360
v 0.10130 0.18597 0.00320
v 0.10144 0.21022 -0.00734
v 0.10365 0.20870 -0.00659
v 0.10424 0.21173 -0.01012
v 0.10144 0.21022 -0.00734
v 0.10216 0.21323 -0.01228
v 0.10558 0.19425 0.00511
v 0.10399 0.19714 0.00243
v 0.10268 0.19564 0.00435
v 0.10001 0.20698 -0.01049
v 0.09817 0.20839 -0.00690
v 0.09345 0.20876 -0.01623
v 0.09374 0.21124 -0.00566
v 0.09341 0.20411 -0.01952
v 0.10144 0.21022 -0.00734
v 0.10426 0.20230 -0.00002
v 0.10371 0.20520 0.00180
v 0.10609 0.20415 0.00098
v 0.10001 0.20698 -0.01049
v 0.10144 0.21022 -0.00734
v 0.10216 0.21323 -0.01228
v 0.10001 0.20698 -0.01049
v 0.10216 0.21323 -0.01228
v 0.10144 0.21022 -0.00734
v 0.10365 0.20870 -0.00659
v 0.10595 0.21013 -0.00488
v 0.10503 0.20949 -0.00138
v 0.10371 0.20520 0.00180
v 0.09834 0.20303 0.00161
v 0.10123 0.20699 -0.00101
v 0.09771 0.20695 -0.00252
v 0.10503 0.20949 -0.00138
v 0.10279 0.21190 -0.00458
v 0.10144 0.21022 -0.00734
v 0.09817 0.20839 -0.00690
v 0.10216 0.21323 -0.01228
v 0.10504 0.21379 -0.00953
v 0.10153 0.20087 0.00211
v 0.10504 0.20083 0.00398
v 0.10268 0.19564 0.00435
v 0.09521 0.19255 0.00436
v 0.10558 0.19425 0.00511
v 0.09395 0.20029 0.00500
v 0.10609 0.20415 0.00098
v 0.09333 0.20666 0.00335
v 0.09374 0.21124 -0.00566
v 0.09130 0.19044 0.00735
v 0.10595 0.21013 -0.00488
v 0.10595 0.21013 -0.00488
v 0.10365 0.20870 -0.00659
v 0.10503 0.20949 -0.00138
v 0.10130 0.18597 0.00320
v 0.10268 0.19564 0.00435
v 0.10134 0.18384 0.00666
v 0.10130 0.18597 0.00320
v 0.10336 0.19041 0.00360
v 0.10268 0.19564 0.00435
v 0.10558 0.19425 0.00511
v 0.10377 0.18327 0.00459
v 0.10377 0.18327 0.00459
v 0.10130 0.18597 0.00320
v 0.10134 0.18384 0.00666
v 0.10377 0.18327 0.00459
v 0.10134 0.18384 0.00666
v 0.10268 0.19564 0.00435
v 0.10558 0.19425 0.00511
v 0.10609 0.20415 0.00098
v 0.10371 0.20520 0.00180
v 0.10426 0.20230 -0.00002
v 0.05291 0.04457 0.08206
v 0.04356 0.05297 0.07900
v 0.04984 0.05283 0.07316
v 0.05089 0.03949 0.08964
v 0.04205 0.03966 0.09047
v 0.03580 0.05642 0.07907
v 0.05972 0.02741 0.10145
v 0.03039 0.05009 0.08282
v 0.06443 0.03553 0.08699
v 0.04946 0.02685 0.10052
v 0.04920 0.01424 0.10644
v 0.03365 0.02377 0.09753
v 0.02628 0.01605 0.09987
v 0.03723 -0.00010 0.11126
v 0.05871 0.00659 0.11629
v 0.02965 -0.00750 0.11688
v 0.01612 0.00702 0.10708
v -0.00002 -0.00508 0.12277
v -0.00102 0.01115 0.10970
v 0.00741 0.02170 0.09892
v 0.02458 0.03377 0.08669
v 0.04856 -0.00027 0.11457
v 0.06984 0.02103 0.11102
v 0.07278 0.01024 0.12226
v 0.06513 0.00345 0.12492
v 0.07342 0.00133 0.12969
v 0.08210 -0.00089 0.13197
v 0.08810 0.00662 0.12432
v 0.09263 -0.00477 0.13580
v 0.00022 0.02365 0.09936
v 0.01292 0.03003 0.08847
v -0.00509 -0.00260 0.11889
v 0.05179 -0.00669 0.12400
v 0.08216 0.01625 0.11509
v -0.00808 0.02103 0.09914
v -0.05729 -0.00131 0.12250
v -0.06612 -0.00516 0.12989
v -0.07109 0.00607 0.12539
v -0.06482 0.01595 0.11244
v -0.07837 0.00046 0.13040
v -0.04896 0.00062 0.11442
v 0.03845 0.03388 0.09417
v -0.05035 0.01721 0.10517
v -0.05817 0.02702 0.10178
v -0.07354 0.01972 0.11280
v -0.07947 0.01004 0.12225
v -0.04625 0.02591 0.10049
v -0.03404 0.01992 0.10005
v -0.03379 0.04222 0.08763
v -0.02658 0.02847 0.09057
v -0.02070 0.01731 0.09912
v -0.01145 0.02974 0.08883
v -0.01250 0.04241 0.07932
v -0.00545 0.04347 0.08121
v -0.02068 0.04422 0.07902
v -0.04445 0.03688 0.09260
v -0.00624 0.06132 0.07095
v 0.00142 0.05693 0.07456
v 0.00118 0.04247 0.08322
v 0.00961 0.05280 0.07418
v 0.00046 0.07364 0.06836
v -0.03464 0.00493 0.10798
v -0.03964 0.04932 0.08309
v -0.03097 0.05891 0.07831
v -0.01378 -0.00106 0.11318
v 0.00953 0.07012 0.06613
v 0.01547 0.06105 0.06886
v 0.01522 0.07199 0.06446
v 0.00951 0.08544 0.06336
v -0.00068 0.09232 0.06459
v 0.00574 0.10172 0.06038
v -0.00541 0.10887 0.05857
v 0.00536 0.11220 0.05754
v 0.01121 0.11230 0.05731
v 0.00005 0.12260 0.05805
v -0.01212 0.12537 0.05871
v -0.01251 0.11154 0.05797
v -0.01382 0.09261 0.06132
v -0.01874 0.10705 0.06285
v 0.00105 0.13802 0.05886
v -0.00961 0.14029 0.05963
v -0.02034 0.13881 0.06710
v 0.00077 0.14887 0.06274
v 0.01022 0.14208 0.06108
v 0.00889 0.15548 0.06719
v -0.00032 0.15671 0.06764
v 0.00960 0.16167 0.07396
v 0.00160 0.16653 0.08191
v -0.01689 0.16432 0.08113
v 0.01996 0.16385 0.08142
v 0.02135 0.17247 0.09161
v 0.03489 0.16418 0.07901
v -0.00258 0.17963 0.10380
v -0.01713 0.17665 0.09768
v 0.00819 0.18529 0.10968
v 0.01629 0.18093 0.10363
v 0.01484 0.15600 0.07156
v -0.01111 0.15192 0.06643
v 0.00890 0.12766 0.05761
v 0.01347 0.09531 0.06084
v 0.01832 0.08127 0.06514
v 0.02166 0.10336 0.06545
v -0.02468 0.16815 0.08630
v -0.03151 0.17722 0.09273
v -0.02896 0.18917 0.10473
v -0.04274 0.18340 0.09036
v -0.04716 0.20225 0.09961
v -0.03087 0.20503 0.11217
v -0.01617 0.19512 0.11404
v -0.01614 0.21111 0.11995
v -0.00748 0.20198 0.11872
v -0.00807 0.21779 0.12274
v 0.00525 0.20637 0.12023
v 0.00852 0.19377 0.11485
v 0.00640 0.22434 0.12365
v -0.01006 0.23260 0.12361
v 0.00185 0.23610 0.12425
v -0.00436 0.24747 0.12349
v -0.01608 0.24973 0.12155
v -0.02829 0.23514 0.11878
v -0.02700 0.25461 0.11744
v -0.02157 0.26790 0.11533
v -0.03681 0.26490 0.10979
v -0.03424 0.28041 0.10425
v -0.01540 0.28527 0.10859
v -0.02563 0.30127 0.09323
v -0.04279 0.29158 0.09180
v -0.05250 0.27811 0.09267
v -0.05239 0.26370 0.09939
v -0.06414 0.26739 0.08602
v -0.06532 0.28078 0.07712
v -0.07271 0.26190 0.07661
v -0.06499 0.25225 0.08966
v -0.07553 0.24577 0.07545
v -0.06625 0.23967 0.08938
v -0.07444 0.22476 0.07551
v -0.08122 0.24391 0.06420
v -0.08173 0.22585 0.06080
v -0.07486 0.20294 0.06464
v -0.06812 0.20862 0.08010
v -0.08273 0.21301 0.05234
v -0.06764 0.19078 0.06713
v -0.06511 0.22088 0.08859
v -0.05011 0.24870 0.10477
v -0.05434 0.29201 0.08130
v -0.00188 0.28322 0.11148
v -0.01195 0.29776 0.10060
v 0.00612 0.29899 0.10047
v -0.00784 0.30784 0.09241
v -0.00482 0.26628 0.11885
v -0.05979 0.19517 0.08244
v -0.02257 0.22212 0.12022
v -0.03301 0.16311 0.07947
v -0.03699 0.24435 0.11448
v -0.04637 0.16541 0.07186
v -0.05632 0.17947 0.07305
v -0.05309 0.15805 0.05830
v -0.03684 0.14832 0.06930
v -0.04927 0.14539 0.05649
v -0.04146 0.13041 0.06000
v -0.03178 0.12116 0.06556
v -0.04144 0.11135 0.05734
v -0.04787 0.12897 0.05309
v -0.02626 0.15649 0.07722
v 0.01029 0.25146 0.12210
v 0.02298 0.06773 0.07126
v -0.04797 0.10466 0.04959
v -0.05093 0.12029 0.04572
v 0.07448 0.02452 0.10087
v -0.05464 0.14562 0.04680
v -0.05709 0.23607 0.09948
v -0.00649 0.18781 0.11133
v 0.00781 0.27351 0.11596
v 0.00465 0.31200 0.08858
v -0.00782 0.32378 0.07299
v 0.01070 0.32483 0.07085
v -0.02518 0.05353 0.07780
v -0.02040 0.31667 0.07956
v -0.01945 0.06760 0.06869
v -0.03980 0.21916 0.11123
v 0.01681 0.11976 0.06146
v -0.00859 0.08781 0.06301
v -0.00016 0.03131 0.09100
v 0.02761 0.08470 0.07138
v 0.02652 0.10370 0.06833
v 0.02476 0.12173 0.06736
v -0.01337 0.07315 0.06445
v 0.03061 0.06628 0.07660
v 0.02601 0.15474 0.07578
v -0.02422 0.08693 0.06887
v -0.02937 0.07782 0.07319
v -0.03372 0.07444 0.07179
v -0.03698 0.09688 0.06336
v -0.04205 0.07070 0.06673
v -0.04447 0.08372 0.05835
v -0.04975 0.06680 0.05718
v -0.04865 0.08699 0.04810
v -0.05192 0.06632 0.04963
v -0.04126 0.05809 0.07565
v 0.02371 0.26212 0.11664
v 0.02394 0.27556 0.11143
v 0.01940 0.14047 0.06719
v -0.04139 0.30647 0.07901
v -0.05532 0.21979 0.09928
v -0.02744 0.14214 0.07096
v -0.01505 0.05609 0.07170
v 0.01508 0.04413 0.07754
v -0.05926 0.29832 0.06922
v -0.04864 0.31376 0.06189
v -0.03242 0.32500 0.05942
v -0.04495 0.32408 0.04657
v -0.02116 0.33514 0.04487
v -0.03200 0.33430 0.03666
v -0.05692 0.31699 0.04240
v -0.02101 0.32831 0.06098
v -0.02714 0.10509 0.06789
v -0.02081 0.15216 0.07277
v 0.02162 0.04823 0.07778
v 0.02662 0.13587 0.06929
v -0.03053 0.31830 0.07239
v -0.04664 0.22997 0.10804
v -0.05969 0.20656 0.08984
v 0.03845 0.03388 0.09417
v 0.02458 0.03377 0.08669
v 0.03039 0.05009 0.08282
v 0.02162 0.04823 0.07778
v 0.02298 0.06773 0.07126
v 0.03061 0.06628 0.07660
v -0.01145 0.02974 0.08883
v -0.00016 0.03131 0.09100
v -0.00808 0.02103 0.09914
v -0.02070 0.01731 0.09912
v -0.01378 -0.00106 0.11318
v -0.02794 -0.00824 0.11764
v -0.03464 0.00493 0.10798
v 0.01508 0.04413 0.07754
v 0.01292 0.03003 0.08847
v 0.00961 0.05280 0.07418
v 0.00118 0.04247 0.08322
v -0.00016 0.03131 0.09100
v -0.01505 0.05609 0.07170
v -0.01945 0.06760 0.06869
v -0.01337 0.07315 0.06445
v -0.02422 0.08693 0.06887
v -0.01874 0.10705 0.06285
v -0.02714 0.10509 0.06789
v -0.02589 0.12145 0.06772
v -0.02139 0.12495 0.06578
v -0.01212 0.12537 0.05871
v -0.03178 0.12116 0.06556
v -0.03698 0.09688 0.06336
v -0.04144 0.11135 0.05734
v -0.04797 0.10466 0.04959
v -0.04447 0.08372 0.05835
v -0.04865 0.08699 0.04810
v -0.02744 0.14214 0.07096
v -0.03684 0.14832 0.06930
v -0.02034 0.13881 0.06710
v -0.02081 0.15216 0.07277
v -0.05632 0.17947 0.07305
v -0.05979 0.19517 0.08244
v -0.04274 0.18340 0.09036
v -0.05979 0.19517 0.08244
v -0.06812 0.20862 0.08010
v -0.05969 0.20656 0.08984
v 0.00819 0.18529 0.10968
v -0.00649 0.18781 0.11133
v 0.00852 0.19377 0.11485
v -0.02289 0.14318 -0.14317
v -0.02655 0.12869 -0.14232
v -0.03248 0.13712 -0.13746
v -0.01847 0.13379 -0.14749
v -0.03750 0.12501 -0.13361
v -0.02348 0.15382 -0.13988
v -0.01430 0.15048 -0.14517
v -0.01427 0.16165 -0.14255
v -0.00599 0.14916 -0.14864
v -0.00964 0.13370 -0.15061
v -0.02013 0.16512 -0.13582
v -0.03246 0.14743 -0.13274
v -0.00004 0.14324 -0.15014
v -0.04031 0.13213 -0.12826
v -0.04371 0.11859 -0.12506
v -0.02857 0.15715 -0.13014
v -0.02323 0.16624 -0.13337
v -0.03467 0.15377 -0.12683
v -0.04102 0.14155 -0.12107
v -0.04524 0.14452 -0.12007
v -0.04580 0.12606 -0.11527
v -0.04795 0.12929 -0.10910
v -0.03798 0.11550 -0.12803
v -0.04457 0.10585 -0.12243
v -0.02978 0.12096 -0.13648
v -0.00843 0.15929 -0.15153
v -0.00266 0.15114 -0.15360
v -0.01960 0.12378 -0.14403
v -0.05378 0.13831 -0.11067
v -0.02004 0.17061 -0.14019
v -0.02225 0.17193 -0.13653
v -0.01964 0.17931 -0.13865
v -0.01343 0.18067 -0.14710
v -0.00951 0.19285 -0.14350
v -0.01435 0.19464 -0.13657
v -0.01077 0.20213 -0.13743
v -0.01701 0.19991 -0.13147
v -0.02879 0.18352 -0.13235
v -0.03097 0.17510 -0.13452
v -0.04954 0.17575 -0.12422
v -0.04249 0.16692 -0.13002
v -0.05690 0.17073 -0.12115
v -0.06031 0.16052 -0.11796
v -0.05030 0.15766 -0.12496
v -0.07347 0.17380 -0.10742
v -0.06339 0.17760 -0.11432
v -0.07768 0.18223 -0.10214
v -0.08184 0.17423 -0.09804
v -0.05186 0.14958 -0.12119
v -0.05675 0.14757 -0.11665
v -0.06877 0.15930 -0.10899
v -0.03426 0.16464 -0.13222
v -0.08336 0.19235 -0.09403
v -0.07426 0.19500 -0.10014
v -0.07934 0.19922 -0.09763
v -0.06945 0.20105 -0.10204
v -0.06948 0.18700 -0.10399
v -0.08722 0.18435 -0.09049
v -0.08184 0.20844 -0.09318
v -0.04133 0.10448 -0.12291
v -0.04005 0.09705 -0.12030
v -0.00710 0.19974 -0.14657
v -0.00757 0.20550 -0.14186
v -0.00326 0.20634 -0.14630
v -0.00349 0.21050 -0.14328
v 0.00052 0.20371 -0.15028
v -0.00352 0.19003 -0.15925
v -0.00822 0.18650 -0.15599
v -0.01542 0.17027 -0.15500
v -0.00775 0.17675 -0.16525
v -0.00431 0.17280 -0.17055
v -0.01072 0.16720 -0.16632
v -0.00599 0.16594 -0.17257
v -0.00395 0.16008 -0.17185
v -0.00049 0.16622 -0.17443
v 0.00163 0.16264 -0.17465
v -0.01892 0.16593 -0.14309
v -0.01204 0.16316 -0.15919
v -0.06048 0.18222 -0.11171
v -0.04552 0.18134 -0.12086
v 0.00094 0.15740 -0.17111
v 0.00205 0.15014 -0.15300
v -0.00237 0.15444 -0.16550
v -0.00545 0.15574 -0.16004
v -0.01504 0.16259 -0.14627
v -0.04039 0.08448 -0.11938
v -0.04331 0.08171 -0.11663
v -0.03248 0.07823 -0.12299
v -0.03272 0.06328 -0.12438
v -0.02394 0.07078 -0.13058
v -0.02274 0.05544 -0.13232
v -0.02192 0.08310 -0.13129
v -0.03483 0.08656 -0.12087
v -0.01141 0.07769 -0.13811
v -0.01410 0.05713 -0.13689
v -0.00983 0.06872 -0.13684
v -0.00459 0.07528 -0.13999
v -0.00180 0.06533 -0.13924
v -0.00377 0.05526 -0.13956
v -0.01242 0.05101 -0.13634
v -0.02135 0.05043 -0.13051
v -0.03169 0.05500 -0.12345
v -0.00000 0.07975 -0.14074
v -0.00493 0.04892 -0.13726
v -0.01272 0.04598 -0.13191
v 0.00435 0.05039 -0.13825
v -0.02177 0.04659 -0.12553
v -0.03229 0.05052 -0.11560
v 0.00203 0.15269 -0.16216
v -0.02179 0.20032 -0.07396
v -0.02740 0.19765 -0.06591
v -0.02705 0.20667 -0.06454
v -0.02322 0.20751 -0.07083
v -0.02323 0.19404 -0.07558
v -0.02019 0.20375 -0.07961
v -0.02009 0.19584 -0.09121
v -0.01981 0.20317 -0.09596
v -0.02137 0.20986 -0.08001
v -0.02165 0.19438 -0.10308
v -0.02239 0.20242 -0.11111
v -0.02291 0.19656 -0.11360
v -0.02253 0.20199 -0.12185
v -0.02536 0.21384 -0.07202
v -0.02001 0.19862 -0.12554
v -0.02875 0.21426 -0.06633
v -0.03400 0.21112 -0.05980
v -0.04784 0.20066 -0.05703
v -0.05303 0.20379 -0.05843
v -0.04569 0.20909 -0.05630
v -0.05148 0.21215 -0.05883
v -0.04705 0.21579 -0.05861
v -0.05441 0.19472 -0.06144
v -0.05664 0.20942 -0.06262
v -0.05872 0.19913 -0.06424
v -0.04811 0.19298 -0.06013
v -0.04106 0.21243 -0.05750
v -0.03729 0.20096 -0.05865
v -0.03400 0.21112 -0.05980
v -0.03649 0.19355 -0.06256
v -0.02740 0.19765 -0.06591
v -0.02705 0.20667 -0.06454
v -0.02885 0.19211 -0.06939
v -0.02323 0.19404 -0.07558
v 0.00252 0.16256 -0.15221
v 0.00500 0.16657 -0.15084
v 0.00412 0.16706 -0.16125
v 0.00579 0.16949 -0.16346
v 0.00745 0.17034 -0.15643
v 0.00420 0.16499 -0.16754
v 0.00186 0.15834 -0.14901
v 0.00199 0.15887 -0.15978
v 0.00455 0.16332 -0.16201
v 0.00004 0.15615 -0.15703
v -0.00005 0.15551 -0.15058
v 0.01003 0.16428 -0.13957
v 0.00012 0.16189 -0.16859
v 0.01138 0.16797 -0.14353
v 0.01840 0.17221 -0.13441
v 0.00100 0.16520 -0.17002
v -0.00184 0.15910 -0.16212
v 0.01059 0.16949 -0.15079
v 0.00865 0.16892 -0.15876
v 0.00579 0.16949 -0.16346
v 0.00745 0.17034 -0.15643
v 0.01059 0.16949 -0.15079
v 0.03524 0.17755 -0.12548
v 0.02511 0.18596 -0.11962
v 0.02224 0.18573 -0.12783
v 0.01906 0.19261 -0.11314
v 0.03489 0.18050 -0.11972
v 0.04497 0.17708 -0.11892
v 0.04600 0.17822 -0.11159
v 0.05661 0.17813 -0.11075
v 0.05140 0.17452 -0.11801
v 0.03304 0.17459 -0.12839
v 0.06617 0.17524 -0.10738
v 0.01541 0.18510 -0.13467
v 0.01498 0.19138 -0.12983
v 0.01838 0.19626 -0.11950
v 0.06490 0.18056 -0.10468
v 0.07009 0.18266 -0.10098
v 0.06793 0.19220 -0.09599
v 0.01265 0.18135 -0.13815
v 0.00773 0.19521 -0.13460
v 0.01472 0.20022 -0.12458
v 0.00818 0.20018 -0.13182
v 0.00366 0.20656 -0.13550
v 0.00532 0.18394 -0.15186
v 0.00972 0.17242 -0.15307
v 0.00272 0.20289 -0.13955
v 0.00212 0.19190 -0.15215
v -0.00039 0.20864 -0.13743
v 0.00012 0.20006 -0.14659
v 0.00215 0.17639 -0.16317
v 0.00739 0.17257 -0.15999
v 0.00579 0.16949 -0.16346
v 0.00420 0.16499 -0.16754
v 0.00100 0.16520 -0.17002
v 0.00865 0.16892 -0.15876
v 0.01382 0.17281 -0.14021
v 0.01840 0.17221 -0.13441
v 0.01138 0.16797 -0.14353
v 0.01059 0.16949 -0.15079
v 0.00745 0.17034 -0.15643
v 0.07248 0.19508 -0.09544
v 0.06774 0.20027 -0.09472
v 0.01593 0.19266 -0.09440
v 0.01760 0.19209 -0.08015
v 0.01501 0.20005 -0.08233
v 0.01463 0.20169 -0.09336
v 0.01995 0.19649 -0.06920
v 0.01914 0.20679 -0.06884
v 0.02413 0.19943 -0.06198
v 0.02457 0.20925 -0.06028
v 0.01723 0.20362 -0.10741
v 0.01807 0.20155 -0.11926
v 0.01937 0.18817 -0.08752
v 0.02102 0.18722 -0.10515
v 0.02500 0.18963 -0.06908
v 0.03204 0.19299 -0.05921
v 0.02896 0.20508 -0.05654
v 0.04993 0.17804 -0.09620
v 0.05412 0.17967 -0.08123
v 0.04323 0.17819 -0.08673
v 0.04713 0.17909 -0.07755
v 0.03807 0.17934 -0.10231
v 0.04600 0.17822 -0.11159
v 0.03489 0.18050 -0.11972
v 0.02696 0.18341 -0.10118
v 0.02884 0.18396 -0.08233
v 0.03739 0.18254 -0.07297
v 0.01937 0.18817 -0.08752
v 0.04523 0.18276 -0.06692
v 0.02500 0.18963 -0.06908
v 0.02511 0.18596 -0.11962
v 0.02102 0.18722 -0.10515
v 0.03820 0.18719 -0.06199
v 0.01760 0.19209 -0.08015
v 0.05335 0.18324 -0.06770
v 0.05859 0.18074 -0.10266
v 0.05661 0.17813 -0.11075
v 0.06490 0.18056 -0.10468
v 0.04961 0.18850 -0.05849
v 0.05693 0.18110 -0.09117
v 0.06244 0.18553 -0.09654
v -0.03685 0.20742 -0.05312
v -0.04492 0.21367 -0.05272
v -0.04391 0.20294 -0.05196
v -0.03556 0.21437 -0.05485
v -0.05120 0.20847 -0.05267
v -0.03408 0.19976 -0.05472
v -0.04127 0.19413 -0.05461
v -0.05041 0.19828 -0.05328
v -0.02674 0.20684 -0.05811
v -0.02534 0.19724 -0.06109
v -0.03169 0.19131 -0.06034
v -0.04998 0.19039 -0.05676
v -0.02056 0.20392 -0.06491
v -0.03952 0.22034 -0.05679
v -0.02071 0.19551 -0.06758
v -0.02368 0.18902 -0.07018
v -0.00583 0.19420 -0.13827
v -0.00449 0.20647 -0.13556
v -0.00825 0.20020 -0.13123
v -0.00238 0.20203 -0.14263
v -0.00473 0.19002 -0.14736
v -0.00259 0.18091 -0.15954
v -0.01114 0.17227 -0.14982
v -0.00807 0.17253 -0.15838
v -0.00634 0.17022 -0.16347
v -0.01299 0.18288 -0.13692
v -0.01684 0.17183 -0.13631
v -0.01297 0.19353 -0.13117
v -0.01507 0.19819 -0.12427
v -0.01954 0.19239 -0.12130
v -0.01719 0.20102 -0.11954
v 0.00012 0.20006 -0.14659
v -0.00039 0.20864 -0.13743
v -0.02218 0.18424 -0.12976
v -0.02061 0.17621 -0.13224
v -0.00903 0.16921 -0.15581
v -0.01407 0.16838 -0.14172
v -0.01118 0.16837 -0.15033
v -0.01928 0.19266 -0.11184
v -0.02383 0.18619 -0.11150
v -0.01621 0.20017 -0.10496
v -0.01467 0.20298 -0.12856
v -0.01741 0.19117 -0.10123
v -0.01486 0.19961 -0.08769
v -0.01645 0.19220 -0.08807
v -0.01718 0.19672 -0.07520
v -0.01981 0.18900 -0.07987
v -0.01718 0.20655 -0.07343
v -0.01548 0.20756 -0.08846
v -0.02225 0.18597 -0.09059
v -0.02892 0.18325 -0.12134
v 0.00215 0.17639 -0.16317
v 0.00212 0.19190 -0.15215
v 0.00100 0.16520 -0.17002
v -0.00381 0.16543 -0.16772
v 0.00012 0.16189 -0.16859
v -0.00427 0.16667 -0.15546
v -0.00515 0.17094 -0.15716
v -0.00607 0.16996 -0.15074
v -0.00418 0.16234 -0.14796
v -0.00307 0.16019 -0.15422
v -0.00005 0.15551 -0.15058
v 0.00004 0.15615 -0.15703
v -0.00184 0.15910 -0.16212
v -0.00569 0.16647 -0.16299
v -0.00381 0.16543 -0.16772
v -0.00634 0.17022 -0.16347
v 0.00012 0.16189 -0.16859
v -0.00807 0.17253 -0.15838
v -0.00515 0.17094 -0.15716
v -0.00808 0.17108 -0.15178
v -0.00607 0.16996 -0.15074
v -0.00881 0.16940 -0.14774
v -0.01114 0.17227 -0.14982
v -0.00418 0.16234 -0.14796
v -0.00892 0.16441 -0.14316
v -0.00702 0.15892 -0.14195
v -0.01407 0.16838 -0.14172
v -0.01344 0.16537 -0.13517
v -0.00181 0.15345 -0.14745
v -0.00005 0.15551 -0.15058
v -0.01684 0.17183 -0.13631
v -0.02030 0.16482 -0.12884
v -0.02061 0.17621 -0.13224
v -0.00658 0.15183 -0.14246
v -0.00120 0.14680 -0.14485
v -0.01747 0.15651 -0.13626
v 0.00176 0.15113 -0.14638
v -0.03302 0.15821 -0.12365
v -0.03396 0.14922 -0.12019
v -0.04660 0.15026 -0.11776
v -0.04231 0.13811 -0.11175
v -0.04128 0.13303 -0.11218
v -0.04424 0.12119 -0.10263
v -0.04664 0.13354 -0.10504
v -0.05211 0.14592 -0.11190
v -0.01573 0.14507 -0.14075
v -0.00214 0.14008 -0.14567
v -0.02600 0.14484 -0.13518
v -0.02247 0.13335 -0.13994
v -0.03274 0.13091 -0.13166
v -0.02449 0.12636 -0.13760
v -0.03197 0.12619 -0.13253
v -0.03806 0.12050 -0.12521
v -0.02778 0.14946 -0.12874
v -0.01432 0.13008 -0.14351
v -0.00968 0.13774 -0.14529
v -0.03426 0.14104 -0.12425
v -0.03886 0.12881 -0.12110
v 0.00031 0.13412 -0.14702
v 0.00572 0.14527 -0.14358
v -0.03000 0.17122 -0.13018
v -0.04637 0.17025 -0.12239
v -0.04001 0.16198 -0.12491
v -0.05036 0.16218 -0.12020
v -0.02885 0.17652 -0.13008
v -0.06568 0.16912 -0.10791
v -0.05850 0.17512 -0.11293
v -0.07208 0.17979 -0.10113
v -0.07829 0.17842 -0.09558
v -0.07783 0.19317 -0.09296
v -0.07182 0.18818 -0.09770
v -0.07233 0.19990 -0.09594
v -0.03820 0.17818 -0.12198
v -0.02218 0.18424 -0.12976
v -0.05583 0.15648 -0.11496
v -0.07688 0.20735 -0.09523
v -0.07528 0.20914 -0.10037
v -0.07160 0.20729 -0.10126
v -0.07601 0.21905 -0.10522
v -0.07310 0.22077 -0.11365
v -0.06866 0.21580 -0.11479
v -0.06672 0.22224 -0.12290
v -0.06758 0.22934 -0.12336
v -0.06071 0.22927 -0.13047
v -0.05757 0.22214 -0.13031
v -0.05152 0.22448 -0.13572
v -0.07300 0.22895 -0.11362
v -0.00944 0.26950 -0.12824
v -0.02280 0.27542 -0.12351
v -0.02749 0.26119 -0.12794
v -0.00956 0.28362 -0.12159
v -0.01609 0.25113 -0.13216
v -0.03844 0.24775 -0.12974
v -0.02330 0.24088 -0.13347
v 0.00213 0.25382 -0.13213
v 0.02083 0.25518 -0.13083
v 0.01208 0.27642 -0.12515
v 0.00696 0.23302 -0.13534
v 0.02236 0.24116 -0.13357
v -0.00148 0.23774 -0.13361
v -0.00968 0.22974 -0.13724
v -0.00003 0.21873 -0.13781
v 0.04010 0.24736 -0.12944
v 0.03170 0.26359 -0.12547
v 0.05213 0.24539 -0.12700
v 0.00660 0.29290 -0.11591
v -0.02756 0.23255 -0.13873
v -0.04270 0.22988 -0.13877
v -0.03073 0.22509 -0.14252
v -0.01948 0.22296 -0.14282
v -0.00817 0.21992 -0.14076
v -0.01477 0.21763 -0.14261
v 0.01440 0.22472 -0.14081
v 0.03030 0.23475 -0.13780
v 0.04638 0.23597 -0.13543
v 0.03753 0.22662 -0.14081
v 0.02613 0.22458 -0.14282
v 0.04821 0.22978 -0.13773
v 0.01575 0.21825 -0.14286
v -0.01008 0.29445 -0.11456
v 0.02454 0.28294 -0.11850
v -0.05258 0.24219 -0.12916
v -0.02569 0.28737 -0.11545
v -0.05366 0.23095 -0.13498
v -0.02636 0.21923 -0.14250
v -0.04664 0.25719 -0.12145
v -0.03929 0.22339 -0.14034
v -0.03650 0.27080 -0.12018
v 0.02108 0.29841 -0.10838
v -0.00596 0.30798 -0.10307
v 0.00451 0.30572 -0.10578
v 0.00559 0.21360 -0.13899
v -0.02102 0.30504 -0.10217
v 0.01844 0.30860 -0.09975
v 0.04006 0.28433 -0.11030
v 0.05886 0.23263 -0.13106
v 0.05077 0.26016 -0.11705
v 0.03414 0.30282 -0.09840
v 0.06015 0.24034 -0.12559
v -0.00039 0.20864 -0.13743
v -0.00514 0.21185 -0.13851
v -0.03693 0.29043 -0.10772
v -0.06052 0.23598 -0.12844
v -0.03528 0.30580 -0.09473
v -0.04755 0.27740 -0.10960
v 0.00152 0.32152 -0.08648
v -0.01632 0.32082 -0.08524
v 0.02113 0.32122 -0.08285
v -0.03212 0.32034 -0.07698
v -0.05671 0.24918 -0.12033
v -0.05591 0.26296 -0.11068
v -0.04847 0.29484 -0.09491
v 0.00875 0.33054 -0.07127
v -0.01258 0.32982 -0.07119
v 0.05105 0.29239 -0.09495
v -0.04371 0.31011 -0.08208
v -0.05529 0.28163 -0.09892
v -0.01999 0.33420 -0.05735
v -0.03330 0.32987 -0.05690
v -0.04639 0.32047 -0.06070
v -0.05406 0.30680 -0.07333
v -0.06733 0.23523 -0.12058
v -0.06415 0.24876 -0.11107
v -0.06238 0.26937 -0.09833
v -0.06051 0.29483 -0.07883
v -0.06720 0.28180 -0.08042
v -0.05811 0.31395 -0.05188
v -0.06559 0.30250 -0.05590
v -0.07037 0.29049 -0.06347
v 0.03532 0.10495 -0.11091
v 0.03422 0.09901 -0.11502
v 0.03149 0.10548 -0.10873
v 0.03673 0.09908 -0.11915
v 0.03844 0.09140 -0.11954
v 0.04054 0.10196 -0.12221
v 0.03423 0.11308 -0.10749
v 0.03477 0.10986 -0.08881
v 0.02881 0.12013 -0.09202
v 0.02699 0.12399 -0.11181
v 0.03124 0.11815 -0.11919
v 0.02907 0.12047 -0.12892
v 0.03534 0.10824 -0.11996
v 0.02217 0.12650 -0.09242
v 0.03575 0.11417 -0.12711
v 0.02064 0.12913 -0.10604
v 0.02251 0.12192 -0.07844
v 0.02792 0.11161 -0.07446
v 0.03330 0.10407 -0.07804
v 0.03561 0.10765 -0.10137
v 0.02233 0.12642 -0.12263
v 0.01445 0.12769 -0.07822
v 0.03284 0.11967 -0.13353
v 0.01635 0.11782 -0.06471
v 0.01042 0.12534 -0.06916
v 0.02118 0.10873 -0.06227
v 0.01090 0.13210 -0.09259
v 0.01389 0.11351 -0.05817
v 0.00469 0.13274 -0.08191
v 0.02604 0.10339 -0.06722
v 0.03527 0.10252 -0.08550
v 0.00151 0.07823 -0.08486
v 0.00334 0.07947 -0.07452
v -0.01000 0.07937 -0.08467
v -0.01165 0.08076 -0.07505
v -0.01014 0.08491 -0.06332
v -0.02193 0.08600 -0.06890
v -0.02416 0.08404 -0.07869
v -0.02491 0.08474 -0.08969
v -0.02976 0.08803 -0.07485
v -0.03120 0.08736 -0.08536
v -0.00168 0.08869 -0.05641
v 0.01617 0.08509 -0.06653
v 0.01028 0.08968 -0.05685
v -0.01324 0.08956 -0.05810
v 0.02073 0.08303 -0.08021
v 0.01588 0.08151 -0.08782
v 0.02731 0.09010 -0.06834
v 0.03184 0.08899 -0.07904
v 0.02058 0.09107 -0.06066
v 0.03066 0.08768 -0.08720
v 0.01986 0.08531 -0.09414
v 0.03175 0.08907 -0.10321
v 0.01902 0.08794 -0.10614
v 0.02653 0.08621 -0.11514
v 0.01068 0.08640 -0.11969
v -0.00337 0.08742 -0.10404
v -0.00995 0.08645 -0.11424
v 0.00410 0.08576 -0.12737
v -0.01190 0.08548 -0.12695
v 0.01414 0.08743 -0.09951
v -0.02242 0.08619 -0.12070
v -0.02614 0.08801 -0.09856
v -0.02967 0.08715 -0.10909
v -0.02235 0.08535 -0.11630
v 0.01199 0.08406 -0.13091
v 0.02367 0.08400 -0.12394
v 0.03033 0.08670 -0.11286
v 0.03363 0.08767 -0.11514
v 0.00230 0.08013 -0.09112
v -0.03301 0.09006 -0.09618
v -0.01271 0.08269 -0.09173
v -0.00134 0.08493 -0.09686
v 0.02908 0.08766 -0.11764
v -0.03157 0.08912 -0.11506
v -0.03825 0.10019 -0.10768
v -0.03576 0.09369 -0.10394
v -0.03979 0.10181 -0.09415
v -0.03566 0.09236 -0.08319
v -0.03783 0.09751 -0.07996
v -0.04009 0.10333 -0.10935
v -0.03842 0.09931 -0.11271
v -0.03474 0.09617 -0.11238
v -0.03348 0.09334 -0.07304
v -0.03558 0.09984 -0.11262
v -0.03272 0.09732 -0.11477
v -0.03524 0.09414 -0.11492
v -0.03474 0.09617 -0.11238
v -0.03272 0.09732 -0.11477
v -0.03330 0.09277 -0.11906
v -0.04103 0.09889 -0.11394
v -0.03842 0.09931 -0.11271
v -0.04009 0.10333 -0.10935
v -0.03840 0.09445 -0.11486
v 0.01179 0.09330 -0.11049
v 0.00747 0.09162 -0.10355
v 0.01595 0.09371 -0.10039
v 0.01132 0.09304 -0.09787
v 0.00401 0.09229 -0.10942
v 0.00590 0.09317 -0.12193
v 0.00399 0.09250 -0.09927
v 0.02454 0.09355 -0.10234
v 0.02197 0.09466 -0.09682
v 0.02864 0.09456 -0.10029
v 0.02957 0.09361 -0.10770
v 0.02112 0.09551 -0.11024
v 0.02629 0.09578 -0.11201
v 0.01906 0.09676 -0.10541
v 0.01561 0.09621 -0.10513
v 0.02357 0.09824 -0.11288
v 0.03190 0.09604 -0.10685
v 0.03118 0.09875 -0.10125
v 0.01179 0.09330 -0.11049
v 0.01561 0.09621 -0.10513
v 0.01006 0.09576 -0.11305
v 0.00590 0.09317 -0.12193
v 0.01595 0.09371 -0.10039
v 0.02197 0.09466 -0.09682
v 0.01489 0.09759 -0.09792
v 0.02532 0.09866 -0.09750
v 0.01132 0.09304 -0.09787
v 0.00378 0.09732 -0.09987
v 0.00399 0.09250 -0.09927
v 0.02864 0.09456 -0.10029
v 0.03118 0.09875 -0.10125
v 0.02953 0.10147 -0.10155
v 0.00401 0.09229 -0.10942
v 0.00374 0.09621 -0.10975
v 0.00399 0.09250 -0.09927
v 0.00378 0.09732 -0.09987
v 0.00590 0.09317 -0.12193
v 0.03190 0.09604 -0.10685
v 0.03149 0.10005 -0.10616
v 0.02924 0.09863 -0.10967
v 0.02629 0.09578 -0.11201
v 0.02357 0.09824 -0.11288
v 0.02957 0.09361 -0.10770
v 0.03118 0.09875 -0.10125
v 0.02953 0.10147 -0.10155
v 0.02073 0.09961 -0.10204
v 0.01489 0.09759 -0.09792
v 0.00993 0.09825 -0.10323
v 0.02532 0.09866 -0.09750
v 0.00378 0.09732 -0.09987
v 0.02953 0.10147 -0.10155
v 0.02655 0.10152 -0.10622
v 0.00374 0.09621 -0.10975
v 0.01006 0.09576 -0.11305
v 0.00590 0.09317 -0.12193
v 0.01561 0.09621 -0.10513
v 0.03149 0.10005 -0.10616
v 0.01906 0.09676 -0.10541
v 0.02357 0.09824 -0.11288
v 0.02924 0.09863 -0.10967
v 0.02112 0.09551 -0.11024
v -0.00341 0.13266 -0.11290
v -0.00313 0.13329 -0.09125
v -0.01555 0.13082 -0.10231
v -0.01716 0.12953 -0.11777
v -0.00200 0.13104 -0.12378
v -0.01245 0.12819 -0.12930
v -0.01485 0.12972 -0.08665
v -0.00557 0.13125 -0.07762
v 0.00469 0.13274 -0.08191
v 0.00988 0.13161 -0.11222
v 0.01090 0.13210 -0.09259
v 0.01284 0.12809 -0.12940
v 0.02064 0.12913 -0.10604
v 0.02233 0.12642 -0.12263
v -0.00318 0.12703 -0.13291
v 0.00698 0.12505 -0.13466
v 0.02203 0.12290 -0.13240
v 0.01097 0.12111 -0.14046
v 0.02527 0.12110 -0.13802
v 0.02907 0.12047 -0.12892
v 0.03284 0.11967 -0.13353
v 0.00955 0.12218 -0.14440
v -0.00676 0.12145 -0.14012
v -0.00492 0.12166 -0.14427
v -0.02184 0.12085 -0.13832
v -0.01857 0.12295 -0.13420
v -0.02460 0.12394 -0.12565
v -0.02631 0.12483 -0.10488
v 0.00146 0.12839 -0.07072
v -0.01154 0.12824 -0.07536
v -0.00778 0.12527 -0.06710
v -0.03213 0.11769 -0.12909
v -0.02978 0.12096 -0.13648
v -0.03798 0.11550 -0.12803
v -0.03081 0.11924 -0.11956
v -0.03394 0.11414 -0.12320
v -0.01960 0.12378 -0.14403
v 0.01445 0.12769 -0.07822
v 0.01042 0.12534 -0.06916
v -0.02731 0.11903 -0.08485
v -0.01730 0.12134 -0.07024
v -0.03248 0.11701 -0.10199
v -0.01122 0.11737 -0.05979
v -0.00273 0.12000 -0.05897
v -0.02373 0.11254 -0.06838
v -0.03059 0.11233 -0.07966
v -0.03383 0.11045 -0.09018
v -0.01442 0.10789 -0.05592
v 0.00964 0.09992 -0.05500
v 0.00481 0.10826 -0.05216
v 0.01466 0.10715 -0.05630
v 0.00136 0.10310 -0.05221
v 0.01719 0.09872 -0.05954
v 0.02604 0.10339 -0.06722
v 0.02118 0.10873 -0.06227
v 0.02162 0.09481 -0.06532
v 0.03033 0.09705 -0.07475
v 0.03330 0.10407 -0.07804
v 0.01389 0.11351 -0.05817
v 0.00368 0.11364 -0.05379
v 0.00699 0.11866 -0.05906
v 0.01635 0.11782 -0.06471
v 0.01042 0.12534 -0.06916
v -0.00481 0.11349 -0.05390
v -0.00273 0.12000 -0.05897
v 0.00146 0.12839 -0.07072
v -0.00619 0.10779 -0.05248
v -0.01122 0.11737 -0.05979
v -0.01442 0.10789 -0.05592
v -0.00180 0.17860 -0.14019
v -0.00568 0.17735 -0.13740
v -0.00521 0.18047 -0.13758
v -0.00172 0.17572 -0.13782
v 0.00311 0.17741 -0.13619
v 0.00185 0.17911 -0.13876
v 0.00185 0.17911 -0.13876
v -0.00521 0.18047 -0.13758
v 0.00033 0.18037 -0.13556
v -0.00180 0.17860 -0.14019
v 0.00311 0.17741 -0.13619
v -0.00374 0.17825 -0.13375
v 0.00311 0.17741 -0.13619
v 0.00033 0.18037 -0.13556
v -0.00374 0.17825 -0.13375
v 0.05828 0.21675 -0.08924
v 0.05345 0.22389 -0.07028
v 0.06241 0.21447 -0.07761
v 0.05847 0.21888 -0.06438
v 0.06362 0.20873 -0.09300
v 0.05007 0.22449 -0.07692
v 0.05303 0.22186 -0.05968
v 0.06233 0.21205 -0.10112
v 0.05736 0.21639 -0.10656
v 0.06751 0.20707 -0.09984
v 0.06441 0.20995 -0.07120
v 0.06576 0.20456 -0.08219
v 0.06451 0.21519 -0.11422
v 0.04833 0.22550 -0.06220
v 0.06190 0.20817 -0.06164
v 0.04315 0.22386 -0.08358
v 0.04454 0.22702 -0.06954
v 0.04827 0.21890 -0.10712
v 0.05506 0.21792 -0.12267
v 0.03981 0.21899 -0.11188
v 0.04202 0.21817 -0.12908
v 0.03265 0.22090 -0.08999
v 0.04062 0.22608 -0.06405
v 0.03343 0.22505 -0.07542
v 0.03176 0.22424 -0.06832
v 0.05731 0.21245 -0.05737
v 0.05123 0.21795 -0.05571
v 0.06191 0.18652 -0.08704
v 0.06067 0.18462 -0.07763
v 0.05412 0.17967 -0.08123
v 0.05693 0.18110 -0.09117
v 0.06244 0.18553 -0.09654
v 0.05859 0.18074 -0.10266
v 0.06432 0.19022 -0.07312
v 0.05840 0.18694 -0.06523
v 0.05335 0.18324 -0.06770
v 0.06220 0.19206 -0.06417
v 0.06447 0.19133 -0.09152
v 0.06793 0.19220 -0.09599
v 0.06598 0.19630 -0.08040
v 0.06490 0.18056 -0.10468
v 0.06532 0.20008 -0.06785
v 0.06111 0.19985 -0.05916
v 0.06564 0.19932 -0.09024
v 0.06774 0.20027 -0.09472
v 0.06576 0.20456 -0.08219
v 0.06441 0.20995 -0.07120
v 0.06190 0.20817 -0.06164
v 0.06362 0.20873 -0.09300
v 0.06751 0.20707 -0.09984
v 0.05731 0.21245 -0.05737
v 0.05847 0.21888 -0.06438
v 0.05509 0.20248 -0.05424
v 0.04898 0.21056 -0.05245
v 0.05123 0.21795 -0.05571
v 0.06636 0.16835 -0.03551
v 0.06560 0.17159 -0.03544
v 0.07031 0.17530 -0.03335
v 0.06636 0.16835 -0.03551
v 0.07031 0.17530 -0.03335
v 0.06560 0.17159 -0.03544
v 0.07031 0.17530 -0.03335
v 0.07309 0.17553 -0.03046
v 0.07323 0.17869 -0.03168
v 0.07323 0.17869 -0.03168
v 0.07128 0.17826 -0.03189
v 0.07031 0.17530 -0.03335
v 0.07309 0.17553 -0.03046
v 0.07031 0.17530 -0.03335
v 0.07128 0.17826 -0.03189
v 0.07323 0.17869 -0.03168
v 0.07309 0.17553 -0.03046
v 0.07323 0.17869 -0.03168
v 0.07416 0.17774 -0.02934
v -0.00515 0.17094 -0.15716
v -0.00903 0.16921 -0.15581
v -0.00808 0.17108 -0.15178
v -0.01114 0.17227 -0.14982
v -0.00515 0.17094 -0.15716
v -0.00807 0.17253 -0.15838
v -0.00903 0.16921 -0.15581
v -0.00903 0.16921 -0.15581
v -0.01118 0.16837 -0.15033
v -0.01114 0.17227 -0.14982
v -0.00903 0.16921 -0.15581
v -0.01114 0.17227 -0.14982
v -0.01118 0.16837 -0.15033
v -0.00881 0.16940 -0.14774
v -0.01118 0.16837 -0.15033
v -0.01407 0.16838 -0.14172
v -0.01118 0.16837 -0.15033
v -0.00881 0.16940 -0.14774
v -0.01114 0.17227 -0.14982
v -0.06296 0.09577 -0.04708
v -0.06661 0.10938 -0.03973
v -0.06139 0.08857 -0.03845
v -0.05792 0.08293 -0.04880
v -0.05381 0.07037 -0.03766
v -0.05520 0.08430 -0.06269
v -0.04834 0.07371 -0.07231
v -0.04673 0.07626 -0.08291
v -0.04093 0.06379 -0.08989
v -0.03888 0.06828 -0.10573
v -0.03494 0.05784 -0.10631
v -0.04293 0.08696 -0.10524
v -0.03917 0.08212 -0.11375
v -0.04196 0.09241 -0.11451
v -0.04373 0.09939 -0.11270
v -0.02883 0.05632 -0.11870
v -0.03146 0.06750 -0.11930
v -0.06163 0.10295 -0.05183
v -0.06468 0.11724 -0.04759
v -0.06893 0.12697 -0.04261
v -0.07431 0.13445 -0.02933
v -0.06488 0.13112 -0.05480
v -0.07666 0.14853 -0.04215
v -0.07073 0.13794 -0.05060
v -0.07451 0.15481 -0.06260
v -0.07973 0.15337 -0.02306
v -0.08000 0.15628 -0.02895
v -0.07896 0.15621 -0.03563
v -0.07965 0.16357 -0.04510
v -0.08008 0.16040 -0.03370
v -0.08245 0.16920 -0.03969
v -0.08337 0.18033 -0.05042
v -0.08680 0.18167 -0.04070
v -0.08227 0.17290 -0.06621
v -0.08255 0.17544 -0.05834
v -0.08434 0.18208 -0.07116
v -0.07681 0.16812 -0.07480
v -0.08072 0.15982 -0.02292
v -0.08215 0.16199 -0.01836
v -0.08359 0.17864 -0.07903
v -0.05179 0.07592 -0.05530
v -0.04479 0.06988 -0.06719
v -0.04754 0.09298 -0.08123
v -0.04682 0.10598 -0.09462
v -0.04421 0.10444 -0.10725
v -0.04928 0.11488 -0.07797
v -0.04893 0.12489 -0.09312
v -0.05619 0.13722 -0.07808
v -0.05367 0.14014 -0.09553
v -0.05354 0.12113 -0.06369
v -0.05042 0.10867 -0.06637
v -0.05819 0.13341 -0.06490
v -0.04664 0.13354 -0.10504
v -0.04424 0.12119 -0.10263
v -0.04218 0.12084 -0.11236
v -0.06444 0.14828 -0.06995
v -0.06532 0.15558 -0.08194
v -0.05356 0.09181 -0.06701
v -0.04145 0.10669 -0.11704
v -0.03886 0.12881 -0.12110
v -0.03806 0.12050 -0.12521
v -0.04128 0.13303 -0.11218
v -0.05849 0.11990 -0.05606
v -0.05595 0.10829 -0.05826
v -0.05707 0.14622 -0.10109
v -0.05211 0.14592 -0.11190
v -0.08629 0.16523 -0.03304
v -0.08833 0.16875 -0.03219
v -0.09134 0.18511 -0.03501
v -0.08035 0.17471 -0.08887
v -0.08293 0.18286 -0.08744
v -0.07829 0.17842 -0.09558
v -0.07247 0.16522 -0.09854
v -0.07344 0.16508 -0.08830
v -0.06206 0.15435 -0.10614
v -0.02535 0.05158 -0.11748
v -0.06568 0.16912 -0.10791
v -0.05583 0.15648 -0.11496
v -0.02084 0.05580 -0.12744
v -0.05794 0.08330 -0.03241
v -0.05313 0.06393 -0.02580
v -0.05290 0.06111 -0.03064
v -0.04960 0.05576 -0.03186
v -0.05010 0.04152 -0.02467
v -0.05283 0.06508 -0.01275
v -0.04861 0.04279 -0.02963
v -0.04541 0.01715 -0.02669
v -0.04930 0.02063 -0.01695
v -0.04767 0.00163 -0.01779
v -0.05256 0.02199 -0.00642
v -0.05114 0.04116 -0.01501
v -0.05324 0.04432 -0.00565
v -0.05664 0.06547 -0.00076
v -0.05759 0.08123 -0.00406
v -0.05873 0.09693 -0.01440
v -0.06150 0.09672 -0.00556
v -0.06577 0.11210 -0.00632
v -0.05398 0.07711 -0.01876
v -0.05843 0.10434 -0.02289
v -0.06409 0.11790 -0.01296
v -0.06198 0.12245 -0.02175
v -0.06643 0.12964 -0.00805
v -0.06733 0.13808 -0.01803
v -0.07013 0.14554 -0.00339
v -0.05866 0.05526 0.00643
v -0.05718 0.07507 0.00478
v -0.05875 0.09483 0.00177
v -0.06262 0.10709 -0.00173
v -0.07761 0.15789 -0.01219
v -0.07882 0.16404 0.00042
v -0.06605 0.13523 0.00161
v -0.06495 0.12284 -0.00215
v -0.06746 0.14756 0.01059
v -0.07924 0.17227 0.01898
v -0.06401 0.10932 -0.03087
v -0.06928 0.13211 -0.02498
v -0.08783 0.18247 0.00826
v -0.08218 0.16444 -0.01322
v -0.08434 0.17040 -0.00428
v -0.08351 0.19283 0.03335
v -0.07680 0.18877 0.04681
v -0.09036 0.19595 0.01360
v -0.08776 0.21157 0.03339
v -0.08273 0.21301 0.05234
v -0.07486 0.20294 0.06464
v -0.06647 0.15517 0.02550
v -0.05777 0.13414 0.01414
v -0.04525 0.06939 -0.05362
v -0.06947 0.17462 0.04567
v -0.09273 0.19135 0.00544
v -0.06764 0.19078 0.06713
v -0.05156 0.07076 -0.04271
v -0.04762 0.06042 -0.03624
v -0.06019 0.16239 0.04775
v -0.05365 0.13997 0.02842
v -0.05349 0.14009 0.03584
v -0.05464 0.14562 0.04680
v -0.04982 0.11152 0.03810
v -0.05093 0.12029 0.04572
v -0.04889 0.09599 0.04197
v -0.04539 0.08706 0.03427
v -0.04833 0.12894 0.02424
v -0.04655 0.11924 0.02794
v -0.04572 0.11625 0.02059
v -0.04237 0.10361 0.02517
v -0.04797 0.10466 0.04959
v -0.04865 0.08699 0.04810
v -0.04937 0.07253 0.04160
v -0.04411 0.10069 0.02988
v -0.04102 0.08298 0.02784
v -0.04190 0.09328 0.02283
v -0.04128 0.07638 0.02503
v -0.04224 0.06817 0.03043
v -0.04681 0.05648 0.03820
v -0.04188 0.05679 0.02973
v -0.04257 0.05125 0.03532
v -0.04337 0.04249 0.03589
v -0.04608 0.03455 0.04490
v -0.05192 0.06632 0.04963
v -0.04756 0.02641 0.04500
v -0.05525 0.05220 0.04998
v -0.05658 0.05226 0.05786
v -0.05309 0.15805 0.05830
v -0.05632 0.17947 0.07305
v -0.04927 0.14539 0.05649
v -0.05046 0.02095 0.04984
v -0.09127 0.18284 0.00313
v -0.05074 0.04617 0.04521
v -0.04637 0.16541 0.07186
v -0.05979 0.19517 0.08244
v -0.03124 0.05556 -0.09946
v -0.03537 0.06144 -0.08002
v -0.08290 0.16090 -0.03062
v -0.04207 0.06484 -0.04461
v -0.03691 0.06223 -0.04843
v -0.03549 0.06462 -0.06153
v -0.02672 0.05208 -0.06095
v -0.02915 0.04781 -0.04945
v -0.03172 0.04764 -0.03838
v -0.02310 0.03094 -0.04186
v -0.02367 0.02973 -0.03315
v -0.01925 0.01958 -0.03538
v -0.02259 0.02365 -0.02831
v -0.01595 0.00315 -0.03103
v -0.01558 0.00967 -0.03815
v -0.01918 0.02745 -0.05063
v -0.00908 -0.00621 -0.03990
v -0.01246 0.01490 -0.05042
v -0.03102 0.04258 -0.03297
v -0.03907 0.05710 -0.03707
v -0.02042 0.00561 -0.02456
v -0.02204 0.05170 -0.06797
v -0.03058 0.06027 -0.07063
v -0.01618 0.03522 -0.06099
v -0.02356 0.05623 -0.07686
v -0.00465 -0.00396 -0.04526
v -0.00795 0.02044 -0.05826
v -0.08361 0.16315 -0.01779
v -0.08501 0.16375 -0.01916
v -0.00733 0.04028 -0.07085
v -0.01470 0.05131 -0.07492
v -0.07823 0.15825 -0.03277
v -0.00209 0.05094 -0.13331
v -0.01055 0.05564 -0.13305
v -0.01324 0.04988 -0.12848
v -0.08290 0.16090 -0.03062
v -0.08629 0.16523 -0.03304
v -0.08700 0.15953 -0.03096
v -0.08833 0.16875 -0.03219
v -0.08140 0.13903 -0.02957
v -0.08564 0.15410 -0.02231
v -0.08555 0.15222 -0.02746
v -0.09740 0.16238 -0.02214
v -0.09039 0.16710 -0.01926
v -0.09171 0.16668 -0.02169
v -0.08833 0.16761 -0.02210
v -0.09707 0.16574 -0.01500
v -0.09887 0.15831 -0.02710
v -0.09806 0.16803 -0.02955
v -0.09821 0.16344 -0.03321
v -0.09853 0.17641 -0.03437
v -0.10034 0.15857 -0.01400
v -0.08553 0.19520 -0.01902
v -0.09039 0.19778 -0.02160
v -0.08268 0.19763 -0.02336
v -0.09625 0.19411 -0.01510
v -0.09916 0.19748 -0.01643
v -0.09874 0.19970 -0.02060
v -0.08067 0.19481 -0.02246
v -0.10998 0.19573 0.00914
v -0.10756 0.20481 0.00894
v -0.11087 0.20832 0.00448
v -0.09461 0.15275 -0.02622
v -0.09864 0.15299 -0.01959
v -0.09887 0.15831 -0.02710
v -0.09497 0.15890 -0.03329
v -0.09821 0.16344 -0.03321
v -0.09522 0.14940 -0.01824
v -0.09928 0.15294 -0.01105
v -0.09384 0.16709 -0.03723
v -0.09601 0.17934 -0.03816
v -0.09010 0.17641 -0.04204
v -0.09263 0.18874 -0.04076
v -0.08680 0.16279 -0.03758
v -0.09853 0.17641 -0.03437
v -0.09798 0.19242 -0.03334
v -0.09655 0.19722 -0.03554
v -0.10146 0.20307 -0.03011
v -0.08894 0.19901 -0.04443
v -0.09464 0.20746 -0.03484
v -0.09013 0.21701 -0.03717
v -0.08926 0.18666 -0.04706
v -0.10091 0.20679 -0.03199
v -0.10509 0.21168 -0.02410
v -0.10083 0.21219 -0.02971
v -0.10468 0.21583 -0.02324
v -0.08397 0.20273 -0.05580
v -0.10672 0.21777 -0.01605
v -0.10950 0.21291 -0.01229
v -0.11069 0.21452 -0.00619
v -0.11194 0.20478 0.00251
v -0.11087 0.20832 0.00448
v -0.10948 0.21392 0.00021
v -0.10998 0.19573 0.00914
v -0.11046 0.19605 0.00325
v -0.10876 0.18059 0.00691
v -0.10468 0.17237 -0.00377
v -0.10354 0.16523 -0.00123
v -0.10034 0.15857 -0.01400
v -0.10828 0.20301 -0.00442
v -0.10475 0.18837 -0.00533
v -0.10387 0.20507 -0.01353
v -0.09916 0.19748 -0.01643
v -0.09874 0.19970 -0.02060
v -0.10105 0.20451 -0.02067
v -0.09965 0.18458 -0.01107
v -0.09672 0.17436 -0.01288
v -0.09910 0.19892 -0.02814
v -0.09600 0.19315 -0.02934
v -0.09318 0.19578 -0.02588
v -0.07938 0.18826 -0.02749
v -0.07925 0.18524 -0.02450
v -0.08067 0.19481 -0.02246
v -0.08110 0.19452 -0.02597
v -0.07627 0.17943 -0.02757
v -0.08268 0.19763 -0.02336
v -0.08752 0.15697 -0.02366
v -0.08581 0.16025 -0.02115
v -0.08545 0.15974 -0.02724
v -0.08714 0.15611 -0.02789
v -0.08629 0.15808 -0.03292
v -0.08516 0.16314 -0.02361
v -0.08714 0.16482 -0.02111
v -0.08564 0.15410 -0.02231
v -0.08501 0.16375 -0.01916
v -0.08361 0.16315 -0.01779
v -0.08832 0.15913 -0.01490
v -0.08538 0.16275 -0.01490
v -0.08863 0.15655 -0.01825
v -0.08218 0.16444 -0.01322
v -0.08610 0.15960 -0.01265
v -0.05042 0.06882 -0.07500
v -0.05391 0.07224 -0.06156
v -0.06086 0.08074 -0.05498
v -0.05479 0.07062 -0.04980
v -0.06058 0.07489 -0.04011
v -0.05438 0.06678 -0.04332
v -0.05067 0.07366 -0.08391
v -0.06846 0.09526 -0.04073
v -0.04509 0.06120 -0.08851
v -0.04429 0.06312 -0.10011
v -0.04147 0.05710 -0.09928
v -0.06553 0.09240 -0.05265
v -0.03820 0.05884 -0.11349
v -0.03229 0.05052 -0.11560
v -0.05886 0.08594 -0.06705
v -0.06213 0.07939 -0.03402
v -0.03169 0.05500 -0.12345
v -0.04626 0.07838 -0.10510
v -0.04331 0.08171 -0.11663
v -0.04754 0.10173 -0.11601
v -0.04877 0.09286 -0.10328
v -0.05178 0.09281 -0.08394
v -0.06699 0.10729 -0.05132
v -0.07446 0.12328 -0.03803
v -0.07406 0.11803 -0.03185
v -0.08140 0.13903 -0.02957
v -0.07960 0.14148 -0.03838
v -0.08555 0.15222 -0.02746
v -0.08405 0.15564 -0.03527
v -0.07059 0.12700 -0.05210
v -0.06789 0.11712 -0.05095
v -0.08328 0.15898 -0.04555
v -0.07728 0.14126 -0.05077
v -0.08603 0.16862 -0.04273
v -0.07599 0.14884 -0.06398
v -0.08762 0.17825 -0.05297
v -0.05203 0.10753 -0.09141
v -0.09010 0.17641 -0.04204
v -0.08377 0.16035 -0.05818
v -0.05678 0.09549 -0.06947
v -0.08375 0.16986 -0.07613
v -0.08699 0.17296 -0.06617
v -0.08680 0.16279 -0.03758
v -0.04857 0.10981 -0.10666
v -0.05084 0.12004 -0.09834
v -0.05600 0.12460 -0.08040
v -0.08926 0.18666 -0.04706
v -0.08688 0.18916 -0.05829
v -0.09263 0.18874 -0.04076
v -0.05314 0.11181 -0.07722
v -0.03272 0.06328 -0.12438
v -0.05417 0.10707 -0.06948
v -0.04457 0.10585 -0.12243
v -0.04580 0.12606 -0.11527
v -0.04795 0.12929 -0.10910
v -0.04371 0.11859 -0.12506
v -0.06486 0.12804 -0.06068
v -0.06031 0.11273 -0.05955
v -0.05686 0.11767 -0.06588
v -0.08867 0.18455 -0.07168
v -0.08775 0.17931 -0.08645
v -0.08808 0.18907 -0.08519
v -0.08722 0.18435 -0.09049
v -0.08184 0.17423 -0.09804
v -0.08930 0.15161 -0.02355
v -0.05470 0.13431 -0.10102
v -0.06148 0.14038 -0.08220
v -0.06332 0.13552 -0.06867
v -0.06738 0.14829 -0.07651
v -0.06581 0.14933 -0.08609
v -0.07495 0.15990 -0.07971
v -0.06518 0.15020 -0.10547
v -0.05378 0.13831 -0.11067
v -0.05675 0.14757 -0.11665
v -0.06877 0.15930 -0.10899
v -0.07752 0.16341 -0.09753
v -0.07654 0.16147 -0.09005
v -0.08479 0.17268 -0.08829
v -0.05584 0.06220 -0.03662
v -0.05857 0.06556 -0.03317
v -0.06058 0.07489 -0.04011
v -0.06213 0.07939 -0.03402
v -0.05438 0.06678 -0.04332
v -0.04714 0.06071 -0.04345
v -0.04884 0.05559 -0.03820
v -0.04565 0.06451 -0.05481
v -0.04113 0.06071 -0.05100
v -0.05479 0.07062 -0.04980
v -0.04100 0.05515 -0.04148
v -0.05221 0.05076 -0.03455
v -0.05528 0.04962 -0.02997
v -0.05001 0.03471 -0.03305
v -0.05372 0.03116 -0.02311
v -0.05051 0.01065 -0.02512
v -0.05562 0.02471 -0.01161
v -0.05669 0.04614 -0.01098
v -0.06309 0.04611 0.00369
v -0.06133 0.02959 -0.00125
v -0.06782 0.02727 0.00710
v -0.06503 0.04734 0.01029
v -0.06164 0.00824 -0.00336
v -0.06922 0.03089 0.01407
v -0.07508 0.01272 0.01339
v -0.05599 0.01069 -0.01046
v -0.06290 0.06016 0.00534
v -0.07238 0.00222 0.00500
v -0.06034 0.05915 -0.00326
v -0.04537 0.00839 -0.03296
v -0.05687 0.05588 -0.02455
v -0.04531 -0.01623 -0.03131
v -0.05634 -0.01849 -0.01602
v -0.06030 0.08346 -0.02460
v -0.05984 0.07617 -0.00993
v -0.03326 0.04469 -0.04749
v -0.03272 0.03740 -0.03574
v -0.02538 0.02370 -0.03827
v -0.02618 0.02251 -0.03222
v -0.02110 0.00865 -0.03506
v -0.01793 0.00849 -0.04506
v -0.02268 0.00698 -0.03181
v -0.01892 -0.00445 -0.03319
v -0.02447 0.03155 -0.05537
v -0.01304 -0.01407 -0.03824
v -0.01002 0.00164 -0.05083
v -0.01529 0.02306 -0.06088
v -0.03204 0.05364 -0.06337
v -0.03683 0.05953 -0.06242
v -0.03023 0.05400 -0.07133
v -0.04104 0.04909 -0.03705
v -0.05721 0.06767 -0.01659
v -0.06236 0.07621 -0.00194
v -0.06614 0.09563 -0.00579
v -0.06502 0.09965 -0.01325
v -0.06997 0.10628 -0.00690
v -0.06957 0.11872 -0.01135
v -0.06766 0.12477 -0.01903
v -0.07055 0.12293 -0.00382
v -0.07222 0.13728 -0.01145
v -0.06264 0.10293 -0.02256
v -0.07443 0.14375 -0.00289
v -0.02148 0.04515 -0.07038
v -0.06052 0.08903 -0.01844
v -0.06030 0.08346 -0.02460
v -0.06052 0.08903 -0.01844
v -0.06264 0.10293 -0.02256
v -0.01647 0.09584 -0.10886
v -0.02279 0.09529 -0.11021
v -0.01763 0.09528 -0.10429
v -0.02423 0.09546 -0.10489
v -0.02198 0.09459 -0.09752
v -0.02763 0.09618 -0.09999
v -0.01356 0.09275 -0.09835
v -0.01159 0.09151 -0.10450
v -0.00547 0.09210 -0.09890
v -0.00425 0.09243 -0.10732
v -0.01448 0.09266 -0.10924
v -0.00920 0.09086 -0.10966
v -0.00533 0.09317 -0.11293
v -0.02325 0.09667 -0.11343
v -0.02065 0.09826 -0.11008
v -0.02758 0.09266 -0.11066
v -0.02963 0.09325 -0.10465
v -0.00425 0.09243 -0.10732
v -0.00246 0.09571 -0.10396
v -0.00458 0.09649 -0.11125
v -0.00533 0.09317 -0.11293
v -0.00351 0.09649 -0.09961
v -0.00547 0.09210 -0.09890
v -0.01116 0.09341 -0.11259
v -0.01378 0.09584 -0.11234
v -0.01448 0.09266 -0.10924
v -0.01647 0.09584 -0.10886
v -0.01763 0.09528 -0.10429
v -0.00920 0.09086 -0.10966
v -0.00533 0.09317 -0.11293
v -0.00876 0.09580 -0.11347
v -0.00533 0.09317 -0.11293
v -0.00458 0.09649 -0.11125
v -0.00876 0.09580 -0.11347
v -0.02325 0.09667 -0.11343
v -0.02352 0.09924 -0.11261
v -0.02694 0.09663 -0.11282
v -0.02814 0.09972 -0.11044
v -0.03091 0.09821 -0.10920
v -0.03205 0.10268 -0.10793
v -0.02758 0.09266 -0.11066
v -0.03285 0.09826 -0.10527
v -0.02963 0.09325 -0.10465
v -0.03222 0.09768 -0.10175
v -0.03288 0.10161 -0.10384
v -0.03558 0.09984 -0.11262
v -0.03825 0.10019 -0.10768
v -0.03842 0.09931 -0.11271
v -0.03720 0.09901 -0.11659
v -0.03300 0.10134 -0.11256
v -0.03489 0.10366 -0.11131
v -0.03205 0.10268 -0.10793
v -0.03569 0.10506 -0.09627
v -0.03422 0.11073 -0.10881
v -0.03383 0.11045 -0.09018
v -0.03443 0.10377 -0.08296
v -0.03339 0.09779 -0.09088
v -0.03248 0.11701 -0.10199
v -0.03250 0.09674 -0.08022
v -0.03011 0.10298 -0.07297
v -0.02638 0.09263 -0.07342
v -0.02285 0.09550 -0.06633
v -0.02024 0.10213 -0.06044
v -0.01065 0.10063 -0.05508
v -0.01442 0.10789 -0.05592
v -0.01346 0.09359 -0.06099
v -0.00619 0.10779 -0.05248
v -0.02946 0.09214 -0.08023
v -0.03396 0.10231 -0.09757
v -0.02977 0.09755 -0.09532
v -0.02373 0.11254 -0.06838
v 0.00136 0.10310 -0.05221
v -0.03081 0.11924 -0.11956
v -0.00063 0.09451 -0.05716
v -0.03378 0.10594 -0.10324
v -0.03394 0.11414 -0.12320
v -0.03213 0.11769 -0.12909
v -0.03573 0.10633 -0.11877
v -0.03489 0.10366 -0.11131
v -0.03720 0.09901 -0.11659
v -0.04005 0.09705 -0.12030
v -0.03691 0.09480 -0.11829
v -0.03483 0.08656 -0.12087
v -0.03558 0.09984 -0.11262
v -0.03720 0.10883 -0.12336
v -0.04133 0.10448 -0.12291
v -0.03798 0.11550 -0.12803
v -0.02770 0.09150 -0.08996
v -0.03205 0.10268 -0.10793
v -0.03059 0.11233 -0.07966
v -0.03691 0.09480 -0.11829
v -0.03720 0.09901 -0.11659
v -0.03842 0.09931 -0.11271
v -0.03840 0.09445 -0.11486
v -0.01188 0.09472 -0.09758
v -0.02198 0.09459 -0.09752
v -0.02250 0.09823 -0.09639
v -0.01356 0.09275 -0.09835
v -0.00547 0.09210 -0.09890
v -0.00351 0.09649 -0.09961
v -0.02763 0.09618 -0.09999
v -0.02780 0.09987 -0.10008
v -0.03222 0.09768 -0.10175
v -0.03288 0.10161 -0.10384
v -0.02963 0.09325 -0.10465
v -0.03222 0.09768 -0.10175
v -0.02763 0.09618 -0.09999
v -0.01520 0.09762 -0.10677
v -0.01405 0.09818 -0.09966
v -0.02478 0.10045 -0.10706
v -0.02723 0.10124 -0.10285
v -0.03205 0.10268 -0.10793
v -0.02065 0.09826 -0.11008
v -0.02352 0.09924 -0.11261
v -0.02814 0.09972 -0.11044
v -0.00553 0.09816 -0.10303
v -0.00458 0.09649 -0.11125
v -0.00876 0.09580 -0.11347
v -0.01378 0.09584 -0.11234
v -0.03288 0.10161 -0.10384
v -0.00246 0.09571 -0.10396
v -0.00351 0.09649 -0.09961
v -0.02780 0.09987 -0.10008
v -0.02250 0.09823 -0.09639
v -0.01647 0.09584 -0.10886
v -0.01188 0.09472 -0.09758
v -0.01647 0.09584 -0.10886
v -0.02065 0.09826 -0.11008
v -0.02279 0.09529 -0.11021
v -0.01520 0.09762 -0.10677
v -0.02325 0.09667 -0.11343
v -0.02065 0.09826 -0.11008
v -0.02352 0.09924 -0.11261
v -0.00172 0.17572 -0.13782
v 0.00311 0.17741 -0.13619
v -0.00374 0.17825 -0.13375
v -0.00568 0.17735 -0.13740
v -0.00568 0.17735 -0.13740
v -0.00374 0.17825 -0.13375
v -0.00521 0.18047 -0.13758
v -0.03365 0.18141 -0.08809
v -0.04512 0.17920 -0.07913
v -0.04461 0.17776 -0.09701
v -0.03181 0.18143 -0.10467
v -0.04287 0.17861 -0.11295
v -0.02892 0.18325 -0.12134
v -0.02225 0.18597 -0.09059
v -0.03376 0.18462 -0.06920
v -0.01981 0.18900 -0.07987
v -0.02368 0.18902 -0.07018
v -0.02383 0.18619 -0.11150
v -0.03820 0.17818 -0.12198
v -0.02218 0.18424 -0.12976
v -0.05195 0.17726 -0.11329
v -0.05590 0.17961 -0.10441
v -0.05850 0.17512 -0.11293
v -0.04166 0.18709 -0.06061
v -0.04828 0.18126 -0.07032
v -0.05411 0.18026 -0.07835
v -0.05225 0.17824 -0.09455
v -0.06169 0.18008 -0.10579
v -0.03169 0.19131 -0.06034
v -0.05300 0.18610 -0.06231
v -0.05738 0.18490 -0.06772
v -0.04998 0.19039 -0.05676
v -0.01954 0.19239 -0.12130
v -0.01297 0.19353 -0.13117
v -0.04127 0.19413 -0.05461
v -0.06702 0.18550 -0.09952
v -0.06814 0.19290 -0.09554
v -0.07182 0.18818 -0.09770
v -0.07208 0.17979 -0.10113
v -0.07233 0.19990 -0.09594
v -0.06664 0.20193 -0.09465
v -0.02253 0.21089 -0.06405
v -0.02430 0.21859 -0.06882
v -0.02878 0.21667 -0.06071
v -0.01914 0.21397 -0.07475
v -0.01718 0.20655 -0.07343
v -0.02056 0.20392 -0.06491
v -0.02674 0.20684 -0.05811
v -0.03147 0.22262 -0.06508
v -0.03556 0.21437 -0.05485
v -0.03952 0.22034 -0.05679
v -0.04492 0.21367 -0.05272
v -0.03952 0.22034 -0.05679
v -0.05197 0.22044 -0.05810
v -0.04821 0.22461 -0.06103
v -0.04081 0.22589 -0.06368
v -0.03147 0.22262 -0.06508
v -0.07233 0.19990 -0.09594
v -0.06664 0.20193 -0.09465
v -0.07160 0.20729 -0.10126
v -0.06711 0.20950 -0.10254
v -0.06866 0.21580 -0.11479
v -0.06291 0.21538 -0.11468
v -0.05483 0.21906 -0.12723
v -0.00825 0.20020 -0.13123
v -0.00449 0.20647 -0.13556
v -0.00932 0.20563 -0.13383
v -0.00514 0.21185 -0.13851
v -0.00039 0.20864 -0.13743
v -0.01467 0.20298 -0.12856
v -0.01507 0.19819 -0.12427
v -0.01477 0.21763 -0.14261
v -0.02636 0.21923 -0.14250
v -0.01739 0.21262 -0.14009
v -0.03929 0.22339 -0.14034
v -0.04489 0.22055 -0.13591
v -0.05152 0.22448 -0.13572
v -0.05757 0.22214 -0.13031
v -0.03034 0.21714 -0.14004
v -0.02017 0.20940 -0.13462
v -0.03218 0.21520 -0.13464
v -0.04373 0.21858 -0.13189
v -0.02178 0.20798 -0.12598
v -0.03346 0.21515 -0.12748
v -0.01719 0.20102 -0.11954
v -0.03700 0.21864 -0.11169
v -0.04586 0.22057 -0.09769
v -0.03846 0.22176 -0.09063
v -0.04566 0.21883 -0.11892
v -0.04168 0.22657 -0.07516
v -0.03062 0.22397 -0.07464
v -0.02665 0.21655 -0.10238
v -0.02097 0.21717 -0.08065
v -0.04912 0.22576 -0.07142
v -0.05494 0.21717 -0.11009
v -0.05921 0.21466 -0.10234
v -0.05568 0.22053 -0.08037
v -0.05503 0.22280 -0.06572
v -0.06337 0.20975 -0.09400
v -0.01621 0.20017 -0.10496
v -0.01765 0.20857 -0.10053
v -0.01548 0.20756 -0.08846
v -0.01486 0.19961 -0.08769
v -0.01914 0.21397 -0.07475
v -0.01718 0.20655 -0.07343
v -0.02136 0.20873 -0.11537
v -0.02430 0.21859 -0.06882
v -0.06526 0.20756 -0.07863
v -0.06597 0.19830 -0.06989
v -0.06378 0.21125 -0.06803
v -0.06627 0.19746 -0.07846
v -0.06554 0.20035 -0.08973
v -0.06337 0.20975 -0.09400
v -0.06475 0.19048 -0.09261
v -0.06170 0.21489 -0.08257
v -0.06113 0.21694 -0.07072
v -0.06194 0.20776 -0.06151
v -0.06664 0.20193 -0.09465
v -0.06814 0.19290 -0.09554
v -0.06324 0.19768 -0.06285
v -0.06711 0.20950 -0.10254
v -0.06455 0.19044 -0.07879
v -0.05860 0.21777 -0.06292
v -0.06319 0.18976 -0.06909
v -0.05503 0.22280 -0.06572
v -0.05626 0.21187 -0.05642
v -0.05832 0.20143 -0.05651
v -0.05197 0.22044 -0.05810
v -0.05568 0.22053 -0.08037
v -0.05921 0.21466 -0.10234
v -0.04821 0.22461 -0.06103
v -0.04912 0.22576 -0.07142
v -0.05120 0.20847 -0.05267
v -0.04492 0.21367 -0.05272
v -0.05590 0.17961 -0.10441
v -0.05225 0.17824 -0.09455
v -0.05962 0.18352 -0.09139
v -0.06289 0.18476 -0.09843
v -0.05411 0.18026 -0.07835
v -0.06059 0.18459 -0.07885
v -0.05738 0.18490 -0.06772
v -0.05938 0.19202 -0.06083
v -0.05300 0.18610 -0.06231
v -0.06702 0.18550 -0.09952
v -0.06169 0.18008 -0.10579
v -0.04998 0.19039 -0.05676
v -0.05041 0.19828 -0.05328
v -0.08003 0.17724 -0.02479
v -0.08259 0.17226 -0.02244
v -0.07925 0.18524 -0.02450
v -0.08307 0.18696 -0.01909
v -0.08067 0.19481 -0.02246
v -0.07627 0.17943 -0.02757
v -0.08713 0.17442 -0.01837
v -0.08435 0.17217 -0.02120
v -0.08637 0.16900 -0.02112
v -0.09039 0.16710 -0.01926
v -0.08714 0.16482 -0.02111
v -0.08516 0.16314 -0.02361
v -0.07953 0.16353 -0.02824
v -0.07510 0.16545 -0.03105
v -0.07882 0.16974 -0.02655
v -0.09672 0.17436 -0.01288
v -0.09707 0.16574 -0.01500
v -0.08964 0.18605 -0.01655
v -0.09965 0.18458 -0.01107
v -0.10468 0.17237 -0.00377
v -0.10034 0.15857 -0.01400
v -0.08553 0.19520 -0.01902
v -0.09625 0.19411 -0.01510
v -0.07670 0.16175 -0.03233
v -0.08122 0.17216 -0.02535
v -0.07368 0.16365 -0.03563
v -0.07653 0.16993 -0.03115
v -0.09916 0.19748 -0.01643
v -0.08477 0.17882 -0.03015
v -0.08911 0.18462 -0.03244
v -0.08238 0.18690 -0.03276
v -0.08843 0.17589 -0.03054
v -0.08471 0.17169 -0.02687
v -0.08724 0.16847 -0.02490
v -0.07994 0.17385 -0.02973
v -0.07775 0.17851 -0.03291
v -0.07361 0.18496 -0.03564
v -0.07653 0.16993 -0.03115
v -0.08995 0.19562 -0.03039
v -0.07240 0.17383 -0.03766
v -0.06613 0.17273 -0.04163
v -0.06721 0.16643 -0.04169
v -0.07368 0.16365 -0.03563
v -0.07210 0.16105 -0.03696
v -0.07670 0.16175 -0.03233
v -0.06580 0.16096 -0.03991
v -0.05756 0.16605 -0.04335
v -0.07964 0.19434 -0.03131
v -0.07823 0.15825 -0.03277
v -0.05821 0.16215 -0.04110
v -0.08122 0.17216 -0.02535
v -0.05532 0.16665 -0.04084
v -0.05756 0.16605 -0.04335
v -0.05799 0.17223 -0.04163
v -0.05821 0.16215 -0.04110
v -0.08428 0.20157 -0.02607
v -0.09046 0.20318 -0.02635
v -0.09178 0.20502 -0.02072
v -0.07964 0.19434 -0.03131
v -0.07749 0.19798 -0.02848
v -0.06723 0.18300 -0.03706
v -0.08995 0.19562 -0.03039
v -0.07361 0.18496 -0.03564
v -0.06613 0.17273 -0.04163
v -0.07749 0.19798 -0.02848
v -0.07854 0.20140 -0.02296
v -0.07426 0.19324 -0.02562
v -0.06723 0.18300 -0.03706
v -0.07872 0.20043 -0.01917
v -0.06552 0.18332 -0.03386
v -0.06228 0.17695 -0.03369
v -0.05799 0.17223 -0.04163
v -0.05532 0.16665 -0.04084
v -0.08230 0.20219 -0.02032
v -0.08428 0.20157 -0.02607
v -0.08970 0.20209 -0.01923
v -0.09178 0.20502 -0.02072
v -0.09380 0.15479 -0.01657
v -0.09351 0.15821 -0.02308
v -0.09559 0.15894 -0.01328
v -0.09493 0.15943 -0.00760
v -0.09786 0.16662 -0.00589
v -0.10029 0.17170 0.00140
v -0.10299 0.17946 0.00392
v -0.10299 0.18529 0.00210
v -0.10478 0.19356 0.00450
v -0.10079 0.18569 -0.00208
v -0.10339 0.20194 -0.00173
v -0.10565 0.20275 0.00279
v -0.10500 0.20811 -0.00244
v -0.10528 0.20838 0.00031
v -0.10554 0.21229 -0.00602
v -0.10220 0.21017 -0.00958
v -0.09801 0.19022 -0.00785
v -0.09561 0.20161 -0.01517
v -0.09811 0.20720 -0.01215
v -0.10128 0.21401 -0.01619
v -0.09938 0.21219 -0.01246
v -0.09071 0.15629 -0.02302
v -0.07901 0.18438 -0.01649
v -0.07864 0.19535 -0.01689
v -0.08915 0.18372 -0.01161
v -0.08600 0.19458 -0.01358
v -0.09478 0.17377 -0.00880
v -0.08843 0.16753 -0.01422
v -0.07573 0.17510 -0.02150
v -0.08013 0.16539 -0.02038
v -0.08361 0.16315 -0.01779
v -0.07425 0.16456 -0.02499
v -0.06781 0.17373 -0.02728
v -0.05917 0.16526 -0.03489
v -0.06760 0.16059 -0.03078
v -0.07483 0.18752 -0.02292
v -0.08072 0.15982 -0.02292
v -0.06228 0.17695 -0.03369
v -0.05911 0.16188 -0.03710
v -0.07426 0.19324 -0.02562
v -0.05532 0.16665 -0.04084
v -0.08215 0.16199 -0.01836
v -0.07872 0.20043 -0.01917
v -0.08894 0.19951 -0.01512
v -0.05821 0.16215 -0.04110
v -0.08230 0.20219 -0.02032
v -0.08970 0.20209 -0.01923
v -0.09178 0.20502 -0.02072
v -0.08215 0.16199 -0.01836
v -0.08013 0.16539 -0.02038
v -0.08501 0.16375 -0.01916
v -0.09938 0.21219 -0.01246
v -0.10128 0.21401 -0.01619
v -0.10220 0.21017 -0.00958
v -0.06611 0.15983 -0.03597
v -0.07531 0.15882 -0.02947
v -0.07210 0.16105 -0.03696
v -0.06580 0.16096 -0.03991
v -0.05821 0.16215 -0.04110
v -0.07823 0.15825 -0.03277
v -0.05911 0.16188 -0.03710
v -0.08000 0.15628 -0.02895
v -0.06760 0.16059 -0.03078
v -0.08072 0.15982 -0.02292
v -0.06426 0.16985 -0.03644
v -0.06868 0.17311 -0.03395
v -0.06635 0.16715 -0.03547
v -0.06426 0.16985 -0.03644
v -0.06635 0.16715 -0.03547
v -0.06868 0.17311 -0.03395
v -0.08013 0.16539 -0.02038
v -0.08361 0.16315 -0.01779
v -0.08501 0.16375 -0.01916
v -0.08509 0.16034 -0.00918
v -0.08610 0.15960 -0.01265
v -0.08497 0.15487 -0.01538
v -0.08497 0.15487 -0.01538
v -0.08610 0.15960 -0.01265
v -0.08509 0.16034 -0.00918
v -0.08538 0.16275 -0.01490
v -0.08605 0.16572 -0.01133
v -0.08630 0.16456 -0.01621
v -0.08538 0.16275 -0.01490
v -0.08630 0.16456 -0.01621
v -0.08605 0.16572 -0.01133
v -0.09881 0.21205 0.00165
v -0.10348 0.21550 -0.00070
v -0.10514 0.20953 0.00544
v -0.09728 0.21761 -0.00247
v -0.10948 0.21392 0.00021
v -0.11087 0.20832 0.00448
v -0.10756 0.20481 0.00894
v -0.10598 0.21851 -0.00766
v -0.09829 0.21921 -0.00836
v -0.09888 0.20239 0.00694
v -0.10454 0.19717 0.01027
v -0.10998 0.19573 0.00914
v -0.10610 0.18122 0.01034
v -0.09892 0.21620 -0.02514
v -0.10468 0.21583 -0.02324
v -0.10327 0.21875 -0.01817
v -0.10083 0.21219 -0.02971
v -0.09471 0.21416 -0.02782
v -0.09464 0.20746 -0.03484
v -0.10672 0.21777 -0.01605
v -0.09774 0.21764 -0.01834
v -0.10598 0.21851 -0.00766
v -0.09829 0.21921 -0.00836
v -0.11069 0.21452 -0.00619
v -0.10948 0.21392 0.00021
v -0.10091 0.20679 -0.03199
v -0.09655 0.19722 -0.03554
v -0.09820 0.21073 -0.02036
v -0.09938 0.21219 -0.01246
v -0.10128 0.21401 -0.01619
v -0.09820 0.21073 -0.02036
v -0.10128 0.21401 -0.01619
v -0.09938 0.21219 -0.01246
v -0.10058 0.20723 -0.00128
v -0.10500 0.20811 -0.00244
v -0.10528 0.20838 0.00031
v -0.10058 0.20723 -0.00128
v -0.10528 0.20838 0.00031
v -0.10500 0.20811 -0.00244
v -0.10299 0.18529 0.00210
v -0.10154 0.18753 0.00390
v -0.10299 0.17946 0.00392
v -0.10154 0.18753 0.00390
v -0.10299 0.18529 0.00210
v -0.10299 0.17946 0.00392
vt 0.63645 0.87684
vt 0.63371 0.87295
vt 0.63432 0.87963
vt 0.63560 0.88440
vt 0.63827 0.88514
vt 0.63621 0.89046
vt 0.63903 0.89066
vt 0.63834 0.89721
vt 0.63580 0.89758
vt 0.63836 0.90055
vt 0.63687 0.90331
vt 0.64036 0.90149
vt 0.89568 0.91606
vt 0.89182 0.91264
vt 0.89692 0.91134
vt 0.89322 0.90746
vt 0.88740 0.90968
vt 0.89145 0.90388
vt 0.88522 0.90648
vt 0.89733 0.90656
vt 0.89603 0.90007
vt 0.90044 0.90864
vt 0.89752 0.91486
vt 0.89778 0.91756
vt 0.90203 0.90289
vt 0.90341 0.89680
vt 0.89050 0.89960
vt 0.88566 0.90187
vt 0.89951 0.89549
vt 0.89520 0.89519
vt 0.90645 0.90721
vt 0.90568 0.90165
vt 0.91139 0.89673
vt 0.90419 0.89276
vt 0.90922 0.89343
vt 0.91390 0.89235
vt 0.91730 0.89421
vt 0.91385 0.89878
vt 0.90994 0.90218
vt 0.91548 0.90220
vt 0.91292 0.90743
vt 0.91857 0.89702
vt 0.92140 0.89327
vt 0.92204 0.89889
vt 0.92032 0.90056
vt 0.92376 0.89407
vt 0.91533 0.90644
vt 0.92281 0.90185
vt 0.91554 0.91014
vt 0.91345 0.91247
vt 0.89950 0.89209
vt 0.91890 0.89019
vt 0.90868 0.88858
vt 0.91965 0.90383
vt 0.92303 0.90390
vt 0.91569 0.88820
vt 0.90365 0.88869
vt 0.89169 0.89441
vt 0.88728 0.89725
vt 0.91924 0.90926
vt 0.92157 0.90628
vt 0.91593 0.91335
vt 0.92347 0.90638
vt 0.88523 0.91458
vt 0.88923 0.91714
vt 0.88248 0.91052
vt 0.88170 0.90520
vt 0.89671 0.92026
vt 0.89834 0.91233
vt 0.89953 0.91122
vt 0.89411 0.88943
vt 0.90199 0.91020
vt 0.90001 0.88666
vt 0.90466 0.90943
vt 0.90718 0.90997
vt 0.92301 0.88987
vt 0.88117 0.90041
vt 0.90574 0.88455
vt 0.91361 0.88490
vt 0.88317 0.89616
vt 0.92062 0.88721
vt 0.88882 0.88877
vt 0.88446 0.89120
vt 0.89558 0.88522
vt 0.87718 0.90832
vt 0.87782 0.90305
vt 0.92626 0.89010
vt 0.88405 0.91906
vt 0.87961 0.91301
vt 0.88084 0.91729
vt 0.89936 0.92043
vt 0.88681 0.92233
vt 0.89204 0.92206
vt 0.89999 0.88253
vt 0.87537 0.91193
vt 0.87629 0.89873
vt 0.87459 0.90555
vt 0.90919 0.88097
vt 0.90465 0.88043
vt 0.92502 0.89649
vt 0.92320 0.88674
vt 0.87328 0.90174
vt 0.87588 0.91682
vt 0.89703 0.92455
vt 0.88102 0.92225
vt 0.92593 0.88725
vt 0.87542 0.92142
vt 0.87067 0.91004
vt 0.88550 0.92550
vt 0.89272 0.92706
vt 0.90120 0.92318
vt 0.91383 0.88102
vt 0.86977 0.90576
vt 0.88027 0.92600
vt 0.87622 0.92559
vt 0.87058 0.91424
vt 0.89776 0.92911
vt 0.90178 0.92622
vt 0.90310 0.93101
vt 0.90685 0.92840
vt 0.90707 0.93222
vt 0.91125 0.93215
vt 0.90989 0.93314
vt 0.91318 0.93564
vt 0.90522 0.93582
vt 0.90982 0.93723
vt 0.90874 0.93854
vt 0.91177 0.94127
vt 0.91290 0.94064
vt 0.91401 0.94355
vt 0.91216 0.94467
vt 0.91597 0.94888
vt 0.91452 0.95108
vt 0.91687 0.95402
vt 0.91514 0.95597
vt 0.91808 0.95817
vt 0.91739 0.96101
vt 0.91217 0.95059
vt 0.92053 0.96317
vt 0.92009 0.96553
vt 0.92496 0.96766
vt 0.92284 0.96974
vt 0.89996 0.93511
vt 0.90441 0.92575
vt 0.90929 0.94751
vt 0.90800 0.94147
vt 0.89404 0.93246
vt 0.88971 0.92989
vt 0.88382 0.92853
vt 0.91293 0.95854
vt 0.92626 0.97197
vt 0.92055 0.97102
vt 0.89224 0.93544
vt 0.89603 0.93726
vt 0.90040 0.94046
vt 0.89525 0.93959
vt 0.89842 0.94081
vt 0.89882 0.94821
vt 0.90056 0.94685
vt 0.90175 0.95276
vt 0.89974 0.95326
vt 0.90139 0.95659
vt 0.90324 0.95731
vt 0.90155 0.95950
vt 0.90165 0.94483
vt 0.89557 0.94397
vt 0.89270 0.93908
vt 0.90406 0.96114
vt 0.89719 0.94974
vt 0.89853 0.95538
vt 0.90316 0.94980
vt 0.90467 0.95335
vt 0.90573 0.95703
vt 0.90259 0.94360
vt 0.90215 0.94118
vt 0.90371 0.94418
vt 0.90448 0.94738
vt 0.90548 0.95110
vt 0.90621 0.95133
vt 0.90742 0.95557
vt 0.90785 0.95470
vt 0.90236 0.93844
vt 0.88939 0.93744
vt 0.90900 0.95897
vt 0.90839 0.95998
vt 0.90897 0.96159
vt 0.88574 0.93510
vt 0.89856 0.95999
vt 0.89204 0.94223
vt 0.90718 0.95956
vt 0.90183 0.96414
vt 0.89333 0.94626
vt 0.89444 0.95152
vt 0.88835 0.94013
vt 0.90592 0.94839
vt 0.90527 0.96317
vt 0.90805 0.96306
vt 0.90450 0.94107
vt 0.90692 0.92661
vt 0.90957 0.92785
vt 0.91176 0.92904
vt 0.91087 0.92667
vt 0.91433 0.92972
vt 0.91509 0.93391
vt 0.91737 0.93488
vt 0.92042 0.94083
vt 0.92227 0.93944
vt 0.92271 0.94430
vt 0.91995 0.94471
vt 0.91679 0.94050
vt 0.91554 0.93740
vt 0.90523 0.94444
vt 0.87149 0.91959
vt 0.87887 0.93025
vt 0.87333 0.92463
vt 0.89507 0.95706
vt 0.90311 0.96480
vt 0.89668 0.96199
vt 0.91539 0.96478
vt 0.88833 0.94330
vt 0.89844 0.91707
vt 0.90883 0.96388
vt 0.91009 0.96586
vt 0.90918 0.96663
vt 0.91005 0.96897
vt 0.91103 0.96936
vt 0.87508 0.93101
vt 0.90925 0.95236
vt 0.88041 0.93466
vt 0.87274 0.92819
vt 0.91792 0.96780
vt 0.88423 0.94004
vt 0.86971 0.92554
vt 0.89121 0.94845
vt 0.86782 0.92114
vt 0.89839 0.91419
vt 0.86594 0.91854
vt 0.89119 0.95280
vt 0.87590 0.93545
vt 0.86600 0.91060
vt 0.86380 0.91410
vt 0.91226 0.97282
vt 0.90907 0.92710
vt 0.87195 0.93223
vt 0.86859 0.93026
vt 0.86622 0.92616
vt 0.86327 0.92124
vt 0.91247 0.97016
vt 0.91411 0.97379
vt 0.87834 0.93867
vt 0.87177 0.93696
vt 0.92378 0.97367
vt 0.88716 0.94739
vt 0.88321 0.94359
vt 0.92521 0.97751
vt 0.86164 0.91785
vt 0.86756 0.93452
vt 0.86238 0.92570
vt 0.87983 0.94192
vt 0.87561 0.94111
vt 0.86395 0.93089
vt 0.86391 0.93483
vt 0.87087 0.94205
vt 0.86002 0.92971
vt 0.86744 0.94063
vt 0.86550 0.93877
vt 0.86146 0.93341
vt 0.86237 0.93757
vt 0.19786 0.51141
vt 0.19722 0.51659
vt 0.20225 0.51265
vt 0.20218 0.51703
vt 0.19361 0.51486
vt 0.20224 0.50808
vt 0.19176 0.51100
vt 0.19543 0.50820
vt 0.18985 0.51457
vt 0.19850 0.50558
vt 0.18673 0.51241
vt 0.18850 0.50760
vt 0.19245 0.50514
vt 0.19000 0.51929
vt 0.19484 0.51998
vt 0.18674 0.51714
vt 0.18265 0.50816
vt 0.18247 0.51169
vt 0.18019 0.51495
vt 0.18338 0.51784
vt 0.18584 0.50472
vt 0.17845 0.50989
vt 0.19809 0.50205
vt 0.18459 0.52056
vt 0.17973 0.50571
vt 0.17505 0.50513
vt 0.17284 0.50874
vt 0.17141 0.50419
vt 0.16860 0.50401
vt 0.16791 0.50736
vt 0.16903 0.51088
vt 0.17581 0.51420
vt 0.17135 0.51366
vt 0.17971 0.51910
vt 0.16633 0.50866
vt 0.16549 0.51289
vt 0.16814 0.51453
vt 0.16656 0.50535
vt 0.18866 0.50098
vt 0.17003 0.50158
vt 0.17874 0.50214
vt 0.17422 0.51729
vt 0.16590 0.51680
vt 0.18817 0.52349
vt 0.17853 0.52263
vt 0.18075 0.52512
vt 0.19277 0.52310
vt 0.16910 0.51869
vt 0.18440 0.52585
vt 0.16430 0.51651
vt 0.17463 0.52447
vt 0.18466 0.50016
vt 0.17500 0.50026
vt 0.19381 0.50000
vt 0.17237 0.52057
vt 0.16957 0.52262
vt 0.17106 0.52742
vt 0.16827 0.52505
vt 0.16719 0.52804
vt 0.16536 0.52607
vt 0.16586 0.52211
vt 0.16905 0.53212
vt 0.17321 0.53112
vt 0.17670 0.52810
vt 0.16687 0.53146
vt 0.17439 0.53530
vt 0.17081 0.53564
vt 0.17777 0.53203
vt 0.16458 0.51987
vt 0.16386 0.52319
vt 0.18181 0.52949
vt 0.18969 0.52833
vt 0.16457 0.52887
vt 0.19325 0.52800
vt 0.18580 0.53133
vt 0.19794 0.52497
vt 0.17232 0.53854
vt 0.20165 0.52128
vt 0.18005 0.53558
vt 0.17514 0.53886
vt 0.16881 0.53622
vt 0.16337 0.51439
vt 0.19922 0.52798
vt 0.19637 0.53108
vt 0.19123 0.53220
vt 0.16416 0.50933
vt 0.18591 0.53530
vt 0.16267 0.52556
vt 0.16241 0.52322
vt 0.16207 0.52148
vt 0.16213 0.51857
vt 0.19057 0.53615
vt 0.19522 0.53616
vt 0.17067 0.54104
vt 0.17760 0.53987
vt 0.18514 0.53923
vt 0.20193 0.50026
vt 0.20781 0.50230
vt 0.16456 0.50407
vt 0.16049 0.52062
vt 0.03403 0.02860
vt 0.03250 0.02384
vt 0.03002 0.03016
vt 0.03753 0.02368
vt 0.03547 0.01945
vt 0.04126 0.01889
vt 0.03775 0.01550
vt 0.04262 0.01341
vt 0.04758 0.01691
vt 0.04862 0.01327
vt 0.04084 0.02376
vt 0.04584 0.02184
vt 0.05136 0.02180
vt 0.03877 0.02817
vt 0.03732 0.03356
vt 0.03265 0.03510
vt 0.03852 0.03875
vt 0.04170 0.03630
vt 0.04211 0.03248
vt 0.04631 0.03281
vt 0.04459 0.02707
vt 0.04751 0.02986
vt 0.04911 0.02609
vt 0.05139 0.02901
vt 0.05133 0.03270
vt 0.04293 0.03902
vt 0.04610 0.03715
vt 0.04483 0.03818
vt 0.04663 0.03574
vt 0.04187 0.04126
vt 0.02676 0.03562
vt 0.03308 0.04055
vt 0.03879 0.04240
vt 0.02805 0.04118
vt 0.05183 0.01561
vt 0.05480 0.03104
vt 0.05495 0.03439
vt 0.05721 0.03330
vt 0.05322 0.03659
vt 0.02453 0.03137
vt 0.02639 0.02671
vt 0.05291 0.01890
vt 0.05375 0.01620
vt 0.05265 0.01279
vt 0.05507 0.02012
vt 0.05546 0.02310
vt 0.05808 0.02253
vt 0.05456 0.01390
vt 0.05403 0.02681
vt 0.02998 0.04452
vt 0.03741 0.04566
vt 0.02460 0.04156
vt 0.02285 0.03729
vt 0.02980 0.02097
vt 0.04164 0.04417
vt 0.05761 0.02941
vt 0.05719 0.02650
vt 0.05973 0.02554
vt 0.05951 0.02808
vt 0.03130 0.01559
vt 0.05011 0.03538
vt 0.03561 0.01269
vt 0.02013 0.03568
vt 0.02078 0.04180
vt 0.02333 0.04594
vt 0.02154 0.03094
vt 0.02304 0.02553
vt 0.03481 0.04928
vt 0.02813 0.04879
vt 0.04137 0.04746
vt 0.02471 0.02027
vt 0.02727 0.01531
vt 0.04767 0.03676
vt 0.04752 0.00991
vt 0.04095 0.00987
vt 0.05206 0.00990
vt 0.05382 0.01001
vt 0.06191 0.02380
vt 0.01681 0.03996
vt 0.05145 0.03781
vt 0.01731 0.03476
vt 0.01859 0.02604
vt 0.01692 0.03073
vt 0.01903 0.04701
vt 0.02280 0.05076
vt 0.03137 0.05328
vt 0.04371 0.04635
vt 0.02721 0.05300
vt 0.01448 0.04414
vt 0.01921 0.01891
vt 0.02362 0.01409
vt 0.01520 0.02776
vt 0.01348 0.03376
vt 0.04362 0.03967
vt 0.04486 0.04015
vt 0.02017 0.05300
vt 0.01150 0.03840
vt 0.01644 0.05057
vt 0.01181 0.04764
vt 0.01092 0.03027
vt 0.01340 0.02313
vt 0.00884 0.04308
vt 0.00895 0.03430
vt 0.01838 0.01355
vt 0.00839 0.02862
vt 0.02229 0.01001
vt 0.01314 0.01794
vt 0.00544 0.03888
vt 0.00895 0.02323
vt 0.00751 0.04676
vt 0.00513 0.03345
vt 0.04311 0.04050
vt 0.04834 0.03774
vt 0.05120 0.03870
vt 0.05315 0.04010
vt 0.05508 0.04052
vt 0.05431 0.04234
vt 0.05625 0.04283
vt 0.05425 0.04318
vt 0.05725 0.04181
vt 0.05815 0.04271
vt 0.05485 0.04379
vt 0.05356 0.04308
vt 0.05327 0.04226
vt 0.05369 0.04395
vt 0.05764 0.04338
vt 0.25031 0.15952
vt 0.25488 0.15935
vt 0.25635 0.16392
vt 0.25954 0.15916
vt 0.24991 0.16696
vt 0.26456 0.16293
vt 0.26585 0.16686
vt 0.26349 0.16886
vt 0.25886 0.17080
vt 0.25476 0.16885
vt 0.26929 0.17111
vt 0.27053 0.16821
vt 0.26356 0.17191
vt 0.27211 0.17255
vt 0.27472 0.17240
vt 0.27277 0.17580
vt 0.27069 0.17480
vt 0.26770 0.17353
vt 0.25465 0.17213
vt 0.25181 0.17319
vt 0.26478 0.16088
vt 0.25492 0.15637
vt 0.26917 0.16448
vt 0.27311 0.16788
vt 0.27703 0.17125
vt 0.24791 0.17192
vt 0.27665 0.17683
vt 0.27895 0.17457
vt 0.25814 0.17340
vt 0.27590 0.17865
vt 0.28115 0.17321
vt 0.26294 0.17379
vt 0.25887 0.15493
vt 0.26237 0.15801
vt 0.27620 0.16848
vt 0.27362 0.16534
vt 0.26933 0.16320
vt 0.27932 0.16991
vt 0.27077 0.17635
vt 0.26743 0.17507
vt 0.27277 0.17772
vt 0.26170 0.15488
vt 0.26403 0.15617
vt 0.26680 0.15962
vt 0.32257 0.81563
vt 0.32160 0.81762
vt 0.32377 0.81151
vt 0.32099 0.81315
vt 0.31963 0.81530
vt 0.32088 0.80862
vt 0.31819 0.81098
vt 0.31879 0.80531
vt 0.31416 0.80905
vt 0.31889 0.79437
vt 0.31803 0.79711
vt 0.31334 0.79624
vt 0.31127 0.79955
vt 0.30802 0.79869
vt 0.30705 0.80075
vt 0.30545 0.79980
vt 0.32032 0.79182
vt 0.30402 0.80200
vt 0.31786 0.81283
vt 0.30698 0.79751
vt 0.30978 0.79618
vt 0.30983 0.79486
vt 0.31369 0.79250
vt 0.59140 0.35232
vt 0.59136 0.34915
vt 0.58739 0.34736
vt 0.59204 0.34625
vt 0.58899 0.34547
vt 0.59493 0.34227
vt 0.59364 0.33810
vt 0.58957 0.34125
vt 0.58812 0.34255
vt 0.59773 0.33023
vt 0.58892 0.33689
vt 0.58498 0.33827
vt 0.59373 0.32830
vt 0.59216 0.32990
vt 0.59457 0.33523
vt 0.58743 0.32760
vt 0.58582 0.32934
vt 0.58320 0.32715
vt 0.58393 0.34046
vt 0.58084 0.32770
vt 0.58593 0.34382
vt 0.98528 0.82447
vt 0.98800 0.82997
vt 0.98239 0.82944
vt 0.98452 0.83276
vt 0.98171 0.82337
vt 0.98793 0.82167
vt 0.99154 0.82384
vt 0.98339 0.81803
vt 0.98954 0.81615
vt 0.98542 0.81357
vt 0.98875 0.81209
vt 0.99241 0.82993
vt 0.99493 0.81904
vt 0.99352 0.81206
vt 0.99609 0.82429
vt 0.98970 0.83538
vt 0.98608 0.83672
vt 0.99295 0.83394
vt 0.99576 0.83057
vt 0.99849 0.82708
vt 0.98921 0.83983
vt 0.99411 0.83955
vt 0.98158 0.83528
vt 0.99890 0.83467
vt 0.99176 0.84486
vt 0.98319 0.84106
vt 0.98670 0.84508
vt 0.97810 0.83241
vt 0.97833 0.82752
vt 0.97806 0.83688
vt 0.97660 0.82293
vt 0.97765 0.81831
vt 0.97983 0.81388
vt 0.98412 0.80957
vt 0.99217 0.80705
vt 0.98844 0.80652
vt 0.97467 0.83140
vt 0.97350 0.82527
vt 0.97755 0.84209
vt 0.97523 0.83619
vt 0.98310 0.84760
vt 0.97940 0.84792
vt 0.97175 0.83010
vt 0.97584 0.81216
vt 0.97846 0.80854
vt 0.97195 0.83394
vt 0.97216 0.81973
vt 0.97169 0.83945
vt 0.97017 0.82652
vt 0.97120 0.84421
vt 0.97437 0.84807
vt 0.96894 0.83688
vt 0.97213 0.81152
vt 0.96810 0.83248
vt 0.96696 0.82860
vt 0.96765 0.82171
vt 0.96768 0.81473
vt 0.99650 0.80714
vt 0.98962 0.80072
vt 0.99415 0.80158
vt 0.99961 0.83981
vt 0.99788 0.84476
vt 0.99961 0.80240
vt 0.99168 0.79755
vt 0.96412 0.83343
vt 0.96430 0.83942
vt 0.96821 0.80940
vt 0.98267 0.86177
vt 0.98654 0.85899
vt 0.98719 0.86366
vt 0.98432 0.85487
vt 0.98872 0.85597
vt 0.97956 0.85948
vt 0.97874 0.86498
vt 0.98157 0.86757
vt 0.98564 0.86735
vt 0.98956 0.86738
vt 0.98117 0.85330
vt 0.97788 0.85708
vt 0.98986 0.85232
vt 0.98384 0.85130
vt 0.97654 0.86083
vt 0.98832 0.86004
vt 0.98729 0.87062
vt 0.99074 0.87031
vt 0.98413 0.87001
vt 0.97622 0.86334
vt 0.99045 0.86560
vt 0.98951 0.86134
vt 0.99227 0.86913
vt 0.99033 0.85683
vt 0.99190 0.85335
vt 0.98972 0.87315
vt 0.99408 0.87406
vt 0.99462 0.87145
vt 0.99664 0.87418
vt 0.97782 0.86593
vt 0.98040 0.86911
vt 0.99803 0.87715
vt 0.98764 0.87355
vt 0.98476 0.87214
vt 0.99767 0.87259
vt 0.99514 0.85032
vt 0.99458 0.84730
vt 0.98936 0.84824
vt 0.98505 0.84917
vt 0.99803 0.84649
vt 0.98136 0.85086
vt 0.97896 0.85254
vt 0.97586 0.85671
vt 0.98977 0.85940
vt 0.99128 0.87597
vt 0.99486 0.87727
vt 0.97462 0.86113
vt 0.97653 0.85369
vt 0.97437 0.85854
vt 0.99310 0.86593
vt 0.99096 0.86256
vt 0.81820 0.36535
vt 0.81797 0.37046
vt 0.81487 0.36537
vt 0.81419 0.36917
vt 0.81342 0.36473
vt 0.81557 0.37522
vt 0.81974 0.37521
vt 0.82145 0.36926
vt 0.82296 0.37246
vt 0.82363 0.37662
vt 0.82036 0.36407
vt 0.82453 0.37369
vt 0.82318 0.38003
vt 0.81916 0.38001
vt 0.81541 0.37878
vt 0.81670 0.36068
vt 0.81378 0.35903
vt 0.81229 0.35952
vt 0.81848 0.36060
vt 0.81826 0.35623
vt 0.81640 0.35433
vt 0.81890 0.35046
vt 0.81250 0.35316
vt 0.81691 0.35030
vt 0.81107 0.35556
vt 0.81225 0.34762
vt 0.81086 0.34984
vt 0.80954 0.35076
vt 0.82018 0.35883
vt 0.81930 0.35474
vt 0.81006 0.34662
vt 0.81815 0.34735
vt 0.81546 0.34718
vt 0.81428 0.34299
vt 0.81154 0.34279
vt 0.81754 0.34181
vt 0.62215 0.08948
vt 0.62919 0.08765
vt 0.62045 0.08687
vt 0.62793 0.08582
vt 0.63469 0.08635
vt 0.61987 0.08453
vt 0.61622 0.08634
vt 0.61736 0.08930
vt 0.61596 0.08288
vt 0.61443 0.08884
vt 0.63031 0.08478
vt 0.62073 0.09098
vt 0.62487 0.08388
vt 0.61369 0.08627
vt 0.61170 0.08396
vt 0.61838 0.08243
vt 0.61104 0.08688
vt 0.61286 0.08885
vt 0.61335 0.08230
vt 0.61027 0.08169
vt 0.60844 0.08399
vt 0.60861 0.08520
vt 0.61698 0.09116
vt 0.07115 0.90445
vt 0.07594 0.90779
vt 0.07830 0.90557
vt 0.07221 0.90905
vt 0.07986 0.90739
vt 0.07150 0.90169
vt 0.07589 0.90997
vt 0.07301 0.91075
vt 0.08131 0.90543
vt 0.08031 0.90317
vt 0.08284 0.90389
vt 0.08192 0.90176
vt 0.08378 0.90251
vt 0.07586 0.90113
vt 0.06667 0.90227
vt 0.06812 0.90523
vt 0.06584 0.90392
vt 0.06472 0.90441
vt 0.06876 0.90707
vt 0.07078 0.90938
vt 0.08357 0.90539
vt 0.06500 0.90636
vt 0.06516 0.90162
vt 0.06662 0.90823
vt 0.06981 0.90016
vt 0.06700 0.90022
vt 0.08105 0.90022
vt 0.07788 0.91163
vt 0.07503 0.91262
vt 0.07187 0.91186
vt 0.07212 0.91419
vt 0.06969 0.91143
vt 0.07468 0.91490
vt 0.06459 0.90910
vt 0.06661 0.91177
vt 0.06360 0.90868
vt 0.06817 0.90830
vt 0.08188 0.90924
vt 0.08076 0.91250
vt 0.08457 0.90993
vt 0.08366 0.90662
vt 0.08388 0.90828
vt 0.08434 0.90565
vt 0.06984 0.91413
vt 0.08397 0.90461
vt 0.07793 0.91487
vt 0.08478 0.90757
vt 0.08391 0.90698
vt 0.08467 0.90656
vt 0.08356 0.90407
vt 0.07261 0.91594
vt 0.06338 0.91151
vt 0.06191 0.90739
vt 0.78130 0.23470
vt 0.78036 0.23080
vt 0.77696 0.23512
vt 0.77678 0.22942
vt 0.78693 0.23268
vt 0.78534 0.23000
vt 0.78159 0.22712
vt 0.79055 0.22956
vt 0.77659 0.22753
vt 0.78724 0.22717
vt 0.79379 0.22996
vt 0.79248 0.22649
vt 0.77412 0.23270
vt 0.77454 0.22847
vt 0.77410 0.23607
vt 0.77678 0.23845
vt 0.77965 0.23811
vt 0.77883 0.22631
vt 0.77209 0.23082
vt 0.77355 0.22672
vt 0.77118 0.22597
vt 0.77320 0.22455
vt 0.77550 0.22501
vt 0.76871 0.22461
vt 0.76876 0.22651
vt 0.76610 0.22604
vt 0.77041 0.23046
vt 0.76911 0.23297
vt 0.76750 0.23185
vt 0.77095 0.23465
vt 0.77009 0.23852
vt 0.78012 0.24114
vt 0.78403 0.23987
vt 0.77715 0.24107
vt 0.78539 0.22542
vt 0.78567 0.23609
vt 0.78961 0.23693
vt 0.77888 0.24420
vt 0.77355 0.23881
vt 0.77058 0.24215
vt 0.76888 0.24134
vt 0.76888 0.24517
vt 0.77026 0.24620
vt 0.76936 0.24842
vt 0.76784 0.24759
vt 0.76923 0.25063
vt 0.77047 0.25077
vt 0.77116 0.24939
vt 0.77209 0.25236
vt 0.77130 0.25367
vt 0.77336 0.24279
vt 0.77603 0.24473
vt 0.76741 0.25098
vt 0.76473 0.24717
vt 0.76922 0.25368
vt 0.78205 0.24404
vt 0.78025 0.24793
vt 0.77396 0.25436
vt 0.77311 0.25545
vt 0.76218 0.25011
vt 0.76056 0.24714
vt 0.77577 0.25087
vt 0.77118 0.25527
vt 0.77668 0.25492
vt 0.75855 0.24771
vt 0.78194 0.25269
vt 0.75912 0.24498
vt 0.75665 0.24661
vt 0.75515 0.24578
vt 0.75197 0.24731
vt 0.77617 0.25612
vt 0.78429 0.24952
vt 0.78393 0.24693
vt 0.78508 0.24579
vt 0.78027 0.25567
vt 0.78632 0.24767
vt 0.78536 0.24248
vt 0.78420 0.25303
vt 0.78819 0.25016
vt 0.78725 0.24567
vt 0.78869 0.24771
vt 0.79036 0.23913
vt 0.79617 0.23444
vt 0.79579 0.23265
vt 0.79262 0.22530
vt 0.78733 0.22581
vt 0.79229 0.23303
vt 0.61541 0.05585
vt 0.61151 0.06034
vt 0.61736 0.05890
vt 0.61523 0.06376
vt 0.61009 0.06613
vt 0.61981 0.06052
vt 0.60772 0.06175
vt 0.62078 0.05359
vt 0.62098 0.05826
vt 0.60992 0.05815
vt 0.62329 0.05509
vt 0.60601 0.06314
vt 0.60532 0.05874
vt 0.62248 0.05801
vt 0.60736 0.05802
vt 0.61159 0.06751
vt 0.62264 0.05093
vt 0.61516 0.05287
vt 0.60862 0.05554
vt 0.60519 0.05495
vt 0.60920 0.06903
vt 0.60601 0.06795
vt 0.60788 0.05291
vt 0.60516 0.05222
vt 0.61313 0.05164
vt 0.61989 0.04979
vt 0.60853 0.05128
vt 0.60371 0.05147
vt 0.61555 0.04887
vt 0.61227 0.06906
vt 0.60471 0.05030
vt 0.62326 0.04679
vt 0.61037 0.04887
vt 0.60570 0.04864
vt 0.61256 0.04572
vt 0.61901 0.04628
vt 0.60605 0.04459
vt 0.39343 0.89841
vt 0.39338 0.89575
vt 0.39658 0.89424
vt 0.39554 0.89830
vt 0.39392 0.90235
vt 0.39133 0.90264
vt 0.39190 0.90570
vt 0.39502 0.90702
vt 0.39648 0.90535
vt 0.39653 0.90208
vt 0.39840 0.90919
vt 0.39706 0.91126
vt 0.39970 0.91394
vt 0.40129 0.91142
vt 0.40291 0.91357
vt 0.40408 0.91253
vt 0.40384 0.91522
vt 0.40124 0.91575
vt 0.39824 0.89755
vt 0.40014 0.89343
vt 0.39807 0.90576
vt 0.39410 0.90987
vt 0.39664 0.89146
vt 0.39375 0.89398
vt 0.40508 0.91337
vt 0.39181 0.89414
vt 0.40524 0.91109
vt 0.39932 0.91594
vt 0.39698 0.91408
vt 0.40028 0.89083
vt 0.40128 0.89255
vt 0.40197 0.89517
vt 0.40094 0.89705
vt 0.40362 0.91090
vt 0.40181 0.89013
vt 0.40655 0.91510
vt 0.39107 0.90890
vt 0.40089 0.88882
vt 0.40293 0.88885
vt 0.40076 0.88719
vt 0.39571 0.88724
vt 0.39606 0.88913
vt 0.39114 0.88797
vt 0.39087 0.88568
vt 0.38899 0.88624
vt 0.38931 0.88429
vt 0.38828 0.88477
vt 0.38957 0.88802
vt 0.40258 0.89711
vt 0.39881 0.90243
vt 0.40064 0.90853
vt 0.39679 0.88518
vt 0.39113 0.89132
vt 0.39281 0.89160
vt 0.40201 0.90956
vt 0.40353 0.88696
vt 0.40655 0.88840
vt 0.40489 0.88706
vt 0.38762 0.88628
vt 0.39154 0.88369
vt 0.38864 0.90616
vt 0.40404 0.90976
vt 0.39077 0.89501
vt 0.39209 0.89721
vt 0.39048 0.89840
vt 0.38988 0.89639
vt 0.38845 0.89568
vt 0.38969 0.89300
vt 0.39068 0.90041
vt 0.38827 0.90235
vt 0.38977 0.88279
vt 0.94860 0.93357
vt 0.95305 0.93518
vt 0.95042 0.93765
vt 0.95319 0.92947
vt 0.94785 0.92817
vt 0.95211 0.92303
vt 0.95760 0.93179
vt 0.95625 0.92280
vt 0.95924 0.92786
vt 0.95588 0.91959
vt 0.95895 0.93596
vt 0.96083 0.92217
vt 0.95881 0.91943
vt 0.95537 0.94011
vt 0.96266 0.93499
vt 0.96431 0.93080
vt 0.96468 0.92587
vt 0.96022 0.94019
vt 0.96209 0.91761
vt 0.95680 0.91583
vt 0.96123 0.91390
vt 0.96653 0.92009
vt 0.95237 0.91565
vt 0.94905 0.92028
vt 0.95905 0.91008
vt 0.95596 0.91164
vt 0.95145 0.91169
vt 0.96447 0.91124
vt 0.96789 0.91497
vt 0.96321 0.90672
vt 0.96883 0.92495
vt 0.95438 0.90855
vt 0.95841 0.90429
vt 0.94766 0.91526
vt 0.94463 0.92206
vt 0.95431 0.90272
vt 0.96426 0.90109
vt 0.96079 0.89933
vt 0.94915 0.90548
vt 0.96928 0.90700
vt 0.95653 0.89726
vt 0.96931 0.90152
vt 0.96964 0.92981
vt 0.94532 0.90783
vt 0.94392 0.91395
vt 0.94378 0.92968
vt 0.94168 0.92000
vt 0.95145 0.89970
vt 0.94086 0.92399
vt 0.94500 0.93600
vt 0.95292 0.89581
vt 0.96017 0.89547
vt 0.96447 0.89423
vt 0.94663 0.90212
vt 0.94002 0.91568
vt 0.94061 0.91124
vt 0.95772 0.89305
vt 0.94850 0.89568
vt 0.94237 0.90638
vt 0.96964 0.89604
vt 0.93837 0.91961
vt 0.94110 0.93537
vt 0.94707 0.94062
vt 0.93981 0.93060
vt 0.93737 0.92530
vt 0.94407 0.89557
vt 0.93632 0.92908
vt 0.95200 0.94293
vt 0.93924 0.90070
vt 0.93489 0.91765
vt 0.93680 0.91007
vt 0.94194 0.93890
vt 0.93322 0.92264
vt 0.93332 0.91255
vt 0.93291 0.92777
vt 0.93951 0.89581
vt 0.93448 0.93419
vt 0.93471 0.90224
vt 0.93710 0.93953
vt 0.94172 0.94276
vt 0.94604 0.94439
vt 0.93200 0.90520
vt 0.92991 0.91739
vt 0.94927 0.94777
vt 0.92955 0.92799
vt 0.92902 0.93168
vt 0.92863 0.92314
vt 0.94402 0.94787
vt 0.93772 0.94555
vt 0.93001 0.93620
vt 0.93139 0.93981
vt 0.95689 0.94533
vt 0.94030 0.94954
vt 0.95426 0.94901
vt 0.93279 0.94402
vt 0.94560 0.95144
vt 0.94145 0.95268
vt 0.96185 0.94456
vt 0.95129 0.95264
vt 0.93340 0.94912
vt 0.93594 0.95266
vt 0.94580 0.95709
vt 0.95200 0.95665
vt 0.93916 0.95689
vt 0.94267 0.96068
vt 0.94930 0.96080
vt 0.93892 0.96040
vt 0.94494 0.96349
vt 0.94089 0.96488
vt 0.80815 0.68218
vt 0.80580 0.68004
vt 0.80858 0.67885
vt 0.80374 0.68378
vt 0.80803 0.68774
vt 0.80220 0.68720
vt 0.80045 0.68456
vt 0.81107 0.68265
vt 0.81152 0.67747
vt 0.81175 0.68632
vt 0.80560 0.69066
vt 0.80671 0.67697
vt 0.80309 0.67958
vt 0.80907 0.67579
vt 0.80027 0.68211
vt 0.81316 0.67933
vt 0.80519 0.67556
vt 0.80973 0.69133
vt 0.81209 0.68978
vt 0.79883 0.68673
vt 0.80671 0.69308
vt 0.80993 0.69337
vt 0.80150 0.69091
vt 0.79738 0.68732
vt 0.79661 0.68494
vt 0.79750 0.68422
vt 0.81470 0.68411
vt 0.81216 0.69254
vt 0.81254 0.69327
vt 0.81529 0.68973
vt 0.81263 0.67462
vt 0.81550 0.67605
vt 0.81664 0.68077
vt 0.81188 0.67145
vt 0.80678 0.67224
vt 0.80167 0.67685
vt 0.80917 0.67092
vt 0.79833 0.68027
vt 0.79584 0.68527
vt 0.81635 0.67249
vt 0.81432 0.66988
vt 0.80297 0.67317
vt 0.79553 0.68192
vt 0.79497 0.68234
vt 0.81151 0.66809
vt 0.80815 0.66703
vt 0.80435 0.66891
vt 0.79829 0.67452
vt 0.80991 0.66575
vt 0.80045 0.67010
vt 0.79578 0.67960
vt 0.79298 0.67827
vt 0.81362 0.66624
vt 0.81664 0.66807
vt 0.79813 0.67043
vt 0.79570 0.67552
vt 0.79371 0.67791
vt 0.79336 0.67593
vt 0.11005 0.22210
vt 0.11262 0.22002
vt 0.10787 0.21905
vt 0.10503 0.22138
vt 0.10701 0.22347
vt 0.10352 0.21717
vt 0.10062 0.21875
vt 0.09881 0.21581
vt 0.11204 0.22560
vt 0.09819 0.21113
vt 0.10435 0.21463
vt 0.10908 0.21812
vt 0.11104 0.22602
vt 0.11728 0.22166
vt 0.11332 0.22445
vt 0.11778 0.22291
vt 0.11684 0.22505
vt 0.12156 0.22584
vt 0.12150 0.22101
vt 0.12070 0.22315
vt 0.11811 0.22750
vt 0.11542 0.22736
vt 0.12145 0.22789
vt 0.12138 0.22906
vt 0.12420 0.22905
vt 0.12458 0.22802
vt 0.12437 0.22343
vt 0.12573 0.22629
vt 0.12434 0.22168
vt 0.12776 0.22752
vt 0.12778 0.22901
vt 0.12799 0.22187
vt 0.12999 0.22371
vt 0.13194 0.22616
vt 0.12671 0.21988
vt 0.13525 0.22380
vt 0.13327 0.22072
vt 0.13911 0.21925
vt 0.13239 0.21957
vt 0.14062 0.21690
vt 0.14659 0.21365
vt 0.13198 0.22815
vt 0.13433 0.21765
vt 0.13853 0.21657
vt 0.13089 0.23007
vt 0.12604 0.23002
vt 0.42590 0.93813
vt 0.42619 0.93426
vt 0.42913 0.93516
vt 0.42905 0.93136
vt 0.42430 0.93836
vt 0.42390 0.94169
vt 0.42479 0.94246
vt 0.42835 0.94005
vt 0.43050 0.93909
vt 0.43093 0.93433
vt 0.42863 0.92874
vt 0.43380 0.92801
vt 0.43148 0.92566
vt 0.43630 0.92216
vt 0.42520 0.93516
vt 0.43329 0.92265
vt 0.43592 0.91960
vt 0.43912 0.91787
vt 0.44282 0.91752
vt 0.44035 0.92232
vt 0.43731 0.92510
vt 0.42673 0.93140
vt 0.42400 0.94528
vt 0.43048 0.94425
vt 0.42707 0.94446
vt 0.42533 0.94720
vt 0.43202 0.94279
vt 0.42931 0.94941
vt 0.42682 0.95146
vt 0.43200 0.94837
vt 0.42896 0.95803
vt 0.43204 0.95365
vt 0.43485 0.95909
vt 0.43354 0.95289
vt 0.43687 0.95944
vt 0.42435 0.95049
vt 0.93174 0.50463
vt 0.92811 0.50113
vt 0.93066 0.49669
vt 0.92529 0.49548
vt 0.92030 0.49875
vt 0.91759 0.49213
vt 0.92059 0.48837
vt 0.92725 0.49141
vt 0.92113 0.50397
vt 0.92394 0.48517
vt 0.92073 0.48127
vt 0.91798 0.48188
vt 0.91815 0.47711
vt 0.92390 0.48128
vt 0.92165 0.47891
vt 0.93431 0.50102
vt 0.92155 0.47521
vt 0.91766 0.47318
vt 0.92322 0.47668
vt 0.92603 0.48446
vt 0.92483 0.47944
vt 0.92293 0.47207
vt 0.92872 0.48982
vt 0.93166 0.49473
vt 0.91998 0.47186
vt 0.92655 0.48266
vt 0.93532 0.49839
vt 0.92456 0.47712
vt 0.92965 0.48819
vt 0.93240 0.49268
vt 0.92656 0.48033
vt 0.92612 0.47790
vt 0.92612 0.47498
vt 0.93002 0.47759
vt 0.92809 0.47745
vt 0.92720 0.47378
vt 0.92915 0.47485
vt 0.27902 0.63612
vt 0.27621 0.64165
vt 0.27397 0.64497
vt 0.27968 0.64144
vt 0.27994 0.64661
vt 0.27753 0.64814
vt 0.28115 0.64996
vt 0.27492 0.64823
vt 0.00921 0.76460
vt 0.00809 0.76465
vt 0.00960 0.76129
vt 0.00813 0.76672
vt 0.00685 0.76669
vt 0.00633 0.76422
vt 0.00799 0.76013
vt 0.00962 0.75821
vt 0.00850 0.75669
vt 0.00938 0.75444
vt 0.00851 0.75364
vt 0.00885 0.75281
vt 0.00746 0.76846
vt 0.00569 0.77044
vt 0.00757 0.75224
vt 0.00668 0.75237
vt 0.00774 0.75139
vt 0.01074 0.76296
vt 0.00858 0.75060
vt 0.00675 0.75026
vt 0.00685 0.74941
vt 0.01101 0.75403
vt 0.01133 0.75730
vt 0.01117 0.75208
vt 0.01453 0.75552
vt 0.01504 0.76021
vt 0.01242 0.76155
vt 0.01627 0.76290
vt 0.01291 0.76458
vt 0.01537 0.76669
vt 0.01696 0.75976
vt 0.01367 0.76661
vt 0.01057 0.76606
vt 0.01696 0.76546
vt 0.00435 0.74988
vt 0.01382 0.76879
vt 0.01093 0.76884
vt 0.01206 0.77162
vt 0.00710 0.77183
vt 0.00391 0.77240
vt 0.00355 0.77388
vt 0.20138 0.33945
vt 0.20193 0.34225
vt 0.20508 0.34019
vt 0.20589 0.34356
vt 0.20944 0.34096
vt 0.20175 0.34438
vt 0.19872 0.34197
vt 0.19852 0.33801
vt 0.19729 0.34403
vt 0.19421 0.34265
vt 0.19395 0.33961
vt 0.19066 0.34063
vt 0.18888 0.33820
vt 0.19290 0.33614
vt 0.18886 0.33468
vt 0.18403 0.33632
vt 0.18768 0.33929
vt 0.18248 0.33268
vt 0.17863 0.33372
vt 0.20426 0.33813
vt 0.21084 0.33700
vt 0.20049 0.33658
vt 0.20042 0.34530
vt 0.03141 0.27055
vt 0.03457 0.26775
vt 0.03575 0.27115
vt 0.03248 0.26696
vt 0.03639 0.26436
vt 0.03483 0.26271
vt 0.03262 0.26322
vt 0.03136 0.27452
vt 0.03295 0.27811
vt 0.02924 0.27742
vt 0.03845 0.26524
vt 0.03676 0.26247
vt 0.02894 0.27293
vt 0.02620 0.27556
vt 0.02990 0.27977
vt 0.03457 0.27990
vt 0.03568 0.27735
vt 0.03766 0.27242
vt 0.03983 0.26685
vt 0.03539 0.28181
vt 0.03758 0.28032
vt 0.02642 0.27798
vt 0.03577 0.26085
vt 0.03400 0.26133
vt 0.03791 0.27817
vt 0.03880 0.28318
vt 0.03067 0.28179
vt 0.03199 0.26185
vt 0.03033 0.26731
vt 0.02810 0.26970
vt 0.02631 0.27207
vt 0.02440 0.27184
vt 0.03468 0.28363
vt 0.03753 0.28532
vt 0.02386 0.27590
vt 0.03980 0.28205
vt 0.03900 0.27954
vt 0.03983 0.28448
vt 0.02537 0.26952
vt 0.02720 0.26950
vt 0.02326 0.26845
vt 0.03354 0.28488
vt 0.32553 0.87058
vt 0.32726 0.87341
vt 0.32329 0.87302
vt 0.32205 0.86879
vt 0.32610 0.86735
vt 0.32109 0.86653
vt 0.32742 0.87622
vt 0.32418 0.87748
vt 0.32533 0.87923
vt 0.32165 0.87652
vt 0.32054 0.87341
vt 0.31964 0.87063
vt 0.31933 0.86820
vt 0.31704 0.86610
vt 0.32411 0.88077
vt 0.32197 0.87983
vt 0.32379 0.86557
vt 0.31851 0.86385
vt 0.32852 0.87986
vt 0.32844 0.86647
vt 0.32926 0.87736
vt 0.32765 0.87048
vt 0.32905 0.86873
vt 0.33002 0.87558
vt 0.32666 0.88200
vt 0.33162 0.86777
vt 0.31707 0.86835
vt 0.32989 0.88161
vt 0.33125 0.87870
vt 0.31349 0.86468
vt 0.31929 0.87634
vt 0.31857 0.87309
vt 0.31730 0.87041
vt 0.31516 0.86784
vt 0.33162 0.88102
vt 0.81201 0.19758
vt 0.81133 0.20003
vt 0.80860 0.19695
vt 0.80835 0.19391
vt 0.80669 0.19521
vt 0.80965 0.19959
vt 0.80711 0.19708
vt 0.80463 0.19100
vt 0.81086 0.19426
vt 0.81619 0.19868
vt 0.80628 0.19009
vt 0.80346 0.18706
vt 0.80410 0.19257
vt 0.80212 0.18797
vt 0.48090 0.56610
vt 0.47892 0.56269
vt 0.48099 0.56131
vt 0.47812 0.56585
vt 0.48283 0.56258
vt 0.47865 0.55957
vt 0.47912 0.56764
vt 0.48069 0.56907
vt 0.47973 0.55790
vt 0.48219 0.55941
vt 0.47674 0.56639
vt 0.47712 0.56142
vt 0.47698 0.56925
vt 0.47747 0.55764
vt 0.48319 0.56627
vt 0.48239 0.56910
vt 0.48442 0.56125
vt 0.48396 0.55892
vt 0.47910 0.55604
vt 0.47690 0.55612
vt 0.48462 0.56456
vt 0.48396 0.57024
vt 0.37340 0.64598
vt 0.36922 0.64554
vt 0.36941 0.64380
vt 0.36244 0.64336
vt 0.37382 0.64180
vt 0.37415 0.63752
vt 0.36862 0.63810
vt 0.36490 0.63435
vt 0.36270 0.63739
vt 0.36002 0.63367
vt 0.36404 0.63236
vt 0.36818 0.63113
vt 0.36946 0.63282
vt 0.37689 0.63247
vt 0.37263 0.63072
vt 0.37744 0.62829
vt 0.37710 0.62566
vt 0.37352 0.62813
vt 0.37074 0.62926
vt 0.37464 0.62545
vt 0.01994 0.92032
vt 0.01955 0.92362
vt 0.02441 0.92131
vt 0.02359 0.92444
vt 0.02064 0.92621
vt 0.02395 0.91859
vt 0.02727 0.92339
vt 0.01549 0.92440
vt 0.01778 0.92616
vt 0.01452 0.92701
vt 0.01312 0.92308
vt 0.01603 0.92084
vt 0.01144 0.92786
vt 0.01956 0.92784
vt 0.02766 0.92006
vt 0.02697 0.92524
vt 0.02367 0.92700
vt 0.01594 0.92852
vt 0.01381 0.92936
vt 0.01456 0.91944
vt 0.01248 0.91971
vt 0.01724 0.91842
vt 0.02105 0.91819
vt 0.01505 0.91695
vt 0.02702 0.91712
vt 0.02485 0.91637
vt 0.01949 0.91726
vt 0.02895 0.92337
vt 0.02957 0.92091
vt 0.02950 0.91766
vt 0.01781 0.91598
vt 0.01603 0.91545
vt 0.02667 0.91515
vt 0.02256 0.91602
vt 0.02818 0.91545
vt 0.38454 0.99186
vt 0.38209 0.98850
vt 0.38726 0.99012
vt 0.38731 0.98754
vt 0.38112 0.98687
vt 0.38871 0.99217
vt 0.39109 0.99036
vt 0.39065 0.98775
vt 0.39389 0.98779
vt 0.39664 0.98998
vt 0.39916 0.98584
vt 0.40008 0.98865
vt 0.40433 0.98682
vt 0.40556 0.98468
vt 0.39806 0.99059
vt 0.39369 0.99218
vt 0.39004 0.99329
vt 0.40468 0.98145
vt 0.40812 0.98592
vt 0.41049 0.98397
vt 0.24823 0.43056
vt 0.24811 0.42858
vt 0.24585 0.43051
vt 0.25070 0.42857
vt 0.25168 0.42608
vt 0.25540 0.42764
vt 0.25632 0.42552
vt 0.25730 0.42813
vt 0.25395 0.42964
vt 0.25668 0.42959
vt 0.25647 0.43159
vt 0.25109 0.43217
vt 0.24735 0.43238
vt 0.24473 0.43215
vt 0.25410 0.43351
vt 0.24965 0.43449
vt 0.24726 0.43409
vt 0.24384 0.43406
vt 0.25684 0.43411
vt 0.24309 0.43017
vt 0.25750 0.43143
vt 0.24193 0.43205
vt 0.25779 0.42552
vt 0.24084 0.43399
vt 0.24555 0.42779
vt 0.25750 0.43320
vt 0.23972 0.42961
vt 0.24058 0.42781
vt 0.24891 0.42478
vt 0.25560 0.42214
vt 0.25854 0.42234
vt 0.24376 0.42548
vt 0.24686 0.42216
vt 0.25027 0.42028
vt 0.25986 0.42028
vt 0.23942 0.42433
vt 0.24210 0.42195
vt 0.23682 0.42713
vt 0.23630 0.42917
vt 0.23786 0.43155
vt 0.23620 0.42433
vt 0.41345 0.71957
vt 0.41388 0.72287
vt 0.41641 0.72156
vt 0.41093 0.72123
vt 0.41724 0.71961
vt 0.40922 0.71942
vt 0.40700 0.72159
vt 0.40553 0.71989
vt 0.40442 0.72138
vt 0.40323 0.72018
vt 0.40414 0.72282
vt 0.40864 0.72354
vt 0.41828 0.72385
vt 0.41599 0.72465
vt 0.41995 0.72251
vt 0.40982 0.72494
vt 0.40232 0.72164
vt 0.40181 0.72329
vt 0.41992 0.71989
vt 0.12971 0.97419
vt 0.12462 0.97361
vt 0.12452 0.97588
vt 0.13050 0.97610
vt 0.13263 0.97347
vt 0.13367 0.97518
vt 0.12096 0.97385
vt 0.12126 0.97586
vt 0.13466 0.97354
vt 0.13415 0.97176
vt 0.13577 0.97230
vt 0.13139 0.97205
vt 0.12537 0.97181
vt 0.12688 0.97751
vt 0.12022 0.97218
vt 0.11869 0.97377
vt 0.11748 0.97232
vt 0.12258 0.97736
vt 0.11935 0.97607
vt 0.11908 0.97070
vt 0.11711 0.97040
vt 0.13604 0.97040
vt 0.53217 0.94985
vt 0.52818 0.94931
vt 0.52790 0.94619
vt 0.52587 0.94597
vt 0.53073 0.95421
vt 0.52496 0.94261
vt 0.52945 0.94097
vt 0.53502 0.94907
vt 0.52517 0.93753
vt 0.52509 0.93224
vt 0.53385 0.95498
vt 0.53750 0.95213
vt 0.53144 0.92969
vt 0.53502 0.94224
vt 0.53395 0.93524
vt 0.53804 0.94632
vt 0.53813 0.93369
vt 0.53894 0.94043
vt 0.53784 0.92696
vt 0.54098 0.93147
vt 0.54173 0.92566
vt 0.54028 0.94723
vt 0.54113 0.95233
vt 0.54126 0.93576
vt 0.53617 0.95721
vt 0.53855 0.95670
vt 0.53423 0.95968
vt 0.54119 0.94107
vt 0.54235 0.95638
vt 0.53772 0.96025
vt 0.53579 0.96318
vt 0.53958 0.96339
vt 0.53701 0.96620
vt 0.53371 0.96247
vt 0.54005 0.96834
vt 0.54073 0.97175
vt 0.54334 0.97106
vt 0.54306 0.97655
vt 0.54346 0.96613
vt 0.54111 0.96057
vt 0.54573 0.96897
vt 0.54581 0.97580
vt 0.54669 0.97384
vt 0.54857 0.96952
vt 0.54687 0.96353
vt 0.54425 0.95927
vt 0.55236 0.97483
vt 0.54979 0.97830
vt 0.54631 0.97909
vt 0.54530 0.98048
vt 0.55055 0.98314
vt 0.54687 0.98331
vt 0.55481 0.98099
vt 0.54917 0.98710
vt 0.55407 0.99013
vt 0.22975 0.39098
vt 0.23118 0.39370
vt 0.22974 0.39376
vt 0.23196 0.39792
vt 0.23248 0.39062
vt 0.23478 0.39868
vt 0.23073 0.39799
vt 0.23392 0.40238
vt 0.23620 0.40450
vt 0.28117 0.09029
vt 0.28090 0.08804
vt 0.27891 0.08977
vt 0.28443 0.08881
vt 0.28440 0.08699
vt 0.28000 0.09195
vt 0.28309 0.09160
vt 0.27753 0.09116
vt 0.28796 0.08739
vt 0.28718 0.08554
vt 0.28711 0.08988
vt 0.28683 0.09211
vt 0.28067 0.09380
vt 0.28341 0.09401
vt 0.29157 0.08989
vt 0.28998 0.09242
vt 0.28692 0.09432
vt 0.29202 0.08801
vt 0.29062 0.08533
vt 0.29319 0.09247
vt 0.28523 0.08485
vt 0.29453 0.08947
vt 0.29614 0.09287
vt 0.29354 0.08686
vt 0.27600 0.08903
vt 0.27761 0.08721
vt 0.28118 0.08529
vt 0.27327 0.09058
vt 0.29384 0.08485
vt 0.27009 0.08877
vt 0.26881 0.09087
vt 0.26696 0.08979
vt 0.73913 0.02814
vt 0.74250 0.02589
vt 0.73931 0.02492
vt 0.73718 0.02773
vt 0.74330 0.02251
vt 0.73635 0.02471
vt 0.73756 0.02236
vt 0.74102 0.02159
vt 0.73636 0.02139
vt 0.74270 0.02013
vt 0.74013 0.02069
vt 0.73688 0.02906
vt 0.73324 0.02824
vt 0.73350 0.03072
vt 0.73085 0.03033
vt 0.71956 0.02303
vt 0.72674 0.02383
vt 0.72764 0.02756
vt 0.73264 0.02603
vt 0.73218 0.02232
vt 0.72448 0.02200
vt 0.71990 0.02193
vt 0.73149 0.02083
vt 0.76747 0.48825
vt 0.77002 0.49005
vt 0.77291 0.48871
vt 0.77257 0.49342
vt 0.77548 0.49064
vt 0.76749 0.49356
vt 0.77027 0.49489
vt 0.76981 0.49831
vt 0.77337 0.49648
vt 0.76753 0.49809
vt 0.76432 0.49055
vt 0.77539 0.49317
vt 0.76238 0.49437
vt 0.76385 0.49744
vt 0.75951 0.49874
vt 0.75813 0.49723
vt 0.75644 0.50043
vt 0.75957 0.50211
vt 0.75645 0.50354
vt 0.75451 0.50204
vt 0.75390 0.50755
vt 0.75248 0.50755
vt 0.75889 0.49372
vt 0.76511 0.50097
vt 0.76369 0.48754
vt 0.75777 0.50589
vt 0.75624 0.51032
vt 0.75094 0.51234
vt 0.75289 0.51389
vt 0.75402 0.51605
vt 0.74894 0.51740
vt 0.76046 0.50529
vt 0.75576 0.49700
vt 0.75209 0.52046
vt 0.74932 0.52042
vt 0.74734 0.52036
vt 0.74919 0.52352
vt 0.75115 0.52456
vt 0.74620 0.52281
vt 0.74817 0.52644
vt 0.75074 0.52756
vt 0.74537 0.52574
vt 0.74954 0.52945
vt 0.75094 0.53172
vt 0.74476 0.52785
vt 0.74635 0.53069
vt 0.74801 0.53414
vt 0.74954 0.53710
vt 0.73593 0.48992
vt 0.73331 0.48669
vt 0.73653 0.48581
vt 0.73370 0.49336
vt 0.73923 0.49052
vt 0.73467 0.48302
vt 0.73222 0.48215
vt 0.73711 0.49590
vt 0.73528 0.49780
vt 0.74041 0.49634
vt 0.73510 0.47899
vt 0.73242 0.47860
vt 0.72934 0.47885
vt 0.73006 0.47409
vt 0.72647 0.47406
vt 0.73364 0.47453
vt 0.73793 0.49967
vt 0.74041 0.50009
vt 0.74272 0.49654
vt 0.73626 0.47452
vt 0.72902 0.48418
vt 0.73660 0.48209
vt 0.73704 0.47731
vt 0.72355 0.47976
vt 0.72032 0.47572
vt 0.72828 0.48890
vt 0.73637 0.50143
vt 0.73891 0.47982
vt 0.74234 0.49145
vt 0.74307 0.48799
vt 0.73909 0.48602
vt 0.73899 0.48284
vt 0.74391 0.48189
vt 0.74664 0.48530
vt 0.74826 0.48104
vt 0.75007 0.48633
vt 0.74786 0.49041
vt 0.74634 0.49163
vt 0.74852 0.49564
vt 0.75134 0.49204
vt 0.74690 0.49597
vt 0.74733 0.49972
vt 0.74142 0.47702
vt 0.74323 0.47930
vt 0.74434 0.49367
vt 0.74468 0.50063
vt 0.74585 0.50542
vt 0.74928 0.50303
vt 0.75058 0.49598
vt 0.75356 0.49317
vt 0.75291 0.49738
vt 0.75562 0.49350
vt 0.75713 0.48798
vt 0.75536 0.48716
vt 0.75923 0.48074
vt 0.75655 0.48218
vt 0.74932 0.49988
vt 0.75279 0.50142
vt 0.76001 0.48758
vt 0.75002 0.50588
vt 0.74680 0.50775
vt 0.75105 0.50829
vt 0.75276 0.48684
vt 0.74160 0.50218
vt 0.74250 0.50580
vt 0.74909 0.51237
vt 0.74645 0.51732
vt 0.74621 0.51065
vt 0.74584 0.51411
vt 0.74441 0.51093
vt 0.74362 0.51698
vt 0.73914 0.50315
vt 0.74245 0.51080
vt 0.74038 0.50990
vt 0.73944 0.50825
vt 0.73794 0.51408
vt 0.73943 0.51505
vt 0.74238 0.51624
vt 0.74511 0.52154
vt 0.74294 0.52120
vt 0.73632 0.51855
vt 0.74383 0.52359
vt 0.73957 0.52067
vt 0.73847 0.51812
vt 0.73725 0.52084
vt 0.74161 0.52200
vt 0.73603 0.50639
vt 0.73718 0.51179
vt 0.74223 0.52373
vt 0.73453 0.51496
vt 0.73494 0.52366
vt 0.73691 0.52413
vt 0.73953 0.52539
vt 0.74214 0.52663
vt 0.73419 0.52726
vt 0.73722 0.52837
vt 0.73399 0.53143
vt 0.98475 0.12253
vt 0.98462 0.11921
vt 0.98589 0.12069
vt 0.98621 0.11578
vt 0.98642 0.12509
vt 0.98503 0.11534
vt 0.98699 0.11168
vt 0.98525 0.12555
vt 0.98699 0.12747
vt 0.92552 0.65757
vt 0.92406 0.65586
vt 0.92543 0.65405
vt 0.92390 0.65808
vt 0.92691 0.65410
vt 0.92609 0.65158
vt 0.92797 0.65147
vt 0.92515 0.65225
vt 0.92462 0.66064
vt 0.92670 0.66053
vt 0.92679 0.65017
vt 0.92849 0.65017
vt 0.92579 0.66292
vt 0.92391 0.66232
vt 0.92727 0.66374
vt 0.92601 0.66417
vt 0.92615 0.66407
vt 0.92587 0.64990
vt 0.92665 0.64838
vt 0.92737 0.66250
vt 0.92849 0.66048
vt 0.92834 0.66332
vt 0.92787 0.65625
vt 0.92858 0.65401
vt 0.92942 0.65123
vt 0.04179 0.67922
vt 0.04530 0.67775
vt 0.04588 0.67968
vt 0.04335 0.68155
vt 0.04810 0.67721
vt 0.04889 0.68040
vt 0.04704 0.68164
vt 0.04056 0.68011
vt 0.04055 0.68290
vt 0.05043 0.67861
vt 0.04985 0.68226
vt 0.04404 0.68352
vt 0.05158 0.68055
vt 0.04908 0.68373
vt 0.05244 0.68192
vt 0.05182 0.68331
vt 0.03941 0.67788
vt 0.04076 0.67752
vt 0.04769 0.67561
vt 0.04925 0.67591
vt 0.04373 0.67559
vt 0.03946 0.68163
vt 0.03896 0.68004
vt 0.03746 0.68390
vt 0.04044 0.67601
vt 0.04581 0.67443
vt 0.03762 0.67830
vt 0.05230 0.67743
vt 0.03760 0.68148
vt 0.05182 0.67520
vt 0.92802 0.86535
vt 0.92616 0.86893
vt 0.92514 0.86775
vt 0.92198 0.87087
vt 0.92137 0.87308
vt 0.91771 0.87627
vt 0.90715 0.87354
vt 0.90662 0.87246
vt 0.90389 0.87534
vt 0.90476 0.87626
vt 0.90289 0.87765
vt 0.90092 0.87806
vt 0.31382 0.13290
vt 0.31569 0.13426
vt 0.31308 0.13519
vt 0.31433 0.13687
vt 0.31592 0.13620
vt 0.31538 0.13827
vt 0.31254 0.13671
vt 0.31147 0.13389
vt 0.31181 0.13188
vt 0.31071 0.13586
vt 0.31357 0.13977
vt 0.31092 0.13945
vt 0.31178 0.14167
vt 0.31033 0.13227
vt 0.31812 0.13783
vt 0.31589 0.13143
vt 0.31822 0.13519
vt 0.31812 0.13184
vt 0.31287 0.13062
vt 0.98942 0.95754
vt 0.98769 0.96109
vt 0.98750 0.95737
vt 0.98924 0.96032
vt 0.98909 0.96402
vt 0.98911 0.95514
vt 0.99076 0.95468
vt 0.98740 0.95515
vt 0.98869 0.95336
vt 0.99050 0.95251
vt 0.98656 0.96346
vt 0.99070 0.95727
vt 0.98863 0.96731
vt 0.99093 0.96803
vt 0.98627 0.95964
vt 0.99021 0.96128
vt 0.99028 0.96454
vt 0.98984 0.95149
vt 0.98809 0.95158
vt 0.98698 0.95348
vt 0.98620 0.95637
vt 0.99093 0.95067
vt 0.15050 0.93893
vt 0.15290 0.93778
vt 0.15011 0.93785
vt 0.14882 0.93976
vt 0.15200 0.93597
vt 0.14729 0.93652
vt 0.14786 0.93756
vt 0.14807 0.93875
vt 0.14773 0.93986
vt 0.14821 0.94032
vt 0.15422 0.93596
vt 0.15520 0.93688
vt 0.15380 0.93489
vt 0.14950 0.93514
vt 0.15576 0.93514
vt 0.14550 0.93824
vt 0.14713 0.93920
vt 0.14966 0.94018
vt 0.14899 0.94059
vt 0.15098 0.94029
vt 0.15076 0.94114
vt 0.15212 0.94075
vt 0.15367 0.93919
vt 0.15374 0.94067
vt 0.15175 0.94199
vt 0.15530 0.93903
vt 0.15529 0.93997
vt 0.14943 0.94128
vt 0.07577 0.14487
vt 0.07591 0.14579
vt 0.07049 0.14476
vt 0.06884 0.14342
vt 0.07832 0.14454
vt 0.07393 0.14248
vt 0.06689 0.14121
vt 0.07888 0.14079
vt 0.07000 0.14085
vt 0.06657 0.13902
vt 0.07395 0.13954
vt 0.06207 0.13954
vt 0.06214 0.14088
vt 0.05954 0.13777
vt 0.06438 0.13773
vt 0.07242 0.13856
vt 0.29109 0.01458
vt 0.29172 0.01328
vt 0.28710 0.01223
vt 0.29568 0.01506
vt 0.29444 0.01673
vt 0.29894 0.01851
vt 0.29471 0.01272
vt 0.29876 0.01471
vt 0.48129 0.34049
vt 0.48045 0.34308
vt 0.48392 0.33967
vt 0.48289 0.33939
vt 0.47800 0.34194
vt 0.48462 0.33681
vt 0.47711 0.34467
vt 0.47942 0.34509
vt 0.47593 0.34322
vt 0.47968 0.33981
vt 0.47776 0.33936
vt 0.47577 0.34016
vt 0.47365 0.34590
vt 0.47187 0.34077
vt 0.46960 0.34050
vt 0.47047 0.34319
vt 0.47324 0.34376
vt 0.46735 0.34195
vt 0.47097 0.34565
vt 0.46717 0.34564
vt 0.46428 0.34340
vt 0.46405 0.33966
vt 0.46730 0.33845
vt 0.46382 0.33723
vt 0.47208 0.33888
vt 0.47059 0.33689
vt 0.46949 0.34795
vt 0.46625 0.33574
vt 0.46198 0.33895
vt 0.46175 0.33681
vt 0.46297 0.33425
vt 0.46204 0.34135
vt 0.47455 0.33779
vt 0.47192 0.34750
vt 0.46699 0.34846
vt 0.86902 0.63825
vt 0.86798 0.64010
vt 0.86980 0.64096
vt 0.87138 0.63761
vt 0.87210 0.63896
vt 0.87135 0.64086
vt 0.87321 0.63704
vt 0.86824 0.64204
vt 0.87093 0.64230
vt 0.86942 0.64309
vt 0.86711 0.64326
vt 0.88043 0.63575
vt 0.87575 0.63607
vt 0.88053 0.63759
vt 0.88426 0.63729
vt 0.88431 0.63888
vt 0.88700 0.63800
vt 0.88788 0.63935
vt 0.87488 0.63826
vt 0.88443 0.64061
vt 0.87743 0.63941
vt 0.87288 0.64039
vt 0.88651 0.64322
vt 0.89001 0.64109
vt 0.88979 0.63696
vt 0.88927 0.64462
vt 0.87994 0.64205
vt 0.87362 0.64194
vt 0.89297 0.64422
vt 0.89018 0.64616
vt 0.89169 0.64905
vt 0.88925 0.64906
vt 0.89431 0.64487
vt 0.88670 0.65203
vt 0.88853 0.65276
vt 0.89198 0.63988
vt 0.89441 0.64150
vt 0.88560 0.64991
vt 0.88252 0.65274
vt 0.89460 0.63782
vt 0.89376 0.63603
vt 0.89203 0.63612
vt 0.88133 0.65181
vt 0.87834 0.65156
vt 0.87707 0.65410
vt 0.88538 0.64773
vt 0.88231 0.64942
vt 0.88435 0.65470
vt 0.87946 0.65000
vt 0.89550 0.63575
vt 0.87688 0.64964
vt 0.88290 0.64538
vt 0.87829 0.64463
vt 0.87498 0.64547
vt 0.87902 0.64705
vt 0.87235 0.64353
vt 0.86997 0.64466
vt 0.87313 0.64639
vt 0.87765 0.64795
vt 0.30578 0.87563
vt 0.30690 0.87723
vt 0.30727 0.87507
vt 0.30366 0.87757
vt 0.30429 0.87907
vt 0.29977 0.87829
vt 0.30089 0.88122
vt 0.29494 0.87772
vt 0.29578 0.88006
vt 0.29717 0.87694
vt 0.29240 0.87484
vt 0.30875 0.87500
vt 0.30464 0.88066
vt 0.30624 0.87935
vt 0.28982 0.87411
vt 0.28904 0.87500
vt 0.29128 0.87618
vt 0.29003 0.87759
vt 0.29339 0.87882
vt 0.90321 0.58259
vt 0.90127 0.58239
vt 0.90150 0.58389
vt 0.89924 0.58200
vt 0.89840 0.58376
vt 0.90112 0.58524
vt 0.89694 0.58234
vt 0.90282 0.58131
vt 0.90123 0.58051
vt 0.89799 0.58069
vt 0.90503 0.58208
vt 0.90544 0.58387
vt 0.90269 0.58521
vt 0.90733 0.58316
vt 0.89565 0.58336
vt 0.89518 0.58052
vt 0.89366 0.58218
vt 0.89476 0.58393
vt 0.89156 0.58208
vt 0.30944 0.24979
vt 0.31240 0.24779
vt 0.31053 0.24789
vt 0.30860 0.24913
vt 0.30740 0.25078
vt 0.30745 0.25217
vt 0.30653 0.25112
vt 0.30816 0.24826
vt 0.31102 0.24678
vt 0.31569 0.24679
vt 0.31652 0.24763
vt 0.30420 0.24777
vt 0.30443 0.25006
vt 0.29947 0.24826
vt 0.29907 0.24665
vt 0.30141 0.25078
vt 0.30627 0.24678
vt 0.29610 0.24668
vt 0.29601 0.24881
vt 0.29420 0.24955
vt 0.29219 0.24690
vt 0.31901 0.24690
vt 0.15422 0.48640
vt 0.15392 0.48965
vt 0.15260 0.48532
vt 0.15400 0.48390
vt 0.15603 0.48452
vt 0.15501 0.48163
vt 0.15733 0.48719
vt 0.15535 0.48974
vt 0.15589 0.47980
vt 0.15463 0.47625
vt 0.15535 0.47395
vt 0.15363 0.46922
vt 0.15862 0.01264
vt 0.16253 0.01300
vt 0.16059 0.01173
vt 0.15634 0.01104
vt 0.15563 0.01202
vt 0.16434 0.01183
vt 0.16631 0.01276
vt 0.16599 0.01381
vt 0.16878 0.01287
vt 0.16756 0.01168
vt 0.17008 0.01125
vt 0.16557 0.01078
vt 0.15949 0.00990
vt 0.16371 0.00971
vt 0.15959 0.00845
vt 0.16636 0.00932
vt 0.15586 0.00855
vt 0.16874 0.00961
vt 0.15403 0.00973
vt 0.17153 0.00829
vt 0.15260 0.00829
vt 0.83991 0.85833
vt 0.84254 0.85819
vt 0.84157 0.85653
vt 0.84037 0.85571
vt 0.84194 0.85438
vt 0.83810 0.85635
vt 0.84345 0.85631
vt 0.83900 0.85470
vt 0.83715 0.85438
vt 0.24732 0.05296
vt 0.24856 0.05148
vt 0.25042 0.05209
vt 0.25276 0.05012
vt 0.44109 0.90393
vt 0.44013 0.90529
vt 0.44169 0.90574
vt 0.44248 0.90467
vt 0.43903 0.90467
vt 0.44361 0.90520
vt 0.44218 0.90339
vt 0.43866 0.90601
vt 0.43733 0.90482
vt 0.43831 0.90360
vt 0.44024 0.90318
vt 0.44060 0.90647
vt 0.44249 0.90253
vt 0.43730 0.90253
vt 0.09683 0.97553
vt 0.09483 0.97498
vt 0.09525 0.97677
vt 0.09290 0.97632
vt 0.09254 0.97517
vt 0.09765 0.97751
vt 0.09820 0.97586
vt 0.09976 0.97583
vt 0.09836 0.97492
vt 0.09364 0.97372
vt 0.09659 0.97462
vt 0.09498 0.97356
vt 0.09782 0.97482
vt 0.09030 0.97583
vt 0.09627 0.97446
vt 0.09738 0.97398
vt 0.04940 0.83158
vt 0.05087 0.83070
vt 0.04591 0.83135
vt 0.04646 0.83258
vt 0.04093 0.83357
vt 0.03894 0.83275
vt 0.03492 0.83383
vt 0.03481 0.83227
vt 0.04851 0.83324
vt 0.03112 0.83487
vt 0.04606 0.83432
vt 0.04691 0.83504
vt 0.04204 0.83688
vt 0.04375 0.83421
vt 0.03727 0.83540
vt 0.03874 0.83692
vt 0.03536 0.83901
vt 0.02963 0.83921
vt 0.03049 0.83641
vt 0.03377 0.83730
vt 0.11924 0.81122
vt 0.11843 0.81326
vt 0.12027 0.81349
vt 0.11893 0.81571
vt 0.11790 0.81104
vt 0.11893 0.81018
vt 0.23063 0.90805
vt 0.23053 0.90668
vt 0.22918 0.90656
vt 0.22975 0.90568
vt 0.23226 0.90767
vt 0.23188 0.90665
vt 0.22831 0.90767
vt 0.97549 0.39608
vt 0.97502 0.39377
vt 0.97602 0.39321
vt 0.97490 0.39753
vt 0.97673 0.39096
vt 0.94876 0.40385
vt 0.94454 0.40534
vt 0.94496 0.39940
vt 0.94070 0.40142
vt 0.94644 0.40800
vt 0.95017 0.39967
vt 0.94768 0.39551
vt 0.94227 0.39628
vt 0.93841 0.39711
vt 0.94231 0.40860
vt 0.93718 0.40604
vt 0.95134 0.40769
vt 0.94462 0.41196
vt 0.93945 0.41001
vt 0.93522 0.40281
vt 0.94012 0.39158
vt 0.93687 0.39395
vt 0.93353 0.39879
vt 0.94395 0.39034
vt 0.93325 0.39373
vt 0.93719 0.38917
vt 0.94078 0.38772
vt 0.94908 0.39153
vt 0.94660 0.38768
vt 0.95342 0.40412
vt 0.95343 0.39541
vt 0.95462 0.39962
vt 0.94406 0.38380
vt 0.95158 0.38622
vt 0.95448 0.38917
vt 0.94874 0.38413
vt 0.95725 0.39168
vt 0.95732 0.40370
vt 0.95746 0.39553
vt 0.95795 0.39943
vt 0.95593 0.40792
vt 0.94843 0.41347
vt 0.95325 0.41220
vt 0.95671 0.41048
vt 0.96102 0.40745
vt 0.95310 0.41665
vt 0.96330 0.40239
vt 0.95713 0.41455
vt 0.96292 0.39776
vt 0.96281 0.41053
vt 0.96251 0.39269
vt 0.95994 0.38834
vt 0.95670 0.38454
vt 0.96652 0.39360
vt 0.96645 0.40504
vt 0.96670 0.40904
vt 0.96160 0.41548
vt 0.96591 0.38828
vt 0.95705 0.41909
vt 0.95017 0.41874
vt 0.96656 0.41509
vt 0.96912 0.40004
vt 0.97215 0.39453
vt 0.97288 0.39042
vt 0.97459 0.40149
vt 0.97633 0.40019
vt 0.97010 0.40722
vt 0.97011 0.41279
vt 0.96261 0.38477
vt 0.96925 0.38573
vt 0.97626 0.38753
vt 0.95406 0.38100
vt 0.96231 0.42054
vt 0.97151 0.42106
vt 0.97001 0.42510
vt 0.96012 0.38084
vt 0.95998 0.42406
vt 0.96733 0.38190
vt 0.94829 0.37956
vt 0.95306 0.42253
vt 0.94399 0.41698
vt 0.96679 0.42964
vt 0.94687 0.42206
vt 0.94052 0.41354
vt 0.95850 0.42814
vt 0.97504 0.43054
vt 0.97136 0.43439
vt 0.96321 0.43358
vt 0.95541 0.43042
vt 0.96674 0.43607
vt 0.97673 0.43563
vt 0.94839 0.42778
vt 0.95690 0.43428
vt 0.95094 0.37668
vt 0.95540 0.37646
vt 0.94061 0.38158
vt 0.94389 0.37767
vt 0.93629 0.38536
vt 0.94825 0.37430
vt 0.93161 0.38985
vt 0.93994 0.37707
vt 0.93694 0.38021
vt 0.95513 0.37109
vt 0.94319 0.37225
vt 0.93021 0.38502
vt 0.93189 0.38212
vt 0.94499 0.36959
vt 0.95136 0.36893
vt 0.95572 0.36590
vt 0.93917 0.37361
vt 0.93612 0.37610
vt 0.93262 0.37760
vt 0.94561 0.36765
vt 0.94051 0.36944
vt 0.93580 0.37168
vt 0.94217 0.36657
vt 0.95202 0.36582
vt 0.93197 0.37350
vt 0.93671 0.36831
vt 0.71418 0.08992
vt 0.71486 0.08887
vt 0.71315 0.08956
vt 0.71567 0.09117
vt 0.71304 0.08852
vt 0.71290 0.08752
vt 0.71200 0.08837
vt 0.71362 0.09115
vt 0.71441 0.09206
vt 0.71237 0.09172
vt 0.71181 0.09036
vt 0.71697 0.09109
vt 0.71466 0.08724
vt 0.71680 0.08933
vt 0.71111 0.09294
vt 0.71239 0.08623
vt 0.71663 0.09237
vt 0.71784 0.09041
vt 0.71797 0.09197
vt 0.71064 0.08979
vt 0.70945 0.08741
vt 0.70877 0.09093
vt 0.70832 0.09334
vt 0.69506 0.06346
vt 0.69449 0.06024
vt 0.69065 0.06152
vt 0.69690 0.05896
vt 0.70062 0.06257
vt 0.69851 0.06394
vt 0.70224 0.06649
vt 0.70397 0.06473
vt 0.69034 0.06684
vt 0.68634 0.06937
vt 0.69426 0.05670
vt 0.70424 0.06684
vt 0.68467 0.06643
vt 0.68224 0.07031
vt 0.68299 0.06427
vt 0.67954 0.07081
vt 0.68040 0.07411
vt 0.67709 0.07478
vt 0.67688 0.07711
vt 0.67967 0.07853
vt 0.68671 0.06141
vt 0.67330 0.07839
vt 0.67721 0.08012
vt 0.68037 0.08334
vt 0.67346 0.08042
vt 0.66923 0.08147
vt 0.66659 0.07942
vt 0.66408 0.08462
vt 0.66191 0.08135
vt 0.65881 0.09083
vt 0.68506 0.06156
vt 0.66818 0.07558
vt 0.67109 0.07604
vt 0.67276 0.07231
vt 0.67446 0.07250
vt 0.67642 0.06921
vt 0.66906 0.07195
vt 0.70343 0.06222
vt 0.67345 0.06953
vt 0.67384 0.07612
vt 0.69254 0.06883
vt 0.66542 0.07477
vt 0.66453 0.07279
vt 0.66884 0.06884
vt 0.67179 0.06801
vt 0.67200 0.06652
vt 0.67347 0.06592
vt 0.67455 0.06788
vt 0.66474 0.07020
vt 0.66639 0.08541
vt 0.65922 0.07516
vt 0.66122 0.07614
vt 0.70402 0.06988
vt 0.70169 0.07021
vt 0.69936 0.06768
vt 0.67780 0.08340
vt 0.68089 0.08779
vt 0.69591 0.06865
vt 0.68445 0.07339
vt 0.68264 0.08368
vt 0.68482 0.08691
vt 0.68351 0.09149
vt 0.68855 0.08933
vt 0.68764 0.09290
vt 0.69159 0.09043
vt 0.68489 0.09589
vt 0.68294 0.09532
vt 0.69202 0.08613
vt 0.69427 0.08861
vt 0.68985 0.09305
vt 0.68707 0.09791
vt 0.68059 0.09166
vt 0.68885 0.08214
vt 0.68564 0.08112
vt 0.68913 0.06018
vt 0.69200 0.05811
vt 0.68648 0.06014
vt 0.68511 0.05989
vt 0.70216 0.07373
vt 0.68472 0.09884
vt 0.68705 0.07341
vt 0.68794 0.07892
vt 0.69319 0.07867
vt 0.68887 0.07554
vt 0.69332 0.07391
vt 0.69664 0.07634
vt 0.68667 0.07707
vt 0.69109 0.07302
vt 0.69651 0.08003
vt 0.69507 0.08283
vt 0.69837 0.08141
vt 0.70077 0.07825
vt 0.69711 0.07107
vt 0.67647 0.06707
vt 0.67873 0.06550
vt 0.67883 0.06372
vt 0.67719 0.06293
vt 0.67944 0.05931
vt 0.68095 0.05905
vt 0.67532 0.06144
vt 0.67978 0.05495
vt 0.67495 0.06525
vt 0.69688 0.08581
vt 0.68239 0.07637
vt 0.67068 0.08222
vt 0.68126 0.06122
vt 0.69980 0.07473
vt 0.65705 0.08419
vt 0.65612 0.09035
vt 0.69971 0.08349
vt 0.70558 0.06530
vt 0.68273 0.05482
vt 0.68216 0.05324
vt 0.68493 0.05078
vt 0.70061 0.08622
vt 0.70172 0.08326
vt 0.69775 0.08846
vt 0.66246 0.09077
vt 0.65932 0.09574
vt 0.69341 0.09070
vt 0.65737 0.07977
vt 0.65558 0.07796
vt 0.69844 0.05672
vt 0.69698 0.05207
vt 0.70316 0.07758
vt 0.70121 0.08007
vt 0.68613 0.10127
vt 0.70215 0.08736
vt 0.70536 0.06285
vt 0.70477 0.07489
vt 0.67229 0.08361
vt 0.67547 0.08456
vt 0.68843 0.10038
vt 0.67607 0.05655
vt 0.70053 0.05955
vt 0.67927 0.04939
vt 0.67772 0.06816
vt 0.67758 0.08737
vt 0.68375 0.04860
vt 0.68696 0.04824
vt 0.68438 0.07805
vt 0.68935 0.09785
vt 0.68817 0.10288
vt 0.70082 0.05454
vt 0.69984 0.04897
vt 0.70375 0.05173
vt 0.70107 0.04503
vt 0.70718 0.05094
vt 0.70711 0.05439
vt 0.70882 0.04697
vt 0.71222 0.05395
vt 0.70296 0.05599
vt 0.70621 0.04029
vt 0.70108 0.03972
vt 0.69420 0.04077
vt 0.69605 0.04478
vt 0.69881 0.03497
vt 0.70758 0.05695
vt 0.71430 0.04651
vt 0.71346 0.04185
vt 0.70428 0.03415
vt 0.71167 0.05908
vt 0.71552 0.05182
vt 0.71568 0.05975
vt 0.71443 0.06141
vt 0.71230 0.06225
vt 0.70900 0.06072
vt 0.70950 0.06312
vt 0.71706 0.06233
vt 0.71560 0.05560
vt 0.70903 0.03658
vt 0.70542 0.05928
vt 0.69699 0.04818
vt 0.71955 0.06085
vt 0.71898 0.05028
vt 0.71860 0.04459
vt 0.71763 0.06405
vt 0.70736 0.06313
vt 0.70617 0.03039
vt 0.71210 0.03532
vt 0.72185 0.05512
vt 0.70411 0.08580
vt 0.72133 0.06340
vt 0.71722 0.04002
vt 0.71911 0.05728
vt 0.68305 0.06114
vt 0.68444 0.05922
vt 0.68055 0.04261
vt 0.66938 0.08423
vt 0.71322 0.06431
vt 0.70258 0.08895
vt 0.72187 0.06577
vt 0.71616 0.03399
vt 0.69316 0.04273
vt 0.69504 0.04478
vt 0.67663 0.04188
vt 0.67280 0.06418
vt 0.72096 0.03943
vt 0.70591 0.08699
vt 0.72461 0.05192
vt 0.72409 0.04559
vt 0.72205 0.06033
vt 0.72387 0.06252
vt 0.67528 0.05286
vt 0.67558 0.04737
vt 0.67637 0.07167
vt 0.67310 0.06035
vt 0.69977 0.08918
vt 0.70266 0.09036
vt 0.70625 0.08478
vt 0.70481 0.08371
vt 0.70284 0.08078
vt 0.70566 0.07945
vt 0.72412 0.06495
vt 0.67171 0.05569
vt 0.72560 0.04173
vt 0.67090 0.04188
vt 0.66898 0.04679
vt 0.67148 0.05149
vt 0.66934 0.05048
vt 0.66848 0.05419
vt 0.66535 0.05324
vt 0.66836 0.05765
vt 0.66742 0.05752
vt 0.66568 0.06049
vt 0.66387 0.05612
vt 0.66048 0.05682
vt 0.66119 0.05872
vt 0.65808 0.06002
vt 0.65867 0.06196
vt 0.65416 0.06317
vt 0.66716 0.04958
vt 0.65332 0.06534
vt 0.65104 0.06476
vt 0.65729 0.05786
vt 0.65396 0.06049
vt 0.66250 0.05346
vt 0.66383 0.04936
vt 0.66621 0.04421
vt 0.65136 0.06196
vt 0.64941 0.06728
vt 0.66562 0.06645
vt 0.66883 0.06560
vt 0.66077 0.07104
vt 0.65722 0.07349
vt 0.65208 0.07653
vt 0.66000 0.05327
vt 0.67370 0.03572
vt 0.66997 0.05867
vt 0.66936 0.06124
vt 0.66621 0.06263
vt 0.66830 0.03873
vt 0.66293 0.06312
vt 0.66880 0.03365
vt 0.67179 0.03039
vt 0.64787 0.06657
vt 0.66197 0.06643
vt 0.66035 0.06525
vt 0.65802 0.06847
vt 0.65162 0.07910
vt 0.64904 0.07758
vt 0.64849 0.06422
vt 0.70887 0.08430
vt 0.70987 0.08596
vt 0.72023 0.06657
vt 0.68964 0.10200
vt 0.69548 0.09071
vt 0.70609 0.08996
vt 0.70551 0.09152
vt 0.69111 0.09397
vt 0.69225 0.10070
vt 0.69205 0.09676
vt 0.69516 0.09990
vt 0.69378 0.09643
vt 0.69348 0.09329
vt 0.68975 0.10453
vt 0.70452 0.09206
vt 0.72528 0.06977
vt 0.72445 0.07107
vt 0.68883 0.10577
vt 0.66452 0.03627
vt 0.66244 0.04261
vt 0.69571 0.10266
vt 0.70259 0.09177
vt 0.72610 0.07551
vt 0.72752 0.07437
vt 0.69387 0.10316
vt 0.70097 0.09029
vt 0.69226 0.10520
vt 0.69674 0.10130
vt 0.69074 0.10695
vt 0.69337 0.09258
vt 0.70691 0.09397
vt 0.70541 0.09462
vt 0.69472 0.10600
vt 0.68927 0.38825
vt 0.69038 0.38820
vt 0.69018 0.38629
vt 0.68863 0.38525
vt 0.69010 0.38439
vt 0.68918 0.38290
vt 0.68809 0.38317
vt 0.69042 0.38317
vt 0.69013 0.38082
vt 0.69013 0.39029
vt 0.68922 0.38995
vt 0.69125 0.38540
vt 0.69104 0.38446
vt 0.86377 0.53710
vt 0.86290 0.53765
vt 0.86238 0.53980
vt 0.86388 0.53875
vt 0.86475 0.53974
vt 0.86377 0.54262
vt 0.61554 0.88783
vt 0.61602 0.88573
vt 0.61605 0.88696
vt 0.61768 0.88683
vt 0.61613 0.88793
vt 0.61948 0.88577
vt 0.61834 0.88279
vt 0.61902 0.88866
vt 0.61786 0.88886
vt 0.61618 0.88791
vt 0.61712 0.88953
vt 0.61834 0.89069
vt 0.17468 0.76914
vt 0.17626 0.76914
vt 0.17552 0.77072
vt 0.04535 0.83702
vt 0.04771 0.83702
vt 0.04573 0.83781
vt 0.91443 0.41081
vt 0.91443 0.40923
vt 0.91285 0.41014
vt 0.82716 0.71560
vt 0.82610 0.71567
vt 0.82645 0.71705
vt 0.82670 0.71468
vt 0.82794 0.71510
vt 0.82768 0.71649
vt 0.82926 0.71567
vt 0.42332 0.90253
vt 0.42232 0.90375
vt 0.42390 0.90369
vt 0.42332 0.90489
vt 0.93449 0.25059
vt 0.93473 0.25138
vt 0.93573 0.25069
vt 0.93336 0.25069
vt 0.81425 0.15509
vt 0.81396 0.15430
vt 0.81349 0.15505
vt 0.81506 0.15505
vt 0.06242 0.83122
vt 0.05761 0.82876
vt 0.05840 0.83359
vt 0.06380 0.82546
vt 0.06576 0.82871
vt 0.06743 0.83152
vt 0.06658 0.83440
vt 0.06135 0.83618
vt 0.05459 0.83157
vt 0.05706 0.82518
vt 0.05660 0.83623
vt 0.05427 0.82740
vt 0.05162 0.82923
vt 0.05185 0.82546
vt 0.04929 0.82838
vt 0.22595 0.35371
vt 0.22774 0.35515
vt 0.22743 0.35027
vt 0.23036 0.35097
vt 0.22620 0.35661
vt 0.22730 0.35872
vt 0.23115 0.34609
vt 0.23304 0.35073
vt 0.23304 0.35786
vt 0.54140 0.48974
vt 0.53746 0.49160
vt 0.54140 0.49369
vt 0.38525 0.08320
vt 0.38166 0.08637
vt 0.38525 0.08642
vt 0.38130 0.08417
vt 0.38432 0.08164
vt 0.37737 0.08581
vt 0.38010 0.08268
vt 0.38323 0.08011
vt 0.92626 0.36346
vt 0.92468 0.36526
vt 0.92626 0.37214
vt 0.98383 0.32084
vt 0.98383 0.31610
vt 0.98147 0.31817
vt 0.29850 0.78808
vt 0.29686 0.79045
vt 0.29456 0.78808
vt 0.29500 0.79033
vt 0.59819 0.83284
vt 0.59503 0.83169
vt 0.59813 0.82991
vt 0.59523 0.83468
vt 0.59813 0.83544
vt 0.05392 0.83728
vt 0.05214 0.83904
vt 0.05749 0.83799
vt 0.04968 0.83807
vt 0.04850 0.83938
vt 0.51454 0.92901
vt 0.51849 0.93020
vt 0.52006 0.92895
vt 0.52237 0.93050
vt 0.51574 0.93094
vt 0.51201 0.93006
vt 0.50957 0.92857
vt 0.50915 0.93041
vt 0.50749 0.92895
vt 0.52327 0.92974
vt 0.50986 0.73204
vt 0.51144 0.72894
vt 0.50986 0.72731
vt 0.01617 0.99805
vt 0.01898 0.99882
vt 0.02191 0.99724
vt 0.02405 0.99805
vt 0.00986 0.43765
vt 0.01000 0.44155
vt 0.01144 0.44263
vt 0.00986 0.44396
vt 0.88841 0.26085
vt 0.88841 0.25848
vt 0.88604 0.25971
vt 0.33241 0.76835
vt 0.33395 0.76677
vt 0.33557 0.76835
vt 0.79850 0.23481
vt 0.80047 0.23402
vt 0.80166 0.23481
vt 0.11238 0.94594
vt 0.11475 0.94594
vt 0.11365 0.94672
vt 0.19189 0.74832
vt 0.19517 0.75300
vt 0.19014 0.75341
vt 0.19610 0.75724
vt 0.19091 0.75986
vt 0.18218 0.75733
vt 0.18528 0.76005
vt 0.17850 0.76125
vt 0.18184 0.76443
vt 0.17798 0.76478
vt 0.17468 0.76269
vt 0.17548 0.76746
vt 0.18928 0.76367
vt 0.19659 0.76131
vt 0.18499 0.75342
vt 0.17739 0.76864
vt 0.18749 0.75048
vt 0.19537 0.76444
vt 0.20052 0.76577
vt 0.18263 0.76723
vt 0.19064 0.76654
vt 0.19504 0.76661
vt 0.72878 0.34358
vt 0.73140 0.34443
vt 0.73140 0.33963
vt 0.72794 0.33754
vt 0.73302 0.34338
vt 0.72965 0.33457
vt 0.72365 0.33347
vt 0.73289 0.33690
vt 0.73383 0.33878
vt 0.73134 0.33236
vt 0.72815 0.32924
vt 0.72437 0.33041
vt 0.72892 0.32761
vt 0.72494 0.32613
vt 0.72490 0.32163
vt 0.72133 0.32163
vt 0.72792 0.32459
vt 0.72543 0.33801
vt 0.72736 0.34049
vt 0.72678 0.34504
vt 0.15526 0.37563
vt 0.15748 0.37293
vt 0.15921 0.37565
vt 0.15546 0.37173
vt 0.15742 0.36770
vt 0.15390 0.36736
vt 0.15214 0.37406
vt 0.15660 0.36396
vt 0.15844 0.36413
vt 0.15356 0.36182
vt 0.15091 0.36677
vt 0.14968 0.37089
vt 0.15085 0.36087
vt 0.14845 0.37594
vt 0.15791 0.36056
vt 0.15653 0.35830
vt 0.16092 0.35489
vt 0.15397 0.35703
vt 0.15790 0.35316
vt 0.16088 0.35255
vt 0.15636 0.35144
vt 0.16076 0.34972
vt 0.15930 0.35958
vt 0.16262 0.35029
vt 0.15890 0.34853
vt 0.16304 0.34748
vt 0.16200 0.34562
vt 0.15999 0.34487
vt 0.16522 0.34684
vt 0.15634 0.34554
vt 0.15620 0.34825
vt 0.15285 0.34932
vt 0.15427 0.34478
vt 0.15752 0.34280
vt 0.16212 0.34252
vt 0.15653 0.38075
vt 0.15612 0.34107
vt 0.15965 0.37875
vt 0.15968 0.34007
vt 0.14864 0.36508
vt 0.14560 0.36872
vt 0.14994 0.35845
vt 0.15256 0.35511
vt 0.15169 0.35305
vt 0.14660 0.37295
vt 0.14138 0.36789
vt 0.14350 0.37718
vt 0.14515 0.38436
vt 0.13943 0.38087
vt 0.14219 0.38631
vt 0.13861 0.38466
vt 0.13327 0.38027
vt 0.13402 0.37679
vt 0.13966 0.38906
vt 0.13511 0.38561
vt 0.14290 0.39078
vt 0.12875 0.37686
vt 0.13907 0.37465
vt 0.13798 0.36889
vt 0.13426 0.37342
vt 0.12941 0.37445
vt 0.12755 0.37659
vt 0.13457 0.39120
vt 0.14711 0.38930
vt 0.14066 0.39426
vt 0.13603 0.39593
vt 0.13199 0.36960
vt 0.12968 0.37111
vt 0.15007 0.38661
vt 0.13563 0.36366
vt 0.13780 0.36202
vt 0.13639 0.35815
vt 0.13843 0.35833
vt 0.13727 0.35454
vt 0.13916 0.35363
vt 0.13757 0.35155
vt 0.14083 0.34900
vt 0.13979 0.34809
vt 0.14343 0.34612
vt 0.14208 0.34346
vt 0.13400 0.35875
vt 0.13296 0.36292
vt 0.13566 0.35485
vt 0.13080 0.36541
vt 0.13152 0.35744
vt 0.13363 0.35461
vt 0.13280 0.35296
vt 0.12957 0.36733
vt 0.14414 0.36348
vt 0.14158 0.36105
vt 0.12971 0.36058
vt 0.14457 0.35979
vt 0.14583 0.39273
vt 0.15032 0.38087
vt 0.14235 0.35780
vt 0.14593 0.35721
vt 0.14572 0.34020
vt 0.14404 0.35152
vt 0.14602 0.34579
vt 0.14320 0.39710
vt 0.14727 0.34036
vt 0.15013 0.33622
vt 0.14948 0.39254
vt 0.15131 0.38973
vt 0.14560 0.35521
vt 0.14804 0.35312
vt 0.14759 0.35545
vt 0.12799 0.37474
vt 0.12810 0.36298
vt 0.12664 0.35971
vt 0.12809 0.35664
vt 0.12930 0.35567
vt 0.12950 0.34977
vt 0.13111 0.35154
vt 0.13160 0.34509
vt 0.13355 0.34725
vt 0.13587 0.34175
vt 0.13867 0.40097
vt 0.15348 0.38495
vt 0.14871 0.39565
vt 0.14970 0.34589
vt 0.15106 0.34763
vt 0.15295 0.34282
vt 0.12658 0.37810
vt 0.15027 0.34110
vt 0.15501 0.38848
vt 0.14733 0.39928
vt 0.15304 0.39297
vt 0.14334 0.40231
vt 0.14975 0.33268
vt 0.15270 0.39722
vt 0.15680 0.39213
vt 0.15849 0.38476
vt 0.15177 0.40082
vt 0.13991 0.40673
vt 0.13627 0.40557
vt 0.15910 0.38805
vt 0.15702 0.39666
vt 0.14860 0.40366
vt 0.14641 0.40675
vt 0.14280 0.40840
vt 0.15631 0.40059
vt 0.15932 0.39442
vt 0.13782 0.40995
vt 0.13180 0.40605
vt 0.13327 0.41042
vt 0.16153 0.39171
vt 0.16180 0.38234
vt 0.15069 0.40645
vt 0.16420 0.38675
vt 0.16417 0.38408
vt 0.15657 0.40385
vt 0.15997 0.39806
vt 0.15472 0.40724
vt 0.14061 0.41361
vt 0.13625 0.41579
vt 0.14938 0.41021
vt 0.14467 0.41425
vt 0.16492 0.39048
vt 0.16396 0.39534
vt 0.16113 0.40214
vt 0.16443 0.39873
vt 0.15475 0.41198
vt 0.15028 0.41434
vt 0.13906 0.41932
vt 0.13341 0.42062
vt 0.14329 0.42030
vt 0.14742 0.41788
vt 0.15889 0.40897
vt 0.16522 0.40213
vt 0.15446 0.41564
vt 0.15930 0.41282
vt 0.15167 0.41950
vt 0.14613 0.42265
vt 0.25276 0.13457
vt 0.24803 0.13546
vt 0.25276 0.14009
vt 0.27349 0.11626
vt 0.27570 0.11234
vt 0.27297 0.11408
vt 0.26955 0.11594
vt 0.27137 0.11975
vt 0.27392 0.12012
vt 0.27175 0.12397
vt 0.26888 0.12362
vt 0.26702 0.12011
vt 0.26446 0.12476
vt 0.26579 0.11760
vt 0.27367 0.12424
vt 0.26201 0.12214
vt 0.26222 0.12725
vt 0.25864 0.12505
vt 0.26419 0.12808
vt 0.26264 0.12962
vt 0.25828 0.12813
vt 0.26743 0.12652
vt 0.25437 0.12295
vt 0.25851 0.11942
vt 0.26182 0.11784
vt 0.26735 0.11360
vt 0.27654 0.11638
vt 0.27712 0.11376
vt 0.25344 0.11678
vt 0.25886 0.11361
vt 0.25460 0.11040
vt 0.25852 0.10819
vt 0.25470 0.10401
vt 0.25904 0.10107
vt 0.26344 0.10538
vt 0.26340 0.11247
vt 0.26579 0.10918
vt 0.26429 0.10007
vt 0.25112 0.11270
vt 0.26931 0.12617
vt 0.25357 0.09981
vt 0.25002 0.10706
vt 0.25604 0.09475
vt 0.26047 0.09534
vt 0.24938 0.10103
vt 0.26614 0.09658
vt 0.25299 0.09549
vt 0.26746 0.10572
vt 0.26679 0.10308
vt 0.27557 0.12013
vt 0.24997 0.11964
vt 0.24849 0.11549
vt 0.27122 0.11219
vt 0.24769 0.11062
vt 0.26807 0.10811
vt 0.26861 0.10652
vt 0.27424 0.11158
vt 0.26787 0.10077
vt 0.26822 0.11029
vt 0.25424 0.09156
vt 0.24620 0.10378
vt 0.27984 0.11654
vt 0.28125 0.11238
vt 0.28002 0.11132
vt 0.28077 0.11108
vt 0.28258 0.10969
vt 0.28092 0.10974
vt 0.28026 0.10803
vt 0.28064 0.10686
vt 0.28535 0.11247
vt 0.25926 0.08956
vt 0.26442 0.09067
vt 0.26964 0.09925
vt 0.26836 0.09413
vt 0.28583 0.10992
vt 0.28974 0.11318
vt 0.28558 0.11597
vt 0.27985 0.11915
vt 0.29238 0.11176
vt 0.29660 0.11484
vt 0.29867 0.11421
vt 0.30145 0.11981
vt 0.29889 0.11931
vt 0.30235 0.12402
vt 0.27693 0.12157
vt 0.27662 0.12531
vt 0.27523 0.12616
vt 0.29740 0.11159
vt 0.30110 0.11189
vt 0.30332 0.12061
vt 0.30649 0.12562
vt 0.30468 0.12858
vt 0.30052 0.12978
vt 0.30183 0.13254
vt 0.29766 0.13304
vt 0.29579 0.13195
vt 0.29403 0.12704
vt 0.29826 0.12467
vt 0.29342 0.12320
vt 0.29457 0.12105
vt 0.30695 0.12881
vt 0.29906 0.13329
vt 0.28973 0.12404
vt 0.29133 0.12878
vt 0.28810 0.12967
vt 0.29311 0.13107
vt 0.29076 0.11954
vt 0.29737 0.12074
vt 0.30629 0.13274
vt 0.30896 0.13217
vt 0.28632 0.12116
vt 0.28577 0.12500
vt 0.29391 0.13465
vt 0.29477 0.13503
vt 0.28974 0.13252
vt 0.29053 0.13486
vt 0.30897 0.13458
vt 0.27877 0.11097
vt 0.29098 0.11632
vt 0.29372 0.11664
vt 0.30633 0.13431
vt 0.27889 0.12900
vt 0.28290 0.12457
vt 0.28485 0.12842
vt 0.29047 0.13719
vt 0.28751 0.13332
vt 0.27278 0.12658
vt 0.28422 0.13054
vt 0.28078 0.12194
vt 0.28572 0.11894
vt 0.29281 0.13645
vt 0.28796 0.13711
vt 0.28116 0.12802
vt 0.27938 0.12469
vt 0.28606 0.13612
vt 0.27946 0.10630
vt 0.27792 0.10651
vt 0.29696 0.13410
vt 0.28163 0.13195
vt 0.28476 0.13264
vt 0.30221 0.10863
vt 0.30626 0.11063
vt 0.31010 0.10742
vt 0.31118 0.10934
vt 0.31643 0.10699
vt 0.31122 0.10395
vt 0.31576 0.10302
vt 0.32172 0.10702
vt 0.30517 0.10472
vt 0.30755 0.10071
vt 0.30283 0.10146
vt 0.29793 0.10442
vt 0.29629 0.10713
vt 0.29757 0.10205
vt 0.30688 0.09867
vt 0.29195 0.10526
vt 0.29330 0.10262
vt 0.28933 0.10350
vt 0.28844 0.10602
vt 0.28961 0.10766
vt 0.28475 0.10344
vt 0.31398 0.11005
vt 0.32266 0.10362
vt 0.32697 0.10773
vt 0.31101 0.09880
vt 0.31468 0.09548
vt 0.32266 0.10981
vt 0.29573 0.10903
vt 0.32937 0.10561
vt 0.31630 0.09734
vt 0.33095 0.11064
vt 0.31735 0.10000
vt 0.32274 0.10099
vt 0.31984 0.09434
vt 0.32247 0.09645
vt 0.27563 0.12915
vt 0.25526 0.08716
vt 0.25294 0.12724
vt 0.24858 0.12551
vt 0.24837 0.09473
vt 0.25988 0.13112
vt 0.26227 0.13222
vt 0.25997 0.13342
vt 0.29070 0.13933
vt 0.27447 0.11027
vt 0.27059 0.11009
vt 0.27716 0.11021
vt 0.26157 0.13481
vt 0.25569 0.13194
vt 0.32858 0.10078
vt 0.28769 0.13998
vt 0.30902 0.11125
vt 0.25061 0.08986
vt 0.24681 0.12014
vt 0.24527 0.09932
vt 0.24398 0.10789
vt 0.24645 0.09051
vt 0.24342 0.11507
vt 0.25942 0.13635
vt 0.24536 0.12426
vt 0.24280 0.10405
vt 0.32417 0.09295
vt 0.32851 0.09345
vt 0.28429 0.13986
vt 0.28344 0.13789
vt 0.25087 0.08406
vt 0.24231 0.11940
vt 0.24249 0.09461
vt 0.24856 0.12996
vt 0.24008 0.11230
vt 0.24652 0.08627
vt 0.24078 0.09911
vt 0.23959 0.10581
vt 0.25768 0.13467
vt 0.28124 0.14125
vt 0.26094 0.13757
vt 0.28474 0.14246
vt 0.28246 0.14188
vt 0.32436 0.11155
vt 0.31639 0.11065
vt 0.24420 0.12696
vt 0.26927 0.10838
vt 0.24007 0.12374
vt 0.26932 0.10940
vt 0.27002 0.10916
vt 0.23908 0.11832
vt 0.24222 0.08975
vt 0.23724 0.10240
vt 0.23729 0.10839
vt 0.25192 0.13322
vt 0.27843 0.10435
vt 0.25936 0.13961
vt 0.23652 0.11337
vt 0.24507 0.13213
vt 0.27976 0.11044
vt 0.23620 0.12006
vt 0.22047 0.88229
vt 0.22254 0.88278
vt 0.22191 0.88455
vt 0.22234 0.88078
vt 0.21964 0.88427
vt 0.22132 0.88582
vt 0.22359 0.88184
vt 0.23206 0.88075
vt 0.23021 0.87927
vt 0.23225 0.87612
vt 0.22719 0.88129
vt 0.23360 0.87767
vt 0.23082 0.88426
vt 0.22689 0.88370
vt 0.23351 0.88302
vt 0.23372 0.87443
vt 0.23368 0.88114
vt 0.23247 0.87411
vt 0.22946 0.87622
vt 0.22557 0.87946
vt 0.23175 0.88595
vt 0.22943 0.88713
vt 0.23143 0.88748
vt 0.22853 0.88811
vt 0.22514 0.88482
vt 0.23246 0.88450
vt 0.22433 0.88656
vt 0.23171 0.88832
vt 0.23372 0.88593
vt 0.23383 0.88732
vt 0.23248 0.88604
vt 0.37966 0.09940
vt 0.38231 0.09993
vt 0.38066 0.10185
vt 0.37867 0.10121
vt 0.38126 0.09768
vt 0.38359 0.10236
vt 0.38448 0.09895
vt 0.38604 0.10092
vt 0.38200 0.10420
vt 0.37885 0.10339
vt 0.38604 0.10476
vt 0.38020 0.10616
vt 0.37705 0.10218
vt 0.38374 0.09630
vt 0.37915 0.09710
vt 0.37742 0.09936
vt 0.38604 0.09783
vt 0.38132 0.09543
vt 0.37878 0.09477
vt 0.37604 0.10454
vt 0.37550 0.10052
vt 0.37717 0.10600
vt 0.37500 0.10306
vt 0.38029 0.09353
vt 0.38306 0.09387
vt 0.37838 0.09314
vt 0.37977 0.09195
vt 0.71570 0.68151
vt 0.71217 0.68193
vt 0.71599 0.68259
vt 0.71380 0.68390
vt 0.71173 0.68345
vt 0.70885 0.68171
vt 0.71822 0.68109
vt 0.70910 0.68054
vt 0.70732 0.68105
vt 0.70710 0.67975
vt 0.71698 0.67987
vt 0.71284 0.68077
vt 0.72025 0.67902
vt 0.72336 0.67180
vt 0.72516 0.66870
vt 0.72282 0.66743
vt 0.72390 0.66598
vt 0.72508 0.66548
vt 0.72351 0.66397
vt 0.72118 0.66395
vt 0.72470 0.66338
vt 0.72512 0.67203
vt 0.72091 0.66574
vt 0.72380 0.67496
vt 0.72216 0.67594
vt 0.72047 0.67589
vt 0.72116 0.67078
vt 0.71889 0.66515
vt 0.71899 0.66804
vt 0.71703 0.67771
vt 0.71436 0.67964
vt 0.71032 0.67950
vt 0.71929 0.67465
vt 0.70848 0.67899
vt 0.72267 0.67785
vt 0.71460 0.67381
vt 0.71037 0.66922
vt 0.70850 0.67184
vt 0.70568 0.66940
vt 0.71536 0.66951
vt 0.70426 0.67203
vt 0.71715 0.67259
vt 0.70235 0.67114
vt 0.70987 0.66667
vt 0.71555 0.66750
vt 0.70732 0.66338
vt 0.70328 0.66514
vt 0.70595 0.66626
vt 0.71033 0.66423
vt 0.71407 0.66572
vt 0.71735 0.66586
vt 0.70258 0.66840
vt 0.70054 0.66624
vt 0.69946 0.67105
vt 0.70021 0.67302
vt 0.69878 0.66857
vt 0.69756 0.67325
vt 0.69855 0.67457
vt 0.28024 0.41463
vt 0.28016 0.41736
vt 0.28058 0.41527
vt 0.28126 0.41239
vt 0.27267 0.42545
vt 0.27195 0.42133
vt 0.27119 0.42503
vt 0.27375 0.42795
vt 0.27575 0.42725
vt 0.27674 0.42999
vt 0.27822 0.42865
vt 0.27896 0.42681
vt 0.27770 0.43021
vt 0.27053 0.42713
vt 0.26899 0.42649
vt 0.26995 0.43009
vt 0.26841 0.42997
vt 0.26715 0.42438
vt 0.26819 0.42202
vt 0.26476 0.41940
vt 0.26607 0.41699
vt 0.26338 0.42019
vt 0.26287 0.41630
vt 0.26005 0.41655
vt 0.27624 0.42412
vt 0.25887 0.41453
vt 0.26842 0.41665
vt 0.25716 0.41638
vt 0.25482 0.41456
vt 0.25354 0.41742
vt 0.25197 0.41698
vt 0.27404 0.42515
vt 0.28035 0.42535
vt 0.27904 0.42185
vt 0.27718 0.42029
vt 0.28155 0.42429
vt 0.28128 0.42188
vt 0.27955 0.41819
vt 0.28242 0.42680
vt 0.28120 0.42809
vt 0.27946 0.42866
vt 0.26530 0.41479
vt 0.26136 0.41318
vt 0.26865 0.41428
vt 0.27057 0.42203
vt 0.27066 0.41803
vt 0.27241 0.41807
vt 0.27163 0.41445
vt 0.27353 0.41282
vt 0.25653 0.41239
vt 0.28088 0.41964
vt 0.28549 0.42666
vt 0.28590 0.42923
vt 0.28904 0.43054
vt 0.28422 0.42664
vt 0.28253 0.42221
vt 0.28342 0.42955
vt 0.81390 0.06840
vt 0.81150 0.06445
vt 0.80998 0.06803
vt 0.81326 0.07013
vt 0.81743 0.07102
vt 0.81805 0.06937
vt 0.80923 0.06929
vt 0.81374 0.07230
vt 0.80824 0.06546
vt 0.80660 0.06743
vt 0.81007 0.06271
vt 0.81933 0.07284
vt 0.80713 0.06419
vt 0.80887 0.06141
vt 0.80739 0.06189
vt 0.80844 0.07007
vt 0.82145 0.07156
vt 0.82035 0.07019
vt 0.82262 0.06876
vt 0.81065 0.07211
vt 0.80585 0.06546
vt 0.82362 0.06985
vt 0.80599 0.06227
vt 0.82374 0.06758
vt 0.82210 0.06549
vt 0.82168 0.06783
vt 0.82006 0.06932
vt 0.82046 0.06511
vt 0.81224 0.06123
vt 0.81090 0.05959
vt 0.81478 0.05959
vt 0.81851 0.06181
vt 0.80648 0.06922
vt 0.81768 0.07380
vt 0.80560 0.06715
vt 0.82070 0.07355
vt 0.82243 0.07256
vt 0.81382 0.07356
vt 0.80795 0.07113
vt 0.78637 0.29972
vt 0.78424 0.29937
vt 0.78470 0.30394
vt 0.78657 0.30378
vt 0.78583 0.29731
vt 0.78352 0.29716
vt 0.78506 0.30620
vt 0.78596 0.30663
vt 0.78746 0.30004
vt 0.78744 0.29716
vt 0.26571 0.97490
vt 0.26748 0.97453
vt 0.26699 0.97326
vt 0.26845 0.97315
vt 0.26465 0.97315
vt 0.26339 0.97538
vt 0.26329 0.97198
vt 0.26506 0.97631
vt 0.26712 0.97558
vt 0.26301 0.97830
vt 0.26853 0.97486
vt 0.36834 0.08058
vt 0.36765 0.08040
vt 0.36731 0.07825
vt 0.36901 0.08144
vt 0.36702 0.08018
vt 0.36775 0.08169
vt 0.36948 0.08018
vt 0.36904 0.07790
vt 0.36775 0.07616
vt 0.36632 0.07718
vt 0.36648 0.07868
vt 0.09470 0.66521
vt 0.09460 0.66654
vt 0.09531 0.66615
vt 0.09345 0.66496
vt 0.09582 0.66496
vt 0.74412 0.64259
vt 0.74487 0.64362
vt 0.74326 0.64291
vt 0.74349 0.64049
vt 0.74424 0.64123
vt 0.74349 0.64529
vt 0.74230 0.64270
vt 0.74172 0.64601
vt 0.67311 0.54578
vt 0.67311 0.54893
vt 0.67153 0.54884
vt 0.77266 0.66974
vt 0.77254 0.66843
vt 0.77090 0.66892
vt 0.77131 0.67011
vt 0.77163 0.66754
vt 0.77405 0.66892
vt 0.77274 0.67048
vt 0.77337 0.66766
vt 0.77233 0.66732
vt 0.16995 0.33978
vt 0.16680 0.33978
vt 0.16863 0.34029
vt 0.16763 0.34136
vt 0.16977 0.34042
vt 0.22534 0.89003
vt 0.22501 0.89144
vt 0.22468 0.89046
vt 0.22595 0.89148
vt 0.22358 0.89148
vt 0.22420 0.88990
vt 0.88052 0.85530
vt 0.88052 0.85675
vt 0.88131 0.85517
vt 0.10801 0.08313
vt 0.10670 0.08322
vt 0.10747 0.08383
vt 0.10593 0.08129
vt 0.11033 0.08230
vt 0.11009 0.08382
vt 0.10427 0.08301
vt 0.11166 0.08347
vt 0.11271 0.08232
vt 0.11074 0.08467
vt 0.10368 0.08090
vt 0.10579 0.08421
vt 0.10487 0.08453
vt 0.10596 0.08564
vt 0.10292 0.08232
vt 0.10694 0.08431
vt 0.10803 0.08475
vt 0.10622 0.08457
vt 0.10691 0.08529
vt 0.11154 0.08490
vt 0.11317 0.08388
vt 0.93189 0.23060
vt 0.93021 0.22731
vt 0.93205 0.22702
vt 0.93070 0.22574
vt 0.93415 0.23125
vt 0.93273 0.23402
vt 0.93207 0.22526
vt 0.93244 0.22372
vt 0.93336 0.22467
vt 0.93337 0.22308
vt 0.93273 0.22218
vt 0.93389 0.22771
vt 0.26540 0.32101
vt 0.26666 0.32183
vt 0.26524 0.32187
vt 0.26650 0.32297
vt 0.26902 0.32439
vt 0.26770 0.32561
vt 0.26932 0.32629
vt 0.26742 0.32746
vt 0.26932 0.32798
vt 0.26307 0.32650
vt 0.26609 0.32416
vt 0.26113 0.32797
vt 0.25858 0.32642
vt 0.26087 0.32503
vt 0.26010 0.32429
vt 0.26358 0.32465
vt 0.25670 0.32843
vt 0.26575 0.32873
vt 0.25790 0.32536
vt 0.26198 0.32360
vt 0.26084 0.32354
vt 0.26394 0.32297
vt 0.26118 0.32186
vt 0.26276 0.32060
vt 0.26476 0.32183
vt 0.26515 0.32378
vt 0.26413 0.31926
vt 0.26295 0.31944
vt 0.85848 0.64468
vt 0.85890 0.64359
vt 0.85980 0.64429
vt 0.85988 0.64522
vt 0.86097 0.64451
vt 0.86149 0.64199
vt 0.85844 0.64285
vt 0.86003 0.63751
vt 0.85881 0.63938
vt 0.86226 0.63819
vt 0.86416 0.64144
vt 0.86386 0.64363
vt 0.86193 0.64409
vt 0.86632 0.64013
vt 0.86033 0.63557
vt 0.86148 0.64495
vt 0.86466 0.63737
vt 0.86590 0.63556
vt 0.86192 0.63549
vt 0.86401 0.63475
vt 0.86632 0.63339
vt 0.19009 0.71389
vt 0.19125 0.71468
vt 0.18888 0.71468
vt 0.55622 0.77765
vt 0.55560 0.77898
vt 0.55639 0.77940
vt 0.55639 0.77545
vt 0.87779 0.69006
vt 0.87973 0.69233
vt 0.87878 0.69328
vt 0.87896 0.68896
vt 0.87959 0.69553
vt 0.87839 0.69506
vt 0.87748 0.68818
vt 0.87658 0.68923
vt 0.87899 0.68706
vt 0.87899 0.69653
vt 0.74851 0.29919
vt 0.74843 0.29795
vt 0.75110 0.29863
vt 0.75010 0.29970
vt 0.75276 0.29883
vt 0.74645 0.29883
vt 0.74793 0.29993
vt 0.74868 0.30032
vt 0.68252 0.44272
vt 0.68265 0.44196
vt 0.68091 0.44142
vt 0.68118 0.44244
vt 0.68035 0.44182
vt 0.68343 0.44196
vt 0.68381 0.44249
vt 0.68288 0.44350
vt 0.68146 0.44396
vt 0.67898 0.44338
vt 0.67947 0.44193
vt 0.67727 0.44227
vt 0.67523 0.44231
vt 0.67994 0.43946
vt 0.68009 0.43798
vt 0.67513 0.43972
vt 0.68499 0.43786
vt 0.67582 0.43711
vt 0.68645 0.43686
vt 0.68723 0.43863
vt 0.68888 0.43711
vt 0.67342 0.43857
vt 0.67304 0.44141
vt 0.67428 0.44167
vt 0.67512 0.44115
vt 0.67745 0.44109
vt 0.67153 0.43974
vt 0.47674 0.54549
vt 0.47792 0.54511
vt 0.47730 0.54433
vt 0.47942 0.54404
vt 0.48660 0.54578
vt 0.48580 0.54422
vt 0.48155 0.54526
vt 0.48915 0.54423
vt 0.49004 0.54532
vt 0.48515 0.54341
vt 0.49172 0.54341
vt 0.18461 0.82429
vt 0.18532 0.82200
vt 0.18651 0.82470
vt 0.18336 0.82177
vt 0.18623 0.82609
vt 0.18647 0.82177
vt 0.18540 0.82123
vt 0.18540 0.82676
vt 0.18423 0.82142
vt 0.29219 0.78098
vt 0.29377 0.78098
vt 0.29336 0.78256
vt 0.21491 0.85359
vt 0.21491 0.85517
vt 0.21648 0.85399
vt 0.28301 0.45185
vt 0.28303 0.45095
vt 0.27941 0.45140
vt 0.28513 0.45257
vt 0.28067 0.44916
vt 0.27684 0.45031
vt 0.27718 0.45152
vt 0.27801 0.45249
vt 0.27699 0.45260
vt 0.27563 0.45213
vt 0.28559 0.44978
vt 0.28445 0.44870
vt 0.28904 0.44916
vt 0.28692 0.45064
vt 0.28734 0.45201
vt 0.28829 0.45264
vt 0.28786 0.44939
vt 0.00263 0.51413
vt 0.00557 0.51458
vt 0.00578 0.51350
vt 0.00327 0.51500
vt 0.01065 0.51342
vt 0.00039 0.51342
vt 0.40497 0.77624
vt 0.40655 0.77624
vt 0.40546 0.77782
vt 0.39629 0.15351
vt 0.39550 0.15430
vt 0.39472 0.15351
vt 0.25907 0.82360
vt 0.26065 0.82276
vt 0.26065 0.82202
vt 0.58005 0.88122
vt 0.57908 0.88200
vt 0.57847 0.88122
vt 0.27721 0.34925
vt 0.27721 0.34999
vt 0.27879 0.35083
vt 0.06050 0.29716
vt 0.05954 0.29637
vt 0.05962 0.29709
vt 0.06191 0.29637
vt 0.02484 0.22455
vt 0.02721 0.22455
vt 0.02505 0.22534
vt 0.34819 0.86066
vt 0.34740 0.85991
vt 0.34740 0.86227
vt 0.47577 0.04223
vt 0.47674 0.04302
vt 0.47516 0.04302
vt 0.94361 0.78414
vt 0.94361 0.78571
vt 0.94440 0.78507
vt 0.04909 0.53380
vt 0.04623 0.53197
vt 0.04706 0.53098
vt 0.04857 0.52952
vt 0.05044 0.53113
vt 0.05166 0.52915
vt 0.05095 0.53422
vt 0.05166 0.53867
vt 0.04710 0.52950
vt 0.04803 0.53555
vt 0.04707 0.53331
vt 0.04628 0.53374
vt 0.04629 0.52925
vt 0.04554 0.53159
vt 0.04562 0.52997
vt 0.04535 0.53292
vt 0.04576 0.53492
vt 0.04748 0.52827
vt 0.04706 0.52782
vt 0.04812 0.52762
vt 0.04582 0.53279
vt 0.04607 0.53443
vt 0.04684 0.53557
vt 0.04773 0.53648
vt 0.04750 0.52887
vt 0.00513 0.51962
vt 0.00371 0.51894
vt 0.00451 0.52052
vt 0.00276 0.51962
vt 0.26932 0.99092
vt 0.27090 0.99092
vt 0.27025 0.99171
vt 0.82532 0.89838
vt 0.82622 0.89760
vt 0.82651 0.90062
vt 0.82768 0.89773
vt 0.82536 0.90174
vt 0.82536 0.89700
vt 0.68178 0.69749
vt 0.68257 0.69811
vt 0.68257 0.69732
vt 0.44462 0.18666
vt 0.44440 0.18508
vt 0.44598 0.18508
vt 0.59188 0.19433
vt 0.59030 0.19298
vt 0.59030 0.19455
vt 0.41364 0.03039
vt 0.41285 0.03109
vt 0.41364 0.03197
vt 0.78184 0.81972
vt 0.78041 0.82068
vt 0.78084 0.81908
vt 0.77967 0.81910
vt 0.78185 0.81831
vt 0.78108 0.81747
vt 0.78021 0.81724
vt 0.77943 0.81783
vt 0.78021 0.81571
vt 0.78124 0.81606
vt 0.78157 0.82102
vt 0.78267 0.82077
vt 0.78261 0.82227
vt 0.78112 0.82396
vt 0.78352 0.82233
vt 0.77964 0.82231
vt 0.78257 0.81962
vt 0.77849 0.82086
vt 0.77800 0.81815
vt 0.78021 0.82518
vt 0.78198 0.81739
vt 0.27405 0.54016
vt 0.27327 0.53946
vt 0.27326 0.54104
vt 0.98778 0.98372
vt 0.98620 0.98066
vt 0.98620 0.98461
vt 0.52957 0.66402
vt 0.53028 0.66268
vt 0.53033 0.66101
vt 0.53115 0.66153
vt 0.53033 0.66496
vt 0.92863 0.53315
vt 0.93021 0.53315
vt 0.92911 0.53473
vt 0.30329 0.54104
vt 0.30244 0.54081
vt 0.30329 0.53710
vt 0.30402 0.53762
vt 0.71333 0.00908
vt 0.71254 0.00908
vt 0.71316 0.00829
vt 0.15861 0.57252
vt 0.15902 0.56919
vt 0.15687 0.56978
vt 0.16071 0.57373
vt 0.16244 0.57221
vt 0.16006 0.56725
vt 0.16212 0.57847
vt 0.16239 0.56769
vt 0.15820 0.57647
vt 0.16401 0.57658
vt 0.16663 0.57907
vt 0.16725 0.57384
vt 0.17008 0.57391
vt 0.17160 0.57958
vt 0.16684 0.58314
vt 0.17468 0.57994
vt 0.17405 0.57423
vt 0.18065 0.57467
vt 0.17701 0.57068
vt 0.17269 0.56951
vt 0.16653 0.56940
vt 0.16980 0.58200
vt 0.16197 0.58245
vt 0.16398 0.58604
vt 0.16671 0.58604
vt 0.16582 0.58842
vt 0.16466 0.59052
vt 0.16166 0.58944
vt 0.16353 0.59338
vt 0.17380 0.56793
vt 0.16931 0.56817
vt 0.18084 0.57291
vt 0.17090 0.58489
vt 0.16056 0.58578
vt 0.17570 0.56671
vt 0.19098 0.56309
vt 0.19409 0.56265
vt 0.19293 0.55946
vt 0.18863 0.55807
vt 0.19564 0.55952
vt 0.18801 0.56377
vt 0.16437 0.57286
vt 0.18488 0.55996
vt 0.18456 0.55661
vt 0.18975 0.55588
vt 0.19335 0.55714
vt 0.18237 0.55882
vt 0.18092 0.56203
vt 0.17629 0.55732
vt 0.17717 0.56132
vt 0.17885 0.56489
vt 0.17415 0.56388
vt 0.17129 0.56093
vt 0.17007 0.56239
vt 0.17245 0.55896
vt 0.17958 0.55666
vt 0.16613 0.55881
vt 0.16595 0.56127
vt 0.16932 0.56404
vt 0.16519 0.56352
vt 0.16262 0.55808
vt 0.18408 0.56509
vt 0.17580 0.55470
vt 0.17224 0.55435
vt 0.18172 0.57032
vt 0.16146 0.56036
vt 0.16230 0.56310
vt 0.16005 0.56109
vt 0.15859 0.55760
vt 0.15925 0.55447
vt 0.15616 0.55395
vt 0.15667 0.55052
vt 0.15414 0.55199
vt 0.15310 0.55309
vt 0.15310 0.54915
vt 0.15471 0.54634
vt 0.15741 0.54870
vt 0.16125 0.55187
vt 0.15967 0.54805
vt 0.15000 0.54662
vt 0.15144 0.54418
vt 0.15387 0.54180
vt 0.14789 0.54451
vt 0.14751 0.54753
vt 0.14496 0.54469
vt 0.14631 0.54270
vt 0.14306 0.54326
vt 0.14262 0.54011
vt 0.14615 0.53682
vt 0.13979 0.54399
vt 0.13702 0.54191
vt 0.13747 0.54714
vt 0.13847 0.53486
vt 0.14224 0.53326
vt 0.13504 0.53554
vt 0.13507 0.53839
vt 0.14316 0.54543
vt 0.14927 0.54129
vt 0.15056 0.54995
vt 0.15600 0.55654
vt 0.15771 0.56014
vt 0.15287 0.55713
vt 0.14624 0.53423
vt 0.14541 0.53098
vt 0.14179 0.52849
vt 0.14708 0.52808
vt 0.14447 0.52323
vt 0.13935 0.52468
vt 0.13747 0.52886
vt 0.13485 0.52535
vt 0.13440 0.52857
vt 0.13209 0.52507
vt 0.13106 0.52951
vt 0.13243 0.53286
vt 0.12809 0.52586
vt 0.13029 0.52168
vt 0.12728 0.52272
vt 0.12689 0.51941
vt 0.12902 0.51715
vt 0.13382 0.51830
vt 0.13069 0.51437
vt 0.12766 0.51221
vt 0.13143 0.51028
vt 0.12877 0.50693
vt 0.12399 0.50875
vt 0.12411 0.50248
vt 0.12916 0.50212
vt 0.13324 0.50360
vt 0.13520 0.50723
vt 0.13766 0.50321
vt 0.13625 0.49928
vt 0.14091 0.50169
vt 0.14023 0.50633
vt 0.14453 0.50397
vt 0.14286 0.50831
vt 0.14854 0.50770
vt 0.14706 0.50182
vt 0.15115 0.50430
vt 0.15460 0.50960
vt 0.15058 0.51191
vt 0.15510 0.50500
vt 0.15623 0.51297
vt 0.14660 0.51155
vt 0.13702 0.51100
vt 0.13197 0.49908
vt 0.12128 0.51110
vt 0.12152 0.50573
vt 0.11721 0.50757
vt 0.11914 0.50311
vt 0.12423 0.51506
vt 0.15134 0.51949
vt 0.13462 0.52201
vt 0.14928 0.53411
vt 0.13450 0.51482
vt 0.15258 0.53188
vt 0.15277 0.52745
vt 0.15678 0.53285
vt 0.15306 0.53692
vt 0.15760 0.53603
vt 0.15705 0.54043
vt 0.15531 0.54372
vt 0.15927 0.54484
vt 0.15944 0.53992
vt 0.14923 0.53652
vt 0.12306 0.52057
vt 0.15951 0.56390
vt 0.16229 0.54552
vt 0.16210 0.54133
vt 0.15937 0.58127
vt 0.16019 0.53511
vt 0.14116 0.51164
vt 0.13689 0.53210
vt 0.12034 0.51498
vt 0.11553 0.50321
vt 0.11626 0.49713
vt 0.11159 0.49870
vt 0.17188 0.55633
vt 0.12051 0.49800
vt 0.16785 0.55435
vt 0.13946 0.52009
vt 0.15038 0.55313
vt 0.16134 0.55370
vt 0.17195 0.56595
vt 0.15522 0.56190
vt 0.15186 0.55820
vt 0.14849 0.55485
vt 0.16495 0.55515
vt 0.15829 0.56613
vt 0.14048 0.54724
vt 0.16521 0.55031
vt 0.16814 0.55106
vt 0.16960 0.55062
vt 0.16564 0.54551
vt 0.17189 0.54904
vt 0.16989 0.54535
vt 0.17444 0.54672
vt 0.17047 0.54231
vt 0.17546 0.54487
vt 0.17422 0.55230
vt 0.11827 0.51984
vt 0.11609 0.51662
vt 0.14518 0.55002
vt 0.12692 0.49737
vt 0.14432 0.51634
vt 0.15180 0.53945
vt 0.16874 0.55763
vt 0.16602 0.56572
vt 0.13248 0.49515
vt 0.12797 0.49201
vt 0.12266 0.49088
vt 0.12598 0.48726
vt 0.11884 0.48659
vt 0.12170 0.48421
vt 0.12987 0.48647
vt 0.11880 0.49190
vt 0.16219 0.54641
vt 0.14990 0.53847
vt 0.16427 0.56675
vt 0.14429 0.55249
vt 0.12292 0.49527
vt 0.13937 0.51597
vt 0.14884 0.51709
vt 0.49251 0.39818
vt 0.49423 0.40213
vt 0.49826 0.39940
vt 0.49897 0.40211
vt 0.50434 0.40031
vt 0.50287 0.39818
vt 0.85870 0.48974
vt 0.85686 0.49251
vt 0.86101 0.49297
vt 0.86372 0.49044
vt 0.86772 0.49605
vt 0.87185 0.49413
vt 0.86931 0.48974
vt 0.91601 0.31917
vt 0.91601 0.32418
vt 0.91399 0.31689
vt 0.91207 0.32098
vt 0.91221 0.32478
vt 0.30402 0.25296
vt 0.30065 0.25297
vt 0.29961 0.25533
vt 0.29535 0.25296
vt 0.88776 0.55998
vt 0.88934 0.55772
vt 0.88517 0.55613
vt 0.88375 0.55696
vt 0.88237 0.55989
vt 0.88594 0.55457
vt 0.89256 0.55589
vt 0.88974 0.55240
vt 0.89247 0.55051
vt 0.89681 0.55510
vt 0.89708 0.55189
vt 0.88002 0.55364
vt 0.87949 0.55051
vt 0.88027 0.55563
vt 0.87737 0.55417
vt 0.60686 0.08169
vt 0.60686 0.08721
vt 0.60134 0.08451
vt 0.86238 0.95146
vt 0.86527 0.95541
vt 0.86632 0.95146
vt 0.37894 0.76835
vt 0.37894 0.77309
vt 0.37579 0.76888
vt 0.55306 0.59909
vt 0.55440 0.59648
vt 0.55548 0.59846
vt 0.55239 0.59702
vt 0.55725 0.59638
vt 0.55294 0.60133
vt 0.55102 0.60014
vt 0.55068 0.60250
vt 0.54931 0.59947
vt 0.55068 0.59657
vt 0.55221 0.60382
vt 0.55556 0.60078
vt 0.54855 0.59804
vt 0.55809 0.59810
vt 0.55972 0.59557
vt 0.55474 0.60286
vt 0.55293 0.60427
vt 0.55634 0.60251
vt 0.55886 0.60050
vt 0.55948 0.60147
vt 0.56124 0.59770
vt 0.56235 0.59870
vt 0.55851 0.59444
vt 0.56120 0.59270
vt 0.55589 0.59510
vt 0.54871 0.60153
vt 0.54805 0.59964
vt 0.55332 0.59518
vt 0.56238 0.60093
vt 0.55117 0.60500
vt 0.55210 0.60547
vt 0.55105 0.60700
vt 0.54881 0.60676
vt 0.54825 0.60940
vt 0.54980 0.61028
vt 0.54860 0.61159
vt 0.55039 0.61193
vt 0.55317 0.60839
vt 0.55379 0.60665
vt 0.55791 0.60802
vt 0.55669 0.60576
vt 0.55970 0.60747
vt 0.56117 0.60577
vt 0.55902 0.60454
vt 0.56364 0.60929
vt 0.56108 0.60936
vt 0.56445 0.61131
vt 0.56603 0.61008
vt 0.56012 0.60312
vt 0.56153 0.60309
vt 0.56360 0.60619
vt 0.55518 0.60478
vt 0.56579 0.61386
vt 0.56352 0.61386
vt 0.56442 0.61497
vt 0.56221 0.61481
vt 0.56263 0.61202
vt 0.56725 0.61259
vt 0.56497 0.61704
vt 0.56042 0.59193
vt 0.56112 0.58894
vt 0.54704 0.61040
vt 0.54740 0.61180
vt 0.54623 0.61164
vt 0.54645 0.61260
vt 0.54528 0.61098
vt 0.54532 0.60774
vt 0.54651 0.60725
vt 0.54808 0.60420
vt 0.54549 0.60491
vt 0.54448 0.60397
vt 0.54600 0.60316
vt 0.54469 0.60261
vt 0.54495 0.60156
vt 0.54377 0.60209
vt 0.54382 0.60131
vt 0.55065 0.60386
vt 0.54739 0.60265
vt 0.56056 0.61047
vt 0.55717 0.60939
vt 0.54474 0.60060
vt 0.54762 0.59887
vt 0.54599 0.60053
vt 0.54703 0.60087
vt 0.54994 0.60283
vt 0.56338 0.58461
vt 0.56522 0.58416
vt 0.56128 0.58086
vt 0.56357 0.57531
vt 0.55844 0.57620
vt 0.56033 0.57038
vt 0.55563 0.58033
vt 0.56099 0.58441
vt 0.55201 0.57625
vt 0.55668 0.56929
vt 0.55325 0.57277
vt 0.54992 0.57411
vt 0.55084 0.57005
vt 0.55326 0.56671
vt 0.55730 0.56688
vt 0.56119 0.56843
vt 0.56493 0.57220
vt 0.54748 0.57489
vt 0.55515 0.56460
vt 0.55921 0.56498
vt 0.55155 0.56314
vt 0.56329 0.56704
vt 0.56822 0.57059
vt 0.54624 0.59958
vt 0.56474 0.62837
vt 0.56822 0.63054
vt 0.56573 0.63336
vt 0.56352 0.63130
vt 0.56642 0.62629
vt 0.56219 0.62752
vt 0.56159 0.62189
vt 0.55814 0.62237
vt 0.56025 0.62912
vt 0.55892 0.61788
vt 0.55453 0.61754
vt 0.55553 0.61536
vt 0.55211 0.61456
vt 0.56137 0.63304
vt 0.55196 0.61275
vt 0.56303 0.63530
vt 0.56616 0.63733
vt 0.00369 0.88196
vt 0.00224 0.88253
vt 0.00395 0.88416
vt 0.00220 0.88477
vt 0.00328 0.88595
vt 0.00202 0.87998
vt 0.00058 0.88377
vt 0.00039 0.88088
vt 0.00386 0.87979
vt 0.00506 0.88524
vt 0.00637 0.88232
vt 0.00710 0.88506
vt 0.00705 0.88019
vt 0.00962 0.88148
vt 0.00943 0.88395
vt 0.00984 0.87964
vt 0.01222 0.87979
vt 0.18980 0.21677
vt 0.19063 0.21568
vt 0.18798 0.21453
vt 0.18770 0.21350
vt 0.18974 0.21384
vt 0.18610 0.21441
vt 0.19028 0.21824
vt 0.18746 0.21702
vt 0.18738 0.21542
vt 0.18785 0.21821
vt 0.18953 0.21902
vt 0.19393 0.21685
vt 0.18514 0.21560
vt 0.19334 0.21532
vt 0.19677 0.21452
vt 0.18494 0.21452
vt 0.18625 0.21743
vt 0.19155 0.21415
vt 0.56427 0.72968
vt 0.56390 0.73125
vt 0.56349 0.72917
vt 0.56390 0.72731
vt 0.18423 0.99214
vt 0.18496 0.98830
vt 0.18261 0.98817
vt 0.18647 0.98563
vt 0.18570 0.99123
vt 0.18687 0.99386
vt 0.18877 0.99327
vt 0.19018 0.99573
vt 0.18766 0.99557
vt 0.18303 0.99242
vt 0.19178 0.99803
vt 0.18010 0.98744
vt 0.18147 0.98580
vt 0.18459 0.98476
vt 0.19276 0.99674
vt 0.19445 0.99727
vt 0.19625 0.99498
vt 0.17869 0.98798
vt 0.17962 0.98406
vt 0.18302 0.98350
vt 0.18055 0.98288
vt 0.17949 0.98086
vt 0.17482 0.98658
vt 0.17449 0.98984
vt 0.17827 0.98166
vt 0.17476 0.98431
vt 0.17865 0.97987
vt 0.17622 0.98209
vt 0.17152 0.98808
vt 0.17268 0.98957
vt 0.17155 0.99017
vt 0.17016 0.99111
vt 0.16916 0.99069
vt 0.17295 0.99060
vt 0.17800 0.99023
vt 0.17987 0.99072
vt 0.17679 0.99140
vt 0.17501 0.99068
vt 0.17345 0.99014
vt 0.19759 0.99544
vt 0.19789 0.99358
vt 0.19159 0.98478
vt 0.19551 0.98472
vt 0.19469 0.98241
vt 0.19161 0.98223
vt 0.19857 0.98339
vt 0.19863 0.98047
vt 0.20093 0.98269
vt 0.20151 0.97987
vt 0.18767 0.98233
vt 0.18462 0.98330
vt 0.19360 0.98616
vt 0.18881 0.98700
vt 0.19919 0.98571
vt 0.20270 0.98514
vt 0.20308 0.98117
vt 0.79588 0.55132
vt 0.79836 0.54773
vt 0.79499 0.54826
vt 0.79687 0.54618
vt 0.79207 0.55183
vt 0.79335 0.55498
vt 0.78951 0.55604
vt 0.78904 0.55041
vt 0.79132 0.54564
vt 0.79456 0.54400
vt 0.78812 0.54601
vt 0.79722 0.54311
vt 0.79132 0.54164
vt 0.78667 0.55495
vt 0.78691 0.55078
vt 0.79562 0.54104
vt 0.78818 0.54379
vt 0.79929 0.54400
vt 0.79745 0.55366
vt 0.79626 0.55569
vt 0.79894 0.55474
vt 0.79894 0.54108
vt 0.79809 0.55051
vt 0.79885 0.55222
vt 0.04669 0.66565
vt 0.04919 0.66623
vt 0.04781 0.66390
vt 0.04703 0.66744
vt 0.05008 0.66434
vt 0.04520 0.66425
vt 0.04613 0.66217
vt 0.04873 0.66208
vt 0.04404 0.66667
vt 0.04251 0.66464
vt 0.04321 0.66257
vt 0.04762 0.66017
vt 0.04156 0.66670
vt 0.04855 0.66859
vt 0.04051 0.66475
vt 0.03991 0.66292
vt 0.02079 0.66694
vt 0.02200 0.67016
vt 0.02312 0.66811
vt 0.01977 0.66936
vt 0.01814 0.66614
vt 0.01435 0.66425
vt 0.01716 0.66099
vt 0.01470 0.66150
vt 0.01309 0.66120
vt 0.02125 0.66325
vt 0.02108 0.66001
vt 0.02334 0.66588
vt 0.02549 0.66679
vt 0.02641 0.66488
vt 0.02701 0.66724
vt 0.01838 0.66924
vt 0.02118 0.67127
vt 0.02440 0.66243
vt 0.02290 0.66064
vt 0.01528 0.66047
vt 0.01924 0.65943
vt 0.01680 0.65997
vt 0.02895 0.66485
vt 0.02890 0.66274
vt 0.03088 0.66691
vt 0.02469 0.66831
vt 0.03178 0.66453
vt 0.03540 0.66660
vt 0.03516 0.66466
vt 0.03852 0.66543
vt 0.03724 0.66340
vt 0.03937 0.66782
vt 0.03554 0.66866
vt 0.03438 0.66250
vt 0.02615 0.66142
vt 0.01229 0.66404
vt 0.01604 0.66773
vt 0.01001 0.66119
vt 0.01132 0.66048
vt 0.00986 0.66017
vt 0.88495 0.51876
vt 0.88598 0.51961
vt 0.88439 0.52052
vt 0.88261 0.51892
vt 0.88372 0.51726
vt 0.88210 0.51640
vt 0.88368 0.51549
vt 0.88536 0.51557
vt 0.88675 0.51762
vt 0.88762 0.51640
vt 0.88740 0.51853
vt 0.88716 0.51500
vt 0.88661 0.52010
vt 0.93193 0.66953
vt 0.93382 0.66956
vt 0.93379 0.67033
vt 0.93504 0.67017
vt 0.93480 0.66890
vt 0.93465 0.67271
vt 0.93657 0.67163
vt 0.93688 0.67350
vt 0.93750 0.66977
vt 0.93939 0.67097
vt 0.93475 0.67556
vt 0.93359 0.67500
vt 0.93940 0.66868
vt 0.94224 0.67047
vt 0.94091 0.66705
vt 0.93701 0.67577
vt 0.93547 0.67764
vt 0.94074 0.67370
vt 0.93411 0.67675
vt 0.94695 0.67128
vt 0.94849 0.67398
vt 0.95219 0.67205
vt 0.95319 0.67645
vt 0.95322 0.67808
vt 0.95673 0.68145
vt 0.95593 0.67753
vt 0.95497 0.67287
vt 0.94021 0.67754
vt 0.93596 0.67969
vt 0.94380 0.67697
vt 0.94285 0.68079
vt 0.94700 0.68066
vt 0.94419 0.68273
vt 0.94701 0.68217
vt 0.95040 0.68311
vt 0.94520 0.67489
vt 0.94032 0.68228
vt 0.93836 0.68023
vt 0.94824 0.67691
vt 0.95087 0.68023
vt 0.93531 0.68161
vt 0.93379 0.67896
vt 0.94424 0.66756
vt 0.94966 0.66620
vt 0.94840 0.66924
vt 0.95173 0.66816
vt 0.94343 0.66615
vt 0.95702 0.66437
vt 0.95381 0.66332
vt 0.95894 0.66029
vt 0.96166 0.66004
vt 0.96094 0.65532
vt 0.95883 0.65736
vt 0.95860 0.65355
vt 0.94676 0.66414
vt 0.94080 0.66435
vt 0.95448 0.66926
vt 0.95966 0.65102
vt 0.95810 0.65025
vt 0.95709 0.65107
vt 0.95733 0.64703
vt 0.95478 0.64608
vt 0.95357 0.64764
vt 0.95166 0.64539
vt 0.95181 0.64342
vt 0.94915 0.64343
vt 0.94842 0.64537
vt 0.94625 0.64450
vt 0.95497 0.64379
vt 0.93897 0.63018
vt 0.94269 0.62951
vt 0.94275 0.63337
vt 0.94022 0.62660
vt 0.93914 0.63513
vt 0.94457 0.63744
vt 0.94015 0.63819
vt 0.93493 0.63307
vt 0.93055 0.63108
vt 0.93454 0.62670
vt 0.93195 0.63776
vt 0.92887 0.63437
vt 0.93449 0.63725
vt 0.93583 0.64005
vt 0.93246 0.64195
vt 0.92515 0.63102
vt 0.92874 0.62780
vt 0.92206 0.63009
vt 0.93737 0.62280
vt 0.94047 0.64093
vt 0.94403 0.64270
vt 0.94060 0.64320
vt 0.93770 0.64286
vt 0.93468 0.64250
vt 0.93609 0.64371
vt 0.92916 0.63942
vt 0.92624 0.63551
vt 0.92252 0.63359
vt 0.92370 0.63693
vt 0.92622 0.63859
vt 0.92147 0.63498
vt 0.92824 0.64092
vt 0.94138 0.62372
vt 0.93227 0.62359
vt 0.94778 0.63975
vt 0.94451 0.62645
vt 0.94703 0.64289
vt 0.93909 0.64433
vt 0.94777 0.63514
vt 0.94273 0.64418
vt 0.94595 0.63122
vt 0.93463 0.61945
vt 0.94199 0.61937
vt 0.93926 0.61923
vt 0.93063 0.64275
vt 0.94533 0.62107
vt 0.93652 0.61646
vt 0.92867 0.62093
vt 0.91916 0.63262
vt 0.92368 0.62582
vt 0.93188 0.61604
vt 0.91959 0.63024
vt 0.93166 0.64442
vt 0.93306 0.64408
vt 0.94787 0.62584
vt 0.94949 0.64169
vt 0.94927 0.62116
vt 0.94979 0.62953
vt 0.94234 0.61380
vt 0.94650 0.61543
vt 0.93796 0.61122
vt 0.95095 0.61573
vt 0.95006 0.63762
vt 0.95142 0.63345
vt 0.95198 0.62434
vt 0.94242 0.60897
vt 0.94744 0.61123
vt 0.92666 0.61607
vt 0.95271 0.61936
vt 0.95294 0.62804
vt 0.95099 0.60892
vt 0.95400 0.61097
vt 0.95636 0.61454
vt 0.95620 0.61966
vt 0.95224 0.64169
vt 0.95320 0.63736
vt 0.95475 0.63118
vt 0.95692 0.62327
vt 0.95845 0.62671
vt 0.96043 0.61557
vt 0.96166 0.61905
vt 0.96175 0.62293
vt 0.02810 0.20592
vt 0.02681 0.20734
vt 0.02746 0.20495
vt 0.02727 0.20855
vt 0.02540 0.20945
vt 0.02824 0.20968
vt 0.02981 0.20428
vt 0.02732 0.19988
vt 0.03052 0.19958
vt 0.03349 0.20407
vt 0.03243 0.20668
vt 0.03431 0.20874
vt 0.02976 0.20797
vt 0.03277 0.19874
vt 0.03189 0.20933
vt 0.03493 0.20178
vt 0.03046 0.19562
vt 0.02722 0.19563
vt 0.02519 0.19737
vt 0.02783 0.20326
vt 0.03588 0.20625
vt 0.03280 0.19438
vt 0.03405 0.21034
vt 0.02913 0.19166
vt 0.03198 0.19173
vt 0.02628 0.19191
vt 0.03580 0.19728
vt 0.02786 0.18982
vt 0.03588 0.19393
vt 0.02484 0.19382
vt 0.02520 0.19955
vt 0.63842 0.34640
vt 0.64097 0.34618
vt 0.63819 0.34923
vt 0.64056 0.34992
vt 0.64384 0.34992
vt 0.64209 0.35300
vt 0.63936 0.35319
vt 0.63646 0.35315
vt 0.64028 0.35510
vt 0.63742 0.35505
vt 0.64610 0.34779
vt 0.64353 0.34297
vt 0.64629 0.34458
vt 0.64564 0.35091
vt 0.64004 0.34155
vt 0.63798 0.34266
vt 0.64363 0.33970
vt 0.64080 0.33826
vt 0.64564 0.34165
vt 0.63850 0.33842
vt 0.63628 0.34123
vt 0.63415 0.33755
vt 0.63290 0.34098
vt 0.63060 0.33861
vt 0.62892 0.34289
vt 0.63282 0.34716
vt 0.62989 0.34873
vt 0.62662 0.34452
vt 0.62634 0.34896
vt 0.63452 0.34255
vt 0.62783 0.35203
vt 0.63388 0.35350
vt 0.63091 0.35420
vt 0.62905 0.35207
vt 0.62579 0.34220
vt 0.62801 0.33913
vt 0.63139 0.33765
vt 0.63095 0.33662
vt 0.63687 0.34605
vt 0.63439 0.35558
vt 0.63620 0.34985
vt 0.63489 0.34679
vt 0.63004 0.33770
vt 0.62922 0.35482
vt 0.63098 0.35855
vt 0.63217 0.35672
vt 0.63464 0.35945
vt 0.63785 0.35688
vt 0.63864 0.35846
vt 0.63044 0.35951
vt 0.62961 0.35824
vt 0.62976 0.35702
vt 0.64068 0.35692
vt 0.62952 0.35803
vt 0.62884 0.35704
vt 0.46648 0.25390
vt 0.46698 0.25296
vt 0.46806 0.25356
vt 0.46698 0.25533
vt 0.13210 0.31590
vt 0.13289 0.31607
vt 0.13276 0.31768
vt 0.13276 0.31452
vt 0.50771 0.41899
vt 0.50868 0.41693
vt 0.50614 0.41642
vt 0.50734 0.41555
vt 0.50986 0.41839
vt 0.50982 0.42186
vt 0.50946 0.41563
vt 0.50380 0.41726
vt 0.50430 0.41563
vt 0.50257 0.41676
vt 0.50244 0.41879
vt 0.50489 0.41944
vt 0.50347 0.42002
vt 0.50557 0.41814
vt 0.50650 0.41784
vt 0.50437 0.42057
vt 0.50152 0.41851
vt 0.50118 0.41685
vt 0.00670 0.83791
vt 0.00828 0.83595
vt 0.00796 0.83881
vt 0.00673 0.84175
vt 0.00673 0.83465
vt 0.49595 0.82554
vt 0.49403 0.82653
vt 0.49691 0.82673
vt 0.49300 0.82521
vt 0.49093 0.82664
vt 0.49094 0.82518
vt 0.49802 0.82542
vt 0.49882 0.82664
vt 0.49853 0.82755
vt 0.93336 0.04731
vt 0.93217 0.04719
vt 0.93324 0.05012
vt 0.93178 0.04992
vt 0.93324 0.04380
vt 0.27394 0.61453
vt 0.27505 0.61436
vt 0.27472 0.61563
vt 0.27400 0.61682
vt 0.27475 0.61760
vt 0.27326 0.61526
vt 0.27475 0.61287
vt 0.27563 0.61293
vt 0.40967 0.48348
vt 0.40773 0.48258
vt 0.40835 0.48058
vt 0.40903 0.48521
vt 0.40655 0.47960
vt 0.41074 0.48579
vt 0.41145 0.48449
vt 0.40889 0.47797
vt 0.41075 0.47888
vt 0.41219 0.47632
vt 0.40992 0.48152
vt 0.41219 0.48566
vt 0.41041 0.48235
vt 0.41278 0.48282
vt 0.41285 0.48462
vt 0.41185 0.48202
vt 0.14117 0.64752
vt 0.13584 0.64557
vt 0.13752 0.64961
vt 0.14116 0.65137
vt 0.14396 0.64820
vt 0.14442 0.65133
vt 0.13371 0.64822
vt 0.13220 0.64522
vt 0.13404 0.64283
vt 0.14224 0.64419
vt 0.13738 0.64211
vt 0.14687 0.64511
vt 0.14181 0.64082
vt 0.14628 0.64199
vt 0.14628 0.64945
vt 0.14789 0.64713
vt 0.14900 0.64302
vt 0.15010 0.64675
vt 0.15088 0.64276
vt 0.14905 0.64072
vt 0.15066 0.64030
vt 0.15103 0.64753
vt 0.14820 0.65132
vt 0.14947 0.65127
vt 0.14612 0.65511
vt 0.14532 0.65371
vt 0.14248 0.65431
vt 0.13711 0.65286
vt 0.13056 0.64298
vt 0.13109 0.64666
vt 0.12897 0.64535
vt 0.14268 0.65715
vt 0.14502 0.65713
vt 0.14175 0.65864
vt 0.14027 0.65589
vt 0.14071 0.65719
vt 0.14805 0.65518
vt 0.13319 0.63970
vt 0.13040 0.64030
vt 0.13165 0.65203
vt 0.12885 0.64820
vt 0.13545 0.65508
vt 0.12600 0.64622
vt 0.12644 0.64377
vt 0.12700 0.65054
vt 0.12948 0.65318
vt 0.13174 0.65527
vt 0.12342 0.64775
vt 0.13740 0.27797
vt 0.14001 0.27713
vt 0.13765 0.27544
vt 0.13991 0.27887
vt 0.13528 0.27657
vt 0.13361 0.27328
vt 0.13610 0.27339
vt 0.13296 0.27611
vt 0.13052 0.27319
vt 0.13077 0.27073
vt 0.13881 0.27394
vt 0.14105 0.27603
vt 0.14121 0.27385
vt 0.13913 0.27157
vt 0.14183 0.27032
vt 0.14293 0.27727
vt 0.14367 0.27498
vt 0.14448 0.27073
vt 0.14246 0.27891
vt 0.14550 0.27676
vt 0.14487 0.27979
vt 0.52198 0.94146
vt 0.52327 0.94230
vt 0.52240 0.94278
vt 0.52309 0.94106
vt 0.52240 0.93962
vt 0.52169 0.94034
vt 0.40744 0.93757
vt 0.40497 0.93838
vt 0.40702 0.93879
vt 0.40612 0.93725
vt 0.40812 0.93838
vt 0.40582 0.93962
vt 0.92468 0.59234
vt 0.92570 0.59155
vt 0.92705 0.59234
vt 0.85818 0.52094
vt 0.86367 0.52199
vt 0.86100 0.51902
vt 0.86483 0.51978
vt 0.85664 0.51856
vt 0.86211 0.52318
vt 0.86645 0.52121
vt 0.85465 0.51990
vt 0.85350 0.52202
vt 0.85465 0.51789
vt 0.86237 0.51731
vt 0.85913 0.51657
vt 0.85103 0.52051
vt 0.86605 0.52300
vt 0.86500 0.51657
vt 0.86053 0.52525
vt 0.86430 0.52441
vt 0.85381 0.52468
vt 0.84929 0.52358
vt 0.85287 0.52722
vt 0.84819 0.52743
vt 0.85903 0.52841
vt 0.86592 0.52524
vt 0.86307 0.52764
vt 0.86506 0.52790
vt 0.86704 0.51829
vt 0.86790 0.52048
vt 0.34300 0.57379
vt 0.34069 0.57501
vt 0.34211 0.57694
vt 0.34455 0.57551
vt 0.34556 0.57332
vt 0.34754 0.57457
vt 0.33911 0.57366
vt 0.33736 0.57579
vt 0.33834 0.57735
vt 0.33667 0.57413
vt 0.34381 0.57198
vt 0.34508 0.57106
vt 0.34047 0.57151
vt 0.34819 0.57353
vt 0.33701 0.57164
vt 0.33461 0.57260
vt 0.34279 0.56988
vt 0.34400 0.56923
vt 0.34022 0.56924
vt 0.33691 0.56883
vt 0.33452 0.57018
vt 0.34260 0.56712
vt 0.34472 0.56709
vt 0.33250 0.56956
vt 0.33355 0.56709
vt 0.33233 0.57255
vt 0.33005 0.57080
vt 0.33043 0.56848
vt 0.23935 0.33189
vt 0.23867 0.33268
vt 0.23699 0.33189
vt 0.18809 0.73678
vt 0.18809 0.73915
vt 0.18888 0.73746
vt 0.33951 0.34294
vt 0.34109 0.34294
vt 0.34085 0.34451
vt 0.06585 0.59866
vt 0.06637 0.59787
vt 0.06743 0.59866
vt 0.57269 0.35241
vt 0.57374 0.35349
vt 0.57269 0.35399
vt 0.57216 0.35369
vt 0.75276 0.71784
vt 0.75276 0.71942
vt 0.75355 0.71863
vt 0.83136 0.70679
vt 0.83005 0.70786
vt 0.83162 0.70877
vt 0.83136 0.70994
vt 0.62579 0.88358
vt 0.62579 0.88200
vt 0.62421 0.88271
vt 0.20308 0.99493
vt 0.20150 0.99487
vt 0.20150 0.99645
vt 0.57295 0.80077
vt 0.57453 0.80229
vt 0.57453 0.80071
vt 0.70406 0.00197
vt 0.70465 0.00355
vt 0.70150 0.00355
vt 0.00749 0.22376
vt 0.00749 0.22218
vt 0.00591 0.22312
vt 0.47318 0.94953
vt 0.47215 0.95366
vt 0.47055 0.94813
vt 0.47289 0.94586
vt 0.46924 0.94306
vt 0.47663 0.94521
vt 0.47866 0.94147
vt 0.48162 0.94148
vt 0.48283 0.93759
vt 0.48710 0.93771
vt 0.48671 0.93489
vt 0.48810 0.94259
vt 0.49003 0.94063
vt 0.49083 0.94330
vt 0.49081 0.94522
vt 0.48986 0.93331
vt 0.49077 0.93614
vt 0.47497 0.95095
vt 0.47487 0.95502
vt 0.47413 0.95809
vt 0.47110 0.96114
vt 0.47772 0.95808
vt 0.47522 0.96411
vt 0.47684 0.96055
vt 0.48086 0.96437
vt 0.47056 0.96660
vt 0.47225 0.96699
vt 0.47397 0.96652
vt 0.47678 0.96792
vt 0.47370 0.96772
vt 0.47567 0.96982
vt 0.47909 0.97204
vt 0.47663 0.97318
vt 0.48273 0.96929
vt 0.48084 0.97034
vt 0.48445 0.97148
vt 0.48475 0.96713
vt 0.47093 0.96829
vt 0.46989 0.96920
vt 0.48631 0.97022
vt 0.47422 0.94312
vt 0.47710 0.94024
vt 0.48238 0.94589
vt 0.48669 0.94821
vt 0.48981 0.94688
vt 0.48313 0.95161
vt 0.48756 0.95314
vt 0.48437 0.95746
vt 0.48897 0.95713
vt 0.47995 0.95418
vt 0.47987 0.95091
vt 0.48083 0.95737
vt 0.49122 0.95442
vt 0.48990 0.95139
vt 0.49234 0.95058
vt 0.48276 0.96124
vt 0.48611 0.96253
vt 0.47839 0.94676
vt 0.49250 0.94673
vt 0.49522 0.95191
vt 0.49566 0.94955
vt 0.49322 0.95362
vt 0.47770 0.95469
vt 0.47750 0.95159
vt 0.49062 0.95876
vt 0.49349 0.95762
vt 0.47339 0.96974
vt 0.47334 0.97082
vt 0.47527 0.97478
vt 0.48864 0.96854
vt 0.48872 0.97080
vt 0.49067 0.96888
vt 0.49065 0.96508
vt 0.48808 0.96554
vt 0.49219 0.96106
vt 0.48946 0.93181
vt 0.49376 0.96469
vt 0.49492 0.96028
vt 0.49255 0.93185
vt 0.46858 0.94690
vt 0.46579 0.94200
vt 0.46691 0.94101
vt 0.46706 0.93930
vt 0.46436 0.93610
vt 0.46242 0.94294
vt 0.46578 0.93611
vt 0.46377 0.92946
vt 0.46126 0.93100
vt 0.46048 0.92595
vt 0.45846 0.93199
vt 0.46180 0.93653
vt 0.45947 0.93788
vt 0.45917 0.94376
vt 0.46084 0.94778
vt 0.46437 0.95141
vt 0.46196 0.95196
vt 0.46285 0.95613
vt 0.46458 0.94582
vt 0.46699 0.95288
vt 0.46500 0.95716
vt 0.46758 0.95770
vt 0.46449 0.96059
vt 0.46760 0.96210
vt 0.46442 0.96518
vt 0.45666 0.94150
vt 0.45822 0.94656
vt 0.45985 0.95164
vt 0.46132 0.95485
vt 0.46781 0.96820
vt 0.46504 0.97075
vt 0.46234 0.96267
vt 0.46247 0.95921
vt 0.46075 0.96648
vt 0.46083 0.97422
vt 0.46969 0.95401
vt 0.46939 0.96042
vt 0.46473 0.97667
vt 0.46873 0.97014
vt 0.46697 0.97246
vt 0.45851 0.98067
vt 0.45438 0.98009
vt 0.46418 0.98060
vt 0.45966 0.98571
vt 0.45453 0.98698
vt 0.45033 0.98472
vt 0.45725 0.96938
vt 0.45832 0.96262
vt 0.47346 0.94069
vt 0.45335 0.97591
vt 0.46625 0.97907
vt 0.44850 0.98131
vt 0.47062 0.94255
vt 0.46830 0.94006
vt 0.45134 0.97223
vt 0.45456 0.96465
vt 0.45263 0.96523
vt 0.45029 0.96757
vt 0.44957 0.95810
vt 0.44841 0.96099
vt 0.44725 0.95450
vt 0.44854 0.95148
vt 0.45467 0.96118
vt 0.45296 0.95897
vt 0.45458 0.95761
vt 0.45242 0.95469
vt 0.44604 0.95734
vt 0.44491 0.95279
vt 0.44516 0.94857
vt 0.45093 0.95443
vt 0.45009 0.94976
vt 0.45221 0.95191
vt 0.45020 0.94788
vt 0.44811 0.94629
vt 0.44482 0.94415
vt 0.44740 0.94333
vt 0.44556 0.94237
vt 0.44470 0.94021
vt 0.44171 0.93894
vt 0.44249 0.94780
vt 0.44096 0.93688
vt 0.44083 0.94433
vt 0.43888 0.94514
vt 0.44782 0.97139
vt 0.44534 0.97798
vt 0.44735 0.96785
vt 0.43915 0.93587
vt 0.46639 0.97670
vt 0.44194 0.94224
vt 0.44402 0.97376
vt 0.44397 0.98280
vt 0.48485 0.93395
vt 0.48004 0.93644
vt 0.47278 0.96831
vt 0.47086 0.93954
vt 0.47174 0.93793
vt 0.47526 0.93758
vt 0.47439 0.93360
vt 0.47104 0.93361
vt 0.46815 0.93457
vt 0.46790 0.92942
vt 0.46555 0.92975
vt 0.46540 0.92670
vt 0.46384 0.92851
vt 0.46298 0.92266
vt 0.46539 0.92372
vt 0.46996 0.92759
vt 0.46469 0.91904
vt 0.46912 0.92381
vt 0.46637 0.93367
vt 0.46839 0.93780
vt 0.46131 0.92416
vt 0.47633 0.93248
vt 0.47741 0.93557
vt 0.47346 0.92833
vt 0.47886 0.93330
vt 0.46665 0.91866
vt 0.47197 0.92397
vt 0.46996 0.96970
vt 0.47046 0.96990
vt 0.47717 0.92751
vt 0.47855 0.93095
vt 0.47343 0.96731
vt 0.49566 0.92747
vt 0.49500 0.92995
vt 0.49303 0.92933
vt 0.43888 0.05732
vt 0.43701 0.05722
vt 0.43837 0.05880
vt 0.43573 0.05732
vt 0.09740 0.06354
vt 0.09740 0.05880
vt 0.09582 0.05985
vt 0.48292 0.92991
vt 0.48016 0.92965
vt 0.48086 0.92917
vt 0.47991 0.92867
vt 0.48136 0.93165
vt 0.48462 0.92889
vt 0.48195 0.92742
vt 0.48364 0.92680
vt 0.47989 0.92541
vt 0.48364 0.93252
vt 0.90477 0.38872
vt 0.90604 0.38990
vt 0.90605 0.38768
vt 0.90418 0.39189
vt 0.90523 0.39266
vt 0.90655 0.39229
vt 0.90523 0.38713
vt 0.13604 0.23560
vt 0.13850 0.23402
vt 0.13998 0.23560
vt 0.92660 0.31892
vt 0.92594 0.32082
vt 0.92815 0.31994
vt 0.92904 0.31825
vt 0.93009 0.31926
vt 0.92469 0.32028
vt 0.92468 0.32268
vt 0.93149 0.31811
vt 0.93450 0.31941
vt 0.93438 0.31741
vt 0.93726 0.31923
vt 0.93064 0.31610
vt 0.93336 0.32025
vt 0.93731 0.32181
vt 0.93877 0.32166
vt 0.93936 0.32410
vt 0.94037 0.31892
vt 0.94147 0.32250
vt 0.94440 0.32228
vt 0.93738 0.31726
vt 0.94050 0.32412
vt 0.94049 0.32685
vt 0.94157 0.32528
vt 0.94143 0.32752
vt 0.94242 0.31610
vt 0.94101 0.32953
vt 0.93925 0.32999
vt 0.93889 0.33166
vt 0.93547 0.33253
vt 0.93608 0.33346
vt 0.93801 0.33318
vt 0.93246 0.33301
vt 0.93326 0.33164
vt 0.92905 0.33068
vt 0.92830 0.32704
vt 0.92628 0.32670
vt 0.92639 0.32283
vt 0.93585 0.33045
vt 0.93240 0.32834
vt 0.93740 0.32819
vt 0.93592 0.32620
vt 0.93698 0.32554
vt 0.93815 0.32632
vt 0.93220 0.32609
vt 0.92999 0.32428
vt 0.93800 0.32386
vt 0.93665 0.32278
vt 0.93618 0.32346
vt 0.10430 0.01776
vt 0.10493 0.01618
vt 0.10218 0.01620
vt 0.10243 0.01771
vt 0.10686 0.01691
vt 0.10134 0.01691
vt 0.93960 0.72253
vt 0.93989 0.72328
vt 0.93880 0.72298
vt 0.93887 0.72212
vt 0.93758 0.72233
vt 0.93932 0.72362
vt 0.93962 0.72401
vt 0.94002 0.72222
vt 0.94000 0.72393
vt 0.94021 0.72400
vt 0.94098 0.72333
vt 0.94072 0.72398
vt 0.94066 0.72281
vt 0.94068 0.72458
vt 0.94125 0.72373
vt 0.93093 0.69465
vt 0.93433 0.69638
vt 0.93570 0.69954
vt 0.93749 0.69657
vt 0.93988 0.69877
vt 0.93940 0.69591
vt 0.92834 0.69547
vt 0.93868 0.70456
vt 0.92778 0.69158
vt 0.92466 0.69139
vt 0.92517 0.68965
vt 0.93574 0.70297
vt 0.92128 0.68909
vt 0.92100 0.68627
vt 0.93222 0.70008
vt 0.94125 0.70033
vt 0.91867 0.68697
vt 0.92243 0.69514
vt 0.91913 0.69512
vt 0.91811 0.70054
vt 0.92199 0.69913
vt 0.92701 0.70051
vt 0.93510 0.70696
vt 0.93776 0.71234
vt 0.93966 0.71129
vt 0.93924 0.71731
vt 0.93678 0.71738
vt 0.93916 0.72105
vt 0.93697 0.72145
vt 0.93372 0.71231
vt 0.93450 0.70960
vt 0.93412 0.72182
vt 0.93351 0.71660
vt 0.93446 0.72461
vt 0.92962 0.71780
vt 0.93137 0.72681
vt 0.92409 0.70383
vt 0.93441 0.72701
vt 0.93075 0.72170
vt 0.93073 0.70231
vt 0.92559 0.72333
vt 0.92810 0.72484
vt 0.93620 0.72345
vt 0.91994 0.70331
vt 0.92143 0.70662
vt 0.92591 0.70905
vt 0.93246 0.72943
vt 0.92930 0.72938
vt 0.93418 0.73047
vt 0.92741 0.70586
vt 0.91782 0.68911
vt 0.92963 0.70521
vt 0.91601 0.70107
vt 0.91646 0.70688
vt 0.91790 0.70818
vt 0.91443 0.70421
vt 0.93108 0.71159
vt 0.93204 0.70749
vt 0.92992 0.70812
vt 0.92620 0.72777
vt 0.92254 0.72578
vt 0.92245 0.72843
vt 0.92122 0.72689
vt 0.91957 0.72353
vt 0.94048 0.72155
vt 0.92004 0.71047
vt 0.92477 0.71335
vt 0.92849 0.71287
vt 0.92601 0.71608
vt 0.92349 0.71585
vt 0.92489 0.71969
vt 0.91841 0.71550
vt 0.91730 0.71101
vt 0.91532 0.71332
vt 0.91709 0.71795
vt 0.92016 0.72046
vt 0.92215 0.72006
vt 0.92229 0.72380
vt 0.66897 0.92235
vt 0.67025 0.92312
vt 0.66920 0.92613
vt 0.67114 0.92688
vt 0.66736 0.92390
vt 0.66601 0.92172
vt 0.66740 0.92023
vt 0.66341 0.92369
vt 0.66341 0.92179
vt 0.66612 0.92552
vt 0.66527 0.91954
vt 0.66856 0.91908
vt 0.67002 0.91864
vt 0.66815 0.91471
vt 0.67086 0.91336
vt 0.66928 0.90795
vt 0.67369 0.91115
vt 0.67482 0.91684
vt 0.67910 0.91619
vt 0.67705 0.91197
vt 0.67977 0.91090
vt 0.68098 0.91631
vt 0.67573 0.90632
vt 0.68178 0.91168
vt 0.68151 0.90652
vt 0.67344 0.90736
vt 0.67993 0.91992
vt 0.67873 0.90407
vt 0.67756 0.91995
vt 0.66669 0.90763
vt 0.67177 0.92000
vt 0.66626 0.90101
vt 0.67116 0.89976
vt 0.67392 0.92710
vt 0.67651 0.92470
vt 0.66238 0.91709
vt 0.66461 0.91419
vt 0.66236 0.91068
vt 0.66379 0.90986
vt 0.66164 0.90652
vt 0.65897 0.90725
vt 0.66247 0.90586
vt 0.66097 0.90303
vt 0.65878 0.91414
vt 0.65850 0.90091
vt 0.65618 0.90577
vt 0.65594 0.91210
vt 0.65911 0.92064
vt 0.66022 0.92232
vt 0.65709 0.92139
vt 0.66613 0.91777
vt 0.67447 0.92260
vt 0.67865 0.92437
vt 0.67882 0.92959
vt 0.67708 0.93096
vt 0.67930 0.93249
vt 0.67858 0.93584
vt 0.67675 0.93766
vt 0.68067 0.93666
vt 0.67932 0.94063
vt 0.67473 0.93215
vt 0.68178 0.94199
vt 0.65576 0.91846
vt 0.67515 0.92825
vt 0.20150 0.86385
vt 0.19977 0.86227
vt 0.19598 0.86385
vt 0.43495 0.25079
vt 0.43312 0.25116
vt 0.43461 0.24945
vt 0.43269 0.24960
vt 0.43341 0.24743
vt 0.43171 0.24813
vt 0.43590 0.24764
vt 0.43667 0.24939
vt 0.43824 0.24756
vt 0.43888 0.24996
vt 0.43587 0.25083
vt 0.43748 0.25085
vt 0.43888 0.25165
vt 0.43329 0.25217
vt 0.43417 0.25121
vt 0.43157 0.25142
vt 0.43099 0.24967
vt 0.99645 0.03826
vt 0.99776 0.03738
vt 0.99764 0.03946
vt 0.99645 0.03986
vt 0.99803 0.03620
vt 0.99645 0.03591
vt 0.77875 0.31617
vt 0.77795 0.31531
vt 0.77734 0.31674
vt 0.77667 0.31578
vt 0.77563 0.31678
vt 0.77886 0.31768
vt 0.78036 0.31678
vt 0.77947 0.31561
vt 0.08084 0.17167
vt 0.08241 0.17167
vt 0.08141 0.17324
vt 0.05008 0.04648
vt 0.04996 0.04561
vt 0.04902 0.04643
vt 0.04841 0.04540
vt 0.04753 0.04592
vt 0.04692 0.04459
vt 0.04849 0.04765
vt 0.04629 0.04601
vt 0.04661 0.04775
vt 0.04535 0.04648
vt 0.04571 0.04511
vt 0.39393 0.26613
vt 0.39335 0.26796
vt 0.39314 0.26620
vt 0.39335 0.26480
vt 0.98147 0.53788
vt 0.98147 0.53631
vt 0.97989 0.53682
vt 0.09137 0.30035
vt 0.08970 0.30363
vt 0.08986 0.29871
vt 0.09170 0.29682
vt 0.09340 0.29888
vt 0.08797 0.30179
vt 0.09367 0.29605
vt 0.09207 0.29395
vt 0.09505 0.29376
vt 0.09442 0.29162
vt 0.09276 0.28978
vt 0.09387 0.28706
vt 0.09169 0.28754
vt 0.09561 0.28896
vt 0.09233 0.28527
vt 0.09515 0.29587
vt 0.09225 0.30070
vt 0.09403 0.30027
vt 0.08951 0.29144
vt 0.09417 0.28374
vt 0.08715 0.30642
vt 0.09661 0.28539
vt 0.09126 0.30227
vt 0.08874 0.30743
vt 0.08762 0.30896
vt 0.09093 0.30628
vt 0.09163 0.30429
vt 0.09297 0.30574
vt 0.09367 0.30690
vt 0.09420 0.30587
vt 0.09661 0.30570
vt 0.09269 0.30462
vt 0.09039 0.30761
vt 0.09192 0.30811
vt 0.08873 0.30900
vt 0.09574 0.29865
vt 0.09200 0.30342
vt 0.08916 0.29550
vt 0.60844 0.56546
vt 0.60717 0.56472
vt 0.60607 0.56546
vt 0.60756 0.56630
vt 0.78191 0.72821
vt 0.78150 0.72555
vt 0.78273 0.72530
vt 0.78115 0.72783
vt 0.78119 0.73000
vt 0.78269 0.73047
vt 0.78148 0.72386
vt 0.78264 0.72353
vt 0.78149 0.72249
vt 0.78269 0.72178
vt 0.57295 0.81097
vt 0.57453 0.81097
vt 0.57392 0.81255
vt 0.26124 0.03730
vt 0.26071 0.03932
vt 0.26402 0.03757
vt 0.26457 0.03888
vt 0.26616 0.03764
vt 0.26285 0.03650
vt 0.26377 0.03589
vt 0.26500 0.03661
vt 0.25851 0.03805
vt 0.25847 0.03566
vt 0.25969 0.03512
vt 0.26103 0.03559
vt 0.26617 0.03889
vt 0.25749 0.03764
vt 0.25774 0.03896
vt 0.26456 0.03979
vt 0.26291 0.04065
vt 0.26174 0.03660
vt 0.25982 0.04028
vt 0.84201 0.84175
vt 0.84105 0.84333
vt 0.84030 0.84233
vt 0.84267 0.84233
vt 0.44834 0.20245
vt 0.44834 0.20087
vt 0.44756 0.20197
vt 0.02957 0.06725
vt 0.02906 0.06590
vt 0.02800 0.06763
vt 0.02906 0.06827
vt 0.88446 0.71547
vt 0.88446 0.71389
vt 0.88289 0.71520
vt 0.40149 0.78163
vt 0.39860 0.78425
vt 0.40323 0.78517
vt 0.40591 0.78200
vt 0.40753 0.78553
vt 0.41047 0.78193
vt 0.40271 0.77845
vt 0.39660 0.78050
vt 0.39998 0.77703
vt 0.39724 0.77758
vt 0.40816 0.77983
vt 0.41018 0.78481
vt 0.41306 0.78060
vt 0.40721 0.78809
vt 0.40459 0.78862
vt 0.40696 0.78996
vt 0.39382 0.78188
vt 0.39613 0.78445
vt 0.39778 0.78657
vt 0.40216 0.78708
vt 0.40456 0.79022
vt 0.39403 0.77895
vt 0.39341 0.78499
vt 0.39452 0.78660
vt 0.39184 0.78359
vt 0.41071 0.77833
vt 0.41364 0.77703
vt 0.39156 0.78090
vt 0.40207 0.79094
vt 0.39993 0.79036
vt 0.40082 0.79181
vt 0.40297 0.79282
vt 0.39785 0.79087
vt 0.39780 0.78921
vt 0.30348 0.27983
vt 0.30632 0.27982
vt 0.30482 0.28214
vt 0.30572 0.27731
vt 0.30346 0.27664
vt 0.30166 0.27877
vt 0.30172 0.28153
vt 0.30718 0.28227
vt 0.30366 0.28447
vt 0.30572 0.28532
vt 0.33599 0.88437
vt 0.33357 0.88537
vt 0.33636 0.88740
vt 0.33472 0.88802
vt 0.33267 0.88754
vt 0.33042 0.88614
vt 0.33522 0.89983
vt 0.33410 0.89869
vt 0.33319 0.90104
vt 0.33196 0.90052
vt 0.32956 0.90318
vt 0.32855 0.90206
vt 0.32456 0.90318
vt 0.31287 0.89561
vt 0.31153 0.89729
vt 0.31289 0.89718
vt 0.31129 0.89882
vt 0.31033 0.89770
vt 0.31471 0.89618
vt 0.31523 0.89463
vt 0.31318 0.90126
vt 0.31600 0.90237
vt 0.31423 0.90006
vt 0.31913 0.90403
vt 0.32103 0.90341
vt 0.32236 0.90489
vt 0.32449 0.90451
vt 0.31725 0.90194
vt 0.31549 0.89877
vt 0.31840 0.90085
vt 0.32143 0.90225
vt 0.31703 0.89692
vt 0.31986 0.89948
vt 0.31622 0.89422
vt 0.32358 0.89683
vt 0.32796 0.89546
vt 0.32764 0.89271
vt 0.32411 0.89987
vt 0.33108 0.89002
vt 0.32883 0.88815
vt 0.32292 0.89308
vt 0.32537 0.88765
vt 0.33324 0.89046
vt 0.32766 0.89971
vt 0.33002 0.89901
vt 0.33306 0.89370
vt 0.33562 0.89014
vt 0.33266 0.89822
vt 0.31793 0.89077
vt 0.32051 0.89086
vt 0.32176 0.88784
vt 0.31998 0.88666
vt 0.32547 0.88581
vt 0.32393 0.88437
vt 0.31880 0.89461
vt 0.32799 0.88561
vt 0.38337 0.78885
vt 0.38036 0.78775
vt 0.38311 0.78603
vt 0.38090 0.78983
vt 0.38279 0.79243
vt 0.38578 0.79233
vt 0.38033 0.79427
vt 0.38577 0.78885
vt 0.38480 0.78585
vt 0.38170 0.78483
vt 0.38378 0.79354
vt 0.38166 0.79494
vt 0.37958 0.78612
vt 0.38653 0.79477
vt 0.37910 0.79050
vt 0.38418 0.78384
vt 0.37817 0.78814
vt 0.38600 0.78348
vt 0.38210 0.78268
vt 0.37970 0.78397
vt 0.38450 0.78152
vt 0.38757 0.78733
vt 0.38841 0.79370
vt 0.38628 0.78105
vt 0.38841 0.78400
vt 0.38070 0.78129
vt 0.38209 0.77940
vt 0.37680 0.79873
vt 0.37518 0.79604
vt 0.37768 0.79460
vt 0.37909 0.79652
vt 0.37500 0.79121
vt 0.37722 0.79097
vt 0.37611 0.78791
vt 0.37786 0.78583
vt 0.37549 0.78593
vt 0.38031 0.79687
vt 0.37852 0.79913
vt 0.37599 0.78378
vt 0.37795 0.78229
vt 0.88629 0.99077
vt 0.88540 0.99221
vt 0.88824 0.98976
vt 0.88939 0.99122
vt 0.89093 0.98938
vt 0.88631 0.98934
vt 0.88664 0.99352
vt 0.88562 0.99278
vt 0.88497 0.99360
vt 0.88494 0.99493
vt 0.88398 0.99421
vt 0.88318 0.99364
vt 0.88243 0.99177
vt 0.88237 0.99026
vt 0.88410 0.99115
vt 0.88777 0.99635
vt 0.88545 0.99710
vt 0.88990 0.99308
vt 0.89072 0.99616
vt 0.88878 0.99961
vt 0.88399 0.99873
vt 0.89167 0.99086
vt 0.89267 0.99387
vt 0.88135 0.99075
vt 0.88503 0.99140
vt 0.88131 0.98938
vt 0.88355 0.98982
vt 0.89393 0.99405
vt 0.65977 0.66771
vt 0.66186 0.66743
vt 0.66111 0.66552
vt 0.66000 0.66902
vt 0.65822 0.66927
vt 0.65792 0.67048
vt 0.65785 0.66766
vt 0.65840 0.66602
vt 0.65906 0.66377
vt 0.65641 0.66753
vt 0.66443 0.66565
vt 0.65617 0.66508
vt 0.65476 0.66350
vt 0.65350 0.66472
vt 0.65416 0.66722
vt 0.65323 0.66712
vt 0.65439 0.66861
vt 0.65209 0.66550
vt 0.65184 0.66259
vt 0.66237 0.66358
vt 0.65361 0.66939
vt 0.65103 0.66358
vt 0.65793 0.66900
vt 0.52871 0.22109
vt 0.52838 0.22021
vt 0.52705 0.22134
vt 0.52957 0.21991
vt 0.51566 0.22246
vt 0.51427 0.22143
vt 0.51301 0.22250
vt 0.51826 0.22166
vt 0.51778 0.22297
vt 0.52305 0.22172
vt 0.51604 0.21991
vt 0.52140 0.22090
vt 0.52544 0.21981
vt 0.80962 0.71152
vt 0.80829 0.71275
vt 0.80816 0.71032
vt 0.81033 0.70609
vt 0.80718 0.71301
vt 0.80916 0.70618
vt 0.80823 0.70439
vt 0.80996 0.70199
vt 0.80897 0.70047
vt 0.80804 0.71389
vt 0.80995 0.71362
vt 0.80886 0.71577
vt 0.80996 0.71626
vt 0.44105 0.80498
vt 0.44137 0.80306
vt 0.43959 0.80501
vt 0.43870 0.80624
vt 0.43677 0.80545
vt 0.43449 0.80621
vt 0.43235 0.80553
vt 0.43141 0.80421
vt 0.42921 0.80356
vt 0.43210 0.80313
vt 0.42831 0.80091
vt 0.42739 0.80191
vt 0.42687 0.79998
vt 0.42646 0.80060
vt 0.42626 0.79864
vt 0.42749 0.79795
vt 0.43218 0.80098
vt 0.43073 0.79752
vt 0.42892 0.79752
vt 0.42741 0.79591
vt 0.42777 0.79678
vt 0.44218 0.80342
vt 0.43712 0.79798
vt 0.43516 0.79597
vt 0.43525 0.80029
vt 0.43386 0.79758
vt 0.43608 0.80335
vt 0.43879 0.80283
vt 0.43995 0.79859
vt 0.44106 0.80122
vt 0.44070 0.80247
vt 0.44259 0.79996
vt 0.44202 0.79697
vt 0.44571 0.79635
vt 0.44498 0.79903
vt 0.43789 0.79595
vt 0.44239 0.80216
vt 0.44295 0.79473
vt 0.44670 0.79672
vt 0.43720 0.79440
vt 0.44676 0.79475
vt 0.44103 0.80240
vt 0.43440 0.79475
vt 0.43246 0.79693
vt 0.44756 0.79599
vt 0.43331 0.79474
vt 0.43170 0.79588
vt 0.43075 0.79552
vt 0.42705 0.18429
vt 0.42863 0.18429
vt 0.42720 0.18587
vt 0.43138 0.81492
vt 0.43257 0.81571
vt 0.43021 0.81571
vt 0.47093 0.83596
vt 0.47430 0.83622
vt 0.47207 0.83750
vt 0.47007 0.83694
vt 0.46806 0.83555
vt 0.47437 0.83781
vt 0.46903 0.83465
vt 0.47557 0.83722
vt 0.47222 0.83481
vt 0.47674 0.83555
vt 0.90260 0.56289
vt 0.90418 0.56472
vt 0.90418 0.56235
vt 0.62185 0.17536
vt 0.62027 0.17482
vt 0.62027 0.17719
vt 0.74093 0.65154
vt 0.74014 0.65288
vt 0.74093 0.65312
vt 0.54692 0.84254
vt 0.54771 0.84166
vt 0.54692 0.84017
vt 0.88368 0.80466
vt 0.88219 0.80545
vt 0.88131 0.80466
vt 0.00276 0.68181
vt 0.00355 0.68311
vt 0.00355 0.68153
vt 0.55611 0.71705
vt 0.55639 0.71784
vt 0.55481 0.71784
vt 0.59500 0.40895
vt 0.59344 0.40977
vt 0.59350 0.40740
vt 0.59498 0.41088
vt 0.59188 0.40894
vt 0.59189 0.40698
vt 0.59319 0.40570
vt 0.59218 0.41158
vt 0.59421 0.41239
vt 0.59582 0.40605
vt 0.59477 0.40401
vt 0.59341 0.40315
vt 0.59582 0.39976
vt 0.00271 0.29677
vt 0.00431 0.29756
vt 0.00340 0.29893
vt 0.00376 0.29535
vt 0.00173 0.29563
vt 0.00249 0.29308
vt 0.00433 0.29966
vt 0.00180 0.29847
vt 0.00340 0.30179
vt 0.00118 0.30112
vt 0.00513 0.30258
vt 0.00448 0.30426
vt 0.00442 0.29387
vt 0.00448 0.29084
vt 0.94677 0.59313
vt 0.94677 0.59550
vt 0.94834 0.59462
vt 0.25513 0.20008
vt 0.25355 0.20157
vt 0.25513 0.20245
vt 0.31822 0.51517
vt 0.31664 0.51500
vt 0.31664 0.51579
vt 0.84091 0.48027
vt 0.84030 0.47869
vt 0.84109 0.47869
vt 0.75504 0.79913
vt 0.75434 0.79834
vt 0.75670 0.79834
vt 0.91522 0.97435
vt 0.91601 0.97364
vt 0.91522 0.97198
f 2552/2552 2603/2603 2526/2526
f 2552/2552 2527/2527 2580/2580
f 2552/2552 2526/2526 2527/2527
f 2580/2580 2527/2527 2528/2528
f 2528/2528 2566/2566 2580/2580
f 2566/2566 2528/2528 2531/2531
f 958/958 948/948 965/965
f 948/948 947/947 949/949
f 948/948 949/949 965/965
f 965/965 949/949 964/964
f 2526/2526 2485/2485 2480/2480
f 2526/2526 2480/2480 2527/2527
f 949/949 947/947 950/950
f 2485/2485 2481/2481 2480/2480
f 964/964 949/949 954/954
f 2485/2485 2584/2584 2481/2481
f 954/954 949/949 953/953
f 2584/2584 2602/2602 2481/2481
f 2527/2527 2480/2480 2528/2528
f 2528/2528 2480/2480 2479/2479
f 2480/2480 2481/2481 2478/2478
f 2481/2481 2602/2602 2511/2511
f 2481/2481 2511/2511 2478/2478
f 2480/2480 2478/2478 2479/2479
f 2478/2478 2511/2511 2608/2608
f 2584/2584 2651/2651 2602/2602
f 949/949 950/950 951/951
f 953/953 949/949 951/951
f 951/951 950/950 952/952
f 950/950 970/970 952/952
f 1406/1406 1404/1404 1397/1397
f 2641/2641 2663/2663 2639/2639
f 951/951 952/952 961/961
f 952/952 970/970 963/963
f 952/952 963/963 961/961
f 953/953 951/951 961/961
f 2641/2641 2639/2639 2640/2640
f 961/961 972/972 953/953
f 2602/2602 2645/2645 2511/2511
f 2511/2511 2645/2645 2608/2608
f 2651/2651 2640/2640 2602/2602
f 2602/2602 2640/2640 2645/2645
f 2650/2650 2639/2639 2663/2663
f 2642/2642 2656/2656 2647/2647
f 2642/2642 2650/2650 2656/2656
f 2650/2650 2642/2642 2639/2639
f 2639/2639 2642/2642 2638/2638
f 2642/2642 2647/2647 2637/2637
f 2642/2642 2637/2637 2638/2638
f 2647/2647 2658/2658 2637/2637
f 2639/2639 2638/2638 2635/2635
f 2639/2639 2635/2635 2640/2640
f 2638/2638 2637/2637 2635/2635
f 2640/2640 2635/2635 2631/2631
f 2640/2640 2631/2631 2645/2645
f 2645/2645 2631/2631 2625/2625
f 2635/2635 2624/2624 2631/2631
f 2631/2631 2624/2624 2622/2622
f 2637/2637 2624/2624 2635/2635
f 2637/2637 2643/2643 2624/2624
f 2637/2637 2658/2658 2643/2643
f 2622/2622 2623/2623 2621/2621
f 2624/2624 2643/2643 2636/2636
f 2622/2622 2624/2624 2623/2623
f 2658/2658 2654/2654 2643/2643
f 2654/2654 2648/2648 2643/2643
f 2643/2643 2648/2648 2636/2636
f 2648/2648 2632/2632 2636/2636
f 2636/2636 2632/2632 2624/2624
f 2648/2648 2649/2649 2632/2632
f 2487/2487 2483/2483 2486/2486
f 2487/2487 2488/2488 2489/2489
f 2487/2487 2486/2486 2488/2488
f 2216/2216 2219/2219 2220/2220
f 2219/2219 2216/2216 2214/2214
f 2483/2483 2482/2482 2476/2476
f 2476/2476 2486/2486 2483/2483
f 2476/2476 2494/2494 2486/2486
f 2514/2514 2474/2474 2482/2482
f 2531/2531 2479/2479 2514/2514
f 2514/2514 2479/2479 2474/2474
f 2482/2482 2474/2474 2476/2476
f 2474/2474 2475/2475 2476/2476
f 2548/2548 2476/2476 2549/2549
f 2179/2179 2180/2180 2181/2181
f 2772/2772 2769/2769 2771/2771
f 2214/2214 2216/2216 2213/2213
f 2214/2214 2213/2213 2212/2212
f 2494/2494 2504/2504 2488/2488
f 2494/2494 2488/2488 2486/2486
f 2504/2504 2659/2659 2488/2488
f 2769/2769 2770/2770 2771/2771
f 2775/2775 2772/2772 2774/2774
f 2774/2774 2772/2772 2773/2773
f 2177/2177 2178/2178 2179/2179
f 2177/2177 2179/2179 2173/2173
f 2772/2772 2771/2771 2773/2773
f 2476/2476 2548/2548 2494/2494
f 2774/2774 2773/2773 2776/2776
f 2504/2504 2494/2494 2550/2550
f 2178/2178 2180/2180 2179/2179
f 2774/2774 2776/2776 2777/2777
f 2494/2494 2548/2548 2550/2550
f 2773/2773 2771/2771 2780/2780
f 2773/2773 2780/2780 2781/2781
f 2773/2773 2781/2781 2776/2776
f 2504/2504 2550/2550 2551/2551
f 2504/2504 2551/2551 2659/2659
f 2659/2659 2551/2551 2660/2660
f 2206/2206 2205/2205 2207/2207
f 2213/2213 2207/2207 2212/2212
f 2769/2769 2779/2779 2778/2778
f 2769/2769 2778/2778 2770/2770
f 2238/2238 2251/2251 2253/2253
f 2238/2238 2247/2247 2251/2251
f 2239/2239 2235/2235 2238/2238
f 2235/2235 2237/2237 2238/2238
f 2237/2237 2247/2247 2238/2238
f 2255/2255 2253/2253 2251/2251
f 2206/2206 2201/2201 2205/2205
f 2212/2212 2207/2207 2208/2208
f 2205/2205 2201/2201 2204/2204
f 2205/2205 2204/2204 2208/2208
f 2205/2205 2208/2208 2207/2207
f 2204/2204 2203/2203 2208/2208
f 2212/2212 2208/2208 2217/2217
f 2571/2571 2572/2572 2574/2574
f 2217/2217 2208/2208 2209/2209
f 2572/2572 2585/2585 2574/2574
f 2201/2201 2203/2203 2204/2204
f 2201/2201 2202/2202 2203/2203
f 2208/2208 2203/2203 2209/2209
f 2247/2247 2249/2249 2251/2251
f 2528/2528 2479/2479 2531/2531
f 2479/2479 2478/2478 2474/2474
f 2474/2474 2478/2478 2477/2477
f 2474/2474 2477/2477 2475/2475
f 2478/2478 2608/2608 2477/2477
f 2179/2179 2170/2170 2173/2173
f 2179/2179 2181/2181 2170/2170
f 2170/2170 2172/2172 2173/2173
f 2170/2170 2168/2168 2172/2172
f 2170/2170 2181/2181 2171/2171
f 2476/2476 2475/2475 2484/2484
f 2476/2476 2484/2484 2549/2549
f 2475/2475 2477/2477 2484/2484
f 2477/2477 2596/2596 2484/2484
f 2477/2477 2608/2608 2596/2596
f 2608/2608 2645/2645 2625/2625
f 2608/2608 2625/2625 2596/2596
f 2625/2625 2617/2617 2596/2596
f 2170/2170 2171/2171 2168/2168
f 2168/2168 2171/2171 2169/2169
f 2596/2596 2597/2597 2484/2484
f 2617/2617 2597/2597 2596/2596
f 2202/2202 2209/2209 2203/2203
f 2168/2168 2169/2169 2167/2167
f 2625/2625 2631/2631 2622/2622
f 2617/2617 2625/2625 2619/2619
f 2625/2625 2622/2622 2619/2619
f 2622/2622 2621/2621 2619/2619
f 2617/2617 2619/2619 2618/2618
f 2617/2617 2618/2618 2597/2597
f 2597/2597 2618/2618 2646/2646
f 2618/2618 2619/2619 2620/2620
f 2621/2621 2620/2620 2619/2619
f 2621/2621 2623/2623 2620/2620
f 2620/2620 2623/2623 2626/2626
f 2190/2190 2183/2183 2189/2189
f 2167/2167 2164/2164 2166/2166
f 2168/2168 2167/2167 2166/2166
f 2167/2167 2169/2169 2175/2175
f 2167/2167 2175/2175 2176/2176
f 2166/2166 2164/2164 2163/2163
f 2163/2163 2164/2164 2165/2165
f 2167/2167 2176/2176 2164/2164
f 2646/2646 2618/2618 2629/2629
f 2200/2200 2199/2199 2198/2198
f 2164/2164 2174/2174 2165/2165
f 2197/2197 2198/2198 2188/2188
f 2197/2197 2188/2188 2191/2191
f 2198/2198 2199/2199 2196/2196
f 2198/2198 2196/2196 2188/2188
f 2618/2618 2620/2620 2629/2629
f 2194/2194 2184/2184 2187/2187
f 2191/2191 2188/2188 2185/2185
f 2188/2188 2186/2186 2185/2185
f 2196/2196 2186/2186 2188/2188
f 2668/2668 2629/2629 2667/2667
f 2629/2629 2620/2620 2628/2628
f 2667/2667 2629/2629 2628/2628
f 2191/2191 2185/2185 2190/2190
f 2190/2190 2185/2185 2183/2183
f 2185/2185 2184/2184 2183/2183
f 2185/2185 2186/2186 2184/2184
f 2186/2186 2187/2187 2184/2184
f 2397/2397 2396/2396 2335/2335
f 2620/2620 2626/2626 2627/2627
f 2620/2620 2627/2627 2628/2628
f 2627/2627 2630/2630 2628/2628
f 2396/2396 2398/2398 2393/2393
f 2624/2624 2632/2632 2623/2623
f 2623/2623 2632/2632 2626/2626
f 2632/2632 2649/2649 2633/2633
f 2633/2633 2649/2649 2657/2657
f 2632/2632 2633/2633 2626/2626
f 2633/2633 2644/2644 2626/2626
f 2633/2633 2653/2653 2644/2644
f 2633/2633 2657/2657 2653/2653
f 2626/2626 2634/2634 2627/2627
f 2627/2627 2634/2634 2630/2630
f 2398/2398 2387/2387 2386/2386
f 2626/2626 2644/2644 2634/2634
f 2644/2644 2652/2652 2634/2634
f 2398/2398 2399/2399 2387/2387
f 2399/2399 2392/2392 2387/2387
f 2392/2392 2381/2381 2387/2387
f 2392/2392 2388/2388 2381/2381
f 2649/2649 2671/2671 2657/2657
f 2657/2657 2671/2671 2666/2666
f 2657/2657 2666/2666 2653/2653
f 2644/2644 2653/2653 2652/2652
f 2405/2405 2404/2404 2392/2392
f 2405/2405 2406/2406 2404/2404
f 2392/2392 2404/2404 2388/2388
f 2406/2406 2413/2413 2408/2408
f 2406/2406 2408/2408 2404/2404
f 2388/2388 2404/2404 2390/2390
f 2404/2404 2408/2408 2390/2390
f 2065/2065 2066/2066 2064/2064
f 567/567 569/569 565/565
f 563/563 564/564 562/562
f 569/569 570/570 565/565
f 565/565 570/570 566/566
f 565/565 566/566 563/563
f 2064/2064 2068/2068 2067/2067
f 566/566 564/564 563/563
f 1363/1363 1362/1362 1345/1345
f 566/566 582/582 564/564
f 2/2 1/1 3/3
f 1656/1656 1655/1655 1654/1654
f 1215/1215 1218/1218 1214/1214
f 1655/1655 1652/1652 1654/1654
f 1253/1253 1254/1254 1255/1255
f 1/1 4/4 3/3
f 1252/1252 1254/1254 1253/1253
f 1212/1212 1214/1214 1213/1213
f 2863/2863 2864/2864 2865/2865
f 1212/1212 1213/1213 1211/1211
f 1/1 5/5 4/4
f 1218/1218 1217/1217 1213/1213
f 1655/1655 1659/1659 1652/1652
f 1652/1652 1659/1659 1653/1653
f 2878/2878 2879/2879 2880/2880
f 1256/1256 1243/1243 1246/1246
f 1249/1249 1246/1246 1248/1248
f 1248/1248 1246/1246 1245/1245
f 1248/1248 1245/1245 1244/1244
f 1251/1251 1248/1248 1252/1252
f 1212/1212 1211/1211 1210/1210
f 1254/1254 1252/1252 1250/1250
f 5/5 6/6 4/4
f 5/5 7/7 6/6
f 1252/1252 1248/1248 1250/1250
f 1250/1250 1248/1248 1244/1244
f 1659/1659 1663/1663 1653/1653
f 1210/1210 1211/1211 1207/1207
f 1210/1210 1207/1207 1208/1208
f 1211/1211 1206/1206 1207/1207
f 1211/1211 1213/1213 1206/1206
f 1244/1244 1245/1245 1228/1228
f 1213/1213 1217/1217 1209/1209
f 1250/1250 1244/1244 1247/1247
f 7/7 8/8 6/6
f 1206/1206 1201/1201 1207/1207
f 1213/1213 1209/1209 1206/1206
f 1206/1206 1209/1209 1203/1203
f 6/6 8/8 9/9
f 8/8 10/10 9/9
f 1663/1663 1657/1657 1653/1653
f 1653/1653 1657/1657 1651/1651
f 1653/1653 1651/1651 1649/1649
f 2571/2571 2574/2574 2607/2607
f 2235/2235 2236/2236 2237/2237
f 2607/2607 2574/2574 2609/2609
f 2607/2607 2609/2609 2677/2677
f 2574/2574 2585/2585 2586/2586
f 2574/2574 2586/2586 2609/2609
f 2677/2677 2609/2609 2678/2678
f 2236/2236 2240/2240 2237/2237
f 2247/2247 2248/2248 2249/2249
f 2211/2211 2210/2210 2202/2202
f 2237/2237 2246/2246 2247/2247
f 2246/2246 2248/2248 2247/2247
f 2237/2237 2240/2240 2246/2246
f 2211/2211 2222/2222 2210/2210
f 2587/2587 2613/2613 2612/2612
f 2236/2236 2242/2242 2241/2241
f 2236/2236 2241/2241 2240/2240
f 2241/2241 2244/2244 2240/2240
f 2240/2240 2244/2244 2246/2246
f 2209/2209 2202/2202 2210/2210
f 2585/2585 2587/2587 2586/2586
f 2586/2586 2612/2612 2609/2609
f 2587/2587 2612/2612 2586/2586
f 2609/2609 2612/2612 2661/2661
f 2609/2609 2661/2661 2669/2669
f 2246/2246 2250/2250 2248/2248
f 2246/2246 2244/2244 2252/2252
f 2246/2246 2252/2252 2250/2250
f 2252/2252 2244/2244 2245/2245
f 2336/2336 2334/2334 2333/2333
f 2242/2242 2243/2243 2241/2241
f 2241/2241 2243/2243 2244/2244
f 2336/2336 2395/2395 2402/2402
f 2336/2336 2333/2333 2395/2395
f 2245/2245 2254/2254 2252/2252
f 2332/2332 2333/2333 2334/2334
f 2243/2243 2245/2245 2244/2244
f 2195/2195 2192/2192 2193/2193
f 2333/2333 2394/2394 2395/2395
f 2395/2395 2401/2401 2402/2402
f 2609/2609 2669/2669 2678/2678
f 2401/2401 2395/2395 2389/2389
f 2401/2401 2400/2400 2409/2409
f 2401/2401 2389/2389 2400/2400
f 2389/2389 2383/2383 2400/2400
f 2400/2400 2407/2407 2409/2409
f 2400/2400 2384/2384 2407/2407
f 2192/2192 2182/2182 2193/2193
f 2193/2193 2182/2182 2184/2184
f 2189/2189 2182/2182 2192/2192
f 2183/2183 2182/2182 2189/2189
f 2182/2182 2183/2183 2184/2184
f 2194/2194 2193/2193 2184/2184
f 2332/2332 2335/2335 2333/2333
f 2333/2333 2335/2335 2394/2394
f 2335/2335 2396/2396 2394/2394
f 2396/2396 2393/2393 2394/2394
f 2394/2394 2385/2385 2395/2395
f 2393/2393 2385/2385 2394/2394
f 2395/2395 2385/2385 2389/2389
f 2385/2385 2393/2393 2380/2380
f 2385/2385 2380/2380 2382/2382
f 2393/2393 2378/2378 2380/2380
f 2389/2389 2385/2385 2382/2382
f 2389/2389 2382/2382 2383/2383
f 2400/2400 2383/2383 2384/2384
f 2383/2383 2368/2368 2366/2366
f 2382/2382 2380/2380 2370/2370
f 2383/2383 2382/2382 2368/2368
f 2382/2382 2370/2370 2368/2368
f 2393/2393 2398/2398 2386/2386
f 2393/2393 2386/2386 2378/2378
f 2386/2386 2376/2376 2378/2378
f 2387/2387 2381/2381 2376/2376
f 2386/2386 2387/2387 2376/2376
f 2376/2376 2369/2369 2378/2378
f 2376/2376 2372/2372 2369/2369
f 2380/2380 2378/2378 2371/2371
f 2380/2380 2371/2371 2370/2370
f 2368/2368 2370/2370 2362/2362
f 2368/2368 2362/2362 2366/2366
f 2370/2370 2371/2371 2362/2362
f 2371/2371 2363/2363 2362/2362
f 2378/2378 2369/2369 2371/2371
f 2371/2371 2369/2369 2363/2363
f 2362/2362 2363/2363 2342/2342
f 2369/2369 2361/2361 2363/2363
f 2363/2363 2361/2361 2342/2342
f 2381/2381 2375/2375 2376/2376
f 2388/2388 2375/2375 2381/2381
f 2388/2388 2379/2379 2375/2375
f 2376/2376 2375/2375 2372/2372
f 2375/2375 2374/2374 2372/2372
f 2388/2388 2390/2390 2379/2379
f 2379/2379 2377/2377 2374/2374
f 2379/2379 2390/2390 2377/2377
f 2379/2379 2374/2374 2375/2375
f 2372/2372 2361/2361 2369/2369
f 2372/2372 2348/2348 2361/2361
f 2361/2361 2348/2348 2337/2337
f 2372/2372 2374/2374 2348/2348
f 2361/2361 2337/2337 2342/2342
f 2374/2374 2373/2373 2348/2348
f 1654/1654 1652/1652 1648/1648
f 1652/1652 1653/1653 1650/1650
f 1652/1652 1650/1650 1648/1648
f 1650/1650 1642/1642 1648/1648
f 1653/1653 1649/1649 1650/1650
f 1650/1650 1649/1649 1642/1642
f 1297/1297 1295/1295 1294/1294
f 1648/1648 1642/1642 1645/1645
f 1645/1645 1642/1642 1644/1644
f 1297/1297 1298/1298 1295/1295
f 1642/1642 1641/1641 1644/1644
f 1299/1299 1298/1298 1300/1300
f 1766/1766 1763/1763 1758/1758
f 1295/1295 1298/1298 1299/1299
f 1295/1295 1299/1299 1296/1296
f 1296/1296 1299/1299 1301/1301
f 1651/1651 1643/1643 1649/1649
f 1649/1649 1643/1643 1642/1642
f 1643/1643 1636/1636 1642/1642
f 1636/1636 1638/1638 1642/1642
f 1642/1642 1638/1638 1641/1641
f 1638/1638 1639/1639 1641/1641
f 2384/2384 2383/2383 2366/2366
f 2384/2384 2366/2366 2365/2365
f 2366/2366 2362/2362 2359/2359
f 2362/2362 2343/2343 2359/2359
f 2342/2342 2343/2343 2362/2362
f 2742/2742 2766/2766 2473/2473
f 2742/2742 2473/2473 2472/2472
f 2742/2742 2472/2472 2741/2741
f 2855/2855 2859/2859 2858/2858
f 2473/2473 2465/2465 2472/2472
f 2472/2472 2465/2465 2470/2470
f 2465/2465 2461/2461 2470/2470
f 2461/2461 2465/2465 2460/2460
f 2462/2462 2454/2454 2467/2467
f 2467/2467 2454/2454 2459/2459
f 2462/2462 2467/2467 2469/2469
f 995/995 983/983 981/981
f 2462/2462 2468/2468 2464/2464
f 2462/2462 2464/2464 2452/2452
f 2462/2462 2452/2452 2454/2454
f 981/981 983/983 982/982
f 981/981 982/982 980/980
f 981/981 979/979 984/984
f 981/981 980/980 979/979
f 2459/2459 2458/2458 2460/2460
f 2454/2454 2451/2451 2458/2458
f 2454/2454 2458/2458 2459/2459
f 2454/2454 2452/2452 2451/2451
f 2458/2458 2453/2453 2461/2461
f 2460/2460 2458/2458 2461/2461
f 2458/2458 2451/2451 2453/2453
f 2461/2461 2453/2453 2457/2457
f 2452/2452 2464/2464 2463/2463
f 2455/2455 2452/2452 2456/2456
f 2451/2451 2452/2452 2453/2453
f 2452/2452 2455/2455 2453/2453
f 2456/2456 2457/2457 2455/2455
f 2463/2463 2456/2456 2452/2452
f 2453/2453 2455/2455 2457/2457
f 982/982 996/996 980/980
f 979/979 980/980 977/977
f 980/980 996/996 988/988
f 980/980 988/988 977/977
f 984/984 979/979 989/989
f 989/989 979/979 990/990
f 979/979 977/977 978/978
f 979/979 978/978 990/990
f 989/989 990/990 962/962
f 990/990 959/959 960/960
f 990/990 978/978 959/959
f 978/978 977/977 974/974
f 978/978 974/974 966/966
f 977/977 988/988 976/976
f 977/977 976/976 974/974
f 350/350 318/318 304/304
f 350/350 359/359 318/318
f 359/359 337/337 318/318
f 318/318 337/337 311/311
f 304/304 318/318 311/311
f 2616/2616 2749/2749 2739/2739
f 2616/2616 2739/2739 2606/2606
f 2600/2600 2616/2616 2606/2606
f 865/865 867/867 858/858
f 691/691 692/692 697/697
f 691/691 661/661 692/692
f 692/692 661/661 664/664
f 692/692 664/664 696/696
f 692/692 696/696 698/698
f 2877/2877 2876/2876 2873/2873
f 2753/2753 2749/2749 2616/2616
f 2753/2753 2764/2764 2749/2749
f 2749/2749 2764/2764 2762/2762
f 862/862 859/859 858/858
f 862/862 861/861 859/859
f 2749/2749 2762/2762 2739/2739
f 862/862 867/867 875/875
f 862/862 858/858 867/867
f 862/862 875/875 871/871
f 862/862 870/870 861/861
f 862/862 871/871 870/870
f 1331/1331 1337/1337 1333/1333
f 691/691 660/660 661/661
f 660/660 663/663 653/653
f 691/691 690/690 660/660
f 2600/2600 2544/2544 2553/2553
f 2600/2600 2606/2606 2544/2544
f 2544/2544 2539/2539 2553/2553
f 856/856 854/854 857/857
f 859/859 860/860 856/856
f 858/858 859/859 856/856
f 858/858 857/857 865/865
f 858/858 856/856 857/857
f 855/855 854/854 856/856
f 690/690 663/663 660/660
f 2553/2553 2539/2539 2540/2540
f 856/856 860/860 855/855
f 860/860 874/874 855/855
f 861/861 874/874 860/860
f 660/660 655/655 661/661
f 661/661 655/655 664/664
f 861/861 870/870 874/874
f 660/660 653/653 655/655
f 653/653 650/650 655/655
f 859/859 861/861 860/860
f 663/663 688/688 662/662
f 688/688 687/687 662/662
f 926/926 932/932 933/933
f 663/663 690/690 688/688
f 663/663 662/662 653/653
f 854/854 855/855 852/852
f 855/855 863/863 852/852
f 855/855 874/874 863/863
f 874/874 864/864 863/863
f 650/650 653/653 651/651
f 874/874 869/869 864/864
f 651/651 653/653 654/654
f 864/864 869/869 850/850
f 914/914 918/918 919/919
f 662/662 654/654 653/653
f 654/654 662/662 673/673
f 864/864 846/846 863/863
f 851/851 863/863 846/846
f 662/662 674/674 673/673
f 912/912 914/914 919/919
f 846/846 828/828 851/851
f 919/919 923/923 927/927
f 665/665 693/693 671/671
f 918/918 922/922 923/923
f 918/918 923/923 919/919
f 922/922 926/926 923/923
f 926/926 933/933 930/930
f 926/926 930/930 923/923
f 829/829 844/844 845/845
f 845/845 844/844 868/868
f 846/846 864/864 850/850
f 651/651 654/654 665/665
f 654/654 673/673 665/665
f 850/850 868/868 844/844
f 846/846 850/850 844/844
f 828/828 846/846 844/844
f 828/828 844/844 829/829
f 2544/2544 2537/2537 2539/2539
f 2615/2615 2745/2745 2743/2743
f 2544/2544 2615/2615 2543/2543
f 2544/2544 2543/2543 2537/2537
f 2615/2615 2743/2743 2543/2543
f 2538/2538 2536/2536 2537/2537
f 2543/2543 2538/2538 2537/2537
f 879/879 873/873 866/866
f 2743/2743 2593/2593 2543/2543
f 812/812 811/811 795/795
f 879/879 880/880 873/873
f 2593/2593 2765/2765 2740/2740
f 2543/2543 2593/2593 2538/2538
f 2538/2538 2541/2541 2536/2536
f 795/795 811/811 793/793
f 881/881 880/880 879/879
f 1574/1574 1564/1564 1579/1579
f 795/795 793/793 781/781
f 1574/1574 1563/1563 1564/1564
f 1564/1564 1563/1563 1562/1562
f 2606/2606 2739/2739 2615/2615
f 2739/2739 2744/2744 2615/2615
f 1339/1339 1338/1338 1337/1337
f 2615/2615 2744/2744 2745/2745
f 2745/2745 2744/2744 2746/2746
f 2873/2873 2876/2876 2874/2874
f 2873/2873 2874/2874 2875/2875
f 2739/2739 2760/2760 2744/2744
f 2739/2739 2762/2762 2760/2760
f 1337/1337 1338/1338 1333/1333
f 1338/1338 1334/1334 1333/1333
f 1333/1333 1330/1330 1331/1331
f 1333/1333 1334/1334 1330/1330
f 2760/2760 2768/2768 2756/2756
f 2869/2869 2870/2870 2871/2871
f 2760/2760 2756/2756 2744/2744
f 2744/2744 2756/2756 2746/2746
f 1334/1334 1319/1319 1330/1330
f 2606/2606 2615/2615 2544/2544
f 865/865 857/857 866/866
f 866/866 872/872 865/865
f 1339/1339 1340/1340 1338/1338
f 866/866 873/873 872/872
f 2745/2745 2746/2746 2747/2747
f 803/803 791/791 794/794
f 2746/2746 2756/2756 2763/2763
f 810/810 792/792 790/790
f 2871/2871 2870/2870 2872/2872
f 790/790 792/792 788/788
f 1338/1338 1305/1305 1334/1334
f 1338/1338 1314/1314 1305/1305
f 1340/1340 1314/1314 1338/1338
f 803/803 790/790 791/791
f 791/791 790/790 789/789
f 1314/1314 1306/1306 1305/1305
f 1314/1314 1315/1315 1306/1306
f 1305/1305 1306/1306 1303/1303
f 1306/1306 1307/1307 1303/1303
f 1334/1334 1305/1305 1302/1302
f 1305/1305 1303/1303 1302/1302
f 1334/1334 1302/1302 1319/1319
f 790/790 788/788 789/789
f 791/791 789/789 779/779
f 789/789 767/767 779/779
f 789/789 788/788 767/767
f 788/788 766/766 767/767
f 2745/2745 2747/2747 2748/2748
f 1340/1340 1341/1341 1315/1315
f 1340/1340 1315/1315 1314/1314
f 1340/1340 1342/1342 1341/1341
f 872/872 873/873 877/877
f 793/793 794/794 783/783
f 2745/2745 2748/2748 2743/2743
f 794/794 791/791 783/783
f 791/791 796/796 783/783
f 791/791 779/779 796/796
f 2907/2907 2908/2908 2909/2909
f 1579/1579 1564/1564 1572/1572
f 1564/1564 1568/1568 1572/1572
f 793/793 783/783 781/781
f 2540/2540 2539/2539 2535/2535
f 2539/2539 2537/2537 2535/2535
f 2535/2535 2545/2545 2540/2540
f 854/854 852/852 853/853
f 843/843 853/853 852/852
f 2537/2537 2536/2536 2535/2535
f 2535/2535 2536/2536 2534/2534
f 2545/2545 2535/2535 2530/2530
f 852/852 851/851 843/843
f 2530/2530 2611/2611 2545/2545
f 687/687 686/686 662/662
f 843/843 851/851 842/842
f 842/842 851/851 827/827
f 2535/2535 2534/2534 2530/2530
f 2534/2534 2533/2533 2530/2530
f 2530/2530 2533/2533 2497/2497
f 842/842 840/840 843/843
f 2536/2536 2541/2541 2534/2534
f 2534/2534 2547/2547 2533/2533
f 2534/2534 2541/2541 2546/2546
f 1565/1565 1554/1554 1566/1566
f 2534/2534 2546/2546 2547/2547
f 852/852 863/863 851/851
f 851/851 828/828 827/827
f 1568/1568 1564/1564 1562/1562
f 1568/1568 1562/1562 1565/1565
f 1565/1565 1569/1569 1568/1568
f 2078/2078 2079/2079 2073/2073
f 1617/1617 1614/1614 1616/1616
f 1616/1616 1627/1627 1617/1617
f 1614/1614 1615/1615 1616/1616
f 1565/1565 1570/1570 1569/1569
f 2073/2073 2079/2079 2080/2080
f 1565/1565 1566/1566 1570/1570
f 2073/2073 2080/2080 2077/2077
f 2080/2080 2079/2079 2101/2101
f 2093/2093 2082/2082 2080/2080
f 1619/1619 1618/1618 1617/1617
f 1619/1619 1622/1622 1618/1618
f 1617/1617 1618/1618 1614/1614
f 2073/2073 2077/2077 2075/2075
f 1570/1570 1566/1566 1567/1567
f 1570/1570 1567/1567 1571/1571
f 1566/1566 1556/1556 1567/1567
f 2080/2080 2082/2082 2077/2077
f 2077/2077 2082/2082 2085/2085
f 2093/2093 2094/2094 2091/2091
f 2082/2082 2093/2093 2083/2083
f 2093/2093 2091/2091 2083/2083
f 2082/2082 2083/2083 2084/2084
f 2083/2083 2086/2086 2084/2084
f 2080/2080 2101/2101 2093/2093
f 2101/2101 2094/2094 2093/2093
f 2593/2593 2542/2542 2538/2538
f 2538/2538 2542/2542 2541/2541
f 881/881 882/882 880/880
f 1574/1574 1561/1561 1563/1563
f 1561/1561 1560/1560 1559/1559
f 1561/1561 1559/1559 1563/1563
f 1563/1563 1559/1559 1562/1562
f 2593/2593 2590/2590 2542/2542
f 2590/2590 2576/2576 2542/2542
f 2593/2593 2740/2740 2590/2590
f 2542/2542 2576/2576 2541/2541
f 1561/1561 1576/1576 1560/1560
f 2664/2664 2681/2681 2682/2682
f 2664/2664 2601/2601 2590/2590
f 2590/2590 2601/2601 2588/2588
f 2590/2590 2740/2740 2681/2681
f 2900/2900 2901/2901 2902/2902
f 2590/2590 2588/2588 2576/2576
f 1576/1576 1584/1584 1560/1560
f 2590/2590 2681/2681 2664/2664
f 2588/2588 2583/2583 2576/2576
f 2576/2576 2583/2583 2563/2563
f 2583/2583 2589/2589 2564/2564
f 2583/2583 2564/2564 2563/2563
f 779/779 767/767 763/763
f 767/767 761/761 763/763
f 767/767 766/766 761/761
f 796/796 779/779 778/778
f 779/779 763/763 778/778
f 778/778 763/763 775/775
f 781/781 783/783 775/775
f 796/796 778/778 783/783
f 778/778 775/775 783/783
f 781/781 775/775 776/776
f 763/763 761/761 760/760
f 763/763 760/760 775/775
f 2757/2757 2682/2682 2761/2761
f 2681/2681 2761/2761 2682/2682
f 2902/2902 2901/2901 2903/2903
f 2664/2664 2742/2742 2741/2741
f 2750/2750 2682/2682 2757/2757
f 2682/2682 2742/2742 2664/2664
f 2682/2682 2750/2750 2742/2742
f 2750/2750 2757/2757 2767/2767
f 1588/1588 1583/1583 1584/1584
f 1145/1145 1144/1144 1146/1146
f 1144/1144 1135/1135 1146/1146
f 1145/1145 1138/1138 1144/1144
f 1138/1138 1134/1134 1144/1144
f 1144/1144 1134/1134 1135/1135
f 1138/1138 1137/1137 1134/1134
f 1137/1137 1127/1127 1134/1134
f 2750/2750 2767/2767 2766/2766
f 2750/2750 2766/2766 2742/2742
f 2862/2862 2861/2861 2859/2859
f 1137/1137 1139/1139 1127/1127
f 1584/1584 1583/1583 1560/1560
f 1146/1146 1135/1135 1143/1143
f 1565/1565 1562/1562 1557/1557
f 1562/1562 1559/1559 1557/1557
f 1559/1559 1560/1560 1558/1558
f 1559/1559 1558/1558 1557/1557
f 2541/2541 2563/2563 2546/2546
f 1565/1565 1557/1557 1554/1554
f 1557/1557 1555/1555 1554/1554
f 2546/2546 2555/2555 2547/2547
f 1566/1566 1554/1554 1556/1556
f 1554/1554 1555/1555 1556/1556
f 1557/1557 1558/1558 1555/1555
f 1558/1558 1582/1582 1555/1555
f 1555/1555 1582/1582 1578/1578
f 1555/1555 1578/1578 1556/1556
f 2576/2576 2563/2563 2541/2541
f 1560/1560 1583/1583 1558/1558
f 2546/2546 2563/2563 2556/2556
f 1558/1558 1583/1583 1582/1582
f 2563/2563 2564/2564 2562/2562
f 2563/2563 2562/2562 2556/2556
f 2546/2546 2556/2556 2555/2555
f 2078/2078 2073/2073 2069/2069
f 1635/1635 1623/1623 1624/1624
f 1622/1622 1624/1624 1623/1623
f 1622/1622 1623/1623 1618/1618
f 1618/1618 1623/1623 1625/1625
f 1618/1618 1625/1625 1614/1614
f 776/776 774/774 777/777
f 776/776 775/775 774/774
f 2074/2074 2072/2072 2071/2071
f 777/777 774/774 782/782
f 775/775 760/760 774/774
f 2072/2072 2069/2069 2071/2071
f 782/782 774/774 785/785
f 774/774 765/765 785/785
f 2069/2069 2070/2070 2071/2071
f 765/765 784/784 785/785
f 774/774 760/760 765/765
f 765/765 773/773 784/784
f 1614/1614 1625/1625 1626/1626
f 1614/1614 1626/1626 1615/1615
f 2073/2073 2070/2070 2069/2069
f 2073/2073 2075/2075 2070/2070
f 2070/2070 2075/2075 2076/2076
f 1583/1583 1587/1587 1582/1582
f 1587/1587 1586/1586 1582/1582
f 1578/1578 1582/1582 1585/1585
f 1582/1582 1586/1586 1585/1585
f 2601/2601 2664/2664 2672/2672
f 2672/2672 2655/2655 2601/2601
f 2601/2601 2655/2655 2588/2588
f 2598/2598 2565/2565 2599/2599
f 2598/2598 2599/2599 2685/2685
f 2588/2588 2589/2589 2583/2583
f 2588/2588 2655/2655 2589/2589
f 2655/2655 2683/2683 2589/2589
f 2564/2564 2589/2589 2599/2599
f 2599/2599 2589/2589 2685/2685
f 2599/2599 2565/2565 2564/2564
f 2685/2685 2589/2589 2684/2684
f 2589/2589 2683/2683 2684/2684
f 942/942 997/997 1006/1006
f 1006/1006 1005/1005 942/942
f 941/941 942/942 937/937
f 2685/2685 2686/2686 2598/2598
f 973/973 943/943 958/958
f 943/943 944/944 958/958
f 997/997 942/942 943/943
f 943/943 941/941 944/944
f 943/943 942/942 941/941
f 2664/2664 2741/2741 2672/2672
f 2741/2741 2472/2472 2471/2471
f 2672/2672 2741/2741 2471/2471
f 2655/2655 2672/2672 2683/2683
f 2672/2672 2471/2471 2683/2683
f 1134/1134 1127/1127 1121/1121
f 1127/1127 1122/1122 1121/1121
f 1135/1135 1134/1134 1121/1121
f 1135/1135 1121/1121 1126/1126
f 1135/1135 1126/1126 1143/1143
f 1121/1121 1122/1122 1120/1120
f 1126/1126 1121/1121 1124/1124
f 1121/1121 1117/1117 1124/1124
f 1121/1121 1120/1120 1117/1117
f 2472/2472 2470/2470 2471/2471
f 2471/2471 2737/2737 2683/2683
f 1002/1002 1003/1003 999/999
f 2683/2683 2737/2737 2736/2736
f 1005/1005 937/937 942/942
f 937/937 1005/1005 1000/1000
f 1002/1002 999/999 1001/1001
f 1001/1001 999/999 1000/1000
f 1001/1001 1000/1000 1005/1005
f 999/999 938/938 1000/1000
f 2470/2470 2461/2461 2471/2471
f 2471/2471 2461/2461 2457/2457
f 1003/1003 1004/1004 999/999
f 2456/2456 2466/2466 2457/2457
f 962/962 999/999 1004/1004
f 2456/2456 2463/2463 2466/2466
f 962/962 938/938 999/999
f 2684/2684 2683/2683 2736/2736
f 1006/1006 1001/1001 1005/1005
f 2565/2565 2559/2559 2562/2562
f 2556/2556 2562/2562 2559/2559
f 2552/2552 2580/2580 2565/2565
f 2565/2565 2580/2580 2559/2559
f 2565/2565 2598/2598 2552/2552
f 2564/2564 2565/2565 2562/2562
f 2556/2556 2559/2559 2558/2558
f 2580/2580 2566/2566 2559/2559
f 2558/2558 2559/2559 2566/2566
f 2558/2558 2531/2531 2561/2561
f 2558/2558 2566/2566 2531/2531
f 2552/2552 2598/2598 2603/2603
f 1126/1126 1124/1124 1143/1143
f 1124/1124 1132/1132 1143/1143
f 1143/1143 1132/1132 1149/1149
f 1132/1132 1124/1124 1125/1125
f 1117/1117 1119/1119 1124/1124
f 1124/1124 1119/1119 1125/1125
f 1119/1119 1130/1130 1125/1125
f 1149/1149 1132/1132 1148/1148
f 1132/1132 1147/1147 1148/1148
f 1132/1132 1125/1125 1147/1147
f 1125/1125 1130/1130 1147/1147
f 941/941 940/940 946/946
f 940/940 955/955 946/946
f 958/958 944/944 948/948
f 948/948 944/944 947/947
f 944/944 945/945 947/947
f 945/945 957/957 947/947
f 947/947 957/957 987/987
f 1519/1519 1518/1518 1522/1522
f 944/944 941/941 945/945
f 941/941 946/946 945/945
f 945/945 946/946 957/957
f 957/957 946/946 986/986
f 1519/1519 1509/1509 1518/1518
f 946/946 955/955 986/986
f 1509/1509 1508/1508 1506/1506
f 1518/1518 1509/1509 1510/1510
f 1509/1509 1506/1506 1510/1510
f 962/962 960/960 938/938
f 938/938 960/960 939/939
f 937/937 940/940 941/941
f 937/937 1000/1000 938/938
f 937/937 938/938 939/939
f 937/937 939/939 940/940
f 955/955 940/940 939/939
f 962/962 990/990 960/960
f 960/960 959/959 939/939
f 1511/1511 1508/1508 1509/1509
f 955/955 956/956 969/969
f 1385/1385 1386/1386 1391/1391
f 978/978 966/966 959/959
f 939/939 959/959 956/956
f 959/959 966/966 956/956
f 955/955 939/939 956/956
f 966/966 967/967 956/956
f 1403/1403 1391/1391 1401/1401
f 966/966 974/974 971/971
f 966/966 971/971 967/967
f 956/956 967/967 968/968
f 1402/1402 1401/1401 1386/1386
f 1391/1391 1386/1386 1401/1401
f 1511/1511 1517/1517 1508/1508
f 1508/1508 1517/1517 1516/1516
f 1604/1604 1603/1603 1602/1602
f 1506/1506 1508/1508 1507/1507
f 1508/1508 1516/1516 1507/1507
f 1602/1602 1603/1603 1601/1601
f 1602/1602 1601/1601 1600/1600
f 969/969 956/956 968/968
f 969/969 968/968 985/985
f 1611/1611 1605/1605 1603/1603
f 1603/1603 1605/1605 1601/1601
f 1612/1612 1605/1605 1611/1611
f 1601/1601 1605/1605 1606/1606
f 950/950 947/947 987/987
f 987/987 991/991 950/950
f 1522/1522 1518/1518 1520/1520
f 1518/1518 1510/1510 1520/1520
f 1510/1510 1506/1506 1499/1499
f 1499/1499 1506/1506 1500/1500
f 1520/1520 1510/1510 1499/1499
f 1520/1520 1499/1499 1525/1525
f 1525/1525 1499/1499 1521/1521
f 1525/1525 1521/1521 1532/1532
f 1521/1521 1524/1524 1532/1532
f 1521/1521 1499/1499 1504/1504
f 1499/1499 1500/1500 1501/1501
f 1499/1499 1501/1501 1504/1504
f 1524/1524 1521/1521 1504/1504
f 950/950 991/991 970/970
f 1530/1530 1522/1522 1529/1529
f 1522/1522 1520/1520 1529/1529
f 970/970 991/991 998/998
f 1960/1960 1950/1950 1956/1956
f 1529/1529 1520/1520 1525/1525
f 1958/1958 1951/1951 1950/1950
f 1956/1956 1950/1950 1941/1941
f 1950/1950 1951/1951 1934/1934
f 1950/1950 1934/1934 1941/1941
f 1404/1404 1405/1405 1396/1396
f 1955/1955 1942/1942 1957/1957
f 970/970 998/998 963/963
f 1956/1956 1955/1955 1962/1962
f 1956/1956 1941/1941 1955/1955
f 1955/1955 1941/1941 1942/1942
f 1941/1941 1934/1934 1937/1937
f 1941/1941 1937/1937 1942/1942
f 1958/1958 1954/1954 1951/1951
f 1951/1951 1954/1954 1935/1935
f 1951/1951 1935/1935 1934/1934
f 1934/1934 1936/1936 1937/1937
f 1934/1934 1935/1935 1936/1936
f 1506/1506 1507/1507 1500/1500
f 1500/1500 1502/1502 1501/1501
f 1516/1516 1512/1512 1507/1507
f 1507/1507 1512/1512 1500/1500
f 1600/1600 1601/1601 1598/1598
f 1500/1500 1503/1503 1502/1502
f 1500/1500 1512/1512 1503/1503
f 1512/1512 1515/1515 1503/1503
f 1502/1502 1503/1503 1515/1515
f 1600/1600 1598/1598 1595/1595
f 1601/1601 1606/1606 1598/1598
f 1598/1598 1606/1606 1596/1596
f 1501/1501 1502/1502 1505/1505
f 1595/1595 1597/1597 1599/1599
f 1502/1502 1515/1515 1514/1514
f 1502/1502 1514/1514 1505/1505
f 1595/1595 1598/1598 1596/1596
f 1595/1595 1596/1596 1597/1597
f 2650/2650 2738/2738 2665/2665
f 2650/2650 2665/2665 2656/2656
f 1380/1380 1375/1375 1374/1374
f 2738/2738 2751/2751 2665/2665
f 2738/2738 2752/2752 2751/2751
f 367/367 354/354 306/306
f 1387/1387 1380/1380 1392/1392
f 1387/1387 1375/1375 1380/1380
f 1397/1397 1379/1379 1400/1400
f 1379/1379 1397/1397 1396/1396
f 1379/1379 1396/1396 1378/1378
f 1379/1379 1378/1378 1375/1375
f 1400/1400 1379/1379 1387/1387
f 1387/1387 1379/1379 1375/1375
f 1375/1375 1373/1373 1374/1374
f 1374/1374 1368/1368 1382/1382
f 1375/1375 1378/1378 1373/1373
f 1373/1373 1368/1368 1374/1374
f 2656/2656 2665/2665 2687/2687
f 2656/2656 2687/2687 2676/2676
f 2676/2676 2675/2675 2656/2656
f 308/308 297/297 296/296
f 306/306 298/298 297/297
f 297/297 298/298 295/295
f 297/297 295/295 296/296
f 306/306 354/354 303/303
f 303/303 298/298 306/306
f 354/354 304/304 303/303
f 303/303 304/304 299/299
f 303/303 299/299 298/298
f 298/298 299/299 295/295
f 2656/2656 2675/2675 2647/2647
f 2647/2647 2675/2675 2658/2658
f 308/308 296/296 321/321
f 2675/2675 2654/2654 2658/2658
f 1392/1392 1380/1380 1385/1385
f 1392/1392 1385/1385 1398/1398
f 1385/1385 1391/1391 1399/1399
f 1385/1385 1399/1399 1398/1398
f 1398/1398 1399/1399 1407/1407
f 1381/1381 1386/1386 1385/1385
f 1385/1385 1380/1380 1381/1381
f 1380/1380 1374/1374 1381/1381
f 2751/2751 2752/2752 2758/2758
f 2751/2751 2758/2758 2759/2759
f 354/354 350/350 304/304
f 1391/1391 1403/1403 1399/1399
f 974/974 975/975 971/971
f 359/359 358/358 337/337
f 974/974 976/976 975/975
f 368/368 358/358 359/359
f 976/976 992/992 975/975
f 358/358 329/329 337/337
f 975/975 992/992 993/993
f 1381/1381 1382/1382 1386/1386
f 1374/1374 1382/1382 1381/1381
f 1386/1386 1382/1382 1390/1390
f 1382/1382 1383/1383 1390/1390
f 1610/1610 1606/1606 1605/1605
f 1382/1382 1368/1368 1383/1383
f 304/304 311/311 305/305
f 311/311 316/316 305/305
f 304/304 305/305 299/299
f 299/299 305/305 301/301
f 305/305 316/316 301/301
f 311/311 337/337 316/316
f 337/337 329/329 316/316
f 329/329 324/324 316/316
f 324/324 323/323 316/316
f 1397/1397 1404/1404 1396/1396
f 1396/1396 1395/1395 1378/1378
f 1942/1942 1937/1937 1945/1945
f 1395/1395 1394/1394 1369/1369
f 1378/1378 1366/1366 1373/1373
f 1378/1378 1395/1395 1366/1366
f 1395/1395 1369/1369 1366/1366
f 1373/1373 1366/1366 1368/1368
f 1366/1366 1369/1369 1367/1367
f 1366/1366 1367/1367 1368/1368
f 1937/1937 1936/1936 1940/1940
f 1937/1937 1940/1940 1945/1945
f 1936/1936 1939/1939 1940/1940
f 1945/1945 1940/1940 1947/1947
f 1940/1940 1939/1939 1944/1944
f 1940/1940 1944/1944 1947/1947
f 1394/1394 1372/1372 1369/1369
f 1369/1369 1370/1370 1367/1367
f 1369/1369 1371/1371 1370/1370
f 1606/1606 1610/1610 1596/1596
f 1610/1610 1608/1608 1596/1596
f 1597/1597 1596/1596 1607/1607
f 1988/1988 1987/1987 1986/1986
f 1596/1596 1608/1608 1607/1607
f 1367/1367 1376/1376 1368/1368
f 1368/1368 1384/1384 1383/1383
f 1367/1367 1370/1370 1376/1376
f 1368/1368 1376/1376 1384/1384
f 295/295 300/300 290/290
f 296/296 294/294 321/321
f 296/296 295/295 294/294
f 294/294 309/309 321/321
f 294/294 295/295 290/290
f 293/293 289/289 309/309
f 294/294 290/290 293/293
f 309/309 294/294 293/293
f 293/293 290/290 285/285
f 299/299 301/301 295/295
f 295/295 301/301 300/300
f 316/316 310/310 301/301
f 301/301 310/310 300/300
f 316/316 323/323 310/310
f 323/323 319/319 310/310
f 300/300 287/287 290/290
f 300/300 310/310 302/302
f 310/310 319/319 313/313
f 310/310 313/313 302/302
f 300/300 302/302 287/287
f 290/290 287/287 286/286
f 2654/2654 2673/2673 2648/2648
f 2648/2648 2673/2673 2649/2649
f 2673/2673 2674/2674 2649/2649
f 2649/2649 2674/2674 2671/2671
f 293/293 285/285 289/289
f 285/285 286/286 279/279
f 287/287 302/302 288/288
f 290/290 286/286 285/285
f 286/286 287/287 279/279
f 302/302 292/292 288/288
f 287/287 288/288 279/279
f 279/279 288/288 284/284
f 279/279 284/284 277/277
f 288/288 292/292 284/284
f 284/284 282/282 277/277
f 284/284 292/292 282/282
f 309/309 289/289 320/320
f 320/320 289/289 307/307
f 289/289 285/285 280/280
f 285/285 279/279 280/280
f 2674/2674 2689/2689 2671/2671
f 289/289 280/280 281/281
f 645/645 640/640 642/642
f 642/642 640/640 617/617
f 280/280 275/275 281/281
f 289/289 281/281 307/307
f 2422/2422 2418/2418 2417/2417
f 307/307 281/281 322/322
f 281/281 291/291 322/322
f 279/279 275/275 280/280
f 279/279 277/277 275/275
f 646/646 642/642 641/641
f 275/275 277/277 273/273
f 642/642 617/617 641/641
f 277/277 282/282 273/273
f 275/275 276/276 281/281
f 281/281 276/276 278/278
f 281/281 278/278 291/291
f 275/275 273/273 269/269
f 273/273 282/282 283/283
f 273/273 283/283 270/270
f 275/275 269/269 276/276
f 641/641 617/617 618/618
f 276/276 269/269 278/278
f 278/278 269/269 274/274
f 617/617 593/593 618/618
f 618/618 593/593 616/616
f 273/273 270/270 269/269
f 269/269 270/270 271/271
f 270/270 272/272 271/271
f 1451/1451 1452/1452 1443/1443
f 1451/1451 1443/1443 1446/1446
f 910/910 907/907 902/902
f 823/823 824/824 820/820
f 924/924 928/928 926/926
f 917/917 925/925 924/924
f 925/925 928/928 924/924
f 902/902 908/908 910/910
f 917/917 907/907 916/916
f 917/917 916/916 925/925
f 907/907 917/917 900/900
f 823/823 848/848 899/899
f 907/907 900/900 902/902
f 899/899 849/849 896/896
f 896/896 849/849 895/895
f 823/823 820/820 817/817
f 823/823 817/817 848/848
f 817/817 820/820 818/818
f 899/899 848/848 849/849
f 820/820 822/822 818/818
f 2592/2592 2591/2591 2503/2503
f 571/571 574/574 575/575
f 2055/2055 2054/2054 2053/2053
f 576/576 572/572 568/568
f 568/568 569/569 567/567
f 568/568 572/572 569/569
f 2582/2582 2503/2503 2581/2581
f 2503/2503 2502/2502 2581/2581
f 2265/2265 2267/2267 2266/2266
f 2049/2049 2050/2050 2045/2045
f 2052/2052 2055/2055 2053/2053
f 2052/2052 2053/2053 2050/2050
f 1443/1443 1444/1444 1445/1445
f 910/910 908/908 913/913
f 2266/2266 2267/2267 2268/2268
f 908/908 905/905 913/913
f 824/824 897/897 898/898
f 2045/2045 2047/2047 2046/2046
f 1443/1443 1445/1445 1446/1446
f 1446/1446 1445/1445 1447/1447
f 2053/2053 2051/2051 2050/2050
f 1445/1445 1448/1448 1447/1447
f 1448/1448 1449/1449 1447/1447
f 2050/2050 2051/2051 2045/2045
f 2051/2051 2048/2048 2045/2045
f 2047/2047 2045/2045 2048/2048
f 898/898 822/822 824/824
f 820/820 824/824 822/822
f 1453/1453 1450/1450 1454/1454
f 1454/1454 1450/1450 1456/1456
f 579/579 581/581 578/578
f 2662/2662 2604/2604 2578/2578
f 929/929 915/915 920/920
f 1450/1450 1455/1455 1456/1456
f 904/904 915/915 903/903
f 821/821 819/819 830/830
f 900/900 909/909 901/901
f 900/900 918/918 909/909
f 817/817 814/814 813/813
f 924/924 922/922 917/917
f 924/924 926/926 922/922
f 845/845 889/889 849/849
f 900/900 917/917 918/918
f 849/849 848/848 845/845
f 917/917 922/922 918/918
f 848/848 817/817 813/813
f 817/817 818/818 814/814
f 900/900 901/901 902/902
f 918/918 914/914 909/909
f 914/914 906/906 909/909
f 906/906 901/901 909/909
f 813/813 829/829 848/848
f 912/912 906/906 914/914
f 662/662 685/685 674/674
f 912/912 911/911 906/906
f 829/829 813/813 815/815
f 828/828 815/815 827/827
f 828/828 829/829 815/815
f 814/814 816/816 815/815
f 813/813 814/814 815/815
f 848/848 829/829 845/845
f 903/903 901/901 904/904
f 901/901 903/903 902/902
f 818/818 819/819 814/814
f 904/904 901/901 906/906
f 814/814 819/819 816/816
f 816/816 819/819 821/821
f 2503/2503 2523/2523 2501/2501
f 2591/2591 2523/2523 2503/2503
f 575/575 577/577 578/578
f 2060/2060 2059/2059 2054/2054
f 575/575 574/574 577/577
f 1451/1451 1446/1446 1453/1453
f 1453/1453 1446/1446 1450/1450
f 2054/2054 2051/2051 2053/2053
f 2503/2503 2501/2501 2502/2502
f 1446/1446 1447/1447 1450/1450
f 2581/2581 2502/2502 2594/2594
f 2523/2523 2499/2499 2501/2501
f 2501/2501 2499/2499 2500/2500
f 2501/2501 2500/2500 2502/2502
f 2499/2499 2523/2523 2578/2578
f 577/577 579/579 578/578
f 2054/2054 2056/2056 2051/2051
f 2051/2051 2056/2056 2057/2057
f 2054/2054 2059/2059 2056/2056
f 2059/2059 2058/2058 2056/2056
f 835/835 821/821 830/830
f 2058/2058 2057/2057 2056/2056
f 2502/2502 2525/2525 2594/2594
f 1447/1447 1449/1449 1455/1455
f 847/847 819/819 898/898
f 908/908 902/902 905/905
f 903/903 905/905 902/902
f 898/898 819/819 822/822
f 822/822 819/819 818/818
f 1447/1447 1455/1455 1450/1450
f 2051/2051 2057/2057 2048/2048
f 847/847 830/830 819/819
f 686/686 685/685 662/662
f 911/911 904/904 906/906
f 686/686 689/689 685/685
f 921/921 904/904 911/911
f 2530/2530 2497/2497 2529/2529
f 2530/2530 2529/2529 2611/2611
f 842/842 839/839 840/840
f 842/842 827/827 825/825
f 2611/2611 2529/2529 2605/2605
f 839/839 842/842 831/831
f 842/842 825/825 831/831
f 2578/2578 2604/2604 2498/2498
f 2605/2605 2496/2496 2604/2604
f 2605/2605 2529/2529 2496/2496
f 2604/2604 2496/2496 2498/2498
f 921/921 920/920 904/904
f 816/816 826/826 825/825
f 831/831 825/825 826/826
f 920/920 915/915 904/904
f 826/826 821/821 832/832
f 816/816 821/821 826/826
f 831/831 826/826 832/832
f 831/831 833/833 839/839
f 831/831 832/832 833/833
f 839/839 833/833 837/837
f 832/832 834/834 833/833
f 2497/2497 2496/2496 2529/2529
f 2497/2497 2533/2533 2493/2493
f 2497/2497 2493/2493 2496/2496
f 841/841 840/840 838/838
f 2533/2533 2577/2577 2493/2493
f 840/840 839/839 837/837
f 840/840 837/837 838/838
f 2496/2496 2492/2492 2498/2498
f 2498/2498 2492/2492 2495/2495
f 833/833 836/836 837/837
f 2493/2493 2492/2492 2496/2496
f 2493/2493 2490/2490 2492/2492
f 2492/2492 2491/2491 2495/2495
f 2495/2495 2491/2491 2513/2513
f 2492/2492 2490/2490 2491/2491
f 838/838 837/837 836/836
f 815/815 825/825 827/827
f 815/815 816/816 825/825
f 1571/1571 1567/1567 1575/1575
f 2077/2077 2081/2081 2075/2075
f 2077/2077 2085/2085 2081/2081
f 2081/2081 2085/2085 2087/2087
f 1571/1571 1575/1575 1577/1577
f 2081/2081 2087/2087 2102/2102
f 1575/1575 1593/1593 1577/1577
f 2085/2085 2082/2082 2084/2084
f 2085/2085 2084/2084 2087/2087
f 2084/2084 2086/2086 2088/2088
f 1722/1722 1721/1721 1719/1719
f 2084/2084 2088/2088 2087/2087
f 1719/1719 1721/1721 1714/1714
f 1719/1719 1714/1714 1715/1715
f 2499/2499 2495/2495 2500/2500
f 2578/2578 2498/2498 2499/2499
f 2498/2498 2495/2495 2499/2499
f 2500/2500 2495/2495 2506/2506
f 2495/2495 2513/2513 2506/2506
f 833/833 834/834 836/836
f 2506/2506 2505/2505 2500/2500
f 835/835 832/832 821/821
f 832/832 835/835 834/834
f 2500/2500 2505/2505 2502/2502
f 2502/2502 2505/2505 2515/2515
f 2502/2502 2515/2515 2525/2525
f 2525/2525 2515/2515 2516/2516
f 2505/2505 2510/2510 2515/2515
f 2515/2515 2510/2510 2516/2516
f 2513/2513 2508/2508 2506/2506
f 2506/2506 2507/2507 2505/2505
f 2513/2513 2679/2679 2508/2508
f 2506/2506 2508/2508 2507/2507
f 2505/2505 2507/2507 2510/2510
f 2510/2510 2517/2517 2516/2516
f 2510/2510 2512/2512 2518/2518
f 2510/2510 2518/2518 2517/2517
f 2533/2533 2614/2614 2577/2577
f 2533/2533 2547/2547 2614/2614
f 2547/2547 2560/2560 2614/2614
f 2614/2614 2560/2560 2532/2532
f 2614/2614 2532/2532 2577/2577
f 2547/2547 2555/2555 2560/2560
f 2493/2493 2577/2577 2490/2490
f 2577/2577 2532/2532 2490/2490
f 2490/2490 2489/2489 2491/2491
f 2490/2490 2487/2487 2489/2489
f 2555/2555 2557/2557 2560/2560
f 2556/2556 2557/2557 2555/2555
f 2557/2557 2554/2554 2560/2560
f 2560/2560 2554/2554 2532/2532
f 2557/2557 2556/2556 2558/2558
f 2557/2557 2558/2558 2561/2561
f 2557/2557 2561/2561 2554/2554
f 2561/2561 2514/2514 2554/2554
f 2532/2532 2487/2487 2490/2490
f 2532/2532 2483/2483 2487/2487
f 2532/2532 2554/2554 2483/2483
f 1567/1567 1573/1573 1575/1575
f 1567/1567 1556/1556 1573/1573
f 1575/1575 1573/1573 1580/1580
f 1575/1575 1580/1580 1593/1593
f 1556/1556 1578/1578 1573/1573
f 1573/1573 1578/1578 1581/1581
f 1573/1573 1581/1581 1580/1580
f 2087/2087 2088/2088 2095/2095
f 2102/2102 2087/2087 2095/2095
f 1721/1721 1717/1717 1714/1714
f 1721/1721 1723/1723 1717/1717
f 2095/2095 2088/2088 2103/2103
f 1714/1714 1717/1717 1708/1708
f 1580/1580 1592/1592 1593/1593
f 1580/1580 1591/1591 1592/1592
f 1580/1580 1581/1581 1591/1591
f 1723/1723 1718/1718 1717/1717
f 1717/1717 1718/1718 1708/1708
f 1723/1723 1728/1728 1718/1718
f 1585/1585 1581/1581 1578/1578
f 1581/1581 1585/1585 1589/1589
f 1586/1586 1590/1590 1585/1585
f 1585/1585 1590/1590 1589/1589
f 1589/1589 1591/1591 1581/1581
f 1589/1589 1594/1594 1591/1591
f 1148/1148 1147/1147 1156/1156
f 1156/1156 1147/1147 1157/1157
f 1147/1147 1150/1150 1157/1157
f 1170/1170 1157/1157 1169/1169
f 1157/1157 1161/1161 1169/1169
f 1157/1157 1150/1150 1161/1161
f 2513/2513 2491/2491 2679/2679
f 2491/2491 2489/2489 2679/2679
f 2679/2679 2509/2509 2508/2508
f 2508/2508 2509/2509 2507/2507
f 2220/2220 2219/2219 2221/2221
f 2221/2221 2219/2219 2218/2218
f 2521/2521 2512/2512 2509/2509
f 2679/2679 2610/2610 2509/2509
f 2521/2521 2509/2509 2567/2567
f 2507/2507 2509/2509 2512/2512
f 2507/2507 2512/2512 2510/2510
f 2518/2518 2519/2519 2517/2517
f 2517/2517 2519/2519 2716/2716
f 2521/2521 2520/2520 2518/2518
f 2521/2521 2518/2518 2512/2512
f 2521/2521 2567/2567 2575/2575
f 2521/2521 2575/2575 2520/2520
f 2518/2518 2520/2520 2519/2519
f 2520/2520 2670/2670 2519/2519
f 2519/2519 2670/2670 2716/2716
f 2610/2610 2568/2568 2509/2509
f 2509/2509 2568/2568 2567/2567
f 2219/2219 2214/2214 2218/2218
f 2567/2567 2568/2568 2569/2569
f 2214/2214 2215/2215 2218/2218
f 2567/2567 2570/2570 2575/2575
f 2567/2567 2569/2569 2570/2570
f 2520/2520 2575/2575 2573/2573
f 2520/2520 2573/2573 2670/2670
f 2575/2575 2570/2570 2573/2573
f 2554/2554 2514/2514 2482/2482
f 2554/2554 2482/2482 2483/2483
f 2514/2514 2561/2561 2531/2531
f 2214/2214 2212/2212 2215/2215
f 2568/2568 2579/2579 2569/2569
f 2579/2579 2572/2572 2569/2569
f 2569/2569 2571/2571 2570/2570
f 2569/2569 2572/2572 2571/2571
f 2570/2570 2571/2571 2573/2573
f 1524/1524 1523/1523 1531/1531
f 1954/1954 1952/1952 1935/1935
f 1954/1954 1959/1959 1952/1952
f 1952/1952 1938/1938 1935/1935
f 1952/1952 1953/1953 1938/1938
f 1523/1523 1533/1533 1531/1531
f 1938/1938 1953/1953 1943/1943
f 1935/1935 1938/1938 1936/1936
f 1936/1936 1938/1938 1939/1939
f 1938/1938 1943/1943 1939/1939
f 1953/1953 1963/1963 1961/1961
f 1953/1953 1961/1961 1943/1943
f 1524/1524 1504/1504 1523/1523
f 1504/1504 1513/1513 1523/1523
f 1504/1504 1501/1501 1513/1513
f 1523/1523 1528/1528 1533/1533
f 1523/1523 1513/1513 1528/1528
f 1513/1513 1527/1527 1528/1528
f 1993/1993 1992/1992 1977/1977
f 1993/1993 1977/1977 1991/1991
f 1501/1501 1505/1505 1513/1513
f 1513/1513 1505/1505 1526/1526
f 1514/1514 1526/1526 1505/1505
f 1513/1513 1526/1526 1527/1527
f 1599/1599 1609/1609 1613/1613
f 1599/1599 1597/1597 1609/1609
f 1992/1992 1990/1990 1980/1980
f 1980/1980 1990/1990 1981/1981
f 1992/1992 1980/1980 1977/1977
f 1939/1939 1946/1946 1944/1944
f 1939/1939 1943/1943 1946/1946
f 1943/1943 1961/1961 1946/1946
f 1991/1991 1976/1976 1994/1994
f 1991/1991 1977/1977 1976/1976
f 1976/1976 1977/1977 1978/1978
f 1372/1372 1371/1371 1369/1369
f 1372/1372 1393/1393 1371/1371
f 1393/1393 1389/1389 1371/1371
f 1371/1371 1389/1389 1388/1388
f 1371/1371 1377/1377 1370/1370
f 1985/1985 1983/1983 1982/1982
f 1371/1371 1388/1388 1377/1377
f 1944/1944 1946/1946 1948/1948
f 1994/1994 1976/1976 1984/1984
f 1976/1976 1983/1983 1984/1984
f 1944/1944 1948/1948 1949/1949
f 1989/1989 1984/1984 1983/1983
f 1983/1983 1978/1978 1982/1982
f 1976/1976 1978/1978 1983/1983
f 1979/1979 1981/1981 1986/1986
f 1986/1986 1982/1982 1979/1979
f 1597/1597 1607/1607 1609/1609
f 1980/1980 1981/1981 1979/1979
f 1977/1977 1980/1980 1979/1979
f 1978/1978 1979/1979 1982/1982
f 1977/1977 1979/1979 1978/1978
f 1986/1986 1987/1987 1982/1982
f 1370/1370 1377/1377 1376/1376
f 1985/1985 1982/1982 1987/1987
f 2418/2418 2413/2413 2417/2417
f 2406/2406 2417/2417 2413/2413
f 2418/2418 2421/2421 2413/2413
f 2413/2413 2421/2421 2419/2419
f 640/640 596/596 617/617
f 596/596 595/595 591/591
f 596/596 591/591 593/593
f 291/291 278/278 365/365
f 2419/2419 2416/2416 2413/2413
f 2413/2413 2416/2416 2408/2408
f 365/365 278/278 366/366
f 278/278 274/274 366/366
f 595/595 589/589 591/591
f 2419/2419 2424/2424 2416/2416
f 591/591 589/589 588/588
f 1083/1083 1076/1076 1085/1085
f 617/617 596/596 593/593
f 269/269 271/271 274/274
f 593/593 591/591 592/592
f 593/593 592/592 616/616
f 616/616 615/615 627/627
f 1083/1083 1073/1073 1076/1076
f 591/591 590/590 592/592
f 1065/1065 1061/1061 1073/1073
f 1076/1076 1073/1073 1061/1061
f 616/616 592/592 615/615
f 591/591 588/588 590/590
f 592/592 590/590 615/615
f 590/590 614/614 615/615
f 1076/1076 1061/1061 1066/1066
f 2416/2416 2424/2424 2420/2420
f 597/597 589/589 595/595
f 602/602 594/594 597/597
f 2408/2408 2411/2411 2390/2390
f 2408/2408 2416/2416 2411/2411
f 602/602 601/601 594/594
f 2416/2416 2420/2420 2411/2411
f 597/597 594/594 589/589
f 2420/2420 2423/2423 2411/2411
f 589/589 584/584 588/588
f 1089/1089 1085/1085 1081/1081
f 1085/1085 1078/1078 1081/1081
f 594/594 584/584 589/589
f 590/590 588/588 583/583
f 1085/1085 1076/1076 1078/1078
f 1076/1076 1066/1066 1078/1078
f 1066/1066 1063/1063 1078/1078
f 590/590 583/583 587/587
f 590/590 587/587 614/614
f 1066/1066 1061/1061 1051/1051
f 1066/1066 1051/1051 1063/1063
f 588/588 584/584 583/583
f 583/583 585/585 587/587
f 583/583 584/584 585/585
f 1078/1078 1062/1062 1081/1081
f 1078/1078 1063/1063 1062/1062
f 1063/1063 1051/1051 1052/1052
f 587/587 585/585 611/611
f 1063/1063 1052/1052 1062/1062
f 569/569 573/573 570/570
f 2065/2065 2064/2064 2061/2061
f 570/570 582/582 566/566
f 2064/2064 2062/2062 2061/2061
f 2064/2064 2067/2067 2062/2062
f 1364/1364 1343/1343 1362/1362
f 1362/1362 1343/1343 1345/1345
f 1343/1343 1344/1344 1345/1345
f 1343/1343 1349/1349 1344/1344
f 1219/1219 1216/1216 1205/1205
f 2893/2893 2894/2894 2895/2895
f 1347/1347 1345/1345 1346/1346
f 1345/1345 1344/1344 1346/1346
f 1346/1346 1344/1344 1348/1348
f 2878/2878 2881/2881 2879/2879
f 1216/1216 1204/1204 1205/1205
f 1220/1220 1205/1205 1199/1199
f 1344/1344 1349/1349 1348/1348
f 1349/1349 1351/1351 1348/1348
f 1348/1348 1351/1351 1365/1365
f 2879/2879 2881/2881 2882/2882
f 1243/1243 1226/1226 1227/1227
f 1246/1246 1243/1243 1227/1227
f 1246/1246 1227/1227 1245/1245
f 1199/1199 1205/1205 1200/1200
f 1204/1204 1200/1200 1205/1205
f 1204/1204 1202/1202 1200/1200
f 1202/1202 1192/1192 1200/1200
f 2889/2889 2891/2891 2890/2890
f 2889/2889 2890/2890 2888/2888
f 1216/1216 1208/1208 1204/1204
f 1208/1208 1202/1202 1204/1204
f 1208/1208 1207/1207 1202/1202
f 572/572 573/573 569/569
f 570/570 573/573 580/580
f 570/570 580/580 582/582
f 2061/2061 2062/2062 2063/2063
f 2595/2595 2718/2718 2719/2719
f 2595/2595 2524/2524 2718/2718
f 2733/2733 2719/2719 2734/2734
f 2733/2733 2595/2595 2719/2719
f 1350/1350 1349/1349 1343/1343
f 1356/1356 1353/1353 1350/1350
f 1350/1350 1353/1353 1349/1349
f 2594/2594 2525/2525 2595/2595
f 2525/2525 2524/2524 2595/2595
f 2524/2524 2717/2717 2718/2718
f 1356/1356 1357/1357 1355/1355
f 1356/1356 1355/1355 1353/1353
f 1353/1353 1354/1354 1352/1352
f 1235/1235 1242/1242 1222/1222
f 2883/2883 2884/2884 2885/2885
f 1353/1353 1355/1355 1354/1354
f 1242/1242 1231/1231 1222/1222
f 1224/1224 1222/1222 1231/1231
f 2885/2885 2884/2884 2886/2886
f 1196/1196 1195/1195 1183/1183
f 2885/2885 2886/2886 2892/2892
f 1189/1189 1183/1183 1191/1191
f 1245/1245 1227/1227 1228/1228
f 1228/1228 1227/1227 1221/1221
f 1227/1227 1226/1226 1221/1221
f 1244/1244 1229/1229 1247/1247
f 1244/1244 1228/1228 1229/1229
f 1201/1201 1194/1194 1192/1192
f 2889/2889 2888/2888 2883/2883
f 1225/1225 1221/1221 1226/1226
f 1198/1198 1199/1199 1197/1197
f 1200/1200 1197/1197 1199/1199
f 1200/1200 1192/1192 1197/1197
f 1349/1349 1353/1353 1352/1352
f 1349/1349 1352/1352 1351/1351
f 1225/1225 1235/1235 1222/1222
f 1221/1221 1225/1225 1222/1222
f 1198/1198 1197/1197 1195/1195
f 1197/1197 1192/1192 1195/1195
f 2883/2883 2888/2888 2887/2887
f 1207/1207 1201/1201 1202/1202
f 1206/1206 1203/1203 1201/1201
f 1202/1202 1201/1201 1192/1192
f 12/12 10/10 8/8
f 1201/1201 1203/1203 1194/1194
f 1203/1203 1193/1193 1194/1194
f 1203/1203 1209/1209 1193/1193
f 1221/1221 1222/1222 1223/1223
f 1228/1228 1221/1221 1223/1223
f 1229/1229 1228/1228 1223/1223
f 1229/1229 1223/1223 1230/1230
f 1194/1194 1190/1190 1192/1192
f 1194/1194 1193/1193 1190/1190
f 1223/1223 1224/1224 1230/1230
f 2706/2706 2707/2707 2714/2714
f 1190/1190 1193/1193 1188/1188
f 2707/2707 2704/2704 2713/2713
f 1192/1192 1191/1191 1195/1195
f 1222/1222 1224/1224 1223/1223
f 2883/2883 2887/2887 2884/2884
f 1192/1192 1190/1190 1191/1191
f 1191/1191 1190/1190 1189/1189
f 1189/1189 1190/1190 1188/1188
f 1195/1195 1191/1191 1183/1183
f 10/10 11/11 9/9
f 1657/1657 1658/1658 1647/1647
f 2714/2714 2707/2707 2729/2729
f 2729/2729 2707/2707 2735/2735
f 1657/1657 1647/1647 1651/1651
f 2707/2707 2713/2713 2735/2735
f 1664/1664 1661/1661 1658/1658
f 2525/2525 2516/2516 2524/2524
f 2516/2516 2522/2522 2524/2524
f 2524/2524 2522/2522 2717/2717
f 1355/1355 1359/1359 1354/1354
f 1355/1355 1358/1358 1359/1359
f 1357/1357 1358/1358 1355/1355
f 2730/2730 2731/2731 2732/2732
f 1187/1187 1183/1183 1179/1179
f 1231/1231 1233/1233 1224/1224
f 1189/1189 1175/1175 1183/1183
f 1183/1183 1175/1175 1179/1179
f 2516/2516 2517/2517 2522/2522
f 2522/2522 2517/2517 2715/2715
f 2522/2522 2715/2715 2717/2717
f 1357/1357 1360/1360 1358/1358
f 2517/2517 2716/2716 2715/2715
f 2730/2730 2726/2726 2731/2731
f 1224/1224 1233/1233 1232/1232
f 1175/1175 1178/1178 1179/1179
f 1175/1175 1177/1177 1178/1178
f 1236/1236 1234/1234 1233/1233
f 2896/2896 2897/2897 2898/2898
f 1233/1233 1234/1234 1232/1232
f 1234/1234 1241/1241 1232/1232
f 1178/1178 1177/1177 1180/1180
f 2706/2706 2703/2703 2704/2704
f 2706/2706 2704/2704 2707/2707
f 2704/2704 2709/2709 2713/2713
f 2703/2703 2702/2702 2704/2704
f 2704/2704 2702/2702 2709/2709
f 1189/1189 1188/1188 1175/1175
f 1224/1224 1232/1232 1230/1230
f 1175/1175 1188/1188 1176/1176
f 1664/1664 1675/1675 1661/1661
f 1661/1661 1675/1675 1665/1665
f 1681/1681 1675/1675 1664/1664
f 1675/1675 1667/1667 1665/1665
f 1175/1175 1176/1176 1177/1177
f 1176/1176 1186/1186 1177/1177
f 2702/2702 2708/2708 2709/2709
f 2703/2703 2701/2701 2702/2702
f 1177/1177 1186/1186 1185/1185
f 2702/2702 2700/2700 2708/2708
f 1681/1681 1680/1680 1674/1674
f 1681/1681 1674/1674 1675/1675
f 1675/1675 1674/1674 1667/1667
f 1680/1680 1676/1676 1674/1674
f 1775/1775 1776/1776 1774/1774
f 1774/1774 1776/1776 1862/1862
f 1776/1776 1864/1864 1862/1862
f 1776/1776 1775/1775 1782/1782
f 1782/1782 1775/1775 1783/1783
f 1776/1776 1782/1782 1864/1864
f 1674/1674 1670/1670 1667/1667
f 1782/1782 1868/1868 1864/1864
f 1864/1864 1868/1868 1862/1862
f 2716/2716 2724/2724 2715/2715
f 2716/2716 2670/2670 2723/2723
f 2716/2716 2723/2723 2724/2724
f 1360/1360 1361/1361 1358/1358
f 2730/2730 2724/2724 2726/2726
f 1236/1236 1237/1237 1234/1234
f 2724/2724 2698/2698 2726/2726
f 2724/2724 2723/2723 2698/2698
f 2898/2898 2897/2897 2899/2899
f 1178/1178 1180/1180 1181/1181
f 2670/2670 2680/2680 2723/2723
f 2573/2573 2680/2680 2670/2670
f 2680/2680 2722/2722 2723/2723
f 2722/2722 2680/2680 2688/2688
f 2723/2723 2696/2696 2698/2698
f 2698/2698 2696/2696 2697/2697
f 1237/1237 1238/1238 1234/1234
f 2723/2723 2722/2722 2696/2696
f 2847/2847 2844/2844 2843/2843
f 2847/2847 2848/2848 2844/2844
f 1181/1181 1180/1180 1182/1182
f 1234/1234 1239/1239 1240/1240
f 1234/1234 1238/1238 1239/1239
f 1180/1180 1184/1184 1182/1182
f 2722/2722 2688/2688 2696/2696
f 2696/2696 2694/2694 2697/2697
f 2843/2843 2844/2844 2845/2845
f 2844/2844 2846/2846 2845/2845
f 1177/1177 1185/1185 1180/1180
f 2701/2701 2700/2700 2702/2702
f 2701/2701 2699/2699 2700/2700
f 2700/2700 2720/2720 2708/2708
f 1234/1234 1240/1240 1241/1241
f 2699/2699 2695/2695 2700/2700
f 2695/2695 2710/2710 2700/2700
f 2700/2700 2710/2710 2720/2720
f 1680/1680 1679/1679 1676/1676
f 1674/1674 1676/1676 1672/1672
f 1674/1674 1672/1672 1670/1670
f 1676/1676 1679/1679 1678/1678
f 2694/2694 2695/2695 2699/2699
f 1180/1180 1185/1185 1184/1184
f 2851/2851 2850/2850 2846/2846
f 2695/2695 2711/2711 2710/2710
f 2710/2710 2711/2711 2720/2720
f 1679/1679 1682/1682 1678/1678
f 1682/1682 1683/1683 1678/1678
f 1678/1678 1683/1683 1677/1677
f 1670/1670 1672/1672 1671/1671
f 1676/1676 1678/1678 1672/1672
f 1783/1783 1784/1784 1788/1788
f 1783/1783 1788/1788 1789/1789
f 1782/1782 1783/1783 1785/1785
f 1782/1782 1869/1869 1868/1868
f 1782/1782 1785/1785 1869/1869
f 1868/1868 1869/1869 1871/1871
f 1672/1672 1678/1678 1677/1677
f 1672/1672 1673/1673 1671/1671
f 1672/1672 1677/1677 1673/1673
f 1677/1677 1684/1684 1673/1673
f 1788/1788 1792/1792 1791/1791
f 1673/1673 1684/1684 1685/1685
f 1788/1788 1791/1791 1789/1789
f 1785/1785 1789/1789 1790/1790
f 1785/1785 1790/1790 1869/1869
f 1783/1783 1789/1789 1785/1785
f 1790/1790 1881/1881 1869/1869
f 2573/2573 2607/2607 2680/2680
f 2680/2680 2607/2607 2688/2688
f 2573/2573 2571/2571 2607/2607
f 2607/2607 2677/2677 2688/2688
f 2696/2696 2688/2688 2692/2692
f 2696/2696 2692/2692 2694/2694
f 2688/2688 2677/2677 2692/2692
f 2694/2694 2692/2692 2693/2693
f 2845/2845 2846/2846 2849/2849
f 2677/2677 2678/2678 2692/2692
f 2694/2694 2693/2693 2695/2695
f 2695/2695 2693/2693 2705/2705
f 2693/2693 2692/2692 2691/2691
f 2693/2693 2691/2691 2705/2705
f 2695/2695 2705/2705 2711/2711
f 2846/2846 2850/2850 2849/2849
f 2711/2711 2705/2705 2691/2691
f 2711/2711 2691/2691 2712/2712
f 1682/1682 1688/1688 1683/1683
f 1683/1683 1686/1686 1684/1684
f 1683/1683 1688/1688 1686/1686
f 2692/2692 2678/2678 2691/2691
f 2678/2678 2690/2690 2691/2691
f 2691/2691 2690/2690 2712/2712
f 2690/2690 2725/2725 2712/2712
f 2712/2712 2725/2725 2755/2755
f 1677/1677 1683/1683 1684/1684
f 1792/1792 1794/1794 1791/1791
f 1789/1789 1791/1791 1793/1793
f 1789/1789 1793/1793 1790/1790
f 1793/1793 1791/1791 1794/1794
f 1790/1790 1793/1793 1881/1881
f 1793/1793 1884/1884 1881/1881
f 1793/1793 1796/1796 1884/1884
f 1794/1794 1796/1796 1793/1793
f 1884/1884 1796/1796 1896/1896
f 1794/1794 1799/1799 1796/1796
f 1796/1796 1799/1799 1896/1896
f 2669/2669 2690/2690 2678/2678
f 2690/2690 2721/2721 2725/2725
f 2690/2690 2669/2669 2721/2721
f 643/643 604/604 606/606
f 606/606 604/604 600/600
f 2377/2377 2373/2373 2374/2374
f 2342/2342 2337/2337 2339/2339
f 2337/2337 2338/2338 2339/2339
f 2348/2348 2341/2341 2337/2337
f 2348/2348 2373/2373 2341/2341
f 643/643 644/644 604/604
f 2373/2373 2349/2349 2341/2341
f 2337/2337 2341/2341 2338/2338
f 2341/2341 2346/2346 2338/2338
f 2341/2341 2349/2349 2346/2346
f 2390/2390 2411/2411 2377/2377
f 601/601 606/606 600/600
f 2377/2377 2411/2411 2391/2391
f 601/601 600/600 594/594
f 2411/2411 2414/2414 2391/2391
f 594/594 600/600 584/584
f 600/600 598/598 584/584
f 2377/2377 2391/2391 2373/2373
f 2391/2391 2414/2414 2373/2373
f 2414/2414 2412/2412 2373/2373
f 600/600 604/604 598/598
f 604/604 603/603 598/598
f 2411/2411 2423/2423 2414/2414
f 598/598 586/586 584/584
f 1081/1081 1077/1077 1090/1090
f 603/603 599/599 598/598
f 1090/1090 1077/1077 1080/1080
f 1090/1090 1080/1080 1094/1094
f 584/584 586/586 585/585
f 1081/1081 1062/1062 1077/1077
f 1077/1077 1062/1062 1068/1068
f 611/611 585/585 610/610
f 586/586 605/605 585/585
f 610/610 585/585 605/605
f 1062/1062 1052/1052 1054/1054
f 586/586 598/598 599/599
f 586/586 599/599 605/605
f 599/599 608/608 605/605
f 1077/1077 1068/1068 1072/1072
f 1068/1068 1062/1062 1054/1054
f 605/605 612/612 610/610
f 1068/1068 1056/1056 1072/1072
f 1068/1068 1054/1054 1056/1056
f 604/604 644/644 607/607
f 2373/2373 2412/2412 2349/2349
f 604/604 607/607 603/603
f 2349/2349 2412/2412 2415/2415
f 1094/1094 1080/1080 1092/1092
f 603/603 609/609 608/608
f 1080/1080 1082/1082 1092/1092
f 2349/2349 2415/2415 2346/2346
f 2346/2346 2415/2415 2350/2350
f 2346/2346 2350/2350 2347/2347
f 1093/1093 1084/1084 1097/1097
f 1092/1092 1082/1082 1093/1093
f 1093/1093 1082/1082 1084/1084
f 603/603 608/608 599/599
f 608/608 624/624 621/621
f 608/608 609/609 623/623
f 1082/1082 1074/1074 1084/1084
f 623/623 624/624 608/608
f 621/621 624/624 633/633
f 1074/1074 1071/1071 1084/1084
f 1080/1080 1077/1077 1072/1072
f 1080/1080 1072/1072 1082/1082
f 1082/1082 1072/1072 1074/1074
f 612/612 608/608 621/621
f 605/605 608/608 612/612
f 612/612 621/621 622/622
f 1056/1056 1053/1053 1072/1072
f 1072/1072 1053/1053 1071/1071
f 1074/1074 1072/1072 1071/1071
f 1760/1760 1768/1768 1767/1767
f 1760/1760 1767/1767 1765/1765
f 1765/1765 1767/1767 1777/1777
f 1767/1767 1770/1770 1777/1777
f 1765/1765 1777/1777 1861/1861
f 1861/1861 1854/1854 1855/1855
f 1861/1861 1777/1777 1854/1854
f 1855/1855 1854/1854 1852/1852
f 1855/1855 1852/1852 1856/1856
f 1755/1755 1756/1756 1760/1760
f 1755/1755 1760/1760 1765/1765
f 1765/1765 1779/1779 1755/1755
f 1757/1757 1758/1758 1756/1756
f 1756/1756 1758/1758 1761/1761
f 1766/1766 1758/1758 1759/1759
f 1756/1756 1761/1761 1760/1760
f 1759/1759 1758/1758 1757/1757
f 1855/1855 1856/1856 1857/1857
f 1779/1779 1765/1765 1861/1861
f 1761/1761 1764/1764 1760/1760
f 1761/1761 1762/1762 1764/1764
f 1636/1636 1640/1640 1637/1637
f 1636/1636 1637/1637 1638/1638
f 1778/1778 1764/1764 1762/1762
f 1764/1764 1768/1768 1760/1760
f 1768/1768 1769/1769 1767/1767
f 1778/1778 1768/1768 1764/1764
f 1651/1651 1647/1647 1643/1643
f 1647/1647 1660/1660 1646/1646
f 1643/1643 1646/1646 1636/1636
f 1646/1646 1640/1640 1636/1636
f 1643/1643 1647/1647 1646/1646
f 1647/1647 1658/1658 1661/1661
f 1647/1647 1661/1661 1660/1660
f 1640/1640 1646/1646 1662/1662
f 1660/1660 1662/1662 1646/1646
f 1768/1768 1778/1778 1772/1772
f 1770/1770 1769/1769 1771/1771
f 1771/1771 1774/1774 1770/1770
f 1787/1787 1853/1853 1854/1854
f 1770/1770 1774/1774 1787/1787
f 1787/1787 1774/1774 1853/1853
f 1770/1770 1767/1767 1769/1769
f 1768/1768 1772/1772 1769/1769
f 1770/1770 1787/1787 1777/1777
f 1787/1787 1854/1854 1777/1777
f 1853/1853 1852/1852 1854/1854
f 1853/1853 1851/1851 1852/1852
f 1771/1771 1773/1773 1774/1774
f 1778/1778 1786/1786 1772/1772
f 1771/1771 1769/1769 1772/1772
f 1772/1772 1773/1773 1771/1771
f 1786/1786 1780/1780 1772/1772
f 1772/1772 1780/1780 1773/1773
f 1774/1774 1860/1860 1853/1853
f 1860/1860 1774/1774 1862/1862
f 1860/1860 1862/1862 1850/1850
f 1860/1860 1850/1850 1853/1853
f 1763/1763 1762/1762 1758/1758
f 1758/1758 1762/1762 1761/1761
f 1638/1638 1637/1637 1639/1639
f 1661/1661 1665/1665 1660/1660
f 1660/1660 1665/1665 1662/1662
f 1662/1662 1665/1665 1666/1666
f 1669/1669 1666/1666 1668/1668
f 1773/1773 1775/1775 1774/1774
f 1773/1773 1780/1780 1775/1775
f 1662/1662 1666/1666 1669/1669
f 1665/1665 1667/1667 1666/1666
f 1775/1775 1780/1780 1781/1781
f 1667/1667 1668/1668 1666/1666
f 1667/1667 1670/1670 1668/1668
f 1775/1775 1781/1781 1783/1783
f 1668/1668 1670/1670 1671/1671
f 1783/1783 1781/1781 1784/1784
f 2725/2725 2754/2754 2755/2755
f 1684/1684 1687/1687 1685/1685
f 1684/1684 1686/1686 1687/1687
f 1792/1792 1795/1795 1794/1794
f 1795/1795 1797/1797 1794/1794
f 1686/1686 1689/1689 1687/1687
f 1795/1795 1798/1798 1797/1797
f 1686/1686 1690/1690 1689/1689
f 1797/1797 1798/1798 1801/1801
f 1797/1797 1801/1801 1800/1800
f 1798/1798 1802/1802 1801/1801
f 2434/2434 2439/2439 2440/2440
f 1797/1797 1800/1800 1794/1794
f 1794/1794 1800/1800 1799/1799
f 2833/2833 2832/2832 2828/2828
f 2833/2833 2828/2828 2834/2834
f 2832/2832 2831/2831 2828/2828
f 2721/2721 2727/2727 2725/2725
f 2725/2725 2727/2727 2754/2754
f 2434/2434 2426/2426 2425/2425
f 2434/2434 2425/2425 2430/2430
f 2721/2721 2728/2728 2727/2727
f 2407/2407 2384/2384 2403/2403
f 2426/2426 2403/2403 2425/2425
f 2403/2403 2410/2410 2425/2425
f 2425/2425 2410/2410 2430/2430
f 2434/2434 2430/2430 2439/2439
f 2439/2439 2430/2430 2438/2438
f 2438/2438 2444/2444 2439/2439
f 2831/2831 2829/2829 2828/2828
f 2828/2828 2829/2829 2830/2830
f 2439/2439 2444/2444 2448/2448
f 2831/2831 2837/2837 2829/2829
f 2837/2837 2839/2839 2829/2829
f 2444/2444 2438/2438 2447/2447
f 2430/2430 2435/2435 2438/2438
f 2430/2430 2428/2428 2435/2435
f 2438/2438 2445/2445 2447/2447
f 2438/2438 2435/2435 2445/2445
f 2435/2435 2441/2441 2445/2445
f 2445/2445 2446/2446 2450/2450
f 2441/2441 2446/2446 2445/2445
f 2384/2384 2365/2365 2403/2403
f 2403/2403 2365/2365 2367/2367
f 2403/2403 2367/2367 2410/2410
f 2367/2367 2364/2364 2410/2410
f 2366/2366 2359/2359 2365/2365
f 2365/2365 2359/2359 2360/2360
f 2365/2365 2360/2360 2367/2367
f 2367/2367 2360/2360 2364/2364
f 2430/2430 2410/2410 2428/2428
f 2410/2410 2364/2364 2428/2428
f 2364/2364 2427/2427 2428/2428
f 2360/2360 2355/2355 2364/2364
f 2428/2428 2432/2432 2435/2435
f 2428/2428 2427/2427 2432/2432
f 2432/2432 2427/2427 2433/2433
f 2435/2435 2432/2432 2441/2441
f 2441/2441 2442/2442 2446/2446
f 2441/2441 2432/2432 2442/2442
f 2432/2432 2433/2433 2442/2442
f 2442/2442 2433/2433 2443/2443
f 2359/2359 2355/2355 2360/2360
f 2359/2359 2343/2343 2355/2355
f 2355/2355 2352/2352 2358/2358
f 2342/2342 2339/2339 2343/2343
f 2355/2355 2343/2343 2344/2344
f 2343/2343 2339/2339 2344/2344
f 2355/2355 2344/2344 2352/2352
f 2344/2344 2345/2345 2352/2352
f 2364/2364 2358/2358 2427/2427
f 2364/2364 2355/2355 2358/2358
f 2358/2358 2357/2357 2429/2429
f 2358/2358 2352/2352 2357/2357
f 2352/2352 2353/2353 2357/2357
f 2352/2352 2345/2345 2353/2353
f 2427/2427 2358/2358 2429/2429
f 2357/2357 2431/2431 2429/2429
f 2433/2433 2427/2427 2429/2429
f 2433/2433 2437/2437 2443/2443
f 2433/2433 2429/2429 2437/2437
f 2429/2429 2436/2436 2437/2437
f 2429/2429 2431/2431 2436/2436
f 2357/2357 2353/2353 2356/2356
f 2357/2357 2356/2356 2431/2431
f 1108/1108 1104/1104 1111/1111
f 2338/2338 2340/2340 2339/2339
f 2339/2339 2340/2340 2344/2344
f 2344/2344 2340/2340 2345/2345
f 2340/2340 2351/2351 2345/2345
f 2338/2338 2346/2346 2340/2340
f 2340/2340 2347/2347 2351/2351
f 2340/2340 2346/2346 2347/2347
f 2353/2353 2354/2354 2356/2356
f 2345/2345 2354/2354 2353/2353
f 1107/1107 1102/1102 1096/1096
f 2345/2345 2351/2351 2354/2354
f 1102/1102 1098/1098 1086/1086
f 1102/1102 1086/1086 1096/1096
f 1086/1086 1087/1087 1096/1096
f 1107/1107 1096/1096 1108/1108
f 1108/1108 1100/1100 1104/1104
f 1108/1108 1096/1096 1100/1100
f 1097/1097 1084/1084 1098/1098
f 1084/1084 1086/1086 1098/1098
f 1084/1084 1069/1069 1086/1086
f 1086/1086 1069/1069 1079/1079
f 1084/1084 1071/1071 1069/1069
f 2858/2858 2856/2856 2855/2855
f 2858/2858 2860/2860 2856/2856
f 2855/2855 2856/2856 2857/2857
f 982/982 1007/1007 996/996
f 328/328 356/356 341/341
f 341/341 333/333 328/328
f 2140/2140 2132/2132 2136/2136
f 328/328 333/333 327/327
f 696/696 664/664 669/669
f 664/664 656/656 669/669
f 669/669 656/656 679/679
f 1335/1335 1331/1331 1329/1329
f 871/871 883/883 870/870
f 870/870 883/883 876/876
f 1331/1331 1330/1330 1329/1329
f 1329/1329 1327/1327 1332/1332
f 870/870 876/876 874/874
f 664/664 655/655 656/656
f 655/655 650/650 656/656
f 874/874 876/876 878/878
f 679/679 656/656 680/680
f 650/650 657/657 656/656
f 656/656 657/657 680/680
f 650/650 658/658 657/657
f 883/883 887/887 876/876
f 876/876 887/887 878/878
f 878/878 887/887 890/890
f 650/650 651/651 652/652
f 874/874 878/878 869/869
f 869/869 878/878 884/884
f 657/657 658/658 668/668
f 657/657 668/668 680/680
f 680/680 668/668 683/683
f 650/650 652/652 658/658
f 658/658 666/666 668/668
f 878/878 890/890 884/884
f 665/665 671/671 652/652
f 652/652 671/671 670/670
f 671/671 700/700 670/670
f 868/868 889/889 845/845
f 700/700 699/699 670/670
f 651/651 665/665 652/652
f 850/850 869/869 868/868
f 869/869 885/885 868/868
f 652/652 659/659 658/658
f 652/652 670/670 659/659
f 869/869 884/884 885/885
f 868/868 885/885 886/886
f 868/868 886/886 889/889
f 885/885 888/888 886/886
f 666/666 658/658 659/659
f 659/659 667/667 666/666
f 670/670 672/672 659/659
f 670/670 699/699 672/672
f 885/885 884/884 888/888
f 659/659 672/672 667/667
f 672/672 677/677 667/667
f 668/668 666/666 683/683
f 683/683 666/666 682/682
f 1330/1330 1328/1328 1329/1329
f 1329/1329 1328/1328 1327/1327
f 1330/1330 1319/1319 1328/1328
f 1332/1332 1327/1327 1326/1326
f 1327/1327 1324/1324 1326/1326
f 1327/1327 1328/1328 1324/1324
f 1326/1326 1324/1324 1323/1323
f 1326/1326 1323/1323 1325/1325
f 792/792 805/805 787/787
f 792/792 787/787 788/788
f 1319/1319 1302/1302 1304/1304
f 1302/1302 1303/1303 1304/1304
f 1303/1303 1307/1307 1304/1304
f 1319/1319 1304/1304 1328/1328
f 805/805 798/798 787/787
f 1328/1328 1304/1304 1324/1324
f 1304/1304 1309/1309 1324/1324
f 1307/1307 1308/1308 1304/1304
f 788/788 787/787 766/766
f 787/787 798/798 797/797
f 1304/1304 1308/1308 1309/1309
f 1308/1308 1310/1310 1309/1309
f 787/787 797/797 764/764
f 1324/1324 1309/1309 1311/1311
f 1324/1324 1311/1311 1323/1323
f 1309/1309 1310/1310 1311/1311
f 798/798 799/799 797/797
f 797/797 799/799 801/801
f 801/801 799/799 806/806
f 1310/1310 1312/1312 1311/1311
f 1311/1311 1313/1313 1323/1323
f 1311/1311 1312/1312 1313/1313
f 1323/1323 1313/1313 1325/1325
f 1312/1312 1317/1317 1316/1316
f 1312/1312 1316/1316 1313/1313
f 1313/1313 1316/1316 1318/1318
f 801/801 806/806 807/807
f 1325/1325 1313/1313 1320/1320
f 1313/1313 1318/1318 1320/1320
f 884/884 890/890 891/891
f 884/884 891/891 888/888
f 888/888 891/891 893/893
f 1621/1621 1629/1629 1632/1632
f 1621/1621 1620/1620 1629/1629
f 2094/2094 2096/2096 2091/2091
f 2083/2083 2091/2091 2086/2086
f 1627/1627 1616/1616 1631/1631
f 1631/1631 1616/1616 1621/1621
f 2096/2096 2092/2092 2091/2091
f 1616/1616 1620/1620 1621/1621
f 1631/1631 1621/1621 1632/1632
f 2096/2096 2099/2099 2092/2092
f 2099/2099 2098/2098 2092/2092
f 2092/2092 2090/2090 2091/2091
f 2092/2092 2098/2098 2097/2097
f 2092/2092 2097/2097 2090/2090
f 1712/1712 1706/1706 1705/1705
f 666/666 675/675 682/682
f 682/682 675/675 694/694
f 666/666 667/667 675/675
f 675/675 667/667 676/676
f 675/675 676/676 694/694
f 766/766 787/787 764/764
f 766/766 764/764 761/761
f 764/764 762/762 761/761
f 760/760 761/761 762/762
f 762/762 768/768 769/769
f 762/762 764/764 768/768
f 797/797 801/801 800/800
f 797/797 800/800 764/764
f 764/764 800/800 780/780
f 806/806 808/808 807/807
f 800/800 802/802 780/780
f 764/764 780/780 768/768
f 768/768 780/780 770/770
f 770/770 780/780 809/809
f 780/780 802/802 804/804
f 768/768 770/770 769/769
f 2861/2861 2858/2858 2859/2859
f 1127/1127 1139/1139 1122/1122
f 2861/2861 2860/2860 2858/2858
f 1139/1139 1136/1136 1122/1122
f 1139/1139 1140/1140 1136/1136
f 1136/1136 1140/1140 1141/1141
f 1136/1136 1142/1142 1123/1123
f 1136/1136 1141/1141 1142/1142
f 1140/1140 1155/1155 1141/1141
f 1141/1141 1155/1155 1160/1160
f 1141/1141 1160/1160 1159/1159
f 1159/1159 1167/1167 1154/1154
f 1123/1123 1142/1142 1131/1131
f 1142/1142 1141/1141 1159/1159
f 1142/1142 1159/1159 1154/1154
f 1142/1142 1154/1154 1131/1131
f 1318/1318 1321/1321 1320/1320
f 1320/1320 1321/1321 1322/1322
f 2904/2904 2905/2905 2906/2906
f 1168/1168 1174/1174 1173/1173
f 1321/1321 1336/1336 1322/1322
f 1168/1168 1173/1173 1167/1167
f 1731/1731 1730/1730 1729/1729
f 1173/1173 1172/1172 1167/1167
f 1168/1168 1167/1167 1159/1159
f 1168/1168 1159/1159 1160/1160
f 760/760 762/762 765/765
f 765/765 762/762 773/773
f 1616/1616 1615/1615 1620/1620
f 1615/1615 1628/1628 1620/1620
f 1626/1626 1628/1628 1615/1615
f 762/762 769/769 773/773
f 1620/1620 1628/1628 1629/1629
f 1629/1629 1628/1628 1630/1630
f 1628/1628 1633/1633 1630/1630
f 770/770 771/771 769/769
f 809/809 772/772 770/770
f 770/770 772/772 771/771
f 769/769 771/771 773/773
f 773/773 771/771 786/786
f 1633/1633 1634/1634 1630/1630
f 1707/1707 1705/1705 1702/1702
f 1705/1705 1700/1700 1702/1702
f 1702/1702 1701/1701 1725/1725
f 1725/1725 1701/1701 1726/1726
f 1154/1154 1164/1164 1152/1152
f 1166/1166 1158/1158 1164/1164
f 1164/1164 1158/1158 1152/1152
f 1166/1166 1163/1163 1158/1158
f 1158/1158 1163/1163 1151/1151
f 1133/1133 1152/1152 1158/1158
f 1133/1133 1158/1158 1151/1151
f 1730/1730 1727/1727 1729/1729
f 1727/1727 1724/1724 1729/1729
f 1172/1172 1171/1171 1164/1164
f 1727/1727 1707/1707 1724/1724
f 1707/1707 1702/1702 1724/1724
f 1164/1164 1171/1171 1166/1166
f 1724/1724 1702/1702 1725/1725
f 1172/1172 1164/1164 1167/1167
f 1167/1167 1164/1164 1154/1154
f 1122/1122 1136/1136 1123/1123
f 1122/1122 1123/1123 1120/1120
f 1123/1123 1131/1131 1120/1120
f 1120/1120 1131/1131 1129/1129
f 1117/1117 1120/1120 1118/1118
f 1120/1120 1129/1129 1118/1118
f 1117/1117 1118/1118 1119/1119
f 1119/1119 1118/1118 1128/1128
f 1118/1118 1133/1133 1128/1128
f 1129/1129 1131/1131 1154/1154
f 1118/1118 1129/1129 1133/1133
f 1129/1129 1154/1154 1152/1152
f 1129/1129 1152/1152 1133/1133
f 1128/1128 1130/1130 1119/1119
f 1128/1128 1133/1133 1130/1130
f 1130/1130 1133/1133 1151/1151
f 1425/1425 1424/1424 1413/1413
f 1421/1421 1425/1425 1413/1413
f 2145/2145 2128/2128 2139/2139
f 1425/1425 1421/1421 1437/1437
f 1437/1437 1421/1421 1441/1441
f 2139/2139 2128/2128 2127/2127
f 2127/2127 2128/2128 2121/2121
f 1421/1421 1434/1434 1441/1441
f 1434/1434 1421/1421 1420/1420
f 1421/1421 1413/1413 1420/1420
f 1420/1420 1413/1413 1411/1411
f 1434/1434 1419/1419 1440/1440
f 1434/1434 1420/1420 1419/1419
f 1420/1420 1411/1411 1419/1419
f 1434/1434 1440/1440 1441/1441
f 2128/2128 2120/2120 2121/2121
f 2120/2120 2119/2119 2121/2121
f 2120/2120 2118/2118 2119/2119
f 1413/1413 1424/1424 1412/1412
f 1413/1413 1412/1412 1411/1411
f 1411/1411 1412/1412 1408/1408
f 1424/1424 1427/1427 1412/1412
f 1412/1412 1427/1427 1430/1430
f 1419/1419 1410/1410 1418/1418
f 1419/1419 1418/1418 1439/1439
f 1419/1419 1439/1439 1440/1440
f 1419/1419 1411/1411 1410/1410
f 1418/1418 1438/1438 1439/1439
f 1418/1418 1410/1410 1417/1417
f 1418/1418 1417/1417 1438/1438
f 2118/2118 2115/2115 2117/2117
f 1417/1417 1410/1410 1415/1415
f 1438/1438 1417/1417 1423/1423
f 1417/1417 1415/1415 1423/1423
f 1423/1423 1415/1415 1422/1422
f 1415/1415 1416/1416 1422/1422
f 1411/1411 1408/1408 1410/1410
f 1412/1412 1429/1429 1408/1408
f 1412/1412 1430/1430 1429/1429
f 2261/2261 2263/2263 2264/2264
f 1408/1408 1409/1409 1410/1410
f 1408/1408 1429/1429 1409/1409
f 1472/1472 1471/1471 1478/1478
f 1410/1410 1409/1409 1414/1414
f 1410/1410 1414/1414 1415/1415
f 1409/1409 1429/1429 1431/1431
f 1409/1409 1431/1431 1414/1414
f 1478/1478 1471/1471 1477/1477
f 1415/1415 1414/1414 1416/1416
f 1416/1416 1414/1414 1426/1426
f 1414/1414 1431/1431 1428/1428
f 1414/1414 1428/1428 1426/1426
f 1427/1427 1433/1433 1430/1430
f 2261/2261 2256/2256 2259/2259
f 2259/2259 2256/2256 2258/2258
f 2256/2256 2257/2257 2258/2258
f 2263/2263 2261/2261 2259/2259
f 1472/1472 1457/1457 1471/1471
f 2258/2258 2260/2260 2259/2259
f 1472/1472 1464/1464 1457/1457
f 1464/1464 1463/1463 1457/1457
f 1463/1463 1460/1460 1457/1457
f 2154/2154 2147/2147 2152/2152
f 1469/1469 1467/1467 1463/1463
f 1463/1463 1467/1467 1460/1460
f 2258/2258 2257/2257 2262/2262
f 2258/2258 2262/2262 2260/2260
f 1471/1471 1457/1457 1461/1461
f 1471/1471 1461/1461 1477/1477
f 1460/1460 1458/1458 1457/1457
f 1457/1457 1459/1459 1461/1461
f 1457/1457 1458/1458 1459/1459
f 2153/2153 2144/2144 2143/2143
f 2144/2144 2139/2139 2143/2143
f 2144/2144 2145/2145 2139/2139
f 992/992 994/994 993/993
f 338/338 356/356 328/328
f 338/338 357/357 356/356
f 2143/2143 2139/2139 2140/2140
f 338/338 328/328 329/329
f 2139/2139 2127/2127 2129/2129
f 2127/2127 2121/2121 2126/2126
f 2127/2127 2126/2126 2129/2129
f 2139/2139 2132/2132 2140/2140
f 2139/2139 2133/2133 2132/2132
f 2121/2121 2123/2123 2126/2126
f 2121/2121 2119/2119 2123/2123
f 2123/2123 2130/2130 2126/2126
f 329/329 328/328 326/326
f 329/329 326/326 324/324
f 328/328 327/327 326/326
f 326/326 327/327 325/325
f 326/326 325/325 324/324
f 324/324 325/325 319/319
f 324/324 319/319 323/323
f 327/327 333/333 330/330
f 327/327 330/330 325/325
f 330/330 331/331 325/325
f 2139/2139 2129/2129 2133/2133
f 2132/2132 2134/2134 2136/2136
f 2132/2132 2133/2133 2134/2134
f 2133/2133 2135/2135 2134/2134
f 2129/2129 2149/2149 2133/2133
f 2129/2129 2126/2126 2149/2149
f 2133/2133 2149/2149 2141/2141
f 2133/2133 2141/2141 2135/2135
f 2135/2135 2141/2141 2137/2137
f 2135/2135 2137/2137 2134/2134
f 2134/2134 2137/2137 2138/2138
f 2155/2155 2150/2150 2149/2149
f 2126/2126 2155/2155 2149/2149
f 2126/2126 2130/2130 2155/2155
f 2149/2149 2150/2150 2141/2141
f 2150/2150 2152/2152 2146/2146
f 2150/2150 2146/2146 2141/2141
f 2141/2141 2146/2146 2142/2142
f 2137/2137 2141/2141 2142/2142
f 2137/2137 2142/2142 2151/2151
f 2137/2137 2151/2151 2138/2138
f 333/333 349/349 330/330
f 330/330 349/349 335/335
f 349/349 345/345 335/335
f 330/330 334/334 331/331
f 330/330 335/335 334/334
f 349/349 362/362 345/345
f 335/335 345/345 334/334
f 106/106 87/87 76/76
f 345/345 348/348 334/334
f 106/106 76/76 101/101
f 87/87 46/46 76/76
f 445/445 444/444 412/412
f 101/101 76/76 81/81
f 444/444 442/442 412/412
f 412/412 442/442 378/378
f 2118/2118 2117/2117 2119/2119
f 2119/2119 2117/2117 2123/2123
f 2123/2123 2117/2117 2124/2124
f 2123/2123 2124/2124 2130/2130
f 2115/2115 2116/2116 2117/2117
f 2117/2117 2122/2122 2124/2124
f 2117/2117 2116/2116 2122/2122
f 2122/2122 2116/2116 2110/2110
f 2124/2124 2131/2131 2130/2130
f 2124/2124 2122/2122 2131/2131
f 2110/2110 2108/2108 2122/2122
f 2122/2122 2125/2125 2131/2131
f 2122/2122 2108/2108 2125/2125
f 2155/2155 2158/2158 2150/2150
f 2158/2158 2157/2157 2162/2162
f 2155/2155 2130/2130 2156/2156
f 2155/2155 2156/2156 2158/2158
f 2156/2156 2157/2157 2158/2158
f 2150/2150 2158/2158 2152/2152
f 2152/2152 2147/2147 2146/2146
f 2146/2146 2147/2147 2142/2142
f 2152/2152 2158/2158 2162/2162
f 2130/2130 2157/2157 2156/2156
f 2130/2130 2131/2131 2157/2157
f 2131/2131 2159/2159 2157/2157
f 2157/2157 2159/2159 2161/2161
f 1460/1460 1467/1467 1468/1468
f 1460/1460 1468/1468 1458/1458
f 2162/2162 2157/2157 2161/2161
f 325/325 332/332 319/319
f 325/325 331/331 332/332
f 332/332 331/331 336/336
f 319/319 332/332 313/313
f 313/313 332/332 314/314
f 302/302 313/313 292/292
f 313/313 314/314 292/292
f 332/332 336/336 339/339
f 332/332 339/339 314/314
f 314/314 339/339 317/317
f 331/331 334/334 336/336
f 334/334 348/348 347/347
f 334/334 347/347 336/336
f 347/347 348/348 363/363
f 81/81 76/76 52/52
f 347/347 363/363 364/364
f 52/52 56/56 81/81
f 81/81 56/56 79/79
f 336/336 347/347 339/339
f 347/347 343/343 339/339
f 343/343 347/347 355/355
f 347/347 364/364 355/355
f 378/378 442/442 376/376
f 52/52 36/36 56/56
f 378/378 376/376 377/377
f 442/442 443/443 376/376
f 56/56 53/53 79/79
f 377/377 376/376 374/374
f 443/443 430/430 376/376
f 376/376 430/430 375/375
f 79/79 53/53 78/78
f 292/292 314/314 317/317
f 292/292 317/317 312/312
f 317/317 340/340 312/312
f 340/340 317/317 343/343
f 292/292 312/312 282/282
f 312/312 340/340 342/342
f 339/339 343/343 317/317
f 282/282 315/315 283/283
f 282/282 312/312 315/315
f 312/312 342/342 315/315
f 343/343 355/355 353/353
f 355/355 360/360 353/353
f 112/112 79/79 98/98
f 79/79 78/78 98/98
f 78/78 53/53 57/57
f 78/78 99/99 98/98
f 78/78 94/94 99/99
f 343/343 342/342 340/340
f 343/343 353/353 342/342
f 360/360 361/361 353/353
f 342/342 353/353 352/352
f 342/342 352/352 351/351
f 353/353 361/361 352/352
f 1067/1067 1044/1044 1060/1060
f 1067/1067 1049/1049 1044/1044
f 315/315 342/342 344/344
f 315/315 344/344 283/283
f 270/270 346/346 272/272
f 270/270 283/283 346/346
f 283/283 344/344 346/346
f 1058/1058 1064/1064 1048/1048
f 342/342 351/351 344/344
f 1048/1048 1064/1064 1059/1059
f 1060/1060 1045/1045 1059/1059
f 1060/1060 1044/1044 1045/1045
f 928/928 931/931 935/935
f 928/928 932/932 926/926
f 928/928 935/935 934/934
f 895/895 849/849 894/894
f 928/928 934/934 932/932
f 555/555 548/548 550/550
f 1692/1692 1695/1695 1696/1696
f 548/548 549/549 550/550
f 2317/2317 2318/2318 2313/2313
f 2308/2308 2313/2313 2305/2305
f 2316/2316 2314/2314 2318/2318
f 2316/2316 2315/2315 2314/2314
f 1691/1691 1692/1692 1693/1693
f 2305/2305 2304/2304 2306/2306
f 2318/2318 2314/2314 2313/2313
f 1692/1692 1694/1694 1693/1693
f 1697/1697 1693/1693 1694/1694
f 1692/1692 1696/1696 1694/1694
f 2313/2313 2303/2303 2305/2305
f 2315/2315 2311/2311 2314/2314
f 2234/2234 2233/2233 2232/2232
f 1479/1479 1481/1481 1483/1483
f 1479/1479 1480/1480 1481/1481
f 2305/2305 2303/2303 2304/2304
f 1483/1483 1485/1485 1484/1484
f 849/849 889/889 894/894
f 932/932 934/934 933/933
f 934/934 936/936 933/933
f 886/886 888/888 892/892
f 1696/1696 1699/1699 1698/1698
f 559/559 552/552 558/558
f 558/558 552/552 554/554
f 552/552 553/553 554/554
f 2314/2314 2312/2312 2313/2313
f 2313/2313 2312/2312 2303/2303
f 1697/1697 1694/1694 1698/1698
f 561/561 559/559 560/560
f 1694/1694 1696/1696 1698/1698
f 2314/2314 2311/2311 2312/2312
f 2233/2233 2231/2231 2232/2232
f 2311/2311 2309/2309 2312/2312
f 2231/2231 2228/2228 2232/2232
f 2311/2311 2310/2310 2309/2309
f 560/560 559/559 558/558
f 2231/2231 2227/2227 2228/2228
f 549/549 551/551 550/550
f 1480/1480 1482/1482 1481/1481
f 2304/2304 2303/2303 2301/2301
f 550/550 551/551 552/552
f 2303/2303 2302/2302 2301/2301
f 2303/2303 2312/2312 2302/2302
f 1485/1485 1486/1486 1484/1484
f 1485/1485 1487/1487 1486/1486
f 2302/2302 2312/2312 2309/2309
f 551/551 553/553 552/552
f 2228/2228 2227/2227 2226/2226
f 2310/2310 2307/2307 2309/2309
f 2309/2309 2307/2307 2302/2302
f 2302/2302 2307/2307 2299/2299
f 2226/2226 2223/2223 2225/2225
f 2226/2226 2227/2227 2223/2223
f 2302/2302 2299/2299 2301/2301
f 553/553 556/556 554/554
f 2299/2299 2300/2300 2301/2301
f 1487/1487 1488/1488 1486/1486
f 2091/2091 2090/2090 2086/2086
f 2086/2086 2090/2090 2089/2089
f 2089/2089 2090/2090 2100/2100
f 2086/2086 2089/2089 2088/2088
f 1716/1716 1711/1711 1713/1713
f 1713/1713 1711/1711 1706/1706
f 1711/1711 1710/1710 1706/1706
f 1712/1712 1713/1713 1706/1706
f 2090/2090 2097/2097 2100/2100
f 1706/1706 1700/1700 1705/1705
f 1715/1715 1714/1714 1710/1710
f 1715/1715 1710/1710 1711/1711
f 667/667 677/677 676/676
f 677/677 678/678 676/676
f 677/677 684/684 678/678
f 694/694 676/676 695/695
f 676/676 678/678 681/681
f 676/676 681/681 695/695
f 2227/2227 2229/2229 2223/2223
f 2229/2229 2230/2230 2223/2223
f 2223/2223 2224/2224 2225/2225
f 208/208 206/206 207/207
f 208/208 209/209 206/206
f 209/209 210/210 206/206
f 132/132 133/133 131/131
f 130/130 132/132 131/131
f 1700/1700 1701/1701 1702/1702
f 1706/1706 1703/1703 1700/1700
f 1710/1710 1703/1703 1706/1706
f 1703/1703 1704/1704 1701/1701
f 1700/1700 1703/1703 1701/1701
f 1701/1701 1704/1704 1726/1726
f 1720/1720 1726/1726 1704/1704
f 1714/1714 1708/1708 1710/1710
f 1710/1710 1708/1708 1703/1703
f 1708/1708 1718/1718 1709/1709
f 1169/1169 1161/1161 1165/1165
f 1165/1165 1161/1161 1162/1162
f 1708/1708 1709/1709 1704/1704
f 1709/1709 1720/1720 1704/1704
f 1703/1703 1708/1708 1704/1704
f 1162/1162 1153/1153 1163/1163
f 1161/1161 1153/1153 1162/1162
f 1150/1150 1153/1153 1161/1161
f 1163/1163 1153/1153 1151/1151
f 206/206 211/211 204/204
f 206/206 210/210 211/211
f 206/206 205/205 207/207
f 206/206 204/204 205/205
f 130/130 131/131 128/128
f 130/130 128/128 129/129
f 129/129 128/128 126/126
f 128/128 146/146 127/127
f 128/128 127/127 126/126
f 210/210 124/124 211/211
f 211/211 124/124 204/204
f 124/124 122/122 204/204
f 709/709 710/710 707/707
f 712/712 710/710 709/709
f 1147/1147 1130/1130 1150/1150
f 1130/1130 1153/1153 1150/1150
f 1130/1130 1151/1151 1153/1153
f 124/124 123/123 122/122
f 126/126 125/125 121/121
f 1422/1422 1416/1416 1432/1432
f 1416/1416 1426/1426 1432/1432
f 1428/1428 1431/1431 1436/1436
f 1428/1428 1436/1436 1426/1426
f 1426/1426 1436/1436 1435/1435
f 1432/1432 1426/1426 1435/1435
f 1477/1477 1461/1461 1473/1473
f 1461/1461 1459/1459 1466/1466
f 1461/1461 1466/1466 1473/1473
f 1436/1436 1442/1442 1435/1435
f 1474/1474 1473/1473 1466/1466
f 1466/1466 1459/1459 1465/1465
f 2110/2110 2107/2107 2108/2108
f 2104/2104 2105/2105 2106/2106
f 2107/2107 2106/2106 2108/2108
f 2125/2125 2108/2108 2109/2109
f 2108/2108 2106/2106 2109/2109
f 2107/2107 2104/2104 2106/2106
f 1465/1465 1470/1470 1475/1475
f 2125/2125 2109/2109 2131/2131
f 2131/2131 2109/2109 2112/2112
f 2131/2131 2112/2112 2159/2159
f 2109/2109 2106/2106 2112/2112
f 2112/2112 2106/2106 2113/2113
f 2159/2159 2112/2112 2160/2160
f 2159/2159 2160/2160 2161/2161
f 2112/2112 2113/2113 2160/2160
f 2106/2106 2111/2111 2113/2113
f 2105/2105 2111/2111 2106/2106
f 2111/2111 2114/2114 2113/2113
f 1475/1475 1470/1470 1476/1476
f 1458/1458 1462/1462 1459/1459
f 1459/1459 1462/1462 1465/1465
f 1458/1458 1468/1468 1462/1462
f 1462/1462 1470/1470 1465/1465
f 1462/1462 1468/1468 1470/1470
f 375/375 430/430 373/373
f 430/430 428/428 373/373
f 78/78 73/73 94/94
f 428/428 440/440 422/422
f 73/73 84/84 94/94
f 440/440 459/459 439/439
f 459/459 458/458 439/439
f 435/435 439/439 458/458
f 1047/1047 1036/1036 1035/1035
f 1036/1036 1029/1029 1026/1026
f 1059/1059 1045/1045 1048/1048
f 1048/1048 1045/1045 1043/1043
f 1043/1043 1045/1045 1040/1040
f 635/635 629/629 639/639
f 1065/1065 1058/1058 1055/1055
f 1065/1065 1055/1055 1061/1061
f 627/627 615/615 626/626
f 1058/1058 1043/1043 1055/1055
f 1058/1058 1048/1048 1043/1043
f 615/615 614/614 626/626
f 626/626 614/614 629/629
f 1061/1061 1055/1055 1046/1046
f 1055/1055 1043/1043 1046/1046
f 626/626 629/629 635/635
f 1043/1043 1040/1040 1039/1039
f 1040/1040 1045/1045 1044/1044
f 1037/1037 1044/1044 1049/1049
f 474/474 472/472 459/459
f 472/472 458/458 459/459
f 635/635 639/639 649/649
f 1040/1040 1044/1044 1037/1037
f 639/639 629/629 638/638
f 1049/1049 1047/1047 1037/1037
f 1037/1037 1047/1047 1035/1035
f 1040/1040 1032/1032 1039/1039
f 614/614 613/613 629/629
f 1061/1061 1046/1046 1051/1051
f 1046/1046 1034/1034 1051/1051
f 614/614 587/587 613/613
f 1051/1051 1034/1034 1052/1052
f 613/613 620/620 629/629
f 1039/1039 1033/1033 1034/1034
f 1034/1034 1033/1033 1027/1027
f 1046/1046 1043/1043 1039/1039
f 1046/1046 1039/1039 1034/1034
f 587/587 611/611 613/613
f 613/613 611/611 620/620
f 1052/1052 1034/1034 1041/1041
f 620/620 631/631 629/629
f 629/629 631/631 638/638
f 1041/1041 1034/1034 1030/1030
f 1034/1034 1027/1027 1030/1030
f 1040/1040 1037/1037 1032/1032
f 475/475 458/458 472/472
f 1035/1035 1026/1026 1028/1028
f 1037/1037 1035/1035 1032/1032
f 1032/1032 1035/1035 1028/1028
f 1027/1027 1032/1032 1028/1028
f 475/475 469/469 458/458
f 475/475 477/477 469/469
f 1035/1035 1036/1036 1026/1026
f 450/450 458/458 460/460
f 458/458 469/469 460/460
f 1028/1028 1026/1026 1027/1027
f 1039/1039 1032/1032 1033/1033
f 1033/1033 1032/1032 1027/1027
f 631/631 637/637 638/638
f 546/546 544/544 547/547
f 1492/1492 1491/1491 1493/1493
f 1493/1493 1497/1497 1496/1496
f 1484/1484 1491/1491 1492/1492
f 1491/1491 1490/1490 1493/1493
f 1493/1493 1490/1490 1497/1497
f 141/141 142/142 140/140
f 732/732 733/733 736/736
f 1497/1497 1498/1498 1496/1496
f 736/736 733/733 734/734
f 732/732 722/722 724/724
f 142/142 152/152 140/140
f 732/732 724/724 733/733
f 734/734 733/733 726/726
f 726/726 733/733 724/724
f 1540/1540 1541/1541 1536/1536
f 1540/1540 1536/1536 1539/1539
f 1541/1541 1537/1537 1536/1536
f 726/726 735/735 734/734
f 1293/1293 1290/1290 1292/1292
f 731/731 735/735 726/726
f 1972/1972 1970/1970 1971/1971
f 1292/1292 1290/1290 1291/1291
f 726/726 727/727 731/731
f 727/727 728/728 731/731
f 1549/1549 1539/1539 1550/1550
f 226/226 225/225 223/223
f 1972/1972 1975/1975 1974/1974
f 1972/1972 1974/1974 1973/1973
f 1743/1743 1732/1732 1735/1735
f 1735/1735 1732/1732 1734/1734
f 1539/1539 1536/1536 1534/1534
f 248/248 249/249 242/242
f 1972/1972 1973/1973 1970/1970
f 1746/1746 1745/1745 1744/1744
f 1743/1743 1744/1744 1745/1745
f 759/759 744/744 746/746
f 748/748 737/737 744/744
f 748/748 744/744 759/759
f 744/744 737/737 743/743
f 226/226 248/248 242/242
f 1540/1540 1539/1539 1549/1549
f 226/226 242/242 225/225
f 759/759 746/746 754/754
f 1743/1743 1735/1735 1744/1744
f 746/746 744/744 743/743
f 1735/1735 1734/1734 1737/1737
f 743/743 737/737 739/739
f 739/739 742/742 743/743
f 1744/1744 1735/1735 1750/1750
f 1735/1735 1737/1737 1750/1750
f 1484/1484 1486/1486 1491/1491
f 1491/1491 1486/1486 1490/1490
f 141/141 140/140 139/139
f 139/139 140/140 137/137
f 1486/1486 1489/1489 1490/1490
f 722/722 721/721 724/724
f 730/730 720/720 722/722
f 722/722 720/720 721/721
f 139/139 137/137 136/136
f 723/723 727/727 726/726
f 1543/1543 1549/1549 1548/1548
f 724/724 721/721 723/723
f 152/152 231/231 140/140
f 140/140 231/231 219/219
f 724/724 723/723 726/726
f 1540/1540 1543/1543 1542/1542
f 1540/1540 1542/1542 1541/1541
f 140/140 219/219 137/137
f 137/137 219/219 150/150
f 716/716 717/717 721/721
f 1486/1486 1488/1488 1489/1489
f 730/730 729/729 720/720
f 137/137 150/150 135/135
f 136/136 137/137 135/135
f 136/136 135/135 134/134
f 729/729 719/719 720/720
f 720/720 719/719 716/716
f 720/720 716/716 721/721
f 721/721 717/717 723/723
f 717/717 725/725 723/723
f 725/725 717/717 718/718
f 1543/1543 1544/1544 1542/1542
f 1548/1548 1545/1545 1543/1543
f 1543/1543 1545/1545 1544/1544
f 186/186 185/185 184/184
f 223/223 225/225 224/224
f 727/727 723/723 728/728
f 1732/1732 1733/1733 1734/1734
f 754/754 746/746 750/750
f 754/754 750/750 753/753
f 723/723 725/725 728/728
f 223/223 224/224 222/222
f 753/753 751/751 757/757
f 223/223 222/222 186/186
f 758/758 753/753 757/757
f 1733/1733 1736/1736 1734/1734
f 1540/1540 1549/1549 1543/1543
f 746/746 743/743 750/750
f 1737/1737 1734/1734 1738/1738
f 750/750 743/743 751/751
f 753/753 750/750 751/751
f 1734/1734 1739/1739 1738/1738
f 751/751 743/743 745/745
f 751/751 745/745 755/755
f 1287/1287 1282/1282 1277/1277
f 1288/1288 1287/1287 1277/1277
f 1750/1750 1737/1737 1751/1751
f 1737/1737 1740/1740 1751/1751
f 1737/1737 1738/1738 1740/1740
f 534/534 512/512 526/526
f 512/512 505/505 507/507
f 186/186 222/222 197/197
f 186/186 197/197 185/185
f 185/185 197/197 190/190
f 197/197 196/196 190/190
f 1734/1734 1736/1736 1739/1739
f 1736/1736 1741/1741 1739/1739
f 757/757 751/751 756/756
f 751/751 755/755 756/756
f 1288/1288 1284/1284 1289/1289
f 1739/1739 1742/1742 1738/1738
f 196/196 217/217 168/168
f 1739/1739 1741/1741 1742/1742
f 533/533 535/535 510/510
f 1288/1288 1277/1277 1284/1284
f 196/196 168/168 190/190
f 168/168 217/217 191/191
f 510/510 509/509 508/508
f 510/510 521/521 509/509
f 1738/1738 1742/1742 1740/1740
f 533/533 511/511 534/534
f 533/533 510/510 511/511
f 534/534 511/511 512/512
f 1277/1277 1271/1271 1275/1275
f 1277/1277 1270/1270 1271/1271
f 1277/1277 1275/1275 1284/1284
f 511/511 505/505 512/512
f 511/511 508/508 505/505
f 508/508 511/511 510/510
f 1275/1275 1271/1271 1273/1273
f 1271/1271 1270/1270 1267/1267
f 1273/1273 1271/1271 1269/1269
f 719/719 701/701 716/716
f 703/703 716/716 701/701
f 729/729 711/711 719/719
f 134/134 135/135 133/133
f 132/132 134/134 133/133
f 135/135 150/150 138/138
f 1547/1547 1551/1551 1544/1544
f 711/711 701/701 719/719
f 133/133 135/135 138/138
f 717/717 716/716 703/703
f 718/718 717/717 703/703
f 718/718 703/703 705/705
f 1544/1544 1546/1546 1547/1547
f 184/184 185/185 180/180
f 185/185 190/190 180/180
f 180/180 190/190 173/173
f 180/180 179/179 181/181
f 184/184 180/180 181/181
f 1545/1545 1546/1546 1544/1544
f 180/180 173/173 172/172
f 701/701 702/702 703/703
f 711/711 708/708 701/701
f 133/133 138/138 131/131
f 228/228 145/145 138/138
f 708/708 702/702 701/701
f 131/131 138/138 145/145
f 180/180 178/178 179/179
f 703/703 704/704 705/705
f 1552/1552 1553/1553 1547/1547
f 1546/1546 1552/1552 1547/1547
f 180/180 172/172 178/178
f 173/173 163/163 172/172
f 172/172 163/163 160/160
f 703/703 702/702 704/704
f 179/179 177/177 195/195
f 179/179 178/178 177/177
f 228/228 195/195 145/145
f 178/178 172/172 171/171
f 172/172 160/160 171/171
f 1850/1850 1863/1863 1849/1849
f 1849/1849 1867/1867 1848/1848
f 1862/1862 1868/1868 1870/1870
f 1862/1862 1870/1870 1863/1863
f 1863/1863 1872/1872 1849/1849
f 1849/1849 1875/1875 1867/1867
f 1872/1872 1875/1875 1849/1849
f 1863/1863 1870/1870 1872/1872
f 1877/1877 1890/1890 1889/1889
f 190/190 168/168 173/173
f 524/524 521/521 510/510
f 164/164 170/170 162/162
f 173/173 168/168 163/163
f 168/168 191/191 164/164
f 1275/1275 1273/1273 1278/1278
f 163/163 168/168 164/164
f 163/163 164/164 162/162
f 521/521 522/522 509/509
f 1281/1281 1273/1273 1274/1274
f 509/509 522/522 519/519
f 1273/1273 1269/1269 1274/1274
f 164/164 188/188 170/170
f 1829/1829 1874/1874 1889/1889
f 218/218 216/216 188/188
f 1273/1273 1281/1281 1278/1278
f 163/163 162/162 160/160
f 160/160 162/162 161/161
f 162/162 170/170 161/161
f 160/160 161/161 158/158
f 161/161 170/170 169/169
f 170/170 188/188 216/216
f 170/170 193/193 169/169
f 170/170 216/216 193/193
f 195/195 212/212 145/145
f 702/702 707/707 706/706
f 708/708 707/707 702/702
f 708/708 709/709 707/707
f 131/131 145/145 146/146
f 131/131 146/146 128/128
f 145/145 212/212 146/146
f 704/704 702/702 706/706
f 178/178 171/171 177/177
f 177/177 212/212 195/195
f 171/171 160/160 159/159
f 177/177 171/171 165/165
f 177/177 176/176 212/212
f 176/176 177/177 174/174
f 177/177 165/165 174/174
f 171/171 159/159 165/165
f 706/706 707/707 714/714
f 146/146 212/212 198/198
f 710/710 713/713 707/707
f 707/707 713/713 714/714
f 146/146 198/198 127/127
f 127/127 198/198 125/125
f 198/198 175/175 182/182
f 125/125 198/198 182/182
f 176/176 198/198 212/212
f 198/198 176/176 175/175
f 176/176 174/174 175/175
f 174/174 155/155 175/175
f 174/174 165/165 155/155
f 165/165 157/157 155/155
f 165/165 159/159 157/157
f 706/706 714/714 715/715
f 159/159 158/158 157/157
f 1868/1868 1871/1871 1870/1870
f 1870/1870 1871/1871 1872/1872
f 1871/1871 1873/1873 1872/1872
f 1871/1871 1869/1869 1873/1873
f 1872/1872 1873/1873 1880/1880
f 1872/1872 1880/1880 1875/1875
f 1877/1877 1878/1878 1890/1890
f 1875/1875 1879/1879 1876/1876
f 1876/1876 1879/1879 1878/1878
f 1875/1875 1880/1880 1879/1879
f 1890/1890 1878/1878 1892/1892
f 1869/1869 1882/1882 1873/1873
f 1873/1873 1882/1882 1880/1880
f 1882/1882 1885/1885 1880/1880
f 1880/1880 1885/1885 1879/1879
f 1879/1879 1885/1885 1886/1886
f 1879/1879 1883/1883 1878/1878
f 1879/1879 1886/1886 1883/1883
f 1878/1878 1883/1883 1892/1892
f 1886/1886 1887/1887 1883/1883
f 160/160 158/158 159/159
f 158/158 161/161 169/169
f 216/216 238/238 193/193
f 193/193 234/234 192/192
f 193/193 238/238 234/234
f 169/169 193/193 192/192
f 158/158 169/169 166/166
f 166/166 169/169 192/192
f 166/166 192/192 189/189
f 158/158 156/156 157/157
f 158/158 166/166 156/156
f 234/234 220/220 192/192
f 189/189 192/192 220/220
f 253/253 220/220 234/234
f 127/127 125/125 126/126
f 121/121 125/125 119/119
f 182/182 143/143 125/125
f 125/125 143/143 119/119
f 175/175 155/155 182/182
f 182/182 155/155 143/143
f 155/155 154/154 143/143
f 155/155 157/157 154/154
f 157/157 156/156 154/154
f 1881/1881 1882/1882 1869/1869
f 1881/1881 1884/1884 1882/1882
f 1882/1882 1888/1888 1885/1885
f 1884/1884 1891/1891 1882/1882
f 1882/1882 1891/1891 1888/1888
f 1884/1884 1896/1896 1891/1891
f 1891/1891 1895/1895 1888/1888
f 1891/1891 1896/1896 1895/1895
f 1888/1888 1895/1895 1885/1885
f 156/156 166/166 167/167
f 166/166 189/189 167/167
f 189/189 183/183 167/167
f 220/220 194/194 189/189
f 189/189 194/194 183/183
f 220/220 253/253 254/254
f 254/254 232/232 220/220
f 143/143 154/154 147/147
f 154/154 153/153 147/147
f 154/154 156/156 153/153
f 156/156 167/167 153/153
f 153/153 167/167 183/183
f 153/153 183/183 187/187
f 153/153 187/187 148/148
f 147/147 153/153 148/148
f 183/183 194/194 187/187
f 220/220 232/232 194/194
f 194/194 232/232 187/187
f 148/148 187/187 149/149
f 466/466 452/452 467/467
f 452/452 457/457 467/467
f 451/451 450/450 460/460
f 449/449 451/451 461/461
f 447/447 465/465 457/457
f 465/465 470/470 457/457
f 470/470 478/478 467/467
f 457/457 470/470 467/467
f 449/449 461/461 465/465
f 449/449 465/465 447/447
f 1023/1023 1022/1022 1016/1016
f 461/461 471/471 465/465
f 1016/1016 1024/1024 1023/1023
f 476/476 465/465 471/471
f 1016/1016 1022/1022 1014/1014
f 1022/1022 1018/1018 1014/1014
f 465/465 476/476 470/470
f 1018/1018 1025/1025 1021/1021
f 1022/1022 1025/1025 1018/1018
f 1014/1014 1018/1018 1009/1009
f 1009/1009 1018/1018 1021/1021
f 611/611 610/610 619/619
f 620/620 611/611 619/619
f 1052/1052 1041/1041 1054/1054
f 1054/1054 1041/1041 1042/1042
f 1041/1041 1031/1031 1042/1042
f 620/620 625/625 631/631
f 619/619 628/628 625/625
f 625/625 628/628 636/636
f 631/631 636/636 637/637
f 625/625 636/636 631/631
f 1041/1041 1030/1030 1031/1031
f 620/620 619/619 625/625
f 1031/1031 1030/1030 1013/1013
f 619/619 622/622 628/628
f 622/622 630/630 628/628
f 619/619 610/610 622/622
f 610/610 612/612 622/622
f 628/628 634/634 636/636
f 628/628 630/630 634/634
f 1031/1031 1013/1013 1012/1012
f 1031/1031 1012/1012 1042/1042
f 1020/1020 1015/1015 1017/1017
f 637/637 636/636 647/647
f 469/469 473/473 460/460
f 460/460 473/473 468/468
f 477/477 473/473 469/469
f 1029/1029 1024/1024 1019/1019
f 1026/1026 1029/1029 1019/1019
f 460/460 468/468 451/451
f 1024/1024 1016/1016 1019/1019
f 1020/1020 1026/1026 1015/1015
f 1015/1015 1026/1026 1019/1019
f 479/479 471/471 473/473
f 636/636 634/634 647/647
f 1015/1015 1016/1016 1011/1011
f 451/451 468/468 461/461
f 461/461 473/473 471/471
f 468/468 473/473 461/461
f 1019/1019 1016/1016 1015/1015
f 1030/1030 1027/1027 1017/1017
f 1030/1030 1017/1017 1013/1013
f 1027/1027 1026/1026 1020/1020
f 1027/1027 1020/1020 1017/1017
f 1013/1013 1017/1017 1015/1015
f 1015/1015 1011/1011 1013/1013
f 1013/1013 1011/1011 1012/1012
f 621/621 632/632 630/630
f 621/621 633/633 632/632
f 1071/1071 1053/1053 1069/1069
f 1012/1012 1011/1011 1008/1008
f 1053/1053 1008/1008 1057/1057
f 622/622 621/621 630/630
f 1042/1042 1012/1012 1053/1053
f 1054/1054 1042/1042 1056/1056
f 1056/1056 1042/1042 1053/1053
f 1053/1053 1012/1012 1008/1008
f 634/634 648/648 647/647
f 1016/1016 1014/1014 1011/1011
f 1011/1011 1014/1014 1009/1009
f 1008/1008 1009/1009 1010/1010
f 1011/1011 1009/1009 1008/1008
f 1842/1842 1856/1856 1852/1852
f 1865/1865 1842/1842 1838/1838
f 1838/1838 1842/1842 1839/1839
f 1838/1838 1839/1839 1836/1836
f 1836/1836 1839/1839 1832/1832
f 1839/1839 1840/1840 1832/1832
f 1836/1836 1832/1832 1835/1835
f 1858/1858 1856/1856 1865/1865
f 1837/1837 1838/1838 1836/1836
f 1856/1856 1842/1842 1865/1865
f 1837/1837 1836/1836 1835/1835
f 1835/1835 1834/1834 1846/1846
f 1835/1835 1833/1833 1834/1834
f 1835/1835 1832/1832 1833/1833
f 1834/1834 1830/1830 1846/1846
f 1830/1830 1834/1834 1824/1824
f 1830/1830 1824/1824 1825/1825
f 1825/1825 1824/1824 1813/1813
f 1834/1834 1833/1833 1805/1805
f 537/537 528/528 538/538
f 1834/1834 1805/1805 1824/1824
f 1824/1824 1805/1805 1808/1808
f 1824/1824 1808/1808 1813/1813
f 1845/1845 1830/1830 1825/1825
f 1843/1843 1848/1848 1847/1847
f 1842/1842 1841/1841 1839/1839
f 1851/1851 1842/1842 1852/1852
f 1851/1851 1841/1841 1842/1842
f 1839/1839 1841/1841 1840/1840
f 1841/1841 1843/1843 1840/1840
f 1840/1840 1847/1847 1832/1832
f 1843/1843 1847/1847 1840/1840
f 1847/1847 1821/1821 1831/1831
f 1851/1851 1859/1859 1844/1844
f 1859/1859 1850/1850 1844/1844
f 1843/1843 1844/1844 1848/1848
f 1853/1853 1859/1859 1851/1851
f 1851/1851 1844/1844 1841/1841
f 1841/1841 1844/1844 1843/1843
f 1853/1853 1850/1850 1859/1859
f 1848/1848 1821/1821 1847/1847
f 529/529 519/519 532/532
f 1848/1848 1866/1866 1821/1821
f 1821/1821 1820/1820 1812/1812
f 1821/1821 1866/1866 1820/1820
f 518/518 530/530 517/517
f 518/518 517/517 506/506
f 507/507 505/505 502/502
f 505/505 501/501 502/502
f 1267/1267 1263/1263 1268/1268
f 505/505 506/506 501/501
f 1828/1828 1804/1804 1806/1806
f 1803/1803 1806/1806 1804/1804
f 1847/1847 1831/1831 1832/1832
f 1831/1831 1807/1807 1832/1832
f 1832/1832 1807/1807 1833/1833
f 1831/1831 1821/1821 1807/1807
f 531/531 517/517 530/530
f 506/506 517/517 501/501
f 501/501 517/517 500/500
f 531/531 515/515 517/517
f 1833/1833 1807/1807 1805/1805
f 1807/1807 1803/1803 1805/1805
f 517/517 515/515 500/500
f 1803/1803 1804/1804 1805/1805
f 508/508 509/509 506/506
f 518/518 506/506 509/509
f 518/518 509/509 519/519
f 530/530 518/518 529/529
f 529/529 518/518 519/519
f 1819/1819 1810/1810 1812/1812
f 1819/1819 1811/1811 1810/1810
f 508/508 506/506 505/505
f 1271/1271 1267/1267 1269/1269
f 1811/1811 1806/1806 1810/1810
f 1269/1269 1267/1267 1268/1268
f 1810/1810 1803/1803 1807/1807
f 1810/1810 1806/1806 1803/1803
f 1821/1821 1812/1812 1807/1807
f 1812/1812 1810/1810 1807/1807
f 1850/1850 1849/1849 1844/1844
f 1844/1844 1849/1849 1848/1848
f 1862/1862 1863/1863 1850/1850
f 1866/1866 1874/1874 1820/1820
f 519/519 522/522 525/525
f 1848/1848 1867/1867 1866/1866
f 1874/1874 1866/1866 1877/1877
f 1867/1867 1876/1876 1866/1866
f 1874/1874 1877/1877 1889/1889
f 1866/1866 1876/1876 1877/1877
f 1867/1867 1875/1875 1876/1876
f 1812/1812 1820/1820 1819/1819
f 1820/1820 1874/1874 1819/1819
f 1819/1819 1874/1874 1829/1829
f 1819/1819 1829/1829 1811/1811
f 1876/1876 1878/1878 1877/1877
f 1886/1886 1885/1885 1887/1887
f 1885/1885 1894/1894 1887/1887
f 1887/1887 1893/1893 1883/1883
f 1894/1894 1893/1893 1887/1887
f 1885/1885 1895/1895 1894/1894
f 2834/2834 2828/2828 2835/2835
f 1895/1895 1896/1896 1898/1898
f 2828/2828 2830/2830 2835/2835
f 1895/1895 1898/1898 1894/1894
f 1894/1894 1897/1897 1893/1893
f 254/254 259/259 232/232
f 1894/1894 1898/1898 1897/1897
f 1898/1898 1899/1899 1897/1897
f 2835/2835 2830/2830 2838/2838
f 259/259 250/250 232/232
f 260/260 250/250 259/259
f 2829/2829 2836/2836 2830/2830
f 2830/2830 2836/2836 2838/2838
f 2829/2829 2839/2839 2836/2836
f 250/250 260/260 251/251
f 250/250 251/251 239/239
f 260/260 263/263 251/251
f 187/187 232/232 229/229
f 250/250 229/229 232/232
f 250/250 239/239 229/229
f 187/187 229/229 214/214
f 214/214 149/149 187/187
f 214/214 114/114 149/149
f 229/229 239/239 227/227
f 229/229 227/227 214/214
f 251/251 244/244 239/239
f 227/227 239/239 244/244
f 214/214 227/227 115/115
f 2839/2839 2840/2840 2836/2836
f 263/263 265/265 251/251
f 2839/2839 2841/2841 2840/2840
f 2841/2841 2842/2842 2840/2840
f 265/265 266/266 257/257
f 268/268 262/262 266/266
f 266/266 262/262 257/257
f 251/251 265/265 257/257
f 257/257 244/244 251/251
f 257/257 245/245 244/244
f 114/114 214/214 115/115
f 114/114 115/115 105/105
f 105/105 115/115 107/107
f 227/227 244/244 230/230
f 244/244 245/245 230/230
f 215/215 230/230 233/233
f 227/227 230/230 115/115
f 115/115 230/230 215/215
f 107/107 115/115 215/215
f 107/107 215/215 213/213
f 215/215 233/233 213/213
f 233/233 235/235 213/213
f 2866/2866 2867/2867 2868/2868
f 2446/2446 2442/2442 2449/2449
f 262/262 261/261 257/257
f 262/262 267/267 261/261
f 257/257 261/261 245/245
f 2442/2442 2443/2443 2449/2449
f 2852/2852 2853/2853 2854/2854
f 267/267 264/264 261/261
f 1116/1116 1112/1112 1115/1115
f 261/261 246/246 245/245
f 261/261 258/258 246/246
f 261/261 264/264 258/258
f 245/245 246/246 233/233
f 245/245 233/233 230/230
f 103/103 107/107 213/213
f 103/103 213/213 116/116
f 237/237 116/116 213/213
f 235/235 237/237 213/213
f 240/240 108/108 116/116
f 256/256 241/241 237/237
f 237/237 241/241 240/240
f 237/237 240/240 116/116
f 1116/1116 1114/1114 1112/1112
f 1115/1115 1112/1112 1109/1109
f 1114/1114 1111/1111 1112/1112
f 1112/1112 1111/1111 1109/1109
f 1115/1115 1109/1109 1113/1113
f 1113/1113 1109/1109 1110/1110
f 1109/1109 1106/1106 1110/1110
f 1111/1111 1104/1104 1109/1109
f 1104/1104 1103/1103 1109/1109
f 1109/1109 1103/1103 1106/1106
f 235/235 246/246 247/247
f 258/258 247/247 246/246
f 233/233 246/246 235/235
f 247/247 237/237 235/235
f 247/247 256/256 237/237
f 1096/1096 1087/1087 1095/1095
f 1095/1095 1087/1087 1088/1088
f 1091/1091 1088/1088 1070/1070
f 1095/1095 1088/1088 1103/1103
f 1103/1103 1088/1088 1091/1091
f 1070/1070 1010/1010 1075/1075
f 1087/1087 1070/1070 1088/1088
f 1086/1086 1079/1079 1087/1087
f 1087/1087 1079/1079 1070/1070
f 1075/1075 1021/1021 1099/1099
f 1099/1099 1025/1025 1105/1105
f 1025/1025 1099/1099 1021/1021
f 1106/1106 1091/1091 1101/1101
f 1091/1091 1075/1075 1101/1101
f 1091/1091 1070/1070 1075/1075
f 1075/1075 1099/1099 1101/1101
f 1010/1010 1021/1021 1075/1075
f 1021/1021 1010/1010 1009/1009
f 1104/1104 1100/1100 1095/1095
f 1104/1104 1095/1095 1103/1103
f 1100/1100 1096/1096 1095/1095
f 1103/1103 1091/1091 1106/1106
f 1069/1069 1057/1057 1079/1079
f 1079/1079 1057/1057 1070/1070
f 1053/1053 1057/1057 1069/1069
f 1057/1057 1008/1008 1070/1070
f 1008/1008 1010/1010 1070/1070
f 446/446 415/415 426/426
f 427/427 426/426 424/424
f 426/426 425/425 424/424
f 2147/2147 2148/2148 2142/2142
f 48/48 44/44 100/100
f 48/48 45/45 44/44
f 415/415 413/413 414/414
f 55/55 54/54 45/45
f 426/426 415/415 414/414
f 63/63 61/61 55/55
f 426/426 414/414 425/425
f 55/55 61/61 54/54
f 425/425 414/414 417/417
f 61/61 60/60 54/54
f 381/381 417/417 414/414
f 100/100 44/44 46/46
f 46/46 43/43 76/76
f 416/416 412/412 411/411
f 411/411 412/412 403/403
f 412/412 378/378 403/403
f 76/76 43/43 52/52
f 413/413 410/410 414/414
f 413/413 411/411 410/410
f 46/46 44/44 43/43
f 411/411 403/403 410/410
f 44/44 42/42 43/43
f 44/44 45/45 42/42
f 410/410 403/403 381/381
f 414/414 410/410 381/381
f 45/45 54/54 40/40
f 45/45 40/40 42/42
f 42/42 40/40 38/38
f 381/381 380/380 391/391
f 43/43 42/42 37/37
f 43/43 37/37 52/52
f 381/381 403/403 377/377
f 403/403 378/378 377/377
f 42/42 38/38 37/37
f 377/377 380/380 381/381
f 37/37 38/38 33/33
f 37/37 33/33 36/36
f 52/52 37/37 36/36
f 36/36 53/53 56/56
f 33/33 35/35 36/36
f 377/377 374/374 380/380
f 36/36 35/35 53/53
f 374/374 376/376 375/375
f 35/35 34/34 53/53
f 205/205 204/204 203/203
f 203/203 204/204 201/201
f 204/204 122/122 201/201
f 203/203 201/201 202/202
f 2284/2284 2287/2287 2286/2286
f 122/122 123/123 121/121
f 122/122 121/121 120/120
f 2287/2287 2296/2296 2286/2286
f 2823/2823 2821/2821 2820/2820
f 2283/2283 2293/2293 2284/2284
f 2283/2283 2285/2285 2288/2288
f 2283/2283 2284/2284 2285/2285
f 2288/2288 2289/2289 2283/2283
f 2283/2283 2289/2289 2295/2295
f 2291/2291 2298/2298 2295/2295
f 489/489 488/488 486/486
f 489/489 486/486 494/494
f 201/201 200/200 202/202
f 200/200 243/243 202/202
f 2297/2297 2294/2294 2284/2284
f 2294/2294 2292/2292 2284/2284
f 2016/2016 2004/2004 2012/2012
f 2292/2292 2287/2287 2284/2284
f 2799/2799 2798/2798 2796/2796
f 2913/2913 2914/2914 2915/2915
f 2819/2819 2818/2818 2817/2817
f 2816/2816 2817/2817 2818/2818
f 2800/2800 2801/2801 2802/2802
f 2782/2782 2784/2784 2785/2785
f 2782/2782 2783/2783 2784/2784
f 2820/2820 2821/2821 2822/2822
f 2330/2330 2326/2326 2329/2329
f 2329/2329 2326/2326 2325/2325
f 2325/2325 2326/2326 2327/2327
f 2290/2290 2291/2291 2289/2289
f 2291/2291 2295/2295 2289/2289
f 2289/2289 2288/2288 2290/2290
f 2326/2326 2328/2328 2327/2327
f 488/488 484/484 486/486
f 484/484 485/485 486/486
f 2327/2327 2331/2331 2325/2325
f 2798/2798 2797/2797 2796/2796
f 2796/2796 2791/2791 2795/2795
f 2796/2796 2797/2797 2791/2791
f 486/486 485/485 487/487
f 486/486 487/487 490/490
f 2792/2792 2788/2788 2790/2790
f 2792/2792 2790/2790 2791/2791
f 2803/2803 2804/2804 2805/2805
f 490/490 487/487 493/493
f 2025/2025 2024/2024 2033/2033
f 2284/2284 2286/2286 2285/2285
f 2022/2022 2032/2032 2023/2023
f 2023/2023 2032/2032 2024/2024
f 2032/2032 2033/2033 2024/2024
f 201/201 120/120 200/200
f 200/200 120/120 199/199
f 201/201 122/122 120/120
f 200/200 199/199 243/243
f 2012/2012 2004/2004 2003/2003
f 2012/2012 2003/2003 2013/2013
f 2003/2003 2014/2014 2013/2013
f 2784/2784 2786/2786 2785/2785
f 2003/2003 2004/2004 2000/2000
f 2004/2004 2001/2001 2000/2000
f 1924/1924 1922/1922 1921/1921
f 121/121 119/119 120/120
f 2003/2003 2002/2002 2014/2014
f 2003/2003 2000/2000 2002/2002
f 1930/1930 1923/1923 1928/1928
f 1930/1930 1928/1928 1929/1929
f 2806/2806 2807/2807 2808/2808
f 1925/1925 1921/1921 1923/1923
f 1923/1923 1921/1921 1918/1918
f 1923/1923 1918/1918 1928/1928
f 2788/2788 2789/2789 2790/2790
f 2790/2790 2789/2789 2791/2791
f 120/120 144/144 199/199
f 2001/2001 1995/1995 2000/2000
f 120/120 118/118 144/144
f 2001/2001 2006/2006 1995/1995
f 1908/1908 1907/1907 1904/1904
f 2784/2784 2787/2787 2786/2786
f 1907/1907 1900/1900 1904/1904
f 1904/1904 1900/1900 1902/1902
f 2002/2002 2015/2015 2014/2014
f 2002/2002 2000/2000 1997/1997
f 2002/2002 1997/1997 2015/2015
f 2791/2791 2793/2793 2795/2795
f 2791/2791 2789/2789 2793/2793
f 2793/2793 2789/2789 2794/2794
f 1922/1922 1917/1917 1921/1921
f 1921/1921 1917/1917 1918/1918
f 2000/2000 1995/1995 1997/1997
f 1917/1917 1922/1922 1912/1912
f 424/424 425/425 404/404
f 406/406 424/424 404/404
f 406/406 404/404 405/405
f 60/60 62/62 49/49
f 405/405 404/404 393/393
f 405/405 393/393 407/407
f 404/404 417/417 392/392
f 425/425 417/417 404/404
f 60/60 49/49 47/47
f 54/54 60/60 47/47
f 49/49 50/50 41/41
f 417/417 381/381 392/392
f 40/40 54/54 47/47
f 49/49 41/41 47/47
f 404/404 392/392 393/393
f 393/393 429/429 407/407
f 392/392 390/390 393/393
f 393/393 390/390 388/388
f 393/393 388/388 429/429
f 429/429 388/388 397/397
f 2813/2813 2814/2814 2815/2815
f 484/484 483/483 485/485
f 484/484 448/448 483/483
f 2813/2813 2809/2809 2814/2814
f 2827/2827 2825/2825 2824/2824
f 2044/2044 2037/2037 2034/2034
f 2037/2037 2036/2036 2034/2034
f 485/485 492/492 491/491
f 485/485 491/491 487/487
f 2814/2814 2809/2809 2811/2811
f 2824/2824 2825/2825 2826/2826
f 2809/2809 2812/2812 2810/2810
f 2809/2809 2810/2810 2811/2811
f 2020/2020 2019/2019 2024/2024
f 2026/2026 2020/2020 2025/2025
f 2025/2025 2020/2020 2024/2024
f 2034/2034 2020/2020 2035/2035
f 2034/2034 2017/2017 2020/2020
f 2034/2034 2036/2036 2017/2017
f 2020/2020 2017/2017 2019/2019
f 2041/2041 2040/2040 2038/2038
f 2040/2040 2039/2039 2038/2038
f 483/483 448/448 482/482
f 2018/2018 2021/2021 2019/2019
f 2041/2041 2038/2038 2037/2037
f 2037/2037 2038/2038 2036/2036
f 2017/2017 2018/2018 2019/2019
f 2036/2036 2018/2018 2017/2017
f 2036/2036 2038/2038 2018/2018
f 2038/2038 2039/2039 2018/2018
f 2023/2023 2019/2019 2022/2022
f 2023/2023 2024/2024 2019/2019
f 2030/2030 2022/2022 2021/2021
f 2022/2022 2019/2019 2021/2021
f 1928/1928 1918/1918 1929/1929
f 1918/1918 1917/1917 1909/1909
f 1917/1917 1912/1912 1909/1909
f 407/407 429/429 448/448
f 429/429 441/441 448/448
f 448/448 441/441 481/481
f 448/448 481/481 482/482
f 2040/2040 2042/2042 2039/2039
f 2040/2040 2043/2043 2042/2042
f 2039/2039 2028/2028 2018/2018
f 2039/2039 2042/2042 2028/2028
f 2018/2018 2028/2028 2027/2027
f 429/429 397/397 441/441
f 481/481 441/441 395/395
f 441/441 397/397 395/395
f 2324/2324 2323/2323 2319/2319
f 2319/2319 2323/2323 2320/2320
f 2319/2319 2320/2320 2321/2321
f 2030/2030 2021/2021 2029/2029
f 2021/2021 2027/2027 2029/2029
f 2018/2018 2027/2027 2021/2021
f 2027/2027 2028/2028 2031/2031
f 2321/2321 2320/2320 2322/2322
f 463/463 396/396 462/462
f 463/463 462/462 480/480
f 2278/2278 2277/2277 2273/2273
f 47/47 41/41 40/40
f 381/381 391/391 392/392
f 392/392 391/391 390/390
f 41/41 39/39 40/40
f 40/40 39/39 38/38
f 391/391 389/389 390/390
f 41/41 31/31 39/39
f 390/390 389/389 387/387
f 390/390 387/387 388/388
f 391/391 380/380 389/389
f 38/38 39/39 33/33
f 380/380 379/379 389/389
f 39/39 32/32 33/33
f 39/39 31/31 32/32
f 389/389 382/382 387/387
f 389/389 379/379 382/382
f 397/397 388/388 386/386
f 397/397 386/386 395/395
f 395/395 394/394 396/396
f 395/395 386/386 394/394
f 388/388 387/387 386/386
f 75/75 74/74 31/31
f 396/396 394/394 462/462
f 31/31 74/74 22/22
f 74/74 72/72 22/22
f 394/394 398/398 462/462
f 2281/2281 2279/2279 2269/2269
f 2281/2281 2269/2269 2275/2275
f 2275/2275 2269/2269 2272/2272
f 394/394 386/386 385/385
f 2272/2272 2269/2269 2271/2271
f 2279/2279 2273/2273 2269/2269
f 2269/2269 2273/2273 2270/2270
f 2279/2279 2282/2282 2278/2278
f 2279/2279 2278/2278 2273/2273
f 398/398 401/401 423/423
f 394/394 385/385 398/398
f 398/398 385/385 401/401
f 2269/2269 2270/2270 2271/2271
f 2273/2273 2276/2276 2270/2270
f 2271/2271 2270/2270 2280/2280
f 2270/2270 2276/2276 2280/2280
f 2272/2272 2271/2271 2274/2274
f 72/72 70/70 22/22
f 22/22 70/70 15/15
f 2910/2910 2911/2911 2912/2912
f 236/236 23/23 69/69
f 70/70 69/69 15/15
f 32/32 31/31 25/25
f 387/387 383/383 386/386
f 387/387 382/382 383/383
f 31/31 22/22 25/25
f 25/25 22/22 20/20
f 386/386 383/383 385/385
f 401/401 385/385 400/400
f 383/383 384/384 385/385
f 385/385 384/384 400/400
f 22/22 15/15 20/20
f 20/20 15/15 16/16
f 380/380 374/374 379/379
f 35/35 33/33 26/26
f 33/33 32/32 26/26
f 35/35 26/26 34/34
f 374/374 372/372 379/379
f 374/374 373/373 372/372
f 379/379 372/372 382/382
f 32/32 25/25 26/26
f 382/382 372/372 369/369
f 374/374 375/375 373/373
f 53/53 34/34 57/57
f 372/372 373/373 370/370
f 26/26 29/29 34/34
f 372/372 370/370 369/369
f 26/26 21/21 29/29
f 373/373 422/422 370/370
f 34/34 29/29 51/51
f 29/29 30/30 51/51
f 382/382 369/369 383/383
f 25/25 20/20 21/21
f 26/26 25/25 21/21
f 383/383 369/369 384/384
f 369/369 371/371 384/384
f 384/384 371/371 399/399
f 20/20 18/18 21/21
f 20/20 16/16 18/18
f 369/369 370/370 371/371
f 29/29 21/21 30/30
f 370/370 409/409 371/371
f 30/30 27/27 58/58
f 27/27 59/59 58/58
f 409/409 408/408 371/371
f 371/371 408/408 399/399
f 21/21 18/18 27/27
f 21/21 27/27 30/30
f 34/34 51/51 57/57
f 57/57 51/51 73/73
f 57/57 73/73 78/78
f 373/373 428/428 422/422
f 73/73 51/51 71/71
f 51/51 30/30 71/71
f 73/73 71/71 84/84
f 440/440 439/439 422/422
f 370/370 422/422 409/409
f 422/422 439/439 409/409
f 30/30 58/58 71/71
f 439/439 435/435 409/409
f 71/71 58/58 82/82
f 409/409 435/435 408/408
f 408/408 435/435 434/434
f 59/59 83/83 58/58
f 71/71 82/82 84/84
f 435/435 458/458 450/450
f 58/58 83/83 82/82
f 435/435 450/450 434/434
f 1494/1494 1493/1493 1496/1496
f 1495/1495 1496/1496 1498/1498
f 544/544 541/541 545/545
f 541/541 542/542 545/545
f 539/539 543/543 542/542
f 141/141 151/151 142/142
f 142/142 252/252 152/152
f 542/542 543/543 557/557
f 1536/1536 1537/1537 1535/1535
f 252/252 255/255 152/152
f 543/543 539/539 540/540
f 1537/1537 1538/1538 1535/1535
f 1534/1534 1536/1536 1535/1535
f 737/737 738/738 739/739
f 739/739 738/738 740/740
f 1744/1744 1750/1750 1749/1749
f 1750/1750 1748/1748 1749/1749
f 1750/1750 1751/1751 1748/1748
f 739/739 740/740 742/742
f 740/740 747/747 749/749
f 740/740 749/749 742/742
f 1748/1748 1751/1751 1752/1752
f 1751/1751 1754/1754 1752/1752
f 1967/1967 1969/1969 1968/1968
f 523/523 513/513 514/514
f 1968/1968 1965/1965 1967/1967
f 523/523 503/503 513/513
f 1747/1747 1748/1748 1753/1753
f 741/741 747/747 740/740
f 1286/1286 1283/1283 1280/1280
f 1283/1283 1272/1272 1280/1280
f 1964/1964 1966/1966 1965/1965
f 1259/1259 1257/1257 1258/1258
f 1748/1748 1752/1752 1753/1753
f 1967/1967 1965/1965 1966/1966
f 1286/1286 1280/1280 1285/1285
f 1285/1285 1280/1280 1279/1279
f 1280/1280 1259/1259 1264/1264
f 513/513 504/504 499/499
f 513/513 499/499 514/514
f 1280/1280 1264/1264 1279/1279
f 1280/1280 1272/1272 1259/1259
f 514/514 499/499 520/520
f 1259/1259 1258/1258 1260/1260
f 743/743 742/742 745/745
f 742/742 752/752 745/745
f 1740/1740 1754/1754 1751/1751
f 742/742 749/749 752/752
f 1282/1282 1285/1285 1276/1276
f 1282/1282 1276/1276 1270/1270
f 1277/1277 1282/1282 1270/1270
f 512/512 507/507 526/526
f 1270/1270 1276/1276 1266/1266
f 1267/1267 1266/1266 1263/1263
f 1285/1285 1279/1279 1276/1276
f 1279/1279 1264/1264 1276/1276
f 1276/1276 1264/1264 1266/1266
f 526/526 507/507 523/523
f 507/507 503/503 523/523
f 1266/1266 1264/1264 1263/1263
f 1270/1270 1266/1266 1267/1267
f 120/120 119/119 118/118
f 119/119 117/117 118/118
f 2015/2015 1997/1997 2009/2009
f 1995/1995 1996/1996 1997/1997
f 1997/1997 1996/1996 2009/2009
f 1900/1900 1901/1901 1902/1902
f 119/119 143/143 117/117
f 143/143 147/147 117/117
f 117/117 147/147 110/110
f 1995/1995 2006/2006 1998/1998
f 118/118 111/111 144/144
f 2006/2006 2010/2010 1998/1998
f 1929/1929 1918/1918 1931/1931
f 1918/1918 1909/1909 1931/1931
f 111/111 118/118 104/104
f 1995/1995 1998/1998 1996/1996
f 1996/1996 2005/2005 2009/2009
f 1909/1909 1912/1912 1910/1910
f 1902/1902 1901/1901 1903/1903
f 1909/1909 1913/1913 1931/1931
f 1909/1909 1910/1910 1911/1911
f 2010/2010 1999/1999 1998/1998
f 111/111 104/104 91/91
f 1998/1998 1999/1999 1996/1996
f 1931/1931 1913/1913 1932/1932
f 1909/1909 1911/1911 1913/1913
f 2010/2010 2011/2011 1999/1999
f 1901/1901 1905/1905 1903/1903
f 1911/1911 1910/1910 1916/1916
f 91/91 104/104 68/68
f 1996/1996 1999/1999 2005/2005
f 1999/1999 2007/2007 2005/2005
f 118/118 117/117 104/104
f 117/117 110/110 104/104
f 104/104 110/110 93/93
f 1932/1932 1913/1913 1915/1915
f 1913/1913 1911/1911 1914/1914
f 1913/1913 1914/1914 1915/1915
f 2011/2011 2008/2008 1999/1999
f 1999/1999 2008/2008 2007/2007
f 1903/1903 1905/1905 1906/1906
f 1911/1911 1916/1916 1914/1914
f 1915/1915 1933/1933 1932/1932
f 1915/1915 1914/1914 1919/1919
f 423/423 438/438 455/455
f 221/221 91/91 24/24
f 1915/1915 1920/1920 1933/1933
f 1915/1915 1919/1919 1920/1920
f 423/423 419/419 438/438
f 423/423 401/401 419/419
f 221/221 24/24 23/23
f 1914/1914 1926/1926 1919/1919
f 1916/1916 1926/1926 1914/1914
f 68/68 24/24 91/91
f 68/68 13/13 24/24
f 104/104 93/93 68/68
f 438/438 419/419 436/436
f 110/110 147/147 148/148
f 148/148 149/149 110/110
f 93/93 110/110 92/92
f 110/110 109/109 92/92
f 149/149 109/109 110/110
f 92/92 109/109 105/105
f 109/109 114/114 105/105
f 109/109 149/149 114/114
f 23/23 24/24 13/13
f 221/221 23/23 236/236
f 23/23 13/13 15/15
f 1919/1919 1926/1926 1927/1927
f 2277/2277 2276/2276 2273/2273
f 13/13 68/68 65/65
f 23/23 15/15 69/69
f 13/13 14/14 15/15
f 13/13 65/65 14/14
f 436/436 419/419 418/418
f 68/68 93/93 65/65
f 401/401 400/400 419/419
f 419/419 400/400 418/418
f 400/400 402/402 418/418
f 15/15 14/14 16/16
f 436/436 418/418 437/437
f 14/14 65/65 64/64
f 14/14 64/64 17/17
f 93/93 92/92 65/65
f 92/92 88/88 65/65
f 436/436 437/437 454/454
f 454/454 437/437 456/456
f 92/92 105/105 88/88
f 65/65 88/88 64/64
f 418/418 433/433 437/437
f 64/64 90/90 89/89
f 64/64 89/89 66/66
f 88/88 90/90 64/64
f 105/105 103/103 90/90
f 88/88 105/105 90/90
f 437/437 453/453 456/456
f 437/437 433/433 453/453
f 90/90 103/103 89/89
f 400/400 384/384 399/399
f 400/400 399/399 402/402
f 14/14 17/17 16/16
f 16/16 17/17 18/18
f 18/18 17/17 19/19
f 402/402 420/420 418/418
f 418/418 420/420 433/433
f 402/402 399/399 420/420
f 19/19 27/27 18/18
f 19/19 28/28 27/27
f 399/399 421/421 420/420
f 420/420 421/421 432/432
f 432/432 421/421 447/447
f 19/19 67/67 28/28
f 17/17 64/64 66/66
f 17/17 66/66 19/19
f 453/453 452/452 464/464
f 433/433 452/452 453/453
f 452/452 466/466 464/464
f 89/89 103/103 95/95
f 420/420 432/432 433/433
f 19/19 66/66 67/67
f 66/66 85/85 67/67
f 66/66 89/89 85/85
f 433/433 432/432 452/452
f 67/67 85/85 86/86
f 452/452 432/432 447/447
f 447/447 457/457 452/452
f 89/89 95/95 85/85
f 85/85 95/95 108/108
f 85/85 108/108 97/97
f 399/399 408/408 421/421
f 408/408 431/431 421/421
f 27/27 28/28 59/59
f 59/59 28/28 77/77
f 408/408 434/434 431/431
f 83/83 59/59 80/80
f 431/431 434/434 449/449
f 59/59 77/77 80/80
f 28/28 67/67 77/77
f 421/421 431/431 447/447
f 77/77 67/67 86/86
f 449/449 447/447 431/431
f 434/434 450/450 451/451
f 434/434 451/451 449/449
f 1038/1038 1024/1024 1029/1029
f 1038/1038 1050/1050 1023/1023
f 1038/1038 1023/1023 1024/1024
f 77/77 86/86 96/96
f 96/96 86/86 102/102
f 86/86 97/97 102/102
f 86/86 85/85 97/97
f 97/97 108/108 113/113
f 102/102 97/97 113/113
f 502/502 501/501 497/497
f 503/503 502/502 497/497
f 513/513 503/503 504/504
f 497/497 504/504 503/503
f 1264/1264 1260/1260 1263/1263
f 501/501 500/500 497/497
f 500/500 498/498 497/497
f 1263/1263 1260/1260 1262/1262
f 1826/1826 1815/1815 1823/1823
f 1262/1262 1260/1260 1261/1261
f 497/497 495/495 499/499
f 1264/1264 1259/1259 1260/1260
f 504/504 497/497 499/499
f 1260/1260 1258/1258 1261/1261
f 497/497 496/496 495/495
f 1261/1261 1258/1258 1265/1265
f 498/498 527/527 516/516
f 498/498 516/516 496/496
f 1822/1822 1825/1825 1813/1813
f 1813/1813 1818/1818 1822/1822
f 536/536 527/527 528/528
f 527/527 498/498 528/528
f 536/536 528/528 537/537
f 515/515 528/528 498/498
f 500/500 515/515 498/498
f 1813/1813 1808/1808 1809/1809
f 1809/1809 1814/1814 1813/1813
f 1809/1809 1815/1815 1814/1814
f 497/497 498/498 496/496
f 1823/1823 1815/1815 1809/1809
f 1813/1813 1814/1814 1818/1818
f 1814/1814 1816/1816 1818/1818
f 1814/1814 1815/1815 1816/1816
f 1815/1815 1817/1817 1816/1816
f 1826/1826 1827/1827 1817/1817
f 1815/1815 1826/1826 1817/1817
f 507/507 502/502 503/503
f 1804/1804 1828/1828 1823/1823
f 1804/1804 1823/1823 1809/1809
f 1805/1805 1804/1804 1808/1808
f 1804/1804 1809/1809 1808/1808
f 105/105 107/107 103/103
f 103/103 116/116 95/95
f 116/116 108/108 95/95
f 1259/1259 1272/1272 1257/1257
f 2934/2934 2933/2933 2937/2937
f 2937/2937 2933/2933 2936/2936
f 2933/2933 2928/2928 2936/2936
f 2936/2936 2924/2924 2935/2935
f 2936/2936 2928/2928 2924/2924
f 2935/2935 2924/2924 2931/2931
f 2934/2934 2929/2929 2933/2933
f 2933/2933 2929/2929 2928/2928
f 2929/2929 2919/2919 2920/2920
f 2917/2917 2918/2918 2919/2919
f 2928/2928 2929/2929 2920/2920
f 2928/2928 2920/2920 2922/2922
f 2919/2919 2918/2918 2920/2920
f 2922/2922 2920/2920 2921/2921
f 2921/2921 2920/2920 2918/2918
f 2918/2918 2917/2917 2916/2916
f 2930/2930 2918/2918 2932/2932
f 2918/2918 2916/2916 2932/2932
f 2918/2918 2930/2930 2921/2921
f 2928/2928 2922/2922 2924/2924
f 2922/2922 2921/2921 2923/2923
f 2931/2931 2924/2924 2925/2925
f 2924/2924 2922/2922 2923/2923
f 2924/2924 2923/2923 2925/2925
f 2925/2925 2923/2923 2926/2926
f 2925/2925 2926/2926 2927/2927
f 3068/3068 3069/3069 3048/3048
f 3068/3068 3048/3048 3067/3067
f 3066/3066 3067/3067 3048/3048
f 3048/3048 3041/3041 3066/3066
f 3066/3066 3041/3041 3045/3045
f 3039/3039 3024/3024 3041/3041
f 3041/3041 3024/3024 3045/3045
f 3045/3045 3024/3024 3025/3025
f 2957/2957 2938/2938 2956/2956
f 3024/3024 3039/3039 3027/3027
f 3025/3025 3024/3024 3018/3018
f 3024/3024 3017/3017 3018/3018
f 3025/3025 3018/3018 3065/3065
f 3017/3017 3010/3010 3018/3018
f 3017/3017 3016/3016 3015/3015
f 3024/3024 3016/3016 3017/3017
f 3017/3017 3015/3015 3010/3010
f 3018/3018 3014/3014 3019/3019
f 3019/3019 3014/3014 3081/3081
f 3018/3018 3010/3010 3014/3014
f 3010/3010 3009/3009 3014/3014
f 3015/3015 3004/3004 3006/3006
f 3010/3010 3015/3015 3006/3006
f 3010/3010 3006/3006 3009/3009
f 3004/3004 3005/3005 3006/3006
f 3006/3006 3005/3005 3007/3007
f 3006/3006 3008/3008 3009/3009
f 3009/3009 3008/3008 3012/3012
f 3008/3008 3011/3011 3012/3012
f 3008/3008 3006/3006 3007/3007
f 3008/3008 3007/3007 3011/3011
f 3007/3007 3013/3013 3011/3011
f 3007/3007 3021/3021 3013/3013
f 3012/3012 3011/3011 3020/3020
f 3020/3020 3011/3011 3022/3022
f 3011/3011 3013/3013 3022/3022
f 3020/3020 3022/3022 3023/3023
f 3022/3022 3075/3075 3023/3023
f 3022/3022 3057/3057 3075/3075
f 3074/3074 3073/3073 3072/3072
f 3037/3037 3036/3036 3035/3035
f 3035/3035 3036/3036 3034/3034
f 3072/3072 3073/3073 3071/3071
f 3072/3072 3071/3071 3070/3070
f 3073/3073 3044/3044 3071/3071
f 3035/3035 3034/3034 3033/3033
f 3033/3033 3031/3031 3040/3040
f 3033/3033 3034/3034 3032/3032
f 3034/3034 3055/3055 3032/3032
f 3033/3033 3032/3032 3031/3031
f 3070/3070 3071/3071 3069/3069
f 3070/3070 3069/3069 3068/3068
f 3071/3071 3044/3044 3042/3042
f 3069/3069 3071/3071 3042/3042
f 3044/3044 3043/3043 3042/3042
f 3031/3031 3032/3032 3030/3030
f 3043/3043 3038/3038 3042/3042
f 3040/3040 3031/3031 3029/3029
f 3031/3031 3030/3030 3029/3029
f 3069/3069 3042/3042 3048/3048
f 3040/3040 3029/3029 3038/3038
f 3038/3038 3029/3029 3027/3027
f 3042/3042 3038/3038 3039/3039
f 3038/3038 3027/3027 3039/3039
f 3042/3042 3041/3041 3048/3048
f 3042/3042 3039/3039 3041/3041
f 2938/2938 2939/2939 2940/2940
f 2938/2938 2940/2940 2941/2941
f 2938/2938 2941/2941 2956/2956
f 2955/2955 2956/2956 2941/2941
f 2941/2941 2940/2940 2943/2943
f 2939/2939 2942/2942 2940/2940
f 2940/2940 2942/2942 2946/2946
f 2940/2940 2945/2945 2943/2943
f 2940/2940 2946/2946 2945/2945
f 2944/2944 2955/2955 2941/2941
f 2941/2941 2943/2943 2944/2944
f 2944/2944 2943/2943 2949/2949
f 2943/2943 2948/2948 2949/2949
f 3087/3087 3059/3059 3054/3054
f 3059/3059 3058/3058 3054/3054
f 2943/2943 2947/2947 2948/2948
f 2947/2947 2950/2950 2948/2948
f 2949/2949 2948/2948 2951/2951
f 2948/2948 2950/2950 2951/2951
f 2950/2950 2952/2952 2951/2951
f 2950/2950 2954/2954 2952/2952
f 2943/2943 2945/2945 2947/2947
f 2994/2994 2991/2991 2990/2990
f 2994/2994 2996/2996 2991/2991
f 2990/2990 2991/2991 2987/2987
f 2991/2991 2985/2985 2987/2987
f 2991/2991 2992/2992 2985/2985
f 2987/2987 2985/2985 2982/2982
f 2985/2985 2984/2984 2982/2982
f 3054/3054 3058/3058 3056/3056
f 3054/3054 3036/3036 3037/3037
f 3054/3054 3056/3056 3036/3036
f 3059/3059 3082/3082 3058/3058
f 3058/3058 3082/3082 3056/3056
f 2953/2953 2951/2951 2952/2952
f 3078/3078 3080/3080 3079/3079
f 3034/3034 3036/3036 3055/3055
f 3036/3036 3056/3056 3055/3055
f 3056/3056 3078/3078 3055/3055
f 3078/3078 3079/3079 3063/3063
f 3078/3078 3063/3063 3055/3055
f 2990/2990 2987/2987 2989/2989
f 2989/2989 2987/2987 2988/2988
f 2989/2989 2988/2988 3000/3000
f 2987/2987 2982/2982 2988/2988
f 2984/2984 2979/2979 2982/2982
f 2988/2988 2982/2982 2978/2978
f 2978/2978 2982/2982 2979/2979
f 2978/2978 2979/2979 2976/2976
f 2979/2979 2977/2977 2976/2976
f 3001/3001 2989/2989 3000/3000
f 2988/2988 2978/2978 3000/3000
f 3001/3001 3000/3000 2999/2999
f 2978/2978 2975/2975 3000/3000
f 2978/2978 2976/2976 2975/2975
f 2976/2976 2973/2973 2975/2975
f 2976/2976 2977/2977 2973/2973
f 2973/2973 2977/2977 2974/2974
f 3055/3055 3063/3063 3062/3062
f 3032/3032 3055/3055 3052/3052
f 3032/3032 3052/3052 3030/3030
f 3055/3055 3062/3062 3052/3052
f 3052/3052 3049/3049 3047/3047
f 3062/3062 3053/3053 3052/3052
f 3052/3052 3053/3053 3049/3049
f 3062/3062 3063/3063 3053/3053
f 3063/3063 3064/3064 3053/3053
f 3049/3049 3046/3046 3047/3047
f 2999/2999 3000/3000 2970/2970
f 3000/3000 2975/2975 2970/2970
f 2975/2975 2973/2973 2967/2967
f 2970/2970 2975/2975 2967/2967
f 2999/2999 2970/2970 2997/2997
f 2970/2970 2968/2968 2997/2997
f 2970/2970 2967/2967 2968/2968
f 2967/2967 2963/2963 2968/2968
f 2973/2973 2974/2974 2972/2972
f 2974/2974 2980/2980 2972/2972
f 2973/2973 2972/2972 2967/2967
f 2967/2967 2972/2972 2965/2965
f 2972/2972 2980/2980 2966/2966
f 2972/2972 2966/2966 2965/2965
f 2967/2967 2965/2965 2963/2963
f 2965/2965 2966/2966 2962/2962
f 2965/2965 2962/2962 2963/2963
f 3029/3029 3030/3030 3028/3028
f 3029/3029 3028/3028 3027/3027
f 3030/3030 3052/3052 3047/3047
f 3030/3030 3047/3047 3028/3028
f 3028/3028 3003/3003 3027/3027
f 3047/3047 3003/3003 3028/3028
f 3047/3047 3046/3046 3003/3003
f 3046/3046 2998/2998 3003/3003
f 3003/3003 3016/3016 3027/3027
f 3027/3027 3016/3016 3024/3024
f 3003/3003 3015/3015 3016/3016
f 2968/2968 2969/2969 2997/2997
f 2997/2997 2969/2969 2998/2998
f 2968/2968 2963/2963 2969/2969
f 2963/2963 2964/2964 2969/2969
f 2963/2963 2961/2961 2964/2964
f 2998/2998 2969/2969 3002/3002
f 3003/3003 3002/3002 3004/3004
f 2998/2998 3002/3002 3003/3003
f 3002/3002 2969/2969 2971/2971
f 2969/2969 2964/2964 2971/2971
f 2963/2963 2962/2962 2961/2961
f 2961/2961 2962/2962 2959/2959
f 3015/3015 3003/3003 3004/3004
f 3002/3002 2971/2971 3004/3004
f 3004/3004 2971/2971 3005/3005
f 2971/2971 3051/3051 3005/3005
f 2971/2971 2964/2964 3051/3051
f 3102/3102 3093/3093 3101/3101
f 3102/3102 3101/3101 3103/3103
f 3075/3075 3092/3092 3093/3093
f 3075/3075 3086/3086 3092/3092
f 3093/3093 3092/3092 3101/3101
f 3101/3101 3098/3098 3112/3112
f 3101/3101 3113/3113 3103/3103
f 3113/3113 3101/3101 3112/3112
f 3123/3123 3113/3113 3122/3122
f 3113/3113 3112/3112 3122/3122
f 3112/3112 3115/3115 3122/3122
f 3122/3122 3115/3115 3124/3124
f 2983/2983 2986/2986 2981/2981
f 2984/2984 2983/2983 2979/2979
f 2983/2983 2981/2981 2979/2979
f 2979/2979 2981/2981 2977/2977
f 2981/2981 2974/2974 2977/2977
f 2964/2964 2961/2961 2958/2958
f 2961/2961 2959/2959 2958/2958
f 2958/2958 2959/2959 2960/2960
f 2958/2958 2995/2995 2993/2993
f 2964/2964 2993/2993 3051/3051
f 2964/2964 2958/2958 2993/2993
f 3051/3051 2993/2993 3076/3076
f 2993/2993 3090/3090 3076/3076
f 3051/3051 3026/3026 3005/3005
f 3051/3051 3076/3076 3026/3026
f 3090/3090 3083/3083 3076/3076
f 2995/2995 3105/3105 2993/2993
f 2993/2993 3105/3105 3090/3090
f 3090/3090 3105/3105 3107/3107
f 3105/3105 3108/3108 3107/3107
f 3090/3090 3094/3094 3083/3083
f 3090/3090 3107/3107 3094/3094
f 3094/3094 3107/3107 3104/3104
f 3104/3104 3107/3107 3116/3116
f 3005/3005 3021/3021 3007/3007
f 3021/3021 3005/3005 3026/3026
f 3026/3026 3061/3061 3021/3021
f 3021/3021 3060/3060 3050/3050
f 3021/3021 3061/3061 3060/3060
f 3026/3026 3076/3076 3061/3061
f 3076/3076 3083/3083 3061/3061
f 3083/3083 3085/3085 3061/3061
f 3061/3061 3085/3085 3060/3060
f 3013/3013 3021/3021 3050/3050
f 3013/3013 3050/3050 3022/3022
f 3022/3022 3050/3050 3057/3057
f 3050/3050 3077/3077 3057/3057
f 3060/3060 3077/3077 3050/3050
f 3060/3060 3085/3085 3077/3077
f 3077/3077 3085/3085 3088/3088
f 3085/3085 3083/3083 3089/3089
f 3085/3085 3089/3089 3088/3088
f 3088/3088 3089/3089 3095/3095
f 3083/3083 3094/3094 3089/3089
f 3094/3094 3104/3104 3089/3089
f 3089/3089 3104/3104 3100/3100
f 3116/3116 3117/3117 3104/3104
f 3104/3104 3117/3117 3100/3100
f 3089/3089 3100/3100 3095/3095
f 3100/3100 3110/3110 3095/3095
f 3088/3088 3095/3095 3099/3099
f 3095/3095 3110/3110 3099/3099
f 3100/3100 3117/3117 3110/3110
f 3110/3110 3117/3117 3119/3119
f 3110/3110 3119/3119 3118/3118
f 3057/3057 3077/3077 3084/3084
f 3077/3077 3088/3088 3084/3084
f 3084/3084 3088/3088 3091/3091
f 3075/3075 3057/3057 3086/3086
f 3057/3057 3084/3084 3086/3086
f 3084/3084 3096/3096 3086/3086
f 3084/3084 3091/3091 3096/3096
f 3096/3096 3091/3091 3106/3106
f 3086/3086 3096/3096 3097/3097
f 3091/3091 3109/3109 3106/3106
f 3099/3099 3118/3118 3109/3109
f 3099/3099 3110/3110 3118/3118
f 3091/3091 3088/3088 3099/3099
f 3091/3091 3099/3099 3109/3109
f 3119/3119 3127/3127 3118/3118
f 3109/3109 3111/3111 3106/3106
f 3086/3086 3098/3098 3092/3092
f 3101/3101 3092/3092 3098/3098
f 3086/3086 3097/3097 3098/3098
f 3097/3097 3114/3114 3098/3098
f 3097/3097 3096/3096 3106/3106
f 3097/3097 3106/3106 3114/3114
f 3112/3112 3098/3098 3115/3115
f 3098/3098 3114/3114 3115/3115
f 3111/3111 3126/3126 3120/3120
f 3106/3106 3111/3111 3114/3114
f 3111/3111 3120/3120 3114/3114
f 3114/3114 3120/3120 3121/3121
f 3120/3120 3129/3129 3128/3128
f 3114/3114 3121/3121 3115/3115
f 3115/3115 3121/3121 3125/3125
f 3125/3125 3121/3121 3130/3130
f 3120/3120 3128/3128 3121/3121
f 3121/3121 3128/3128 3130/3130
f 3126/3126 3129/3129 3120/3120
f 3124/3124 3115/3115 3125/3125
f 3124/3124 3125/3125 3131/3131
f 3132/3132 3133/3133 3134/3134
f 3264/3264 3265/3265 3217/3217
f 3260/3260 3216/3216 3265/3265
f 3253/3253 3217/3217 3218/3218
f 3307/3307 3218/3218 3258/3258
f 3218/3218 3146/3146 3258/3258
f 3265/3265 3216/3216 3217/3217
f 3218/3218 3217/3217 3146/3146
f 3217/3217 3181/3181 3146/3146
f 3217/3217 3216/3216 3181/3181
f 3258/3258 3146/3146 3141/3141
f 3181/3181 3140/3140 3146/3146
f 3146/3146 3140/3140 3141/3141
f 3141/3141 3140/3140 3139/3139
f 3258/3258 3141/3141 3171/3171
f 3141/3141 3139/3139 3142/3142
f 3141/3141 3142/3142 3171/3171
f 3171/3171 3142/3142 3153/3153
f 3142/3142 3139/3139 3143/3143
f 3313/3313 3151/3151 3312/3312
f 3153/3153 3144/3144 3150/3150
f 3151/3151 3150/3150 3148/3148
f 3150/3150 3144/3144 3148/3148
f 3153/3153 3142/3142 3144/3144
f 3142/3142 3143/3143 3144/3144
f 3143/3143 3147/3147 3144/3144
f 3151/3151 3152/3152 3312/3312
f 3151/3151 3148/3148 3152/3152
f 3148/3148 3149/3149 3152/3152
f 3148/3148 3144/3144 3147/3147
f 3148/3148 3147/3147 3149/3149
f 3147/3147 3155/3155 3149/3149
f 3147/3147 3156/3156 3155/3155
f 3149/3149 3155/3155 3154/3154
f 3208/3208 3201/3201 3193/3193
f 3193/3193 3201/3201 3194/3194
f 3201/3201 3197/3197 3194/3194
f 3261/3261 3208/3208 3209/3209
f 3209/3209 3208/3208 3193/3193
f 3260/3260 3209/3209 3216/3216
f 3209/3209 3193/3193 3216/3216
f 3194/3194 3195/3195 3159/3159
f 3194/3194 3196/3196 3195/3195
f 3193/3193 3159/3159 3158/3158
f 3193/3193 3194/3194 3159/3159
f 3159/3159 3195/3195 3249/3249
f 3159/3159 3249/3249 3136/3136
f 3201/3201 3206/3206 3197/3197
f 3194/3194 3197/3197 3196/3196
f 3197/3197 3198/3198 3196/3196
f 3200/3200 3267/3267 3199/3199
f 3197/3197 3199/3199 3198/3198
f 3197/3197 3200/3200 3199/3199
f 3195/3195 3366/3366 3249/3249
f 3199/3199 3267/3267 3268/3268
f 3382/3382 3380/3380 3375/3375
f 3382/3382 3375/3375 3384/3384
f 3397/3397 3395/3395 3396/3396
f 3396/3396 3395/3395 3390/3390
f 3390/3390 3389/3389 3388/3388
f 3390/3390 3391/3391 3389/3389
f 3390/3390 3395/3395 3391/3391
f 3398/3398 3388/3388 3393/3393
f 3388/3388 3380/3380 3393/3393
f 3267/3267 3200/3200 3362/3362
f 3216/3216 3193/3193 3181/3181
f 3140/3140 3181/3181 3158/3158
f 3193/3193 3158/3158 3181/3181
f 3158/3158 3135/3135 3140/3140
f 3140/3140 3135/3135 3139/3139
f 3158/3158 3159/3159 3135/3135
f 3159/3159 3136/3136 3135/3135
f 3135/3135 3136/3136 3137/3137
f 3188/3188 3184/3184 3137/3137
f 3135/3135 3138/3138 3139/3139
f 3139/3139 3138/3138 3143/3143
f 3135/3135 3137/3137 3138/3138
f 3137/3137 3184/3184 3138/3138
f 3138/3138 3184/3184 3157/3157
f 3318/3318 3316/3316 3188/3188
f 3316/3316 3184/3184 3188/3188
f 3375/3375 3380/3380 3378/3378
f 3375/3375 3378/3378 3376/3376
f 3378/3378 3387/3387 3376/3376
f 3391/3391 3392/3392 3389/3389
f 3391/3391 3394/3394 3392/3392
f 3380/3380 3381/3381 3378/3378
f 3388/3388 3389/3389 3380/3380
f 3380/3380 3389/3389 3381/3381
f 3389/3389 3392/3392 3381/3381
f 3316/3316 3317/3317 3184/3184
f 3317/3317 3356/3356 3355/3355
f 3353/3353 3355/3355 3356/3356
f 3355/3355 3353/3353 3186/3186
f 3353/3353 3187/3187 3186/3186
f 3387/3387 3378/3378 3374/3374
f 3317/3317 3190/3190 3184/3184
f 3355/3355 3190/3190 3317/3317
f 3355/3355 3186/3186 3190/3190
f 3368/3368 3370/3370 3372/3372
f 3368/3368 3369/3369 3370/3370
f 3387/3387 3374/3374 3371/3371
f 3368/3368 3371/3371 3369/3369
f 3394/3394 3370/3370 3392/3392
f 3394/3394 3373/3373 3370/3370
f 3373/3373 3372/3372 3370/3370
f 3381/3381 3392/3392 3374/3374
f 3392/3392 3370/3370 3369/3369
f 3381/3381 3374/3374 3378/3378
f 3374/3374 3392/3392 3369/3369
f 3369/3369 3371/3371 3374/3374
f 3143/3143 3138/3138 3145/3145
f 3143/3143 3145/3145 3147/3147
f 3147/3147 3145/3145 3156/3156
f 3145/3145 3167/3167 3156/3156
f 3138/3138 3157/3157 3145/3145
f 3145/3145 3157/3157 3167/3167
f 3157/3157 3184/3184 3190/3190
f 3157/3157 3168/3168 3167/3167
f 3156/3156 3161/3161 3155/3155
f 3167/3167 3161/3161 3156/3156
f 3161/3161 3167/3167 3163/3163
f 3186/3186 3187/3187 3179/3179
f 3190/3190 3168/3168 3157/3157
f 3190/3190 3186/3186 3168/3168
f 3186/3186 3179/3179 3168/3168
f 3168/3168 3166/3166 3167/3167
f 3179/3179 3166/3166 3168/3168
f 3179/3179 3180/3180 3166/3166
f 3180/3180 3169/3169 3166/3166
f 3167/3167 3166/3166 3163/3163
f 3163/3163 3166/3166 3165/3165
f 3166/3166 3169/3169 3165/3165
f 3154/3154 3155/3155 3160/3160
f 3155/3155 3161/3161 3160/3160
f 3161/3161 3162/3162 3160/3160
f 3154/3154 3160/3160 3182/3182
f 3182/3182 3160/3160 3183/3183
f 3160/3160 3162/3162 3170/3170
f 3160/3160 3170/3170 3183/3183
f 3161/3161 3163/3163 3162/3162
f 3163/3163 3164/3164 3162/3162
f 3163/3163 3165/3165 3164/3164
f 3162/3162 3164/3164 3173/3173
f 3170/3170 3162/3162 3173/3173
f 3164/3164 3176/3176 3173/3173
f 3164/3164 3172/3172 3176/3176
f 3182/3182 3183/3183 3325/3325
f 3183/3183 3170/3170 3185/3185
f 3183/3183 3185/3185 3329/3329
f 3329/3329 3185/3185 3327/3327
f 3170/3170 3173/3173 3185/3185
f 3173/3173 3192/3192 3185/3185
f 3185/3185 3192/3192 3327/3327
f 3173/3173 3176/3176 3192/3192
f 3176/3176 3326/3326 3192/3192
f 3192/3192 3326/3326 3332/3332
f 3192/3192 3332/3332 3327/3327
f 3334/3334 3333/3333 3306/3306
f 3204/3204 3177/3177 3189/3189
f 3204/3204 3205/3205 3177/3177
f 3189/3189 3177/3177 3169/3169
f 3180/3180 3189/3189 3169/3169
f 3169/3169 3177/3177 3175/3175
f 3169/3169 3175/3175 3165/3165
f 3205/3205 3203/3203 3177/3177
f 3177/3177 3203/3203 3175/3175
f 3165/3165 3175/3175 3174/3174
f 3175/3175 3203/3203 3202/3202
f 3165/3165 3172/3172 3164/3164
f 3165/3165 3174/3174 3172/3172
f 3175/3175 3202/3202 3174/3174
f 3174/3174 3191/3191 3178/3178
f 3172/3172 3174/3174 3178/3178
f 3172/3172 3178/3178 3176/3176
f 3178/3178 3311/3311 3176/3176
f 3178/3178 3191/3191 3324/3324
f 3178/3178 3324/3324 3311/3311
f 3174/3174 3202/3202 3191/3191
f 3202/3202 3308/3308 3191/3191
f 3191/3191 3308/3308 3324/3324
f 3308/3308 3337/3337 3324/3324
f 3176/3176 3311/3311 3326/3326
f 3326/3326 3343/3343 3332/3332
f 3326/3326 3311/3311 3339/3339
f 3326/3326 3339/3339 3343/3343
f 3311/3311 3324/3324 3328/3328
f 3324/3324 3342/3342 3328/3328
f 3324/3324 3337/3337 3342/3342
f 3240/3240 3225/3225 3252/3252
f 3240/3240 3223/3223 3225/3225
f 3225/3225 3223/3223 3224/3224
f 3233/3233 3225/3225 3226/3226
f 3225/3225 3224/3224 3226/3226
f 3248/3248 3241/3241 3240/3240
f 3248/3248 3240/3240 3252/3252
f 3241/3241 3223/3223 3240/3240
f 3241/3241 3232/3232 3223/3223
f 3223/3223 3232/3232 3222/3222
f 3223/3223 3222/3222 3215/3215
f 3222/3222 3221/3221 3215/3215
f 3215/3215 3221/3221 3213/3213
f 3223/3223 3215/3215 3224/3224
f 3224/3224 3215/3215 3229/3229
f 3215/3215 3213/3213 3214/3214
f 3214/3214 3239/3239 3215/3215
f 3215/3215 3239/3239 3229/3229
f 3233/3233 3226/3226 3269/3269
f 3269/3269 3226/3226 3245/3245
f 3245/3245 3227/3227 3244/3244
f 3245/3245 3226/3226 3227/3227
f 3245/3245 3244/3244 3262/3262
f 3262/3262 3244/3244 3256/3256
f 3256/3256 3244/3244 3247/3247
f 3227/3227 3237/3237 3244/3244
f 3244/3244 3237/3237 3247/3247
f 3247/3247 3237/3237 3246/3246
f 3262/3262 3256/3256 3315/3315
f 3256/3256 3322/3322 3315/3315
f 3224/3224 3227/3227 3226/3226
f 3224/3224 3229/3229 3228/3228
f 3224/3224 3228/3228 3227/3227
f 3227/3227 3228/3228 3237/3237
f 3228/3228 3229/3229 3230/3230
f 3237/3237 3235/3235 3246/3246
f 3237/3237 3228/3228 3235/3235
f 3246/3246 3236/3236 3257/3257
f 3246/3246 3235/3235 3236/3236
f 3235/3235 3234/3234 3236/3236
f 3228/3228 3230/3230 3234/3234
f 3228/3228 3234/3234 3235/3235
f 3256/3256 3247/3247 3263/3263
f 3263/3263 3247/3247 3266/3266
f 3247/3247 3246/3246 3266/3266
f 3257/3257 3259/3259 3271/3271
f 3271/3271 3259/3259 3270/3270
f 3256/3256 3263/3263 3322/3322
f 3322/3322 3263/3263 3335/3335
f 3322/3322 3335/3335 3348/3348
f 3335/3335 3263/3263 3266/3266
f 3348/3348 3335/3335 3349/3349
f 3349/3349 3335/3335 3346/3346
f 3335/3335 3266/3266 3336/3336
f 3335/3335 3336/3336 3346/3346
f 3259/3259 3255/3255 3264/3264
f 3257/3257 3236/3236 3259/3259
f 3236/3236 3243/3243 3255/3255
f 3259/3259 3236/3236 3255/3255
f 3255/3255 3243/3243 3254/3254
f 3242/3242 3254/3254 3243/3243
f 3234/3234 3242/3242 3243/3243
f 3254/3254 3242/3242 3260/3260
f 3234/3234 3243/3243 3236/3236
f 3259/3259 3253/3253 3270/3270
f 3259/3259 3264/3264 3253/3253
f 3264/3264 3255/3255 3254/3254
f 3253/3253 3264/3264 3217/3217
f 3254/3254 3265/3265 3264/3264
f 3254/3254 3260/3260 3265/3265
f 3319/3319 3330/3330 3347/3347
f 3347/3347 3330/3330 3363/3363
f 3319/3319 3313/3313 3314/3314
f 3319/3319 3314/3314 3330/3330
f 3313/3313 3312/3312 3314/3314
f 3314/3314 3312/3312 3320/3320
f 3330/3330 3314/3314 3345/3345
f 3345/3345 3314/3314 3320/3320
f 3345/3345 3320/3320 3361/3361
f 3312/3312 3152/3152 3320/3320
f 3320/3320 3340/3340 3361/3361
f 3361/3361 3340/3340 3365/3365
f 3320/3320 3152/3152 3309/3309
f 3152/3152 3149/3149 3154/3154
f 3320/3320 3309/3309 3340/3340
f 3152/3152 3154/3154 3309/3309
f 3309/3309 3310/3310 3340/3340
f 3309/3309 3154/3154 3310/3310
f 3154/3154 3182/3182 3310/3310
f 3340/3340 3310/3310 3352/3352
f 3310/3310 3331/3331 3352/3352
f 3352/3352 3365/3365 3340/3340
f 3310/3310 3182/3182 3325/3325
f 3310/3310 3325/3325 3331/3331
f 3331/3331 3325/3325 3354/3354
f 3331/3331 3354/3354 3352/3352
f 3325/3325 3338/3338 3354/3354
f 3350/3350 3302/3302 3298/3298
f 3295/3295 3294/3294 3279/3279
f 3298/3298 3295/3295 3279/3279
f 3298/3298 3351/3351 3350/3350
f 3298/3298 3279/3279 3293/3293
f 3321/3321 3306/3306 3304/3304
f 3300/3300 3304/3304 3294/3294
f 3294/3294 3304/3304 3303/3303
f 3279/3279 3276/3276 3293/3293
f 3279/3279 3278/3278 3276/3276
f 3279/3279 3294/3294 3278/3278
f 3294/3294 3303/3303 3278/3278
f 3276/3276 3277/3277 3274/3274
f 3276/3276 3278/3278 3277/3277
f 3293/3293 3276/3276 3275/3275
f 3275/3275 3276/3276 3274/3274
f 3275/3275 3273/3273 3323/3323
f 3275/3275 3323/3323 3293/3293
f 3275/3275 3274/3274 3273/3273
f 3278/3278 3303/3303 3296/3296
f 3278/3278 3296/3296 3281/3281
f 3277/3277 3278/3278 3281/3281
f 3274/3274 3277/3277 3280/3280
f 3213/3213 3212/3212 3211/3211
f 3213/3213 3211/3211 3214/3214
f 3212/3212 3220/3220 3219/3219
f 3273/3273 3272/3272 3220/3220
f 3273/3273 3274/3274 3272/3272
f 3274/3274 3280/3280 3272/3272
f 3280/3280 3281/3281 3282/3282
f 3280/3280 3282/3282 3283/3283
f 3281/3281 3280/3280 3277/3277
f 3220/3220 3272/3272 3219/3219
f 3272/3272 3280/3280 3284/3284
f 3283/3283 3282/3282 3285/3285
f 3280/3280 3283/3283 3284/3284
f 3239/3239 3214/3214 3251/3251
f 3229/3229 3239/3239 3231/3231
f 3229/3229 3231/3231 3230/3230
f 3239/3239 3251/3251 3231/3231
f 3214/3214 3211/3211 3251/3251
f 3212/3212 3210/3210 3211/3211
f 3212/3212 3219/3219 3210/3210
f 3211/3211 3207/3207 3251/3251
f 3211/3211 3210/3210 3207/3207
f 3251/3251 3250/3250 3238/3238
f 3238/3238 3250/3250 3261/3261
f 3231/3231 3238/3238 3230/3230
f 3230/3230 3238/3238 3234/3234
f 3231/3231 3251/3251 3238/3238
f 3251/3251 3207/3207 3250/3250
f 3250/3250 3208/3208 3261/3261
f 3250/3250 3207/3207 3208/3208
f 3208/3208 3207/3207 3201/3201
f 3272/3272 3284/3284 3299/3299
f 3283/3283 3287/3287 3284/3284
f 3299/3299 3284/3284 3291/3291
f 3283/3283 3285/3285 3288/3288
f 3287/3287 3288/3288 3289/3289
f 3283/3283 3288/3288 3287/3287
f 3284/3284 3287/3287 3291/3291
f 3291/3291 3287/3287 3290/3290
f 3207/3207 3210/3210 3206/3206
f 3207/3207 3206/3206 3201/3201
f 3287/3287 3289/3289 3290/3290
f 3290/3290 3289/3289 3292/3292
f 3234/3234 3238/3238 3242/3242
f 3242/3242 3238/3238 3261/3261
f 3242/3242 3261/3261 3260/3260
f 3261/3261 3209/3209 3260/3260
f 3383/3383 3377/3377 3385/3385
f 3384/3384 3375/3375 3379/3379
f 3375/3375 3377/3377 3379/3379
f 3375/3375 3376/3376 3377/3377
f 3379/3379 3377/3377 3383/3383
f 3385/3385 3377/3377 3386/3386
f 3376/3376 3387/3387 3386/3386
f 3377/3377 3376/3376 3386/3386
f 3325/3325 3329/3329 3338/3338
f 3325/3325 3183/3183 3329/3329
f 3354/3354 3338/3338 3357/3357
f 3338/3338 3341/3341 3357/3357
f 3338/3338 3329/3329 3341/3341
f 3329/3329 3327/3327 3341/3341
f 3341/3341 3344/3344 3360/3360
f 3341/3341 3360/3360 3364/3364
f 3327/3327 3344/3344 3341/3341
f 3327/3327 3332/3332 3344/3344
f 3332/3332 3343/3343 3344/3344
f 3354/3354 3357/3357 3367/3367
f 3357/3357 3341/3341 3364/3364
f 3357/3357 3364/3364 3367/3367
f 3306/3306 3301/3301 3303/3303
f 3306/3306 3303/3303 3304/3304
f 3333/3333 3305/3305 3306/3306
f 3306/3306 3305/3305 3301/3301
f 3301/3301 3305/3305 3297/3297
f 3303/3303 3301/3301 3296/3296
f 3301/3301 3297/3297 3296/3296
f 3296/3296 3297/3297 3286/3286
f 3296/3296 3286/3286 3281/3281
f 3281/3281 3286/3286 3282/3282
f 3311/3311 3328/3328 3339/3339
f 3328/3328 3358/3358 3339/3339
f 3344/3344 3343/3343 3359/3359
f 3526/3526 3533/3533 3509/3509
f 3509/3509 3512/3512 3511/3511
f 3512/3512 3513/3513 3511/3511
f 3513/3513 3512/3512 3514/3514
f 3434/3434 3433/3433 3435/3435
f 3434/3434 3431/3431 3433/3433
f 3427/3427 3429/3429 3428/3428
f 3427/3427 3430/3430 3429/3429
f 3427/3427 3437/3437 3433/3433
f 3433/3433 3431/3431 3427/3427
f 3427/3427 3431/3431 3430/3430
f 3496/3496 3494/3494 3493/3493
f 3484/3484 3486/3486 3487/3487
f 3534/3534 3520/3520 3539/3539
f 3534/3534 3521/3521 3520/3520
f 3521/3521 3517/3517 3520/3520
f 3520/3520 3517/3517 3519/3519
f 3485/3485 3521/3521 3534/3534
f 3484/3484 3521/3521 3485/3485
f 3484/3484 3485/3485 3486/3486
f 3520/3520 3519/3519 3539/3539
f 3539/3539 3538/3538 3535/3535
f 3539/3539 3519/3519 3538/3538
f 3530/3530 3532/3532 3531/3531
f 3531/3531 3510/3510 3529/3529
f 3527/3527 3510/3510 3531/3531
f 3527/3527 3525/3525 3510/3510
f 3531/3531 3529/3529 3530/3530
f 3525/3525 3506/3506 3504/3504
f 3504/3504 3506/3506 3503/3503
f 3502/3502 3510/3510 3504/3504
f 3510/3510 3502/3502 3529/3529
f 3502/3502 3528/3528 3529/3529
f 3510/3510 3525/3525 3504/3504
f 3502/3502 3504/3504 3503/3503
f 3502/3502 3503/3503 3501/3501
f 3521/3521 3518/3518 3517/3517
f 3517/3517 3518/3518 3508/3508
f 3519/3519 3517/3517 3516/3516
f 3517/3517 3508/3508 3516/3516
f 3516/3516 3508/3508 3495/3495
f 3519/3519 3516/3516 3522/3522
f 3522/3522 3516/3516 3523/3523
f 3519/3519 3522/3522 3538/3538
f 3516/3516 3495/3495 3523/3523
f 3495/3495 3524/3524 3523/3523
f 3529/3529 3489/3489 3530/3530
f 3508/3508 3492/3492 3495/3495
f 3508/3508 3515/3515 3492/3492
f 3494/3494 3495/3495 3492/3492
f 3494/3494 3492/3492 3493/3493
f 3493/3493 3492/3492 3491/3491
f 3492/3492 3515/3515 3488/3488
f 3488/3488 3491/3491 3492/3492
f 3488/3488 3490/3490 3491/3491
f 3491/3491 3490/3490 3497/3497
f 3529/3529 3528/3528 3489/3489
f 3528/3528 3490/3490 3489/3489
f 3488/3488 3489/3489 3490/3490
f 3525/3525 3509/3509 3506/3506
f 3526/3526 3509/3509 3525/3525
f 3503/3503 3506/3506 3505/3505
f 3506/3506 3507/3507 3505/3505
f 3503/3503 3505/3505 3501/3501
f 3502/3502 3498/3498 3528/3528
f 3502/3502 3501/3501 3498/3498
f 3528/3528 3498/3498 3490/3490
f 3498/3498 3497/3497 3490/3490
f 3497/3497 3498/3498 3499/3499
f 3498/3498 3500/3500 3499/3499
f 3501/3501 3500/3500 3498/3498
f 3445/3445 3453/3453 3448/3448
f 3448/3448 3442/3442 3445/3445
f 3445/3445 3442/3442 3444/3444
f 3454/3454 3476/3476 3470/3470
f 3476/3476 3475/3475 3470/3470
f 3448/3448 3453/3453 3454/3454
f 3453/3453 3476/3476 3454/3454
f 3509/3509 3507/3507 3506/3506
f 3509/3509 3511/3511 3507/3507
f 3435/3435 3433/3433 3459/3459
f 3433/3433 3457/3457 3459/3459
f 3471/3471 3473/3473 3474/3474
f 3471/3471 3472/3472 3473/3473
f 3436/3436 3451/3451 3455/3455
f 3438/3438 3451/3451 3436/3436
f 3438/3438 3450/3450 3451/3451
f 3451/3451 3458/3458 3455/3455
f 3451/3451 3452/3452 3458/3458
f 3458/3458 3452/3452 3467/3467
f 3437/3437 3426/3426 3436/3436
f 3437/3437 3436/3436 3456/3456
f 3426/3426 3428/3428 3432/3432
f 3426/3426 3432/3432 3436/3436
f 3436/3436 3455/3455 3456/3456
f 3436/3436 3432/3432 3438/3438
f 3437/3437 3427/3427 3426/3426
f 3426/3426 3427/3427 3428/3428
f 3458/3458 3467/3467 3461/3461
f 3450/3450 3460/3460 3449/3449
f 3438/3438 3460/3460 3450/3450
f 3452/3452 3439/3439 3441/3441
f 3452/3452 3454/3454 3467/3467
f 3452/3452 3441/3441 3448/3448
f 3452/3452 3448/3448 3454/3454
f 3451/3451 3439/3439 3452/3452
f 3439/3439 3449/3449 3447/3447
f 3450/3450 3439/3439 3451/3451
f 3450/3450 3449/3449 3439/3439
f 3439/3439 3440/3440 3441/3441
f 3439/3439 3447/3447 3440/3440
f 3441/3441 3440/3440 3442/3442
f 3441/3441 3442/3442 3448/3448
f 3442/3442 3443/3443 3444/3444
f 3444/3444 3443/3443 3446/3446
f 3442/3442 3440/3440 3443/3443
f 3467/3467 3454/3454 3465/3465
f 3454/3454 3470/3470 3465/3465
f 3467/3467 3465/3465 3461/3461
f 3437/3437 3457/3457 3433/3433
f 3437/3437 3456/3456 3457/3457
f 3465/3465 3470/3470 3462/3462
f 3470/3470 3469/3469 3462/3462
f 3461/3461 3465/3465 3462/3462
f 3461/3461 3462/3462 3463/3463
f 3470/3470 3475/3475 3469/3469
f 3475/3475 3474/3474 3469/3469
f 3462/3462 3469/3469 3464/3464
f 3463/3463 3462/3462 3464/3464
f 3463/3463 3464/3464 3466/3466
f 3469/3469 3473/3473 3464/3464
f 3473/3473 3477/3477 3464/3464
f 3464/3464 3477/3477 3468/3468
f 3474/3474 3473/3473 3469/3469
f 3466/3466 3464/3464 3468/3468
f 3418/3418 3408/3408 3420/3420
f 3410/3410 3408/3408 3407/3407
f 3421/3421 3411/3411 3418/3418
f 3418/3418 3411/3411 3408/3408
f 3421/3421 3419/3419 3411/3411
f 3411/3411 3402/3402 3408/3408
f 3419/3419 3414/3414 3411/3411
f 3408/3408 3402/3402 3401/3401
f 3407/3407 3408/3408 3401/3401
f 3407/3407 3401/3401 3404/3404
f 3401/3401 3400/3400 3404/3404
f 3411/3411 3414/3414 3402/3402
f 3402/3402 3414/3414 3399/3399
f 3402/3402 3399/3399 3401/3401
f 3414/3414 3413/3413 3399/3399
f 3399/3399 3400/3400 3401/3401
f 3399/3399 3403/3403 3400/3400
f 3407/3407 3404/3404 3409/3409
f 3404/3404 3400/3400 3406/3406
f 3406/3406 3400/3400 3405/3405
f 3400/3400 3403/3403 3405/3405
f 3417/3417 3422/3422 3416/3416
f 3417/3417 3424/3424 3422/3422
f 3416/3416 3423/3423 3412/3412
f 3416/3416 3422/3422 3423/3423
f 3399/3399 3413/3413 3403/3403
f 3413/3413 3416/3416 3403/3403
f 3403/3403 3416/3416 3412/3412
f 3413/3413 3417/3417 3416/3416
f 3424/3424 3425/3425 3422/3422
f 3483/3483 3480/3480 3482/3482
f 3480/3480 3479/3479 3482/3482
f 3480/3480 3468/3468 3479/3479
f 3473/3473 3472/3472 3477/3477
f 3472/3472 3478/3478 3477/3477
f 3405/3405 3412/3412 3415/3415
f 3478/3478 3481/3481 3477/3477
f 3479/3479 3477/3477 3481/3481
f 3403/3403 3412/3412 3405/3405
f 3468/3468 3477/3477 3479/3479
f 3535/3535 3538/3538 3536/3536
f 3535/3535 3536/3536 3537/3537
f 3538/3538 3522/3522 3536/3536
f 3522/3522 3540/3540 3536/3536
f 3564/3564 3565/3565 3559/3559
f 3565/3565 3566/3566 3559/3559
f 3562/3562 3564/3564 3559/3559
f 3562/3562 3559/3559 3557/3557
f 3557/3557 3577/3577 3562/3562
f 3559/3559 3558/3558 3557/3557
f 3559/3559 3566/3566 3567/3567
f 3565/3565 3568/3568 3566/3566
f 3587/3587 3583/3583 3586/3586
f 3586/3586 3583/3583 3582/3582
f 3545/3545 3552/3552 3557/3557
f 3557/3557 3576/3576 3577/3577
f 3557/3557 3558/3558 3545/3545
f 3557/3557 3552/3552 3576/3576
f 3552/3552 3574/3574 3576/3576
f 3552/3552 3545/3545 3548/3548
f 3552/3552 3548/3548 3574/3574
f 3547/3547 3543/3543 3549/3549
f 3549/3549 3550/3550 3547/3547
f 3583/3583 3580/3580 3582/3582
f 3565/3565 3572/3572 3568/3568
f 3583/3583 3588/3588 3580/3580
f 3580/3580 3581/3581 3582/3582
f 3606/3606 3605/3605 3602/3602
f 3606/3606 3602/3602 3604/3604
f 3604/3604 3601/3601 3607/3607
f 3604/3604 3602/3602 3601/3601
f 3601/3601 3602/3602 3603/3603
f 3601/3601 3603/3603 3607/3607
f 3607/3607 3603/3603 3608/3608
f 3602/3602 3605/3605 3603/3603
f 3546/3546 3541/3541 3545/3545
f 3545/3545 3541/3541 3544/3544
f 3545/3545 3544/3544 3548/3548
f 3588/3588 3589/3589 3584/3584
f 3588/3588 3584/3584 3580/3580
f 3596/3596 3595/3595 3594/3594
f 3580/3580 3584/3584 3581/3581
f 3581/3581 3584/3584 3585/3585
f 3571/3571 3570/3570 3569/3569
f 3595/3595 3590/3590 3594/3594
f 3594/3594 3590/3590 3592/3592
f 3595/3595 3597/3597 3590/3590
f 3590/3590 3597/3597 3598/3598
f 3595/3595 3599/3599 3597/3597
f 3605/3605 3611/3611 3603/3603
f 3611/3611 3610/3610 3603/3603
f 3603/3603 3610/3610 3609/3609
f 3608/3608 3603/3603 3609/3609
f 3590/3590 3591/3591 3592/3592
f 3592/3592 3591/3591 3593/3593
f 3591/3591 3600/3600 3593/3593
f 3590/3590 3598/3598 3591/3591
f 3598/3598 3600/3600 3591/3591
f 3541/3541 3543/3543 3544/3544
f 3541/3541 3542/3542 3543/3543
f 3543/3543 3542/3542 3549/3549
f 3549/3549 3553/3553 3550/3550
f 3553/3553 3561/3561 3550/3550
f 3550/3550 3561/3561 3575/3575
f 3570/3570 3554/3554 3569/3569
f 3569/3569 3554/3554 3551/3551
f 3555/3555 3553/3553 3554/3554
f 3551/3551 3554/3554 3549/3549
f 3551/3551 3549/3549 3542/3542
f 3554/3554 3553/3553 3549/3549
f 3555/3555 3563/3563 3553/3553
f 3553/3553 3563/3563 3561/3561
f 3548/3548 3578/3578 3574/3574
f 3547/3547 3556/3556 3560/3560
f 3560/3560 3556/3556 3579/3579
f 3547/3547 3550/3550 3556/3556
f 3556/3556 3550/3550 3573/3573
f 3556/3556 3573/3573 3579/3579
f 3548/3548 3560/3560 3578/3578
f 3544/3544 3547/3547 3548/3548
f 3547/3547 3560/3560 3548/3548
f 3544/3544 3543/3543 3547/3547
f 3550/3550 3575/3575 3573/3573
f 3625/3625 3626/3626 3627/3627
f 3620/3620 3621/3621 3617/3617
f 3620/3620 3617/3617 3619/3619
f 3615/3615 3613/3613 3612/3612
f 3612/3612 3613/3613 3614/3614
f 3623/3623 3622/3622 3624/3624
f 3619/3619 3622/3622 3623/3623
f 3612/3612 3614/3614 3616/3616
f 3617/3617 3618/3618 3619/3619
f 3619/3619 3618/3618 3622/3622
f 3634/3634 3628/3628 3631/3631
f 3633/3633 3629/3629 3628/3628
f 3633/3633 3635/3635 3629/3629
f 3631/3631 3628/3628 3630/3630
f 3628/3628 3629/3629 3630/3630
f 3630/3630 3629/3629 3632/3632
f 3629/3629 3635/3635 3636/3636
f 3629/3629 3636/3636 3632/3632
f 3645/3645 3643/3643 3642/3642
f 3642/3642 3643/3643 3644/3644
f 3637/3637 3639/3639 3641/3641
f 3637/3637 3638/3638 3639/3639
f 3644/3644 3643/3643 3646/3646
f 3644/3644 3646/3646 3647/3647
f 3638/3638 3640/3640 3639/3639
f 3682/3682 3681/3681 3679/3679
f 3659/3659 3658/3658 3671/3671
f 3680/3680 3679/3679 3681/3681
f 3659/3659 3655/3655 3658/3658
f 3675/3675 3678/3678 3674/3674
f 3675/3675 3679/3679 3678/3678
f 3674/3674 3673/3673 3675/3675
f 3672/3672 3673/3673 3674/3674
f 3678/3678 3679/3679 3680/3680
f 3670/3670 3658/3658 3660/3660
f 3658/3658 3656/3656 3660/3660
f 3658/3658 3655/3655 3656/3656
f 3672/3672 3674/3674 3676/3676
f 3672/3672 3676/3676 3677/3677
f 3683/3683 3676/3676 3674/3674
f 3655/3655 3651/3651 3656/3656
f 3655/3655 3654/3654 3651/3651
f 3653/3653 3666/3666 3667/3667
f 3664/3664 3669/3669 3668/3668
f 3664/3664 3668/3668 3662/3662
f 3664/3664 3662/3662 3663/3663
f 3662/3662 3652/3652 3657/3657
f 3662/3662 3657/3657 3663/3663
f 3651/3651 3654/3654 3652/3652
f 3651/3651 3652/3652 3653/3653
f 3652/3652 3662/3662 3666/3666
f 3652/3652 3666/3666 3653/3653
f 3652/3652 3654/3654 3657/3657
f 3666/3666 3668/3668 3669/3669
f 3648/3648 3649/3649 3650/3650
f 3666/3666 3662/3662 3668/3668
f 3654/3654 3661/3661 3657/3657
f 3657/3657 3661/3661 3665/3665
f 3684/3684 3685/3685 3686/3686
f 3686/3686 3685/3685 3687/3687
f 3687/3687 3694/3694 3709/3709
f 3687/3687 3709/3709 3708/3708
f 3708/3708 3709/3709 3705/3705
f 3708/3708 3705/3705 3707/3707
f 3712/3712 3714/3714 3715/3715
f 3710/3710 3708/3708 3707/3707
f 3712/3712 3713/3713 3714/3714
f 3710/3710 3707/3707 3711/3711
f 3715/3715 3714/3714 3716/3716
f 3733/3733 3734/3734 3735/3735
f 3716/3716 3714/3714 3717/3717
f 3727/3727 3716/3716 3724/3724
f 3723/3723 3724/3724 3717/3717
f 3724/3724 3716/3716 3717/3717
f 3714/3714 3718/3718 3717/3717
f 3739/3739 3736/3736 3738/3738
f 3718/3718 3720/3720 3719/3719
f 3718/3718 3719/3719 3717/3717
f 3705/3705 3706/3706 3707/3707
f 3736/3736 3737/3737 3738/3738
f 3698/3698 3704/3704 3703/3703
f 3698/3698 3703/3703 3697/3697
f 3698/3698 3696/3696 3702/3702
f 3698/3698 3697/3697 3696/3696
f 3699/3699 3693/3693 3697/3697
f 3697/3697 3693/3693 3696/3696
f 3723/3723 3722/3722 3725/3725
f 3723/3723 3717/3717 3722/3722
f 3722/3722 3717/3717 3721/3721
f 3725/3725 3722/3722 3728/3728
f 3722/3722 3721/3721 3728/3728
f 3721/3721 3717/3717 3719/3719
f 3731/3731 3728/3728 3730/3730
f 3729/3729 3731/3731 3732/3732
f 3696/3696 3695/3695 3700/3700
f 3696/3696 3693/3693 3695/3695
f 3719/3719 3726/3726 3721/3721
f 3725/3725 3728/3728 3729/3729
f 3728/3728 3731/3731 3729/3729
f 3728/3728 3721/3721 3730/3730
f 3721/3721 3726/3726 3730/3730
f 3687/3687 3689/3689 3694/3694
f 3687/3687 3688/3688 3689/3689
f 3689/3689 3691/3691 3693/3693
f 3694/3694 3689/3689 3693/3693
f 3689/3689 3690/3690 3691/3691
f 3689/3689 3688/3688 3690/3690
f 3690/3690 3692/3692 3691/3691
f 3687/3687 3685/3685 3688/3688
f 3693/3693 3699/3699 3694/3694
f 3693/3693 3691/3691 3695/3695
f 3691/3691 3701/3701 3695/3695
f 3747/3747 3746/3746 3740/3740
f 3746/3746 3743/3743 3740/3740
f 3746/3746 3748/3748 3743/3743
f 3745/3745 3744/3744 3749/3749
f 3745/3745 3742/3742 3744/3744
f 3742/3742 3741/3741 3744/3744
f 3740/3740 3743/3743 3741/3741
f 3740/3740 3741/3741 3742/3742
f 3757/3757 3750/3750 3753/3753
f 3753/3753 3752/3752 3754/3754
f 3753/3753 3750/3750 3752/3752
f 3750/3750 3751/3751 3752/3752
f 3756/3756 3755/3755 3750/3750
f 3750/3750 3755/3755 3751/3751
f 3765/3765 3764/3764 3758/3758
f 3764/3764 3763/3763 3758/3758
f 3758/3758 3763/3763 3759/3759
f 3766/3766 3761/3761 3767/3767
f 3766/3766 3765/3765 3758/3758
f 3766/3766 3758/3758 3761/3761
f 3758/3758 3760/3760 3761/3761
f 3761/3761 3760/3760 3762/3762
f 3758/3758 3759/3759 3760/3760
f 3767/3767 3761/3761 3768/3768
f 3767/3767 3768/3768 3769/3769
f 3761/3761 3762/3762 3768/3768
f 3770/3770 3769/3769 3782/3782
f 3770/3770 3782/3782 3781/3781
f 3781/3781 3782/3782 3773/3773
f 3781/3781 3773/3773 3780/3780
f 3780/3780 3779/3779 3784/3784
f 3767/3767 3769/3769 3770/3770
f 3769/3769 3783/3783 3782/3782
f 3783/3783 3773/3773 3782/3782
f 3771/3771 3772/3772 3773/3773
f 3790/3790 3792/3792 3794/3794
f 3790/3790 3789/3789 3792/3792
f 3773/3773 3772/3772 3775/3775
f 3773/3773 3779/3779 3780/3780
f 3789/3789 3793/3793 3792/3792
f 3773/3773 3775/3775 3779/3779
f 3795/3795 3792/3792 3793/3793
f 3785/3785 3786/3786 3787/3787
f 3777/3777 3776/3776 3774/3774
f 3777/3777 3778/3778 3776/3776
f 3787/3787 3786/3786 3788/3788
f 3786/3786 3791/3791 3788/3788
f 3774/3774 3776/3776 3772/3772
f 3788/3788 3791/3791 3794/3794
f 3771/3771 3774/3774 3772/3772
f 3791/3791 3790/3790 3794/3794
f 3789/3789 3790/3790 3791/3791
f 3796/3796 3798/3798 3800/3800
f 3796/3796 3797/3797 3798/3798
f 3797/3797 3802/3802 3801/3801
f 3798/3798 3797/3797 3801/3801
f 3799/3799 3797/3797 3796/3796
f 3805/3805 3806/3806 3807/3807
f 3804/3804 3802/3802 3797/3797
f 3803/3803 3796/3796 3800/3800
f 3828/3828 3833/3833 3831/3831
f 3826/3826 3825/3825 3814/3814
f 3825/3825 3824/3824 3814/3814
f 3824/3824 3821/3821 3812/3812
f 3824/3824 3812/3812 3814/3814
f 3828/3828 3829/3829 3830/3830
f 3828/3828 3831/3831 3829/3829
f 3814/3814 3812/3812 3811/3811
f 3827/3827 3821/3821 3824/3824
f 3823/3823 3822/3822 3821/3821
f 3830/3830 3829/3829 3832/3832
f 3818/3818 3811/3811 3813/3813
f 3811/3811 3812/3812 3813/3813
f 3812/3812 3821/3821 3815/3815
f 3821/3821 3822/3822 3815/3815
f 3812/3812 3815/3815 3813/3813
f 3813/3813 3815/3815 3816/3816
f 3834/3834 3835/3835 3836/3836
f 3819/3819 3817/3817 3816/3816
f 3819/3819 3816/3816 3820/3820
f 3818/3818 3813/3813 3817/3817
f 3808/3808 3809/3809 3810/3810
f 3813/3813 3816/3816 3817/3817
f 3837/3837 3838/3838 3839/3839
f 3840/3840 3841/3841 3842/3842
f 3843/3843 3844/3844 3845/3845
f 3846/3846 3847/3847 3848/3848
f 3849/3849 3850/3850 3851/3851
f 3849/3849 3852/3852 3850/3850
f 3853/3853 3854/3854 3855/3855
f 3856/3856 3857/3857 3858/3858
f 3859/3859 3860/3860 3861/3861
f 3871/3871 3872/3872 3865/3865
f 3872/3872 3874/3874 3865/3865
f 3874/3874 3875/3875 3865/3865
f 3875/3875 3874/3874 3876/3876
f 3865/3865 3869/3869 3871/3871
f 3870/3870 3869/3869 3868/3868
f 3869/3869 3865/3865 3868/3868
f 3865/3865 3866/3866 3867/3867
f 3865/3865 3875/3875 3866/3866
f 3875/3875 3885/3885 3866/3866
f 3865/3865 3867/3867 3868/3868
f 3867/3867 3866/3866 3878/3878
f 3868/3868 3873/3873 3889/3889
f 3884/3884 3882/3882 3883/3883
f 3891/3891 3893/3893 3892/3892
f 3868/3868 3867/3867 3873/3873
f 3867/3867 3877/3877 3873/3873
f 3890/3890 3891/3891 3892/3892
f 3867/3867 3879/3879 3877/3877
f 3867/3867 3878/3878 3879/3879
f 3877/3877 3883/3883 3882/3882
f 3877/3877 3882/3882 3873/3873
f 3874/3874 3888/3888 3887/3887
f 3874/3874 3886/3886 3876/3876
f 3874/3874 3887/3887 3886/3886
f 3894/3894 3895/3895 3896/3896
f 3881/3881 3880/3880 3876/3876
f 3876/3876 3880/3880 3866/3866
f 3876/3876 3885/3885 3875/3875
f 3862/3862 3863/3863 3864/3864
f 3878/3878 3866/3866 3880/3880
f 3901/3901 3897/3897 3899/3899
f 3897/3897 3902/3902 3898/3898
f 3897/3897 3898/3898 3899/3899
f 3898/3898 3900/3900 3899/3899
f 3903/3903 3904/3904 3905/3905
f 3906/3906 3907/3907 3908/3908
f 3909/3909 3910/3910 3911/3911
f 3912/3912 3913/3913 3914/3914
f 3917/3917 3920/3920 3919/3919
f 3917/3917 3921/3921 3920/3920
f 3935/3935 3919/3919 3924/3924
f 3924/3924 3919/3919 3920/3920
f 3921/3921 3923/3923 3920/3920
f 3924/3924 3920/3920 3923/3923
f 3921/3921 3917/3917 3918/3918
f 3921/3921 3918/3918 3922/3922
f 3922/3922 3918/3918 3933/3933
f 3917/3917 3916/3916 3918/3918
f 3918/3918 3916/3916 3932/3932
f 3918/3918 3932/3932 3933/3933
f 3929/3929 3927/3927 3926/3926
f 3927/3927 3928/3928 3925/3925
f 3926/3926 3927/3927 3925/3925
f 3931/3931 3926/3926 3915/3915
f 3925/3925 3916/3916 3915/3915
f 3926/3926 3925/3925 3915/3915
f 3915/3915 3916/3916 3917/3917
f 3928/3928 3930/3930 3925/3925
f 3928/3928 3934/3934 3930/3930
f 3925/3925 3930/3930 3916/3916
f 3916/3916 3930/3930 3932/3932
f 3931/3931 3915/3915 3919/3919
f 3915/3915 3917/3917 3919/3919
f 3936/3936 3937/3937 3938/3938
f 3947/3947 3948/3948 3949/3949
f 3946/3946 3945/3945 3943/3943
f 3946/3946 3943/3943 3942/3942
f 3942/3942 3943/3943 3944/3944
f 3939/3939 3940/3940 3941/3941
f 3945/3945 3944/3944 3943/3943
f 3950/3950 3951/3951 3952/3952
f 3950/3950 3952/3952 3953/3953
f 3954/3954 3955/3955 3956/3956
f 3985/3985 3983/3983 3984/3984
f 3983/3983 3980/3980 3984/3984
f 3983/3983 3982/3982 3980/3980
f 3984/3984 3980/3980 3990/3990
f 3990/3990 3979/3979 4125/4125
f 3990/3990 3980/3980 3979/3979
f 4174/4174 4023/4023 4122/4122
f 4174/4174 4163/4163 4023/4023
f 4163/4163 4016/4016 4023/4023
f 4023/4023 4016/4016 4022/4022
f 4122/4122 4023/4023 4024/4024
f 4023/4023 4022/4022 4024/4024
f 4016/4016 4014/4014 4017/4017
f 4014/4014 4013/4013 4017/4017
f 4016/4016 4017/4017 4022/4022
f 4024/4024 4057/4057 4122/4122
f 4024/4024 4022/4022 4025/4025
f 4022/4022 4017/4017 4025/4025
f 4122/4122 4057/4057 4140/4140
f 4140/4140 4057/4057 4058/4058
f 4057/4057 4024/4024 4056/4056
f 4024/4024 4025/4025 4056/4056
f 4057/4057 4056/4056 4058/4058
f 4056/4056 4025/4025 4027/4027
f 4025/4025 4026/4026 4027/4027
f 4017/4017 4026/4026 4025/4025
f 4058/4058 4141/4141 4140/4140
f 4141/4141 4058/4058 4142/4142
f 4026/4026 4028/4028 4027/4027
f 4058/4058 4056/4056 4030/4030
f 4056/4056 4027/4027 4030/4030
f 4030/4030 4027/4027 4029/4029
f 4058/4058 4030/4030 4137/4137
f 4027/4027 4028/4028 4029/4029
f 4029/4029 4028/4028 4031/4031
f 4058/4058 4137/4137 4142/4142
f 4137/4137 4158/4158 4142/4142
f 4142/4142 4158/4158 4175/4175
f 4030/4030 4029/4029 4055/4055
f 4030/4030 4055/4055 4137/4137
f 4029/4029 4031/4031 4055/4055
f 4137/4137 4055/4055 4040/4040
f 4175/4175 4158/4158 4145/4145
f 4137/4137 4040/4040 4158/4158
f 4055/4055 4031/4031 4036/4036
f 4055/4055 4036/4036 4040/4040
f 4040/4040 4036/4036 4039/4039
f 4040/4040 4039/4039 4041/4041
f 4158/4158 4040/4040 4053/4053
f 4145/4145 4158/4158 4053/4053
f 4040/4040 4041/4041 4053/4053
f 4053/4053 4041/4041 4043/4043
f 4041/4041 4039/4039 4042/4042
f 4041/4041 4042/4042 4043/4043
f 4042/4042 4044/4044 4043/4043
f 3970/3970 3969/3969 3967/3967
f 3972/3972 3969/3969 3970/3970
f 3969/3969 3972/3972 3973/3973
f 3967/3967 3969/3969 3968/3968
f 3973/3973 3975/3975 3976/3976
f 3969/3969 3973/3973 3987/3987
f 3973/3973 3976/3976 3987/3987
f 3976/3976 3975/3975 3986/3986
f 3971/3971 3981/3981 3989/3989
f 3978/3978 3970/3970 3967/3967
f 3982/3982 3981/3981 3980/3980
f 3980/3980 3981/3981 3971/3971
f 3971/3971 3979/3979 3980/3980
f 3971/3971 3978/3978 3967/3967
f 3973/3973 3974/3974 3975/3975
f 3965/3965 3963/3963 3960/3960
f 4125/4125 3979/3979 3963/3963
f 3979/3979 3971/3971 3963/3963
f 3963/3963 3971/3971 3967/3967
f 3967/3967 3966/3966 3963/3963
f 3965/3965 4125/4125 3963/3963
f 3966/3966 3967/3967 3968/3968
f 3966/3966 3968/3968 3998/3998
f 3961/3961 3966/3966 3998/3998
f 3963/3963 3961/3961 3960/3960
f 3966/3966 3961/3961 3963/3963
f 3998/3998 3968/3968 3977/3977
f 3965/3965 3960/3960 3957/3957
f 3957/3957 3960/3960 3958/3958
f 3960/3960 3961/3961 3958/3958
f 3957/3957 3958/3958 3959/3959
f 3958/3958 3961/3961 3962/3962
f 3969/3969 3987/3987 3977/3977
f 3977/3977 4163/4163 4174/4174
f 4179/4179 4180/4180 4181/4181
f 3977/3977 3987/3987 4163/4163
f 4192/4192 4193/4193 4194/4194
f 4193/4193 4196/4196 4195/4195
f 3968/3968 3969/3969 3977/3977
f 3987/3987 3976/3976 4139/4139
f 3976/3976 3986/3986 4139/4139
f 3998/3998 3964/3964 3961/3961
f 4180/4180 4182/4182 4181/4181
f 3962/3962 3961/3961 3964/3964
f 4182/4182 4183/4183 4181/4181
f 4194/4194 4193/4193 4195/4195
f 4015/4015 4014/4014 4016/4016
f 4015/4015 4010/4010 4014/4014
f 4184/4184 4181/4181 4183/4183
f 4144/4144 4122/4122 4140/4140
f 4145/4145 4053/4053 4046/4046
f 4048/4048 4046/4046 4047/4047
f 4053/4053 4043/4043 4046/4046
f 4043/4043 4044/4044 4046/4046
f 4046/4046 4044/4044 4047/4047
f 4052/4052 4047/4047 4051/4051
f 4047/4047 4044/4044 4049/4049
f 4047/4047 4049/4049 4051/4051
f 4049/4049 4128/4128 4051/4051
f 4222/4222 4223/4223 4224/4224
f 4070/4070 4067/4067 4069/4069
f 4121/4121 4074/4074 4106/4106
f 4157/4157 4156/4156 4129/4129
f 4156/4156 4121/4121 4129/4129
f 4121/4121 4106/4106 4129/4129
f 4129/4129 4106/4106 4102/4102
f 4102/4102 4103/4103 4104/4104
f 4104/4104 4105/4105 4130/4130
f 4132/4132 4130/4130 4131/4131
f 4131/4131 4130/4130 4105/4105
f 4009/4009 4162/4162 4013/4013
f 4011/4011 4133/4133 4162/4162
f 4013/4013 4162/4162 4143/4143
f 4162/4162 4133/4133 4135/4135
f 4197/4197 4198/4198 4199/4199
f 4199/4199 4198/4198 4200/4200
f 4017/4017 4013/4013 4138/4138
f 4013/4013 4143/4143 4138/4138
f 4133/4133 4020/4020 4135/4135
f 4135/4135 4020/4020 4146/4146
f 4143/4143 4034/4034 4138/4138
f 4143/4143 4146/4146 4034/4034
f 4017/4017 4138/4138 4026/4026
f 4148/4148 4150/4150 4149/4149
f 4148/4148 4149/4149 4147/4147
f 4034/4034 4146/4146 4035/4035
f 4147/4147 4172/4172 4146/4146
f 4172/4172 4147/4147 4149/4149
f 4154/4154 4153/4153 4152/4152
f 4152/4152 4153/4153 4151/4151
f 4210/4210 4209/4209 4207/4207
f 4211/4211 4209/4209 4210/4210
f 4151/4151 4149/4149 4150/4150
f 4152/4152 4151/4151 4150/4150
f 4026/4026 4138/4138 4028/4028
f 4138/4138 4034/4034 4028/4028
f 4028/4028 4034/4034 4033/4033
f 4034/4034 4035/4035 4033/4033
f 4035/4035 4146/4146 4172/4172
f 4207/4207 4208/4208 4206/4206
f 4202/4202 4207/4207 4206/4206
f 4031/4031 4028/4028 4032/4032
f 4033/4033 4035/4035 4032/4032
f 4201/4201 4204/4204 4205/4205
f 4028/4028 4033/4033 4032/4032
f 4031/4031 4032/4032 4036/4036
f 4118/4118 4116/4116 4117/4117
f 4202/4202 4206/4206 4203/4203
f 4201/4201 4202/4202 4203/4203
f 4201/4201 4203/4203 4204/4204
f 4205/4205 4204/4204 4214/4214
f 4204/4204 4203/4203 4214/4214
f 4203/4203 4206/4206 4212/4212
f 4209/4209 4208/4208 4207/4207
f 4124/4124 4119/4119 4123/4123
f 4123/4123 4119/4119 4118/4118
f 4118/4118 4119/4119 4116/4116
f 4036/4036 4032/4032 4037/4037
f 4036/4036 4037/4037 4039/4039
f 4032/4032 4038/4038 4037/4037
f 4039/4039 4037/4037 4054/4054
f 4037/4037 4038/4038 4054/4054
f 4038/4038 4173/4173 4054/4054
f 4214/4214 4203/4203 4212/4212
f 4212/4212 4206/4206 4213/4213
f 4116/4116 4114/4114 4117/4117
f 4214/4214 4212/4212 4215/4215
f 4039/4039 4054/4054 4042/4042
f 4054/4054 4173/4173 4045/4045
f 4042/4042 4045/4045 4044/4044
f 4042/4042 4054/4054 4045/4045
f 4124/4124 4126/4126 4119/4119
f 4119/4119 4115/4115 4116/4116
f 4119/4119 4126/4126 4115/4115
f 4116/4116 4115/4115 4114/4114
f 4114/4114 4115/4115 4111/4111
f 4113/4113 4112/4112 4111/4111
f 4168/4168 4167/4167 4169/4169
f 4168/4168 4171/4171 4166/4166
f 4168/4168 4166/4166 4167/4167
f 4131/4131 4134/4134 4171/4171
f 4171/4171 4134/4134 4176/4176
f 4176/4176 4159/4159 4166/4166
f 4171/4171 4176/4176 4166/4166
f 4170/4170 4167/4167 4165/4165
f 4167/4167 4166/4166 4165/4165
f 4166/4166 4159/4159 4165/4165
f 4189/4189 4190/4190 4188/4188
f 3975/3975 4021/4021 3991/3991
f 4187/4187 4189/4189 4188/4188
f 3975/3975 3991/3991 3986/3986
f 4190/4190 4191/4191 4188/4188
f 4018/4018 4004/4004 4007/4007
f 4018/4018 3999/3999 4004/4004
f 4018/4018 3997/3997 3999/3999
f 3997/3997 3995/3995 3999/3999
f 3988/3988 4021/4021 3975/3975
f 3974/3974 3988/3988 3975/3975
f 3993/3993 3996/3996 3994/3994
f 3997/3997 3992/3992 3995/3995
f 3992/3992 3994/3994 3995/3995
f 3995/3995 4002/4002 4001/4001
f 4185/4185 4187/4187 4188/4188
f 4009/4009 4006/4006 4011/4011
f 4139/4139 4010/4010 4015/4015
f 4139/4139 4008/4008 4010/4010
f 4010/4010 4008/4008 4009/4009
f 4008/4008 4006/4006 4009/4009
f 4008/4008 4007/4007 4006/4006
f 4011/4011 4006/4006 4005/4005
f 4185/4185 4186/4186 4187/4187
f 4139/4139 3986/3986 3991/3991
f 4007/4007 4004/4004 4006/4006
f 4006/4006 4004/4004 4005/4005
f 4010/4010 4009/4009 4013/4013
f 4014/4014 4010/4010 4013/4013
f 4009/4009 4011/4011 4162/4162
f 4011/4011 4005/4005 4133/4133
f 4133/4133 4005/4005 4020/4020
f 4005/4005 4019/4019 4020/4020
f 4004/4004 3999/3999 4003/4003
f 4004/4004 4003/4003 4005/4005
f 4003/4003 4012/4012 4005/4005
f 4003/4003 4000/4000 4012/4012
f 4003/4003 3999/3999 4000/4000
f 3999/3999 3995/3995 4000/4000
f 3995/3995 4001/4001 4000/4000
f 4005/4005 4012/4012 4019/4019
f 4020/4020 4148/4148 4147/4147
f 4020/4020 4155/4155 4148/4148
f 4146/4146 4020/4020 4147/4147
f 4173/4173 4161/4161 4120/4120
f 4161/4161 4114/4114 4120/4120
f 4120/4120 4114/4114 4109/4109
f 4173/4173 4120/4120 4045/4045
f 4109/4109 4114/4114 4111/4111
f 4045/4045 4120/4120 4059/4059
f 4120/4120 4109/4109 4059/4059
f 4044/4044 4045/4045 4050/4050
f 4045/4045 4059/4059 4050/4050
f 4059/4059 4060/4060 4050/4050
f 4059/4059 4109/4109 4060/4060
f 4109/4109 4062/4062 4060/4060
f 4044/4044 4050/4050 4049/4049
f 4049/4049 4050/4050 4128/4128
f 4060/4060 4061/4061 4050/4050
f 4060/4060 4062/4062 4061/4061
f 4050/4050 4061/4061 4128/4128
f 4128/4128 4061/4061 4065/4065
f 4063/4063 4064/4064 4061/4061
f 4111/4111 4062/4062 4109/4109
f 4111/4111 4112/4112 4062/4062
f 4216/4216 4217/4217 4218/4218
f 4062/4062 4107/4107 4063/4063
f 4107/4107 4178/4178 4063/4063
f 4098/4098 4095/4095 4096/4096
f 4098/4098 4096/4096 4107/4107
f 4219/4219 4220/4220 4221/4221
f 4062/4062 4063/4063 4061/4061
f 4128/4128 4065/4065 4067/4067
f 4070/4070 4128/4128 4067/4067
f 4067/4067 4065/4065 4066/4066
f 4061/4061 4064/4064 4065/4065
f 4095/4095 4092/4092 4096/4096
f 4096/4096 4092/4092 4099/4099
f 4096/4096 4099/4099 4178/4178
f 4063/4063 4178/4178 4160/4160
f 4064/4064 4063/4063 4136/4136
f 4063/4063 4160/4160 4136/4136
f 4136/4136 4160/4160 4177/4177
f 4160/4160 4178/4178 4099/4099
f 4092/4092 4091/4091 4099/4099
f 4092/4092 4090/4090 4091/4091
f 4160/4160 4127/4127 4177/4177
f 4100/4100 4177/4177 4127/4127
f 4160/4160 4099/4099 4127/4127
f 4099/4099 4091/4091 4127/4127
f 4069/4069 4067/4067 4068/4068
f 4067/4067 4066/4066 4068/4068
f 4069/4069 4068/4068 4071/4071
f 4068/4068 4072/4072 4071/4071
f 4068/4068 4066/4066 4108/4108
f 4065/4065 4064/4064 4066/4066
f 4066/4066 4064/4064 4108/4108
f 4064/4064 4136/4136 4108/4108
f 4108/4108 4136/4136 4076/4076
f 4071/4071 4072/4072 4073/4073
f 4068/4068 4108/4108 4072/4072
f 4072/4072 4108/4108 4076/4076
f 4072/4072 4074/4074 4073/4073
f 4072/4072 4076/4076 4075/4075
f 4136/4136 4177/4177 4076/4076
f 4076/4076 4177/4177 4110/4110
f 4177/4177 4100/4100 4110/4110
f 4078/4078 4079/4079 4080/4080
f 4078/4078 4080/4080 4081/4081
f 4091/4091 4090/4090 4089/4089
f 4090/4090 4088/4088 4089/4089
f 4088/4088 4086/4086 4089/4089
f 4100/4100 4085/4085 4079/4079
f 4091/4091 4089/4089 4127/4127
f 4127/4127 4089/4089 4100/4100
f 4089/4089 4085/4085 4100/4100
f 4089/4089 4086/4086 4085/4085
f 4086/4086 4084/4084 4085/4085
f 4088/4088 4087/4087 4086/4086
f 4086/4086 4087/4087 4084/4084
f 4085/4085 4084/4084 4079/4079
f 4079/4079 4084/4084 4080/4080
f 4072/4072 4075/4075 4074/4074
f 4074/4074 4075/4075 4106/4106
f 4075/4075 4078/4078 4106/4106
f 4075/4075 4077/4077 4078/4078
f 4076/4076 4110/4110 4077/4077
f 4110/4110 4079/4079 4077/4077
f 4075/4075 4076/4076 4077/4077
f 4106/4106 4078/4078 4102/4102
f 4078/4078 4077/4077 4079/4079
f 4100/4100 4079/4079 4110/4110
f 4102/4102 4081/4081 4103/4103
f 4081/4081 4080/4080 4082/4082
f 4080/4080 4083/4083 4082/4082
f 4081/4081 4082/4082 4103/4103
f 4105/4105 4082/4082 4134/4134
f 4134/4134 4159/4159 4176/4176
f 4082/4082 4159/4159 4134/4134
f 4104/4104 4103/4103 4105/4105
f 4103/4103 4082/4082 4105/4105
f 4101/4101 4083/4083 4084/4084
f 4084/4084 4087/4087 4101/4101
f 4084/4084 4083/4083 4080/4080
f 4164/4164 4165/4165 4159/4159
f 4159/4159 4101/4101 4164/4164
f 4083/4083 4159/4159 4082/4082
f 4083/4083 4101/4101 4159/4159
f 4102/4102 4078/4078 4081/4081
f 4131/4131 4105/4105 4134/4134
f 4097/4097 4094/4094 4095/4095
f 4095/4095 4094/4094 4092/4092
f 4094/4094 4093/4093 4092/4092
f 4093/4093 4090/4090 4092/4092
f 4237/4237 4251/4251 4306/4306
f 4305/4305 4333/4333 4307/4307
f 4333/4333 4251/4251 4307/4307
f 4333/4333 4306/4306 4251/4251
f 4330/4330 4328/4328 4323/4323
f 4252/4252 4226/4226 4234/4234
f 4234/4234 4226/4226 4228/4228
f 4237/4237 4234/4234 4231/4231
f 4234/4234 4228/4228 4231/4231
f 4237/4237 4231/4231 4233/4233
f 4237/4237 4233/4233 4251/4251
f 4305/4305 4307/4307 4298/4298
f 4298/4298 4307/4307 4302/4302
f 4307/4307 4308/4308 4302/4302
f 4305/4305 4298/4298 4300/4300
f 4300/4300 4298/4298 4299/4299
f 4298/4298 4297/4297 4299/4299
f 4298/4298 4302/4302 4296/4296
f 4298/4298 4296/4296 4297/4297
f 4307/4307 4251/4251 4308/4308
f 4308/4308 4250/4250 4302/4302
f 4251/4251 4250/4250 4308/4308
f 4251/4251 4233/4233 4250/4250
f 4233/4233 4232/4232 4250/4250
f 4302/4302 4293/4293 4296/4296
f 4250/4250 4309/4309 4302/4302
f 4250/4250 4232/4232 4309/4309
f 4302/4302 4301/4301 4293/4293
f 4309/4309 4301/4301 4302/4302
f 4297/4297 4296/4296 4295/4295
f 4296/4296 4294/4294 4295/4295
f 4295/4295 4294/4294 4291/4291
f 4296/4296 4293/4293 4294/4294
f 4293/4293 4292/4292 4294/4294
f 4293/4293 4257/4257 4292/4292
f 4294/4294 4292/4292 4291/4291
f 4257/4257 4258/4258 4292/4292
f 4292/4292 4286/4286 4291/4291
f 4292/4292 4258/4258 4286/4286
f 4290/4290 4291/4291 4288/4288
f 4291/4291 4286/4286 4288/4288
f 4329/4329 4324/4324 4328/4328
f 4329/4329 4325/4325 4324/4324
f 4329/4329 4331/4331 4325/4325
f 4328/4328 4324/4324 4323/4323
f 4324/4324 4319/4319 4323/4323
f 4324/4324 4325/4325 4319/4319
f 4325/4325 4315/4315 4319/4319
f 4315/4315 4325/4325 4313/4313
f 4315/4315 4313/4313 4314/4314
f 4331/4331 4332/4332 4325/4325
f 4325/4325 4332/4332 4326/4326
f 4325/4325 4326/4326 4313/4313
f 4323/4323 4320/4320 4322/4322
f 4323/4323 4319/4319 4320/4320
f 4319/4319 4314/4314 4320/4320
f 4322/4322 4320/4320 4321/4321
f 4320/4320 4318/4318 4321/4321
f 4320/4320 4314/4314 4318/4318
f 4319/4319 4315/4315 4314/4314
f 4314/4314 4313/4313 4312/4312
f 4321/4321 4318/4318 4327/4327
f 4318/4318 4314/4314 4316/4316
f 4314/4314 4312/4312 4316/4316
f 4312/4312 4317/4317 4316/4316
f 4312/4312 4310/4310 4317/4317
f 4313/4313 4311/4311 4312/4312
f 4312/4312 4311/4311 4310/4310
f 4317/4317 4310/4310 4285/4285
f 4285/4285 4310/4310 4248/4248
f 4310/4310 4311/4311 4248/4248
f 4249/4249 4229/4229 4226/4226
f 4249/4249 4247/4247 4229/4229
f 4249/4249 4226/4226 4252/4252
f 4226/4226 4229/4229 4227/4227
f 4285/4285 4248/4248 4284/4284
f 4284/4284 4248/4248 4247/4247
f 4247/4247 4239/4239 4229/4229
f 4229/4229 4238/4238 4227/4227
f 4229/4229 4239/4239 4238/4238
f 4247/4247 4248/4248 4239/4239
f 4238/4238 4239/4239 4245/4245
f 4228/4228 4225/4225 4231/4231
f 4228/4228 4226/4226 4225/4225
f 4225/4225 4226/4226 4227/4227
f 4227/4227 4238/4238 4236/4236
f 4225/4225 4230/4230 4231/4231
f 4225/4225 4227/4227 4230/4230
f 4227/4227 4236/4236 4230/4230
f 4236/4236 4243/4243 4242/4242
f 4233/4233 4231/4231 4232/4232
f 4231/4231 4230/4230 4232/4232
f 4309/4309 4232/4232 4301/4301
f 4230/4230 4235/4235 4232/4232
f 4301/4301 4254/4254 4293/4293
f 4232/4232 4235/4235 4301/4301
f 4301/4301 4235/4235 4254/4254
f 4230/4230 4240/4240 4235/4235
f 4240/4240 4241/4241 4235/4235
f 4230/4230 4236/4236 4240/4240
f 4240/4240 4242/4242 4241/4241
f 4235/4235 4241/4241 4254/4254
f 4254/4254 4241/4241 4255/4255
f 4242/4242 4276/4276 4241/4241
f 4236/4236 4242/4242 4240/4240
f 4236/4236 4238/4238 4243/4243
f 4238/4238 4245/4245 4243/4243
f 4245/4245 4246/4246 4243/4243
f 4243/4243 4246/4246 4244/4244
f 4246/4246 4253/4253 4244/4244
f 4243/4243 4244/4244 4242/4242
f 4244/4244 4253/4253 4273/4273
f 4253/4253 4274/4274 4273/4273
f 4274/4274 4267/4267 4273/4273
f 4242/4242 4244/4244 4276/4276
f 4276/4276 4268/4268 4265/4265
f 4244/4244 4268/4268 4276/4276
f 4244/4244 4273/4273 4268/4268
f 4273/4273 4267/4267 4268/4268
f 4268/4268 4267/4267 4265/4265
f 4265/4265 4267/4267 4266/4266
f 4274/4274 4275/4275 4267/4267
f 4267/4267 4275/4275 4269/4269
f 4293/4293 4254/4254 4257/4257
f 4254/4254 4256/4256 4257/4257
f 4257/4257 4256/4256 4258/4258
f 4258/4258 4256/4256 4259/4259
f 4256/4256 4262/4262 4259/4259
f 4254/4254 4255/4255 4256/4256
f 4255/4255 4241/4241 4276/4276
f 4255/4255 4276/4276 4263/4263
f 4255/4255 4263/4263 4256/4256
f 4276/4276 4265/4265 4263/4263
f 4256/4256 4263/4263 4262/4262
f 4286/4286 4287/4287 4288/4288
f 4286/4286 4260/4260 4287/4287
f 4286/4286 4258/4258 4260/4260
f 4258/4258 4259/4259 4260/4260
f 4259/4259 4261/4261 4260/4260
f 4259/4259 4348/4348 4261/4261
f 4348/4348 4345/4345 4346/4346
f 4261/4261 4348/4348 4346/4346
f 4345/4345 4344/4344 4346/4346
f 4345/4345 4343/4343 4344/4344
f 4265/4265 4264/4264 4263/4263
f 4263/4263 4264/4264 4262/4262
f 4265/4265 4266/4266 4264/4264
f 4262/4262 4264/4264 4304/4304
f 4264/4264 4303/4303 4304/4304
f 4266/4266 4270/4270 4264/4264
f 4264/4264 4270/4270 4303/4303
f 4266/4266 4269/4269 4270/4270
f 4266/4266 4267/4267 4269/4269
f 4270/4270 4269/4269 4271/4271
f 4343/4343 4341/4341 4344/4344
f 4343/4343 4340/4340 4341/4341
f 4340/4340 4338/4338 4334/4334
f 4340/4340 4339/4339 4341/4341
f 4340/4340 4334/4334 4339/4339
f 4339/4339 4334/4334 4337/4337
f 4270/4270 4281/4281 4303/4303
f 4270/4270 4271/4271 4281/4281
f 4281/4281 4271/4271 4278/4278
f 4288/4288 4289/4289 4290/4290
f 4288/4288 4287/4287 4289/4289
f 4341/4341 4339/4339 4342/4342
f 4339/4339 4337/4337 4342/4342
f 4342/4342 4337/4337 4347/4347
f 4366/4366 4364/4364 4367/4367
f 4366/4366 4363/4363 4364/4364
f 4338/4338 4335/4335 4334/4334
f 4334/4334 4335/4335 4336/4336
f 4334/4334 4336/4336 4337/4337
f 4363/4363 4361/4361 4364/4364
f 4364/4364 4361/4361 4365/4365
f 4363/4363 4359/4359 4361/4361
f 4359/4359 4351/4351 4361/4361
f 4359/4359 4356/4356 4351/4351
f 4356/4356 4358/4358 4352/4352
f 4356/4356 4352/4352 4351/4351
f 4337/4337 4336/4336 4349/4349
f 4337/4337 4349/4349 4347/4347
f 4365/4365 4361/4361 4362/4362
f 4361/4361 4360/4360 4362/4362
f 4336/4336 4350/4350 4349/4349
f 4361/4361 4353/4353 4360/4360
f 4361/4361 4351/4351 4353/4353
f 4353/4353 4355/4355 4360/4360
f 4352/4352 4357/4357 4354/4354
f 4351/4351 4352/4352 4353/4353
f 4353/4353 4352/4352 4354/4354
f 4353/4353 4354/4354 4355/4355
f 4358/4358 4357/4357 4352/4352
f 4275/4275 4272/4272 4269/4269
f 4269/4269 4272/4272 4271/4271
f 4272/4272 4277/4277 4271/4271
f 4272/4272 4282/4282 4277/4277
f 4271/4271 4277/4277 4278/4278
f 4278/4278 4277/4277 4279/4279
f 4278/4278 4279/4279 4280/4280
f 4279/4279 4277/4277 4283/4283
f 4380/4380 4375/4375 4376/4376
f 4380/4380 4373/4373 4383/4383
f 4380/4380 4376/4376 4373/4373
f 4373/4373 4370/4370 4371/4371
f 4373/4373 4376/4376 4370/4370
f 4380/4380 4384/4384 4375/4375
f 4375/4375 4384/4384 4377/4377
f 4377/4377 4374/4374 4375/4375
f 4377/4377 4378/4378 4374/4374
f 4375/4375 4374/4374 4368/4368
f 4375/4375 4368/4368 4376/4376
f 4376/4376 4368/4368 4370/4370
f 4368/4368 4369/4369 4370/4370
f 4368/4368 4374/4374 4369/4369
f 4386/4386 4388/4388 4389/4389
f 4371/4371 4370/4370 4369/4369
f 4386/4386 4387/4387 4388/4388
f 4371/4371 4369/4369 4372/4372
f 4385/4385 4372/4372 4381/4381
f 4372/4372 4369/4369 4381/4381
f 4379/4379 4369/4369 4374/4374
f 4381/4381 4369/4369 4379/4379
f 4381/4381 4379/4379 4382/4382
f 4421/4421 4420/4420 4418/4418
f 4421/4421 4418/4418 4422/4422
f 4423/4423 4427/4427 4413/4413
f 4423/4423 4413/4413 4428/4428
f 4420/4420 4423/4423 4419/4419
f 4420/4420 4419/4419 4418/4418
f 4423/4423 4428/4428 4419/4419
f 4428/4428 4413/4413 4419/4419
f 4419/4419 4412/4412 4418/4418
f 4419/4419 4413/4413 4412/4412
f 4412/4412 4415/4415 4418/4418
f 4412/4412 4414/4414 4415/4415
f 4400/4400 4397/4397 4398/4398
f 4398/4398 4395/4395 4399/4399
f 4399/4399 4395/4395 4390/4390
f 4398/4398 4397/4397 4395/4395
f 4395/4395 4394/4394 4390/4390
f 4397/4397 4396/4396 4395/4395
f 4395/4395 4396/4396 4394/4394
f 4452/4452 4451/4451 4450/4450
f 4390/4390 4392/4392 4399/4399
f 4399/4399 4392/4392 4401/4401
f 4392/4392 4402/4402 4401/4401
f 4427/4427 4424/4424 4413/4413
f 4427/4427 4426/4426 4424/4424
f 4426/4426 4425/4425 4424/4424
f 4413/4413 4424/4424 4407/4407
f 4425/4425 4407/4407 4424/4424
f 4413/4413 4407/4407 4412/4412
f 4390/4390 4394/4394 4391/4391
f 4390/4390 4391/4391 4392/4392
f 4450/4450 4453/4453 4452/4452
f 4452/4452 4453/4453 4459/4459
f 4459/4459 4453/4453 4460/4460
f 4407/4407 4408/4408 4412/4412
f 4412/4412 4408/4408 4414/4414
f 4401/4401 4402/4402 4407/4407
f 4407/4407 4402/4402 4408/4408
f 4415/4415 4414/4414 4417/4417
f 4408/4408 4409/4409 4410/4410
f 4410/4410 4411/4411 4408/4408
f 4408/4408 4411/4411 4414/4414
f 4391/4391 4393/4393 4392/4392
f 4392/4392 4393/4393 4403/4403
f 4391/4391 4442/4442 4393/4393
f 4392/4392 4403/4403 4402/4402
f 4402/4402 4409/4409 4408/4408
f 4402/4402 4403/4403 4409/4409
f 4409/4409 4403/4403 4440/4440
f 4403/4403 4439/4439 4440/4440
f 4403/4403 4393/4393 4439/4439
f 4400/4400 4405/4405 4404/4404
f 4400/4400 4404/4404 4397/4397
f 4466/4466 4469/4469 4464/4464
f 4466/4466 4464/4464 4465/4465
f 4465/4465 4464/4464 4451/4451
f 4405/4405 4406/4406 4404/4404
f 4464/4464 4468/4468 4446/4446
f 4464/4464 4446/4446 4451/4451
f 4446/4446 4450/4450 4451/4451
f 4450/4450 4448/4448 4454/4454
f 4468/4468 4447/4447 4446/4446
f 4446/4446 4448/4448 4450/4450
f 4446/4446 4447/4447 4448/4448
f 4447/4447 4449/4449 4448/4448
f 4448/4448 4449/4449 4454/4454
f 4447/4447 4463/4463 4449/4449
f 4449/4449 4455/4455 4454/4454
f 4429/4429 4406/4406 4405/4405
f 4429/4429 4430/4430 4406/4406
f 4450/4450 4454/4454 4453/4453
f 4453/4453 4456/4456 4460/4460
f 4453/4453 4454/4454 4456/4456
f 4442/4442 4441/4441 4431/4431
f 4442/4442 4431/4431 4393/4393
f 4393/4393 4431/4431 4434/4434
f 4393/4393 4434/4434 4439/4439
f 4454/4454 4458/4458 4456/4456
f 4456/4456 4458/4458 4462/4462
f 4454/4454 4455/4455 4458/4458
f 4441/4441 4432/4432 4431/4431
f 4431/4431 4433/4433 4434/4434
f 4431/4431 4432/4432 4433/4433
f 4432/4432 4435/4435 4433/4433
f 4433/4433 4435/4435 4436/4436
f 4414/4414 4416/4416 4417/4417
f 4414/4414 4411/4411 4416/4416
f 4463/4463 4457/4457 4449/4449
f 4449/4449 4457/4457 4455/4455
f 4455/4455 4457/4457 4461/4461
f 4463/4463 4467/4467 4457/4457
f 4455/4455 4461/4461 4458/4458
f 4443/4443 4435/4435 4432/4432
f 4443/4443 4437/4437 4435/4435
f 4443/4443 4444/4444 4437/4437
f 4436/4436 4435/4435 4437/4437
f 4437/4437 4445/4445 4438/4438
f 4437/4437 4438/4438 4436/4436
f 4523/4523 4521/4521 4491/4491
f 4521/4521 4522/4522 4491/4491
f 4537/4537 4535/4535 4533/4533
f 4533/4533 4535/4535 4534/4534
f 4525/4525 4523/4523 4524/4524
f 4523/4523 4491/4491 4524/4524
f 4535/4535 4536/4536 4534/4534
f 4532/4532 4533/4533 4530/4530
f 4532/4532 4530/4530 4531/4531
f 4531/4531 4530/4530 4529/4529
f 4533/4533 4534/4534 4530/4530
f 4534/4534 4526/4526 4530/4530
f 4530/4530 4526/4526 4529/4529
f 4526/4526 4528/4528 4529/4529
f 4524/4524 4491/4491 4494/4494
f 4534/4534 4536/4536 4527/4527
f 4494/4494 4491/4491 4493/4493
f 4536/4536 4538/4538 4527/4527
f 4534/4534 4527/4527 4526/4526
f 4493/4493 4491/4491 4490/4490
f 4493/4493 4490/4490 4492/4492
f 4505/4505 4493/4493 4492/4492
f 4526/4526 4527/4527 4528/4528
f 4492/4492 4490/4490 4486/4486
f 4491/4491 4522/4522 4501/4501
f 4501/4501 4489/4489 4491/4491
f 4491/4491 4489/4489 4490/4490
f 4507/4507 4492/4492 4506/4506
f 4506/4506 4492/4492 4496/4496
f 4492/4492 4495/4495 4496/4496
f 4496/4496 4495/4495 4504/4504
f 4492/4492 4486/4486 4495/4495
f 4504/4504 4495/4495 4503/4503
f 4499/4499 4509/4509 4520/4520
f 4495/4495 4486/4486 4497/4497
f 4495/4495 4497/4497 4503/4503
f 4490/4490 4489/4489 4486/4486
f 4486/4486 4488/4488 4497/4497
f 4486/4486 4489/4489 4487/4487
f 4486/4486 4487/4487 4488/4488
f 4497/4497 4488/4488 4498/4498
f 4497/4497 4498/4498 4499/4499
f 4498/4498 4511/4511 4500/4500
f 4499/4499 4498/4498 4500/4500
f 4499/4499 4500/4500 4508/4508
f 4508/4508 4500/4500 4510/4510
f 4509/4509 4499/4499 4508/4508
f 4512/4512 4514/4514 4519/4519
f 4512/4512 4513/4513 4514/4514
f 4508/4508 4510/4510 4512/4512
f 4512/4512 4510/4510 4513/4513
f 4509/4509 4508/4508 4512/4512
f 4509/4509 4512/4512 4519/4519
f 4516/4516 4514/4514 4515/4515
f 4514/4514 4513/4513 4515/4515
f 4513/4513 4517/4517 4515/4515
f 4519/4519 4514/4514 4516/4516
f 4516/4516 4515/4515 4485/4485
f 4501/4501 4502/4502 4489/4489
f 4489/4489 4502/4502 4487/4487
f 4513/4513 4518/4518 4517/4517
f 4485/4485 4515/4515 4484/4484
f 4485/4485 4484/4484 4479/4479
f 4485/4485 4479/4479 4480/4480
f 4480/4480 4479/4479 4475/4475
f 4480/4480 4475/4475 4476/4476
f 4515/4515 4482/4482 4484/4484
f 4484/4484 4482/4482 4479/4479
f 4515/4515 4517/4517 4482/4482
f 4482/4482 4478/4478 4479/4479
f 4479/4479 4478/4478 4475/4475
f 4478/4478 4470/4470 4475/4475
f 4476/4476 4477/4477 4481/4481
f 4476/4476 4475/4475 4472/4472
f 4476/4476 4472/4472 4477/4477
f 4475/4475 4470/4470 4472/4472
f 4472/4472 4474/4474 4477/4477
f 4478/4478 4473/4473 4470/4470
f 4470/4470 4471/4471 4472/4472
f 4473/4473 4471/4471 4470/4470
f 4472/4472 4471/4471 4474/4474
f 4473/4473 4483/4483 4471/4471
f 4550/4550 4549/4549 4557/4557
f 4580/4580 4557/4557 4555/4555
f 4659/4659 4625/4625 4656/4656
f 4638/4638 4635/4635 4636/4636
f 4636/4636 4635/4635 4634/4634
f 4656/4656 4635/4635 4638/4638
f 4656/4656 4625/4625 4635/4635
f 4635/4635 4623/4623 4634/4634
f 4639/4639 4637/4637 4633/4633
f 4652/4652 4622/4622 4660/4660
f 4639/4639 4633/4633 4652/4652
f 4652/4652 4633/4633 4622/4622
f 4633/4633 4618/4618 4622/4622
f 4636/4636 4634/4634 4637/4637
f 4637/4637 4634/4634 4633/4633
f 4633/4633 4634/4634 4619/4619
f 4619/4619 4618/4618 4633/4633
f 4618/4618 4621/4621 4622/4622
f 4620/4620 4618/4618 4615/4615
f 4635/4635 4625/4625 4623/4623
f 4659/4659 4657/4657 4625/4625
f 4623/4623 4625/4625 4624/4624
f 4625/4625 4657/4657 4624/4624
f 4623/4623 4624/4624 4616/4616
f 4657/4657 4655/4655 4624/4624
f 4634/4634 4623/4623 4619/4619
f 4623/4623 4616/4616 4619/4619
f 4619/4619 4616/4616 4618/4618
f 4618/4618 4616/4616 4615/4615
f 4615/4615 4616/4616 4608/4608
f 4616/4616 4617/4617 4608/4608
f 4616/4616 4624/4624 4617/4617
f 4624/4624 4641/4641 4617/4617
f 4624/4624 4655/4655 4641/4641
f 4608/4608 4617/4617 4611/4611
f 4655/4655 4649/4649 4641/4641
f 4641/4641 4626/4626 4617/4617
f 4617/4617 4626/4626 4611/4611
f 4641/4641 4649/4649 4626/4626
f 4655/4655 4658/4658 4649/4649
f 4655/4655 4675/4675 4658/4658
f 4654/4654 4651/4651 4649/4649
f 4626/4626 4649/4649 4651/4651
f 4626/4626 4651/4651 4650/4650
f 4651/4651 4666/4666 4650/4650
f 4654/4654 4666/4666 4651/4651
f 4654/4654 4668/4668 4666/4666
f 4668/4668 4673/4673 4666/4666
f 4557/4557 4549/4549 4555/4555
f 4550/4550 4544/4544 4549/4549
f 4549/4549 4544/4544 4546/4546
f 4544/4544 4541/4541 4542/4542
f 4539/4539 4540/4540 4541/4541
f 4541/4541 4540/4540 4542/4542
f 4540/4540 4543/4543 4542/4542
f 4575/4575 4569/4569 4571/4571
f 4571/4571 4570/4570 4572/4572
f 4571/4571 4569/4569 4570/4570
f 4573/4573 4572/4572 4570/4570
f 4573/4573 4570/4570 4578/4578
f 4562/4562 4561/4561 4563/4563
f 4563/4563 4561/4561 4564/4564
f 4579/4579 4567/4567 4576/4576
f 4575/4575 4576/4576 4566/4566
f 4575/4575 4566/4566 4569/4569
f 4567/4567 4555/4555 4566/4566
f 4576/4576 4567/4567 4566/4566
f 4555/4555 4554/4554 4566/4566
f 4555/4555 4549/4549 4554/4554
f 4569/4569 4566/4566 4568/4568
f 4569/4569 4568/4568 4570/4570
f 4568/4568 4577/4577 4570/4570
f 4566/4566 4556/4556 4568/4568
f 4568/4568 4574/4574 4577/4577
f 4570/4570 4577/4577 4578/4578
f 4574/4574 4559/4559 4577/4577
f 4549/4549 4546/4546 4554/4554
f 4554/4554 4556/4556 4566/4566
f 4554/4554 4546/4546 4556/4556
f 4546/4546 4544/4544 4545/4545
f 4544/4544 4542/4542 4545/4545
f 4546/4546 4545/4545 4548/4548
f 4542/4542 4547/4547 4545/4545
f 4545/4545 4547/4547 4548/4548
f 4546/4546 4548/4548 4556/4556
f 4556/4556 4548/4548 4552/4552
f 4552/4552 4548/4548 4551/4551
f 4568/4568 4556/4556 4574/4574
f 4556/4556 4552/4552 4574/4574
f 4574/4574 4552/4552 4559/4559
f 4559/4559 4552/4552 4558/4558
f 4558/4558 4581/4581 4583/4583
f 4581/4581 4582/4582 4583/4583
f 4578/4578 4577/4577 4562/4562
f 4577/4577 4559/4559 4562/4562
f 4562/4562 4559/4559 4561/4561
f 4564/4564 4561/4561 4565/4565
f 4561/4561 4559/4559 4560/4560
f 4561/4561 4560/4560 4565/4565
f 4559/4559 4558/4558 4560/4560
f 4558/4558 4583/4583 4560/4560
f 4560/4560 4583/4583 4584/4584
f 4560/4560 4595/4595 4565/4565
f 4560/4560 4584/4584 4595/4595
f 4583/4583 4582/4582 4584/4584
f 4595/4595 4584/4584 4586/4586
f 4547/4547 4551/4551 4548/4548
f 4551/4551 4553/4553 4552/4552
f 4553/4553 4558/4558 4552/4552
f 4553/4553 4581/4581 4558/4558
f 4553/4553 4585/4585 4581/4581
f 4553/4553 4594/4594 4585/4585
f 4585/4585 4594/4594 4593/4593
f 4581/4581 4585/4585 4582/4582
f 4585/4585 4593/4593 4582/4582
f 4584/4584 4582/4582 4586/4586
f 4582/4582 4587/4587 4586/4586
f 4582/4582 4593/4593 4587/4587
f 4586/4586 4587/4587 4588/4588
f 4591/4591 4592/4592 4590/4590
f 4660/4660 4622/4622 4661/4661
f 4661/4661 4622/4622 4631/4631
f 4661/4661 4631/4631 4632/4632
f 4632/4632 4631/4631 4630/4630
f 4631/4631 4621/4621 4630/4630
f 4632/4632 4630/4630 4645/4645
f 4630/4630 4629/4629 4645/4645
f 4630/4630 4627/4627 4629/4629
f 4645/4645 4629/4629 4647/4647
f 4622/4622 4621/4621 4631/4631
f 4621/4621 4627/4627 4630/4630
f 4618/4618 4620/4620 4621/4621
f 4621/4621 4620/4620 4614/4614
f 4621/4621 4614/4614 4627/4627
f 4614/4614 4620/4620 4612/4612
f 4620/4620 4615/4615 4612/4612
f 4647/4647 4629/4629 4628/4628
f 4629/4629 4627/4627 4628/4628
f 4605/4605 4602/4602 4601/4601
f 4605/4605 4604/4604 4602/4602
f 4601/4601 4602/4602 4600/4600
f 4628/4628 4627/4627 4613/4613
f 4647/4647 4628/4628 4606/4606
f 4628/4628 4644/4644 4606/4606
f 4628/4628 4642/4642 4644/4644
f 4628/4628 4613/4613 4642/4642
f 4644/4644 4642/4642 4663/4663
f 4606/4606 4644/4644 4604/4604
f 4605/4605 4606/4606 4604/4604
f 4604/4604 4644/4644 4663/4663
f 4604/4604 4663/4663 4603/4603
f 4604/4604 4603/4603 4602/4602
f 4602/4602 4603/4603 4600/4600
f 4603/4603 4607/4607 4600/4600
f 4663/4663 4682/4682 4603/4603
f 4663/4663 4670/4670 4682/4682
f 4682/4682 4670/4670 4683/4683
f 4598/4598 4601/4601 4600/4600
f 4592/4592 4598/4598 4597/4597
f 4614/4614 4612/4612 4613/4613
f 4627/4627 4614/4614 4613/4613
f 4612/4612 4610/4610 4613/4613
f 4610/4610 4648/4648 4613/4613
f 4615/4615 4608/4608 4612/4612
f 4612/4612 4608/4608 4610/4610
f 4611/4611 4609/4609 4608/4608
f 4608/4608 4609/4609 4610/4610
f 4610/4610 4609/4609 4648/4648
f 4609/4609 4643/4643 4648/4648
f 4613/4613 4646/4646 4642/4642
f 4646/4646 4670/4670 4642/4642
f 4613/4613 4648/4648 4646/4646
f 4642/4642 4670/4670 4663/4663
f 4670/4670 4646/4646 4671/4671
f 4670/4670 4671/4671 4683/4683
f 4671/4671 4684/4684 4683/4683
f 4646/4646 4648/4648 4665/4665
f 4646/4646 4665/4665 4671/4671
f 4665/4665 4648/4648 4662/4662
f 4665/4665 4677/4677 4671/4671
f 4671/4671 4677/4677 4684/4684
f 4684/4684 4677/4677 4686/4686
f 4626/4626 4640/4640 4611/4611
f 4611/4611 4640/4640 4643/4643
f 4640/4640 4653/4653 4643/4643
f 4611/4611 4643/4643 4609/4609
f 4648/4648 4643/4643 4662/4662
f 4626/4626 4650/4650 4640/4640
f 4640/4640 4650/4650 4653/4653
f 4643/4643 4653/4653 4662/4662
f 4650/4650 4667/4667 4653/4653
f 4653/4653 4664/4664 4662/4662
f 4653/4653 4669/4669 4664/4664
f 4664/4664 4669/4669 4676/4676
f 4662/4662 4672/4672 4665/4665
f 4665/4665 4672/4672 4677/4677
f 4677/4677 4672/4672 4685/4685
f 4686/4686 4677/4677 4685/4685
f 4662/4662 4664/4664 4672/4672
f 4664/4664 4676/4676 4672/4672
f 4672/4672 4681/4681 4685/4685
f 4672/4672 4676/4676 4681/4681
f 4650/4650 4666/4666 4667/4667
f 4666/4666 4673/4673 4674/4674
f 4666/4666 4674/4674 4667/4667
f 4653/4653 4667/4667 4669/4669
f 4667/4667 4674/4674 4669/4669
f 4676/4676 4669/4669 4680/4680
f 4686/4686 4685/4685 4689/4689
f 4681/4681 4676/4676 4680/4680
f 4681/4681 4680/4680 4687/4687
f 4688/4688 4689/4689 4685/4685
f 4685/4685 4681/4681 4688/4688
f 4688/4688 4681/4681 4687/4687
f 4674/4674 4678/4678 4669/4669
f 4669/4669 4679/4679 4680/4680
f 4669/4669 4678/4678 4679/4679
f 4586/4586 4588/4588 4589/4589
f 4588/4588 4591/4591 4590/4590
f 4588/4588 4590/4590 4589/4589
f 4592/4592 4597/4597 4596/4596
f 4592/4592 4596/4596 4590/4590
f 4598/4598 4600/4600 4597/4597
f 4600/4600 4599/4599 4597/4597
f 4597/4597 4599/4599 4596/4596
f 4694/4694 4691/4691 4693/4693
f 4695/4695 4694/4694 4693/4693
f 4695/4695 4693/4693 4702/4702
f 4695/4695 4702/4702 4704/4704
f 4693/4693 4690/4690 4702/4702
f 4693/4693 4691/4691 4690/4690
f 4702/4702 4690/4690 4696/4696
f 4690/4690 4691/4691 4692/4692
f 4690/4690 4709/4709 4696/4696
f 4702/4702 4696/4696 4700/4700
f 4712/4712 4704/4704 4701/4701
f 4704/4704 4702/4702 4700/4700
f 4700/4700 4701/4701 4704/4704
f 4700/4700 4699/4699 4701/4701
f 4701/4701 4699/4699 4710/4710
f 4699/4699 4705/4705 4710/4710
f 4709/4709 4720/4720 4697/4697
f 4709/4709 4697/4697 4696/4696
f 4720/4720 4708/4708 4697/4697
f 4697/4697 4708/4708 4707/4707
f 4697/4697 4707/4707 4698/4698
f 4700/4700 4696/4696 4699/4699
f 4696/4696 4698/4698 4699/4699
f 4696/4696 4697/4697 4698/4698
f 4699/4699 4703/4703 4705/4705
f 4705/4705 4703/4703 4716/4716
f 4698/4698 4703/4703 4699/4699
f 4698/4698 4707/4707 4706/4706
f 4698/4698 4706/4706 4703/4703
f 4703/4703 4706/4706 4711/4711
f 4703/4703 4711/4711 4716/4716
f 4716/4716 4711/4711 4718/4718
f 4708/4708 4719/4719 4707/4707
f 4719/4719 4715/4715 4707/4707
f 4707/4707 4715/4715 4713/4713
f 4715/4715 4717/4717 4713/4713
f 4706/4706 4707/4707 4713/4713
f 4706/4706 4713/4713 4711/4711
f 4711/4711 4713/4713 4714/4714
f 4756/4756 4745/4745 4755/4755
f 4756/4756 4744/4744 4745/4745
f 4756/4756 4763/4763 4744/4744
f 4758/4758 4744/4744 4763/4763
f 4758/4758 4757/4757 4744/4744
f 4757/4757 4742/4742 4744/4744
f 4744/4744 4743/4743 4745/4745
f 4755/4755 4745/4745 4748/4748
f 4748/4748 4745/4745 4747/4747
f 4743/4743 4746/4746 4745/4745
f 4745/4745 4746/4746 4747/4747
f 4742/4742 4743/4743 4744/4744
f 4743/4743 4742/4742 4741/4741
f 4742/4742 4740/4740 4741/4741
f 4743/4743 4741/4741 4750/4750
f 4741/4741 4736/4736 4759/4759
f 4741/4741 4759/4759 4762/4762
f 4762/4762 4759/4759 4761/4761
f 4743/4743 4750/4750 4746/4746
f 4746/4746 4750/4750 4762/4762
f 4750/4750 4741/4741 4762/4762
f 4741/4741 4735/4735 4736/4736
f 4740/4740 4735/4735 4741/4741
f 4740/4740 4738/4738 4735/4735
f 4738/4738 4737/4737 4735/4735
f 4759/4759 4736/4736 4721/4721
f 4759/4759 4721/4721 4761/4761
f 4736/4736 4722/4722 4721/4721
f 4736/4736 4735/4735 4722/4722
f 4735/4735 4732/4732 4722/4722
f 4721/4721 4722/4722 4723/4723
f 4737/4737 4732/4732 4735/4735
f 4737/4737 4739/4739 4732/4732
f 4732/4732 4739/4739 4733/4733
f 4732/4732 4731/4731 4722/4722
f 4732/4732 4733/4733 4731/4731
f 4748/4748 4747/4747 4749/4749
f 4749/4749 4747/4747 4751/4751
f 4747/4747 4754/4754 4751/4751
f 4751/4751 4754/4754 4764/4764
f 4754/4754 4747/4747 4753/4753
f 4754/4754 4753/4753 4764/4764
f 4753/4753 4766/4766 4764/4764
f 4779/4779 4776/4776 4778/4778
f 4776/4776 4777/4777 4778/4778
f 4764/4764 4766/4766 4772/4772
f 4746/4746 4762/4762 4761/4761
f 4747/4747 4746/4746 4752/4752
f 4747/4747 4752/4752 4753/4753
f 4753/4753 4760/4760 4766/4766
f 4753/4753 4752/4752 4760/4760
f 4761/4761 4752/4752 4746/4746
f 4752/4752 4761/4761 4728/4728
f 4728/4728 4730/4730 4752/4752
f 4752/4752 4730/4730 4760/4760
f 4761/4761 4721/4721 4723/4723
f 4761/4761 4723/4723 4728/4728
f 4723/4723 4724/4724 4728/4728
f 4722/4722 4724/4724 4723/4723
f 4728/4728 4724/4724 4727/4727
f 4730/4730 4768/4768 4760/4760
f 4728/4728 4727/4727 4730/4730
f 4760/4760 4768/4768 4766/4766
f 4727/4727 4726/4726 4729/4729
f 4727/4727 4729/4729 4730/4730
f 4730/4730 4729/4729 4768/4768
f 4729/4729 4773/4773 4768/4768
f 4768/4768 4773/4773 4769/4769
f 4772/4772 4766/4766 4765/4765
f 4775/4775 4772/4772 4774/4774
f 4772/4772 4765/4765 4774/4774
f 4783/4783 4781/4781 4780/4780
f 4780/4780 4781/4781 4782/4782
f 4771/4771 4765/4765 4770/4770
f 4765/4765 4766/4766 4767/4767
f 4765/4765 4767/4767 4770/4770
f 4766/4766 4768/4768 4767/4767
f 4768/4768 4769/4769 4767/4767
f 4722/4722 4725/4725 4724/4724
f 4724/4724 4726/4726 4727/4727
f 4724/4724 4725/4725 4726/4726
f 4722/4722 4731/4731 4725/4725
f 4725/4725 4731/4731 4734/4734
f 4802/4802 4804/4804 4805/4805
f 4784/4784 4789/4789 4788/4788
f 4784/4784 4788/4788 4785/4785
f 4794/4794 4796/4796 4795/4795
f 4794/4794 4795/4795 4791/4791
f 4794/4794 4793/4793 4800/4800
f 4794/4794 4791/4791 4793/4793
f 4791/4791 4792/4792 4793/4793
f 4791/4791 4787/4787 4792/4792
f 4791/4791 4786/4786 4787/4787
f 4802/4802 4806/4806 4803/4803
f 4784/4784 4785/4785 4786/4786
f 4785/4785 4788/4788 4790/4790
f 4786/4786 4785/4785 4787/4787
f 4785/4785 4790/4790 4787/4787
f 4796/4796 4799/4799 4795/4795
f 4800/4800 4793/4793 4801/4801
f 4791/4791 4795/4795 4797/4797
f 4797/4797 4786/4786 4791/4791
f 4802/4802 4803/4803 4804/4804
f 4797/4797 4798/4798 4786/4786
f 4820/4820 4817/4817 4816/4816
f 4807/4807 4810/4810 4808/4808
f 4816/4816 4817/4817 4818/4818
f 4810/4810 4812/4812 4811/4811
f 4810/4810 4811/4811 4808/4808
f 4813/4813 4809/4809 4814/4814
f 4814/4814 4809/4809 4815/4815
f 4813/4813 4807/4807 4809/4809
f 4807/4807 4808/4808 4809/4809
f 4817/4817 4819/4819 4818/4818
f 4826/4826 4821/4821 4824/4824
f 4824/4824 4823/4823 4825/4825
f 4821/4821 4822/4822 4823/4823
f 4821/4821 4823/4823 4824/4824
f 4821/4821 4827/4827 4822/4822
f 4822/4822 4827/4827 4828/4828
f 4842/4842 4841/4841 4844/4844
f 4843/4843 4835/4835 4842/4842
f 4842/4842 4835/4835 4841/4841
f 4837/4837 4836/4836 4838/4838
f 4837/4837 4831/4831 4836/4836
f 4840/4840 4835/4835 4843/4843
f 4840/4840 4834/4834 4835/4835
f 4835/4835 4834/4834 4829/4829
f 4841/4841 4829/4829 4839/4839
f 4835/4835 4829/4829 4841/4841
f 4832/4832 4829/4829 4834/4834
f 4829/4829 4832/4832 4830/4830
f 4837/4837 4839/4839 4831/4831
f 4839/4839 4829/4829 4831/4831
f 4831/4831 4833/4833 4836/4836
f 4829/4829 4830/4830 4831/4831
f 4830/4830 4833/4833 4831/4831
f 4863/4863 4862/4862 4866/4866
f 4863/4863 4861/4861 4862/4862
f 4865/4865 4864/4864 4863/4863
f 4863/4863 4864/4864 4861/4861
f 4864/4864 4858/4858 4861/4861
f 4861/4861 4858/4858 4856/4856
f 4866/4866 4862/4862 4867/4867
f 4866/4866 4867/4867 4868/4868
f 4862/4862 4859/4859 4867/4867
f 4862/4862 4860/4860 4859/4859
f 4861/4861 4860/4860 4862/4862
f 4861/4861 4856/4856 4860/4860
f 4856/4856 4849/4849 4860/4860
f 4860/4860 4849/4849 4859/4859
f 4858/4858 4854/4854 4856/4856
f 4858/4858 4857/4857 4854/4854
f 4856/4856 4854/4854 4849/4849
f 4901/4901 4898/4898 4902/4902
f 4857/4857 4855/4855 4854/4854
f 4854/4854 4845/4845 4849/4849
f 4845/4845 4854/4854 4846/4846
f 4854/4854 4855/4855 4846/4846
f 4855/4855 4853/4853 4846/4846
f 4882/4882 4873/4873 4853/4853
f 4853/4853 4852/4852 4846/4846
f 4853/4853 4873/4873 4852/4852
f 4901/4901 4900/4900 4898/4898
f 4900/4900 4897/4897 4898/4898
f 4898/4898 4897/4897 4895/4895
f 4898/4898 4895/4895 4899/4899
f 4897/4897 4893/4893 4895/4895
f 4899/4899 4895/4895 4903/4903
f 4903/4903 4895/4895 4904/4904
f 4893/4893 4894/4894 4895/4895
f 4893/4893 4896/4896 4894/4894
f 4895/4895 4894/4894 4904/4904
f 4896/4896 4911/4911 4894/4894
f 4894/4894 4911/4911 4908/4908
f 4894/4894 4908/4908 4904/4904
f 4906/4906 4903/4903 4905/4905
f 4903/4903 4904/4904 4905/4905
f 4904/4904 4909/4909 4905/4905
f 4907/4907 4906/4906 4905/4905
f 4907/4907 4905/4905 4910/4910
f 4882/4882 4883/4883 4873/4873
f 4910/4910 4905/4905 4909/4909
f 4868/4868 4869/4869 4881/4881
f 4868/4868 4867/4867 4869/4869
f 4867/4867 4870/4870 4869/4869
f 4859/4859 4870/4870 4867/4867
f 4859/4859 4850/4850 4870/4870
f 4859/4859 4849/4849 4850/4850
f 4870/4870 4850/4850 4871/4871
f 4850/4850 4848/4848 4871/4871
f 4869/4869 4877/4877 4881/4881
f 4870/4870 4871/4871 4869/4869
f 4869/4869 4871/4871 4876/4876
f 4869/4869 4876/4876 4877/4877
f 4877/4877 4876/4876 4878/4878
f 4850/4850 4849/4849 4848/4848
f 4876/4876 4880/4880 4878/4878
f 4871/4871 4879/4879 4876/4876
f 4879/4879 4871/4871 4872/4872
f 4848/4848 4872/4872 4871/4871
f 4879/4879 4872/4872 4886/4886
f 4886/4886 4884/4884 4891/4891
f 4886/4886 4872/4872 4884/4884
f 4848/4848 4847/4847 4872/4872
f 4847/4847 4851/4851 4872/4872
f 4852/4852 4873/4873 4874/4874
f 4851/4851 4885/4885 4884/4884
f 4851/4851 4852/4852 4874/4874
f 4874/4874 4885/4885 4851/4851
f 4891/4891 4884/4884 4890/4890
f 4884/4884 4889/4889 4890/4890
f 4884/4884 4885/4885 4889/4889
f 4851/4851 4884/4884 4872/4872
f 4849/4849 4845/4845 4848/4848
f 4845/4845 4846/4846 4847/4847
f 4845/4845 4847/4847 4848/4848
f 4846/4846 4851/4851 4847/4847
f 4846/4846 4852/4852 4851/4851
f 4889/4889 4887/4887 4892/4892
f 4913/4913 4912/4912 4908/4908
f 4911/4911 4913/4913 4908/4908
f 4908/4908 4912/4912 4909/4909
f 4885/4885 4887/4887 4889/4889
f 4875/4875 4887/4887 4885/4885
f 4873/4873 4875/4875 4874/4874
f 4874/4874 4875/4875 4885/4885
f 4873/4873 4888/4888 4887/4887
f 4873/4873 4887/4887 4875/4875
f 4904/4904 4908/4908 4909/4909
f 4918/4918 4917/4917 4914/4914
f 4918/4918 4914/4914 4919/4919
f 4917/4917 4915/4915 4914/4914
f 4914/4914 4915/4915 4916/4916
f 4924/4924 4920/4920 4922/4922
f 4926/4926 4927/4927 4928/4928
f 4923/4923 4921/4921 4920/4920
f 4920/4920 4921/4921 4922/4922
f 4921/4921 4925/4925 4922/4922
f 4969/4969 4967/4967 4960/4960
f 4960/4960 4959/4959 4961/4961
f 4960/4960 4956/4956 4959/4959
f 4960/4960 4966/4966 4956/4956
f 4959/4959 4956/4956 4958/4958
f 4956/4956 4957/4957 4958/4958
f 4960/4960 4967/4967 4966/4966
f 4967/4967 4973/4973 4972/4972
f 4967/4967 4972/4972 4966/4966
f 4973/4973 4977/4977 4972/4972
f 4973/4973 4978/4978 4977/4977
f 4966/4966 4968/4968 4956/4956
f 4966/4966 4972/4972 4968/4968
f 4956/4956 4968/4968 4962/4962
f 4962/4962 4968/4968 4970/4970
f 4957/4957 4956/4956 4962/4962
f 4972/4972 4974/4974 4968/4968
f 4972/4972 4977/4977 4974/4974
f 4968/4968 4974/4974 4975/4975
f 4941/4941 4947/4947 4937/4937
f 4947/4947 4946/4946 4937/4937
f 4947/4947 4949/4949 4948/4948
f 4947/4947 4948/4948 4946/4946
f 4941/4941 4936/4936 4938/4938
f 4938/4938 4936/4936 4933/4933
f 4936/4936 4929/4929 4933/4933
f 4941/4941 4937/4937 4936/4936
f 4936/4936 4937/4937 4929/4929
f 4937/4937 4946/4946 4944/4944
f 4937/4937 4944/4944 4929/4929
f 4946/4946 4948/4948 4950/4950
f 4946/4946 4950/4950 4944/4944
f 4940/4940 4933/4933 4931/4931
f 4933/4933 4929/4929 4931/4931
f 4940/4940 4931/4931 4939/4939
f 4929/4929 4930/4930 4931/4931
f 4929/4929 4934/4934 4930/4930
f 4929/4929 4944/4944 4934/4934
f 4950/4950 4952/4952 4944/4944
f 4934/4934 4944/4944 4945/4945
f 4944/4944 4952/4952 4945/4945
f 4957/4957 4964/4964 4958/4958
f 4957/4957 4963/4963 4964/4964
f 4962/4962 4970/4970 4965/4965
f 4957/4957 4962/4962 4963/4963
f 4962/4962 4965/4965 4963/4963
f 4968/4968 4975/4975 4970/4970
f 4970/4970 4971/4971 4965/4965
f 4970/4970 4976/4976 4971/4971
f 4976/4976 4979/4979 4971/4971
f 4971/4971 4979/4979 4981/4981
f 4970/4970 4975/4975 4976/4976
f 4931/4931 4932/4932 4939/4939
f 4939/4939 4932/4932 4943/4943
f 4931/4931 4930/4930 4932/4932
f 4980/4980 4979/4979 4976/4976
f 4954/4954 4935/4935 4955/4955
f 4932/4932 4935/4935 4954/4954
f 4981/4981 4979/4979 4982/4982
f 4979/4979 4983/4983 4982/4982
f 4934/4934 4945/4945 4930/4930
f 4930/4930 4945/4945 4942/4942
f 4945/4945 4951/4951 4942/4942
f 4945/4945 4952/4952 4951/4951
f 4952/4952 4953/4953 4951/4951
f 4932/4932 4930/4930 4935/4935
f 4930/4930 4942/4942 4935/4935
f 4984/4984 4985/4985 4986/4986
f 4987/4987 4988/4988 4989/4989
f 4990/4990 4991/4991 4992/4992
f 4993/4993 4994/4994 4995/4995
f 4996/4996 4997/4997 4998/4998
f 4996/4996 4998/4998 4999/4999
f 5000/5000 5001/5001 5002/5002
f 5007/5007 5008/5008 5009/5009
f 5004/5004 5006/5006 5005/5005
f 5003/5003 5004/5004 5005/5005
f 5010/5010 5011/5011 5012/5012
f 5013/5013 5014/5014 5015/5015
f 5019/5019 5020/5020 5021/5021
f 5016/5016 5017/5017 5018/5018
f 5224/5224 5225/5225 5226/5226
f 5226/5226 5225/5225 5100/5100
f 5226/5226 5100/5100 5097/5097
f 5100/5100 5037/5037 5097/5097
f 5097/5097 5037/5037 5032/5032
f 5097/5097 5032/5032 5192/5192
f 5037/5037 5100/5100 5038/5038
f 5037/5037 5038/5038 5031/5031
f 5038/5038 5034/5034 5031/5031
f 5034/5034 5033/5033 5031/5031
f 5034/5034 5035/5035 5033/5033
f 5037/5037 5031/5031 5032/5032
f 5032/5032 5030/5030 5192/5192
f 5192/5192 5030/5030 5193/5193
f 5032/5032 5031/5031 5030/5030
f 5030/5030 5031/5031 5029/5029
f 5031/5031 5033/5033 5029/5029
f 5193/5193 5030/5030 5063/5063
f 5193/5193 5063/5063 5214/5214
f 5030/5030 5029/5029 5028/5028
f 5030/5030 5028/5028 5063/5063
f 5029/5029 5033/5033 5064/5064
f 5029/5029 5064/5064 5079/5079
f 5035/5035 5036/5036 5033/5033
f 5036/5036 5066/5066 5033/5033
f 5036/5036 5080/5080 5066/5066
f 5080/5080 5076/5076 5066/5066
f 5082/5082 5081/5081 5080/5080
f 5080/5080 5081/5081 5076/5076
f 5076/5076 5081/5081 5083/5083
f 5033/5033 5066/5066 5065/5065
f 5033/5033 5065/5065 5064/5064
f 5066/5066 5075/5075 5065/5065
f 5076/5076 5075/5075 5066/5066
f 5065/5065 5067/5067 5064/5064
f 5075/5075 5068/5068 5065/5065
f 5065/5065 5068/5068 5067/5067
f 5076/5076 5083/5083 5075/5075
f 5075/5075 5074/5074 5068/5068
f 5068/5068 5069/5069 5067/5067
f 5087/5087 5099/5099 5096/5096
f 5074/5074 5087/5087 5086/5086
f 5074/5074 5086/5086 5070/5070
f 5074/5074 5070/5070 5068/5068
f 5068/5068 5070/5070 5069/5069
f 5087/5087 5096/5096 5086/5086
f 5070/5070 5086/5086 5078/5078
f 5070/5070 5078/5078 5069/5069
f 5069/5069 5078/5078 5077/5077
f 5096/5096 5099/5099 5098/5098
f 5086/5086 5096/5096 5094/5094
f 5086/5086 5095/5095 5078/5078
f 5096/5096 5098/5098 5094/5094
f 5086/5086 5094/5094 5095/5095
f 5078/5078 5046/5046 5077/5077
f 5078/5078 5058/5058 5046/5046
f 5095/5095 5058/5058 5078/5078
f 5217/5217 5209/5209 5208/5208
f 5208/5208 5206/5206 5205/5205
f 5208/5208 5209/5209 5206/5206
f 5217/5217 5218/5218 5209/5209
f 5209/5209 5207/5207 5206/5206
f 5206/5206 5207/5207 5203/5203
f 5205/5205 5204/5204 5212/5212
f 5206/5206 5203/5203 5205/5205
f 5205/5205 5203/5203 5204/5204
f 5108/5108 5109/5109 5110/5110
f 5110/5110 5109/5109 5111/5111
f 5218/5218 5221/5221 5215/5215
f 5218/5218 5215/5215 5209/5209
f 5209/5209 5215/5215 5207/5207
f 5207/5207 5201/5201 5203/5203
f 5207/5207 5199/5199 5201/5201
f 5201/5201 5200/5200 5202/5202
f 5221/5221 5222/5222 5213/5213
f 5221/5221 5213/5213 5215/5215
f 5215/5215 5198/5198 5207/5207
f 5215/5215 5213/5213 5198/5198
f 5198/5198 5199/5199 5207/5207
f 5216/5216 5214/5214 5213/5213
f 5213/5213 5197/5197 5198/5198
f 5201/5201 5199/5199 5200/5200
f 5199/5199 5196/5196 5200/5200
f 5200/5200 5196/5196 5211/5211
f 5203/5203 5202/5202 5204/5204
f 5201/5201 5202/5202 5203/5203
f 5202/5202 5210/5210 5204/5204
f 5202/5202 5200/5200 5210/5210
f 5200/5200 5211/5211 5210/5210
f 5107/5107 5105/5105 5108/5108
f 5108/5108 5105/5105 5109/5109
f 5105/5105 5112/5112 5109/5109
f 5109/5109 5112/5112 5111/5111
f 5112/5112 5113/5113 5111/5111
f 5107/5107 5103/5103 5105/5105
f 5105/5105 5106/5106 5112/5112
f 5105/5105 5102/5102 5106/5106
f 5112/5112 5106/5106 5113/5113
f 5113/5113 5106/5106 5114/5114
f 5113/5113 5114/5114 5126/5126
f 5214/5214 5197/5197 5213/5213
f 5214/5214 5063/5063 5197/5197
f 5198/5198 5197/5197 5196/5196
f 5198/5198 5196/5196 5199/5199
f 5063/5063 5149/5149 5197/5197
f 5063/5063 5062/5062 5149/5149
f 5063/5063 5025/5025 5062/5062
f 5197/5197 5149/5149 5196/5196
f 5196/5196 5149/5149 5195/5195
f 5196/5196 5195/5195 5211/5211
f 5154/5154 5153/5153 5026/5026
f 5149/5149 5062/5062 5153/5153
f 5153/5153 5062/5062 5026/5026
f 5149/5149 5153/5153 5195/5195
f 5028/5028 5029/5029 5027/5027
f 5028/5028 5027/5027 5025/5025
f 5028/5028 5025/5025 5063/5063
f 5029/5029 5079/5079 5027/5027
f 5079/5079 5039/5039 5027/5027
f 5062/5062 5025/5025 5026/5026
f 5026/5026 5025/5025 5024/5024
f 5026/5026 5024/5024 5101/5101
f 5027/5027 5022/5022 5025/5025
f 5025/5025 5022/5022 5024/5024
f 5027/5027 5039/5039 5022/5022
f 5022/5022 5023/5023 5024/5024
f 5103/5103 5102/5102 5105/5105
f 5104/5104 5026/5026 5103/5103
f 5103/5103 5026/5026 5102/5102
f 5102/5102 5119/5119 5106/5106
f 5026/5026 5101/5101 5102/5102
f 5102/5102 5101/5101 5119/5119
f 5106/5106 5115/5115 5114/5114
f 5114/5114 5115/5115 5127/5127
f 5101/5101 5120/5120 5119/5119
f 5119/5119 5120/5120 5116/5116
f 5119/5119 5116/5116 5106/5106
f 5106/5106 5116/5116 5115/5115
f 5115/5115 5116/5116 5117/5117
f 5115/5115 5117/5117 5128/5128
f 5064/5064 5072/5072 5079/5079
f 5064/5064 5067/5067 5072/5072
f 5079/5079 5072/5072 5085/5085
f 5079/5079 5085/5085 5039/5039
f 5039/5039 5023/5023 5022/5022
f 5024/5024 5136/5136 5101/5101
f 5023/5023 5136/5136 5024/5024
f 5085/5085 5040/5040 5039/5039
f 5039/5039 5040/5040 5023/5023
f 5067/5067 5071/5071 5072/5072
f 5067/5067 5069/5069 5071/5071
f 5072/5072 5071/5071 5085/5085
f 5071/5071 5084/5084 5085/5085
f 5071/5071 5073/5073 5084/5084
f 5069/5069 5073/5073 5071/5071
f 5073/5073 5043/5043 5084/5084
f 5085/5085 5084/5084 5040/5040
f 5040/5040 5084/5084 5043/5043
f 5040/5040 5041/5041 5023/5023
f 5043/5043 5041/5041 5040/5040
f 5043/5043 5045/5045 5041/5041
f 5041/5041 5042/5042 5023/5023
f 5101/5101 5136/5136 5120/5120
f 5136/5136 5122/5122 5120/5120
f 5117/5117 5129/5129 5128/5128
f 5116/5116 5118/5118 5117/5117
f 5116/5116 5121/5121 5118/5118
f 5117/5117 5118/5118 5129/5129
f 5023/5023 5042/5042 5136/5136
f 5122/5122 5136/5136 5137/5137
f 5122/5122 5121/5121 5120/5120
f 5120/5120 5121/5121 5116/5116
f 5136/5136 5042/5042 5137/5137
f 5137/5137 5124/5124 5122/5122
f 5121/5121 5123/5123 5118/5118
f 5118/5118 5123/5123 5133/5133
f 5121/5121 5122/5122 5123/5123
f 5123/5123 5132/5132 5133/5133
f 5043/5043 5073/5073 5077/5077
f 5069/5069 5077/5077 5073/5073
f 5077/5077 5046/5046 5043/5043
f 5043/5043 5046/5046 5045/5045
f 5041/5041 5045/5045 5044/5044
f 5045/5045 5046/5046 5044/5044
f 5041/5041 5044/5044 5042/5042
f 5122/5122 5124/5124 5123/5123
f 5123/5123 5125/5125 5132/5132
f 5124/5124 5125/5125 5123/5123
f 5124/5124 5130/5130 5125/5125
f 5176/5176 5177/5177 5178/5178
f 5181/5181 5179/5179 5187/5187
f 5178/5178 5179/5179 5181/5181
f 5178/5178 5177/5177 5179/5179
f 5177/5177 5189/5189 5179/5179
f 5177/5177 5175/5175 5189/5189
f 5189/5189 5175/5175 5182/5182
f 5182/5182 5169/5169 5180/5180
f 5182/5182 5180/5180 5183/5183
f 5114/5114 5127/5127 5126/5126
f 5176/5176 5173/5173 5174/5174
f 5176/5176 5174/5174 5177/5177
f 5177/5177 5174/5174 5175/5175
f 5174/5174 5169/5169 5175/5175
f 5173/5173 5171/5171 5174/5174
f 5174/5174 5162/5162 5169/5169
f 5115/5115 5128/5128 5127/5127
f 5173/5173 5172/5172 5171/5171
f 5171/5171 5162/5162 5174/5174
f 5172/5172 5166/5166 5171/5171
f 5171/5171 5170/5170 5162/5162
f 5175/5175 5169/5169 5182/5182
f 5169/5169 5168/5168 5180/5180
f 5169/5169 5162/5162 5161/5161
f 5169/5169 5161/5161 5168/5168
f 5171/5171 5166/5166 5170/5170
f 5172/5172 5165/5165 5166/5166
f 5162/5162 5159/5159 5161/5161
f 5162/5162 5170/5170 5159/5159
f 5166/5166 5164/5164 5170/5170
f 5170/5170 5164/5164 5159/5159
f 5165/5165 5164/5164 5166/5166
f 5165/5165 5163/5163 5164/5164
f 5164/5164 5157/5157 5159/5159
f 5164/5164 5163/5163 5157/5157
f 5161/5161 5167/5167 5168/5168
f 5161/5161 5160/5160 5167/5167
f 5159/5159 5160/5160 5161/5161
f 5159/5159 5157/5157 5158/5158
f 5159/5159 5158/5158 5160/5160
f 5132/5132 5134/5134 5148/5148
f 5132/5132 5125/5125 5134/5134
f 5134/5134 5147/5147 5148/5148
f 5148/5148 5156/5156 5163/5163
f 5163/5163 5156/5156 5157/5157
f 5148/5148 5147/5147 5156/5156
f 5157/5157 5156/5156 5155/5155
f 5125/5125 5131/5131 5134/5134
f 5134/5134 5135/5135 5147/5147
f 5156/5156 5147/5147 5155/5155
f 5147/5147 5135/5135 5150/5150
f 5158/5158 5184/5184 5186/5186
f 5155/5155 5158/5158 5157/5157
f 5158/5158 5155/5155 5184/5184
f 5147/5147 5150/5150 5155/5155
f 5186/5186 5184/5184 5190/5190
f 5150/5150 5142/5142 5152/5152
f 5184/5184 5155/5155 5185/5185
f 5155/5155 5150/5150 5185/5185
f 5150/5150 5152/5152 5185/5185
f 5142/5142 5146/5146 5152/5152
f 5185/5185 5152/5152 5191/5191
f 5098/5098 5093/5093 5094/5094
f 5094/5094 5093/5093 5091/5091
f 5094/5094 5091/5091 5095/5095
f 5091/5091 5093/5093 5092/5092
f 5095/5095 5091/5091 5058/5058
f 5058/5058 5091/5091 5061/5061
f 5058/5058 5061/5061 5055/5055
f 5091/5091 5092/5092 5061/5061
f 5061/5061 5057/5057 5055/5055
f 5046/5046 5058/5058 5055/5055
f 5046/5046 5055/5055 5044/5044
f 5044/5044 5055/5055 5050/5050
f 5055/5055 5056/5056 5050/5050
f 5050/5050 5049/5049 5044/5044
f 5050/5050 5051/5051 5049/5049
f 5050/5050 5052/5052 5051/5051
f 5044/5044 5047/5047 5042/5042
f 5042/5042 5047/5047 5137/5137
f 5124/5124 5137/5137 5130/5130
f 5044/5044 5049/5049 5048/5048
f 5044/5044 5048/5048 5047/5047
f 5049/5049 5223/5223 5048/5048
f 5048/5048 5059/5059 5047/5047
f 5051/5051 5052/5052 5088/5088
f 5051/5051 5088/5088 5194/5194
f 5227/5227 5228/5228 5229/5229
f 5229/5229 5228/5228 5230/5230
f 5059/5059 5060/5060 5047/5047
f 5060/5060 5220/5220 5219/5219
f 5137/5137 5047/5047 5130/5130
f 5130/5130 5131/5131 5125/5125
f 5047/5047 5060/5060 5130/5130
f 5060/5060 5219/5219 5139/5139
f 5060/5060 5139/5139 5130/5130
f 5130/5130 5139/5139 5131/5131
f 5131/5131 5139/5139 5140/5140
f 5055/5055 5057/5057 5056/5056
f 5050/5050 5053/5053 5052/5052
f 5088/5088 5052/5052 5054/5054
f 5052/5052 5053/5053 5054/5054
f 5054/5054 5089/5089 5088/5088
f 5054/5054 5090/5090 5089/5089
f 5056/5056 5053/5053 5050/5050
f 5131/5131 5140/5140 5138/5138
f 5131/5131 5135/5135 5134/5134
f 5131/5131 5138/5138 5135/5135
f 5140/5140 5188/5188 5138/5138
f 5188/5188 5151/5151 5138/5138
f 5135/5135 5138/5138 5141/5141
f 5135/5135 5142/5142 5150/5150
f 5135/5135 5141/5141 5142/5142
f 5151/5151 5143/5143 5138/5138
f 5138/5138 5143/5143 5141/5141
f 5143/5143 5144/5144 5141/5141
f 5142/5142 5141/5141 5145/5145
f 5142/5142 5145/5145 5146/5146
f 5141/5141 5144/5144 5145/5145
f 5339/5339 5335/5335 5373/5373
f 5339/5339 5336/5336 5335/5335
f 5336/5336 5333/5333 5335/5335
f 5373/5373 5335/5335 5341/5341
f 5335/5335 5340/5340 5341/5341
f 5341/5341 5340/5340 5342/5342
f 5340/5340 5343/5343 5342/5342
f 5335/5335 5333/5333 5332/5332
f 5335/5335 5332/5332 5340/5340
f 5333/5333 5331/5331 5332/5332
f 5332/5332 5329/5329 5340/5340
f 5332/5332 5331/5331 5329/5329
f 5331/5331 5323/5323 5329/5329
f 5340/5340 5344/5344 5343/5343
f 5340/5340 5329/5329 5344/5344
f 5329/5329 5362/5362 5344/5344
f 5329/5329 5337/5337 5362/5362
f 5341/5341 5342/5342 5375/5375
f 5343/5343 5366/5366 5342/5342
f 5375/5375 5342/5342 5378/5378
f 5378/5378 5342/5342 5376/5376
f 5342/5342 5366/5366 5376/5376
f 5343/5343 5359/5359 5366/5366
f 5343/5343 5344/5344 5359/5359
f 5366/5366 5359/5359 5367/5367
f 5344/5344 5362/5362 5374/5374
f 5359/5359 5344/5344 5372/5372
f 5344/5344 5374/5374 5372/5372
f 5366/5366 5367/5367 5376/5376
f 5376/5376 5367/5367 5377/5377
f 5377/5377 5367/5367 5388/5388
f 5377/5377 5388/5388 5395/5395
f 5367/5367 5368/5368 5388/5388
f 5359/5359 5372/5372 5368/5368
f 5359/5359 5368/5368 5367/5367
f 5396/5396 5394/5394 5397/5397
f 5395/5395 5394/5394 5396/5396
f 5395/5395 5388/5388 5394/5394
f 5394/5394 5388/5388 5392/5392
f 5394/5394 5392/5392 5399/5399
f 5368/5368 5389/5389 5388/5388
f 5388/5388 5389/5389 5392/5392
f 5389/5389 5390/5390 5391/5391
f 5389/5389 5391/5391 5392/5392
f 5394/5394 5398/5398 5397/5397
f 5394/5394 5399/5399 5398/5398
f 5392/5392 5393/5393 5399/5399
f 5391/5391 5393/5393 5392/5392
f 5391/5391 5357/5357 5393/5393
f 5445/5445 5440/5440 5441/5441
f 5446/5446 5441/5441 5447/5447
f 5447/5447 5441/5441 5444/5444
f 5441/5441 5438/5438 5444/5444
f 5441/5441 5440/5440 5438/5438
f 5443/5443 5442/5442 5440/5440
f 5440/5440 5442/5442 5439/5439
f 5438/5438 5440/5440 5439/5439
f 5432/5432 5416/5416 5430/5430
f 5432/5432 5426/5426 5416/5416
f 5433/5433 5423/5423 5426/5426
f 5416/5416 5417/5417 5415/5415
f 5416/5416 5426/5426 5417/5417
f 5426/5426 5423/5423 5420/5420
f 5423/5423 5421/5421 5420/5420
f 5447/5447 5444/5444 5463/5463
f 5438/5438 5436/5436 5444/5444
f 5438/5438 5437/5437 5436/5436
f 5463/5463 5444/5444 5448/5448
f 5448/5448 5444/5444 5436/5436
f 5463/5463 5448/5448 5450/5450
f 5450/5450 5448/5448 5449/5449
f 5436/5436 5409/5409 5448/5448
f 5436/5436 5437/5437 5411/5411
f 5437/5437 5451/5451 5411/5411
f 5451/5451 5407/5407 5411/5411
f 5406/5406 5411/5411 5407/5407
f 5439/5439 5437/5437 5438/5438
f 5430/5430 5416/5416 5414/5414
f 5416/5416 5415/5415 5414/5414
f 5414/5414 5415/5415 5413/5413
f 5417/5417 5418/5418 5415/5415
f 5426/5426 5420/5420 5417/5417
f 5414/5414 5413/5413 5412/5412
f 5415/5415 5431/5431 5413/5413
f 5415/5415 5418/5418 5431/5431
f 5412/5412 5413/5413 5402/5402
f 5413/5413 5431/5431 5402/5402
f 5431/5431 5418/5418 5452/5452
f 5417/5417 5419/5419 5418/5418
f 5417/5417 5420/5420 5419/5419
f 5418/5418 5419/5419 5429/5429
f 5448/5448 5409/5409 5449/5449
f 5323/5323 5325/5325 5329/5329
f 5323/5323 5324/5324 5325/5325
f 5436/5436 5411/5411 5409/5409
f 5411/5411 5406/5406 5409/5409
f 5409/5409 5406/5406 5408/5408
f 5408/5408 5406/5406 5405/5405
f 5408/5408 5405/5405 5410/5410
f 5407/5407 5401/5401 5406/5406
f 5406/5406 5401/5401 5405/5405
f 5324/5324 5326/5326 5325/5325
f 5405/5405 5401/5401 5403/5403
f 5401/5401 5402/5402 5403/5403
f 5326/5326 5327/5327 5325/5325
f 5326/5326 5328/5328 5327/5327
f 5329/5329 5325/5325 5337/5337
f 5325/5325 5334/5334 5337/5337
f 5362/5362 5337/5337 5345/5345
f 5337/5337 5334/5334 5345/5345
f 5327/5327 5330/5330 5325/5325
f 5327/5327 5338/5338 5330/5330
f 5325/5325 5330/5330 5334/5334
f 5412/5412 5402/5402 5401/5401
f 5403/5403 5402/5402 5404/5404
f 5402/5402 5431/5431 5404/5404
f 5431/5431 5434/5434 5404/5404
f 5431/5431 5452/5452 5434/5434
f 5452/5452 5418/5418 5435/5435
f 5418/5418 5429/5429 5435/5435
f 5429/5429 5453/5453 5435/5435
f 5434/5434 5452/5452 5464/5464
f 5465/5465 5466/5466 5467/5467
f 5452/5452 5435/5435 5464/5464
f 5435/5435 5455/5455 5464/5464
f 5435/5435 5454/5454 5455/5455
f 5435/5435 5453/5453 5454/5454
f 5372/5372 5374/5374 5381/5381
f 5362/5362 5380/5380 5374/5374
f 5374/5374 5380/5380 5381/5381
f 5362/5362 5345/5345 5380/5380
f 5334/5334 5330/5330 5345/5345
f 5345/5345 5353/5353 5380/5380
f 5345/5345 5330/5330 5346/5346
f 5372/5372 5381/5381 5368/5368
f 5381/5381 5380/5380 5379/5379
f 5380/5380 5353/5353 5379/5379
f 5368/5368 5381/5381 5390/5390
f 5381/5381 5379/5379 5390/5390
f 5353/5353 5352/5352 5379/5379
f 5353/5353 5345/5345 5346/5346
f 5353/5353 5346/5346 5352/5352
f 5464/5464 5455/5455 5461/5461
f 5330/5330 5347/5347 5346/5346
f 5455/5455 5454/5454 5456/5456
f 5455/5455 5456/5456 5457/5457
f 5457/5457 5456/5456 5459/5459
f 5461/5461 5455/5455 5458/5458
f 5455/5455 5457/5457 5458/5458
f 5458/5458 5457/5457 5460/5460
f 5457/5457 5459/5459 5460/5460
f 5389/5389 5368/5368 5390/5390
f 5379/5379 5357/5357 5390/5390
f 5379/5379 5352/5352 5357/5357
f 5390/5390 5357/5357 5391/5391
f 5460/5460 5459/5459 5462/5462
f 5428/5428 5425/5425 5421/5421
f 5421/5421 5425/5425 5424/5424
f 5421/5421 5424/5424 5422/5422
f 5420/5420 5421/5421 5419/5419
f 5419/5419 5421/5421 5422/5422
f 5429/5429 5419/5419 5427/5427
f 5419/5419 5422/5422 5427/5427
f 5429/5429 5427/5427 5453/5453
f 5397/5397 5398/5398 5386/5386
f 5398/5398 5400/5400 5386/5386
f 5398/5398 5399/5399 5400/5400
f 5399/5399 5393/5393 5363/5363
f 5393/5393 5357/5357 5363/5363
f 5386/5386 5383/5383 5385/5385
f 5399/5399 5363/5363 5400/5400
f 5400/5400 5364/5364 5383/5383
f 5400/5400 5363/5363 5364/5364
f 5386/5386 5400/5400 5383/5383
f 5383/5383 5364/5364 5382/5382
f 5385/5385 5383/5383 5384/5384
f 5383/5383 5382/5382 5384/5384
f 5352/5352 5346/5346 5349/5349
f 5346/5346 5347/5347 5348/5348
f 5346/5346 5348/5348 5349/5349
f 5357/5357 5355/5355 5361/5361
f 5352/5352 5355/5355 5357/5357
f 5352/5352 5349/5349 5355/5355
f 5361/5361 5355/5355 5354/5354
f 5355/5355 5349/5349 5354/5354
f 5354/5354 5349/5349 5351/5351
f 5351/5351 5312/5312 5365/5365
f 5361/5361 5354/5354 5364/5364
f 5354/5354 5351/5351 5356/5356
f 5351/5351 5365/5365 5356/5356
f 5349/5349 5348/5348 5350/5350
f 5231/5231 5232/5232 5233/5233
f 5349/5349 5350/5350 5351/5351
f 5351/5351 5350/5350 5311/5311
f 5351/5351 5311/5311 5312/5312
f 5312/5312 5311/5311 5310/5310
f 5350/5350 5387/5387 5311/5311
f 5315/5315 5309/5309 5308/5308
f 5311/5311 5308/5308 5310/5310
f 5308/5308 5309/5309 5310/5310
f 5315/5315 5320/5320 5309/5309
f 5309/5309 5320/5320 5318/5318
f 5265/5265 5257/5257 5261/5261
f 5310/5310 5309/5309 5313/5313
f 5313/5313 5309/5309 5314/5314
f 5318/5318 5317/5317 5309/5309
f 5309/5309 5316/5316 5314/5314
f 5317/5317 5316/5316 5309/5309
f 5237/5237 5236/5236 5235/5235
f 5254/5254 5256/5256 5257/5257
f 5254/5254 5255/5255 5256/5256
f 5254/5254 5259/5259 5255/5255
f 5255/5255 5290/5290 5256/5256
f 5239/5239 5243/5243 5234/5234
f 5257/5257 5258/5258 5261/5261
f 5257/5257 5256/5256 5258/5258
f 5241/5241 5239/5239 5240/5240
f 5261/5261 5258/5258 5262/5262
f 5258/5258 5266/5266 5262/5262
f 5241/5241 5240/5240 5242/5242
f 5239/5239 5234/5234 5240/5240
f 5234/5234 5235/5235 5236/5236
f 5235/5235 5234/5234 5238/5238
f 5317/5317 5319/5319 5321/5321
f 5318/5318 5322/5322 5319/5319
f 5317/5317 5318/5318 5319/5319
f 5259/5259 5260/5260 5255/5255
f 5255/5255 5260/5260 5290/5290
f 5290/5290 5260/5260 5289/5289
f 5243/5243 5238/5238 5234/5234
f 5290/5290 5289/5289 5288/5288
f 5363/5363 5357/5357 5361/5361
f 5363/5363 5361/5361 5364/5364
f 5364/5364 5358/5358 5382/5382
f 5364/5364 5354/5354 5358/5358
f 5354/5354 5356/5356 5358/5358
f 5358/5358 5356/5356 5360/5360
f 5356/5356 5365/5365 5360/5360
f 5265/5265 5261/5261 5263/5263
f 5263/5263 5261/5261 5262/5262
f 5358/5358 5360/5360 5369/5369
f 5358/5358 5369/5369 5370/5370
f 5369/5369 5360/5360 5371/5371
f 5263/5263 5262/5262 5264/5264
f 5278/5278 5273/5273 5270/5270
f 5273/5273 5264/5264 5270/5270
f 5264/5264 5262/5262 5268/5268
f 5262/5262 5266/5266 5268/5268
f 5264/5264 5268/5268 5270/5270
f 5270/5270 5268/5268 5271/5271
f 5306/5306 5303/5303 5302/5302
f 5298/5298 5292/5292 5297/5297
f 5298/5298 5288/5288 5292/5292
f 5302/5302 5304/5304 5305/5305
f 5302/5302 5303/5303 5304/5304
f 5305/5305 5304/5304 5307/5307
f 5250/5250 5244/5244 5246/5246
f 5244/5244 5245/5245 5246/5246
f 5245/5245 5244/5244 5247/5247
f 5266/5266 5267/5267 5268/5268
f 5268/5268 5267/5267 5269/5269
f 5267/5267 5299/5299 5269/5269
f 5267/5267 5300/5300 5299/5299
f 5268/5268 5269/5269 5274/5274
f 5301/5301 5295/5295 5299/5299
f 5245/5245 5248/5248 5249/5249
f 5295/5295 5293/5293 5296/5296
f 5295/5295 5294/5294 5293/5293
f 5299/5299 5295/5295 5296/5296
f 5299/5299 5296/5296 5269/5269
f 5297/5297 5292/5292 5294/5294
f 5292/5292 5291/5291 5293/5293
f 5245/5245 5247/5247 5248/5248
f 5294/5294 5292/5292 5293/5293
f 5286/5286 5282/5282 5291/5291
f 5278/5278 5270/5270 5272/5272
f 5270/5270 5271/5271 5272/5272
f 5274/5274 5269/5269 5275/5275
f 5274/5274 5275/5275 5276/5276
f 5276/5276 5275/5275 5277/5277
f 5269/5269 5296/5296 5275/5275
f 5296/5296 5293/5293 5275/5275
f 5275/5275 5293/5293 5280/5280
f 5275/5275 5279/5279 5277/5277
f 5275/5275 5280/5280 5279/5279
f 5293/5293 5291/5291 5280/5280
f 5280/5280 5281/5281 5279/5279
f 5291/5291 5282/5282 5280/5280
f 5280/5280 5282/5282 5281/5281
f 5282/5282 5283/5283 5281/5281
f 5281/5281 5283/5283 5284/5284
f 5289/5289 5287/5287 5288/5288
f 5292/5292 5288/5288 5286/5286
f 5288/5288 5287/5287 5286/5286
f 5292/5292 5286/5286 5291/5291
f 5287/5287 5285/5285 5286/5286
f 5251/5251 5252/5252 5253/5253
f 5286/5286 5285/5285 5282/5282
f 5282/5282 5285/5285 5283/5283
f 5488/5488 5485/5485 5487/5487
f 5485/5485 5486/5486 5487/5487
f 5480/5480 5479/5479 5477/5477
f 5479/5479 5478/5478 5475/5475
f 5483/5483 5469/5469 5481/5481
f 5477/5477 5479/5479 5475/5475
f 5485/5485 5489/5489 5486/5486
f 5485/5485 5490/5490 5489/5489
f 5478/5478 5470/5470 5475/5475
f 5475/5475 5470/5470 5474/5474
f 5477/5477 5475/5475 5476/5476
f 5475/5475 5474/5474 5476/5476
f 5470/5470 5472/5472 5474/5474
f 5483/5483 5484/5484 5469/5469
f 5469/5469 5484/5484 5471/5471
f 5484/5484 5473/5473 5471/5471
f 5481/5481 5469/5469 5482/5482
f 5468/5468 5469/5469 5470/5470
f 5469/5469 5471/5471 5470/5470
f 5470/5470 5471/5471 5472/5472
f 5471/5471 5473/5473 5472/5472
f 5497/5497 5491/5491 5496/5496
f 5497/5497 5498/5498 5491/5491
f 5496/5496 5491/5491 5493/5493
f 5491/5491 5498/5498 5492/5492
f 5491/5491 5492/5492 5493/5493
f 5493/5493 5492/5492 5494/5494
f 5493/5493 5494/5494 5495/5495
f 5499/5499 5500/5500 5501/5501
f 5508/5508 5502/5502 5504/5504
f 5508/5508 5504/5504 5506/5506
f 5508/5508 5506/5506 5510/5510
f 5506/5506 5509/5509 5510/5510
f 5510/5510 5509/5509 5511/5511
f 5502/5502 5503/5503 5504/5504
f 5504/5504 5503/5503 5505/5505
f 5504/5504 5505/5505 5506/5506
f 5505/5505 5507/5507 5506/5506
f 5506/5506 5507/5507 5512/5512
f 5506/5506 5512/5512 5509/5509
f 5509/5509 5512/5512 5511/5511
f 5550/5550 5548/5548 5549/5549
f 5555/5555 5537/5537 5524/5524
f 5555/5555 5524/5524 5535/5535
f 5524/5524 5526/5526 5535/5535
f 5535/5535 5526/5526 5528/5528
f 5545/5545 5548/5548 5552/5552
f 5545/5545 5547/5547 5548/5548
f 5547/5547 5545/5545 5546/5546
f 5547/5547 5546/5546 5551/5551
f 5516/5516 5513/5513 5515/5515
f 5513/5513 5514/5514 5515/5515
f 5517/5517 5518/5518 5519/5519
f 5552/5552 5554/5554 5543/5543
f 5552/5552 5543/5543 5545/5545
f 5543/5543 5521/5521 5545/5545
f 5545/5545 5521/5521 5546/5546
f 5543/5543 5540/5540 5521/5521
f 5544/5544 5540/5540 5543/5543
f 5549/5549 5548/5548 5547/5547
f 5553/5553 5552/5552 5548/5548
f 5558/5558 5559/5559 5560/5560
f 5558/5558 5560/5560 5561/5561
f 5552/5552 5553/5553 5554/5554
f 5537/5537 5536/5536 5524/5524
f 5542/5542 5520/5520 5536/5536
f 5536/5536 5520/5520 5524/5524
f 5524/5524 5520/5520 5523/5523
f 5546/5546 5521/5521 5556/5556
f 5556/5556 5521/5521 5542/5542
f 5542/5542 5521/5521 5520/5520
f 5520/5520 5521/5521 5522/5522
f 5520/5520 5522/5522 5523/5523
f 5521/5521 5525/5525 5522/5522
f 5524/5524 5523/5523 5526/5526
f 5526/5526 5523/5523 5527/5527
f 5528/5528 5526/5526 5527/5527
f 5528/5528 5527/5527 5529/5529
f 5523/5523 5557/5557 5527/5527
f 5523/5523 5522/5522 5557/5557
f 5557/5557 5538/5538 5527/5527
f 5521/5521 5540/5540 5525/5525
f 5541/5541 5533/5533 5531/5531
f 5529/5529 5531/5531 5533/5533
f 5529/5529 5530/5530 5531/5531
f 5530/5530 5532/5532 5531/5531
f 5529/5529 5527/5527 5530/5530
f 5530/5530 5527/5527 5538/5538
f 5530/5530 5538/5538 5532/5532
f 5541/5541 5531/5531 5539/5539
f 5539/5539 5531/5531 5534/5534
f 5531/5531 5532/5532 5534/5534
f 5566/5566 5562/5562 5567/5567
f 5566/5566 5565/5565 5562/5562
f 5565/5565 5563/5563 5562/5562
f 5572/5572 5573/5573 5574/5574
f 5570/5570 5569/5569 5568/5568
f 5569/5569 5570/5570 5571/5571
f 5568/5568 5564/5564 5563/5563
f 5568/5568 5569/5569 5564/5564
f 5562/5562 5563/5563 5564/5564
f 5585/5585 5584/5584 5575/5575
f 5584/5584 5583/5583 5575/5575
f 5585/5585 5575/5575 5586/5586
f 5586/5586 5575/5575 5592/5592
f 5598/5598 5599/5599 5600/5600
f 5580/5580 5577/5577 5581/5581
f 5581/5581 5577/5577 5582/5582
f 5588/5588 5583/5583 5584/5584
f 5588/5588 5589/5589 5583/5583
f 5575/5575 5583/5583 5576/5576
f 5594/5594 5595/5595 5596/5596
f 5594/5594 5597/5597 5595/5595
f 5575/5575 5576/5576 5577/5577
f 5589/5589 5593/5593 5576/5576
f 5589/5589 5576/5576 5583/5583
f 5580/5580 5575/5575 5577/5577
f 5577/5577 5576/5576 5578/5578
f 5582/5582 5577/5577 5579/5579
f 5577/5577 5578/5578 5579/5579
f 5579/5579 5578/5578 5587/5587
f 5590/5590 5587/5587 5578/5578
f 5593/5593 5591/5591 5576/5576
f 5576/5576 5590/5590 5578/5578
f 5576/5576 5591/5591 5590/5590
f 5601/5601 5602/5602 5603/5603
f 5601/5601 5603/5603 5604/5604
f 5605/5605 5606/5606 5607/5607
f 5620/5620 5613/5613 5619/5619
f 5620/5620 5633/5633 5613/5613
f 5613/5613 5611/5611 5612/5612
f 5613/5613 5612/5612 5619/5619
f 5613/5613 5618/5618 5611/5611
f 5620/5620 5634/5634 5633/5633
f 5619/5619 5621/5621 5623/5623
f 5619/5619 5612/5612 5621/5621
f 5612/5612 5622/5622 5621/5621
f 5621/5621 5622/5622 5628/5628
f 5621/5621 5628/5628 5623/5623
f 5618/5618 5614/5614 5611/5611
f 5614/5614 5608/5608 5611/5611
f 5608/5608 5615/5615 5609/5609
f 5614/5614 5616/5616 5608/5608
f 5616/5616 5617/5617 5608/5608
f 5612/5612 5611/5611 5610/5610
f 5612/5612 5610/5610 5622/5622
f 5610/5610 5627/5627 5622/5622
f 5611/5611 5608/5608 5610/5610
f 5623/5623 5628/5628 5639/5639
f 5628/5628 5636/5636 5639/5639
f 5636/5636 5638/5638 5639/5639
f 5608/5608 5609/5609 5610/5610
f 5610/5610 5626/5626 5627/5627
f 5610/5610 5609/5609 5626/5626
f 5609/5609 5625/5625 5626/5626
f 5636/5636 5637/5637 5638/5638
f 5637/5637 5640/5640 5638/5638
f 5637/5637 5641/5641 5640/5640
f 5617/5617 5615/5615 5608/5608
f 5617/5617 5629/5629 5615/5615
f 5629/5629 5624/5624 5615/5615
f 5629/5629 5635/5635 5624/5624
f 5615/5615 5624/5624 5609/5609
f 5609/5609 5624/5624 5625/5625
f 5625/5625 5630/5630 5626/5626
f 5626/5626 5630/5630 5631/5631
f 5625/5625 5624/5624 5630/5630
f 5624/5624 5635/5635 5632/5632
f 5624/5624 5632/5632 5630/5630
f 5665/5665 5666/5666 5667/5667
f 5665/5665 5667/5667 5670/5670
f 5665/5665 5670/5670 5671/5671
f 5670/5670 5683/5683 5685/5685
f 5685/5685 5706/5706 5701/5701
f 5685/5685 5701/5701 5700/5700
f 5685/5685 5683/5683 5706/5706
f 5700/5700 5701/5701 5702/5702
f 5700/5700 5702/5702 5703/5703
f 5658/5658 5659/5659 5660/5660
f 5659/5659 5661/5661 5660/5660
f 5668/5668 5674/5674 5667/5667
f 5668/5668 5672/5672 5674/5674
f 5669/5669 5668/5668 5666/5666
f 5666/5666 5668/5668 5667/5667
f 5667/5667 5680/5680 5670/5670
f 5674/5674 5680/5680 5667/5667
f 5670/5670 5680/5680 5683/5683
f 5680/5680 5684/5684 5683/5683
f 5680/5680 5681/5681 5684/5684
f 5672/5672 5673/5673 5674/5674
f 5674/5674 5673/5673 5680/5680
f 5680/5680 5673/5673 5679/5679
f 5680/5680 5679/5679 5681/5681
f 5679/5679 5676/5676 5681/5681
f 5679/5679 5673/5673 5676/5676
f 5673/5673 5675/5675 5676/5676
f 5683/5683 5684/5684 5706/5706
f 5706/5706 5684/5684 5692/5692
f 5684/5684 5686/5686 5692/5692
f 5681/5681 5676/5676 5682/5682
f 5681/5681 5682/5682 5684/5684
f 5684/5684 5682/5682 5689/5689
f 5676/5676 5675/5675 5677/5677
f 5676/5676 5677/5677 5678/5678
f 5676/5676 5664/5664 5682/5682
f 5682/5682 5664/5664 5689/5689
f 5676/5676 5678/5678 5664/5664
f 5684/5684 5689/5689 5686/5686
f 5689/5689 5664/5664 5663/5663
f 5686/5686 5689/5689 5687/5687
f 5689/5689 5663/5663 5695/5695
f 5689/5689 5695/5695 5687/5687
f 5664/5664 5662/5662 5663/5663
f 5664/5664 5678/5678 5662/5662
f 5706/5706 5692/5692 5701/5701
f 5692/5692 5686/5686 5688/5688
f 5701/5701 5693/5693 5702/5702
f 5705/5705 5702/5702 5704/5704
f 5702/5702 5693/5693 5704/5704
f 5701/5701 5692/5692 5693/5693
f 5704/5704 5693/5693 5707/5707
f 5693/5693 5692/5692 5691/5691
f 5693/5693 5691/5691 5707/5707
f 5692/5692 5688/5688 5691/5691
f 5691/5691 5688/5688 5690/5690
f 5686/5686 5687/5687 5688/5688
f 5695/5695 5696/5696 5687/5687
f 5687/5687 5696/5696 5697/5697
f 5663/5663 5661/5661 5696/5696
f 5663/5663 5662/5662 5661/5661
f 5661/5661 5662/5662 5660/5660
f 5696/5696 5661/5661 5699/5699
f 5695/5695 5663/5663 5696/5696
f 5688/5688 5687/5687 5690/5690
f 5687/5687 5694/5694 5690/5690
f 5687/5687 5697/5697 5694/5694
f 5646/5646 5642/5642 5647/5647
f 5647/5647 5642/5642 5648/5648
f 5646/5646 5645/5645 5642/5642
f 5642/5642 5644/5644 5648/5648
f 5648/5648 5644/5644 5650/5650
f 5645/5645 5643/5643 5642/5642
f 5642/5642 5643/5643 5644/5644
f 5691/5691 5657/5657 5707/5707
f 5644/5644 5643/5643 5649/5649
f 5644/5644 5651/5651 5650/5650
f 5644/5644 5649/5649 5651/5651
f 5691/5691 5656/5656 5657/5657
f 5653/5653 5655/5655 5654/5654
f 5652/5652 5653/5653 5654/5654
f 5691/5691 5690/5690 5656/5656
f 5690/5690 5694/5694 5656/5656
f 5656/5656 5694/5694 5655/5655
f 5694/5694 5698/5698 5655/5655
f 5657/5657 5656/5656 5653/5653
f 5656/5656 5655/5655 5653/5653
f 5735/5735 5736/5736 5737/5737
f 5735/5735 5738/5738 5745/5745
f 5745/5745 5738/5738 5744/5744
f 5735/5735 5737/5737 5738/5738
f 5738/5738 5737/5737 5714/5714
f 5736/5736 5739/5739 5737/5737
f 5737/5737 5739/5739 5740/5740
f 5738/5738 5714/5714 5744/5744
f 5744/5744 5714/5714 5719/5719
f 5719/5719 5712/5712 5718/5718
f 5719/5719 5714/5714 5712/5712
f 5718/5718 5712/5712 5713/5713
f 5737/5737 5722/5722 5714/5714
f 5737/5737 5740/5740 5722/5722
f 5714/5714 5711/5711 5712/5712
f 5714/5714 5722/5722 5711/5711
f 5722/5722 5709/5709 5711/5711
f 5712/5712 5711/5711 5708/5708
f 5718/5718 5713/5713 5721/5721
f 5730/5730 5713/5713 5729/5729
f 5712/5712 5708/5708 5713/5713
f 5713/5713 5708/5708 5715/5715
f 5713/5713 5715/5715 5729/5729
f 5708/5708 5716/5716 5715/5715
f 5708/5708 5710/5710 5716/5716
f 5715/5715 5716/5716 5729/5729
f 5739/5739 5741/5741 5740/5740
f 5741/5741 5724/5724 5740/5740
f 5743/5743 5746/5746 5742/5742
f 5746/5746 5747/5747 5742/5742
f 5740/5740 5724/5724 5722/5722
f 5741/5741 5742/5742 5724/5724
f 5724/5724 5742/5742 5720/5720
f 5722/5722 5724/5724 5709/5709
f 5724/5724 5720/5720 5709/5709
f 5741/5741 5743/5743 5742/5742
f 5742/5742 5747/5747 5727/5727
f 5711/5711 5709/5709 5708/5708
f 5709/5709 5720/5720 5717/5717
f 5709/5709 5717/5717 5710/5710
f 5720/5720 5742/5742 5727/5727
f 5720/5720 5727/5727 5717/5717
f 5727/5727 5726/5726 5717/5717
f 5747/5747 5733/5733 5727/5727
f 5725/5725 5723/5723 5728/5728
f 5708/5708 5709/5709 5710/5710
f 5710/5710 5717/5717 5723/5723
f 5710/5710 5723/5723 5716/5716
f 5729/5729 5716/5716 5725/5725
f 5716/5716 5723/5723 5725/5725
f 5717/5717 5726/5726 5723/5723
f 5723/5723 5726/5726 5728/5728
f 5733/5733 5726/5726 5727/5727
f 5733/5733 5728/5728 5726/5726
f 5734/5734 5728/5728 5733/5733
f 5732/5732 5729/5729 5725/5725
f 5731/5731 5725/5725 5728/5728
f 5799/5799 5800/5800 5801/5801
f 5802/5802 5800/5800 5799/5799
f 5797/5797 5793/5793 5794/5794
f 5793/5793 5789/5789 5794/5794
f 5793/5793 5791/5791 5789/5789
f 5789/5789 5791/5791 5790/5790
f 5789/5789 5790/5790 5787/5787
f 5789/5789 5788/5788 5794/5794
f 5800/5800 5811/5811 5801/5801
f 5801/5801 5811/5811 5808/5808
f 5789/5789 5787/5787 5788/5788
f 5811/5811 5810/5810 5808/5808
f 5788/5788 5787/5787 5784/5784
f 5808/5808 5810/5810 5806/5806
f 5808/5808 5806/5806 5807/5807
f 5791/5791 5792/5792 5790/5790
f 5791/5791 5796/5796 5792/5792
f 5773/5773 5771/5771 5761/5761
f 5773/5773 5761/5761 5774/5774
f 5761/5761 5771/5771 5760/5760
f 5761/5761 5762/5762 5774/5774
f 5761/5761 5760/5760 5749/5749
f 5761/5761 5749/5749 5762/5762
f 5760/5760 5759/5759 5749/5749
f 5759/5759 5758/5758 5749/5749
f 5749/5749 5758/5758 5756/5756
f 5758/5758 5757/5757 5756/5756
f 5768/5768 5767/5767 5764/5764
f 5764/5764 5767/5767 5763/5763
f 5790/5790 5785/5785 5787/5787
f 5787/5787 5785/5785 5783/5783
f 5785/5785 5782/5782 5783/5783
f 5774/5774 5762/5762 5772/5772
f 5785/5785 5798/5798 5782/5782
f 5782/5782 5780/5780 5776/5776
f 5782/5782 5776/5776 5783/5783
f 5780/5780 5779/5779 5776/5776
f 5749/5749 5772/5772 5762/5762
f 5772/5772 5749/5749 5748/5748
f 5781/5781 5779/5779 5780/5780
f 5749/5749 5756/5756 5755/5755
f 5755/5755 5756/5756 5754/5754
f 5756/5756 5757/5757 5754/5754
f 5755/5755 5754/5754 5749/5749
f 5787/5787 5783/5783 5784/5784
f 5783/5783 5778/5778 5784/5784
f 5783/5783 5776/5776 5778/5778
f 5776/5776 5779/5779 5777/5777
f 5776/5776 5777/5777 5778/5778
f 5753/5753 5748/5748 5750/5750
f 5748/5748 5749/5749 5750/5750
f 5749/5749 5751/5751 5750/5750
f 5749/5749 5754/5754 5751/5751
f 5754/5754 5757/5757 5763/5763
f 5757/5757 5764/5764 5763/5763
f 5754/5754 5765/5765 5751/5751
f 5754/5754 5763/5763 5765/5765
f 5765/5765 5763/5763 5766/5766
f 5784/5784 5778/5778 5795/5795
f 5778/5778 5777/5777 5786/5786
f 5778/5778 5786/5786 5795/5795
f 5750/5750 5751/5751 5752/5752
f 5751/5751 5769/5769 5752/5752
f 5751/5751 5765/5765 5769/5769
f 5806/5806 5803/5803 5807/5807
f 5806/5806 5809/5809 5804/5804
f 5806/5806 5804/5804 5803/5803
f 5803/5803 5804/5804 5805/5805
f 5765/5765 5770/5770 5769/5769
f 5765/5765 5766/5766 5770/5770
f 5770/5770 5766/5766 5775/5775
f 5869/5869 5865/5865 5863/5863
f 5863/5863 5865/5865 5858/5858
f 5865/5865 5862/5862 5858/5858
f 5863/5863 5858/5858 5859/5859
f 5859/5859 5858/5858 5856/5856
f 5858/5858 5857/5857 5856/5856
f 5820/5820 5819/5819 5818/5818
f 5819/5819 5815/5815 5817/5817
f 5819/5819 5817/5817 5818/5818
f 5858/5858 5862/5862 5857/5857
f 5856/5856 5857/5857 5853/5853
f 5857/5857 5862/5862 5860/5860
f 5815/5815 5814/5814 5817/5817
f 5817/5817 5814/5814 5818/5818
f 5815/5815 5812/5812 5814/5814
f 5862/5862 5864/5864 5860/5860
f 5846/5846 5826/5826 5825/5825
f 5859/5859 5856/5856 5861/5861
f 5856/5856 5854/5854 5861/5861
f 5861/5861 5854/5854 5866/5866
f 5873/5873 5874/5874 5875/5875
f 5856/5856 5853/5853 5854/5854
f 5855/5855 5854/5854 5852/5852
f 5825/5825 5826/5826 5827/5827
f 5825/5825 5827/5827 5828/5828
f 5852/5852 5851/5851 5829/5829
f 5827/5827 5829/5829 5828/5828
f 5828/5828 5829/5829 5830/5830
f 5853/5853 5852/5852 5854/5854
f 5857/5857 5860/5860 5853/5853
f 5853/5853 5860/5860 5847/5847
f 5852/5852 5853/5853 5847/5847
f 5852/5852 5849/5849 5851/5851
f 5847/5847 5849/5849 5852/5852
f 5851/5851 5834/5834 5829/5829
f 5829/5829 5834/5834 5832/5832
f 5851/5851 5849/5849 5841/5841
f 5851/5851 5841/5841 5834/5834
f 5860/5860 5864/5864 5848/5848
f 5860/5860 5848/5848 5847/5847
f 5812/5812 5813/5813 5814/5814
f 5814/5814 5813/5813 5816/5816
f 5864/5864 5867/5867 5848/5848
f 5812/5812 5822/5822 5813/5813
f 5813/5813 5822/5822 5821/5821
f 5813/5813 5821/5821 5816/5816
f 5870/5870 5868/5868 5867/5867
f 5822/5822 5823/5823 5821/5821
f 5822/5822 5824/5824 5823/5823
f 5870/5870 5871/5871 5868/5868
f 5872/5872 5842/5842 5871/5871
f 5847/5847 5848/5848 5849/5849
f 5849/5849 5848/5848 5850/5850
f 5848/5848 5868/5868 5850/5850
f 5848/5848 5867/5867 5868/5868
f 5849/5849 5850/5850 5841/5841
f 5850/5850 5868/5868 5841/5841
f 5868/5868 5842/5842 5841/5841
f 5842/5842 5835/5835 5841/5841
f 5871/5871 5842/5842 5868/5868
f 5842/5842 5843/5843 5835/5835
f 5841/5841 5835/5835 5834/5834
f 5843/5843 5840/5840 5835/5835
f 5843/5843 5845/5845 5840/5840
f 5876/5876 5877/5877 5878/5878
f 5840/5840 5844/5844 5839/5839
f 5840/5840 5839/5839 5837/5837
f 5835/5835 5840/5840 5837/5837
f 5835/5835 5837/5837 5836/5836
f 5836/5836 5837/5837 5838/5838
f 5837/5837 5839/5839 5838/5838
f 5829/5829 5832/5832 5831/5831
f 5829/5829 5831/5831 5830/5830
f 5832/5832 5833/5833 5831/5831
f 5834/5834 5833/5833 5832/5832
f 5834/5834 5835/5835 5833/5833
f 5835/5835 5836/5836 5833/5833
f 5883/5883 5879/5879 5882/5882
f 5883/5883 5885/5885 5879/5879
f 5882/5882 5879/5879 5881/5881
f 5885/5885 5887/5887 5879/5879
f 5879/5879 5880/5880 5881/5881
f 5879/5879 5887/5887 5880/5880
f 5884/5884 5880/5880 5886/5886
f 5880/5880 5888/5888 5886/5886
f 5881/5881 5880/5880 5884/5884
f 5880/5880 5887/5887 5888/5888
f 5889/5889 5890/5890 5891/5891
f 5892/5892 5893/5893 5894/5894
f 5895/5895 5896/5896 5897/5897
f 5898/5898 5899/5899 5900/5900
f 5901/5901 5902/5902 5903/5903
f 5904/5904 5905/5905 5906/5906
f 5907/5907 5908/5908 5909/5909
f 5936/5936 5935/5935 5928/5928
f 5928/5928 5926/5926 5927/5927
f 5928/5928 5935/5935 5926/5926
f 5927/5927 5926/5926 5923/5923
f 5926/5926 5924/5924 5923/5923
f 5927/5927 5923/5923 5930/5930
f 5923/5923 5925/5925 5930/5930
f 5923/5923 5924/5924 5925/5925
f 5924/5924 5929/5929 5925/5925
f 5930/5930 5925/5925 5931/5931
f 5930/5930 5931/5931 5932/5932
f 5925/5925 5929/5929 5931/5931
f 5929/5929 5933/5933 5931/5931
f 5918/5918 5911/5911 5913/5913
f 5918/5918 5917/5917 5911/5911
f 5910/5910 5913/5913 5911/5911
f 5933/5933 5934/5934 5931/5931
f 5911/5911 5914/5914 5912/5912
f 5917/5917 5914/5914 5911/5911
f 5922/5922 5920/5920 5921/5921
f 5920/5920 5912/5912 5916/5916
f 5920/5920 5916/5916 5921/5921
f 5919/5919 5910/5910 5912/5912
f 5919/5919 5912/5912 5920/5920
f 5910/5910 5911/5911 5912/5912
f 5916/5916 5912/5912 5915/5915
f 5912/5912 5914/5914 5915/5915
f 5937/5937 5938/5938 5939/5939
f 5940/5940 5941/5941 5942/5942
f 5943/5943 5944/5944 5945/5945
f 5946/5946 5947/5947 5948/5948
f 5949/5949 5950/5950 5951/5951
f 5952/5952 5953/5953 5954/5954
