# LE 31 - legR (monstre T-pose)
v 0.22887 -0.25905 0.00447
v 0.22183 -0.23940 0.00903
v 0.22864 -0.26131 0.01092
v 0.22336 -0.23922 -0.00280
v 0.21786 -0.21628 -0.00957
v 0.21434 -0.21056 0.00371
v 0.20842 -0.18723 -0.00722
v 0.22853 -0.25109 -0.00580
v 0.21615 -0.19933 -0.02078
v 0.20570 -0.16760 -0.01978
v 0.19992 -0.15745 -0.00516
v 0.19712 -0.13797 -0.02030
v 0.20136 -0.14387 -0.03388
v 0.19387 -0.11658 -0.03504
v 0.19055 -0.11283 -0.02074
v 0.19821 -0.12527 -0.04178
v 0.18872 -0.09482 -0.03422
v 0.18446 -0.08757 -0.01826
v 0.19009 -0.08913 -0.04641
v 0.18445 -0.09548 -0.00367
v 0.17901 -0.07628 0.00055
v 0.19081 -0.11943 -0.00024
v 0.19503 -0.13471 -0.00702
v 0.17970 -0.08438 0.01827
v 0.17375 -0.06179 0.00891
v 0.17330 -0.06659 0.02877
v 0.17564 -0.05665 -0.00884
v 0.18303 -0.07170 -0.02883
v 0.18399 -0.06725 -0.04625
v 0.17778 -0.04490 -0.04080
v 0.17950 -0.04557 -0.05483
v 0.18532 -0.06579 -0.05594
v 0.17742 -0.05024 -0.02360
v 0.17271 -0.02148 -0.04409
v 0.17262 -0.01102 -0.05981
v 0.16881 -0.00128 -0.04977
v 0.16799 -0.00460 -0.03566
v 0.17286 -0.02776 -0.02779
v 0.17187 -0.03746 -0.01277
v 0.16717 -0.03988 0.00848
v 0.16681 -0.02107 -0.01081
v 0.16617 -0.04491 0.02367
v 0.15789 -0.01919 0.02083
v 0.15842 -0.01245 0.00786
v 0.15318 -0.01012 0.03079
v 0.16094 -0.03247 0.03486
v 0.16333 0.00039 -0.02421
v 0.15062 0.00709 0.01015
v 0.15976 -0.00424 -0.00691
v 0.14402 0.01353 0.03478
v 0.19581 -0.09912 -0.05454
v 0.18639 -0.10435 0.01102
v 0.19425 -0.13435 0.00931
v 0.19953 -0.15578 0.00847
v 0.20884 -0.15993 -0.03855
v 0.21766 -0.19049 -0.03295
v 0.15024 -0.00448 0.04282
v 0.15710 -0.02261 0.04408
v 0.22615 -0.23361 -0.01524
v 0.23417 -0.26604 -0.00269
v 0.16979 -0.05669 0.03858
v 0.20728 -0.18398 0.00632
v 0.23751 -0.27886 0.00839
v 0.19108 -0.12062 0.01781
v 0.18552 -0.10129 0.02407
v 0.17928 -0.08297 0.03061
v 0.22572 -0.21690 -0.02773
v 0.20261 -0.12862 -0.04905
v 0.18100 -0.03539 -0.06485
v 0.24261 -0.28329 0.00067
v 0.17279 0.00013 -0.06647
v 0.23705 -0.27853 0.01402
v 0.16212 -0.03545 0.04700
v 0.25388 -0.30052 0.00186
v 0.25488 -0.30554 0.01070
v 0.18906 -0.06806 -0.06160
v 0.17560 -0.07182 0.04013
v 0.24638 -0.29418 0.01579
v 0.21119 -0.15132 -0.04890
v 0.21866 -0.17592 -0.04478
v 0.17819 -0.00772 -0.07224
v 0.15190 -0.00781 0.05255
v 0.14625 0.00589 0.05615
v 0.26833 -0.31987 0.00199
v 0.26994 -0.32667 0.01217
v 0.23362 -0.24300 -0.02002
v 0.18143 -0.08706 0.03687
v 0.25694 -0.29690 -0.00841
v 0.19043 -0.11260 0.02996
v 0.22971 -0.20940 -0.03895
v 0.28110 -0.33676 0.00353
v 0.19820 -0.14461 0.01817
v 0.27470 -0.33594 0.02147
v 0.26497 -0.31927 0.02094
v 0.26747 -0.32514 0.03607
v 0.25581 -0.30676 0.02069
v 0.27181 -0.33871 0.03569
v 0.26490 -0.32493 0.04904
v 0.28126 -0.35238 0.02677
v 0.26324 -0.31303 0.04438
v 0.26261 -0.31213 0.03507
v 0.26387 -0.32287 0.06052
v 0.28759 -0.34871 0.00935
v 0.25983 -0.30122 0.04030
v 0.29313 -0.36146 0.01384
v 0.29894 -0.36355 0.00416
v 0.30483 -0.37854 0.00703
v 0.29179 -0.36865 0.02270
v 0.26720 -0.34158 0.04859
v 0.27390 -0.35738 0.04023
v 0.26701 -0.34974 0.05749
v 0.27139 -0.37585 0.05297
v 0.27067 -0.37926 0.06675
v 0.27400 -0.39729 0.05653
v 0.27773 -0.38557 0.04332
v 0.27746 -0.41972 0.06823
v 0.27923 -0.42693 0.06014
v 0.27797 -0.40403 0.05040
v 0.28355 -0.43466 0.05271
v 0.28651 -0.45813 0.06083
v 0.28927 -0.45443 0.05006
v 0.29476 -0.46861 0.04739
v 0.29415 -0.48017 0.05688
v 0.29261 -0.48394 0.06463
v 0.29912 -0.50191 0.06269
v 0.30357 -0.50447 0.05339
v 0.30578 -0.51912 0.05970
v 0.30324 -0.51742 0.07159
v 0.31209 -0.53794 0.06097
v 0.31488 -0.55374 0.07627
v 0.32013 -0.56246 0.06223
v 0.32078 -0.56787 0.06857
v 0.33088 -0.58892 0.06017
v 0.32873 -0.59176 0.07536
v 0.33474 -0.60456 0.06689
v 0.34146 -0.61504 0.05482
v 0.34162 -0.62469 0.06498
v 0.34979 -0.64289 0.05204
v 0.34859 -0.64611 0.06008
v 0.35469 -0.67102 0.06402
v 0.35805 -0.67603 0.05320
v 0.36121 -0.69450 0.06008
v 0.36352 -0.68836 0.04785
v 0.33708 -0.61470 0.07752
v 0.34844 -0.65278 0.07459
v 0.30100 -0.49042 0.04838
v 0.36754 -0.70453 0.04482
v 0.36037 -0.69910 0.07584
v 0.34179 -0.63124 0.08627
v 0.29496 -0.49232 0.07394
v 0.36610 -0.71749 0.06438
v 0.35405 -0.67491 0.08380
v 0.32449 -0.58093 0.08453
v 0.28674 -0.43554 0.04586
v 0.28212 -0.41148 0.04488
v 0.36564 -0.71128 0.05324
v 0.33157 -0.59900 0.08770
v 0.36931 -0.73131 0.08177
v 0.28339 -0.44775 0.07474
v 0.37140 -0.72724 0.03976
v 0.34871 -0.65480 0.08725
v 0.33797 -0.59273 0.04942
v 0.32658 -0.56729 0.05404
v 0.32064 -0.54811 0.05249
v 0.31466 -0.52635 0.04930
v 0.28961 -0.47098 0.08154
v 0.36075 -0.70080 0.08508
v 0.34613 -0.61393 0.04629
v 0.29877 -0.38960 0.02374
v 0.30898 -0.39445 0.01012
v 0.29206 -0.34322 -0.00387
v 0.36885 -0.72985 0.04729
v 0.36799 -0.72927 0.05712
v 0.30844 -0.53263 0.08715
v 0.29851 -0.50020 0.08830
v 0.30811 -0.41667 0.02198
v 0.36100 -0.66483 0.04451
v 0.35666 -0.64079 0.04202
v 0.23283 -0.19852 -0.04956
v 0.30893 -0.50716 0.04731
v 0.19382 -0.07307 -0.06579
v 0.19037 -0.05289 -0.06985
v 0.28609 -0.37252 0.03124
v 0.24096 -0.27192 -0.00760
v 0.37219 -0.75586 0.03775
v 0.36958 -0.75130 0.05043
v 0.24988 -0.27588 -0.01656
v 0.26806 -0.30890 -0.01176
v 0.27569 -0.40667 0.07820
v 0.28090 -0.43240 0.08260
v 0.26686 -0.34730 0.06923
v 0.32195 -0.42670 0.00782
v 0.31492 -0.37949 -0.00607
v 0.30407 -0.36079 -0.00498
v 0.32098 -0.40288 -0.00184
v 0.27732 -0.32570 -0.00552
v 0.20502 -0.11312 -0.05979
v 0.20156 -0.09460 -0.06424
v 0.20885 -0.13381 -0.05451
v 0.37026 -0.77363 0.04497
v 0.31947 -0.56216 0.09253
v 0.26127 -0.28994 0.05587
v 0.29381 -0.45525 0.04440
v 0.24476 -0.25567 -0.02490
v 0.24708 -0.22692 -0.04834
v 0.24559 -0.20652 -0.06399
v 0.24040 -0.19619 -0.06238
v 0.22954 -0.17752 -0.05665
v 0.36741 -0.68387 0.04126
v 0.36980 -0.73989 0.06882
v 0.37104 -0.79773 0.03565
v 0.36914 -0.79659 0.04698
v 0.36840 -0.81436 0.04717
v 0.37004 -0.81626 0.03897
v 0.37386 -0.82569 0.04208
v 0.36958 -0.81989 0.05403
v 0.37873 -0.82350 0.02947
v 0.37351 -0.81072 0.02961
v 0.38639 -0.84041 0.03910
v 0.38995 -0.83232 0.01911
v 0.39173 -0.84734 0.02435
v 0.38934 -0.85125 0.05421
v 0.39369 -0.84171 0.00538
v 0.37917 -0.83450 0.05392
v 0.39536 -0.86167 0.01009
v 0.39306 -0.86166 0.02768
v 0.40075 -0.87655 0.00874
v 0.40208 -0.87135 -0.01646
v 0.39749 -0.86098 -0.01007
v 0.40632 -0.87175 -0.03337
v 0.40977 -0.88169 -0.03392
v 0.41225 -0.87255 -0.04817
v 0.41515 -0.88520 -0.05270
v 0.41630 -0.89336 -0.03481
v 0.41810 -0.89506 -0.05310
v 0.41681 -0.88974 -0.06470
v 0.40642 -0.88109 -0.01056
v 0.40350 -0.85893 -0.02992
v 0.39591 -0.85174 -0.01017
v 0.41757 -0.87142 -0.06435
v 0.39645 -0.87688 0.02112
v 0.40646 -0.89029 0.01186
v 0.41271 -0.89147 -0.00529
v 0.39145 -0.87041 0.03677
v 0.38952 -0.86382 0.05505
v 0.36963 -0.74822 0.05950
v 0.37632 -0.75762 0.08325
v 0.41782 -0.89996 -0.06611
v 0.28588 -0.44806 0.09279
v 0.42247 -0.90184 -0.04633
v 0.21254 -0.20044 0.01048
v 0.36711 -0.71803 0.09235
v 0.37033 -0.77040 0.05564
v 0.21813 -0.21572 0.01698
v 0.34424 -0.63423 0.09545
v 0.33631 -0.60803 0.09777
v 0.32945 -0.58862 0.09516
v 0.27230 -0.37766 0.08221
v 0.29524 -0.47770 0.10273
v 0.22686 -0.25203 0.01580
v 0.22490 -0.23798 0.02123
v 0.41254 -0.85791 -0.04864
v 0.42107 -0.90921 -0.06699
v 0.31026 -0.52850 0.10222
v 0.30417 -0.50672 0.10529
v 0.39291 -0.82501 0.00948
v 0.38611 -0.81701 0.01654
v 0.41817 -0.88301 -0.07662
v 0.19753 -0.12975 0.02945
v 0.39214 -0.88649 0.03340
v 0.39975 -0.89365 0.02446
v 0.36883 -0.80684 0.05399
v 0.39034 -0.85275 0.06691
v 0.38609 -0.84249 0.06193
v 0.35311 -0.66182 0.09617
v 0.36071 -0.69081 0.09527
v 0.20636 -0.16751 0.01973
v 0.21404 -0.19133 0.02144
v 0.37813 -0.83013 0.06239
v 0.39025 -0.86325 0.07233
v 0.26679 -0.33045 0.07522
v 0.39731 -0.84065 -0.01208
v 0.37609 -0.73551 0.10107
v 0.39669 -0.82595 -0.00091
v 0.28243 -0.42087 0.09689
v 0.27914 -0.40103 0.09546
v 0.42382 -0.90183 -0.01600
v 0.25606 -0.28549 0.04051
v 0.37074 -0.78720 0.05992
v 0.41565 -0.90613 -0.07886
v 0.41576 -0.89502 -0.07993
v 0.37059 -0.81747 0.06009
v 0.26472 -0.30171 0.07017
v 0.23420 -0.26809 0.01981
v 0.23120 -0.25689 0.02309
v 0.38376 -0.76163 0.10511
v 0.38299 -0.77438 0.08904
v 0.38885 -0.78802 0.10072
v 0.39011 -0.78749 0.10956
v 0.39391 -0.81626 0.09664
v 0.39003 -0.80027 0.08926
v 0.39283 -0.83062 0.08436
v 0.39669 -0.83468 0.10124
v 0.39520 -0.85064 0.08578
v 0.39572 -0.80861 0.10937
v 0.39707 -0.85277 0.09982
v 0.25521 -0.29913 0.03059
v 0.24257 -0.28175 0.02357
v 0.38736 -0.88115 0.04606
v 0.27200 -0.35804 0.08636
v 0.27714 -0.37866 0.09510
v 0.31135 -0.51999 0.11424
v 0.37244 -0.76148 0.06747
v 0.37578 -0.78269 0.07096
v 0.41849 -0.89924 0.00329
v 0.38650 -0.90543 0.04996
v 0.38299 -0.89892 0.05369
v 0.38222 -0.90682 0.05908
v 0.38068 -0.89904 0.06847
v 0.38131 -0.90801 0.07515
v 0.38577 -0.91577 0.07342
v 0.38244 -0.89083 0.05540
v 0.38729 -0.91493 0.06238
v 0.38811 -0.91753 0.08367
v 0.38607 -0.91085 0.09381
v 0.39077 -0.92184 0.07256
v 0.38266 -0.89578 0.08524
v 0.38552 -0.90151 0.09497
v 0.39573 -0.81126 0.00508
v 0.40537 -0.84475 -0.03077
v 0.38820 -0.83907 0.07067
v 0.36960 -0.71336 0.10017
v 0.28930 -0.44429 0.10511
v 0.41306 -0.90058 0.01555
v 0.37094 -0.80238 0.06261
v 0.42147 -0.86885 -0.08098
v 0.42018 -0.85816 -0.06564
v 0.41080 -0.91218 -0.09663
v 0.20353 -0.15356 0.02408
v 0.38278 -0.88640 0.07046
v 0.38621 -0.75778 0.11376
v 0.38526 -0.79280 0.08213
v 0.38666 -0.87527 0.06079
v 0.39449 -0.91526 0.05038
v 0.37563 -0.79365 0.02719
v 0.41384 -0.91891 -0.09757
v 0.40907 -0.91212 -0.10768
v 0.41176 -0.92048 -0.10966
v 0.41310 -0.92128 -0.11922
v 0.40938 -0.91445 -0.11740
v 0.40830 -0.90778 -0.11495
v 0.41111 -0.90887 -0.12502
v 0.41512 -0.91525 -0.13037
v 0.40991 -0.90323 -0.12161
v 0.41810 -0.92553 -0.12342
v 0.41149 -0.90322 -0.09574
v 0.30897 -0.50504 0.11834
v 0.29863 -0.47162 0.11438
v 0.33269 -0.59067 0.10141
v 0.32674 -0.56969 0.10299
v 0.32037 -0.54781 0.10683
v 0.31857 -0.53388 0.11487
v 0.26431 -0.27555 0.06551
v 0.25957 -0.27409 0.04966
v 0.39445 -0.86175 0.09073
v 0.39640 -0.86763 0.10677
v 0.41800 -0.88520 -0.09182
v 0.38717 -0.81942 0.07727
v 0.38929 -0.89236 0.10526
v 0.39041 -0.90603 0.10496
v 0.41952 -0.91914 -0.13262
v 0.28577 -0.40945 0.10727
v 0.28120 -0.38391 0.10215
v 0.39524 -0.92466 0.08229
v 0.39322 -0.92055 0.06227
v 0.29077 -0.42588 0.11213
v 0.29576 -0.44672 0.11572
v 0.34344 -0.62330 0.10100
v 0.34994 -0.63764 0.10327
v 0.37482 -0.72169 0.03428
v 0.37765 -0.74438 0.02980
v 0.38116 -0.72707 0.11299
v 0.27054 -0.32123 0.08333
v 0.38435 -0.80215 0.01650
v 0.37707 -0.76714 0.02837
v 0.26499 -0.26052 0.05979
v 0.26123 -0.25888 0.04693
v 0.37539 -0.70431 0.03412
v 0.41071 -0.89990 -0.11506
v 0.41358 -0.89493 -0.10137
v 0.36632 -0.69427 0.10307
v 0.36068 -0.67418 0.10285
v 0.35650 -0.65716 0.10388
v 0.26827 -0.28990 0.07650
v 0.39342 -0.91580 0.09949
v 0.30882 -0.44222 0.02950
v 0.38817 -0.88220 0.09410
v 0.26337 -0.29414 -0.01854
v 0.34122 -0.57527 0.04008
v 0.35288 -0.59880 0.03471
v 0.25347 -0.21863 -0.06329
v 0.40175 -0.84641 0.10892
v 0.40102 -0.82991 0.10967
v 0.33175 -0.42607 -0.00409
v 0.33496 -0.44787 0.00080
v 0.32973 -0.46325 0.01322
v 0.31992 -0.45606 0.02290
v 0.32205 -0.48328 0.02990
v 0.41604 -0.89927 -0.13121
v 0.42177 -0.90045 -0.14078
v 0.18602 -0.02917 -0.07303
v 0.23772 -0.17926 -0.06566
v 0.22679 -0.16289 -0.05914
v 0.38640 -0.78810 0.01592
v 0.39958 -0.90681 0.03575
v 0.33584 -0.49339 0.01812
v 0.33766 -0.51899 0.02618
v 0.34639 -0.51443 0.01386
v 0.34744 -0.54244 0.02385
v 0.35432 -0.61808 0.03796
v 0.34206 -0.46864 0.00157
v 0.24838 -0.19799 -0.07065
v 0.34818 -0.49881 0.00660
v 0.40376 -0.82535 -0.01725
v 0.26515 -0.24535 -0.05234
v 0.26052 -0.25040 -0.04421
v 0.42576 -0.91057 -0.14375
v 0.42880 -0.90470 -0.14946
v 0.42989 -0.89146 -0.15763
v 0.43052 -0.90113 -0.16002
v 0.43359 -0.90593 -0.17900
v 0.43680 -0.91810 -0.17655
v 0.43829 -0.92181 -0.18438
v 0.43938 -0.91693 -0.19088
v 0.44214 -0.92568 -0.19037
v 0.44248 -0.92889 -0.18282
v 0.43305 -0.90731 -0.15666
v 0.43388 -0.90720 -0.16309
v 0.44663 -0.93318 -0.18715
v 0.43419 -0.89618 -0.18002
v 0.43516 -0.91306 -0.15077
v 0.43769 -0.90006 -0.18719
v 0.43969 -0.91363 -0.16166
v 0.44266 -0.91848 -0.19531
v 0.44598 -0.92984 -0.19109
v 0.42472 -0.88959 -0.14163
v 0.33932 -0.60336 0.10456
v 0.41695 -0.84823 -0.05252
v 0.39298 -0.78669 0.11415
v 0.40314 -0.80987 -0.00446
v 0.40039 -0.79783 0.00336
v 0.26109 -0.27964 -0.02587
v 0.27839 -0.35579 0.09697
v 0.36959 -0.66795 0.03612
v 0.44567 -0.92344 -0.19541
v 0.25965 -0.26445 -0.03362
v 0.21791 -0.15033 -0.05632
v 0.44387 -0.90819 -0.19606
v 0.33631 -0.53683 0.03363
v 0.29903 -0.33950 -0.01322
v 0.34461 -0.55893 0.03191
v 0.35465 -0.53449 0.01347
v 0.35645 -0.56365 0.02151
v 0.33242 -0.55549 0.04303
v 0.32546 -0.53979 0.04432
v 0.42564 -0.92702 -0.13012
v 0.29439 -0.41209 0.03441
v 0.28514 -0.38994 0.03712
v 0.29461 -0.43840 0.04006
v 0.37571 -0.70898 0.10981
v 0.39911 -0.91088 0.11185
v 0.43508 -0.88574 -0.16807
v 0.42520 -0.86467 -0.08817
v 0.42560 -0.85198 -0.07118
v 0.42046 -0.87917 -0.10461
v 0.42792 -0.88091 -0.14129
v 0.42483 -0.87840 -0.12293
v 0.36360 -0.63547 0.03356
v 0.36142 -0.58830 0.02460
v 0.43158 -0.92102 -0.14055
v 0.37492 -0.65411 0.02879
v 0.32365 -0.52212 0.04060
v 0.31841 -0.50245 0.03895
v 0.30474 -0.48166 0.04299
v 0.37701 -0.80273 0.06952
v 0.37565 -0.81796 0.06568
v 0.31307 -0.36006 -0.01351
v 0.30791 -0.45924 0.03495
v 0.33058 -0.39907 -0.01185
v 0.18144 -0.00166 -0.07659
v 0.28296 -0.32280 -0.01268
v 0.27392 -0.26605 -0.04353
v 0.41556 -0.83483 -0.04167
v 0.37764 -0.67794 0.03083
v 0.40116 -0.92390 0.09399
v 0.36432 -0.60787 0.02705
v 0.37137 -0.63079 0.02659
v 0.32268 -0.37687 -0.01354
v 0.41962 -0.88833 -0.12659
v 0.43549 -0.87945 -0.15486
v 0.21692 -0.13597 -0.06013
v 0.38740 -0.76971 0.01785
v 0.27152 -0.29789 -0.02226
v 0.27567 -0.28188 -0.03435
v 0.43816 -0.88831 -0.17973
v 0.39687 -0.90157 0.11329
v 0.39488 -0.88734 0.11236
v 0.38237 -0.72263 0.02756
v 0.38363 -0.74649 0.02425
v 0.41502 -0.81980 -0.02935
v 0.40005 -0.89172 0.11747
v 0.42732 -0.84073 -0.06110
v 0.41081 -0.80824 -0.01324
v 0.40161 -0.91881 0.10322
v 0.41061 -0.79702 -0.00373
v 0.42924 -0.87015 -0.10973
v 0.40353 -0.87040 0.11441
v 0.44287 -0.89371 -0.18831
v 0.44691 -0.90140 -0.19544
v 0.43271 -0.85037 -0.07894
v 0.43385 -0.86070 -0.09486
v 0.42540 -0.82727 -0.04587
v 0.02275 0.00680 -0.10303
v 0.01446 -0.00465 -0.10220
v 0.02046 -0.02687 -0.10264
v 0.03504 -0.00892 -0.10201
v 0.02906 -0.03164 -0.10229
v 0.02492 -0.05118 -0.10118
v 0.01856 -0.03870 -0.10070
v 0.01834 -0.06261 -0.09964
v 0.02234 -0.07108 -0.10046
v 0.01879 -0.08617 -0.09936
v 0.02515 -0.08733 -0.09984
v 0.01494 -0.02065 -0.10277
v 0.03123 -0.07337 -0.09991
v 0.01834 -0.09350 -0.09718
v 0.02143 -0.09441 -0.09821
v 0.04241 0.00511 -0.10054
v 0.03367 -0.05402 -0.09941
v 0.02782 -0.08910 -0.09900
v 0.03227 -0.08359 -0.09853
v 0.04206 -0.00877 -0.10048
v 0.03603 -0.01991 -0.10083
v 0.03456 -0.03200 -0.10081
v 0.01290 -0.00844 -0.10004
v 0.08793 -0.00743 0.18565
v 0.08250 -0.00577 0.18795
v 0.08532 -0.02108 0.18643
v 0.07429 -0.00037 0.19197
v 0.06873 0.00628 0.19190
v 0.07001 -0.01598 0.19756
v 0.07571 -0.01001 0.19631
v 0.07444 -0.02018 0.20033
v 0.07715 -0.00317 0.19330
v 0.07999 -0.01118 0.19107
v 0.07805 -0.02025 0.19745
v 0.08413 -0.03689 0.19230
v 0.06863 -0.01911 0.20123
v 0.25669 0.00935 -0.05796
v 0.26651 -0.01055 -0.05042
v 0.25912 -0.01450 -0.05832
v 0.26701 -0.03811 -0.05420
v 0.27208 -0.03736 -0.04845
v 0.27537 -0.06207 -0.04797
v 0.26398 -0.04844 -0.05712
v 0.26895 -0.07160 -0.05461
v 0.27992 -0.08233 -0.04465
v 0.27293 -0.09823 -0.05269
v 0.28587 -0.11044 -0.04078
v 0.28042 -0.11958 -0.04874
v 0.29297 -0.13561 -0.03793
v 0.27175 -0.12179 -0.05860
v 0.28349 -0.14099 -0.05461
v 0.27586 -0.14686 -0.06591
v 0.28854 -0.16295 -0.06027
v 0.28317 -0.17140 -0.07019
v 0.29261 -0.17736 -0.06320
v 0.28788 -0.18634 -0.07073
v 0.29679 -0.19028 -0.06271
v 0.29445 -0.19766 -0.06650
v 0.26543 -0.10210 -0.05856
v 0.26117 -0.08073 -0.05890
v 0.26168 -0.06325 -0.05854
v 0.26615 -0.12598 -0.06419
v 0.25978 -0.10820 -0.06261
v 0.24592 0.00579 -0.06510
v 0.25303 -0.01591 -0.06240
v 0.25687 -0.03318 -0.06071
v 0.48873 -0.87000 -0.11451
v 0.47314 -0.86398 -0.11151
v 0.47718 -0.86062 -0.10236
v 0.46344 -0.85764 -0.10409
v 0.46701 -0.86913 -0.12860
v 0.48783 -0.86393 -0.09827
v 0.49957 -0.87087 -0.11197
v 0.47974 -0.85382 -0.08616
v 0.46800 -0.84923 -0.08964
v 0.45880 -0.82926 -0.06146
v 0.45065 -0.83204 -0.07045
v 0.44031 -0.82021 -0.05158
v 0.45252 -0.84435 -0.08749
v 0.44348 -0.81482 -0.04304
v 0.45996 -0.82278 -0.04592
v 0.44715 -0.80359 -0.01967
v 0.43853 -0.80456 -0.02613
v 0.43862 -0.79172 -0.00451
v 0.42725 -0.79845 -0.01817
v 0.47873 -0.87173 -0.13244
v 0.48706 -0.87044 -0.12607
v 0.49651 -0.87399 -0.12617
v 0.44581 -0.79398 0.00149
v 0.47492 -0.84209 -0.06417
v 0.45214 -0.86128 -0.10958
v 0.42937 -0.81052 -0.03583
v 0.47085 -0.87325 -0.14676
v 0.47971 -0.87659 -0.14692
v 0.50045 -0.86878 -0.08582
v 0.45208 -0.80514 -0.01421
v 0.45915 -0.81723 -0.03166
v 0.47852 -0.87755 -0.15920
v 0.47582 -0.87805 -0.16382
v 0.48323 -0.88293 -0.16190
v 0.48504 -0.88767 -0.17689
v 0.47981 -0.88764 -0.18104
v 0.48654 -0.89081 -0.18636
v 0.50750 -0.87373 -0.10681
v 0.48743 -0.88178 -0.15713
v 0.47738 -0.84009 -0.04583
v 0.49491 -0.86141 -0.06745
v 0.50572 -0.87074 -0.06843
v 0.51441 -0.87597 -0.08250
v 0.51221 -0.87742 -0.09618
v 0.53014 -0.88370 -0.09749
v 0.49626 -0.86182 -0.05487
v 0.51652 -0.87966 -0.06624
v 0.45545 -0.80578 -0.00006
v 0.47279 -0.83253 -0.02754
v 0.44879 -0.79175 0.01443
v 0.51994 -0.88265 -0.11201
v 0.49787 -0.87499 -0.14275
v 0.49000 -0.89444 -0.18283
v 0.49117 -0.87196 -0.13810
v 0.49677 -0.87683 -0.15381
v 0.50296 -0.88133 -0.15795
v 0.52060 -0.87969 -0.07766
v 0.53248 -0.88465 -0.11337
v 0.54211 -0.89062 -0.11424
v 0.53964 -0.88931 -0.12467
v 0.54697 -0.89425 -0.12535
v 0.54592 -0.89566 -0.13358
v 0.55380 -0.90546 -0.13719
v 0.55256 -0.90958 -0.14715
v 0.53112 -0.88927 -0.12362
v 0.52670 -0.88793 -0.12572
v 0.53449 -0.89752 -0.13549
v 0.55519 -0.91475 -0.15011
v 0.50337 -0.87527 -0.12969
v 0.54231 -0.90018 -0.13809
v 0.50246 -0.87919 -0.14292
v 0.51141 -0.87361 -0.12253
v 0.51000 -0.87692 -0.13508
v 0.49542 -0.88044 -0.15818
v 0.54912 -0.91460 -0.15291
v 0.54246 -0.91031 -0.15034
v 0.54117 -0.90647 -0.14309
v 0.51737 -0.87608 -0.13338
v 0.52251 -0.88561 -0.14779
v 0.52605 -0.88413 -0.14354
v 0.53116 -0.89236 -0.15837
v 0.53509 -0.89226 -0.15379
v 0.45729 -0.86919 -0.12571
v 0.41849 -0.80593 -0.02505
v 0.48948 -0.87625 -0.14895
v 0.48739 -0.88823 -0.16192
v 0.48827 -0.89220 -0.17293
v 0.45588 -0.87519 -0.14073
v 0.44574 -0.86629 -0.11645
v 0.44228 -0.86818 -0.12711
v 0.45152 -0.87458 -0.14172
v 0.45699 -0.88175 -0.15477
v 0.44708 -0.87184 -0.14520
v 0.43918 -0.86908 -0.14577
v 0.44593 -0.87303 -0.15784
v 0.45579 -0.88182 -0.16540
v 0.43401 -0.86556 -0.11718
v 0.43656 -0.85995 -0.10527
v 0.43359 -0.86821 -0.13119
v 0.43987 -0.87470 -0.16210
v 0.45035 -0.87926 -0.17787
v 0.45794 -0.88610 -0.18360
v 0.45161 -0.88327 -0.18673
v 0.45616 -0.88981 -0.19125
v 0.45954 -0.89587 -0.19600
v 0.44415 -0.88392 -0.18784
v 0.44090 -0.88032 -0.17852
v 0.48041 -0.89318 -0.18917
v 0.45156 -0.89323 -0.19552
v 0.45449 -0.89606 -0.19914
v 0.50506 -0.88234 -0.14159
v 0.44200 -0.84067 -0.08008
v 0.45954 -0.89602 -0.20210
v 0.54566 -0.91565 -0.15421
v 0.43069 -0.82187 -0.05043
v 0.41973 -0.79012 -0.00853
v 0.42957 -0.78556 -0.00359
v 0.41996 -0.78015 -0.00033
v 0.44882 -0.89744 -0.19970
v 0.47118 -0.87862 -0.16232
v 0.42538 -0.76589 0.01093
v 0.40992 -0.76248 0.01108
v 0.44186 -0.89385 -0.19383
v 0.53519 -0.89823 -0.15807
v 0.46278 -0.87729 -0.15003
v 0.46620 -0.88560 -0.16527
v 0.43425 -0.87008 -0.14510
v 0.42873 -0.86661 -0.11458
v 0.42809 -0.85880 -0.09627
v 0.42909 -0.87602 -0.14952
v 0.43270 -0.88012 -0.16580
v 0.44848 -0.89788 -0.20517
v 0.45520 -0.89499 -0.20346
v 0.45508 -0.89753 -0.20853
v 0.45003 -0.90002 -0.20896
v 0.40911 -0.79315 -0.00696
v 0.51325 -0.89486 -0.15274
v 0.50892 -0.89244 -0.15182
v 0.51575 -0.90121 -0.15953
v 0.52033 -0.89167 -0.15256
v 0.52196 -0.89674 -0.15825
v 0.42890 -0.84959 -0.08362
v 0.42658 -0.83986 -0.06774
v 0.41943 -0.82300 -0.04433
v 0.40526 -0.77997 0.00241
v 0.43854 -0.88667 -0.18727
v 0.45737 -0.90654 -0.21470
v 0.44999 -0.90780 -0.21308
v 0.48409 -0.90253 -0.18993
v 0.45962 -0.91940 -0.22110
v 0.46782 -0.92420 -0.22218
v 0.46706 -0.93230 -0.22520
v 0.47152 -0.93240 -0.22421
v 0.47100 -0.93596 -0.22528
v 0.35390 -0.42203 -0.01631
v 0.34609 -0.42345 -0.01643
v 0.34575 -0.39700 -0.02021
v 0.34943 -0.44416 -0.01334
v 0.35935 -0.44527 -0.01261
v 0.35749 -0.46425 -0.01029
v 0.33930 -0.40145 -0.01919
v 0.33525 -0.38156 -0.02176
v 0.33833 -0.36751 -0.02403
v 0.33022 -0.35947 -0.02495
v 0.32925 -0.34223 -0.02815
v 0.31886 -0.33534 -0.02958
v 0.32458 -0.32652 -0.03175
v 0.34886 -0.46267 -0.00973
v 0.35667 -0.48829 -0.00551
v 0.36378 -0.47802 -0.00715
v 0.36443 -0.50563 -0.00226
v 0.35470 -0.50328 -0.00176
v 0.36159 -0.53021 0.00336
v 0.33848 -0.42360 -0.01533
v 0.34378 -0.44833 -0.01160
v 0.37083 -0.52339 0.00208
v 0.36855 -0.54963 0.00708
v 0.32443 -0.36467 -0.02307
v 0.31590 -0.34579 -0.02574
v 0.32850 -0.38366 -0.02017
v 0.36059 -0.54984 0.00856
v 0.36373 -0.57665 0.01423
v 0.33104 -0.39862 -0.01786
v 0.34980 -0.48518 -0.00463
v 0.37181 -0.57403 0.01167
v 0.37321 -0.59674 0.01556
v 0.30216 -0.31692 -0.03343
v 0.31016 -0.31406 -0.03595
v 0.31891 -0.31133 -0.03642
v 0.38054 -0.59449 0.01575
v 0.38422 -0.61457 0.01848
v 0.37427 -0.62149 0.01942
v 0.38562 -0.63537 0.02011
v 0.37995 -0.64646 0.02102
v 0.39181 -0.65233 0.02215
v 0.30481 -0.28364 -0.04660
v 0.29945 -0.29239 -0.04388
v 0.39560 -0.67282 0.02364
v 0.28814 -0.27366 -0.05047
v 0.38386 -0.67234 0.02267
v 0.29077 -0.25652 -0.05673
v 0.27175 -0.24413 -0.06174
v 0.38997 -0.68804 0.02246
v 0.39600 -0.69307 0.02275
v 0.39116 -0.71341 0.02073
v 0.39873 -0.70733 0.02192
v 0.40078 -0.73509 0.01759
v 0.40707 -0.72488 0.02160
v 0.41360 -0.74761 0.01694
v 0.40281 -0.75180 0.01412
v 0.38883 -0.73814 0.01844
v 0.40992 -0.76248 0.01108
v 0.39702 -0.76465 0.01074
v 0.42538 -0.76589 0.01093
v 0.38066 -0.69299 0.02468
v 0.38425 -0.71148 0.02237
v 0.40526 -0.77997 0.00241
v 0.41996 -0.78015 -0.00033
v 0.20808 -0.05395 -0.08050
v 0.19554 -0.03595 -0.08165
v 0.20449 -0.02548 -0.08372
v 0.19384 -0.01475 -0.08443
v 0.19719 0.00047 -0.08671
v 0.19846 -0.05567 -0.07899
v 0.20518 -0.08038 -0.07568
v 0.21409 -0.08145 -0.07666
v 0.18919 0.00444 -0.08601
v 0.21142 -0.10483 -0.07142
v 0.18661 -0.01379 -0.08301
v 0.22044 -0.11174 -0.07187
v 0.21521 -0.05136 -0.08024
v 0.22560 -0.08212 -0.07538
v 0.23150 -0.10698 -0.07137
v 0.22524 -0.13515 -0.06914
v 0.20478 -0.00031 -0.08547
v 0.22599 -0.06165 -0.07711
v 0.23342 -0.13181 -0.07018
v 0.24519 -0.11110 -0.07045
v 0.24310 -0.07953 -0.06962
v 0.21812 -0.03641 -0.08040
v 0.21505 -0.00451 -0.08236
v 0.25640 -0.09246 -0.06679
v 0.26172 -0.11440 -0.06775
v 0.25383 -0.12432 -0.07124
v 0.24790 -0.13596 -0.07345
v 0.26302 -0.13137 -0.07206
v 0.23445 -0.15383 -0.07110
v 0.26458 -0.07580 -0.06211
v 0.26716 -0.15855 -0.07798
v 0.25531 -0.16569 -0.07952
v 0.26671 -0.17621 -0.08105
v 0.25263 -0.18081 -0.08009
v 0.26039 -0.18886 -0.08136
v 0.27452 -0.18998 -0.08070
v 0.26656 -0.20221 -0.07964
v 0.27948 -0.20707 -0.07759
v 0.25366 -0.19479 -0.07940
v 0.26656 -0.21514 -0.07581
v 0.24215 -0.14936 -0.07402
v 0.28273 -0.22136 -0.07204
v 0.21573 -0.12681 -0.06727
v 0.25369 -0.20795 -0.07544
v 0.24430 -0.17030 -0.07681
v 0.27895 -0.23718 -0.06570
v 0.27175 -0.24413 -0.06174
v 0.29077 -0.25652 -0.05673
v 0.37422 -0.63565 0.12327
v 0.36270 -0.61715 0.12294
v 0.36652 -0.64161 0.12082
v 0.37388 -0.66820 0.12015
v 0.38253 -0.65850 0.12271
v 0.38420 -0.68360 0.12238
v 0.37772 -0.61869 0.12431
v 0.36716 -0.60287 0.12533
v 0.35468 -0.60061 0.12240
v 0.36464 -0.58190 0.12592
v 0.35241 -0.56964 0.12532
v 0.34564 -0.58038 0.12127
v 0.34302 -0.55941 0.12315
v 0.34573 -0.53968 0.12637
v 0.33841 -0.54469 0.12398
v 0.37236 -0.68828 0.11690
v 0.32647 -0.53257 0.12553
v 0.33278 -0.56024 0.11803
v 0.32749 -0.54700 0.11922
v 0.35501 -0.62792 0.11684
v 0.36172 -0.65919 0.11462
v 0.38192 -0.69491 0.12205
v 0.37619 -0.70738 0.11770
v 0.38623 -0.71164 0.12281
v 0.38216 -0.72525 0.12027
v 0.38835 -0.73068 0.12243
v 0.38796 -0.75404 0.12124
v 0.38106 -0.74627 0.11786
v 0.34389 -0.60578 0.11467
v 0.38338 -0.76615 0.11646
v 0.38982 -0.78156 0.11886
v 0.39246 -0.77002 0.12188
v 0.39492 -0.79653 0.11850
v 0.32014 -0.53418 0.12371
v 0.31484 -0.51699 0.12742
v 0.32517 -0.50328 0.13109
v 0.31337 -0.49949 0.13037
v 0.33097 -0.57810 0.11110
v 0.35890 -0.67323 0.10796
v 0.32420 -0.56239 0.11072
v 0.31951 -0.54392 0.11661
v 0.34688 -0.63635 0.10758
v 0.33457 -0.60352 0.10619
v 0.37678 -0.72953 0.11448
v 0.36330 -0.69299 0.10688
v 0.32543 -0.58361 0.10305
v 0.31589 -0.55090 0.10712
v 0.31104 -0.52398 0.11997
v 0.36756 -0.72116 0.10210
v 0.33526 -0.61878 0.09959
v 0.34709 -0.65429 0.09903
v 0.35349 -0.67930 0.09766
v 0.23524 0.00818 0.13152
v 0.24008 0.00278 0.12628
v 0.24014 -0.01562 0.12534
v 0.23772 -0.01959 0.12779
v 0.24265 -0.03626 0.12270
v 0.24196 -0.01016 0.12176
v 0.23905 -0.03753 0.12401
v 0.24552 -0.05270 0.12040
v 0.24932 -0.04578 0.11821
v 0.25188 -0.05944 0.11524
v 0.25599 -0.04852 0.11295
v 0.25546 -0.03061 0.11473
v 0.25559 -0.06428 0.11131
v 0.24880 -0.03430 0.11851
v 0.25274 -0.06616 0.11312
v 0.24722 -0.06229 0.11682
v 0.23277 0.00230 0.13155
v 0.24326 -0.02321 0.11893
v 0.24637 -0.02925 0.11702
v 0.25689 -0.03760 0.11150
v 0.25693 -0.02065 0.11150
v 0.25550 -0.01352 0.11203
v 0.25627 -0.06203 0.10920
v 0.25632 -0.01563 0.10817
v 0.25687 -0.00714 0.10920
v 0.25462 -0.00090 0.11101
v 0.25621 0.00675 0.10924
v 0.24203 -0.01706 0.11565
v 0.24442 -0.02576 0.11409
v 0.24096 0.00281 0.11931
v 0.27387 0.00368 0.05882
v 0.26984 0.00102 0.07082
v 0.27628 -0.01207 0.06445
v 0.27757 -0.02469 0.07077
v 0.28236 -0.02025 0.05716
v 0.28142 -0.00888 0.05144
v 0.28695 -0.03712 0.06233
v 0.28563 -0.04500 0.06972
v 0.28234 -0.04030 0.07422
v 0.28763 -0.02754 0.05427
v 0.29194 -0.05725 0.06908
v 0.29530 -0.05134 0.06176
v 0.29697 -0.06204 0.06641
v 0.27608 -0.02296 0.07562
v 0.29567 -0.06294 0.07012
v 0.29861 -0.06403 0.06935
v 0.21631 -0.13288 0.05330
v 0.20873 -0.11680 0.05605
v 0.20983 -0.13302 0.04915
v 0.19299 -0.11131 0.04669
v 0.20261 -0.13547 0.04199
v 0.21083 -0.14912 0.04304
v 0.22327 -0.15825 0.04804
v 0.21555 -0.16259 0.04169
v 0.22423 -0.17961 0.04230
v 0.19574 -0.10232 0.05477
v 0.20186 -0.10022 0.06000
v 0.18779 -0.08069 0.06162
v 0.19291 -0.08171 0.06499
v 0.18498 -0.06624 0.06762
v 0.18385 -0.08883 0.05234
v 0.17393 -0.06352 0.05812
v 0.17708 -0.05618 0.06616
v 0.18358 -0.05233 0.07322
v 0.16897 -0.03098 0.07181
v 0.17663 -0.03110 0.07780
v 0.16630 -0.04208 0.06315
v 0.15820 -0.01562 0.06902
v 0.16062 -0.00625 0.07538
v 0.14919 0.00696 0.07254
v 0.17116 -0.01174 0.08067
v 0.16476 0.00386 0.08250
v 0.20269 -0.14642 0.03528
v 0.20875 -0.17288 0.02981
v 0.22736 -0.19954 0.03994
v 0.21883 -0.18438 0.03815
v 0.22611 -0.21847 0.03656
v 0.23076 -0.22116 0.03837
v 0.23346 -0.23965 0.03687
v 0.23053 -0.24732 0.03210
v 0.23915 -0.25605 0.03745
v 0.23219 -0.26483 0.02801
v 0.24784 -0.26280 0.04202
v 0.24449 -0.27627 0.03652
v 0.21617 -0.19489 0.03148
v 0.22029 -0.22056 0.02855
v 0.22046 -0.23861 0.02289
v 0.25381 -0.27307 0.04778
v 0.25195 -0.28721 0.04226
v 0.21446 -0.21496 0.02208
v 0.20985 -0.19357 0.02289
v 0.23705 -0.28149 0.02373
v 0.25098 -0.29571 0.03594
v 0.20278 -0.17306 0.01954
v 0.20182 -0.16096 0.02601
v 0.19509 -0.14375 0.02462
v 0.19332 -0.12953 0.03245
v 0.18708 -0.10825 0.03945
v 0.22524 -0.26154 0.01650
v 0.25595 -0.30117 0.04458
v 0.24720 -0.29974 0.02466
v 0.25664 -0.31238 0.03077
v 0.17692 -0.08518 0.04151
v 0.18852 -0.12336 0.02591
v 0.18273 -0.10450 0.03358
v 0.17325 -0.06898 0.05117
v 0.16496 -0.04636 0.05618
v 0.15522 -0.02076 0.05958
v 0.20640 -0.19038 0.01555
v 0.16528 -0.05661 0.04427
v 0.15583 -0.03184 0.04766
v 0.19507 -0.15639 0.01178
v 0.20263 -0.18413 0.00946
v 0.21843 -0.24111 0.01406
v 0.21167 -0.21308 0.01388
v 0.14742 -0.01031 0.05114
v 0.14974 -0.00424 0.06394
v 0.20691 -0.20055 0.00589
v 0.18898 -0.13197 0.01546
v 0.23218 -0.27997 0.01065
v 0.25591 -0.28945 0.05401
v 0.24133 -0.29467 0.01602
v 0.22430 -0.26312 0.00966
v 0.17444 -0.08296 0.03302
v 0.21308 -0.22460 0.00668
v 0.14147 0.00417 0.05670
v 0.26038 -0.32032 0.03956
v 0.18333 -0.11023 0.01638
v 0.25283 -0.31115 0.01682
v 0.26174 -0.32266 0.01652
v 0.26435 -0.32756 0.02950
v 0.27062 -0.33731 0.01670
v 0.25477 -0.26079 0.04654
v 0.25190 -0.24783 0.04244
v 0.26053 -0.24830 0.05044
v 0.24246 -0.24695 0.03852
v 0.26069 -0.23542 0.04308
v 0.25226 -0.23857 0.03963
v 0.25236 -0.22548 0.03936
v 0.26545 -0.22375 0.04396
v 0.26802 -0.23300 0.04886
v 0.27364 -0.22478 0.05296
v 0.26854 -0.20970 0.05082
v 0.27895 -0.22015 0.06037
v 0.26317 -0.21357 0.04453
v 0.27768 -0.20940 0.06086
v 0.26928 -0.19555 0.05615
v 0.25727 -0.19429 0.04759
v 0.26096 -0.17833 0.05295
v 0.25427 -0.16810 0.05097
v 0.27377 -0.18200 0.06086
v 0.28082 -0.19874 0.06420
v 0.26498 -0.16639 0.05552
v 0.27016 -0.15515 0.05826
v 0.26432 -0.14195 0.05798
v 0.27612 -0.16648 0.06045
v 0.28177 -0.18326 0.06410
v 0.28745 -0.20116 0.06663
v 0.28607 -0.21225 0.06743
v 0.29286 -0.21655 0.07164
v 0.28856 -0.22916 0.07172
v 0.29424 -0.22877 0.07634
v 0.29514 -0.24007 0.07951
v 0.30048 -0.24594 0.08383
v 0.28394 -0.23489 0.06818
v 0.27690 -0.23194 0.05960
v 0.29539 -0.25131 0.08321
v 0.28677 -0.24315 0.07435
v 0.29796 -0.27001 0.09106
v 0.27622 -0.23626 0.06408
v 0.28533 -0.25761 0.08244
v 0.27550 -0.24802 0.07338
v 0.27319 -0.26336 0.07976
v 0.28538 -0.27982 0.09096
v 0.27537 -0.28155 0.08714
v 0.27971 -0.30493 0.09655
v 0.28697 -0.31223 0.10140
v 0.27858 -0.31980 0.09848
v 0.28537 -0.34826 0.10822
v 0.29279 -0.34117 0.11009
v 0.29420 -0.36251 0.11480
v 0.28882 -0.37672 0.11507
v 0.30622 -0.37477 0.12110
v 0.30651 -0.35317 0.11721
v 0.30120 -0.32902 0.11051
v 0.26785 -0.25917 0.07348
v 0.26902 -0.24490 0.06415
v 0.27036 -0.23678 0.05540
v 0.29542 -0.38618 0.11947
v 0.29196 -0.40285 0.12028
v 0.30479 -0.39791 0.12445
v 0.30036 -0.42017 0.12555
v 0.26358 -0.24230 0.05229
v 0.30266 -0.30773 0.10527
v 0.00061 -0.00844 -0.11895
v 0.00120 -0.01168 -0.11610
v 0.00469 0.00558 -0.11393
v 0.41285 -0.88168 0.12304
v 0.40711 -0.85790 0.11739
v 0.40060 -0.87340 0.11893
v 0.39941 -0.85095 0.11373
v 0.40645 -0.89125 0.12439
v 0.39628 -0.89127 0.12044
v 0.40463 -0.84296 0.11508
v 0.39630 -0.83747 0.11073
v 0.40046 -0.90343 0.12075
v 0.40268 -0.82665 0.11536
v 0.39460 -0.81666 0.11320
v 0.41435 -0.90653 0.12319
v 0.40671 -0.91103 0.12164
v 0.41854 -0.89277 0.12501
v 0.39733 -0.91284 0.11637
v 0.39492 -0.79653 0.11850
v 0.39191 -0.90228 0.11486
v 0.38819 -0.79310 0.11423
v 0.38982 -0.78156 0.11886
v 0.39317 -0.86687 0.11033
v 0.38867 -0.88893 0.11241
v 0.38845 -0.91241 0.10843
v 0.38338 -0.76615 0.11646
v 0.39500 -0.85079 0.10826
v 0.38462 -0.90409 0.10440
v 0.39332 -0.83349 0.10635
v 0.38298 -0.89273 0.10275
v 0.38615 -0.87871 0.10152
v 0.39037 -0.92004 0.09897
v 0.39829 -0.91740 0.11174
v 0.39889 -0.92672 0.09781
v 0.07934 0.00230 -0.12984
v 0.07718 -0.00449 -0.13077
v 0.08003 -0.00641 -0.12931
v 0.07793 -0.00944 -0.13096
v 0.11960 0.00407 -0.11649
v 0.11550 -0.00217 -0.11773
v 0.11833 -0.00615 -0.11439
v 0.46212 -0.91282 -0.18475
v 0.45764 -0.91396 -0.17140
v 0.46220 -0.90695 -0.17935
v 0.46047 -0.90666 -0.16669
v 0.45463 -0.92038 -0.17794
v 0.45425 -0.92829 -0.18813
v 0.45223 -0.92939 -0.18512
v 0.45015 -0.93359 -0.18847
v 0.46008 -0.91680 -0.19115
v 0.45167 -0.91855 -0.16846
v 0.46316 -0.91003 -0.19226
v 0.45863 -0.91375 -0.16434
v 0.45940 -0.89684 -0.17021
v 0.45848 -0.89436 -0.16219
v 0.46132 -0.90295 -0.18911
v 0.45578 -0.89001 -0.18080
v 0.45181 -0.88393 -0.16003
v 0.45978 -0.90503 -0.19524
v 0.45345 -0.88235 -0.14542
v 0.45760 -0.89958 -0.19281
v 0.08380 -0.07331 0.19685
v 0.08657 -0.09864 0.19897
v 0.08526 -0.07914 0.20017
v 0.08485 -0.09929 0.19292
v 0.08619 -0.12360 0.19541
v 0.08786 -0.11938 0.20019
v 0.08522 -0.05962 0.20242
v 0.08722 -0.13286 0.19969
v 0.08698 -0.13380 0.19572
v 0.08285 -0.05027 0.19999
v 0.08669 -0.05262 0.20527
v 0.08791 -0.07685 0.20390
v 0.09007 -0.11969 0.20269
v 0.08960 -0.13303 0.20262
v 0.08139 -0.04144 0.20437
v 0.07968 -0.03706 0.20181
v 0.08331 -0.03767 0.20793
v 0.08397 -0.05537 0.19531
v 0.07841 -0.03255 0.20724
v 0.07622 -0.02507 0.20459
v 0.07610 -0.01805 0.20602
v 0.08702 -0.13020 0.19319
v 0.07369 -0.01838 0.20368
v 0.07444 -0.02018 0.20033
v 0.07321 -0.00925 0.20366
v 0.07989 -0.02568 0.20853
v 0.08657 -0.11642 0.19218
v 0.07805 -0.02025 0.19745
v 0.08517 -0.07338 0.19354
v 0.08413 -0.03689 0.19230
v 0.30311 -0.23509 -0.05000
v 0.31298 -0.24084 -0.03993
v 0.30876 -0.22259 -0.04487
v 0.30288 -0.24547 -0.04864
v 0.32483 -0.28335 -0.03194
v 0.32500 -0.26647 -0.03012
v 0.31287 -0.26033 -0.04111
v 0.33441 -0.28828 -0.02257
v 0.32948 -0.30795 -0.02793
v 0.34064 -0.30627 -0.01828
v 0.34426 -0.32359 -0.01672
v 0.34069 -0.33668 -0.02033
v 0.35010 -0.34243 -0.01299
v 0.34712 -0.36500 -0.01659
v 0.35363 -0.36170 -0.01171
v 0.35046 -0.38508 -0.01466
v 0.36435 -0.39649 -0.00467
v 0.35737 -0.40246 -0.01116
v 0.35996 -0.42086 -0.00901
v 0.37160 -0.42788 0.00009
v 0.36553 -0.43916 -0.00496
v 0.37364 -0.45734 0.00147
v 0.31429 -0.27656 -0.03959
v 0.37149 -0.48360 0.00153
v 0.37922 -0.47775 0.00695
v 0.38427 -0.49974 0.01308
v 0.37824 -0.51914 0.00950
v 0.38707 -0.53236 0.01877
v 0.38342 -0.54717 0.01678
v 0.38903 -0.56634 0.02321
v 0.38135 -0.56978 0.01792
v 0.39138 -0.60214 0.02641
v 0.37289 -0.53130 0.00896
v 0.35972 -0.45687 -0.00637
v 0.38096 -0.59521 0.02064
v 0.38570 -0.61743 0.02380
v 0.35436 -0.43842 -0.00980
v 0.39291 -0.63177 0.02752
v 0.38860 -0.64671 0.02601
v 0.39976 -0.66338 0.03175
v 0.30538 -0.27627 -0.04336
v 0.31684 -0.29984 -0.03459
v 0.29476 -0.25423 -0.05117
v 0.36730 -0.49911 0.00181
v 0.35091 -0.42019 -0.01248
v 0.34577 -0.39946 -0.01525
v 0.39417 -0.67640 0.02776
v 0.33035 -0.32971 -0.02490
v 0.33365 -0.35929 -0.02034
v 0.31985 -0.31854 -0.02978
v 0.39878 -0.69960 0.02802
v 0.35834 -0.47371 -0.00379
v 0.29191 -0.23335 -0.05812
v 0.40551 -0.69416 0.03293
v 0.33988 -0.37711 -0.01808
v 0.41206 -0.72153 0.03100
v 0.40083 -0.72066 0.02553
v 0.28587 -0.23980 -0.05852
v 0.29225 -0.22169 -0.06238
v 0.30187 -0.22248 -0.05435
v 0.29932 -0.20650 -0.06056
v 0.29083 -0.20749 -0.06752
v 0.29445 -0.19766 -0.06650
v 0.28380 -0.20017 -0.07252
v 0.28788 -0.18634 -0.07073
v 0.27641 -0.18842 -0.07567
v 0.27542 -0.16834 -0.07337
v 0.28317 -0.17140 -0.07019
v 0.28198 -0.22027 -0.06746
v 0.27586 -0.14686 -0.06591
v 0.26805 -0.17748 -0.07662
v 0.37287 -0.57060 0.01594
v 0.36757 -0.53841 0.00948
v 0.36441 -0.51213 0.00384
v 0.32403 -0.33463 -0.02520
v 0.30985 -0.30083 -0.03557
v 0.37548 -0.59967 0.02066
v 0.29426 -0.27446 -0.04556
v 0.28294 -0.25486 -0.05277
v 0.37785 -0.62147 0.02353
v 0.38390 -0.65936 0.02641
v 0.38735 -0.68791 0.02731
v 0.39027 -0.71148 0.02579
v 0.39061 -0.73468 0.02330
v 0.20130 -0.00467 -0.08110
v 0.21059 -0.00662 -0.07899
v 0.20264 -0.02657 -0.07875
v 0.21525 -0.02449 -0.07689
v 0.22171 -0.05243 -0.07400
v 0.20929 -0.05471 -0.07563
v 0.21452 -0.07155 -0.07363
v 0.22523 -0.08055 -0.07093
v 0.19416 0.00773 -0.08243
v 0.21963 -0.09107 -0.07038
v 0.23285 -0.10321 -0.06678
v 0.23981 -0.08615 -0.06581
v 0.24760 -0.11016 -0.06556
v 0.25091 -0.09355 -0.06360
v 0.25978 -0.10820 -0.06261
v 0.24352 -0.06846 -0.06457
v 0.26615 -0.12598 -0.06419
v 0.23123 -0.12213 -0.06585
v 0.21906 -0.11118 -0.06698
v 0.23452 -0.05450 -0.06811
v 0.24414 -0.03553 -0.06525
v 0.22930 -0.03270 -0.07053
v 0.23960 -0.00836 -0.06745
v 0.25303 -0.01591 -0.06240
v 0.25687 -0.03318 -0.06071
v 0.25467 -0.04875 -0.06149
v 0.26168 -0.06325 -0.05854
v 0.26117 -0.08073 -0.05890
v 0.24592 0.00579 -0.06510
v 0.26543 -0.10210 -0.05856
v 0.22320 -0.00760 -0.07371
v 0.22463 0.01196 -0.07423
v 0.25753 -0.13335 -0.06855
v 0.24439 -0.12374 -0.06677
v 0.22641 -0.13322 -0.06474
v 0.24441 -0.14994 -0.06987
v 0.26458 -0.15278 -0.07224
v 0.25557 -0.16317 -0.07444
v 0.23495 -0.14301 -0.06595
v 0.26398 -0.04844 -0.05712
v 0.26207 -0.18794 -0.07685
v 0.27300 -0.20323 -0.07494
v 0.19026 -0.01487 -0.07897
v 0.26340 -0.20469 -0.07423
v 0.21200 -0.09112 -0.06995
v 0.19676 -0.04342 -0.07599
v 0.20186 -0.06361 -0.07352
v 0.24946 -0.17298 -0.07399
v 0.25499 -0.19433 -0.07484
v 0.18465 0.01167 -0.08094
v 0.27203 -0.21947 -0.06907
v 0.21254 -0.11315 -0.06453
v 0.27414 -0.24737 -0.05510
v 0.26060 -0.21442 -0.06961
v 0.28466 -0.27519 -0.04351
v 0.24483 -0.18005 -0.07153
v 0.23054 -0.15558 -0.06355
v 0.21692 -0.13597 -0.06013
v 0.29972 -0.29703 -0.03692
v 0.30984 -0.32165 -0.02819
v 0.32027 -0.34972 -0.02083
v 0.33300 -0.38058 -0.01686
v 0.33925 -0.40531 -0.01383
v 0.34935 -0.44177 -0.00903
v 0.34926 -0.46200 -0.00522
v 0.35383 -0.48603 -0.00068
v 0.35830 -0.51470 0.00507
v 0.36314 -0.54515 0.01182
v 0.33975 -0.42362 -0.01043
v 0.36414 -0.57045 0.01781
v 0.36999 -0.59862 0.02187
v 0.37137 -0.63079 0.02659
v 0.34404 -0.44754 -0.00622
v 0.37492 -0.65411 0.02879
v 0.37764 -0.67794 0.03083
v 0.33058 -0.39907 -0.01185
v 0.32268 -0.37687 -0.01354
v 0.38260 -0.69561 0.02855
v 0.38237 -0.72263 0.02756
v 0.38363 -0.74649 0.02425
v 0.39271 -0.75570 0.01913
v 0.40049 -0.74243 0.02083
v 0.41163 -0.74254 0.02328
v 0.41786 -0.75789 0.01939
v 0.40704 -0.76733 0.01381
v 0.39843 -0.77402 0.01214
v 0.38740 -0.76971 0.01785
v 0.26363 -0.22739 -0.06331
v 0.41932 -0.76986 0.01275
v 0.42905 -0.77606 0.01092
v 0.20102 -0.07603 -0.06963
v 0.39925 -0.78530 0.00824
v 0.20156 -0.09460 -0.06424
v 0.41940 -0.78341 0.00301
v 0.24838 -0.19799 -0.07065
v 0.41438 -0.78853 0.00013
v 0.42720 -0.79313 -0.00489
v 0.18144 -0.00166 -0.07659
v 0.28750 -0.29835 -0.03112
v 0.30111 -0.32141 -0.02504
v 0.30692 -0.34106 -0.01814
v 0.31307 -0.36006 -0.01351
v 0.19037 -0.05289 -0.06985
v 0.18602 -0.02917 -0.07303
v 0.19382 -0.07307 -0.06579
v 0.35465 -0.53449 0.01347
v 0.35645 -0.56365 0.02151
v 0.36142 -0.58830 0.02460
v 0.36432 -0.60787 0.02705
v 0.38640 -0.78810 0.01592
v 0.34818 -0.49881 0.00660
v 0.34206 -0.46864 0.00157
v 0.20502 -0.11312 -0.05979
v 0.37539 -0.70431 0.03412
v 0.26515 -0.24535 -0.05234
v 0.27392 -0.26605 -0.04353
v 0.25347 -0.21863 -0.06329
v 0.33175 -0.42607 -0.00409
v 0.40039 -0.79783 0.00336
v 0.21791 -0.15033 -0.05632
v 0.22679 -0.16289 -0.05914
v 0.23772 -0.17926 -0.06566
v 0.27567 -0.28188 -0.03435
v 0.28906 -0.31628 -0.02114
v 0.27152 -0.29789 -0.02226
v 0.29903 -0.33950 -0.01322
v 0.41061 -0.79702 -0.00373
v 0.33496 -0.44787 0.00080
v 0.28296 -0.32280 -0.01268
v 0.40314 -0.80987 -0.00446
v 0.49902 -0.92228 -0.14110
v 0.49068 -0.91917 -0.15163
v 0.48280 -0.92575 -0.14828
v 0.48523 -0.92820 -0.14086
v 0.49663 -0.92608 -0.13345
v 0.50938 -0.92563 -0.12737
v 0.51463 -0.91706 -0.13630
v 0.52157 -0.92008 -0.12685
v 0.52200 -0.92420 -0.11787
v 0.52969 -0.91790 -0.12186
v 0.53475 -0.91960 -0.11476
v 0.53340 -0.91423 -0.12536
v 0.52391 -0.91361 -0.13011
v 0.51957 -0.91343 -0.13762
v 0.51320 -0.91178 -0.14264
v 0.52528 -0.91014 -0.13431
v 0.49767 -0.91384 -0.14926
v 0.49434 -0.91147 -0.15794
v 0.50005 -0.90922 -0.15351
v 0.50617 -0.91347 -0.14177
v 0.47465 -0.91647 -0.15709
v 0.46295 -0.92279 -0.15433
v 0.48903 -0.90870 -0.15944
v 0.46451 -0.91529 -0.15963
v 0.45700 -0.91696 -0.16242
v 0.45863 -0.91375 -0.16434
v 0.45167 -0.91855 -0.16846
v 0.48161 -0.90649 -0.16141
v 0.48819 -0.90202 -0.16351
v 0.46793 -0.90627 -0.16329
v 0.46320 -0.90653 -0.16322
v 0.49262 -0.90232 -0.16344
v 0.46047 -0.90666 -0.16669
v 0.52964 -0.90838 -0.12603
v 0.50599 -0.90691 -0.14396
v 0.50395 -0.90597 -0.14897
v 0.52688 -0.90817 -0.12898
v 0.51065 -0.90583 -0.14691
v 0.54009 -0.91741 -0.12249
v 0.46189 -0.90134 -0.16345
v 0.26841 0.00729 0.07511
v 0.27409 -0.00405 0.07760
v 0.27873 -0.02467 0.07798
v 0.53129 -0.90399 -0.13829
v 0.52628 -0.89939 -0.12806
v 0.52680 -0.89386 -0.13504
v 0.53381 -0.89880 -0.14993
v 0.53595 -0.91251 -0.14677
v 0.52377 -0.89318 -0.12114
v 0.52895 -0.90802 -0.13432
v 0.53349 -0.91666 -0.14405
v 0.52688 -0.90817 -0.12898
v 0.53596 -0.92358 -0.15210
v 0.53733 -0.91561 -0.15138
v 0.53425 -0.90415 -0.15267
v 0.52687 -0.89923 -0.12548
v 0.51818 -0.88721 -0.11827
v 0.52251 -0.88723 -0.13458
v 0.52785 -0.89259 -0.14705
v 0.51332 -0.88018 -0.12372
v 0.50669 -0.87914 -0.10680
v 0.51770 -0.88715 -0.10977
v 0.53071 -0.89551 -0.15351
v 0.52033 -0.88498 -0.13790
v 0.51329 -0.88059 -0.13317
v 0.52964 -0.90838 -0.12603
v 0.40911 -0.79315 -0.00696
v 0.40037 -0.80926 -0.00913
v 0.39995 -0.79582 -0.00155
v 0.40526 -0.77997 0.00241
v 0.39043 -0.80055 0.00489
v 0.41849 -0.80593 -0.02505
v 0.40723 -0.82052 -0.02875
v 0.41943 -0.82300 -0.04433
v 0.41190 -0.83817 -0.04729
v 0.42658 -0.83986 -0.06774
v 0.41369 -0.85211 -0.05849
v 0.39939 -0.82853 -0.02166
v 0.40275 -0.84537 -0.03639
v 0.42291 -0.85677 -0.08420
v 0.42890 -0.84959 -0.08362
v 0.42809 -0.85880 -0.09627
v 0.39398 -0.83064 -0.01061
v 0.39168 -0.81352 0.00223
v 0.40853 -0.86589 -0.05267
v 0.41729 -0.85835 -0.07070
v 0.41749 -0.86568 -0.08074
v 0.39571 -0.85440 -0.02262
v 0.41268 -0.87901 -0.06544
v 0.39065 -0.84659 -0.00665
v 0.39000 -0.82980 0.00258
v 0.38765 -0.82185 0.00851
v 0.40188 -0.86540 -0.03708
v 0.41643 -0.87502 -0.09772
v 0.42204 -0.86862 -0.10557
v 0.41463 -0.87789 -0.07929
v 0.41189 -0.89501 -0.07343
v 0.41330 -0.88518 -0.08984
v 0.41601 -0.88197 -0.11976
v 0.40909 -0.89343 -0.10644
v 0.40704 -0.90190 -0.09387
v 0.42622 -0.87320 -0.13233
v 0.42083 -0.88236 -0.13789
v 0.42909 -0.87602 -0.14952
v 0.41314 -0.89615 -0.13393
v 0.42457 -0.88696 -0.15271
v 0.43270 -0.88012 -0.16580
v 0.42012 -0.90002 -0.14623
v 0.42520 -0.89863 -0.15819
v 0.42867 -0.89245 -0.17454
v 0.42717 -0.90182 -0.17305
v 0.42980 -0.90384 -0.18391
v 0.43366 -0.88923 -0.18346
v 0.43548 -0.90192 -0.19261
v 0.40799 -0.90995 -0.12900
v 0.40579 -0.90130 -0.12126
v 0.43398 -0.91113 -0.19177
v 0.40380 -0.90763 -0.11301
v 0.44055 -0.90889 -0.20129
v 0.43364 -0.91851 -0.18920
v 0.41442 -0.91323 -0.13780
v 0.42980 -0.91208 -0.17279
v 0.43359 -0.92318 -0.18079
v 0.43856 -0.92359 -0.19520
v 0.44278 -0.91726 -0.20284
v 0.44386 -0.91087 -0.20848
v 0.44381 -0.90335 -0.20568
v 0.44291 -0.90097 -0.19915
v 0.44186 -0.89385 -0.19383
v 0.43854 -0.88667 -0.18727
v 0.44999 -0.90780 -0.21308
v 0.42558 -0.90966 -0.15125
v 0.42962 -0.90952 -0.16124
v 0.42873 -0.86661 -0.11458
v 0.44090 -0.88032 -0.17852
v 0.43425 -0.87008 -0.14510
v 0.45003 -0.90002 -0.20896
v 0.44848 -0.89788 -0.20517
v 0.44882 -0.89744 -0.19970
v 0.45588 -0.92096 -0.21913
v 0.45962 -0.91940 -0.22110
v 0.43359 -0.86821 -0.13119
v 0.28619 -0.37003 0.02319
v 0.27715 -0.35872 0.02802
v 0.27915 -0.35391 0.02214
v 0.39702 -0.76465 0.01074
v 0.38727 -0.76261 0.01435
v 0.38883 -0.73814 0.01844
v 0.39266 -0.78370 0.00675
v 0.37893 -0.74844 0.02185
v 0.37524 -0.71102 0.02764
v 0.37967 -0.78153 0.01630
v 0.38425 -0.71148 0.02237
v 0.38066 -0.69299 0.02468
v 0.37191 -0.68710 0.03012
v 0.37801 -0.67708 0.02504
v 0.36804 -0.66256 0.02992
v 0.38386 -0.67234 0.02267
v 0.37523 -0.79890 0.01960
v 0.38043 -0.81254 0.01496
v 0.37220 -0.73883 0.02967
v 0.37192 -0.77181 0.02737
v 0.37197 -0.65260 0.02463
v 0.35963 -0.64647 0.03364
v 0.35221 -0.62097 0.03423
v 0.36645 -0.62503 0.02296
v 0.35934 -0.61317 0.02614
v 0.35415 -0.58618 0.02388
v 0.36381 -0.59621 0.01925
v 0.36373 -0.57665 0.01423
v 0.36999 -0.81184 0.02672
v 0.37995 -0.64646 0.02102
v 0.37427 -0.62149 0.01942
v 0.37321 -0.59674 0.01556
v 0.35653 -0.55891 0.01393
v 0.36059 -0.54984 0.00856
v 0.35082 -0.53242 0.00967
v 0.36159 -0.53021 0.00336
v 0.36641 -0.75294 0.04000
v 0.36746 -0.72129 0.03727
v 0.36645 -0.78378 0.03818
v 0.36662 -0.80360 0.03390
v 0.36443 -0.70035 0.04028
v 0.36138 -0.67321 0.03898
v 0.35846 -0.68750 0.04720
v 0.35417 -0.66914 0.04721
v 0.35190 -0.64822 0.04263
v 0.34646 -0.64927 0.05061
v 0.37598 -0.82182 0.02329
v 0.34441 -0.63478 0.04767
v 0.34096 -0.61584 0.04614
v 0.34077 -0.58928 0.03773
v 0.33477 -0.59454 0.04639
v 0.32190 -0.55953 0.04847
v 0.33262 -0.55974 0.03760
v 0.34623 -0.56572 0.02554
v 0.33313 -0.54014 0.03120
v 0.34529 -0.54114 0.01869
v 0.33020 -0.51499 0.02601
v 0.34152 -0.51897 0.01403
v 0.33191 -0.49266 0.01511
v 0.31887 -0.47926 0.02491
v 0.32811 -0.46999 0.01040
v 0.34051 -0.48981 0.00374
v 0.32436 -0.49775 0.02626
v 0.34642 -0.50674 0.00445
v 0.33164 -0.60192 0.05683
v 0.33812 -0.62385 0.05715
v 0.32381 -0.57749 0.05531
v 0.31116 -0.54840 0.05869
v 0.31403 -0.45615 0.02221
v 0.32797 -0.45035 0.00256
v 0.31731 -0.44341 0.01333
v 0.30880 -0.42825 0.01797
v 0.32496 -0.58835 0.06064
v 0.31925 -0.42537 0.00275
v 0.29696 -0.38436 0.01496
v 0.29516 -0.40116 0.02465
v 0.30516 -0.40597 0.01336
v 0.31742 -0.57065 0.06539
v 0.31190 -0.39516 -0.00184
v 0.36683 -0.81856 0.03605
v 0.36293 -0.72182 0.05003
v 0.35755 -0.69764 0.05803
v 0.35226 -0.67663 0.05814
v 0.31012 -0.53622 0.05287
v 0.30161 -0.52158 0.05963
v 0.30103 -0.50979 0.05153
v 0.30611 -0.51192 0.04503
v 0.29633 -0.48690 0.04536
v 0.31552 -0.53891 0.04619
v 0.29465 -0.49981 0.05871
v 0.38619 -0.83123 0.01484
v 0.29035 -0.48021 0.05338
v 0.28864 -0.45921 0.04369
v 0.28142 -0.44377 0.05062
v 0.28130 -0.42884 0.04318
v 0.27565 -0.41708 0.05030
v 0.27481 -0.39098 0.04090
v 0.27072 -0.38566 0.04687
v 0.27239 -0.36781 0.03718
v 0.26903 -0.35368 0.03811
v 0.27052 -0.34233 0.02951
v 0.28103 -0.37868 0.03140
v 0.26478 -0.33642 0.03896
v 0.33862 -0.46175 -0.00394
v 0.37300 -0.82797 0.03240
v 0.30532 -0.37981 -0.00174
v 0.29229 -0.36919 0.01213
v 0.26448 -0.36328 0.05268
v 0.26186 -0.33490 0.04669
v 0.29789 -0.42688 0.02898
v 0.30259 -0.45170 0.03121
v 0.32546 -0.40933 -0.01069
v 0.31939 -0.38633 -0.01392
v 0.33233 -0.43145 -0.00870
v 0.32208 -0.53047 0.03816
v 0.31545 -0.50374 0.03557
v 0.28438 -0.40596 0.03541
v 0.28928 -0.43928 0.03854
v 0.28318 -0.46545 0.06106
v 0.30704 -0.36586 -0.01235
v 0.29666 -0.36559 0.00041
v 0.27589 -0.43383 0.06005
v 0.26850 -0.39433 0.05886
v 0.29323 -0.34718 -0.00953
v 0.28422 -0.35118 0.00746
v 0.26038 -0.32032 0.03956
v 0.30450 -0.48202 0.03754
v 0.30450 -0.34463 -0.02099
v 0.28799 -0.48514 0.06595
v 0.38263 -0.83645 0.02737
v 0.38730 -0.84183 0.01611
v 0.26435 -0.32756 0.02950
v 0.36739 -0.82439 0.04191
v 0.34980 -0.48518 -0.00463
v 0.31791 -0.36898 -0.01894
v 0.34378 -0.44833 -0.01160
v 0.33848 -0.42360 -0.01533
v 0.33104 -0.39862 -0.01786
v 0.35414 -0.52007 0.00335
v 0.28898 -0.32833 -0.01948
v 0.35470 -0.50328 -0.00176
v 0.32850 -0.38366 -0.02017
v 0.29345 -0.31833 -0.02869
v 0.34886 -0.46267 -0.00973
v 0.27774 -0.33830 -0.00004
v 0.27816 -0.32535 -0.01381
v 0.27524 -0.30903 -0.02346
v 0.26986 -0.32228 -0.00913
v 0.26297 -0.30587 -0.01660
v 0.26534 -0.28463 -0.03226
v 0.25307 -0.27967 -0.02495
v 0.26559 -0.26630 -0.04379
v 0.24762 -0.25560 -0.03534
v 0.25416 -0.24528 -0.04924
v 0.27017 -0.25899 -0.05219
v 0.25510 -0.22750 -0.06465
v 0.24760 -0.22496 -0.05922
v 0.24476 -0.21369 -0.06588
v 0.26898 -0.28132 0.08172
v 0.27319 -0.26336 0.07976
v 0.26785 -0.25917 0.07348
v 0.27537 -0.28155 0.08714
v 0.27187 -0.31153 0.09116
v 0.27971 -0.30493 0.09655
v 0.27858 -0.31980 0.09848
v 0.27034 -0.33480 0.09256
v 0.27856 -0.34057 0.10164
v 0.27616 -0.35863 0.10173
v 0.26431 -0.29739 0.07976
v 0.26262 -0.27641 0.07297
v 0.28537 -0.34826 0.10822
v 0.28882 -0.37672 0.11507
v 0.28218 -0.37720 0.10936
v 0.28703 -0.39725 0.11546
v 0.29196 -0.40285 0.12028
v 0.27747 -0.38225 0.10486
v 0.29181 -0.41912 0.12059
v 0.28282 -0.41280 0.11092
v 0.29337 -0.43908 0.12084
v 0.29979 -0.44777 0.12636
v 0.29700 -0.46022 0.12223
v 0.28827 -0.44337 0.11437
v 0.26352 -0.31999 0.07984
v 0.26975 -0.35554 0.09222
v 0.30654 -0.47642 0.12909
v 0.29481 -0.46836 0.11828
v 0.30581 -0.49475 0.12531
v 0.27250 -0.37733 0.09632
v 0.27591 -0.39758 0.10018
v 0.26321 -0.25770 0.06632
v 0.31337 -0.49949 0.13037
v 0.31484 -0.51699 0.12742
v 0.26337 -0.33742 0.07868
v 0.28124 -0.42417 0.10539
v 0.25885 -0.29301 0.06690
v 0.26550 -0.35821 0.08197
v 0.29765 -0.48931 0.11480
v 0.30465 -0.50910 0.11898
v 0.27491 -0.41186 0.09419
v 0.27013 -0.38955 0.08714
v 0.28372 -0.44694 0.10267
v 0.28884 -0.46831 0.10489
v 0.27866 -0.43236 0.09493
v 0.31104 -0.52398 0.11997
v 0.25888 -0.26378 0.05839
v 0.30061 -0.50866 0.10853
v 0.25880 -0.31369 0.06178
v 0.29087 -0.48405 0.09833
v 0.25591 -0.28945 0.05401
v 0.25381 -0.27307 0.04778
v 0.25477 -0.26079 0.04654
v 0.28245 -0.45945 0.08670
v 0.26649 -0.38018 0.07374
v 0.26342 -0.35997 0.06947
v 0.30713 -0.53000 0.10673
v 0.27270 -0.41593 0.07767
v 0.27714 -0.44024 0.07582
v 0.31589 -0.55090 0.10712
v 0.29844 -0.51301 0.09448
v 0.26085 -0.33708 0.06174
v 0.30714 -0.54076 0.09282
v 0.31957 -0.57293 0.09696
v 0.32543 -0.58361 0.10305
v 0.32866 -0.60209 0.09385
v 0.33526 -0.61878 0.09959
v 0.29000 -0.48996 0.08325
v 0.25595 -0.30117 0.04458
v 0.32002 -0.58160 0.08646
v 0.33986 -0.63988 0.08800
v 0.28190 -0.46216 0.07087
v 0.34709 -0.65429 0.09903
v 0.34730 -0.66671 0.08814
v 0.35349 -0.67930 0.09766
v 0.25966 -0.32171 0.04938
v 0.29829 -0.51721 0.08272
v 0.31175 -0.55907 0.07671
v 0.35358 -0.68815 0.09040
v 0.35887 -0.70719 0.09157
v 0.35355 -0.69145 0.07694
v 0.29219 -0.49882 0.07462
v 0.36068 -0.71715 0.07258
v 0.36604 -0.73661 0.08298
v 0.36351 -0.73147 0.05981
v 0.36613 -0.74825 0.06776
v 0.34534 -0.65915 0.07580
v 0.33366 -0.61967 0.07986
v 0.37184 -0.76014 0.08242
v 0.32563 -0.59632 0.07546
v 0.36516 -0.75911 0.05027
v 0.36760 -0.76739 0.06552
v 0.33903 -0.63328 0.06763
v 0.29836 -0.51711 0.06977
v 0.30594 -0.53920 0.06849
v 0.37134 -0.74616 0.09451
v 0.34535 -0.65106 0.05853
v 0.36756 -0.72116 0.10210
v 0.37820 -0.75539 0.10702
v 0.38096 -0.77723 0.09627
v 0.38291 -0.78020 0.10562
v 0.38897 -0.80389 0.10811
v 0.38494 -0.79860 0.09017
v 0.39065 -0.81900 0.10095
v 0.38819 -0.79310 0.11423
v 0.38873 -0.83313 0.08575
v 0.39107 -0.83790 0.09583
v 0.39181 -0.85235 0.09410
v 0.38338 -0.76615 0.11646
v 0.39332 -0.83349 0.10635
v 0.39500 -0.85079 0.10826
v 0.38783 -0.85416 0.07723
v 0.37489 -0.77991 0.07923
v 0.36536 -0.78273 0.05358
v 0.36826 -0.78682 0.06658
v 0.37783 -0.80313 0.07728
v 0.38579 -0.81842 0.08389
v 0.39460 -0.81666 0.11320
v 0.38352 -0.84572 0.06608
v 0.38453 -0.85197 0.05902
v 0.37705 -0.83919 0.05481
v 0.38106 -0.74627 0.11786
v 0.37678 -0.72953 0.11448
v 0.38484 -0.86182 0.06388
v 0.38667 -0.85981 0.03883
v 0.38502 -0.84917 0.04046
v 0.39000 -0.86184 0.01806
v 0.39026 -0.85631 0.00472
v 0.39486 -0.87047 -0.00337
v 0.39184 -0.86102 -0.00736
v 0.39594 -0.87737 0.00881
v 0.39939 -0.87287 -0.02497
v 0.38952 -0.87551 0.02636
v 0.40941 -0.89104 -0.03375
v 0.40697 -0.89121 -0.00437
v 0.37672 -0.83713 0.04253
v 0.40793 -0.87957 -0.04739
v 0.41224 -0.89177 -0.05858
v 0.41556 -0.89971 -0.04525
v 0.41560 -0.90737 -0.06408
v 0.36408 -0.80447 0.04942
v 0.36555 -0.80412 0.06112
v 0.36488 -0.81784 0.05734
v 0.36390 -0.81819 0.04864
v 0.36647 -0.82482 0.05171
v 0.36872 -0.82600 0.06147
v 0.38516 -0.87534 0.04001
v 0.40929 -0.90786 -0.08473
v 0.41285 -0.92043 -0.08808
v 0.40543 -0.91417 -0.10263
v 0.40426 -0.91247 -0.11734
v 0.40675 -0.92058 -0.11513
v 0.41000 -0.92489 -0.10413
v 0.40868 -0.91994 -0.12538
v 0.39207 -0.89143 0.02558
v 0.37330 -0.83322 0.06055
v 0.41235 -0.92829 -0.11814
v 0.39957 -0.89055 0.01355
v 0.38463 -0.83705 0.07561
v 0.41914 -0.90395 -0.02108
v 0.41161 -0.89970 0.00370
v 0.40395 -0.90309 0.01978
v 0.38390 -0.89246 0.03971
v 0.41528 -0.93135 -0.10542
v 0.36823 -0.81388 0.06531
v 0.37802 -0.89353 0.05450
v 0.38290 -0.90301 0.04434
v 0.37831 -0.90829 0.05711
v 0.37608 -0.90228 0.06911
v 0.37744 -0.91184 0.07173
v 0.37870 -0.90336 0.08847
v 0.38101 -0.91286 0.09204
v 0.37873 -0.89292 0.08760
v 0.37693 -0.88951 0.06932
v 0.38204 -0.91860 0.07448
v 0.38377 -0.91933 0.08480
v 0.38298 -0.89273 0.10275
v 0.38462 -0.90409 0.10440
v 0.38488 -0.91812 0.05913
v 0.38845 -0.91241 0.10843
v 0.38202 -0.87664 0.05455
v 0.38208 -0.87798 0.08024
v 0.39006 -0.86328 0.09778
v 0.39317 -0.86687 0.11033
v 0.36330 -0.69299 0.10688
v 0.38965 -0.92573 0.06930
v 0.38830 -0.92617 0.07876
v 0.39573 -0.90187 0.02731
v 0.38806 -0.90943 0.04235
v 0.42032 -0.90794 -0.05105
v 0.42132 -0.91935 -0.06950
v 0.38915 -0.92451 0.08804
v 0.38615 -0.87871 0.10152
v 0.42659 -0.91002 -0.03823
v 0.39037 -0.92004 0.09897
v 0.41989 -0.93563 -0.11476
v 0.41699 -0.92447 -0.13304
v 0.41851 -0.93189 -0.12457
v 0.37733 -0.82809 0.07041
v 0.26358 -0.24230 0.05229
v 0.42213 -0.93184 -0.09180
v 0.39186 -0.92289 0.05526
v 0.39432 -0.91573 0.04238
v 0.26053 -0.24830 0.05044
v 0.42261 -0.92906 -0.13415
v 0.26069 -0.23542 0.04308
v 0.41502 -0.90902 0.01759
v 0.42300 -0.90815 0.00227
v 0.39889 -0.92672 0.09781
v 0.39580 -0.92969 0.08278
v 0.40729 -0.91252 0.02884
v 0.26902 -0.24490 0.06415
v 0.42914 -0.91401 0.01359
v 0.29000 0.00196 -0.00481
v 0.29078 -0.00854 -0.00208
v 0.28244 0.01045 -0.00132
v 0.28684 -0.01295 0.00130
v 0.29055 -0.02579 -0.00036
v 0.29772 -0.03117 -0.00354
v 0.29106 -0.03614 -0.00048
v 0.29607 -0.03499 -0.00298
v 0.30239 -0.04472 -0.00683
v 0.30577 -0.05035 -0.00911
v 0.29596 -0.02424 -0.00520
v 0.29258 -0.03611 -0.00405
v 0.30232 -0.05187 -0.00781
v 0.30789 -0.06052 -0.00781
v 0.30564 -0.06302 -0.00638
v 0.30874 -0.06299 -0.01087
v 0.30824 -0.05867 -0.01331
v 0.30582 -0.06670 -0.01007
v 0.30322 -0.06619 -0.00833
v 0.47822 -0.90725 -0.18571
v 0.47614 -0.89668 -0.18209
v 0.47188 -0.90214 -0.17770
v 0.47470 -0.91478 -0.18189
v 0.48131 -0.92232 -0.18859
v 0.46835 -0.90684 -0.17201
v 0.46575 -0.90018 -0.16864
v 0.46449 -0.90138 -0.16487
v 0.46006 -0.89228 -0.15942
v 0.47219 -0.89292 -0.17166
v 0.48049 -0.89714 -0.18523
v 0.48311 -0.91876 -0.18957
v 0.46723 -0.88566 -0.15799
v 0.46189 -0.90134 -0.16345
v 0.47900 -0.89362 -0.18156
v 0.47623 -0.88843 -0.17055
v 0.45900 -0.88562 -0.15092
v 0.48263 -0.89358 -0.18355
v 0.48091 -0.92498 -0.18532
v 0.48497 -0.92801 -0.18763
v 0.46793 -0.90627 -0.16329
v 0.47002 -0.90855 -0.16958
v 0.48302 -0.90802 -0.18641
v 0.48511 -0.89740 -0.18380
v 0.06764 0.00321 0.20352
v 0.07321 -0.00925 0.20366
v 0.06875 -0.01477 0.20395
v 0.07369 -0.01838 0.20368
v 0.06863 -0.01911 0.20123
v 0.25456 -0.00783 0.10522
v 0.25629 0.00406 0.10576
v 0.25632 -0.01563 0.10817
v 0.25509 -0.02863 0.10847
v 0.25693 -0.02065 0.11150
v 0.25687 -0.00714 0.10920
v 0.25689 -0.03760 0.11150
v 0.25595 -0.05010 0.10947
v 0.25417 -0.05078 0.10789
v 0.25627 -0.06203 0.10920
v 0.25469 -0.06410 0.10767
v 0.25490 -0.06585 0.10920
v 0.25059 -0.04795 0.10662
v 0.25059 -0.06146 0.10637
v 0.25174 -0.03099 0.10680
v 0.25153 -0.01210 0.10518
v 0.25174 0.00895 0.10266
v 0.25119 -0.06642 0.10776
v 0.25599 -0.04852 0.11295
v 0.25559 -0.06428 0.11131
v 0.48844 -0.91777 -0.17918
v 0.48804 -0.90257 -0.17090
v 0.48766 -0.90395 -0.18044
v 0.48722 -0.91534 -0.18464
v 0.48806 -0.92741 -0.18595
v 0.48268 -0.89126 -0.16624
v 0.48437 -0.89428 -0.17971
v 0.48511 -0.89740 -0.18380
v 0.48613 -0.89566 -0.16044
v 0.48819 -0.90202 -0.16351
v 0.48703 -0.90967 -0.17125
v 0.48108 -0.88547 -0.15487
v 0.48263 -0.89358 -0.18355
v 0.47851 -0.88641 -0.16790
v 0.48302 -0.90802 -0.18641
v 0.48311 -0.91876 -0.18957
v 0.48497 -0.92801 -0.18763
v 0.01269 -0.00599 0.20520
v 0.01530 0.00692 0.20844
v 0.01495 -0.00147 0.21261
v 0.01246 -0.02279 0.20590
v 0.01392 -0.02277 0.21133
v 0.01356 -0.01802 0.21583
v 0.01071 -0.03047 0.20896
v 0.01149 -0.02888 0.21424
v 0.00871 -0.03269 0.21402
v 0.00845 -0.02966 0.20569
v 0.00706 -0.03209 0.20893
v 0.47553 -0.92008 -0.18954
v 0.47079 -0.91227 -0.18706
v 0.47717 -0.91496 -0.19263
v 0.48427 -0.92111 -0.19934
v 0.46785 -0.91369 -0.18253
v 0.46852 -0.91022 -0.18429
v 0.48316 -0.91387 -0.19883
v 0.48719 -0.91625 -0.20254
v 0.48254 -0.92598 -0.19393
v 0.47939 -0.93110 -0.19064
v 0.47364 -0.89758 -0.18661
v 0.46727 -0.90319 -0.18154
v 0.46438 -0.89400 -0.17345
v 0.47266 -0.89286 -0.18216
v 0.48779 -0.90915 -0.19927
v 0.47780 -0.90529 -0.19031
v 0.48227 -0.90979 -0.19404
v 0.48041 -0.89318 -0.18917
v 0.49023 -0.91360 -0.20239
v 0.46620 -0.88560 -0.16527
v 0.47843 -0.93238 -0.18690
v 0.47350 -0.92237 -0.18230
v 0.48756 -0.92446 -0.19938
v 0.45699 -0.88175 -0.15477
v 0.47981 -0.88764 -0.18104
v 0.48409 -0.90253 -0.18993
v 0.48889 -0.90600 -0.19406
v 0.48302 -0.93551 -0.18842
v 0.46851 -0.91438 -0.17104
v 0.16260 0.00972 0.16627
v 0.15679 -0.00318 0.16865
v 0.15982 -0.01780 0.16563
v 0.15400 -0.02961 0.16804
v 0.15877 -0.04580 0.16509
v 0.16311 -0.03211 0.16182
v 0.16317 -0.00751 0.16229
v 0.16348 -0.05127 0.16293
v 0.15593 -0.05274 0.16613
v 0.16254 -0.06024 0.16375
v 0.15257 0.00735 0.17195
v 0.15133 -0.00930 0.16965
v 0.15857 -0.06195 0.16473
v 0.15985 -0.06515 0.16259
v 0.16480 -0.05714 0.16033
v 0.15456 -0.06276 0.16440
v 0.15290 -0.05571 0.16519
v 0.15194 -0.03364 0.16712
v 0.16322 -0.04408 0.15843
v 0.15985 -0.06556 0.15938
v 0.00916 -0.02600 0.21659
v 0.00938 -0.01033 0.21633
v 0.00569 -0.01825 0.21473
v 0.00533 -0.03039 0.21495
v 0.00282 0.00275 0.21314
v 0.01075 0.00566 0.21578
v 0.01356 -0.01802 0.21583
v 0.00871 -0.03269 0.21402
v 0.01495 -0.00147 0.21261
v 0.01149 -0.02888 0.21424
v 0.27637 0.00155 -0.05832
v 0.27547 -0.00784 -0.05805
v 0.27901 -0.01476 -0.05744
v 0.27573 -0.01585 -0.05591
v 0.28151 -0.02219 -0.05335
v 0.27630 -0.02670 -0.05030
v 0.28189 -0.03229 -0.04753
v 0.27908 -0.03212 -0.04642
v 0.28516 -0.04530 -0.04025
v 0.47973 -0.91942 -0.17912
v 0.47466 -0.90792 -0.16584
v 0.48287 -0.91235 -0.17082
v 0.48288 -0.90579 -0.16445
v 0.48574 -0.92488 -0.18293
v 0.48091 -0.92498 -0.18532
v 0.48497 -0.92801 -0.18763
v 0.48806 -0.92741 -0.18595
v 0.47002 -0.90855 -0.16958
v 0.46793 -0.90627 -0.16329
v 0.48161 -0.90649 -0.16141
v 0.48844 -0.91777 -0.17918
v 0.48703 -0.90967 -0.17125
v 0.48819 -0.90202 -0.16351
v 0.47470 -0.91478 -0.18189
v 0.45191 -0.91721 -0.19476
v 0.44813 -0.91018 -0.19689
v 0.44266 -0.91848 -0.19531
v 0.45978 -0.90503 -0.19524
v 0.45276 -0.90204 -0.19628
v 0.44567 -0.92344 -0.19541
v 0.45092 -0.92828 -0.19212
v 0.46316 -0.91003 -0.19226
v 0.46008 -0.91680 -0.19115
v 0.44598 -0.92984 -0.19109
v 0.45015 -0.93359 -0.18847
v 0.45425 -0.92829 -0.18813
v 0.44387 -0.90819 -0.19606
v 0.44691 -0.90140 -0.19544
v 0.44663 -0.93318 -0.18715
v 0.01819 -0.04233 -0.09783
v 0.01857 -0.04386 -0.09400
v 0.01510 -0.02918 -0.09638
v 0.01735 -0.06354 -0.09656
v 0.01872 -0.07360 -0.09304
v 0.01742 -0.08567 -0.09656
v 0.01900 -0.09346 -0.09325
v 0.01834 -0.09350 -0.09718
v 0.01834 -0.06261 -0.09964
v 0.01856 -0.03870 -0.10070
v 0.01341 -0.02250 -0.09985
v 0.01373 -0.01018 -0.09605
v 0.01290 -0.00844 -0.10004
v 0.00974 0.00992 -0.09676
v 0.01879 -0.08617 -0.09936
v 0.01494 -0.02065 -0.10277
v 0.50324 -0.91262 -0.17542
v 0.49894 -0.90515 -0.17095
v 0.50013 -0.91478 -0.16938
v 0.49262 -0.90232 -0.16344
v 0.50437 -0.91853 -0.17327
v 0.49548 -0.90937 -0.16307
v 0.50620 -0.92232 -0.17056
v 0.48903 -0.90870 -0.15944
v 0.50034 -0.91430 -0.16201
v 0.49434 -0.91147 -0.15794
v 0.44397 -0.91238 0.11127
v 0.45275 -0.91186 0.10018
v 0.44660 -0.90588 0.11016
v 0.45574 -0.90118 0.09679
v 0.44824 -0.89228 0.10797
v 0.45598 -0.89238 0.09679
v 0.45930 -0.90858 0.08862
v 0.28684 -0.01295 0.00130
v 0.28207 -0.00145 0.00996
v 0.28828 -0.03142 0.00980
v 0.28244 0.01045 -0.00132
v 0.29106 -0.03614 -0.00048
v 0.29329 -0.05278 0.00358
v 0.27667 0.00179 0.02298
v 0.27182 0.00862 0.03706
v 0.29317 -0.04567 -0.00779
v 0.28714 -0.05380 0.02101
v 0.29528 -0.06984 0.01032
v 0.29660 -0.07096 -0.00224
v 0.30191 -0.09903 0.00350
v 0.27349 -0.00928 0.03598
v 0.26947 -0.00463 0.05246
v 0.28046 -0.02724 0.02435
v 0.27222 -0.03230 0.04792
v 0.27626 -0.03639 0.03519
v 0.27751 -0.05344 0.03870
v 0.27263 -0.05120 0.05180
v 0.26581 -0.03205 0.06591
v 0.29374 -0.07860 0.01813
v 0.26584 -0.01179 0.06548
v 0.30001 -0.09130 0.01124
v 0.29895 -0.10455 0.02071
v 0.27410 -0.07292 0.05043
v 0.26650 0.00878 0.06279
v 0.30627 -0.11961 0.01532
v 0.30352 -0.12973 0.02604
v 0.31054 -0.13821 0.00080
v 0.30901 -0.13526 0.02021
v 0.31168 -0.14144 0.01584
v 0.31351 -0.15319 0.02379
v 0.31864 -0.16634 0.01523
v 0.30727 -0.15008 0.03138
v 0.31901 -0.16985 0.02665
v 0.32538 -0.18897 0.03166
v 0.31667 -0.17361 0.03537
v 0.32564 -0.20050 0.04266
v 0.33274 -0.21092 0.03642
v 0.33739 -0.22782 0.04464
v 0.32741 -0.19358 0.02327
v 0.33813 -0.22655 0.03075
v 0.34393 -0.24531 0.03498
v 0.34559 -0.25283 0.04931
v 0.34131 -0.25388 0.06061
v 0.33011 -0.22411 0.05496
v 0.35450 -0.28228 0.05165
v 0.35288 -0.29465 0.07048
v 0.35988 -0.30372 0.05899
v 0.36361 -0.30618 0.04639
v 0.34988 -0.29476 0.08103
v 0.36064 -0.32909 0.08588
v 0.36169 -0.32627 0.07395
v 0.36877 -0.35435 0.08170
v 0.36491 -0.35306 0.09925
v 0.37254 -0.37812 0.09889
v 0.37693 -0.37994 0.08343
v 0.38225 -0.40355 0.09249
v 0.38023 -0.41149 0.10864
v 0.36958 -0.32566 0.05075
v 0.38985 -0.42228 0.08764
v 0.39164 -0.44125 0.10036
v 0.39626 -0.43961 0.07745
v 0.39045 -0.40729 0.07149
v 0.39377 -0.41732 0.06337
v 0.38881 -0.39034 0.05512
v 0.38552 -0.38212 0.06283
v 0.37903 -0.35385 0.04905
v 0.37571 -0.35192 0.06262
v 0.38460 -0.39157 0.07637
v 0.35022 -0.26593 0.04024
v 0.35711 -0.28664 0.03953
v 0.37820 -0.36697 0.07026
v 0.36835 -0.33801 0.06789
v 0.39682 -0.43284 0.05725
v 0.39918 -0.45726 0.07409
v 0.40100 -0.46256 0.05930
v 0.39786 -0.46631 0.09804
v 0.39403 -0.46331 0.11346
v 0.40006 -0.48870 0.11007
v 0.37405 -0.40028 0.11655
v 0.36827 -0.37716 0.11226
v 0.36305 -0.35740 0.10811
v 0.40196 -0.49042 0.09087
v 0.38412 -0.43860 0.12036
v 0.35574 -0.32668 0.09754
v 0.36801 -0.32155 0.03788
v 0.32029 -0.17367 0.00458
v 0.40411 -0.52460 0.10118
v 0.39295 -0.41594 0.04444
v 0.39418 -0.48339 0.12357
v 0.29456 -0.06225 -0.01383
v 0.29414 -0.05563 -0.01686
v 0.38926 -0.39580 0.04441
v 0.40218 -0.48974 0.07205
v 0.40265 -0.49012 0.05481
v 0.38058 -0.36366 0.03515
v 0.39944 -0.50685 0.11588
v 0.40442 -0.54046 0.10521
v 0.40750 -0.55894 0.09234
v 0.40703 -0.56667 0.10279
v 0.40944 -0.58114 0.09339
v 0.41127 -0.58987 0.08073
v 0.41223 -0.60421 0.08834
v 0.40839 -0.58826 0.10060
v 0.41340 -0.61299 0.07016
v 0.41589 -0.63322 0.08327
v 0.40967 -0.61004 0.09821
v 0.41636 -0.63846 0.06863
v 0.42109 -0.67301 0.07611
v 0.41732 -0.65273 0.08682
v 0.42077 -0.67376 0.08395
v 0.42389 -0.69635 0.08088
v 0.30096 -0.10086 -0.01335
v 0.29703 -0.07830 -0.01342
v 0.40707 -0.56958 0.06314
v 0.41059 -0.59564 0.05911
v 0.40581 -0.54891 0.08034
v 0.40642 -0.56532 0.04677
v 0.40473 -0.54572 0.04906
v 0.40345 -0.53694 0.06664
v 0.40303 -0.51767 0.05739
v 0.40346 -0.51834 0.08453
v 0.32681 -0.19854 0.00439
v 0.33303 -0.21400 0.01772
v 0.42190 -0.68562 0.06471
v 0.42611 -0.70933 0.06949
v 0.43007 -0.72877 0.07675
v 0.29451 -0.06308 -0.01966
v 0.29499 -0.06490 -0.01918
v 0.41717 -0.65927 0.05817
v 0.36030 -0.30097 0.03318
v 0.37226 -0.34270 0.02316
v 0.41301 -0.62098 0.05578
v 0.39533 -0.43611 0.03965
v 0.42547 -0.72281 0.08689
v 0.43587 -0.75117 0.07771
v 0.43472 -0.74749 0.06181
v 0.44144 -0.76460 0.05795
v 0.44658 -0.77980 0.07260
v 0.45323 -0.79292 0.05987
v 0.44808 -0.77720 0.04481
v 0.45474 -0.80365 0.07306
v 0.45750 -0.81009 0.06492
v 0.45619 -0.80042 0.03559
v 0.46052 -0.82285 0.04212
v 0.46225 -0.81951 0.02265
v 0.46790 -0.84043 0.02516
v 0.45725 -0.82070 0.07393
v 0.45875 -0.82801 0.06407
v 0.46104 -0.83891 0.04807
v 0.44918 -0.78246 0.02905
v 0.42613 -0.72347 0.05185
v 0.43097 -0.74319 0.03813
v 0.39974 -0.46951 0.04071
v 0.40180 -0.49757 0.04091
v 0.45449 -0.80153 0.01796
v 0.34515 -0.25393 0.02773
v 0.35243 -0.28258 0.02314
v 0.36155 -0.31640 0.01362
v 0.46704 -0.82408 0.00013
v 0.47319 -0.83875 0.00515
v 0.40188 -0.52585 0.03779
v 0.29449 -0.06788 -0.02033
v 0.31114 -0.15048 -0.01493
v 0.30547 -0.12629 -0.01620
v 0.43776 -0.75891 0.03247
v 0.33846 -0.24197 0.01148
v 0.40842 -0.59057 0.04663
v 0.42200 -0.70200 0.05457
v 0.38273 -0.38088 0.02596
v 0.32051 -0.18303 -0.00658
v 0.47419 -0.85464 0.01611
v 0.41249 -0.63472 0.04855
v 0.42298 -0.72157 0.03865
v 0.41742 -0.68965 0.04544
v 0.38891 -0.41181 0.02831
v 0.34538 -0.27188 0.00561
v 0.29836 -0.09967 -0.02408
v 0.35145 -0.29825 -0.00333
v 0.33949 -0.26572 -0.01216
v 0.47797 -0.84231 -0.01046
v 0.32985 -0.22656 -0.00746
v 0.32529 -0.20787 -0.00879
v 0.48898 -0.86287 -0.01266
v 0.48687 -0.85386 -0.02463
v 0.29189 -0.07427 -0.03134
v 0.37533 -0.36629 0.01235
v 0.46418 -0.85620 0.04076
v 0.45922 -0.86348 0.05926
v 0.45729 -0.84037 0.06697
v 0.46606 -0.88431 0.04793
v 0.47287 -0.88177 0.03026
v 0.46237 -0.88217 0.06094
v 0.46220 -0.89995 0.07646
v 0.46061 -0.89078 0.07990
v 0.46919 -0.89809 0.04361
v 0.46291 -0.90652 0.07388
v 0.45513 -0.88274 0.08742
v 0.45577 -0.86792 0.07215
v 0.45475 -0.85069 0.06884
v 0.38486 -0.40455 0.01779
v 0.32581 -0.22828 -0.02374
v 0.47279 -0.83253 -0.02754
v 0.39228 -0.44019 0.02604
v 0.35646 -0.31812 -0.00541
v 0.36512 -0.33925 0.00257
v 0.45388 -0.81154 0.07858
v 0.48424 -0.86417 0.00061
v 0.49620 -0.88333 -0.01234
v 0.48323 -0.87876 0.00964
v 0.41145 -0.63462 0.09502
v 0.31814 -0.20629 -0.03147
v 0.31410 -0.18092 -0.02628
v 0.41206 -0.65200 0.04299
v 0.40139 -0.55558 0.03299
v 0.39764 -0.48138 0.02921
v 0.39309 -0.45810 0.02271
v 0.40724 -0.61005 0.03930
v 0.45545 -0.80578 -0.00006
v 0.44879 -0.79175 0.01443
v 0.31183 -0.20109 -0.04754
v 0.29370 -0.06558 -0.02289
v 0.44286 -0.77323 0.02234
v 0.39677 -0.49681 0.02453
v 0.50147 -0.87029 -0.04309
v 0.50346 -0.88169 -0.02942
v 0.38945 -0.46480 0.12442
v 0.51227 -0.89684 -0.03949
v 0.51503 -0.88449 -0.05351
v 0.47752 -0.89340 0.02341
v 0.49012 -0.89502 0.00122
v 0.41627 -0.68853 0.09495
v 0.41521 -0.66329 0.09286
v 0.49050 -0.85583 -0.03967
v 0.44034 -0.77250 0.08106
v 0.44914 -0.79481 0.07775
v 0.38534 -0.41992 0.01426
v 0.37970 -0.39095 0.01129
v 0.43259 -0.75569 0.08578
v 0.40370 -0.55613 0.10858
v 0.30013 -0.12631 -0.03181
v 0.30639 -0.15712 -0.03212
v 0.29190 -0.06281 -0.02748
v 0.29056 -0.05767 -0.03094
v 0.30401 -0.17970 -0.05349
v 0.49626 -0.86182 -0.05487
v 0.39583 -0.50591 0.12310
v 0.44411 -0.78494 0.01215
v 0.39790 -0.53189 0.11900
v 0.40001 -0.55750 0.11574
v 0.39812 -0.52408 0.02723
v 0.51652 -0.87966 -0.06624
v 0.50433 -0.90315 -0.02404
v 0.34788 -0.30992 0.09763
v 0.34250 -0.28764 0.08885
v 0.33670 -0.26683 0.07977
v 0.40461 -0.58648 0.10803
v 0.40507 -0.61653 0.10705
v 0.40306 -0.64763 0.11072
v 0.29386 -0.04621 -0.01041
v 0.29258 -0.03611 -0.00405
v 0.44581 -0.79398 0.00149
v 0.43772 -0.77568 0.08688
v 0.44321 -0.79597 0.08695
v 0.47738 -0.84009 -0.04583
v 0.38532 -0.43551 0.01084
v 0.33056 -0.24217 0.06814
v 0.40682 -0.63184 0.03578
v 0.52788 -0.89240 -0.06972
v 0.53263 -0.89022 -0.08533
v 0.53888 -0.90008 -0.08887
v 0.53485 -0.90388 -0.07723
v 0.52312 -0.89510 -0.05680
v 0.54594 -0.90857 -0.10341
v 0.54732 -0.90063 -0.11068
v 0.55296 -0.91217 -0.12344
v 0.55537 -0.90923 -0.13093
v 0.54697 -0.89425 -0.12535
v 0.55703 -0.91961 -0.13357
v 0.55893 -0.91877 -0.14288
v 0.55869 -0.92531 -0.14035
v 0.55380 -0.90546 -0.13719
v 0.54065 -0.89294 -0.10132
v 0.54211 -0.89062 -0.11424
v 0.52910 -0.90232 -0.06219
v 0.52237 -0.90164 -0.05333
v 0.44649 -0.81124 0.08742
v 0.55519 -0.91475 -0.15011
v 0.52060 -0.87969 -0.07766
v 0.53014 -0.88370 -0.09749
v 0.40196 -0.58985 0.03203
v 0.39149 -0.47553 0.01610
v 0.42741 -0.74542 0.02708
v 0.42263 -0.73062 0.03146
v 0.41447 -0.70549 0.03268
v 0.43541 -0.76611 0.01828
v 0.38433 -0.45390 0.00677
v 0.29476 -0.06382 -0.02234
v 0.14989 0.00822 0.17153
v 0.14940 -0.00545 0.16735
v 0.15133 -0.00930 0.16965
v 0.15031 -0.02460 0.16467
v 0.15194 -0.03364 0.16712
v 0.15148 -0.04326 0.16318
v 0.15290 -0.05571 0.16519
v 0.15222 -0.06088 0.16093
v 0.15456 -0.06276 0.16440
v 0.15390 -0.06388 0.16129
v 0.14893 -0.00167 0.16427
v 0.15056 -0.01778 0.15983
v 0.15126 -0.03713 0.15903
v 0.15272 -0.05387 0.15854
v 0.15346 -0.06170 0.15813
v 0.14980 0.00201 0.16236
v 0.16091 -0.01465 0.15849
v 0.16412 0.01281 0.16065
v 0.16317 -0.00751 0.16229
v 0.16311 -0.03211 0.16182
v 0.16322 -0.04408 0.15843
v 0.15827 -0.03390 0.15563
v 0.15863 -0.04852 0.15482
v 0.16145 -0.05772 0.15617
v 0.16480 -0.05714 0.16033
v 0.15748 -0.01371 0.15663
v 0.15879 0.00672 0.15779
v 0.15621 -0.05859 0.15618
v 0.15674 -0.06357 0.15773
v 0.15985 -0.06556 0.15938
v 0.11948 -0.00216 -0.11193
v 0.11695 -0.00000 -0.10808
v 0.11700 -0.00526 -0.11056
v 0.11833 -0.00615 -0.11439
v 0.11960 0.00407 -0.11649
v 0.50733 -0.91812 -0.16537
v 0.50034 -0.91430 -0.16201
v 0.50665 -0.91038 -0.15847
v 0.50005 -0.90922 -0.15351
v 0.49434 -0.91147 -0.15794
v 0.50784 -0.90453 -0.15536
v 0.51116 -0.91098 -0.16471
v 0.50395 -0.90597 -0.14897
v 0.50863 -0.91902 -0.16902
v 0.50620 -0.92232 -0.17056
v 0.45705 -0.93089 -0.19372
v 0.44935 -0.93301 -0.19587
v 0.45543 -0.92767 -0.20038
v 0.45064 -0.92496 -0.20523
v 0.45402 -0.93643 -0.19047
v 0.44675 -0.93816 -0.18840
v 0.47089 -0.93647 -0.21781
v 0.46701 -0.93106 -0.21142
v 0.46300 -0.93198 -0.21293
v 0.46239 -0.92697 -0.20590
v 0.46785 -0.93780 -0.21898
v 0.45558 -0.92654 -0.20929
v 0.47148 -0.93858 -0.22275
v 0.46173 -0.93235 -0.21939
v 0.46772 -0.93781 -0.22305
v 0.45543 -0.92767 -0.20038
v 0.45064 -0.92496 -0.20523
v 0.50014 -0.91812 -0.19296
v 0.49841 -0.91677 -0.18541
v 0.49838 -0.92370 -0.19118
v 0.49884 -0.92084 -0.18275
v 0.49709 -0.92638 -0.18811
v 0.49751 -0.92149 -0.19840
v 0.49647 -0.91149 -0.17885
v 0.49790 -0.91124 -0.19370
v 0.49640 -0.91165 -0.18457
v 0.49648 -0.91376 -0.19868
v 0.49294 -0.90742 -0.18948
v 0.49338 -0.90888 -0.19757
v 0.49278 -0.90886 -0.18395
v 0.49220 -0.90118 -0.17966
v 0.49258 -0.89919 -0.17051
v 0.48827 -0.89220 -0.17293
v 0.49000 -0.89444 -0.18283
v 0.48739 -0.88823 -0.16192
v 0.48957 -0.90291 -0.18616
v 0.48923 -0.90687 -0.18873
v 0.48654 -0.89081 -0.18636
v 0.48889 -0.90600 -0.19406
v 0.48409 -0.90253 -0.18993
v 0.49023 -0.91360 -0.20239
v 0.49317 -0.91896 -0.20194
v 0.48443 -0.90755 -0.19122
v 0.48227 -0.90979 -0.19404
v 0.48779 -0.90915 -0.19927
v 0.00387 -0.00671 0.20758
v 0.00282 0.00275 0.21314
v -0.00034 0.01225 0.20822
v 0.00569 -0.01825 0.21473
v 0.00466 -0.02039 0.20907
v 0.00415 -0.02948 0.21007
v 0.00533 -0.03039 0.21495
v 0.00512 -0.02944 0.20642
v 0.00525 -0.02445 0.20611
v 0.00590 -0.01256 0.20526
v 0.00706 -0.03209 0.20893
v 0.00871 -0.03269 0.21402
v 0.09359 0.00918 0.19313
v 0.07321 -0.00925 0.20366
v 0.08832 0.00317 0.19654
v 0.07820 -0.00313 0.20235
v 0.08575 -0.00898 0.19891
v 0.08998 -0.01298 0.19577
v 0.08197 -0.01527 0.20495
v 0.07610 -0.01805 0.20602
v 0.08948 -0.03263 0.20317
v 0.07989 -0.02568 0.20853
v 0.08678 -0.03419 0.20746
v 0.08331 -0.03767 0.20793
v 0.09103 -0.05075 0.20609
v 0.09424 -0.04713 0.20262
v 0.09511 -0.06928 0.20002
v 0.09060 -0.06849 0.20363
v 0.09273 -0.09559 0.20153
v 0.08791 -0.07685 0.20390
v 0.09007 -0.11969 0.20269
v 0.08669 -0.05262 0.20527
v 0.09435 -0.12064 0.20193
v 0.09461 -0.13307 0.20234
v 0.09798 -0.12840 0.20028
v 0.09832 -0.11796 0.19947
v 0.09734 -0.09436 0.19748
v 0.08960 -0.13303 0.20262
v 0.45167 -0.91855 -0.16846
v 0.44659 -0.91792 -0.16548
v 0.45700 -0.91696 -0.16242
v 0.44590 -0.92235 -0.17330
v 0.45463 -0.92038 -0.17794
v 0.45223 -0.92939 -0.18512
v 0.44748 -0.93115 -0.18422
v 0.45015 -0.93359 -0.18847
v 0.11550 -0.00217 -0.11773
v 0.11062 0.00513 -0.11697
v 0.11202 -0.00416 -0.11460
v 0.11478 -0.00671 -0.11434
v 0.11833 -0.00615 -0.11439
v 0.54629 -0.91848 -0.16222
v 0.54566 -0.91565 -0.15421
v 0.54517 -0.92019 -0.15360
v 0.54510 -0.91350 -0.15751
v 0.54452 -0.91194 -0.16426
v 0.54246 -0.91031 -0.15034
v 0.54478 -0.91841 -0.16736
v 0.54014 -0.90711 -0.15952
v 0.54029 -0.90840 -0.15527
v 0.53519 -0.89823 -0.15807
v 0.53958 -0.90443 -0.14818
v 0.54117 -0.90647 -0.14309
v 0.53449 -0.89752 -0.13549
v 0.53310 -0.89168 -0.14364
v 0.52670 -0.88793 -0.12572
v 0.52091 -0.88074 -0.12536
v 0.51994 -0.88265 -0.11201
v 0.52605 -0.88413 -0.14354
v 0.51737 -0.87608 -0.13338
v 0.53509 -0.89226 -0.15379
v 0.53822 -0.89784 -0.15235
v 0.51141 -0.87361 -0.12253
v 0.50750 -0.87373 -0.10681
v 0.53891 -0.90722 -0.16471
v 0.53361 -0.90297 -0.16057
v 0.54208 -0.91370 -0.16861
v 0.17760 0.00399 -0.08079
v 0.18661 -0.01379 -0.08301
v 0.18091 -0.01295 -0.07935
v 0.18610 -0.03613 -0.07714
v 0.19554 -0.03595 -0.08165
v 0.19846 -0.05567 -0.07899
v 0.19079 -0.05455 -0.07536
v 0.19257 -0.07313 -0.07095
v 0.20518 -0.08038 -0.07568
v 0.20118 -0.10104 -0.06766
v 0.17185 0.00707 -0.07679
v 0.21142 -0.10483 -0.07142
v 0.21573 -0.12681 -0.06727
v 0.21182 -0.13673 -0.06269
v 0.22576 -0.15226 -0.06650
v 0.22524 -0.13515 -0.06914
v 0.23445 -0.15383 -0.07110
v 0.23211 -0.17045 -0.06858
v 0.24430 -0.17030 -0.07681
v 0.24241 -0.18654 -0.07486
v 0.25263 -0.18081 -0.08009
v 0.25366 -0.19479 -0.07940
v 0.25369 -0.20795 -0.07544
v 0.24346 -0.20216 -0.07161
v 0.22112 -0.16668 -0.05920
v 0.17853 -0.02504 -0.07438
v 0.18244 -0.04796 -0.07025
v 0.22950 -0.18755 -0.05927
v 0.20685 -0.14225 -0.05555
v 0.19956 -0.12127 -0.05711
v 0.19260 -0.09011 -0.06340
v 0.18499 -0.06950 -0.06326
v 0.24476 -0.21369 -0.06588
v 0.23752 -0.19845 -0.06536
v 0.25510 -0.22750 -0.06465
v 0.21094 -0.16553 -0.04856
v 0.26656 -0.21514 -0.07581
v 0.27175 -0.24413 -0.06174
v 0.27017 -0.25899 -0.05219
v 0.28814 -0.27366 -0.05047
v 0.28449 -0.28490 -0.04366
v 0.29945 -0.29239 -0.04388
v 0.30216 -0.31692 -0.03343
v 0.28297 -0.29706 -0.03554
v 0.29345 -0.31833 -0.02869
v 0.30450 -0.34463 -0.02099
v 0.31590 -0.34579 -0.02574
v 0.31791 -0.36898 -0.01894
v 0.32443 -0.36467 -0.02307
v 0.32850 -0.38366 -0.02017
v 0.26534 -0.28463 -0.03226
v 0.27524 -0.30903 -0.02346
v 0.26559 -0.26630 -0.04379
v 0.22056 -0.24883 0.00257
v 0.21308 -0.22460 0.00668
v 0.21470 -0.22293 -0.00899
v 0.20764 -0.19986 -0.00835
v 0.20691 -0.20055 0.00589
v 0.20264 -0.18589 -0.00213
v 0.20299 -0.17404 -0.02103
v 0.19844 -0.16959 -0.00809
v 0.19591 -0.15360 -0.01644
v 0.20124 -0.15663 -0.03556
v 0.19528 -0.13960 -0.03473
v 0.18773 -0.12266 -0.01621
v 0.19009 -0.12301 -0.03242
v 0.18624 -0.10471 -0.03446
v 0.18181 -0.10309 -0.00467
v 0.18168 -0.08771 -0.02950
v 0.17542 -0.07921 -0.00331
v 0.17302 -0.06324 -0.01156
v 0.19232 -0.14199 -0.01002
v 0.19641 -0.16323 0.00051
v 0.17629 -0.06048 -0.03203
v 0.18167 -0.07724 -0.04362
v 0.17909 -0.06260 -0.05421
v 0.16627 -0.04110 -0.00657
v 0.16726 -0.05709 0.00980
v 0.17396 -0.04487 -0.05101
v 0.18828 -0.09692 -0.05049
v 0.18587 -0.08252 -0.05706
v 0.17553 -0.04372 -0.06063
v 0.17020 -0.02242 -0.05977
v 0.17116 -0.07327 0.01936
v 0.16846 -0.02587 -0.03851
v 0.16497 -0.01353 -0.03109
v 0.16608 -0.01055 -0.04726
v 0.16524 -0.00010 -0.06058
v 0.16924 -0.03392 -0.02520
v 0.17261 -0.04494 -0.03355
v 0.16159 0.00690 -0.05186
v 0.16042 0.00424 -0.03930
v 0.16484 -0.02323 -0.01841
v 0.16315 -0.05077 0.02352
v 0.15752 -0.02890 0.01392
v 0.15973 -0.02256 -0.00257
v 0.16151 -0.00541 -0.02718
v 0.15811 -0.00954 -0.01135
v 0.15355 -0.02434 0.02801
v 0.15215 -0.00954 0.00921
v 0.19316 -0.12136 -0.04489
v 0.14553 0.00086 0.02361
v 0.17760 -0.09236 0.01646
v 0.14784 -0.01051 0.03695
v 0.21117 -0.19461 -0.02580
v 0.22427 -0.25179 -0.00724
v 0.14747 0.00496 0.00482
v 0.14219 0.00518 0.03546
v 0.19274 -0.10696 -0.05486
v 0.22430 -0.26312 0.00966
v 0.22818 -0.26939 0.00410
v 0.15233 -0.00165 -0.00410
v 0.18929 -0.13293 0.00492
v 0.21221 -0.18426 -0.03796
v 0.14070 0.00593 0.05242
v 0.21727 -0.21285 -0.02516
v 0.20053 -0.14131 -0.04696
v 0.18333 -0.11023 0.01638
v 0.16057 -0.04502 0.03414
v 0.15201 -0.02212 0.04244
v 0.16754 -0.06411 0.03277
v 0.18898 -0.13197 0.01546
v 0.19507 -0.15639 0.01178
v 0.20263 -0.18413 0.00946
v 0.15553 0.00019 -0.01718
v 0.21843 -0.24111 0.01406
v 0.23218 -0.27997 0.01065
v 0.14742 -0.01031 0.05114
v 0.17444 -0.08296 0.03302
v 0.22293 -0.22968 -0.02250
v 0.16573 0.01657 -0.07033
v 0.17269 -0.01720 -0.06816
v 0.23519 -0.27412 -0.00611
v 0.24293 -0.29450 0.00399
v 0.15583 -0.03184 0.04766
v 0.14147 0.00417 0.05670
v 0.16528 -0.05661 0.04427
v 0.18273 -0.10450 0.03358
v 0.24133 -0.29467 0.01602
v 0.22256 -0.20857 -0.03806
v 0.24693 -0.29072 -0.00881
v 0.25283 -0.31115 0.01682
v 0.25961 -0.31816 0.00574
v 0.25878 -0.31082 -0.00493
v 0.23624 -0.26131 -0.01818
v 0.23322 -0.24242 -0.02841
v 0.26174 -0.32266 0.01652
v 0.27062 -0.33731 0.01670
v 0.27774 -0.33830 -0.00004
v 0.28422 -0.35118 0.00746
v 0.27915 -0.35391 0.02214
v 0.27052 -0.34233 0.02951
v 0.26435 -0.32756 0.02950
v 0.26986 -0.32228 -0.00913
v 0.22309 -0.19304 -0.04823
v 0.23608 -0.22582 -0.04365
v 0.23600 -0.20965 -0.05521
v 0.26297 -0.30587 -0.01660
v 0.24760 -0.22496 -0.05922
v 0.25307 -0.27967 -0.02495
v 0.25416 -0.24528 -0.04924
v 0.24762 -0.25560 -0.03534
v 0.28151 -0.00110 0.07032
v 0.28928 -0.00747 0.05418
v 0.29030 -0.01985 0.06427
v 0.29579 -0.02851 0.05911
v 0.29821 -0.04057 0.06644
v 0.28485 -0.02199 0.07740
v 0.29299 -0.03923 0.07533
v 0.27829 -0.00436 0.07772
v 0.30321 -0.04894 0.06430
v 0.30326 -0.05465 0.07255
v 0.30559 -0.05620 0.06824
v 0.29867 -0.05144 0.07578
v 0.29063 -0.03924 0.07846
v 0.30292 -0.06051 0.07133
v 0.49501 -0.93180 -0.18895
v 0.49263 -0.92781 -0.19240
v 0.49709 -0.92638 -0.18811
v 0.50334 -0.92810 -0.18499
v 0.49884 -0.92084 -0.18275
v 0.51997 -0.92101 -0.18561
v 0.51444 -0.92168 -0.18611
v 0.51568 -0.91738 -0.18640
v 0.50709 -0.91946 -0.18382
v 0.51010 -0.90867 -0.18140
v 0.50166 -0.91520 -0.18123
v 0.50549 -0.89981 -0.17898
v 0.49759 -0.90303 -0.17628
v 0.49647 -0.91149 -0.17885
v 0.50359 -0.89472 -0.17650
v 0.51063 -0.89901 -0.17862
v 0.51104 -0.89186 -0.17622
v 0.49258 -0.89919 -0.17051
v 0.49637 -0.88943 -0.16574
v 0.48739 -0.88823 -0.16192
v 0.48743 -0.88178 -0.15713
v 0.49542 -0.88044 -0.15818
v 0.50433 -0.89014 -0.17085
v 0.50296 -0.88133 -0.15795
v 0.50964 -0.88918 -0.17086
v 0.50616 -0.88502 -0.15872
v 0.52408 -0.91439 -0.18177
v 0.52464 -0.92104 -0.18175
v 0.51494 -0.91198 -0.18569
v 0.51657 -0.90742 -0.18172
v 0.51924 -0.91151 -0.18438
v 0.52234 -0.90811 -0.17937
v 0.51580 -0.90515 -0.17663
v 0.51525 -0.89883 -0.17487
v 0.50863 -0.91902 -0.16902
v 0.50772 -0.91541 -0.17479
v 0.50437 -0.91853 -0.17327
v 0.51137 -0.90812 -0.17220
v 0.50620 -0.92232 -0.17056
v 0.50831 -0.90333 -0.17497
v 0.51144 -0.89986 -0.17100
v 0.50873 -0.89502 -0.17157
v 0.51260 -0.90403 -0.16593
v 0.50784 -0.90453 -0.15536
v 0.50747 -0.89902 -0.15614
v 0.50241 -0.89447 -0.14561
v 0.50395 -0.90597 -0.14897
v 0.51116 -0.91098 -0.16471
v 0.50835 -0.89464 -0.16344
v 0.50179 -0.89019 -0.14902
v 0.50026 -0.88418 -0.13748
v 0.49812 -0.88131 -0.14480
v 0.50200 -0.88805 -0.15875
v 0.49806 -0.88215 -0.15358
v 0.49386 -0.87819 -0.13324
v 0.50390 -0.89950 -0.14392
v 0.50599 -0.90691 -0.14396
v 0.50368 -0.89143 -0.14183
v 0.46189 -0.90134 -0.16345
v 0.46006 -0.89228 -0.15942
v 0.45848 -0.89436 -0.16219
v 0.46047 -0.90666 -0.16669
v 0.46320 -0.90653 -0.16322
v 0.07444 -0.02018 0.20033
v 0.07369 -0.01838 0.20368
v 0.06863 -0.01911 0.20123
v 0.29861 -0.06403 0.06935
v 0.30292 -0.06051 0.07133
v 0.29732 -0.06247 0.07363
v 0.29864 -0.05756 0.07580
v 0.29567 -0.06294 0.07012
v 0.29258 -0.05113 0.07675
v 0.29016 -0.05393 0.07324
v 0.28468 -0.04219 0.07758
v 0.28623 -0.03760 0.07939
v 0.27873 -0.02467 0.07798
v 0.28220 -0.02388 0.07899
v 0.27409 -0.00405 0.07760
v 0.27829 -0.00436 0.07772
v 0.29867 -0.05144 0.07578
v 0.29063 -0.03924 0.07846
v 0.28485 -0.02199 0.07740
v 0.30326 -0.05465 0.07255
v 0.24442 -0.02576 0.11409
v 0.24195 -0.02443 0.11302
v 0.24203 -0.01706 0.11565
v 0.23934 -0.01693 0.11435
v 0.24096 0.00281 0.11931
v 0.23781 0.00473 0.11754
v 0.24369 -0.02718 0.11002
v 0.00790 0.00023 0.20306
v 0.01269 -0.00599 0.20520
v 0.00864 -0.02096 0.20473
v 0.01246 -0.02279 0.20590
v 0.00845 -0.02966 0.20569
v 0.00278 0.00394 0.20267
v 0.00590 -0.01256 0.20526
v 0.00525 -0.02445 0.20611
v 0.00512 -0.02944 0.20642
v 0.00706 -0.03209 0.20893
v 0.01071 -0.03047 0.20896
v 0.14980 0.00201 0.16236
v 0.15437 -0.01462 0.15705
v 0.15056 -0.01778 0.15983
v 0.15126 -0.03713 0.15903
v 0.15417 -0.03728 0.15624
v 0.15272 -0.05387 0.15854
v 0.15863 -0.04852 0.15482
v 0.15621 -0.05859 0.15618
v 0.15346 -0.06170 0.15813
v 0.15879 0.00672 0.15779
v 0.15827 -0.03390 0.15563
v 0.15674 -0.06357 0.15773
v 0.15748 -0.01371 0.15663
v 0.15985 -0.06515 0.16259
v 0.15456 -0.06276 0.16440
v 0.15390 -0.06388 0.16129
v 0.15985 -0.06556 0.15938
v 0.15674 -0.06357 0.15773
v 0.15346 -0.06170 0.15813
v 0.30582 -0.06670 -0.01007
v 0.30322 -0.06619 -0.00833
v 0.30142 -0.06731 -0.01441
v 0.29982 -0.06588 -0.01308
v 0.29762 -0.06508 -0.01737
v 0.29818 -0.06447 -0.02070
v 0.29499 -0.06490 -0.01918
v 0.29476 -0.06382 -0.02234
v 0.29535 -0.06254 -0.02562
v 0.29190 -0.06281 -0.02748
v 0.09543 -0.13448 0.20005
v 0.09461 -0.13307 0.20234
v 0.09187 -0.13548 0.20025
v 0.08960 -0.13303 0.20262
v 0.08722 -0.13286 0.19969
v 0.08698 -0.13380 0.19572
v 0.09161 -0.13171 0.19291
v 0.09466 -0.13305 0.19604
v 0.08702 -0.13020 0.19319
v 0.47148 -0.93858 -0.22275
v 0.47100 -0.93596 -0.22528
v 0.47341 -0.93479 -0.22090
v 0.47152 -0.93240 -0.22421
v 0.47092 -0.92520 -0.21543
v 0.46782 -0.92420 -0.22218
v 0.46407 -0.90864 -0.21147
v 0.46894 -0.91545 -0.20763
v 0.46899 -0.91037 -0.19394
v 0.46308 -0.90025 -0.19880
v 0.46725 -0.90500 -0.18888
v 0.46325 -0.89322 -0.18302
v 0.46727 -0.90319 -0.18154
v 0.46438 -0.89400 -0.17345
v 0.45954 -0.89602 -0.20210
v 0.46867 -0.91141 -0.18743
v 0.46974 -0.91483 -0.19502
v 0.47079 -0.91227 -0.18706
v 0.46852 -0.91022 -0.18429
v 0.45579 -0.88182 -0.16540
v 0.45794 -0.88610 -0.18360
v 0.45699 -0.88175 -0.15477
v 0.45954 -0.89587 -0.19600
v 0.45508 -0.89753 -0.20853
v 0.45737 -0.90654 -0.21470
v 0.11833 -0.00615 -0.11439
v 0.11700 -0.00526 -0.11056
v 0.11478 -0.00671 -0.11434
v 0.11238 -0.00339 -0.11135
v 0.11202 -0.00416 -0.11460
v 0.11054 0.00347 -0.11381
v 0.11331 0.00189 -0.10838
v 0.11695 -0.00000 -0.10808
v 0.47148 -0.93858 -0.22275
v 0.46772 -0.93781 -0.22305
v 0.47100 -0.93596 -0.22528
v 0.46706 -0.93230 -0.22520
v 0.46173 -0.93235 -0.21939
v 0.45588 -0.92096 -0.21913
v 0.44868 -0.92038 -0.21109
v 0.44386 -0.91087 -0.20848
v 0.44278 -0.91726 -0.20284
v 0.44349 -0.92579 -0.19919
v 0.43856 -0.92359 -0.19520
v 0.44234 -0.93373 -0.19140
v 0.43800 -0.93000 -0.18856
v 0.43364 -0.91851 -0.18920
v 0.43359 -0.92318 -0.18079
v 0.43997 -0.93399 -0.18369
v 0.44935 -0.93301 -0.19587
v 0.45064 -0.92496 -0.20523
v 0.45558 -0.92654 -0.20929
v 0.44675 -0.93816 -0.18840
v 0.45962 -0.91940 -0.22110
v 0.43660 -0.92614 -0.17615
v 0.42980 -0.91208 -0.17279
v 0.43510 -0.91592 -0.16191
v 0.42962 -0.90952 -0.16124
v 0.43493 -0.91835 -0.15270
v 0.42558 -0.90966 -0.15125
v 0.42795 -0.92380 -0.14257
v 0.41442 -0.91323 -0.13780
v 0.41699 -0.92447 -0.13304
v 0.42261 -0.92906 -0.13415
v 0.44193 -0.92097 -0.15789
v 0.44380 -0.92176 -0.16370
v 0.44994 -0.92502 -0.15700
v 0.44940 -0.92967 -0.14403
v 0.45141 -0.92383 -0.16799
v 0.45094 -0.93012 -0.17756
v 0.44231 -0.92466 -0.16964
v 0.44389 -0.93281 -0.17865
v 0.45024 -0.93772 -0.18535
v 0.25490 -0.06585 0.10920
v 0.25274 -0.06616 0.11312
v 0.25174 -0.06739 0.11035
v 0.25559 -0.06428 0.11131
v 0.24899 -0.06616 0.11416
v 0.25119 -0.06642 0.10776
v 0.24839 -0.06631 0.10988
v 0.24489 -0.06427 0.11380
v 0.24341 -0.06310 0.11155
v 0.24101 -0.05860 0.11539
v 0.23904 -0.05704 0.11337
v 0.23803 -0.04869 0.11817
v 0.23521 -0.03525 0.12114
v 0.23905 -0.03753 0.12401
v 0.23490 -0.01687 0.12774
v 0.24374 -0.05666 0.11867
v 0.24722 -0.06229 0.11682
v 0.24552 -0.05270 0.12040
v 0.23772 -0.01959 0.12779
v 0.23277 0.00230 0.13155
v 0.23001 0.00324 0.12981
v 0.23200 -0.01166 0.12485
v 0.29386 -0.04621 -0.01041
v 0.29552 -0.04384 -0.00748
v 0.29317 -0.04567 -0.00779
v 0.29258 -0.03611 -0.00405
v 0.29621 -0.05882 -0.01500
v 0.30080 -0.05988 -0.00825
v 0.29712 -0.05005 -0.00907
v 0.29414 -0.05563 -0.01686
v 0.29982 -0.06588 -0.01308
v 0.29451 -0.06308 -0.01966
v 0.30322 -0.06619 -0.00833
v 0.29762 -0.06508 -0.01737
v 0.29499 -0.06490 -0.01918
v 0.30564 -0.06302 -0.00638
v 0.30232 -0.05187 -0.00781
v 0.29476 -0.06382 -0.02234
v 0.30239 -0.04472 -0.00683
v 0.29607 -0.03499 -0.00298
v 0.13334 -0.02410 -0.10219
v 0.13428 -0.00114 -0.10355
v 0.12834 -0.02537 -0.10350
v 0.13347 -0.03327 -0.10256
v 0.12831 -0.03760 -0.10234
v 0.12402 -0.03565 -0.10368
v 0.12388 -0.04261 -0.10458
v 0.13066 -0.00052 -0.10600
v 0.13101 -0.04167 -0.10396
v 0.00120 -0.01168 -0.11610
v 0.00469 0.00558 -0.11393
v 0.00271 -0.00459 -0.11278
v 0.48889 -0.90600 -0.19406
v 0.48443 -0.90755 -0.19122
v 0.48923 -0.90687 -0.18873
v 0.48227 -0.90979 -0.19404
v 0.29200 -0.05356 -0.03366
v 0.28972 -0.05293 -0.03200
v 0.28952 -0.04965 -0.03701
v 0.29056 -0.05767 -0.03094
v 0.24968 -0.02295 0.10783
v 0.24776 -0.02465 0.11306
v 0.25020 -0.01275 0.11194
v 0.24786 -0.02581 0.11052
v 0.24442 -0.02576 0.11409
v 0.24369 -0.02718 0.11002
v 0.24855 -0.03005 0.10783
v 0.25174 -0.03099 0.10680
v 0.25153 -0.01210 0.10518
v 0.24673 -0.03938 0.10778
v 0.25059 -0.04795 0.10662
v 0.24503 -0.05641 0.10844
v 0.23894 -0.04710 0.11130
v 0.24382 -0.06144 0.10973
v 0.23904 -0.05704 0.11337
v 0.24341 -0.06310 0.11155
v 0.24839 -0.06631 0.10988
v 0.25119 -0.06642 0.10776
v 0.25059 -0.06146 0.10637
v 0.23615 -0.04522 0.11519
v 0.23803 -0.04869 0.11817
v 0.23521 -0.03525 0.12114
v 0.23235 -0.01778 0.12105
v 0.23200 -0.01166 0.12485
v 0.23567 -0.03741 0.11386
v 0.23494 -0.02106 0.11680
v 0.23362 -0.00214 0.11957
v 0.23934 -0.01693 0.11435
v 0.23781 0.00473 0.11754
v 0.24195 -0.02443 0.11302
v 0.22880 0.00430 0.12553
v 0.23001 0.00324 0.12981
v 0.24032 -0.03041 0.11063
v 0.24369 -0.02718 0.11002
v 0.24032 -0.03041 0.11063
v 0.24195 -0.02443 0.11302
v 0.24968 -0.02295 0.10783
v 0.24859 -0.01346 0.10920
v 0.25153 -0.01210 0.10518
v 0.24975 -0.00944 0.10610
v 0.24897 -0.00269 0.10805
v 0.24927 0.01547 0.10351
v 0.30359 -0.06382 -0.01691
v 0.29818 -0.06447 -0.02070
v 0.29535 -0.06254 -0.02562
v 0.30142 -0.06731 -0.01441
v 0.29506 -0.05811 -0.02943
v 0.29751 -0.05423 -0.02777
v 0.30153 -0.05030 -0.02114
v 0.29200 -0.05356 -0.03366
v 0.29303 -0.04205 -0.03320
v 0.30824 -0.05867 -0.01331
v 0.30874 -0.06299 -0.01087
v 0.30582 -0.06670 -0.01007
v 0.29466 -0.03536 -0.02152
v 0.30199 -0.04076 -0.01013
v 0.28871 -0.02978 -0.03436
v 0.29009 -0.03117 -0.04281
v 0.28624 -0.01968 -0.04782
v 0.28747 -0.02409 -0.04951
v 0.28246 -0.01281 -0.04518
v 0.30577 -0.05035 -0.00911
v 0.29477 -0.02634 -0.01079
v 0.29596 -0.02424 -0.00520
v 0.28832 -0.02064 -0.02493
v 0.28976 -0.03943 -0.04165
v 0.29056 -0.05767 -0.03094
v 0.28295 -0.01487 -0.05459
v 0.29199 -0.01461 -0.01064
v 0.29000 0.00196 -0.00481
v 0.28808 0.00575 -0.01097
v 0.28490 -0.00792 -0.02908
v 0.28188 0.00366 -0.03726
v 0.28151 -0.02219 -0.05335
v 0.28189 -0.03229 -0.04753
v 0.28516 -0.04530 -0.04025
v 0.29190 -0.06281 -0.02748
v 0.27988 -0.00326 -0.05499
v 0.29772 -0.03117 -0.00354
v 0.28952 -0.04965 -0.03701
v 0.28200 0.00041 -0.04392
v 0.28745 -0.05474 -0.03652
v 0.27901 -0.01476 -0.05744
v 0.28295 -0.01487 -0.05459
v 0.27901 -0.01476 -0.05744
v 0.27637 0.00155 -0.05832
v 0.27988 -0.00326 -0.05499
v 0.18823 -0.03962 0.07271
v 0.17646 -0.03056 0.07228
v 0.17665 -0.01927 0.07550
v 0.18439 -0.05164 0.06835
v 0.18778 -0.01683 0.07802
v 0.17710 -0.00004 0.07981
v 0.16733 0.00663 0.07922
v 0.19825 -0.05618 0.06904
v 0.19989 -0.08328 0.06074
v 0.19131 -0.07063 0.06347
v 0.19759 -0.02823 0.07603
v 0.20840 -0.06957 0.06529
v 0.21352 -0.09178 0.05891
v 0.20712 -0.10678 0.05398
v 0.22163 -0.11059 0.05418
v 0.21754 -0.12987 0.04939
v 0.23753 -0.13088 0.05112
v 0.23003 -0.14959 0.04663
v 0.24313 -0.15924 0.04565
v 0.22795 -0.17147 0.04069
v 0.25972 -0.13871 0.05309
v 0.23718 -0.19045 0.03835
v 0.22885 -0.20451 0.03487
v 0.23996 -0.21073 0.03509
v 0.18943 0.00578 0.08146
v 0.20765 -0.04103 0.07262
v 0.22121 -0.05199 0.06983
v 0.25309 -0.21140 0.03684
v 0.23652 -0.10274 0.05570
v 0.22684 -0.09387 0.05697
v 0.22355 -0.07409 0.06271
v 0.21019 -0.01924 0.07728
v 0.24552 -0.08774 0.06129
v 0.23066 -0.03299 0.07648
v 0.21990 -0.00595 0.08043
v 0.23653 -0.01663 0.08030
v 0.23989 -0.04404 0.07400
v 0.23817 -0.06089 0.06874
v 0.22977 0.00940 0.08423
v 0.24411 -0.03573 0.07533
v 0.20358 0.00381 0.08019
v 0.25152 -0.06488 0.06723
v 0.25797 -0.09058 0.06037
v 0.24727 -0.11097 0.05609
v 0.26141 -0.11259 0.05715
v 0.27076 -0.12740 0.05528
v 0.24250 -0.22496 0.03365
v 0.23127 -0.22650 0.03264
v 0.25527 -0.15928 0.04801
v 0.25193 -0.18315 0.04287
v 0.27380 -0.15029 0.05423
v 0.25258 -0.23479 0.03470
v 0.22266 -0.15365 0.04380
v 0.23891 -0.24416 0.03298
v 0.26478 -0.22533 0.03842
v 0.26665 -0.21673 0.04042
v 0.26082 -0.20002 0.04245
v 0.26039 -0.17860 0.04699
v 0.27308 -0.16462 0.05403
v 0.28060 -0.15478 0.05423
v 0.27634 -0.13514 0.05336
v 0.19549 -0.08768 0.05714
v 0.31898 -0.30774 0.10317
v 0.32732 -0.32513 0.10884
v 0.31201 -0.31546 0.10462
v 0.32721 -0.35087 0.11629
v 0.30752 -0.34268 0.11042
v 0.32295 -0.36851 0.11941
v 0.33558 -0.37845 0.12317
v 0.33859 -0.35906 0.11895
v 0.31200 -0.28534 0.09456
v 0.29882 -0.29468 0.09521
v 0.29684 -0.31406 0.10041
v 0.29057 -0.27742 0.08673
v 0.30474 -0.26393 0.08566
v 0.30446 -0.38028 0.11664
v 0.32107 -0.39777 0.12326
v 0.30020 -0.40262 0.11879
v 0.30958 -0.42650 0.12382
v 0.34318 -0.40986 0.12850
v 0.33925 -0.42638 0.12906
v 0.32441 -0.43378 0.12626
v 0.31178 -0.45256 0.12583
v 0.31844 -0.27946 0.09217
v 0.30732 -0.24528 0.07894
v 0.30165 -0.24837 0.07985
v 0.29611 -0.23138 0.07231
v 0.29790 -0.21771 0.06726
v 0.29181 -0.21332 0.06540
v 0.29446 -0.19618 0.06034
v 0.28902 -0.19839 0.06139
v 0.28508 -0.20171 0.06123
v 0.28143 -0.18521 0.05938
v 0.28479 -0.17441 0.05755
v 0.27308 -0.16462 0.05403
v 0.28060 -0.15478 0.05423
v 0.37620 -0.60895 0.12023
v 0.37104 -0.61981 0.11962
v 0.36540 -0.59027 0.12112
v 0.38169 -0.62756 0.11916
v 0.37521 -0.64556 0.11812
v 0.38736 -0.65142 0.11768
v 0.37758 -0.57734 0.12104
v 0.36476 -0.56713 0.12175
v 0.37696 -0.54967 0.12212
v 0.38230 -0.66741 0.11762
v 0.36169 -0.54543 0.12204
v 0.39086 -0.68679 0.11737
v 0.37531 -0.53453 0.12282
v 0.36131 -0.51817 0.12357
v 0.34119 -0.52633 0.12215
v 0.35338 -0.56600 0.12111
v 0.34353 -0.54312 0.12100
v 0.32861 -0.52871 0.12215
v 0.34586 -0.50108 0.12478
v 0.38370 -0.68620 0.11781
v 0.38910 -0.71138 0.11799
v 0.33244 -0.50913 0.12482
v 0.33333 -0.48992 0.12631
v 0.34313 -0.47489 0.12762
v 0.32889 -0.46220 0.12724
v 0.34045 -0.45117 0.12892
v 0.31985 -0.47553 0.12769
v 0.38553 -0.53647 0.12176
v 0.32365 -0.49552 0.12736
v 0.38440 -0.59761 0.11944
v 0.32189 -0.51040 0.12550
v 0.31469 -0.49779 0.12621
v 0.37580 -0.51228 0.12651
v 0.38386 -0.50836 0.12674
v 0.31095 -0.47724 0.12591
v 0.38670 -0.56802 0.11926
v 0.36184 -0.60957 0.11888
v 0.35484 -0.58530 0.11970
v 0.37806 -0.49189 0.13105
v 0.36948 -0.49351 0.13125
v 0.36744 -0.47717 0.13323
v 0.35898 -0.49412 0.12802
v 0.38247 -0.70756 0.11664
v 0.38748 -0.73347 0.11715
v 0.39378 -0.74700 0.11713
v 0.39027 -0.75524 0.11708
v 0.39541 -0.77573 0.11611
v 0.37588 -0.47412 0.13190
v 0.35634 -0.45151 0.13280
v 0.35386 -0.46711 0.13114
v 0.35830 -0.43732 0.13179
v 0.37300 -0.45595 0.13109
v 0.36532 -0.63631 0.11594
v 0.32092 -0.52632 0.12149
v 0.31618 -0.51417 0.12322
v 0.35631 -0.41806 0.12892
v 0.34687 -0.38645 0.12441
v 0.38891 -0.62347 0.11764
v 0.39462 -0.71725 0.11675
v 0.37096 -0.65979 0.11495
v 0.37684 -0.68227 0.11509
v 0.33184 -0.54340 0.11757
v 0.33932 -0.56570 0.11502
v 0.38343 -0.49175 0.12944
v 0.40091 -0.76946 0.11387
v 0.40319 -0.80416 0.11250
v 0.39960 -0.80577 0.11314
v 0.39298 -0.78669 0.11415
v 0.40564 -0.83301 0.11038
v 0.40102 -0.82991 0.10967
v 0.40175 -0.84641 0.10892
v 0.38621 -0.75778 0.11376
v 0.40739 -0.85375 0.11174
v 0.40353 -0.87040 0.11441
v 0.41300 -0.87306 0.11589
v 0.40810 -0.88333 0.11854
v 0.41956 -0.88676 0.11876
v 0.40005 -0.89172 0.11747
v 0.40734 -0.89205 0.12006
v 0.41612 -0.89197 0.12073
v 0.41254 -0.90237 0.11906
v 0.42305 -0.89686 0.11921
v 0.42305 -0.90868 0.11747
v 0.40246 -0.89935 0.11735
v 0.40774 -0.91018 0.11664
v 0.39812 -0.74398 0.11496
v 0.39911 -0.91088 0.11185
v 0.39687 -0.90157 0.11329
v 0.39572 -0.80861 0.10937
v 0.53221 -0.91801 -0.16951
v 0.52783 -0.91258 -0.16668
v 0.53573 -0.91039 -0.16817
v 0.52407 -0.91568 -0.16609
v 0.52175 -0.91202 -0.16317
v 0.53058 -0.90639 -0.16272
v 0.52311 -0.90310 -0.16017
v 0.51742 -0.90767 -0.16088
v 0.53361 -0.90297 -0.16057
v 0.53891 -0.90722 -0.16471
v 0.51575 -0.90121 -0.15953
v 0.52196 -0.89674 -0.15825
v 0.53107 -0.89685 -0.15970
v 0.53116 -0.89236 -0.15837
v 0.54208 -0.91370 -0.16861
v 0.54027 -0.92154 -0.16979
v 0.52586 -0.92403 -0.16601
v 0.52228 -0.92027 -0.16680
v 0.51710 -0.92331 -0.16823
v 0.51982 -0.92957 -0.16927
v 0.52773 -0.93028 -0.16653
v 0.53335 -0.92594 -0.16689
v 0.51461 -0.93062 -0.17179
v 0.51098 -0.92521 -0.17043
v 0.51678 -0.93331 -0.17278
v 0.53519 -0.89823 -0.15807
v 0.54014 -0.90711 -0.15952
v 0.52283 -0.93529 -0.16798
v 0.50935 -0.92944 -0.17438
v 0.50620 -0.92232 -0.17056
v 0.54478 -0.91841 -0.16736
v 0.53146 -0.93316 -0.16469
v 0.53756 -0.92836 -0.16338
v 0.54452 -0.91194 -0.16426
v 0.54311 -0.92307 -0.16663
v 0.49501 -0.93180 -0.18895
v 0.50334 -0.92810 -0.18499
v 0.49655 -0.93463 -0.18522
v 0.50266 -0.93186 -0.18349
v 0.48754 -0.93400 -0.19041
v 0.48735 -0.92892 -0.19333
v 0.50798 -0.93462 -0.18046
v 0.51170 -0.92673 -0.18134
v 0.51389 -0.93643 -0.17613
v 0.49263 -0.92781 -0.19240
v 0.50709 -0.91946 -0.18382
v 0.51570 -0.92933 -0.17622
v 0.51580 -0.92525 -0.17759
v 0.51678 -0.93331 -0.17278
v 0.51444 -0.92168 -0.18611
v 0.48254 -0.92598 -0.19393
v 0.47939 -0.93110 -0.19064
v 0.48302 -0.93551 -0.18842
v 0.51433 -0.93767 -0.17120
v 0.52283 -0.93529 -0.16798
v 0.49321 -0.92663 -0.19722
v 0.48756 -0.92446 -0.19938
v 0.49317 -0.91896 -0.20194
v 0.49751 -0.92149 -0.19840
v 0.49838 -0.92370 -0.19118
v 0.49709 -0.92638 -0.18811
v 0.48719 -0.91625 -0.20254
v 0.49023 -0.91360 -0.20239
v 0.51790 -0.92430 -0.18135
v 0.51997 -0.92101 -0.18561
v 0.52464 -0.92104 -0.18175
v 0.52176 -0.92311 -0.17817
v 0.48427 -0.92111 -0.19934
v 0.51741 -0.92378 -0.17280
v 0.54653 -0.92058 -0.12230
v 0.53683 -0.92213 -0.12438
v 0.54396 -0.92646 -0.12931
v 0.55473 -0.92397 -0.13242
v 0.55140 -0.92904 -0.13384
v 0.54727 -0.93118 -0.13553
v 0.54946 -0.93222 -0.14081
v 0.55451 -0.93016 -0.14024
v 0.55707 -0.92635 -0.14489
v 0.55163 -0.93114 -0.14724
v 0.51121 -0.90962 -0.04061
v 0.50433 -0.90315 -0.02404
v 0.50031 -0.91014 -0.02174
v 0.48736 -0.90328 0.00346
v 0.48854 -0.91332 -0.00759
v 0.47853 -0.90904 0.01161
v 0.50339 -0.91701 -0.03483
v 0.52259 -0.91211 -0.05829
v 0.47179 -0.90359 0.03085
v 0.46766 -0.91120 0.02908
v 0.52031 -0.92218 -0.07010
v 0.52237 -0.90164 -0.05333
v 0.52910 -0.90232 -0.06219
v 0.53552 -0.91205 -0.08127
v 0.52637 -0.91715 -0.06808
v 0.53601 -0.91917 -0.08999
v 0.54578 -0.91573 -0.10927
v 0.54594 -0.90857 -0.10341
v 0.55296 -0.91217 -0.12344
v 0.54049 -0.92183 -0.10861
v 0.46447 -0.90758 0.05040
v 0.46084 -0.91416 0.04779
v 0.55703 -0.91961 -0.13357
v 0.55869 -0.92531 -0.14035
v 0.53276 -0.92402 -0.09368
v 0.46919 -0.89809 0.04361
v 0.47752 -0.89340 0.02341
v 0.49012 -0.89502 0.00122
v 0.53485 -0.90388 -0.07723
v 0.51227 -0.89684 -0.03949
v 0.46291 -0.90652 0.07388
v 0.45965 -0.91345 0.07375
v 0.45930 -0.90858 0.08862
v 0.45382 -0.91774 0.08899
v 0.45275 -0.91186 0.10018
v 0.44936 -0.92360 0.08705
v 0.44284 -0.91988 0.10317
v 0.44397 -0.91238 0.11127
v 0.45388 -0.92095 0.06597
v 0.46851 -0.91502 0.01674
v 0.48322 -0.91765 -0.00961
v 0.43721 -0.92670 0.09764
v 0.45689 -0.91724 0.03417
v 0.55893 -0.91877 -0.14288
v 0.44598 -0.92691 0.07989
v 0.52379 -0.92733 -0.09181
v 0.49923 -0.92219 -0.04160
v 0.53091 -0.92682 -0.10176
v 0.50884 -0.92579 -0.06671
v 0.54408 -0.92355 -0.15932
v 0.54241 -0.92432 -0.15226
v 0.53720 -0.92937 -0.15210
v 0.53667 -0.93175 -0.15834
v 0.54517 -0.92019 -0.15360
v 0.54629 -0.91848 -0.16222
v 0.54311 -0.92307 -0.16663
v 0.53756 -0.92836 -0.16338
v 0.54299 -0.92544 -0.14935
v 0.53146 -0.93316 -0.16469
v 0.54478 -0.91841 -0.16736
v 0.53602 -0.92654 -0.14719
v 0.55429 -0.92379 -0.15035
v 0.54873 -0.92548 -0.15114
v 0.54912 -0.91460 -0.15291
v 0.54566 -0.91565 -0.15421
v 0.54517 -0.92019 -0.15360
v 0.55519 -0.91475 -0.15011
v 0.55163 -0.93114 -0.14724
v 0.55707 -0.92635 -0.14489
v 0.54586 -0.92984 -0.14753
v 0.54299 -0.92544 -0.14935
v 0.55893 -0.91877 -0.14288
v 0.49382 -0.92730 -0.09129
v 0.48637 -0.92510 -0.05777
v 0.47058 -0.92583 -0.07253
v 0.50884 -0.92579 -0.06671
v 0.51606 -0.92839 -0.09001
v 0.46405 -0.92392 -0.05330
v 0.46452 -0.92131 -0.02719
v 0.48289 -0.92270 -0.03036
v 0.47491 -0.92005 -0.01103
v 0.45414 -0.91840 0.00380
v 0.47501 -0.92941 -0.10625
v 0.45842 -0.91811 0.01790
v 0.49923 -0.92219 -0.04160
v 0.50797 -0.93101 -0.10896
v 0.49186 -0.93119 -0.12302
v 0.51038 -0.93177 -0.11955
v 0.52242 -0.92982 -0.10619
v 0.44458 -0.91860 0.02241
v 0.45689 -0.91724 0.03417
v 0.47531 -0.93276 -0.12404
v 0.47283 -0.93436 -0.14034
v 0.45788 -0.93500 -0.12597
v 0.48718 -0.93254 -0.14172
v 0.45641 -0.92807 -0.07287
v 0.44378 -0.92400 -0.05875
v 0.50638 -0.92940 -0.13355
v 0.51968 -0.92960 -0.11997
v 0.52379 -0.92733 -0.09181
v 0.45727 -0.93253 -0.09594
v 0.44368 -0.91979 -0.04652
v 0.44778 -0.91845 -0.03270
v 0.45083 -0.93678 -0.11201
v 0.48322 -0.91765 -0.00961
v 0.43739 -0.93880 -0.11929
v 0.43386 -0.93839 -0.09716
v 0.42703 -0.93849 -0.10592
v 0.44036 -0.93339 -0.08086
v 0.44567 -0.93772 -0.10130
v 0.53091 -0.92682 -0.10176
v 0.43088 -0.93488 -0.08678
v 0.46851 -0.91502 0.01674
v 0.45138 -0.93368 -0.13320
v 0.43945 -0.92293 0.04342
v 0.44990 -0.92051 0.04723
v 0.53362 -0.92524 -0.11346
v 0.44180 -0.91574 -0.01198
v 0.42914 -0.91401 0.01359
v 0.42678 -0.91945 0.03101
v 0.43031 -0.91689 -0.05256
v 0.44590 -0.92526 0.06460
v 0.43249 -0.92991 0.06651
v 0.43690 -0.93009 0.08197
v 0.44598 -0.92691 0.07989
v 0.42649 -0.93222 0.08068
v 0.42877 -0.92947 0.09520
v 0.41048 -0.93048 0.09260
v 0.41758 -0.93214 0.06977
v 0.40385 -0.93115 0.06987
v 0.39580 -0.92969 0.08278
v 0.43721 -0.92670 0.09764
v 0.42064 -0.92625 0.10641
v 0.40924 -0.92609 0.10485
v 0.41930 -0.92698 0.05219
v 0.44936 -0.92360 0.08705
v 0.43010 -0.92421 0.10701
v 0.39889 -0.92672 0.09781
v 0.54049 -0.92183 -0.10861
v 0.54653 -0.92058 -0.12230
v 0.53683 -0.92213 -0.12438
v 0.48443 -0.92978 -0.15029
v 0.46084 -0.91416 0.04779
v 0.46766 -0.91120 0.02908
v 0.40174 -0.92548 0.05351
v 0.45388 -0.92095 0.06597
v 0.42890 -0.93483 -0.12769
v 0.41989 -0.93563 -0.11476
v 0.44940 -0.92967 -0.14403
v 0.46099 -0.92956 -0.15166
v 0.53226 -0.92078 -0.12575
v 0.53378 -0.92009 -0.12932
v 0.42659 -0.91002 -0.03823
v 0.43935 -0.92728 -0.14413
v 0.38965 -0.92573 0.06930
v 0.39186 -0.92289 0.05526
v 0.42979 -0.92757 -0.07397
v 0.38830 -0.92617 0.07876
v 0.44994 -0.92502 -0.15700
v 0.52368 -0.92507 -0.12701
v 0.42629 -0.90896 -0.01699
v 0.42300 -0.90815 0.00227
v 0.42213 -0.93184 -0.09180
v 0.40729 -0.91252 0.02884
v 0.49848 -0.92622 -0.14516
v 0.41851 -0.93189 -0.12457
v 0.41502 -0.90902 0.01759
v 0.44193 -0.92097 -0.15789
v 0.45805 -0.92313 -0.16218
v 0.45141 -0.92383 -0.16799
v 0.45882 -0.91951 -0.16964
v 0.41528 -0.93135 -0.10542
v 0.39432 -0.91573 0.04238
v 0.47433 -0.92411 -0.15777
v 0.42261 -0.92906 -0.13415
v 0.39829 -0.91740 0.11174
v 0.51711 -0.92241 -0.13687
v 0.44284 -0.91988 0.10317
v 0.42378 -0.92013 0.11318
v 0.40995 -0.91629 0.11761
v 0.41914 -0.90395 -0.02108
v 0.42133 -0.91329 0.12086
v 0.42795 -0.92380 -0.14257
v 0.41161 -0.89970 0.00370
v 0.46417 -0.91725 -0.16470
v 0.42132 -0.91935 -0.06950
v 0.43514 -0.91355 0.11641
v 0.44397 -0.91238 0.11127
v 0.39733 -0.91284 0.11637
v 0.42032 -0.90794 -0.05105
v 0.51031 -0.92175 -0.14099
v 0.51460 -0.91925 -0.14297
v 0.41556 -0.89971 -0.04525
v 0.49355 -0.92123 -0.15485
v 0.49042 -0.91686 -0.15943
v 0.49684 -0.91767 -0.15927
v 0.49290 -0.91472 -0.16265
v 0.49936 -0.91654 -0.15363
v 0.43493 -0.91835 -0.15270
v 0.53727 -0.92404 -0.13286
v 0.54396 -0.92646 -0.12931
v 0.54727 -0.93118 -0.13553
v 0.54223 -0.92950 -0.13942
v 0.54946 -0.93222 -0.14081
v 0.54586 -0.92984 -0.14753
v 0.55163 -0.93114 -0.14724
v 0.40671 -0.91103 0.12164
v 0.53860 -0.92466 -0.14376
v 0.51963 -0.91988 -0.13773
v 0.51846 -0.92158 -0.14237
v 0.52410 -0.92114 -0.14021
v 0.52410 -0.92668 -0.14907
v 0.52840 -0.92737 -0.14725
v 0.53037 -0.93361 -0.15809
v 0.53720 -0.92937 -0.15210
v 0.53602 -0.92654 -0.14719
v 0.53667 -0.93175 -0.15834
v 0.53146 -0.93316 -0.16469
v 0.52283 -0.93529 -0.16798
v 0.53317 -0.91864 -0.13756
v 0.53024 -0.91551 -0.13167
v 0.54299 -0.92544 -0.14935
v 0.52669 -0.91765 -0.13666
v 0.52594 -0.91926 -0.13129
v 0.49026 -0.91036 -0.16618
v 0.48263 -0.91217 -0.16337
v 0.50345 -0.91645 -0.14843
v 0.50806 -0.91089 -0.15088
v 0.50936 -0.91483 -0.14547
v 0.47183 -0.91522 -0.16493
v 0.47851 -0.91581 -0.16208
v 0.47755 -0.91505 -0.16583
v 0.47382 -0.91666 -0.16786
v 0.46574 -0.91254 -0.16637
v 0.52170 -0.93520 -0.16525
v 0.52542 -0.92825 -0.16023
v 0.52130 -0.92522 -0.16246
v 0.52348 -0.91662 -0.16081
v 0.51212 -0.92895 -0.16509
v 0.51126 -0.93602 -0.17064
v 0.50330 -0.92594 -0.16764
v 0.51459 -0.92160 -0.16099
v 0.50228 -0.91796 -0.15823
v 0.50868 -0.91459 -0.15606
v 0.51357 -0.91352 -0.15528
v 0.50522 -0.93476 -0.17669
v 0.51433 -0.93767 -0.17120
v 0.49972 -0.92694 -0.17748
v 0.50178 -0.93254 -0.18063
v 0.49390 -0.92368 -0.17725
v 0.49244 -0.93403 -0.18297
v 0.49413 -0.91548 -0.17361
v 0.49576 -0.91705 -0.16925
v 0.48380 -0.92668 -0.17784
v 0.47995 -0.93095 -0.18283
v 0.47481 -0.92126 -0.17749
v 0.48302 -0.93551 -0.18842
v 0.47843 -0.93238 -0.18690
v 0.46851 -0.91438 -0.17104
v 0.47350 -0.92237 -0.18230
v 0.48766 -0.91604 -0.17007
v 0.46544 -0.91305 -0.17398
v 0.46785 -0.91369 -0.18253
v 0.50798 -0.93462 -0.18046
v 0.51389 -0.93643 -0.17613
v 0.50266 -0.93186 -0.18349
v 0.49655 -0.93463 -0.18522
v 0.48754 -0.93400 -0.19041
v 0.51461 -0.93062 -0.17179
v 0.51471 -0.92778 -0.17349
v 0.50910 -0.92588 -0.17479
v 0.50935 -0.92944 -0.17438
v 0.50910 -0.92588 -0.17479
v 0.50620 -0.92232 -0.17056
v 0.50935 -0.92944 -0.17438
v 0.51570 -0.92933 -0.17622
v 0.51471 -0.92778 -0.17349
v 0.51678 -0.93331 -0.17278
v 0.51461 -0.93062 -0.17179
v 0.52230 -0.91837 -0.17009
v 0.51710 -0.92331 -0.16823
v 0.51741 -0.92378 -0.17280
v 0.52503 -0.91694 -0.17560
v 0.52176 -0.92311 -0.17817
v 0.52464 -0.92104 -0.18175
v 0.51098 -0.92521 -0.17043
v 0.51471 -0.92778 -0.17349
v 0.51570 -0.92933 -0.17622
v 0.51471 -0.92778 -0.17349
v 0.51098 -0.92521 -0.17043
v 0.50910 -0.92588 -0.17479
v 0.50620 -0.92232 -0.17056
v 0.52130 -0.92522 -0.16246
v 0.52348 -0.91662 -0.16081
v 0.51887 -0.91554 -0.15999
v 0.51459 -0.92160 -0.16099
v 0.51357 -0.91352 -0.15528
v 0.52175 -0.91202 -0.16317
v 0.53381 -0.89880 -0.14993
v 0.53071 -0.89551 -0.15351
v 0.53425 -0.90415 -0.15267
v 0.52992 -0.90203 -0.15587
v 0.53223 -0.90926 -0.15584
v 0.53733 -0.91561 -0.15138
v 0.53333 -0.92178 -0.15342
v 0.53180 -0.91570 -0.15330
v 0.53596 -0.92358 -0.15210
v 0.53024 -0.92502 -0.15489
v 0.52689 -0.91801 -0.15317
v 0.52446 -0.91423 -0.15392
v 0.52705 -0.91234 -0.15645
v 0.52508 -0.90486 -0.15596
v 0.52292 -0.91323 -0.15811
v 0.51799 -0.89498 -0.14833
v 0.50825 -0.89858 -0.14540
v 0.51262 -0.90376 -0.15108
v 0.51975 -0.90219 -0.15426
v 0.50368 -0.89143 -0.14183
v 0.50390 -0.89950 -0.14392
v 0.50725 -0.88456 -0.13688
v 0.51927 -0.91110 -0.15630
v 0.51887 -0.91554 -0.15999
v 0.52785 -0.89259 -0.14705
v 0.50026 -0.88418 -0.13748
v 0.52033 -0.88498 -0.13790
v 0.51329 -0.88059 -0.13317
v 0.50420 -0.87987 -0.12933
v 0.49354 -0.87782 -0.12240
v 0.49386 -0.87819 -0.13324
v 0.50599 -0.90691 -0.14396
v 0.51065 -0.90583 -0.14691
v 0.50241 -0.89447 -0.14561
v 0.52175 -0.91202 -0.16317
v 0.52292 -0.91323 -0.15811
v 0.51887 -0.91554 -0.15999
v 0.53349 -0.91666 -0.14405
v 0.52638 -0.91826 -0.14393
v 0.52528 -0.91014 -0.13431
v 0.53596 -0.92358 -0.15210
v 0.51957 -0.91343 -0.13762
v 0.53024 -0.92502 -0.15489
v 0.52342 -0.92049 -0.14889
v 0.52895 -0.90802 -0.13432
v 0.51320 -0.91178 -0.14264
v 0.52688 -0.90817 -0.12898
v 0.51802 -0.91372 -0.14915
v 0.51065 -0.90583 -0.14691
v 0.52705 -0.91234 -0.15645
v 0.52292 -0.91323 -0.15811
v 0.52446 -0.91423 -0.15392
v 0.52118 -0.91449 -0.15591
v 0.53180 -0.91570 -0.15330
v 0.51844 -0.91321 -0.15396
v 0.51802 -0.91372 -0.14915
v 0.52689 -0.91801 -0.15317
v 0.53024 -0.92502 -0.15489
v 0.51927 -0.91110 -0.15630
v 0.51262 -0.90376 -0.15108
v 0.51802 -0.91372 -0.14915
v 0.51065 -0.90583 -0.14691
v 0.50825 -0.89858 -0.14540
v 0.51980 -0.91743 -0.15511
v 0.51357 -0.91352 -0.15528
v 0.51844 -0.91321 -0.15396
v 0.52330 -0.92538 -0.15593
v 0.51393 -0.91675 -0.14910
v 0.51980 -0.91743 -0.15511
v 0.52542 -0.92825 -0.16023
v 0.52348 -0.91662 -0.16081
v 0.53037 -0.93361 -0.15809
v 0.51357 -0.91352 -0.15528
v 0.50806 -0.91089 -0.15088
v 0.50936 -0.91483 -0.14547
v 0.51460 -0.91925 -0.14297
v 0.51704 -0.92159 -0.14801
v 0.52292 -0.91323 -0.15811
v 0.52118 -0.91449 -0.15591
v 0.51844 -0.91321 -0.15396
v 0.52175 -0.91202 -0.16317
v 0.52410 -0.92668 -0.14907
v 0.51846 -0.92158 -0.14237
v 0.51711 -0.92241 -0.13687
v 0.51675 -0.90156 -0.16669
v 0.51385 -0.89406 -0.16455
v 0.51575 -0.90121 -0.15953
v 0.51742 -0.90767 -0.16088
v 0.51525 -0.89883 -0.17487
v 0.51580 -0.90515 -0.17663
v 0.51104 -0.89186 -0.17622
v 0.50964 -0.88918 -0.17086
v 0.50616 -0.88502 -0.15872
v 0.50892 -0.89244 -0.15182
v 0.50916 -0.89123 -0.15592
v 0.50246 -0.87919 -0.14292
v 0.50296 -0.88133 -0.15795
v 0.50506 -0.88234 -0.14159
v 0.50337 -0.87527 -0.12969
v 0.49787 -0.87499 -0.14275
v 0.49651 -0.87399 -0.12617
v 0.52175 -0.91202 -0.16317
v 0.52009 -0.90699 -0.17090
v 0.52347 -0.91252 -0.16846
v 0.52407 -0.91568 -0.16609
v 0.52497 -0.91055 -0.17578
v 0.52234 -0.90811 -0.17937
v 0.52408 -0.91439 -0.18177
v 0.50433 -0.89014 -0.17085
v 0.52503 -0.91694 -0.17560
v 0.52464 -0.92104 -0.18175
v 0.51924 -0.91151 -0.18438
v 0.52230 -0.91837 -0.17009
v 0.52228 -0.92027 -0.16680
v 0.51710 -0.92331 -0.16823
v 0.51995 -0.91754 -0.17909
v 0.51494 -0.92003 -0.17949
v 0.51632 -0.91895 -0.17513
v 0.51918 -0.91647 -0.17667
v 0.51608 -0.91791 -0.18138
v 0.51995 -0.91754 -0.17909
v 0.51918 -0.91647 -0.17667
v 0.51937 -0.91316 -0.17741
v 0.51494 -0.92003 -0.17949
v 0.51264 -0.91849 -0.17760
v 0.51632 -0.91895 -0.17513
v 0.51545 -0.91600 -0.17519
v 0.51584 -0.91447 -0.17841
v 0.51918 -0.91647 -0.17667
v 0.51545 -0.91600 -0.17519
v 0.51632 -0.91895 -0.17513
v 0.51937 -0.91316 -0.17741
v 0.51608 -0.91791 -0.18138
v 0.51584 -0.91447 -0.17841
v 0.51264 -0.91849 -0.17760
v 0.51494 -0.92003 -0.17949
v 0.51545 -0.91600 -0.17519
v 0.51995 -0.91754 -0.17909
v 0.51937 -0.91316 -0.17741
v 0.51608 -0.91791 -0.18138
v 0.51584 -0.91447 -0.17841
v 0.51887 -0.91554 -0.15999
v 0.51844 -0.91321 -0.15396
v 0.51357 -0.91352 -0.15528
v 0.51927 -0.91110 -0.15630
v 0.51802 -0.91372 -0.14915
v 0.51844 -0.91321 -0.15396
v 0.51887 -0.91554 -0.15999
v 0.46092 -0.90357 0.05100
v 0.45932 -0.90262 0.06692
v 0.46176 -0.89466 0.05118
v 0.46600 -0.89779 0.03819
v 0.46829 -0.90570 0.02349
v 0.47392 -0.89803 0.01942
v 0.47488 -0.91213 -0.00083
v 0.45702 -0.91074 0.05332
v 0.46104 -0.90777 0.03853
v 0.45685 -0.90987 0.06886
v 0.45693 -0.89901 0.07923
v 0.48406 -0.90247 -0.00003
v 0.49426 -0.91121 -0.02345
v 0.46213 -0.91101 0.02312
v 0.45228 -0.91526 0.05603
v 0.44882 -0.91926 0.08045
v 0.45325 -0.91314 0.08196
v 0.45695 -0.90702 0.08050
v 0.45193 -0.91061 0.09224
v 0.44627 -0.91608 0.09438
v 0.44549 -0.91041 0.10346
v 0.44143 -0.92331 0.08655
v 0.45272 -0.91392 0.03444
v 0.48608 -0.91604 -0.02129
v 0.49904 -0.91821 -0.04598
v 0.51050 -0.91189 -0.05068
v 0.51996 -0.91514 -0.06753
v 0.43538 -0.91508 0.10716
v 0.43445 -0.91036 0.11268
v 0.44248 -0.92889 -0.18282
v 0.43829 -0.92181 -0.18438
v 0.43680 -0.91810 -0.17655
v 0.43948 -0.91641 -0.16904
v 0.43388 -0.90720 -0.16309
v 0.43052 -0.90113 -0.16002
v 0.43969 -0.91363 -0.16166
v 0.44659 -0.91792 -0.16548
v 0.44590 -0.92235 -0.17330
v 0.44940 -0.91868 -0.15963
v 0.44748 -0.93115 -0.18422
v 0.44663 -0.93318 -0.18715
v 0.45015 -0.93359 -0.18847
v 0.49017 -0.92091 -0.05844
v 0.46519 -0.91929 -0.05243
v 0.48158 -0.91911 -0.03999
v 0.46985 -0.91717 -0.02650
v 0.48871 -0.92159 -0.07925
v 0.46785 -0.92124 -0.07428
v 0.50590 -0.92110 -0.06343
v 0.51422 -0.92355 -0.08764
v 0.50360 -0.92450 -0.09953
v 0.48357 -0.92385 -0.10591
v 0.47096 -0.91518 -0.00912
v 0.46823 -0.92421 -0.09631
v 0.50691 -0.92674 -0.11325
v 0.48735 -0.92740 -0.12873
v 0.48608 -0.91604 -0.02129
v 0.52408 -0.92477 -0.10736
v 0.49904 -0.91821 -0.04598
v 0.45277 -0.91391 -0.01932
v 0.44600 -0.91280 0.00754
v 0.45793 -0.91376 0.01088
v 0.45189 -0.91568 -0.03973
v 0.47434 -0.92751 -0.12065
v 0.47115 -0.92996 -0.13298
v 0.48523 -0.92820 -0.14086
v 0.49663 -0.92608 -0.13345
v 0.45785 -0.93018 -0.12157
v 0.45291 -0.92949 -0.09782
v 0.45492 -0.92387 -0.07522
v 0.44625 -0.92168 -0.06389
v 0.50938 -0.92563 -0.12737
v 0.46847 -0.92953 -0.14186
v 0.45573 -0.92838 -0.13467
v 0.52200 -0.92420 -0.11787
v 0.47488 -0.91213 -0.00083
v 0.46213 -0.91101 0.02312
v 0.43948 -0.91388 -0.04775
v 0.44320 -0.91505 0.02986
v 0.52085 -0.92040 -0.08126
v 0.53093 -0.92134 -0.10199
v 0.44001 -0.93100 -0.08790
v 0.44283 -0.93409 -0.10796
v 0.43313 -0.93248 -0.09230
v 0.42846 -0.93384 -0.10365
v 0.43241 -0.93518 -0.11305
v 0.44196 -0.93337 -0.12124
v 0.45272 -0.91392 0.03444
v 0.44233 -0.93016 -0.13038
v 0.43537 -0.92149 0.05510
v 0.45228 -0.91526 0.05603
v 0.42387 -0.91886 0.04275
v 0.43632 -0.90883 -0.01594
v 0.43192 -0.93242 -0.12427
v 0.53475 -0.91960 -0.11476
v 0.43325 -0.92199 -0.07090
v 0.42606 -0.91020 0.02082
v 0.41121 -0.92627 0.06544
v 0.41816 -0.92839 0.07623
v 0.43346 -0.92642 0.07851
v 0.41641 -0.92724 0.08771
v 0.42938 -0.92616 0.08930
v 0.41980 -0.92516 0.09696
v 0.44143 -0.92331 0.08655
v 0.40475 -0.92698 0.08152
v 0.43088 -0.92274 0.09906
v 0.41267 -0.92378 0.10014
v 0.40116 -0.92390 0.09399
v 0.44297 -0.92238 0.07048
v 0.39929 -0.92478 0.06702
v 0.39524 -0.92466 0.08229
v 0.44882 -0.91926 0.08045
v 0.48280 -0.92575 -0.14828
v 0.43264 -0.90788 0.00284
v 0.51996 -0.91514 -0.06753
v 0.46104 -0.90777 0.03853
v 0.42402 -0.91765 0.10910
v 0.45616 -0.92500 -0.14779
v 0.43868 -0.92638 -0.13677
v 0.40180 -0.92071 0.05381
v 0.42442 -0.93194 -0.11715
v 0.43109 -0.90700 -0.03413
v 0.39077 -0.92184 0.07256
v 0.54271 -0.91352 -0.11275
v 0.53369 -0.91618 -0.09319
v 0.46295 -0.92279 -0.15433
v 0.40862 -0.91263 0.03697
v 0.44183 -0.91886 -0.14966
v 0.42824 -0.90857 -0.04989
v 0.40161 -0.91881 0.10322
v 0.44627 -0.91608 0.09438
v 0.54156 -0.91690 -0.11777
v 0.54009 -0.91741 -0.12249
v 0.54638 -0.91455 -0.12337
v 0.41118 -0.91421 0.11291
v 0.42382 -0.90183 -0.01600
v 0.39322 -0.92055 0.06227
v 0.43538 -0.91508 0.10716
v 0.41608 -0.92656 -0.10974
v 0.41849 -0.89924 0.00329
v 0.42200 -0.92737 -0.09568
v 0.42247 -0.90184 -0.04633
v 0.42564 -0.92702 -0.13012
v 0.42425 -0.91701 -0.07298
v 0.45700 -0.91696 -0.16242
v 0.41306 -0.90058 0.01555
v 0.39449 -0.91526 0.05038
v 0.41810 -0.92553 -0.12342
v 0.39911 -0.91088 0.11185
v 0.40774 -0.91018 0.11664
v 0.43445 -0.91036 0.11268
v 0.43158 -0.92102 -0.14055
v 0.54515 -0.92122 -0.13025
v 0.53887 -0.91867 -0.12825
v 0.54402 -0.92527 -0.13820
v 0.54888 -0.92673 -0.13763
v 0.54907 -0.92548 -0.14178
v 0.55316 -0.92374 -0.13951
v 0.53340 -0.91423 -0.12536
v 0.55011 -0.92182 -0.13330
v 0.43516 -0.91306 -0.15077
v 0.39958 -0.90681 0.03575
v 0.42305 -0.90868 0.11747
v 0.42107 -0.90921 -0.06699
v 0.41310 -0.92128 -0.11922
v 0.41384 -0.91891 -0.09757
v 0.41176 -0.92048 -0.10966
v 0.54326 -0.91165 -0.13854
v 0.53421 -0.90763 -0.13126
v 0.53730 -0.91476 -0.13363
v 0.54273 -0.92077 -0.13930
v 0.54065 -0.90322 -0.13354
v 0.53070 -0.90117 -0.12685
v 0.52964 -0.90838 -0.12603
v 0.52687 -0.89923 -0.12548
v 0.55039 -0.91052 -0.14068
v 0.53080 -0.89479 -0.12278
v 0.54855 -0.91236 -0.14158
v 0.55106 -0.91668 -0.14630
v 0.54983 -0.91899 -0.13958
v 0.54907 -0.92548 -0.14178
v 0.54982 -0.91516 -0.14048
v 0.54402 -0.92527 -0.13820
v 0.53340 -0.91423 -0.12536
v 0.52969 -0.91790 -0.12186
v 0.53887 -0.91867 -0.12825
v 0.52377 -0.89318 -0.12114
v 0.55316 -0.92374 -0.13951
v 0.55382 -0.91852 -0.13824
v 0.54983 -0.91899 -0.13958
v 0.54907 -0.92548 -0.14178
v 0.54982 -0.91516 -0.14048
v 0.55288 -0.91624 -0.14229
v 0.55106 -0.91668 -0.14630
v 0.54982 -0.91516 -0.14048
v 0.55382 -0.91852 -0.13824
v 0.25248 -0.04161 0.07179
v 0.25152 -0.06488 0.06723
v 0.24411 -0.03573 0.07533
v 0.26111 -0.07807 0.06150
v 0.25797 -0.09058 0.06037
v 0.24644 -0.01873 0.07725
v 0.23653 -0.01663 0.08030
v 0.26523 -0.10027 0.05708
v 0.26141 -0.11259 0.05715
v 0.23770 0.00372 0.08146
v 0.22977 0.00940 0.08423
v 0.27076 -0.12740 0.05528
v 0.32900 -0.30886 0.10239
v 0.31844 -0.27946 0.09217
v 0.33010 -0.29547 0.09659
v 0.32490 -0.27443 0.08854
v 0.31775 -0.25731 0.08314
v 0.31898 -0.30774 0.10317
v 0.32732 -0.32513 0.10884
v 0.33637 -0.33590 0.11115
v 0.30732 -0.24528 0.07894
v 0.30970 -0.23538 0.07432
v 0.29790 -0.21771 0.06726
v 0.32721 -0.35087 0.11629
v 0.33859 -0.35906 0.11895
v 0.30479 -0.21126 0.06224
v 0.42148 -0.74756 0.02679
v 0.41206 -0.72153 0.03100
v 0.41163 -0.74254 0.02328
v 0.40083 -0.72066 0.02553
v 0.41786 -0.75789 0.01939
v 0.43214 -0.76769 0.02132
v 0.42905 -0.77606 0.01092
v 0.43459 -0.78625 0.00655
v 0.42720 -0.79313 -0.00489
v 0.44105 -0.78517 0.01734
v 0.43959 -0.79487 0.00252
v 0.43342 -0.79686 -0.00702
v 0.43305 -0.76172 0.03009
v 0.42236 -0.73692 0.03568
v 0.41641 -0.71914 0.03773
v 0.41279 -0.69918 0.04207
v 0.40551 -0.69416 0.03293
v 0.44563 -0.79503 0.01639
v 0.44448 -0.78187 0.03190
v 0.41938 -0.71804 0.04828
v 0.40792 -0.67859 0.03941
v 0.39976 -0.66338 0.03175
v 0.45134 -0.80317 0.02671
v 0.41408 -0.68207 0.05408
v 0.42016 -0.70531 0.06626
v 0.40532 -0.65732 0.03880
v 0.43307 -0.75781 0.04349
v 0.40853 -0.64978 0.04750
v 0.40401 -0.62572 0.04106
v 0.40813 -0.62436 0.05325
v 0.40047 -0.60217 0.03752
v 0.41788 -0.68651 0.07064
v 0.41499 -0.66537 0.06872
v 0.41237 -0.64532 0.06689
v 0.40563 -0.59538 0.05516
v 0.40101 -0.57753 0.04132
v 0.40059 -0.55416 0.04698
v 0.39505 -0.55150 0.03106
v 0.45116 -0.80617 0.01245
v 0.39595 -0.52814 0.03429
v 0.39881 -0.52617 0.04917
v 0.39824 -0.50092 0.04709
v 0.39541 -0.50147 0.03433
v 0.39686 -0.47406 0.04834
v 0.39412 -0.47866 0.03396
v 0.39049 -0.45166 0.03167
v 0.39303 -0.44234 0.04903
v 0.38886 -0.42101 0.04310
v 0.38628 -0.43161 0.02594
v 0.38421 -0.41014 0.02949
v 0.38843 -0.46542 0.02179
v 0.39013 -0.48833 0.02215
v 0.44615 -0.80262 -0.00289
v 0.37617 -0.41247 0.00868
v 0.37537 -0.39129 0.01304
v 0.37920 -0.38696 0.02625
v 0.37271 -0.37235 0.01504
v 0.38119 -0.44310 0.01207
v 0.39026 -0.51586 0.02215
v 0.39629 -0.57644 0.03205
v 0.36353 -0.36907 -0.00126
v 0.36134 -0.34820 0.00152
v 0.36376 -0.33795 0.01412
v 0.35413 -0.32077 -0.00048
v 0.35175 -0.32617 -0.00758
v 0.34185 -0.29738 -0.01353
v 0.34751 -0.30172 -0.00375
v 0.34054 -0.28233 -0.00744
v 0.32942 -0.26309 -0.02236
v 0.33408 -0.26417 -0.01224
v 0.32521 -0.23795 -0.01855
v 0.31866 -0.23438 -0.03046
v 0.31625 -0.21366 -0.02707
v 0.31392 -0.21919 -0.03490
v 0.30688 -0.21063 -0.04916
v 0.30591 -0.19399 -0.04620
v 0.30223 -0.19733 -0.05667
v 0.29841 -0.17971 -0.05481
v 0.30150 -0.17580 -0.04347
v 0.29679 -0.19028 -0.06271
v 0.38272 -0.46846 0.01150
v 0.30876 -0.22259 -0.04487
v 0.31298 -0.24084 -0.03993
v 0.33441 -0.28828 -0.02257
v 0.34064 -0.30627 -0.01828
v 0.34426 -0.32359 -0.01672
v 0.28854 -0.16295 -0.06027
v 0.29296 -0.15149 -0.04543
v 0.30036 -0.15484 -0.03273
v 0.30909 -0.18239 -0.02716
v 0.30661 -0.15449 -0.01667
v 0.29891 -0.13426 -0.02685
v 0.29297 -0.13561 -0.03793
v 0.29269 -0.11034 -0.03024
v 0.29261 -0.17736 -0.06320
v 0.38707 -0.53236 0.01877
v 0.38427 -0.49974 0.01308
v 0.28587 -0.11044 -0.04078
v 0.32500 -0.26647 -0.03012
v 0.28695 -0.09002 -0.03531
v 0.27992 -0.08233 -0.04465
v 0.28404 -0.06879 -0.03608
v 0.27537 -0.06207 -0.04797
v 0.29128 -0.08639 -0.02390
v 0.28541 -0.04744 -0.02311
v 0.28050 -0.04605 -0.03668
v 0.27208 -0.03736 -0.04845
v 0.27281 -0.02054 -0.04300
v 0.27998 -0.02516 -0.02765
v 0.27275 -0.00586 -0.03751
v 0.26651 -0.01055 -0.05042
v 0.26656 0.00993 -0.04518
v 0.28349 -0.14099 -0.05461
v 0.28042 -0.11958 -0.04874
v 0.36435 -0.39649 -0.00467
v 0.39884 -0.62787 0.03292
v 0.35010 -0.34243 -0.01299
v 0.35363 -0.36170 -0.01171
v 0.37160 -0.42788 0.00009
v 0.29932 -0.20650 -0.06056
v 0.29445 -0.19766 -0.06650
v 0.38903 -0.56634 0.02321
v 0.37364 -0.45734 0.00147
v 0.39138 -0.60214 0.02641
v 0.37922 -0.47775 0.00695
v 0.30187 -0.22248 -0.05435
v 0.30311 -0.23509 -0.05000
v 0.44395 -0.80716 -0.01876
v 0.39291 -0.63177 0.02752
v 0.45430 -0.81549 -0.01944
v 0.45106 -0.81489 -0.02712
v 0.44867 -0.81889 -0.03780
v 0.37300 -0.45595 0.13109
v 0.35830 -0.43732 0.13179
v 0.36888 -0.43354 0.12784
v 0.35631 -0.41806 0.12892
v 0.36312 -0.40357 0.12209
v 0.34687 -0.38645 0.12441
v 0.35477 -0.37859 0.11927
v 0.34519 -0.36181 0.11761
v 0.33859 -0.35906 0.11895
v 0.33637 -0.33590 0.11115
v 0.34822 -0.34603 0.11012
v 0.35357 -0.36369 0.11391
v 0.34281 -0.32106 0.10156
v 0.32900 -0.30886 0.10239
v 0.33010 -0.29547 0.09659
v 0.33929 -0.29778 0.09140
v 0.32490 -0.27443 0.08854
v 0.37578 -0.44880 0.12695
v 0.36199 -0.38583 0.11608
v 0.33039 -0.27325 0.08379
v 0.31775 -0.25731 0.08314
v 0.32015 -0.24618 0.07464
v 0.30970 -0.23538 0.07432
v 0.31496 -0.22620 0.06495
v 0.30479 -0.21126 0.06224
v 0.36111 -0.36666 0.10785
v 0.35368 -0.34046 0.10139
v 0.34700 -0.31270 0.09202
v 0.31971 -0.21653 0.05325
v 0.30290 -0.19112 0.05175
v 0.29446 -0.19618 0.06034
v 0.28479 -0.17441 0.05755
v 0.29721 -0.16854 0.04450
v 0.31236 -0.17537 0.03374
v 0.29790 -0.21771 0.06726
v 0.32287 -0.20464 0.04104
v 0.37463 -0.42648 0.11965
v 0.32994 -0.24884 0.06564
v 0.38202 -0.47244 0.12756
v 0.34434 -0.29219 0.07903
v 0.37588 -0.47412 0.13190
v 0.38343 -0.49175 0.12944
v 0.33713 -0.27857 0.07989
v 0.33091 -0.22163 0.04058
v 0.33163 -0.23514 0.05266
v 0.36725 -0.38719 0.11006
v 0.37282 -0.40903 0.11365
v 0.38239 -0.45063 0.12058
v 0.38751 -0.47174 0.12135
v 0.39235 -0.49646 0.11984
v 0.43130 -0.90045 0.11562
v 0.42305 -0.89686 0.11921
v 0.42933 -0.89231 0.11710
v 0.42305 -0.90868 0.11747
v 0.43445 -0.91036 0.11268
v 0.44149 -0.90498 0.10849
v 0.44078 -0.89399 0.10919
v 0.44549 -0.91041 0.10346
v 0.44896 -0.90055 0.09975
v 0.44959 -0.89137 0.09715
v 0.43216 -0.88112 0.10933
v 0.41956 -0.88676 0.11876
v 0.41612 -0.89197 0.12073
v 0.41876 -0.86404 0.10927
v 0.41300 -0.87306 0.11589
v 0.40739 -0.85375 0.11174
v 0.41328 -0.84936 0.10789
v 0.40564 -0.83301 0.11038
v 0.41335 -0.82616 0.10409
v 0.43622 -0.86610 0.09131
v 0.42126 -0.84793 0.09891
v 0.44167 -0.88324 0.10072
v 0.42837 -0.83603 0.09009
v 0.41737 -0.81102 0.09837
v 0.42694 -0.81591 0.09010
v 0.42078 -0.79364 0.09263
v 0.42684 -0.78825 0.08857
v 0.41562 -0.76819 0.09542
v 0.42677 -0.76149 0.08646
v 0.41821 -0.75215 0.09222
v 0.42443 -0.74148 0.08424
v 0.43702 -0.78893 0.08383
v 0.43397 -0.80230 0.08678
v 0.43466 -0.82155 0.08714
v 0.44163 -0.80665 0.08417
v 0.44324 -0.82007 0.08399
v 0.44765 -0.81415 0.07951
v 0.43924 -0.83365 0.08381
v 0.40319 -0.80416 0.11250
v 0.40588 -0.79545 0.10992
v 0.40091 -0.76946 0.11387
v 0.40966 -0.73514 0.10006
v 0.41199 -0.78300 0.10104
v 0.40630 -0.76759 0.10721
v 0.39812 -0.74398 0.11496
v 0.43221 -0.85410 0.08754
v 0.44021 -0.84408 0.07962
v 0.41841 -0.72472 0.08897
v 0.44542 -0.85461 0.07449
v 0.45054 -0.84133 0.06880
v 0.40761 -0.70226 0.10078
v 0.39974 -0.71033 0.11184
v 0.39557 -0.67796 0.11414
v 0.40076 -0.65620 0.10642
v 0.39328 -0.64951 0.11471
v 0.39697 -0.62525 0.11062
v 0.44857 -0.82874 0.07670
v 0.39462 -0.71725 0.11675
v 0.38891 -0.62347 0.11764
v 0.39086 -0.68679 0.11737
v 0.39194 -0.59911 0.11578
v 0.39803 -0.59728 0.10959
v 0.39921 -0.57514 0.10796
v 0.39372 -0.56735 0.11469
v 0.39628 -0.55545 0.11282
v 0.45193 -0.91061 0.09224
v 0.39048 -0.55014 0.11808
v 0.38553 -0.53647 0.12176
v 0.38670 -0.56802 0.11926
v 0.39274 -0.53392 0.11737
v 0.38736 -0.65142 0.11768
v 0.38818 -0.50506 0.12405
v 0.39417 -0.52072 0.11705
v 0.38386 -0.50836 0.12674
v 0.38440 -0.59761 0.11944
v 0.26975 0.01001 0.02546
v 0.27616 0.00210 0.01075
v 0.27952 0.00323 -0.00712
v 0.28209 -0.01266 -0.00183
v 0.28336 -0.03199 0.00971
v 0.28463 -0.02512 -0.00642
v 0.28713 -0.04180 0.00184
v 0.28971 -0.06389 0.00841
v 0.26553 0.00491 0.04651
v 0.27640 -0.01190 0.01749
v 0.27002 -0.01115 0.03182
v 0.29044 -0.06324 -0.00884
v 0.29324 -0.07915 0.00502
v 0.29106 -0.08282 0.01497
v 0.29743 -0.10133 0.01139
v 0.29737 -0.09983 0.00355
v 0.30250 -0.12510 0.01526
v 0.30234 -0.12275 0.00071
v 0.30653 -0.13953 0.00902
v 0.30677 -0.14417 0.01928
v 0.31090 -0.15705 0.01289
v 0.31367 -0.16848 0.02587
v 0.31721 -0.17711 0.01991
v 0.32256 -0.19512 0.03229
v 0.32342 -0.19609 0.02341
v 0.33000 -0.21612 0.02989
v 0.34342 -0.26079 0.04623
v 0.33875 -0.24662 0.04757
v 0.33632 -0.23645 0.03477
v 0.34129 -0.25291 0.03442
v 0.34949 -0.27905 0.03789
v 0.34976 -0.28393 0.05298
v 0.35680 -0.30031 0.04322
v 0.35514 -0.30181 0.05596
v 0.36345 -0.32084 0.04779
v 0.36213 -0.32543 0.05963
v 0.29579 -0.09545 -0.00919
v 0.31104 -0.16106 -0.00390
v 0.32033 -0.18861 0.01087
v 0.37073 -0.34430 0.05205
v 0.36753 -0.33306 0.04223
v 0.37202 -0.34992 0.03574
v 0.37830 -0.36901 0.05478
v 0.37987 -0.37425 0.04502
v 0.38430 -0.39330 0.04654
v 0.38494 -0.39718 0.06090
v 0.38970 -0.41792 0.05684
v 0.38449 -0.40379 0.07286
v 0.39146 -0.43167 0.06705
v 0.38856 -0.42877 0.08122
v 0.39358 -0.45061 0.07511
v 0.39591 -0.47957 0.09186
v 0.39010 -0.46173 0.10925
v 0.39087 -0.45243 0.09363
v 0.39466 -0.48517 0.11056
v 0.39527 -0.45287 0.06082
v 0.39303 -0.44234 0.04903
v 0.38886 -0.42101 0.04310
v 0.39793 -0.49974 0.10192
v 0.38617 -0.44029 0.10266
v 0.39709 -0.47886 0.06685
v 0.32941 -0.22133 0.01436
v 0.37834 -0.38060 0.06948
v 0.36959 -0.35102 0.06414
v 0.30311 -0.13533 -0.01341
v 0.39859 -0.50736 0.09119
v 0.36029 -0.31686 0.03107
v 0.29927 -0.11794 -0.01525
v 0.39686 -0.47406 0.04834
v 0.31921 -0.19080 0.00004
v 0.32371 -0.21022 0.00094
v 0.28087 -0.01126 -0.01573
v 0.28459 -0.03252 -0.01493
v 0.37283 -0.35848 0.02670
v 0.39956 -0.52599 0.10122
v 0.33525 -0.24740 0.01282
v 0.37908 -0.40898 0.09319
v 0.34069 -0.26627 0.06124
v 0.38004 -0.43218 0.11337
v 0.36866 -0.37739 0.09305
v 0.37364 -0.38349 0.08180
v 0.36839 -0.36217 0.07527
v 0.36014 -0.34168 0.08125
v 0.36084 -0.33955 0.07334
v 0.35470 -0.31892 0.07347
v 0.34966 -0.29885 0.06912
v 0.35246 -0.31796 0.08441
v 0.36304 -0.36244 0.09873
v 0.35787 -0.34003 0.09151
v 0.39666 -0.51513 0.11067
v 0.26391 -0.02158 0.05836
v 0.26058 0.01185 0.06397
v 0.26854 -0.04033 0.04630
v 0.27394 -0.03060 0.02787
v 0.28238 -0.06167 0.02204
v 0.27326 -0.05792 0.03794
v 0.26593 -0.05052 0.05664
v 0.39836 -0.54797 0.10864
v 0.40184 -0.55681 0.10095
v 0.29454 -0.10824 0.02009
v 0.29991 -0.13475 0.02494
v 0.30520 -0.15440 0.02827
v 0.26712 -0.07111 0.05396
v 0.27433 -0.08619 0.04120
v 0.27066 -0.09713 0.05067
v 0.40202 -0.55369 0.08536
v 0.40378 -0.56799 0.09310
v 0.40302 -0.58777 0.10140
v 0.40594 -0.59011 0.08987
v 0.40622 -0.58677 0.08077
v 0.40848 -0.60707 0.08131
v 0.40939 -0.62259 0.08683
v 0.40341 -0.60822 0.10075
v 0.41010 -0.62510 0.06977
v 0.41295 -0.65149 0.08426
v 0.41237 -0.64532 0.06689
v 0.41499 -0.66537 0.06872
v 0.41788 -0.68651 0.07064
v 0.41659 -0.67932 0.08302
v 0.42076 -0.70595 0.08094
v 0.42016 -0.70531 0.06626
v 0.42495 -0.72749 0.07219
v 0.42478 -0.72844 0.07967
v 0.42984 -0.74976 0.07883
v 0.42968 -0.74606 0.06738
v 0.43616 -0.76518 0.07355
v 0.43751 -0.76636 0.05914
v 0.44244 -0.78506 0.07399
v 0.44845 -0.79287 0.05798
v 0.45133 -0.80661 0.06994
v 0.45328 -0.80811 0.04595
v 0.44945 -0.79265 0.03738
v 0.45428 -0.82097 0.05973
v 0.45276 -0.82070 0.07243
v 0.44442 -0.77939 0.04212
v 0.43535 -0.77255 0.08024
v 0.45545 -0.82927 0.04637
v 0.45566 -0.81665 0.02701
v 0.45900 -0.83116 0.03299
v 0.46184 -0.82679 0.01017
v 0.45833 -0.84819 0.04237
v 0.45389 -0.83563 0.06329
v 0.47324 -0.84673 -0.00247
v 0.46503 -0.85154 0.02456
v 0.45134 -0.80317 0.02671
v 0.47401 -0.85761 0.00677
v 0.45816 -0.87276 0.05078
v 0.45329 -0.85567 0.06205
v 0.46907 -0.87016 0.02291
v 0.48613 -0.87124 -0.00997
v 0.47850 -0.85010 -0.02048
v 0.39914 -0.52881 0.08184
v 0.39817 -0.50633 0.06276
v 0.40563 -0.59538 0.05516
v 0.45116 -0.80617 0.01245
v 0.39824 -0.50092 0.04709
v 0.40175 -0.56584 0.06423
v 0.40059 -0.55416 0.04698
v 0.39885 -0.53887 0.06218
v 0.39881 -0.52617 0.04917
v 0.46742 -0.88696 0.03291
v 0.46176 -0.89466 0.05118
v 0.45655 -0.88605 0.06972
v 0.44935 -0.86433 0.07303
v 0.45932 -0.90262 0.06692
v 0.45693 -0.89901 0.07923
v 0.45418 -0.89193 0.08665
v 0.44986 -0.88021 0.08474
v 0.45368 -0.90266 0.09057
v 0.45695 -0.90702 0.08050
v 0.46600 -0.89779 0.03819
v 0.43307 -0.75781 0.04349
v 0.42358 -0.73341 0.04833
v 0.41938 -0.71804 0.04828
v 0.45951 -0.82077 -0.01087
v 0.45685 -0.90987 0.06886
v 0.44448 -0.78187 0.03190
v 0.40813 -0.62436 0.05325
v 0.40743 -0.63741 0.09341
v 0.47392 -0.89803 0.01942
v 0.41849 -0.70689 0.08611
v 0.49308 -0.87204 -0.02808
v 0.50068 -0.88654 -0.03133
v 0.50865 -0.88697 -0.04904
v 0.50991 -0.89441 -0.04531
v 0.49005 -0.88739 -0.00935
v 0.47852 -0.87721 0.00772
v 0.49187 -0.86587 -0.03861
v 0.50247 -0.89771 -0.03035
v 0.48026 -0.89243 0.00903
v 0.49484 -0.90046 -0.01628
v 0.41117 -0.66358 0.09070
v 0.44614 -0.80224 0.07733
v 0.42236 -0.73692 0.03568
v 0.29128 -0.08639 -0.02390
v 0.28541 -0.04744 -0.02311
v 0.37920 -0.38696 0.02625
v 0.38421 -0.41014 0.02949
v 0.50699 -0.88068 -0.05574
v 0.51264 -0.90352 -0.04915
v 0.34679 -0.28364 0.01823
v 0.36376 -0.33795 0.01412
v 0.35361 -0.30982 0.01008
v 0.33999 -0.26890 0.00758
v 0.41131 -0.68496 0.09361
v 0.47026 -0.83724 -0.03130
v 0.27588 0.00142 -0.02549
v 0.34054 -0.28233 -0.00744
v 0.33408 -0.26417 -0.01224
v 0.34751 -0.30172 -0.00375
v 0.32521 -0.23795 -0.01855
v 0.30661 -0.15449 -0.01667
v 0.32635 -0.23290 -0.00841
v 0.51957 -0.89480 -0.06107
v 0.52222 -0.90220 -0.06083
v 0.52928 -0.90293 -0.07661
v 0.52774 -0.89529 -0.08026
v 0.53693 -0.90113 -0.09587
v 0.54164 -0.90772 -0.10540
v 0.54182 -0.89817 -0.11245
v 0.54704 -0.90504 -0.12201
v 0.53093 -0.89088 -0.09553
v 0.52867 -0.90908 -0.07586
v 0.54638 -0.91455 -0.12337
v 0.51775 -0.88619 -0.07032
v 0.53896 -0.89377 -0.11579
v 0.54487 -0.89869 -0.12473
v 0.55057 -0.90909 -0.13430
v 0.55039 -0.91312 -0.12906
v 0.55382 -0.91852 -0.13824
v 0.55288 -0.91624 -0.14229
v 0.50562 -0.90546 -0.03708
v 0.55039 -0.91052 -0.14068
v 0.48761 -0.85893 -0.04915
v 0.48406 -0.90247 -0.00003
v 0.31625 -0.21366 -0.02707
v 0.31564 -0.19841 -0.01810
v 0.27998 -0.02516 -0.02765
v 0.30909 -0.18239 -0.02716
v 0.30591 -0.19399 -0.04620
v 0.54498 -0.90008 -0.13135
v 0.35413 -0.32077 -0.00048
v 0.50113 -0.87306 -0.06238
v 0.37271 -0.37235 0.01504
v 0.29891 -0.13426 -0.02685
v 0.54271 -0.91352 -0.11275
v 0.53369 -0.91618 -0.09319
v 0.27275 -0.00586 -0.03751
v 0.45430 -0.81549 -0.01944
v 0.44615 -0.80262 -0.00289
v 0.29269 -0.11034 -0.03024
v 0.52104 -0.90732 -0.06125
v 0.51079 -0.87945 -0.07401
v 0.52262 -0.88500 -0.09103
v 0.30150 -0.17580 -0.04347
v 0.28050 -0.04605 -0.03668
v 0.55011 -0.92182 -0.13330
v 0.55316 -0.92374 -0.13951
v 0.51050 -0.91189 -0.05068
v 0.47234 -0.84245 -0.05086
v 0.45669 -0.82344 -0.03746
v 0.48757 -0.86214 -0.07243
v 0.49426 -0.91121 -0.02345
v 0.50266 -0.87636 -0.08996
v 0.55106 -0.91668 -0.14630
v 0.46118 -0.83293 -0.05411
v 0.47141 -0.85143 -0.07973
v 0.51996 -0.91514 -0.06753
v 0.48893 -0.86742 -0.08978
v 0.49412 -0.87329 -0.10274
v 0.27634 -0.13514 0.05336
v 0.27380 -0.15029 0.05423
v 0.27076 -0.12740 0.05528
v 0.27199 -0.11331 0.05290
v 0.26523 -0.10027 0.05708
v 0.28155 -0.12574 0.04472
v 0.28815 -0.15590 0.04810
v 0.28060 -0.15478 0.05423
v 0.29461 -0.14396 0.03503
v 0.28868 -0.12291 0.03220
v 0.28276 -0.09788 0.03071
v 0.26111 -0.07807 0.06150
v 0.25905 -0.03320 0.06740
v 0.25799 -0.00314 0.07018
v 0.23770 0.00372 0.08146
v 0.24867 0.00800 0.07594
v 0.24644 -0.01873 0.07725
v 0.25334 -0.00874 0.07378
v 0.25248 -0.04161 0.07179
v 0.48120 -0.86765 -0.10166
v 0.46376 -0.86366 -0.10387
v 0.47480 -0.87275 -0.12020
v 0.49354 -0.87782 -0.12240
v 0.46082 -0.86894 -0.11549
v 0.46560 -0.87737 -0.14003
v 0.44913 -0.86072 -0.09980
v 0.49412 -0.87329 -0.10274
v 0.48893 -0.86742 -0.08978
v 0.46856 -0.85837 -0.09422
v 0.47141 -0.85143 -0.07973
v 0.45642 -0.85126 -0.08883
v 0.44957 -0.83882 -0.07218
v 0.45934 -0.83749 -0.06622
v 0.44647 -0.82532 -0.05125
v 0.46118 -0.83293 -0.05411
v 0.45669 -0.82344 -0.03746
v 0.44867 -0.81889 -0.03780
v 0.43141 -0.81047 -0.02810
v 0.43906 -0.80786 -0.02256
v 0.43342 -0.79686 -0.00702
v 0.44395 -0.80716 -0.01876
v 0.45106 -0.81489 -0.02712
v 0.42720 -0.79313 -0.00489
v 0.43959 -0.79487 0.00252
v 0.43459 -0.78625 0.00655
v 0.45430 -0.81549 -0.01944
v 0.43910 -0.82755 -0.05337
v 0.43036 -0.81884 -0.03908
v 0.45341 -0.87154 -0.11804
v 0.44185 -0.84403 -0.07662
v 0.50229 -0.87681 -0.11832
v 0.50420 -0.87987 -0.12933
v 0.51332 -0.88018 -0.12372
v 0.47227 -0.87711 -0.13995
v 0.47364 -0.87978 -0.15211
v 0.48073 -0.88146 -0.14493
v 0.48108 -0.88547 -0.15487
v 0.49031 -0.88446 -0.15320
v 0.48285 -0.87467 -0.12657
v 0.49187 -0.87804 -0.14240
v 0.49386 -0.87819 -0.13324
v 0.49812 -0.88131 -0.14480
v 0.49806 -0.88215 -0.15358
v 0.42080 -0.80124 -0.01322
v 0.41438 -0.78853 0.00013
v 0.47851 -0.88641 -0.16790
v 0.51329 -0.88059 -0.13317
v 0.42035 -0.81201 -0.02614
v 0.43385 -0.86070 -0.09486
v 0.43670 -0.86645 -0.10680
v 0.44508 -0.86838 -0.10948
v 0.44748 -0.87364 -0.12177
v 0.42924 -0.87015 -0.10973
v 0.45661 -0.87831 -0.13650
v 0.45900 -0.88562 -0.15092
v 0.45345 -0.88235 -0.14542
v 0.44716 -0.87655 -0.13885
v 0.46006 -0.89228 -0.15942
v 0.45848 -0.89436 -0.16219
v 0.43980 -0.87235 -0.13049
v 0.43189 -0.87481 -0.13337
v 0.46723 -0.88566 -0.15799
v 0.47623 -0.88843 -0.17055
v 0.47900 -0.89362 -0.18156
v 0.48437 -0.89428 -0.17971
v 0.43941 -0.87496 -0.14865
v 0.44694 -0.88026 -0.16434
v 0.43549 -0.87945 -0.15486
v 0.44071 -0.88397 -0.17481
v 0.44608 -0.88567 -0.18217
v 0.45137 -0.88524 -0.18026
v 0.45116 -0.89255 -0.18893
v 0.44287 -0.89371 -0.18831
v 0.44691 -0.90140 -0.19544
v 0.45276 -0.90204 -0.19628
v 0.45760 -0.89958 -0.19281
v 0.45578 -0.89001 -0.18080
v 0.50725 -0.88456 -0.13688
v 0.45181 -0.88393 -0.16003
v 0.50669 -0.87914 -0.10680
v 0.50266 -0.87636 -0.08996
v 0.51448 -0.88202 -0.09012
v 0.51079 -0.87945 -0.07401
v 0.52262 -0.88500 -0.09103
v 0.52267 -0.88649 -0.10555
v 0.51770 -0.88715 -0.10977
v 0.53080 -0.89479 -0.12278
v 0.52377 -0.89318 -0.12114
v 0.53592 -0.89171 -0.11834
v 0.54498 -0.90008 -0.13135
v 0.54487 -0.89869 -0.12473
v 0.50113 -0.87306 -0.06238
v 0.53896 -0.89377 -0.11579
v 0.51818 -0.88721 -0.11827
v 0.45978 -0.90503 -0.19524
v 0.54065 -0.90322 -0.13354
v 0.55039 -0.91052 -0.14068
v 0.48263 -0.89358 -0.18355
v 0.42540 -0.82727 -0.04587
v 0.42732 -0.84073 -0.06110
v 0.43271 -0.85037 -0.07894
v 0.43816 -0.88831 -0.17973
v 0.41081 -0.80824 -0.01324
v 0.41061 -0.79702 -0.00373
v 0.39925 -0.78530 0.00824
v 0.43508 -0.88574 -0.16807
v 0.41502 -0.81980 -0.02935
v 0.42792 -0.88091 -0.14129
v 0.42483 -0.87840 -0.12293
v 0.50324 -0.91262 -0.17542
v 0.50487 -0.90044 -0.17378
v 0.49894 -0.90515 -0.17095
v 0.49480 -0.89495 -0.16299
v 0.49262 -0.90232 -0.16344
v 0.48853 -0.89410 -0.15894
v 0.50031 -0.89193 -0.16381
v 0.50873 -0.89502 -0.17157
v 0.50831 -0.90333 -0.17497
v 0.50200 -0.88805 -0.15875
v 0.48819 -0.90202 -0.16351
v 0.48613 -0.89566 -0.16044
v 0.50772 -0.91541 -0.17479
v 0.50437 -0.91853 -0.17327
v 0.47079 -0.91227 -0.18706
v 0.46867 -0.91141 -0.18743
v 0.46666 -0.91736 -0.18962
v 0.46803 -0.91983 -0.20091
v 0.46666 -0.91736 -0.18962
v 0.46136 -0.92551 -0.19291
v 0.46120 -0.92231 -0.18095
v 0.46785 -0.91369 -0.18253
v 0.46323 -0.92418 -0.20064
v 0.46785 -0.92538 -0.20767
v 0.46239 -0.92697 -0.20590
v 0.45615 -0.93451 -0.18742
v 0.45094 -0.93012 -0.17756
v 0.45882 -0.91951 -0.16964
v 0.45024 -0.93772 -0.18535
v 0.45402 -0.93643 -0.19047
v 0.44675 -0.93816 -0.18840
v 0.46974 -0.91483 -0.19502
v 0.46701 -0.93106 -0.21142
v 0.45543 -0.92767 -0.20038
v 0.45141 -0.92383 -0.16799
v 0.47092 -0.92520 -0.21543
v 0.46544 -0.91305 -0.17398
v 0.46852 -0.91022 -0.18429
v 0.46867 -0.91141 -0.18743
v 0.46894 -0.91545 -0.20763
v 0.47137 -0.93125 -0.21505
v 0.46574 -0.91254 -0.16637
v 0.45705 -0.93089 -0.19372
v 0.47089 -0.93647 -0.21781
v 0.47341 -0.93479 -0.22090
v 0.47148 -0.93858 -0.22275
v 0.46974 -0.91483 -0.19502
v 0.47079 -0.91227 -0.18706
v 0.46666 -0.91736 -0.18962
v 0.46302 -0.92648 -0.21356
v 0.45956 -0.92337 -0.21249
v 0.46471 -0.92467 -0.21233
v 0.46632 -0.92774 -0.21685
v 0.46220 -0.92472 -0.21689
v 0.46412 -0.92349 -0.21613
v 0.46471 -0.92467 -0.21233
v 0.45956 -0.92337 -0.21249
v 0.46632 -0.92774 -0.21685
v 0.46220 -0.92472 -0.21689
v 0.46632 -0.92774 -0.21685
v 0.46412 -0.92349 -0.21613
v 0.45956 -0.92337 -0.21249
v 0.45104 -0.90523 -0.20720
v 0.45256 -0.90266 -0.20447
v 0.44887 -0.90698 -0.20484
v 0.45266 -0.90847 -0.20803
v 0.45656 -0.90414 -0.20572
v 0.45266 -0.90847 -0.20803
v 0.44887 -0.90698 -0.20484
v 0.45256 -0.90266 -0.20447
v 0.45656 -0.90414 -0.20572
v 0.41576 -0.86677 0.11810
v 0.41049 -0.84698 0.11454
v 0.40711 -0.85790 0.11739
v 0.40463 -0.84296 0.11508
v 0.41285 -0.88168 0.12304
v 0.42523 -0.89009 0.12327
v 0.41854 -0.89277 0.12501
v 0.40645 -0.89125 0.12439
v 0.40268 -0.82665 0.11536
v 0.40818 -0.82114 0.11476
v 0.42723 -0.90314 0.12206
v 0.40165 -0.80417 0.11809
v 0.39492 -0.79653 0.11850
v 0.39714 -0.77581 0.12055
v 0.39246 -0.77002 0.12188
v 0.39466 -0.74491 0.12167
v 0.41435 -0.90653 0.12319
v 0.42133 -0.91329 0.12086
v 0.40671 -0.91103 0.12164
v 0.39973 -0.74773 0.12001
v 0.39765 -0.71528 0.12043
v 0.40453 -0.79054 0.11733
v 0.40249 -0.76840 0.11856
v 0.43514 -0.91355 0.11641
v 0.39444 -0.72410 0.12177
v 0.39043 -0.70713 0.12262
v 0.39424 -0.68790 0.12110
v 0.43450 -0.89140 0.11923
v 0.43951 -0.90023 0.11602
v 0.42385 -0.87384 0.11724
v 0.41873 -0.84788 0.10872
v 0.44397 -0.91238 0.11127
v 0.39982 -0.67910 0.11694
v 0.39239 -0.66633 0.12080
v 0.39747 -0.64895 0.11750
v 0.38790 -0.64213 0.12261
v 0.39347 -0.62585 0.12034
v 0.38597 -0.61085 0.12359
v 0.39296 -0.59521 0.12057
v 0.38523 -0.58706 0.12409
v 0.39013 -0.57451 0.12267
v 0.41525 -0.82944 0.10919
v 0.44660 -0.90588 0.11016
v 0.39861 -0.57246 0.11627
v 0.39388 -0.55576 0.12098
v 0.38858 -0.55240 0.12453
v 0.39790 -0.53189 0.11900
v 0.40001 -0.55750 0.11574
v 0.38927 -0.53520 0.12558
v 0.38948 -0.51556 0.12758
v 0.38418 -0.50647 0.13191
v 0.38865 -0.49775 0.13073
v 0.38404 -0.49018 0.13475
v 0.44824 -0.89228 0.10797
v 0.40011 -0.60194 0.11441
v 0.39924 -0.62538 0.11532
v 0.39583 -0.50591 0.12310
v 0.41322 -0.80175 0.10909
v 0.40731 -0.77886 0.11424
v 0.43480 -0.87844 0.11217
v 0.40436 -0.71245 0.11340
v 0.40499 -0.74598 0.11439
v 0.42392 -0.86003 0.10931
v 0.38656 -0.48027 0.13127
v 0.37859 -0.46516 0.13515
v 0.38152 -0.45238 0.12913
v 0.37108 -0.43598 0.13309
v 0.39418 -0.48339 0.12357
v 0.37234 -0.41523 0.12449
v 0.36441 -0.40587 0.12828
v 0.36534 -0.38908 0.12097
v 0.35758 -0.37679 0.12263
v 0.38945 -0.46480 0.12442
v 0.36148 -0.36584 0.11418
v 0.35159 -0.35095 0.11613
v 0.35664 -0.34609 0.10885
v 0.34890 -0.33216 0.10887
v 0.42960 -0.84271 0.09563
v 0.43040 -0.82784 0.09425
v 0.44295 -0.83861 0.08542
v 0.43939 -0.82577 0.09003
v 0.43270 -0.81213 0.09277
v 0.42473 -0.80094 0.09624
v 0.44649 -0.81124 0.08742
v 0.44321 -0.79597 0.08695
v 0.43134 -0.78484 0.09155
v 0.43772 -0.77568 0.08688
v 0.42004 -0.77857 0.09803
v 0.41641 -0.78747 0.10349
v 0.42546 -0.76577 0.09367
v 0.44887 -0.82138 0.08494
v 0.43259 -0.75569 0.08578
v 0.41548 -0.76606 0.10251
v 0.42041 -0.74939 0.09631
v 0.42547 -0.72281 0.08689
v 0.44960 -0.85168 0.07657
v 0.45200 -0.83693 0.07672
v 0.43910 -0.85678 0.08913
v 0.45388 -0.81154 0.07858
v 0.41472 -0.72738 0.10075
v 0.40306 -0.64763 0.11072
v 0.40396 -0.67257 0.11117
v 0.40607 -0.69508 0.11011
v 0.40461 -0.58648 0.10803
v 0.41627 -0.68853 0.09495
v 0.41521 -0.66329 0.09286
v 0.40507 -0.61653 0.10705
v 0.41145 -0.63462 0.09502
v 0.45725 -0.82070 0.07393
v 0.38412 -0.43860 0.12036
v 0.37405 -0.40028 0.11655
v 0.45475 -0.85069 0.06884
v 0.45577 -0.86792 0.07215
v 0.44991 -0.86565 0.08198
v 0.45729 -0.84037 0.06697
v 0.45922 -0.86348 0.05926
v 0.36827 -0.37716 0.11226
v 0.36305 -0.35740 0.10811
v 0.45513 -0.88274 0.08742
v 0.44694 -0.88383 0.10295
v 0.43604 -0.86834 0.10247
v 0.45598 -0.89238 0.09679
v 0.24168 -0.14045 0.09898
v 0.24262 -0.13273 0.09556
v 0.24092 -0.13723 0.10132
v 0.24228 -0.12768 0.09715
v 0.24218 -0.10098 0.09378
v 0.24215 -0.12152 0.09120
v 0.24149 -0.10234 0.09028
v 0.24041 -0.08661 0.08927
v 0.23936 -0.07004 0.09306
v 0.23943 -0.07143 0.09023
v 0.23792 -0.04167 0.09317
v 0.23904 -0.04803 0.09033
v 0.23989 -0.02356 0.08987
v 0.23949 -0.03065 0.08729
v 0.24016 -0.02199 0.08515
v 0.24151 -0.00776 0.08600
v 0.23577 -0.00450 0.09530
v 0.23834 0.00974 0.08999
v 0.23218 -0.02310 0.10152
v 0.23046 -0.00259 0.10260
v 0.23030 -0.04664 0.10351
v 0.23570 -0.08419 0.09925
v 0.23288 -0.06779 0.10050
v 0.23624 -0.10260 0.10021
v 0.23826 -0.12238 0.10002
v 0.23379 -0.11314 0.10574
v 0.23136 -0.09221 0.10599
v 0.23613 -0.13308 0.10554
v 0.22614 0.00876 0.10579
v 0.22718 -0.02235 0.10603
v 0.22452 -0.04263 0.10901
v 0.22554 -0.08162 0.10814
v 0.22486 -0.05904 0.10788
v 0.26082 0.00596 0.07382
v 0.26584 -0.01179 0.06548
v 0.26124 -0.01153 0.07339
v 0.26581 -0.03205 0.06591
v 0.26196 -0.04027 0.07096
v 0.26817 -0.07417 0.06092
v 0.26840 -0.05781 0.06125
v 0.26348 -0.06491 0.06778
v 0.26587 -0.09234 0.06245
v 0.27352 -0.09262 0.05398
v 0.27145 -0.10320 0.05806
v 0.27014 -0.11371 0.06043
v 0.27903 -0.12388 0.05476
v 0.27827 -0.14429 0.05863
v 0.28858 -0.14162 0.04945
v 0.28292 -0.11384 0.04606
v 0.29231 -0.12639 0.03750
v 0.27410 -0.07292 0.05043
v 0.28111 -0.09548 0.04127
v 0.25452 -0.00391 0.07831
v 0.29185 -0.10892 0.03051
v 0.28566 -0.08523 0.03047
v 0.29895 -0.10455 0.02071
v 0.29374 -0.07860 0.01813
v 0.28091 -0.07042 0.03540
v 0.27751 -0.05344 0.03870
v 0.28714 -0.05380 0.02101
v 0.28046 -0.02724 0.02435
v 0.27626 -0.03639 0.03519
v 0.27263 -0.05120 0.05180
v 0.30352 -0.12973 0.02604
v 0.29900 -0.14550 0.03813
v 0.28828 -0.03142 0.00980
v 0.28207 -0.00145 0.00996
v 0.29914 -0.16589 0.04840
v 0.29065 -0.16572 0.05621
v 0.30727 -0.15008 0.03138
v 0.28205 -0.15972 0.05978
v 0.25263 -0.03102 0.07811
v 0.25674 -0.04943 0.07367
v 0.24880 -0.01385 0.08174
v 0.30081 -0.18816 0.05836
v 0.30978 -0.17394 0.04245
v 0.31667 -0.17361 0.03537
v 0.31735 -0.19342 0.04724
v 0.32564 -0.20050 0.04266
v 0.28983 -0.18068 0.06265
v 0.33011 -0.22411 0.05496
v 0.31460 -0.20834 0.05924
v 0.29558 -0.19832 0.06532
v 0.31867 -0.22440 0.06723
v 0.33056 -0.24217 0.06814
v 0.32601 -0.24743 0.07741
v 0.33670 -0.26683 0.07977
v 0.32921 -0.26662 0.08714
v 0.34250 -0.28764 0.08885
v 0.33254 -0.28352 0.09480
v 0.34788 -0.30992 0.09763
v 0.34079 -0.31313 0.10498
v 0.35574 -0.32668 0.09754
v 0.23715 -0.05234 0.08720
v 0.23651 -0.07108 0.08646
v 0.33367 -0.30136 0.10335
v 0.30721 -0.21654 0.07023
v 0.30924 -0.23252 0.07834
v 0.31613 -0.23942 0.07961
v 0.31951 -0.25917 0.08862
v 0.23904 -0.04803 0.09033
v 0.23715 -0.05234 0.08720
v 0.23949 -0.03065 0.08729
v 0.23752 -0.03405 0.08507
v 0.23864 -0.02911 0.08324
v 0.24016 -0.02199 0.08515
v 0.26602 0.01210 -0.05479
v 0.26205 -0.00666 -0.06108
v 0.26920 -0.00686 -0.05422
v 0.27369 -0.01975 -0.05138
v 0.27118 -0.02958 -0.05535
v 0.27630 -0.02670 -0.05030
v 0.26376 -0.03549 -0.06203
v 0.27671 -0.05382 -0.05249
v 0.27263 -0.06633 -0.05734
v 0.28064 -0.04345 -0.04532
v 0.28379 -0.07132 -0.04571
v 0.28118 -0.09206 -0.05091
v 0.29170 -0.09732 -0.03786
v 0.29371 -0.11935 -0.04021
v 0.29189 -0.07427 -0.03134
v 0.29836 -0.09967 -0.02408
v 0.28229 -0.11873 -0.05314
v 0.29032 -0.13779 -0.05158
v 0.27302 -0.12469 -0.06516
v 0.28111 -0.14679 -0.06780
v 0.29391 -0.16786 -0.06445
v 0.29158 -0.17799 -0.07164
v 0.26648 -0.10637 -0.06393
v 0.30013 -0.12631 -0.03181
v 0.27255 -0.14842 -0.07373
v 0.30150 -0.18818 -0.06345
v 0.30401 -0.17970 -0.05349
v 0.31183 -0.20109 -0.04754
v 0.29571 -0.19312 -0.07121
v 0.28751 -0.18803 -0.07665
v 0.29978 -0.20718 -0.06670
v 0.30898 -0.21060 -0.05459
v 0.27117 -0.00570 -0.05370
v 0.28122 -0.16934 -0.07614
v 0.27908 -0.03212 -0.04642
v 0.28516 -0.04530 -0.04025
v 0.28745 -0.05474 -0.03652
v 0.29056 -0.05767 -0.03094
v 0.28972 -0.05293 -0.03200
v 0.28952 -0.04965 -0.03701
v 0.29951 -0.15399 -0.04457
v 0.30639 -0.15712 -0.03212
v 0.30454 -0.22698 -0.05696
v 0.31230 -0.23341 -0.04746
v 0.30635 -0.24648 -0.05181
v 0.31799 -0.24602 -0.04177
v 0.31971 -0.26563 -0.04159
v 0.32788 -0.26060 -0.03286
v 0.32359 -0.23626 -0.03205
v 0.33203 -0.25390 -0.02351
v 0.33431 -0.28093 -0.02869
v 0.32545 -0.28827 -0.03726
v 0.33882 -0.30559 -0.02668
v 0.34577 -0.30029 -0.01727
v 0.32581 -0.22828 -0.02374
v 0.33949 -0.26572 -0.01216
v 0.33650 -0.27279 -0.02315
v 0.35427 -0.32824 -0.01291
v 0.34545 -0.33457 -0.02243
v 0.35704 -0.34594 -0.01325
v 0.35664 -0.36600 -0.01557
v 0.36597 -0.35457 -0.00201
v 0.36512 -0.33925 0.00257
v 0.37533 -0.36629 0.01235
v 0.37297 -0.38004 0.00181
v 0.37970 -0.39095 0.01129
v 0.37914 -0.40316 0.00634
v 0.36897 -0.38768 -0.00544
v 0.37212 -0.40759 -0.00455
v 0.36500 -0.39696 -0.01079
v 0.36362 -0.42184 -0.01222
v 0.37189 -0.42800 -0.00621
v 0.37780 -0.42153 0.00121
v 0.38486 -0.40455 0.01779
v 0.36317 -0.36595 -0.00909
v 0.35646 -0.31812 -0.00541
v 0.35145 -0.29825 -0.00333
v 0.38534 -0.41992 0.01426
v 0.37611 -0.44741 -0.00235
v 0.36795 -0.45097 -0.00866
v 0.37355 -0.46932 -0.00416
v 0.38359 -0.48068 0.00496
v 0.37656 -0.48792 -0.00080
v 0.38165 -0.50423 0.00453
v 0.39095 -0.50876 0.01480
v 0.39149 -0.47553 0.01610
v 0.38583 -0.53641 0.01170
v 0.39384 -0.54307 0.02067
v 0.38999 -0.56617 0.01781
v 0.39704 -0.57001 0.02541
v 0.40139 -0.55558 0.03299
v 0.39546 -0.59685 0.02363
v 0.40196 -0.58985 0.03203
v 0.40221 -0.61526 0.03047
v 0.39446 -0.63074 0.02307
v 0.40724 -0.61005 0.03930
v 0.40682 -0.63184 0.03578
v 0.40046 -0.63677 0.02737
v 0.40000 -0.65767 0.02627
v 0.40746 -0.65803 0.03377
v 0.41206 -0.65200 0.04299
v 0.41071 -0.68028 0.03492
v 0.41742 -0.68965 0.04544
v 0.41447 -0.70549 0.03268
v 0.40429 -0.69665 0.02574
v 0.41288 -0.71852 0.02655
v 0.42263 -0.73062 0.03146
v 0.41832 -0.73722 0.02354
v 0.42741 -0.74542 0.02708
v 0.40707 -0.72488 0.02160
v 0.41360 -0.74761 0.01694
v 0.39873 -0.70733 0.02192
v 0.42598 -0.75302 0.02081
v 0.43541 -0.76611 0.01828
v 0.42538 -0.76589 0.01093
v 0.43653 -0.78328 0.00353
v 0.42957 -0.78556 -0.00359
v 0.44411 -0.78494 0.01215
v 0.44286 -0.77323 0.02234
v 0.43862 -0.79172 -0.00451
v 0.44581 -0.79398 0.00149
v 0.42725 -0.79845 -0.01817
v 0.40447 -0.67964 0.02800
v 0.39677 -0.49681 0.02453
v 0.39812 -0.52408 0.02723
v 0.38433 -0.45390 0.00677
v 0.38532 -0.43551 0.01084
v 0.31689 -0.22607 -0.04064
v 0.31814 -0.20629 -0.03147
v 0.33949 -0.26572 -0.01216
v 0.34577 -0.30029 -0.01727
v 0.33650 -0.27279 -0.02315
v 0.35145 -0.29825 -0.00333
v 0.36500 -0.39696 -0.01079
v 0.35664 -0.36600 -0.01557
v 0.36317 -0.36595 -0.00909
v 0.36378 -0.47802 -0.00715
v 0.36795 -0.45097 -0.00866
v 0.37355 -0.46932 -0.00416
v 0.37656 -0.48792 -0.00080
v 0.37273 -0.49869 -0.00127
v 0.36443 -0.50563 -0.00226
v 0.37083 -0.52339 0.00208
v 0.38165 -0.50423 0.00453
v 0.35935 -0.44527 -0.01261
v 0.36362 -0.42184 -0.01222
v 0.35390 -0.42203 -0.01631
v 0.37873 -0.51694 0.00384
v 0.35448 -0.39366 -0.01773
v 0.36500 -0.39696 -0.01079
v 0.35664 -0.36600 -0.01557
v 0.34843 -0.36991 -0.02079
v 0.34575 -0.39700 -0.02021
v 0.34545 -0.33457 -0.02243
v 0.34060 -0.34471 -0.02493
v 0.32975 -0.31206 -0.03258
v 0.33882 -0.30559 -0.02668
v 0.32545 -0.28827 -0.03726
v 0.31664 -0.28807 -0.04190
v 0.31891 -0.31133 -0.03642
v 0.30481 -0.28364 -0.04660
v 0.30431 -0.26679 -0.05040
v 0.29077 -0.25652 -0.05673
v 0.29729 -0.24665 -0.05694
v 0.30635 -0.24648 -0.05181
v 0.30454 -0.22698 -0.05696
v 0.29020 -0.23416 -0.06398
v 0.32458 -0.32652 -0.03175
v 0.31971 -0.26563 -0.04159
v 0.38583 -0.53641 0.01170
v 0.37801 -0.53999 0.00711
v 0.33833 -0.36751 -0.02403
v 0.27895 -0.23718 -0.06570
v 0.28273 -0.22136 -0.07204
v 0.36855 -0.54963 0.00708
v 0.32925 -0.34223 -0.02815
v 0.29505 -0.21744 -0.06784
v 0.38013 -0.56777 0.01221
v 0.37181 -0.57403 0.01167
v 0.38054 -0.59449 0.01575
v 0.38976 -0.59659 0.01970
v 0.38422 -0.61457 0.01848
v 0.39446 -0.63074 0.02307
v 0.38562 -0.63537 0.02011
v 0.39181 -0.65233 0.02215
v 0.40000 -0.65767 0.02627
v 0.39546 -0.59685 0.02363
v 0.39560 -0.67282 0.02364
v 0.40447 -0.67964 0.02800
v 0.40429 -0.69665 0.02574
v 0.39600 -0.69307 0.02275
v 0.39873 -0.70733 0.02192
v 0.41288 -0.71852 0.02655
v 0.38999 -0.56617 0.01781
v 0.29978 -0.20718 -0.06670
v 0.28915 -0.19935 -0.07536
v 0.29571 -0.19312 -0.07121
v 0.28751 -0.18803 -0.07665
v 0.27452 -0.18998 -0.08070
v 0.28122 -0.16934 -0.07614
v 0.26671 -0.17621 -0.08105
v 0.26716 -0.15855 -0.07798
v 0.27255 -0.14842 -0.07373
v 0.26302 -0.13137 -0.07206
v 0.27302 -0.12469 -0.06516
v 0.26172 -0.11440 -0.06775
v 0.26648 -0.10637 -0.06393
v 0.25640 -0.09246 -0.06679
v 0.27029 -0.09222 -0.05998
v 0.28118 -0.09206 -0.05091
v 0.27263 -0.06633 -0.05734
v 0.26458 -0.07580 -0.06211
v 0.28229 -0.11873 -0.05314
v 0.27948 -0.20707 -0.07759
v 0.26238 -0.05447 -0.06341
v 0.26376 -0.03549 -0.06203
v 0.25071 -0.05539 -0.06737
v 0.24310 -0.07953 -0.06962
v 0.23465 -0.04835 -0.07318
v 0.22599 -0.06165 -0.07711
v 0.22560 -0.08212 -0.07538
v 0.23150 -0.10698 -0.07137
v 0.21812 -0.03641 -0.08040
v 0.23128 -0.02224 -0.07503
v 0.21505 -0.00451 -0.08236
v 0.23295 -0.00542 -0.07486
v 0.25254 -0.00437 -0.06738
v 0.25063 -0.02690 -0.06812
v 0.26376 -0.03549 -0.06203
v 0.25254 -0.00437 -0.06738
v 0.26205 -0.00666 -0.06108
v 0.25063 -0.02690 -0.06812
v 0.36152 -0.65055 0.11050
v 0.35069 -0.62298 0.10920
v 0.36532 -0.63631 0.11594
v 0.37096 -0.65979 0.11495
v 0.36653 -0.66876 0.11001
v 0.35486 -0.61173 0.11527
v 0.37684 -0.68227 0.11509
v 0.37205 -0.68728 0.11059
v 0.34734 -0.59413 0.11425
v 0.33932 -0.60336 0.10456
v 0.33736 -0.58431 0.10880
v 0.33932 -0.56570 0.11502
v 0.32841 -0.55600 0.11110
v 0.33184 -0.54340 0.11757
v 0.35650 -0.65716 0.10388
v 0.34994 -0.63764 0.10327
v 0.36068 -0.67418 0.10285
v 0.36632 -0.69427 0.10307
v 0.38247 -0.70756 0.11664
v 0.37571 -0.70898 0.10981
v 0.34344 -0.62330 0.10100
v 0.33269 -0.59067 0.10141
v 0.32674 -0.56969 0.10299
v 0.32037 -0.54781 0.10683
v 0.38116 -0.72707 0.11299
v 0.38748 -0.73347 0.11715
v 0.38621 -0.75778 0.11376
v 0.39027 -0.75524 0.11708
v 0.39541 -0.77573 0.11611
v 0.35484 -0.58530 0.11970
v 0.36184 -0.60957 0.11888
v 0.31857 -0.53388 0.11487
v 0.35338 -0.56600 0.12111
v 0.34353 -0.54312 0.12100
v 0.32092 -0.52632 0.12149
v 0.31618 -0.51417 0.12322
v 0.31135 -0.51999 0.11424
v 0.30897 -0.50504 0.11834
v 0.30946 -0.48923 0.12386
v 0.31469 -0.49779 0.12621
v 0.29863 -0.47162 0.11438
v 0.30373 -0.46329 0.12210
v 0.29576 -0.44672 0.11572
v 0.30006 -0.43607 0.12120
v 0.29077 -0.42588 0.11213
v 0.29566 -0.41244 0.11759
v 0.28577 -0.40945 0.10727
v 0.29684 -0.31406 0.10041
v 0.29074 -0.33320 0.10259
v 0.28183 -0.29781 0.09011
v 0.29882 -0.29468 0.09521
v 0.29057 -0.27742 0.08673
v 0.30752 -0.34268 0.11042
v 0.29501 -0.36571 0.11069
v 0.30446 -0.38028 0.11664
v 0.28693 -0.34932 0.10382
v 0.29042 -0.38773 0.11155
v 0.30020 -0.40262 0.11879
v 0.27471 -0.28102 0.08041
v 0.27840 -0.26318 0.07683
v 0.28613 -0.36932 0.10589
v 0.27894 -0.32666 0.09375
v 0.28746 -0.26174 0.07987
v 0.30958 -0.42650 0.12382
v 0.31178 -0.45256 0.12583
v 0.31095 -0.47724 0.12591
v 0.27446 -0.30251 0.08556
v 0.26957 -0.26576 0.07073
v 0.27605 -0.25295 0.07137
v 0.27839 -0.35579 0.09697
v 0.26827 -0.28990 0.07650
v 0.28120 -0.38391 0.10215
v 0.30474 -0.26393 0.08566
v 0.29135 -0.25157 0.07627
v 0.30165 -0.24837 0.07985
v 0.29116 -0.24072 0.07020
v 0.28383 -0.24459 0.06803
v 0.27672 -0.24295 0.06284
v 0.29611 -0.23138 0.07231
v 0.28238 -0.23594 0.06113
v 0.28828 -0.22789 0.06457
v 0.29181 -0.21332 0.06540
v 0.28671 -0.21440 0.06200
v 0.28508 -0.20171 0.06123
v 0.27745 -0.20332 0.05515
v 0.27164 -0.18595 0.05367
v 0.28143 -0.18521 0.05938
v 0.27308 -0.16462 0.05403
v 0.26039 -0.17860 0.04699
v 0.26082 -0.20002 0.04245
v 0.26922 -0.20521 0.04630
v 0.27054 -0.32123 0.08333
v 0.27186 -0.25142 0.06542
v 0.27641 -0.23436 0.05265
v 0.27514 -0.22534 0.04728
v 0.26691 -0.23389 0.04063
v 0.26478 -0.22533 0.03842
v 0.25986 -0.23929 0.03811
v 0.25258 -0.23479 0.03470
v 0.25148 -0.25221 0.03743
v 0.26144 -0.24648 0.04282
v 0.25656 -0.26732 0.04272
v 0.24641 -0.26169 0.03592
v 0.26665 -0.21673 0.04042
v 0.26431 -0.27555 0.06551
v 0.26123 -0.25888 0.04693
v 0.25957 -0.27409 0.04966
v 0.26710 -0.24825 0.05245
v 0.26499 -0.26052 0.05979
v 0.27664 -0.21685 0.05058
v 0.23891 -0.24416 0.03298
v 0.14625 0.00589 0.05615
v 0.15530 -0.00270 0.06513
v 0.15190 -0.00781 0.05255
v 0.15838 -0.01903 0.05620
v 0.16453 -0.02755 0.06163
v 0.16623 -0.03875 0.05439
v 0.17260 -0.04880 0.05859
v 0.16212 -0.03545 0.04700
v 0.17397 -0.06367 0.04574
v 0.16979 -0.05669 0.03858
v 0.17560 -0.07182 0.04013
v 0.18135 -0.07880 0.04635
v 0.18143 -0.08706 0.03687
v 0.17758 -0.06456 0.05336
v 0.19161 -0.10590 0.03933
v 0.19043 -0.11260 0.02996
v 0.19753 -0.12975 0.02945
v 0.18910 -0.09069 0.04941
v 0.20147 -0.11376 0.04621
v 0.20698 -0.14474 0.03387
v 0.20353 -0.15356 0.02408
v 0.21258 -0.16929 0.02865
v 0.20636 -0.16751 0.01973
v 0.21404 -0.19133 0.02144
v 0.17007 -0.03012 0.06665
v 0.18590 -0.06789 0.06070
v 0.22194 -0.18411 0.03458
v 0.21610 -0.15916 0.03736
v 0.22271 -0.20233 0.02976
v 0.21813 -0.21572 0.01698
v 0.22721 -0.23107 0.02636
v 0.22490 -0.23798 0.02123
v 0.17645 -0.04499 0.06496
v 0.21086 -0.13138 0.04462
v 0.19549 -0.08768 0.05714
v 0.16484 -0.00717 0.07211
v 0.23694 -0.25437 0.02975
v 0.17646 -0.03056 0.07228
v 0.18439 -0.05164 0.06835
v 0.23120 -0.25689 0.02309
v 0.23895 -0.26708 0.02762
v 0.23420 -0.26809 0.01981
v 0.24257 -0.28175 0.02357
v 0.24922 -0.28284 0.03211
v 0.25521 -0.29913 0.03059
v 0.25606 -0.28549 0.04051
v 0.25366 -0.27592 0.03938
v 0.25957 -0.27409 0.04966
v 0.22885 -0.20451 0.03487
v 0.23127 -0.22650 0.03264
v 0.23891 -0.24416 0.03298
v 0.24641 -0.26169 0.03592
v 0.19131 -0.07063 0.06347
v 0.20712 -0.10678 0.05398
v 0.25656 -0.26732 0.04272
v 0.22266 -0.15365 0.04380
v 0.22795 -0.17147 0.04069
v 0.21754 -0.12987 0.04939
v 0.16733 0.00663 0.07922
v 0.17665 -0.01927 0.07550
v 0.30699 -0.45693 0.12937
v 0.30972 -0.43483 0.12934
v 0.29979 -0.44777 0.12636
v 0.30036 -0.42017 0.12555
v 0.30654 -0.47642 0.12909
v 0.31773 -0.47107 0.13216
v 0.31442 -0.48834 0.13128
v 0.31337 -0.49949 0.13037
v 0.31941 -0.45311 0.13170
v 0.29181 -0.41912 0.12059
v 0.29196 -0.40285 0.12028
v 0.29539 -0.25131 0.08321
v 0.28533 -0.25761 0.08244
v 0.29796 -0.27001 0.09106
v 0.28538 -0.27982 0.09096
v 0.30447 -0.29127 0.10031
v 0.30266 -0.30773 0.10527
v 0.30827 -0.27128 0.09385
v 0.30048 -0.24594 0.08383
v 0.31951 -0.25917 0.08862
v 0.30924 -0.23252 0.07834
v 0.30838 -0.24895 0.08543
v 0.31837 -0.28408 0.09896
v 0.29286 -0.21655 0.07164
v 0.29792 -0.21159 0.06976
v 0.29424 -0.22877 0.07634
v 0.28745 -0.20116 0.06663
v 0.29558 -0.19832 0.06532
v 0.31963 -0.30139 0.10568
v 0.32007 -0.32038 0.11191
v 0.33179 -0.32320 0.11270
v 0.32665 -0.34054 0.11834
v 0.33738 -0.34783 0.12033
v 0.32951 -0.36593 0.12467
v 0.34247 -0.37326 0.12710
v 0.31597 -0.34384 0.11765
v 0.30721 -0.21654 0.07023
v 0.33367 -0.30136 0.10335
v 0.28177 -0.18326 0.06410
v 0.28983 -0.18068 0.06265
v 0.28205 -0.15972 0.05978
v 0.27612 -0.16648 0.06045
v 0.27016 -0.15515 0.05826
v 0.33254 -0.28352 0.09480
v 0.35159 -0.35095 0.11613
v 0.34160 -0.33586 0.11452
v 0.34816 -0.36729 0.12345
v 0.34079 -0.31313 0.10498
v 0.35758 -0.37679 0.12263
v 0.35395 -0.39599 0.12964
v 0.36441 -0.40587 0.12828
v 0.34890 -0.33216 0.10887
v 0.35525 -0.42005 0.13441
v 0.37108 -0.43598 0.13309
v 0.34747 -0.39784 0.13191
v 0.36747 -0.44839 0.13619
v 0.37859 -0.46516 0.13515
v 0.33988 -0.39439 0.13100
v 0.32259 -0.39343 0.12789
v 0.33939 -0.41192 0.13289
v 0.31593 -0.41160 0.12844
v 0.30622 -0.37477 0.12110
v 0.30651 -0.35317 0.11721
v 0.30479 -0.39791 0.12445
v 0.30120 -0.32902 0.11051
v 0.34393 -0.43905 0.13493
v 0.32122 -0.43271 0.13061
v 0.35605 -0.43909 0.13697
v 0.35447 -0.46145 0.13675
v 0.36223 -0.46896 0.13806
v 0.33342 -0.44813 0.13232
v 0.39043 -0.70713 0.12262
v 0.38192 -0.69491 0.12205
v 0.38623 -0.71164 0.12281
v 0.38420 -0.68360 0.12238
v 0.39444 -0.72410 0.12177
v 0.38835 -0.73068 0.12243
v 0.39466 -0.74491 0.12167
v 0.38796 -0.75404 0.12124
v 0.39246 -0.77002 0.12188
v 0.39424 -0.68790 0.12110
v 0.39239 -0.66633 0.12080
v 0.38253 -0.65850 0.12271
v 0.38790 -0.64213 0.12261
v 0.37422 -0.63565 0.12327
v 0.37772 -0.61869 0.12431
v 0.38597 -0.61085 0.12359
v 0.37660 -0.59408 0.12524
v 0.38523 -0.58706 0.12409
v 0.36716 -0.60287 0.12533
v 0.37963 -0.56723 0.12569
v 0.36464 -0.58190 0.12592
v 0.36393 -0.55910 0.12647
v 0.37688 -0.54143 0.12692
v 0.38858 -0.55240 0.12453
v 0.38927 -0.53520 0.12558
v 0.37390 -0.52471 0.12834
v 0.35531 -0.53339 0.12685
v 0.34573 -0.53968 0.12637
v 0.33984 -0.51625 0.12774
v 0.35256 -0.50866 0.12872
v 0.35241 -0.56964 0.12532
v 0.33444 -0.49481 0.13050
v 0.32647 -0.53257 0.12553
v 0.34768 -0.48535 0.13195
v 0.32672 -0.47246 0.13212
v 0.32517 -0.50328 0.13109
v 0.34309 -0.46524 0.13304
v 0.39013 -0.57451 0.12267
v 0.38418 -0.50647 0.13191
v 0.37346 -0.50843 0.13224
v 0.37132 -0.48953 0.13670
v 0.36231 -0.49562 0.13371
v 0.38404 -0.49018 0.13475
v 0.37303 -0.47614 0.13717
v 0.19291 -0.08171 0.06499
v 0.19525 -0.07326 0.06829
v 0.18498 -0.06624 0.06762
v 0.18358 -0.05233 0.07322
v 0.19583 -0.05107 0.07502
v 0.20694 -0.07997 0.06722
v 0.20186 -0.10022 0.06000
v 0.21271 -0.09989 0.06126
v 0.17663 -0.03110 0.07780
v 0.18958 -0.02448 0.08115
v 0.21520 -0.11469 0.05779
v 0.20873 -0.11680 0.05605
v 0.22460 -0.13236 0.05477
v 0.21631 -0.13288 0.05330
v 0.22327 -0.15825 0.04804
v 0.23328 -0.15137 0.05122
v 0.23605 -0.16867 0.04764
v 0.22423 -0.17961 0.04230
v 0.23391 -0.12207 0.05733
v 0.24440 -0.14613 0.05314
v 0.24990 -0.13048 0.05765
v 0.21130 -0.03766 0.07848
v 0.24609 -0.11199 0.06046
v 0.26178 -0.12137 0.06077
v 0.17116 -0.01174 0.08067
v 0.20515 -0.02293 0.08147
v 0.22420 -0.01686 0.08392
v 0.23373 -0.03946 0.07982
v 0.21858 -0.06019 0.07192
v 0.23933 -0.07112 0.07038
v 0.24280 -0.05490 0.07541
v 0.22786 -0.08630 0.06394
v 0.24270 -0.03906 0.07972
v 0.23509 -0.10372 0.06040
v 0.24806 -0.09376 0.06499
v 0.25851 -0.10201 0.06326
v 0.25489 -0.08470 0.06678
v 0.19250 -0.00772 0.08409
v 0.17306 0.00184 0.08432
v 0.25660 -0.06750 0.07016
v 0.23864 -0.02911 0.08324
v 0.23565 -0.02928 0.08278
v 0.23194 -0.02726 0.08329
v 0.26432 -0.14195 0.05798
v 0.27827 -0.14429 0.05863
v 0.25427 -0.16810 0.05097
v 0.24315 -0.18316 0.04579
v 0.20881 -0.00445 0.08393
v 0.21690 0.00455 0.08636
v 0.22736 -0.19954 0.03994
v 0.23463 -0.20315 0.04056
v 0.25105 -0.21113 0.04114
v 0.23985 -0.22648 0.03823
v 0.25236 -0.22548 0.03936
v 0.23076 -0.22116 0.03837
v 0.23346 -0.23965 0.03687
v 0.22666 0.00091 0.08825
v 0.22928 -0.01664 0.08526
v 0.25727 -0.19429 0.04759
v 0.26317 -0.21357 0.04453
v 0.27016 -0.15515 0.05826
v 0.16476 0.00386 0.08250
v 0.24246 -0.24695 0.03852
v 0.27014 -0.11371 0.06043
v 0.23915 -0.25605 0.03745
v 0.25226 -0.23857 0.03963
v 0.28205 -0.15972 0.05978
v 0.25674 -0.04943 0.07367
v 0.26545 -0.22375 0.04396
v 0.26587 -0.09234 0.06245
v 0.25263 -0.03102 0.07811
v 0.24298 -0.02517 0.08263
v 0.24880 -0.01385 0.08174
v 0.26348 -0.06491 0.06778
v 0.24151 -0.00776 0.08600
v 0.24016 -0.02199 0.08515
v 0.28436 0.00806 0.05029
v 0.27905 0.00741 0.04797
v 0.28858 -0.02030 0.05293
v 0.28928 -0.00747 0.05418
v 0.29561 -0.03180 0.05695
v 0.29607 -0.04283 0.05837
v 0.30203 -0.05423 0.06317
v 0.30321 -0.04894 0.06430
v 0.30559 -0.05620 0.06824
v 0.30231 -0.06096 0.06648
v 0.29946 -0.05763 0.06310
v 0.29530 -0.05134 0.06176
v 0.28763 -0.02754 0.05427
v 0.29579 -0.02851 0.05911
v 0.28142 -0.00888 0.05144
v 0.29697 -0.06204 0.06641
v 0.29861 -0.06403 0.06935
v 0.30231 -0.06096 0.06648
v 0.30559 -0.05620 0.06824
v 0.30292 -0.06051 0.07133
v 0.29861 -0.06403 0.06935
v 0.26841 0.00729 0.07511
v 0.26984 0.00102 0.07082
v 0.27608 -0.02296 0.07562
v 0.27873 -0.02467 0.07798
v 0.28468 -0.04219 0.07758
v 0.29194 -0.05725 0.06908
v 0.29016 -0.05393 0.07324
v 0.28563 -0.04500 0.06972
v 0.28234 -0.04030 0.07422
v 0.29567 -0.06294 0.07012
v 0.28468 -0.04219 0.07758
v 0.27608 -0.02296 0.07562
v 0.29732 -0.06247 0.07363
v 0.29758 -0.05320 0.06969
v 0.29469 -0.04975 0.07022
v 0.29762 -0.05566 0.06953
v 0.29758 -0.05320 0.06969
v 0.29762 -0.05566 0.06953
v 0.29469 -0.04975 0.07022
v 0.27547 -0.00784 -0.05805
v 0.27284 -0.00958 -0.05537
v 0.26899 0.00872 -0.05721
v 0.27573 -0.01585 -0.05591
v 0.27369 -0.01975 -0.05138
v 0.27630 -0.02670 -0.05030
v 0.27117 -0.00570 -0.05370
v 0.23380 -0.05656 0.08540
v 0.23567 -0.03588 0.08398
v 0.23752 -0.03405 0.08507
v 0.23715 -0.05234 0.08720
v 0.23565 -0.02928 0.08278
v 0.23651 -0.07108 0.08646
v 0.23864 -0.02911 0.08324
v 0.24168 -0.14045 0.09898
v 0.23814 -0.13364 0.09355
v 0.24262 -0.13273 0.09556
v 0.23938 -0.12149 0.08988
v 0.24215 -0.12152 0.09120
v 0.23771 -0.14195 0.09838
v 0.23252 -0.13823 0.09558
v 0.23342 -0.12681 0.09108
v 0.23228 -0.14363 0.10022
v 0.24041 -0.08661 0.08927
v 0.23698 -0.08743 0.08756
v 0.23651 -0.07108 0.08646
v 0.24149 -0.10234 0.09028
v 0.23680 -0.10300 0.08991
v 0.23241 -0.08197 0.08861
v 0.23380 -0.05656 0.08540
v 0.23079 -0.10338 0.09189
v 0.22625 -0.08127 0.09438
v 0.22564 -0.05212 0.09235
v 0.21884 -0.06820 0.10046
v 0.23187 -0.04733 0.08576
v 0.22963 -0.02460 0.08693
v 0.22061 -0.02351 0.09567
v 0.22540 -0.00140 0.09076
v 0.21708 -0.05614 0.10181
v 0.21841 -0.03591 0.09924
v 0.21944 0.01279 0.09728
v 0.22712 -0.10185 0.09641
v 0.22982 -0.11588 0.09286
v 0.21918 -0.00915 0.09771
v 0.22271 -0.08796 0.10099
v 0.22666 0.00091 0.08825
v 0.22890 -0.13019 0.09726
v 0.22953 -0.14205 0.10137
v 0.22574 -0.10896 0.10136
v 0.21812 -0.07254 0.10362
v 0.23567 -0.03588 0.08398
v 0.22928 -0.01664 0.08526
v 0.23194 -0.02726 0.08329
v 0.23565 -0.02928 0.08278
v 0.23771 -0.14195 0.09838
v 0.23613 -0.14230 0.10258
v 0.23228 -0.14363 0.10022
v 0.24168 -0.14045 0.09898
v 0.23051 -0.14249 0.10484
v 0.22953 -0.14205 0.10137
v 0.22614 0.00876 0.10579
v 0.22330 -0.00420 0.10658
v 0.25084 0.00471 0.11028
v 0.25462 -0.00090 0.11101
v 0.25020 -0.01275 0.11194
v 0.25550 -0.01352 0.11203
v 0.25083 -0.02373 0.11430
v 0.24776 -0.02465 0.11306
v 0.25546 -0.03061 0.11473
v 0.22718 -0.02235 0.10603
v 0.22292 -0.02421 0.10718
v 0.22452 -0.04263 0.10901
v 0.22112 -0.04635 0.10886
v 0.22486 -0.05904 0.10788
v 0.22130 -0.06472 0.10893
v 0.22554 -0.08162 0.10814
v 0.22106 -0.08029 0.10629
v 0.22534 -0.09700 0.10543
v 0.23076 -0.11517 0.10706
v 0.22782 -0.12655 0.10417
v 0.23049 -0.13842 0.10599
v 0.23519 -0.13929 0.10527
v 0.23613 -0.13308 0.10554
v 0.23051 -0.14249 0.10484
v 0.23379 -0.11314 0.10574
v 0.23136 -0.09221 0.10599
v 0.24880 -0.03430 0.11851
v 0.24637 -0.02925 0.11702
v 0.24442 -0.02576 0.11409
v 0.24265 -0.03626 0.12270
v 0.23613 -0.14230 0.10258
v 0.24092 -0.13723 0.10132
v 0.24168 -0.14045 0.09898
v 0.24968 -0.02295 0.10783
v 0.25020 -0.01275 0.11194
v 0.24859 -0.01346 0.10920
v 0.24897 -0.00269 0.10805
v 0.25084 0.00471 0.11028
v 0.21993 0.00835 0.10119
v 0.22330 -0.00420 0.10658
v 0.22003 -0.01955 0.10258
v 0.22292 -0.02421 0.10718
v 0.21889 -0.04090 0.10406
v 0.22112 -0.04635 0.10886
v 0.21775 -0.06162 0.10575
v 0.22130 -0.06472 0.10893
v 0.22106 -0.08029 0.10629
v 0.22953 -0.14205 0.10137
v 0.23051 -0.14249 0.10484
v 0.22782 -0.12655 0.10417
v 0.23049 -0.13842 0.10599
v 0.22890 -0.13019 0.09726
v 0.22574 -0.10896 0.10136
v 0.22534 -0.09700 0.10543
v 0.22271 -0.08796 0.10099
v 0.21812 -0.07254 0.10362
v 0.21708 -0.05614 0.10181
v 0.21841 -0.03591 0.09924
v 0.21918 -0.00915 0.09771
v 0.22968 -0.02122 0.09714
v 0.22466 -0.02424 0.10075
v 0.22513 -0.00785 0.10091
v 0.22702 -0.00432 0.09985
v 0.22595 -0.03918 0.10187
v 0.22801 -0.04015 0.09936
v 0.22647 -0.04506 0.09991
v 0.22746 -0.05546 0.09872
v 0.22913 -0.00530 0.09613
v 0.22735 0.00133 0.09898
v 0.23207 -0.01939 0.09237
v 0.22917 0.00305 0.09462
v 0.22967 -0.03604 0.09543
v 0.22596 -0.05140 0.10181
v 0.22492 -0.05594 0.10039
v 0.22363 -0.04841 0.10270
v 0.22595 -0.03918 0.10187
v 0.22363 -0.04841 0.10270
v 0.22375 -0.03799 0.10085
v 0.22466 -0.02424 0.10075
v 0.22746 -0.05546 0.09872
v 0.22647 -0.04506 0.09991
v 0.22359 -0.04647 0.10048
v 0.22492 -0.05594 0.10039
v 0.22881 -0.01318 0.09376
v 0.22646 -0.00326 0.09626
v 0.22502 -0.01245 0.09763
v 0.22458 0.00234 0.09815
v 0.22720 -0.03230 0.09627
v 0.23207 -0.01939 0.09237
v 0.22967 -0.03604 0.09543
v 0.22627 -0.04471 0.09812
v 0.22375 -0.03799 0.10085
v 0.22466 -0.02424 0.10075
v 0.22917 0.00305 0.09462
v 0.22913 -0.00530 0.09613
v 0.22363 -0.04841 0.10270
v 0.22458 0.00234 0.09815
v 0.22513 -0.00785 0.10091
v 0.22502 -0.01245 0.09763
v 0.22466 -0.02424 0.10075
v 0.22746 -0.05546 0.09872
v 0.22627 -0.04471 0.09812
v 0.22647 -0.04506 0.09991
v 0.22627 -0.04471 0.09812
v 0.22359 -0.04647 0.10048
v 0.22647 -0.04506 0.09991
v 0.15039 -0.00162 -0.12088
v 0.14528 -0.00384 -0.12196
v 0.14943 -0.02386 -0.12306
v 0.14437 -0.02553 -0.12345
v 0.14173 -0.04648 -0.12383
v 0.14445 -0.05725 -0.12373
v 0.13852 -0.06417 -0.12265
v 0.13948 -0.07188 -0.12201
v 0.15455 -0.01045 -0.11912
v 0.15017 -0.04627 -0.12206
v 0.15281 -0.03048 -0.12141
v 0.14545 -0.06445 -0.12096
v 0.14142 -0.07342 -0.11940
v 0.14069 -0.07471 -0.11504
v 0.13859 -0.07400 -0.11292
v 0.13679 -0.07557 -0.11621
v 0.14588 -0.05897 -0.11296
v 0.14742 -0.05899 -0.11682
v 0.15112 -0.04040 -0.11546
v 0.15198 -0.02611 -0.11227
v 0.15423 -0.02059 -0.11668
v 0.15446 -0.00366 -0.11326
v 0.14545 -0.06445 -0.12096
v 0.15017 -0.04627 -0.12206
v 0.15281 -0.03048 -0.12141
v 0.14142 -0.07342 -0.11940
v 0.15455 -0.01045 -0.11912
v 0.15394 0.00681 -0.11682
v 0.14142 -0.07342 -0.11940
v 0.14069 -0.07471 -0.11504
v 0.13679 -0.07557 -0.11621
v 0.13948 -0.07188 -0.12201
v 0.14404 0.00604 -0.11065
v 0.13934 -0.00385 -0.10683
v 0.15094 0.00154 -0.11177
v 0.14366 -0.01357 -0.11032
v 0.14583 -0.02471 -0.11105
v 0.15446 -0.00366 -0.11326
v 0.15198 -0.02611 -0.11227
v 0.14570 -0.03980 -0.11157
v 0.14588 -0.05897 -0.11296
v 0.13861 -0.02886 -0.10800
v 0.14198 -0.05835 -0.11269
v 0.13859 -0.07400 -0.11292
v 0.13428 -0.00114 -0.10355
v 0.13334 -0.02410 -0.10219
v 0.13805 -0.02036 -0.10514
v 0.13347 -0.03327 -0.10256
v 0.13621 -0.07129 -0.11439
v 0.13679 -0.07557 -0.11621
v 0.14110 -0.04005 -0.11313
v 0.13900 -0.05603 -0.11653
v 0.14217 -0.03246 -0.11184
v 0.13798 -0.03038 -0.11130
v 0.12958 -0.04287 -0.10825
v 0.13364 -0.03804 -0.10993
v 0.13443 -0.03782 -0.10657
v 0.13101 -0.04167 -0.10396
v 0.12388 -0.04261 -0.10458
v 0.12376 -0.04329 -0.10758
v 0.14110 -0.04005 -0.11313
v 0.14217 -0.03246 -0.11184
v 0.14008 -0.02972 -0.11382
v 0.01373 -0.01018 -0.09605
v 0.01694 -0.00211 -0.09353
v 0.01873 -0.02885 -0.09358
v 0.01510 -0.02918 -0.09638
v 0.01857 -0.04386 -0.09400
v 0.02069 -0.05147 -0.09272
v 0.01872 -0.07360 -0.09304
v 0.02663 0.00897 -0.09295
v 0.02342 -0.01554 -0.09328
v 0.03690 -0.00767 -0.09256
v 0.03322 -0.02239 -0.09379
v 0.02687 -0.03286 -0.09298
v 0.02599 -0.05708 -0.09270
v 0.03202 -0.04285 -0.09349
v 0.02328 -0.07873 -0.09240
v 0.02328 -0.09062 -0.09228
v 0.02989 -0.07611 -0.09315
v 0.02844 -0.08851 -0.09347
v 0.01900 -0.09346 -0.09325
v 0.03291 -0.05962 -0.09456
v 0.03199 -0.08072 -0.09416
v 0.04156 -0.01121 -0.09476
v 0.04320 0.00124 -0.09223
v 0.04023 0.00407 -0.09106
v 0.12492 -0.03246 -0.10792
v 0.12834 -0.02537 -0.10350
v 0.12812 -0.01795 -0.10798
v 0.13066 -0.00052 -0.10600
v 0.13067 0.00510 -0.11167
v 0.12402 -0.03565 -0.10368
v 0.12207 -0.04026 -0.10680
v 0.12388 -0.04261 -0.10458
v 0.12376 -0.04329 -0.10758
v 0.14110 -0.03242 -0.11772
v 0.14110 -0.04005 -0.11313
v 0.14008 -0.02972 -0.11382
v 0.13956 -0.01705 -0.11414
v 0.13900 -0.05603 -0.11653
v 0.14173 -0.04648 -0.12383
v 0.13852 -0.06417 -0.12265
v 0.13642 -0.07086 -0.12003
v 0.13621 -0.07129 -0.11439
v 0.14437 -0.02553 -0.12345
v 0.14211 -0.01005 -0.11817
v 0.13679 -0.07557 -0.11621
v 0.14528 -0.00384 -0.12196
v 0.13948 -0.07188 -0.12201
v 0.13067 0.00510 -0.11167
v 0.13286 -0.00405 -0.11318
v 0.13963 0.01352 -0.12131
v 0.14211 -0.01005 -0.11817
v 0.14476 0.01256 -0.12447
v 0.14528 -0.00384 -0.12196
v 0.12920 -0.02009 -0.11052
v 0.13956 -0.01705 -0.11414
v 0.13546 -0.02404 -0.11245
v 0.12812 -0.01795 -0.10798
v 0.12492 -0.03246 -0.10792
v 0.14008 -0.02972 -0.11382
v 0.13798 -0.03038 -0.11130
v 0.13120 -0.03584 -0.11096
v 0.13364 -0.03804 -0.10993
v 0.12958 -0.04287 -0.10825
v 0.14217 -0.03246 -0.11184
v 0.12605 -0.03738 -0.10989
v 0.12376 -0.04329 -0.10758
v 0.12207 -0.04026 -0.10680
v 0.12605 -0.03738 -0.10989
v 0.12207 -0.04026 -0.10680
v 0.12492 -0.03246 -0.10792
v 0.07990 0.00771 -0.12754
v 0.07727 0.00710 -0.11754
v 0.07997 -0.01030 -0.12564
v 0.07616 -0.01734 -0.11831
v 0.07680 -0.02026 -0.12129
v 0.06708 -0.03140 -0.11792
v 0.08003 -0.00641 -0.12931
v 0.06808 -0.03112 -0.12175
v 0.06198 -0.03927 -0.12040
v 0.06043 -0.04076 -0.11566
v 0.06212 -0.05284 -0.11890
v 0.05992 -0.04881 -0.11401
v 0.06013 -0.07137 -0.11619
v 0.06137 -0.08236 -0.12099
v 0.05885 -0.09744 -0.11738
v 0.05724 -0.09626 -0.11472
v 0.05470 -0.11084 -0.11541
v 0.06213 -0.05499 -0.12332
v 0.05926 -0.09552 -0.12345
v 0.05622 -0.10665 -0.12102
v 0.06012 -0.07821 -0.12591
v 0.06274 -0.03288 -0.12549
v 0.07350 -0.01942 -0.12749
v 0.06808 -0.03112 -0.12175
v 0.07692 -0.01721 -0.12602
v 0.06198 -0.03927 -0.12040
v 0.07793 -0.00944 -0.13096
v 0.05818 -0.04086 -0.12552
v 0.07680 -0.02026 -0.12129
v 0.08003 -0.00641 -0.12931
v 0.07997 -0.01030 -0.12564
v 0.06048 -0.05603 -0.12645
v 0.06213 -0.05499 -0.12332
v 0.06012 -0.07821 -0.12591
v 0.05446 0.00386 -0.12097
v 0.04197 0.00323 -0.12113
v 0.05083 -0.01346 -0.12333
v 0.06321 -0.00602 -0.12296
v 0.05732 -0.02820 -0.12606
v 0.04528 -0.02196 -0.12435
v 0.03990 -0.00709 -0.12102
v 0.04934 -0.04039 -0.12562
v 0.05818 -0.04086 -0.12552
v 0.05623 -0.05592 -0.12718
v 0.06274 -0.03288 -0.12549
v 0.06048 -0.05603 -0.12645
v 0.07002 -0.01738 -0.12670
v 0.07350 -0.01942 -0.12749
v 0.04170 -0.02860 -0.12366
v 0.06012 -0.07821 -0.12591
v 0.05642 -0.08200 -0.12659
v 0.05346 -0.06502 -0.12668
v 0.05239 -0.05082 -0.12590
v 0.05926 -0.09552 -0.12345
v 0.05638 -0.09905 -0.12471
v 0.05209 -0.09672 -0.12481
v 0.05030 -0.10667 -0.12272
v 0.05622 -0.10665 -0.12102
v 0.07391 -0.01267 -0.12906
v 0.07793 -0.00944 -0.13096
v 0.07206 0.00004 -0.12917
v 0.07718 -0.00449 -0.13077
v 0.03665 0.00381 -0.11893
v 0.07082 -0.00606 -0.12642
v 0.05216 -0.08290 -0.12427
v 0.06487 0.00787 -0.12192
v 0.06804 0.00186 -0.12633
v 0.04827 -0.10542 -0.12098
v 0.04838 -0.11155 -0.11898
v 0.05193 -0.11283 -0.11652
v 0.05470 -0.11084 -0.11541
v 0.04723 0.00369 -0.11006
v 0.03735 0.00231 -0.10936
v 0.04117 -0.01216 -0.11114
v 0.06765 -0.00097 -0.11368
v 0.05874 -0.01607 -0.11415
v 0.04999 -0.03848 -0.11437
v 0.05696 -0.03296 -0.11537
v 0.06043 -0.04076 -0.11566
v 0.06708 -0.03140 -0.11792
v 0.07616 -0.01734 -0.11831
v 0.05717 -0.04894 -0.11307
v 0.07527 -0.00164 -0.11608
v 0.05992 -0.04881 -0.11401
v 0.06013 -0.07137 -0.11619
v 0.05587 -0.06789 -0.11576
v 0.05724 -0.09626 -0.11472
v 0.07727 0.00710 -0.11754
v 0.09785 -0.12897 0.19671
v 0.09935 -0.12179 0.19519
v 0.09798 -0.12840 0.20028
v 0.09543 -0.13448 0.20005
v 0.09832 -0.11796 0.19947
v 0.09795 -0.10465 0.19396
v 0.09734 -0.09436 0.19748
v 0.09505 -0.06887 0.19504
v 0.09511 -0.06928 0.20002
v 0.09424 -0.04713 0.20262
v 0.09333 -0.03808 0.19627
v 0.09095 -0.02647 0.19545
v 0.08948 -0.03263 0.20317
v 0.09461 -0.13307 0.20234
v 0.08998 -0.01298 0.19577
v 0.09132 -0.00835 0.19096
v 0.09359 0.00918 0.19313
v 0.09340 0.01027 0.18810
v 0.08914 -0.02169 0.18826
v 0.09718 -0.11721 0.19009
v 0.09795 -0.10465 0.19396
v 0.09935 -0.12179 0.19519
v 0.09501 -0.09696 0.18961
v 0.09505 -0.06887 0.19504
v 0.09610 -0.12527 0.19110
v 0.09785 -0.12897 0.19671
v 0.09466 -0.13305 0.19604
v 0.09543 -0.13448 0.20005
v 0.09161 -0.13171 0.19291
v 0.09290 -0.04550 0.19419
v 0.09333 -0.03808 0.19627
v 0.09505 -0.06887 0.19504
v 0.09124 -0.07121 0.19061
v 0.09501 -0.09696 0.18961
v 0.08788 -0.03552 0.19134
v 0.08914 -0.02169 0.18826
v 0.08745 -0.05271 0.19250
v 0.08532 -0.02108 0.18643
v 0.08793 -0.00743 0.18565
v 0.09143 0.01584 0.18554
v 0.08873 -0.09416 0.19021
v 0.09233 -0.11499 0.18992
v 0.09718 -0.11721 0.19009
v 0.09610 -0.12527 0.19110
v 0.09161 -0.13171 0.19291
v 0.08702 -0.13020 0.19319
v 0.08413 -0.03689 0.19230
v 0.08657 -0.11642 0.19218
v 0.08517 -0.07338 0.19354
v 0.08485 -0.09929 0.19292
v 0.08397 -0.05537 0.19531
v 0.09331 -0.11396 0.19488
v 0.09126 -0.10801 0.19552
v 0.09164 -0.12047 0.19543
v 0.09146 -0.09388 0.19533
v 0.09376 -0.12232 0.19574
v 0.09227 -0.12352 0.19722
v 0.09376 -0.12232 0.19574
v 0.09305 -0.11246 0.19649
v 0.09331 -0.11396 0.19488
v 0.09146 -0.09388 0.19533
v 0.09227 -0.12352 0.19722
v 0.09305 -0.11246 0.19649
v 0.09227 -0.12352 0.19722
v 0.09126 -0.10801 0.19552
v 0.09146 -0.09388 0.19533
v 0.09164 -0.12047 0.19543
v 0.08956 -0.04551 0.19850
v 0.08754 -0.04019 0.19738
v 0.08709 -0.04582 0.19904
v 0.08954 -0.06075 0.19801
v 0.08549 -0.03788 0.20099
v 0.08725 -0.03651 0.19895
v 0.08842 -0.04797 0.20121
v 0.08956 -0.04551 0.19850
v 0.08858 -0.04243 0.20135
v 0.08725 -0.03651 0.19895
v 0.08954 -0.06075 0.19801
v 0.08842 -0.04797 0.20121
v 0.08754 -0.04019 0.19738
v 0.08842 -0.04797 0.20121
v 0.08549 -0.03788 0.20099
v 0.08858 -0.04243 0.20135
v 0.08725 -0.03651 0.19895
v 0.04999 -0.09323 -0.11877
v 0.05372 -0.08378 -0.11688
v 0.05187 -0.07054 -0.11957
v 0.05332 -0.09970 -0.11481
v 0.05587 -0.06789 -0.11576
v 0.04752 -0.10695 -0.11743
v 0.04831 -0.11112 -0.11540
v 0.05724 -0.09626 -0.11472
v 0.05230 -0.10988 -0.11407
v 0.05291 -0.05040 -0.11563
v 0.05717 -0.04894 -0.11307
v 0.04999 -0.03848 -0.11437
v 0.04617 -0.03971 -0.11823
v 0.05193 -0.11283 -0.11652
v 0.05470 -0.11084 -0.11541
v 0.03676 -0.00011 -0.11192
v 0.03735 0.00231 -0.10936
v 0.04117 -0.01216 -0.11114
v 0.03901 -0.01398 -0.11392
v 0.04204 -0.03174 -0.11493
v 0.05193 -0.11283 -0.11652
v 0.04831 -0.11112 -0.11540
v 0.04838 -0.11155 -0.11898
v 0.03628 0.00007 -0.11598
v 0.03676 -0.00011 -0.11192
v 0.03665 0.00381 -0.11893
v 0.03901 -0.01398 -0.11392
v 0.03855 -0.01156 -0.11870
v 0.04085 -0.02981 -0.11958
v 0.04170 -0.02860 -0.12366
v 0.03990 -0.00709 -0.12102
v 0.04934 -0.04039 -0.12562
v 0.05068 -0.04767 -0.12017
v 0.04562 -0.03843 -0.12328
v 0.04170 -0.02860 -0.12366
v 0.04085 -0.02981 -0.11958
v 0.05239 -0.05082 -0.12590
v 0.05186 -0.06307 -0.12305
v 0.05346 -0.06502 -0.12668
v 0.05216 -0.08290 -0.12427
v 0.04085 -0.02981 -0.11958
v 0.04204 -0.03174 -0.11493
v 0.03901 -0.01398 -0.11392
v 0.05068 -0.04767 -0.12017
v 0.05291 -0.05040 -0.11563
v 0.04617 -0.03971 -0.11823
v 0.04562 -0.03843 -0.12328
v 0.05187 -0.07054 -0.11957
v 0.05186 -0.06307 -0.12305
v 0.05216 -0.08290 -0.12427
v 0.04999 -0.09323 -0.11877
v 0.05209 -0.09672 -0.12481
v 0.04999 -0.09323 -0.11877
v 0.05216 -0.08290 -0.12427
v 0.04827 -0.10542 -0.12098
v 0.04752 -0.10695 -0.11743
v 0.04838 -0.11155 -0.11898
v 0.04831 -0.11112 -0.11540
v 0.03367 -0.05402 -0.09941
v 0.03456 -0.03200 -0.10081
v 0.03477 -0.03639 -0.09627
v 0.03570 -0.02205 -0.09708
v 0.03603 -0.01991 -0.10083
v 0.03291 -0.05962 -0.09456
v 0.03289 -0.07245 -0.09656
v 0.03199 -0.08072 -0.09416
v 0.03227 -0.08359 -0.09853
v 0.03013 -0.08811 -0.09615
v 0.03123 -0.07337 -0.09991
v 0.02844 -0.08851 -0.09347
v 0.03322 -0.02239 -0.09379
v 0.03202 -0.04285 -0.09349
v 0.04156 -0.01121 -0.09476
v 0.04040 -0.01582 -0.09819
v 0.04414 -0.00522 -0.09751
v 0.04320 0.00124 -0.09223
v 0.04460 0.00392 -0.09598
v 0.04206 -0.00877 -0.10048
v 0.04241 0.00511 -0.10054
v 0.02782 -0.08910 -0.09900
v 0.02217 -0.09475 -0.09493
v 0.02143 -0.09441 -0.09821
v 0.02844 -0.08851 -0.09347
v 0.02328 -0.09062 -0.09228
v 0.02217 -0.09475 -0.09493
v 0.01900 -0.09346 -0.09325
v 0.03013 -0.08811 -0.09615
v 0.02217 -0.09475 -0.09493
v 0.01900 -0.09346 -0.09325
v 0.01834 -0.09350 -0.09718
v 0.02143 -0.09441 -0.09821
v 0.05174 -0.02963 -0.11945
v 0.05187 -0.02161 -0.11927
v 0.05137 -0.03621 -0.12091
v 0.05600 -0.04469 -0.12040
v 0.04721 -0.02075 -0.11923
v 0.04554 -0.02534 -0.11932
v 0.05137 -0.03621 -0.12091
v 0.04787 -0.03077 -0.11921
v 0.05600 -0.04469 -0.12040
v 0.04554 -0.02534 -0.11932
v 0.04554 -0.02534 -0.11932
v 0.04721 -0.02075 -0.11923
v 0.04654 -0.02071 -0.11756
v 0.05187 -0.02161 -0.11927
v 0.04654 -0.02071 -0.11756
v 0.04721 -0.02075 -0.11923
v 0.05174 -0.02963 -0.11945
v 0.04787 -0.03077 -0.11921
v 0.05187 -0.02161 -0.11927
v 0.05600 -0.04469 -0.12040
v 0.04654 -0.02071 -0.11756
v 0.04554 -0.02534 -0.11932
v 0.04654 -0.02071 -0.11756
v 0.04444 -0.01680 -0.11727
v 0.04778 -0.01630 -0.11716
v 0.04721 -0.02075 -0.11923
v 0.04654 -0.02071 -0.11756
v 0.04778 -0.01630 -0.11716
v 0.04721 -0.02075 -0.11923
v 0.04778 -0.01630 -0.11716
v 0.04444 -0.01680 -0.11727
v 0.04721 -0.02075 -0.11923
v 0.04444 -0.01680 -0.11727
v 0.04654 -0.02071 -0.11756
v 0.04778 -0.01630 -0.11716
v 0.04654 -0.01048 -0.11725
v 0.04444 -0.01680 -0.11727
v 0.04778 -0.01630 -0.11716
v 0.04444 -0.01680 -0.11727
v 0.04654 -0.01048 -0.11725
v -0.00189 -0.01499 -0.11347
v 0.00271 -0.00459 -0.11278
v 0.00120 -0.01168 -0.11610
v 0.06764 0.00321 0.20352
v 0.06643 -0.00268 0.19679
v 0.06681 -0.01042 0.20214
v 0.06863 -0.01911 0.20123
v 0.06875 -0.01477 0.20395
v 0.06873 0.00628 0.19190
v 0.07001 -0.01598 0.19756
vt 0.06841 0.48618
vt 0.07000 0.48031
vt 0.07022 0.48686
vt 0.06654 0.48026
vt 0.06464 0.47338
vt 0.06867 0.47155
vt 0.06547 0.46434
vt 0.06551 0.48390
vt 0.06120 0.46843
vt 0.06158 0.45844
vt 0.06615 0.45502
vt 0.06144 0.44906
vt 0.05719 0.45117
vt 0.05673 0.44248
vt 0.06124 0.44104
vt 0.05460 0.44546
vt 0.05683 0.43552
vt 0.06191 0.43292
vt 0.05284 0.43397
vt 0.06660 0.43528
vt 0.06792 0.42899
vt 0.06770 0.44301
vt 0.06557 0.44791
vt 0.07359 0.43151
vt 0.07062 0.42411
vt 0.07700 0.42557
vt 0.06481 0.42272
vt 0.05839 0.42800
vt 0.05277 0.42682
vt 0.05436 0.41944
vt 0.04985 0.41989
vt 0.04963 0.42655
vt 0.05994 0.42095
vt 0.05310 0.41183
vt 0.04786 0.40871
vt 0.05106 0.40528
vt 0.05570 0.40616
vt 0.05842 0.41368
vt 0.06343 0.41652
vt 0.07049 0.41683
vt 0.06403 0.41102
vt 0.07545 0.41829
vt 0.07463 0.40963
vt 0.07035 0.40758
vt 0.07796 0.40643
vt 0.07914 0.41404
vt 0.05952 0.40414
vt 0.07124 0.40080
vt 0.06538 0.40517
vt 0.07944 0.39828
vt 0.05017 0.43752
vt 0.07125 0.43812
vt 0.07066 0.44776
vt 0.07034 0.45452
vt 0.05564 0.45651
vt 0.05735 0.46605
vt 0.08193 0.40448
vt 0.08219 0.41072
vt 0.06273 0.47890
vt 0.06617 0.48841
vt 0.08019 0.42228
vt 0.06959 0.46335
vt 0.06904 0.49223
vt 0.07337 0.44341
vt 0.07539 0.43715
vt 0.07752 0.43109
vt 0.05883 0.47421
vt 0.05214 0.44687
vt 0.04631 0.41696
vt 0.06667 0.49375
vt 0.04539 0.40532
vt 0.07061 0.49225
vt 0.08304 0.41514
vt 0.06638 0.49937
vt 0.06870 0.50091
vt 0.04762 0.42760
vt 0.08061 0.42742
vt 0.07051 0.49724
vt 0.05210 0.45428
vt 0.05339 0.46203
vt 0.04334 0.40826
vt 0.08506 0.40576
vt 0.08637 0.40103
vt 0.06562 0.50587
vt 0.06827 0.50798
vt 0.06092 0.48215
vt 0.07950 0.43255
vt 0.06334 0.49871
vt 0.07724 0.44100
vt 0.05503 0.47252
vt 0.06520 0.51158
vt 0.07341 0.45115
vt 0.07045 0.51117
vt 0.07100 0.50585
vt 0.07498 0.50811
vt 0.07138 0.50162
vt 0.07448 0.51203
vt 0.07865 0.50825
vt 0.07135 0.51614
vt 0.07772 0.50485
vt 0.07517 0.50426
vt 0.08179 0.50792
vt 0.06624 0.51542
vt 0.07701 0.50140
vt 0.06702 0.51924
vt 0.06412 0.52011
vt 0.06453 0.52433
vt 0.06943 0.52106
vt 0.07825 0.51277
vt 0.07562 0.51714
vt 0.08057 0.51499
vt 0.07923 0.52182
vt 0.08278 0.52271
vt 0.08014 0.52727
vt 0.07648 0.52454
vt 0.08302 0.53290
vt 0.08102 0.53468
vt 0.07847 0.52910
vt 0.07909 0.53673
vt 0.08111 0.54237
vt 0.07839 0.54165
vt 0.07763 0.54523
vt 0.08002 0.54785
vt 0.08192 0.54864
vt 0.08133 0.55309
vt 0.07896 0.55392
vt 0.08047 0.55739
vt 0.08333 0.55690
vt 0.08063 0.56202
vt 0.08415 0.56579
vt 0.08079 0.56799
vt 0.08225 0.56924
vt 0.08015 0.57448
vt 0.08367 0.57497
vt 0.08169 0.57808
vt 0.07893 0.58076
vt 0.08128 0.58273
vt 0.07854 0.58704
vt 0.08032 0.58755
vt 0.08135 0.59279
vt 0.07916 0.59406
vt 0.08081 0.59768
vt 0.07818 0.59681
vt 0.08404 0.58037
vt 0.08342 0.58881
vt 0.07779 0.55057
vt 0.07793 0.60013
vt 0.08396 0.59832
vt 0.08588 0.58408
vt 0.08407 0.55073
vt 0.08203 0.60210
vt 0.08538 0.59339
vt 0.08582 0.57243
vt 0.07728 0.53711
vt 0.07695 0.53111
vt 0.07979 0.60114
vt 0.08639 0.57678
vt 0.08550 0.60445
vt 0.08451 0.53983
vt 0.07757 0.60456
vt 0.08605 0.58920
vt 0.07741 0.57580
vt 0.07861 0.56949
vt 0.07828 0.56486
vt 0.07757 0.55959
vt 0.08602 0.54559
vt 0.08574 0.59857
vt 0.07676 0.58088
vt 0.06936 0.52673
vt 0.06521 0.52855
vt 0.06235 0.51433
vt 0.07910 0.60479
vt 0.08091 0.60444
vt 0.08688 0.56077
vt 0.08743 0.55285
vt 0.06863 0.53390
vt 0.07690 0.59213
vt 0.07591 0.58711
vt 0.05129 0.46983
vt 0.07718 0.55488
vt 0.04600 0.42959
vt 0.04435 0.42317
vt 0.07224 0.52170
vt 0.06436 0.49061
vt 0.07803 0.60963
vt 0.08017 0.60852
vt 0.06119 0.49256
vt 0.06180 0.50297
vt 0.08554 0.52970
vt 0.08650 0.53614
vt 0.08368 0.51450
vt 0.06418 0.53722
vt 0.06036 0.52530
vt 0.06128 0.51982
vt 0.06137 0.53142
vt 0.06301 0.50827
vt 0.04807 0.44258
vt 0.04640 0.43678
vt 0.05001 0.44901
vt 0.07971 0.61237
vt 0.08787 0.56810
vt 0.08158 0.49909
vt 0.07669 0.54211
vt 0.05879 0.48669
vt 0.05106 0.47915
vt 0.04622 0.47335
vt 0.04678 0.46998
vt 0.04877 0.46364
vt 0.07648 0.59625
vt 0.08326 0.60618
vt 0.07878 0.61635
vt 0.08047 0.61594
vt 0.08080 0.61846
vt 0.07970 0.61887
vt 0.08023 0.62023
vt 0.08179 0.61911
vt 0.07823 0.62038
vt 0.07818 0.61838
vt 0.07987 0.62314
vt 0.07644 0.62245
vt 0.07765 0.62471
vt 0.08251 0.62460
vt 0.07450 0.62437
vt 0.08209 0.62157
vt 0.07575 0.62733
vt 0.07852 0.62688
vt 0.07581 0.62978
vt 0.07188 0.62952
vt 0.07265 0.62774
vt 0.06933 0.63007
vt 0.06943 0.63162
vt 0.06700 0.63072
vt 0.06666 0.63277
vt 0.06950 0.63359
vt 0.06687 0.63429
vt 0.06501 0.63383
vt 0.07291 0.63101
vt 0.06954 0.62807
vt 0.07242 0.62636
vt 0.06442 0.63113
vt 0.07784 0.62944
vt 0.07644 0.63200
vt 0.07381 0.63275
vt 0.08018 0.62799
vt 0.08290 0.62657
vt 0.08172 0.60781
vt 0.08616 0.60922
vt 0.06515 0.63534
vt 0.08891 0.54014
vt 0.06802 0.63524
vt 0.07078 0.46854
vt 0.08728 0.60190
vt 0.08143 0.61166
vt 0.07266 0.47341
vt 0.08785 0.58488
vt 0.08855 0.57905
vt 0.08819 0.57453
vt 0.08675 0.52247
vt 0.09112 0.54763
vt 0.07182 0.48429
vt 0.07373 0.48029
vt 0.06643 0.62859
vt 0.06538 0.63669
vt 0.09053 0.56012
vt 0.09149 0.55484
vt 0.07458 0.62163
vt 0.07576 0.62000
vt 0.06303 0.63325
vt 0.07714 0.44674
vt 0.08008 0.63049
vt 0.07865 0.63195
vt 0.08163 0.61734
vt 0.08463 0.62464
vt 0.08361 0.62297
vt 0.08792 0.59083
vt 0.08771 0.59669
vt 0.07389 0.45856
vt 0.07434 0.46610
vt 0.08326 0.62075
vt 0.08560 0.62624
vt 0.08555 0.51027
vt 0.07175 0.62481
vt 0.08917 0.60525
vt 0.07287 0.62218
vt 0.09020 0.53354
vt 0.09002 0.52858
vt 0.07235 0.63500
vt 0.07760 0.49722
vt 0.08236 0.61432
vt 0.06353 0.63660
vt 0.06299 0.63511
vt 0.08258 0.61876
vt 0.08500 0.50269
vt 0.07266 0.48945
vt 0.07396 0.48617
vt 0.09016 0.60991
vt 0.08751 0.61213
vt 0.08965 0.61437
vt 0.09110 0.61426
vt 0.08922 0.61889
vt 0.08794 0.61641
vt 0.08733 0.62111
vt 0.09000 0.62172
vt 0.08767 0.62418
vt 0.09123 0.61770
vt 0.08983 0.62445
vt 0.07441 0.50014
vt 0.07324 0.49409
vt 0.08194 0.62940
vt 0.08809 0.51757
vt 0.09022 0.52299
vt 0.09359 0.55842
vt 0.08337 0.61001
vt 0.08431 0.61352
vt 0.07508 0.63411
vt 0.08302 0.63269
vt 0.08350 0.63170
vt 0.08435 0.63261
vt 0.08545 0.63148
vt 0.08643 0.63255
vt 0.08634 0.63374
vt 0.08357 0.63060
vt 0.08481 0.63386
vt 0.08779 0.63388
vt 0.08896 0.63274
vt 0.08635 0.63486
vt 0.08764 0.63086
vt 0.08903 0.63152
vt 0.07323 0.61969
vt 0.06886 0.62604
vt 0.08504 0.62239
vt 0.08884 0.60114
vt 0.09210 0.53952
vt 0.07694 0.63378
vt 0.08288 0.61662
vt 0.06181 0.63135
vt 0.06366 0.62922
vt 0.06128 0.63805
vt 0.07535 0.45426
vt 0.08553 0.62975
vt 0.09171 0.60931
vt 0.08663 0.61520
vt 0.08399 0.62825
vt 0.08291 0.63444
vt 0.07720 0.61598
vt 0.06151 0.63904
vt 0.05985 0.63843
vt 0.05989 0.63964
vt 0.05859 0.64007
vt 0.05870 0.63902
vt 0.05881 0.63814
vt 0.05758 0.63856
vt 0.05696 0.63954
vt 0.05786 0.63780
vt 0.05793 0.64092
vt 0.06109 0.63685
vt 0.09485 0.55491
vt 0.09421 0.54653
vt 0.08966 0.57526
vt 0.09038 0.57039
vt 0.09159 0.56520
vt 0.09376 0.56209
vt 0.08480 0.49580
vt 0.08060 0.49476
vt 0.08844 0.62582
vt 0.09085 0.62664
vt 0.06095 0.63413
vt 0.08602 0.61934
vt 0.09045 0.63024
vt 0.09054 0.63208
vt 0.05656 0.64023
vt 0.09317 0.53100
vt 0.09215 0.52449
vt 0.08794 0.63531
vt 0.08475 0.63502
vt 0.09433 0.53524
vt 0.09503 0.54051
vt 0.08923 0.58267
vt 0.08971 0.58595
vt 0.07620 0.60379
vt 0.07604 0.60794
vt 0.09158 0.60394
vt 0.08811 0.50815
vt 0.07537 0.61770
vt 0.07655 0.61177
vt 0.08407 0.49172
vt 0.08070 0.49075
vt 0.07540 0.60065
vt 0.05852 0.63715
vt 0.06005 0.63592
vt 0.08943 0.59760
vt 0.08944 0.59360
vt 0.08976 0.59015
vt 0.08728 0.49990
vt 0.09009 0.63358
vt 0.07100 0.54002
vt 0.08888 0.62888
vt 0.05993 0.49875
vt 0.07446 0.57230
vt 0.07310 0.57822
vt 0.04591 0.47756
vt 0.09135 0.62349
vt 0.09148 0.62105
vt 0.06035 0.53776
vt 0.06182 0.54315
vt 0.06569 0.54637
vt 0.06867 0.54401
vt 0.07088 0.55043
vt 0.05632 0.63755
vt 0.05487 0.63802
vt 0.04291 0.41555
vt 0.04533 0.46501
vt 0.04766 0.45924
vt 0.07460 0.61558
vt 0.08049 0.63365
vt 0.06713 0.55374
vt 0.06961 0.55966
vt 0.06585 0.55932
vt 0.06898 0.56564
vt 0.07445 0.58234
vt 0.06190 0.54853
vt 0.04360 0.47135
vt 0.06343 0.55593
vt 0.07014 0.62271
vt 0.04841 0.48629
vt 0.05141 0.48708
vt 0.05458 0.63955
vt 0.05348 0.63900
vt 0.05198 0.63733
vt 0.05191 0.63873
vt 0.04944 0.63998
vt 0.05008 0.64166
vt 0.04903 0.64239
vt 0.04797 0.64188
vt 0.04816 0.64316
vt 0.04928 0.64358
vt 0.05240 0.63961
vt 0.05152 0.63965
vt 0.04860 0.64444
vt 0.04899 0.63872
vt 0.05320 0.64044
vt 0.04802 0.63946
vt 0.05165 0.64081
vt 0.04725 0.64228
vt 0.04798 0.64397
vt 0.05427 0.63654
vt 0.09035 0.57837
vt 0.06531 0.62729
vt 0.09199 0.61420
vt 0.07133 0.61990
vt 0.07205 0.61776
vt 0.05761 0.49480
vt 0.09131 0.51729
vt 0.07464 0.59336
vt 0.04720 0.64313
vt 0.05498 0.49071
vt 0.04905 0.45473
vt 0.04674 0.64087
vt 0.07206 0.56353
vt 0.05911 0.51417
vt 0.07170 0.56902
vt 0.06562 0.56447
vt 0.06843 0.57100
vt 0.07525 0.56734
vt 0.07573 0.56337
vt 0.05668 0.64160
vt 0.07300 0.53196
vt 0.07420 0.52602
vt 0.07507 0.53824
vt 0.09100 0.60062
vt 0.09204 0.63290
vt 0.05018 0.63685
vt 0.06050 0.63096
vt 0.06239 0.62845
vt 0.05891 0.63378
vt 0.05388 0.63531
vt 0.05630 0.63427
vt 0.07336 0.58656
vt 0.06959 0.57667
vt 0.05486 0.64122
vt 0.07208 0.59107
vt 0.07445 0.55931
vt 0.07399 0.55451
vt 0.07586 0.54885
vt 0.08425 0.61668
vt 0.08360 0.61891
vt 0.05813 0.52048
vt 0.07289 0.54394
vt 0.05772 0.53124
vt 0.04122 0.40671
vt 0.06044 0.50828
vt 0.05047 0.49294
vt 0.06640 0.62493
vt 0.07331 0.59584
vt 0.08987 0.63533
vt 0.07069 0.58100
vt 0.07092 0.58621
vt 0.05752 0.52532
vt 0.05638 0.63588
vt 0.05168 0.63543
vt 0.04728 0.45051
vt 0.07418 0.61258
vt 0.05812 0.50076
vt 0.05345 0.49728
vt 0.04855 0.63757
vt 0.09204 0.63148
vt 0.09165 0.62946
vt 0.07442 0.60432
vt 0.07470 0.60855
vt 0.06753 0.62225
vt 0.09274 0.62999
vt 0.06320 0.62637
vt 0.06953 0.61991
vt 0.09114 0.63442
vt 0.07038 0.61785
vt 0.05756 0.63241
vt 0.09241 0.62687
vt 0.04727 0.63857
vt 0.04631 0.63988
vt 0.06083 0.62828
vt 0.05896 0.63025
vt 0.06480 0.62380
vt 0.01189 0.11725
vt 0.00930 0.12007
vt 0.01035 0.12608
vt 0.01483 0.12173
vt 0.01258 0.12756
vt 0.01095 0.13263
vt 0.00948 0.12919
vt 0.00882 0.13551
vt 0.00974 0.13784
vt 0.00836 0.14175
vt 0.01008 0.14220
vt 0.00901 0.12430
vt 0.01212 0.13867
vt 0.00800 0.14376
vt 0.00889 0.14404
vt 0.01727 0.11824
vt 0.01332 0.13362
vt 0.01079 0.14277
vt 0.01217 0.14143
vt 0.01680 0.12188
vt 0.01487 0.12467
vt 0.01413 0.12782
vt 0.00848 0.12100
vt 0.42138 0.92363
vt 0.41877 0.92341
vt 0.42153 0.92942
vt 0.41443 0.92171
vt 0.41183 0.91903
vt 0.41234 0.92871
vt 0.41482 0.92626
vt 0.41419 0.93080
vt 0.41542 0.92319
vt 0.41769 0.92604
vt 0.41609 0.93047
vt 0.42097 0.93646
vt 0.41170 0.93069
vt 0.45022 0.09085
vt 0.45581 0.08825
vt 0.45652 0.09120
vt 0.46299 0.08970
vt 0.46302 0.08768
vt 0.46957 0.08775
vt 0.46555 0.09114
vt 0.47177 0.09046
vt 0.47504 0.08693
vt 0.47888 0.09019
vt 0.48259 0.08595
vt 0.48474 0.08870
vt 0.48941 0.08485
vt 0.48498 0.09220
vt 0.49051 0.08983
vt 0.49181 0.09351
vt 0.49656 0.09058
vt 0.49862 0.09366
vt 0.50056 0.09079
vt 0.50272 0.09331
vt 0.50409 0.09029
vt 0.50591 0.09163
vt 0.47957 0.09281
vt 0.47386 0.09308
vt 0.46932 0.09234
vt 0.48582 0.09440
vt 0.48088 0.09485
vt 0.45069 0.09435
vt 0.45663 0.09317
vt 0.46129 0.09268
vt 0.92670 0.75316
vt 0.93065 0.75557
vt 0.92887 0.75789
vt 0.93275 0.75875
vt 0.93359 0.75129
vt 0.92556 0.75772
vt 0.92373 0.75283
vt 0.92695 0.76238
vt 0.93051 0.76295
vt 0.93103 0.77257
vt 0.93379 0.77067
vt 0.93521 0.77710
vt 0.93447 0.76505
vt 0.93378 0.77957
vt 0.92955 0.77685
vt 0.93113 0.78615
vt 0.93391 0.78509
vt 0.93233 0.79172
vt 0.93632 0.78843
vt 0.93078 0.74934
vt 0.92816 0.75042
vt 0.92570 0.74952
vt 0.92977 0.79230
vt 0.92651 0.76922
vt 0.93623 0.75771
vt 0.93704 0.78260
vt 0.93382 0.74623
vt 0.93149 0.74538
vt 0.92072 0.75919
vt 0.92920 0.78685
vt 0.92855 0.78085
vt 0.93278 0.74255
vt 0.93370 0.74167
vt 0.93151 0.74109
vt 0.93255 0.73724
vt 0.93417 0.73678
vt 0.93309 0.73478
vt 0.92115 0.75321
vt 0.93022 0.74209
vt 0.92384 0.77346
vt 0.92041 0.76472
vt 0.91717 0.76263
vt 0.91653 0.75807
vt 0.91849 0.75497
vt 0.91413 0.75254
vt 0.91843 0.76745
vt 0.91359 0.76141
vt 0.92649 0.78974
vt 0.92321 0.77888
vt 0.92774 0.79532
vt 0.91821 0.75021
vt 0.92658 0.74542
vt 0.93155 0.73487
vt 0.92798 0.74712
vt 0.92759 0.74285
vt 0.92630 0.74115
vt 0.91423 0.75833
vt 0.91532 0.74858
vt 0.91279 0.74711
vt 0.91465 0.74509
vt 0.91277 0.74385
vt 0.91394 0.74209
vt 0.91207 0.73940
vt 0.91341 0.73701
vt 0.91665 0.74598
vt 0.91797 0.74606
vt 0.91689 0.74221
vt 0.91291 0.73544
vt 0.92436 0.74805
vt 0.91522 0.74078
vt 0.92577 0.74485
vt 0.92178 0.74913
vt 0.92323 0.74616
vt 0.92821 0.74157
vt 0.91462 0.73526
vt 0.91612 0.73678
vt 0.91599 0.73889
vt 0.92129 0.74597
vt 0.92161 0.74140
vt 0.92034 0.74213
vt 0.92057 0.73766
vt 0.91916 0.73828
vt 0.93602 0.75264
vt 0.93933 0.78629
vt 0.92912 0.74438
vt 0.93010 0.74013
vt 0.93082 0.73732
vt 0.93746 0.74854
vt 0.93848 0.75587
vt 0.94012 0.75332
vt 0.93869 0.74864
vt 0.93816 0.74459
vt 0.94032 0.74833
vt 0.94241 0.74896
vt 0.94173 0.74539
vt 0.93952 0.74223
vt 0.94159 0.75648
vt 0.94016 0.75978
vt 0.94261 0.75294
vt 0.94357 0.74475
vt 0.94225 0.74007
vt 0.94067 0.73759
vt 0.94257 0.73774
vt 0.94178 0.73563
vt 0.94125 0.73350
vt 0.94440 0.73788
vt 0.94463 0.74047
vt 0.93485 0.73443
vt 0.94329 0.73448
vt 0.94281 0.73307
vt 0.92519 0.74460
vt 0.93684 0.76780
vt 0.94167 0.73195
vt 0.91558 0.73499
vt 0.93784 0.77766
vt 0.93753 0.79237
vt 0.93435 0.79351
vt 0.93657 0.79586
vt 0.94439 0.73314
vt 0.93470 0.74225
vt 0.93380 0.80044
vt 0.93791 0.80229
vt 0.94577 0.73526
vt 0.91923 0.73642
vt 0.93625 0.74570
vt 0.93673 0.74129
vt 0.94360 0.74949
vt 0.94290 0.75732
vt 0.94214 0.76245
vt 0.94564 0.74842
vt 0.94597 0.74408
vt 0.94478 0.73175
vt 0.94283 0.73191
vt 0.94321 0.73050
vt 0.94480 0.73051
vt 0.94064 0.79280
vt 0.92486 0.73989
vt 0.92570 0.74086
vt 0.92514 0.73748
vt 0.92288 0.73979
vt 0.92318 0.73783
vt 0.94104 0.76647
vt 0.94070 0.77148
vt 0.94083 0.77947
vt 0.94047 0.79741
vt 0.94598 0.73793
vt 0.94388 0.72736
vt 0.94597 0.72825
vt 0.93440 0.73197
vt 0.94522 0.72324
vt 0.94362 0.72083
vt 0.94500 0.71857
vt 0.94369 0.71802
vt 0.94433 0.71705
vt 0.53964 0.10773
vt 0.53953 0.10549
vt 0.53262 0.10710
vt 0.54513 0.10508
vt 0.54603 0.10773
vt 0.55084 0.10600
vt 0.53341 0.10503
vt 0.52800 0.10519
vt 0.52451 0.10694
vt 0.52194 0.10523
vt 0.51736 0.10610
vt 0.51490 0.10372
vt 0.51293 0.10590
vt 0.54995 0.10371
vt 0.55710 0.10424
vt 0.55485 0.10685
vt 0.56211 0.10525
vt 0.56096 0.10271
vt 0.56843 0.10287
vt 0.53916 0.10336
vt 0.54592 0.10323
vt 0.56720 0.10585
vt 0.57394 0.10352
vt 0.52299 0.10326
vt 0.51757 0.10213
vt 0.52819 0.10315
vt 0.57359 0.10128
vt 0.58082 0.10040
vt 0.53224 0.10288
vt 0.55595 0.10249
vt 0.58052 0.10287
vt 0.58653 0.10186
vt 0.50902 0.10037
vt 0.50862 0.10284
vt 0.50848 0.10543
vt 0.58639 0.10400
vt 0.59181 0.10377
vt 0.59304 0.10062
vt 0.59726 0.10288
vt 0.59980 0.10065
vt 0.60201 0.10354
vt 0.49999 0.10360
vt 0.50200 0.10150
vt 0.60750 0.10332
vt 0.49617 0.09978
vt 0.60668 0.10014
vt 0.49165 0.10176
vt 0.48699 0.09747
vt 0.61108 0.10081
vt 0.61272 0.10216
vt 0.61770 0.09961
vt 0.61653 0.10206
vt 0.62389 0.10095
vt 0.62149 0.10341
vt 0.62781 0.10376
vt 0.62841 0.10048
vt 0.62395 0.09747
vt 0.63168 0.10174
vt 0.63150 0.09808
vt 0.63343 0.10576
vt 0.61178 0.09788
vt 0.61677 0.09780
vt 0.63643 0.09932
vt 0.63762 0.10331
vt 0.96430 0.15836
vt 0.96641 0.15285
vt 0.96330 0.15070
vt 0.96541 0.14721
vt 0.96346 0.14346
vt 0.96699 0.15819
vt 0.96689 0.16508
vt 0.96459 0.16594
vt 0.96533 0.14191
vt 0.96691 0.17188
vt 0.96727 0.14650
vt 0.96497 0.17427
vt 0.96222 0.15817
vt 0.96156 0.16689
vt 0.96169 0.17378
vt 0.96530 0.18069
vt 0.96149 0.14419
vt 0.96004 0.16160
vt 0.96289 0.18035
vt 0.95832 0.17577
vt 0.95670 0.16747
vt 0.96041 0.15449
vt 0.95903 0.14600
vt 0.95404 0.17175
vt 0.95413 0.17777
vt 0.95692 0.17976
vt 0.95930 0.18234
vt 0.95495 0.18219
vt 0.96413 0.18611
vt 0.95071 0.16805
vt 0.95571 0.18941
vt 0.95937 0.19045
vt 0.95704 0.19391
vt 0.96112 0.19417
vt 0.95960 0.19676
vt 0.95590 0.19800
vt 0.95887 0.20065
vt 0.95576 0.20280
vt 0.96181 0.19787
vt 0.95976 0.20405
vt 0.96176 0.18542
vt 0.95587 0.20680
vt 0.96727 0.17792
vt 0.96271 0.20134
vt 0.96263 0.19095
vt 0.95797 0.21073
vt 0.96037 0.21210
vt 0.95615 0.21665
vt 0.04193 0.15893
vt 0.04345 0.15323
vt 0.04448 0.15990
vt 0.04460 0.16739
vt 0.04157 0.16551
vt 0.04289 0.17218
vt 0.03983 0.15477
vt 0.04112 0.14984
vt 0.04432 0.14831
vt 0.04024 0.14418
vt 0.04239 0.14005
vt 0.04525 0.14235
vt 0.04422 0.13668
vt 0.04182 0.13174
vt 0.04421 0.13249
vt 0.04675 0.17253
vt 0.04601 0.12842
vt 0.04739 0.13614
vt 0.04759 0.13229
vt 0.04682 0.15548
vt 0.04763 0.16414
vt 0.04423 0.17496
vt 0.04701 0.17779
vt 0.04422 0.17965
vt 0.04644 0.18289
vt 0.04505 0.18477
vt 0.04686 0.19083
vt 0.04843 0.18830
vt 0.04827 0.14887
vt 0.04940 0.19366
vt 0.04858 0.19816
vt 0.04678 0.19534
vt 0.04843 0.20245
vt 0.04786 0.12837
vt 0.04745 0.12347
vt 0.04360 0.12067
vt 0.04623 0.11878
vt 0.04996 0.14069
vt 0.05014 0.16762
vt 0.05056 0.13608
vt 0.04963 0.13089
vt 0.05057 0.15709
vt 0.05148 0.14761
vt 0.04879 0.18362
vt 0.05057 0.17310
vt 0.05273 0.14173
vt 0.05225 0.13247
vt 0.04984 0.12503
vt 0.05210 0.18079
vt 0.05323 0.15166
vt 0.05289 0.16182
vt 0.05323 0.16883
vt 0.63538 0.42618
vt 0.63384 0.42806
vt 0.63498 0.43285
vt 0.63621 0.43362
vt 0.63563 0.43840
vt 0.63350 0.43172
vt 0.63676 0.43847
vt 0.63584 0.44290
vt 0.63414 0.44142
vt 0.63411 0.44522
vt 0.63204 0.44272
vt 0.63112 0.43798
vt 0.63303 0.44687
vt 0.63347 0.43841
vt 0.63408 0.44712
vt 0.63563 0.44568
vt 0.63640 0.42757
vt 0.63359 0.43531
vt 0.63326 0.43717
vt 0.63072 0.44004
vt 0.62937 0.43569
vt 0.62914 0.43375
vt 0.63224 0.44648
vt 0.62818 0.43453
vt 0.62790 0.43225
vt 0.62829 0.43045
vt 0.62716 0.42859
vt 0.63231 0.43387
vt 0.63236 0.43624
vt 0.63199 0.42856
vt 0.37094 0.26941
vt 0.37158 0.26592
vt 0.37530 0.26807
vt 0.37877 0.26647
vt 0.37771 0.27046
vt 0.37460 0.27193
vt 0.38252 0.26947
vt 0.38460 0.26736
vt 0.38323 0.26592
vt 0.37994 0.27170
vt 0.38825 0.26809
vt 0.38687 0.27044
vt 0.38985 0.26932
vt 0.37832 0.26508
vt 0.39010 0.26824
vt 0.39077 0.26880
vt 0.40427 0.15874
vt 0.39954 0.15857
vt 0.40370 0.16073
vt 0.39669 0.16282
vt 0.40367 0.16355
vt 0.40783 0.16270
vt 0.41120 0.16002
vt 0.41162 0.16291
vt 0.41660 0.16216
vt 0.39465 0.16020
vt 0.39473 0.15796
vt 0.38842 0.15889
vt 0.38916 0.15740
vt 0.38450 0.15731
vt 0.39015 0.16190
vt 0.38285 0.16095
vt 0.38124 0.15837
vt 0.38086 0.15560
vt 0.37414 0.15719
vt 0.37486 0.15465
vt 0.37675 0.16002
vt 0.36931 0.15875
vt 0.36713 0.15649
vt 0.36272 0.15830
vt 0.36949 0.15388
vt 0.36496 0.15370
vt 0.40649 0.16551
vt 0.41368 0.16702
vt 0.42180 0.16311
vt 0.41737 0.16423
vt 0.42644 0.16507
vt 0.42746 0.16399
vt 0.43225 0.16487
vt 0.43391 0.16671
vt 0.43674 0.16469
vt 0.43832 0.16816
vt 0.43909 0.16267
vt 0.44216 0.16511
vt 0.41979 0.16656
vt 0.42652 0.16775
vt 0.43099 0.16974
vt 0.44216 0.16118
vt 0.44549 0.16334
vt 0.42468 0.16975
vt 0.41898 0.16930
vt 0.44279 0.16920
vt 0.44749 0.16532
vt 0.41327 0.17019
vt 0.41012 0.16834
vt 0.40525 0.16890
vt 0.40145 0.16678
vt 0.39549 0.16518
vt 0.43699 0.17151
vt 0.44927 0.16296
vt 0.44814 0.16857
vt 0.45209 0.16664
vt 0.38879 0.16523
vt 0.39957 0.16876
vt 0.39425 0.16699
vt 0.38426 0.16287
vt 0.37780 0.16198
vt 0.37046 0.16155
vt 0.41790 0.17135
vt 0.38058 0.16515
vt 0.37348 0.16473
vt 0.40850 0.17242
vt 0.41604 0.17302
vt 0.43144 0.17217
vt 0.42396 0.17198
vt 0.36727 0.16425
vt 0.36574 0.16067
vt 0.42044 0.17403
vt 0.40188 0.17153
vt 0.44210 0.17280
vt 0.44656 0.16021
vt 0.44643 0.17106
vt 0.43733 0.17333
vt 0.38818 0.16761
vt 0.42689 0.17401
vt 0.36297 0.16317
vt 0.45428 0.16427
vt 0.39598 0.17152
vt 0.45152 0.17041
vt 0.45523 0.17022
vt 0.45648 0.16677
vt 0.45960 0.16995
vt 0.43911 0.16044
vt 0.43556 0.16068
vt 0.43658 0.15779
vt 0.43472 0.16323
vt 0.43281 0.15787
vt 0.43310 0.16032
vt 0.42988 0.15960
vt 0.43019 0.15603
vt 0.43283 0.15541
vt 0.43133 0.15311
vt 0.42726 0.15321
vt 0.43087 0.15048
vt 0.42760 0.15554
vt 0.42816 0.14981
vt 0.42403 0.15107
vt 0.42254 0.15458
vt 0.41915 0.15178
vt 0.41612 0.15259
vt 0.42126 0.14841
vt 0.42590 0.14786
vt 0.41668 0.14961
vt 0.41447 0.14725
vt 0.41083 0.14748
vt 0.41769 0.14665
vt 0.42225 0.14641
vt 0.42701 0.14631
vt 0.42966 0.14736
vt 0.43125 0.14564
vt 0.43420 0.14741
vt 0.43458 0.14556
vt 0.43755 0.14556
vt 0.43935 0.14413
vt 0.43525 0.14928
vt 0.43368 0.15188
vt 0.44055 0.14558
vt 0.43782 0.14823
vt 0.44564 0.14494
vt 0.43528 0.15160
vt 0.44205 0.14823
vt 0.43906 0.15115
vt 0.44326 0.15155
vt 0.44810 0.14804
vt 0.44824 0.15086
vt 0.45468 0.14960
vt 0.45683 0.14759
vt 0.45850 0.15012
vt 0.46623 0.14832
vt 0.46460 0.14615
vt 0.47023 0.14594
vt 0.47379 0.14761
vt 0.47375 0.14275
vt 0.46810 0.14246
vt 0.46163 0.14374
vt 0.44170 0.15334
vt 0.43738 0.15360
vt 0.43439 0.15417
vt 0.47645 0.14584
vt 0.48068 0.14706
vt 0.47975 0.14340
vt 0.48541 0.14497
vt 0.43538 0.15634
vt 0.45601 0.14329
vt 0.37771 0.36909
vt 0.37854 0.36970
vt 0.37452 0.37083
vt 0.48620 0.53984
vt 0.49228 0.53719
vt 0.48795 0.53616
vt 0.49389 0.53472
vt 0.48339 0.53859
vt 0.48322 0.53576
vt 0.49615 0.53597
vt 0.49747 0.53333
vt 0.48011 0.53685
vt 0.50050 0.53532
vt 0.50314 0.53298
vt 0.47928 0.54061
vt 0.47808 0.53850
vt 0.48293 0.54183
vt 0.47753 0.53560
vt 0.50876 0.53350
vt 0.48030 0.53411
vt 0.50955 0.53126
vt 0.51286 0.53215
vt 0.48955 0.53307
vt 0.48368 0.53290
vt 0.47750 0.53240
vt 0.51696 0.52999
vt 0.49385 0.53282
vt 0.47962 0.53077
vt 0.49839 0.53179
vt 0.48262 0.52999
vt 0.48644 0.53007
vt 0.47444 0.53119
vt 0.47587 0.53503
vt 0.47200 0.53277
vt 0.95255 0.11703
vt 0.95138 0.11978
vt 0.95267 0.12069
vt 0.95145 0.12194
vt 0.96581 0.10971
vt 0.96515 0.11155
vt 0.96645 0.11234
vt 0.98578 0.79696
vt 0.98304 0.79423
vt 0.98367 0.79733
vt 0.98081 0.79539
vt 0.98562 0.79356
vt 0.98913 0.79355
vt 0.98868 0.79263
vt 0.99014 0.79203
vt 0.98790 0.79692
vt 0.98337 0.79203
vt 0.98700 0.79876
vt 0.98126 0.79339
vt 0.97997 0.79811
vt 0.97779 0.79736
vt 0.98511 0.79980
vt 0.98102 0.80150
vt 0.97531 0.79971
vt 0.98673 0.80058
vt 0.97200 0.79741
vt 0.98523 0.80148
vt 0.27251 0.18300
vt 0.27942 0.18210
vt 0.27409 0.18190
vt 0.27960 0.18403
vt 0.28624 0.18324
vt 0.28510 0.18167
vt 0.26882 0.18126
vt 0.28878 0.18192
vt 0.28904 0.18314
vt 0.26626 0.18219
vt 0.26698 0.18026
vt 0.27349 0.18050
vt 0.28519 0.18064
vt 0.28883 0.18075
vt 0.26376 0.18106
vt 0.26259 0.18198
vt 0.26292 0.17971
vt 0.26769 0.18356
vt 0.26129 0.18054
vt 0.25927 0.18126
vt 0.25754 0.18045
vt 0.28806 0.18392
vt 0.25738 0.18139
vt 0.25780 0.18238
vt 0.25513 0.18075
vt 0.25970 0.17956
vt 0.28429 0.18427
vt 0.25824 0.18361
vt 0.27255 0.18409
vt 0.26291 0.18508
vt 0.29446 0.70765
vt 0.29799 0.70375
vt 0.29130 0.70369
vt 0.29794 0.70869
vt 0.31373 0.70393
vt 0.30824 0.70156
vt 0.30432 0.70631
vt 0.31689 0.69998
vt 0.32275 0.70467
vt 0.32380 0.69943
vt 0.33012 0.69996
vt 0.33414 0.70304
vt 0.33730 0.69940
vt 0.34484 0.70310
vt 0.34440 0.69990
vt 0.35237 0.70352
vt 0.35799 0.69836
vt 0.35930 0.70233
vt 0.36624 0.70282
vt 0.37017 0.69811
vt 0.37353 0.70207
vt 0.38118 0.70009
vt 0.30995 0.70750
vt 0.39063 0.70338
vt 0.38946 0.69931
vt 0.39841 0.69877
vt 0.40483 0.70345
vt 0.41115 0.70019
vt 0.41623 0.70335
vt 0.42433 0.70229
vt 0.42467 0.70618
vt 0.43831 0.70443
vt 0.40890 0.70659
vt 0.37944 0.70591
vt 0.43452 0.70835
vt 0.44363 0.70823
vt 0.37212 0.70644
vt 0.44989 0.70634
vt 0.45532 0.70938
vt 0.46286 0.70583
vt 0.30877 0.71071
vt 0.31840 0.70866
vt 0.29990 0.71250
vt 0.39603 0.70630
vt 0.36512 0.70627
vt 0.35712 0.70649
vt 0.46747 0.70953
vt 0.33056 0.70631
vt 0.34155 0.70758
vt 0.32544 0.70916
vt 0.47703 0.70957
vt 0.38565 0.70770
vt 0.29222 0.71187
vt 0.47540 0.70590
vt 0.34852 0.70680
vt 0.48666 0.70568
vt 0.48554 0.71057
vt 0.29378 0.71449
vt 0.28812 0.71100
vt 0.28993 0.70718
vt 0.28409 0.70705
vt 0.28315 0.71058
vt 0.28041 0.70845
vt 0.28008 0.71250
vt 0.27612 0.70999
vt 0.27589 0.71404
vt 0.26962 0.71284
vt 0.27101 0.71034
vt 0.28646 0.71441
vt 0.26264 0.71086
vt 0.27200 0.71585
vt 0.42420 0.70960
vt 0.41120 0.70917
vt 0.40078 0.70837
vt 0.33174 0.70901
vt 0.31807 0.71120
vt 0.43582 0.71083
vt 0.30705 0.71438
vt 0.29903 0.71661
vt 0.44457 0.71162
vt 0.45992 0.71222
vt 0.47147 0.71319
vt 0.48107 0.71399
vt 0.49032 0.71574
vt 0.21374 0.72473
vt 0.21497 0.72202
vt 0.22040 0.72574
vt 0.22066 0.72177
vt 0.22954 0.72165
vt 0.22935 0.72559
vt 0.23483 0.72513
vt 0.23837 0.72244
vt 0.20958 0.72604
vt 0.24120 0.72489
vt 0.24602 0.72162
vt 0.24127 0.71814
vt 0.24932 0.71750
vt 0.24438 0.71517
vt 0.24953 0.71345
vt 0.23614 0.71563
vt 0.25548 0.71267
vt 0.25183 0.72357
vt 0.24747 0.72652
vt 0.23120 0.71755
vt 0.22618 0.71317
vt 0.22422 0.71772
vt 0.21765 0.71279
vt 0.22091 0.70899
vt 0.22641 0.70891
vt 0.23096 0.71071
vt 0.23590 0.70942
vt 0.24119 0.71082
vt 0.21387 0.70980
vt 0.24803 0.71097
vt 0.21622 0.71801
vt 0.21045 0.71633
vt 0.25738 0.71608
vt 0.25337 0.71954
vt 0.25492 0.72598
vt 0.26169 0.72139
vt 0.26406 0.71519
vt 0.26674 0.71870
vt 0.25870 0.72405
vt 0.23159 0.70756
vt 0.27475 0.71837
vt 0.28013 0.71610
vt 0.21611 0.72871
vt 0.27997 0.71913
vt 0.24071 0.72725
vt 0.22514 0.72864
vt 0.23161 0.72845
vt 0.26932 0.72126
vt 0.27623 0.72102
vt 0.20784 0.72866
vt 0.28538 0.71752
vt 0.24768 0.72881
vt 0.29572 0.71901
vt 0.28306 0.72081
vt 0.30677 0.71783
vt 0.27113 0.72338
vt 0.26226 0.72660
vt 0.25511 0.72945
vt 0.31585 0.71442
vt 0.32585 0.71301
vt 0.33705 0.71166
vt 0.34926 0.70959
vt 0.35876 0.70934
vt 0.37299 0.70856
vt 0.38058 0.71018
vt 0.39004 0.71037
vt 0.40136 0.71089
vt 0.41356 0.71144
vt 0.36559 0.71068
vt 0.42360 0.71306
vt 0.43505 0.71298
vt 0.44779 0.71501
vt 0.37484 0.71111
vt 0.45720 0.71551
vt 0.46673 0.71649
vt 0.35591 0.71220
vt 0.34728 0.71331
vt 0.47411 0.71581
vt 0.48471 0.71816
vt 0.49425 0.71963
vt 0.49899 0.71664
vt 0.49432 0.71244
vt 0.49499 0.70788
vt 0.50171 0.70659
vt 0.50518 0.71181
vt 0.50725 0.71583
vt 0.50400 0.72004
vt 0.28786 0.72096
vt 0.50722 0.70708
vt 0.51039 0.70360
vt 0.23544 0.72972
vt 0.51203 0.71661
vt 0.24130 0.73109
vt 0.51385 0.70828
vt 0.27703 0.72369
vt 0.51580 0.71069
vt 0.51937 0.70613
vt 0.21167 0.73079
vt 0.31601 0.71928
vt 0.32541 0.71637
vt 0.33323 0.71616
vt 0.34062 0.71563
vt 0.22778 0.73166
vt 0.22027 0.73135
vt 0.23424 0.73214
vt 0.40906 0.71430
vt 0.42068 0.71618
vt 0.43058 0.71600
vt 0.43840 0.71636
vt 0.51095 0.72262
vt 0.39482 0.71406
vt 0.38288 0.71409
vt 0.24732 0.73159
vt 0.47670 0.72016
vt 0.29482 0.72219
vt 0.30305 0.72106
vt 0.28449 0.72392
vt 0.36616 0.71459
vt 0.51742 0.71712
vt 0.25963 0.73080
vt 0.26420 0.72890
vt 0.27027 0.72622
vt 0.30936 0.72221
vt 0.32319 0.72076
vt 0.31567 0.72576
vt 0.33256 0.71948
vt 0.51895 0.71234
vt 0.37463 0.71545
vt 0.32583 0.72426
vt 0.52327 0.71650
vt 0.06281 0.00409
vt 0.06650 0.00487
vt 0.06727 0.00202
vt 0.06538 0.00090
vt 0.06183 0.00187
vt 0.05819 0.00291
vt 0.05880 0.00654
vt 0.05567 0.00552
vt 0.05398 0.00345
vt 0.05315 0.00623
vt 0.05087 0.00553
vt 0.05302 0.00794
vt 0.05578 0.00760
vt 0.05806 0.00805
vt 0.06017 0.00829
vt 0.05639 0.00899
vt 0.06478 0.00668
vt 0.06716 0.00768
vt 0.06532 0.00841
vt 0.06169 0.00705
vt 0.07101 0.00370
vt 0.07267 0.00039
vt 0.06880 0.00761
vt 0.07372 0.00272
vt 0.07558 0.00149
vt 0.07580 0.00256
vt 0.07768 0.00090
vt 0.07091 0.00722
vt 0.07010 0.00930
vt 0.07423 0.00554
vt 0.07528 0.00482
vt 0.06904 0.00986
vt 0.07643 0.00453
vt 0.05383 0.00895
vt 0.06236 0.00880
vt 0.06373 0.00918
vt 0.05487 0.00905
vt 0.06139 0.00987
vt 0.05090 0.00815
vt 0.07629 0.00585
vt 0.12013 0.94247
vt 0.12333 0.94095
vt 0.12894 0.94048
vt 0.98716 0.02098
vt 0.98630 0.01781
vt 0.98865 0.01827
vt 0.99022 0.02259
vt 0.98690 0.02439
vt 0.98635 0.01524
vt 0.98556 0.02065
vt 0.98544 0.02432
vt 0.98462 0.01947
vt 0.98530 0.02723
vt 0.98701 0.02591
vt 0.98963 0.02409
vt 0.98583 0.01728
vt 0.98725 0.01311
vt 0.99000 0.01665
vt 0.99113 0.02036
vt 0.98986 0.01243
vt 0.98735 0.00829
vt 0.98564 0.01152
vt 0.99172 0.02230
vt 0.99122 0.01662
vt 0.99172 0.01413
vt 0.98383 0.01877
vt 0.63624 0.19666
vt 0.63264 0.19893
vt 0.63626 0.19917
vt 0.63987 0.19756
vt 0.63595 0.20207
vt 0.63191 0.19336
vt 0.62833 0.19562
vt 0.62645 0.19157
vt 0.62304 0.19326
vt 0.62092 0.18812
vt 0.61919 0.19221
vt 0.62736 0.19845
vt 0.62260 0.19678
vt 0.61583 0.18707
vt 0.61750 0.18594
vt 0.61454 0.18456
vt 0.62796 0.20123
vt 0.63283 0.20249
vt 0.61695 0.19496
vt 0.61676 0.19018
vt 0.61432 0.18891
vt 0.62202 0.20072
vt 0.61310 0.19335
vt 0.62496 0.20357
vt 0.62931 0.20416
vt 0.63160 0.20489
vt 0.61850 0.19840
vt 0.61086 0.18664
vt 0.61148 0.18429
vt 0.61207 0.19046
vt 0.60922 0.19317
vt 0.60969 0.18914
vt 0.60748 0.18341
vt 0.60656 0.18700
vt 0.60610 0.18991
vt 0.60817 0.17977
vt 0.60578 0.18008
vt 0.60597 0.17689
vt 0.60364 0.18249
vt 0.60355 0.17767
vt 0.60373 0.17414
vt 0.60174 0.18027
vt 0.60085 0.17770
vt 0.60053 0.17402
vt 0.59897 0.17516
vt 0.59766 0.17330
vt 0.60033 0.17185
vt 0.59718 0.17120
vt 0.60183 0.18480
vt 0.60384 0.18538
vt 0.59559 0.17228
vt 0.60353 0.18720
vt 0.59497 0.16988
vt 0.59444 0.17340
vt 0.60027 0.18331
vt 0.59701 0.17601
vt 0.59422 0.17535
vt 0.59277 0.17244
vt 0.59315 0.17025
vt 0.59381 0.16860
vt 0.59545 0.16829
vt 0.59669 0.16914
vt 0.59857 0.16954
vt 0.60054 0.17048
vt 0.59374 0.16682
vt 0.59932 0.17988
vt 0.59838 0.17796
vt 0.61138 0.18194
vt 0.60279 0.17111
vt 0.60781 0.17663
vt 0.59562 0.16665
vt 0.59646 0.16717
vt 0.59742 0.16783
vt 0.59037 0.16634
vt 0.59030 0.16535
vt 0.60972 0.17879
vt 0.75855 0.19063
vt 0.76262 0.19292
vt 0.76393 0.19089
vt 0.64403 0.19911
vt 0.64505 0.20139
vt 0.65080 0.19998
vt 0.63971 0.20076
vt 0.64901 0.20308
vt 0.65834 0.20206
vt 0.64122 0.20421
vt 0.65746 0.19958
vt 0.66219 0.19912
vt 0.66452 0.20114
vt 0.66628 0.19824
vt 0.67095 0.19962
vt 0.66680 0.19620
vt 0.63785 0.20654
vt 0.63446 0.20612
vt 0.65194 0.20487
vt 0.64424 0.20659
vt 0.67292 0.19703
vt 0.67591 0.20039
vt 0.68318 0.19961
vt 0.68043 0.19522
vt 0.68430 0.19603
vt 0.69187 0.19411
vt 0.68810 0.19228
vt 0.69316 0.18949
vt 0.63583 0.20927
vt 0.67353 0.19418
vt 0.68041 0.19262
vt 0.68683 0.18969
vt 0.69868 0.18916
vt 0.70055 0.18643
vt 0.70640 0.18695
vt 0.70564 0.18326
vt 0.64939 0.20858
vt 0.65675 0.20585
vt 0.64235 0.21002
vt 0.63797 0.21032
vt 0.66223 0.20537
vt 0.66918 0.20340
vt 0.66615 0.20668
vt 0.67110 0.20589
vt 0.67643 0.20362
vt 0.67687 0.20621
vt 0.63330 0.20885
vt 0.68070 0.20481
vt 0.68590 0.20358
vt 0.69273 0.19964
vt 0.69213 0.20296
vt 0.70280 0.20278
vt 0.70145 0.19856
vt 0.69819 0.19408
vt 0.70656 0.19546
vt 0.70478 0.19066
vt 0.71360 0.19280
vt 0.71115 0.18845
vt 0.71940 0.18831
vt 0.72454 0.19185
vt 0.72604 0.18622
vt 0.71915 0.18398
vt 0.71891 0.19255
vt 0.71384 0.18444
vt 0.69071 0.20645
vt 0.68435 0.20717
vt 0.69794 0.20542
vt 0.70702 0.20603
vt 0.73141 0.19046
vt 0.73150 0.18302
vt 0.73460 0.18696
vt 0.73974 0.18859
vt 0.69504 0.20731
vt 0.73948 0.18291
vt 0.75347 0.18740
vt 0.74876 0.19099
vt 0.74645 0.18677
vt 0.70056 0.20835
vt 0.74892 0.18120
vt 0.63519 0.21161
vt 0.65750 0.20921
vt 0.66413 0.21002
vt 0.66975 0.20920
vt 0.71032 0.20397
vt 0.71517 0.20591
vt 0.71831 0.20325
vt 0.71716 0.20107
vt 0.72489 0.20102
vt 0.70896 0.20175
vt 0.72170 0.20534
vt 0.63005 0.20712
vt 0.72734 0.20346
vt 0.73312 0.20015
vt 0.73806 0.20207
vt 0.74214 0.19945
vt 0.74599 0.20151
vt 0.75341 0.19800
vt 0.75529 0.19991
vt 0.76031 0.19641
vt 0.76470 0.19661
vt 0.76792 0.19372
vt 0.75646 0.19398
vt 0.77007 0.19684
vt 0.72713 0.18041
vt 0.63281 0.21124
vt 0.75409 0.18147
vt 0.75837 0.18673
vt 0.76225 0.20148
vt 0.77073 0.19932
vt 0.74119 0.19302
vt 0.73381 0.19428
vt 0.74342 0.17751
vt 0.75072 0.17630
vt 0.73636 0.17825
vt 0.71042 0.19815
vt 0.71830 0.19666
vt 0.74833 0.19578
vt 0.73852 0.19759
vt 0.73207 0.20559
vt 0.75809 0.17764
vt 0.75917 0.18273
vt 0.74137 0.20478
vt 0.75307 0.20378
vt 0.76522 0.17979
vt 0.76461 0.18604
vt 0.77509 0.19707
vt 0.72533 0.19747
vt 0.76473 0.17456
vt 0.72636 0.20728
vt 0.62992 0.21038
vt 0.62778 0.20817
vt 0.77272 0.19395
vt 0.63437 0.21303
vt 0.71933 0.17996
vt 0.75593 0.17412
vt 0.73031 0.17662
vt 0.73791 0.17492
vt 0.74588 0.17394
vt 0.70931 0.18388
vt 0.77162 0.17688
vt 0.71377 0.18116
vt 0.75046 0.17275
vt 0.77415 0.17292
vt 0.72569 0.17713
vt 0.76955 0.18463
vt 0.77388 0.18032
vt 0.77952 0.17736
vt 0.77578 0.18300
vt 0.78204 0.18157
vt 0.78893 0.17552
vt 0.79199 0.17988
vt 0.79525 0.17110
vt 0.80095 0.17677
vt 0.80399 0.17089
vt 0.79727 0.16728
vt 0.81045 0.16535
vt 0.81212 0.16842
vt 0.81664 0.16653
vt 0.78702 0.21066
vt 0.79257 0.21082
vt 0.79369 0.20824
vt 0.78711 0.21319
vt 0.77799 0.21359
vt 0.78010 0.21637
vt 0.77559 0.21666
vt 0.77101 0.21372
vt 0.76933 0.21743
vt 0.76391 0.21698
vt 0.78215 0.20943
vt 0.78838 0.20737
vt 0.76706 0.22033
vt 0.75847 0.22250
vt 0.75835 0.21986
vt 0.75231 0.22203
vt 0.75057 0.22405
vt 0.75688 0.21789
vt 0.74570 0.22385
vt 0.74778 0.22001
vt 0.73976 0.22380
vt 0.73697 0.22608
vt 0.73346 0.22425
vt 0.73869 0.22127
vt 0.77542 0.20938
vt 0.76484 0.21355
vt 0.72830 0.22708
vt 0.73122 0.22272
vt 0.72310 0.22540
vt 0.75838 0.21496
vt 0.75238 0.21635
vt 0.79401 0.20565
vt 0.72127 0.22777
vt 0.71621 0.22657
vt 0.77023 0.20906
vt 0.74448 0.21822
vt 0.78345 0.20525
vt 0.76406 0.21023
vt 0.72509 0.22173
vt 0.71912 0.22321
vt 0.74820 0.21454
vt 0.75478 0.21215
vt 0.73779 0.21755
vt 0.73147 0.21845
vt 0.74214 0.21502
vt 0.71449 0.22389
vt 0.79222 0.20293
vt 0.71944 0.22000
vt 0.77728 0.20375
vt 0.72686 0.21665
vt 0.78455 0.20129
vt 0.78948 0.19935
vt 0.79318 0.19916
vt 0.73415 0.21291
vt 0.75749 0.20799
vt 0.76347 0.20647
vt 0.71304 0.21977
vt 0.74692 0.20966
vt 0.73973 0.20947
vt 0.70658 0.22029
vt 0.71825 0.21588
vt 0.77025 0.20391
vt 0.70993 0.21579
vt 0.70022 0.21746
vt 0.69693 0.21940
vt 0.69166 0.21695
vt 0.68685 0.21885
vt 0.72510 0.21232
vt 0.78101 0.19847
vt 0.69773 0.21452
vt 0.68082 0.21607
vt 0.73321 0.20837
vt 0.67685 0.21944
vt 0.67349 0.21674
vt 0.67022 0.21960
vt 0.77478 0.20006
vt 0.71696 0.21253
vt 0.70437 0.21141
vt 0.66788 0.21794
vt 0.66308 0.21889
vt 0.66664 0.21463
vt 0.72239 0.20994
vt 0.65984 0.21461
vt 0.65545 0.21807
vt 0.65566 0.21217
vt 0.65199 0.21498
vt 0.67520 0.21329
vt 0.68638 0.21340
vt 0.64979 0.21916
vt 0.69314 0.21168
vt 0.64856 0.21138
vt 0.64741 0.21539
vt 0.68210 0.21037
vt 0.71681 0.20880
vt 0.71013 0.20875
vt 0.65352 0.22135
vt 0.67675 0.20843
vt 0.65969 0.22221
vt 0.65169 0.22486
vt 0.64631 0.22339
vt 0.64601 0.22562
vt 0.64090 0.22727
vt 0.64136 0.22313
vt 0.63739 0.22637
vt 0.64344 0.22816
vt 0.63386 0.22360
vt 0.63323 0.22598
vt 0.63015 0.22623
vt 0.64949 0.22755
vt 0.63453 0.22808
vt 0.63106 0.22918
vt 0.62900 0.22262
vt 0.64512 0.21942
vt 0.64340 0.21335
vt 0.64309 0.21648
vt 0.64000 0.22008
vt 0.63692 0.22257
vt 0.63826 0.22906
vt 0.63036 0.21962
vt 0.62851 0.21840
vt 0.63145 0.21651
vt 0.65403 0.22725
vt 0.65786 0.22588
vt 0.62663 0.22006
vt 0.62545 0.21446
vt 0.62790 0.21410
vt 0.62348 0.21002
vt 0.62375 0.20673
vt 0.62004 0.20594
vt 0.62189 0.20448
vt 0.61929 0.20900
vt 0.61797 0.20153
vt 0.62116 0.21281
vt 0.61318 0.20083
vt 0.61491 0.20694
vt 0.63119 0.21381
vt 0.61460 0.19722
vt 0.61112 0.19584
vt 0.61041 0.19910
vt 0.60757 0.19609
vt 0.63864 0.21351
vt 0.63921 0.21586
vt 0.63639 0.21562
vt 0.63598 0.21401
vt 0.63482 0.21490
vt 0.63493 0.21684
vt 0.62223 0.21582
vt 0.60584 0.19207
vt 0.60329 0.19268
vt 0.60333 0.18939
vt 0.60246 0.18691
vt 0.60130 0.18789
vt 0.60130 0.19014
vt 0.60054 0.18620
vt 0.61773 0.21369
vt 0.63325 0.21724
vt 0.59950 0.18807
vt 0.61662 0.21079
vt 0.63267 0.22136
vt 0.61052 0.20426
vt 0.61323 0.20900
vt 0.61410 0.21268
vt 0.61879 0.21699
vt 0.59976 0.19068
vt 0.63740 0.21715
vt 0.61955 0.22010
vt 0.61712 0.21861
vt 0.61703 0.22138
vt 0.61870 0.22327
vt 0.61708 0.22417
vt 0.61931 0.22696
vt 0.61763 0.22806
vt 0.62126 0.22637
vt 0.62106 0.22270
vt 0.61570 0.22504
vt 0.61591 0.22709
vt 0.62198 0.22948
vt 0.61976 0.23035
vt 0.61488 0.22210
vt 0.61814 0.23165
vt 0.62291 0.21900
vt 0.62401 0.22431
vt 0.62799 0.22742
vt 0.62787 0.23022
vt 0.66667 0.22273
vt 0.61347 0.22443
vt 0.61398 0.22637
vt 0.61552 0.21455
vt 0.61547 0.21837
vt 0.60824 0.19883
vt 0.60471 0.19643
vt 0.61473 0.22819
vt 0.62486 0.22872
vt 0.60838 0.20169
vt 0.61600 0.23028
vt 0.59785 0.18945
vt 0.59852 0.18509
vt 0.59781 0.18729
vt 0.63456 0.21938
vt 0.79897 0.20187
vt 0.60051 0.19366
vt 0.61315 0.22144
vt 0.61369 0.21842
vt 0.79708 0.20097
vt 0.59704 0.18523
vt 0.80107 0.19897
vt 0.61154 0.21204
vt 0.61036 0.20872
vt 0.61383 0.23093
vt 0.61271 0.22785
vt 0.61227 0.21480
vt 0.79826 0.20584
vt 0.60869 0.21076
vt 0.12079 0.16917
vt 0.12352 0.16994
vt 0.11822 0.17102
vt 0.12442 0.17151
vt 0.12791 0.17110
vt 0.12960 0.16921
vt 0.13054 0.17167
vt 0.13047 0.16976
vt 0.13301 0.16823
vt 0.13446 0.16740
vt 0.12774 0.16885
vt 0.13077 0.17070
vt 0.13471 0.16834
vt 0.13680 0.16734
vt 0.13736 0.16794
vt 0.13733 0.16659
vt 0.13628 0.16614
vt 0.13833 0.16715
vt 0.13841 0.16792
vt 0.49722 0.08265
vt 0.49969 0.08451
vt 0.50031 0.08229
vt 0.49728 0.08002
vt 0.49399 0.07974
vt 0.50117 0.08012
vt 0.50319 0.08107
vt 0.50391 0.08006
vt 0.50696 0.08120
vt 0.50286 0.08405
vt 0.49850 0.08523
vt 0.49400 0.08092
vt 0.50740 0.08406
vt 0.50464 0.07969
vt 0.49986 0.08569
vt 0.50335 0.08578
vt 0.50986 0.08218
vt 0.49887 0.08642
vt 0.49411 0.07853
vt 0.49251 0.07854
vt 0.50300 0.07854
vt 0.50119 0.07915
vt 0.49606 0.08337
vt 0.49758 0.08618
vt 0.37861 0.74881
vt 0.37520 0.75028
vt 0.37379 0.74888
vt 0.37276 0.75028
vt 0.37263 0.74862
vt 0.00713 0.37613
vt 0.00607 0.37913
vt 0.00662 0.37395
vt 0.00749 0.37062
vt 0.00603 0.37247
vt 0.00579 0.37606
vt 0.00701 0.36814
vt 0.00828 0.36505
vt 0.00897 0.36500
vt 0.00891 0.36203
vt 0.00963 0.36166
vt 0.00951 0.36109
vt 0.00985 0.36591
vt 0.01064 0.36252
vt 0.00864 0.37018
vt 0.00811 0.37510
vt 0.00743 0.38065
vt 0.01065 0.36119
vt 0.00724 0.36528
vt 0.00873 0.36120
vt 0.89130 0.69243
vt 0.89075 0.69706
vt 0.88877 0.69528
vt 0.88961 0.69212
vt 0.89126 0.68925
vt 0.88966 0.70052
vt 0.88719 0.69758
vt 0.88681 0.69623
vt 0.89193 0.70028
vt 0.89235 0.69835
vt 0.89188 0.69545
vt 0.89126 0.70363
vt 0.88604 0.69722
vt 0.88817 0.70160
vt 0.88751 0.69331
vt 0.88854 0.69045
vt 0.89049 0.68863
vt 0.04855 0.94409
vt 0.04505 0.94541
vt 0.04743 0.94646
vt 0.05310 0.94403
vt 0.05313 0.94570
vt 0.05196 0.94716
vt 0.05530 0.94479
vt 0.05494 0.94643
vt 0.05623 0.94625
vt 0.05523 0.94357
vt 0.05639 0.94463
vt 0.52526 0.98739
vt 0.52554 0.98479
vt 0.52698 0.98683
vt 0.52805 0.98984
vt 0.52408 0.98421
vt 0.52510 0.98374
vt 0.52905 0.98813
vt 0.52985 0.98952
vt 0.52595 0.99010
vt 0.52404 0.99040
vt 0.52853 0.98189
vt 0.52572 0.98172
vt 0.52577 0.97827
vt 0.52860 0.98013
vt 0.53081 0.98763
vt 0.52856 0.98449
vt 0.52907 0.98644
vt 0.53092 0.98191
vt 0.53094 0.98922
vt 0.52672 0.97514
vt 0.52292 0.99015
vt 0.52307 0.98686
vt 0.52782 0.99109
vt 0.52418 0.97198
vt 0.53094 0.97920
vt 0.53053 0.98463
vt 0.53115 0.98600
vt 0.52298 0.99171
vt 0.52090 0.98344
vt 0.12662 0.80236
vt 0.12315 0.80062
vt 0.11917 0.80170
vt 0.11602 0.79995
vt 0.11165 0.80139
vt 0.11528 0.80295
vt 0.12189 0.80309
vt 0.11016 0.80273
vt 0.10983 0.80055
vt 0.10789 0.80232
vt 0.12600 0.79920
vt 0.12148 0.79913
vt 0.10744 0.80133
vt 0.10651 0.80188
vt 0.10856 0.80346
vt 0.10711 0.80029
vt 0.10899 0.79975
vt 0.11491 0.79939
vt 0.11210 0.80392
vt 0.10607 0.80264
vt 0.28458 0.23744
vt 0.28865 0.23800
vt 0.28671 0.23662
vt 0.28350 0.23626
vt 0.29235 0.23649
vt 0.29284 0.23886
vt 0.28650 0.23891
vt 0.28273 0.23712
vt 0.29084 0.24013
vt 0.28362 0.23809
vt 0.64229 0.43111
vt 0.64316 0.42874
vt 0.64268 0.42671
vt 0.64372 0.42659
vt 0.64283 0.42432
vt 0.64472 0.42341
vt 0.64384 0.42130
vt 0.64467 0.42144
vt 0.64430 0.41713
vt 0.14982 0.47215
vt 0.15071 0.46721
vt 0.14849 0.46930
vt 0.14812 0.46683
vt 0.14814 0.47406
vt 0.14968 0.47443
vt 0.14856 0.47553
vt 0.14757 0.47517
vt 0.15228 0.46799
vt 0.15260 0.46620
vt 0.14860 0.46606
vt 0.14694 0.47205
vt 0.14705 0.46900
vt 0.14629 0.46620
vt 0.15203 0.47188
vt 0.51523 0.93792
vt 0.51665 0.93616
vt 0.51383 0.93577
vt 0.51932 0.93850
vt 0.51930 0.93643
vt 0.51288 0.93704
vt 0.51223 0.93904
vt 0.51836 0.94007
vt 0.51622 0.94013
vt 0.51103 0.93821
vt 0.51061 0.93985
vt 0.51245 0.94041
vt 0.51666 0.93489
vt 0.51881 0.93489
vt 0.50986 0.93910
vt 0.00312 0.05956
vt 0.00422 0.05909
vt 0.00379 0.06324
vt 0.00343 0.05371
vt 0.00434 0.05087
vt 0.00331 0.04760
vt 0.00415 0.04538
vt 0.00303 0.04542
vt 0.00248 0.05397
vt 0.00228 0.06058
vt 0.00290 0.06516
vt 0.00407 0.06852
vt 0.00295 0.06905
vt 0.00420 0.07416
vt 0.00241 0.04746
vt 0.00197 0.06566
vt 0.32888 0.50005
vt 0.32847 0.49728
vt 0.33058 0.49899
vt 0.32959 0.49454
vt 0.33041 0.50099
vt 0.33094 0.49625
vt 0.33166 0.50158
vt 0.33166 0.49448
vt 0.33202 0.49782
vt 0.33241 0.49566
vt 0.63446 0.36389
vt 0.63816 0.36319
vt 0.63550 0.36545
vt 0.63999 0.36566
vt 0.63705 0.36877
vt 0.64056 0.36791
vt 0.64180 0.36319
vt 0.69701 0.60165
vt 0.69502 0.60500
vt 0.69424 0.59714
vt 0.69828 0.60764
vt 0.69683 0.59552
vt 0.69529 0.59123
vt 0.69161 0.60643
vt 0.68813 0.60874
vt 0.69850 0.59278
vt 0.69039 0.59176
vt 0.69302 0.58689
vt 0.69634 0.58620
vt 0.69404 0.57879
vt 0.68779 0.60418
vt 0.68369 0.60601
vt 0.69038 0.59910
vt 0.68387 0.59887
vt 0.68707 0.59732
vt 0.68562 0.59314
vt 0.68220 0.59428
vt 0.67907 0.59971
vt 0.69054 0.58495
vt 0.67999 0.60475
vt 0.69219 0.58110
vt 0.68908 0.57805
vt 0.68175 0.58878
vt 0.68150 0.60978
vt 0.69030 0.57353
vt 0.68687 0.57147
vt 0.69366 0.56806
vt 0.68851 0.56947
vt 0.68952 0.56757
vt 0.68701 0.56465
vt 0.68895 0.56066
vt 0.68474 0.56623
vt 0.68578 0.56005
vt 0.68389 0.55484
vt 0.68320 0.55959
vt 0.68047 0.55228
vt 0.68196 0.54883
vt 0.67925 0.54443
vt 0.68599 0.55327
vt 0.68300 0.54429
vt 0.68130 0.53920
vt 0.67724 0.53759
vt 0.67401 0.53806
vt 0.67631 0.54638
vt 0.67565 0.52950
vt 0.67006 0.52711
vt 0.67297 0.52388
vt 0.67631 0.52256
vt 0.66715 0.52767
vt 0.66476 0.51827
vt 0.66806 0.51853
vt 0.66507 0.51112
vt 0.66037 0.51227
vt 0.65970 0.50532
vt 0.66386 0.50407
vt 0.66075 0.49794
vt 0.65610 0.49651
vt 0.67452 0.51730
vt 0.66160 0.49248
vt 0.65759 0.48787
vt 0.66383 0.48735
vt 0.66645 0.49578
vt 0.66829 0.49277
vt 0.67133 0.49969
vt 0.66955 0.50223
vt 0.67408 0.50941
vt 0.67051 0.51056
vt 0.66559 0.50032
vt 0.67925 0.53364
vt 0.67876 0.52782
vt 0.66796 0.50682
vt 0.66942 0.51483
vt 0.66940 0.48843
vt 0.66414 0.48254
vt 0.66789 0.48063
vt 0.65747 0.48099
vt 0.65339 0.48243
vt 0.65356 0.47545
vt 0.65420 0.50006
vt 0.65604 0.50628
vt 0.65776 0.51159
vt 0.65861 0.47432
vt 0.65209 0.48964
vt 0.66159 0.51965
vt 0.67809 0.51807
vt 0.69160 0.55837
vt 0.65471 0.46563
vt 0.67335 0.49257
vt 0.64992 0.47752
vt 0.69966 0.58825
vt 0.70063 0.58991
vt 0.67400 0.49794
vt 0.66363 0.47389
vt 0.66820 0.47323
vt 0.67748 0.50640
vt 0.65131 0.47091
vt 0.65307 0.46158
vt 0.65590 0.45620
vt 0.65284 0.45453
vt 0.65485 0.45034
vt 0.65792 0.44756
vt 0.65539 0.44402
vt 0.65263 0.44875
vt 0.65994 0.44105
vt 0.65574 0.43610
vt 0.65244 0.44290
vt 0.65946 0.43421
vt 0.65625 0.42525
vt 0.65410 0.43105
vt 0.65415 0.42534
vt 0.65411 0.41921
vt 0.69851 0.57791
vt 0.69914 0.58397
vt 0.66334 0.45242
vt 0.66350 0.44532
vt 0.65945 0.45848
vt 0.66786 0.45300
vt 0.66793 0.45830
vt 0.66353 0.46123
vt 0.66663 0.46603
vt 0.65936 0.46673
vt 0.69094 0.55153
vt 0.68689 0.54750
vt 0.65884 0.42151
vt 0.65668 0.41529
vt 0.65399 0.41029
vt 0.70117 0.58789
vt 0.70100 0.58743
vt 0.66156 0.42835
vt 0.68004 0.52374
vt 0.68140 0.51195
vt 0.66352 0.43847
vt 0.67399 0.48707
vt 0.65142 0.41248
vt 0.65282 0.40421
vt 0.65721 0.40459
vt 0.65747 0.39957
vt 0.65292 0.39597
vt 0.65569 0.39163
vt 0.66034 0.39530
vt 0.65176 0.38943
vt 0.65358 0.38727
vt 0.66173 0.38848
vt 0.65895 0.38276
vt 0.66435 0.38263
vt 0.66270 0.37695
vt 0.65067 0.38503
vt 0.65288 0.38260
vt 0.65649 0.37885
vt 0.66425 0.39326
vt 0.66093 0.41094
vt 0.66378 0.40500
vt 0.67262 0.47825
vt 0.67167 0.47084
vt 0.66642 0.38764
vt 0.68301 0.53670
vt 0.68339 0.52872
vt 0.68489 0.51913
vt 0.67022 0.38014
vt 0.66829 0.37607
vt 0.67163 0.46325
vt 0.70127 0.58663
vt 0.69759 0.56441
vt 0.69861 0.57097
vt 0.66451 0.40024
vt 0.68783 0.53976
vt 0.66705 0.44629
vt 0.66103 0.41684
vt 0.67945 0.50158
vt 0.69440 0.55563
vt 0.66453 0.37244
vt 0.66504 0.43460
vt 0.66463 0.41111
vt 0.66402 0.41991
vt 0.67788 0.49331
vt 0.68855 0.53144
vt 0.70148 0.57806
vt 0.69019 0.52400
vt 0.69365 0.53292
vt 0.67239 0.37416
vt 0.69351 0.54377
vt 0.69438 0.54884
vt 0.67230 0.36789
vt 0.67582 0.36992
vt 0.70418 0.58476
vt 0.68370 0.50537
vt 0.65747 0.37386
vt 0.65204 0.37318
vt 0.65137 0.37959
vt 0.65398 0.36695
vt 0.65905 0.36631
vt 0.65061 0.36835
vt 0.64557 0.36463
vt 0.64517 0.36721
vt 0.65437 0.36306
vt 0.64585 0.36278
vt 0.64348 0.36997
vt 0.64831 0.37291
vt 0.65019 0.37715
vt 0.68103 0.49506
vt 0.69801 0.54313
vt 0.67726 0.37659
vt 0.67762 0.48567
vt 0.69018 0.51850
vt 0.68728 0.51271
vt 0.64982 0.38777
vt 0.66854 0.36854
vt 0.67136 0.36219
vt 0.66521 0.36537
vt 0.65235 0.43628
vt 0.70079 0.54907
vt 0.69999 0.55602
vt 0.66603 0.42987
vt 0.67204 0.45521
vt 0.67542 0.47480
vt 0.67800 0.48083
vt 0.66849 0.44091
vt 0.67104 0.38584
vt 0.66786 0.39045
vt 0.70546 0.55035
vt 0.70203 0.58720
vt 0.66655 0.39584
vt 0.67628 0.47057
vt 0.68033 0.36370
vt 0.67624 0.36120
vt 0.65018 0.48266
vt 0.67825 0.35624
vt 0.68282 0.35832
vt 0.66030 0.36275
vt 0.66666 0.36040
vt 0.65030 0.42207
vt 0.65192 0.42859
vt 0.67979 0.36859
vt 0.65087 0.39867
vt 0.65079 0.39228
vt 0.68161 0.49086
vt 0.68332 0.49867
vt 0.65025 0.40367
vt 0.65152 0.45758
vt 0.70304 0.57083
vt 0.70232 0.56248
vt 0.70339 0.58785
vt 0.70446 0.58914
vt 0.70781 0.55619
vt 0.68366 0.36610
vt 0.64920 0.47151
vt 0.66890 0.39246
vt 0.64936 0.46446
vt 0.64932 0.45755
vt 0.67468 0.46340
vt 0.68643 0.35889
vt 0.67335 0.35606
vt 0.66193 0.52459
vt 0.66502 0.53039
vt 0.66806 0.53588
vt 0.65049 0.44956
vt 0.64952 0.44161
vt 0.64708 0.43363
vt 0.69920 0.59257
vt 0.69785 0.59540
vt 0.67135 0.38964
vt 0.64900 0.39838
vt 0.64793 0.39292
vt 0.68190 0.37385
vt 0.68219 0.48662
vt 0.67193 0.54228
vt 0.66885 0.43503
vt 0.68715 0.35437
vt 0.69146 0.35381
vt 0.69207 0.35068
vt 0.68866 0.35063
vt 0.68347 0.35475
vt 0.69553 0.34734
vt 0.69795 0.34886
vt 0.70073 0.34500
vt 0.70293 0.34526
vt 0.70204 0.34991
vt 0.70311 0.34242
vt 0.70563 0.34213
vt 0.70462 0.34057
vt 0.70473 0.34608
vt 0.69573 0.35171
vt 0.69921 0.35170
vt 0.68468 0.35218
vt 0.68202 0.35343
vt 0.64695 0.38889
vt 0.70781 0.34318
vt 0.68953 0.35805
vt 0.69481 0.35539
vt 0.67134 0.44608
vt 0.67944 0.47603
vt 0.66687 0.40434
vt 0.66635 0.40856
vt 0.66725 0.41550
vt 0.66828 0.39820
vt 0.68297 0.48163
vt 0.70185 0.58773
vt 0.42572 0.87653
vt 0.42485 0.87286
vt 0.42574 0.87189
vt 0.42464 0.86782
vt 0.42561 0.86552
vt 0.42474 0.86294
vt 0.42568 0.85978
vt 0.42460 0.85839
vt 0.42572 0.85788
vt 0.42482 0.85754
vt 0.42389 0.87377
vt 0.42311 0.86945
vt 0.42344 0.86443
vt 0.42372 0.86009
vt 0.42384 0.85802
vt 0.42319 0.87467
vt 0.00888 0.58285
vt 0.00747 0.59018
vt 0.00750 0.58470
vt 0.00793 0.57817
vt 0.00895 0.57501
vt 0.01036 0.57781
vt 0.01069 0.57396
vt 0.00995 0.57161
vt 0.00849 0.57160
vt 0.00999 0.58316
vt 0.00929 0.58860
vt 0.01136 0.57132
vt 0.01101 0.56996
vt 0.00999 0.56946
vt 0.52725 0.66305
vt 0.52879 0.66380
vt 0.52821 0.66219
vt 0.52685 0.66180
vt 0.52563 0.66468
vt 0.70533 0.23789
vt 0.70751 0.23878
vt 0.70777 0.23637
vt 0.70994 0.23734
vt 0.70958 0.23954
vt 0.70895 0.23481
vt 0.70571 0.23563
vt 0.71096 0.23563
vt 0.70428 0.23803
vt 0.70386 0.23924
vt 0.03431 0.13206
vt 0.03647 0.13176
vt 0.03515 0.13403
vt 0.03667 0.13536
vt 0.03495 0.13018
vt 0.03667 0.12905
vt 0.42296 0.26569
vt 0.42563 0.26559
vt 0.42578 0.26689
vt 0.42806 0.26580
vt 0.42297 0.26666
vt 0.42840 0.26824
vt 0.42153 0.26646
vt 0.42454 0.26849
vt 0.42213 0.26751
vt 0.43015 0.26646
vt 0.43021 0.26875
vt 0.62563 0.07314
vt 0.62689 0.07176
vt 0.62681 0.07400
vt 0.62815 0.07216
vt 0.62795 0.07412
vt 0.62487 0.07454
vt 0.62741 0.06956
vt 0.62446 0.07207
vt 0.62608 0.07054
vt 0.62378 0.07309
vt 0.62406 0.07042
vt 0.62301 0.07205
vt 0.62532 0.06947
vt 0.62536 0.06685
vt 0.62770 0.06500
vt 0.62561 0.06322
vt 0.62328 0.06549
vt 0.62815 0.06038
vt 0.62352 0.06822
vt 0.62343 0.06961
vt 0.62137 0.06505
vt 0.62236 0.07068
vt 0.62146 0.06877
vt 0.62204 0.07353
vt 0.62322 0.07459
vt 0.62184 0.07025
vt 0.62106 0.07124
vt 0.62154 0.07206
vt 0.83882 0.79231
vt 0.84046 0.79476
vt 0.83925 0.79747
vt 0.84062 0.78914
vt 0.83906 0.78866
vt 0.83923 0.78634
vt 0.84050 0.78601
vt 0.83827 0.78632
vt 0.83823 0.78762
vt 0.83803 0.79073
vt 0.83887 0.78539
vt 0.84024 0.78492
vt 0.86874 0.75370
vt 0.86205 0.74649
vt 0.86707 0.75139
vt 0.86359 0.74866
vt 0.86670 0.74722
vt 0.86872 0.74629
vt 0.86497 0.74455
vt 0.86304 0.74352
vt 0.86855 0.73927
vt 0.86434 0.74088
vt 0.86699 0.73831
vt 0.86595 0.73695
vt 0.86946 0.73283
vt 0.87093 0.73439
vt 0.87307 0.72644
vt 0.87086 0.72637
vt 0.87383 0.71641
vt 0.87050 0.72307
vt 0.87437 0.70714
vt 0.86805 0.73182
vt 0.87609 0.70707
vt 0.87698 0.70236
vt 0.87815 0.70441
vt 0.87767 0.70841
vt 0.87606 0.71732
vt 0.87507 0.70205
vt 0.75357 0.53895
vt 0.75197 0.53849
vt 0.75452 0.53710
vt 0.75235 0.54093
vt 0.75513 0.54114
vt 0.75489 0.54427
vt 0.75350 0.54461
vt 0.75452 0.54578
vt 0.52793 0.95951
vt 0.52593 0.95772
vt 0.52875 0.95814
vt 0.52954 0.95899
vt 0.52957 0.96014
vt 0.13671 0.18086
vt 0.13468 0.18191
vt 0.13543 0.18292
vt 0.13486 0.18083
vt 0.13577 0.17915
vt 0.13276 0.18152
vt 0.13762 0.17970
vt 0.13364 0.17890
vt 0.13308 0.17998
vt 0.13139 0.17726
vt 0.13105 0.18080
vt 0.13070 0.18234
vt 0.12712 0.18198
vt 0.12736 0.17919
vt 0.12292 0.18194
vt 0.12092 0.18042
vt 0.11886 0.18350
vt 0.12517 0.17745
vt 0.12101 0.17767
vt 0.12942 0.17728
vt 0.13043 0.17872
vt 0.11793 0.17909
vt 0.11475 0.18214
vt 0.13443 0.17767
vt 0.13236 0.17719
vt 0.13694 0.17832
vt 0.41510 0.58250
vt 0.41003 0.58100
vt 0.41055 0.58274
vt 0.40427 0.58302
vt 0.40374 0.58029
vt 0.39846 0.58104
vt 0.39924 0.58318
vt 0.39433 0.58444
vt 0.39161 0.58141
vt 0.38655 0.58461
vt 0.41619 0.58420
vt 0.38484 0.58205
vt 0.37885 0.58300
vt 0.37657 0.58510
vt 0.37155 0.58243
vt 0.37600 0.58111
vt 0.37055 0.57994
vt 0.36639 0.58175
vt 0.36563 0.57785
vt 0.36154 0.57945
vt 0.36235 0.57610
vt 0.35865 0.57680
vt 0.35521 0.57817
vt 0.35749 0.58058
vt 0.36812 0.58540
vt 0.40754 0.58454
vt 0.40141 0.58542
vt 0.36212 0.58485
vt 0.37543 0.58762
vt 0.38135 0.58776
vt 0.38989 0.58655
vt 0.39566 0.58715
vt 0.35433 0.58198
vt 0.35879 0.58269
vt 0.34972 0.58089
vt 0.36906 0.58927
vt 0.35195 0.57577
vt 0.34350 0.57884
vt 0.33949 0.58173
vt 0.33356 0.57901
vt 0.33085 0.58174
vt 0.32714 0.57881
vt 0.32014 0.58168
vt 0.32753 0.58423
vt 0.32058 0.58450
vt 0.31220 0.58517
vt 0.31079 0.58190
vt 0.30429 0.58432
vt 0.30482 0.58182
vt 0.29929 0.58287
vt 0.33253 0.58782
vt 0.32478 0.58875
vt 0.33772 0.58462
vt 0.34620 0.60220
vt 0.35288 0.60376
vt 0.35346 0.59954
vt 0.35987 0.60012
vt 0.35952 0.60394
vt 0.36372 0.60204
vt 0.36703 0.59706
vt 0.36828 0.60071
vt 0.37269 0.59869
vt 0.37185 0.59337
vt 0.37661 0.59396
vt 0.38116 0.59924
vt 0.38116 0.59487
vt 0.38613 0.59458
vt 0.38641 0.60263
vt 0.39072 0.59615
vt 0.39293 0.60335
vt 0.39729 0.60134
vt 0.37581 0.60060
vt 0.36992 0.60311
vt 0.39808 0.59583
vt 0.39361 0.59248
vt 0.39768 0.58988
vt 0.40333 0.60301
vt 0.39895 0.60723
vt 0.40247 0.59100
vt 0.38825 0.59029
vt 0.39219 0.58874
vt 0.40280 0.58844
vt 0.40854 0.58894
vt 0.39441 0.60953
vt 0.40750 0.59457
vt 0.41077 0.59670
vt 0.41168 0.59242
vt 0.41458 0.58897
vt 0.40523 0.59800
vt 0.40231 0.59564
vt 0.41652 0.59144
vt 0.41572 0.59480
vt 0.40814 0.60000
vt 0.40064 0.61103
vt 0.40674 0.60883
vt 0.40844 0.60441
vt 0.41301 0.59789
vt 0.41199 0.60221
vt 0.40796 0.61272
vt 0.41212 0.60791
vt 0.38158 0.59144
vt 0.41500 0.61203
vt 0.38913 0.60844
vt 0.41173 0.61537
vt 0.36124 0.59532
vt 0.34535 0.59940
vt 0.41622 0.60705
vt 0.41613 0.61530
vt 0.38545 0.58887
vt 0.34211 0.60379
vt 0.34033 0.60205
vt 0.41433 0.60444
vt 0.37812 0.60474
vt 0.36401 0.59205
vt 0.41611 0.61980
vt 0.35611 0.59512
vt 0.37600 0.59043
vt 0.38417 0.60813
vt 0.40211 0.61396
vt 0.40839 0.61659
vt 0.39679 0.61325
vt 0.37823 0.60756
vt 0.37161 0.60623
vt 0.36399 0.60517
vt 0.41475 0.60084
vt 0.34811 0.60544
vt 0.33711 0.60341
vt 0.41154 0.61912
vt 0.39150 0.61300
vt 0.35134 0.59544
vt 0.41895 0.58627
vt 0.40982 0.58657
vt 0.33877 0.59886
vt 0.33267 0.60079
vt 0.40556 0.61778
vt 0.41552 0.62089
vt 0.39866 0.61643
vt 0.38540 0.61280
vt 0.33228 0.60403
vt 0.35700 0.59130
vt 0.33358 0.59717
vt 0.32695 0.60321
vt 0.32500 0.59975
vt 0.32728 0.59711
vt 0.34212 0.59556
vt 0.34734 0.59306
vt 0.32315 0.60236
vt 0.31864 0.60153
vt 0.31826 0.59663
vt 0.31411 0.59794
vt 0.31347 0.60215
vt 0.31691 0.60481
vt 0.32115 0.60544
vt 0.32338 0.59503
vt 0.36107 0.58844
vt 0.35156 0.58866
vt 0.35588 0.58554
vt 0.32838 0.59369
vt 0.35105 0.58346
vt 0.33607 0.59227
vt 0.34505 0.58541
vt 0.34281 0.58986
vt 0.21805 0.10171
vt 0.21970 0.09645
vt 0.22356 0.09894
vt 0.22612 0.09685
vt 0.22992 0.09844
vt 0.22425 0.10308
vt 0.22950 0.10146
vt 0.21899 0.10406
vt 0.23252 0.09718
vt 0.23449 0.09935
vt 0.23490 0.09789
vt 0.23332 0.10083
vt 0.22943 0.10261
vt 0.23620 0.09904
vt 0.59109 0.40655
vt 0.59009 0.40529
vt 0.58955 0.40700
vt 0.58983 0.40901
vt 0.58762 0.40804
vt 0.58890 0.41385
vt 0.58877 0.41230
vt 0.58776 0.41290
vt 0.58765 0.41041
vt 0.58486 0.41184
vt 0.58615 0.40907
vt 0.58220 0.41086
vt 0.58247 0.40837
vt 0.58480 0.40773
vt 0.58070 0.41051
vt 0.58210 0.41227
vt 0.58012 0.41258
vt 0.58072 0.40682
vt 0.57777 0.40804
vt 0.57691 0.40535
vt 0.57470 0.40529
vt 0.57453 0.40761
vt 0.57879 0.41056
vt 0.57456 0.40977
vt 0.57854 0.41205
vt 0.57522 0.41069
vt 0.58732 0.41555
vt 0.58907 0.41549
vt 0.58642 0.41300
vt 0.58506 0.41368
vt 0.58638 0.41417
vt 0.58504 0.41531
vt 0.58367 0.41385
vt 0.58192 0.41390
vt 0.91274 0.20336
vt 0.91215 0.20146
vt 0.91128 0.20251
vt 0.91421 0.20048
vt 0.91164 0.20392
vt 0.91421 0.19871
vt 0.91579 0.19904
vt 0.91654 0.19771
vt 0.91606 0.20075
vt 0.91835 0.20279
vt 0.91911 0.20139
vt 0.92245 0.20222
vt 0.91982 0.20437
vt 0.91518 0.20247
vt 0.91826 0.19915
vt 0.92252 0.20059
vt 0.92609 0.20153
vt 0.92520 0.19931
vt 0.92090 0.19823
vt 0.92328 0.19771
vt 0.92863 0.20040
vt 0.92200 0.20376
vt 0.92078 0.20560
vt 0.92382 0.20229
vt 0.81088 0.18886
vt 0.80797 0.18829
vt 0.80886 0.18745
vt 0.81270 0.18829
vt 0.81222 0.18982
vt 0.72752 0.59155
vt 0.72910 0.59155
vt 0.72850 0.59313
vt 0.48754 0.81807
vt 0.48875 0.81898
vt 0.48708 0.81915
vt 0.48775 0.82029
vt 0.48671 0.81826
vt 0.48686 0.82221
vt 0.48573 0.82154
vt 0.48555 0.82492
vt 0.48641 0.82593
vt 0.48541 0.82960
vt 0.48644 0.82954
vt 0.48584 0.83513
vt 0.48697 0.83473
vt 0.48837 0.82161
vt 0.48742 0.82519
vt 0.48739 0.82982
vt 0.48935 0.82033
vt 0.27719 0.79444
vt 0.27681 0.79370
vt 0.27475 0.79411
vt 0.27469 0.79328
vt 0.26936 0.79445
vt 0.26884 0.79346
vt 0.27800 0.79356
vt 0.74928 0.95393
vt 0.75113 0.95510
vt 0.75495 0.95349
vt 0.75557 0.95450
vt 0.75727 0.95318
vt 0.74814 0.95266
vt 0.75265 0.95292
vt 0.75580 0.95241
vt 0.75714 0.95225
vt 0.75822 0.95251
vt 0.75828 0.95361
vt 0.43472 0.30043
vt 0.43981 0.30246
vt 0.44077 0.30097
vt 0.44686 0.30124
vt 0.44691 0.30254
vt 0.45222 0.30176
vt 0.45050 0.30403
vt 0.45374 0.30314
vt 0.45475 0.30203
vt 0.43330 0.30352
vt 0.44583 0.30386
vt 0.45544 0.30306
vt 0.43950 0.30343
vt 0.74251 0.92604
vt 0.74090 0.92699
vt 0.74067 0.92602
vt 0.74237 0.92497
vt 0.74121 0.92463
vt 0.74014 0.92497
vt 0.78036 0.78100
vt 0.77931 0.78098
vt 0.77984 0.78260
vt 0.77914 0.78260
vt 0.77924 0.78397
vt 0.77997 0.78471
vt 0.77879 0.78477
vt 0.77925 0.78561
vt 0.77998 0.78639
vt 0.77931 0.78729
vt 0.00333 0.14975
vt 0.00408 0.15036
vt 0.00438 0.14928
vt 0.00565 0.14966
vt 0.00591 0.14855
vt 0.00515 0.14753
vt 0.00315 0.14727
vt 0.00276 0.14855
vt 0.00447 0.14641
vt 0.46254 0.06196
vt 0.46149 0.06196
vt 0.46221 0.06317
vt 0.46097 0.06284
vt 0.46078 0.06591
vt 0.45913 0.06462
vt 0.45714 0.06944
vt 0.45974 0.06917
vt 0.46074 0.07302
vt 0.45715 0.07355
vt 0.46014 0.07500
vt 0.45805 0.07812
vt 0.46084 0.07692
vt 0.45976 0.08015
vt 0.45532 0.07348
vt 0.46193 0.07440
vt 0.46161 0.07206
vt 0.46249 0.07413
vt 0.46212 0.07528
vt 0.45728 0.08405
vt 0.45580 0.07919
vt 0.45898 0.08642
vt 0.45611 0.07493
vt 0.45386 0.07183
vt 0.45500 0.06902
vt 0.93785 0.42344
vt 0.93826 0.42449
vt 0.93709 0.42405
vt 0.93727 0.42533
vt 0.93650 0.42496
vt 0.93647 0.42706
vt 0.93802 0.42662
vt 0.93884 0.42596
vt 0.89472 0.85392
vt 0.89402 0.85482
vt 0.89366 0.85359
vt 0.89229 0.85441
vt 0.89219 0.85668
vt 0.88856 0.85767
vt 0.88819 0.86072
vt 0.88525 0.86192
vt 0.88710 0.86349
vt 0.88957 0.86443
vt 0.88865 0.86602
vt 0.89165 0.86653
vt 0.89047 0.86757
vt 0.88730 0.86808
vt 0.88896 0.87000
vt 0.89181 0.86841
vt 0.89234 0.86448
vt 0.89008 0.86189
vt 0.89092 0.86023
vt 0.89346 0.86678
vt 0.88823 0.85642
vt 0.89043 0.87085
vt 0.88669 0.87310
vt 0.88927 0.87548
vt 0.88701 0.87620
vt 0.89018 0.87792
vt 0.88686 0.87903
vt 0.89072 0.88146
vt 0.88643 0.88375
vt 0.88954 0.88516
vt 0.89140 0.88439
vt 0.89181 0.87613
vt 0.89220 0.87453
vt 0.89416 0.87626
vt 0.89472 0.87970
vt 0.89437 0.87339
vt 0.89458 0.87041
vt 0.89193 0.87269
vt 0.89276 0.86962
vt 0.89448 0.86756
vt 0.64550 0.93707
vt 0.64457 0.93693
vt 0.64490 0.93755
vt 0.64528 0.93646
vt 0.64401 0.93753
vt 0.64529 0.93802
vt 0.64457 0.93828
vt 0.64342 0.93829
vt 0.64341 0.93901
vt 0.64201 0.93884
vt 0.64175 0.93962
vt 0.63958 0.93905
vt 0.63629 0.93919
vt 0.63683 0.93785
vt 0.63156 0.93811
vt 0.64153 0.93777
vt 0.64300 0.93737
vt 0.64068 0.93704
vt 0.63232 0.93741
vt 0.62659 0.93787
vt 0.62633 0.93886
vt 0.63032 0.93940
vt 0.81531 0.32212
vt 0.81456 0.32297
vt 0.81464 0.32218
vt 0.81197 0.32303
vt 0.81910 0.32135
vt 0.81948 0.32354
vt 0.81652 0.32291
vt 0.81814 0.32067
vt 0.82123 0.32227
vt 0.82030 0.31998
vt 0.82137 0.32384
vt 0.82103 0.32097
vt 0.82083 0.32014
vt 0.82059 0.32478
vt 0.81730 0.32426
vt 0.82059 0.31926
vt 0.81531 0.32474
vt 0.81191 0.32403
vt 0.85376 0.27772
vt 0.84742 0.27674
vt 0.85432 0.27600
vt 0.85626 0.27822
vt 0.85767 0.27671
vt 0.85732 0.27506
vt 0.85923 0.27532
vt 0.84740 0.27532
vt 0.85866 0.27773
vt 0.25197 0.01144
vt 0.25197 0.00671
vt 0.25118 0.00942
vt 0.27169 0.34714
vt 0.27326 0.34790
vt 0.27307 0.34609
vt 0.27307 0.34925
vt 0.03904 0.17866
vt 0.03825 0.17858
vt 0.03867 0.18035
vt 0.03867 0.17719
vt 0.32252 0.69596
vt 0.32182 0.69422
vt 0.31939 0.69721
vt 0.32261 0.69456
vt 0.32206 0.69306
vt 0.32335 0.69337
vt 0.32408 0.69480
vt 0.32470 0.69553
vt 0.32029 0.69811
vt 0.32610 0.69319
vt 0.32861 0.69315
vt 0.32994 0.69060
vt 0.32694 0.69005
vt 0.33095 0.68954
vt 0.32922 0.68852
vt 0.33123 0.68890
vt 0.33271 0.68961
vt 0.33320 0.69046
vt 0.33192 0.69142
vt 0.32600 0.68900
vt 0.32674 0.68785
vt 0.32302 0.68811
vt 0.31851 0.68947
vt 0.31668 0.68887
vt 0.32412 0.69002
vt 0.31973 0.69056
vt 0.31466 0.69126
vt 0.31901 0.69225
vt 0.31321 0.69305
vt 0.32114 0.69251
vt 0.31246 0.68973
vt 0.31259 0.68844
vt 0.32316 0.69230
vt 0.47325 0.49605
vt 0.47200 0.49763
vt 0.47437 0.49763
vt 0.67074 0.10969
vt 0.67324 0.11024
vt 0.67361 0.10877
vt 0.67434 0.10932
vt 0.67610 0.11004
vt 0.68094 0.10882
vt 0.01981 0.09651
vt 0.01960 0.09826
vt 0.02035 0.09966
vt 0.01853 0.09654
vt 0.02174 0.10034
vt 0.02271 0.09949
vt 0.02351 0.09733
vt 0.02307 0.10160
vt 0.02614 0.10095
vt 0.02103 0.09484
vt 0.01978 0.09439
vt 0.01857 0.09487
vt 0.02785 0.09779
vt 0.02602 0.09439
vt 0.02957 0.10143
vt 0.02899 0.10365
vt 0.03213 0.10514
vt 0.03090 0.10553
vt 0.03423 0.10451
vt 0.02336 0.09395
vt 0.03026 0.09496
vt 0.03076 0.09343
vt 0.03203 0.09897
vt 0.02693 0.10333
vt 0.02164 0.10160
vt 0.03357 0.10702
vt 0.03345 0.09500
vt 0.03788 0.09348
vt 0.03894 0.09515
vt 0.03548 0.10014
vt 0.03857 0.10239
vt 0.03134 0.10740
vt 0.02845 0.10620
vt 0.02501 0.10400
vt 0.02019 0.10070
vt 0.03681 0.10731
vt 0.02888 0.09284
vt 0.02410 0.10251
vt 0.03773 0.10423
vt 0.02273 0.10273
vt 0.03376 0.10846
vt 0.56435 0.73204
vt 0.56585 0.73269
vt 0.56435 0.73757
vt 0.56349 0.73563
vt 0.08262 0.82940
vt 0.08477 0.83541
vt 0.08964 0.83667
vt 0.07688 0.82954
vt 0.09217 0.83238
vt 0.09775 0.83879
vt 0.09917 0.84360
vt 0.07681 0.82323
vt 0.06518 0.81916
vt 0.06954 0.82432
vt 0.08863 0.82696
vt 0.07224 0.81733
vt 0.06319 0.81237
vt 0.05576 0.81316
vt 0.05602 0.80655
vt 0.04710 0.80581
vt 0.04935 0.79720
vt 0.04023 0.79798
vt 0.03777 0.79115
vt 0.03028 0.79609
vt 0.04912 0.78671
vt 0.02329 0.78967
vt 0.01602 0.79141
vt 0.01486 0.78583
vt 0.10168 0.83450
vt 0.08439 0.82120
vt 0.08136 0.81419
vt 0.01642 0.78011
vt 0.06125 0.80128
vt 0.06379 0.80645
vt 0.07198 0.81036
vt 0.09388 0.82289
vt 0.06908 0.79942
vt 0.09084 0.81271
vt 0.10068 0.82059
vt 0.09848 0.81241
vt 0.08732 0.80749
vt 0.07980 0.80600
vt 0.10834 0.81851
vt 0.09132 0.80679
vt 0.10256 0.82847
vt 0.07971 0.79990
vt 0.06943 0.79381
vt 0.05928 0.79565
vt 0.06052 0.78948
vt 0.05546 0.78356
vt 0.00909 0.78282
vt 0.00687 0.78742
vt 0.03952 0.78592
vt 0.02865 0.78424
vt 0.04624 0.77911
vt 0.00635 0.77711
vt 0.03732 0.80065
vt 0.00039 0.78166
vt 0.01223 0.77309
vt 0.01628 0.77339
vt 0.02274 0.77808
vt 0.03205 0.78105
vt 0.04016 0.77724
vt 0.04540 0.77559
vt 0.05295 0.78035
vt 0.06235 0.82053
vt 0.36185 0.20696
vt 0.36689 0.20867
vt 0.36371 0.20488
vt 0.37392 0.20786
vt 0.37087 0.20282
vt 0.37848 0.20615
vt 0.38163 0.20917
vt 0.37654 0.21062
vt 0.35535 0.20571
vt 0.35739 0.20190
vt 0.36261 0.20080
vt 0.35214 0.20012
vt 0.34907 0.20434
vt 0.38075 0.20072
vt 0.38611 0.20460
vt 0.38646 0.19877
vt 0.39316 0.20044
vt 0.39021 0.21006
vt 0.39437 0.20839
vt 0.39567 0.20410
vt 0.40006 0.20000
vt 0.35384 0.20758
vt 0.34390 0.20552
vt 0.34461 0.20392
vt 0.33957 0.20289
vt 0.33576 0.20374
vt 0.33435 0.20223
vt 0.32968 0.20341
vt 0.33017 0.20188
vt 0.33092 0.20072
vt 0.32643 0.20020
vt 0.32361 0.20140
vt 0.32058 0.19850
vt 0.31822 0.20084
vt 0.44359 0.21028
vt 0.44620 0.20845
vt 0.43826 0.20825
vt 0.44867 0.21092
vt 0.45309 0.20844
vt 0.45514 0.21138
vt 0.43542 0.21202
vt 0.43221 0.20909
vt 0.42819 0.21306
vt 0.45910 0.20936
vt 0.42643 0.20921
vt 0.46450 0.21084
vt 0.42416 0.21328
vt 0.41929 0.21028
vt 0.42058 0.20462
vt 0.43144 0.20614
vt 0.42506 0.20451
vt 0.42067 0.20120
vt 0.41417 0.20695
vt 0.46406 0.20898
vt 0.47082 0.20934
vt 0.41568 0.20306
vt 0.41071 0.20413
vt 0.40719 0.20736
vt 0.40328 0.20413
vt 0.40088 0.20767
vt 0.40638 0.20119
vt 0.42513 0.21590
vt 0.41173 0.20133
vt 0.44100 0.21295
vt 0.41554 0.20023
vt 0.41196 0.19886
vt 0.41829 0.21441
vt 0.41764 0.21672
vt 0.40645 0.19873
vt 0.43342 0.21488
vt 0.44315 0.20644
vt 0.43653 0.20565
vt 0.41297 0.21598
vt 0.41300 0.21367
vt 0.40868 0.21385
vt 0.41283 0.21077
vt 0.46956 0.20772
vt 0.47649 0.20800
vt 0.48026 0.20911
vt 0.48226 0.20785
vt 0.48778 0.20839
vt 0.40826 0.21622
vt 0.40161 0.21196
vt 0.40556 0.21063
vt 0.39798 0.21303
vt 0.40340 0.21620
vt 0.45030 0.20611
vt 0.41975 0.19925
vt 0.41636 0.19850
vt 0.39282 0.21324
vt 0.38413 0.21188
vt 0.44794 0.21304
vt 0.47257 0.21059
vt 0.45665 0.20658
vt 0.46275 0.20719
vt 0.42482 0.20127
vt 0.43096 0.20238
vt 0.41324 0.21744
vt 0.48640 0.21021
vt 0.49548 0.20943
vt 0.49576 0.20841
vt 0.49058 0.20733
vt 0.50305 0.20909
vt 0.50212 0.20795
vt 0.50640 0.20767
vt 0.48286 0.20635
vt 0.50844 0.20913
vt 0.51275 0.20799
vt 0.51357 0.21044
vt 0.51624 0.20911
vt 0.51720 0.21203
vt 0.51823 0.20686
vt 0.51845 0.20883
vt 0.51859 0.21108
vt 0.52117 0.20990
vt 0.52006 0.21274
vt 0.52310 0.21241
vt 0.52023 0.20734
vt 0.52310 0.20843
vt 0.47968 0.21051
vt 0.52327 0.20588
vt 0.52080 0.20556
vt 0.49648 0.20697
vt 0.66778 0.80580
vt 0.66965 0.80588
vt 0.66876 0.80390
vt 0.66964 0.80725
vt 0.67108 0.80714
vt 0.67092 0.80418
vt 0.67299 0.80532
vt 0.67284 0.80740
vt 0.67138 0.80283
vt 0.66927 0.80250
vt 0.67458 0.80673
vt 0.67468 0.80453
vt 0.67316 0.80242
vt 0.67422 0.80163
vt 0.66716 0.80305
vt 0.66594 0.80471
vt 0.66763 0.80829
vt 0.66901 0.80843
vt 0.66928 0.81011
vt 0.66755 0.81076
vt 0.66601 0.80901
vt 0.66597 0.80699
vt 0.66830 0.81220
vt 0.67001 0.81181
vt 0.66740 0.81242
vt 0.67224 0.80150
vt 0.66943 0.80187
vt 0.66581 0.81100
vt 0.66943 0.81334
vt 0.67142 0.81219
vt 0.66568 0.80322
vt 0.66470 0.80872
vt 0.66443 0.80662
vt 0.66751 0.80163
vt 0.66490 0.80439
vt 0.93096 0.54449
vt 0.93358 0.54573
vt 0.93206 0.54356
vt 0.93371 0.54466
vt 0.92903 0.54312
vt 0.92807 0.54459
vt 0.93530 0.54421
vt 0.93590 0.54637
vt 0.93710 0.54376
vt 0.92950 0.54549
vt 0.93424 0.54793
vt 0.93743 0.54550
vt 0.93745 0.54645
vt 0.93828 0.54447
vt 0.93613 0.54820
vt 0.92638 0.54435
vt 0.92662 0.54241
vt 0.92830 0.54183
vt 0.93824 0.54312
vt 0.94046 0.54431
vt 0.92866 0.54657
vt 0.92686 0.54644
vt 0.92744 0.54876
vt 0.92924 0.54835
vt 0.93098 0.54701
vt 0.93137 0.54582
vt 0.92547 0.54862
vt 0.92589 0.54972
vt 0.93735 0.54746
vt 0.93724 0.54869
vt 0.93852 0.54854
vt 0.93842 0.54750
vt 0.92549 0.54672
vt 0.93857 0.54610
vt 0.38911 0.25733
vt 0.39048 0.25514
vt 0.38801 0.25514
vt 0.38572 0.25694
vt 0.38577 0.25540
vt 0.38604 0.25420
vt 0.38456 0.25388
vt 0.38411 0.25514
vt 0.38263 0.25568
vt 0.38283 0.25375
vt 0.41247 0.26055
vt 0.41731 0.26215
vt 0.41826 0.26011
vt 0.42593 0.26153
vt 0.42304 0.25871
vt 0.42892 0.25952
vt 0.41474 0.25818
vt 0.40685 0.26025
vt 0.43443 0.26108
vt 0.43443 0.25867
vt 0.40437 0.25688
vt 0.40814 0.26305
vt 0.40520 0.26309
vt 0.39995 0.26046
vt 0.40407 0.25899
vt 0.39788 0.25836
vt 0.39225 0.25912
vt 0.39355 0.26117
vt 0.38812 0.25991
vt 0.39300 0.25713
vt 0.44014 0.26016
vt 0.43980 0.25801
vt 0.38522 0.25812
vt 0.38352 0.25659
vt 0.39738 0.25664
vt 0.43789 0.26274
vt 0.43202 0.26398
vt 0.42516 0.26385
vt 0.40095 0.26266
vt 0.41276 0.26401
vt 0.44642 0.26127
vt 0.44670 0.25920
vt 0.45056 0.26094
vt 0.45110 0.25808
vt 0.45408 0.25978
vt 0.45096 0.25600
vt 0.45575 0.25660
vt 0.45781 0.25883
vt 0.44510 0.25628
vt 0.43135 0.25707
vt 0.42324 0.25680
vt 0.45489 0.25388
vt 0.43689 0.25605
vt 0.38210 0.25770
vt 0.44930 0.25436
vt 0.39891 0.25458
vt 0.41368 0.25585
vt 0.39570 0.25509
vt 0.40662 0.25445
vt 0.88309 0.26483
vt 0.88112 0.26422
vt 0.88134 0.26225
vt 0.88317 0.26187
vt 0.88141 0.26559
vt 0.88374 0.26638
vt 0.88515 0.26502
vt 0.88455 0.26286
vt 0.88023 0.26419
vt 0.88525 0.26085
vt 0.88525 0.26636
vt 0.87973 0.26233
vt 0.52036 0.63684
vt 0.51872 0.63664
vt 0.52016 0.63364
vt 0.51902 0.63339
vt 0.51829 0.63460
vt 0.52190 0.63467
vt 0.51902 0.63891
vt 0.52130 0.63855
vt 0.51742 0.63805
vt 0.51696 0.63635
vt 0.52327 0.63706
vt 0.75954 0.27898
vt 0.75085 0.27806
vt 0.75328 0.28323
vt 0.75496 0.27328
vt 0.76114 0.27364
vt 0.74785 0.28344
vt 0.74103 0.28103
vt 0.74358 0.27649
vt 0.73775 0.27667
vt 0.73163 0.28078
vt 0.76171 0.28452
vt 0.72824 0.27803
vt 0.74791 0.27334
vt 0.76476 0.27716
vt 0.76669 0.28183
vt 0.76723 0.27752
vt 0.76539 0.27369
vt 0.72539 0.28144
vt 0.72358 0.27649
vt 0.76586 0.28565
vt 0.76934 0.28709
vt 0.76542 0.28985
vt 0.77038 0.28405
vt 0.75243 0.28694
vt 0.74776 0.28924
vt 0.76995 0.27940
vt 0.76810 0.27554
vt 0.76225 0.27194
vt 0.75824 0.28824
vt 0.74428 0.28837
vt 0.74088 0.28613
vt 0.76174 0.29083
vt 0.73817 0.27421
vt 0.76275 0.29440
vt 0.75742 0.29416
vt 0.75915 0.29622
vt 0.75369 0.29164
vt 0.75899 0.29156
vt 0.76525 0.27124
vt 0.75468 0.29432
vt 0.72963 0.27522
vt 0.76687 0.29174
vt 0.71864 0.28047
vt 0.71892 0.27687
vt 0.76817 0.27177
vt 0.73469 0.28589
vt 0.72641 0.28696
vt 0.72094 0.28566
vt 0.74467 0.29258
vt 0.71321 0.27603
vt 0.71087 0.27985
vt 0.70694 0.27674
vt 0.70870 0.27411
vt 0.70611 0.27999
vt 0.70212 0.27759
vt 0.70085 0.28331
vt 0.70821 0.28379
vt 0.70670 0.28776
vt 0.70206 0.28886
vt 0.70224 0.27457
vt 0.69781 0.27866
vt 0.69691 0.28220
vt 0.71362 0.28533
vt 0.70687 0.27188
vt 0.69849 0.27567
vt 0.69772 0.28620
vt 0.76788 0.26953
vt 0.77153 0.26959
vt 0.77104 0.27202
vt 0.77212 0.28500
vt 0.72051 0.27321
vt 0.72667 0.27374
vt 0.71140 0.29039
vt 0.71408 0.27324
vt 0.76445 0.29692
vt 0.76089 0.29856
vt 0.76950 0.29270
vt 0.77159 0.29020
vt 0.77097 0.27322
vt 0.77185 0.27313
vt 0.74018 0.29275
vt 0.76931 0.29529
vt 0.70548 0.29240
vt 0.71001 0.29335
vt 0.75093 0.29393
vt 0.70249 0.29181
vt 0.77271 0.29302
vt 0.77011 0.27517
vt 0.73448 0.29102
vt 0.72893 0.29023
vt 0.75515 0.29701
vt 0.72002 0.29212
vt 0.77210 0.28171
vt 0.76341 0.29952
vt 0.72396 0.29077
vt 0.77312 0.29531
vt 0.77431 0.29133
vt 0.77520 0.29320
vt 0.77620 0.29153
vt 0.75814 0.29953
vt 0.71458 0.29447
vt 0.77383 0.28743
vt 0.76607 0.29902
vt 0.69243 0.28454
vt 0.77186 0.27718
vt 0.70048 0.27152
vt 0.69552 0.27661
vt 0.69212 0.28016
vt 0.73480 0.29377
vt 0.69210 0.27604
vt 0.76878 0.29827
vt 0.72735 0.29402
vt 0.77581 0.28988
vt 0.74848 0.29619
vt 0.69504 0.27213
vt 0.69734 0.26959
vt 0.69026 0.28416
vt 0.74271 0.29574
vt 0.77236 0.27886
vt 0.77314 0.27805
vt 0.74069 0.29743
vt 0.77428 0.28312
vt 0.77550 0.28408
vt 0.77580 0.28259
vt 0.77632 0.28377
vt 0.77485 0.28149
vt 0.77194 0.29725
vt 0.77296 0.27238
vt 0.77274 0.27062
vt 0.77454 0.27013
vt 0.77487 0.27154
vt 0.77582 0.27012
vt 0.77677 0.27160
vt 0.77730 0.27040
vt 0.68967 0.28047
vt 0.77523 0.27316
vt 0.77237 0.27653
vt 0.77323 0.27727
vt 0.77332 0.27593
vt 0.77542 0.27677
vt 0.77549 0.27571
vt 0.77826 0.27614
vt 0.77716 0.27419
vt 0.77584 0.27407
vt 0.77854 0.27476
vt 0.77958 0.27613
vt 0.77985 0.27792
vt 0.77326 0.27397
vt 0.77211 0.27411
vt 0.77681 0.27281
vt 0.77264 0.27502
vt 0.77159 0.27485
vt 0.77683 0.28448
vt 0.77635 0.28560
vt 0.77409 0.28044
vt 0.77498 0.27961
vt 0.77399 0.27921
vt 0.77636 0.28813
vt 0.77586 0.28653
vt 0.77672 0.28672
vt 0.77713 0.28761
vt 0.77681 0.28948
vt 0.77931 0.27804
vt 0.77773 0.27745
vt 0.77757 0.27837
vt 0.77608 0.27850
vt 0.77845 0.27987
vt 0.78000 0.28001
vt 0.77825 0.28157
vt 0.77710 0.27948
vt 0.77600 0.28136
vt 0.77577 0.28005
vt 0.77585 0.27935
vt 0.78050 0.28141
vt 0.78034 0.27951
vt 0.77966 0.28285
vt 0.78083 0.28238
vt 0.77927 0.28397
vt 0.78137 0.28410
vt 0.77790 0.28404
vt 0.77747 0.28350
vt 0.77982 0.28575
vt 0.78102 0.28640
vt 0.77917 0.28757
vt 0.78232 0.28587
vt 0.78175 0.28677
vt 0.77758 0.28880
vt 0.77998 0.28798
vt 0.77762 0.28503
vt 0.77817 0.28935
vt 0.77964 0.28874
vt 0.78126 0.28129
vt 0.78106 0.28000
vt 0.78135 0.28233
vt 0.78178 0.28338
vt 0.78273 0.28501
vt 0.70308 0.83785
vt 0.70239 0.83860
vt 0.70071 0.83785
vt 0.70146 0.83702
vt 0.39312 0.57735
vt 0.39472 0.57814
vt 0.39235 0.57814
vt 0.04140 0.43033
vt 0.04039 0.42976
vt 0.04039 0.43212
vt 0.03983 0.43087
vt 0.68756 0.02249
vt 0.68553 0.02278
vt 0.68596 0.02393
vt 0.68888 0.02360
vt 0.68749 0.02510
vt 0.68875 0.02565
vt 0.68415 0.02360
vt 0.68484 0.02468
vt 0.68507 0.02555
vt 0.37632 0.60892
vt 0.37579 0.61048
vt 0.37737 0.61047
vt 0.37632 0.61208
vt 0.91916 0.10503
vt 0.91738 0.10290
vt 0.91634 0.10393
vt 0.91715 0.10616
vt 0.91443 0.10503
vt 0.91592 0.10221
vt 0.01144 0.00909
vt 0.01046 0.01034
vt 0.01042 0.00778
vt 0.00931 0.00886
vt 0.00894 0.00694
vt 0.00974 0.00461
vt 0.00791 0.00353
vt 0.00824 0.00523
vt 0.00848 0.00276
vt 0.00669 0.00304
vt 0.00672 0.00523
vt 0.00656 0.00647
vt 0.00732 0.00680
vt 0.00780 0.00884
vt 0.00609 0.00712
vt 0.00756 0.01278
vt 0.00469 0.01363
vt 0.00504 0.01125
vt 0.00696 0.01027
vt 0.00465 0.01613
vt 0.00352 0.01416
vt 0.00651 0.01784
vt 0.00554 0.00825
vt 0.00471 0.00689
vt 0.01037 0.01240
vt 0.00474 0.01862
vt 0.00974 0.01618
vt 0.00865 0.01856
vt 0.00664 0.02041
vt 0.00454 0.02328
vt 0.00398 0.02116
vt 0.00276 0.01221
vt 0.00417 0.01158
vt 0.00369 0.01515
vt 0.55718 0.43449
vt 0.55875 0.43449
vt 0.55812 0.43607
vt 0.59862 0.85588
vt 0.59703 0.85468
vt 0.59513 0.85761
vt 0.60055 0.85355
vt 0.59438 0.85569
vt 0.59959 0.85201
vt 0.59705 0.85297
vt 0.59588 0.85851
vt 0.59316 0.85374
vt 0.59445 0.85912
vt 0.59486 0.85220
vt 0.59188 0.85201
vt 0.61799 0.60469
vt 0.61685 0.60418
vt 0.61720 0.60564
vt 0.61632 0.60498
vt 0.61913 0.60639
vt 0.61557 0.60572
vt 0.61554 0.60734
vt 0.61829 0.60635
vt 0.62027 0.60734
vt 0.16128 0.05564
vt 0.16031 0.05884
vt 0.15911 0.05564
vt 0.15891 0.05892
vt 0.15915 0.06117
vt 0.00670 0.15746
vt 0.00907 0.15746
vt 0.00779 0.15904
vt 0.68762 0.98757
vt 0.68979 0.98402
vt 0.68989 0.98643
vt 0.68715 0.98910
vt 0.69051 0.98829
vt 0.68494 0.98934
vt 0.69154 0.98506
vt 0.69203 0.98297
vt 0.69016 0.98230
vt 0.68814 0.98300
vt 0.68820 0.98463
vt 0.69138 0.98737
vt 0.69085 0.98665
vt 0.69096 0.98563
vt 0.69203 0.98875
vt 0.68634 0.98604
vt 0.68709 0.98353
vt 0.68640 0.98224
vt 0.36499 0.88455
vt 0.36401 0.88251
vt 0.36644 0.88314
vt 0.36741 0.88467
vt 0.36256 0.88519
vt 0.36316 0.88681
vt 0.36082 0.88372
vt 0.36148 0.88220
vt 0.36327 0.87907
vt 0.36628 0.87954
vt 0.36516 0.88003
vt 0.36558 0.87488
vt 0.36253 0.87791
vt 0.36666 0.87549
vt 0.36810 0.87192
vt 0.36443 0.87353
vt 0.36789 0.87017
vt 0.36789 0.88630
vt 0.36526 0.88662
vt 0.36701 0.88750
vt 0.36811 0.88758
vt 0.36530 0.88859
vt 0.36399 0.88865
vt 0.36480 0.89026
vt 0.36080 0.88187
vt 0.36651 0.88965
vt 0.36605 0.89148
vt 0.36310 0.89019
vt 0.36796 0.88882
vt 0.36891 0.88854
vt 0.36948 0.88995
vt 0.80323 0.08802
vt 0.80166 0.08802
vt 0.80223 0.08642
vt 0.80323 0.08711
vt 0.80218 0.08879
vt 0.45465 0.54025
vt 0.45544 0.53960
vt 0.45465 0.53867
vt 0.71491 0.76595
vt 0.71400 0.76677
vt 0.71328 0.76519
vt 0.71254 0.76595
vt 0.84098 0.78256
vt 0.84131 0.78098
vt 0.84204 0.78223
vt 0.84267 0.78147
vt 0.84030 0.78147
vt 0.01676 0.37845
vt 0.01617 0.37709
vt 0.01774 0.37712
vt 0.01767 0.37823
vt 0.01676 0.37609
vt 0.56506 0.54069
vt 0.56416 0.53946
vt 0.56416 0.54183
vt 0.56349 0.54051
vt 0.86711 0.46054
vt 0.86711 0.45817
vt 0.86554 0.45854
vt 0.65305 0.08011
vt 0.65497 0.08169
vt 0.65363 0.08116
vt 0.65181 0.08169
vt 0.92012 0.81318
vt 0.91597 0.81418
vt 0.92043 0.81571
vt 0.92391 0.81443
vt 0.92758 0.81172
vt 0.92926 0.81404
vt 0.93411 0.80936
vt 0.91903 0.81105
vt 0.92314 0.81132
vt 0.91506 0.81219
vt 0.91285 0.81569
vt 0.93509 0.81299
vt 0.94190 0.81066
vt 0.92694 0.80951
vt 0.91792 0.80944
vt 0.91137 0.80953
vt 0.91143 0.81170
vt 0.91219 0.81358
vt 0.90880 0.81272
vt 0.90773 0.81073
vt 0.90541 0.81246
vt 0.90916 0.80781
vt 0.92348 0.80820
vt 0.94031 0.80848
vt 0.94769 0.80781
vt 0.95029 0.81061
vt 0.95544 0.80991
vt 0.90336 0.80998
vt 0.90181 0.81121
vt 0.21940 0.82527
vt 0.22009 0.82753
vt 0.22255 0.82749
vt 0.22458 0.82644
vt 0.22728 0.82854
vt 0.22887 0.82991
vt 0.22674 0.82618
vt 0.22523 0.82426
vt 0.22271 0.82444
vt 0.22663 0.82308
vt 0.21873 0.82379
vt 0.21769 0.82404
vt 0.21727 0.82301
vt 0.24852 0.80300
vt 0.25245 0.80868
vt 0.25394 0.80332
vt 0.25851 0.80486
vt 0.24355 0.80533
vt 0.24670 0.81002
vt 0.24579 0.79961
vt 0.23909 0.79988
vt 0.23719 0.80357
vt 0.23752 0.80907
vt 0.26273 0.80274
vt 0.24124 0.81193
vt 0.23353 0.80404
vt 0.23152 0.81030
vt 0.25816 0.80027
vt 0.23346 0.79931
vt 0.25078 0.79954
vt 0.26219 0.80843
vt 0.26970 0.80714
vt 0.26915 0.80374
vt 0.25710 0.81081
vt 0.23473 0.81278
vt 0.23196 0.81477
vt 0.22871 0.81198
vt 0.22948 0.80841
vt 0.23599 0.81701
vt 0.24212 0.81602
vt 0.24754 0.81341
vt 0.25118 0.81460
vt 0.22982 0.80468
vt 0.23004 0.81621
vt 0.23291 0.81881
vt 0.23103 0.80066
vt 0.26441 0.80077
vt 0.27164 0.80116
vt 0.25637 0.81485
vt 0.27562 0.80508
vt 0.24007 0.79754
vt 0.23415 0.79704
vt 0.24547 0.81833
vt 0.24061 0.81943
vt 0.24494 0.82026
vt 0.24280 0.82224
vt 0.24041 0.82220
vt 0.23767 0.82084
vt 0.27549 0.80216
vt 0.23535 0.82168
vt 0.28292 0.80359
vt 0.28058 0.79927
vt 0.28140 0.80800
vt 0.26494 0.81239
vt 0.23793 0.82345
vt 0.23070 0.79700
vt 0.25064 0.81848
vt 0.27543 0.81065
vt 0.28864 0.80788
vt 0.29027 0.80489
vt 0.28881 0.80105
vt 0.29310 0.80381
vt 0.29182 0.80061
vt 0.29480 0.80182
vt 0.28962 0.79796
vt 0.29320 0.80732
vt 0.29396 0.79891
vt 0.29652 0.80299
vt 0.29675 0.80653
vt 0.28558 0.79978
vt 0.29048 0.81052
vt 0.29468 0.80956
vt 0.28696 0.79680
vt 0.22695 0.81330
vt 0.27010 0.81130
vt 0.24363 0.79604
vt 0.27534 0.79920
vt 0.29745 0.79888
vt 0.22945 0.82001
vt 0.23395 0.82338
vt 0.28693 0.81178
vt 0.24025 0.82448
vt 0.26104 0.81581
vt 0.29290 0.81210
vt 0.23047 0.79440
vt 0.23605 0.79508
vt 0.22706 0.81891
vt 0.28166 0.81278
vt 0.22989 0.82434
vt 0.25735 0.81816
vt 0.29926 0.80498
vt 0.29117 0.79508
vt 0.22943 0.79549
vt 0.22846 0.79616
vt 0.22781 0.79475
vt 0.30044 0.80117
vt 0.26645 0.81594
vt 0.29003 0.81289
vt 0.29571 0.79614
vt 0.24289 0.82605
vt 0.27182 0.81550
vt 0.24551 0.82330
vt 0.25936 0.81970
vt 0.23698 0.82591
vt 0.25145 0.82110
vt 0.22511 0.82136
vt 0.27539 0.81534
vt 0.28676 0.81443
vt 0.23946 0.82718
vt 0.30244 0.80402
vt 0.30223 0.80124
vt 0.29760 0.79525
vt 0.23336 0.82593
vt 0.22631 0.79619
vt 0.22752 0.79704
vt 0.22493 0.79731
vt 0.22454 0.79653
vt 0.22386 0.79677
vt 0.22394 0.79580
vt 0.22897 0.79779
vt 0.22526 0.79563
vt 0.22985 0.82680
vt 0.28214 0.81570
vt 0.30043 0.79730
vt 0.25404 0.82183
vt 0.24118 0.82843
vt 0.24663 0.82612
vt 0.24374 0.82778
vt 0.04127 0.63993
vt 0.03803 0.64056
vt 0.03987 0.64174
vt 0.04243 0.64214
vt 0.03893 0.63852
vt 0.03586 0.63968
vt 0.03648 0.64163
vt 0.03466 0.63987
vt 0.04261 0.63843
vt 0.03447 0.63812
vt 0.04280 0.63913
vt 0.04453 0.63899
vt 0.04378 0.64075
vt 0.04456 0.64247
vt 0.04330 0.63982
vt 0.04309 0.64325
vt 0.03777 0.64299
vt 0.03687 0.64444
vt 0.03968 0.64361
vt 0.03273 0.63899
vt 0.15269 0.80639
vt 0.15106 0.80624
vt 0.15133 0.80756
vt 0.15339 0.80781
vt 0.15024 0.80781
vt 0.47187 0.11635
vt 0.47200 0.11484
vt 0.47043 0.11653
vt 0.47200 0.11800
vt 0.34030 0.90940
vt 0.34252 0.91550
vt 0.34259 0.90715
vt 0.34040 0.91981
vt 0.34250 0.92284
vt 0.34036 0.90288
vt 0.34345 0.90153
vt 0.34094 0.92596
vt 0.34332 0.92883
vt 0.34121 0.89637
vt 0.34332 0.89426
vt 0.34172 0.93331
vt 0.52830 0.70344
vt 0.52939 0.69470
vt 0.52721 0.69968
vt 0.52735 0.69348
vt 0.52827 0.68838
vt 0.53090 0.70270
vt 0.52969 0.70795
vt 0.52789 0.71130
vt 0.53032 0.68447
vt 0.52909 0.68174
vt 0.53115 0.67610
vt 0.53115 0.71496
vt 0.52862 0.71784
vt 0.52889 0.67443
vt 0.29071 0.55421
vt 0.29786 0.55526
vt 0.29297 0.55223
vt 0.29925 0.55234
vt 0.28870 0.55144
vt 0.28470 0.55345
vt 0.28293 0.55038
vt 0.27984 0.54968
vt 0.27902 0.54584
vt 0.27956 0.55294
vt 0.27718 0.54901
vt 0.27731 0.54605
vt 0.28617 0.55580
vt 0.29320 0.55681
vt 0.29802 0.55744
vt 0.30322 0.55892
vt 0.30508 0.55617
vt 0.27674 0.55292
vt 0.28028 0.55684
vt 0.29796 0.56031
vt 0.30877 0.55861
vt 0.31317 0.55645
vt 0.27447 0.55586
vt 0.30727 0.56261
vt 0.30081 0.56531
vt 0.31433 0.55903
vt 0.28733 0.55924
vt 0.31592 0.56172
vt 0.32241 0.56064
vt 0.32229 0.56403
vt 0.32868 0.56034
vt 0.30559 0.56689
vt 0.31115 0.56694
vt 0.31641 0.56701
vt 0.32976 0.56537
vt 0.33489 0.56224
vt 0.34074 0.56449
vt 0.34206 0.56020
vt 0.27345 0.55224
vt 0.34797 0.56197
vt 0.34792 0.56600
vt 0.35453 0.56639
vt 0.35486 0.56297
vt 0.36146 0.56761
vt 0.36077 0.56363
vt 0.36790 0.56377
vt 0.36975 0.56867
vt 0.37555 0.56764
vt 0.37336 0.56275
vt 0.37887 0.56425
vt 0.36470 0.56065
vt 0.35875 0.56002
vt 0.27439 0.54808
vt 0.37911 0.55833
vt 0.38448 0.56012
vt 0.38513 0.56387
vt 0.38943 0.56106
vt 0.37095 0.55845
vt 0.35166 0.55897
vt 0.33557 0.55959
vt 0.39105 0.55631
vt 0.39646 0.55754
vt 0.39876 0.56122
vt 0.40393 0.55734
vt 0.40278 0.55518
vt 0.41082 0.55375
vt 0.40925 0.55655
vt 0.41470 0.55563
vt 0.42049 0.55154
vt 0.41981 0.55445
vt 0.42718 0.55292
vt 0.42864 0.54946
vt 0.43409 0.55081
vt 0.43291 0.54844
vt 0.43578 0.54457
vt 0.44009 0.54582
vt 0.43958 0.54277
vt 0.44432 0.54344
vt 0.44504 0.54667
vt 0.44179 0.54096
vt 0.36439 0.55747
vt 0.43246 0.54533
vt 0.42742 0.54627
vt 0.41372 0.55109
vt 0.40868 0.55213
vt 0.40401 0.55221
vt 0.44938 0.54166
vt 0.45190 0.54617
vt 0.45042 0.54995
vt 0.44268 0.55124
vt 0.44994 0.55456
vt 0.45577 0.55198
vt 0.45592 0.54859
vt 0.46240 0.55137
vt 0.44540 0.54086
vt 0.34758 0.55715
vt 0.35624 0.55676
vt 0.46291 0.54803
vt 0.41999 0.54904
vt 0.46810 0.55029
vt 0.47063 0.54751
vt 0.47382 0.55060
vt 0.47622 0.54698
vt 0.46862 0.55369
vt 0.47910 0.55475
vt 0.47997 0.55093
vt 0.48288 0.54745
vt 0.48716 0.54949
vt 0.48532 0.55386
vt 0.49092 0.55137
vt 0.49022 0.54735
vt 0.49551 0.54939
vt 0.45535 0.54327
vt 0.46101 0.54514
vt 0.38405 0.55445
vt 0.32225 0.55806
vt 0.39880 0.55302
vt 0.39365 0.55293
vt 0.37555 0.55514
vt 0.43739 0.54112
vt 0.44004 0.53946
vt 0.33863 0.55703
vt 0.36785 0.55445
vt 0.32927 0.55661
vt 0.36224 0.55559
vt 0.43293 0.54224
vt 0.42944 0.54288
vt 0.27326 0.54394
vt 0.32160 0.55581
vt 0.26990 0.54446
vt 0.27022 0.54233
vt 0.26932 0.53946
vt 0.28123 0.49197
vt 0.28743 0.49391
vt 0.28737 0.49065
vt 0.29255 0.49231
vt 0.29556 0.48862
vt 0.30158 0.49103
vt 0.30272 0.48787
vt 0.30801 0.48816
vt 0.30947 0.48953
vt 0.31558 0.48659
vt 0.31163 0.48492
vt 0.30662 0.48601
vt 0.31852 0.48233
vt 0.32328 0.48408
vt 0.32646 0.48159
vt 0.32479 0.47912
vt 0.33238 0.47917
vt 0.28284 0.49021
vt 0.30018 0.48646
vt 0.33201 0.47717
vt 0.33757 0.47792
vt 0.34006 0.47487
vt 0.34411 0.47573
vt 0.34575 0.47217
vt 0.35079 0.47216
vt 0.30512 0.48371
vt 0.31247 0.48184
vt 0.32019 0.47906
vt 0.34766 0.46820
vt 0.35611 0.46875
vt 0.35586 0.47237
vt 0.36244 0.47176
vt 0.36251 0.46648
vt 0.35902 0.46217
vt 0.35014 0.47504
vt 0.35035 0.46420
vt 0.28865 0.48757
vt 0.33827 0.47157
vt 0.27622 0.49054
vt 0.32568 0.47523
vt 0.27622 0.49264
vt 0.27104 0.49157
vt 0.32991 0.47564
vt 0.34515 0.46399
vt 0.34160 0.46753
vt 0.29933 0.48442
vt 0.29326 0.48559
vt 0.28181 0.48789
vt 0.27599 0.48831
vt 0.26925 0.48826
vt 0.16541 0.49696
vt 0.16688 0.49880
vt 0.16739 0.49696
vt 0.16400 0.49945
vt 0.16282 0.49662
vt 0.16360 0.49437
vt 0.16614 0.49398
vt 0.16196 0.49316
vt 0.16404 0.49150
vt 0.16602 0.49051
vt 0.16966 0.49463
vt 0.16951 0.49864
vt 0.16864 0.50000
vt 0.17477 0.49579
vt 0.17322 0.49842
vt 0.17805 0.49760
vt 0.17861 0.49567
vt 0.18292 0.49660
vt 0.18404 0.49389
vt 0.17298 0.48989
vt 0.17837 0.49271
vt 0.16846 0.49182
vt 0.18071 0.48942
vt 0.18733 0.49153
vt 0.18556 0.48878
vt 0.19115 0.48912
vt 0.19202 0.48710
vt 0.19758 0.48912
vt 0.19842 0.48524
vt 0.20132 0.48728
vt 0.20351 0.48420
vt 0.19117 0.48448
vt 0.18830 0.48625
vt 0.18384 0.48714
vt 0.18685 0.48468
vt 0.18379 0.48500
vt 0.18483 0.48337
vt 0.18075 0.48631
vt 0.18992 0.49597
vt 0.19183 0.49467
vt 0.19837 0.49496
vt 0.20612 0.48938
vt 0.19431 0.49149
vt 0.19844 0.49278
vt 0.20474 0.49447
vt 0.17614 0.48919
vt 0.17800 0.48595
vt 0.20813 0.48534
vt 0.17501 0.48464
vt 0.17801 0.48214
vt 0.21449 0.48847
vt 0.21298 0.49222
vt 0.22137 0.49213
vt 0.22661 0.48895
vt 0.22873 0.49161
vt 0.23484 0.48937
vt 0.18142 0.48337
vt 0.21154 0.49429
vt 0.23564 0.49211
vt 0.21935 0.49393
vt 0.24190 0.49048
vt 0.24213 0.48814
vt 0.24791 0.48696
vt 0.25023 0.48904
vt 0.25331 0.48788
vt 0.16130 0.49006
vt 0.25493 0.48983
vt 0.25872 0.49114
vt 0.25027 0.49129
vt 0.25921 0.48881
vt 0.22848 0.49339
vt 0.26718 0.49014
vt 0.26272 0.48813
vt 0.26643 0.49161
vt 0.24253 0.49264
vt 0.41172 0.45633
vt 0.40892 0.45236
vt 0.40863 0.44741
vt 0.40440 0.44920
vt 0.39945 0.45285
vt 0.40085 0.44825
vt 0.39644 0.45088
vt 0.39050 0.45322
vt 0.41118 0.46228
vt 0.40536 0.45463
vt 0.40626 0.45882
vt 0.39028 0.44844
vt 0.38610 0.45259
vt 0.38543 0.45555
vt 0.37993 0.45477
vt 0.38022 0.45256
vt 0.37321 0.45624
vt 0.37365 0.45213
vt 0.36892 0.45468
vt 0.36775 0.45765
vt 0.36388 0.45595
vt 0.36067 0.45970
vt 0.35803 0.45806
vt 0.35283 0.46159
vt 0.35247 0.45911
vt 0.34664 0.46099
vt 0.33382 0.46570
vt 0.33794 0.46599
vt 0.34077 0.46241
vt 0.33602 0.46239
vt 0.32847 0.46348
vt 0.32725 0.46770
vt 0.32230 0.46506
vt 0.32212 0.46863
vt 0.31641 0.46643
vt 0.31540 0.46979
vt 0.38128 0.44894
vt 0.36266 0.45127
vt 0.35467 0.45558
vt 0.30973 0.46775
vt 0.31285 0.46500
vt 0.30805 0.46334
vt 0.30275 0.46868
vt 0.30118 0.46608
vt 0.29590 0.46668
vt 0.29499 0.47062
vt 0.28917 0.46977
vt 0.29341 0.47398
vt 0.28556 0.47275
vt 0.28668 0.47659
vt 0.28055 0.47525
vt 0.27306 0.48029
vt 0.27829 0.48471
vt 0.28048 0.48033
vt 0.27196 0.48540
vt 0.27964 0.47140
vt 0.28235 0.46800
vt 0.28821 0.46603
vt 0.26785 0.48337
vt 0.28406 0.48267
vt 0.27273 0.47353
vt 0.34525 0.45665
vt 0.29986 0.47285
vt 0.30817 0.47120
vt 0.37002 0.44832
vt 0.26558 0.48067
vt 0.31761 0.46177
vt 0.37491 0.44759
vt 0.27366 0.46842
vt 0.35412 0.45253
vt 0.34859 0.45281
vt 0.40451 0.44537
vt 0.39868 0.44607
vt 0.30568 0.46089
vt 0.26083 0.48378
vt 0.33786 0.45626
vt 0.29264 0.47981
vt 0.33270 0.47004
vt 0.28670 0.48566
vt 0.30165 0.47961
vt 0.29959 0.47650
vt 0.30549 0.47455
vt 0.31149 0.47611
vt 0.31194 0.47392
vt 0.31780 0.47378
vt 0.32344 0.47242
vt 0.31830 0.47681
vt 0.30600 0.48107
vt 0.31217 0.47892
vt 0.26400 0.48613
vt 0.40460 0.46659
vt 0.41375 0.46682
vt 0.39898 0.46393
vt 0.40077 0.45831
vt 0.39183 0.45735
vt 0.39376 0.46216
vt 0.39670 0.46728
vt 0.25517 0.48642
vt 0.25256 0.48442
vt 0.37843 0.45760
vt 0.37095 0.45944
vt 0.36526 0.46064
vt 0.39100 0.46747
vt 0.38618 0.46423
vt 0.38371 0.46754
vt 0.25303 0.48017
vt 0.24936 0.48257
vt 0.24435 0.48532
vt 0.24338 0.48224
vt 0.24404 0.47973
vt 0.23864 0.48036
vt 0.23467 0.48220
vt 0.23893 0.48574
vt 0.23358 0.47775
vt 0.22695 0.48220
vt 0.22816 0.47749
vt 0.22293 0.47846
vt 0.21746 0.47947
vt 0.21962 0.48251
vt 0.21263 0.48252
vt 0.21254 0.47874
vt 0.20684 0.48063
vt 0.20672 0.48259
vt 0.20104 0.48265
vt 0.20184 0.47964
vt 0.19677 0.48139
vt 0.19624 0.47778
vt 0.19164 0.48163
vt 0.18922 0.47779
vt 0.18611 0.48081
vt 0.18519 0.47517
vt 0.18888 0.47280
vt 0.18247 0.47881
vt 0.18301 0.48173
vt 0.19241 0.47373
vt 0.19513 0.48326
vt 0.18001 0.47585
vt 0.18259 0.47071
vt 0.17900 0.47251
vt 0.17940 0.46663
vt 0.17512 0.47552
vt 0.17913 0.48029
vt 0.17351 0.46366
vt 0.17347 0.47092
vt 0.18609 0.47038
vt 0.17100 0.46627
vt 0.16933 0.47854
vt 0.17409 0.48094
vt 0.16867 0.47102
vt 0.16648 0.46200
vt 0.17199 0.45908
vt 0.25964 0.47864
vt 0.26525 0.47301
vt 0.24117 0.47310
vt 0.18520 0.46692
vt 0.26637 0.46865
vt 0.24932 0.47478
vt 0.25204 0.46987
vt 0.25651 0.47358
vt 0.25961 0.46978
vt 0.16498 0.47421
vt 0.16386 0.47917
vt 0.16655 0.48362
vt 0.17231 0.48424
vt 0.16238 0.48327
vt 0.16358 0.48623
vt 0.16551 0.48789
vt 0.16854 0.48743
vt 0.16312 0.48918
vt 0.16168 0.48681
vt 0.16259 0.47599
vt 0.19843 0.47374
vt 0.20511 0.47455
vt 0.20914 0.47429
vt 0.18080 0.46129
vt 0.16058 0.48408
vt 0.19168 0.47124
vt 0.23342 0.47332
vt 0.23100 0.48450
vt 0.16160 0.47111
vt 0.21259 0.48400
vt 0.16534 0.45726
vt 0.16123 0.45666
vt 0.16000 0.45196
vt 0.15824 0.45313
vt 0.16240 0.46261
vt 0.16602 0.46702
vt 0.16676 0.45453
vt 0.15850 0.45736
vt 0.16233 0.46790
vt 0.15880 0.46135
vt 0.22403 0.48434
vt 0.18750 0.48263
vt 0.20418 0.47134
vt 0.38370 0.44465
vt 0.39446 0.44412
vt 0.29769 0.46097
vt 0.29122 0.46209
vt 0.16151 0.45019
vt 0.15575 0.45263
vt 0.32738 0.45795
vt 0.31168 0.45717
vt 0.31988 0.45581
vt 0.33176 0.45485
vt 0.21861 0.48576
vt 0.17578 0.45628
vt 0.40791 0.44234
vt 0.32809 0.45065
vt 0.33338 0.44920
vt 0.32243 0.45182
vt 0.34099 0.44729
vt 0.36463 0.44760
vt 0.34229 0.45016
vt 0.15693 0.44881
vt 0.15509 0.44904
vt 0.15386 0.44513
vt 0.15557 0.44398
vt 0.15297 0.44020
vt 0.15075 0.43814
vt 0.15264 0.43595
vt 0.15031 0.43383
vt 0.15584 0.44006
vt 0.15250 0.44574
vt 0.14796 0.43418
vt 0.15884 0.44639
vt 0.15387 0.43505
vt 0.15186 0.43292
vt 0.14865 0.43097
vt 0.14793 0.43242
vt 0.14606 0.43038
vt 0.14652 0.42928
vt 0.15619 0.45608
vt 0.14812 0.42943
vt 0.16878 0.45185
vt 0.15939 0.46611
vt 0.34807 0.44473
vt 0.35223 0.44730
vt 0.40057 0.44231
vt 0.35693 0.44462
vt 0.35395 0.43914
vt 0.15134 0.43132
vt 0.31690 0.45286
vt 0.16390 0.44858
vt 0.30191 0.45764
vt 0.37038 0.44444
vt 0.14889 0.43680
vt 0.14960 0.44207
vt 0.40584 0.43900
vt 0.18255 0.45909
vt 0.18647 0.46302
vt 0.37708 0.44311
vt 0.15393 0.44942
vt 0.16122 0.44558
vt 0.15829 0.44122
vt 0.35913 0.43979
vt 0.39474 0.44017
vt 0.14557 0.43205
vt 0.14472 0.43048
vt 0.15367 0.45317
vt 0.17438 0.45137
vt 0.18054 0.45460
vt 0.16817 0.44600
vt 0.15573 0.46063
vt 0.16295 0.44174
vt 0.14645 0.42818
vt 0.17800 0.45046
vt 0.17291 0.44399
vt 0.15157 0.44887
vt 0.16699 0.44163
vt 0.16501 0.43845
vt 0.37328 0.46949
vt 0.36953 0.47141
vt 0.37578 0.47042
vt 0.37935 0.46876
vt 0.38335 0.46998
vt 0.37519 0.46619
vt 0.36674 0.46783
vt 0.36783 0.47031
vt 0.36911 0.46314
vt 0.37517 0.46211
vt 0.38226 0.46122
vt 0.38960 0.47042
vt 0.40197 0.46990
vt 0.41011 0.46926
vt 0.41313 0.47509
vt 0.41360 0.47158
vt 0.40658 0.47360
vt 0.40890 0.47107
vt 0.40004 0.47240
vt 0.97933 0.65284
vt 0.97457 0.65401
vt 0.97620 0.64831
vt 0.98090 0.64600
vt 0.97291 0.65084
vt 0.97225 0.64375
vt 0.97103 0.65631
vt 0.98266 0.65105
vt 0.98242 0.65504
vt 0.97654 0.65663
vt 0.97842 0.66061
vt 0.97383 0.65966
vt 0.97338 0.66550
vt 0.97633 0.66635
vt 0.97419 0.67223
vt 0.97786 0.66951
vt 0.97808 0.67487
vt 0.97584 0.67600
vt 0.97209 0.68059
vt 0.97458 0.68168
vt 0.97444 0.68719
vt 0.97619 0.68228
vt 0.97739 0.67880
vt 0.97298 0.68870
vt 0.97695 0.68915
vt 0.97591 0.69176
vt 0.97913 0.68018
vt 0.97204 0.67194
vt 0.97085 0.67698
vt 0.97071 0.65048
vt 0.97091 0.66426
vt 0.98343 0.64637
vt 0.98302 0.64334
vt 0.98578 0.64396
vt 0.97397 0.64328
vt 0.97334 0.64008
vt 0.97579 0.64108
vt 0.97513 0.63836
vt 0.97761 0.63811
vt 0.97776 0.64594
vt 0.97891 0.64119
vt 0.98010 0.64330
vt 0.98043 0.64002
vt 0.97974 0.63783
vt 0.97037 0.68606
vt 0.97011 0.69153
vt 0.97321 0.63555
vt 0.98496 0.64159
vt 0.96910 0.68154
vt 0.96724 0.65836
vt 0.96717 0.65475
vt 0.96913 0.65337
vt 0.96890 0.64980
vt 0.96491 0.65426
vt 0.97010 0.64519
vt 0.96944 0.64098
vt 0.96863 0.64297
vt 0.96750 0.64546
vt 0.96879 0.63832
vt 0.96812 0.63763
vt 0.96621 0.64831
vt 0.96396 0.64808
vt 0.97105 0.63872
vt 0.97238 0.63494
vt 0.97210 0.63176
vt 0.97355 0.63164
vt 0.96476 0.64389
vt 0.96516 0.63947
vt 0.96314 0.64251
vt 0.96295 0.63740
vt 0.96368 0.63545
vt 0.96489 0.63551
vt 0.96419 0.63306
vt 0.96225 0.63350
vt 0.96253 0.63080
vt 0.96384 0.63019
vt 0.96526 0.63084
vt 0.96601 0.63453
vt 0.98343 0.64116
vt 0.96695 0.63972
vt 0.98572 0.64877
vt 0.98606 0.65339
vt 0.98930 0.65215
vt 0.98965 0.65656
vt 0.99138 0.65119
vt 0.99033 0.64749
vt 0.98877 0.64674
vt 0.99124 0.64209
vt 0.98956 0.64308
vt 0.99286 0.64317
vt 0.99434 0.63873
vt 0.99487 0.64044
vt 0.98786 0.66051
vt 0.99399 0.64345
vt 0.98807 0.64461
vt 0.96549 0.62931
vt 0.99300 0.63802
vt 0.99487 0.63482
vt 0.97274 0.63091
vt 0.96867 0.67454
vt 0.96765 0.66908
vt 0.96798 0.66340
vt 0.96181 0.63614
vt 0.96700 0.68560
vt 0.96818 0.68950
vt 0.96663 0.69495
vt 0.96175 0.63920
vt 0.96683 0.67999
vt 0.96194 0.64624
vt 0.96230 0.65101
vt 0.97780 0.62791
vt 0.97974 0.63049
vt 0.97764 0.63048
vt 0.97771 0.63406
vt 0.97620 0.63272
vt 0.97624 0.63540
vt 0.97938 0.63408
vt 0.98120 0.63156
vt 0.98020 0.62938
vt 0.98017 0.63562
vt 0.97518 0.63325
vt 0.97545 0.63511
vt 0.97848 0.62666
vt 0.97725 0.62628
vt 0.52879 0.20166
vt 0.52957 0.20166
vt 0.52956 0.20403
vt 0.47412 0.84589
vt 0.47694 0.84753
vt 0.47722 0.84468
vt 0.48003 0.84671
vt 0.47835 0.84929
vt 0.47499 0.84430
vt 0.47263 0.84395
vt 0.47397 0.84296
vt 0.47979 0.84262
vt 0.48276 0.84418
vt 0.48285 0.84848
vt 0.48139 0.84147
vt 0.47956 0.84148
vt 0.48130 0.84017
vt 0.47509 0.84787
vt 0.47176 0.84224
vt 0.47625 0.84228
vt 0.48462 0.84679
vt 0.47031 0.84367
vt 0.48061 0.85010
vt 0.47750 0.85000
vt 0.47680 0.84938
vt 0.47196 0.84654
vt 0.47040 0.84226
vt 0.48235 0.85122
vt 0.47787 0.84273
vt 0.47000 0.84090
vt 0.46899 0.84133
vt 0.46885 0.84017
vt 0.97279 0.87806
vt 0.97043 0.87806
vt 0.97168 0.87964
vt 0.88605 0.81274
vt 0.88762 0.81308
vt 0.88612 0.81176
vt 0.88446 0.81308
vt 0.88600 0.81413
vt 0.09819 0.29658
vt 0.09976 0.29630
vt 0.09882 0.29479
vt 0.09882 0.29795
vt 0.84267 0.29397
vt 0.84296 0.29242
vt 0.84345 0.29384
vt 0.84296 0.29558
vt 0.70980 0.55562
vt 0.71045 0.55446
vt 0.70860 0.55546
vt 0.70994 0.55683
vt 0.71175 0.55546
vt 0.67985 0.40292
vt 0.67863 0.40396
vt 0.67985 0.40529
vt 0.68099 0.40461
vt 0.34231 0.27064
vt 0.33688 0.27073
vt 0.33953 0.27226
vt 0.33566 0.27214
vt 0.34597 0.27255
vt 0.34886 0.27003
vt 0.34921 0.27191
vt 0.34796 0.27487
vt 0.33145 0.27239
vt 0.33008 0.27088
vt 0.35218 0.26995
vt 0.32556 0.27263
vt 0.32355 0.27438
vt 0.31811 0.27374
vt 0.31655 0.27497
vt 0.30997 0.27415
vt 0.35268 0.27336
vt 0.35466 0.27167
vt 0.35377 0.27545
vt 0.31076 0.27276
vt 0.30220 0.27296
vt 0.32203 0.27174
vt 0.31622 0.27216
vt 0.35520 0.26793
vt 0.30449 0.27398
vt 0.29996 0.27486
vt 0.29493 0.27353
vt 0.34958 0.26759
vt 0.35196 0.26640
vt 0.34455 0.26897
vt 0.33731 0.26807
vt 0.35528 0.26525
vt 0.29267 0.27158
vt 0.28919 0.27366
vt 0.28464 0.27182
vt 0.28267 0.27465
vt 0.27840 0.27281
vt 0.27425 0.27480
vt 0.27015 0.27249
vt 0.26783 0.27467
vt 0.26451 0.27310
vt 0.33237 0.26860
vt 0.35371 0.26426
vt 0.26414 0.27017
vt 0.25949 0.27168
vt 0.25846 0.27337
vt 0.25310 0.26996
vt 0.26013 0.26952
vt 0.25375 0.27302
vt 0.24831 0.27283
vt 0.24565 0.27451
vt 0.24333 0.27306
vt 0.24106 0.27452
vt 0.35031 0.26312
vt 0.27212 0.27004
vt 0.27838 0.27074
vt 0.24588 0.27042
vt 0.32508 0.26869
vt 0.31901 0.27054
vt 0.34619 0.26606
vt 0.30154 0.27035
vt 0.31037 0.27070
vt 0.34073 0.26731
vt 0.23846 0.27302
vt 0.23395 0.27483
vt 0.23060 0.27263
vt 0.22555 0.27486
vt 0.23966 0.27012
vt 0.21990 0.27216
vt 0.21690 0.27412
vt 0.21231 0.27186
vt 0.20847 0.27324
vt 0.23437 0.27058
vt 0.20565 0.27039
vt 0.20095 0.27212
vt 0.19987 0.26950
vt 0.19554 0.27045
vt 0.33607 0.26348
vt 0.33215 0.26293
vt 0.33515 0.25896
vt 0.33170 0.26029
vt 0.32806 0.26201
vt 0.32501 0.26413
vt 0.32804 0.25813
vt 0.32402 0.25864
vt 0.32092 0.26179
vt 0.31864 0.25959
vt 0.31911 0.26512
vt 0.32138 0.26690
vt 0.31584 0.26314
vt 0.33068 0.25745
vt 0.31328 0.26024
vt 0.31577 0.26667
vt 0.31146 0.26443
vt 0.30453 0.26144
vt 0.33875 0.25624
vt 0.33490 0.25564
vt 0.33993 0.26062
vt 0.32835 0.25517
vt 0.30559 0.26612
vt 0.28439 0.26945
vt 0.29100 0.26963
vt 0.29698 0.26925
vt 0.26810 0.26766
vt 0.29539 0.26434
vt 0.28872 0.26382
vt 0.27616 0.26788
vt 0.28109 0.26460
vt 0.33081 0.25389
vt 0.22690 0.26988
vt 0.21584 0.26970
vt 0.33859 0.25381
vt 0.34302 0.25440
vt 0.34252 0.25740
vt 0.33603 0.25286
vt 0.34203 0.25138
vt 0.20914 0.26911
vt 0.20336 0.26855
vt 0.34735 0.25774
vt 0.34791 0.26227
vt 0.34328 0.26389
vt 0.35029 0.25959
vt 0.13525 0.28006
vt 0.13331 0.27910
vt 0.13442 0.28067
vt 0.13202 0.27949
vt 0.12529 0.27847
vt 0.13050 0.27792
vt 0.12564 0.27755
vt 0.12161 0.27731
vt 0.11739 0.27829
vt 0.11776 0.27755
vt 0.11016 0.27809
vt 0.11181 0.27739
vt 0.10562 0.27684
vt 0.10746 0.27631
vt 0.10530 0.27561
vt 0.10167 0.27555
vt 0.10069 0.27830
vt 0.09714 0.27659
vt 0.10530 0.28040
vt 0.10007 0.28057
vt 0.11122 0.28145
vt 0.12089 0.28034
vt 0.11666 0.28078
vt 0.12556 0.28072
vt 0.13059 0.28064
vt 0.12816 0.28237
vt 0.12283 0.28249
vt 0.13325 0.28222
vt 0.09711 0.28175
vt 0.10500 0.28211
vt 0.11009 0.28343
vt 0.11998 0.28374
vt 0.11426 0.28342
vt 0.09853 0.26949
vt 0.10319 0.26719
vt 0.10299 0.26956
vt 0.10844 0.26762
vt 0.11047 0.26946
vt 0.11966 0.26707
vt 0.11532 0.26674
vt 0.11701 0.26907
vt 0.12444 0.26823
vt 0.12482 0.26516
vt 0.12755 0.26667
vt 0.13028 0.26772
vt 0.13341 0.26529
vt 0.13879 0.26693
vt 0.13863 0.26308
vt 0.13090 0.26248
vt 0.13468 0.25944
vt 0.11959 0.26380
vt 0.12591 0.26120
vt 0.10092 0.27161
vt 0.12997 0.25750
vt 0.12339 0.25783
vt 0.12914 0.25410
vt 0.12198 0.25367
vt 0.11924 0.25928
vt 0.11457 0.26014
vt 0.11510 0.25469
vt 0.10774 0.25577
vt 0.10998 0.25910
vt 0.11379 0.26385
vt 0.13612 0.25521
vt 0.14016 0.25901
vt 0.10919 0.25138
vt 0.10094 0.25156
vt 0.14574 0.26177
vt 0.14523 0.26490
vt 0.14181 0.25630
vt 0.14309 0.26702
vt 0.10788 0.27239
vt 0.11278 0.27115
vt 0.10337 0.27348
vt 0.15194 0.26425
vt 0.14852 0.25890
vt 0.14878 0.25620
vt 0.15437 0.25912
vt 0.15672 0.25690
vt 0.14919 0.26690
vt 0.16369 0.25932
vt 0.15843 0.26256
vt 0.15428 0.26708
vt 0.16328 0.26393
vt 0.16895 0.26247
vt 0.17031 0.26536
vt 0.17635 0.26450
vt 0.17592 0.26738
vt 0.18264 0.26598
vt 0.18088 0.26891
vt 0.18925 0.26754
vt 0.18970 0.27050
vt 0.19431 0.26664
vt 0.11293 0.27649
vt 0.11765 0.27634
vt 0.18591 0.27110
vt 0.16028 0.26642
vt 0.16487 0.26824
vt 0.16740 0.26737
vt 0.17311 0.26928
vt 0.89699 0.68259
vt 0.89550 0.68153
vt 0.89708 0.68765
vt 0.89592 0.68680
vt 0.89578 0.68830
vt 0.89699 0.69021
vt 0.79174 0.62088
vt 0.78864 0.62509
vt 0.79110 0.62583
vt 0.79151 0.62943
vt 0.78968 0.63159
vt 0.79168 0.63137
vt 0.78677 0.63236
vt 0.78949 0.63809
vt 0.78704 0.64078
vt 0.79218 0.63601
vt 0.79073 0.64315
vt 0.78790 0.64797
vt 0.79174 0.65043
vt 0.79008 0.65596
vt 0.79469 0.64495
vt 0.79545 0.65197
vt 0.78581 0.65461
vt 0.78606 0.65999
vt 0.78161 0.65506
vt 0.78082 0.66116
vt 0.78201 0.66752
vt 0.77955 0.66967
vt 0.78208 0.65002
vt 0.79226 0.65840
vt 0.77814 0.66062
vt 0.78200 0.67316
vt 0.78501 0.67145
vt 0.78612 0.67746
vt 0.77924 0.67374
vt 0.77721 0.67171
vt 0.77981 0.67768
vt 0.78354 0.67953
vt 0.79169 0.62569
vt 0.77758 0.66654
vt 0.79250 0.63305
vt 0.79375 0.63695
vt 0.79423 0.63958
vt 0.79565 0.64072
vt 0.79561 0.63944
vt 0.79465 0.63821
vt 0.78785 0.66485
vt 0.79129 0.66638
vt 0.78131 0.68353
vt 0.78410 0.68596
vt 0.78142 0.68894
vt 0.78545 0.68972
vt 0.78468 0.69493
vt 0.78809 0.69430
vt 0.78889 0.68773
vt 0.79108 0.69300
vt 0.78887 0.70006
vt 0.78523 0.70126
vt 0.78866 0.70678
vt 0.79201 0.70603
vt 0.79148 0.68596
vt 0.79411 0.69675
vt 0.79083 0.69819
vt 0.79275 0.71390
vt 0.78900 0.71481
vt 0.79217 0.71866
vt 0.79050 0.72380
vt 0.79548 0.72167
vt 0.79716 0.71773
vt 0.79943 0.72558
vt 0.79603 0.72879
vt 0.79856 0.73222
vt 0.79677 0.73527
vt 0.79349 0.73040
vt 0.79315 0.73579
vt 0.79126 0.73249
vt 0.78938 0.73889
vt 0.79171 0.74107
vt 0.79454 0.73987
vt 0.80008 0.73621
vt 0.79293 0.72432
vt 0.79524 0.71156
vt 0.79606 0.70611
vt 0.79859 0.74017
vt 0.79214 0.74647
vt 0.78925 0.74684
vt 0.79012 0.75205
vt 0.79305 0.75577
vt 0.79027 0.75717
vt 0.79129 0.76186
vt 0.79466 0.76383
vt 0.79691 0.75520
vt 0.79160 0.77076
vt 0.79437 0.77318
vt 0.79183 0.77897
vt 0.79433 0.78056
vt 0.79743 0.77728
vt 0.79220 0.78746
vt 0.79536 0.78623
vt 0.79366 0.79281
vt 0.78999 0.79625
vt 0.79660 0.79200
vt 0.79456 0.79754
vt 0.79155 0.79824
vt 0.79007 0.80360
vt 0.79280 0.80430
vt 0.79580 0.80327
vt 0.79229 0.81028
vt 0.79504 0.81339
vt 0.79089 0.81694
vt 0.78837 0.81380
vt 0.78861 0.82005
vt 0.79047 0.82397
vt 0.78778 0.82523
vt 0.78948 0.82816
vt 0.78617 0.82105
vt 0.78499 0.82736
vt 0.78593 0.81588
vt 0.78761 0.82995
vt 0.78798 0.83420
vt 0.78492 0.83324
vt 0.78448 0.83888
vt 0.78186 0.83885
vt 0.78735 0.83975
vt 0.78969 0.83649
vt 0.78285 0.84146
vt 0.78507 0.84254
vt 0.77807 0.84208
vt 0.78993 0.80956
vt 0.79830 0.76134
vt 0.79752 0.76866
vt 0.79503 0.74886
vt 0.79703 0.74418
vt 0.78667 0.68453
vt 0.79005 0.67985
vt 0.29456 0.69732
vt 0.28602 0.70126
vt 0.29384 0.70082
vt 0.28509 0.69732
vt 0.37815 0.99487
vt 0.36948 0.99487
vt 0.37017 0.99724
vt 0.10321 0.53295
vt 0.10612 0.52612
vt 0.10660 0.53141
vt 0.10631 0.53655
vt 0.10450 0.53909
vt 0.10177 0.54037
vt 0.10250 0.54554
vt 0.10691 0.54133
vt 0.10400 0.52396
vt 0.10684 0.51817
vt 0.10399 0.51746
vt 0.10514 0.54441
vt 0.10609 0.51009
vt 0.10923 0.51186
vt 0.10897 0.50313
vt 0.10606 0.50344
vt 0.10340 0.51031
vt 0.10781 0.49403
vt 0.10558 0.49626
vt 0.10450 0.48683
vt 0.10789 0.48594
vt 0.10464 0.48020
vt 0.10198 0.47944
vt 0.10144 0.48588
vt 0.09884 0.47745
vt 0.09954 0.47284
vt 0.09622 0.46916
vt 0.09856 0.46691
vt 0.10137 0.46763
vt 0.10176 0.46219
vt 0.09697 0.46289
vt 0.10222 0.49034
vt 0.10440 0.47382
vt 0.10633 0.55027
vt 0.10359 0.55050
vt 0.10339 0.50206
vt 0.09370 0.46308
vt 0.09530 0.45866
vt 0.10042 0.55250
vt 0.10259 0.49480
vt 0.09898 0.45853
vt 0.10258 0.55812
vt 0.09990 0.55927
vt 0.10110 0.56529
vt 0.10367 0.56655
vt 0.10084 0.57087
vt 0.10272 0.57589
vt 0.09986 0.57646
vt 0.10041 0.58136
vt 0.10252 0.58340
vt 0.10553 0.56711
vt 0.10003 0.58701
vt 0.10223 0.58949
vt 0.10066 0.59389
vt 0.09854 0.59232
vt 0.09807 0.59624
vt 0.10127 0.60024
vt 0.10574 0.55854
vt 0.10103 0.45631
vt 0.09818 0.45322
vt 0.10071 0.45230
vt 0.09861 0.45023
vt 0.09492 0.44963
vt 0.09864 0.44505
vt 0.09410 0.44556
vt 0.09591 0.44119
vt 0.09842 0.43908
vt 0.09762 0.43400
vt 0.10126 0.43306
vt 0.09904 0.42960
vt 0.10118 0.42795
vt 0.09946 0.42369
vt 0.10354 0.42468
vt 0.10729 0.42553
vt 0.10614 0.41831
vt 0.10308 0.42011
vt 0.10540 0.43232
vt 0.09500 0.45449
vt 0.10380 0.41456
vt 0.10553 0.40988
vt 0.10051 0.41403
vt 0.09687 0.41964
vt 0.09649 0.41118
vt 0.09314 0.41395
vt 0.09188 0.41916
vt 0.09209 0.42589
vt 0.09254 0.40704
vt 0.09717 0.40435
vt 0.09366 0.39875
vt 0.09868 0.40019
vt 0.10425 0.40123
vt 0.10227 0.40680
vt 0.71964 0.33268
vt 0.71648 0.32399
vt 0.71964 0.32472
vt 0.71569 0.33017
vt 0.02127 0.17118
vt 0.02120 0.17964
vt 0.01822 0.17448
vt 0.01937 0.16767
vt 0.02199 0.16582
vt 0.01826 0.18209
vt 0.02018 0.16105
vt 0.02243 0.16028
vt 0.01837 0.18752
vt 0.02257 0.18608
vt 0.02047 0.19123
vt 0.01729 0.19582
vt 0.01930 0.19959
vt 0.01630 0.20240
vt 0.02410 0.17006
vt 0.02377 0.17593
vt 0.02499 0.16511
vt 0.02563 0.15914
vt 0.02102 0.15363
vt 0.02379 0.15408
vt 0.02422 0.18044
vt 0.02335 0.19016
vt 0.02237 0.19626
vt 0.02098 0.20260
vt 0.02371 0.14854
vt 0.02221 0.14608
vt 0.02530 0.13964
vt 0.02361 0.13987
vt 0.02455 0.13378
vt 0.01504 0.18898
vt 0.01594 0.18186
vt 0.01856 0.20643
vt 0.01326 0.19418
vt 0.01329 0.20123
vt 0.01627 0.20815
vt 0.01591 0.21174
vt 0.01897 0.21073
vt 0.01754 0.21476
vt 0.01532 0.21867
vt 0.01450 0.21603
vt 0.01790 0.22418
vt 0.01498 0.22576
vt 0.01650 0.23069
vt 0.01402 0.23295
vt 0.01661 0.23641
vt 0.01382 0.23928
vt 0.01719 0.24103
vt 0.00921 0.26452
vt 0.01155 0.25994
vt 0.01267 0.26964
vt 0.00811 0.26952
vt 0.00983 0.27453
vt 0.00749 0.25650
vt 0.01175 0.25130
vt 0.00987 0.24698
vt 0.01328 0.25606
vt 0.01407 0.24600
vt 0.01201 0.24147
vt 0.01422 0.27459
vt 0.01273 0.27895
vt 0.01450 0.25106
vt 0.01473 0.26254
vt 0.01034 0.27887
vt 0.01088 0.23472
vt 0.01195 0.22789
vt 0.01385 0.22160
vt 0.01509 0.26909
vt 0.01545 0.27910
vt 0.01322 0.28178
vt 0.01643 0.25525
vt 0.01671 0.27301
vt 0.01708 0.24788
vt 0.00591 0.27756
vt 0.00925 0.28153
vt 0.00638 0.28180
vt 0.00930 0.28469
vt 0.01140 0.28407
vt 0.01345 0.28501
vt 0.00733 0.28659
vt 0.01201 0.28687
vt 0.00970 0.28834
vt 0.00766 0.29156
vt 0.00921 0.29184
vt 0.00844 0.29500
vt 0.01090 0.29555
vt 0.01052 0.30020
vt 0.00779 0.29926
vt 0.00807 0.30505
vt 0.01286 0.30322
vt 0.01554 0.29835
vt 0.01395 0.29618
vt 0.01758 0.26488
vt 0.01468 0.28281
vt 0.01434 0.28827
vt 0.01464 0.29092
vt 0.01786 0.28986
vt 0.01785 0.29213
vt 0.02002 0.28908
vt 0.02162 0.29077
vt 0.02297 0.28648
vt 0.01970 0.28686
vt 0.02259 0.28221
vt 0.02500 0.28460
vt 0.01643 0.29393
vt 0.01807 0.27749
vt 0.02030 0.28358
vt 0.02156 0.27986
vt 0.01731 0.28520
vt 0.01758 0.28153
vt 0.01306 0.29263
vt 0.02563 0.28942
vt 0.61345 0.46026
vt 0.61693 0.46272
vt 0.61345 0.46446
vt 0.61529 0.46770
vt 0.61751 0.47013
vt 0.61604 0.47357
vt 0.61801 0.47649
vt 0.61363 0.47277
vt 0.61514 0.48121
vt 0.61266 0.47944
vt 0.61403 0.48381
vt 0.61643 0.48578
vt 0.61414 0.48851
vt 0.61753 0.48132
vt 0.61633 0.49424
vt 0.61387 0.49645
vt 0.61484 0.50165
vt 0.61835 0.48941
vt 0.61953 0.49683
vt 0.61732 0.50627
vt 0.61435 0.50883
vt 0.61674 0.51365
vt 0.61362 0.51302
vt 0.61497 0.52011
vt 0.61954 0.47099
vt 0.62058 0.48252
vt 0.61950 0.51822
vt 0.61951 0.51078
vt 0.61822 0.52352
vt 0.61422 0.52731
vt 0.61773 0.53196
vt 0.61601 0.53390
vt 0.62012 0.47549
vt 0.62064 0.50246
vt 0.62126 0.48877
vt 0.62009 0.46430
vt 0.61979 0.53906
vt 0.62189 0.47134
vt 0.62220 0.47772
vt 0.61718 0.53958
vt 0.61943 0.54282
vt 0.61676 0.54305
vt 0.61888 0.54733
vt 0.62202 0.54783
vt 0.62238 0.55288
vt 0.62512 0.54882
vt 0.62465 0.54596
vt 0.62815 0.54570
vt 0.62046 0.52436
vt 0.61997 0.53076
vt 0.62115 0.53621
vt 0.62281 0.54155
vt 0.62214 0.48357
vt 0.62245 0.49508
vt 0.62615 0.54356
vt 0.62232 0.50949
vt 0.62239 0.51489
vt 0.62304 0.50239
vt 0.62232 0.46056
vt 0.62285 0.46822
vt 0.61170 0.12483
vt 0.60608 0.12274
vt 0.60880 0.12623
vt 0.60160 0.12439
vt 0.61676 0.12616
vt 0.61610 0.12280
vt 0.62040 0.12476
vt 0.62322 0.12574
vt 0.61150 0.12125
vt 0.60069 0.12668
vt 0.59644 0.12564
vt 0.55606 0.11591
vt 0.55709 0.11899
vt 0.56131 0.11626
vt 0.56313 0.12023
vt 0.56749 0.11571
vt 0.57182 0.11713
vt 0.56232 0.11355
vt 0.55498 0.11421
vt 0.55968 0.10988
vt 0.55184 0.11113
vt 0.55627 0.11227
vt 0.56640 0.11157
vt 0.54652 0.11461
vt 0.54547 0.11298
vt 0.54992 0.11493
vt 0.54205 0.11517
vt 0.54175 0.11285
vt 0.57118 0.11221
vt 0.57633 0.11317
vt 0.57778 0.11021
vt 0.58216 0.11257
vt 0.58474 0.11013
vt 0.58913 0.11328
vt 0.59187 0.11024
vt 0.58237 0.11563
vt 0.54733 0.11080
vt 0.57193 0.10850
vt 0.53697 0.11562
vt 0.53673 0.11333
vt 0.53072 0.11416
vt 0.53216 0.11614
vt 0.52879 0.11707
vt 0.56698 0.10782
vt 0.58629 0.10659
vt 0.58171 0.10835
vt 0.59055 0.10841
vt 0.57547 0.10730
vt 0.59357 0.10649
vt 0.59855 0.10854
vt 0.60172 0.10638
vt 0.58103 0.10625
vt 0.60504 0.10961
vt 0.61010 0.10639
vt 0.59872 0.11035
vt 0.61322 0.10807
vt 0.61823 0.10616
vt 0.59734 0.11218
vt 0.59599 0.11678
vt 0.60194 0.11336
vt 0.60036 0.11966
vt 0.58997 0.12009
vt 0.58424 0.11874
vt 0.59602 0.12185
vt 0.57744 0.11876
vt 0.60936 0.11379
vt 0.60624 0.11952
vt 0.61013 0.11053
vt 0.61588 0.11234
vt 0.61833 0.11071
vt 0.61104 0.11720
vt 0.68181 0.11811
vt 0.67810 0.11963
vt 0.68275 0.11950
vt 0.67529 0.11832
vt 0.68646 0.11810
vt 0.68784 0.12012
vt 0.69191 0.11932
vt 0.69388 0.12168
vt 0.69834 0.12146
vt 0.67697 0.11593
vt 0.67122 0.11509
vt 0.66864 0.11722
vt 0.66468 0.11477
vt 0.66220 0.11801
vt 0.65800 0.11602
vt 0.65642 0.11334
vt 0.65153 0.11478
vt 0.65017 0.11207
vt 0.65327 0.11784
vt 0.64471 0.11231
vt 0.64766 0.11721
vt 0.64167 0.11599
vt 0.63784 0.11144
vt 0.64133 0.10903
vt 0.63690 0.10777
vt 0.63333 0.11118
vt 0.63446 0.11670
vt 0.63553 0.11965
vt 0.62909 0.11975
vt 0.62789 0.11588
vt 0.64372 0.11973
vt 0.62325 0.11983
vt 0.63251 0.12436
vt 0.62159 0.11569
vt 0.61700 0.12049
vt 0.62493 0.12282
vt 0.61610 0.11566
vt 0.64715 0.11000
vt 0.62926 0.10726
vt 0.62915 0.11024
vt 0.62421 0.10958
vt 0.62519 0.11240
vt 0.62507 0.10625
vt 0.62082 0.10829
vt 0.36000 0.11905
vt 0.36206 0.12050
vt 0.36464 0.11836
vt 0.36850 0.11947
vt 0.36783 0.12278
vt 0.35932 0.12288
vt 0.35439 0.11960
vt 0.35357 0.12246
vt 0.37457 0.11965
vt 0.37522 0.12365
vt 0.34952 0.12171
vt 0.34949 0.11979
vt 0.34416 0.12248
vt 0.34471 0.12025
vt 0.33756 0.11964
vt 0.33851 0.12293
vt 0.33380 0.12201
vt 0.33191 0.11778
vt 0.34600 0.12586
vt 0.33889 0.12631
vt 0.34248 0.12925
vt 0.36993 0.12800
vt 0.34754 0.12998
vt 0.34381 0.13321
vt 0.37996 0.11997
vt 0.37426 0.12778
vt 0.37420 0.13325
vt 0.36758 0.13366
vt 0.36338 0.12774
vt 0.35877 0.13209
vt 0.36274 0.13453
vt 0.35569 0.12761
vt 0.36687 0.13599
vt 0.35058 0.12785
vt 0.35211 0.13222
vt 0.34904 0.13414
vt 0.35383 0.13482
vt 0.37924 0.12590
vt 0.38330 0.12174
vt 0.35809 0.13686
vt 0.36988 0.13591
vt 0.37007 0.13512
vt 0.37092 0.13437
vt 0.33833 0.13199
vt 0.33654 0.13539
vt 0.33244 0.12689
vt 0.32946 0.12252
vt 0.37863 0.13037
vt 0.38024 0.13329
vt 0.32655 0.11681
vt 0.32502 0.11840
vt 0.32159 0.12197
vt 0.31861 0.11767
vt 0.31780 0.12103
vt 0.32075 0.11579
vt 0.31579 0.11484
vt 0.37854 0.13557
vt 0.37386 0.13464
vt 0.32548 0.12535
vt 0.32001 0.12508
vt 0.33449 0.13233
vt 0.38445 0.11969
vt 0.31316 0.11660
vt 0.34497 0.13607
vt 0.31112 0.11491
vt 0.31446 0.11989
vt 0.33230 0.13502
vt 0.36268 0.13862
vt 0.31721 0.12482
vt 0.35074 0.13698
vt 0.36778 0.13937
vt 0.37039 0.13742
vt 0.37250 0.14014
vt 0.35794 0.13895
vt 0.37493 0.13879
vt 0.37161 0.13691
vt 0.26166 0.89197
vt 0.26141 0.89032
vt 0.26896 0.89115
vt 0.26591 0.89249
vt 0.27231 0.89244
vt 0.27504 0.89184
vt 0.27830 0.89287
vt 0.27721 0.89380
vt 0.27937 0.89420
vt 0.28016 0.89273
vt 0.27896 0.89204
vt 0.27726 0.89116
vt 0.27072 0.89043
vt 0.27161 0.89321
vt 0.26569 0.88990
vt 0.28022 0.89120
vt 0.28115 0.89160
vt 0.30008 0.00284
vt 0.30083 0.00118
vt 0.30166 0.00277
vt 0.30083 0.00434
vt 0.40850 0.02731
vt 0.40661 0.02592
vt 0.39930 0.02746
vt 0.39862 0.02850
vt 0.39314 0.02873
vt 0.63729 0.09353
vt 0.63833 0.09503
vt 0.64117 0.09387
vt 0.64275 0.09548
vt 0.63538 0.09387
vt 0.64195 0.09669
vt 0.64787 0.09620
vt 0.63525 0.09516
vt 0.37894 0.81492
vt 0.37737 0.81413
vt 0.37973 0.81413
vt 0.45228 0.06827
vt 0.45308 0.06906
vt 0.45071 0.06906
vt 0.99546 0.22703
vt 0.99429 0.22748
vt 0.99390 0.22239
vt 0.99501 0.22926
vt 0.99354 0.23040
vt 0.99382 0.23244
vt 0.99352 0.22645
vt 0.22526 0.63418
vt 0.23109 0.63384
vt 0.23161 0.63295
vt 0.22644 0.63260
vt 0.23297 0.63411
vt 0.22121 0.63292
vt 0.23304 0.63292
vt 0.44079 0.38451
vt 0.44311 0.38508
vt 0.44292 0.38379
vt 0.44623 0.38431
vt 0.44610 0.38352
vt 0.44073 0.38567
vt 0.44216 0.38671
vt 0.44504 0.38597
vt 0.44046 0.38726
vt 0.45520 0.38319
vt 0.45512 0.38424
vt 0.45944 0.38400
vt 0.45107 0.38343
vt 0.45100 0.38470
vt 0.45662 0.38542
vt 0.46336 0.38440
vt 0.45099 0.38641
vt 0.45684 0.38771
vt 0.46460 0.38731
vt 0.46036 0.39025
vt 0.46585 0.38481
vt 0.47196 0.38533
vt 0.47231 0.38880
vt 0.47825 0.38684
vt 0.46357 0.39083
vt 0.46898 0.38999
vt 0.48211 0.38926
vt 0.45140 0.38799
vt 0.44781 0.38686
vt 0.47618 0.38946
vt 0.45505 0.38971
vt 0.47887 0.38607
vt 0.44410 0.38789
vt 0.44085 0.38812
vt 0.44953 0.38931
vt 0.45917 0.39108
vt 0.46887 0.38357
vt 0.47413 0.38499
vt 0.47132 0.38409
vt 0.47061 0.38319
vt 0.80839 0.08195
vt 0.80954 0.08300
vt 0.80797 0.08375
vt 0.80939 0.08090
vt 0.80939 0.08485
vt 0.80797 0.08479
vt 0.66945 0.17351
vt 0.66593 0.17227
vt 0.67158 0.18674
vt 0.67036 0.18784
vt 0.66743 0.18714
vt 0.66741 0.18844
vt 0.66481 0.18763
vt 0.66464 0.18681
vt 0.66340 0.18903
vt 0.66074 0.17287
vt 0.66034 0.17152
vt 0.65497 0.17130
vt 0.65403 0.17014
vt 0.65016 0.17076
vt 0.64866 0.16938
vt 0.64350 0.16995
vt 0.64403 0.16851
vt 0.63892 0.16909
vt 0.63337 0.17036
vt 0.63007 0.16885
vt 0.62648 0.16958
vt 0.62613 0.17101
vt 0.62792 0.17152
vt 0.62518 0.16958
vt 0.63387 0.17144
vt 0.64015 0.17148
vt 0.66209 0.18749
vt 0.66324 0.18676
vt 0.66416 0.18611
vt 0.66112 0.18594
vt 0.62500 0.17148
vt 0.62634 0.17321
vt 0.62518 0.17362
vt 0.39393 0.99742
vt 0.39676 0.99882
vt 0.39653 0.99759
vt 0.39949 0.99708
vt 0.40156 0.99806
vt 0.38689 0.54374
vt 0.39025 0.54187
vt 0.39428 0.54355
vt 0.39553 0.54190
vt 0.39995 0.54343
vt 0.40141 0.54182
vt 0.40542 0.54324
vt 0.40627 0.54181
vt 0.41038 0.54270
vt 0.42698 0.54244
vt 0.42705 0.54133
vt 0.42280 0.54200
vt 0.42595 0.54104
vt 0.42394 0.54404
vt 0.41818 0.54333
vt 0.41494 0.54236
vt 0.41260 0.54405
vt 0.40830 0.54383
vt 0.40395 0.54442
vt 0.39858 0.54485
vt 0.39149 0.54498
vt 0.27014 0.00579
vt 0.27105 0.00383
vt 0.26660 0.00360
vt 0.26562 0.00425
vt 0.27510 0.00425
vt 0.27528 0.00533
vt 0.27662 0.00501
vt 0.27933 0.00572
vt 0.26580 0.00567
vt 0.26407 0.00441
vt 0.26954 0.00750
vt 0.26351 0.00593
vt 0.27411 0.00663
vt 0.27830 0.00457
vt 0.27957 0.00473
vt 0.27761 0.00366
vt 0.54414 0.39029
vt 0.54140 0.39089
vt 0.54448 0.39108
vt 0.54850 0.39089
vt 0.24040 0.17999
vt 0.24316 0.17911
vt 0.24266 0.17829
vt 0.24014 0.17908
vt 0.25192 0.17902
vt 0.25437 0.17747
vt 0.25186 0.17736
vt 0.25579 0.17640
vt 0.24671 0.17913
vt 0.25042 0.18035
vt 0.24582 0.18010
vt 0.24329 0.17925
vt 0.24490 0.17773
vt 0.24859 0.17714
vt 0.25611 0.17839
vt 0.25394 0.17829
vt 0.24201 0.17776
vt 0.71188 0.65597
vt 0.70909 0.65706
vt 0.70788 0.65549
vt 0.70465 0.65665
vt 0.72200 0.92305
vt 0.72279 0.92620
vt 0.72227 0.92620
vt 0.39472 0.02092
vt 0.39472 0.02249
vt 0.39550 0.02135
vt 0.13745 0.05069
vt 0.13768 0.04914
vt 0.14312 0.04875
vt 0.14321 0.04728
vt 0.14848 0.04515
vt 0.15144 0.04518
vt 0.15292 0.04317
vt 0.15502 0.04302
vt 0.14003 0.05133
vt 0.14900 0.04753
vt 0.14508 0.04932
vt 0.15351 0.04519
vt 0.15576 0.04366
vt 0.45203 0.29590
vt 0.45208 0.29679
vt 0.45308 0.29632
vt 0.44762 0.29661
vt 0.44748 0.29542
vt 0.44247 0.29596
vt 0.43873 0.29716
vt 0.43714 0.29588
vt 0.43269 0.29716
vt 0.44901 0.29420
vt 0.44399 0.29400
vt 0.43973 0.29437
vt 0.45163 0.29464
vt 0.43440 0.29534
vt 0.42983 0.29632
vt 0.12803 0.47915
vt 0.12944 0.47869
vt 0.12973 0.48027
vt 0.12737 0.48027
vt 0.95852 0.78505
vt 0.96024 0.78760
vt 0.95675 0.78636
vt 0.95889 0.79025
vt 0.95841 0.79325
vt 0.95580 0.78776
vt 0.95672 0.79357
vt 0.95804 0.79721
vt 0.95748 0.80216
vt 0.96066 0.79422
vt 0.95854 0.80213
vt 0.95875 0.80638
vt 0.96181 0.78682
vt 0.96257 0.79275
vt 0.96105 0.79189
vt 0.96277 0.79507
vt 0.95960 0.80577
vt 0.95964 0.80702
vt 0.95931 0.79740
vt 0.95989 0.80165
vt 0.95910 0.79539
vt 0.96019 0.79503
vt 0.96241 0.79808
vt 0.96135 0.79686
vt 0.96203 0.79638
vt 0.96317 0.79721
vt 0.96392 0.79882
vt 0.96328 0.79924
vt 0.04456 0.46133
vt 0.04535 0.45910
vt 0.04456 0.45817
vt 0.57534 0.94512
vt 0.57762 0.94644
vt 0.56980 0.94638
vt 0.56980 0.94503
vt 0.56543 0.94593
vt 0.56315 0.94649
vt 0.55671 0.94542
vt 0.58062 0.94953
vt 0.57358 0.94806
vt 0.57559 0.95219
vt 0.57137 0.95079
vt 0.56845 0.94870
vt 0.56139 0.94793
vt 0.56543 0.95002
vt 0.55510 0.94667
vt 0.55161 0.94641
vt 0.55574 0.94869
vt 0.55212 0.94803
vt 0.55087 0.94505
vt 0.56050 0.95000
vt 0.55433 0.94927
vt 0.57436 0.95356
vt 0.57804 0.95430
vt 0.57891 0.95343
vt 0.13691 0.20172
vt 0.13884 0.20324
vt 0.14093 0.20215
vt 0.14565 0.20308
vt 0.14728 0.20166
vt 0.13586 0.20273
vt 0.13464 0.20169
vt 0.13397 0.20244
vt 0.13368 0.20166
vt 0.50065 0.76121
vt 0.50197 0.75914
vt 0.50179 0.76196
vt 0.50180 0.76544
vt 0.50106 0.75472
vt 0.49891 0.75735
vt 0.49941 0.75248
vt 0.50028 0.75070
vt 0.50180 0.75057
vt 0.49882 0.76314
vt 0.50049 0.76740
vt 0.50122 0.74941
vt 0.49912 0.76914
vt 0.49935 0.75033
vt 0.67300 0.65587
vt 0.67213 0.65337
vt 0.66932 0.65836
vt 0.66909 0.65175
vt 0.66759 0.65812
vt 0.66776 0.65353
vt 0.67324 0.64889
vt 0.67030 0.64972
vt 0.67148 0.64783
vt 0.67405 0.64946
vt 0.67436 0.64536
vt 0.67011 0.64635
vt 0.67098 0.64606
vt 0.67301 0.64482
vt 0.67240 0.64412
vt 0.67363 0.64286
vt 0.66994 0.64531
vt 0.67420 0.64435
vt 0.67507 0.64300
vt 0.67547 0.64374
vt 0.84109 0.61397
vt 0.83951 0.61523
vt 0.83951 0.61287
vt 0.50351 0.79501
vt 0.50642 0.79532
vt 0.50372 0.79974
vt 0.50594 0.80172
vt 0.50502 0.80247
vt 0.50701 0.80622
vt 0.50275 0.79866
vt 0.50580 0.80623
vt 0.50686 0.80899
vt 0.50846 0.80930
vt 0.50764 0.81290
vt 0.50923 0.81160
vt 0.50913 0.81823
vt 0.50781 0.82155
vt 0.50945 0.82589
vt 0.51044 0.82552
vt 0.51065 0.82991
vt 0.50630 0.81363
vt 0.50746 0.82551
vt 0.50868 0.82882
vt 0.50606 0.82051
vt 0.69803 0.65289
vt 0.69835 0.64832
vt 0.69983 0.65185
vt 0.69919 0.64741
vt 0.69974 0.65456
vt 0.69756 0.64536
vt 0.69779 0.65531
vt 0.70071 0.64825
vt 0.69821 0.64444
vt 0.69946 0.64543
vt 0.69901 0.65925
vt 0.70007 0.65878
vt 0.70071 0.66496
vt 0.55044 0.42001
vt 0.55060 0.41664
vt 0.55509 0.41902
vt 0.55313 0.42235
vt 0.55907 0.42075
vt 0.55735 0.41754
vt 0.55335 0.41607
vt 0.56224 0.41855
vt 0.56242 0.42090
vt 0.56639 0.42029
vt 0.56034 0.42217
vt 0.56643 0.42143
vt 0.55628 0.42423
vt 0.55687 0.42515
vt 0.55907 0.41652
vt 0.57222 0.42123
vt 0.57318 0.42023
vt 0.56875 0.41951
vt 0.56502 0.41925
vt 0.57672 0.42107
vt 0.57752 0.42019
vt 0.57697 0.41908
vt 0.57952 0.41880
vt 0.57962 0.42033
vt 0.55510 0.42553
vt 0.55437 0.42678
vt 0.55173 0.42543
vt 0.55306 0.42671
vt 0.55049 0.41509
vt 0.55330 0.42458
vt 0.57343 0.41897
vt 0.54947 0.42294
vt 0.55114 0.42419
vt 0.57941 0.41808
vt 0.58105 0.41839
vt 0.58162 0.41938
vt 0.58143 0.42027
vt 0.94615 0.23445
vt 0.94350 0.23396
vt 0.94475 0.23007
vt 0.95180 0.23342
vt 0.94961 0.22920
vt 0.94752 0.22303
vt 0.94937 0.22459
vt 0.95038 0.22251
vt 0.95218 0.22511
vt 0.95447 0.22902
vt 0.94948 0.22019
vt 0.95396 0.23328
vt 0.95027 0.22028
vt 0.95095 0.21409
vt 0.94968 0.21492
vt 0.95080 0.20718
vt 0.95465 0.23563
vt 0.57291 0.32911
vt 0.57095 0.32873
vt 0.57279 0.33023
vt 0.57453 0.33008
vt 0.57002 0.33016
vt 0.56639 0.32879
vt 0.56375 0.33012
vt 0.55696 0.32998
vt 0.55717 0.33150
vt 0.55140 0.33282
vt 0.54889 0.33109
vt 0.54575 0.33108
vt 0.54743 0.33346
vt 0.57429 0.33091
vt 0.54219 0.33147
vt 0.54087 0.33005
vt 0.53626 0.33108
vt 0.53589 0.32956
vt 0.54436 0.32889
vt 0.03000 0.70083
vt 0.03332 0.69949
vt 0.02868 0.69931
vt 0.03549 0.70084
vt 0.04298 0.69890
vt 0.02780 0.70085
vt 0.02666 0.69926
vt 0.02542 0.69997
vt 0.02484 0.69890
vt 0.02566 0.70126
vt 0.08646 0.47318
vt 0.08596 0.47516
vt 0.08557 0.46701
vt 0.08720 0.46631
vt 0.08633 0.45948
vt 0.08803 0.47590
vt 0.08805 0.47967
vt 0.08814 0.47128
vt 0.08924 0.47985
vt 0.08862 0.48348
vt 0.08760 0.48963
vt 0.08810 0.46028
vt 0.08736 0.45475
vt 0.08601 0.45408
vt 0.08650 0.45194
vt 0.08795 0.45028
vt 0.08924 0.45075
vt 0.08910 0.47545
vt 0.08914 0.45443
vt 0.08915 0.46583
vt 0.08951 0.45898
vt 0.08943 0.47058
vt 0.58591 0.17486
vt 0.58417 0.17561
vt 0.58781 0.17550
vt 0.58005 0.17549
vt 0.58837 0.17482
vt 0.58872 0.17549
vt 0.01544 0.00549
vt 0.01597 0.00836
vt 0.01538 0.00795
vt 0.01617 0.01381
vt 0.01617 0.00513
vt 0.53739 0.27822
vt 0.54062 0.27792
vt 0.53606 0.27760
vt 0.53194 0.27792
vt 0.53969 0.27743
vt 0.00865 0.67443
vt 0.00701 0.67462
vt 0.00862 0.67525
vt 0.01301 0.67503
vt 0.00628 0.67590
vt 0.00591 0.67503
vt 0.00930 0.67601
vt 0.60401 0.87832
vt 0.60306 0.87729
vt 0.60134 0.87830
vt 0.60844 0.87830
vt 0.60467 0.87727
vt 0.60243 0.87885
vt 0.11790 0.86388
vt 0.11448 0.86464
vt 0.11610 0.86385
vt 0.11396 0.86388
vt 0.94589 0.08482
vt 0.94351 0.08389
vt 0.94032 0.08501
vt 0.94740 0.08338
vt 0.93956 0.08359
vt 0.94928 0.08486
vt 0.95028 0.08429
vt 0.94646 0.08248
vt 0.94981 0.08329
vt 0.93523 0.08454
vt 0.93479 0.08320
vt 0.93216 0.08527
vt 0.93263 0.08674
vt 0.95071 0.08327
vt 0.95004 0.08259
vt 0.92179 0.08798
vt 0.92104 0.08731
vt 0.92505 0.08684
vt 0.92556 0.08783
vt 0.93022 0.08732
vt 0.96727 0.07301
vt 0.96885 0.07301
vt 0.96839 0.07459
vt 0.88028 0.76634
vt 0.88112 0.76600
vt 0.87958 0.76708
vt 0.88015 0.76337
vt 0.87924 0.76402
vt 0.87835 0.76046
vt 0.87750 0.76082
vt 0.87880 0.76497
vt 0.07835 0.64833
vt 0.08038 0.64711
vt 0.07751 0.64721
vt 0.07453 0.64706
vt 0.07475 0.64601
vt 0.08145 0.64838
vt 0.08477 0.64695
vt 0.08547 0.64787
vt 0.09030 0.64601
vt 0.70718 0.86277
vt 0.70560 0.86316
vt 0.70606 0.85833
vt 0.70627 0.86819
vt 0.70465 0.86890
vt 0.70615 0.86568
vt 0.70781 0.86554
vt 0.70583 0.87433
vt 0.70702 0.87236
vt 0.70718 0.87770
vt 0.70522 0.88043
vt 0.30541 0.42581
vt 0.30506 0.42344
vt 0.30166 0.42419
vt 0.30831 0.42527
vt 0.30906 0.42429
vt 0.31015 0.42532
vt 0.31033 0.42419
vt 0.97970 0.40532
vt 0.97951 0.41132
vt 0.97817 0.41003
vt 0.97802 0.41397
vt 0.97924 0.41455
vt 0.97826 0.40365
vt 0.97930 0.40015
vt 0.97871 0.39779
vt 0.98025 0.39708
vt 0.97946 0.39566
vt 0.98057 0.39996
vt 0.97844 0.39538
vt 0.97673 0.41367
vt 0.97716 0.40816
vt 0.97735 0.41724
vt 0.97837 0.41602
vt 0.97836 0.41880
vt 0.97682 0.42048
vt 0.97809 0.42110
vt 0.97928 0.41778
vt 0.97966 0.42132
vt 0.98056 0.39508
vt 0.97952 0.39266
vt 0.98068 0.39269
vt 0.68345 0.03833
vt 0.68167 0.03828
vt 0.68102 0.03986
vt 0.68021 0.03898
vt 0.68415 0.03898
vt 0.76705 0.65233
vt 0.76617 0.65159
vt 0.76705 0.65075
vt 0.76774 0.65154
vt 0.38173 0.15188
vt 0.37960 0.15114
vt 0.38338 0.15291
vt 0.38604 0.15249
vt 0.37894 0.15249
vt 0.37998 0.15351
vt 0.53628 0.02170
vt 0.53441 0.02092
vt 0.53904 0.02120
vt 0.53273 0.02120
vt 0.01617 0.56551
vt 0.01774 0.56551
vt 0.01769 0.56630
vt 0.41995 0.94199
vt 0.41995 0.94357
vt 0.42074 0.94325
vt 0.97150 0.13337
vt 0.97020 0.13349
vt 0.97200 0.13118
vt 0.97200 0.13773
vt 0.97029 0.13062
vt 0.96964 0.13192
vt 0.04140 0.30032
vt 0.04140 0.29874
vt 0.03983 0.29914
vt 0.27563 0.24901
vt 0.27642 0.24901
vt 0.27642 0.25059
vt 0.95860 0.86148
vt 0.96017 0.86148
vt 0.95989 0.86306
vt 0.68573 0.82281
vt 0.68573 0.82123
vt 0.68494 0.82250
vt 0.41310 0.94830
vt 0.41128 0.94672
vt 0.41364 0.94672
vt 0.53431 0.97884
vt 0.53273 0.97830
vt 0.53273 0.98066
vt 0.89628 0.01344
vt 0.89349 0.01232
vt 0.89557 0.01223
vt 0.26188 0.46156
vt 0.26344 0.46361
vt 0.26544 0.46202
vt 0.26774 0.46227
vt 0.26662 0.46133
vt 0.26123 0.46547
vt 0.26702 0.46356
f 2794/2794 2815/2815 2816/2816
f 2794/2794 2796/2796 2815/2815
f 2794/2794 2795/2795 2796/2796
f 2815/2815 2796/2796 2819/2819
f 2819/2819 2796/2796 2817/2817
f 2819/2819 2817/2817 2818/2818
f 656/656 663/663 652/652
f 2593/2593 2612/2612 2591/2591
f 2593/2593 2591/2591 2587/2587
f 2819/2819 2818/2818 2820/2820
f 2820/2820 2818/2818 2821/2821
f 2587/2587 2591/2591 2590/2590
f 2587/2587 2588/2588 2589/2589
f 2587/2587 2590/2590 2588/2588
f 1458/1458 1453/1453 1459/1459
f 1458/1458 1456/1456 1453/1453
f 2591/2591 2594/2594 2590/2590
f 2590/2590 2594/2594 2595/2595
f 2610/2610 2594/2594 2591/2591
f 2590/2590 2595/2595 2592/2592
f 2590/2590 2592/2592 2588/2588
f 663/663 702/702 664/664
f 663/663 664/664 652/652
f 652/652 664/664 665/665
f 1459/1459 1453/1453 1460/1460
f 2595/2595 2597/2597 2592/2592
f 2592/2592 2597/2597 2598/2598
f 1460/1460 1453/1453 1452/1452
f 1452/1452 1453/1453 1449/1449
f 2610/2610 2611/2611 2594/2594
f 2594/2594 2596/2596 2595/2595
f 2595/2595 2607/2607 2597/2597
f 2595/2595 2596/2596 2607/2607
f 2607/2607 2600/2600 2597/2597
f 1452/1452 1449/1449 1451/1451
f 1452/1452 1451/1451 1464/1464
f 2607/2607 2596/2596 2606/2606
f 712/712 669/669 670/670
f 670/670 669/669 668/668
f 1452/1452 1464/1464 1468/1468
f 2607/2607 2606/2606 2600/2600
f 2606/2606 2604/2604 2600/2600
f 729/729 727/727 725/725
f 729/729 725/725 728/728
f 669/669 667/667 668/668
f 669/669 729/729 667/667
f 729/729 728/728 667/667
f 2428/2428 2427/2427 2426/2426
f 2427/2427 2424/2424 2426/2426
f 2435/2435 2429/2429 2427/2427
f 656/656 652/652 651/651
f 2427/2427 2429/2429 2424/2424
f 2426/2426 2424/2424 2423/2423
f 2423/2423 2424/2424 2422/2422
f 652/652 665/665 658/658
f 1453/1453 1456/1456 1449/1449
f 1412/1412 1411/1411 1413/1413
f 1412/1412 1413/1413 1418/1418
f 1420/1420 1412/1412 1419/1419
f 1418/1418 1442/1442 1421/1421
f 1456/1456 1455/1455 1449/1449
f 1455/1455 1450/1450 1449/1449
f 1455/1455 1457/1457 1450/1450
f 1419/1419 1412/1412 1418/1418
f 1419/1419 1418/1418 1421/1421
f 1444/1444 1417/1417 1416/1416
f 2423/2423 2422/2422 2421/2421
f 1415/1415 1413/1413 1414/1414
f 1413/1413 1415/1415 1418/1418
f 1417/1417 1415/1415 1416/1416
f 1413/1413 1411/1411 1414/1414
f 1416/1416 1415/1415 1414/1414
f 1415/1415 1439/1439 1418/1418
f 1418/1418 1439/1439 1442/1442
f 1457/1457 1461/1461 1450/1450
f 1457/1457 1471/1471 1461/1461
f 2421/2421 2418/2418 2419/2419
f 652/652 650/650 651/651
f 652/652 658/658 650/650
f 2597/2597 2599/2599 2598/2598
f 2600/2600 2599/2599 2597/2597
f 651/651 650/650 649/649
f 658/658 665/665 655/655
f 650/650 658/658 648/648
f 650/650 648/648 649/649
f 658/658 653/653 648/648
f 658/658 655/655 653/653
f 1449/1449 1450/1450 1451/1451
f 1464/1464 1451/1451 1463/1463
f 1464/1464 1463/1463 1469/1469
f 2599/2599 2600/2600 2601/2601
f 2600/2600 2602/2602 2601/2601
f 1451/1451 1462/1462 1463/1463
f 2429/2429 2425/2425 2424/2424
f 2424/2424 2425/2425 2422/2422
f 649/649 648/648 647/647
f 648/648 646/646 647/647
f 2422/2422 2425/2425 2431/2431
f 2431/2431 2430/2430 2422/2422
f 1461/1461 1454/1454 1450/1450
f 1450/1450 1454/1454 1451/1451
f 655/655 654/654 653/653
f 1462/1462 1465/1465 1463/1463
f 1451/1451 1454/1454 1462/1462
f 1454/1454 1467/1467 1462/1462
f 2600/2600 2604/2604 2602/2602
f 728/728 725/725 667/667
f 1469/1469 1465/1465 1470/1470
f 1469/1469 1463/1463 1465/1465
f 668/668 667/667 666/666
f 667/667 661/661 666/666
f 2604/2604 2605/2605 2602/2602
f 666/666 661/661 660/660
f 2605/2605 2608/2608 2602/2602
f 648/648 653/653 646/646
f 653/653 654/654 639/639
f 646/646 653/653 639/639
f 2601/2601 2602/2602 2603/2603
f 2608/2608 2609/2609 2602/2602
f 2421/2421 2422/2422 2418/2418
f 2422/2422 2430/2430 2418/2418
f 2431/2431 2437/2437 2430/2430
f 2418/2418 2430/2430 2417/2417
f 2430/2430 2437/2437 2417/2417
f 2418/2418 2417/2417 2416/2416
f 2419/2419 2418/2418 2416/2416
f 647/647 646/646 633/633
f 646/646 632/632 633/633
f 646/646 639/639 632/632
f 633/633 632/632 631/631
f 2417/2417 2437/2437 2436/2436
f 633/633 631/631 645/645
f 2417/2417 2436/2436 2399/2399
f 2419/2419 2416/2416 2420/2420
f 2419/2419 2420/2420 2432/2432
f 2432/2432 2420/2420 2433/2433
f 2416/2416 2376/2376 2420/2420
f 2433/2433 2420/2420 2375/2375
f 2416/2416 2417/2417 2399/2399
f 2416/2416 2399/2399 2376/2376
f 645/645 631/631 635/635
f 2928/2928 2929/2929 2930/2930
f 2961/2961 2962/2962 2963/2963
f 2503/2503 2497/2497 2501/2501
f 2503/2503 2501/2501 2505/2505
f 2963/2963 2962/2962 2964/2964
f 742/742 740/740 741/741
f 2929/2929 2931/2931 2930/2930
f 2964/2964 2965/2965 2966/2966
f 2962/2962 2965/2965 2964/2964
f 741/741 740/740 739/739
f 2930/2930 2931/2931 2932/2932
f 2931/2931 2933/2933 2932/2932
f 2964/2964 2966/2966 2981/2981
f 740/740 738/738 739/739
f 2792/2792 2789/2789 2791/2791
f 2792/2792 2799/2799 2797/2797
f 2792/2792 2791/2791 2793/2793
f 2512/2512 2510/2510 2511/2511
f 2792/2792 2793/2793 2799/2799
f 2042/2042 2035/2035 2024/2024
f 2037/2037 2023/2023 2018/2018
f 2789/2789 2790/2790 2791/2791
f 2090/2090 2089/2089 2087/2087
f 1991/1991 2002/2002 2003/2003
f 1991/1991 1990/1990 2002/2002
f 1991/1991 1987/1987 1990/1990
f 2090/2090 2087/2087 2094/2094
f 2089/2089 2088/2088 2087/2087
f 1957/1957 1949/1949 1942/1942
f 2023/2023 2024/2024 2015/2015
f 1942/1942 1956/1956 1957/1957
f 2510/2510 2513/2513 2508/2508
f 2513/2513 2532/2532 2517/2517
f 2508/2508 2513/2513 2517/2517
f 2517/2517 2515/2515 2508/2508
f 2795/2795 2797/2797 2796/2796
f 2796/2796 2797/2797 2798/2798
f 2796/2796 2798/2798 2817/2817
f 2508/2508 2509/2509 2510/2510
f 2510/2510 2509/2509 2511/2511
f 2508/2508 2515/2515 2509/2509
f 2515/2515 2519/2519 2518/2518
f 2818/2818 2817/2817 2798/2798
f 2509/2509 2515/2515 2516/2516
f 2515/2515 2518/2518 2516/2516
f 2532/2532 2531/2531 2517/2517
f 2018/2018 2023/2023 2015/2015
f 2018/2018 2021/2021 2022/2022
f 2018/2018 2017/2017 2021/2021
f 2018/2018 2015/2015 2017/2017
f 2021/2021 2017/2017 2031/2031
f 1942/1942 1941/1941 1956/1956
f 2088/2088 2097/2097 2083/2083
f 1949/1949 1938/1938 1942/1942
f 1949/1949 1960/1960 1938/1938
f 1942/1942 1938/1938 1941/1941
f 2517/2517 2531/2531 2519/2519
f 2517/2517 2519/2519 2515/2515
f 2033/2033 2022/2022 2029/2029
f 2531/2531 2535/2535 2519/2519
f 2519/2519 2535/2535 2529/2529
f 2029/2029 2031/2031 2041/2041
f 2519/2519 2529/2529 2518/2518
f 2022/2022 2021/2021 2029/2029
f 2029/2029 2021/2021 2031/2031
f 3053/3053 3056/3056 3054/3054
f 3053/3053 3054/3054 3055/3055
f 2527/2527 2533/2533 2530/2530
f 2516/2516 2518/2518 2520/2520
f 2518/2518 2527/2527 2520/2520
f 2527/2527 2526/2526 2520/2520
f 2002/2002 1990/1990 2001/2001
f 2017/2017 2030/2030 2031/2031
f 2533/2533 2534/2534 2530/2530
f 2031/2031 2030/2030 2040/2040
f 2497/2497 2498/2498 2499/2499
f 2497/2497 2499/2499 2501/2501
f 2501/2501 2504/2504 2505/2505
f 2501/2501 2499/2499 2504/2504
f 2499/2499 2502/2502 2504/2504
f 2498/2498 2500/2500 2499/2499
f 2499/2499 2500/2500 2502/2502
f 2500/2500 2506/2506 2502/2502
f 2965/2965 2979/2979 2967/2967
f 2502/2502 2506/2506 2507/2507
f 2494/2494 2493/2493 2492/2492
f 2978/2978 2977/2977 2970/2970
f 2024/2024 2035/2035 2015/2015
f 2035/2035 2036/2036 2015/2015
f 2495/2495 2492/2492 2491/2491
f 2496/2496 2492/2492 2495/2495
f 1149/1149 1148/1148 1147/1147
f 2108/2108 2109/2109 2104/2104
f 2581/2581 2580/2580 2579/2579
f 2108/2108 2107/2107 2112/2112
f 2108/2108 2104/2104 2107/2107
f 2980/2980 2972/2972 2977/2977
f 2980/2980 2976/2976 2972/2972
f 3000/3000 2997/2997 2999/2999
f 3000/3000 2999/2999 2980/2980
f 2980/2980 2999/2999 2976/2976
f 2491/2491 2492/2492 2493/2493
f 2970/2970 2977/2977 2972/2972
f 2104/2104 2103/2103 2107/2107
f 445/445 455/455 435/435
f 2104/2104 2098/2098 2103/2103
f 2579/2579 2580/2580 2577/2577
f 2109/2109 2106/2106 2104/2104
f 2106/2106 2098/2098 2104/2104
f 445/445 435/435 439/439
f 439/439 435/435 436/436
f 2933/2933 2934/2934 2932/2932
f 2932/2932 2934/2934 2935/2935
f 739/739 738/738 735/735
f 2933/2933 2952/2952 2934/2934
f 738/738 736/736 735/735
f 2935/2935 2934/2934 2936/2936
f 2935/2935 2936/2936 2944/2944
f 2934/2934 2937/2937 2936/2936
f 2966/2966 2965/2965 2967/2967
f 1546/1546 1545/1545 1536/1536
f 2967/2967 2968/2968 2966/2966
f 1545/1545 1531/1531 1536/1536
f 2967/2967 2979/2979 2978/2978
f 2978/2978 2970/2970 2967/2967
f 2967/2967 2970/2970 2969/2969
f 2969/2969 2970/2970 2971/2971
f 2967/2967 2969/2969 2968/2968
f 1531/1531 1530/1530 1524/1524
f 1531/1531 1532/1532 1536/1536
f 1531/1531 1524/1524 1532/1532
f 2015/2015 2016/2016 2017/2017
f 2015/2015 2036/2036 2019/2019
f 2015/2015 2019/2019 2016/2016
f 1150/1150 1147/1147 1142/1142
f 1147/1147 1146/1146 1142/1142
f 2105/2105 2098/2098 2106/2106
f 2105/2105 2101/2101 2098/2098
f 1152/1152 1156/1156 1159/1159
f 2030/2030 2017/2017 2025/2025
f 2944/2944 2936/2936 2945/2945
f 2017/2017 2016/2016 2025/2025
f 2936/2936 2943/2943 2945/2945
f 2936/2936 2938/2938 2943/2943
f 1941/1941 1938/1938 1940/1940
f 2016/2016 2019/2019 2020/2020
f 2016/2016 2020/2020 2025/2025
f 2025/2025 2020/2020 2026/2026
f 1150/1150 1142/1142 1152/1152
f 1152/1152 1142/1142 1144/1144
f 2943/2943 2938/2938 2940/2940
f 2943/2943 2940/2940 2946/2946
f 1152/1152 1144/1144 1156/1156
f 455/455 444/444 435/435
f 2103/2103 2098/2098 2100/2100
f 444/444 434/434 435/435
f 2098/2098 2099/2099 2100/2100
f 2099/2099 2110/2110 2100/2100
f 444/444 458/458 434/434
f 2098/2098 2101/2101 2099/2099
f 458/458 442/442 434/434
f 2797/2797 2799/2799 2798/2798
f 2509/2509 2514/2514 2511/2511
f 2799/2799 2793/2793 2802/2802
f 2509/2509 2516/2516 2514/2514
f 2827/2827 2823/2823 2825/2825
f 2823/2823 2824/2824 2825/2825
f 2489/2489 2482/2482 2481/2481
f 2489/2489 2490/2490 2482/2482
f 2824/2824 2823/2823 2826/2826
f 2823/2823 2836/2836 2826/2826
f 2489/2489 2481/2481 2487/2487
f 2133/2133 2131/2131 2135/2135
f 2135/2135 2131/2131 2137/2137
f 2133/2133 2129/2129 2131/2131
f 2824/2824 2826/2826 2828/2828
f 2818/2818 2798/2798 2821/2821
f 2798/2798 2804/2804 2821/2821
f 2798/2798 2800/2800 2804/2804
f 2798/2798 2799/2799 2800/2800
f 2799/2799 2802/2802 2801/2801
f 2826/2826 2829/2829 2828/2828
f 2826/2826 2836/2836 2831/2831
f 2129/2129 2130/2130 2131/2131
f 2131/2131 2130/2130 2132/2132
f 2087/2087 2088/2088 2083/2083
f 2094/2094 2087/2087 2085/2085
f 2087/2087 2083/2083 2085/2085
f 2094/2094 2085/2085 2095/2095
f 2516/2516 2520/2520 2514/2514
f 1990/1990 1987/1987 1989/1989
f 1987/1987 1988/1988 1989/1989
f 1987/1987 1997/1997 1988/1988
f 2520/2520 2526/2526 2521/2521
f 2520/2520 2521/2521 2514/2514
f 1989/1989 2001/2001 1990/1990
f 2802/2802 2806/2806 2801/2801
f 2514/2514 2521/2521 2522/2522
f 2131/2131 2132/2132 2134/2134
f 2083/2083 2084/2084 2085/2085
f 2095/2095 2085/2085 2086/2086
f 2085/2085 2084/2084 2086/2086
f 2487/2487 2481/2481 2483/2483
f 2481/2481 2482/2482 2483/2483
f 2836/2836 2832/2832 2831/2831
f 2487/2487 2483/2483 2486/2486
f 2131/2131 2134/2134 2137/2137
f 2134/2134 2138/2138 2137/2137
f 2482/2482 2484/2484 2483/2483
f 2482/2482 2485/2485 2484/2484
f 1424/1424 1423/1423 1422/1422
f 2483/2483 2484/2484 2486/2486
f 2486/2486 2484/2484 2488/2488
f 1424/1424 1422/1422 1441/1441
f 1406/1406 1407/1407 1408/1408
f 1407/1407 1426/1426 1408/1408
f 1407/1407 1406/1406 1422/1422
f 1407/1407 1422/1422 1423/1423
f 1407/1407 1428/1428 1426/1426
f 1428/1428 1407/1407 1423/1423
f 2138/2138 2134/2134 2136/2136
f 2134/2134 2132/2132 2136/2136
f 1428/1428 1433/1433 1426/1426
f 2086/2086 2084/2084 2093/2093
f 2579/2579 2577/2577 2578/2578
f 1148/1148 1146/1146 1147/1147
f 2997/2997 2998/2998 2999/2999
f 2997/2997 2996/2996 2998/2998
f 1408/1408 1426/1426 1427/1427
f 2097/2097 2091/2091 2083/2083
f 2036/2036 2043/2043 2019/2019
f 1941/1941 1943/1943 1959/1959
f 1941/1941 1940/1940 1943/1943
f 1146/1146 1143/1143 1142/1142
f 1142/1142 1143/1143 1144/1144
f 2083/2083 2091/2091 2084/2084
f 2084/2084 2091/2091 2092/2092
f 1143/1143 1145/1145 1144/1144
f 1146/1146 1151/1151 1143/1143
f 1143/1143 1151/1151 1153/1153
f 1431/1431 1432/1432 1430/1430
f 2574/2574 2575/2575 2576/2576
f 2578/2578 2577/2577 2574/2574
f 2996/2996 2993/2993 2998/2998
f 2574/2574 2577/2577 2575/2575
f 1143/1143 1153/1153 1145/1145
f 1426/1426 1429/1429 1427/1427
f 1429/1429 1430/1430 1427/1427
f 1426/1426 1433/1433 1435/1435
f 2084/2084 2092/2092 2093/2093
f 1426/1426 1436/1436 1429/1429
f 1429/1429 1431/1431 1430/1430
f 1431/1431 1436/1436 1438/1438
f 1429/1429 1436/1436 1431/1431
f 1426/1426 1435/1435 1436/1436
f 2996/2996 2994/2994 2993/2993
f 2994/2994 2992/2992 2993/2993
f 2994/2994 2995/2995 2992/2992
f 2518/2518 2529/2529 2527/2527
f 2527/2527 2530/2530 2526/2526
f 2526/2526 2524/2524 2521/2521
f 2040/2040 2030/2030 2032/2032
f 2030/2030 2025/2025 2032/2032
f 1960/1960 1961/1961 1948/1948
f 1960/1960 1948/1948 1938/1938
f 1938/1938 1948/1948 1939/1939
f 1948/1948 1952/1952 1939/1939
f 2526/2526 2528/2528 2524/2524
f 2526/2526 2530/2530 2528/2528
f 625/625 623/623 641/641
f 737/737 696/696 625/625
f 1994/1994 1993/1993 1999/1999
f 1961/1961 1955/1955 1948/1948
f 1948/1948 1955/1955 1952/1952
f 625/625 696/696 624/624
f 625/625 624/624 623/623
f 2934/2934 2942/2942 2937/2937
f 2934/2934 2951/2951 2942/2942
f 735/735 736/736 723/723
f 2952/2952 2951/2951 2934/2934
f 735/735 723/723 722/722
f 722/722 723/723 720/720
f 1536/1536 1532/1532 1542/1542
f 1542/1542 1532/1532 1543/1543
f 1524/1524 1533/1533 1532/1532
f 1532/1532 1544/1544 1543/1543
f 1532/1532 1533/1533 1544/1544
f 722/722 720/720 721/721
f 722/722 721/721 701/701
f 721/721 720/720 698/698
f 2936/2936 2937/2937 2938/2938
f 1156/1156 1161/1161 1159/1159
f 2937/2937 2942/2942 2950/2950
f 2938/2938 2937/2937 2939/2939
f 1156/1156 1157/1157 1161/1161
f 2025/2025 2028/2028 2032/2032
f 2032/2032 2028/2028 2039/2039
f 2937/2937 2950/2950 2939/2939
f 2939/2939 2950/2950 2948/2948
f 2101/2101 2102/2102 2099/2099
f 698/698 720/720 707/707
f 1524/1524 1519/1519 1533/1533
f 2099/2099 2102/2102 2111/2111
f 2099/2099 2111/2111 2110/2110
f 458/458 519/519 442/442
f 519/519 518/518 442/442
f 1544/1544 1533/1533 1534/1534
f 1533/1533 1519/1519 1534/1534
f 701/701 698/698 693/693
f 701/701 721/721 698/698
f 698/698 697/697 693/693
f 698/698 707/707 697/697
f 693/693 697/697 692/692
f 707/707 711/711 697/697
f 693/693 692/692 690/690
f 711/711 694/694 697/697
f 711/711 734/734 694/694
f 692/692 697/697 691/691
f 692/692 691/691 690/690
f 691/691 689/689 690/690
f 697/697 694/694 691/691
f 694/694 734/734 695/695
f 691/691 694/694 689/689
f 689/689 694/694 695/695
f 2821/2821 2804/2804 2822/2822
f 2822/2822 2804/2804 2805/2805
f 2804/2804 2800/2800 2803/2803
f 2800/2800 2799/2799 2801/2801
f 2800/2800 2801/2801 2803/2803
f 2801/2801 2807/2807 2803/2803
f 2826/2826 2831/2831 2829/2829
f 2831/2831 2837/2837 2829/2829
f 2829/2829 2830/2830 2828/2828
f 2829/2829 2837/2837 2830/2830
f 2804/2804 2803/2803 2805/2805
f 2805/2805 2811/2811 2813/2813
f 2805/2805 2803/2803 2811/2811
f 2837/2837 2841/2841 2830/2830
f 2813/2813 2811/2811 2814/2814
f 2811/2811 2803/2803 2807/2807
f 2521/2521 2523/2523 2522/2522
f 2521/2521 2524/2524 2523/2523
f 2001/2001 1989/1989 1994/1994
f 1994/1994 1989/1989 1993/1993
f 1989/1989 1992/1992 1993/1993
f 1989/1989 1988/1988 1992/1992
f 1997/1997 1996/1996 1988/1988
f 2095/2095 2086/2086 2096/2096
f 2801/2801 2806/2806 2807/2807
f 641/641 623/623 675/675
f 1992/1992 2000/2000 1993/1993
f 2522/2522 2523/2523 2525/2525
f 2831/2831 2832/2832 2833/2833
f 2831/2831 2833/2833 2837/2837
f 727/727 726/726 725/725
f 2835/2835 2834/2834 2832/2832
f 2835/2835 2844/2844 2834/2834
f 2832/2832 2834/2834 2833/2833
f 2834/2834 2838/2838 2833/2833
f 2837/2837 2833/2833 2838/2838
f 2837/2837 2838/2838 2841/2841
f 1434/1434 1433/1433 1428/1428
f 2096/2096 2086/2086 2093/2093
f 1428/1428 1437/1437 1434/1434
f 1988/1988 1996/1996 1995/1995
f 1988/1988 1995/1995 1992/1992
f 2807/2807 2806/2806 2808/2808
f 675/675 622/622 674/674
f 1995/1995 1998/1998 1992/1992
f 2811/2811 2807/2807 2812/2812
f 675/675 623/623 622/622
f 623/623 624/624 621/621
f 623/623 621/621 622/622
f 2812/2812 2807/2807 2810/2810
f 644/644 662/662 643/643
f 2841/2841 2840/2840 2842/2842
f 2841/2841 2838/2838 2840/2840
f 644/644 643/643 640/640
f 640/640 643/643 642/642
f 2807/2807 2809/2809 2810/2810
f 2807/2807 2808/2808 2809/2809
f 662/662 673/673 643/643
f 662/662 627/627 673/673
f 622/622 627/627 674/674
f 1992/1992 1998/1998 2000/2000
f 622/622 621/621 620/620
f 627/627 622/622 616/616
f 622/622 620/620 616/616
f 627/627 616/616 673/673
f 643/643 673/673 642/642
f 1938/1938 1939/1939 1940/1940
f 1940/1940 1939/1939 1947/1947
f 1144/1144 1154/1154 1156/1156
f 2938/2938 2939/2939 2940/2940
f 2025/2025 2026/2026 2027/2027
f 2025/2025 2027/2027 2028/2028
f 2940/2940 2939/2939 2941/2941
f 1943/1943 1940/1940 1944/1944
f 1943/1943 1945/1945 1959/1959
f 1943/1943 1944/1944 1945/1945
f 1959/1959 1945/1945 1958/1958
f 1144/1144 1145/1145 1154/1154
f 1145/1145 1155/1155 1154/1154
f 2850/2850 2847/2847 2849/2849
f 1940/1940 1947/1947 1944/1944
f 1952/1952 1947/1947 1939/1939
f 1947/1947 1952/1952 1953/1953
f 2028/2028 2034/2034 2039/2039
f 1156/1156 1154/1154 1157/1157
f 2028/2028 2027/2027 2034/2034
f 1947/1947 1953/1953 1950/1950
f 2939/2939 2947/2947 2941/2941
f 2947/2947 2949/2949 2941/2941
f 2027/2027 2038/2038 2034/2034
f 1157/1157 1154/1154 1158/1158
f 1435/1435 1445/1445 1436/1436
f 1958/1958 1945/1945 1951/1951
f 2851/2851 2847/2847 2850/2850
f 1945/1945 1946/1946 1951/1951
f 1945/1945 1944/1944 1946/1946
f 2847/2847 2848/2848 2849/2849
f 1947/1947 1950/1950 1944/1944
f 1944/1944 1950/1950 1946/1946
f 1950/1950 1954/1954 1946/1946
f 1154/1154 1155/1155 1158/1158
f 1155/1155 1160/1160 1158/1158
f 2948/2948 2947/2947 2939/2939
f 624/624 714/714 621/621
f 621/621 714/714 708/708
f 690/690 689/689 684/684
f 689/689 683/683 684/684
f 689/689 695/695 688/688
f 683/683 689/689 688/688
f 714/714 680/680 713/713
f 621/621 615/615 620/620
f 621/621 708/708 615/615
f 708/708 714/714 615/615
f 620/620 615/615 616/616
f 615/615 714/714 713/713
f 713/713 680/680 676/676
f 684/684 683/683 681/681
f 684/684 681/681 680/680
f 680/680 681/681 679/679
f 683/683 682/682 681/681
f 1406/1406 1409/1409 1410/1410
f 1411/1411 1406/1406 1410/1410
f 1406/1406 1408/1408 1409/1409
f 1412/1412 1420/1420 1425/1425
f 1412/1412 1425/1425 1406/1406
f 1406/1406 1425/1425 1422/1422
f 1411/1411 1412/1412 1406/1406
f 1420/1420 1440/1440 1425/1425
f 1420/1420 1443/1443 1440/1440
f 1422/1422 1425/1425 1440/1440
f 1422/1422 1440/1440 1441/1441
f 2835/2835 2845/2845 2844/2844
f 2834/2834 2844/2844 2846/2846
f 2834/2834 2839/2839 2838/2838
f 725/725 699/699 667/667
f 725/725 726/726 699/699
f 667/667 699/699 661/661
f 661/661 699/699 657/657
f 2838/2838 2839/2839 2840/2840
f 2839/2839 2843/2843 2840/2840
f 659/659 610/610 657/657
f 661/661 657/657 660/660
f 673/673 616/616 608/608
f 673/673 608/608 642/642
f 640/640 642/642 609/609
f 640/640 609/609 610/610
f 642/642 608/608 609/609
f 1462/1462 1466/1466 1465/1465
f 657/657 595/595 660/660
f 657/657 610/610 595/595
f 2602/2602 2609/2609 2603/2603
f 660/660 595/595 626/626
f 610/610 589/589 595/595
f 610/610 609/609 589/589
f 616/616 615/615 608/608
f 713/713 676/676 615/615
f 615/615 676/676 593/593
f 608/608 615/615 593/593
f 593/593 676/676 671/671
f 676/676 680/680 679/679
f 676/676 679/679 678/678
f 679/679 681/681 678/678
f 671/671 676/676 677/677
f 676/676 678/678 677/677
f 639/639 626/626 632/632
f 626/626 595/595 617/617
f 632/632 617/617 631/631
f 632/632 626/626 617/617
f 589/589 594/594 595/595
f 631/631 617/617 630/630
f 589/589 609/609 590/590
f 609/609 608/608 590/590
f 589/589 590/590 591/591
f 589/589 591/591 594/594
f 608/608 593/593 590/590
f 590/590 593/593 592/592
f 593/593 671/671 592/592
f 671/671 613/613 592/592
f 671/671 677/677 613/613
f 594/594 591/591 596/596
f 595/595 594/594 617/617
f 617/617 594/594 596/596
f 617/617 629/629 630/630
f 596/596 612/612 617/617
f 617/617 612/612 629/629
f 590/590 592/592 591/591
f 596/596 591/591 597/597
f 591/591 592/592 597/597
f 592/592 613/613 601/601
f 613/613 700/700 601/601
f 613/613 686/686 700/700
f 592/592 601/601 597/597
f 597/597 598/598 596/596
f 597/597 599/599 598/598
f 597/597 601/601 599/599
f 599/599 601/601 700/700
f 2420/2420 2376/2376 2375/2375
f 2375/2375 2376/2376 2373/2373
f 2399/2399 2372/2372 2376/2376
f 635/635 631/631 630/630
f 630/630 634/634 635/635
f 2399/2399 2393/2393 2372/2372
f 2376/2376 2372/2372 2373/2373
f 2375/2375 2373/2373 2356/2356
f 2375/2375 2356/2356 2400/2400
f 2400/2400 2356/2356 2378/2378
f 2372/2372 2331/2331 2373/2373
f 2373/2373 2331/2331 2356/2356
f 2356/2356 2355/2355 2357/2357
f 2331/2331 2355/2355 2356/2356
f 630/630 629/629 634/634
f 629/629 628/628 634/634
f 629/629 612/612 628/628
f 2372/2372 2393/2393 2381/2381
f 2393/2393 2412/2412 2381/2381
f 2412/2412 2350/2350 2381/2381
f 596/596 598/598 612/612
f 700/700 703/703 599/599
f 2372/2372 2381/2381 2332/2332
f 2372/2372 2332/2332 2331/2331
f 2332/2332 2328/2328 2331/2331
f 2381/2381 2350/2350 2332/2332
f 2332/2332 2350/2350 2328/2328
f 2331/2331 2328/2328 2308/2308
f 2328/2328 2350/2350 2307/2307
f 2328/2328 2307/2307 2308/2308
f 599/599 600/600 598/598
f 599/599 703/703 600/600
f 612/612 603/603 628/628
f 598/598 603/603 612/612
f 628/628 603/603 619/619
f 598/598 602/602 603/603
f 598/598 600/600 602/602
f 628/628 619/619 637/637
f 2350/2350 2366/2366 2307/2307
f 619/619 603/603 604/604
f 603/603 602/602 604/604
f 602/602 605/605 604/604
f 619/619 618/618 637/637
f 619/619 604/604 618/618
f 637/637 618/618 636/636
f 604/604 605/605 606/606
f 618/618 604/604 611/611
f 618/618 611/611 636/636
f 604/604 606/606 611/611
f 2378/2378 2357/2357 2377/2377
f 2356/2356 2357/2357 2378/2378
f 2377/2377 2357/2357 2339/2339
f 2357/2357 2355/2355 2339/2339
f 2377/2377 2339/2339 2343/2343
f 2339/2339 2319/2319 2338/2338
f 2343/2343 2339/2339 2338/2338
f 2343/2343 2341/2341 2344/2344
f 2343/2343 2338/2338 2341/2341
f 2338/2338 2340/2340 2341/2341
f 2341/2341 2340/2340 2342/2342
f 2338/2338 2336/2336 2340/2340
f 2340/2340 2336/2336 2346/2346
f 2355/2355 2319/2319 2339/2339
f 2331/2331 2308/2308 2355/2355
f 2319/2319 2335/2335 2338/2338
f 2319/2319 2294/2294 2335/2335
f 2355/2355 2308/2308 2319/2319
f 2319/2319 2308/2308 2294/2294
f 2308/2308 2293/2293 2294/2294
f 2294/2294 2292/2292 2297/2297
f 2338/2338 2335/2335 2336/2336
f 2335/2335 2297/2297 2336/2336
f 2336/2336 2347/2347 2346/2346
f 2335/2335 2294/2294 2297/2297
f 2336/2336 2297/2297 2337/2337
f 2297/2297 2296/2296 2337/2337
f 2308/2308 2307/2307 2293/2293
f 2293/2293 2292/2292 2294/2294
f 2293/2293 2291/2291 2292/2292
f 2307/2307 2303/2303 2293/2293
f 2307/2307 2366/2366 2303/2303
f 636/636 611/611 638/638
f 2366/2366 2367/2367 2303/2303
f 2367/2367 2298/2298 2303/2303
f 2303/2303 2291/2291 2293/2293
f 2303/2303 2298/2298 2291/2291
f 2297/2297 2292/2292 2296/2296
f 2337/2337 2296/2296 2295/2295
f 2292/2292 2290/2290 2296/2296
f 2296/2296 2290/2290 2295/2295
f 2292/2292 2291/2291 2290/2290
f 2290/2290 2291/2291 2287/2287
f 2290/2290 2289/2289 2295/2295
f 2290/2290 2287/2287 2289/2289
f 2409/2409 2395/2395 2367/2367
f 2291/2291 2298/2298 2288/2288
f 2367/2367 2395/2395 2298/2298
f 2395/2395 2370/2370 2298/2298
f 2370/2370 2313/2313 2298/2298
f 2298/2298 2313/2313 2288/2288
f 2291/2291 2288/2288 2287/2287
f 2287/2287 2286/2286 2289/2289
f 2289/2289 2286/2286 2383/2383
f 2287/2287 2288/2288 2285/2285
f 2287/2287 2285/2285 2286/2286
f 2288/2288 2313/2313 2285/2285
f 2286/2286 2285/2285 2283/2283
f 2344/2344 2341/2341 2145/2145
f 2145/2145 2341/2341 2142/2142
f 2145/2145 2142/2142 2140/2140
f 2140/2140 2142/2142 2141/2141
f 2139/2139 2140/2140 2141/2141
f 2341/2341 2342/2342 2142/2142
f 2142/2142 2143/2143 2141/2141
f 2142/2142 2342/2342 2144/2144
f 2342/2342 2345/2345 2144/2144
f 2142/2142 2144/2144 2143/2143
f 2342/2342 2340/2340 2345/2345
f 2340/2340 2346/2346 2345/2345
f 2295/2295 2289/2289 2354/2354
f 2354/2354 2383/2383 2434/2434
f 2289/2289 2383/2383 2354/2354
f 2434/2434 2383/2383 2411/2411
f 2383/2383 2382/2382 2411/2411
f 2286/2286 2382/2382 2383/2383
f 2283/2283 2382/2382 2286/2286
f 2972/2972 2976/2976 2973/2973
f 2972/2972 2971/2971 2970/2970
f 2972/2972 2973/2973 2971/2971
f 2973/2973 2976/2976 2975/2975
f 2971/2971 2973/2973 2974/2974
f 2973/2973 2975/2975 2974/2974
f 435/435 433/433 436/436
f 1529/1529 1524/1524 1530/1530
f 1529/1529 1525/1525 1522/1522
f 435/435 434/434 433/433
f 434/434 431/431 433/433
f 1525/1525 1528/1528 1527/1527
f 1529/1529 1522/1522 1524/1524
f 1524/1524 1522/1522 1519/1519
f 434/434 442/442 431/431
f 1522/1522 1525/1525 1517/1517
f 1525/1525 1527/1527 1517/1517
f 1522/1522 1517/1517 1519/1519
f 2976/2976 2999/2999 2982/2982
f 2976/2976 2982/2982 2975/2975
f 2999/2999 2998/2998 2982/2982
f 433/433 431/431 432/432
f 2998/2998 2984/2984 2982/2982
f 2998/2998 2993/2993 2984/2984
f 2975/2975 2982/2982 2983/2983
f 2982/2982 2984/2984 2983/2983
f 2984/2984 2985/2985 2983/2983
f 1527/1527 1516/1516 1517/1517
f 432/432 431/431 430/430
f 2993/2993 2992/2992 2984/2984
f 2992/2992 2986/2986 2984/2984
f 2986/2986 2988/2988 2987/2987
f 443/443 438/438 437/437
f 443/443 437/437 441/441
f 2984/2984 2986/2986 2985/2985
f 2985/2985 2986/2986 2987/2987
f 1538/1538 1537/1537 1514/1514
f 441/441 437/437 428/428
f 428/428 427/427 441/441
f 431/431 442/442 440/440
f 1519/1519 1518/1518 1534/1534
f 1519/1519 1517/1517 1518/1518
f 1517/1517 1515/1515 1518/1518
f 1534/1534 1518/1518 1535/1535
f 1535/1535 1518/1518 1540/1540
f 1517/1517 1516/1516 1515/1515
f 1538/1538 1514/1514 1527/1527
f 431/431 429/429 430/430
f 442/442 505/505 440/440
f 431/431 440/440 429/429
f 440/440 472/472 429/429
f 442/442 518/518 505/505
f 440/440 505/505 472/472
f 438/438 430/430 437/437
f 1527/1527 1514/1514 1516/1516
f 1516/1516 1514/1514 1515/1515
f 437/437 430/430 428/428
f 1537/1537 1513/1513 1514/1514
f 1513/1513 1511/1511 1514/1514
f 428/428 430/430 429/429
f 428/428 429/429 410/410
f 1514/1514 1511/1511 1515/1515
f 429/429 446/446 410/410
f 1518/1518 1512/1512 1540/1540
f 1518/1518 1515/1515 1512/1512
f 695/695 719/719 688/688
f 1515/1515 1511/1511 1512/1512
f 472/472 500/500 429/429
f 1511/1511 1509/1509 1512/1512
f 446/446 429/429 476/476
f 429/429 500/500 476/476
f 688/688 719/719 718/718
f 683/683 688/688 682/682
f 688/688 718/718 682/682
f 682/682 718/718 715/715
f 1910/1910 1903/1903 1902/1902
f 2991/2991 2990/2990 2988/2988
f 466/466 371/371 355/355
f 1901/1901 1862/1862 1903/1903
f 1862/1862 1901/1901 1869/1869
f 1903/1903 1862/1862 1902/1902
f 1859/1859 1902/1902 1862/1862
f 1862/1862 1858/1858 1857/1857
f 427/427 371/371 480/480
f 466/466 480/480 371/371
f 480/480 441/441 427/427
f 2988/2988 2989/2989 2987/2987
f 2988/2988 2990/2990 2989/2989
f 1902/1902 1859/1859 1526/1526
f 1526/1526 1859/1859 1520/1520
f 1537/1537 1526/1526 1513/1513
f 427/427 353/353 371/371
f 427/427 410/410 353/353
f 353/353 410/410 409/409
f 353/353 409/409 352/352
f 371/371 353/353 355/355
f 355/355 353/353 349/349
f 353/353 350/350 349/349
f 1859/1859 1862/1862 1857/1857
f 353/353 352/352 350/350
f 1859/1859 1856/1856 1520/1520
f 1859/1859 1857/1857 1856/1856
f 349/349 350/350 347/347
f 349/349 347/347 348/348
f 1520/1520 1856/1856 1521/1521
f 350/350 352/352 351/351
f 350/350 351/351 347/347
f 352/352 354/354 351/351
f 351/351 389/389 356/356
f 351/351 356/356 347/347
f 1857/1857 1855/1855 1856/1856
f 1856/1856 1855/1855 1523/1523
f 1856/1856 1523/1523 1521/1521
f 1869/1869 1858/1858 1862/1862
f 1869/1869 1906/1906 1858/1858
f 1858/1858 1906/1906 1854/1854
f 1858/1858 1855/1855 1857/1857
f 348/348 347/347 346/346
f 346/346 347/347 338/338
f 1858/1858 1854/1854 1855/1855
f 338/338 347/347 356/356
f 346/346 338/338 263/263
f 263/263 338/338 290/290
f 338/338 356/356 290/290
f 1855/1855 1853/1853 1506/1506
f 1855/1855 1854/1854 1853/1853
f 1854/1854 1906/1906 1896/1896
f 1854/1854 1896/1896 1845/1845
f 263/263 290/290 248/248
f 1854/1854 1845/1845 1853/1853
f 1855/1855 1506/1506 1523/1523
f 1523/1523 1506/1506 1505/1505
f 428/428 410/410 427/427
f 1526/1526 1520/1520 1513/1513
f 1513/1513 1520/1520 1510/1510
f 1520/1520 1521/1521 1510/1510
f 1513/1513 1510/1510 1511/1511
f 410/410 446/446 409/409
f 1511/1511 1510/1510 1508/1508
f 409/409 446/446 499/499
f 1510/1510 1521/1521 1504/1504
f 352/352 409/409 354/354
f 409/409 499/499 354/354
f 354/354 499/499 389/389
f 354/354 389/389 351/351
f 356/356 389/389 390/390
f 1510/1510 1504/1504 1508/1508
f 1521/1521 1505/1505 1504/1504
f 389/389 499/499 475/475
f 389/389 475/475 390/390
f 1511/1511 1508/1508 1509/1509
f 446/446 476/476 477/477
f 446/446 477/477 499/499
f 1541/1541 1507/1507 1547/1547
f 1509/1509 1508/1508 1507/1507
f 1541/1541 1509/1509 1507/1507
f 1508/1508 1504/1504 1507/1507
f 1547/1547 1507/1507 1539/1539
f 1539/1539 1507/1507 1500/1500
f 516/516 475/475 477/477
f 499/499 477/477 475/475
f 1504/1504 1500/1500 1507/1507
f 1523/1523 1505/1505 1521/1521
f 390/390 475/475 367/367
f 1506/1506 1503/1503 1505/1505
f 356/356 390/390 291/291
f 356/356 291/291 290/290
f 290/290 291/291 236/236
f 290/290 236/236 248/248
f 1845/1845 1502/1502 1853/1853
f 1506/1506 1502/1502 1503/1503
f 1506/1506 1853/1853 1502/1502
f 390/390 367/367 291/291
f 367/367 268/268 291/291
f 291/291 268/268 236/236
f 1505/1505 1499/1499 1504/1504
f 1505/1505 1503/1503 1499/1499
f 1504/1504 1499/1499 1500/1500
f 475/475 473/473 367/367
f 1503/1503 1501/1501 1499/1499
f 1503/1503 1502/1502 1501/1501
f 367/367 336/336 268/268
f 367/367 473/473 336/336
f 1499/1499 1501/1501 1492/1492
f 268/268 336/336 240/240
f 1501/1501 1494/1494 1492/1492
f 681/681 682/682 678/678
f 682/682 687/687 678/678
f 682/682 715/715 687/687
f 687/687 716/716 685/685
f 687/687 685/685 678/678
f 678/678 685/685 677/677
f 677/677 685/685 686/686
f 677/677 686/686 613/613
f 685/685 716/716 686/686
f 686/686 716/716 717/717
f 1500/1500 1487/1487 1539/1539
f 475/475 516/516 473/473
f 516/516 521/521 473/473
f 1487/1487 1500/1500 1485/1485
f 700/700 686/686 717/717
f 1500/1500 1499/1499 1485/1485
f 473/473 474/474 336/336
f 336/336 474/474 337/337
f 521/521 520/520 473/473
f 700/700 717/717 730/730
f 1487/1487 1485/1485 1486/1486
f 473/473 520/520 474/474
f 1499/1499 1492/1492 1485/1485
f 1485/1485 1492/1492 1491/1491
f 336/336 337/337 240/240
f 700/700 730/730 731/731
f 520/520 512/512 474/474
f 1481/1481 1486/1486 1485/1485
f 1896/1896 1895/1895 1845/1845
f 1845/1845 1843/1843 1502/1502
f 263/263 248/248 250/250
f 250/250 248/248 235/235
f 1843/1843 1845/1845 1844/1844
f 1502/1502 1843/1843 1494/1494
f 248/248 236/236 235/235
f 236/236 233/233 235/235
f 236/236 240/240 233/233
f 1895/1895 1844/1844 1845/1845
f 1895/1895 1899/1899 1844/1844
f 1844/1844 1865/1865 1839/1839
f 1844/1844 1839/1839 1843/1843
f 250/250 235/235 234/234
f 233/233 234/234 235/235
f 1843/1843 1839/1839 1842/1842
f 268/268 240/240 236/236
f 1502/1502 1494/1494 1501/1501
f 240/240 232/232 233/233
f 1494/1494 1843/1843 1842/1842
f 1494/1494 1842/1842 1490/1490
f 1494/1494 1491/1491 1492/1492
f 1494/1494 1490/1490 1491/1491
f 234/234 233/233 231/231
f 233/233 232/232 231/231
f 1842/1842 1498/1498 1490/1490
f 231/231 232/232 230/230
f 232/232 238/238 230/230
f 250/250 234/234 287/287
f 287/287 234/234 243/243
f 234/234 237/237 243/243
f 1839/1839 1865/1865 1840/1840
f 1865/1865 1866/1866 1840/1840
f 287/287 243/243 315/315
f 231/231 237/237 234/234
f 231/231 228/228 237/237
f 237/237 227/227 243/243
f 1839/1839 1837/1837 1842/1842
f 1839/1839 1834/1834 1837/1837
f 1842/1842 1837/1837 1498/1498
f 230/230 228/228 231/231
f 1839/1839 1840/1840 1834/1834
f 228/228 227/227 237/237
f 1840/1840 1836/1836 1834/1834
f 228/228 229/229 227/227
f 240/240 262/262 232/232
f 337/337 262/262 240/240
f 1491/1491 1490/1490 1482/1482
f 1491/1491 1482/1482 1485/1485
f 337/337 448/448 262/262
f 337/337 474/474 448/448
f 232/232 262/262 238/238
f 1490/1490 1484/1484 1482/1482
f 262/262 330/330 238/238
f 262/262 448/448 330/330
f 448/448 512/512 493/493
f 700/700 731/731 703/703
f 731/731 732/732 703/703
f 1485/1485 1482/1482 1481/1481
f 474/474 512/512 448/448
f 1482/1482 1480/1480 1481/1481
f 1481/1481 1480/1480 1479/1479
f 512/512 522/522 493/493
f 1482/1482 1484/1484 1480/1480
f 448/448 493/493 330/330
f 1490/1490 1493/1493 1484/1484
f 1490/1490 1498/1498 1493/1493
f 330/330 493/493 424/424
f 1837/1837 1493/1493 1498/1498
f 230/230 229/229 228/228
f 230/230 238/238 229/229
f 238/238 239/239 229/229
f 238/238 330/330 239/239
f 1837/1837 1834/1834 1835/1835
f 1837/1837 1835/1835 1493/1493
f 229/229 225/225 227/227
f 1834/1834 1833/1833 1835/1835
f 239/239 330/330 282/282
f 229/229 239/239 223/223
f 1493/1493 1835/1835 1495/1495
f 1835/1835 1833/1833 1495/1495
f 1480/1480 1484/1484 1483/1483
f 1480/1480 1483/1483 1478/1478
f 1484/1484 1493/1493 1488/1488
f 1484/1484 1488/1488 1483/1483
f 239/239 282/282 223/223
f 1493/1493 1495/1495 1488/1488
f 1833/1833 1678/1678 1495/1495
f 282/282 284/284 223/223
f 1495/1495 1496/1496 1488/1488
f 1495/1495 1678/1678 1496/1496
f 330/330 424/424 282/282
f 282/282 424/424 284/284
f 600/600 703/703 614/614
f 732/732 672/672 703/703
f 600/600 614/614 602/602
f 614/614 703/703 672/672
f 493/493 522/522 510/510
f 493/493 510/510 424/424
f 1480/1480 1478/1478 1479/1479
f 510/510 513/513 424/424
f 602/602 614/614 605/605
f 614/614 672/672 605/605
f 605/605 607/607 606/606
f 605/605 672/672 607/607
f 1479/1479 1478/1478 1477/1477
f 1478/1478 1473/1473 1477/1477
f 607/607 672/672 704/704
f 672/672 724/724 704/704
f 1477/1477 1473/1473 1472/1472
f 1472/1472 1473/1473 1474/1474
f 513/513 515/515 450/450
f 1483/1483 1473/1473 1478/1478
f 1496/1496 1489/1489 1488/1488
f 1483/1483 1488/1488 1473/1473
f 424/424 513/513 450/450
f 424/424 450/450 284/284
f 1488/1488 1489/1489 1473/1473
f 284/284 450/450 329/329
f 1402/1402 1394/1394 1405/1405
f 450/450 451/451 329/329
f 1473/1473 1489/1489 1476/1476
f 1473/1473 1476/1476 1474/1474
f 607/607 704/704 705/705
f 1372/1372 1369/1369 1371/1371
f 705/705 704/704 706/706
f 704/704 724/724 706/706
f 1472/1472 1474/1474 1475/1475
f 724/724 733/733 706/706
f 1213/1213 1212/1212 1215/1215
f 1213/1213 1211/1211 1212/1212
f 1918/1918 1916/1916 1912/1912
f 1912/1912 1916/1916 1867/1867
f 1916/1916 1908/1908 1867/1867
f 1867/1867 1894/1894 1893/1893
f 1908/1908 1907/1907 1884/1884
f 1908/1908 1884/1884 1894/1894
f 344/344 316/316 323/323
f 344/344 323/323 375/375
f 1908/1908 1894/1894 1867/1867
f 415/415 316/316 344/344
f 1894/1894 1884/1884 1873/1873
f 1873/1873 1872/1872 1894/1894
f 1873/1873 1871/1871 1872/1872
f 1907/1907 1891/1891 1884/1884
f 375/375 323/323 326/326
f 323/323 321/321 326/326
f 1891/1891 1880/1880 1884/1884
f 1880/1880 1875/1875 1884/1884
f 323/323 316/316 318/318
f 323/323 318/318 321/321
f 1884/1884 1875/1875 1873/1873
f 1875/1875 1874/1874 1873/1873
f 321/321 318/318 320/320
f 318/318 319/319 320/320
f 320/320 319/319 327/327
f 1913/1913 1912/1912 1866/1866
f 1866/1866 1912/1912 1867/1867
f 315/315 243/243 242/242
f 315/315 242/242 334/334
f 1840/1840 1866/1866 1867/1867
f 334/334 242/242 271/271
f 334/334 271/271 415/415
f 1867/1867 1893/1893 1863/1863
f 1867/1867 1863/1863 1840/1840
f 1840/1840 1863/1863 1836/1836
f 1893/1893 1894/1894 1872/1872
f 1893/1893 1872/1872 1860/1860
f 1863/1863 1893/1893 1860/1860
f 1860/1860 1872/1872 1868/1868
f 243/243 227/227 242/242
f 227/227 241/241 242/242
f 242/242 241/241 271/271
f 1863/1863 1860/1860 1836/1836
f 1834/1834 1832/1832 1833/1833
f 227/227 226/226 241/241
f 1834/1834 1836/1836 1832/1832
f 1836/1836 1838/1838 1832/1832
f 271/271 241/241 270/270
f 1860/1860 1838/1838 1836/1836
f 1860/1860 1868/1868 1838/1838
f 1838/1838 1868/1868 1852/1852
f 270/270 244/244 309/309
f 241/241 226/226 244/244
f 241/241 244/244 270/270
f 1838/1838 1852/1852 1830/1830
f 415/415 271/271 316/316
f 271/271 270/270 316/316
f 316/316 270/270 317/317
f 1872/1872 1871/1871 1868/1868
f 316/316 317/317 318/318
f 1868/1868 1871/1871 1852/1852
f 270/270 309/309 317/317
f 317/317 322/322 319/319
f 317/317 309/309 322/322
f 318/318 317/317 319/319
f 1873/1873 1874/1874 1871/1871
f 322/322 340/340 319/319
f 322/322 343/343 340/340
f 1871/1871 1874/1874 1879/1879
f 319/319 340/340 327/327
f 309/309 245/245 343/343
f 1852/1852 1871/1871 1886/1886
f 322/322 309/309 343/343
f 1886/1886 1829/1829 1852/1852
f 340/340 343/343 280/280
f 1871/1871 1879/1879 1886/1886
f 1879/1879 1887/1887 1886/1886
f 1886/1886 1887/1887 1829/1829
f 229/229 223/223 225/225
f 227/227 225/225 226/226
f 225/225 223/223 221/221
f 225/225 221/221 226/226
f 1838/1838 1830/1830 1832/1832
f 1832/1832 1830/1830 1831/1831
f 1833/1833 1832/1832 1678/1678
f 223/223 220/220 221/221
f 1678/1678 1638/1638 1496/1496
f 1832/1832 1831/1831 1678/1678
f 221/221 220/220 219/219
f 220/220 217/217 219/219
f 1678/1678 1831/1831 1677/1677
f 1831/1831 1841/1841 1677/1677
f 1678/1678 1677/1677 1638/1638
f 1841/1841 1652/1652 1677/1677
f 219/219 217/217 215/215
f 244/244 245/245 309/309
f 244/244 226/226 245/245
f 226/226 222/222 245/245
f 226/226 221/221 222/222
f 221/221 219/219 222/222
f 1852/1852 1829/1829 1830/1830
f 1830/1830 1825/1825 1831/1831
f 343/343 245/245 280/280
f 245/245 273/273 280/280
f 222/222 273/273 245/245
f 1829/1829 1817/1817 1825/1825
f 1887/1887 1817/1817 1829/1829
f 1829/1829 1825/1825 1830/1830
f 1825/1825 1817/1817 1824/1824
f 219/219 224/224 222/222
f 224/224 274/274 222/222
f 1831/1831 1825/1825 1841/1841
f 1841/1841 1825/1825 1826/1826
f 219/219 215/215 224/224
f 1841/1841 1826/1826 1850/1850
f 1826/1826 1861/1861 1850/1850
f 222/222 274/274 273/273
f 273/273 274/274 331/331
f 302/302 273/273 331/331
f 331/331 274/274 279/279
f 331/331 279/279 368/368
f 1825/1825 1824/1824 1826/1826
f 1824/1824 1864/1864 1861/1861
f 1826/1826 1824/1824 1861/1861
f 224/224 279/279 274/274
f 1861/1861 1864/1864 1904/1904
f 223/223 284/284 266/266
f 1496/1496 1638/1638 1497/1497
f 1496/1496 1497/1497 1489/1489
f 284/284 329/329 266/266
f 223/223 266/266 220/220
f 266/266 267/267 220/220
f 1638/1638 1594/1594 1497/1497
f 266/266 329/329 267/267
f 1489/1489 1497/1497 1565/1565
f 1638/1638 1677/1677 1594/1594
f 1497/1497 1594/1594 1565/1565
f 217/217 220/220 267/267
f 1677/1677 1652/1652 1594/1594
f 1594/1594 1652/1652 1627/1627
f 1652/1652 1680/1680 1627/1627
f 1594/1594 1576/1576 1565/1565
f 217/217 214/214 215/215
f 1627/1627 1576/1576 1594/1594
f 217/217 218/218 214/214
f 1489/1489 1565/1565 1476/1476
f 267/267 329/329 384/384
f 329/329 451/451 414/414
f 329/329 414/414 384/384
f 1476/1476 1565/1565 1564/1564
f 1476/1476 1564/1564 1557/1557
f 267/267 384/384 345/345
f 1565/1565 1576/1576 1564/1564
f 267/267 218/218 217/217
f 267/267 345/345 218/218
f 1576/1576 1587/1587 1564/1564
f 218/218 211/211 214/214
f 218/218 345/345 211/211
f 384/384 414/414 345/345
f 1652/1652 1841/1841 1680/1680
f 1841/1841 1850/1850 1680/1680
f 215/215 216/216 224/224
f 215/215 214/214 213/213
f 215/215 213/213 216/216
f 216/216 272/272 292/292
f 216/216 213/213 272/272
f 224/224 216/216 279/279
f 1861/1861 1851/1851 1850/1850
f 1861/1861 1904/1904 1851/1851
f 279/279 292/292 486/486
f 279/279 216/216 292/292
f 1904/1904 1870/1870 1851/1851
f 279/279 486/486 368/368
f 1904/1904 1821/1821 1870/1870
f 292/292 485/485 486/486
f 368/368 486/486 485/485
f 214/214 211/211 213/213
f 213/213 212/212 272/272
f 213/213 211/211 212/212
f 272/272 212/212 289/289
f 292/292 335/335 485/485
f 335/335 292/292 272/272
f 335/335 272/272 289/289
f 314/314 485/485 335/335
f 1821/1821 1820/1820 1870/1870
f 1820/1820 1821/1821 1818/1818
f 1372/1372 1365/1365 1369/1369
f 705/705 706/706 709/709
f 1365/1365 1364/1364 1369/1369
f 1394/1394 1402/1402 1367/1367
f 1371/1371 1369/1369 1361/1361
f 1371/1371 1361/1361 1367/1367
f 806/806 805/805 800/800
f 1369/1369 1360/1360 1361/1361
f 1365/1365 1359/1359 1364/1364
f 706/706 710/710 709/709
f 1364/1364 1360/1360 1369/1369
f 1364/1364 1359/1359 1360/1360
f 800/800 801/801 798/798
f 2443/2443 2313/2313 2370/2370
f 1394/1394 1367/1367 1385/1385
f 1474/1474 1554/1554 1475/1475
f 1474/1474 1476/1476 1554/1554
f 1367/1367 1362/1362 1385/1385
f 1475/1475 1554/1554 1551/1551
f 1554/1554 1557/1557 1552/1552
f 1367/1367 1361/1361 1362/1362
f 1476/1476 1557/1557 1554/1554
f 414/414 385/385 345/345
f 1557/1557 1564/1564 1567/1567
f 1564/1564 1587/1587 1567/1567
f 1587/1587 1586/1586 1567/1567
f 345/345 385/385 185/185
f 345/345 185/185 211/211
f 185/185 200/200 211/211
f 1551/1551 1554/1554 1552/1552
f 805/805 801/801 800/800
f 1360/1360 1356/1356 1361/1361
f 1360/1360 1357/1357 1356/1356
f 1361/1361 1356/1356 1362/1362
f 414/414 502/502 385/385
f 1557/1557 1555/1555 1552/1552
f 502/502 381/381 385/385
f 1557/1557 1567/1567 1555/1555
f 1567/1567 1584/1584 1566/1566
f 2313/2313 2300/2300 2285/2285
f 2300/2300 2284/2284 2285/2285
f 2285/2285 2284/2284 2283/2283
f 211/211 200/200 212/212
f 212/212 253/253 289/289
f 314/314 335/335 289/289
f 212/212 200/200 253/253
f 200/200 185/185 186/186
f 200/200 186/186 253/253
f 253/253 313/313 289/289
f 1818/1818 1797/1797 1820/1820
f 314/314 289/289 313/313
f 253/253 186/186 246/246
f 253/253 246/246 313/313
f 800/800 798/798 797/797
f 802/802 800/800 797/797
f 798/798 795/795 797/797
f 2443/2443 2440/2440 2313/2313
f 2440/2440 2300/2300 2313/2313
f 2440/2440 2441/2441 2300/2300
f 1359/1359 1357/1357 1360/1360
f 1359/1359 1358/1358 1357/1357
f 797/797 795/795 796/796
f 798/798 801/801 799/799
f 1551/1551 1552/1552 1553/1553
f 798/798 799/799 795/795
f 1552/1552 1555/1555 1553/1553
f 1362/1362 1356/1356 1355/1355
f 1356/1356 1275/1275 1355/1355
f 1356/1356 1357/1357 1275/1275
f 1275/1275 1354/1354 1355/1355
f 502/502 509/509 381/381
f 381/381 185/185 385/385
f 1567/1567 1566/1566 1555/1555
f 185/185 381/381 160/160
f 1566/1566 1584/1584 1585/1585
f 1358/1358 1248/1248 1357/1357
f 1357/1357 1248/1248 1275/1275
f 795/795 799/799 793/793
f 793/793 799/799 804/804
f 1553/1553 1555/1555 1556/1556
f 509/509 508/508 381/381
f 381/381 508/508 380/380
f 381/381 380/380 160/160
f 1553/1553 1556/1556 1558/1558
f 1555/1555 1566/1566 1556/1556
f 2300/2300 2299/2299 2284/2284
f 2284/2284 2274/2274 2283/2283
f 2441/2441 2321/2321 2300/2300
f 2300/2300 2321/2321 2299/2299
f 2274/2274 2284/2284 2299/2299
f 2299/2299 2273/2273 2274/2274
f 160/160 172/172 185/185
f 185/185 172/172 186/186
f 313/313 246/246 247/247
f 246/246 210/210 247/247
f 247/247 210/210 158/158
f 172/172 173/173 186/186
f 186/186 173/173 246/246
f 246/246 173/173 210/210
f 173/173 158/158 210/210
f 173/173 151/151 158/158
f 2441/2441 2442/2442 2321/2321
f 1248/1248 1247/1247 1242/1242
f 1247/1247 1245/1245 1242/1242
f 796/796 795/795 794/794
f 795/795 793/793 794/794
f 1248/1248 1274/1274 1275/1275
f 1275/1275 1274/1274 1354/1354
f 1248/1248 1242/1242 1274/1274
f 794/794 793/793 792/792
f 1274/1274 1353/1353 1354/1354
f 793/793 804/804 803/803
f 1274/1274 1242/1242 1273/1273
f 1274/1274 1273/1273 1353/1353
f 508/508 388/388 380/380
f 1556/1556 1566/1566 1585/1585
f 1558/1558 1556/1556 1559/1559
f 1354/1354 1353/1353 1389/1389
f 1585/1585 1588/1588 1556/1556
f 792/792 793/793 791/791
f 793/793 803/803 791/791
f 1242/1242 1238/1238 1273/1273
f 791/791 803/803 788/788
f 1353/1353 1350/1350 1389/1389
f 1559/1559 1556/1556 1560/1560
f 1556/1556 1588/1588 1560/1560
f 388/388 494/494 209/209
f 1563/1563 1559/1559 1561/1561
f 1559/1559 1560/1560 1561/1561
f 1588/1588 1589/1589 1560/1560
f 2321/2321 2316/2316 2299/2299
f 2321/2321 2322/2322 2316/2316
f 2321/2321 2442/2442 2322/2322
f 2299/2299 2316/2316 2273/2273
f 2316/2316 2272/2272 2273/2273
f 2273/2273 2272/2272 2259/2259
f 2272/2272 2256/2256 2259/2259
f 2316/2316 2322/2322 2272/2272
f 380/380 388/388 147/147
f 380/380 147/147 160/160
f 388/388 209/209 147/147
f 792/792 791/791 786/786
f 1273/1273 1238/1238 1272/1272
f 786/786 791/791 788/788
f 1245/1245 1231/1231 1242/1242
f 1242/1242 1231/1231 1238/1238
f 1273/1273 1350/1350 1353/1353
f 1273/1273 1272/1272 1350/1350
f 494/494 454/454 209/209
f 1560/1560 1589/1589 1562/1562
f 1561/1561 1568/1568 1563/1563
f 1561/1561 1560/1560 1562/1562
f 1561/1561 1562/1562 1568/1568
f 1272/1272 1349/1349 1350/1350
f 494/494 481/481 454/454
f 786/786 788/788 782/782
f 1238/1238 1230/1230 1272/1272
f 786/786 782/782 783/783
f 1231/1231 1230/1230 1238/1238
f 783/783 782/782 781/781
f 1231/1231 1229/1229 1230/1230
f 1563/1563 1568/1568 1577/1577
f 1562/1562 1569/1569 1568/1568
f 2322/2322 2361/2361 2277/2277
f 2322/2322 2277/2277 2272/2272
f 2272/2272 2277/2277 2256/2256
f 2277/2277 2361/2361 2320/2320
f 2277/2277 2255/2255 2256/2256
f 1229/1229 1227/1227 1230/1230
f 1272/1272 1347/1347 1349/1349
f 1230/1230 1271/1271 1272/1272
f 1272/1272 1271/1271 1347/1347
f 481/481 497/497 478/478
f 481/481 478/478 178/178
f 1568/1568 1571/1571 1577/1577
f 1577/1577 1571/1571 1578/1578
f 780/780 774/774 779/779
f 1229/1229 1223/1223 1227/1227
f 781/781 782/782 780/780
f 1227/1227 1271/1271 1230/1230
f 781/781 780/780 779/779
f 1227/1227 1268/1268 1271/1271
f 1271/1271 1346/1346 1347/1347
f 1268/1268 1346/1346 1271/1271
f 1347/1347 1346/1346 1384/1384
f 2320/2320 2255/2255 2277/2277
f 2361/2361 2415/2415 2320/2320
f 2320/2320 2280/2280 2255/2255
f 2320/2320 2415/2415 2365/2365
f 2320/2320 2365/2365 2280/2280
f 2280/2280 2252/2252 2255/2255
f 2280/2280 2263/2263 2252/2252
f 779/779 774/774 778/778
f 1579/1579 1574/1574 1575/1575
f 1223/1223 1226/1226 1227/1227
f 1227/1227 1226/1226 1268/1268
f 1578/1578 1574/1574 1579/1579
f 778/778 774/774 773/773
f 1222/1222 1263/1263 1226/1226
f 774/774 770/770 773/773
f 1223/1223 1221/1221 1222/1222
f 1223/1223 1222/1222 1226/1226
f 1226/1226 1263/1263 1268/1268
f 1268/1268 1263/1263 1346/1346
f 1346/1346 1263/1263 1345/1345
f 2365/2365 2315/2315 2280/2280
f 2280/2280 2315/2315 2263/2263
f 2365/2365 2438/2438 2315/2315
f 2263/2263 2249/2249 2252/2252
f 2315/2315 2265/2265 2263/2263
f 2265/2265 2262/2262 2263/2263
f 2263/2263 2262/2262 2249/2249
f 773/773 770/770 765/765
f 1221/1221 1220/1220 1222/1222
f 1222/1222 1264/1264 1263/1263
f 1263/1263 1264/1264 1343/1343
f 1222/1222 1224/1224 1264/1264
f 1222/1222 1220/1220 1224/1224
f 1220/1220 1221/1221 1219/1219
f 2315/2315 2438/2438 2362/2362
f 2315/2315 2362/2362 2265/2265
f 2265/2265 2266/2266 2262/2262
f 2266/2266 2267/2267 2262/2262
f 2362/2362 2266/2266 2265/2265
f 2362/2362 2309/2309 2266/2266
f 2262/2262 2267/2267 2264/2264
f 765/765 761/761 764/764
f 1220/1220 1219/1219 1218/1218
f 1220/1220 1218/1218 1224/1224
f 764/764 761/761 759/759
f 1224/1224 1265/1265 1264/1264
f 2362/2362 2398/2398 2309/2309
f 1224/1224 1235/1235 1265/1265
f 1224/1224 1218/1218 1235/1235
f 1218/1218 1219/1219 1217/1217
f 1218/1218 1217/1217 1215/1215
f 2309/2309 2302/2302 2268/2268
f 2371/2371 2309/2309 2398/2398
f 2309/2309 2268/2268 2266/2266
f 2266/2266 2268/2268 2267/2267
f 2267/2267 2268/2268 2269/2269
f 2268/2268 2302/2302 2242/2242
f 2268/2268 2241/2241 2269/2269
f 1218/1218 1215/1215 1235/1235
f 1215/1215 1217/1217 1216/1216
f 2309/2309 2371/2371 2302/2302
f 2371/2371 2363/2363 2302/2302
f 2439/2439 2363/2363 2371/2371
f 2302/2302 2363/2363 2301/2301
f 1215/1215 1216/1216 1213/1213
f 2439/2439 2364/2364 2363/2363
f 2363/2363 2364/2364 2301/2301
f 2302/2302 2301/2301 2242/2242
f 2268/2268 2242/2242 2241/2241
f 2301/2301 2223/2223 2242/2242
f 2242/2242 2223/2223 2222/2222
f 2241/2241 2222/2222 2230/2230
f 2242/2242 2222/2222 2241/2241
f 2444/2444 2364/2364 2439/2439
f 2444/2444 2413/2413 2364/2364
f 2301/2301 2351/2351 2281/2281
f 2364/2364 2351/2351 2301/2301
f 2351/2351 2413/2413 2384/2384
f 2364/2364 2413/2413 2351/2351
f 2384/2384 2323/2323 2351/2351
f 2351/2351 2323/2323 2281/2281
f 2301/2301 2221/2221 2223/2223
f 2301/2301 2281/2281 2221/2221
f 2223/2223 2221/2221 2222/2222
f 2221/2221 2209/2209 2222/2222
f 2221/2221 2211/2211 2209/2209
f 2384/2384 2348/2348 2323/2323
f 2323/2323 2236/2236 2281/2281
f 2348/2348 2317/2317 2323/2323
f 2348/2348 2385/2385 2317/2317
f 2323/2323 2317/2317 2240/2240
f 2281/2281 2236/2236 2221/2221
f 2236/2236 2211/2211 2221/2221
f 2236/2236 2240/2240 2212/2212
f 2236/2236 2212/2212 2211/2211
f 2212/2212 2210/2210 2211/2211
f 2236/2236 2323/2323 2240/2240
f 2213/2213 2216/2216 2210/2210
f 2212/2212 2213/2213 2210/2210
f 2385/2385 2334/2334 2317/2317
f 2334/2334 2279/2279 2243/2243
f 2334/2334 2243/2243 2317/2317
f 2240/2240 2317/2317 2243/2243
f 2240/2240 2243/2243 2212/2212
f 2212/2212 2243/2243 2214/2214
f 2212/2212 2214/2214 2213/2213
f 2213/2213 2219/2219 2216/2216
f 2214/2214 2215/2215 2213/2213
f 2213/2213 2215/2215 2219/2219
f 2334/2334 2353/2353 2279/2279
f 2279/2279 2353/2353 2306/2306
f 2279/2279 2214/2214 2243/2243
f 2279/2279 2233/2233 2214/2214
f 2279/2279 2306/2306 2233/2233
f 2219/2219 2215/2215 2220/2220
f 2214/2214 2206/2206 2215/2215
f 2215/2215 2206/2206 2220/2220
f 2214/2214 2233/2233 2206/2206
f 1891/1891 1892/1892 1881/1881
f 1915/1915 1897/1897 1892/1892
f 1892/1892 1897/1897 1881/1881
f 1915/1915 1914/1914 1897/1897
f 1914/1914 1900/1900 1897/1897
f 1891/1891 1881/1881 1880/1880
f 326/326 324/324 374/374
f 326/326 321/321 324/324
f 374/374 395/395 495/495
f 374/374 324/324 395/395
f 395/395 324/324 325/325
f 1897/1897 1900/1900 1881/1881
f 1900/1900 1877/1877 1881/1881
f 1880/1880 1881/1881 1877/1877
f 321/321 320/320 324/324
f 1880/1880 1877/1877 1875/1875
f 1875/1875 1877/1877 1876/1876
f 1875/1875 1876/1876 1874/1874
f 324/324 320/320 325/325
f 320/320 328/328 325/325
f 495/495 395/395 514/514
f 1134/1134 1133/1133 1132/1132
f 1133/1133 1118/1118 1132/1132
f 325/325 370/370 395/395
f 325/325 328/328 370/370
f 514/514 395/395 471/471
f 395/395 370/370 471/471
f 1900/1900 1885/1885 1877/1877
f 1132/1132 1118/1118 1125/1125
f 1125/1125 1120/1120 1128/1128
f 471/471 370/370 506/506
f 1877/1877 1883/1883 1876/1876
f 1885/1885 1883/1883 1877/1877
f 1116/1116 1115/1115 1112/1112
f 1116/1116 1112/1112 1118/1118
f 1118/1118 1112/1112 1120/1120
f 1118/1118 1120/1120 1125/1125
f 320/320 327/327 328/328
f 1874/1874 1876/1876 1878/1878
f 1879/1879 1878/1878 1887/1887
f 1874/1874 1878/1878 1879/1879
f 327/327 340/340 397/397
f 1878/1878 1898/1898 1887/1887
f 328/328 369/369 370/370
f 370/370 369/369 506/506
f 369/369 397/397 366/366
f 369/369 366/366 507/507
f 1876/1876 1883/1883 1882/1882
f 328/328 327/327 369/369
f 327/327 397/397 369/369
f 1876/1876 1882/1882 1878/1878
f 1878/1878 1882/1882 1898/1898
f 1128/1128 1124/1124 1130/1130
f 1130/1130 1124/1124 1131/1131
f 340/340 280/280 397/397
f 397/397 280/280 365/365
f 1887/1887 1898/1898 1888/1888
f 1131/1131 1124/1124 1123/1123
f 397/397 365/365 366/366
f 1898/1898 1889/1889 1888/1888
f 1115/1115 1108/1108 1112/1112
f 1117/1117 1108/1108 1115/1115
f 1108/1108 1104/1104 1106/1106
f 1104/1104 1105/1105 1106/1106
f 1120/1120 1124/1124 1128/1128
f 511/511 506/506 507/507
f 511/511 507/507 517/517
f 506/506 369/369 507/507
f 1124/1124 1120/1120 1109/1109
f 1106/1106 1124/1124 1109/1109
f 1112/1112 1108/1108 1109/1109
f 1112/1112 1109/1109 1120/1120
f 1108/1108 1106/1106 1109/1109
f 517/517 507/507 366/366
f 1106/1106 1123/1123 1124/1124
f 280/280 304/304 365/365
f 1887/1887 1813/1813 1817/1817
f 1887/1887 1888/1888 1813/1813
f 273/273 304/304 280/280
f 304/304 273/273 302/302
f 1817/1817 1811/1811 1824/1824
f 1817/1817 1813/1813 1811/1811
f 365/365 306/306 366/366
f 1888/1888 1889/1889 1816/1816
f 365/365 304/304 306/306
f 366/366 306/306 402/402
f 1888/1888 1816/1816 1813/1813
f 1824/1824 1811/1811 1864/1864
f 331/331 368/368 302/302
f 1864/1864 1811/1811 1822/1822
f 1811/1811 1813/1813 1812/1812
f 304/304 302/302 303/303
f 303/303 302/302 300/300
f 1812/1812 1809/1809 1811/1811
f 1864/1864 1822/1822 1904/1904
f 304/304 303/303 306/306
f 1813/1813 1815/1815 1812/1812
f 306/306 303/303 402/402
f 1127/1127 1107/1107 1111/1111
f 1127/1127 1111/1111 1129/1129
f 1813/1813 1816/1816 1815/1815
f 303/303 403/403 402/402
f 1105/1105 1110/1110 1107/1107
f 1106/1106 1107/1107 1123/1123
f 1107/1107 1106/1106 1105/1105
f 517/517 366/366 402/402
f 1123/1123 1107/1107 1127/1127
f 1107/1107 1110/1110 1111/1111
f 1110/1110 1113/1113 1111/1111
f 302/302 301/301 300/300
f 1811/1811 1808/1808 1822/1822
f 1904/1904 1822/1822 1821/1821
f 1812/1812 1815/1815 1809/1809
f 303/303 305/305 403/403
f 300/300 305/305 303/303
f 1811/1811 1809/1809 1808/1808
f 1809/1809 1823/1823 1807/1807
f 1809/1809 1815/1815 1823/1823
f 368/368 301/301 302/302
f 368/368 342/342 301/301
f 1821/1821 1822/1822 1808/1808
f 1808/1808 1809/1809 1807/1807
f 300/300 301/301 298/298
f 298/298 299/299 300/300
f 300/300 299/299 305/305
f 305/305 299/299 449/449
f 1808/1808 1807/1807 1805/1805
f 1129/1129 1111/1111 1114/1114
f 1113/1113 1114/1114 1111/1111
f 1113/1113 1119/1119 1114/1114
f 1823/1823 1810/1810 1807/1807
f 1114/1114 1119/1119 1121/1121
f 1119/1119 1122/1122 1121/1121
f 2382/2382 2410/2410 2411/2411
f 2410/2410 2382/2382 2386/2386
f 2283/2283 2386/2386 2382/2382
f 301/301 297/297 298/298
f 485/485 314/314 342/342
f 485/485 342/342 368/368
f 1808/1808 1818/1818 1821/1821
f 1808/1808 1805/1805 1818/1818
f 342/342 314/314 297/297
f 342/342 297/297 301/301
f 298/298 296/296 299/299
f 1805/1805 1807/1807 1806/1806
f 1807/1807 1810/1810 1806/1806
f 314/314 247/247 297/297
f 1818/1818 1794/1794 1797/1797
f 1805/1805 1794/1794 1818/1818
f 314/314 313/313 247/247
f 296/296 341/341 299/299
f 298/298 297/297 296/296
f 1805/1805 1806/1806 1804/1804
f 1805/1805 1804/1804 1794/1794
f 247/247 296/296 297/297
f 299/299 341/341 449/449
f 1122/1122 1126/1126 1121/1121
f 887/887 886/886 885/885
f 1810/1810 1814/1814 1806/1806
f 885/885 881/881 884/884
f 885/885 886/886 881/881
f 1806/1806 1814/1814 1804/1804
f 2386/2386 2283/2283 2282/2282
f 2274/2274 2282/2282 2283/2283
f 1797/1797 1794/1794 1791/1791
f 1791/1791 1794/1794 1789/1789
f 1804/1804 1801/1801 1794/1794
f 1794/1794 1801/1801 1789/1789
f 247/247 158/158 283/283
f 1789/1789 1801/1801 1803/1803
f 247/247 283/283 296/296
f 1801/1801 1804/1804 1803/1803
f 296/296 283/283 341/341
f 283/283 382/382 341/341
f 1803/1803 1804/1804 1828/1828
f 158/158 252/252 283/283
f 252/252 332/332 283/283
f 283/283 332/332 382/382
f 382/382 332/332 470/470
f 881/881 882/882 884/884
f 1814/1814 1827/1827 1804/1804
f 881/881 879/879 882/882
f 1804/1804 1827/1827 1828/1828
f 881/881 880/880 879/879
f 880/880 878/878 879/879
f 879/879 898/898 882/882
f 2274/2274 2259/2259 2282/2282
f 2282/2282 2259/2259 2379/2379
f 2273/2273 2259/2259 2274/2274
f 470/470 332/332 391/391
f 898/898 879/879 877/877
f 903/903 898/898 877/877
f 879/879 878/878 877/877
f 903/903 877/877 899/899
f 878/878 876/876 877/877
f 899/899 877/877 870/870
f 876/876 870/870 877/877
f 876/876 860/860 870/870
f 2256/2256 2258/2258 2259/2259
f 2259/2259 2258/2258 2379/2379
f 2258/2258 2380/2380 2379/2379
f 2256/2256 2257/2257 2258/2258
f 2258/2258 2257/2257 2380/2380
f 2256/2256 2253/2253 2257/2257
f 2255/2255 2253/2253 2256/2256
f 2257/2257 2358/2358 2380/2380
f 860/860 858/858 870/870
f 860/860 859/859 858/858
f 859/859 855/855 858/858
f 855/855 857/857 858/858
f 2253/2253 2358/2358 2257/2257
f 2358/2358 2405/2405 2406/2406
f 2255/2255 2252/2252 2253/2253
f 2252/2252 2250/2250 2253/2253
f 2253/2253 2254/2254 2358/2358
f 2253/2253 2250/2250 2254/2254
f 2358/2358 2254/2254 2405/2405
f 855/855 861/861 856/856
f 861/861 862/862 856/856
f 2252/2252 2249/2249 2250/2250
f 2250/2250 2249/2249 2248/2248
f 2254/2254 2404/2404 2405/2405
f 2250/2250 2251/2251 2254/2254
f 2254/2254 2251/2251 2404/2404
f 2262/2262 2246/2246 2249/2249
f 2249/2249 2246/2246 2248/2248
f 2250/2250 2248/2248 2251/2251
f 2251/2251 2248/2248 2247/2247
f 2251/2251 2247/2247 2404/2404
f 2262/2262 2264/2264 2246/2246
f 2248/2248 2246/2246 2247/2247
f 2247/2247 2387/2387 2404/2404
f 2264/2264 2269/2269 2235/2235
f 2246/2246 2245/2245 2247/2247
f 2247/2247 2245/2245 2387/2387
f 2264/2264 2235/2235 2246/2246
f 2246/2246 2235/2235 2245/2245
f 2404/2404 2387/2387 2397/2397
f 2387/2387 2245/2245 2397/2397
f 2397/2397 2245/2245 2396/2396
f 2264/2264 2267/2267 2269/2269
f 2235/2235 2244/2244 2245/2245
f 2269/2269 2241/2241 2230/2230
f 2269/2269 2230/2230 2235/2235
f 2235/2235 2230/2230 2226/2226
f 2235/2235 2226/2226 2244/2244
f 2396/2396 2245/2245 2394/2394
f 2245/2245 2244/2244 2394/2394
f 2230/2230 2222/2222 2224/2224
f 2226/2226 2230/2230 2224/2224
f 2224/2224 2225/2225 2226/2226
f 2244/2244 2226/2226 2237/2237
f 2244/2244 2237/2237 2394/2394
f 2226/2226 2225/2225 2237/2237
f 2225/2225 2374/2374 2237/2237
f 2222/2222 2208/2208 2224/2224
f 2222/2222 2209/2209 2208/2208
f 2224/2224 2208/2208 2225/2225
f 2209/2209 2207/2207 2208/2208
f 2208/2208 2231/2231 2225/2225
f 2225/2225 2231/2231 2374/2374
f 2209/2209 2211/2211 2210/2210
f 2209/2209 2210/2210 2207/2207
f 2207/2207 2205/2205 2208/2208
f 2204/2204 2205/2205 2207/2207
f 2210/2210 2204/2204 2207/2207
f 2216/2216 2204/2204 2210/2210
f 2216/2216 2203/2203 2204/2204
f 2204/2204 2203/2203 2202/2202
f 2204/2204 2202/2202 2205/2205
f 2208/2208 2205/2205 2231/2231
f 2231/2231 2205/2205 2227/2227
f 2216/2216 2219/2219 2203/2203
f 2205/2205 2202/2202 2227/2227
f 2219/2219 2200/2200 2203/2203
f 2203/2203 2200/2200 2202/2202
f 2219/2219 2220/2220 2200/2200
f 2202/2202 2200/2200 2201/2201
f 2227/2227 2202/2202 2228/2228
f 759/759 760/760 757/757
f 1688/1688 1611/1611 1681/1681
f 759/759 757/757 758/758
f 1235/1235 1243/1243 1341/1341
f 1215/1215 1243/1243 1235/1235
f 760/760 772/772 757/757
f 1386/1386 1341/1341 1387/1387
f 758/758 757/757 748/748
f 757/757 772/772 756/756
f 757/757 756/756 748/748
f 1215/1215 1225/1225 1243/1243
f 1243/1243 1340/1340 1341/1341
f 1341/1341 1340/1340 1387/1387
f 1681/1681 1651/1651 1691/1691
f 1681/1681 1609/1609 1651/1651
f 758/758 748/748 747/747
f 748/748 756/756 746/746
f 1225/1225 1339/1339 1243/1243
f 1243/1243 1339/1339 1340/1340
f 1339/1339 1348/1348 1340/1340
f 748/748 746/746 747/747
f 1215/1215 1212/1212 1225/1225
f 1212/1212 1228/1228 1225/1225
f 1225/1225 1228/1228 1339/1339
f 756/756 763/763 746/746
f 1691/1691 1651/1651 1683/1683
f 1340/1340 1348/1348 1387/1387
f 1348/1348 1403/1403 1387/1387
f 1683/1683 1651/1651 1661/1661
f 747/747 746/746 743/743
f 743/743 746/746 744/744
f 1212/1212 1210/1210 1228/1228
f 1228/1228 1210/1210 1236/1236
f 1228/1228 1236/1236 1339/1339
f 746/746 763/763 762/762
f 1683/1683 1661/1661 1684/1684
f 1339/1339 1344/1344 1348/1348
f 1651/1651 1617/1617 1661/1661
f 1348/1348 1393/1393 1403/1403
f 1348/1348 1344/1344 1393/1393
f 405/405 404/404 192/192
f 746/746 762/762 744/744
f 1236/1236 1338/1338 1339/1339
f 1212/1212 1211/1211 1210/1210
f 1210/1210 1208/1208 1209/1209
f 743/743 744/744 745/745
f 1210/1210 1209/1209 1237/1237
f 1210/1210 1237/1237 1236/1236
f 1210/1210 1211/1211 1208/1208
f 1339/1339 1338/1338 1344/1344
f 1661/1661 1659/1659 1684/1684
f 744/744 749/749 745/745
f 1236/1236 1237/1237 1338/1338
f 744/744 762/762 749/749
f 1344/1344 1351/1351 1393/1393
f 1684/1684 1659/1659 1685/1685
f 762/762 771/771 749/749
f 1344/1344 1338/1338 1351/1351
f 749/749 750/750 745/745
f 749/749 771/771 768/768
f 749/749 768/768 750/750
f 1209/1209 1207/1207 1237/1237
f 1209/1209 1208/1208 1207/1207
f 1237/1237 1337/1337 1338/1338
f 1338/1338 1337/1337 1351/1351
f 1661/1661 1621/1621 1659/1659
f 404/404 195/195 192/192
f 489/489 195/195 404/404
f 1659/1659 1621/1621 1626/1626
f 1685/1685 1660/1660 1689/1689
f 1685/1685 1659/1659 1660/1660
f 489/489 193/193 195/195
f 1659/1659 1626/1626 1660/1660
f 195/195 193/193 170/170
f 745/745 750/750 751/751
f 1208/1208 1206/1206 1207/1207
f 1207/1207 1206/1206 1205/1205
f 1207/1207 1246/1246 1237/1237
f 1237/1237 1246/1246 1337/1337
f 1207/1207 1205/1205 1246/1246
f 751/751 750/750 752/752
f 750/750 766/766 752/752
f 1246/1246 1240/1240 1337/1337
f 751/751 752/752 753/753
f 1205/1205 1240/1240 1246/1246
f 1205/1205 1206/1206 1204/1204
f 750/750 768/768 766/766
f 2662/2662 2660/2660 2661/2661
f 1689/1689 1660/1660 1682/1682
f 489/489 498/498 193/193
f 1337/1337 1352/1352 1351/1351
f 1626/1626 1653/1653 1660/1660
f 1660/1660 1653/1653 1667/1667
f 1660/1660 1667/1667 1682/1682
f 193/193 498/498 487/487
f 752/752 766/766 767/767
f 2661/2661 2660/2660 2659/2659
f 2660/2660 2658/2658 2659/2659
f 1240/1240 1336/1336 1337/1337
f 1337/1337 1336/1336 1352/1352
f 1352/1352 1336/1336 1377/1377
f 487/487 194/194 193/193
f 193/193 194/194 106/106
f 1667/1667 1653/1653 1668/1668
f 1682/1682 1667/1667 1675/1675
f 1667/1667 1671/1671 1675/1675
f 1668/1668 1672/1672 1671/1671
f 1668/1668 1671/1671 1667/1667
f 1205/1205 1204/1204 1203/1203
f 1205/1205 1203/1203 1240/1240
f 1203/1203 1239/1239 1240/1240
f 1204/1204 1202/1202 1203/1203
f 1203/1203 1200/1200 1239/1239
f 1203/1203 1202/1202 1200/1200
f 752/752 754/754 753/753
f 752/752 767/767 754/754
f 1240/1240 1266/1266 1336/1336
f 1239/1239 1266/1266 1240/1240
f 1336/1336 1266/1266 1335/1335
f 767/767 775/775 754/754
f 2659/2659 2658/2658 2655/2655
f 1336/1336 1376/1376 1377/1377
f 1377/1377 1376/1376 1401/1401
f 487/487 460/460 194/194
f 460/460 171/171 194/194
f 1675/1675 1671/1671 1687/1687
f 753/753 754/754 755/755
f 754/754 776/776 755/755
f 1266/1266 1239/1239 1241/1241
f 1241/1241 1335/1335 1266/1266
f 1239/1239 1200/1200 1241/1241
f 755/755 776/776 777/777
f 754/754 775/775 776/776
f 1336/1336 1335/1335 1376/1376
f 1335/1335 1375/1375 1376/1376
f 2658/2658 2657/2657 2655/2655
f 1675/1675 1687/1687 1690/1690
f 1375/1375 1401/1401 1376/1376
f 1401/1401 1375/1375 1399/1399
f 460/460 491/491 171/171
f 777/777 776/776 784/784
f 776/776 785/785 784/784
f 776/776 775/775 785/785
f 1233/1233 1232/1232 1267/1267
f 1200/1200 1196/1196 1214/1214
f 1233/1233 1214/1214 1232/1232
f 1233/1233 1200/1200 1214/1214
f 1267/1267 1269/1269 1334/1334
f 2655/2655 2653/2653 2654/2654
f 2654/2654 2653/2653 2652/2652
f 785/785 787/787 784/784
f 1267/1267 1232/1232 1269/1269
f 1200/1200 1202/1202 1201/1201
f 1200/1200 1201/1201 1199/1199
f 2352/2352 2326/2326 2306/2306
f 1199/1199 1196/1196 1200/1200
f 2326/2326 2327/2327 2324/2324
f 2326/2326 2324/2324 2305/2305
f 1335/1335 1241/1241 1267/1267
f 1200/1200 1233/1233 1241/1241
f 1241/1241 1233/1233 1267/1267
f 1335/1335 1374/1374 1375/1375
f 1375/1375 1374/1374 1399/1399
f 1267/1267 1334/1334 1335/1335
f 1335/1335 1334/1334 1374/1374
f 1214/1214 1196/1196 1198/1198
f 784/784 787/787 789/789
f 1232/1232 1234/1234 1269/1269
f 1214/1214 1198/1198 1232/1232
f 1198/1198 1197/1197 1193/1193
f 1234/1234 1232/1232 1198/1198
f 1198/1198 1195/1195 1234/1234
f 1195/1195 1198/1198 1193/1193
f 2327/2327 2314/2314 2324/2324
f 1196/1196 1197/1197 1198/1198
f 1196/1196 1199/1199 1197/1197
f 1244/1244 1249/1249 1234/1234
f 1192/1192 1250/1250 1244/1244
f 1192/1192 1251/1251 1250/1250
f 1195/1195 1193/1193 1192/1192
f 1234/1234 1195/1195 1244/1244
f 1244/1244 1195/1195 1192/1192
f 1192/1192 1193/1193 1194/1194
f 1252/1252 1250/1250 1251/1251
f 1252/1252 1253/1253 1250/1250
f 2327/2327 2349/2349 2329/2329
f 2327/2327 2329/2329 2314/2314
f 2349/2349 2330/2330 2329/2329
f 2349/2349 2359/2359 2330/2330
f 1254/1254 1256/1256 1255/1255
f 580/580 579/579 578/578
f 2368/2368 2360/2360 2359/2359
f 2368/2368 2392/2392 2360/2360
f 2359/2359 2360/2360 2330/2330
f 2330/2330 2360/2360 2318/2318
f 2330/2330 2318/2318 2270/2270
f 2360/2360 2311/2311 2318/2318
f 2318/2318 2311/2311 2234/2234
f 2392/2392 2389/2389 2360/2360
f 2360/2360 2389/2389 2311/2311
f 2234/2234 2311/2311 2175/2175
f 2311/2311 2389/2389 2312/2312
f 2389/2389 2388/2388 2312/2312
f 2175/2175 2311/2311 2312/2312
f 2388/2388 2325/2325 2312/2312
f 2312/2312 2260/2260 2175/2175
f 2175/2175 2260/2260 2158/2158
f 2312/2312 2325/2325 2260/2260
f 2325/2325 2261/2261 2260/2260
f 2325/2325 2333/2333 2261/2261
f 2260/2260 2261/2261 2158/2158
f 2261/2261 2157/2157 2158/2158
f 2261/2261 2333/2333 2310/2310
f 3103/3103 3108/3108 3109/3109
f 3103/3103 3106/3106 3104/3104
f 2914/2914 2911/2911 2913/2913
f 2310/2310 2369/2369 2276/2276
f 2914/2914 2915/2915 2916/2916
f 3035/3035 3032/3032 3038/3038
f 2914/2914 2913/2913 2915/2915
f 3103/3103 3104/3104 3105/3105
f 3108/3108 3103/3103 3107/3107
f 3105/3105 3107/3107 3103/3103
f 2917/2917 2914/2914 2916/2916
f 3032/3032 3027/3027 3030/3030
f 3032/3032 3035/3035 3027/3027
f 2261/2261 2310/2310 2238/2238
f 3103/3103 3114/3114 3106/3106
f 3113/3113 3114/3114 3103/3103
f 2909/2909 2910/2910 2911/2911
f 3103/3103 3109/3109 3112/3112
f 3113/3113 3103/3103 3112/3112
f 1935/1935 1928/1928 1934/1934
f 1934/1934 1928/1928 1932/1932
f 2911/2911 2912/2912 2913/2913
f 2310/2310 2276/2276 2238/2238
f 3034/3034 3031/3031 3027/3027
f 3034/3034 3027/3027 3035/3035
f 2911/2911 2910/2910 2912/2912
f 3033/3033 3028/3028 3031/3031
f 2261/2261 2238/2238 2157/2157
f 3031/3031 3028/3028 3027/3027
f 1934/1934 1933/1933 1936/1936
f 1936/1936 1933/1933 1937/1937
f 1934/1934 1932/1932 1933/1933
f 3036/3036 3028/3028 3033/3033
f 1932/1932 1931/1931 1933/1933
f 3036/3036 3037/3037 3028/3028
f 2157/2157 2238/2238 2151/2151
f 3107/3107 3110/3110 3108/3108
f 3108/3108 3111/3111 3109/3109
f 3109/3109 3111/3111 3115/3115
f 3112/3112 3109/3109 3122/3122
f 3027/3027 3028/3028 3029/3029
f 3027/3027 3029/3029 3030/3030
f 1932/1932 1928/1928 1931/1931
f 3028/3028 3037/3037 3029/3029
f 3109/3109 3116/3116 3122/3122
f 3030/3030 3029/3029 3023/3023
f 3023/3023 3029/3029 3024/3024
f 3109/3109 3115/3115 3116/3116
f 3023/3023 3024/3024 3025/3025
f 1928/1928 1927/1927 1931/1931
f 3037/3037 3039/3039 3024/3024
f 3037/3037 3024/3024 3029/3029
f 3122/3122 3116/3116 3139/3139
f 1928/1928 1924/1924 1927/1927
f 1927/1927 1924/1924 1926/1926
f 3039/3039 3040/3040 3024/3024
f 3024/3024 3026/3026 3025/3025
f 3024/3024 3040/3040 3026/3026
f 3115/3115 3123/3123 3116/3116
f 3116/3116 3124/3124 3139/3139
f 3116/3116 3123/3123 3124/3124
f 1926/1926 1924/1924 1923/1923
f 3123/3123 3129/3129 3124/3124
f 3124/3124 3129/3129 3130/3130
f 1929/1929 1919/1919 1920/1920
f 1929/1929 1920/1920 1924/1924
f 1924/1924 1920/1920 1923/1923
f 1576/1576 1627/1627 1587/1587
f 1627/1627 1680/1680 1849/1849
f 1627/1627 1849/1849 1587/1587
f 1849/1849 1846/1846 1587/1587
f 1680/1680 1850/1850 1849/1849
f 1850/1850 1848/1848 1849/1849
f 1850/1850 1851/1851 1848/1848
f 1851/1851 1870/1870 1848/1848
f 1870/1870 1847/1847 1848/1848
f 1849/1849 1848/1848 1846/1846
f 1846/1846 1848/1848 1847/1847
f 1587/1587 1846/1846 1586/1586
f 1847/1847 1870/1870 1820/1820
f 1586/1586 1584/1584 1567/1567
f 1586/1586 1846/1846 1819/1819
f 1586/1586 1819/1819 1796/1796
f 1846/1846 1847/1847 1819/1819
f 1819/1819 1847/1847 1820/1820
f 1819/1819 1797/1797 1796/1796
f 1819/1819 1820/1820 1797/1797
f 1586/1586 1796/1796 1584/1584
f 1796/1796 1797/1797 1791/1791
f 1584/1584 1796/1796 1628/1628
f 1796/1796 1791/1791 1790/1790
f 1584/1584 1628/1628 1585/1585
f 1628/1628 1796/1796 1790/1790
f 1791/1791 1789/1789 1790/1790
f 1790/1790 1789/1789 1788/1788
f 172/172 156/156 173/173
f 160/160 147/147 156/156
f 160/160 156/156 172/172
f 1585/1585 1628/1628 1588/1588
f 156/156 142/142 151/151
f 1790/1790 1788/1788 1628/1628
f 156/156 151/151 173/173
f 151/151 142/142 148/148
f 151/151 148/148 158/158
f 1628/1628 1788/1788 1629/1629
f 1788/1788 1786/1786 1629/1629
f 147/147 209/209 143/143
f 1628/1628 1629/1629 1588/1588
f 147/147 142/142 156/156
f 143/143 142/142 147/147
f 1588/1588 1629/1629 1590/1590
f 1588/1588 1590/1590 1589/1589
f 143/143 141/141 142/142
f 1590/1590 1629/1629 1630/1630
f 142/142 140/140 148/148
f 1629/1629 1786/1786 1630/1630
f 1569/1569 1562/1562 1589/1589
f 454/454 177/177 209/209
f 209/209 177/177 143/143
f 1590/1590 1591/1591 1589/1589
f 1590/1590 1630/1630 1591/1591
f 143/143 177/177 141/141
f 177/177 138/138 141/141
f 141/141 140/140 142/142
f 1630/1630 1786/1786 1792/1792
f 454/454 481/481 178/178
f 454/454 178/178 177/177
f 1589/1589 1591/1591 1592/1592
f 1591/1591 1630/1630 1593/1593
f 1591/1591 1593/1593 1592/1592
f 141/141 138/138 140/140
f 1569/1569 1589/1589 1592/1592
f 177/177 178/178 138/138
f 1593/1593 1630/1630 1802/1802
f 140/140 138/138 139/139
f 140/140 139/139 145/145
f 1630/1630 1792/1792 1802/1802
f 1568/1568 1569/1569 1570/1570
f 1568/1568 1570/1570 1571/1571
f 1570/1570 1572/1572 1571/1571
f 497/497 496/496 478/478
f 478/478 496/496 420/420
f 1578/1578 1571/1571 1574/1574
f 1571/1571 1572/1572 1574/1574
f 1569/1569 1592/1592 1570/1570
f 1592/1592 1596/1596 1570/1570
f 478/478 420/420 178/178
f 1592/1592 1593/1593 1595/1595
f 1595/1595 1596/1596 1592/1592
f 1593/1593 1613/1613 1595/1595
f 139/139 138/138 137/137
f 1802/1802 1798/1798 1593/1593
f 1802/1802 1792/1792 1798/1798
f 139/139 137/137 145/145
f 137/137 149/149 145/145
f 1593/1593 1798/1798 1613/1613
f 138/138 136/136 137/137
f 420/420 168/168 178/178
f 1595/1595 1613/1613 1596/1596
f 178/178 168/168 138/138
f 168/168 136/136 138/138
f 1613/1613 1612/1612 1596/1596
f 137/137 144/144 149/149
f 1798/1798 1793/1793 1613/1613
f 137/137 136/136 135/135
f 1613/1613 1795/1795 1612/1612
f 137/137 135/135 144/144
f 1613/1613 1793/1793 1795/1795
f 1572/1572 1573/1573 1574/1574
f 496/496 400/400 420/420
f 1570/1570 1573/1573 1572/1572
f 1346/1346 1383/1383 1384/1384
f 496/496 479/479 400/400
f 1570/1570 1597/1597 1573/1573
f 1575/1575 1574/1574 1573/1573
f 1346/1346 1345/1345 1383/1383
f 400/400 479/479 399/399
f 1383/1383 1345/1345 1382/1382
f 479/479 463/463 399/399
f 1573/1573 1597/1597 1601/1601
f 420/420 400/400 168/168
f 1570/1570 1596/1596 1597/1597
f 1596/1596 1598/1598 1597/1597
f 168/168 162/162 136/136
f 168/168 400/400 162/162
f 400/400 399/399 162/162
f 1596/1596 1612/1612 1598/1598
f 162/162 133/133 136/136
f 1598/1598 1612/1612 1614/1614
f 136/136 133/133 135/135
f 135/135 134/134 144/144
f 1597/1597 1598/1598 1599/1599
f 162/162 163/163 133/133
f 162/162 399/399 163/163
f 1612/1612 1620/1620 1614/1614
f 1620/1620 1612/1612 1795/1795
f 133/133 134/134 135/135
f 1599/1599 1598/1598 1614/1614
f 1620/1620 1795/1795 1625/1625
f 1620/1620 1625/1625 1614/1614
f 133/133 132/132 134/134
f 1575/1575 1573/1573 1580/1580
f 765/765 770/770 769/769
f 1575/1575 1580/1580 1581/1581
f 1263/1263 1343/1343 1345/1345
f 1573/1573 1601/1601 1580/1580
f 463/463 461/461 399/399
f 1601/1601 1597/1597 1600/1600
f 461/461 463/463 419/419
f 1345/1345 1343/1343 1382/1382
f 1580/1580 1601/1601 1603/1603
f 765/765 769/769 761/761
f 1581/1581 1582/1582 1583/1583
f 1581/1581 1580/1580 1582/1582
f 1580/1580 1603/1603 1582/1582
f 1343/1343 1381/1381 1382/1382
f 463/463 462/462 419/419
f 1601/1601 1602/1602 1603/1603
f 419/419 459/459 461/461
f 461/461 459/459 464/464
f 1601/1601 1600/1600 1602/1602
f 1597/1597 1599/1599 1600/1600
f 461/461 464/464 399/399
f 459/459 465/465 464/464
f 399/399 464/464 164/164
f 399/399 164/164 163/163
f 1614/1614 1615/1615 1599/1599
f 133/133 163/163 131/131
f 133/133 131/131 132/132
f 1614/1614 1625/1625 1615/1615
f 132/132 130/130 153/153
f 163/163 164/164 131/131
f 131/131 130/130 132/132
f 464/464 465/465 164/164
f 1600/1600 1662/1662 1602/1602
f 1600/1600 1599/1599 1662/1662
f 1599/1599 1636/1636 1662/1662
f 1599/1599 1615/1615 1631/1631
f 1636/1636 1599/1599 1631/1631
f 465/465 165/165 164/164
f 131/131 129/129 130/130
f 131/131 164/164 129/129
f 1615/1615 1625/1625 1800/1800
f 1625/1625 1783/1783 1800/1800
f 1615/1615 1800/1800 1632/1632
f 129/129 128/128 130/130
f 1264/1264 1342/1342 1343/1343
f 1583/1583 1582/1582 1686/1686
f 1343/1343 1342/1342 1381/1381
f 462/462 418/418 419/419
f 418/418 417/417 419/419
f 1264/1264 1265/1265 1342/1342
f 1342/1342 1386/1386 1381/1381
f 462/462 423/423 418/418
f 1582/1582 1603/1603 1605/1605
f 1686/1686 1582/1582 1611/1611
f 1582/1582 1605/1605 1611/1611
f 1603/1603 1604/1604 1605/1605
f 419/419 417/417 459/459
f 1603/1603 1602/1602 1604/1604
f 1602/1602 1662/1662 1604/1604
f 1583/1583 1686/1686 1688/1688
f 761/761 760/760 759/759
f 1688/1688 1686/1686 1611/1611
f 1265/1265 1235/1235 1341/1341
f 1265/1265 1341/1341 1342/1342
f 1342/1342 1341/1341 1386/1386
f 1605/1605 1604/1604 1606/1606
f 1611/1611 1605/1605 1609/1609
f 418/418 423/423 416/416
f 1605/1605 1606/1606 1609/1609
f 417/417 418/418 416/416
f 459/459 417/417 482/482
f 417/417 483/483 482/482
f 1606/1606 1604/1604 1610/1610
f 1604/1604 1662/1662 1663/1663
f 408/408 483/483 417/417
f 1604/1604 1663/1663 1610/1610
f 459/459 482/482 465/465
f 1662/1662 1636/1636 1634/1634
f 165/165 129/129 164/164
f 465/465 482/482 165/165
f 482/482 180/180 165/165
f 1636/1636 1631/1631 1634/1634
f 1634/1634 1631/1631 1633/1633
f 1631/1631 1632/1632 1633/1633
f 1615/1615 1632/1632 1631/1631
f 1632/1632 1800/1800 1799/1799
f 129/129 127/127 128/128
f 165/165 127/127 129/129
f 482/482 483/483 180/180
f 1662/1662 1634/1634 1663/1663
f 165/165 180/180 126/126
f 165/165 126/126 127/127
f 127/127 125/125 128/128
f 127/127 126/126 125/125
f 1633/1633 1632/1632 1637/1637
f 1632/1632 1799/1799 1637/1637
f 125/125 150/150 128/128
f 1611/1611 1609/1609 1681/1681
f 423/423 406/406 416/416
f 423/423 421/421 406/406
f 1606/1606 1608/1608 1609/1609
f 417/417 416/416 408/408
f 1609/1609 1608/1608 1651/1651
f 1608/1608 1617/1617 1651/1651
f 1606/1606 1607/1607 1608/1608
f 1606/1606 1610/1610 1607/1607
f 1610/1610 1663/1663 1607/1607
f 416/416 406/406 408/408
f 1663/1663 1674/1674 1607/1607
f 406/406 407/407 408/408
f 1608/1608 1607/1607 1616/1616
f 408/408 407/407 488/488
f 1607/1607 1658/1658 1616/1616
f 408/408 488/488 484/484
f 1607/1607 1674/1674 1658/1658
f 408/408 484/484 483/483
f 1663/1663 1634/1634 1674/1674
f 180/180 483/483 484/484
f 1634/1634 1633/1633 1635/1635
f 1634/1634 1635/1635 1674/1674
f 180/180 146/146 126/126
f 180/180 484/484 146/146
f 1633/1633 1637/1637 1635/1635
f 146/146 123/123 126/126
f 1635/1635 1637/1637 1639/1639
f 484/484 122/122 146/146
f 146/146 122/122 123/123
f 126/126 123/123 125/125
f 125/125 123/123 124/124
f 125/125 124/124 150/150
f 1674/1674 1635/1635 1640/1640
f 488/488 203/203 484/484
f 484/484 203/203 122/122
f 421/421 405/405 406/406
f 1617/1617 1608/1608 1616/1616
f 1616/1616 1618/1618 1617/1617
f 396/396 488/488 407/407
f 1617/1617 1618/1618 1621/1621
f 405/405 192/192 406/406
f 1617/1617 1621/1621 1661/1661
f 1618/1618 1619/1619 1621/1621
f 406/406 192/192 407/407
f 407/407 192/192 396/396
f 192/192 176/176 396/396
f 1616/1616 1619/1619 1618/1618
f 1619/1619 1616/1616 1658/1658
f 488/488 396/396 469/469
f 176/176 467/467 396/396
f 1658/1658 1657/1657 1619/1619
f 396/396 467/467 469/469
f 1674/1674 1640/1640 1658/1658
f 203/203 488/488 469/469
f 192/192 195/195 170/170
f 170/170 176/176 192/192
f 1621/1621 1619/1619 1624/1624
f 1621/1621 1624/1624 1626/1626
f 1624/1624 1619/1619 1623/1623
f 1619/1619 1657/1657 1623/1623
f 1657/1657 1664/1664 1623/1623
f 170/170 169/169 176/176
f 1624/1624 1623/1623 1622/1622
f 176/176 169/169 467/467
f 169/169 468/468 467/467
f 170/170 193/193 107/107
f 1626/1626 1622/1622 1653/1653
f 1626/1626 1624/1624 1622/1622
f 170/170 107/107 169/169
f 193/193 106/106 107/107
f 1653/1653 1622/1622 1654/1654
f 1653/1653 1654/1654 1668/1668
f 107/107 108/108 169/169
f 1622/1622 1548/1548 1654/1654
f 107/107 105/105 108/108
f 169/169 108/108 183/183
f 106/106 105/105 107/107
f 106/106 103/103 105/105
f 194/194 171/171 106/106
f 106/106 171/171 103/103
f 2353/2353 2352/2352 2306/2306
f 2220/2220 2199/2199 2200/2200
f 2206/2206 2195/2195 2220/2220
f 2306/2306 2278/2278 2233/2233
f 2326/2326 2305/2305 2306/2306
f 2306/2306 2305/2305 2278/2278
f 2278/2278 2305/2305 2218/2218
f 2206/2206 2233/2233 2196/2196
f 2233/2233 2278/2278 2196/2196
f 2206/2206 2196/2196 2195/2195
f 2278/2278 2218/2218 2196/2196
f 2199/2199 2220/2220 2195/2195
f 2199/2199 2195/2195 2194/2194
f 2218/2218 2193/2193 2196/2196
f 2196/2196 2193/2193 2195/2195
f 2218/2218 2217/2217 2193/2193
f 2193/2193 2194/2194 2195/2195
f 2305/2305 2217/2217 2218/2218
f 2305/2305 2304/2304 2217/2217
f 2324/2324 2304/2304 2305/2305
f 2324/2324 2314/2314 2304/2304
f 2304/2304 2189/2189 2217/2217
f 2217/2217 2190/2190 2193/2193
f 2193/2193 2190/2190 2191/2191
f 2193/2193 2191/2191 2194/2194
f 2191/2191 2197/2197 2194/2194
f 2197/2197 2191/2191 2403/2403
f 2217/2217 2189/2189 2190/2190
f 2414/2414 2403/2403 2191/2191
f 2304/2304 2314/2314 2189/2189
f 2314/2314 2271/2271 2188/2188
f 2189/2189 2188/2188 2186/2186
f 2314/2314 2188/2188 2189/2189
f 2329/2329 2271/2271 2314/2314
f 2329/2329 2330/2330 2271/2271
f 2271/2271 2187/2187 2188/2188
f 2188/2188 2187/2187 2185/2185
f 2330/2330 2270/2270 2271/2271
f 2189/2189 2186/2186 2190/2190
f 2190/2190 2186/2186 2191/2191
f 2186/2186 2192/2192 2191/2191
f 2191/2191 2192/2192 2414/2414
f 2188/2188 2185/2185 2186/2186
f 2185/2185 2184/2184 2186/2186
f 2186/2186 2184/2184 2192/2192
f 2271/2271 2270/2270 2187/2187
f 2187/2187 2182/2182 2185/2185
f 2185/2185 2182/2182 2184/2184
f 2318/2318 2234/2234 2270/2270
f 2270/2270 2234/2234 2187/2187
f 2234/2234 2179/2179 2187/2187
f 2182/2182 2181/2181 2183/2183
f 2187/2187 2179/2179 2182/2182
f 2179/2179 2181/2181 2182/2182
f 2184/2184 2182/2182 2183/2183
f 2179/2179 2234/2234 2175/2175
f 2181/2181 2179/2179 2178/2178
f 2181/2181 2178/2178 2183/2183
f 2183/2183 2178/2178 2180/2180
f 2175/2175 2177/2177 2179/2179
f 2179/2179 2177/2177 2178/2178
f 2177/2177 2176/2176 2178/2178
f 2175/2175 2173/2173 2177/2177
f 2177/2177 2173/2173 2176/2176
f 2178/2178 2176/2176 2180/2180
f 2180/2180 2176/2176 2174/2174
f 2176/2176 2173/2173 2174/2174
f 2173/2173 2170/2170 2174/2174
f 2175/2175 2158/2158 2173/2173
f 2158/2158 2169/2169 2173/2173
f 2173/2173 2169/2169 2170/2170
f 2169/2169 2167/2167 2170/2170
f 2158/2158 2156/2156 2169/2169
f 2158/2158 2157/2157 2156/2156
f 2169/2169 2156/2156 2167/2167
f 2157/2157 2151/2151 2156/2156
f 2855/2855 2856/2856 2857/2857
f 949/949 947/947 948/948
f 952/952 951/951 949/949
f 949/949 951/951 947/947
f 2855/2855 2857/2857 2859/2859
f 2857/2857 2860/2860 2861/2861
f 2788/2788 2785/2785 2784/2784
f 2785/2785 2783/2783 2784/2784
f 2783/2783 2779/2779 2784/2784
f 2784/2784 2779/2779 2786/2786
f 2778/2778 2779/2779 2783/2783
f 2778/2778 2777/2777 2779/2779
f 1789/1789 1785/1785 1788/1788
f 1789/1789 1803/1803 1785/1785
f 1788/1788 1785/1785 1786/1786
f 158/158 167/167 252/252
f 158/158 148/148 167/167
f 252/252 167/167 276/276
f 252/252 276/276 332/332
f 276/276 391/391 332/332
f 1785/1785 1803/1803 1890/1890
f 1786/1786 1785/1785 1784/1784
f 148/148 152/152 167/167
f 1786/1786 1784/1784 1779/1779
f 167/167 152/152 276/276
f 1785/1785 1890/1890 1780/1780
f 1785/1785 1780/1780 1784/1784
f 899/899 870/870 893/893
f 148/148 140/140 152/152
f 1779/1779 1784/1784 1780/1780
f 161/161 275/275 152/152
f 1786/1786 1779/1779 1792/1792
f 276/276 392/392 391/391
f 899/899 893/893 906/906
f 276/276 152/152 275/275
f 276/276 275/275 392/392
f 906/906 893/893 905/905
f 1780/1780 1778/1778 1779/1779
f 275/275 393/393 392/392
f 145/145 152/152 140/140
f 145/145 161/161 152/152
f 1779/1779 1778/1778 1776/1776
f 1792/1792 1779/1779 1776/1776
f 893/893 875/875 896/896
f 905/905 893/893 896/896
f 870/870 858/858 893/893
f 893/893 858/858 875/875
f 858/858 857/857 875/875
f 875/875 857/857 874/874
f 875/875 874/874 896/896
f 145/145 149/149 161/161
f 1792/1792 1776/1776 1798/1798
f 1798/1798 1776/1776 1793/1793
f 275/275 379/379 393/393
f 161/161 255/255 275/275
f 161/161 149/149 255/255
f 1776/1776 1778/1778 1772/1772
f 275/275 255/255 379/379
f 255/255 378/378 379/379
f 904/904 905/905 896/896
f 1793/1793 1776/1776 1771/1771
f 144/144 157/157 149/149
f 149/149 157/157 256/256
f 149/149 256/256 255/255
f 255/255 256/256 378/378
f 1776/1776 1772/1772 1771/1771
f 896/896 883/883 897/897
f 904/904 896/896 897/897
f 855/855 856/856 857/857
f 857/857 856/856 874/874
f 874/874 863/863 883/883
f 856/856 863/863 874/874
f 874/874 883/883 896/896
f 144/144 134/134 157/157
f 256/256 447/447 378/378
f 897/897 900/900 904/904
f 256/256 359/359 447/447
f 157/157 257/257 256/256
f 256/256 257/257 359/359
f 897/897 883/883 892/892
f 1793/1793 1771/1771 1795/1795
f 1795/1795 1771/1771 1775/1775
f 1772/1772 1770/1770 1771/1771
f 134/134 153/153 157/157
f 157/157 153/153 257/257
f 134/134 132/132 153/153
f 1795/1795 1783/1783 1625/1625
f 1795/1795 1775/1775 1783/1783
f 153/153 201/201 257/257
f 1775/1775 1771/1771 1769/1769
f 359/359 257/257 360/360
f 1771/1771 1770/1770 1769/1769
f 900/900 897/897 892/892
f 257/257 201/201 360/360
f 862/862 863/863 856/856
f 862/862 864/864 863/863
f 865/865 866/866 863/863
f 863/863 864/864 865/865
f 866/866 883/883 863/863
f 866/866 892/892 883/883
f 892/892 866/866 872/872
f 153/153 130/130 201/201
f 1775/1775 1769/1769 1768/1768
f 1775/1775 1768/1768 1783/1783
f 900/900 892/892 894/894
f 900/900 894/894 901/901
f 1769/1769 1770/1770 1765/1765
f 1769/1769 1765/1765 1768/1768
f 130/130 174/174 201/201
f 201/201 264/264 361/361
f 360/360 201/201 361/361
f 901/901 894/894 895/895
f 201/201 174/174 264/264
f 361/361 264/264 362/362
f 1768/1768 1765/1765 1762/1762
f 865/865 867/867 866/866
f 866/866 867/867 872/872
f 865/865 868/868 867/867
f 868/868 869/869 867/867
f 867/867 869/869 872/872
f 869/869 873/873 872/872
f 869/869 868/868 871/871
f 873/873 869/869 871/871
f 872/872 894/894 892/892
f 872/872 873/873 894/894
f 873/873 895/895 894/894
f 873/873 888/888 895/895
f 873/873 871/871 888/888
f 128/128 174/174 130/130
f 1800/1800 1783/1783 1782/1782
f 1783/1783 1768/1768 1782/1782
f 1800/1800 1782/1782 1799/1799
f 174/174 175/175 264/264
f 1782/1782 1768/1768 1766/1766
f 1768/1768 1762/1762 1766/1766
f 1766/1766 1762/1762 1753/1753
f 174/174 128/128 175/175
f 1799/1799 1782/1782 1787/1787
f 128/128 150/150 175/175
f 1782/1782 1773/1773 1787/1787
f 1782/1782 1766/1766 1773/1773
f 1773/1773 1766/1766 1755/1755
f 175/175 265/265 264/264
f 264/264 265/265 312/312
f 1753/1753 1755/1755 1766/1766
f 1753/1753 1744/1744 1755/1755
f 901/901 895/895 902/902
f 1765/1765 1751/1751 1762/1762
f 362/362 264/264 312/312
f 895/895 888/888 902/902
f 902/902 888/888 889/889
f 871/871 889/889 888/888
f 312/312 265/265 357/357
f 1762/1762 1751/1751 1745/1745
f 1762/1762 1745/1745 1753/1753
f 1751/1751 1734/1734 1745/1745
f 1751/1751 1739/1739 1734/1734
f 1753/1753 1745/1745 1744/1744
f 1744/1744 1745/1745 1734/1734
f 1734/1734 1739/1739 1738/1738
f 871/871 890/890 889/889
f 890/890 891/891 889/889
f 175/175 150/150 166/166
f 175/175 259/259 265/265
f 175/175 166/166 259/259
f 357/357 259/259 358/358
f 265/265 259/259 357/357
f 1744/1744 1734/1734 1733/1733
f 1738/1738 1732/1732 1734/1734
f 1733/1733 1749/1749 1744/1744
f 1732/1732 1733/1733 1734/1734
f 1732/1732 1727/1727 1728/1728
f 1732/1732 1728/1728 1733/1733
f 358/358 333/333 377/377
f 1728/1728 1727/1727 1726/1726
f 1726/1726 1727/1727 1724/1724
f 1098/1098 1097/1097 1096/1096
f 1097/1097 1095/1095 1096/1096
f 2202/2202 2229/2229 2228/2228
f 2202/2202 2201/2201 2229/2229
f 1097/1097 1089/1089 1095/1095
f 1095/1095 1089/1089 1088/1088
f 1089/1089 1090/1090 1087/1087
f 1089/1089 1087/1087 1088/1088
f 1090/1090 1086/1086 1087/1087
f 2200/2200 2198/2198 2201/2201
f 2200/2200 2199/2199 2198/2198
f 2201/2201 2232/2232 2229/2229
f 2201/2201 2198/2198 2232/2232
f 1091/1091 1100/1100 1083/1083
f 1090/1090 1091/1091 1086/1086
f 2199/2199 2194/2194 2198/2198
f 2198/2198 2194/2194 2197/2197
f 2198/2198 2197/2197 2232/2232
f 2232/2232 2197/2197 2401/2401
f 2197/2197 2402/2402 2401/2401
f 2197/2197 2403/2403 2402/2402
f 1070/1070 1073/1073 1075/1075
f 1074/1074 1073/1073 1069/1069
f 1073/1073 1070/1070 1069/1069
f 1069/1069 1068/1068 1067/1067
f 1070/1070 1068/1068 1069/1069
f 2871/2871 2858/2858 2856/2856
f 2856/2856 2858/2858 2857/2857
f 2857/2857 2858/2858 2860/2860
f 2871/2871 2868/2868 2858/2858
f 2858/2858 2868/2868 2860/2860
f 2786/2786 2779/2779 2781/2781
f 2868/2868 2869/2869 2860/2860
f 2786/2786 2781/2781 2787/2787
f 1260/1260 1255/1255 1317/1317
f 848/848 846/846 844/844
f 844/844 846/846 843/843
f 1260/1260 1317/1317 1326/1326
f 1326/1326 1317/1317 1319/1319
f 2649/2649 2647/2647 2635/2635
f 846/846 850/850 843/843
f 844/844 843/843 842/842
f 1255/1255 1257/1257 1317/1317
f 1319/1319 1316/1316 1324/1324
f 1317/1317 1316/1316 1319/1319
f 1317/1317 1257/1257 1316/1316
f 842/842 843/843 841/841
f 843/843 845/845 841/841
f 1316/1316 1323/1323 1324/1324
f 1256/1256 1258/1258 1257/1257
f 1257/1257 1258/1258 1262/1262
f 842/842 841/841 839/839
f 841/841 840/840 839/839
f 1257/1257 1262/1262 1316/1316
f 1258/1258 1312/1312 1262/1262
f 839/839 840/840 838/838
f 1262/1262 1313/1313 1316/1316
f 1316/1316 1313/1313 1323/1323
f 1262/1262 1312/1312 1313/1313
f 843/843 850/850 845/845
f 2635/2635 2632/2632 2634/2634
f 2635/2635 2636/2636 2632/2632
f 845/845 840/840 841/841
f 1324/1324 1323/1323 1331/1331
f 2634/2634 2632/2632 2633/2633
f 2633/2633 2632/2632 2631/2631
f 840/840 851/851 838/838
f 2631/2631 2632/2632 2630/2630
f 839/839 838/838 837/837
f 837/837 833/833 834/834
f 833/833 832/832 834/834
f 838/838 851/851 847/847
f 2631/2631 2630/2630 2629/2629
f 851/851 835/835 847/847
f 837/837 838/838 833/833
f 838/838 847/847 833/833
f 821/821 818/818 820/820
f 820/820 819/819 824/824
f 824/824 819/819 828/828
f 1297/1297 1279/1279 1280/1280
f 1297/1297 1306/1306 1279/1279
f 1671/1671 1672/1672 1692/1692
f 171/171 196/196 91/91
f 1687/1687 1693/1693 1694/1694
f 1671/1671 1693/1693 1687/1687
f 1401/1401 1399/1399 1404/1404
f 171/171 491/491 196/196
f 1693/1693 1671/1671 1692/1692
f 1692/1692 1695/1695 1693/1693
f 2766/2766 2761/2761 2755/2755
f 1693/1693 1695/1695 1694/1694
f 491/491 188/188 196/196
f 188/188 84/84 196/196
f 2766/2766 2755/2755 2756/2756
f 2655/2655 2656/2656 2653/2653
f 1374/1374 1334/1334 1330/1330
f 1330/1330 1398/1398 1374/1374
f 1334/1334 1269/1269 1330/1330
f 2656/2656 2663/2663 2653/2653
f 2655/2655 2657/2657 2656/2656
f 2657/2657 2664/2664 2656/2656
f 1690/1690 1687/1687 1694/1694
f 1399/1399 1374/1374 1400/1400
f 1400/1400 1404/1404 1399/1399
f 1694/1694 1696/1696 1697/1697
f 1696/1696 1698/1698 1697/1697
f 491/491 503/503 188/188
f 1694/1694 1695/1695 1696/1696
f 2766/2766 2756/2756 2770/2770
f 188/188 74/74 84/84
f 503/503 398/398 188/188
f 2770/2770 2756/2756 2753/2753
f 188/188 88/88 74/74
f 1400/1400 1374/1374 1398/1398
f 2656/2656 2664/2664 2663/2663
f 503/503 504/504 452/452
f 503/503 452/452 398/398
f 452/452 187/187 398/398
f 398/398 88/88 188/188
f 398/398 187/187 88/88
f 2756/2756 2746/2746 2753/2753
f 2770/2770 2753/2753 2772/2772
f 88/88 187/187 70/70
f 88/88 70/70 74/74
f 187/187 184/184 70/70
f 2753/2753 2746/2746 2745/2745
f 1330/1330 1391/1391 1398/1398
f 1269/1269 1270/1270 1330/1330
f 1269/1269 1234/1234 1270/1270
f 2653/2653 2651/2651 2652/2652
f 2652/2652 2651/2651 2650/2650
f 1270/1270 1328/1328 1330/1330
f 1330/1330 1328/1328 1391/1391
f 2651/2651 2653/2653 2665/2665
f 2653/2653 2663/2663 2665/2665
f 787/787 790/790 789/789
f 854/854 853/853 852/852
f 1270/1270 1249/1249 1328/1328
f 2651/2651 2647/2647 2650/2650
f 1702/1702 1701/1701 1703/1703
f 1234/1234 1249/1249 1270/1270
f 1699/1699 1701/1701 1702/1702
f 1328/1328 1390/1390 1391/1391
f 492/492 425/425 426/426
f 492/492 426/426 456/456
f 1701/1701 1699/1699 1700/1700
f 504/504 492/492 456/456
f 1697/1697 1698/1698 1699/1699
f 504/504 456/456 452/452
f 452/452 456/456 187/187
f 1698/1698 1700/1700 1699/1699
f 2774/2774 2772/2772 2757/2757
f 2772/2772 2745/2745 2757/2757
f 187/187 456/456 204/204
f 2772/2772 2753/2753 2745/2745
f 70/70 184/184 60/60
f 184/184 187/187 86/86
f 60/60 63/63 70/70
f 60/60 1/1 63/63
f 2745/2745 2723/2723 2718/2718
f 2745/2745 2718/2718 2757/2757
f 187/187 204/204 86/86
f 426/426 204/204 456/456
f 426/426 205/205 204/204
f 204/204 205/205 86/86
f 2774/2774 2757/2757 2758/2758
f 2758/2758 2757/2757 2718/2718
f 86/86 60/60 184/184
f 60/60 86/86 8/8
f 60/60 8/8 1/1
f 8/8 86/86 59/59
f 8/8 59/59 4/4
f 8/8 4/4 1/1
f 1249/1249 1326/1326 1328/1328
f 1244/1244 1250/1250 1260/1260
f 1244/1244 1260/1260 1249/1249
f 1249/1249 1260/1260 1326/1326
f 1328/1328 1363/1363 1390/1390
f 425/425 401/401 205/205
f 852/852 853/853 846/846
f 2650/2650 2647/2647 2649/2649
f 1328/1328 1326/1326 1363/1363
f 1390/1390 1363/1363 1392/1392
f 425/425 205/205 426/426
f 1250/1250 1253/1253 1260/1260
f 1260/1260 1253/1253 1255/1255
f 852/852 846/846 848/848
f 1363/1363 1326/1326 1329/1329
f 1363/1363 1329/1329 1392/1392
f 1329/1329 1326/1326 1319/1319
f 1319/1319 1324/1324 1329/1329
f 1703/1703 1701/1701 1704/1704
f 2768/2768 2773/2773 2774/2774
f 2768/2768 2774/2774 2758/2758
f 2773/2773 2768/2768 2771/2771
f 1703/1703 1704/1704 1705/1705
f 2771/2771 2768/2768 2769/2769
f 2645/2645 2771/2771 2769/2769
f 2647/2647 2645/2645 2635/2635
f 1329/1329 1370/1370 1392/1392
f 2635/2635 2645/2645 2636/2636
f 2645/2645 2646/2646 2636/2636
f 2645/2645 2769/2769 2646/2646
f 401/401 206/206 205/205
f 205/205 206/206 179/179
f 205/205 90/90 86/86
f 2768/2768 2742/2742 2752/2752
f 205/205 179/179 90/90
f 2769/2769 2768/2768 2767/2767
f 2767/2767 2768/2768 2752/2752
f 2758/2758 2718/2718 2742/2742
f 2768/2768 2758/2758 2742/2742
f 67/67 59/59 86/86
f 59/59 5/5 4/4
f 86/86 90/90 67/67
f 2742/2742 2728/2728 2752/2752
f 67/67 5/5 59/59
f 90/90 56/56 67/67
f 67/67 56/56 9/9
f 67/67 9/9 5/5
f 1253/1253 1252/1252 1254/1254
f 1254/1254 1255/1255 1253/1253
f 1255/1255 1256/1256 1257/1257
f 1256/1256 1259/1259 1258/1258
f 578/578 579/579 577/577
f 577/577 576/576 578/578
f 576/576 577/577 575/575
f 1324/1324 1370/1370 1329/1329
f 401/401 422/422 206/206
f 206/206 422/422 207/207
f 206/206 207/207 179/179
f 1324/1324 1331/1331 1370/1370
f 2636/2636 2646/2646 2632/2632
f 207/207 422/422 412/412
f 1370/1370 1331/1331 1397/1397
f 2769/2769 2640/2640 2646/2646
f 412/412 208/208 207/207
f 207/207 208/208 179/179
f 2769/2769 2767/2767 2640/2640
f 90/90 179/179 56/56
f 179/179 80/80 56/56
f 2632/2632 2646/2646 2630/2630
f 2646/2646 2640/2640 2630/2630
f 2640/2640 2637/2637 2630/2630
f 2767/2767 2648/2648 2640/2640
f 179/179 208/208 80/80
f 576/576 575/575 574/574
f 1259/1259 1261/1261 1258/1258
f 575/575 573/573 574/574
f 1258/1258 1261/1261 1312/1312
f 573/573 572/572 574/574
f 1261/1261 1292/1292 1312/1312
f 584/584 574/574 572/572
f 1312/1312 1292/1292 1308/1308
f 1331/1331 1323/1323 1332/1332
f 1331/1331 1332/1332 1397/1397
f 1323/1323 1313/1313 1311/1311
f 1323/1323 1311/1311 1332/1332
f 1332/1332 1311/1311 1314/1314
f 1397/1397 1332/1332 1396/1396
f 412/412 413/413 208/208
f 2629/2629 2630/2630 2627/2627
f 2630/2630 2637/2637 2627/2627
f 2637/2637 2626/2626 2627/2627
f 413/413 457/457 79/79
f 1332/1332 1395/1395 1396/1396
f 1312/1312 1308/1308 1313/1313
f 1313/1313 1308/1308 1311/1311
f 1308/1308 1309/1309 1311/1311
f 835/835 822/822 825/825
f 847/847 835/835 825/825
f 2629/2629 2627/2627 2628/2628
f 2627/2627 2625/2625 2628/2628
f 1332/1332 1333/1333 1395/1395
f 1314/1314 1333/1333 1332/1332
f 1314/1314 1310/1310 1333/1333
f 847/847 825/825 833/833
f 1314/1314 1293/1293 1310/1310
f 1333/1333 1310/1310 1327/1327
f 573/573 570/570 572/572
f 834/834 832/832 831/831
f 1308/1308 1292/1292 1288/1288
f 572/572 585/585 584/584
f 1292/1292 1290/1290 1288/1288
f 570/570 571/571 569/569
f 570/570 568/568 572/572
f 572/572 581/581 585/585
f 1305/1305 1289/1289 1290/1290
f 569/569 568/568 570/570
f 569/569 567/567 568/568
f 568/568 581/581 572/572
f 1311/1311 1309/1309 1314/1314
f 1314/1314 1309/1309 1293/1293
f 833/833 826/826 832/832
f 833/833 825/825 826/826
f 1308/1308 1288/1288 1309/1309
f 832/832 826/826 831/831
f 826/826 825/825 821/821
f 825/825 822/822 821/821
f 822/822 818/818 821/821
f 822/822 849/849 818/818
f 1309/1309 1288/1288 1293/1293
f 1310/1310 1294/1294 1327/1327
f 1310/1310 1293/1293 1294/1294
f 1293/1293 1286/1286 1294/1294
f 1290/1290 1289/1289 1288/1288
f 831/831 826/826 830/830
f 1289/1289 1287/1287 1288/1288
f 1288/1288 1287/1287 1286/1286
f 1288/1288 1286/1286 1293/1293
f 1286/1286 1285/1285 1294/1294
f 581/581 568/568 582/582
f 1305/1305 1303/1303 1289/1289
f 568/568 566/566 582/582
f 568/568 567/567 566/566
f 566/566 567/567 564/564
f 566/566 583/583 582/582
f 826/826 827/827 830/830
f 826/826 821/821 827/827
f 836/836 830/830 827/827
f 1286/1286 1287/1287 1283/1283
f 1286/1286 1283/1283 1285/1285
f 1303/1303 1291/1291 1289/1289
f 1289/1289 1291/1291 1287/1287
f 1303/1303 1302/1302 1291/1291
f 1287/1287 1291/1291 1283/1283
f 1291/1291 1295/1295 1283/1283
f 1283/1283 1295/1295 1280/1280
f 1283/1283 1280/1280 1282/1282
f 2333/2333 2391/2391 2390/2390
f 3105/3105 3137/3137 3127/3127
f 3105/3105 3127/3127 3107/3107
f 2333/2333 2390/2390 2369/2369
f 2333/2333 2369/2369 2310/2310
f 2918/2918 2917/2917 2916/2916
f 2390/2390 2445/2445 2369/2369
f 2369/2369 2445/2445 2275/2275
f 2369/2369 2275/2275 2276/2276
f 2276/2276 2275/2275 2238/2238
f 2275/2275 2239/2239 2238/2238
f 566/566 565/565 583/583
f 1302/1302 1301/1301 1291/1291
f 1302/1302 1315/1315 1301/1301
f 1315/1315 1300/1300 1301/1301
f 3126/3126 3136/3136 3135/3135
f 3126/3126 3118/3118 3111/3111
f 3140/3140 3136/3136 3126/3126
f 564/564 565/565 566/566
f 564/564 563/563 562/562
f 565/565 564/564 562/562
f 562/562 561/561 565/565
f 565/565 561/561 588/588
f 3118/3118 3117/3117 3111/3111
f 2080/2080 2082/2082 2081/2081
f 3126/3126 3135/3135 3134/3134
f 3126/3126 3120/3120 3118/3118
f 3126/3126 3134/3134 3120/3120
f 3120/3120 3119/3119 3118/3118
f 2080/2080 2081/2081 2079/2079
f 2080/2080 2079/2079 2078/2078
f 3118/3118 3119/3119 3117/3117
f 3119/3119 3121/3121 3117/3117
f 562/562 563/563 560/560
f 560/560 561/561 562/562
f 1291/1291 1296/1296 1295/1295
f 1291/1291 1301/1301 1296/1296
f 1301/1301 1300/1300 1296/1296
f 1280/1280 1295/1295 1297/1297
f 1296/1296 1297/1297 1295/1295
f 1296/1296 1298/1298 1297/1297
f 3107/3107 3127/3127 3110/3110
f 3057/3057 3060/3060 3058/3058
f 3057/3057 3058/3058 3059/3059
f 3110/3110 3126/3126 3108/3108
f 3110/3110 3140/3140 3126/3126
f 3140/3140 3142/3142 3136/3136
f 3126/3126 3111/3111 3108/3108
f 3111/3111 3117/3117 3115/3115
f 2239/2239 2154/2154 2238/2238
f 2238/2238 2154/2154 2151/2151
f 2239/2239 2407/2407 2154/2154
f 2151/2151 2154/2154 2150/2150
f 2154/2154 2408/2408 2150/2150
f 3117/3117 3121/3121 3125/3125
f 3117/3117 3125/3125 3115/3115
f 3115/3115 3125/3125 3123/3123
f 1926/1926 1923/1923 1930/1930
f 1930/1930 1923/1923 1925/1925
f 3134/3134 3143/3143 3128/3128
f 3144/3144 3145/3145 3146/3146
f 2078/2078 2077/2077 2076/2076
f 2076/2076 2077/2077 2075/2075
f 2076/2076 2075/2075 2074/2074
f 3128/3128 3138/3138 3121/3121
f 3144/3144 3146/3146 3147/3147
f 3120/3120 3134/3134 3128/3128
f 3120/3120 3128/3128 3119/3119
f 2078/2078 2079/2079 2077/2077
f 3128/3128 3121/3121 3119/3119
f 3121/3121 3141/3141 3132/3132
f 561/561 560/560 559/559
f 3138/3138 3141/3141 3121/3121
f 3141/3141 3133/3133 3132/3132
f 1300/1300 1299/1299 1296/1296
f 561/561 587/587 588/588
f 1296/1296 1299/1299 1298/1298
f 587/587 561/561 586/586
f 1299/1299 1304/1304 1298/1298
f 1297/1297 1298/1298 1306/1306
f 1298/1298 1307/1307 1306/1306
f 3121/3121 3132/3132 3125/3125
f 3125/3125 3132/3132 3129/3129
f 3125/3125 3129/3129 3123/3123
f 1920/1920 1922/1922 1923/1923
f 3132/3132 3131/3131 3129/3129
f 3129/3129 3131/3131 3130/3130
f 1920/1920 1921/1921 1922/1922
f 2146/2146 2149/2149 2147/2147
f 1637/1637 1799/1799 1787/1787
f 1637/1637 1787/1787 1676/1676
f 1637/1637 1676/1676 1639/1639
f 1639/1639 1676/1676 1666/1666
f 1787/1787 1773/1773 1676/1676
f 124/124 166/166 150/150
f 1635/1635 1639/1639 1640/1640
f 1640/1640 1639/1639 1641/1641
f 122/122 120/120 123/123
f 1639/1639 1666/1666 1641/1641
f 123/123 120/120 124/124
f 124/124 120/120 166/166
f 1676/1676 1773/1773 1777/1777
f 1666/1666 1676/1676 1777/1777
f 1658/1658 1665/1665 1657/1657
f 1658/1658 1640/1640 1665/1665
f 122/122 121/121 120/120
f 122/122 203/203 121/121
f 203/203 154/154 121/121
f 203/203 469/469 154/154
f 1640/1640 1641/1641 1642/1642
f 121/121 119/119 120/120
f 121/121 154/154 119/119
f 1666/1666 1669/1669 1641/1641
f 1666/1666 1777/1777 1669/1669
f 120/120 159/159 166/166
f 119/119 117/117 120/120
f 120/120 117/117 159/159
f 1669/1669 1777/1777 1764/1764
f 1665/1665 1640/1640 1642/1642
f 1642/1642 1641/1641 1643/1643
f 117/117 116/116 159/159
f 1641/1641 1669/1669 1643/1643
f 1669/1669 1764/1764 1763/1763
f 1657/1657 1665/1665 1664/1664
f 1623/1623 1664/1664 1649/1649
f 469/469 467/467 154/154
f 1665/1665 1642/1642 1664/1664
f 154/154 467/467 155/155
f 154/154 155/155 119/119
f 119/119 155/155 118/118
f 119/119 118/118 117/117
f 1642/1642 1643/1643 1644/1644
f 1643/1643 1669/1669 1670/1670
f 1669/1669 1763/1763 1670/1670
f 1664/1664 1642/1642 1644/1644
f 467/467 468/468 155/155
f 155/155 115/115 118/118
f 155/155 468/468 115/115
f 1664/1664 1644/1644 1649/1649
f 1643/1643 1645/1645 1644/1644
f 1643/1643 1670/1670 1645/1645
f 118/118 115/115 114/114
f 115/115 112/112 114/114
f 117/117 118/118 114/114
f 117/117 114/114 116/116
f 114/114 113/113 116/116
f 116/116 113/113 189/189
f 114/114 112/112 113/113
f 1670/1670 1763/1763 1760/1760
f 1622/1622 1623/1623 1548/1548
f 169/169 183/183 468/468
f 1548/1548 1623/1623 1649/1649
f 1649/1649 1644/1644 1646/1646
f 1654/1654 1548/1548 1550/1550
f 1668/1668 1654/1654 1672/1672
f 1672/1672 1654/1654 1550/1550
f 105/105 103/103 99/99
f 1649/1649 1549/1549 1548/1548
f 1548/1548 1549/1549 1550/1550
f 1649/1649 1646/1646 1549/1549
f 108/108 99/99 183/183
f 99/99 110/110 183/183
f 105/105 99/99 108/108
f 1549/1549 1646/1646 1647/1647
f 468/468 183/183 115/115
f 1645/1645 1670/1670 1655/1655
f 1644/1644 1645/1645 1646/1646
f 1645/1645 1647/1647 1646/1646
f 1645/1645 1655/1655 1647/1647
f 1670/1670 1760/1760 1655/1655
f 189/189 113/113 258/258
f 1655/1655 1760/1760 1761/1761
f 115/115 183/183 110/110
f 115/115 110/110 112/112
f 110/110 109/109 112/112
f 112/112 109/109 111/111
f 112/112 111/111 113/113
f 113/113 191/191 258/258
f 1655/1655 1761/1761 1767/1767
f 111/111 191/191 113/113
f 2763/2763 2760/2760 2762/2762
f 103/103 93/93 99/99
f 103/103 171/171 91/91
f 2762/2762 2760/2760 2761/2761
f 103/103 91/91 93/93
f 93/93 97/97 99/99
f 1550/1550 1549/1549 1648/1648
f 2763/2763 2764/2764 2760/2760
f 1549/1549 1647/1647 1648/1648
f 99/99 97/97 110/110
f 2760/2760 2764/2764 2765/2765
f 1647/1647 1650/1650 1648/1648
f 91/91 196/196 84/84
f 2761/2761 2760/2760 2755/2755
f 2755/2755 2760/2760 2759/2759
f 91/91 84/84 85/85
f 91/91 85/85 93/93
f 85/85 94/94 93/93
f 84/84 75/75 85/85
f 85/85 75/75 94/94
f 1038/1038 1037/1037 1036/1036
f 97/97 93/93 95/95
f 93/93 94/94 95/95
f 1648/1648 1650/1650 1679/1679
f 1679/1679 1650/1650 1673/1673
f 1036/1036 1008/1008 1035/1035
f 1036/1036 1037/1037 1008/1008
f 94/94 101/101 95/95
f 95/95 101/101 100/100
f 1008/1008 1037/1037 1033/1033
f 110/110 97/97 109/109
f 1647/1647 1655/1655 1656/1656
f 1655/1655 1767/1767 1656/1656
f 1647/1647 1656/1656 1650/1650
f 1761/1761 1743/1743 1740/1740
f 111/111 102/102 191/191
f 191/191 102/102 281/281
f 1761/1761 1740/1740 1767/1767
f 109/109 97/97 98/98
f 1650/1650 1656/1656 1673/1673
f 95/95 98/98 97/97
f 109/109 98/98 111/111
f 1656/1656 1767/1767 1781/1781
f 111/111 98/98 102/102
f 1673/1673 1656/1656 1781/1781
f 95/95 100/100 98/98
f 1673/1673 1781/1781 1774/1774
f 98/98 100/100 102/102
f 1767/1767 1740/1740 1754/1754
f 1740/1740 1730/1730 1754/1754
f 1781/1781 1767/1767 1754/1754
f 84/84 74/74 75/75
f 94/94 75/75 96/96
f 94/94 96/96 101/101
f 1008/1008 1033/1033 1006/1006
f 96/96 307/307 101/101
f 101/101 307/307 104/104
f 2759/2759 2754/2754 2755/2755
f 2756/2756 2755/2755 2746/2746
f 2755/2755 2754/2754 2746/2746
f 2746/2746 2754/2754 2751/2751
f 75/75 78/78 96/96
f 96/96 78/78 307/307
f 1035/1035 1007/1007 1028/1028
f 1035/1035 1008/1008 1007/1007
f 1008/1008 999/999 1007/1007
f 1008/1008 1006/1006 999/999
f 74/74 63/63 75/75
f 74/74 70/70 63/63
f 75/75 63/63 78/78
f 63/63 72/72 78/78
f 78/78 72/72 308/308
f 2746/2746 2739/2739 2745/2745
f 2746/2746 2751/2751 2739/2739
f 1026/1026 1028/1028 998/998
f 78/78 308/308 307/307
f 1028/1028 1007/1007 998/998
f 1007/1007 999/999 998/998
f 995/995 990/990 999/999
f 999/999 990/990 998/998
f 1781/1781 1754/1754 1774/1774
f 102/102 100/100 202/202
f 101/101 104/104 100/100
f 100/100 104/104 202/202
f 102/102 293/293 281/281
f 102/102 202/202 293/293
f 281/281 293/293 383/383
f 1754/1754 1742/1742 1756/1756
f 1754/1754 1730/1730 1742/1742
f 1730/1730 1716/1716 1742/1742
f 307/307 288/288 104/104
f 104/104 288/288 202/202
f 288/288 364/364 202/202
f 202/202 363/363 293/293
f 394/394 293/293 363/363
f 1742/1742 1716/1716 1717/1717
f 1774/1774 1754/1754 1756/1756
f 999/999 1006/1006 995/995
f 995/995 1006/1006 1027/1027
f 995/995 994/994 990/990
f 995/995 1027/1027 994/994
f 2745/2745 2739/2739 2723/2723
f 1026/1026 998/998 1005/1005
f 998/998 988/988 1005/1005
f 63/63 1/1 3/3
f 2723/2723 2739/2739 2722/2722
f 2723/2723 2722/2722 2718/2718
f 2718/2718 2722/2722 2666/2666
f 63/63 3/3 72/72
f 72/72 3/3 294/294
f 3/3 260/260 294/294
f 1026/1026 1005/1005 1029/1029
f 988/988 987/987 986/986
f 72/72 294/294 308/308
f 990/990 988/988 998/998
f 2666/2666 2722/2722 2738/2738
f 1/1 2/2 3/3
f 1029/1029 1005/1005 1020/1020
f 3/3 2/2 260/260
f 1/1 4/4 2/2
f 294/294 260/260 295/295
f 260/260 261/261 295/295
f 1005/1005 993/993 1020/1020
f 1005/1005 988/988 993/993
f 988/988 986/986 993/993
f 986/986 987/987 985/985
f 364/364 387/387 386/386
f 202/202 364/364 363/363
f 1756/1756 1742/1742 1752/1752
f 1742/1742 1717/1717 1752/1752
f 364/364 386/386 363/363
f 1717/1717 1737/1737 1752/1752
f 1717/1717 1708/1708 1737/1737
f 1752/1752 1909/1909 1758/1758
f 1040/1040 1041/1041 1043/1043
f 1092/1092 1078/1078 1093/1093
f 1737/1737 1708/1708 1917/1917
f 1909/1909 1752/1752 1905/1905
f 1752/1752 1737/1737 1905/1905
f 1905/1905 1737/1737 1917/1917
f 990/990 994/994 989/989
f 1039/1039 989/989 994/994
f 990/990 989/989 988/988
f 989/989 987/987 988/988
f 1757/1757 1752/1752 1758/1758
f 1756/1756 1752/1752 1757/1757
f 1039/1039 1040/1040 989/989
f 989/989 1042/1042 987/987
f 989/989 1040/1040 1042/1042
f 1039/1039 1041/1041 1040/1040
f 1040/1040 1044/1044 1042/1042
f 1040/1040 1043/1043 1044/1044
f 260/260 2/2 261/261
f 2/2 254/254 261/261
f 993/993 986/986 992/992
f 986/986 985/985 983/983
f 986/986 983/983 992/992
f 1911/1911 1909/1909 1905/1905
f 1043/1043 1099/1099 1047/1047
f 1099/1099 1094/1094 1047/1047
f 1099/1099 1093/1093 1094/1094
f 1047/1047 1048/1048 1046/1046
f 1043/1043 1047/1047 1046/1046
f 1043/1043 1046/1046 1045/1045
f 1047/1047 1072/1072 1048/1048
f 1094/1094 1076/1076 1072/1072
f 1074/1074 1076/1076 1078/1078
f 1078/1078 1076/1076 1093/1093
f 1074/1074 1071/1071 1076/1076
f 1071/1071 1067/1067 1050/1050
f 1072/1072 1076/1076 1071/1071
f 1072/1072 1050/1050 1048/1048
f 1072/1072 1071/1071 1050/1050
f 1076/1076 1094/1094 1093/1093
f 1094/1094 1072/1072 1047/1047
f 1046/1046 1048/1048 1049/1049
f 1046/1046 1049/1049 1051/1051
f 1048/1048 1050/1050 1049/1049
f 1050/1050 1052/1052 1049/1049
f 1067/1067 1068/1068 1065/1065
f 1068/1068 1066/1066 1065/1065
f 1050/1050 1067/1067 1065/1065
f 1065/1065 1052/1052 1050/1050
f 1066/1066 1064/1064 1065/1065
f 1065/1065 1058/1058 1052/1052
f 1043/1043 1045/1045 1044/1044
f 985/985 984/984 983/983
f 984/984 981/981 983/983
f 991/991 983/983 982/982
f 1049/1049 1052/1052 1053/1053
f 1049/1049 1053/1053 1054/1054
f 1049/1049 1054/1054 1051/1051
f 1052/1052 1058/1058 1053/1053
f 1065/1065 1064/1064 1058/1058
f 1058/1058 1057/1057 1053/1053
f 1064/1064 1063/1063 1058/1058
f 1063/1063 1057/1057 1058/1058
f 1053/1053 1055/1055 1054/1054
f 1055/1055 1059/1059 1056/1056
f 1063/1063 1062/1062 1057/1057
f 1053/1053 1057/1057 1055/1055
f 1057/1057 1062/1062 1059/1059
f 1057/1057 1059/1059 1055/1055
f 981/981 982/982 983/983
f 981/981 961/961 982/982
f 1055/1055 1056/1056 1054/1054
f 961/961 959/959 960/960
f 1062/1062 1060/1060 1059/1059
f 1059/1059 1060/1060 1056/1056
f 1060/1060 1061/1061 1056/1056
f 959/959 953/953 955/955
f 2156/2156 2155/2155 2167/2167
f 2171/2171 2164/2164 2165/2165
f 2156/2156 2151/2151 2155/2155
f 2151/2151 2148/2148 2155/2155
f 2151/2151 2150/2150 2148/2148
f 1925/1925 1923/1923 1922/1922
f 2150/2150 2146/2146 2148/2148
f 2163/2163 2159/2159 2162/2162
f 2163/2163 2161/2161 2159/2159
f 2164/2164 2162/2162 2165/2165
f 2164/2164 2163/2163 2162/2162
f 948/948 947/947 943/943
f 947/947 944/944 943/943
f 2165/2165 2162/2162 2166/2166
f 946/946 943/943 941/941
f 948/948 943/943 946/946
f 2779/2779 2777/2777 2781/2781
f 943/943 944/944 940/940
f 944/944 945/945 940/940
f 940/940 945/945 950/950
f 941/941 943/943 940/940
f 2781/2781 2777/2777 2780/2780
f 2162/2162 2168/2168 2166/2166
f 2146/2146 2147/2147 2148/2148
f 2147/2147 2152/2152 2161/2161
f 2152/2152 2159/2159 2161/2161
f 946/946 941/941 942/942
f 942/942 939/939 937/937
f 2162/2162 2160/2160 2168/2168
f 2162/2162 2159/2159 2160/2160
f 941/941 940/940 939/939
f 2777/2777 2775/2775 2780/2780
f 2778/2778 2776/2776 2777/2777
f 941/941 939/939 942/942
f 939/939 940/940 938/938
f 940/940 950/950 938/938
f 2160/2160 2172/2172 2168/2168
f 2776/2776 2775/2775 2777/2777
f 2159/2159 2153/2153 2160/2160
f 939/939 938/938 937/937
f 1755/1755 1744/1744 1749/1749
f 1777/1777 1773/1773 1759/1759
f 1773/1773 1755/1755 1759/1759
f 1755/1755 1749/1749 1759/1759
f 1777/1777 1759/1759 1764/1764
f 159/159 249/249 166/166
f 1759/1759 1750/1750 1764/1764
f 166/166 249/249 259/259
f 259/259 249/249 333/333
f 1759/1759 1749/1749 1748/1748
f 358/358 259/259 333/333
f 1749/1749 1733/1733 1748/1748
f 1759/1759 1748/1748 1750/1750
f 159/159 116/116 190/190
f 249/249 159/159 190/190
f 190/190 285/285 249/249
f 190/190 116/116 189/189
f 1764/1764 1750/1750 1763/1763
f 285/285 333/333 249/249
f 333/333 376/376 377/377
f 1748/1748 1729/1729 1741/1741
f 333/333 285/285 376/376
f 1750/1750 1748/1748 1741/1741
f 1748/1748 1733/1733 1729/1729
f 1733/1733 1728/1728 1729/1729
f 1728/1728 1726/1726 1729/1729
f 1729/1729 1726/1726 1725/1725
f 1729/1729 1725/1725 1741/1741
f 190/190 189/189 285/285
f 1763/1763 1750/1750 1746/1746
f 1750/1750 1741/1741 1746/1746
f 285/285 372/372 376/376
f 1746/1746 1741/1741 1736/1736
f 372/372 285/285 286/286
f 285/285 189/189 286/286
f 189/189 258/258 286/286
f 1763/1763 1746/1746 1747/1747
f 1746/1746 1736/1736 1747/1747
f 1763/1763 1747/1747 1760/1760
f 1741/1741 1725/1725 1736/1736
f 1725/1725 1721/1721 1723/1723
f 1736/1736 1725/1725 1723/1723
f 286/286 373/373 372/372
f 1726/1726 1724/1724 1725/1725
f 1724/1724 1722/1722 1721/1721
f 1725/1725 1724/1724 1721/1721
f 1095/1095 1088/1088 1096/1096
f 1722/1722 1719/1719 1721/1721
f 258/258 311/311 286/286
f 1747/1747 1735/1735 1743/1743
f 286/286 311/311 373/373
f 311/311 453/453 373/373
f 1747/1747 1736/1736 1735/1735
f 1736/1736 1723/1723 1735/1735
f 1760/1760 1747/1747 1743/1743
f 1761/1761 1760/1760 1743/1743
f 311/311 258/258 310/310
f 258/258 191/191 310/310
f 311/311 310/310 453/453
f 1723/1723 1720/1720 1715/1715
f 1720/1720 1719/1719 1715/1715
f 1715/1715 1719/1719 1718/1718
f 1735/1735 1731/1731 1743/1743
f 1735/1735 1723/1723 1731/1731
f 1731/1731 1723/1723 1715/1715
f 1719/1719 1720/1720 1721/1721
f 1721/1721 1720/1720 1723/1723
f 1088/1088 1087/1087 1085/1085
f 1087/1087 1086/1086 1085/1085
f 310/310 191/191 281/281
f 1743/1743 1731/1731 1740/1740
f 310/310 281/281 383/383
f 383/383 453/453 310/310
f 1740/1740 1731/1731 1713/1713
f 1740/1740 1713/1713 1730/1730
f 1718/1718 1714/1714 1715/1715
f 1715/1715 1713/1713 1731/1731
f 1715/1715 1714/1714 1713/1713
f 1730/1730 1713/1713 1710/1710
f 1085/1085 1083/1083 1084/1084
f 1086/1086 1083/1083 1085/1085
f 1086/1086 1091/1091 1083/1083
f 1718/1718 1712/1712 1714/1714
f 1713/1713 1714/1714 1712/1712
f 1713/1713 1712/1712 1710/1710
f 1730/1730 1710/1710 1716/1716
f 383/383 293/293 394/394
f 1083/1083 1082/1082 1084/1084
f 1712/1712 1711/1711 1710/1710
f 1710/1710 1709/1709 1706/1706
f 1710/1710 1706/1706 1716/1716
f 1716/1716 1706/1706 1717/1717
f 1100/1100 1080/1080 1083/1083
f 1083/1083 1080/1080 1082/1082
f 1711/1711 1709/1709 1710/1710
f 1082/1082 1080/1080 1081/1081
f 1080/1080 1077/1077 1079/1079
f 1706/1706 1709/1709 1707/1707
f 1706/1706 1707/1707 1708/1708
f 1717/1717 1706/1706 1708/1708
f 1081/1081 1080/1080 1079/1079
f 1077/1077 1078/1078 1079/1079
f 1073/1073 1074/1074 1077/1077
f 1077/1077 1074/1074 1078/1078
f 1078/1078 1092/1092 1079/1079
f 1074/1074 1069/1069 1071/1071
f 1071/1071 1069/1069 1067/1067
f 1984/1984 1977/1977 1978/1978
f 1984/1984 1980/1980 1977/1977
f 3006/3006 3001/3001 3003/3003
f 3001/3001 3004/3004 3002/3002
f 3001/3001 3002/3002 3003/3003
f 1977/1977 1976/1976 1978/1978
f 1978/1978 1976/1976 1986/1986
f 3006/3006 3003/3003 3007/3007
f 3078/3078 3074/3074 3079/3079
f 3078/3078 3077/3077 3074/3074
f 1977/1977 1975/1975 1976/1976
f 1977/1977 1980/1980 1975/1975
f 929/929 917/917 919/919
f 1975/1975 1974/1974 1976/1976
f 1976/1976 1974/1974 1985/1985
f 3079/3079 3074/3074 3072/3072
f 3077/3077 3076/3076 3074/3074
f 919/919 916/916 921/921
f 3003/3003 3002/3002 3005/3005
f 3003/3003 3005/3005 3007/3007
f 3002/3002 3017/3017 3005/3005
f 921/921 916/916 922/922
f 919/919 917/917 916/916
f 3007/3007 3005/3005 3008/3008
f 3007/3007 3008/3008 3009/3009
f 3005/3005 3017/3017 3008/3008
f 3009/3009 3008/3008 3010/3010
f 3008/3008 3017/3017 3010/3010
f 3076/3076 3075/3075 3074/3074
f 3009/3009 3010/3010 3011/3011
f 3017/3017 3016/3016 3010/3010
f 2860/2860 2862/2862 2861/2861
f 2860/2860 2869/2869 2863/2863
f 2860/2860 2863/2863 2862/2862
f 2781/2781 2780/2780 2787/2787
f 2869/2869 2865/2865 2863/2863
f 2869/2869 2870/2870 2865/2865
f 2863/2863 2864/2864 2862/2862
f 2863/2863 2865/2865 2864/2864
f 1975/1975 1980/1980 1979/1979
f 3079/3079 3072/3072 3071/3071
f 3074/3074 3073/3073 3072/3072
f 1974/1974 1973/1973 1985/1985
f 3071/3071 3072/3072 3070/3070
f 1974/1974 1975/1975 1970/1970
f 1975/1975 1979/1979 1970/1970
f 3072/3072 3073/3073 3070/3070
f 1970/1970 1979/1979 1981/1981
f 1974/1974 1970/1970 1973/1973
f 3071/3071 3070/3070 3068/3068
f 3068/3068 3070/3070 3067/3067
f 3070/3070 3093/3093 3067/3067
f 3070/3070 3073/3073 3093/3093
f 3068/3068 3067/3067 3061/3061
f 3067/3067 3064/3064 3061/3061
f 1970/1970 1981/1981 1982/1982
f 1970/1970 1982/1982 1967/1967
f 1970/1970 1971/1971 1973/1973
f 1970/1970 1969/1969 1971/1971
f 3068/3068 3061/3061 3069/3069
f 3061/3061 3064/3064 3062/3062
f 3067/3067 3093/3093 3066/3066
f 3067/3067 3066/3066 3064/3064
f 3064/3064 3066/3066 3065/3065
f 2878/2878 2873/2873 2872/2872
f 3094/3094 3095/3095 3096/3096
f 3073/3073 3085/3085 3093/3093
f 917/917 915/915 916/916
f 916/916 914/914 922/922
f 916/916 915/915 914/914
f 3074/3074 3075/3075 3073/3073
f 3011/3011 3010/3010 3012/3012
f 3017/3017 3018/3018 3016/3016
f 3010/3010 3016/3016 3012/3012
f 3018/3018 3014/3014 3016/3016
f 3016/3016 3014/3014 3012/3012
f 914/914 915/915 911/911
f 914/914 911/911 913/913
f 3075/3075 3080/3080 3073/3073
f 3075/3075 3081/3081 3080/3080
f 3073/3073 3080/3080 3085/3085
f 3080/3080 3081/3081 3082/3082
f 926/926 918/918 917/917
f 917/917 918/918 915/915
f 915/915 918/918 920/920
f 915/915 920/920 911/911
f 926/926 927/927 918/918
f 925/925 935/935 924/924
f 925/925 924/924 911/911
f 3064/3064 3065/3065 3062/3062
f 2872/2872 2873/2873 2874/2874
f 2873/2873 2875/2875 2874/2874
f 3090/3090 3093/3093 3086/3086
f 3090/3090 3086/3086 3088/3088
f 935/935 934/934 924/924
f 911/911 924/924 909/909
f 911/911 910/910 913/913
f 911/911 909/909 910/910
f 3085/3085 3080/3080 3083/3083
f 3080/3080 3082/3082 3083/3083
f 3014/3014 3013/3013 3012/3012
f 3085/3085 3086/3086 3093/3093
f 3085/3085 3083/3083 3086/3086
f 3013/3013 3014/3014 3015/3015
f 3014/3014 3019/3019 3015/3015
f 3083/3083 3082/3082 3084/3084
f 3013/3013 3015/3015 3022/3022
f 2865/2865 2866/2866 2864/2864
f 2780/2780 2775/2775 2782/2782
f 2870/2870 2867/2867 2865/2865
f 2865/2865 2867/2867 2866/2866
f 1448/1448 1447/1447 1446/1446
f 1970/1970 1967/1967 1969/1969
f 3061/3061 3062/3062 3063/3063
f 930/930 928/928 927/927
f 930/930 931/931 928/928
f 3097/3097 3098/3098 3099/3099
f 3099/3099 3098/3098 3100/3100
f 1967/1967 1968/1968 1969/1969
f 931/931 932/932 928/928
f 1969/1969 1968/1968 1972/1972
f 3100/3100 3098/3098 3101/3101
f 3099/3099 3100/3100 3102/3102
f 931/931 933/933 932/932
f 1967/1967 1982/1982 1983/1983
f 927/927 928/928 918/918
f 924/924 934/934 912/912
f 924/924 912/912 909/909
f 2874/2874 2875/2875 2876/2876
f 934/934 936/936 912/912
f 2876/2876 2875/2875 2877/2877
f 912/912 908/908 909/909
f 3086/3086 3087/3087 3088/3088
f 3086/3086 3083/3083 3087/3087
f 3088/3088 3087/3087 3089/3089
f 909/909 907/907 910/910
f 3087/3087 3083/3083 3091/3091
f 3083/3083 3084/3084 3091/3091
f 3022/3022 3015/3015 3021/3021
f 3021/3021 3015/3015 3020/3020
f 3019/3019 3020/3020 3015/3015
f 910/910 907/907 923/923
f 909/909 908/908 907/907
f 3084/3084 3092/3092 3091/3091
f 818/818 816/816 814/814
f 816/816 813/813 814/814
f 818/818 814/814 820/820
f 814/814 813/813 807/807
f 807/807 813/813 812/812
f 820/820 814/814 819/819
f 814/814 807/807 819/819
f 1282/1282 1280/1280 1281/1281
f 1282/1282 1281/1281 1320/1320
f 1320/1320 1281/1281 1322/1322
f 2621/2621 2620/2620 2618/2618
f 2618/2618 2620/2620 2619/2619
f 1280/1280 1278/1278 1281/1281
f 1322/1322 1281/1281 1321/1321
f 1322/1322 1321/1321 1378/1378
f 2618/2618 2619/2619 2616/2616
f 807/807 812/812 808/808
f 2618/2618 2616/2616 2617/2617
f 1281/1281 1278/1278 1321/1321
f 1378/1378 1321/1321 1379/1379
f 2619/2619 2639/2639 2616/2616
f 1280/1280 1279/1279 1278/1278
f 819/819 807/807 809/809
f 819/819 809/809 828/828
f 807/807 808/808 809/809
f 809/809 808/808 810/810
f 808/808 817/817 810/810
f 1278/1278 1318/1318 1321/1321
f 1321/1321 1318/1318 1379/1379
f 2617/2617 2616/2616 2614/2614
f 2616/2616 2615/2615 2614/2614
f 2639/2639 2638/2638 2616/2616
f 2616/2616 2638/2638 2615/2615
f 828/828 809/809 829/829
f 1279/1279 1277/1277 1278/1278
f 1278/1278 1277/1277 1276/1276
f 829/829 809/809 823/823
f 809/809 811/811 823/823
f 1306/1306 1277/1277 1279/1279
f 1318/1318 1373/1373 1379/1379
f 411/411 490/490 81/81
f 809/809 810/810 811/811
f 811/811 810/810 815/815
f 810/810 817/817 815/815
f 1278/1278 1276/1276 1318/1318
f 1318/1318 1325/1325 1373/1373
f 1276/1276 1284/1284 1318/1318
f 2614/2614 2615/2615 2613/2613
f 2615/2615 2638/2638 2623/2623
f 2638/2638 2744/2744 2623/2623
f 2615/2615 2623/2623 2613/2613
f 2742/2742 2718/2718 2668/2668
f 2718/2718 2666/2666 2668/2668
f 2752/2752 2728/2728 2726/2726
f 2728/2728 2668/2668 2717/2717
f 2742/2742 2668/2668 2728/2728
f 2668/2668 2667/2667 2669/2669
f 2752/2752 2726/2726 2767/2767
f 2767/2767 2726/2726 2648/2648
f 80/80 55/55 56/56
f 2640/2640 2648/2648 2637/2637
f 2726/2726 2728/2728 2717/2717
f 56/56 10/10 9/9
f 2717/2717 2669/2669 2672/2672
f 9/9 7/7 5/5
f 2668/2668 2669/2669 2717/2717
f 5/5 7/7 6/6
f 2669/2669 2670/2670 2671/2671
f 2669/2669 2671/2671 2672/2672
f 2717/2717 2672/2672 2726/2726
f 56/56 55/55 10/10
f 9/9 10/10 7/7
f 7/7 10/10 11/11
f 7/7 11/11 62/62
f 2672/2672 2671/2671 2673/2673
f 2671/2671 2685/2685 2673/2673
f 2626/2626 2637/2637 2641/2641
f 2637/2637 2648/2648 2641/2641
f 208/208 413/413 80/80
f 413/413 79/79 80/80
f 80/80 79/79 55/55
f 2726/2726 2675/2675 2648/2648
f 2726/2726 2672/2672 2675/2675
f 2648/2648 2675/2675 2729/2729
f 2627/2627 2626/2626 2625/2625
f 457/457 501/501 199/199
f 457/457 199/199 79/79
f 2648/2648 2729/2729 2641/2641
f 79/79 68/68 55/55
f 55/55 68/68 13/13
f 199/199 68/68 79/79
f 2729/2729 2675/2675 2676/2676
f 2641/2641 2729/2729 2642/2642
f 2729/2729 2713/2713 2642/2642
f 13/13 68/68 16/16
f 2729/2729 2676/2676 2713/2713
f 2676/2676 2678/2678 2713/2713
f 55/55 13/13 10/10
f 2675/2675 2672/2672 2674/2674
f 2672/2672 2673/2673 2674/2674
f 2673/2673 2685/2685 2674/2674
f 2674/2674 2685/2685 2684/2684
f 2675/2675 2674/2674 2676/2676
f 13/13 12/12 10/10
f 10/10 12/12 11/11
f 2676/2676 2677/2677 2678/2678
f 13/13 14/14 12/12
f 2676/2676 2674/2674 2677/2677
f 2674/2674 2684/2684 2677/2677
f 11/11 23/23 54/54
f 12/12 23/23 11/11
f 2641/2641 2642/2642 2626/2626
f 818/818 849/849 816/816
f 2625/2625 2626/2626 2622/2622
f 2626/2626 2642/2642 2622/2622
f 1327/1327 1388/1388 1333/1333
f 501/501 197/197 199/199
f 199/199 197/197 68/68
f 2642/2642 2713/2713 2721/2721
f 197/197 51/51 68/68
f 68/68 51/51 16/16
f 2713/2713 2678/2678 2679/2679
f 1294/1294 1320/1320 1327/1327
f 2625/2625 2622/2622 2624/2624
f 1294/1294 1285/1285 1320/1320
f 1327/1327 1368/1368 1388/1388
f 2622/2622 2642/2642 2643/2643
f 2642/2642 2721/2721 2643/2643
f 197/197 198/198 51/51
f 2721/2721 2713/2713 2692/2692
f 2713/2713 2679/2679 2692/2692
f 16/16 51/51 14/14
f 51/51 19/19 14/14
f 19/19 17/17 14/14
f 16/16 14/14 13/13
f 14/14 15/15 12/12
f 2678/2678 2677/2677 2679/2679
f 12/12 22/22 23/23
f 23/23 22/22 53/53
f 2684/2684 2725/2725 2677/2677
f 12/12 15/15 22/22
f 2677/2677 2725/2725 2680/2680
f 14/14 17/17 15/15
f 2679/2679 2677/2677 2680/2680
f 17/17 18/18 15/15
f 22/22 20/20 52/52
f 15/15 20/20 22/22
f 15/15 18/18 20/20
f 2679/2679 2680/2680 2681/2681
f 2624/2624 2622/2622 2621/2621
f 1327/1327 1320/1320 1368/1368
f 1320/1320 1366/1366 1368/1368
f 1285/1285 1282/1282 1320/1320
f 1285/1285 1283/1283 1282/1282
f 2721/2721 2693/2693 2643/2643
f 2721/2721 2692/2692 2693/2693
f 2622/2622 2620/2620 2621/2621
f 2622/2622 2643/2643 2620/2620
f 1368/1368 1366/1366 1380/1380
f 198/198 181/181 51/51
f 2620/2620 2643/2643 2644/2644
f 181/181 76/76 51/51
f 2643/2643 2693/2693 2644/2644
f 51/51 76/76 32/32
f 2692/2692 2687/2687 2693/2693
f 2679/2679 2681/2681 2692/2692
f 2692/2692 2681/2681 2687/2687
f 51/51 32/32 19/19
f 19/19 32/32 29/29
f 17/17 19/19 28/28
f 1320/1320 1322/1322 1366/1366
f 1366/1366 1322/1322 1378/1378
f 1366/1366 1378/1378 1380/1380
f 2619/2619 2620/2620 2639/2639
f 2620/2620 2644/2644 2639/2639
f 181/181 182/182 76/76
f 19/19 29/29 28/28
f 2693/2693 2688/2688 2644/2644
f 2693/2693 2687/2687 2688/2688
f 2687/2687 2686/2686 2688/2688
f 17/17 28/28 18/18
f 2680/2680 2682/2682 2681/2681
f 2681/2681 2682/2682 2683/2683
f 20/20 18/18 21/21
f 2687/2687 2681/2681 2686/2686
f 2681/2681 2683/2683 2686/2686
f 28/28 21/21 18/18
f 28/28 27/27 21/21
f 28/28 33/33 27/27
f 21/21 27/27 25/25
f 182/182 69/69 76/76
f 76/76 69/69 32/32
f 182/182 411/411 69/69
f 32/32 69/69 31/31
f 2639/2639 2644/2644 2694/2694
f 2644/2644 2688/2688 2694/2694
f 2688/2688 2691/2691 2694/2694
f 2694/2694 2691/2691 2695/2695
f 32/32 31/31 29/29
f 29/29 31/31 30/30
f 29/29 30/30 28/28
f 2688/2688 2686/2686 2691/2691
f 2691/2691 2686/2686 2702/2702
f 2639/2639 2694/2694 2744/2744
f 2638/2638 2639/2639 2744/2744
f 69/69 35/35 31/31
f 31/31 35/35 34/34
f 2694/2694 2695/2695 2744/2744
f 31/31 34/34 30/30
f 2691/2691 2702/2702 2697/2697
f 2695/2695 2691/2691 2697/2697
f 2686/2686 2683/2683 2689/2689
f 30/30 33/33 28/28
f 30/30 38/38 33/33
f 2702/2702 2686/2686 2701/2701
f 2686/2686 2689/2689 2701/2701
f 27/27 40/40 25/25
f 33/33 39/39 27/27
f 27/27 39/39 40/40
f 2702/2702 2701/2701 2697/2697
f 33/33 38/38 39/39
f 30/30 34/34 38/38
f 2697/2697 2701/2701 2698/2698
f 38/38 41/41 39/39
f 2689/2689 2705/2705 2701/2701
f 2701/2701 2705/2705 2698/2698
f 39/39 41/41 40/40
f 2689/2689 2708/2708 2705/2705
f 411/411 81/81 69/69
f 69/69 81/81 35/35
f 81/81 71/71 35/35
f 2695/2695 2699/2699 2700/2700
f 2695/2695 2700/2700 2744/2744
f 2700/2700 2699/2699 2703/2703
f 2695/2695 2697/2697 2699/2699
f 2697/2697 2698/2698 2699/2699
f 35/35 36/36 34/34
f 2699/2699 2698/2698 2704/2704
f 2744/2744 2700/2700 2743/2743
f 36/36 37/37 34/34
f 34/34 37/37 38/38
f 38/38 37/37 41/41
f 37/37 47/47 41/41
f 2698/2698 2705/2705 2709/2709
f 2704/2704 2698/2698 2709/2709
f 2709/2709 2705/2705 2710/2710
f 2709/2709 2710/2710 2737/2737
f 2705/2705 2708/2708 2710/2710
f 2708/2708 2712/2712 2710/2710
f 2710/2710 2724/2724 2737/2737
f 41/41 49/49 44/44
f 49/49 48/48 44/44
f 2710/2710 2712/2712 2724/2724
f 2709/2709 2737/2737 2704/2704
f 41/41 47/47 49/49
f 2666/2666 2667/2667 2668/2668
f 2666/2666 2738/2738 2667/2667
f 4/4 5/5 2/2
f 5/5 6/6 2/2
f 2/2 6/6 254/254
f 1031/1031 1020/1020 1021/1021
f 1020/1020 996/996 1021/1021
f 1020/1020 993/993 996/996
f 996/996 993/993 992/992
f 6/6 251/251 254/254
f 2669/2669 2667/2667 2670/2670
f 1031/1031 1021/1021 1024/1024
f 1021/1021 996/996 997/997
f 992/992 997/997 996/996
f 1024/1024 1021/1021 1015/1015
f 254/254 251/251 278/278
f 6/6 7/7 62/62
f 6/6 62/62 251/251
f 2670/2670 2736/2736 2671/2671
f 1024/1024 1015/1015 1019/1019
f 251/251 62/62 278/278
f 997/997 992/992 991/991
f 1021/1021 997/997 1015/1015
f 992/992 983/983 991/991
f 997/997 991/991 980/980
f 1015/1015 1000/1000 1019/1019
f 62/62 277/277 278/278
f 2671/2671 2736/2736 2685/2685
f 2736/2736 2735/2735 2685/2685
f 1019/1019 1000/1000 1018/1018
f 1015/1015 997/997 1000/1000
f 997/997 980/980 1000/1000
f 991/991 982/982 980/980
f 1000/1000 980/980 1001/1001
f 961/961 960/960 982/982
f 11/11 54/54 62/62
f 62/62 54/54 277/277
f 1000/1000 1002/1002 1018/1018
f 54/54 92/92 277/277
f 1001/1001 980/980 979/979
f 277/277 92/92 339/339
f 980/980 960/960 979/979
f 1000/1000 1001/1001 1002/1002
f 1001/1001 979/979 1002/1002
f 2685/2685 2725/2725 2684/2684
f 2685/2685 2735/2735 2725/2725
f 2735/2735 2734/2734 2725/2725
f 1018/1018 1002/1002 1025/1025
f 54/54 23/23 53/53
f 54/54 53/53 92/92
f 53/53 64/64 92/92
f 92/92 269/269 339/339
f 1002/1002 1003/1003 1010/1010
f 979/979 1003/1003 1002/1002
f 980/980 982/982 960/960
f 960/960 959/959 958/958
f 959/959 955/955 958/958
f 960/960 958/958 979/979
f 979/979 958/958 957/957
f 955/955 957/957 958/958
f 53/53 22/22 64/64
f 64/64 269/269 92/92
f 1025/1025 1002/1002 1010/1010
f 2725/2725 2734/2734 2730/2730
f 1025/1025 1010/1010 1034/1034
f 2680/2680 2725/2725 2730/2730
f 22/22 52/52 64/64
f 979/979 957/957 1003/1003
f 64/64 89/89 269/269
f 1003/1003 1004/1004 1010/1010
f 1003/1003 956/956 1004/1004
f 1010/1010 1004/1004 1011/1011
f 64/64 65/65 89/89
f 64/64 52/52 65/65
f 1010/1010 1011/1011 1034/1034
f 65/65 87/87 89/89
f 2730/2730 2715/2715 2680/2680
f 953/953 954/954 955/955
f 955/955 954/954 956/956
f 954/954 962/962 956/956
f 957/957 956/956 1003/1003
f 955/955 956/956 957/957
f 1004/1004 956/956 967/967
f 956/956 962/962 967/967
f 954/954 963/963 962/962
f 2680/2680 2715/2715 2682/2682
f 20/20 24/24 52/52
f 52/52 24/24 65/65
f 21/21 24/24 20/20
f 2715/2715 2696/2696 2682/2682
f 65/65 24/24 66/66
f 2730/2730 2750/2750 2715/2715
f 2715/2715 2750/2750 2741/2741
f 65/65 66/66 87/87
f 1011/1011 1009/1009 1030/1030
f 2715/2715 2741/2741 2696/2696
f 66/66 77/77 87/87
f 2682/2682 2690/2690 2683/2683
f 2682/2682 2696/2696 2690/2690
f 21/21 25/25 24/24
f 2696/2696 2706/2706 2690/2690
f 24/24 26/26 66/66
f 25/25 26/26 24/24
f 66/66 26/26 77/77
f 2696/2696 2741/2741 2733/2733
f 2696/2696 2733/2733 2706/2706
f 25/25 42/42 26/26
f 42/42 61/61 26/26
f 1004/1004 967/967 1009/1009
f 962/962 963/963 964/964
f 963/963 965/965 964/964
f 962/962 964/964 967/967
f 964/964 965/965 966/966
f 1011/1011 1004/1004 1009/1009
f 967/967 1012/1012 1009/1009
f 2741/2741 2749/2749 2733/2733
f 1030/1030 1009/1009 1016/1016
f 1009/1009 1012/1012 1016/1016
f 967/967 968/968 1012/1012
f 26/26 61/61 77/77
f 1016/1016 1012/1012 1013/1013
f 1012/1012 968/968 1013/1013
f 967/967 964/964 968/968
f 964/964 966/966 968/968
f 966/966 969/969 968/968
f 2683/2683 2690/2690 2689/2689
f 25/25 40/40 42/42
f 2689/2689 2690/2690 2707/2707
f 2690/2690 2706/2706 2707/2707
f 61/61 42/42 46/46
f 2706/2706 2733/2733 2731/2731
f 2733/2733 2749/2749 2731/2731
f 41/41 44/44 40/40
f 2689/2689 2707/2707 2708/2708
f 40/40 43/43 42/42
f 2706/2706 2711/2711 2707/2707
f 42/42 43/43 46/46
f 2706/2706 2731/2731 2711/2711
f 2731/2731 2732/2732 2711/2711
f 46/46 43/43 45/45
f 46/46 45/45 58/58
f 61/61 46/46 73/73
f 2749/2749 2747/2747 2731/2731
f 1013/1013 968/968 973/973
f 969/969 973/973 968/968
f 966/966 970/970 969/969
f 969/969 971/971 973/973
f 969/969 970/970 971/971
f 2731/2731 2747/2747 2732/2732
f 1016/1016 1013/1013 1017/1017
f 46/46 58/58 73/73
f 58/58 82/82 73/73
f 1017/1017 1013/1013 1014/1014
f 1013/1013 973/973 1014/1014
f 971/971 974/974 973/973
f 973/973 974/974 1014/1014
f 2708/2708 2707/2707 2712/2712
f 40/40 44/44 43/43
f 2707/2707 2711/2711 2712/2712
f 44/44 48/48 45/45
f 44/44 45/45 43/43
f 45/45 57/57 58/58
f 2711/2711 2732/2732 2716/2716
f 2712/2712 2711/2711 2714/2714
f 2711/2711 2716/2716 2714/2714
f 2724/2724 2712/2712 2719/2719
f 2712/2712 2714/2714 2719/2719
f 58/58 57/57 82/82
f 2747/2747 2740/2740 2732/2732
f 1017/1017 1014/1014 1022/1022
f 2732/2732 2740/2740 2716/2716
f 1022/1022 1014/1014 1023/1023
f 971/971 975/975 974/974
f 1014/1014 974/974 1023/1023
f 1023/1023 974/974 976/976
f 45/45 50/50 57/57
f 82/82 57/57 83/83
f 975/975 976/976 974/974
f 972/972 971/971 970/970
f 971/971 977/977 975/975
f 972/972 977/977 971/971
f 977/977 978/978 975/975
f 2475/2475 2469/2469 2470/2470
f 2063/2063 2058/2058 2057/2057
f 2475/2475 2474/2474 2469/2469
f 2907/2907 2906/2906 2905/2905
f 2906/2906 2903/2903 2905/2905
f 2057/2057 2058/2058 2053/2053
f 2057/2057 2053/2053 2056/2056
f 2903/2903 2904/2904 2905/2905
f 2057/2057 2056/2056 2059/2059
f 2469/2469 2474/2474 2473/2473
f 2053/2053 2052/2052 2056/2056
f 2056/2056 2052/2052 2059/2059
f 2901/2901 2898/2898 2897/2897
f 2907/2907 2905/2905 2908/2908
f 2460/2460 2455/2455 2453/2453
f 2897/2897 2898/2898 2895/2895
f 2460/2460 2453/2453 2459/2459
f 2453/2453 2451/2451 2459/2459
f 2455/2455 2454/2454 2453/2453
f 2453/2453 2452/2452 2451/2451
f 2453/2453 2454/2454 2452/2452
f 2052/2052 2060/2060 2059/2059
f 2469/2469 2473/2473 2468/2468
f 2897/2897 2895/2895 2896/2896
f 2469/2469 2468/2468 2466/2466
f 2469/2469 2466/2466 2470/2470
f 2058/2058 2051/2051 2053/2053
f 2053/2053 2051/2051 2052/2052
f 2051/2051 2048/2048 2052/2052
f 2058/2058 2062/2062 2051/2051
f 2896/2896 2895/2895 2894/2894
f 2466/2466 2468/2468 2467/2467
f 2896/2896 2894/2894 2900/2900
f 2062/2062 2049/2049 2051/2051
f 2051/2051 2049/2049 2048/2048
f 2895/2895 2893/2893 2894/2894
f 2459/2459 2451/2451 2458/2458
f 2451/2451 2452/2452 2450/2450
f 2048/2048 2047/2047 2052/2052
f 2052/2052 2061/2061 2060/2060
f 2052/2052 2047/2047 2061/2061
f 2467/2467 2462/2462 2466/2466
f 2465/2465 2466/2466 2462/2462
f 2049/2049 2046/2046 2048/2048
f 2458/2458 2451/2451 2449/2449
f 2451/2451 2450/2450 2449/2449
f 2900/2900 2894/2894 2891/2891
f 2458/2458 2449/2449 2457/2457
f 2894/2894 2893/2893 2891/2891
f 2891/2891 2893/2893 2892/2892
f 2048/2048 2046/2046 2047/2047
f 2891/2891 2902/2902 2900/2900
f 2462/2462 2464/2464 2465/2465
f 2462/2462 2467/2467 2471/2471
f 2049/2049 2050/2050 2046/2046
f 2457/2457 2449/2449 2447/2447
f 2457/2457 2447/2447 2456/2456
f 2462/2462 2471/2471 2472/2472
f 2902/2902 2891/2891 2899/2899
f 2457/2457 2456/2456 2461/2461
f 2892/2892 2890/2890 2891/2891
f 2047/2047 2055/2055 2061/2061
f 2449/2449 2450/2450 2448/2448
f 2046/2046 2045/2045 2047/2047
f 2045/2045 2055/2055 2047/2047
f 2449/2449 2448/2448 2447/2447
f 2462/2462 2463/2463 2464/2464
f 2050/2050 2044/2044 2046/2046
f 2046/2046 2044/2044 2045/2045
f 2447/2447 2448/2448 2446/2446
f 2045/2045 2054/2054 2055/2055
f 3049/3049 3044/3044 3045/3045
f 3049/3049 3045/3045 3047/3047
f 3044/3044 3043/3043 3045/3045
f 3044/3044 3041/3041 3043/3043
f 3045/3045 3046/3046 3047/3047
f 3045/3045 3043/3043 3046/3046
f 2586/2586 2585/2585 2582/2582
f 2585/2585 2584/2584 2582/2582
f 2953/2953 2954/2954 2955/2955
f 2955/2955 2954/2954 2956/2956
f 2479/2479 2476/2476 2478/2478
f 2955/2955 2956/2956 2957/2957
f 2479/2479 2480/2480 2476/2476
f 1140/1140 1139/1139 1141/1141
f 2582/2582 2584/2584 2583/2583
f 2476/2476 2477/2477 2478/2478
f 2957/2957 2956/2956 2958/2958
f 1138/1138 1136/1136 1137/1137
f 1137/1137 1136/1136 1135/1135
f 3041/3041 3042/3042 3043/3043
f 3048/3048 3043/3043 3042/3042
f 2954/2954 2960/2960 2956/2956
f 2960/2960 2959/2959 2956/2956
f 2714/2714 2716/2716 2720/2720
f 2740/2740 2727/2727 2716/2716
f 1022/1022 1023/1023 1032/1032
f 2740/2740 2748/2748 2727/2727
f 2926/2926 2921/2921 2925/2925
f 2919/2919 2921/2921 2926/2926
f 2919/2919 2920/2920 2921/2921
f 2921/2921 2920/2920 2922/2922
f 2925/2925 2924/2924 2927/2927
f 2925/2925 2921/2921 2924/2924
f 2921/2921 2923/2923 2924/2924
f 1170/1170 1166/1166 1183/1183
f 1170/1170 1169/1169 1166/1166
f 2921/2921 2922/2922 2923/2923
f 2569/2569 2566/2566 2573/2573
f 2570/2570 2568/2568 2569/2569
f 2570/2570 2571/2571 2568/2568
f 1183/1183 1166/1166 1188/1188
f 1166/1166 1169/1169 1167/1167
f 1169/1169 1174/1174 1167/1167
f 1169/1169 1175/1175 1174/1174
f 2569/2569 2568/2568 2566/2566
f 2571/2571 2572/2572 2564/2564
f 2571/2571 2564/2564 2568/2568
f 1188/1188 1166/1166 1165/1165
f 1166/1166 1163/1163 1165/1165
f 1166/1166 1167/1167 1163/1163
f 1167/1167 1174/1174 1163/1163
f 1163/1163 1174/1174 1173/1173
f 2568/2568 2564/2564 2566/2566
f 2566/2566 2564/2564 2565/2565
f 2572/2572 2562/2562 2564/2564
f 1165/1165 1163/1163 1162/1162
f 1162/1162 1163/1163 1164/1164
f 1164/1164 1163/1163 1173/1173
f 1165/1165 1162/1162 1190/1190
f 2564/2564 2563/2563 2565/2565
f 2562/2562 2563/2563 2564/2564
f 1164/1164 1173/1173 1168/1168
f 1190/1190 1162/1162 1179/1179
f 1162/1162 1164/1164 1168/1168
f 2562/2562 2560/2560 2563/2563
f 2563/2563 2567/2567 2565/2565
f 1168/1168 1173/1173 1172/1172
f 1179/1179 1162/1162 1171/1171
f 1162/1162 1168/1168 1171/1171
f 1168/1168 1172/1172 1171/1171
f 1171/1171 1172/1172 1176/1176
f 1179/1179 1171/1171 1177/1177
f 1179/1179 1177/1177 1191/1191
f 1171/1171 1176/1176 1177/1177
f 2562/2562 2561/2561 2560/2560
f 2560/2560 2567/2567 2563/2563
f 1172/1172 1178/1178 1176/1176
f 2560/2560 2559/2559 2567/2567
f 2561/2561 2556/2556 2558/2558
f 2561/2561 2558/2558 2560/2560
f 2560/2560 2558/2558 2559/2559
f 1191/1191 1177/1177 1189/1189
f 548/548 557/557 555/555
f 557/557 556/556 555/555
f 1189/1189 1181/1181 1185/1185
f 1176/1176 1178/1178 1180/1180
f 1177/1177 1176/1176 1180/1180
f 2558/2558 2557/2557 2559/2559
f 2556/2556 2554/2554 2558/2558
f 2558/2558 2554/2554 2557/2557
f 1177/1177 1181/1181 1189/1189
f 1177/1177 1180/1180 1181/1181
f 1181/1181 1180/1180 1182/1182
f 1178/1178 1187/1187 1180/1180
f 1187/1187 1182/1182 1180/1180
f 546/546 548/548 547/547
f 548/548 555/555 547/547
f 2556/2556 2553/2553 2554/2554
f 2553/2553 2552/2552 2554/2554
f 1185/1185 1181/1181 1184/1184
f 556/556 553/553 552/552
f 553/553 551/551 552/552
f 2852/2852 2853/2853 2854/2854
f 555/555 554/554 547/547
f 555/555 552/552 554/554
f 2553/2553 2550/2550 2552/2552
f 2553/2553 2548/2548 2550/2550
f 556/556 552/552 555/555
f 552/552 549/549 554/554
f 2552/2552 2551/2551 2554/2554
f 1181/1181 1182/1182 1184/1184
f 2557/2557 2554/2554 2555/2555
f 2554/2554 2551/2551 2555/2555
f 1184/1184 1182/1182 1186/1186
f 2551/2551 2549/2549 2555/2555
f 547/547 554/554 549/549
f 2552/2552 2550/2550 2551/2551
f 540/540 537/537 533/533
f 537/537 536/536 533/533
f 533/533 536/536 532/532
f 540/540 535/535 541/541
f 540/540 533/533 535/535
f 535/535 533/533 531/531
f 533/533 532/532 531/531
f 531/531 532/532 530/530
f 2120/2120 2119/2119 2118/2118
f 2118/2118 2119/2119 2117/2117
f 2120/2120 2118/2118 2127/2127
f 2127/2127 2118/2118 2121/2121
f 2118/2118 2117/2117 2116/2116
f 535/535 531/531 528/528
f 531/531 530/530 528/528
f 2121/2121 2118/2118 2116/2116
f 535/535 528/528 539/539
f 539/539 528/528 527/527
f 527/527 528/528 525/525
f 528/528 529/529 525/525
f 528/528 530/530 529/529
f 2122/2122 2121/2121 2113/2113
f 2121/2121 2116/2116 2113/2113
f 2116/2116 2117/2117 2114/2114
f 2116/2116 2114/2114 2113/2113
f 539/539 527/527 544/544
f 544/544 527/527 543/543
f 2122/2122 2113/2113 2115/2115
f 2113/2113 2114/2114 2115/2115
f 529/529 534/534 525/525
f 2122/2122 2123/2123 2128/2128
f 2122/2122 2115/2115 2123/2123
f 3050/3050 3051/3051 3052/3052
f 1101/1101 1103/1103 1102/1102
f 542/542 543/543 526/526
f 542/542 526/526 538/538
f 543/543 527/527 526/526
f 527/527 525/525 526/526
f 526/526 525/525 523/523
f 523/523 525/525 524/524
f 2128/2128 2123/2123 2125/2125
f 525/525 534/534 524/524
f 534/534 545/545 524/524
f 2123/2123 2115/2115 2124/2124
f 2123/2123 2124/2124 2125/2125
f 2125/2125 2124/2124 2126/2126
f 2010/2010 2011/2011 2012/2012
f 2010/2010 2012/2012 2014/2014
f 2546/2546 2547/2547 2542/2542
f 2013/2013 2007/2007 2010/2010
f 2883/2883 2889/2889 2888/2888
f 2882/2882 2883/2883 2881/2881
f 2010/2010 2008/2008 2011/2011
f 2010/2010 2007/2007 2008/2008
f 2883/2883 2888/2888 2887/2887
f 2543/2543 2546/2546 2541/2541
f 2883/2883 2887/2887 2886/2886
f 2883/2883 2886/2886 2881/2881
f 2543/2543 2540/2540 2544/2544
f 2543/2543 2541/2541 2540/2540
f 2546/2546 2542/2542 2541/2541
f 2541/2541 2539/2539 2540/2540
f 2073/2073 2064/2064 2071/2071
f 2008/2008 2009/2009 2011/2011
f 2073/2073 2070/2070 2064/2064
f 2071/2071 2064/2064 2067/2067
f 2541/2541 2542/2542 2539/2539
f 2064/2064 2066/2066 2067/2067
f 553/553 558/558 551/551
f 552/552 551/551 549/549
f 549/549 551/551 550/550
f 1966/1966 1965/1965 1964/1964
f 1965/1965 1963/1963 1964/1964
f 1963/1963 1962/1962 1964/1964
f 2007/2007 2006/2006 2008/2008
f 2882/2882 2881/2881 2880/2880
f 2007/2007 2004/2004 2006/2006
f 2880/2880 2881/2881 2879/2879
f 2881/2881 2885/2885 2879/2879
f 2881/2881 2886/2886 2885/2885
f 2544/2544 2540/2540 2545/2545
f 2545/2545 2540/2540 2536/2536
f 2540/2540 2539/2539 2536/2536
f 2008/2008 2006/2006 2009/2009
f 2070/2070 2065/2065 2064/2064
f 2064/2064 2065/2065 2066/2066
f 2536/2536 2539/2539 2537/2537
f 2885/2885 2884/2884 2879/2879
f 2545/2545 2536/2536 2538/2538
f 2070/2070 2069/2069 2065/2065
f 2072/2072 2069/2069 2070/2070
f 2065/2065 2068/2068 2066/2066
f 2004/2004 2005/2005 2006/2006
f 2065/2065 2069/2069 2068/2068
f 3326/3326 3328/3328 3324/3324
f 3328/3328 3327/3327 3324/3324
f 3330/3330 3331/3331 3327/3327
f 3328/3328 3330/3330 3327/3327
f 3326/3326 3324/3324 3325/3325
f 3324/3324 3327/3327 3322/3322
f 3325/3325 3324/3324 3323/3323
f 3324/3324 3322/3322 3323/3323
f 3323/3323 3322/3322 3319/3319
f 3323/3323 3319/3319 3320/3320
f 3320/3320 3319/3319 3318/3318
f 3318/3318 3319/3319 3317/3317
f 3327/3327 3321/3321 3322/3322
f 3331/3331 3321/3321 3327/3327
f 3322/3322 3321/3321 3319/3319
f 3319/3319 3321/3321 3317/3317
f 3314/3314 3313/3313 3312/3312
f 3318/3318 3317/3317 3316/3316
f 3317/3317 3314/3314 3316/3316
f 3316/3316 3314/3314 3312/3312
f 3312/3312 3313/3313 3310/3310
f 3312/3312 3310/3310 3309/3309
f 3313/3313 3332/3332 3310/3310
f 3310/3310 3332/3332 3311/3311
f 3309/3309 3310/3310 3290/3290
f 3310/3310 3311/3311 3290/3290
f 3309/3309 3290/3290 3308/3308
f 3311/3311 3315/3315 3290/3290
f 3308/3308 3290/3290 3288/3288
f 3290/3290 3289/3289 3288/3288
f 3308/3308 3288/3288 3329/3329
f 3288/3288 3289/3289 3287/3287
f 3329/3329 3288/3288 3302/3302
f 3288/3288 3287/3287 3264/3264
f 3288/3288 3264/3264 3302/3302
f 3287/3287 3286/3286 3264/3264
f 3302/3302 3264/3264 3255/3255
f 3264/3264 3263/3263 3255/3255
f 3264/3264 3286/3286 3263/3263
f 3286/3286 3304/3304 3263/3263
f 3255/3255 3253/3253 3249/3249
f 3255/3255 3263/3263 3253/3253
f 3263/3263 3304/3304 3253/3253
f 3304/3304 3303/3303 3253/3253
f 3253/3253 3303/3303 3248/3248
f 3249/3249 3253/3253 3248/3248
f 3303/3303 3296/3296 3248/3248
f 3249/3249 3247/3247 3301/3301
f 3249/3249 3248/3248 3247/3247
f 3247/3247 3248/3248 3245/3245
f 3248/3248 3296/3296 3245/3245
f 3301/3301 3247/3247 3273/3273
f 3245/3245 3296/3296 3280/3280
f 3247/3247 3245/3245 3244/3244
f 3247/3247 3244/3244 3273/3273
f 3244/3244 3245/3245 3246/3246
f 3245/3245 3280/3280 3246/3246
f 3273/3273 3244/3244 3250/3250
f 3244/3244 3246/3246 3250/3250
f 3273/3273 3250/3250 3279/3279
f 3250/3250 3246/3246 3251/3251
f 3279/3279 3250/3250 3252/3252
f 3250/3250 3251/3251 3252/3252
f 3279/3279 3252/3252 3271/3271
f 3252/3252 3251/3251 3254/3254
f 3271/3271 3252/3252 3256/3256
f 3252/3252 3254/3254 3256/3256
f 3271/3271 3256/3256 3276/3276
f 3256/3256 3257/3257 3276/3276
f 3271/3271 3276/3276 3277/3277
f 3277/3277 3276/3276 3282/3282
f 3277/3277 3282/3282 3307/3307
f 3276/3276 3285/3285 3283/3283
f 3276/3276 3283/3283 3282/3282
f 3307/3307 3282/3282 3291/3291
f 3282/3282 3283/3283 3284/3284
f 3283/3283 3285/3285 3284/3284
f 3282/3282 3284/3284 3291/3291
f 3232/3232 3234/3234 3235/3235
f 3234/3234 3236/3236 3235/3235
f 3246/3246 3280/3280 3281/3281
f 3246/3246 3281/3281 3259/3259
f 3246/3246 3259/3259 3251/3251
f 3251/3251 3259/3259 3254/3254
f 3254/3254 3259/3259 3260/3260
f 3306/3306 3305/3305 3260/3260
f 3254/3254 3260/3260 3258/3258
f 3305/3305 3261/3261 3260/3260
f 3256/3256 3254/3254 3257/3257
f 3257/3257 3254/3254 3258/3258
f 3260/3260 3261/3261 3258/3258
f 3258/3258 3261/3261 3265/3265
f 3276/3276 3257/3257 3285/3285
f 3257/3257 3258/3258 3262/3262
f 3257/3257 3262/3262 3285/3285
f 3258/3258 3265/3265 3262/3262
f 3262/3262 3265/3265 3266/3266
f 3305/3305 3297/3297 3261/3261
f 3265/3265 3261/3261 3274/3274
f 3261/3261 3297/3297 3274/3274
f 3297/3297 3298/3298 3274/3274
f 3265/3265 3274/3274 3272/3272
f 3274/3274 3298/3298 3275/3275
f 3285/3285 3262/3262 3267/3267
f 3262/3262 3266/3266 3267/3267
f 3266/3266 3268/3268 3267/3267
f 3293/3293 3267/3267 3269/3269
f 3267/3267 3268/3268 3269/3269
f 3284/3284 3285/3285 3293/3293
f 3293/3293 3285/3285 3267/3267
f 3284/3284 3293/3293 3292/3292
f 3284/3284 3292/3292 3291/3291
f 3265/3265 3272/3272 3266/3266
f 3274/3274 3275/3275 3272/3272
f 3275/3275 3278/3278 3272/3272
f 3272/3272 3270/3270 3266/3266
f 3272/3272 3278/3278 3270/3270
f 3266/3266 3270/3270 3268/3268
f 3270/3270 3230/3230 3268/3268
f 3270/3270 3278/3278 3230/3230
f 3268/3268 3229/3229 3269/3269
f 3291/3291 3292/3292 3295/3295
f 3295/3295 3292/3292 3294/3294
f 3293/3293 3269/3269 3292/3292
f 3269/3269 3229/3229 3228/3228
f 3292/3292 3228/3228 3294/3294
f 3269/3269 3228/3228 3292/3292
f 3268/3268 3230/3230 3229/3229
f 3229/3229 3230/3230 3226/3226
f 3228/3228 3224/3224 3227/3227
f 3294/3294 3228/3228 3227/3227
f 3294/3294 3227/3227 3299/3299
f 3299/3299 3227/3227 3300/3300
f 3300/3300 3227/3227 3216/3216
f 3227/3227 3224/3224 3216/3216
f 3228/3228 3229/3229 3224/3224
f 3229/3229 3226/3226 3224/3224
f 3226/3226 3225/3225 3224/3224
f 3225/3225 3223/3223 3224/3224
f 3300/3300 3216/3216 3217/3217
f 3217/3217 3216/3216 3213/3213
f 3216/3216 3224/3224 3215/3215
f 3224/3224 3223/3223 3215/3215
f 3216/3216 3215/3215 3213/3213
f 3215/3215 3223/3223 3214/3214
f 3215/3215 3214/3214 3213/3213
f 3210/3210 3211/3211 3212/3212
f 3212/3212 3214/3214 3220/3220
f 3211/3211 3213/3213 3212/3212
f 3213/3213 3214/3214 3212/3212
f 3210/3210 3218/3218 3231/3231
f 3210/3210 3212/3212 3218/3218
f 3212/3212 3220/3220 3219/3219
f 3212/3212 3219/3219 3218/3218
f 3218/3218 3219/3219 3221/3221
f 3231/3231 3218/3218 3222/3222
f 3218/3218 3221/3221 3222/3222
f 3231/3231 3222/3222 3232/3232
f 3222/3222 3233/3233 3232/3232
f 3233/3233 3234/3234 3232/3232
f 3199/3199 3175/3175 3202/3202
f 3199/3199 3201/3201 3194/3194
f 3201/3201 3195/3195 3194/3194
f 3199/3199 3194/3194 3175/3175
f 3175/3175 3194/3194 3171/3171
f 3194/3194 3195/3195 3170/3170
f 3194/3194 3170/3170 3171/3171
f 3202/3202 3175/3175 3203/3203
f 3203/3203 3175/3175 3204/3204
f 3235/3235 3236/3236 3237/3237
f 3175/3175 3171/3171 3169/3169
f 3171/3171 3170/3170 3169/3169
f 3204/3204 3197/3197 3205/3205
f 3237/3237 3236/3236 3238/3238
f 3236/3236 3239/3239 3238/3238
f 3238/3238 3239/3239 3240/3240
f 3237/3237 3238/3238 3241/3241
f 3238/3238 3240/3240 3241/3241
f 3241/3241 3240/3240 3242/3242
f 3175/3175 3197/3197 3204/3204
f 3175/3175 3169/3169 3197/3197
f 3169/3169 3170/3170 3167/3167
f 3205/3205 3197/3197 3196/3196
f 3197/3197 3166/3166 3196/3196
f 3197/3197 3169/3169 3166/3166
f 3169/3169 3167/3167 3166/3166
f 3207/3207 3206/3206 3198/3198
f 3206/3206 3205/3205 3196/3196
f 3206/3206 3196/3196 3198/3198
f 3198/3198 3196/3196 3168/3168
f 3241/3241 3242/3242 3243/3243
f 3207/3207 3198/3198 3208/3208
f 3198/3198 3168/3168 3193/3193
f 3166/3166 3167/3167 3165/3165
f 3167/3167 3200/3200 3165/3165
f 3196/3196 3166/3166 3168/3168
f 3166/3166 3164/3164 3168/3168
f 3166/3166 3165/3165 3164/3164
f 3165/3165 3200/3200 3163/3163
f 3165/3165 3163/3163 3164/3164
f 3193/3193 3168/3168 3192/3192
f 3168/3168 3191/3191 3192/3192
f 3168/3168 3164/3164 3191/3191
f 3164/3164 3163/3163 3162/3162
f 3164/3164 3176/3176 3191/3191
f 3164/3164 3162/3162 3176/3176
f 3176/3176 3162/3162 3177/3177
f 3192/3192 3191/3191 3180/3180
f 3192/3192 3180/3180 3190/3190
f 3191/3191 3176/3176 3180/3180
f 3190/3190 3180/3180 3189/3189
f 3176/3176 3177/3177 3180/3180
f 3180/3180 3177/3177 3178/3178
f 3177/3177 3160/3160 3178/3178
f 3189/3189 3180/3180 3185/3185
f 3180/3180 3178/3178 3185/3185
f 3185/3185 3178/3178 3174/3174
f 3189/3189 3185/3185 3184/3184
f 3185/3185 3174/3174 3184/3184
f 3189/3189 3184/3184 3187/3187
f 3184/3184 3174/3174 3181/3181
f 3184/3184 3181/3181 3187/3187
f 3187/3187 3181/3181 3183/3183
f 3181/3181 3182/3182 3183/3183
f 3181/3181 3174/3174 3179/3179
f 3181/3181 3179/3179 3182/3182
f 3183/3183 3182/3182 3186/3186
f 3162/3162 3163/3163 3161/3161
f 3162/3162 3161/3161 3160/3160
f 3162/3162 3160/3160 3177/3177
f 3160/3160 3161/3161 3156/3156
f 3178/3178 3160/3160 3159/3159
f 3160/3160 3156/3156 3159/3159
f 3161/3161 3209/3209 3156/3156
f 3156/3156 3209/3209 3157/3157
f 3159/3159 3156/3156 3155/3155
f 3178/3178 3159/3159 3174/3174
f 3156/3156 3157/3157 3155/3155
f 3155/3155 3157/3157 3151/3151
f 3174/3174 3159/3159 3173/3173
f 3159/3159 3155/3155 3173/3173
f 3155/3155 3151/3151 3148/3148
f 3155/3155 3148/3148 3158/3158
f 3155/3155 3158/3158 3173/3173
f 3148/3148 3151/3151 3149/3149
f 3174/3174 3173/3173 3179/3179
f 3173/3173 3158/3158 3179/3179
f 3158/3158 3148/3148 3152/3152
f 3148/3148 3150/3150 3152/3152
f 3148/3148 3149/3149 3150/3150
f 3179/3179 3158/3158 3172/3172
f 3179/3179 3188/3188 3182/3182
f 3179/3179 3172/3172 3188/3188
f 3158/3158 3152/3152 3172/3172
f 3152/3152 3150/3150 3153/3153
f 3153/3153 3150/3150 3154/3154
f 3152/3152 3153/3153 3172/3172
f 3397/3397 3398/3398 3396/3396
f 3397/3397 3396/3396 3382/3382
f 3367/3367 3365/3365 3348/3348
f 3348/3348 3365/3365 3354/3354
f 3375/3375 3379/3379 3376/3376
f 3376/3376 3379/3379 3381/3381
f 3364/3364 3360/3360 3353/3353
f 3360/3360 3357/3357 3352/3352
f 3376/3376 3381/3381 3386/3386
f 3387/3387 3386/3386 3381/3381
f 3357/3357 3355/3355 3352/3352
f 3360/3360 3352/3352 3353/3353
f 3382/3382 3396/3396 3380/3380
f 3382/3382 3380/3380 3375/3375
f 3396/3396 3399/3399 3380/3380
f 3379/3379 3375/3375 3380/3380
f 3379/3379 3380/3380 3401/3401
f 3380/3380 3399/3399 3401/3401
f 3353/3353 3349/3349 3354/3354
f 3353/3353 3352/3352 3349/3349
f 3349/3349 3352/3352 3351/3351
f 3352/3352 3355/3355 3351/3351
f 3364/3364 3353/3353 3365/3365
f 3365/3365 3353/3353 3354/3354
f 3367/3367 3348/3348 3363/3363
f 3363/3363 3348/3348 3347/3347
f 3348/3348 3354/3354 3333/3333
f 3348/3348 3333/3333 3347/3347
f 3347/3347 3333/3333 3335/3335
f 3347/3347 3342/3342 3366/3366
f 3347/3347 3335/3335 3342/3342
f 3335/3335 3338/3338 3342/3342
f 3398/3398 3399/3399 3396/3396
f 3354/3354 3349/3349 3333/3333
f 3333/3333 3349/3349 3336/3336
f 3349/3349 3350/3350 3336/3336
f 3333/3333 3336/3336 3334/3334
f 3349/3349 3351/3351 3350/3350
f 3333/3333 3334/3334 3335/3335
f 3335/3335 3334/3334 3338/3338
f 3336/3336 3337/3337 3334/3334
f 3334/3334 3337/3337 3338/3338
f 3338/3338 3337/3337 3339/3339
f 3337/3337 3340/3340 3339/3339
f 3339/3339 3340/3340 3343/3343
f 3342/3342 3338/3338 3341/3341
f 3359/3359 3341/3341 3358/3358
f 3341/3341 3345/3345 3358/3358
f 3358/3358 3345/3345 3346/3346
f 3338/3338 3339/3339 3341/3341
f 3341/3341 3339/3339 3345/3345
f 3339/3339 3343/3343 3344/3344
f 3345/3345 3339/3339 3344/3344
f 3345/3345 3344/3344 3346/3346
f 3391/3391 3392/3392 3388/3388
f 3371/3371 3369/3369 3374/3374
f 3371/3371 3370/3370 3369/3369
f 3368/3368 3369/3369 3370/3370
f 3388/3388 3392/3392 3377/3377
f 3392/3392 3393/3393 3377/3377
f 3370/3370 3372/3372 3368/3368
f 3385/3385 3384/3384 3372/3372
f 3388/3388 3390/3390 3391/3391
f 3388/3388 3389/3389 3390/3390
f 3388/3388 3377/3377 3373/3373
f 3388/3388 3373/3373 3389/3389
f 3373/3373 3383/3383 3389/3389
f 3368/3368 3372/3372 3373/3373
f 3368/3368 3373/3373 3377/3377
f 3372/3372 3383/3383 3373/3373
f 3372/3372 3384/3384 3383/3383
f 3390/3390 3389/3389 3394/3394
f 3389/3389 3400/3400 3394/3394
f 3390/3390 3394/3394 3395/3395
f 3382/3382 3375/3375 3378/3378
f 3376/3376 3374/3374 3375/3375
f 3374/3374 3369/3369 3375/3375
f 3361/3361 3356/3356 3355/3355
f 3356/3356 3361/3361 3362/3362
f 3355/3355 3356/3356 3351/3351
f 3375/3375 3369/3369 3378/3378
f 3479/3479 3474/3474 3473/3473
f 3480/3480 3479/3479 3473/3473
f 3473/3473 3478/3478 3483/3483
f 3473/3473 3483/3483 3480/3480
f 3473/3473 3475/3475 3478/3478
f 3473/3473 3474/3474 3475/3475
f 3470/3470 3468/3468 3464/3464
f 3468/3468 3467/3467 3461/3461
f 3461/3461 3464/3464 3468/3468
f 3479/3479 3481/3481 3474/3474
f 3481/3481 3482/3482 3474/3474
f 3474/3474 3482/3482 3477/3477
f 3469/3469 3462/3462 3465/3465
f 3461/3461 3463/3463 3464/3464
f 3461/3461 3462/3462 3463/3463
f 3462/3462 3469/3469 3472/3472
f 3462/3462 3472/3472 3463/3463
f 3467/3467 3471/3471 3466/3466
f 3467/3467 3466/3466 3461/3461
f 3461/3461 3465/3465 3462/3462
f 3461/3461 3466/3466 3465/3465
f 3474/3474 3477/3477 3476/3476
f 3474/3474 3476/3476 3475/3475
f 3411/3411 3410/3410 3408/3408
f 3410/3410 3409/3409 3408/3408
f 3409/3409 3406/3406 3408/3408
f 3409/3409 3405/3405 3406/3406
f 3410/3410 3455/3455 3435/3435
f 3410/3410 3435/3435 3409/3409
f 3409/3409 3435/3435 3405/3405
f 3435/3435 3434/3434 3405/3405
f 3434/3434 3430/3430 3405/3405
f 3405/3405 3430/3430 3402/3402
f 3408/3408 3406/3406 3407/3407
f 3406/3406 3404/3404 3407/3407
f 3406/3406 3405/3405 3404/3404
f 3405/3405 3402/3402 3404/3404
f 3402/3402 3403/3403 3404/3404
f 3402/3402 3428/3428 3431/3431
f 3402/3402 3430/3430 3428/3428
f 3428/3428 3430/3430 3429/3429
f 3431/3431 3436/3436 3459/3459
f 3459/3459 3436/3436 3457/3457
f 3436/3436 3427/3427 3457/3457
f 3427/3427 3422/3422 3457/3457
f 3457/3457 3422/3422 3460/3460
f 3431/3431 3428/3428 3427/3427
f 3431/3431 3427/3427 3436/3436
f 3427/3427 3428/3428 3425/3425
f 3428/3428 3429/3429 3425/3425
f 3425/3425 3429/3429 3440/3440
f 3427/3427 3426/3426 3422/3422
f 3427/3427 3425/3425 3426/3426
f 3426/3426 3419/3419 3422/3422
f 3426/3426 3425/3425 3419/3419
f 3419/3419 3412/3412 3418/3418
f 3419/3419 3423/3423 3412/3412
f 3425/3425 3440/3440 3424/3424
f 3425/3425 3424/3424 3419/3419
f 3419/3419 3424/3424 3423/3423
f 3412/3412 3423/3423 3441/3441
f 3422/3422 3418/3418 3458/3458
f 3422/3422 3419/3419 3418/3418
f 3422/3422 3458/3458 3460/3460
f 3458/3458 3418/3418 3452/3452
f 3418/3418 3414/3414 3416/3416
f 3418/3418 3412/3412 3414/3414
f 3412/3412 3413/3413 3414/3414
f 3418/3418 3416/3416 3452/3452
f 3414/3414 3415/3415 3416/3416
f 3414/3414 3413/3413 3415/3415
f 3412/3412 3441/3441 3413/3413
f 3413/3413 3439/3439 3415/3415
f 3416/3416 3415/3415 3417/3417
f 3416/3416 3417/3417 3452/3452
f 3452/3452 3417/3417 3451/3451
f 3417/3417 3421/3421 3451/3451
f 3417/3417 3420/3420 3421/3421
f 3451/3451 3421/3421 3454/3454
f 3421/3421 3432/3432 3433/3433
f 3421/3421 3420/3420 3432/3432
f 3433/3433 3443/3443 3450/3450
f 3433/3433 3432/3432 3443/3443
f 3432/3432 3442/3442 3443/3443
f 3439/3439 3438/3438 3415/3415
f 3417/3417 3415/3415 3420/3420
f 3415/3415 3438/3438 3420/3420
f 3420/3420 3438/3438 3437/3437
f 3432/3432 3420/3420 3437/3437
f 3432/3432 3437/3437 3442/3442
f 3450/3450 3447/3447 3456/3456
f 3443/3443 3442/3442 3444/3444
f 3450/3450 3443/3443 3447/3447
f 3447/3447 3443/3443 3445/3445
f 3447/3447 3445/3445 3446/3446
f 3445/3445 3443/3443 3444/3444
f 3447/3447 3448/3448 3453/3453
f 3447/3447 3446/3446 3448/3448
f 3448/3448 3446/3446 3449/3449
f 3445/3445 3444/3444 3446/3446
f 3630/3630 3646/3646 3651/3651
f 3630/3630 3651/3651 3658/3658
f 3646/3646 3650/3650 3651/3651
f 3629/3629 3628/3628 3625/3625
f 3628/3628 3626/3626 3625/3625
f 3625/3625 3626/3626 3624/3624
f 3626/3626 3627/3627 3624/3624
f 3616/3616 3619/3619 3633/3633
f 3633/3633 3619/3619 3627/3627
f 3625/3625 3630/3630 3629/3629
f 3630/3630 3625/3625 3646/3646
f 3625/3625 3647/3647 3646/3646
f 3646/3646 3647/3647 3648/3648
f 3646/3646 3648/3648 3650/3650
f 3648/3648 3653/3653 3650/3650
f 3625/3625 3624/3624 3623/3623
f 3647/3647 3649/3649 3648/3648
f 3617/3617 3615/3615 3616/3616
f 3616/3616 3615/3615 3614/3614
f 3615/3615 3613/3613 3614/3614
f 3616/3616 3614/3614 3619/3619
f 3619/3619 3631/3631 3627/3627
f 3614/3614 3611/3611 3619/3619
f 3614/3614 3613/3613 3611/3611
f 3613/3613 3612/3612 3611/3611
f 3627/3627 3631/3631 3624/3624
f 3588/3588 3571/3571 3509/3509
f 3588/3588 3509/3509 3602/3602
f 3571/3571 3510/3510 3509/3509
f 3571/3571 3528/3528 3510/3510
f 3510/3510 3499/3499 3509/3509
f 3510/3510 3528/3528 3500/3500
f 3510/3510 3497/3497 3499/3499
f 3510/3510 3500/3500 3497/3497
f 3619/3619 3611/3611 3631/3631
f 3611/3611 3612/3612 3552/3552
f 3611/3611 3552/3552 3563/3563
f 3624/3624 3631/3631 3622/3622
f 3624/3624 3622/3622 3623/3623
f 3631/3631 3634/3634 3622/3622
f 3623/3623 3622/3622 3621/3621
f 3622/3622 3620/3620 3621/3621
f 3621/3621 3620/3620 3588/3588
f 3603/3603 3588/3588 3602/3602
f 3622/3622 3634/3634 3620/3620
f 3563/3563 3562/3562 3632/3632
f 3634/3634 3631/3631 3632/3632
f 3634/3634 3632/3632 3635/3635
f 3611/3611 3632/3632 3631/3631
f 3611/3611 3563/3563 3632/3632
f 3620/3620 3635/3635 3571/3571
f 3620/3620 3571/3571 3588/3588
f 3634/3634 3635/3635 3620/3620
f 3563/3563 3552/3552 3562/3562
f 3551/3551 3550/3550 3528/3528
f 3551/3551 3528/3528 3552/3552
f 3552/3552 3528/3528 3562/3562
f 3562/3562 3571/3571 3635/3635
f 3562/3562 3635/3635 3632/3632
f 3562/3562 3528/3528 3571/3571
f 3528/3528 3550/3550 3522/3522
f 3522/3522 3500/3500 3528/3528
f 3522/3522 3511/3511 3500/3500
f 3500/3500 3488/3488 3497/3497
f 3500/3500 3511/3511 3488/3488
f 3511/3511 3487/3487 3488/3488
f 3677/3677 3662/3662 3678/3678
f 3678/3678 3662/3662 3679/3679
f 3679/3679 3662/3662 3668/3668
f 3662/3662 3666/3666 3668/3668
f 3668/3668 3666/3666 3669/3669
f 3669/3669 3666/3666 3671/3671
f 3671/3671 3666/3666 3667/3667
f 3675/3675 3657/3657 3660/3660
f 3676/3676 3658/3658 3675/3675
f 3675/3675 3658/3658 3657/3657
f 3658/3658 3651/3651 3657/3657
f 3651/3651 3652/3652 3657/3657
f 3651/3651 3650/3650 3652/3652
f 3675/3675 3660/3660 3677/3677
f 3677/3677 3660/3660 3662/3662
f 3660/3660 3657/3657 3659/3659
f 3660/3660 3661/3661 3662/3662
f 3660/3660 3659/3659 3661/3661
f 3657/3657 3652/3652 3659/3659
f 3662/3662 3665/3665 3666/3666
f 3662/3662 3661/3661 3665/3665
f 3661/3661 3672/3672 3665/3665
f 3576/3576 3506/3506 3553/3553
f 3605/3605 3553/3553 3585/3585
f 3605/3605 3576/3576 3553/3553
f 3553/3553 3506/3506 3504/3504
f 3659/3659 3652/3652 3664/3664
f 3659/3659 3664/3664 3663/3663
f 3659/3659 3663/3663 3661/3661
f 3661/3661 3663/3663 3672/3672
f 3666/3666 3665/3665 3667/3667
f 3672/3672 3643/3643 3665/3665
f 3663/3663 3664/3664 3636/3636
f 3663/3663 3636/3636 3672/3672
f 3664/3664 3608/3608 3636/3636
f 3672/3672 3636/3636 3637/3637
f 3672/3672 3637/3637 3643/3643
f 3643/3643 3637/3637 3642/3642
f 3653/3653 3654/3654 3650/3650
f 3653/3653 3655/3655 3654/3654
f 3653/3653 3656/3656 3655/3655
f 3650/3650 3654/3654 3652/3652
f 3652/3652 3654/3654 3607/3607
f 3652/3652 3607/3607 3664/3664
f 3655/3655 3609/3609 3654/3654
f 3607/3607 3609/3609 3605/3605
f 3654/3654 3609/3609 3607/3607
f 3605/3605 3609/3609 3638/3638
f 3576/3576 3605/3605 3638/3638
f 3609/3609 3639/3639 3638/3638
f 3655/3655 3656/3656 3639/3639
f 3640/3640 3638/3638 3639/3639
f 3655/3655 3639/3639 3609/3609
f 3605/3605 3585/3585 3606/3606
f 3664/3664 3607/3607 3608/3608
f 3608/3608 3607/3607 3606/3606
f 3607/3607 3605/3605 3606/3606
f 3606/3606 3585/3585 3642/3642
f 3608/3608 3606/3606 3636/3636
f 3636/3636 3606/3606 3637/3637
f 3606/3606 3642/3642 3637/3637
f 3580/3580 3585/3585 3561/3561
f 3585/3585 3553/3553 3561/3561
f 3553/3553 3504/3504 3561/3561
f 3580/3580 3561/3561 3570/3570
f 3561/3561 3560/3560 3570/3570
f 3667/3667 3670/3670 3671/3671
f 3667/3667 3665/3665 3644/3644
f 3667/3667 3644/3644 3670/3670
f 3665/3665 3643/3643 3644/3644
f 3644/3644 3643/3643 3642/3642
f 3644/3644 3642/3642 3641/3641
f 3644/3644 3641/3641 3670/3670
f 3674/3674 3670/3670 3673/3673
f 3670/3670 3641/3641 3645/3645
f 3670/3670 3645/3645 3673/3673
f 3582/3582 3645/3645 3596/3596
f 3582/3582 3580/3580 3581/3581
f 3642/3642 3585/3585 3641/3641
f 3641/3641 3585/3585 3596/3596
f 3596/3596 3645/3645 3641/3641
f 3585/3585 3580/3580 3596/3596
f 3580/3580 3582/3582 3596/3596
f 3580/3580 3570/3570 3581/3581
f 3560/3560 3565/3565 3579/3579
f 3602/3602 3509/3509 3576/3576
f 3506/3506 3498/3498 3504/3504
f 3498/3498 3503/3503 3504/3504
f 3576/3576 3509/3509 3506/3506
f 3509/3509 3498/3498 3506/3506
f 3509/3509 3499/3499 3498/3498
f 3499/3499 3497/3497 3498/3498
f 3498/3498 3494/3494 3503/3503
f 3498/3498 3497/3497 3494/3494
f 3602/3602 3576/3576 3638/3638
f 3602/3602 3640/3640 3603/3603
f 3602/3602 3638/3638 3640/3640
f 3561/3561 3504/3504 3560/3560
f 3504/3504 3503/3503 3505/3505
f 3504/3504 3505/3505 3525/3525
f 3560/3560 3504/3504 3525/3525
f 3560/3560 3525/3525 3565/3565
f 3503/3503 3515/3515 3505/3505
f 3503/3503 3494/3494 3515/3515
f 3494/3494 3512/3512 3515/3515
f 3505/3505 3517/3517 3525/3525
f 3525/3525 3517/3517 3558/3558
f 3505/3505 3515/3515 3517/3517
f 3515/3515 3518/3518 3517/3517
f 3488/3488 3484/3484 3497/3497
f 3497/3497 3484/3484 3494/3494
f 3488/3488 3487/3487 3484/3484
f 3484/3484 3486/3486 3494/3494
f 3484/3484 3485/3485 3486/3486
f 3494/3494 3486/3486 3512/3512
f 3515/3515 3512/3512 3521/3521
f 3515/3515 3521/3521 3518/3518
f 3521/3521 3512/3512 3520/3520
f 3521/3521 3520/3520 3518/3518
f 3486/3486 3507/3507 3512/3512
f 3512/3512 3507/3507 3520/3520
f 3484/3484 3487/3487 3485/3485
f 3487/3487 3496/3496 3485/3485
f 3496/3496 3491/3491 3485/3485
f 3485/3485 3491/3491 3490/3490
f 3486/3486 3485/3485 3489/3489
f 3486/3486 3489/3489 3507/3507
f 3507/3507 3508/3508 3520/3520
f 3507/3507 3489/3489 3508/3508
f 3485/3485 3490/3490 3489/3489
f 3489/3489 3513/3513 3508/3508
f 3489/3489 3490/3490 3513/3513
f 3513/3513 3490/3490 3514/3514
f 3496/3496 3516/3516 3491/3491
f 3516/3516 3492/3492 3491/3491
f 3491/3491 3492/3492 3490/3490
f 3490/3490 3493/3493 3514/3514
f 3516/3516 3495/3495 3492/3492
f 3492/3492 3493/3493 3490/3490
f 3492/3492 3495/3495 3493/3493
f 3514/3514 3493/3493 3529/3529
f 3516/3516 3524/3524 3495/3495
f 3529/3529 3493/3493 3530/3530
f 3493/3493 3501/3501 3530/3530
f 3493/3493 3495/3495 3501/3501
f 3524/3524 3502/3502 3495/3495
f 3555/3555 3554/3554 3502/3502
f 3495/3495 3502/3502 3501/3501
f 3501/3501 3502/3502 3526/3526
f 3502/3502 3554/3554 3527/3527
f 3502/3502 3527/3527 3526/3526
f 3554/3554 3557/3557 3527/3527
f 3557/3557 3533/3533 3527/3527
f 3557/3557 3536/3536 3533/3533
f 3533/3533 3536/3536 3535/3535
f 3536/3536 3547/3547 3535/3535
f 3547/3547 3543/3543 3535/3535
f 3565/3565 3610/3610 3579/3579
f 3610/3610 3565/3565 3594/3594
f 3565/3565 3558/3558 3594/3594
f 3565/3565 3525/3525 3558/3558
f 3594/3594 3558/3558 3586/3586
f 3586/3586 3558/3558 3577/3577
f 3517/3517 3519/3519 3558/3558
f 3558/3558 3519/3519 3559/3559
f 3558/3558 3559/3559 3577/3577
f 3559/3559 3519/3519 3583/3583
f 3517/3517 3518/3518 3519/3519
f 3519/3519 3518/3518 3574/3574
f 3518/3518 3523/3523 3574/3574
f 3519/3519 3574/3574 3583/3583
f 3518/3518 3520/3520 3523/3523
f 3574/3574 3523/3523 3568/3568
f 3520/3520 3568/3568 3523/3523
f 3574/3574 3568/3568 3597/3597
f 3520/3520 3508/3508 3568/3568
f 3568/3568 3532/3532 3597/3597
f 3508/3508 3532/3532 3568/3568
f 3597/3597 3532/3532 3601/3601
f 3513/3513 3532/3532 3508/3508
f 3513/3513 3514/3514 3532/3532
f 3532/3532 3564/3564 3601/3601
f 3532/3532 3514/3514 3564/3564
f 3564/3564 3572/3572 3592/3592
f 3514/3514 3529/3529 3564/3564
f 3529/3529 3572/3572 3564/3564
f 3529/3529 3573/3573 3572/3572
f 3564/3564 3592/3592 3604/3604
f 3572/3572 3573/3573 3592/3592
f 3592/3592 3573/3573 3595/3595
f 3573/3573 3529/3529 3530/3530
f 3573/3573 3530/3530 3578/3578
f 3501/3501 3531/3531 3530/3530
f 3501/3501 3526/3526 3531/3531
f 3530/3530 3531/3531 3575/3575
f 3575/3575 3531/3531 3584/3584
f 3527/3527 3533/3533 3526/3526
f 3531/3531 3546/3546 3556/3556
f 3526/3526 3534/3534 3546/3546
f 3533/3533 3534/3534 3526/3526
f 3546/3546 3534/3534 3540/3540
f 3533/3533 3535/3535 3534/3534
f 3534/3534 3537/3537 3540/3540
f 3534/3534 3535/3535 3537/3537
f 3556/3556 3546/3546 3541/3541
f 3546/3546 3540/3540 3541/3541
f 3526/3526 3546/3546 3531/3531
f 3556/3556 3566/3566 3567/3567
f 3541/3541 3566/3566 3556/3556
f 3541/3541 3542/3542 3566/3566
f 3531/3531 3556/3556 3584/3584
f 3556/3556 3567/3567 3584/3584
f 3535/3535 3543/3543 3538/3538
f 3535/3535 3538/3538 3537/3537
f 3537/3537 3539/3539 3540/3540
f 3540/3540 3539/3539 3541/3541
f 3541/3541 3539/3539 3542/3542
f 3537/3537 3538/3538 3539/3539
f 3543/3543 3548/3548 3538/3538
f 3538/3538 3548/3548 3544/3544
f 3548/3548 3590/3590 3544/3544
f 3539/3539 3545/3545 3549/3549
f 3538/3538 3544/3544 3539/3539
f 3539/3539 3544/3544 3545/3545
f 3543/3543 3589/3589 3548/3548
f 3589/3589 3598/3598 3548/3548
f 3548/3548 3598/3598 3590/3590
f 3589/3589 3599/3599 3598/3598
f 3544/3544 3590/3590 3545/3545
f 3566/3566 3542/3542 3569/3569
f 3542/3542 3539/3539 3549/3549
f 3545/3545 3587/3587 3549/3549
f 3590/3590 3598/3598 3593/3593
f 3590/3590 3591/3591 3545/3545
f 3590/3590 3593/3593 3591/3591
f 3545/3545 3591/3591 3587/3587
f 3591/3591 3593/3593 3618/3618
f 3591/3591 3618/3618 3600/3600
f 3591/3591 3600/3600 3587/3587
f 3687/3687 3688/3688 3689/3689
f 3689/3689 3688/3688 3690/3690
f 3680/3680 3682/3682 3683/3683
f 3680/3680 3681/3681 3682/3682
f 3684/3684 3685/3685 3686/3686
f 3699/3699 3693/3693 3698/3698
f 3693/3693 3697/3697 3698/3698
f 3695/3695 3696/3696 3694/3694
f 3694/3694 3691/3691 3693/3693
f 3694/3694 3693/3693 3695/3695
f 3691/3691 3692/3692 3693/3693
f 3693/3693 3692/3692 3697/3697
f 3700/3700 3701/3701 3702/3702
f 3701/3701 3703/3703 3702/3702
f 3719/3719 3718/3718 3716/3716
f 3718/3718 3715/3715 3716/3716
f 3716/3716 3715/3715 3717/3717
f 3715/3715 3714/3714 3717/3717
f 3715/3715 3712/3712 3714/3714
f 3704/3704 3706/3706 3707/3707
f 3704/3704 3705/3705 3706/3706
f 3705/3705 3709/3709 3706/3706
f 3706/3706 3708/3708 3707/3707
f 3716/3716 3720/3720 3719/3719
f 3716/3716 3717/3717 3720/3720
f 3717/3717 3721/3721 3720/3720
f 3722/3722 3714/3714 3723/3723
f 3722/3722 3723/3723 3724/3724
f 3714/3714 3713/3713 3723/3723
f 3714/3714 3712/3712 3713/3713
f 3744/3744 3745/3745 3746/3746
f 3724/3724 3732/3732 3733/3733
f 3724/3724 3723/3723 3732/3732
f 3717/3717 3714/3714 3722/3722
f 3732/3732 3728/3728 3727/3727
f 3732/3732 3723/3723 3728/3728
f 3710/3710 3711/3711 3712/3712
f 3713/3713 3728/3728 3723/3723
f 3712/3712 3711/3711 3713/3713
f 3713/3713 3711/3711 3728/3728
f 3728/3728 3711/3711 3725/3725
f 3711/3711 3734/3734 3725/3725
f 3734/3734 3731/3731 3725/3725
f 3734/3734 3736/3736 3731/3731
f 3731/3731 3736/3736 3737/3737
f 3728/3728 3725/3725 3727/3727
f 3725/3725 3726/3726 3727/3727
f 3742/3742 3726/3726 3741/3741
f 3741/3741 3726/3726 3730/3730
f 3726/3726 3729/3729 3730/3730
f 3726/3726 3725/3725 3729/3729
f 3725/3725 3731/3731 3729/3729
f 3743/3743 3729/3729 3735/3735
f 3731/3731 3735/3735 3729/3729
f 3731/3731 3737/3737 3738/3738
f 3731/3731 3740/3740 3735/3735
f 3731/3731 3738/3738 3739/3739
f 3750/3750 3752/3752 3748/3748
f 3750/3750 3748/3748 3747/3747
f 3752/3752 3753/3753 3748/3748
f 3766/3766 3761/3761 3765/3765
f 3753/3753 3752/3752 3757/3757
f 3767/3767 3766/3766 3765/3765
f 3759/3759 3760/3760 3761/3761
f 3760/3760 3762/3762 3761/3761
f 3763/3763 3759/3759 3761/3761
f 3762/3762 3764/3764 3761/3761
f 3761/3761 3764/3764 3765/3765
f 3768/3768 3769/3769 3770/3770
f 3747/3747 3748/3748 3749/3749
f 3748/3748 3751/3751 3749/3749
f 3757/3757 3755/3755 3753/3753
f 3753/3753 3755/3755 3748/3748
f 3748/3748 3755/3755 3751/3751
f 3747/3747 3749/3749 3754/3754
f 3749/3749 3756/3756 3754/3754
f 3769/3769 3771/3771 3770/3770
f 3771/3771 3769/3769 3772/3772
f 3757/3757 3758/3758 3755/3755
f 3779/3779 3781/3781 3776/3776
f 3781/3781 3791/3791 3776/3776
f 3791/3791 3786/3786 3776/3776
f 3776/3776 3778/3778 3779/3779
f 3780/3780 3787/3787 3790/3790
f 3779/3779 3778/3778 3780/3780
f 3780/3780 3778/3778 3787/3787
f 3778/3778 3788/3788 3787/3787
f 3776/3776 3777/3777 3778/3778
f 3776/3776 3786/3786 3777/3777
f 3778/3778 3789/3789 3788/3788
f 3773/3773 3774/3774 3775/3775
f 3778/3778 3777/3777 3782/3782
f 3791/3791 3792/3792 3786/3786
f 3792/3792 3785/3785 3786/3786
f 3792/3792 3793/3793 3785/3785
f 3782/3782 3777/3777 3783/3783
f 3777/3777 3784/3784 3783/3783
f 3786/3786 3785/3785 3777/3777
f 3785/3785 3784/3784 3777/3777
f 3820/3820 3817/3817 3819/3819
f 3822/3822 3823/3823 3824/3824
f 3819/3819 3813/3813 3822/3822
f 3822/3822 3814/3814 3823/3823
f 3822/3822 3813/3813 3814/3814
f 3814/3814 3813/3813 3811/3811
f 3817/3817 3815/3815 3819/3819
f 3817/3817 3816/3816 3815/3815
f 3815/3815 3816/3816 3812/3812
f 3817/3817 3821/3821 3816/3816
f 3816/3816 3799/3799 3812/3812
f 3819/3819 3815/3815 3813/3813
f 3813/3813 3815/3815 3812/3812
f 3813/3813 3812/3812 3811/3811
f 3812/3812 3794/3794 3811/3811
f 3797/3797 3811/3811 3794/3794
f 3794/3794 3796/3796 3797/3797
f 3799/3799 3794/3794 3812/3812
f 3799/3799 3798/3798 3794/3794
f 3798/3798 3795/3795 3794/3794
f 3794/3794 3795/3795 3796/3796
f 3800/3800 3795/3795 3798/3798
f 3800/3800 3801/3801 3795/3795
f 3795/3795 3801/3801 3802/3802
f 3796/3796 3795/3795 3803/3803
f 3795/3795 3804/3804 3803/3803
f 3795/3795 3802/3802 3804/3804
f 3818/3818 3806/3806 3802/3802
f 3804/3804 3802/3802 3803/3803
f 3802/3802 3805/3805 3803/3803
f 3802/3802 3806/3806 3805/3805
f 3806/3806 3809/3809 3805/3805
f 3803/3803 3805/3805 3807/3807
f 3807/3807 3805/3805 3808/3808
f 3805/3805 3809/3809 3810/3810
f 3829/3829 3826/3826 3825/3825
f 3825/3825 3826/3826 3827/3827
f 3825/3825 3827/3827 3828/3828
f 3830/3830 3831/3831 3832/3832
f 3833/3833 3834/3834 3835/3835
f 3840/3840 3839/3839 3838/3838
f 3837/3837 3841/3841 3838/3838
f 3837/3837 3838/3838 3839/3839
f 3834/3834 3836/3836 3835/3835
f 3847/3847 3848/3848 3849/3849
f 3849/3849 3848/3848 3850/3850
f 3845/3845 3842/3842 3844/3844
f 3842/3842 3843/3843 3844/3844
f 3843/3843 3846/3846 3844/3844
f 3857/3857 3854/3854 3856/3856
f 3851/3851 3852/3852 3853/3853
f 3854/3854 3855/3855 3856/3856
f 4014/4014 4013/4013 4015/4015
f 4015/4015 4013/4013 4017/4017
f 4014/4014 4012/4012 4013/4013
f 4017/4017 4013/4013 4010/4010
f 4013/4013 4012/4012 4010/4010
f 3932/3932 3929/3929 3912/3912
f 3932/3932 3912/3912 3915/3915
f 4012/4012 4011/4011 4010/4010
f 4017/4017 4010/4010 3991/3991
f 4010/4010 3990/3990 3991/3991
f 3991/3991 3990/3990 3989/3989
f 4010/4010 4011/4011 3990/3990
f 4011/4011 4016/4016 3990/3990
f 3990/3990 3952/3952 3989/3989
f 3989/3989 3952/3952 3981/3981
f 3981/3981 3952/3952 3938/3938
f 3989/3989 3981/3981 3991/3991
f 3952/3952 3915/3915 3938/3938
f 3952/3952 3932/3932 3915/3915
f 3915/3915 3912/3912 3907/3907
f 3938/3938 3982/3982 3981/3981
f 3938/3938 3915/3915 3907/3907
f 3938/3938 3907/3907 3937/3937
f 3982/3982 3938/3938 3937/3937
f 3982/3982 3937/3937 3972/3972
f 3899/3899 3898/3898 3897/3897
f 3898/3898 3887/3887 3897/3897
f 3897/3897 3887/3887 3895/3895
f 3887/3887 3889/3889 3890/3890
f 3887/3887 3890/3890 3895/3895
f 3970/3970 3930/3930 3923/3923
f 3970/3970 3983/3983 3930/3930
f 3983/3983 3975/3975 3930/3930
f 3895/3895 3890/3890 3894/3894
f 3983/3983 4002/4002 3896/3896
f 3983/3983 3896/3896 3975/3975
f 3896/3896 3985/3985 3975/3975
f 4002/4002 3894/3894 3896/3896
f 3894/3894 3893/3893 3896/3896
f 3894/3894 3890/3890 3893/3893
f 3896/3896 3893/3893 3985/3985
f 3929/3929 3924/3924 3912/3912
f 3923/3923 3913/3913 3924/3924
f 3924/3924 3913/3913 3912/3912
f 3923/3923 3922/3922 3913/3913
f 3913/3913 3922/3922 3921/3921
f 3913/3913 3921/3921 3909/3909
f 3913/3913 3908/3908 3912/3912
f 3913/3913 3909/3909 3908/3908
f 3923/3923 3930/3930 3922/3922
f 3930/3930 3931/3931 3922/3922
f 3931/3931 3925/3925 3922/3922
f 3922/3922 3925/3925 3921/3921
f 3930/3930 3975/3975 3931/3931
f 3975/3975 3976/3976 3931/3931
f 3931/3931 3946/3946 3925/3925
f 3931/3931 3976/3976 3946/3946
f 3921/3921 3925/3925 3926/3926
f 3921/3921 3926/3926 3911/3911
f 3944/3944 3943/3943 3940/3940
f 3925/3925 3946/3946 3944/3944
f 3925/3925 3940/3940 3926/3926
f 3925/3925 3944/3944 3940/3940
f 3985/3985 3976/3976 3975/3975
f 3912/3912 3908/3908 3907/3907
f 3908/3908 3909/3909 3904/3904
f 3909/3909 3911/3911 3904/3904
f 3907/3907 3908/3908 3904/3904
f 3937/3937 3907/3907 3906/3906
f 3907/3907 3904/3904 3906/3906
f 3921/3921 3911/3911 3909/3909
f 3926/3926 3927/3927 3911/3911
f 3926/3926 3939/3939 3927/3927
f 3927/3927 3939/3939 3928/3928
f 3904/3904 3911/3911 3905/3905
f 3911/3911 3927/3927 3905/3905
f 3937/3937 3906/3906 3972/3972
f 3906/3906 3904/3904 3900/3900
f 3900/3900 3916/3916 3906/3906
f 3904/3904 3901/3901 3900/3900
f 3972/3972 3906/3906 3916/3916
f 3884/3884 3882/3882 3883/3883
f 3883/3883 3882/3882 3870/3870
f 3916/3916 3900/3900 3902/3902
f 3900/3900 3901/3901 3902/3902
f 3904/3904 3905/3905 3901/3901
f 3905/3905 3927/3927 3901/3901
f 3901/3901 3927/3927 3928/3928
f 3928/3928 3953/3953 3935/3935
f 3901/3901 3903/3903 3902/3902
f 3903/3903 3901/3901 3920/3920
f 3901/3901 3928/3928 3935/3935
f 3901/3901 3935/3935 3920/3920
f 3920/3920 3935/3935 3979/3979
f 3870/3870 3882/3882 3881/3881
f 3916/3916 3902/3902 3914/3914
f 3914/3914 3902/3902 3910/3910
f 3902/3902 3903/3903 3910/3910
f 3914/3914 3910/3910 3933/3933
f 3870/3870 3881/3881 3864/3864
f 3870/3870 3864/3864 3869/3869
f 3903/3903 3920/3920 3917/3917
f 3920/3920 3979/3979 3950/3950
f 3920/3920 3950/3950 3917/3917
f 3903/3903 3917/3917 3910/3910
f 3917/3917 3918/3918 3910/3910
f 3917/3917 3971/3971 3918/3918
f 3864/3864 3863/3863 3869/3869
f 3864/3864 3862/3862 3863/3863
f 3910/3910 3919/3919 3933/3933
f 3862/3862 3864/3864 3871/3871
f 3933/3933 3919/3919 3934/3934
f 3910/3910 3918/3918 3919/3919
f 3862/3862 3871/3871 3866/3866
f 3945/3945 3936/3936 3947/3947
f 3919/3919 3936/3936 3934/3934
f 3919/3919 3918/3918 3936/3936
f 3934/3934 3936/3936 3945/3945
f 3934/3934 3945/3945 3973/3973
f 3866/3866 3865/3865 3858/3858
f 3945/3945 3947/3947 3948/3948
f 3880/3880 3865/3865 3866/3866
f 3880/3880 3872/3872 3865/3865
f 3948/3948 3947/3947 3966/3966
f 3948/3948 3966/3966 3969/3969
f 3872/3872 3873/3873 3867/3867
f 3872/3872 3867/3867 3865/3865
f 3865/3865 3867/3867 3859/3859
f 3865/3865 3859/3859 3858/3858
f 3862/3862 3861/3861 3863/3863
f 3866/3866 3858/3858 3862/3862
f 3862/3862 3858/3858 3861/3861
f 3861/3861 3858/3858 3860/3860
f 3858/3858 3859/3859 3860/3860
f 3966/3966 3961/3961 3969/3969
f 3873/3873 3879/3879 3877/3877
f 3873/3873 3877/3877 3874/3874
f 3877/3877 3876/3876 3874/3874
f 3873/3873 3874/3874 3867/3867
f 3867/3867 3874/3874 3875/3875
f 3867/3867 3868/3868 3859/3859
f 3874/3874 3876/3876 3875/3875
f 3876/3876 3877/3877 3878/3878
f 3878/3878 3877/3877 3885/3885
f 3878/3878 3885/3885 3886/3886
f 3887/3887 3888/3888 3889/3889
f 3890/3890 3891/3891 3893/3893
f 3890/3890 3889/3889 3891/3891
f 3889/3889 3892/3892 3891/3891
f 4018/4018 4009/4009 3985/3985
f 3893/3893 4018/4018 3985/3985
f 3946/3946 3976/3976 3951/3951
f 3976/3976 4000/4000 3951/3951
f 4009/4009 4000/4000 3976/3976
f 3951/3951 3978/3978 3943/3943
f 3944/3944 3951/3951 3943/3943
f 3943/3943 3978/3978 3942/3942
f 3946/3946 3951/3951 3944/3944
f 3951/3951 4000/4000 3978/3978
f 4000/4000 4005/4005 3978/3978
f 3978/3978 4005/4005 3996/3996
f 3978/3978 3996/3996 3942/3942
f 4005/4005 4022/4022 3996/3996
f 3996/3996 4022/4022 4024/4024
f 3985/3985 4009/4009 3976/3976
f 3943/3943 3942/3942 3940/3940
f 3926/3926 3940/3940 3939/3939
f 3942/3942 3941/3941 3940/3940
f 3940/3940 3941/3941 3939/3939
f 3941/3941 3942/3942 3998/3998
f 3941/3941 3998/3998 3953/3953
f 3942/3942 3996/3996 3998/3998
f 4024/4024 4023/4023 3996/3996
f 3996/3996 4023/4023 3998/3998
f 3939/3939 3941/3941 3953/3953
f 3939/3939 3953/3953 3928/3928
f 3953/3953 3998/3998 4001/4001
f 3998/3998 4023/4023 4001/4001
f 4001/4001 4023/4023 4021/4021
f 3953/3953 4001/4001 3935/3935
f 4001/4001 4021/4021 3986/3986
f 4001/4001 3986/3986 3935/3935
f 3986/3986 4021/4021 3999/3999
f 3935/3935 3986/3986 3979/3979
f 3979/3979 3993/3993 3950/3950
f 3917/3917 3950/3950 3971/3971
f 3986/3986 3999/3999 3979/3979
f 3979/3979 3999/3999 3993/3993
f 3950/3950 3993/3993 3971/3971
f 3918/3918 3971/3971 3954/3954
f 3918/3918 3954/3954 3936/3936
f 3954/3954 3949/3949 3936/3936
f 3954/3954 3984/3984 3949/3949
f 3966/3966 3947/3947 3957/3957
f 3947/3947 3956/3956 3957/3957
f 3947/3947 3955/3955 3956/3956
f 3955/3955 3962/3962 3956/3956
f 3936/3936 3949/3949 3947/3947
f 3949/3949 3984/3984 3977/3977
f 3947/3947 3949/3949 3955/3955
f 3977/3977 3955/3955 3949/3949
f 3955/3955 3967/3967 3962/3962
f 3967/3967 3968/3968 3962/3962
f 3967/3967 3980/3980 3968/3968
f 3984/3984 4004/4004 3977/3977
f 3977/3977 4004/4004 3994/3994
f 3984/3984 4019/4019 4004/4004
f 3955/3955 3977/3977 3967/3967
f 3977/3977 3994/3994 3967/3967
f 3967/3967 3994/3994 3980/3980
f 3993/3993 3997/3997 3971/3971
f 3971/3971 3997/3997 3954/3954
f 3997/3997 4003/4003 3954/3954
f 3954/3954 4003/4003 3984/3984
f 4003/4003 4019/4019 3984/3984
f 3966/3966 3957/3957 3961/3961
f 3957/3957 3956/3956 3958/3958
f 3957/3957 3958/3958 3959/3959
f 3961/3961 3957/3957 3959/3959
f 3961/3961 3959/3959 3963/3963
f 3959/3959 3958/3958 3960/3960
f 3956/3956 3962/3962 3958/3958
f 3958/3958 3962/3962 3964/3964
f 3962/3962 3965/3965 3964/3964
f 3959/3959 3960/3960 3963/3963
f 3958/3958 3964/3964 3960/3960
f 3961/3961 3963/3963 3988/3988
f 3988/3988 3963/3963 3995/3995
f 3960/3960 3974/3974 3963/3963
f 3963/3963 3974/3974 3995/3995
f 3964/3964 3965/3965 3987/3987
f 3960/3960 3964/3964 3974/3974
f 3964/3964 3992/3992 3974/3974
f 3964/3964 3987/3987 3992/3992
f 3962/3962 3968/3968 3965/3965
f 3992/3992 3987/3987 4006/4006
f 3995/3995 3974/3974 4008/4008
f 3974/3974 4020/4020 4008/4008
f 3974/3974 3992/3992 4020/4020
f 3992/3992 4007/4007 4020/4020
f 3992/3992 4006/4006 4007/4007
f 4045/4045 4047/4047 4048/4048
f 4045/4045 4046/4046 4047/4047
f 4050/4050 4051/4051 4052/4052
f 4047/4047 4046/4046 4049/4049
f 4050/4050 4052/4052 4053/4053
f 4036/4036 4033/4033 4035/4035
f 4038/4038 4028/4028 4040/4040
f 4040/4040 4028/4028 4043/4043
f 4038/4038 4037/4037 4028/4028
f 4037/4037 4025/4025 4028/4028
f 4036/4036 4035/4035 4039/4039
f 4028/4028 4027/4027 4043/4043
f 4039/4039 4025/4025 4037/4037
f 4039/4039 4035/4035 4025/4025
f 4035/4035 4033/4033 4025/4025
f 4033/4033 4029/4029 4025/4025
f 4028/4028 4025/4025 4027/4027
f 4025/4025 4026/4026 4027/4027
f 4025/4025 4029/4029 4026/4026
f 4027/4027 4026/4026 4041/4041
f 4041/4041 4026/4026 4031/4031
f 4027/4027 4041/4041 4043/4043
f 4041/4041 4031/4031 4042/4042
f 4026/4026 4029/4029 4030/4030
f 4026/4026 4030/4030 4031/4031
f 4031/4031 4030/4030 4032/4032
f 4029/4029 4034/4034 4030/4030
f 4030/4030 4034/4034 4032/4032
f 4032/4032 4034/4034 4044/4044
f 4594/4594 4593/4593 4566/4566
f 4601/4601 4567/4567 4569/4569
f 4567/4567 4564/4564 4569/4569
f 4567/4567 4566/4566 4564/4564
f 4566/4566 4593/4593 4565/4565
f 4566/4566 4565/4565 4564/4564
f 4564/4564 4565/4565 4557/4557
f 4593/4593 4560/4560 4565/4565
f 4565/4565 4560/4560 4557/4557
f 4560/4560 4555/4555 4557/4557
f 4560/4560 4582/4582 4555/4555
f 4582/4582 4583/4583 4555/4555
f 4583/4583 4559/4559 4555/4555
f 4555/4555 4559/4559 4552/4552
f 4555/4555 4552/4552 4554/4554
f 4583/4583 4604/4604 4559/4559
f 4569/4569 4564/4564 4577/4577
f 4564/4564 4563/4563 4577/4577
f 4564/4564 4557/4557 4563/4563
f 4563/4563 4557/4557 4562/4562
f 4562/4562 4557/4557 4556/4556
f 4557/4557 4555/4555 4556/4556
f 4555/4555 4554/4554 4556/4556
f 4562/4562 4556/4556 4558/4558
f 4556/4556 4554/4554 4558/4558
f 4562/4562 4558/4558 4590/4590
f 4552/4552 4553/4553 4554/4554
f 4554/4554 4553/4553 4558/4558
f 4553/4553 4561/4561 4558/4558
f 4558/4558 4561/4561 4590/4590
f 4590/4590 4561/4561 4589/4589
f 4604/4604 4588/4588 4559/4559
f 4559/4559 4588/4588 4551/4551
f 4604/4604 4595/4595 4588/4588
f 4588/4588 4595/4595 4536/4536
f 4559/4559 4551/4551 4552/4552
f 4551/4551 4550/4550 4552/4552
f 4552/4552 4550/4550 4553/4553
f 4551/4551 4588/4588 4536/4536
f 4553/4553 4550/4550 4561/4561
f 4551/4551 4521/4521 4550/4550
f 4606/4606 4600/4600 4605/4605
f 4600/4600 4598/4598 4605/4605
f 4605/4605 4598/4598 4603/4603
f 4598/4598 4596/4596 4603/4603
f 4595/4595 4568/4568 4536/4536
f 4595/4595 4599/4599 4568/4568
f 4599/4599 4527/4527 4568/4568
f 4551/4551 4536/4536 4521/4521
f 4568/4568 4525/4525 4536/4536
f 4536/4536 4525/4525 4521/4521
f 4550/4550 4521/4521 4520/4520
f 4520/4520 4521/4521 4519/4519
f 4589/4589 4561/4561 4535/4535
f 4550/4550 4535/4535 4561/4561
f 4550/4550 4520/4520 4535/4535
f 4589/4589 4535/4535 4579/4579
f 4600/4600 4579/4579 4598/4598
f 4579/4579 4570/4570 4598/4598
f 4535/4535 4570/4570 4579/4579
f 4535/4535 4520/4520 4524/4524
f 4520/4520 4519/4519 4518/4518
f 4570/4570 4535/4535 4524/4524
f 4524/4524 4520/4520 4518/4518
f 4568/4568 4527/4527 4525/4525
f 4525/4525 4519/4519 4521/4521
f 4525/4525 4522/4522 4519/4519
f 4525/4525 4527/4527 4522/4522
f 4599/4599 4571/4571 4527/4527
f 4527/4527 4571/4571 4526/4526
f 4527/4527 4526/4526 4522/4522
f 4519/4519 4522/4522 4486/4486
f 4519/4519 4486/4486 4518/4518
f 4522/4522 4523/4523 4486/4486
f 4570/4570 4596/4596 4598/4598
f 4570/4570 4542/4542 4596/4596
f 4603/4603 4596/4596 4602/4602
f 4524/4524 4518/4518 4487/4487
f 4524/4524 4487/4487 4570/4570
f 4486/4486 4487/4487 4518/4518
f 4486/4486 4482/4482 4479/4479
f 4487/4487 4486/4486 4479/4479
f 4570/4570 4487/4487 4542/4542
f 4487/4487 4479/4479 4511/4511
f 4542/4542 4487/4487 4511/4511
f 4602/4602 4596/4596 4597/4597
f 4596/4596 4542/4542 4597/4597
f 4542/4542 4585/4585 4597/4597
f 4542/4542 4511/4511 4585/4585
f 4211/4211 4209/4209 4210/4210
f 4210/4210 4209/4209 4207/4207
f 4585/4585 4511/4511 4586/4586
f 4209/4209 4132/4132 4207/4207
f 4132/4132 4090/4090 4207/4207
f 4571/4571 4516/4516 4526/4526
f 4526/4526 4523/4523 4522/4522
f 4516/4516 4497/4497 4526/4526
f 4516/4516 4507/4507 4497/4497
f 4523/4523 4526/4526 4485/4485
f 4523/4523 4485/4485 4482/4482
f 4526/4526 4497/4497 4485/4485
f 4497/4497 4483/4483 4485/4485
f 4507/4507 4498/4498 4497/4497
f 4498/4498 4483/4483 4497/4497
f 4498/4498 4499/4499 4483/4483
f 4501/4501 4502/4502 4499/4499
f 4498/4498 4501/4501 4499/4499
f 4499/4499 4504/4504 4500/4500
f 4499/4499 4500/4500 4483/4483
f 4486/4486 4523/4523 4482/4482
f 4482/4482 4485/4485 4480/4480
f 4482/4482 4480/4480 4479/4479
f 4479/4479 4475/4475 4476/4476
f 4479/4479 4480/4480 4475/4475
f 4480/4480 4477/4477 4475/4475
f 4485/4485 4483/4483 4480/4480
f 4480/4480 4483/4483 4477/4477
f 4477/4477 4483/4483 4484/4484
f 4483/4483 4500/4500 4484/4484
f 4484/4484 4500/4500 4310/4310
f 4477/4477 4473/4473 4475/4475
f 4477/4477 4484/4484 4478/4478
f 4484/4484 4311/4311 4478/4478
f 4484/4484 4310/4310 4311/4311
f 4311/4311 4310/4310 4308/4308
f 4477/4477 4478/4478 4473/4473
f 4311/4311 4318/4318 4478/4478
f 4479/4479 4476/4476 4511/4511
f 4475/4475 4474/4474 4476/4476
f 4475/4475 4473/4473 4474/4474
f 4474/4474 4473/4473 4467/4467
f 4511/4511 4476/4476 4491/4491
f 4511/4511 4491/4491 4586/4586
f 4476/4476 4474/4474 4491/4491
f 4118/4118 4102/4102 4097/4097
f 4132/4132 4118/4118 4097/4097
f 4474/4474 4481/4481 4491/4491
f 4481/4481 4474/4474 4467/4467
f 4102/4102 4098/4098 4097/4097
f 4481/4481 4467/4467 4468/4468
f 4481/4481 4468/4468 4513/4513
f 4473/4473 4478/4478 4469/4469
f 4473/4473 4469/4469 4467/4467
f 4478/4478 4470/4470 4469/4469
f 4478/4478 4318/4318 4470/4470
f 4469/4469 4470/4470 4466/4466
f 4470/4470 4318/4318 4298/4298
f 4470/4470 4298/4298 4466/4466
f 4468/4468 4467/4467 4465/4465
f 4469/4469 4466/4466 4467/4467
f 4465/4465 4467/4467 4466/4466
f 4466/4466 4464/4464 4465/4465
f 4466/4466 4529/4529 4464/4464
f 4090/4090 4089/4089 4087/4087
f 4132/4132 4097/4097 4090/4090
f 4090/4090 4097/4097 4089/4089
f 4097/4097 4098/4098 4089/4089
f 4468/4468 4465/4465 4471/4471
f 4468/4468 4471/4471 4513/4513
f 4471/4471 4465/4465 4463/4463
f 4465/4465 4464/4464 4463/4463
f 4512/4512 4506/4506 4502/4502
f 4506/4506 4505/4505 4502/4502
f 4506/4506 4327/4327 4505/4505
f 4327/4327 4270/4270 4505/4505
f 4327/4327 4269/4269 4270/4270
f 4269/4269 4267/4267 4270/4270
f 4269/4269 4266/4266 4267/4267
f 4502/4502 4503/4503 4499/4499
f 4499/4499 4503/4503 4504/4504
f 4502/4502 4505/4505 4503/4503
f 4503/4503 4271/4271 4504/4504
f 4505/4505 4270/4270 4503/4503
f 4270/4270 4267/4267 4268/4268
f 4503/4503 4270/4270 4271/4271
f 4271/4271 4283/4283 4504/4504
f 4270/4270 4268/4268 4271/4271
f 4271/4271 4268/4268 4283/4283
f 4268/4268 4272/4272 4283/4283
f 4504/4504 4283/4283 4281/4281
f 4504/4504 4281/4281 4500/4500
f 4500/4500 4281/4281 4310/4310
f 4311/4311 4308/4308 4318/4318
f 4308/4308 4299/4299 4318/4318
f 4318/4318 4299/4299 4297/4297
f 4297/4297 4299/4299 4295/4295
f 4318/4318 4297/4297 4298/4298
f 4297/4297 4296/4296 4298/4298
f 4298/4298 4529/4529 4466/4466
f 4529/4529 4298/4298 4296/4296
f 4529/4529 4296/4296 4293/4293
f 4529/4529 4293/4293 4464/4464
f 4091/4091 4090/4090 4087/4087
f 4198/4198 4133/4133 4194/4194
f 4087/4087 4086/4086 4088/4088
f 4089/4089 4085/4085 4087/4087
f 4089/4089 4092/4092 4085/4085
f 4089/4089 4098/4098 4092/4092
f 4087/4087 4085/4085 4086/4086
f 4086/4086 4085/4085 4084/4084
f 4098/4098 4106/4106 4092/4092
f 4463/4463 4464/4464 4462/4462
f 4513/4513 4471/4471 4508/4508
f 4471/4471 4463/4463 4508/4508
f 4085/4085 4080/4080 4084/4084
f 4085/4085 4092/4092 4080/4080
f 4080/4080 4092/4092 4093/4093
f 4092/4092 4106/4106 4093/4093
f 4084/4084 4080/4080 4082/4082
f 4080/4080 4081/4081 4082/4082
f 4080/4080 4093/4093 4081/4081
f 4081/4081 4083/4083 4082/4082
f 4093/4093 4094/4094 4081/4081
f 4530/4530 4508/4508 4509/4509
f 4508/4508 4461/4461 4509/4509
f 4463/4463 4461/4461 4508/4508
f 4463/4463 4462/4462 4461/4461
f 4461/4461 4460/4460 4458/4458
f 4530/4530 4509/4509 4510/4510
f 4093/4093 4099/4099 4094/4094
f 4461/4461 4458/4458 4509/4509
f 4509/4509 4458/4458 4510/4510
f 4081/4081 4094/4094 4095/4095
f 4095/4095 4096/4096 4081/4081
f 4094/4094 4099/4099 4095/4095
f 4099/4099 4104/4104 4095/4095
f 4510/4510 4458/4458 4457/4457
f 4457/4457 4458/4458 4456/4456
f 4104/4104 4103/4103 4095/4095
f 4095/4095 4100/4100 4096/4096
f 4104/4104 4111/4111 4103/4103
f 4096/4096 4100/4100 4101/4101
f 4095/4095 4103/4103 4100/4100
f 4100/4100 4103/4103 4105/4105
f 4100/4100 4105/4105 4101/4101
f 4111/4111 4112/4112 4103/4103
f 4107/4107 4103/4103 4112/4112
f 4103/4103 4107/4107 4105/4105
f 4107/4107 4112/4112 4113/4113
f 4452/4452 4451/4451 4450/4450
f 4105/4105 4108/4108 4195/4195
f 4105/4105 4107/4107 4108/4108
f 4105/4105 4195/4195 4101/4101
f 4101/4101 4195/4195 4208/4208
f 4195/4195 4203/4203 4208/4208
f 4195/4195 4108/4108 4110/4110
f 4107/4107 4113/4113 4109/4109
f 4514/4514 4452/4452 4450/4450
f 4108/4108 4107/4107 4109/4109
f 4108/4108 4109/4109 4110/4110
f 4203/4203 4195/4195 4110/4110
f 4203/4203 4139/4139 4201/4201
f 4203/4203 4110/4110 4139/4139
f 4110/4110 4109/4109 4114/4114
f 4514/4514 4450/4450 4490/4490
f 4450/4450 4447/4447 4490/4490
f 4490/4490 4447/4447 4446/4446
f 4490/4490 4446/4446 4493/4493
f 4110/4110 4114/4114 4115/4115
f 4110/4110 4115/4115 4139/4139
f 4115/4115 4114/4114 4116/4116
f 4490/4490 4493/4493 4494/4494
f 4115/4115 4117/4117 4139/4139
f 4139/4139 4117/4117 4201/4201
f 4201/4201 4117/4117 4175/4175
f 4175/4175 4117/4117 4119/4119
f 4115/4115 4116/4116 4117/4117
f 4116/4116 4119/4119 4117/4117
f 4494/4494 4495/4495 4496/4496
f 4494/4494 4493/4493 4495/4495
f 4495/4495 4493/4493 4488/4488
f 4175/4175 4119/4119 4138/4138
f 4138/4138 4176/4176 4175/4175
f 4138/4138 4119/4119 4122/4122
f 4119/4119 4121/4121 4122/4122
f 4138/4138 4122/4122 4131/4131
f 4131/4131 4176/4176 4138/4138
f 4116/4116 4120/4120 4119/4119
f 4495/4495 4488/4488 4489/4489
f 4496/4496 4495/4495 4489/4489
f 4489/4489 4488/4488 4402/4402
f 4119/4119 4120/4120 4121/4121
f 4496/4496 4489/4489 4492/4492
f 4176/4176 4131/4131 4160/4160
f 4122/4122 4123/4123 4124/4124
f 4122/4122 4124/4124 4131/4131
f 4204/4204 4176/4176 4160/4160
f 4160/4160 4202/4202 4204/4204
f 4131/4131 4130/4130 4160/4160
f 4124/4124 4130/4130 4131/4131
f 4130/4130 4124/4124 4125/4125
f 4492/4492 4489/4489 4397/4397
f 4122/4122 4121/4121 4123/4123
f 4492/4492 4397/4397 4405/4405
f 4124/4124 4123/4123 4125/4125
f 4405/4405 4397/4397 4392/4392
f 4130/4130 4137/4137 4160/4160
f 4160/4160 4137/4137 4202/4202
f 4130/4130 4125/4125 4137/4137
f 4137/4137 4198/4198 4202/4202
f 4137/4137 4133/4133 4198/4198
f 4137/4137 4125/4125 4128/4128
f 4125/4125 4127/4127 4128/4128
f 4123/4123 4126/4126 4125/4125
f 4405/4405 4392/4392 4393/4393
f 4397/4397 4387/4387 4392/4392
f 4125/4125 4126/4126 4127/4127
f 4392/4392 4387/4387 4385/4385
f 4393/4393 4392/4392 4385/4385
f 4393/4393 4385/4385 4383/4383
f 4137/4137 4128/4128 4133/4133
f 4128/4128 4127/4127 4129/4129
f 4133/4133 4128/4128 4129/4129
f 4133/4133 4129/4129 4134/4134
f 4134/4134 4129/4129 4135/4135
f 4533/4533 4534/4534 4381/4381
f 4394/4394 4393/4393 4383/4383
f 4534/4534 4394/4394 4381/4381
f 4394/4394 4383/4383 4381/4381
f 4383/4383 4385/4385 4384/4384
f 4385/4385 4386/4386 4384/4384
f 4383/4383 4384/4384 4382/4382
f 4383/4383 4382/4382 4381/4381
f 4382/4382 4384/4384 4399/4399
f 4194/4194 4133/4133 4134/4134
f 4134/4134 4140/4140 4194/4194
f 4140/4140 4134/4134 4136/4136
f 4134/4134 4135/4135 4136/4136
f 4381/4381 4380/4380 4533/4533
f 4533/4533 4410/4410 4580/4580
f 4533/4533 4380/4380 4410/4410
f 4410/4410 4380/4380 4378/4378
f 4381/4381 4382/4382 4379/4379
f 4381/4381 4379/4379 4380/4380
f 4379/4379 4382/4382 4399/4399
f 4399/4399 4417/4417 4418/4418
f 4380/4380 4379/4379 4378/4378
f 4379/4379 4376/4376 4378/4378
f 4379/4379 4400/4400 4376/4376
f 4379/4379 4399/4399 4400/4400
f 4399/4399 4418/4418 4400/4400
f 4580/4580 4410/4410 4538/4538
f 4410/4410 4378/4378 4538/4538
f 4378/4378 4376/4376 4377/4377
f 4377/4377 4376/4376 4371/4371
f 4266/4266 4262/4262 4267/4267
f 4266/4266 4265/4265 4262/4262
f 4265/4265 4263/4263 4262/4262
f 4281/4281 4283/4283 4272/4272
f 4272/4272 4275/4275 4281/4281
f 4267/4267 4262/4262 4268/4268
f 4262/4262 4264/4264 4268/4268
f 4268/4268 4264/4264 4272/4272
f 4262/4262 4263/4263 4264/4264
f 4264/4264 4263/4263 4273/4273
f 4264/4264 4273/4273 4272/4272
f 4263/4263 4274/4274 4273/4273
f 4273/4273 4275/4275 4272/4272
f 4273/4273 4276/4276 4275/4275
f 4281/4281 4307/4307 4310/4310
f 4310/4310 4307/4307 4308/4308
f 4308/4308 4307/4307 4284/4284
f 4281/4281 4282/4282 4307/4307
f 4275/4275 4278/4278 4281/4281
f 4282/4282 4281/4281 4278/4278
f 4307/4307 4282/4282 4284/4284
f 4308/4308 4284/4284 4299/4299
f 4299/4299 4284/4284 4295/4295
f 4284/4284 4286/4286 4295/4295
f 4282/4282 4278/4278 4280/4280
f 4278/4278 4279/4279 4280/4280
f 4275/4275 4276/4276 4277/4277
f 4275/4275 4277/4277 4278/4278
f 4278/4278 4277/4277 4279/4279
f 4286/4286 4284/4284 4285/4285
f 4297/4297 4295/4295 4296/4296
f 4295/4295 4286/4286 4294/4294
f 4284/4284 4282/4282 4280/4280
f 4284/4284 4280/4280 4285/4285
f 4279/4279 4300/4300 4280/4280
f 4280/4280 4300/4300 4301/4301
f 4296/4296 4295/4295 4294/4294
f 4286/4286 4285/4285 4287/4287
f 4294/4294 4286/4286 4288/4288
f 4286/4286 4287/4287 4288/4288
f 4296/4296 4294/4294 4293/4293
f 4280/4280 4301/4301 4285/4285
f 4294/4294 4288/4288 4293/4293
f 4464/4464 4293/4293 4472/4472
f 4293/4293 4288/4288 4290/4290
f 4288/4288 4287/4287 4289/4289
f 4285/4285 4304/4304 4287/4287
f 4285/4285 4301/4301 4304/4304
f 4287/4287 4304/4304 4289/4289
f 4304/4304 4301/4301 4305/4305
f 4464/4464 4472/4472 4462/4462
f 4293/4293 4290/4290 4472/4472
f 4288/4288 4289/4289 4290/4290
f 4472/4472 4460/4460 4462/4462
f 4472/4472 4290/4290 4460/4460
f 4290/4290 4289/4289 4291/4291
f 4304/4304 4305/4305 4289/4289
f 4289/4289 4303/4303 4291/4291
f 4289/4289 4305/4305 4303/4303
f 4301/4301 4302/4302 4305/4305
f 4301/4301 4300/4300 4302/4302
f 4461/4461 4462/4462 4460/4460
f 4460/4460 4290/4290 4292/4292
f 4290/4290 4291/4291 4292/4292
f 4291/4291 4303/4303 4292/4292
f 4458/4458 4460/4460 4459/4459
f 4460/4460 4292/4292 4459/4459
f 4292/4292 4309/4309 4459/4459
f 4458/4458 4459/4459 4456/4456
f 4309/4309 4517/4517 4459/4459
f 4459/4459 4517/4517 4456/4456
f 4292/4292 4303/4303 4309/4309
f 4303/4303 4305/4305 4306/4306
f 4303/4303 4306/4306 4313/4313
f 4305/4305 4302/4302 4306/4306
f 4306/4306 4319/4319 4313/4313
f 4517/4517 4309/4309 4312/4312
f 4309/4309 4303/4303 4312/4312
f 4303/4303 4313/4313 4312/4312
f 4457/4457 4456/4456 4454/4454
f 4456/4456 4455/4455 4454/4454
f 4456/4456 4517/4517 4455/4455
f 4517/4517 4541/4541 4455/4455
f 4517/4517 4312/4312 4541/4541
f 4319/4319 4321/4321 4313/4313
f 4313/4313 4321/4321 4314/4314
f 4313/4313 4314/4314 4312/4312
f 4454/4454 4455/4455 4453/4453
f 4455/4455 4541/4541 4528/4528
f 4453/4453 4455/4455 4451/4451
f 4455/4455 4528/4528 4451/4451
f 4541/4541 4315/4315 4528/4528
f 4453/4453 4451/4451 4452/4452
f 4528/4528 4515/4515 4451/4451
f 4528/4528 4315/4315 4515/4515
f 4541/4541 4312/4312 4315/4315
f 4312/4312 4314/4314 4315/4315
f 4314/4314 4321/4321 4332/4332
f 4315/4315 4314/4314 4316/4316
f 4314/4314 4332/4332 4316/4316
f 4450/4450 4451/4451 4448/4448
f 4451/4451 4515/4515 4448/4448
f 4450/4450 4448/4448 4447/4447
f 4515/4515 4449/4449 4448/4448
f 4515/4515 4315/4315 4317/4317
f 4515/4515 4317/4317 4449/4449
f 4315/4315 4316/4316 4317/4317
f 4316/4316 4332/4332 4320/4320
f 4317/4317 4316/4316 4320/4320
f 4317/4317 4320/4320 4322/4322
f 4320/4320 4336/4336 4322/4322
f 4448/4448 4445/4445 4447/4447
f 4448/4448 4449/4449 4445/4445
f 4447/4447 4445/4445 4446/4446
f 4445/4445 4449/4449 4444/4444
f 4446/4446 4445/4445 4443/4443
f 4446/4446 4443/4443 4442/4442
f 4449/4449 4317/4317 4323/4323
f 4317/4317 4322/4322 4323/4323
f 4449/4449 4323/4323 4444/4444
f 4323/4323 4324/4324 4444/4444
f 4445/4445 4444/4444 4443/4443
f 4443/4443 4444/4444 4435/4435
f 4444/4444 4324/4324 4435/4435
f 4323/4323 4322/4322 4324/4324
f 4322/4322 4336/4336 4330/4330
f 4324/4324 4322/4322 4325/4325
f 4322/4322 4330/4330 4325/4325
f 4493/4493 4446/4446 4442/4442
f 4443/4443 4435/4435 4442/4442
f 4324/4324 4326/4326 4435/4435
f 4493/4493 4442/4442 4488/4488
f 4442/4442 4435/4435 4411/4411
f 4442/4442 4411/4411 4488/4488
f 4435/4435 4434/4434 4411/4411
f 4434/4434 4426/4426 4411/4411
f 4324/4324 4325/4325 4326/4326
f 4325/4325 4328/4328 4326/4326
f 4435/4435 4326/4326 4434/4434
f 4325/4325 4330/4330 4328/4328
f 4328/4328 4330/4330 4329/4329
f 4434/4434 4326/4326 4331/4331
f 4326/4326 4328/4328 4329/4329
f 4326/4326 4329/4329 4331/4331
f 4488/4488 4411/4411 4402/4402
f 4411/4411 4395/4395 4402/4402
f 4411/4411 4426/4426 4395/4395
f 4434/4434 4334/4334 4426/4426
f 4434/4434 4331/4331 4334/4334
f 4334/4334 4331/4331 4333/4333
f 4331/4331 4329/4329 4333/4333
f 4329/4329 4335/4335 4333/4333
f 4426/4426 4334/4334 4261/4261
f 4334/4334 4333/4333 4261/4261
f 4335/4335 4253/4253 4333/4333
f 4489/4489 4402/4402 4397/4397
f 4397/4397 4402/4402 4388/4388
f 4395/4395 4426/4426 4391/4391
f 4402/4402 4395/4395 4388/4388
f 4395/4395 4391/4391 4388/4388
f 4397/4397 4388/4388 4387/4387
f 4388/4388 4390/4390 4387/4387
f 4388/4388 4391/4391 4389/4389
f 4388/4388 4389/4389 4390/4390
f 4426/4426 4261/4261 4391/4391
f 4261/4261 4333/4333 4253/4253
f 4261/4261 4250/4250 4260/4260
f 4261/4261 4253/4253 4250/4250
f 4261/4261 4260/4260 4391/4391
f 4253/4253 4252/4252 4250/4250
f 4391/4391 4260/4260 4389/4389
f 4250/4250 4252/4252 4212/4212
f 4390/4390 4389/4389 4396/4396
f 4396/4396 4389/4389 4415/4415
f 4387/4387 4386/4386 4385/4385
f 4387/4387 4390/4390 4386/4386
f 4390/4390 4396/4396 4386/4386
f 4389/4389 4260/4260 4259/4259
f 4260/4260 4250/4250 4259/4259
f 4250/4250 4229/4229 4259/4259
f 4389/4389 4259/4259 4415/4415
f 4250/4250 4212/4212 4229/4229
f 4415/4415 4259/4259 4248/4248
f 4229/4229 4248/4248 4259/4259
f 4229/4229 4214/4214 4248/4248
f 4229/4229 4212/4212 4214/4214
f 4212/4212 4213/4213 4214/4214
f 4384/4384 4386/4386 4413/4413
f 4386/4386 4396/4396 4413/4413
f 4396/4396 4415/4415 4413/4413
f 4413/4413 4415/4415 4258/4258
f 4413/4413 4417/4417 4384/4384
f 4417/4417 4399/4399 4384/4384
f 4258/4258 4257/4257 4413/4413
f 4415/4415 4248/4248 4258/4258
f 4248/4248 4216/4216 4258/4258
f 4258/4258 4230/4230 4257/4257
f 4258/4258 4216/4216 4230/4230
f 4413/4413 4416/4416 4417/4417
f 4416/4416 4413/4413 4257/4257
f 4194/4194 4140/4140 4197/4197
f 4140/4140 4196/4196 4197/4197
f 4140/4140 4141/4141 4196/4196
f 4165/4165 4196/4196 4144/4144
f 4141/4141 4144/4144 4196/4196
f 4141/4141 4143/4143 4144/4144
f 4163/4163 4164/4164 4145/4145
f 4578/4578 4539/4539 4546/4546
f 4165/4165 4144/4144 4145/4145
f 4165/4165 4145/4145 4164/4164
f 4144/4144 4143/4143 4145/4145
f 4143/4143 4146/4146 4145/4145
f 4546/4546 4539/4539 4537/4537
f 4163/4163 4145/4145 4148/4148
f 4546/4546 4537/4537 4544/4544
f 4146/4146 4147/4147 4145/4145
f 4145/4145 4147/4147 4148/4148
f 4544/4544 4537/4537 4540/4540
f 4163/4163 4148/4148 4178/4178
f 4147/4147 4149/4149 4148/4148
f 4544/4544 4540/4540 4545/4545
f 4545/4545 4540/4540 4412/4412
f 4178/4178 4148/4148 4151/4151
f 4178/4178 4151/4151 4162/4162
f 4148/4148 4149/4149 4150/4150
f 4151/4151 4148/4148 4150/4150
f 4545/4545 4412/4412 4547/4547
f 4547/4547 4412/4412 4549/4549
f 4162/4162 4153/4153 4161/4161
f 4206/4206 4161/4161 4205/4205
f 4205/4205 4161/4161 4154/4154
f 4161/4161 4153/4153 4154/4154
f 4205/4205 4154/4154 4199/4199
f 4154/4154 4153/4153 4152/4152
f 4154/4154 4152/4152 4155/4155
f 4162/4162 4151/4151 4153/4153
f 4150/4150 4152/4152 4151/4151
f 4152/4152 4153/4153 4151/4151
f 4547/4547 4549/4549 4572/4572
f 4572/4572 4549/4549 4407/4407
f 4572/4572 4407/4407 4573/4573
f 4200/4200 4199/4199 4159/4159
f 4199/4199 4154/4154 4156/4156
f 4199/4199 4156/4156 4159/4159
f 4156/4156 4157/4157 4159/4159
f 4156/4156 4154/4154 4155/4155
f 4156/4156 4155/4155 4157/4157
f 4159/4159 4157/4157 4174/4174
f 4174/4174 4157/4157 4166/4166
f 4166/4166 4157/4157 4158/4158
f 4155/4155 4158/4158 4157/4157
f 4572/4572 4573/4573 4576/4576
f 4576/4576 4573/4573 4575/4575
f 4407/4407 4406/4406 4573/4573
f 4576/4576 4575/4575 4591/4591
f 4573/4573 4406/4406 4575/4575
f 4406/4406 4375/4375 4374/4374
f 4575/4575 4406/4406 4374/4374
f 4575/4575 4374/4374 4548/4548
f 4158/4158 4168/4168 4167/4167
f 4158/4158 4167/4167 4166/4166
f 4167/4167 4168/4168 4172/4172
f 4168/4168 4169/4169 4170/4170
f 4158/4158 4169/4169 4168/4168
f 4374/4374 4375/4375 4357/4357
f 4168/4168 4170/4170 4171/4171
f 4168/4168 4171/4171 4172/4172
f 4581/4581 4548/4548 4401/4401
f 4548/4548 4374/4374 4401/4401
f 4374/4374 4355/4355 4401/4401
f 4401/4401 4355/4355 4354/4354
f 4172/4172 4171/4171 4173/4173
f 4581/4581 4401/4401 4404/4404
f 4581/4581 4404/4404 4587/4587
f 4401/4401 4354/4354 4404/4404
f 4404/4404 4354/4354 4373/4373
f 4587/4587 4404/4404 4531/4531
f 4404/4404 4373/4373 4531/4531
f 4373/4373 4354/4354 4352/4352
f 4352/4352 4349/4349 4373/4373
f 4136/4136 4141/4141 4140/4140
f 4141/4141 4136/4136 4142/4142
f 4538/4538 4378/4378 4403/4403
f 4378/4378 4377/4377 4403/4403
f 4143/4143 4141/4141 4142/4142
f 4578/4578 4538/4538 4539/4539
f 4538/4538 4403/4403 4539/4539
f 4400/4400 4372/4372 4376/4376
f 4418/4418 4420/4420 4400/4400
f 4400/4400 4420/4420 4421/4421
f 4420/4420 4419/4419 4421/4421
f 4376/4376 4372/4372 4371/4371
f 4377/4377 4371/4371 4403/4403
f 4371/4371 4372/4372 4370/4370
f 4400/4400 4421/4421 4372/4372
f 4372/4372 4421/4421 4370/4370
f 4539/4539 4403/4403 4537/4537
f 4403/4403 4367/4367 4537/4537
f 4403/4403 4371/4371 4369/4369
f 4371/4371 4370/4370 4369/4369
f 4370/4370 4421/4421 4422/4422
f 4403/4403 4369/4369 4367/4367
f 4369/4369 4368/4368 4367/4367
f 4370/4370 4368/4368 4369/4369
f 4370/4370 4422/4422 4368/4368
f 4368/4368 4422/4422 4414/4414
f 4422/4422 4251/4251 4414/4414
f 4414/4414 4251/4251 4254/4254
f 4540/4540 4537/4537 4366/4366
f 4540/4540 4366/4366 4412/4412
f 4537/4537 4367/4367 4366/4366
f 4412/4412 4366/4366 4365/4365
f 4367/4367 4368/4368 4363/4363
f 4366/4366 4367/4367 4363/4363
f 4368/4368 4414/4414 4363/4363
f 4254/4254 4249/4249 4414/4414
f 4363/4363 4414/4414 4364/4364
f 4366/4366 4363/4363 4365/4365
f 4363/4363 4364/4364 4365/4365
f 4364/4364 4414/4414 4256/4256
f 4414/4414 4249/4249 4256/4256
f 4249/4249 4231/4231 4233/4233
f 4412/4412 4365/4365 4398/4398
f 4365/4365 4362/4362 4398/4398
f 4412/4412 4398/4398 4549/4549
f 4549/4549 4398/4398 4407/4407
f 4407/4407 4398/4398 4375/4375
f 4365/4365 4364/4364 4255/4255
f 4364/4364 4256/4256 4255/4255
f 4365/4365 4255/4255 4362/4362
f 4256/4256 4249/4249 4240/4240
f 4249/4249 4233/4233 4240/4240
f 4233/4233 4235/4235 4240/4240
f 4233/4233 4234/4234 4235/4235
f 4235/4235 4234/4234 4236/4236
f 4075/4075 4074/4074 4076/4076
f 4255/4255 4240/4240 4247/4247
f 4256/4256 4240/4240 4255/4255
f 4075/4075 4076/4076 4079/4079
f 4235/4235 4236/4236 4240/4240
f 4236/4236 4246/4246 4242/4242
f 4406/4406 4407/4407 4375/4375
f 4398/4398 4361/4361 4375/4375
f 4361/4361 4359/4359 4375/4375
f 4398/4398 4362/4362 4361/4361
f 4362/4362 4255/4255 4360/4360
f 4255/4255 4247/4247 4360/4360
f 4361/4361 4362/4362 4360/4360
f 4361/4361 4360/4360 4359/4359
f 4360/4360 4247/4247 4245/4245
f 4359/4359 4360/4360 4358/4358
f 4360/4360 4245/4245 4358/4358
f 4247/4247 4240/4240 4241/4241
f 4247/4247 4241/4241 4245/4245
f 4240/4240 4236/4236 4241/4241
f 4236/4236 4242/4242 4241/4241
f 4241/4241 4244/4244 4245/4245
f 4375/4375 4359/4359 4357/4357
f 4359/4359 4358/4358 4357/4357
f 4358/4358 4245/4245 4438/4438
f 4245/4245 4244/4244 4438/4438
f 4357/4357 4358/4358 4356/4356
f 4358/4358 4438/4438 4356/4356
f 4244/4244 4615/4615 4438/4438
f 4374/4374 4357/4357 4355/4355
f 4357/4357 4356/4356 4355/4355
f 4355/4355 4356/4356 4353/4353
f 4356/4356 4437/4437 4353/4353
f 4438/4438 4437/4437 4356/4356
f 4438/4438 4615/4615 4437/4437
f 4244/4244 4613/4613 4615/4615
f 4355/4355 4353/4353 4354/4354
f 4354/4354 4353/4353 4352/4352
f 4437/4437 4616/4616 4436/4436
f 4437/4437 4436/4436 4353/4353
f 4353/4353 4351/4351 4352/4352
f 4351/4351 4353/4353 4436/4436
f 4351/4351 4436/4436 4350/4350
f 4352/4352 4351/4351 4349/4349
f 4351/4351 4350/4350 4349/4349
f 4214/4214 4213/4213 4215/4215
f 4214/4214 4216/4216 4248/4248
f 4214/4214 4215/4215 4216/4216
f 4215/4215 4217/4217 4216/4216
f 4416/4416 4257/4257 4424/4424
f 4257/4257 4237/4237 4424/4424
f 4257/4257 4230/4230 4237/4237
f 4417/4417 4416/4416 4418/4418
f 4416/4416 4419/4419 4418/4418
f 4416/4416 4424/4424 4419/4419
f 4424/4424 4237/4237 4238/4238
f 4237/4237 4223/4223 4238/4238
f 4223/4223 4222/4222 4238/4238
f 4230/4230 4216/4216 4218/4218
f 4216/4216 4217/4217 4218/4218
f 4230/4230 4218/4218 4223/4223
f 4218/4218 4219/4219 4223/4223
f 4218/4218 4217/4217 4219/4219
f 4237/4237 4230/4230 4223/4223
f 4223/4223 4219/4219 4222/4222
f 4217/4217 4220/4220 4219/4219
f 4418/4418 4419/4419 4420/4420
f 4419/4419 4424/4424 4425/4425
f 4425/4425 4424/4424 4238/4238
f 4419/4419 4425/4425 4423/4423
f 4419/4419 4423/4423 4421/4421
f 4423/4423 4425/4425 4239/4239
f 4238/4238 4239/4239 4425/4425
f 4238/4238 4222/4222 4224/4224
f 4222/4222 4221/4221 4224/4224
f 4238/4238 4224/4224 4239/4239
f 4073/4073 4072/4072 4066/4066
f 4221/4221 4225/4225 4224/4224
f 4072/4072 4071/4071 4066/4066
f 4219/4219 4221/4221 4222/4222
f 4219/4219 4220/4220 4221/4221
f 4078/4078 4077/4077 4073/4073
f 4073/4073 4077/4077 4072/4072
f 4422/4422 4421/4421 4423/4423
f 4422/4422 4423/4423 4251/4251
f 4423/4423 4239/4239 4251/4251
f 4251/4251 4239/4239 4227/4227
f 4224/4224 4227/4227 4239/4239
f 4224/4224 4226/4226 4227/4227
f 4224/4224 4225/4225 4226/4226
f 4251/4251 4227/4227 4254/4254
f 4227/4227 4231/4231 4254/4254
f 4066/4066 4071/4071 4067/4067
f 4066/4066 4067/4067 4068/4068
f 4227/4227 4226/4226 4228/4228
f 4227/4227 4228/4228 4231/4231
f 4068/4068 4067/4067 4069/4069
f 4254/4254 4231/4231 4249/4249
f 4228/4228 4232/4232 4231/4231
f 4069/4069 4067/4067 4070/4070
f 4231/4231 4232/4232 4233/4233
f 4067/4067 4074/4074 4070/4070
f 4233/4233 4232/4232 4234/4234
f 4070/4070 4074/4074 4075/4075
f 4166/4166 4167/4167 4192/4192
f 4192/4192 4167/4167 4172/4172
f 4172/4172 4193/4193 4192/4192
f 4173/4173 4177/4177 4172/4172
f 4177/4177 4173/4173 4179/4179
f 4173/4173 4183/4183 4179/4179
f 4177/4177 4179/4179 4180/4180
f 4180/4180 4179/4179 4181/4181
f 4181/4181 4182/4182 4180/4180
f 4181/4181 4185/4185 4182/4182
f 4179/4179 4183/4183 4181/4181
f 4531/4531 4373/4373 4348/4348
f 4373/4373 4349/4349 4348/4348
f 4181/4181 4183/4183 4184/4184
f 4181/4181 4184/4184 4185/4185
f 4531/4531 4348/4348 4532/4532
f 4182/4182 4185/4185 4186/4186
f 4185/4185 4188/4188 4187/4187
f 4187/4187 4188/4188 4189/4189
f 4185/4185 4187/4187 4186/4186
f 4186/4186 4187/4187 4190/4190
f 4532/4532 4348/4348 4409/4409
f 4592/4592 4532/4532 4574/4574
f 4532/4532 4409/4409 4574/4574
f 4409/4409 4348/4348 4342/4342
f 4348/4348 4343/4343 4342/4342
f 4342/4342 4343/4343 4341/4341
f 4342/4342 4341/4341 4340/4340
f 4187/4187 4189/4189 4190/4190
f 4190/4190 4189/4189 4191/4191
f 4574/4574 4543/4543 4584/4584
f 4574/4574 4409/4409 4408/4408
f 4574/4574 4408/4408 4543/4543
f 4409/4409 4342/4342 4408/4408
f 4342/4342 4339/4339 4408/4408
f 4543/4543 4408/4408 4339/4339
f 4342/4342 4340/4340 4339/4339
f 4340/4340 4338/4338 4339/4339
f 4241/4241 4243/4243 4244/4244
f 4244/4244 4243/4243 4613/4613
f 4241/4241 4242/4242 4243/4243
f 4613/4613 4243/4243 4614/4614
f 4615/4615 4613/4613 4612/4612
f 4613/4613 4614/4614 4607/4607
f 4613/4613 4607/4607 4612/4612
f 4607/4607 4608/4608 4609/4609
f 4615/4615 4616/4616 4437/4437
f 4615/4615 4612/4612 4616/4616
f 4612/4612 4617/4617 4616/4616
f 4616/4616 4617/4617 4436/4436
f 4612/4612 4607/4607 4610/4610
f 4607/4607 4609/4609 4610/4610
f 4617/4617 4612/4612 4441/4441
f 4612/4612 4610/4610 4441/4441
f 4441/4441 4610/4610 4611/4611
f 4065/4065 4062/4062 4061/4061
f 4609/4609 4611/4611 4610/4610
f 4061/4061 4062/4062 4058/4058
f 4349/4349 4350/4350 4344/4344
f 4436/4436 4617/4617 4350/4350
f 4617/4617 4440/4440 4431/4431
f 4440/4440 4432/4432 4431/4431
f 4344/4344 4350/4350 4431/4431
f 4349/4349 4344/4344 4348/4348
f 4350/4350 4617/4617 4431/4431
f 4617/4617 4441/4441 4440/4440
f 4440/4440 4441/4441 4439/4439
f 4440/4440 4439/4439 4432/4432
f 4061/4061 4058/4058 4057/4057
f 4441/4441 4611/4611 4618/4618
f 4441/4441 4618/4618 4439/4439
f 4439/4439 4433/4433 4432/4432
f 4439/4439 4618/4618 4619/4619
f 4058/4058 4055/4055 4057/4057
f 4348/4348 4344/4344 4343/4343
f 4344/4344 4431/4431 4341/4341
f 4344/4344 4341/4341 4343/4343
f 4431/4431 4430/4430 4341/4341
f 4431/4431 4432/4432 4430/4430
f 4341/4341 4430/4430 4346/4346
f 4432/4432 4429/4429 4430/4430
f 4430/4430 4429/4429 4347/4347
f 4432/4432 4433/4433 4429/4429
f 4433/4433 4439/4439 4619/4619
f 4619/4619 4618/4618 4625/4625
f 4429/4429 4433/4433 4427/4427
f 4433/4433 4619/4619 4427/4427
f 4429/4429 4427/4427 4347/4347
f 4057/4057 4055/4055 4054/4054
f 4054/4054 4055/4055 4056/4056
f 4619/4619 4625/4625 4623/4623
f 4341/4341 4346/4346 4338/4338
f 4341/4341 4338/4338 4340/4340
f 4430/4430 4347/4347 4346/4346
f 4346/4346 4347/4347 4337/4337
f 4347/4347 4427/4427 4345/4345
f 4619/4619 4620/4620 4427/4427
f 4345/4345 4427/4427 4428/4428
f 4427/4427 4620/4620 4428/4428
f 4619/4619 4624/4624 4620/4620
f 4619/4619 4623/4623 4624/4624
f 4624/4624 4622/4622 4620/4620
f 4054/4054 4056/4056 4059/4059
f 4056/4056 4060/4060 4059/4059
f 4624/4624 4623/4623 4622/4622
f 4059/4059 4060/4060 4063/4063
f 4623/4623 4621/4621 4622/4622
f 4063/4063 4060/4060 4064/4064
f 4723/4723 4716/4716 4722/4722
f 4716/4716 4713/4713 4722/4722
f 4716/4716 4717/4717 4715/4715
f 4716/4716 4715/4715 4713/4713
f 4717/4717 4719/4719 4715/4715
f 4713/4713 4712/4712 4714/4714
f 4715/4715 4711/4711 4713/4713
f 4715/4715 4719/4719 4710/4710
f 4715/4715 4710/4710 4711/4711
f 4713/4713 4711/4711 4712/4712
f 4711/4711 4708/4708 4712/4712
f 4711/4711 4710/4710 4708/4708
f 4710/4710 4709/4709 4708/4708
f 4748/4748 4736/4736 4749/4749
f 4748/4748 4744/4744 4736/4736
f 4744/4744 4737/4737 4736/4736
f 4736/4736 4737/4737 4738/4738
f 4721/4721 4702/4702 4701/4701
f 4702/4702 4698/4698 4701/4701
f 4701/4701 4698/4698 4700/4700
f 4698/4698 4699/4699 4700/4700
f 4702/4702 4703/4703 4698/4698
f 4698/4698 4703/4703 4697/4697
f 4698/4698 4697/4697 4696/4696
f 4698/4698 4696/4696 4699/4699
f 4744/4744 4743/4743 4737/4737
f 4738/4738 4737/4737 4739/4739
f 4737/4737 4742/4742 4739/4739
f 4743/4743 4742/4742 4737/4737
f 4743/4743 4745/4745 4742/4742
f 4724/4724 4691/4691 4690/4690
f 4691/4691 4672/4672 4690/4690
f 4690/4690 4672/4672 4689/4689
f 4740/4740 4741/4741 4746/4746
f 4738/4738 4739/4739 4740/4740
f 4740/4740 4739/4739 4741/4741
f 4746/4746 4741/4741 4747/4747
f 4742/4742 4664/4664 4739/4739
f 4739/4739 4664/4664 4741/4741
f 4747/4747 4741/4741 4663/4663
f 4741/4741 4664/4664 4663/4663
f 4742/4742 4745/4745 4664/4664
f 4745/4745 4669/4669 4664/4664
f 4669/4669 4668/4668 4666/4666
f 4669/4669 4666/4666 4664/4664
f 4663/4663 4661/4661 4672/4672
f 4663/4663 4664/4664 4662/4662
f 4663/4663 4662/4662 4661/4661
f 4684/4684 4682/4682 4685/4685
f 4684/4684 4681/4681 4682/4682
f 4703/4703 4693/4693 4697/4697
f 4703/4703 4705/4705 4693/4693
f 4697/4697 4693/4693 4696/4696
f 4699/4699 4696/4696 4728/4728
f 4696/4696 4695/4695 4728/4728
f 4696/4696 4693/4693 4695/4695
f 4689/4689 4672/4672 4688/4688
f 4672/4672 4661/4661 4688/4688
f 4661/4661 4631/4631 4688/4688
f 4688/4688 4631/4631 4681/4681
f 4631/4631 4680/4680 4681/4681
f 4681/4681 4680/4680 4682/4682
f 4705/4705 4683/4683 4693/4693
f 4705/4705 4682/4682 4683/4683
f 4693/4693 4683/4683 4692/4692
f 4668/4668 4667/4667 4666/4666
f 4673/4673 4659/4659 4658/4658
f 4704/4704 4629/4629 4667/4667
f 4664/4664 4666/4666 4662/4662
f 4666/4666 4665/4665 4662/4662
f 4666/4666 4667/4667 4665/4665
f 4662/4662 4665/4665 4628/4628
f 4658/4658 4657/4657 4629/4629
f 4659/4659 4657/4657 4658/4658
f 4659/4659 4706/4706 4657/4657
f 4667/4667 4629/4629 4665/4665
f 4629/4629 4628/4628 4665/4665
f 4628/4628 4629/4629 4626/4626
f 4662/4662 4628/4628 4660/4660
f 4661/4661 4662/4662 4660/4660
f 4661/4661 4660/4660 4631/4631
f 4660/4660 4628/4628 4631/4631
f 4631/4631 4628/4628 4630/4630
f 4631/4631 4630/4630 4680/4680
f 4682/4682 4680/4680 4683/4683
f 4683/4683 4686/4686 4692/4692
f 4680/4680 4678/4678 4683/4683
f 4683/4683 4678/4678 4686/4686
f 4680/4680 4630/4630 4678/4678
f 4630/4630 4655/4655 4678/4678
f 4655/4655 4677/4677 4678/4678
f 4678/4678 4677/4677 4676/4676
f 4678/4678 4676/4676 4686/4686
f 4720/4720 4712/4712 4706/4706
f 4712/4712 4708/4708 4706/4706
f 4706/4706 4708/4708 4707/4707
f 4706/4706 4633/4633 4657/4657
f 4706/4706 4707/4707 4633/4633
f 4657/4657 4633/4633 4629/4629
f 4629/4629 4633/4633 4626/4626
f 4633/4633 4634/4634 4626/4626
f 4708/4708 4709/4709 4707/4707
f 4655/4655 4630/4630 4632/4632
f 4655/4655 4632/4632 4677/4677
f 4626/4626 4634/4634 4635/4635
f 4634/4634 4636/4636 4635/4635
f 4626/4626 4627/4627 4628/4628
f 4626/4626 4635/4635 4627/4627
f 4628/4628 4627/4627 4630/4630
f 4627/4627 4635/4635 4632/4632
f 4630/4630 4627/4627 4632/4632
f 4677/4677 4632/4632 4676/4676
f 4635/4635 4637/4637 4632/4632
f 4635/4635 4636/4636 4637/4637
f 4636/4636 4638/4638 4637/4637
f 4636/4636 4639/4639 4638/4638
f 4632/4632 4637/4637 4656/4656
f 4637/4637 4638/4638 4656/4656
f 4709/4709 4718/4718 4707/4707
f 4636/4636 4641/4641 4639/4639
f 4638/4638 4639/4639 4640/4640
f 4638/4638 4640/4640 4653/4653
f 4638/4638 4653/4653 4656/4656
f 4641/4641 4640/4640 4639/4639
f 4641/4641 4642/4642 4640/4640
f 4640/4640 4642/4642 4643/4643
f 4640/4640 4643/4643 4644/4644
f 4643/4643 4645/4645 4644/4644
f 4643/4643 4642/4642 4652/4652
f 4643/4643 4648/4648 4645/4645
f 4648/4648 4647/4647 4645/4645
f 4728/4728 4695/4695 4732/4732
f 4695/4695 4694/4694 4732/4732
f 4695/4695 4693/4693 4694/4694
f 4693/4693 4692/4692 4694/4694
f 4694/4694 4687/4687 4734/4734
f 4692/4692 4687/4687 4694/4694
f 4692/4692 4686/4686 4687/4687
f 4687/4687 4735/4735 4734/4734
f 4687/4687 4686/4686 4679/4679
f 4687/4687 4679/4679 4735/4735
f 4686/4686 4676/4676 4679/4679
f 4676/4676 4632/4632 4675/4675
f 4676/4676 4675/4675 4679/4679
f 4632/4632 4656/4656 4675/4675
f 4656/4656 4727/4727 4675/4675
f 4727/4727 4656/4656 4726/4726
f 4726/4726 4656/4656 4653/4653
f 4726/4726 4653/4653 4725/4725
f 4654/4654 4725/4725 4653/4653
f 4653/4653 4640/4640 4654/4654
f 4640/4640 4644/4644 4654/4654
f 4654/4654 4674/4674 4725/4725
f 4725/4725 4674/4674 4733/4733
f 4654/4654 4644/4644 4674/4674
f 4644/4644 4670/4670 4674/4674
f 4674/4674 4729/4729 4733/4733
f 4645/4645 4647/4647 4646/4646
f 4645/4645 4646/4646 4644/4644
f 4646/4646 4649/4649 4644/4644
f 4644/4644 4649/4649 4670/4670
f 4647/4647 4650/4650 4646/4646
f 4649/4649 4671/4671 4670/4670
f 4674/4674 4670/4670 4729/4729
f 4670/4670 4730/4730 4729/4729
f 4670/4670 4671/4671 4730/4730
f 4646/4646 4651/4651 4649/4649
f 4730/4730 4671/4671 4731/4731
f 4781/4781 4780/4780 4779/4779
f 4780/4780 4771/4771 4776/4776
f 4780/4780 4776/4776 4779/4779
f 4779/4779 4776/4776 4768/4768
f 4776/4776 4771/4771 4759/4759
f 4776/4776 4759/4759 4768/4768
f 4768/4768 4759/4759 4760/4760
f 4759/4759 4758/4758 4760/4760
f 4760/4760 4758/4758 4769/4769
f 4758/4758 4755/4755 4769/4769
f 4765/4765 4764/4764 4766/4766
f 4765/4765 4761/4761 4764/4764
f 4765/4765 4778/4778 4761/4761
f 4761/4761 4756/4756 4762/4762
f 4761/4761 4762/4762 4764/4764
f 4778/4778 4769/4769 4755/4755
f 4778/4778 4755/4755 4761/4761
f 4761/4761 4755/4755 4756/4756
f 4771/4771 4753/4753 4759/4759
f 4771/4771 4775/4775 4753/4753
f 4753/4753 4775/4775 4767/4767
f 4759/4759 4753/4753 4758/4758
f 4758/4758 4753/4753 4755/4755
f 4753/4753 4754/4754 4755/4755
f 4753/4753 4767/4767 4754/4754
f 4755/4755 4754/4754 4756/4756
f 4756/4756 4754/4754 4757/4757
f 4782/4782 4783/4783 4784/4784
f 4750/4750 4751/4751 4752/4752
f 4754/4754 4774/4774 4773/4773
f 4754/4754 4773/4773 4757/4757
f 4756/4756 4757/4757 4772/4772
f 4756/4756 4772/4772 4763/4763
f 4763/4763 4772/4772 4777/4777
f 4756/4756 4763/4763 4762/4762
f 4762/4762 4763/4763 4770/4770
f 4788/4788 4789/4789 4785/4785
f 4788/4788 4785/4785 4787/4787
f 4789/4789 4786/4786 4785/4785
f 4785/4785 4786/4786 4787/4787
f 4794/4794 4795/4795 4796/4796
f 4793/4793 4791/4791 4790/4790
f 4790/4790 4791/4791 4792/4792
f 4796/4796 4797/4797 4794/4794
f 4802/4802 4798/4798 4801/4801
f 4801/4801 4798/4798 4800/4800
f 4802/4802 4799/4799 4798/4798
f 4798/4798 4799/4799 4800/4800
f 4806/4806 4803/4803 4805/4805
f 4803/4803 4804/4804 4805/4805
f 4922/4922 4921/4921 4918/4918
f 4919/4919 4918/4918 4902/4902
f 4919/4919 4902/4902 4920/4920
f 4918/4918 4921/4921 4903/4903
f 4921/4921 4915/4915 4903/4903
f 4928/4928 4926/4926 4860/4860
f 4925/4925 4926/4926 4928/4928
f 4925/4925 4920/4920 4926/4926
f 4926/4926 4920/4920 4927/4927
f 4849/4849 4860/4860 4835/4835
f 4860/4860 4834/4834 4835/4835
f 4860/4860 4866/4866 4834/4834
f 4860/4860 4926/4926 4866/4866
f 4919/4919 4920/4920 4925/4925
f 4920/4920 4902/4902 4904/4904
f 4918/4918 4903/4903 4902/4902
f 4902/4902 4903/4903 4886/4886
f 4915/4915 4897/4897 4903/4903
f 4903/4903 4897/4897 4886/4886
f 4886/4886 4897/4897 4887/4887
f 4915/4915 4905/4905 4897/4897
f 4897/4897 4905/4905 4890/4890
f 4897/4897 4890/4890 4887/4887
f 4887/4887 4890/4890 4888/4888
f 4890/4890 4891/4891 4888/4888
f 4891/4891 4892/4892 4888/4888
f 4838/4838 4835/4835 4830/4830
f 4838/4838 4849/4849 4835/4835
f 4835/4835 4817/4817 4830/4830
f 4830/4830 4817/4817 4824/4824
f 4824/4824 4817/4817 4823/4823
f 4824/4824 4823/4823 4825/4825
f 4926/4926 4927/4927 4866/4866
f 4835/4835 4834/4834 4817/4817
f 4817/4817 4812/4812 4813/4813
f 4817/4817 4834/4834 4812/4812
f 4834/4834 4836/4836 4812/4812
f 4817/4817 4813/4813 4823/4823
f 4813/4813 4812/4812 4811/4811
f 4813/4813 4811/4811 4814/4814
f 4866/4866 4836/4836 4834/4834
f 4812/4812 4836/4836 4807/4807
f 4866/4866 4869/4869 4836/4836
f 4812/4812 4807/4807 4811/4811
f 4811/4811 4807/4807 4809/4809
f 4904/4904 4902/4902 4884/4884
f 4920/4920 4904/4904 4927/4927
f 4866/4866 4927/4927 4869/4869
f 4904/4904 4884/4884 4869/4869
f 4927/4927 4904/4904 4869/4869
f 4884/4884 4837/4837 4869/4869
f 4902/4902 4886/4886 4884/4884
f 4886/4886 4885/4885 4884/4884
f 4886/4886 4887/4887 4885/4885
f 4884/4884 4885/4885 4848/4848
f 4837/4837 4884/4884 4848/4848
f 4869/4869 4837/4837 4836/4836
f 4836/4836 4837/4837 4807/4807
f 4807/4807 4808/4808 4809/4809
f 4807/4807 4837/4837 4808/4808
f 4837/4837 4848/4848 4808/4808
f 4808/4808 4810/4810 4809/4809
f 4808/4808 4815/4815 4810/4810
f 4848/4848 4816/4816 4808/4808
f 4808/4808 4816/4816 4815/4815
f 4887/4887 4888/4888 4885/4885
f 4888/4888 4889/4889 4885/4885
f 4885/4885 4889/4889 4848/4848
f 4848/4848 4889/4889 4864/4864
f 4888/4888 4892/4892 4889/4889
f 4889/4889 4894/4894 4895/4895
f 4889/4889 4895/4895 4864/4864
f 4816/4816 4818/4818 4815/4815
f 4848/4848 4864/4864 4816/4816
f 4864/4864 4828/4828 4816/4816
f 4816/4816 4828/4828 4818/4818
f 4815/4815 4818/4818 4819/4819
f 4891/4891 4893/4893 4892/4892
f 4892/4892 4893/4893 4896/4896
f 4889/4889 4892/4892 4894/4894
f 4894/4894 4899/4899 4895/4895
f 4893/4893 4898/4898 4896/4896
f 4896/4896 4898/4898 4900/4900
f 4892/4892 4896/4896 4894/4894
f 4896/4896 4899/4899 4894/4894
f 4895/4895 4899/4899 4868/4868
f 4895/4895 4865/4865 4864/4864
f 4864/4864 4865/4865 4828/4828
f 4895/4895 4868/4868 4865/4865
f 4865/4865 4868/4868 4829/4829
f 4828/4828 4820/4820 4818/4818
f 4818/4818 4820/4820 4819/4819
f 4828/4828 4865/4865 4829/4829
f 4828/4828 4829/4829 4820/4820
f 4820/4820 4821/4821 4819/4819
f 4829/4829 4868/4868 4826/4826
f 4829/4829 4826/4826 4820/4820
f 4826/4826 4822/4822 4820/4820
f 4820/4820 4822/4822 4821/4821
f 4898/4898 4901/4901 4900/4900
f 4896/4896 4900/4900 4899/4899
f 4899/4899 4900/4900 4868/4868
f 4900/4900 4906/4906 4868/4868
f 4900/4900 4901/4901 4906/4906
f 4868/4868 4906/4906 4867/4867
f 4868/4868 4827/4827 4826/4826
f 4868/4868 4867/4867 4827/4827
f 4826/4826 4827/4827 4822/4822
f 4827/4827 4831/4831 4822/4822
f 4901/4901 4911/4911 4906/4906
f 4906/4906 4911/4911 4867/4867
f 4911/4911 4909/4909 4867/4867
f 4909/4909 4911/4911 4908/4908
f 4827/4827 4832/4832 4831/4831
f 4867/4867 4839/4839 4827/4827
f 4827/4827 4839/4839 4833/4833
f 4909/4909 4908/4908 4839/4839
f 4867/4867 4909/4909 4839/4839
f 4827/4827 4833/4833 4832/4832
f 4911/4911 4912/4912 4908/4908
f 4912/4912 4914/4914 4907/4907
f 4912/4912 4907/4907 4908/4908
f 4839/4839 4840/4840 4833/4833
f 4908/4908 4841/4841 4839/4839
f 4839/4839 4841/4841 4840/4840
f 4908/4908 4907/4907 4841/4841
f 4840/4840 4841/4841 4842/4842
f 4913/4913 4862/4862 4907/4907
f 4913/4913 4861/4861 4862/4862
f 4841/4841 4843/4843 4842/4842
f 4907/4907 4862/4862 4841/4841
f 4841/4841 4862/4862 4843/4843
f 4843/4843 4844/4844 4842/4842
f 4843/4843 4845/4845 4844/4844
f 4910/4910 4861/4861 4913/4913
f 4862/4862 4861/4861 4843/4843
f 4861/4861 4845/4845 4843/4843
f 4861/4861 4910/4910 4850/4850
f 4861/4861 4850/4850 4845/4845
f 4845/4845 4846/4846 4844/4844
f 4845/4845 4847/4847 4846/4846
f 4845/4845 4850/4850 4847/4847
f 4910/4910 4854/4854 4850/4850
f 4854/4854 4851/4851 4850/4850
f 4850/4850 4851/4851 4847/4847
f 4851/4851 4852/4852 4847/4847
f 4851/4851 4854/4854 4853/4853
f 4851/4851 4853/4853 4852/4852
f 4853/4853 4855/4855 4852/4852
f 4853/4853 4863/4863 4856/4856
f 4853/4853 4856/4856 4855/4855
f 4855/4855 4856/4856 4857/4857
f 4856/4856 4863/4863 4858/4858
f 4856/4856 4858/4858 4857/4857
f 4863/4863 4874/4874 4870/4870
f 4863/4863 4870/4870 4858/4858
f 4858/4858 4859/4859 4857/4857
f 4858/4858 4870/4870 4859/4859
f 4874/4874 4879/4879 4870/4870
f 4870/4870 4871/4871 4859/4859
f 4872/4872 4870/4870 4879/4879
f 4870/4870 4872/4872 4871/4871
f 4879/4879 4916/4916 4872/4872
f 4872/4872 4873/4873 4871/4871
f 4916/4916 4875/4875 4872/4872
f 4872/4872 4875/4875 4873/4873
f 4916/4916 4917/4917 4875/4875
f 4873/4873 4875/4875 4876/4876
f 4875/4875 4917/4917 4877/4877
f 4917/4917 4923/4923 4877/4877
f 5015/5015 5013/5013 5014/5014
f 5013/5013 5012/5012 5014/5014
f 5013/5013 5009/5009 5012/5012
f 5009/5009 5006/5006 5010/5010
f 5009/5009 5010/5010 5012/5012
f 5012/5012 5010/5010 5025/5025
f 5025/5025 5010/5010 5011/5011
f 5007/5007 5006/5006 5009/5009
f 5007/5007 5005/5005 5006/5006
f 5006/5006 5003/5003 5010/5010
f 5010/5010 5003/5003 5011/5011
f 5011/5011 5003/5003 5008/5008
f 5006/5006 5005/5005 5004/5004
f 5006/5006 5004/5004 5003/5003
f 5004/5004 4996/4996 5003/5003
f 5003/5003 4996/4996 4997/4997
f 5005/5005 4998/4998 5004/5004
f 4998/4998 4992/4992 4993/4993
f 4992/4992 4978/4978 4993/4993
f 5004/5004 4998/4998 4996/4996
f 4998/4998 4993/4993 4996/4996
f 4996/4996 4993/4993 4976/4976
f 4996/4996 4976/4976 4997/4997
f 4992/4992 4982/4982 4978/4978
f 4992/4992 4984/4984 4982/4982
f 4875/4875 4877/4877 4876/4876
f 4876/4876 4877/4877 4878/4878
f 4923/4923 4924/4924 4880/4880
f 4923/4923 4880/4880 4877/4877
f 4877/4877 4880/4880 4878/4878
f 4880/4880 4924/4924 4882/4882
f 4880/4880 4881/4881 4878/4878
f 4880/4880 4882/4882 4881/4881
f 4924/4924 5021/5021 4882/4882
f 5021/5021 4883/4883 4882/4882
f 5021/5021 5019/5019 4883/4883
f 4883/4883 5019/5019 5020/5020
f 4882/4882 4883/4883 4881/4881
f 5019/5019 5018/5018 5020/5020
f 5019/5019 5017/5017 5018/5018
f 5020/5020 5018/5018 5024/5024
f 5017/5017 5016/5016 5018/5018
f 5017/5017 5015/5015 5016/5016
f 5015/5015 5014/5014 5016/5016
f 5016/5016 5028/5028 5018/5018
f 5016/5016 5014/5014 5028/5028
f 5014/5014 5027/5027 5028/5028
f 5027/5027 5026/5026 5028/5028
f 5014/5014 5012/5012 5027/5027
f 5012/5012 5026/5026 5027/5027
f 5012/5012 5025/5025 5026/5026
f 5003/5003 4997/4997 5008/5008
f 4997/4997 4999/4999 5008/5008
f 4997/4997 4976/4976 4999/4999
f 4999/4999 4976/4976 4975/4975
f 4975/4975 4976/4976 4974/4974
f 4978/4978 4982/4982 4977/4977
f 4980/4980 4982/4982 4983/4983
f 4978/4978 4976/4976 4993/4993
f 4976/4976 4978/4978 4974/4974
f 4978/4978 4977/4977 4974/4974
f 4974/4974 4973/4973 4975/4975
f 4982/4982 4980/4980 4977/4977
f 4977/4977 4971/4971 4974/4974
f 4971/4971 4972/4972 4974/4974
f 4977/4977 4980/4980 4971/4971
f 4974/4974 4972/4972 4973/4973
f 4973/4973 4972/4972 4970/4970
f 4972/4972 4971/4971 4970/4970
f 4984/4984 4983/4983 4982/4982
f 4984/4984 4985/4985 4983/4983
f 4983/4983 4986/4986 4980/4980
f 4983/4983 4985/4985 4986/4986
f 4985/4985 4988/4988 4986/4986
f 4971/4971 4980/4980 4979/4979
f 4980/4980 4986/4986 4979/4979
f 4971/4971 4967/4967 4970/4970
f 4971/4971 4979/4979 4967/4967
f 4986/4986 4987/4987 4979/4979
f 4979/4979 4991/4991 4968/4968
f 4968/4968 4967/4967 4979/4979
f 4970/4970 4967/4967 4969/4969
f 4967/4967 4968/4968 4969/4969
f 4988/4988 4987/4987 4986/4986
f 4988/4988 4994/4994 4989/4989
f 4988/4988 4989/4989 4987/4987
f 4989/4989 4990/4990 4987/4987
f 4968/4968 4966/4966 4969/4969
f 4969/4969 4966/4966 5001/5001
f 4991/4991 4965/4965 4968/4968
f 4968/4968 4965/4965 4966/4966
f 4966/4966 5000/5000 5001/5001
f 4965/4965 4964/4964 4966/4966
f 4994/4994 4995/4995 4989/4989
f 4965/4965 4963/4963 4964/4964
f 4963/4963 4962/4962 4964/4964
f 4929/4929 4930/4930 4931/4931
f 4930/4930 4932/4932 4931/4931
f 4931/4931 4953/4953 4956/4956
f 4934/4934 4933/4933 4930/4930
f 4934/4934 4935/4935 4933/4933
f 4932/4932 4953/4953 4931/4931
f 4930/4930 4933/4933 4932/4932
f 4932/4932 4933/4933 4953/4953
f 4933/4933 4952/4952 4953/4953
f 4953/4953 4954/4954 4956/4956
f 4953/4953 4952/4952 4954/4954
f 4935/4935 4936/4936 4933/4933
f 4933/4933 4950/4950 4952/4952
f 4952/4952 4955/4955 4954/4954
f 4936/4936 4938/4938 4937/4937
f 4936/4936 4937/4937 4933/4933
f 4933/4933 4937/4937 4950/4950
f 4950/4950 4937/4937 4951/4951
f 4950/4950 4955/4955 4952/4952
f 4955/4955 4950/4950 4960/4960
f 5023/5023 4938/4938 4936/4936
f 5023/5023 5022/5022 4938/4938
f 4950/4950 4951/4951 4960/4960
f 4949/4949 4961/4961 4951/4951
f 4951/4951 4961/4961 4960/4960
f 4966/4966 4964/4964 5000/5000
f 5022/5022 4940/4940 4938/4938
f 4938/4938 4940/4940 4939/4939
f 4938/4938 4939/4939 4937/4937
f 4937/4937 4939/4939 4949/4949
f 4937/4937 4949/4949 4951/4951
f 4961/4961 4949/4949 4959/4959
f 5029/5029 5030/5030 5031/5031
f 4940/4940 4942/4942 4941/4941
f 4940/4940 4941/4941 4939/4939
f 4942/4942 4943/4943 4941/4941
f 5030/5030 5032/5032 5031/5031
f 5032/5032 5033/5033 5031/5031
f 5033/5033 5034/5034 5031/5031
f 4949/4949 4939/4939 4947/4947
f 4947/4947 4958/4958 4949/4949
f 4949/4949 4958/4958 4959/4959
f 4939/4939 4941/4941 4947/4947
f 4964/4964 4981/4981 5000/5000
f 4964/4964 4962/4962 4981/4981
f 5000/5000 4981/4981 5002/5002
f 4943/4943 4944/4944 4941/4941
f 4941/4941 4944/4944 4945/4945
f 5002/5002 4981/4981 4944/4944
f 4941/4941 4945/4945 4947/4947
f 4947/4947 4948/4948 4958/4958
f 4947/4947 4945/4945 4948/4948
f 4958/4958 4948/4948 4957/4957
f 4944/4944 4946/4946 4945/4945
f 5155/5155 5154/5154 5152/5152
f 5154/5154 5150/5150 5152/5152
f 5154/5154 5156/5156 5151/5151
f 5154/5154 5151/5151 5150/5150
f 5117/5117 5115/5115 5116/5116
f 5116/5116 5115/5115 5113/5113
f 5115/5115 5114/5114 5113/5113
f 5114/5114 5105/5105 5113/5113
f 5113/5113 5105/5105 5106/5106
f 5113/5113 5106/5106 5107/5107
f 5107/5107 5106/5106 5103/5103
f 5106/5106 5105/5105 5103/5103
f 5103/5103 5105/5105 5104/5104
f 5103/5103 5104/5104 5102/5102
f 5103/5103 5102/5102 5101/5101
f 5102/5102 5099/5099 5101/5101
f 5099/5099 5102/5102 5109/5109
f 5109/5109 5096/5096 5099/5099
f 5151/5151 5149/5149 5150/5150
f 5150/5150 5148/5148 5152/5152
f 5150/5150 5149/5149 5148/5148
f 5152/5152 5148/5148 5153/5153
f 5149/5149 5145/5145 5147/5147
f 5148/5148 5149/5149 5147/5147
f 5148/5148 5147/5147 5143/5143
f 5143/5143 5147/5147 5142/5142
f 5143/5143 5142/5142 5141/5141
f 5147/5147 5145/5145 5142/5142
f 5145/5145 5144/5144 5142/5142
f 5142/5142 5140/5140 5141/5141
f 5144/5144 5140/5140 5142/5142
f 5140/5140 5138/5138 5141/5141
f 5140/5140 5139/5139 5138/5138
f 5138/5138 5139/5139 5136/5136
f 5139/5139 5157/5157 5136/5136
f 5138/5138 5136/5136 5137/5137
f 5144/5144 5146/5146 5140/5140
f 5136/5136 5157/5157 5134/5134
f 5157/5157 5133/5133 5134/5134
f 5134/5134 5133/5133 5132/5132
f 5136/5136 5135/5135 5137/5137
f 5136/5136 5134/5134 5135/5135
f 5132/5132 5131/5131 5134/5134
f 5135/5135 5134/5134 5131/5131
f 5131/5131 5128/5128 5130/5130
f 5133/5133 5129/5129 5132/5132
f 5132/5132 5128/5128 5131/5131
f 5132/5132 5129/5129 5128/5128
f 5129/5129 5126/5126 5128/5128
f 5128/5128 5126/5126 5127/5127
f 5130/5130 5128/5128 5127/5127
f 5127/5127 5126/5126 5124/5124
f 5123/5123 5124/5124 5126/5126
f 5124/5124 5125/5125 5127/5127
f 5122/5122 5125/5125 5124/5124
f 5124/5124 5123/5123 5122/5122
f 5122/5122 5123/5123 5121/5121
f 5121/5121 5119/5119 5122/5122
f 5122/5122 5159/5159 5125/5125
f 5159/5159 5122/5122 5119/5119
f 5119/5119 5121/5121 5118/5118
f 5119/5119 5158/5158 5159/5159
f 5119/5119 5120/5120 5158/5158
f 5119/5119 5116/5116 5120/5120
f 5117/5117 5116/5116 5118/5118
f 5118/5118 5116/5116 5119/5119
f 5116/5116 5160/5160 5120/5120
f 5116/5116 5113/5113 5160/5160
f 5160/5160 5113/5113 5161/5161
f 5161/5161 5113/5113 5107/5107
f 5161/5161 5107/5107 5112/5112
f 5107/5107 5103/5103 5101/5101
f 5107/5107 5101/5101 5112/5112
f 5112/5112 5101/5101 5108/5108
f 5101/5101 5100/5100 5108/5108
f 5101/5101 5099/5099 5100/5100
f 5099/5099 5098/5098 5100/5100
f 5099/5099 5096/5096 5098/5098
f 5096/5096 5097/5097 5098/5098
f 5168/5168 5169/5169 5170/5170
f 5102/5102 5104/5104 5109/5109
f 5109/5109 5095/5095 5094/5094
f 5094/5094 5096/5096 5109/5109
f 5093/5093 5094/5094 5095/5095
f 5096/5096 5094/5094 5092/5092
f 5094/5094 5093/5093 5092/5092
f 5096/5096 5092/5092 5097/5097
f 5092/5092 5093/5093 5087/5087
f 5092/5092 5110/5110 5097/5097
f 5092/5092 5088/5088 5110/5110
f 5092/5092 5087/5087 5088/5088
f 5088/5088 5111/5111 5110/5110
f 5088/5088 5087/5087 5085/5085
f 5088/5088 5085/5085 5091/5091
f 5164/5164 5167/5167 5165/5165
f 5086/5086 5085/5085 5087/5087
f 5086/5086 5081/5081 5085/5085
f 5082/5082 5081/5081 5080/5080
f 5081/5081 5079/5079 5080/5080
f 5091/5091 5085/5085 5082/5082
f 5082/5082 5084/5084 5091/5091
f 5164/5164 5165/5165 5166/5166
f 5091/5091 5084/5084 5090/5090
f 5084/5084 5089/5089 5090/5090
f 5085/5085 5081/5081 5082/5082
f 5080/5080 5083/5083 5082/5082
f 5084/5084 5082/5082 5083/5083
f 5080/5080 5079/5079 5078/5078
f 5162/5162 5080/5080 5078/5078
f 5080/5080 5162/5162 5083/5083
f 5077/5077 5078/5078 5079/5079
f 5065/5065 5060/5060 5066/5066
f 5077/5077 5065/5065 5066/5066
f 5078/5078 5066/5066 5162/5162
f 5066/5066 5062/5062 5162/5162
f 5162/5162 5062/5062 5163/5163
f 5077/5077 5066/5066 5078/5078
f 5083/5083 5089/5089 5084/5084
f 5083/5083 5162/5162 5089/5089
f 5162/5162 5163/5163 5089/5089
f 5065/5065 5063/5063 5060/5060
f 5066/5066 5060/5060 5062/5062
f 5060/5060 5061/5061 5062/5062
f 5063/5063 5056/5056 5060/5060
f 5056/5056 5055/5055 5060/5060
f 5060/5060 5055/5055 5061/5061
f 5055/5055 5075/5075 5061/5061
f 5075/5075 5055/5055 5052/5052
f 5075/5075 5076/5076 5061/5061
f 5075/5075 5052/5052 5058/5058
f 5075/5075 5058/5058 5076/5076
f 5052/5052 5048/5048 5058/5058
f 5058/5058 5048/5048 5047/5047
f 5058/5058 5047/5047 5050/5050
f 5063/5063 5064/5064 5056/5056
f 5064/5064 5068/5068 5056/5056
f 5056/5056 5068/5068 5054/5054
f 5055/5055 5056/5056 5054/5054
f 5055/5055 5054/5054 5052/5052
f 5068/5068 5059/5059 5054/5054
f 5054/5054 5053/5053 5052/5052
f 5059/5059 5053/5053 5054/5054
f 5052/5052 5053/5053 5051/5051
f 5052/5052 5051/5051 5048/5048
f 5053/5053 5057/5057 5051/5051
f 5051/5051 5046/5046 5048/5048
f 5048/5048 5046/5046 5047/5047
f 5047/5047 5046/5046 5045/5045
f 5047/5047 5045/5045 5049/5049
f 5046/5046 5043/5043 5045/5045
f 5045/5045 5043/5043 5042/5042
f 5047/5047 5049/5049 5050/5050
f 5049/5049 5045/5045 5071/5071
f 5049/5049 5071/5071 5072/5072
f 5043/5043 5041/5041 5042/5042
f 5041/5041 5039/5039 5042/5042
f 5042/5042 5071/5071 5045/5045
f 5071/5071 5042/5042 5044/5044
f 5071/5071 5044/5044 5070/5070
f 5044/5044 5042/5042 5039/5039
f 5044/5044 5040/5040 5069/5069
f 5070/5070 5044/5044 5069/5069
f 5044/5044 5039/5039 5040/5040
f 5039/5039 5038/5038 5040/5040
f 5071/5071 5073/5073 5072/5072
f 5071/5071 5074/5074 5073/5073
f 5036/5036 5038/5038 5039/5039
f 5041/5041 5036/5036 5039/5039
f 5036/5036 5035/5035 5037/5037
f 5036/5036 5037/5037 5038/5038
f 5037/5037 5067/5067 5038/5038
f 5067/5067 5037/5037 5035/5035
f 5175/5175 5177/5177 5176/5176
f 5175/5175 5171/5171 5174/5174
f 5174/5174 5171/5171 5173/5173
f 5171/5171 5172/5172 5173/5173
f 5227/5227 5226/5226 5224/5224
f 5226/5226 5225/5225 5224/5224
f 5223/5223 5224/5224 5222/5222
f 5224/5224 5225/5225 5222/5222
f 5223/5223 5222/5222 5220/5220
f 5222/5222 5219/5219 5220/5220
f 5220/5220 5219/5219 5217/5217
f 5219/5219 5218/5218 5217/5217
f 5217/5217 5218/5218 5216/5216
f 5217/5217 5215/5215 5221/5221
f 5217/5217 5216/5216 5215/5215
f 5216/5216 5214/5214 5215/5215
f 5214/5214 5212/5212 5215/5215
f 5214/5214 5213/5213 5212/5212
f 5221/5221 5215/5215 5228/5228
f 5215/5215 5212/5212 5228/5228
f 5213/5213 5209/5209 5212/5212
f 5212/5212 5209/5209 5205/5205
f 5228/5228 5212/5212 5204/5204
f 5212/5212 5205/5205 5204/5204
f 5205/5205 5209/5209 5177/5177
f 5204/5204 5205/5205 5182/5182
f 5205/5205 5177/5177 5182/5182
f 5182/5182 5178/5178 5204/5204
f 5182/5182 5177/5177 5175/5175
f 5182/5182 5175/5175 5178/5178
f 5178/5178 5175/5175 5174/5174
f 5176/5176 5171/5171 5175/5175
f 5171/5171 5179/5179 5172/5172
f 5172/5172 5179/5179 5180/5180
f 5179/5179 5181/5181 5180/5180
f 5180/5180 5183/5183 5184/5184
f 5181/5181 5183/5183 5180/5180
f 5181/5181 5187/5187 5183/5183
f 5183/5183 5187/5187 5186/5186
f 5187/5187 5206/5206 5186/5186
f 5184/5184 5183/5183 5185/5185
f 5183/5183 5186/5186 5185/5185
f 5186/5186 5206/5206 5189/5189
f 5185/5185 5186/5186 5188/5188
f 5186/5186 5189/5189 5188/5188
f 5206/5206 5210/5210 5189/5189
f 5210/5210 5202/5202 5189/5189
f 5189/5189 5202/5202 5190/5190
f 5188/5188 5189/5189 5190/5190
f 5188/5188 5190/5190 5191/5191
f 5202/5202 5194/5194 5190/5190
f 5194/5194 5193/5193 5190/5190
f 5194/5194 5195/5195 5193/5193
f 5190/5190 5193/5193 5192/5192
f 5195/5195 5196/5196 5193/5193
f 5190/5190 5192/5192 5191/5191
f 5192/5192 5193/5193 5203/5203
f 5193/5193 5196/5196 5203/5203
f 5195/5195 5197/5197 5196/5196
f 5203/5203 5196/5196 5199/5199
f 5196/5196 5197/5197 5198/5198
f 5196/5196 5198/5198 5199/5199
f 5199/5199 5198/5198 5200/5200
f 5198/5198 5201/5201 5200/5200
f 5200/5200 5201/5201 5211/5211
f 5200/5200 5211/5211 5229/5229
f 5229/5229 5211/5211 5230/5230
f 5229/5229 5230/5230 5231/5231
f 5230/5230 5248/5248 5233/5233
f 5230/5230 5233/5233 5232/5232
f 5231/5231 5230/5230 5232/5232
f 5232/5232 5233/5233 5234/5234
f 5233/5233 5235/5235 5234/5234
f 5234/5234 5235/5235 5236/5236
f 5234/5234 5236/5236 5237/5237
f 5237/5237 5236/5236 5238/5238
f 5252/5252 5255/5255 5254/5254
f 5252/5252 5254/5254 5253/5253
f 5253/5253 5254/5254 5257/5257
f 5253/5253 5257/5257 5258/5258
f 5258/5258 5259/5259 5260/5260
f 5198/5198 5197/5197 5201/5201
f 5197/5197 5207/5207 5201/5201
f 5208/5208 5201/5201 5207/5207
f 5201/5201 5208/5208 5211/5211
f 5208/5208 5248/5248 5211/5211
f 5211/5211 5248/5248 5230/5230
f 5237/5237 5238/5238 5239/5239
f 5239/5239 5238/5238 5240/5240
f 5240/5240 5241/5241 5239/5239
f 5247/5247 5241/5241 5244/5244
f 5240/5240 5242/5242 5241/5241
f 5241/5241 5243/5243 5244/5244
f 5243/5243 5241/5241 5242/5242
f 5243/5243 5245/5245 5244/5244
f 5243/5243 5242/5242 5246/5246
f 5243/5243 5246/5246 5245/5245
f 5246/5246 5249/5249 5245/5245
f 5249/5249 5246/5246 5251/5251
f 5256/5256 5255/5255 5252/5252
f 5246/5246 5252/5252 5251/5251
f 5252/5252 5253/5253 5251/5251
f 5245/5245 5249/5249 5250/5250
f 5249/5249 5262/5262 5250/5250
f 5249/5249 5251/5251 5262/5262
f 5251/5251 5253/5253 5262/5262
f 5253/5253 5258/5258 5262/5262
f 5266/5266 5264/5264 5263/5263
f 5262/5262 5258/5258 5261/5261
f 5263/5263 5264/5264 5265/5265
f 5261/5261 5258/5258 5260/5260
f 5258/5258 5257/5257 5259/5259
f 5295/5295 5293/5293 5294/5294
f 5294/5294 5293/5293 5292/5292
f 5292/5292 5293/5293 5291/5291
f 5292/5292 5291/5291 5285/5285
f 5286/5286 5284/5284 5274/5274
f 5291/5291 5286/5286 5285/5285
f 5286/5286 5274/5274 5285/5285
f 5274/5274 5273/5273 5285/5285
f 5274/5274 5271/5271 5273/5273
f 5273/5273 5271/5271 5270/5270
f 5342/5342 5347/5347 5345/5345
f 5284/5284 5283/5283 5274/5274
f 5274/5274 5283/5283 5271/5271
f 5283/5283 5281/5281 5271/5271
f 5271/5271 5281/5281 5267/5267
f 5271/5271 5267/5267 5270/5270
f 5270/5270 5267/5267 5269/5269
f 5281/5281 5282/5282 5267/5267
f 5267/5267 5282/5282 5268/5268
f 5282/5282 5287/5287 5268/5268
f 5287/5287 5276/5276 5268/5268
f 5267/5267 5268/5268 5269/5269
f 5269/5269 5268/5268 5272/5272
f 5272/5272 5297/5297 5269/5269
f 5275/5275 5268/5268 5276/5276
f 5275/5275 5276/5276 5277/5277
f 5276/5276 5288/5288 5277/5277
f 5288/5288 5289/5289 5277/5277
f 5277/5277 5279/5279 5278/5278
f 5289/5289 5279/5279 5277/5277
f 5297/5297 5272/5272 5275/5275
f 5297/5297 5275/5275 5296/5296
f 5272/5272 5268/5268 5275/5275
f 5296/5296 5278/5278 5299/5299
f 5296/5296 5275/5275 5278/5278
f 5275/5275 5277/5277 5278/5278
f 5289/5289 5290/5290 5279/5279
f 5290/5290 5298/5298 5279/5279
f 5299/5299 5278/5278 5300/5300
f 5278/5278 5279/5279 5280/5280
f 5279/5279 5298/5298 5280/5280
f 5298/5298 5301/5301 5280/5280
f 5298/5298 5303/5303 5302/5302
f 5301/5301 5298/5298 5302/5302
f 5303/5303 5304/5304 5302/5302
f 5304/5304 5305/5305 5302/5302
f 5302/5302 5305/5305 5306/5306
f 5306/5306 5305/5305 5332/5332
f 5304/5304 5307/5307 5305/5305
f 5305/5305 5307/5307 5308/5308
f 5308/5308 5332/5332 5305/5305
f 5308/5308 5307/5307 5309/5309
f 5332/5332 5308/5308 5331/5331
f 5331/5331 5308/5308 5310/5310
f 5331/5331 5310/5310 5330/5330
f 5309/5309 5310/5310 5308/5308
f 5309/5309 5311/5311 5310/5310
f 5310/5310 5311/5311 5312/5312
f 5330/5330 5310/5310 5312/5312
f 5330/5330 5312/5312 5324/5324
f 5324/5324 5312/5312 5323/5323
f 5324/5324 5323/5323 5321/5321
f 5321/5321 5323/5323 5320/5320
f 5320/5320 5319/5319 5321/5321
f 5320/5320 5315/5315 5319/5319
f 5319/5319 5315/5315 5314/5314
f 5339/5339 5329/5329 5340/5340
f 5339/5339 5340/5340 5341/5341
f 5340/5340 5343/5343 5342/5342
f 5341/5341 5340/5340 5342/5342
f 5341/5341 5342/5342 5345/5345
f 5422/5422 5421/5421 5423/5423
f 5422/5422 5420/5420 5421/5421
f 5337/5337 5371/5371 5334/5334
f 5421/5421 5424/5424 5423/5423
f 5423/5423 5424/5424 5425/5425
f 5421/5421 5420/5420 5418/5418
f 5421/5421 5418/5418 5424/5424
f 5424/5424 5418/5418 5429/5429
f 5429/5429 5418/5418 5414/5414
f 5419/5419 5418/5418 5420/5420
f 5419/5419 5417/5417 5418/5418
f 5366/5366 5369/5369 5377/5377
f 5429/5429 5414/5414 5428/5428
f 5366/5366 5377/5377 5365/5365
f 5418/5418 5417/5417 5414/5414
f 5414/5414 5417/5417 5409/5409
f 5414/5414 5409/5409 5408/5408
f 5414/5414 5408/5408 5428/5428
f 5368/5368 5372/5372 5373/5373
f 5371/5371 5375/5375 5334/5334
f 5368/5368 5367/5367 5372/5372
f 5372/5372 5374/5374 5375/5375
f 5364/5364 5367/5367 5366/5366
f 5372/5372 5367/5367 5374/5374
f 5326/5326 5335/5335 5340/5340
f 5340/5340 5335/5335 5344/5344
f 5335/5335 5359/5359 5344/5344
f 5340/5340 5344/5344 5343/5343
f 5375/5375 5374/5374 5359/5359
f 5375/5375 5359/5359 5334/5334
f 5334/5334 5335/5335 5326/5326
f 5334/5334 5359/5359 5335/5335
f 5374/5374 5344/5344 5359/5359
f 5424/5424 5432/5432 5425/5425
f 5424/5424 5429/5429 5432/5432
f 5369/5369 5366/5366 5368/5368
f 5366/5366 5367/5367 5368/5368
f 5364/5364 5365/5365 5363/5363
f 5366/5366 5365/5365 5364/5364
f 5408/5408 5427/5427 5428/5428
f 5409/5409 5407/5407 5408/5408
f 5408/5408 5407/5407 5406/5406
f 5408/5408 5406/5406 5426/5426
f 5408/5408 5426/5426 5427/5427
f 5360/5360 5361/5361 5347/5347
f 5367/5367 5360/5360 5374/5374
f 5362/5362 5360/5360 5367/5367
f 5367/5367 5364/5364 5362/5362
f 5362/5362 5364/5364 5363/5363
f 5360/5360 5344/5344 5374/5374
f 5362/5362 5363/5363 5361/5361
f 5362/5362 5361/5361 5360/5360
f 5342/5342 5343/5343 5346/5346
f 5342/5342 5346/5346 5347/5347
f 5343/5343 5344/5344 5346/5346
f 5346/5346 5344/5344 5360/5360
f 5360/5360 5347/5347 5346/5346
f 5361/5361 5376/5376 5349/5349
f 5361/5361 5349/5349 5347/5347
f 5361/5361 5363/5363 5370/5370
f 5361/5361 5370/5370 5376/5376
f 5370/5370 5357/5357 5376/5376
f 5370/5370 5356/5356 5357/5357
f 5376/5376 5357/5357 5351/5351
f 5349/5349 5348/5348 5347/5347
f 5345/5345 5347/5347 5348/5348
f 5348/5348 5349/5349 5350/5350
f 5376/5376 5351/5351 5349/5349
f 5406/5406 5404/5404 5426/5426
f 5426/5426 5404/5404 5434/5434
f 5356/5356 5352/5352 5357/5357
f 5357/5357 5352/5352 5351/5351
f 5356/5356 5355/5355 5352/5352
f 5349/5349 5351/5351 5350/5350
f 5351/5351 5352/5352 5350/5350
f 5352/5352 5353/5353 5350/5350
f 5352/5352 5355/5355 5354/5354
f 5353/5353 5352/5352 5354/5354
f 5434/5434 5405/5405 5433/5433
f 5433/5433 5411/5411 5435/5435
f 5313/5313 5323/5323 5312/5312
f 5323/5323 5313/5313 5338/5338
f 5311/5311 5313/5313 5312/5312
f 5323/5323 5338/5338 5327/5327
f 5327/5327 5338/5338 5336/5336
f 5323/5323 5327/5327 5320/5320
f 5320/5320 5327/5327 5322/5322
f 5320/5320 5322/5322 5315/5315
f 5327/5327 5336/5336 5322/5322
f 5322/5322 5328/5328 5315/5315
f 5336/5336 5328/5328 5322/5322
f 5336/5336 5358/5358 5328/5328
f 5328/5328 5358/5358 5333/5333
f 5328/5328 5333/5333 5316/5316
f 5358/5358 5337/5337 5333/5333
f 5337/5337 5325/5325 5333/5333
f 5314/5314 5315/5315 5316/5316
f 5315/5315 5328/5328 5316/5316
f 5314/5314 5316/5316 5317/5317
f 5316/5316 5333/5333 5325/5325
f 5317/5317 5316/5316 5318/5318
f 5316/5316 5325/5325 5318/5318
f 5337/5337 5334/5334 5325/5325
f 5318/5318 5325/5325 5326/5326
f 5318/5318 5329/5329 5339/5339
f 5318/5318 5326/5326 5329/5329
f 5325/5325 5334/5334 5326/5326
f 5329/5329 5326/5326 5340/5340
f 5406/5406 5407/5407 5401/5401
f 5401/5401 5404/5404 5406/5406
f 5401/5401 5399/5399 5404/5404
f 5401/5401 5400/5400 5399/5399
f 5399/5399 5405/5405 5404/5404
f 5434/5434 5404/5404 5405/5405
f 5399/5399 5400/5400 5398/5398
f 5399/5399 5397/5397 5405/5405
f 5399/5399 5398/5398 5397/5397
f 5398/5398 5394/5394 5397/5397
f 5433/5433 5405/5405 5411/5411
f 5397/5397 5411/5411 5405/5405
f 5397/5397 5396/5396 5411/5411
f 5394/5394 5392/5392 5396/5396
f 5394/5394 5393/5393 5392/5392
f 5393/5393 5390/5390 5392/5392
f 5397/5397 5394/5394 5396/5396
f 5435/5435 5411/5411 5431/5431
f 5411/5411 5396/5396 5431/5431
f 5431/5431 5396/5396 5412/5412
f 5396/5396 5392/5392 5395/5395
f 5396/5396 5395/5395 5412/5412
f 5392/5392 5389/5389 5395/5395
f 5395/5395 5403/5403 5412/5412
f 5430/5430 5412/5412 5403/5403
f 5430/5430 5403/5403 5416/5416
f 5392/5392 5390/5390 5389/5389
f 5390/5390 5388/5388 5389/5389
f 5388/5388 5386/5386 5389/5389
f 5389/5389 5391/5391 5395/5395
f 5389/5389 5386/5386 5391/5391
f 5391/5391 5403/5403 5395/5395
f 5388/5388 5387/5387 5386/5386
f 5391/5391 5384/5384 5403/5403
f 5387/5387 5385/5385 5386/5386
f 5391/5391 5386/5386 5384/5384
f 5386/5386 5385/5385 5383/5383
f 5386/5386 5383/5383 5384/5384
f 5403/5403 5384/5384 5410/5410
f 5403/5403 5410/5410 5416/5416
f 5416/5416 5410/5410 5415/5415
f 5385/5385 5381/5381 5383/5383
f 5385/5385 5380/5380 5381/5381
f 5410/5410 5384/5384 5402/5402
f 5384/5384 5382/5382 5402/5402
f 5384/5384 5383/5383 5382/5382
f 5410/5410 5402/5402 5415/5415
f 5402/5402 5382/5382 5379/5379
f 5415/5415 5413/5413 5437/5437
f 5415/5415 5402/5402 5413/5413
f 5383/5383 5381/5381 5382/5382
f 5382/5382 5381/5381 5379/5379
f 5379/5379 5413/5413 5402/5402
f 5381/5381 5380/5380 5379/5379
f 5380/5380 5378/5378 5379/5379
f 5437/5437 5413/5413 5436/5436
f 5515/5515 5516/5516 5517/5517
f 5515/5515 5514/5514 5516/5516
f 5515/5515 5513/5513 5514/5514
f 5514/5514 5513/5513 5511/5511
f 5513/5513 5509/5509 5511/5511
f 5509/5509 5510/5510 5511/5511
f 5509/5509 5512/5512 5510/5510
f 5509/5509 5518/5518 5512/5512
f 5518/5518 5519/5519 5512/5512
f 5519/5519 5520/5520 5512/5512
f 5519/5519 5521/5521 5520/5520
f 5521/5521 5522/5522 5520/5520
f 5521/5521 5523/5523 5522/5522
f 5521/5521 5524/5524 5523/5523
f 5524/5524 5525/5525 5523/5523
f 5523/5523 5525/5525 5527/5527
f 5524/5524 5526/5526 5525/5525
f 5525/5525 5529/5529 5527/5527
f 5546/5546 5528/5528 5526/5526
f 5526/5526 5528/5528 5525/5525
f 5525/5525 5528/5528 5529/5529
f 5546/5546 5532/5532 5528/5528
f 5528/5528 5530/5530 5529/5529
f 5528/5528 5531/5531 5530/5530
f 5532/5532 5533/5533 5531/5531
f 5532/5532 5531/5531 5528/5528
f 5533/5533 5534/5534 5531/5531
f 5533/5533 5547/5547 5534/5534
f 5534/5534 5547/5547 5548/5548
f 5547/5547 5551/5551 5549/5549
f 5547/5547 5549/5549 5548/5548
f 5548/5548 5549/5549 5550/5550
f 5551/5551 5552/5552 5549/5549
f 5551/5551 5494/5494 5552/5552
f 5494/5494 5493/5493 5552/5552
f 5494/5494 5491/5491 5493/5493
f 5491/5491 5490/5490 5493/5493
f 5474/5474 5465/5465 5462/5462
f 5529/5529 5530/5530 5539/5539
f 5531/5531 5535/5535 5530/5530
f 5530/5530 5536/5536 5539/5539
f 5530/5530 5535/5535 5536/5536
f 5531/5531 5534/5534 5535/5535
f 5534/5534 5538/5538 5535/5535
f 5536/5536 5537/5537 5541/5541
f 5535/5535 5537/5537 5536/5536
f 5541/5541 5537/5537 5544/5544
f 5535/5535 5538/5538 5537/5537
f 5534/5534 5548/5548 5538/5538
f 5548/5548 5550/5550 5538/5538
f 5537/5537 5538/5538 5540/5540
f 5537/5537 5540/5540 5544/5544
f 5550/5550 5542/5542 5538/5538
f 5538/5538 5542/5542 5540/5540
f 5542/5542 5543/5543 5540/5540
f 5549/5549 5507/5507 5550/5550
f 5549/5549 5552/5552 5507/5507
f 5550/5550 5507/5507 5542/5542
f 5507/5507 5506/5506 5542/5542
f 5542/5542 5506/5506 5545/5545
f 5542/5542 5545/5545 5543/5543
f 5544/5544 5543/5543 5444/5444
f 5445/5445 5544/5544 5444/5444
f 5540/5540 5543/5543 5544/5544
f 5445/5445 5444/5444 5442/5442
f 5442/5442 5438/5438 5440/5440
f 5543/5543 5443/5443 5444/5444
f 5444/5444 5443/5443 5442/5442
f 5443/5443 5438/5438 5442/5442
f 5543/5543 5446/5446 5443/5443
f 5443/5443 5446/5446 5438/5438
f 5552/5552 5493/5493 5507/5507
f 5506/5506 5505/5505 5503/5503
f 5493/5493 5505/5505 5507/5507
f 5507/5507 5505/5505 5506/5506
f 5545/5545 5508/5508 5543/5543
f 5506/5506 5508/5508 5545/5545
f 5506/5506 5503/5503 5508/5508
f 5493/5493 5490/5490 5505/5505
f 5503/5503 5505/5505 5497/5497
f 5543/5543 5508/5508 5446/5446
f 5446/5446 5439/5439 5438/5438
f 5438/5438 5439/5439 5440/5440
f 5439/5439 5441/5441 5440/5440
f 5441/5441 5447/5447 5440/5440
f 5508/5508 5504/5504 5446/5446
f 5508/5508 5503/5503 5504/5504
f 5446/5446 5504/5504 5439/5439
f 5491/5491 5488/5488 5490/5490
f 5505/5505 5490/5490 5497/5497
f 5488/5488 5487/5487 5490/5490
f 5490/5490 5487/5487 5492/5492
f 5490/5490 5492/5492 5497/5497
f 5503/5503 5497/5497 5498/5498
f 5488/5488 5486/5486 5487/5487
f 5497/5497 5492/5492 5495/5495
f 5495/5495 5496/5496 5497/5497
f 5495/5495 5471/5471 5496/5496
f 5439/5439 5498/5498 5441/5441
f 5441/5441 5448/5448 5447/5447
f 5498/5498 5501/5501 5441/5441
f 5504/5504 5503/5503 5498/5498
f 5504/5504 5498/5498 5439/5439
f 5497/5497 5496/5496 5498/5498
f 5498/5498 5496/5496 5501/5501
f 5486/5486 5484/5484 5487/5487
f 5487/5487 5484/5484 5472/5472
f 5487/5487 5472/5472 5492/5492
f 5492/5492 5471/5471 5495/5495
f 5492/5492 5472/5472 5471/5471
f 5486/5486 5482/5482 5484/5484
f 5472/5472 5484/5484 5470/5470
f 5472/5472 5470/5470 5471/5471
f 5496/5496 5471/5471 5499/5499
f 5496/5496 5499/5499 5501/5501
f 5471/5471 5500/5500 5499/5499
f 5500/5500 5471/5471 5473/5473
f 5482/5482 5483/5483 5484/5484
f 5484/5484 5483/5483 5470/5470
f 5469/5469 5471/5471 5470/5470
f 5482/5482 5489/5489 5483/5483
f 5489/5489 5485/5485 5483/5483
f 5483/5483 5468/5468 5470/5470
f 5470/5470 5468/5468 5469/5469
f 5469/5469 5468/5468 5467/5467
f 5483/5483 5485/5485 5468/5468
f 5471/5471 5469/5469 5473/5473
f 5500/5500 5473/5473 5502/5502
f 5473/5473 5467/5467 5502/5502
f 5469/5469 5467/5467 5473/5473
f 5485/5485 5475/5475 5468/5468
f 5475/5475 5481/5481 5460/5460
f 5475/5475 5460/5460 5466/5466
f 5468/5468 5466/5466 5467/5467
f 5468/5468 5475/5475 5466/5466
f 5467/5467 5466/5466 5454/5454
f 5467/5467 5454/5454 5502/5502
f 5454/5454 5466/5466 5453/5453
f 5466/5466 5460/5460 5453/5453
f 5453/5453 5452/5452 5454/5454
f 5453/5453 5455/5455 5451/5451
f 5460/5460 5455/5455 5453/5453
f 5453/5453 5451/5451 5452/5452
f 5457/5457 5459/5459 5455/5455
f 5481/5481 5457/5457 5460/5460
f 5460/5460 5457/5457 5455/5455
f 5457/5457 5458/5458 5459/5459
f 5455/5455 5459/5459 5456/5456
f 5449/5449 5450/5450 5451/5451
f 5455/5455 5456/5456 5451/5451
f 5456/5456 5459/5459 5463/5463
f 5459/5459 5458/5458 5461/5461
f 5458/5458 5462/5462 5461/5461
f 5459/5459 5461/5461 5463/5463
f 5458/5458 5474/5474 5462/5462
f 5615/5615 5608/5608 5617/5617
f 5621/5621 5612/5612 5606/5606
f 5612/5612 5604/5604 5606/5606
f 5612/5612 5611/5611 5604/5604
f 5461/5461 5462/5462 5464/5464
f 5618/5618 5606/5606 5615/5615
f 5615/5615 5606/5606 5605/5605
f 5615/5615 5605/5605 5608/5608
f 5605/5605 5607/5607 5608/5608
f 5606/5606 5604/5604 5605/5605
f 5604/5604 5603/5603 5605/5605
f 5605/5605 5603/5603 5607/5607
f 5607/5607 5603/5603 5602/5602
f 5462/5462 5465/5465 5464/5464
f 5464/5464 5465/5465 5476/5476
f 5465/5465 5477/5477 5476/5476
f 5477/5477 5478/5478 5476/5476
f 5476/5476 5478/5478 5479/5479
f 5611/5611 5599/5599 5604/5604
f 5604/5604 5599/5599 5603/5603
f 5603/5603 5599/5599 5602/5602
f 5599/5599 5570/5570 5602/5602
f 5611/5611 5598/5598 5599/5599
f 5599/5599 5598/5598 5569/5569
f 5599/5599 5569/5569 5570/5570
f 5569/5569 5567/5567 5570/5570
f 5478/5478 5480/5480 5479/5479
f 5619/5619 5597/5597 5613/5613
f 5613/5613 5597/5597 5596/5596
f 5598/5598 5572/5572 5569/5569
f 5598/5598 5596/5596 5572/5572
f 5569/5569 5572/5572 5568/5568
f 5569/5569 5568/5568 5567/5567
f 5568/5568 5572/5572 5565/5565
f 5568/5568 5565/5565 5567/5567
f 5567/5567 5565/5565 5566/5566
f 5596/5596 5573/5573 5572/5572
f 5573/5573 5571/5571 5572/5572
f 5597/5597 5576/5576 5596/5596
f 5597/5597 5616/5616 5576/5576
f 5596/5596 5576/5576 5573/5573
f 5616/5616 5588/5588 5576/5576
f 5616/5616 5622/5622 5588/5588
f 5573/5573 5575/5575 5571/5571
f 5576/5576 5575/5575 5573/5573
f 5572/5572 5571/5571 5565/5565
f 5565/5565 5571/5571 5563/5563
f 5576/5576 5588/5588 5575/5575
f 5575/5575 5588/5588 5587/5587
f 5587/5587 5586/5586 5575/5575
f 5575/5575 5586/5586 5571/5571
f 5571/5571 5560/5560 5563/5563
f 5571/5571 5586/5586 5560/5560
f 5586/5586 5584/5584 5560/5560
f 5622/5622 5589/5589 5588/5588
f 5622/5622 5592/5592 5589/5589
f 5622/5622 5626/5626 5592/5592
f 5626/5626 5620/5620 5592/5592
f 5588/5588 5589/5589 5587/5587
f 5587/5587 5584/5584 5586/5586
f 5589/5589 5582/5582 5587/5587
f 5587/5587 5582/5582 5584/5584
f 5592/5592 5582/5582 5589/5589
f 5592/5592 5583/5583 5582/5582
f 5584/5584 5582/5582 5581/5581
f 5452/5452 5451/5451 5450/5450
f 5620/5620 5583/5583 5592/5592
f 5620/5620 5585/5585 5583/5583
f 5620/5620 5623/5623 5585/5585
f 5583/5583 5585/5585 5580/5580
f 5583/5583 5580/5580 5582/5582
f 5582/5582 5580/5580 5581/5581
f 5580/5580 5574/5574 5581/5581
f 5623/5623 5624/5624 5585/5585
f 5623/5623 5625/5625 5624/5624
f 5624/5624 5593/5593 5585/5585
f 5585/5585 5593/5593 5580/5580
f 5624/5624 5628/5628 5593/5593
f 5580/5580 5593/5593 5594/5594
f 5580/5580 5594/5594 5595/5595
f 5580/5580 5595/5595 5579/5579
f 5580/5580 5579/5579 5574/5574
f 5595/5595 5610/5610 5579/5579
f 5624/5624 5625/5625 5627/5627
f 5624/5624 5627/5627 5628/5628
f 5610/5610 5609/5609 5579/5579
f 5579/5579 5609/5609 5601/5601
f 5565/5565 5564/5564 5566/5566
f 5565/5565 5563/5563 5564/5564
f 5563/5563 5559/5559 5564/5564
f 5563/5563 5560/5560 5559/5559
f 5560/5560 5558/5558 5559/5559
f 5584/5584 5558/5558 5560/5560
f 5581/5581 5558/5558 5584/5584
f 5558/5558 5553/5553 5559/5559
f 5558/5558 5554/5554 5553/5553
f 5558/5558 5557/5557 5554/5554
f 5581/5581 5557/5557 5558/5558
f 5553/5553 5554/5554 5555/5555
f 5554/5554 5556/5556 5555/5555
f 5554/5554 5557/5557 5556/5556
f 5581/5581 5574/5574 5557/5557
f 5574/5574 5579/5579 5578/5578
f 5574/5574 5562/5562 5557/5557
f 5574/5574 5578/5578 5562/5562
f 5557/5557 5562/5562 5561/5561
f 5556/5556 5557/5557 5561/5561
f 5579/5579 5600/5600 5578/5578
f 5578/5578 5590/5590 5562/5562
f 5579/5579 5601/5601 5600/5600
f 5578/5578 5600/5600 5590/5590
f 5561/5561 5562/5562 5577/5577
f 5562/5562 5591/5591 5577/5577
f 5562/5562 5590/5590 5591/5591
f 5577/5577 5591/5591 5614/5614
f 5639/5639 5635/5635 5638/5638
f 5639/5639 5638/5638 5644/5644
f 5639/5639 5644/5644 5640/5640
f 5646/5646 5647/5647 5648/5648
f 5638/5638 5645/5645 5644/5644
f 5646/5646 5648/5648 5649/5649
f 5639/5639 5640/5640 5635/5635
f 5638/5638 5635/5635 5637/5637
f 5636/5636 5637/5637 5635/5635
f 5635/5635 5640/5640 5634/5634
f 5636/5636 5635/5635 5633/5633
f 5635/5635 5634/5634 5633/5633
f 5636/5636 5633/5633 5642/5642
f 5633/5633 5634/5634 5631/5631
f 5634/5634 5640/5640 5641/5641
f 5634/5634 5641/5641 5631/5631
f 5633/5633 5632/5632 5642/5642
f 5633/5633 5631/5631 5632/5632
f 5641/5641 5643/5643 5631/5631
f 5632/5632 5631/5631 5629/5629
f 5631/5631 5643/5643 5630/5630
f 5631/5631 5630/5630 5629/5629
f 5659/5659 5656/5656 5655/5655
f 5659/5659 5662/5662 5656/5656
f 5655/5655 5656/5656 5657/5657
f 5657/5657 5656/5656 5658/5658
f 5651/5651 5652/5652 5650/5650
f 5658/5658 5656/5656 5660/5660
f 5658/5658 5660/5660 5661/5661
f 5654/5654 5653/5653 5652/5652
f 5652/5652 5653/5653 5650/5650
f 5663/5663 5664/5664 5665/5665
f 5666/5666 5667/5667 5668/5668
f 5672/5672 5670/5670 5669/5669
f 5672/5672 5673/5673 5670/5670
f 5669/5669 5670/5670 5671/5671
f 5670/5670 5675/5675 5671/5671
f 5672/5672 5674/5674 5673/5673
f 5670/5670 5673/5673 5675/5675
f 5683/5683 5688/5688 5684/5684
f 5683/5683 5684/5684 5685/5685
f 5688/5688 5691/5691 5689/5689
f 5688/5688 5689/5689 5684/5684
f 5691/5691 5716/5716 5689/5689
f 5689/5689 5716/5716 5715/5715
f 5684/5684 5689/5689 5690/5690
f 5685/5685 5684/5684 5686/5686
f 5685/5685 5686/5686 5687/5687
f 5687/5687 5686/5686 5696/5696
f 5687/5687 5696/5696 5695/5695
f 5684/5684 5690/5690 5686/5686
f 5686/5686 5690/5690 5696/5696
f 5690/5690 5715/5715 5711/5711
f 5690/5690 5711/5711 5699/5699
f 5690/5690 5699/5699 5696/5696
f 5689/5689 5715/5715 5690/5690
f 5715/5715 5717/5717 5710/5710
f 5695/5695 5696/5696 5693/5693
f 5711/5711 5715/5715 5710/5710
f 5711/5711 5710/5710 5699/5699
f 5699/5699 5710/5710 5700/5700
f 5710/5710 5717/5717 5713/5713
f 5695/5695 5693/5693 5692/5692
f 5696/5696 5699/5699 5697/5697
f 5697/5697 5699/5699 5700/5700
f 5696/5696 5697/5697 5693/5693
f 5692/5692 5693/5693 5694/5694
f 5693/5693 5697/5697 5694/5694
f 5710/5710 5713/5713 5700/5700
f 5700/5700 5713/5713 5702/5702
f 5694/5694 5697/5697 5698/5698
f 5697/5697 5701/5701 5698/5698
f 5697/5697 5700/5700 5701/5701
f 5681/5681 5676/5676 5679/5679
f 5698/5698 5701/5701 5703/5703
f 5676/5676 5677/5677 5678/5678
f 5676/5676 5678/5678 5679/5679
f 5698/5698 5703/5703 5719/5719
f 5703/5703 5701/5701 5704/5704
f 5719/5719 5703/5703 5704/5704
f 5678/5678 5677/5677 5680/5680
f 5678/5678 5680/5680 5682/5682
f 5719/5719 5704/5704 5721/5721
f 5719/5719 5721/5721 5722/5722
f 5721/5721 5704/5704 5720/5720
f 5704/5704 5701/5701 5705/5705
f 5704/5704 5705/5705 5706/5706
f 5720/5720 5704/5704 5714/5714
f 5704/5704 5706/5706 5714/5714
f 5705/5705 5709/5709 5706/5706
f 5713/5713 5718/5718 5702/5702
f 5700/5700 5702/5702 5701/5701
f 5702/5702 5718/5718 5707/5707
f 5702/5702 5707/5707 5701/5701
f 5701/5701 5707/5707 5708/5708
f 5701/5701 5708/5708 5705/5705
f 5705/5705 5708/5708 5712/5712
f 5705/5705 5712/5712 5709/5709
f 5726/5726 5724/5724 5723/5723
f 5723/5723 5724/5724 5725/5725
f 5725/5725 5724/5724 5727/5727
f 5725/5725 5727/5727 5728/5728
f 5761/5761 5760/5760 5759/5759
f 5759/5759 5760/5760 5750/5750
f 5759/5759 5750/5750 5752/5752
f 5752/5752 5750/5750 5749/5749
f 5750/5750 5760/5760 5751/5751
f 5751/5751 5747/5747 5750/5750
f 5750/5750 5747/5747 5749/5749
f 5749/5749 5747/5747 5748/5748
f 5751/5751 5753/5753 5747/5747
f 5747/5747 5746/5746 5748/5748
f 5753/5753 5754/5754 5747/5747
f 5754/5754 5744/5744 5747/5747
f 5747/5747 5744/5744 5746/5746
f 5744/5744 5745/5745 5746/5746
f 5745/5745 5744/5744 5743/5743
f 5744/5744 5742/5742 5743/5743
f 5742/5742 5741/5741 5743/5743
f 5742/5742 5740/5740 5741/5741
f 5740/5740 5738/5738 5739/5739
f 5740/5740 5739/5739 5741/5741
f 5755/5755 5756/5756 5758/5758
f 5737/5737 5735/5735 5755/5755
f 5755/5755 5735/5735 5756/5756
f 5735/5735 5736/5736 5756/5756
f 5736/5736 5757/5757 5756/5756
f 5762/5762 5763/5763 5764/5764
f 5764/5764 5763/5763 5765/5765
f 5738/5738 5730/5730 5739/5739
f 5738/5738 5729/5729 5730/5730
f 5765/5765 5763/5763 5766/5766
f 5737/5737 5734/5734 5735/5735
f 5736/5736 5735/5735 5733/5733
f 5735/5735 5734/5734 5733/5733
f 5734/5734 5732/5732 5733/5733
f 5732/5732 5731/5731 5733/5733
f 5776/5776 5778/5778 5780/5780
f 5776/5776 5777/5777 5778/5778
f 5777/5777 5779/5779 5778/5778
f 5780/5780 5778/5778 5781/5781
f 5778/5778 5782/5782 5781/5781
f 5781/5781 5782/5782 5783/5783
f 5783/5783 5782/5782 5775/5775
f 5769/5769 5770/5770 5768/5768
f 5769/5769 5768/5768 5767/5767
f 5783/5783 5775/5775 5784/5784
f 5784/5784 5775/5775 5773/5773
f 5775/5775 5774/5774 5773/5773
f 5784/5784 5773/5773 5785/5785
f 5773/5773 5774/5774 5772/5772
f 5785/5785 5773/5773 5771/5771
f 5773/5773 5772/5772 5771/5771
f 5786/5786 5785/5785 5771/5771
f 5786/5786 5771/5771 5769/5769
f 5771/5771 5770/5770 5769/5769
f 5771/5771 5772/5772 5770/5770
f 5786/5786 5769/5769 5787/5787
f 5787/5787 5769/5769 5767/5767
f 5802/5802 5803/5803 5801/5801
f 5802/5802 5801/5801 5795/5795
f 5795/5795 5793/5793 5800/5800
f 5795/5795 5794/5794 5793/5793
f 5795/5795 5801/5801 5794/5794
f 5794/5794 5792/5792 5793/5793
f 5794/5794 5801/5801 5792/5792
f 5801/5801 5803/5803 5792/5792
f 5800/5800 5793/5793 5788/5788
f 5793/5793 5792/5792 5788/5788
f 5804/5804 5805/5805 5806/5806
f 5804/5804 5806/5806 5807/5807
f 5798/5798 5800/5800 5788/5788
f 5788/5788 5792/5792 5789/5789
f 5788/5788 5789/5789 5790/5790
f 5798/5798 5788/5788 5796/5796
f 5788/5788 5790/5790 5791/5791
f 5796/5796 5788/5788 5791/5791
f 5798/5798 5796/5796 5799/5799
f 5799/5799 5796/5796 5797/5797
f 5796/5796 5791/5791 5797/5797
f 5791/5791 5790/5790 5797/5797
f 5808/5808 5810/5810 5811/5811
f 5808/5808 5818/5818 5819/5819
f 5808/5808 5809/5809 5810/5810
f 5811/5811 5810/5810 5824/5824
f 5810/5810 5820/5820 5824/5824
f 5818/5818 5816/5816 5819/5819
f 5819/5819 5816/5816 5810/5810
f 5816/5816 5820/5820 5810/5810
f 5818/5818 5817/5817 5816/5816
f 5816/5816 5821/5821 5820/5820
f 5816/5816 5814/5814 5821/5821
f 5817/5817 5812/5812 5816/5816
f 5816/5816 5812/5812 5814/5814
f 5817/5817 5822/5822 5812/5812
f 5812/5812 5822/5822 5823/5823
f 5812/5812 5813/5813 5814/5814
f 5812/5812 5823/5823 5813/5813
f 5827/5827 5826/5826 5828/5828
f 5823/5823 5822/5822 5813/5813
f 5813/5813 5815/5815 5814/5814
f 5827/5827 5825/5825 5826/5826
f 5829/5829 5830/5830 5831/5831
f 5832/5832 5833/5833 5834/5834
f 5846/5846 5840/5840 5844/5844
f 5844/5844 5840/5840 5837/5837
f 5844/5844 5837/5837 5845/5845
f 5843/5843 5845/5845 5837/5837
f 5837/5837 5838/5838 5836/5836
f 5843/5843 5837/5837 5835/5835
f 5836/5836 5835/5835 5837/5837
f 5842/5842 5840/5840 5846/5846
f 5842/5842 5846/5846 5847/5847
f 5840/5840 5842/5842 5841/5841
f 5840/5840 5841/5841 5839/5839
f 5840/5840 5839/5839 5837/5837
f 5837/5837 5839/5839 5838/5838
f 5857/5857 5858/5858 5852/5852
f 5858/5858 5853/5853 5852/5852
f 5858/5858 5859/5859 5853/5853
f 5852/5852 5853/5853 5851/5851
f 5853/5853 5854/5854 5851/5851
f 5859/5859 5855/5855 5853/5853
f 5853/5853 5855/5855 5854/5854
f 5859/5859 5861/5861 5855/5855
f 5855/5855 5861/5861 5856/5856
f 5855/5855 5856/5856 5854/5854
f 5861/5861 5862/5862 5856/5856
f 5863/5863 5865/5865 5866/5866
f 5863/5863 5864/5864 5865/5865
f 5848/5848 5849/5849 5850/5850
f 5848/5848 5851/5851 5849/5849
f 5857/5857 5852/5852 5848/5848
f 5857/5857 5848/5848 5860/5860
f 5848/5848 5852/5852 5851/5851
f 5875/5875 5873/5873 5874/5874
f 5873/5873 5871/5871 5874/5874
f 5874/5874 5871/5871 5887/5887
f 5873/5873 5872/5872 5871/5871
f 5872/5872 5869/5869 5871/5871
f 5878/5878 5875/5875 5877/5877
f 5878/5878 5877/5877 5883/5883
f 5883/5883 5877/5877 5886/5886
f 5878/5878 5883/5883 5884/5884
f 5875/5875 5874/5874 5877/5877
f 5877/5877 5874/5874 5885/5885
f 5877/5877 5885/5885 5886/5886
f 5874/5874 5887/5887 5885/5885
f 5895/5895 5896/5896 5897/5897
f 5890/5890 5888/5888 5876/5876
f 5890/5890 5876/5876 5891/5891
f 5887/5887 5871/5871 5888/5888
f 5871/5871 5876/5876 5888/5888
f 5889/5889 5890/5890 5891/5891
f 5889/5889 5891/5891 5892/5892
f 5892/5892 5891/5891 5882/5882
f 5889/5889 5892/5892 5893/5893
f 5889/5889 5893/5893 5894/5894
f 5891/5891 5876/5876 5882/5882
f 5871/5871 5870/5870 5876/5876
f 5876/5876 5870/5870 5881/5881
f 5876/5876 5880/5880 5882/5882
f 5876/5876 5881/5881 5880/5880
f 5871/5871 5869/5869 5870/5870
f 5869/5869 5867/5867 5870/5870
f 5881/5881 5870/5870 5868/5868
f 5881/5881 5868/5868 5880/5880
f 5868/5868 5879/5879 5880/5880
f 5870/5870 5867/5867 5868/5868
f 5913/5913 5904/5904 5916/5916
f 5913/5913 5912/5912 5904/5904
f 5915/5915 5918/5918 5914/5914
f 5915/5915 5912/5912 5913/5913
f 5915/5915 5914/5914 5912/5912
f 5918/5918 5917/5917 5914/5914
f 5914/5914 5910/5910 5912/5912
f 5914/5914 5917/5917 5910/5910
f 5912/5912 5910/5910 5904/5904
f 5910/5910 5903/5903 5904/5904
f 5917/5917 5911/5911 5910/5910
f 5903/5903 5902/5902 5904/5904
f 5911/5911 5909/5909 5910/5910
f 5910/5910 5909/5909 5903/5903
f 5909/5909 5900/5900 5903/5903
f 5903/5903 5900/5900 5902/5902
f 5911/5911 5908/5908 5909/5909
f 5908/5908 5906/5906 5909/5909
f 5909/5909 5906/5906 5900/5900
f 5901/5901 5902/5902 5900/5900
f 5919/5919 5920/5920 5907/5907
f 5920/5920 5921/5921 5907/5907
f 5919/5919 5907/5907 5908/5908
f 5907/5907 5906/5906 5908/5908
f 5906/5906 5899/5899 5900/5900
f 5906/5906 5905/5905 5899/5899
f 5900/5900 5898/5898 5901/5901
f 5900/5900 5899/5899 5898/5898
f 5906/5906 5907/5907 5905/5905
f 5944/5944 5942/5942 5938/5938
f 5944/5944 5938/5938 5937/5937
f 5938/5938 5942/5942 5939/5939
f 5938/5938 5939/5939 5935/5935
f 5938/5938 5935/5935 5937/5937
f 5937/5937 5935/5935 5936/5936
f 5936/5936 5935/5935 5931/5931
f 5932/5932 5931/5931 5935/5935
f 5936/5936 5931/5931 5940/5940
f 5931/5931 5932/5932 5933/5933
f 5961/5961 5957/5957 5956/5956
f 5959/5959 5958/5958 5957/5957
f 5958/5958 5962/5962 5953/5953
f 5940/5940 5931/5931 5941/5941
f 5956/5956 5957/5957 5953/5953
f 5931/5931 5934/5934 5941/5941
f 5931/5931 5933/5933 5934/5934
f 5956/5956 5953/5953 5952/5952
f 5957/5957 5958/5958 5953/5953
f 5953/5953 5962/5962 5951/5951
f 5962/5962 5955/5955 5951/5951
f 5959/5959 5960/5960 5958/5958
f 5960/5960 5963/5963 5962/5962
f 5960/5960 5962/5962 5958/5958
f 5963/5963 5964/5964 5962/5962
f 5930/5930 5929/5929 5928/5928
f 5965/5965 5966/5966 5967/5967
f 5928/5928 5927/5927 5922/5922
f 5929/5929 5927/5927 5928/5928
f 5922/5922 5927/5927 5923/5923
f 5922/5922 5923/5923 5924/5924
f 5955/5955 5954/5954 5951/5951
f 5924/5924 5923/5923 5925/5925
f 5940/5940 5941/5941 5943/5943
f 5953/5953 5951/5951 5946/5946
f 5952/5952 5953/5953 5946/5946
f 5946/5946 5951/5951 5945/5945
f 5951/5951 5954/5954 5945/5945
f 5952/5952 5946/5946 5948/5948
f 5926/5926 5924/5924 5925/5925
f 5950/5950 5948/5948 5949/5949
f 5948/5948 5946/5946 5947/5947
f 5972/5972 5971/5971 5973/5973
f 5992/5992 5997/5997 5998/5998
f 5992/5992 5990/5990 5994/5994
f 5992/5992 5994/5994 5997/5997
f 5974/5974 5968/5968 5970/5970
f 5992/5992 5998/5998 5996/5996
f 5972/5972 5970/5970 5971/5971
f 5970/5970 5969/5969 5971/5971
f 5987/5987 5982/5982 5984/5984
f 5982/5982 5983/5983 5984/5984
f 5987/5987 5986/5986 5982/5982
f 5986/5986 5981/5981 5982/5982
f 5986/5986 5988/5988 5981/5981
f 5981/5981 5980/5980 5982/5982
f 5982/5982 5980/5980 5983/5983
f 5988/5988 5985/5985 5981/5981
f 5981/5981 5985/5985 5978/5978
f 5981/5981 5978/5978 5980/5980
f 6001/6001 5999/5999 6000/6000
f 5978/5978 5979/5979 5980/5980
f 5999/5999 5995/5995 5993/5993
f 5999/5999 5993/5993 6000/6000
f 5985/5985 5976/5976 5978/5978
f 5978/5978 5977/5977 5979/5979
f 5978/5978 5976/5976 5977/5977
f 5989/5989 5990/5990 5991/5991
f 5995/5995 5989/5989 5993/5993
f 5993/5993 5989/5989 5991/5991
f 5976/5976 5975/5975 5973/5973
f 5976/5976 5973/5973 5977/5977
f 5975/5975 5972/5972 5973/5973
f 5990/5990 5992/5992 5991/5991
f 5991/5991 5992/5992 5996/5996
f 6015/6015 6026/6026 6027/6027
f 6027/6027 6026/6026 6028/6028
f 6027/6027 6028/6028 6029/6029
f 6022/6022 6021/6021 6025/6025
f 6025/6025 6036/6036 6024/6024
f 6025/6025 6024/6024 6022/6022
f 6024/6024 6036/6036 6035/6035
f 6037/6037 6025/6025 6038/6038
f 6037/6037 6036/6036 6025/6025
f 6022/6022 6024/6024 6023/6023
f 6024/6024 6035/6035 6023/6023
f 6021/6021 6022/6022 6018/6018
f 6022/6022 6023/6023 6018/6018
f 6021/6021 6018/6018 6017/6017
f 6023/6023 6032/6032 6018/6018
f 6018/6018 6019/6019 6011/6011
f 6017/6017 6018/6018 6011/6011
f 6017/6017 6011/6011 6013/6013
f 6018/6018 6032/6032 6019/6019
f 6011/6011 6010/6010 6013/6013
f 6019/6019 6020/6020 6011/6011
f 6011/6011 6020/6020 6009/6009
f 6010/6010 6011/6011 6009/6009
f 6012/6012 6010/6010 6006/6006
f 6015/6015 6012/6012 6014/6014
f 6012/6012 6006/6006 6014/6014
f 6010/6010 6009/6009 6006/6006
f 6006/6006 6007/6007 6004/6004
f 6006/6006 6009/6009 6007/6007
f 6009/6009 6016/6016 6007/6007
f 6026/6026 6031/6031 6028/6028
f 6015/6015 6014/6014 6026/6026
f 6014/6014 6006/6006 6005/6005
f 6006/6006 6004/6004 6005/6005
f 6026/6026 6014/6014 6031/6031
f 6014/6014 6005/6005 6031/6031
f 6005/6005 6004/6004 6002/6002
f 6016/6016 6008/6008 6007/6007
f 6004/6004 6007/6007 6008/6008
f 6004/6004 6008/6008 6003/6003
f 6031/6031 6034/6034 6028/6028
f 6031/6031 6005/6005 6033/6033
f 6004/6004 6003/6003 6002/6002
f 6008/6008 6030/6030 6003/6003
f 6048/6048 6042/6042 6043/6043
f 6048/6048 6050/6050 6042/6042
f 6048/6048 6055/6055 6050/6050
f 6052/6052 6053/6053 6054/6054
f 6052/6052 6049/6049 6053/6053
f 6052/6052 6051/6051 6049/6049
f 6051/6051 6046/6046 6049/6049
f 6049/6049 6046/6046 6044/6044
f 6046/6046 6045/6045 6044/6044
f 6046/6046 6047/6047 6045/6045
f 6047/6047 6043/6043 6045/6045
f 6047/6047 6048/6048 6043/6043
f 6045/6045 6043/6043 6044/6044
f 6043/6043 6041/6041 6044/6044
f 6043/6043 6042/6042 6039/6039
f 6043/6043 6039/6039 6041/6041
f 6039/6039 6040/6040 6041/6041
f 6059/6059 6056/6056 6058/6058
f 6059/6059 6058/6058 6069/6069
f 6056/6056 6057/6057 6058/6058
f 6057/6057 6060/6060 6058/6058
f 6057/6057 6061/6061 6060/6060
f 6061/6061 6062/6062 6060/6060
f 6061/6061 6063/6063 6062/6062
f 6062/6062 6063/6063 6064/6064
f 6063/6063 6065/6065 6064/6064
f 6063/6063 6066/6066 6065/6065
f 6066/6066 6067/6067 6065/6065
f 6065/6065 6067/6067 6068/6068
f 6074/6074 6067/6067 6066/6066
f 6067/6067 6070/6070 6068/6068
f 6074/6074 6071/6071 6067/6067
f 6067/6067 6071/6071 6070/6070
f 6074/6074 6073/6073 6071/6071
f 6071/6071 6072/6072 6070/6070
f 6083/6083 6082/6082 6081/6081
f 6080/6080 6081/6081 6082/6082
f 6080/6080 6082/6082 6084/6084
f 6100/6100 6097/6097 6099/6099
f 6080/6080 6077/6077 6081/6081
f 6080/6080 6075/6075 6077/6077
f 6075/6075 6076/6076 6077/6077
f 6098/6098 6099/6099 6097/6097
f 6100/6100 6101/6101 6097/6097
f 6097/6097 6101/6101 6103/6103
f 6075/6075 6078/6078 6076/6076
f 6098/6098 6097/6097 6089/6089
f 6097/6097 6096/6096 6089/6089
f 6097/6097 6103/6103 6096/6096
f 6103/6103 6105/6105 6096/6096
f 6078/6078 6079/6079 6076/6076
f 6089/6089 6096/6096 6088/6088
f 6096/6096 6105/6105 6104/6104
f 6096/6096 6104/6104 6088/6088
f 6088/6088 6087/6087 6089/6089
f 6088/6088 6104/6104 6092/6092
f 6104/6104 6106/6106 6092/6092
f 6088/6088 6085/6085 6087/6087
f 6088/6088 6092/6092 6085/6085
f 6085/6085 6086/6086 6087/6087
f 6085/6085 6092/6092 6090/6090
f 6092/6092 6106/6106 6102/6102
f 6092/6092 6102/6102 6090/6090
f 6085/6085 6090/6090 6086/6086
f 6090/6090 6091/6091 6086/6086
f 6091/6091 6090/6090 6093/6093
f 6090/6090 6102/6102 6093/6093
f 6091/6091 6093/6093 6094/6094
f 6091/6091 6094/6094 6095/6095
f 6112/6112 6111/6111 6109/6109
f 6111/6111 6107/6107 6109/6109
f 6107/6107 6108/6108 6109/6109
f 6107/6107 6110/6110 6108/6108
f 6113/6113 6117/6117 6114/6114
f 6113/6113 6114/6114 6115/6115
f 6118/6118 6119/6119 6120/6120
f 6115/6115 6114/6114 6116/6116
f 6118/6118 6120/6120 6121/6121
f 6122/6122 6120/6120 6119/6119
f 6126/6126 6123/6123 6125/6125
f 6126/6126 6125/6125 6129/6129
f 6123/6123 6124/6124 6125/6125
f 6125/6125 6127/6127 6129/6129
f 6124/6124 6127/6127 6125/6125
f 6124/6124 6128/6128 6127/6127
f 6130/6130 6133/6133 6131/6131
f 6133/6133 6134/6134 6131/6131
f 6136/6136 6137/6137 6138/6138
f 6135/6135 6130/6130 6132/6132
f 6130/6130 6131/6131 6132/6132
f 6138/6138 6137/6137 6139/6139
f 6154/6154 6147/6147 6148/6148
f 6147/6147 6143/6143 6148/6148
f 6160/6160 6161/6161 6162/6162
f 6153/6153 6154/6154 6148/6148
f 6153/6153 6148/6148 6146/6146
f 6143/6143 6145/6145 6146/6146
f 6148/6148 6143/6143 6146/6146
f 6143/6143 6140/6140 6145/6145
f 6147/6147 6141/6141 6143/6143
f 6147/6147 6144/6144 6141/6141
f 6143/6143 6141/6141 6140/6140
f 6140/6140 6141/6141 6142/6142
f 6144/6144 6150/6150 6149/6149
f 6141/6141 6144/6144 6142/6142
f 6144/6144 6149/6149 6142/6142
f 6152/6152 6149/6149 6151/6151
f 6150/6150 6151/6151 6149/6149
f 6152/6152 6151/6151 6159/6159
f 6151/6151 6157/6157 6159/6159
f 6157/6157 6158/6158 6159/6159
f 6158/6158 6157/6157 6155/6155
f 6155/6155 6157/6157 6156/6156
f 6196/6196 6195/6195 6194/6194
f 6196/6196 6197/6197 6195/6195
f 6194/6194 6195/6195 6192/6192
f 6194/6194 6192/6192 6191/6191
f 6191/6191 6192/6192 6193/6193
f 6189/6189 6190/6190 6187/6187
f 6179/6179 6177/6177 6178/6178
f 6189/6189 6187/6187 6188/6188
f 6178/6178 6177/6177 6176/6176
f 6188/6188 6187/6187 6183/6183
f 6187/6187 6184/6184 6183/6183
f 6176/6176 6177/6177 6172/6172
f 6176/6176 6172/6172 6171/6171
f 6171/6171 6172/6172 6173/6173
f 6183/6183 6185/6185 6186/6186
f 6183/6183 6184/6184 6185/6185
f 6171/6171 6173/6173 6174/6174
f 6186/6186 6185/6185 6180/6180
f 6173/6173 6175/6175 6174/6174
f 6185/6185 6181/6181 6180/6180
f 6169/6169 6168/6168 6167/6167
f 6180/6180 6181/6181 6182/6182
f 6169/6169 6167/6167 6170/6170
f 6168/6168 6166/6166 6167/6167
f 6170/6170 6167/6167 6163/6163
f 6170/6170 6163/6163 6165/6165
f 6167/6167 6166/6166 6163/6163
f 6163/6163 6166/6166 6164/6164
f 6221/6221 6219/6219 6220/6220
f 6219/6219 6207/6207 6220/6220
f 6230/6230 6227/6227 6229/6229
f 6224/6224 6226/6226 6222/6222
f 6222/6222 6223/6223 6224/6224
f 6227/6227 6228/6228 6229/6229
f 6224/6224 6223/6223 6225/6225
f 6207/6207 6206/6206 6205/6205
f 6206/6206 6204/6204 6205/6205
f 6219/6219 6206/6206 6207/6207
f 6207/6207 6205/6205 6209/6209
f 6206/6206 6208/6208 6204/6204
f 6204/6204 6203/6203 6205/6205
f 6208/6208 6198/6198 6204/6204
f 6198/6198 6203/6203 6204/6204
f 6198/6198 6200/6200 6203/6203
f 6200/6200 6211/6211 6203/6203
f 6198/6198 6199/6199 6200/6200
f 6200/6200 6210/6210 6211/6211
f 6199/6199 6202/6202 6201/6201
f 6199/6199 6201/6201 6200/6200
f 6200/6200 6201/6201 6210/6210
f 6202/6202 6213/6213 6201/6201
f 6213/6213 6212/6212 6201/6201
f 6213/6213 6202/6202 6217/6217
f 6217/6217 6214/6214 6213/6213
f 6213/6213 6214/6214 6212/6212
f 6214/6214 6217/6217 6218/6218
f 6214/6214 6216/6216 6215/6215
f 6214/6214 6215/6215 6212/6212
f 6201/6201 6212/6212 6210/6210
f 6234/6234 6231/6231 6233/6233
f 6237/6237 6238/6238 6239/6239
f 6231/6231 6232/6232 6233/6233
f 6238/6238 6237/6237 6240/6240
f 6232/6232 6235/6235 6233/6233
f 6233/6233 6235/6235 6236/6236
f 6241/6241 6242/6242 6243/6243
f 6250/6250 6248/6248 6247/6247
f 6247/6247 6248/6248 6249/6249
f 6249/6249 6248/6248 6251/6251
f 6248/6248 6252/6252 6251/6251
f 6244/6244 6245/6245 6246/6246
f 6256/6256 6257/6257 6258/6258
f 6253/6253 6254/6254 6255/6255
f 6259/6259 6260/6260 6261/6261
f 6262/6262 6263/6263 6264/6264
f 6265/6265 6266/6266 6267/6267
f 6268/6268 6269/6269 6270/6270
f 6273/6273 6272/6272 6271/6271
f 6280/6280 6277/6277 6275/6275
f 6275/6275 6277/6277 6276/6276
f 6277/6277 6278/6278 6276/6276
f 6280/6280 6275/6275 6279/6279
f 6276/6276 6274/6274 6275/6275
f 6276/6276 6278/6278 6274/6274
