# LE 31 - thighR
v 0.22887 -0.25905 0.00447
v 0.22183 -0.23940 0.00903
v 0.22864 -0.26131 0.01092
v 0.22336 -0.23922 -0.00280
v 0.21786 -0.21628 -0.00957
v 0.21434 -0.21056 0.00371
v 0.20842 -0.18723 -0.00722
v 0.22853 -0.25109 -0.00580
v 0.21615 -0.19933 -0.02078
v 0.20570 -0.16760 -0.01978
v 0.19992 -0.15745 -0.00516
v 0.19712 -0.13797 -0.02030
v 0.20136 -0.14387 -0.03388
v 0.19387 -0.11658 -0.03504
v 0.19055 -0.11283 -0.02074
v 0.19821 -0.12527 -0.04178
v 0.18872 -0.09482 -0.03422
v 0.18446 -0.08757 -0.01826
v 0.19009 -0.08913 -0.04641
v 0.18445 -0.09548 -0.00367
v 0.17901 -0.07628 0.00055
v 0.19081 -0.11943 -0.00024
v 0.19503 -0.13471 -0.00702
v 0.17970 -0.08438 0.01827
v 0.17375 -0.06179 0.00891
v 0.17330 -0.06659 0.02877
v 0.17564 -0.05665 -0.00884
v 0.18303 -0.07170 -0.02883
v 0.18399 -0.06725 -0.04625
v 0.17778 -0.04490 -0.04080
v 0.17950 -0.04557 -0.05483
v 0.18532 -0.06579 -0.05594
v 0.17742 -0.05024 -0.02360
v 0.17271 -0.02148 -0.04409
v 0.17262 -0.01102 -0.05981
v 0.16881 -0.00128 -0.04977
v 0.16799 -0.00460 -0.03566
v 0.17286 -0.02776 -0.02779
v 0.17187 -0.03746 -0.01277
v 0.16717 -0.03988 0.00848
v 0.16681 -0.02107 -0.01081
v 0.16617 -0.04491 0.02367
v 0.15789 -0.01919 0.02083
v 0.15842 -0.01245 0.00786
v 0.15318 -0.01012 0.03079
v 0.16094 -0.03247 0.03486
v 0.16333 0.00039 -0.02421
v 0.15062 0.00709 0.01015
v 0.15976 -0.00424 -0.00691
v 0.14402 0.01353 0.03478
v 0.19581 -0.09912 -0.05454
v 0.18639 -0.10435 0.01102
v 0.19425 -0.13435 0.00931
v 0.19953 -0.15578 0.00847
v 0.20884 -0.15993 -0.03855
v 0.21766 -0.19049 -0.03295
v 0.15024 -0.00448 0.04282
v 0.15710 -0.02261 0.04408
v 0.22615 -0.23361 -0.01524
v 0.23417 -0.26604 -0.00269
v 0.16979 -0.05669 0.03858
v 0.20728 -0.18398 0.00632
v 0.23751 -0.27886 0.00839
v 0.19108 -0.12062 0.01781
v 0.18552 -0.10129 0.02407
v 0.17928 -0.08297 0.03061
v 0.22572 -0.21690 -0.02773
v 0.20261 -0.12862 -0.04905
v 0.18100 -0.03539 -0.06485
v 0.24261 -0.28329 0.00067
v 0.17279 0.00013 -0.06647
v 0.23705 -0.27853 0.01402
v 0.16212 -0.03545 0.04700
v 0.25388 -0.30052 0.00186
v 0.25488 -0.30554 0.01070
v 0.18906 -0.06806 -0.06160
v 0.17560 -0.07182 0.04013
v 0.24638 -0.29418 0.01579
v 0.21119 -0.15132 -0.04890
v 0.21866 -0.17592 -0.04478
v 0.17819 -0.00772 -0.07224
v 0.15190 -0.00781 0.05255
v 0.14625 0.00589 0.05615
v 0.26833 -0.31987 0.00199
v 0.26994 -0.32667 0.01217
v 0.23362 -0.24300 -0.02002
v 0.18143 -0.08706 0.03687
v 0.25694 -0.29690 -0.00841
v 0.19043 -0.11260 0.02996
v 0.22971 -0.20940 -0.03895
v 0.28110 -0.33676 0.00353
v 0.19820 -0.14461 0.01817
v 0.27470 -0.33594 0.02147
v 0.26497 -0.31927 0.02094
v 0.26747 -0.32514 0.03607
v 0.25581 -0.30676 0.02069
v 0.27181 -0.33871 0.03569
v 0.26490 -0.32493 0.04904
v 0.28126 -0.35238 0.02677
v 0.26324 -0.31303 0.04438
v 0.26261 -0.31213 0.03507
v 0.26387 -0.32287 0.06052
v 0.28759 -0.34871 0.00935
v 0.25983 -0.30122 0.04030
v 0.29313 -0.36146 0.01384
v 0.29894 -0.36355 0.00416
v 0.30483 -0.37854 0.00703
v 0.29179 -0.36865 0.02270
v 0.26720 -0.34158 0.04859
v 0.27390 -0.35738 0.04023
v 0.26701 -0.34974 0.05749
v 0.27139 -0.37585 0.05297
v 0.27067 -0.37926 0.06675
v 0.27400 -0.39729 0.05653
v 0.27773 -0.38557 0.04332
v 0.27746 -0.41972 0.06823
v 0.27923 -0.42693 0.06014
v 0.27797 -0.40403 0.05040
v 0.28355 -0.43466 0.05271
v 0.28651 -0.45813 0.06083
v 0.28927 -0.45443 0.05006
v 0.29476 -0.46861 0.04739
v 0.29415 -0.48017 0.05688
v 0.28674 -0.43554 0.04586
v 0.28212 -0.41148 0.04488
v 0.28339 -0.44775 0.07474
v 0.28961 -0.47098 0.08154
v 0.29877 -0.38960 0.02374
v 0.30898 -0.39445 0.01012
v 0.29206 -0.34322 -0.00387
v 0.30811 -0.41667 0.02198
v 0.23283 -0.19852 -0.04956
v 0.19382 -0.07307 -0.06579
v 0.19037 -0.05289 -0.06985
v 0.28609 -0.37252 0.03124
v 0.24096 -0.27192 -0.00760
v 0.24988 -0.27588 -0.01656
v 0.26806 -0.30890 -0.01176
v 0.27569 -0.40667 0.07820
v 0.28090 -0.43240 0.08260
v 0.26686 -0.34730 0.06923
v 0.32195 -0.42670 0.00782
v 0.31492 -0.37949 -0.00607
v 0.30407 -0.36079 -0.00498
v 0.32098 -0.40288 -0.00184
v 0.27732 -0.32570 -0.00552
v 0.20502 -0.11312 -0.05979
v 0.20156 -0.09460 -0.06424
v 0.20885 -0.13381 -0.05451
v 0.26127 -0.28994 0.05587
v 0.29381 -0.45525 0.04440
v 0.24476 -0.25567 -0.02490
v 0.24708 -0.22692 -0.04834
v 0.24559 -0.20652 -0.06399
v 0.24040 -0.19619 -0.06238
v 0.22954 -0.17752 -0.05665
v 0.28588 -0.44806 0.09279
v 0.21254 -0.20044 0.01048
v 0.21813 -0.21572 0.01698
v 0.27230 -0.37766 0.08221
v 0.29524 -0.47770 0.10273
v 0.22686 -0.25203 0.01580
v 0.22490 -0.23798 0.02123
v 0.19753 -0.12975 0.02945
v 0.20636 -0.16751 0.01973
v 0.21404 -0.19133 0.02144
v 0.26679 -0.33045 0.07522
v 0.28243 -0.42087 0.09689
v 0.27914 -0.40103 0.09546
v 0.25606 -0.28549 0.04051
v 0.26472 -0.30171 0.07017
v 0.23420 -0.26809 0.01981
v 0.23120 -0.25689 0.02309
v 0.25521 -0.29913 0.03059
v 0.24257 -0.28175 0.02357
v 0.27200 -0.35804 0.08636
v 0.27714 -0.37866 0.09510
v 0.28930 -0.44429 0.10511
v 0.20353 -0.15356 0.02408
v 0.29863 -0.47162 0.11438
v 0.26431 -0.27555 0.06551
v 0.25957 -0.27409 0.04966
v 0.28577 -0.40945 0.10727
v 0.28120 -0.38391 0.10215
v 0.29077 -0.42588 0.11213
v 0.29576 -0.44672 0.11572
v 0.27054 -0.32123 0.08333
v 0.26499 -0.26052 0.05979
v 0.26123 -0.25888 0.04693
v 0.26827 -0.28990 0.07650
v 0.30882 -0.44222 0.02950
v 0.26337 -0.29414 -0.01854
v 0.25347 -0.21863 -0.06329
v 0.33175 -0.42607 -0.00409
v 0.33496 -0.44787 0.00080
v 0.32973 -0.46325 0.01322
v 0.31992 -0.45606 0.02290
v 0.32205 -0.48328 0.02990
v 0.18602 -0.02917 -0.07303
v 0.23772 -0.17926 -0.06566
v 0.22679 -0.16289 -0.05914
v 0.34206 -0.46864 0.00157
v 0.24838 -0.19799 -0.07065
v 0.26515 -0.24535 -0.05234
v 0.26052 -0.25040 -0.04421
v 0.26109 -0.27964 -0.02587
v 0.27839 -0.35579 0.09697
v 0.25965 -0.26445 -0.03362
v 0.21791 -0.15033 -0.05632
v 0.29903 -0.33950 -0.01322
v 0.29439 -0.41209 0.03441
v 0.28514 -0.38994 0.03712
v 0.29461 -0.43840 0.04006
v 0.30474 -0.48166 0.04299
v 0.31307 -0.36006 -0.01351
v 0.30791 -0.45924 0.03495
v 0.33058 -0.39907 -0.01185
v 0.18144 -0.00166 -0.07659
v 0.28296 -0.32280 -0.01268
v 0.27392 -0.26605 -0.04353
v 0.32268 -0.37687 -0.01354
v 0.21692 -0.13597 -0.06013
v 0.27152 -0.29789 -0.02226
v 0.27567 -0.28188 -0.03435
v 0.02275 0.00680 -0.10303
v 0.01446 -0.00465 -0.10220
v 0.02046 -0.02687 -0.10264
v 0.03504 -0.00892 -0.10201
v 0.02906 -0.03164 -0.10229
v 0.02492 -0.05118 -0.10118
v 0.01856 -0.03870 -0.10070
v 0.01834 -0.06261 -0.09964
v 0.02234 -0.07108 -0.10046
v 0.01879 -0.08617 -0.09936
v 0.02515 -0.08733 -0.09984
v 0.01494 -0.02065 -0.10277
v 0.03123 -0.07337 -0.09991
v 0.01834 -0.09350 -0.09718
v 0.02143 -0.09441 -0.09821
v 0.04241 0.00511 -0.10054
v 0.03367 -0.05402 -0.09941
v 0.02782 -0.08910 -0.09900
v 0.03227 -0.08359 -0.09853
v 0.04206 -0.00877 -0.10048
v 0.03603 -0.01991 -0.10083
v 0.03456 -0.03200 -0.10081
v 0.01290 -0.00844 -0.10004
v 0.08793 -0.00743 0.18565
v 0.08250 -0.00577 0.18795
v 0.08532 -0.02108 0.18643
v 0.07429 -0.00037 0.19197
v 0.06873 0.00628 0.19190
v 0.07001 -0.01598 0.19756
v 0.07571 -0.01001 0.19631
v 0.07444 -0.02018 0.20033
v 0.07715 -0.00317 0.19330
v 0.07999 -0.01118 0.19107
v 0.07805 -0.02025 0.19745
v 0.08413 -0.03689 0.19230
v 0.06863 -0.01911 0.20123
v 0.25669 0.00935 -0.05796
v 0.26651 -0.01055 -0.05042
v 0.25912 -0.01450 -0.05832
v 0.26701 -0.03811 -0.05420
v 0.27208 -0.03736 -0.04845
v 0.27537 -0.06207 -0.04797
v 0.26398 -0.04844 -0.05712
v 0.26895 -0.07160 -0.05461
v 0.27992 -0.08233 -0.04465
v 0.27293 -0.09823 -0.05269
v 0.28587 -0.11044 -0.04078
v 0.28042 -0.11958 -0.04874
v 0.29297 -0.13561 -0.03793
v 0.27175 -0.12179 -0.05860
v 0.28349 -0.14099 -0.05461
v 0.27586 -0.14686 -0.06591
v 0.28854 -0.16295 -0.06027
v 0.28317 -0.17140 -0.07019
v 0.29261 -0.17736 -0.06320
v 0.28788 -0.18634 -0.07073
v 0.29679 -0.19028 -0.06271
v 0.29445 -0.19766 -0.06650
v 0.26543 -0.10210 -0.05856
v 0.26117 -0.08073 -0.05890
v 0.26168 -0.06325 -0.05854
v 0.26615 -0.12598 -0.06419
v 0.25978 -0.10820 -0.06261
v 0.24592 0.00579 -0.06510
v 0.25303 -0.01591 -0.06240
v 0.25687 -0.03318 -0.06071
v 0.35390 -0.42203 -0.01631
v 0.34609 -0.42345 -0.01643
v 0.34575 -0.39700 -0.02021
v 0.34943 -0.44416 -0.01334
v 0.35935 -0.44527 -0.01261
v 0.35749 -0.46425 -0.01029
v 0.33930 -0.40145 -0.01919
v 0.33525 -0.38156 -0.02176
v 0.33833 -0.36751 -0.02403
v 0.33022 -0.35947 -0.02495
v 0.32925 -0.34223 -0.02815
v 0.31886 -0.33534 -0.02958
v 0.32458 -0.32652 -0.03175
v 0.34886 -0.46267 -0.00973
v 0.36378 -0.47802 -0.00715
v 0.33848 -0.42360 -0.01533
v 0.34378 -0.44833 -0.01160
v 0.32443 -0.36467 -0.02307
v 0.31590 -0.34579 -0.02574
v 0.32850 -0.38366 -0.02017
v 0.33104 -0.39862 -0.01786
v 0.30216 -0.31692 -0.03343
v 0.31016 -0.31406 -0.03595
v 0.31891 -0.31133 -0.03642
v 0.30481 -0.28364 -0.04660
v 0.29945 -0.29239 -0.04388
v 0.28814 -0.27366 -0.05047
v 0.29077 -0.25652 -0.05673
v 0.27175 -0.24413 -0.06174
v 0.20808 -0.05395 -0.08050
v 0.19554 -0.03595 -0.08165
v 0.20449 -0.02548 -0.08372
v 0.19384 -0.01475 -0.08443
v 0.19719 0.00047 -0.08671
v 0.19846 -0.05567 -0.07899
v 0.20518 -0.08038 -0.07568
v 0.21409 -0.08145 -0.07666
v 0.18919 0.00444 -0.08601
v 0.21142 -0.10483 -0.07142
v 0.18661 -0.01379 -0.08301
v 0.22044 -0.11174 -0.07187
v 0.21521 -0.05136 -0.08024
v 0.22560 -0.08212 -0.07538
v 0.23150 -0.10698 -0.07137
v 0.22524 -0.13515 -0.06914
v 0.20478 -0.00031 -0.08547
v 0.22599 -0.06165 -0.07711
v 0.23342 -0.13181 -0.07018
v 0.24519 -0.11110 -0.07045
v 0.24310 -0.07953 -0.06962
v 0.21812 -0.03641 -0.08040
v 0.21505 -0.00451 -0.08236
v 0.25640 -0.09246 -0.06679
v 0.26172 -0.11440 -0.06775
v 0.25383 -0.12432 -0.07124
v 0.24790 -0.13596 -0.07345
v 0.26302 -0.13137 -0.07206
v 0.23445 -0.15383 -0.07110
v 0.26458 -0.07580 -0.06211
v 0.26716 -0.15855 -0.07798
v 0.25531 -0.16569 -0.07952
v 0.26671 -0.17621 -0.08105
v 0.25263 -0.18081 -0.08009
v 0.26039 -0.18886 -0.08136
v 0.27452 -0.18998 -0.08070
v 0.26656 -0.20221 -0.07964
v 0.27948 -0.20707 -0.07759
v 0.25366 -0.19479 -0.07940
v 0.26656 -0.21514 -0.07581
v 0.24215 -0.14936 -0.07402
v 0.28273 -0.22136 -0.07204
v 0.21573 -0.12681 -0.06727
v 0.25369 -0.20795 -0.07544
v 0.24430 -0.17030 -0.07681
v 0.27895 -0.23718 -0.06570
v 0.27175 -0.24413 -0.06174
v 0.29077 -0.25652 -0.05673
v 0.23524 0.00818 0.13152
v 0.24008 0.00278 0.12628
v 0.24014 -0.01562 0.12534
v 0.23772 -0.01959 0.12779
v 0.24265 -0.03626 0.12270
v 0.24196 -0.01016 0.12176
v 0.23905 -0.03753 0.12401
v 0.24552 -0.05270 0.12040
v 0.24932 -0.04578 0.11821
v 0.25188 -0.05944 0.11524
v 0.25599 -0.04852 0.11295
v 0.25546 -0.03061 0.11473
v 0.25559 -0.06428 0.11131
v 0.24880 -0.03430 0.11851
v 0.25274 -0.06616 0.11312
v 0.24722 -0.06229 0.11682
v 0.23277 0.00230 0.13155
v 0.24326 -0.02321 0.11893
v 0.24637 -0.02925 0.11702
v 0.25689 -0.03760 0.11150
v 0.25693 -0.02065 0.11150
v 0.25550 -0.01352 0.11203
v 0.25627 -0.06203 0.10920
v 0.25632 -0.01563 0.10817
v 0.25687 -0.00714 0.10920
v 0.25462 -0.00090 0.11101
v 0.25621 0.00675 0.10924
v 0.24203 -0.01706 0.11565
v 0.24442 -0.02576 0.11409
v 0.24096 0.00281 0.11931
v 0.27387 0.00368 0.05882
v 0.26984 0.00102 0.07082
v 0.27628 -0.01207 0.06445
v 0.27757 -0.02469 0.07077
v 0.28236 -0.02025 0.05716
v 0.28142 -0.00888 0.05144
v 0.28695 -0.03712 0.06233
v 0.28563 -0.04500 0.06972
v 0.28234 -0.04030 0.07422
v 0.28763 -0.02754 0.05427
v 0.29194 -0.05725 0.06908
v 0.29530 -0.05134 0.06176
v 0.29697 -0.06204 0.06641
v 0.27608 -0.02296 0.07562
v 0.29567 -0.06294 0.07012
v 0.29861 -0.06403 0.06935
v 0.21631 -0.13288 0.05330
v 0.20873 -0.11680 0.05605
v 0.20983 -0.13302 0.04915
v 0.19299 -0.11131 0.04669
v 0.20261 -0.13547 0.04199
v 0.21083 -0.14912 0.04304
v 0.22327 -0.15825 0.04804
v 0.21555 -0.16259 0.04169
v 0.22423 -0.17961 0.04230
v 0.19574 -0.10232 0.05477
v 0.20186 -0.10022 0.06000
v 0.18779 -0.08069 0.06162
v 0.19291 -0.08171 0.06499
v 0.18498 -0.06624 0.06762
v 0.18385 -0.08883 0.05234
v 0.17393 -0.06352 0.05812
v 0.17708 -0.05618 0.06616
v 0.18358 -0.05233 0.07322
v 0.16897 -0.03098 0.07181
v 0.17663 -0.03110 0.07780
v 0.16630 -0.04208 0.06315
v 0.15820 -0.01562 0.06902
v 0.16062 -0.00625 0.07538
v 0.14919 0.00696 0.07254
v 0.17116 -0.01174 0.08067
v 0.16476 0.00386 0.08250
v 0.20269 -0.14642 0.03528
v 0.20875 -0.17288 0.02981
v 0.22736 -0.19954 0.03994
v 0.21883 -0.18438 0.03815
v 0.22611 -0.21847 0.03656
v 0.23076 -0.22116 0.03837
v 0.23346 -0.23965 0.03687
v 0.23053 -0.24732 0.03210
v 0.23915 -0.25605 0.03745
v 0.23219 -0.26483 0.02801
v 0.24784 -0.26280 0.04202
v 0.24449 -0.27627 0.03652
v 0.21617 -0.19489 0.03148
v 0.22029 -0.22056 0.02855
v 0.22046 -0.23861 0.02289
v 0.25381 -0.27307 0.04778
v 0.25195 -0.28721 0.04226
v 0.21446 -0.21496 0.02208
v 0.20985 -0.19357 0.02289
v 0.23705 -0.28149 0.02373
v 0.25098 -0.29571 0.03594
v 0.20278 -0.17306 0.01954
v 0.20182 -0.16096 0.02601
v 0.19509 -0.14375 0.02462
v 0.19332 -0.12953 0.03245
v 0.18708 -0.10825 0.03945
v 0.22524 -0.26154 0.01650
v 0.25595 -0.30117 0.04458
v 0.24720 -0.29974 0.02466
v 0.25664 -0.31238 0.03077
v 0.17692 -0.08518 0.04151
v 0.18852 -0.12336 0.02591
v 0.18273 -0.10450 0.03358
v 0.17325 -0.06898 0.05117
v 0.16496 -0.04636 0.05618
v 0.15522 -0.02076 0.05958
v 0.20640 -0.19038 0.01555
v 0.16528 -0.05661 0.04427
v 0.15583 -0.03184 0.04766
v 0.19507 -0.15639 0.01178
v 0.20263 -0.18413 0.00946
v 0.21843 -0.24111 0.01406
v 0.21167 -0.21308 0.01388
v 0.14742 -0.01031 0.05114
v 0.14974 -0.00424 0.06394
v 0.20691 -0.20055 0.00589
v 0.18898 -0.13197 0.01546
v 0.23218 -0.27997 0.01065
v 0.25591 -0.28945 0.05401
v 0.24133 -0.29467 0.01602
v 0.22430 -0.26312 0.00966
v 0.17444 -0.08296 0.03302
v 0.21308 -0.22460 0.00668
v 0.14147 0.00417 0.05670
v 0.26038 -0.32032 0.03956
v 0.18333 -0.11023 0.01638
v 0.25283 -0.31115 0.01682
v 0.26174 -0.32266 0.01652
v 0.26435 -0.32756 0.02950
v 0.27062 -0.33731 0.01670
v 0.25477 -0.26079 0.04654
v 0.25190 -0.24783 0.04244
v 0.26053 -0.24830 0.05044
v 0.24246 -0.24695 0.03852
v 0.26069 -0.23542 0.04308
v 0.25226 -0.23857 0.03963
v 0.25236 -0.22548 0.03936
v 0.26545 -0.22375 0.04396
v 0.26802 -0.23300 0.04886
v 0.27364 -0.22478 0.05296
v 0.26854 -0.20970 0.05082
v 0.27895 -0.22015 0.06037
v 0.26317 -0.21357 0.04453
v 0.27768 -0.20940 0.06086
v 0.26928 -0.19555 0.05615
v 0.25727 -0.19429 0.04759
v 0.26096 -0.17833 0.05295
v 0.25427 -0.16810 0.05097
v 0.27377 -0.18200 0.06086
v 0.28082 -0.19874 0.06420
v 0.26498 -0.16639 0.05552
v 0.27016 -0.15515 0.05826
v 0.26432 -0.14195 0.05798
v 0.27612 -0.16648 0.06045
v 0.28177 -0.18326 0.06410
v 0.28745 -0.20116 0.06663
v 0.28607 -0.21225 0.06743
v 0.29286 -0.21655 0.07164
v 0.28856 -0.22916 0.07172
v 0.29424 -0.22877 0.07634
v 0.29514 -0.24007 0.07951
v 0.30048 -0.24594 0.08383
v 0.28394 -0.23489 0.06818
v 0.27690 -0.23194 0.05960
v 0.29539 -0.25131 0.08321
v 0.28677 -0.24315 0.07435
v 0.29796 -0.27001 0.09106
v 0.27622 -0.23626 0.06408
v 0.28533 -0.25761 0.08244
v 0.27550 -0.24802 0.07338
v 0.27319 -0.26336 0.07976
v 0.28538 -0.27982 0.09096
v 0.27537 -0.28155 0.08714
v 0.27971 -0.30493 0.09655
v 0.28697 -0.31223 0.10140
v 0.27858 -0.31980 0.09848
v 0.28537 -0.34826 0.10822
v 0.29279 -0.34117 0.11009
v 0.29420 -0.36251 0.11480
v 0.28882 -0.37672 0.11507
v 0.30622 -0.37477 0.12110
v 0.30651 -0.35317 0.11721
v 0.30120 -0.32902 0.11051
v 0.26785 -0.25917 0.07348
v 0.26902 -0.24490 0.06415
v 0.27036 -0.23678 0.05540
v 0.29542 -0.38618 0.11947
v 0.29196 -0.40285 0.12028
v 0.30479 -0.39791 0.12445
v 0.30036 -0.42017 0.12555
v 0.26358 -0.24230 0.05229
v 0.30266 -0.30773 0.10527
v 0.00061 -0.00844 -0.11895
v 0.00120 -0.01168 -0.11610
v 0.00469 0.00558 -0.11393
v 0.07934 0.00230 -0.12984
v 0.07718 -0.00449 -0.13077
v 0.08003 -0.00641 -0.12931
v 0.07793 -0.00944 -0.13096
v 0.11960 0.00407 -0.11649
v 0.11550 -0.00217 -0.11773
v 0.11833 -0.00615 -0.11439
v 0.08380 -0.07331 0.19685
v 0.08657 -0.09864 0.19897
v 0.08526 -0.07914 0.20017
v 0.08485 -0.09929 0.19292
v 0.08619 -0.12360 0.19541
v 0.08786 -0.11938 0.20019
v 0.08522 -0.05962 0.20242
v 0.08722 -0.13286 0.19969
v 0.08698 -0.13380 0.19572
v 0.08285 -0.05027 0.19999
v 0.08669 -0.05262 0.20527
v 0.08791 -0.07685 0.20390
v 0.09007 -0.11969 0.20269
v 0.08960 -0.13303 0.20262
v 0.08139 -0.04144 0.20437
v 0.07968 -0.03706 0.20181
v 0.08331 -0.03767 0.20793
v 0.08397 -0.05537 0.19531
v 0.07841 -0.03255 0.20724
v 0.07622 -0.02507 0.20459
v 0.07610 -0.01805 0.20602
v 0.08702 -0.13020 0.19319
v 0.07369 -0.01838 0.20368
v 0.07444 -0.02018 0.20033
v 0.07321 -0.00925 0.20366
v 0.07989 -0.02568 0.20853
v 0.08657 -0.11642 0.19218
v 0.07805 -0.02025 0.19745
v 0.08517 -0.07338 0.19354
v 0.08413 -0.03689 0.19230
v 0.30311 -0.23509 -0.05000
v 0.31298 -0.24084 -0.03993
v 0.30876 -0.22259 -0.04487
v 0.30288 -0.24547 -0.04864
v 0.32483 -0.28335 -0.03194
v 0.32500 -0.26647 -0.03012
v 0.31287 -0.26033 -0.04111
v 0.33441 -0.28828 -0.02257
v 0.32948 -0.30795 -0.02793
v 0.34064 -0.30627 -0.01828
v 0.34426 -0.32359 -0.01672
v 0.34069 -0.33668 -0.02033
v 0.35010 -0.34243 -0.01299
v 0.34712 -0.36500 -0.01659
v 0.35363 -0.36170 -0.01171
v 0.35046 -0.38508 -0.01466
v 0.36435 -0.39649 -0.00467
v 0.35737 -0.40246 -0.01116
v 0.35996 -0.42086 -0.00901
v 0.37160 -0.42788 0.00009
v 0.36553 -0.43916 -0.00496
v 0.37364 -0.45734 0.00147
v 0.31429 -0.27656 -0.03959
v 0.37149 -0.48360 0.00153
v 0.35972 -0.45687 -0.00637
v 0.35436 -0.43842 -0.00980
v 0.30538 -0.27627 -0.04336
v 0.31684 -0.29984 -0.03459
v 0.29476 -0.25423 -0.05117
v 0.35091 -0.42019 -0.01248
v 0.34577 -0.39946 -0.01525
v 0.33035 -0.32971 -0.02490
v 0.33365 -0.35929 -0.02034
v 0.31985 -0.31854 -0.02978
v 0.35834 -0.47371 -0.00379
v 0.29191 -0.23335 -0.05812
v 0.33988 -0.37711 -0.01808
v 0.28587 -0.23980 -0.05852
v 0.29225 -0.22169 -0.06238
v 0.30187 -0.22248 -0.05435
v 0.29932 -0.20650 -0.06056
v 0.29083 -0.20749 -0.06752
v 0.29445 -0.19766 -0.06650
v 0.28380 -0.20017 -0.07252
v 0.28788 -0.18634 -0.07073
v 0.27641 -0.18842 -0.07567
v 0.27542 -0.16834 -0.07337
v 0.28317 -0.17140 -0.07019
v 0.28198 -0.22027 -0.06746
v 0.27586 -0.14686 -0.06591
v 0.26805 -0.17748 -0.07662
v 0.32403 -0.33463 -0.02520
v 0.30985 -0.30083 -0.03557
v 0.29426 -0.27446 -0.04556
v 0.28294 -0.25486 -0.05277
v 0.20130 -0.00467 -0.08110
v 0.21059 -0.00662 -0.07899
v 0.20264 -0.02657 -0.07875
v 0.21525 -0.02449 -0.07689
v 0.22171 -0.05243 -0.07400
v 0.20929 -0.05471 -0.07563
v 0.21452 -0.07155 -0.07363
v 0.22523 -0.08055 -0.07093
v 0.19416 0.00773 -0.08243
v 0.21963 -0.09107 -0.07038
v 0.23285 -0.10321 -0.06678
v 0.23981 -0.08615 -0.06581
v 0.24760 -0.11016 -0.06556
v 0.25091 -0.09355 -0.06360
v 0.25978 -0.10820 -0.06261
v 0.24352 -0.06846 -0.06457
v 0.26615 -0.12598 -0.06419
v 0.23123 -0.12213 -0.06585
v 0.21906 -0.11118 -0.06698
v 0.23452 -0.05450 -0.06811
v 0.24414 -0.03553 -0.06525
v 0.22930 -0.03270 -0.07053
v 0.23960 -0.00836 -0.06745
v 0.25303 -0.01591 -0.06240
v 0.25687 -0.03318 -0.06071
v 0.25467 -0.04875 -0.06149
v 0.26168 -0.06325 -0.05854
v 0.26117 -0.08073 -0.05890
v 0.24592 0.00579 -0.06510
v 0.26543 -0.10210 -0.05856
v 0.22320 -0.00760 -0.07371
v 0.22463 0.01196 -0.07423
v 0.25753 -0.13335 -0.06855
v 0.24439 -0.12374 -0.06677
v 0.22641 -0.13322 -0.06474
v 0.24441 -0.14994 -0.06987
v 0.26458 -0.15278 -0.07224
v 0.25557 -0.16317 -0.07444
v 0.23495 -0.14301 -0.06595
v 0.26398 -0.04844 -0.05712
v 0.26207 -0.18794 -0.07685
v 0.27300 -0.20323 -0.07494
v 0.19026 -0.01487 -0.07897
v 0.26340 -0.20469 -0.07423
v 0.21200 -0.09112 -0.06995
v 0.19676 -0.04342 -0.07599
v 0.20186 -0.06361 -0.07352
v 0.24946 -0.17298 -0.07399
v 0.25499 -0.19433 -0.07484
v 0.18465 0.01167 -0.08094
v 0.27203 -0.21947 -0.06907
v 0.21254 -0.11315 -0.06453
v 0.27414 -0.24737 -0.05510
v 0.26060 -0.21442 -0.06961
v 0.28466 -0.27519 -0.04351
v 0.24483 -0.18005 -0.07153
v 0.23054 -0.15558 -0.06355
v 0.21692 -0.13597 -0.06013
v 0.29972 -0.29703 -0.03692
v 0.30984 -0.32165 -0.02819
v 0.32027 -0.34972 -0.02083
v 0.33300 -0.38058 -0.01686
v 0.33925 -0.40531 -0.01383
v 0.34935 -0.44177 -0.00903
v 0.34926 -0.46200 -0.00522
v 0.33975 -0.42362 -0.01043
v 0.34404 -0.44754 -0.00622
v 0.33058 -0.39907 -0.01185
v 0.32268 -0.37687 -0.01354
v 0.26363 -0.22739 -0.06331
v 0.20102 -0.07603 -0.06963
v 0.20156 -0.09460 -0.06424
v 0.24838 -0.19799 -0.07065
v 0.18144 -0.00166 -0.07659
v 0.28750 -0.29835 -0.03112
v 0.30111 -0.32141 -0.02504
v 0.30692 -0.34106 -0.01814
v 0.31307 -0.36006 -0.01351
v 0.19037 -0.05289 -0.06985
v 0.18602 -0.02917 -0.07303
v 0.19382 -0.07307 -0.06579
v 0.34206 -0.46864 0.00157
v 0.20502 -0.11312 -0.05979
v 0.26515 -0.24535 -0.05234
v 0.27392 -0.26605 -0.04353
v 0.25347 -0.21863 -0.06329
v 0.33175 -0.42607 -0.00409
v 0.21791 -0.15033 -0.05632
v 0.22679 -0.16289 -0.05914
v 0.23772 -0.17926 -0.06566
v 0.27567 -0.28188 -0.03435
v 0.28906 -0.31628 -0.02114
v 0.27152 -0.29789 -0.02226
v 0.29903 -0.33950 -0.01322
v 0.33496 -0.44787 0.00080
v 0.28296 -0.32280 -0.01268
v 0.26841 0.00729 0.07511
v 0.27409 -0.00405 0.07760
v 0.27873 -0.02467 0.07798
v 0.28619 -0.37003 0.02319
v 0.27715 -0.35872 0.02802
v 0.27915 -0.35391 0.02214
v 0.31887 -0.47926 0.02491
v 0.32811 -0.46999 0.01040
v 0.31403 -0.45615 0.02221
v 0.32797 -0.45035 0.00256
v 0.31731 -0.44341 0.01333
v 0.30880 -0.42825 0.01797
v 0.31925 -0.42537 0.00275
v 0.29696 -0.38436 0.01496
v 0.29516 -0.40116 0.02465
v 0.30516 -0.40597 0.01336
v 0.31190 -0.39516 -0.00184
v 0.29035 -0.48021 0.05338
v 0.28864 -0.45921 0.04369
v 0.28142 -0.44377 0.05062
v 0.28130 -0.42884 0.04318
v 0.27565 -0.41708 0.05030
v 0.27481 -0.39098 0.04090
v 0.27072 -0.38566 0.04687
v 0.27239 -0.36781 0.03718
v 0.26903 -0.35368 0.03811
v 0.27052 -0.34233 0.02951
v 0.28103 -0.37868 0.03140
v 0.26478 -0.33642 0.03896
v 0.33862 -0.46175 -0.00394
v 0.30532 -0.37981 -0.00174
v 0.29229 -0.36919 0.01213
v 0.26448 -0.36328 0.05268
v 0.26186 -0.33490 0.04669
v 0.29789 -0.42688 0.02898
v 0.30259 -0.45170 0.03121
v 0.32546 -0.40933 -0.01069
v 0.31939 -0.38633 -0.01392
v 0.33233 -0.43145 -0.00870
v 0.28438 -0.40596 0.03541
v 0.28928 -0.43928 0.03854
v 0.28318 -0.46545 0.06106
v 0.30704 -0.36586 -0.01235
v 0.29666 -0.36559 0.00041
v 0.27589 -0.43383 0.06005
v 0.26850 -0.39433 0.05886
v 0.29323 -0.34718 -0.00953
v 0.28422 -0.35118 0.00746
v 0.26038 -0.32032 0.03956
v 0.30450 -0.48202 0.03754
v 0.30450 -0.34463 -0.02099
v 0.26435 -0.32756 0.02950
v 0.34980 -0.48518 -0.00463
v 0.31791 -0.36898 -0.01894
v 0.34378 -0.44833 -0.01160
v 0.33848 -0.42360 -0.01533
v 0.33104 -0.39862 -0.01786
v 0.28898 -0.32833 -0.01948
v 0.32850 -0.38366 -0.02017
v 0.29345 -0.31833 -0.02869
v 0.34886 -0.46267 -0.00973
v 0.27774 -0.33830 -0.00004
v 0.27816 -0.32535 -0.01381
v 0.27524 -0.30903 -0.02346
v 0.26986 -0.32228 -0.00913
v 0.26297 -0.30587 -0.01660
v 0.26534 -0.28463 -0.03226
v 0.25307 -0.27967 -0.02495
v 0.26559 -0.26630 -0.04379
v 0.24762 -0.25560 -0.03534
v 0.25416 -0.24528 -0.04924
v 0.27017 -0.25899 -0.05219
v 0.25510 -0.22750 -0.06465
v 0.24760 -0.22496 -0.05922
v 0.24476 -0.21369 -0.06588
v 0.26898 -0.28132 0.08172
v 0.27319 -0.26336 0.07976
v 0.26785 -0.25917 0.07348
v 0.27537 -0.28155 0.08714
v 0.27187 -0.31153 0.09116
v 0.27971 -0.30493 0.09655
v 0.27858 -0.31980 0.09848
v 0.27034 -0.33480 0.09256
v 0.27856 -0.34057 0.10164
v 0.27616 -0.35863 0.10173
v 0.26431 -0.29739 0.07976
v 0.26262 -0.27641 0.07297
v 0.28537 -0.34826 0.10822
v 0.28882 -0.37672 0.11507
v 0.28218 -0.37720 0.10936
v 0.28703 -0.39725 0.11546
v 0.29196 -0.40285 0.12028
v 0.27747 -0.38225 0.10486
v 0.29181 -0.41912 0.12059
v 0.28282 -0.41280 0.11092
v 0.29337 -0.43908 0.12084
v 0.29979 -0.44777 0.12636
v 0.29700 -0.46022 0.12223
v 0.28827 -0.44337 0.11437
v 0.26352 -0.31999 0.07984
v 0.26975 -0.35554 0.09222
v 0.30654 -0.47642 0.12909
v 0.29481 -0.46836 0.11828
v 0.27250 -0.37733 0.09632
v 0.27591 -0.39758 0.10018
v 0.26321 -0.25770 0.06632
v 0.26337 -0.33742 0.07868
v 0.28124 -0.42417 0.10539
v 0.25885 -0.29301 0.06690
v 0.26550 -0.35821 0.08197
v 0.27491 -0.41186 0.09419
v 0.27013 -0.38955 0.08714
v 0.28372 -0.44694 0.10267
v 0.28884 -0.46831 0.10489
v 0.27866 -0.43236 0.09493
v 0.25888 -0.26378 0.05839
v 0.25880 -0.31369 0.06178
v 0.25591 -0.28945 0.05401
v 0.25381 -0.27307 0.04778
v 0.25477 -0.26079 0.04654
v 0.28245 -0.45945 0.08670
v 0.26649 -0.38018 0.07374
v 0.26342 -0.35997 0.06947
v 0.27270 -0.41593 0.07767
v 0.27714 -0.44024 0.07582
v 0.26085 -0.33708 0.06174
v 0.25595 -0.30117 0.04458
v 0.28190 -0.46216 0.07087
v 0.25966 -0.32171 0.04938
v 0.26358 -0.24230 0.05229
v 0.26053 -0.24830 0.05044
v 0.26069 -0.23542 0.04308
v 0.26902 -0.24490 0.06415
v 0.29000 0.00196 -0.00481
v 0.29078 -0.00854 -0.00208
v 0.28244 0.01045 -0.00132
v 0.28684 -0.01295 0.00130
v 0.29055 -0.02579 -0.00036
v 0.29772 -0.03117 -0.00354
v 0.29106 -0.03614 -0.00048
v 0.29607 -0.03499 -0.00298
v 0.30239 -0.04472 -0.00683
v 0.30577 -0.05035 -0.00911
v 0.29596 -0.02424 -0.00520
v 0.29258 -0.03611 -0.00405
v 0.30232 -0.05187 -0.00781
v 0.30789 -0.06052 -0.00781
v 0.30564 -0.06302 -0.00638
v 0.30874 -0.06299 -0.01087
v 0.30824 -0.05867 -0.01331
v 0.30582 -0.06670 -0.01007
v 0.30322 -0.06619 -0.00833
v 0.06764 0.00321 0.20352
v 0.07321 -0.00925 0.20366
v 0.06875 -0.01477 0.20395
v 0.07369 -0.01838 0.20368
v 0.06863 -0.01911 0.20123
v 0.25456 -0.00783 0.10522
v 0.25629 0.00406 0.10576
v 0.25632 -0.01563 0.10817
v 0.25509 -0.02863 0.10847
v 0.25693 -0.02065 0.11150
v 0.25687 -0.00714 0.10920
v 0.25689 -0.03760 0.11150
v 0.25595 -0.05010 0.10947
v 0.25417 -0.05078 0.10789
v 0.25627 -0.06203 0.10920
v 0.25469 -0.06410 0.10767
v 0.25490 -0.06585 0.10920
v 0.25059 -0.04795 0.10662
v 0.25059 -0.06146 0.10637
v 0.25174 -0.03099 0.10680
v 0.25153 -0.01210 0.10518
v 0.25174 0.00895 0.10266
v 0.25119 -0.06642 0.10776
v 0.25599 -0.04852 0.11295
v 0.25559 -0.06428 0.11131
v 0.01269 -0.00599 0.20520
v 0.01530 0.00692 0.20844
v 0.01495 -0.00147 0.21261
v 0.01246 -0.02279 0.20590
v 0.01392 -0.02277 0.21133
v 0.01356 -0.01802 0.21583
v 0.01071 -0.03047 0.20896
v 0.01149 -0.02888 0.21424
v 0.00871 -0.03269 0.21402
v 0.00845 -0.02966 0.20569
v 0.00706 -0.03209 0.20893
v 0.16260 0.00972 0.16627
v 0.15679 -0.00318 0.16865
v 0.15982 -0.01780 0.16563
v 0.15400 -0.02961 0.16804
v 0.15877 -0.04580 0.16509
v 0.16311 -0.03211 0.16182
v 0.16317 -0.00751 0.16229
v 0.16348 -0.05127 0.16293
v 0.15593 -0.05274 0.16613
v 0.16254 -0.06024 0.16375
v 0.15257 0.00735 0.17195
v 0.15133 -0.00930 0.16965
v 0.15857 -0.06195 0.16473
v 0.15985 -0.06515 0.16259
v 0.16480 -0.05714 0.16033
v 0.15456 -0.06276 0.16440
v 0.15290 -0.05571 0.16519
v 0.15194 -0.03364 0.16712
v 0.16322 -0.04408 0.15843
v 0.15985 -0.06556 0.15938
v 0.00916 -0.02600 0.21659
v 0.00938 -0.01033 0.21633
v 0.00569 -0.01825 0.21473
v 0.00533 -0.03039 0.21495
v 0.00282 0.00275 0.21314
v 0.01075 0.00566 0.21578
v 0.01356 -0.01802 0.21583
v 0.00871 -0.03269 0.21402
v 0.01495 -0.00147 0.21261
v 0.01149 -0.02888 0.21424
v 0.27637 0.00155 -0.05832
v 0.27547 -0.00784 -0.05805
v 0.27901 -0.01476 -0.05744
v 0.27573 -0.01585 -0.05591
v 0.28151 -0.02219 -0.05335
v 0.27630 -0.02670 -0.05030
v 0.28189 -0.03229 -0.04753
v 0.27908 -0.03212 -0.04642
v 0.28516 -0.04530 -0.04025
v 0.01819 -0.04233 -0.09783
v 0.01857 -0.04386 -0.09400
v 0.01510 -0.02918 -0.09638
v 0.01735 -0.06354 -0.09656
v 0.01872 -0.07360 -0.09304
v 0.01742 -0.08567 -0.09656
v 0.01900 -0.09346 -0.09325
v 0.01834 -0.09350 -0.09718
v 0.01834 -0.06261 -0.09964
v 0.01856 -0.03870 -0.10070
v 0.01341 -0.02250 -0.09985
v 0.01373 -0.01018 -0.09605
v 0.01290 -0.00844 -0.10004
v 0.00974 0.00992 -0.09676
v 0.01879 -0.08617 -0.09936
v 0.01494 -0.02065 -0.10277
v 0.28684 -0.01295 0.00130
v 0.28207 -0.00145 0.00996
v 0.28828 -0.03142 0.00980
v 0.28244 0.01045 -0.00132
v 0.29106 -0.03614 -0.00048
v 0.29329 -0.05278 0.00358
v 0.27667 0.00179 0.02298
v 0.27182 0.00862 0.03706
v 0.29317 -0.04567 -0.00779
v 0.28714 -0.05380 0.02101
v 0.29528 -0.06984 0.01032
v 0.29660 -0.07096 -0.00224
v 0.30191 -0.09903 0.00350
v 0.27349 -0.00928 0.03598
v 0.26947 -0.00463 0.05246
v 0.28046 -0.02724 0.02435
v 0.27222 -0.03230 0.04792
v 0.27626 -0.03639 0.03519
v 0.27751 -0.05344 0.03870
v 0.27263 -0.05120 0.05180
v 0.26581 -0.03205 0.06591
v 0.29374 -0.07860 0.01813
v 0.26584 -0.01179 0.06548
v 0.30001 -0.09130 0.01124
v 0.29895 -0.10455 0.02071
v 0.27410 -0.07292 0.05043
v 0.26650 0.00878 0.06279
v 0.30627 -0.11961 0.01532
v 0.30352 -0.12973 0.02604
v 0.31054 -0.13821 0.00080
v 0.30901 -0.13526 0.02021
v 0.31168 -0.14144 0.01584
v 0.31351 -0.15319 0.02379
v 0.31864 -0.16634 0.01523
v 0.30727 -0.15008 0.03138
v 0.31901 -0.16985 0.02665
v 0.32538 -0.18897 0.03166
v 0.31667 -0.17361 0.03537
v 0.32564 -0.20050 0.04266
v 0.33274 -0.21092 0.03642
v 0.33739 -0.22782 0.04464
v 0.32741 -0.19358 0.02327
v 0.33813 -0.22655 0.03075
v 0.34393 -0.24531 0.03498
v 0.34559 -0.25283 0.04931
v 0.34131 -0.25388 0.06061
v 0.33011 -0.22411 0.05496
v 0.35450 -0.28228 0.05165
v 0.35288 -0.29465 0.07048
v 0.35988 -0.30372 0.05899
v 0.36361 -0.30618 0.04639
v 0.34988 -0.29476 0.08103
v 0.36064 -0.32909 0.08588
v 0.36169 -0.32627 0.07395
v 0.36877 -0.35435 0.08170
v 0.36491 -0.35306 0.09925
v 0.37254 -0.37812 0.09889
v 0.37693 -0.37994 0.08343
v 0.38225 -0.40355 0.09249
v 0.38023 -0.41149 0.10864
v 0.36958 -0.32566 0.05075
v 0.38985 -0.42228 0.08764
v 0.39164 -0.44125 0.10036
v 0.39626 -0.43961 0.07745
v 0.39045 -0.40729 0.07149
v 0.39377 -0.41732 0.06337
v 0.38881 -0.39034 0.05512
v 0.38552 -0.38212 0.06283
v 0.37903 -0.35385 0.04905
v 0.37571 -0.35192 0.06262
v 0.38460 -0.39157 0.07637
v 0.35022 -0.26593 0.04024
v 0.35711 -0.28664 0.03953
v 0.37820 -0.36697 0.07026
v 0.36835 -0.33801 0.06789
v 0.39682 -0.43284 0.05725
v 0.39918 -0.45726 0.07409
v 0.40100 -0.46256 0.05930
v 0.39786 -0.46631 0.09804
v 0.39403 -0.46331 0.11346
v 0.37405 -0.40028 0.11655
v 0.36827 -0.37716 0.11226
v 0.36305 -0.35740 0.10811
v 0.38412 -0.43860 0.12036
v 0.35574 -0.32668 0.09754
v 0.36801 -0.32155 0.03788
v 0.32029 -0.17367 0.00458
v 0.39295 -0.41594 0.04444
v 0.29456 -0.06225 -0.01383
v 0.29414 -0.05563 -0.01686
v 0.38926 -0.39580 0.04441
v 0.40265 -0.49012 0.05481
v 0.38058 -0.36366 0.03515
v 0.30096 -0.10086 -0.01335
v 0.29703 -0.07830 -0.01342
v 0.32681 -0.19854 0.00439
v 0.33303 -0.21400 0.01772
v 0.29451 -0.06308 -0.01966
v 0.29499 -0.06490 -0.01918
v 0.36030 -0.30097 0.03318
v 0.37226 -0.34270 0.02316
v 0.39533 -0.43611 0.03965
v 0.39974 -0.46951 0.04071
v 0.34515 -0.25393 0.02773
v 0.35243 -0.28258 0.02314
v 0.36155 -0.31640 0.01362
v 0.29449 -0.06788 -0.02033
v 0.31114 -0.15048 -0.01493
v 0.30547 -0.12629 -0.01620
v 0.33846 -0.24197 0.01148
v 0.38273 -0.38088 0.02596
v 0.32051 -0.18303 -0.00658
v 0.38891 -0.41181 0.02831
v 0.34538 -0.27188 0.00561
v 0.29836 -0.09967 -0.02408
v 0.35145 -0.29825 -0.00333
v 0.33949 -0.26572 -0.01216
v 0.32985 -0.22656 -0.00746
v 0.32529 -0.20787 -0.00879
v 0.29189 -0.07427 -0.03134
v 0.37533 -0.36629 0.01235
v 0.38486 -0.40455 0.01779
v 0.32581 -0.22828 -0.02374
v 0.39228 -0.44019 0.02604
v 0.35646 -0.31812 -0.00541
v 0.36512 -0.33925 0.00257
v 0.31814 -0.20629 -0.03147
v 0.31410 -0.18092 -0.02628
v 0.39764 -0.48138 0.02921
v 0.39309 -0.45810 0.02271
v 0.31183 -0.20109 -0.04754
v 0.29370 -0.06558 -0.02289
v 0.38945 -0.46480 0.12442
v 0.38534 -0.41992 0.01426
v 0.37970 -0.39095 0.01129
v 0.30013 -0.12631 -0.03181
v 0.30639 -0.15712 -0.03212
v 0.29190 -0.06281 -0.02748
v 0.29056 -0.05767 -0.03094
v 0.30401 -0.17970 -0.05349
v 0.34788 -0.30992 0.09763
v 0.34250 -0.28764 0.08885
v 0.33670 -0.26683 0.07977
v 0.29386 -0.04621 -0.01041
v 0.29258 -0.03611 -0.00405
v 0.38532 -0.43551 0.01084
v 0.33056 -0.24217 0.06814
v 0.39149 -0.47553 0.01610
v 0.38433 -0.45390 0.00677
v 0.29476 -0.06382 -0.02234
v 0.14989 0.00822 0.17153
v 0.14940 -0.00545 0.16735
v 0.15133 -0.00930 0.16965
v 0.15031 -0.02460 0.16467
v 0.15194 -0.03364 0.16712
v 0.15148 -0.04326 0.16318
v 0.15290 -0.05571 0.16519
v 0.15222 -0.06088 0.16093
v 0.15456 -0.06276 0.16440
v 0.15390 -0.06388 0.16129
v 0.14893 -0.00167 0.16427
v 0.15056 -0.01778 0.15983
v 0.15126 -0.03713 0.15903
v 0.15272 -0.05387 0.15854
v 0.15346 -0.06170 0.15813
v 0.14980 0.00201 0.16236
v 0.16091 -0.01465 0.15849
v 0.16412 0.01281 0.16065
v 0.16317 -0.00751 0.16229
v 0.16311 -0.03211 0.16182
v 0.16322 -0.04408 0.15843
v 0.15827 -0.03390 0.15563
v 0.15863 -0.04852 0.15482
v 0.16145 -0.05772 0.15617
v 0.16480 -0.05714 0.16033
v 0.15748 -0.01371 0.15663
v 0.15879 0.00672 0.15779
v 0.15621 -0.05859 0.15618
v 0.15674 -0.06357 0.15773
v 0.15985 -0.06556 0.15938
v 0.11948 -0.00216 -0.11193
v 0.11695 -0.00000 -0.10808
v 0.11700 -0.00526 -0.11056
v 0.11833 -0.00615 -0.11439
v 0.11960 0.00407 -0.11649
v 0.00387 -0.00671 0.20758
v 0.00282 0.00275 0.21314
v -0.00034 0.01225 0.20822
v 0.00569 -0.01825 0.21473
v 0.00466 -0.02039 0.20907
v 0.00415 -0.02948 0.21007
v 0.00533 -0.03039 0.21495
v 0.00512 -0.02944 0.20642
v 0.00525 -0.02445 0.20611
v 0.00590 -0.01256 0.20526
v 0.00706 -0.03209 0.20893
v 0.00871 -0.03269 0.21402
v 0.09359 0.00918 0.19313
v 0.07321 -0.00925 0.20366
v 0.08832 0.00317 0.19654
v 0.07820 -0.00313 0.20235
v 0.08575 -0.00898 0.19891
v 0.08998 -0.01298 0.19577
v 0.08197 -0.01527 0.20495
v 0.07610 -0.01805 0.20602
v 0.08948 -0.03263 0.20317
v 0.07989 -0.02568 0.20853
v 0.08678 -0.03419 0.20746
v 0.08331 -0.03767 0.20793
v 0.09103 -0.05075 0.20609
v 0.09424 -0.04713 0.20262
v 0.09511 -0.06928 0.20002
v 0.09060 -0.06849 0.20363
v 0.09273 -0.09559 0.20153
v 0.08791 -0.07685 0.20390
v 0.09007 -0.11969 0.20269
v 0.08669 -0.05262 0.20527
v 0.09435 -0.12064 0.20193
v 0.09461 -0.13307 0.20234
v 0.09798 -0.12840 0.20028
v 0.09832 -0.11796 0.19947
v 0.09734 -0.09436 0.19748
v 0.08960 -0.13303 0.20262
v 0.11550 -0.00217 -0.11773
v 0.11062 0.00513 -0.11697
v 0.11202 -0.00416 -0.11460
v 0.11478 -0.00671 -0.11434
v 0.11833 -0.00615 -0.11439
v 0.17760 0.00399 -0.08079
v 0.18661 -0.01379 -0.08301
v 0.18091 -0.01295 -0.07935
v 0.18610 -0.03613 -0.07714
v 0.19554 -0.03595 -0.08165
v 0.19846 -0.05567 -0.07899
v 0.19079 -0.05455 -0.07536
v 0.19257 -0.07313 -0.07095
v 0.20518 -0.08038 -0.07568
v 0.20118 -0.10104 -0.06766
v 0.17185 0.00707 -0.07679
v 0.21142 -0.10483 -0.07142
v 0.21573 -0.12681 -0.06727
v 0.21182 -0.13673 -0.06269
v 0.22576 -0.15226 -0.06650
v 0.22524 -0.13515 -0.06914
v 0.23445 -0.15383 -0.07110
v 0.23211 -0.17045 -0.06858
v 0.24430 -0.17030 -0.07681
v 0.24241 -0.18654 -0.07486
v 0.25263 -0.18081 -0.08009
v 0.25366 -0.19479 -0.07940
v 0.25369 -0.20795 -0.07544
v 0.24346 -0.20216 -0.07161
v 0.22112 -0.16668 -0.05920
v 0.17853 -0.02504 -0.07438
v 0.18244 -0.04796 -0.07025
v 0.22950 -0.18755 -0.05927
v 0.20685 -0.14225 -0.05555
v 0.19956 -0.12127 -0.05711
v 0.19260 -0.09011 -0.06340
v 0.18499 -0.06950 -0.06326
v 0.24476 -0.21369 -0.06588
v 0.23752 -0.19845 -0.06536
v 0.25510 -0.22750 -0.06465
v 0.21094 -0.16553 -0.04856
v 0.26656 -0.21514 -0.07581
v 0.27175 -0.24413 -0.06174
v 0.27017 -0.25899 -0.05219
v 0.28814 -0.27366 -0.05047
v 0.28449 -0.28490 -0.04366
v 0.29945 -0.29239 -0.04388
v 0.30216 -0.31692 -0.03343
v 0.28297 -0.29706 -0.03554
v 0.29345 -0.31833 -0.02869
v 0.30450 -0.34463 -0.02099
v 0.31590 -0.34579 -0.02574
v 0.31791 -0.36898 -0.01894
v 0.32443 -0.36467 -0.02307
v 0.32850 -0.38366 -0.02017
v 0.26534 -0.28463 -0.03226
v 0.27524 -0.30903 -0.02346
v 0.26559 -0.26630 -0.04379
v 0.22056 -0.24883 0.00257
v 0.21308 -0.22460 0.00668
v 0.21470 -0.22293 -0.00899
v 0.20764 -0.19986 -0.00835
v 0.20691 -0.20055 0.00589
v 0.20264 -0.18589 -0.00213
v 0.20299 -0.17404 -0.02103
v 0.19844 -0.16959 -0.00809
v 0.19591 -0.15360 -0.01644
v 0.20124 -0.15663 -0.03556
v 0.19528 -0.13960 -0.03473
v 0.18773 -0.12266 -0.01621
v 0.19009 -0.12301 -0.03242
v 0.18624 -0.10471 -0.03446
v 0.18181 -0.10309 -0.00467
v 0.18168 -0.08771 -0.02950
v 0.17542 -0.07921 -0.00331
v 0.17302 -0.06324 -0.01156
v 0.19232 -0.14199 -0.01002
v 0.19641 -0.16323 0.00051
v 0.17629 -0.06048 -0.03203
v 0.18167 -0.07724 -0.04362
v 0.17909 -0.06260 -0.05421
v 0.16627 -0.04110 -0.00657
v 0.16726 -0.05709 0.00980
v 0.17396 -0.04487 -0.05101
v 0.18828 -0.09692 -0.05049
v 0.18587 -0.08252 -0.05706
v 0.17553 -0.04372 -0.06063
v 0.17020 -0.02242 -0.05977
v 0.17116 -0.07327 0.01936
v 0.16846 -0.02587 -0.03851
v 0.16497 -0.01353 -0.03109
v 0.16608 -0.01055 -0.04726
v 0.16524 -0.00010 -0.06058
v 0.16924 -0.03392 -0.02520
v 0.17261 -0.04494 -0.03355
v 0.16159 0.00690 -0.05186
v 0.16042 0.00424 -0.03930
v 0.16484 -0.02323 -0.01841
v 0.16315 -0.05077 0.02352
v 0.15752 -0.02890 0.01392
v 0.15973 -0.02256 -0.00257
v 0.16151 -0.00541 -0.02718
v 0.15811 -0.00954 -0.01135
v 0.15355 -0.02434 0.02801
v 0.15215 -0.00954 0.00921
v 0.19316 -0.12136 -0.04489
v 0.14553 0.00086 0.02361
v 0.17760 -0.09236 0.01646
v 0.14784 -0.01051 0.03695
v 0.21117 -0.19461 -0.02580
v 0.22427 -0.25179 -0.00724
v 0.14747 0.00496 0.00482
v 0.14219 0.00518 0.03546
v 0.19274 -0.10696 -0.05486
v 0.22430 -0.26312 0.00966
v 0.22818 -0.26939 0.00410
v 0.15233 -0.00165 -0.00410
v 0.18929 -0.13293 0.00492
v 0.21221 -0.18426 -0.03796
v 0.14070 0.00593 0.05242
v 0.21727 -0.21285 -0.02516
v 0.20053 -0.14131 -0.04696
v 0.18333 -0.11023 0.01638
v 0.16057 -0.04502 0.03414
v 0.15201 -0.02212 0.04244
v 0.16754 -0.06411 0.03277
v 0.18898 -0.13197 0.01546
v 0.19507 -0.15639 0.01178
v 0.20263 -0.18413 0.00946
v 0.15553 0.00019 -0.01718
v 0.21843 -0.24111 0.01406
v 0.23218 -0.27997 0.01065
v 0.14742 -0.01031 0.05114
v 0.17444 -0.08296 0.03302
v 0.22293 -0.22968 -0.02250
v 0.16573 0.01657 -0.07033
v 0.17269 -0.01720 -0.06816
v 0.23519 -0.27412 -0.00611
v 0.24293 -0.29450 0.00399
v 0.15583 -0.03184 0.04766
v 0.14147 0.00417 0.05670
v 0.16528 -0.05661 0.04427
v 0.18273 -0.10450 0.03358
v 0.24133 -0.29467 0.01602
v 0.22256 -0.20857 -0.03806
v 0.24693 -0.29072 -0.00881
v 0.25283 -0.31115 0.01682
v 0.25961 -0.31816 0.00574
v 0.25878 -0.31082 -0.00493
v 0.23624 -0.26131 -0.01818
v 0.23322 -0.24242 -0.02841
v 0.26174 -0.32266 0.01652
v 0.27062 -0.33731 0.01670
v 0.27774 -0.33830 -0.00004
v 0.28422 -0.35118 0.00746
v 0.27915 -0.35391 0.02214
v 0.27052 -0.34233 0.02951
v 0.26435 -0.32756 0.02950
v 0.26986 -0.32228 -0.00913
v 0.22309 -0.19304 -0.04823
v 0.23608 -0.22582 -0.04365
v 0.23600 -0.20965 -0.05521
v 0.26297 -0.30587 -0.01660
v 0.24760 -0.22496 -0.05922
v 0.25307 -0.27967 -0.02495
v 0.25416 -0.24528 -0.04924
v 0.24762 -0.25560 -0.03534
v 0.28151 -0.00110 0.07032
v 0.28928 -0.00747 0.05418
v 0.29030 -0.01985 0.06427
v 0.29579 -0.02851 0.05911
v 0.29821 -0.04057 0.06644
v 0.28485 -0.02199 0.07740
v 0.29299 -0.03923 0.07533
v 0.27829 -0.00436 0.07772
v 0.30321 -0.04894 0.06430
v 0.30326 -0.05465 0.07255
v 0.30559 -0.05620 0.06824
v 0.29867 -0.05144 0.07578
v 0.29063 -0.03924 0.07846
v 0.30292 -0.06051 0.07133
v 0.07444 -0.02018 0.20033
v 0.07369 -0.01838 0.20368
v 0.06863 -0.01911 0.20123
v 0.29861 -0.06403 0.06935
v 0.30292 -0.06051 0.07133
v 0.29732 -0.06247 0.07363
v 0.29864 -0.05756 0.07580
v 0.29567 -0.06294 0.07012
v 0.29258 -0.05113 0.07675
v 0.29016 -0.05393 0.07324
v 0.28468 -0.04219 0.07758
v 0.28623 -0.03760 0.07939
v 0.27873 -0.02467 0.07798
v 0.28220 -0.02388 0.07899
v 0.27409 -0.00405 0.07760
v 0.27829 -0.00436 0.07772
v 0.29867 -0.05144 0.07578
v 0.29063 -0.03924 0.07846
v 0.28485 -0.02199 0.07740
v 0.30326 -0.05465 0.07255
v 0.24442 -0.02576 0.11409
v 0.24195 -0.02443 0.11302
v 0.24203 -0.01706 0.11565
v 0.23934 -0.01693 0.11435
v 0.24096 0.00281 0.11931
v 0.23781 0.00473 0.11754
v 0.24369 -0.02718 0.11002
v 0.00790 0.00023 0.20306
v 0.01269 -0.00599 0.20520
v 0.00864 -0.02096 0.20473
v 0.01246 -0.02279 0.20590
v 0.00845 -0.02966 0.20569
v 0.00278 0.00394 0.20267
v 0.00590 -0.01256 0.20526
v 0.00525 -0.02445 0.20611
v 0.00512 -0.02944 0.20642
v 0.00706 -0.03209 0.20893
v 0.01071 -0.03047 0.20896
v 0.14980 0.00201 0.16236
v 0.15437 -0.01462 0.15705
v 0.15056 -0.01778 0.15983
v 0.15126 -0.03713 0.15903
v 0.15417 -0.03728 0.15624
v 0.15272 -0.05387 0.15854
v 0.15863 -0.04852 0.15482
v 0.15621 -0.05859 0.15618
v 0.15346 -0.06170 0.15813
v 0.15879 0.00672 0.15779
v 0.15827 -0.03390 0.15563
v 0.15674 -0.06357 0.15773
v 0.15748 -0.01371 0.15663
v 0.15985 -0.06515 0.16259
v 0.15456 -0.06276 0.16440
v 0.15390 -0.06388 0.16129
v 0.15985 -0.06556 0.15938
v 0.15674 -0.06357 0.15773
v 0.15346 -0.06170 0.15813
v 0.30582 -0.06670 -0.01007
v 0.30322 -0.06619 -0.00833
v 0.30142 -0.06731 -0.01441
v 0.29982 -0.06588 -0.01308
v 0.29762 -0.06508 -0.01737
v 0.29818 -0.06447 -0.02070
v 0.29499 -0.06490 -0.01918
v 0.29476 -0.06382 -0.02234
v 0.29535 -0.06254 -0.02562
v 0.29190 -0.06281 -0.02748
v 0.09543 -0.13448 0.20005
v 0.09461 -0.13307 0.20234
v 0.09187 -0.13548 0.20025
v 0.08960 -0.13303 0.20262
v 0.08722 -0.13286 0.19969
v 0.08698 -0.13380 0.19572
v 0.09161 -0.13171 0.19291
v 0.09466 -0.13305 0.19604
v 0.08702 -0.13020 0.19319
v 0.11833 -0.00615 -0.11439
v 0.11700 -0.00526 -0.11056
v 0.11478 -0.00671 -0.11434
v 0.11238 -0.00339 -0.11135
v 0.11202 -0.00416 -0.11460
v 0.11054 0.00347 -0.11381
v 0.11331 0.00189 -0.10838
v 0.11695 -0.00000 -0.10808
v 0.25490 -0.06585 0.10920
v 0.25274 -0.06616 0.11312
v 0.25174 -0.06739 0.11035
v 0.25559 -0.06428 0.11131
v 0.24899 -0.06616 0.11416
v 0.25119 -0.06642 0.10776
v 0.24839 -0.06631 0.10988
v 0.24489 -0.06427 0.11380
v 0.24341 -0.06310 0.11155
v 0.24101 -0.05860 0.11539
v 0.23904 -0.05704 0.11337
v 0.23803 -0.04869 0.11817
v 0.23521 -0.03525 0.12114
v 0.23905 -0.03753 0.12401
v 0.23490 -0.01687 0.12774
v 0.24374 -0.05666 0.11867
v 0.24722 -0.06229 0.11682
v 0.24552 -0.05270 0.12040
v 0.23772 -0.01959 0.12779
v 0.23277 0.00230 0.13155
v 0.23001 0.00324 0.12981
v 0.23200 -0.01166 0.12485
v 0.29386 -0.04621 -0.01041
v 0.29552 -0.04384 -0.00748
v 0.29317 -0.04567 -0.00779
v 0.29258 -0.03611 -0.00405
v 0.29621 -0.05882 -0.01500
v 0.30080 -0.05988 -0.00825
v 0.29712 -0.05005 -0.00907
v 0.29414 -0.05563 -0.01686
v 0.29982 -0.06588 -0.01308
v 0.29451 -0.06308 -0.01966
v 0.30322 -0.06619 -0.00833
v 0.29762 -0.06508 -0.01737
v 0.29499 -0.06490 -0.01918
v 0.30564 -0.06302 -0.00638
v 0.30232 -0.05187 -0.00781
v 0.29476 -0.06382 -0.02234
v 0.30239 -0.04472 -0.00683
v 0.29607 -0.03499 -0.00298
v 0.13334 -0.02410 -0.10219
v 0.13428 -0.00114 -0.10355
v 0.12834 -0.02537 -0.10350
v 0.13347 -0.03327 -0.10256
v 0.12831 -0.03760 -0.10234
v 0.12402 -0.03565 -0.10368
v 0.12388 -0.04261 -0.10458
v 0.13066 -0.00052 -0.10600
v 0.13101 -0.04167 -0.10396
v 0.00120 -0.01168 -0.11610
v 0.00469 0.00558 -0.11393
v 0.00271 -0.00459 -0.11278
v 0.29200 -0.05356 -0.03366
v 0.28972 -0.05293 -0.03200
v 0.28952 -0.04965 -0.03701
v 0.29056 -0.05767 -0.03094
v 0.24968 -0.02295 0.10783
v 0.24776 -0.02465 0.11306
v 0.25020 -0.01275 0.11194
v 0.24786 -0.02581 0.11052
v 0.24442 -0.02576 0.11409
v 0.24369 -0.02718 0.11002
v 0.24855 -0.03005 0.10783
v 0.25174 -0.03099 0.10680
v 0.25153 -0.01210 0.10518
v 0.24673 -0.03938 0.10778
v 0.25059 -0.04795 0.10662
v 0.24503 -0.05641 0.10844
v 0.23894 -0.04710 0.11130
v 0.24382 -0.06144 0.10973
v 0.23904 -0.05704 0.11337
v 0.24341 -0.06310 0.11155
v 0.24839 -0.06631 0.10988
v 0.25119 -0.06642 0.10776
v 0.25059 -0.06146 0.10637
v 0.23615 -0.04522 0.11519
v 0.23803 -0.04869 0.11817
v 0.23521 -0.03525 0.12114
v 0.23235 -0.01778 0.12105
v 0.23200 -0.01166 0.12485
v 0.23567 -0.03741 0.11386
v 0.23494 -0.02106 0.11680
v 0.23362 -0.00214 0.11957
v 0.23934 -0.01693 0.11435
v 0.23781 0.00473 0.11754
v 0.24195 -0.02443 0.11302
v 0.22880 0.00430 0.12553
v 0.23001 0.00324 0.12981
v 0.24032 -0.03041 0.11063
v 0.24369 -0.02718 0.11002
v 0.24032 -0.03041 0.11063
v 0.24195 -0.02443 0.11302
v 0.24968 -0.02295 0.10783
v 0.24859 -0.01346 0.10920
v 0.25153 -0.01210 0.10518
v 0.24975 -0.00944 0.10610
v 0.24897 -0.00269 0.10805
v 0.24927 0.01547 0.10351
v 0.30359 -0.06382 -0.01691
v 0.29818 -0.06447 -0.02070
v 0.29535 -0.06254 -0.02562
v 0.30142 -0.06731 -0.01441
v 0.29506 -0.05811 -0.02943
v 0.29751 -0.05423 -0.02777
v 0.30153 -0.05030 -0.02114
v 0.29200 -0.05356 -0.03366
v 0.29303 -0.04205 -0.03320
v 0.30824 -0.05867 -0.01331
v 0.30874 -0.06299 -0.01087
v 0.30582 -0.06670 -0.01007
v 0.29466 -0.03536 -0.02152
v 0.30199 -0.04076 -0.01013
v 0.28871 -0.02978 -0.03436
v 0.29009 -0.03117 -0.04281
v 0.28624 -0.01968 -0.04782
v 0.28747 -0.02409 -0.04951
v 0.28246 -0.01281 -0.04518
v 0.30577 -0.05035 -0.00911
v 0.29477 -0.02634 -0.01079
v 0.29596 -0.02424 -0.00520
v 0.28832 -0.02064 -0.02493
v 0.28976 -0.03943 -0.04165
v 0.29056 -0.05767 -0.03094
v 0.28295 -0.01487 -0.05459
v 0.29199 -0.01461 -0.01064
v 0.29000 0.00196 -0.00481
v 0.28808 0.00575 -0.01097
v 0.28490 -0.00792 -0.02908
v 0.28188 0.00366 -0.03726
v 0.28151 -0.02219 -0.05335
v 0.28189 -0.03229 -0.04753
v 0.28516 -0.04530 -0.04025
v 0.29190 -0.06281 -0.02748
v 0.27988 -0.00326 -0.05499
v 0.29772 -0.03117 -0.00354
v 0.28952 -0.04965 -0.03701
v 0.28200 0.00041 -0.04392
v 0.28745 -0.05474 -0.03652
v 0.27901 -0.01476 -0.05744
v 0.28295 -0.01487 -0.05459
v 0.27901 -0.01476 -0.05744
v 0.27637 0.00155 -0.05832
v 0.27988 -0.00326 -0.05499
v 0.18823 -0.03962 0.07271
v 0.17646 -0.03056 0.07228
v 0.17665 -0.01927 0.07550
v 0.18439 -0.05164 0.06835
v 0.18778 -0.01683 0.07802
v 0.17710 -0.00004 0.07981
v 0.16733 0.00663 0.07922
v 0.19825 -0.05618 0.06904
v 0.19989 -0.08328 0.06074
v 0.19131 -0.07063 0.06347
v 0.19759 -0.02823 0.07603
v 0.20840 -0.06957 0.06529
v 0.21352 -0.09178 0.05891
v 0.20712 -0.10678 0.05398
v 0.22163 -0.11059 0.05418
v 0.21754 -0.12987 0.04939
v 0.23753 -0.13088 0.05112
v 0.23003 -0.14959 0.04663
v 0.24313 -0.15924 0.04565
v 0.22795 -0.17147 0.04069
v 0.25972 -0.13871 0.05309
v 0.23718 -0.19045 0.03835
v 0.22885 -0.20451 0.03487
v 0.23996 -0.21073 0.03509
v 0.18943 0.00578 0.08146
v 0.20765 -0.04103 0.07262
v 0.22121 -0.05199 0.06983
v 0.25309 -0.21140 0.03684
v 0.23652 -0.10274 0.05570
v 0.22684 -0.09387 0.05697
v 0.22355 -0.07409 0.06271
v 0.21019 -0.01924 0.07728
v 0.24552 -0.08774 0.06129
v 0.23066 -0.03299 0.07648
v 0.21990 -0.00595 0.08043
v 0.23653 -0.01663 0.08030
v 0.23989 -0.04404 0.07400
v 0.23817 -0.06089 0.06874
v 0.22977 0.00940 0.08423
v 0.24411 -0.03573 0.07533
v 0.20358 0.00381 0.08019
v 0.25152 -0.06488 0.06723
v 0.25797 -0.09058 0.06037
v 0.24727 -0.11097 0.05609
v 0.26141 -0.11259 0.05715
v 0.27076 -0.12740 0.05528
v 0.24250 -0.22496 0.03365
v 0.23127 -0.22650 0.03264
v 0.25527 -0.15928 0.04801
v 0.25193 -0.18315 0.04287
v 0.27380 -0.15029 0.05423
v 0.25258 -0.23479 0.03470
v 0.22266 -0.15365 0.04380
v 0.23891 -0.24416 0.03298
v 0.26478 -0.22533 0.03842
v 0.26665 -0.21673 0.04042
v 0.26082 -0.20002 0.04245
v 0.26039 -0.17860 0.04699
v 0.27308 -0.16462 0.05403
v 0.28060 -0.15478 0.05423
v 0.27634 -0.13514 0.05336
v 0.19549 -0.08768 0.05714
v 0.31898 -0.30774 0.10317
v 0.32732 -0.32513 0.10884
v 0.31201 -0.31546 0.10462
v 0.32721 -0.35087 0.11629
v 0.30752 -0.34268 0.11042
v 0.32295 -0.36851 0.11941
v 0.33558 -0.37845 0.12317
v 0.33859 -0.35906 0.11895
v 0.31200 -0.28534 0.09456
v 0.29882 -0.29468 0.09521
v 0.29684 -0.31406 0.10041
v 0.29057 -0.27742 0.08673
v 0.30474 -0.26393 0.08566
v 0.30446 -0.38028 0.11664
v 0.32107 -0.39777 0.12326
v 0.30020 -0.40262 0.11879
v 0.30958 -0.42650 0.12382
v 0.34318 -0.40986 0.12850
v 0.33925 -0.42638 0.12906
v 0.32441 -0.43378 0.12626
v 0.31178 -0.45256 0.12583
v 0.31844 -0.27946 0.09217
v 0.30732 -0.24528 0.07894
v 0.30165 -0.24837 0.07985
v 0.29611 -0.23138 0.07231
v 0.29790 -0.21771 0.06726
v 0.29181 -0.21332 0.06540
v 0.29446 -0.19618 0.06034
v 0.28902 -0.19839 0.06139
v 0.28508 -0.20171 0.06123
v 0.28143 -0.18521 0.05938
v 0.28479 -0.17441 0.05755
v 0.27308 -0.16462 0.05403
v 0.28060 -0.15478 0.05423
v 0.34313 -0.47489 0.12762
v 0.32889 -0.46220 0.12724
v 0.34045 -0.45117 0.12892
v 0.31985 -0.47553 0.12769
v 0.31095 -0.47724 0.12591
v 0.36744 -0.47717 0.13323
v 0.37588 -0.47412 0.13190
v 0.35634 -0.45151 0.13280
v 0.35386 -0.46711 0.13114
v 0.35830 -0.43732 0.13179
v 0.37300 -0.45595 0.13109
v 0.35631 -0.41806 0.12892
v 0.34687 -0.38645 0.12441
v 0.25248 -0.04161 0.07179
v 0.25152 -0.06488 0.06723
v 0.24411 -0.03573 0.07533
v 0.26111 -0.07807 0.06150
v 0.25797 -0.09058 0.06037
v 0.24644 -0.01873 0.07725
v 0.23653 -0.01663 0.08030
v 0.26523 -0.10027 0.05708
v 0.26141 -0.11259 0.05715
v 0.23770 0.00372 0.08146
v 0.22977 0.00940 0.08423
v 0.27076 -0.12740 0.05528
v 0.32900 -0.30886 0.10239
v 0.31844 -0.27946 0.09217
v 0.33010 -0.29547 0.09659
v 0.32490 -0.27443 0.08854
v 0.31775 -0.25731 0.08314
v 0.31898 -0.30774 0.10317
v 0.32732 -0.32513 0.10884
v 0.33637 -0.33590 0.11115
v 0.30732 -0.24528 0.07894
v 0.30970 -0.23538 0.07432
v 0.29790 -0.21771 0.06726
v 0.32721 -0.35087 0.11629
v 0.33859 -0.35906 0.11895
v 0.30479 -0.21126 0.06224
v 0.39686 -0.47406 0.04834
v 0.39412 -0.47866 0.03396
v 0.39049 -0.45166 0.03167
v 0.39303 -0.44234 0.04903
v 0.38886 -0.42101 0.04310
v 0.38628 -0.43161 0.02594
v 0.38421 -0.41014 0.02949
v 0.38843 -0.46542 0.02179
v 0.37617 -0.41247 0.00868
v 0.37537 -0.39129 0.01304
v 0.37920 -0.38696 0.02625
v 0.37271 -0.37235 0.01504
v 0.38119 -0.44310 0.01207
v 0.36353 -0.36907 -0.00126
v 0.36134 -0.34820 0.00152
v 0.36376 -0.33795 0.01412
v 0.35413 -0.32077 -0.00048
v 0.35175 -0.32617 -0.00758
v 0.34185 -0.29738 -0.01353
v 0.34751 -0.30172 -0.00375
v 0.34054 -0.28233 -0.00744
v 0.32942 -0.26309 -0.02236
v 0.33408 -0.26417 -0.01224
v 0.32521 -0.23795 -0.01855
v 0.31866 -0.23438 -0.03046
v 0.31625 -0.21366 -0.02707
v 0.31392 -0.21919 -0.03490
v 0.30688 -0.21063 -0.04916
v 0.30591 -0.19399 -0.04620
v 0.30223 -0.19733 -0.05667
v 0.29841 -0.17971 -0.05481
v 0.30150 -0.17580 -0.04347
v 0.29679 -0.19028 -0.06271
v 0.38272 -0.46846 0.01150
v 0.30876 -0.22259 -0.04487
v 0.31298 -0.24084 -0.03993
v 0.33441 -0.28828 -0.02257
v 0.34064 -0.30627 -0.01828
v 0.34426 -0.32359 -0.01672
v 0.28854 -0.16295 -0.06027
v 0.29296 -0.15149 -0.04543
v 0.30036 -0.15484 -0.03273
v 0.30909 -0.18239 -0.02716
v 0.30661 -0.15449 -0.01667
v 0.29891 -0.13426 -0.02685
v 0.29297 -0.13561 -0.03793
v 0.29269 -0.11034 -0.03024
v 0.29261 -0.17736 -0.06320
v 0.28587 -0.11044 -0.04078
v 0.32500 -0.26647 -0.03012
v 0.28695 -0.09002 -0.03531
v 0.27992 -0.08233 -0.04465
v 0.28404 -0.06879 -0.03608
v 0.27537 -0.06207 -0.04797
v 0.29128 -0.08639 -0.02390
v 0.28541 -0.04744 -0.02311
v 0.28050 -0.04605 -0.03668
v 0.27208 -0.03736 -0.04845
v 0.27281 -0.02054 -0.04300
v 0.27998 -0.02516 -0.02765
v 0.27275 -0.00586 -0.03751
v 0.26651 -0.01055 -0.05042
v 0.26656 0.00993 -0.04518
v 0.28349 -0.14099 -0.05461
v 0.28042 -0.11958 -0.04874
v 0.36435 -0.39649 -0.00467
v 0.35010 -0.34243 -0.01299
v 0.35363 -0.36170 -0.01171
v 0.37160 -0.42788 0.00009
v 0.29932 -0.20650 -0.06056
v 0.29445 -0.19766 -0.06650
v 0.37364 -0.45734 0.00147
v 0.37922 -0.47775 0.00695
v 0.30187 -0.22248 -0.05435
v 0.30311 -0.23509 -0.05000
v 0.37300 -0.45595 0.13109
v 0.35830 -0.43732 0.13179
v 0.36888 -0.43354 0.12784
v 0.35631 -0.41806 0.12892
v 0.36312 -0.40357 0.12209
v 0.34687 -0.38645 0.12441
v 0.35477 -0.37859 0.11927
v 0.34519 -0.36181 0.11761
v 0.33859 -0.35906 0.11895
v 0.33637 -0.33590 0.11115
v 0.34822 -0.34603 0.11012
v 0.35357 -0.36369 0.11391
v 0.34281 -0.32106 0.10156
v 0.32900 -0.30886 0.10239
v 0.33010 -0.29547 0.09659
v 0.33929 -0.29778 0.09140
v 0.32490 -0.27443 0.08854
v 0.37578 -0.44880 0.12695
v 0.36199 -0.38583 0.11608
v 0.33039 -0.27325 0.08379
v 0.31775 -0.25731 0.08314
v 0.32015 -0.24618 0.07464
v 0.30970 -0.23538 0.07432
v 0.31496 -0.22620 0.06495
v 0.30479 -0.21126 0.06224
v 0.36111 -0.36666 0.10785
v 0.35368 -0.34046 0.10139
v 0.34700 -0.31270 0.09202
v 0.31971 -0.21653 0.05325
v 0.30290 -0.19112 0.05175
v 0.29446 -0.19618 0.06034
v 0.28479 -0.17441 0.05755
v 0.29721 -0.16854 0.04450
v 0.31236 -0.17537 0.03374
v 0.29790 -0.21771 0.06726
v 0.32287 -0.20464 0.04104
v 0.37463 -0.42648 0.11965
v 0.32994 -0.24884 0.06564
v 0.38202 -0.47244 0.12756
v 0.34434 -0.29219 0.07903
v 0.37588 -0.47412 0.13190
v 0.33713 -0.27857 0.07989
v 0.33091 -0.22163 0.04058
v 0.33163 -0.23514 0.05266
v 0.36725 -0.38719 0.11006
v 0.37282 -0.40903 0.11365
v 0.38239 -0.45063 0.12058
v 0.38751 -0.47174 0.12135
v 0.26975 0.01001 0.02546
v 0.27616 0.00210 0.01075
v 0.27952 0.00323 -0.00712
v 0.28209 -0.01266 -0.00183
v 0.28336 -0.03199 0.00971
v 0.28463 -0.02512 -0.00642
v 0.28713 -0.04180 0.00184
v 0.28971 -0.06389 0.00841
v 0.26553 0.00491 0.04651
v 0.27640 -0.01190 0.01749
v 0.27002 -0.01115 0.03182
v 0.29044 -0.06324 -0.00884
v 0.29324 -0.07915 0.00502
v 0.29106 -0.08282 0.01497
v 0.29743 -0.10133 0.01139
v 0.29737 -0.09983 0.00355
v 0.30250 -0.12510 0.01526
v 0.30234 -0.12275 0.00071
v 0.30653 -0.13953 0.00902
v 0.30677 -0.14417 0.01928
v 0.31090 -0.15705 0.01289
v 0.31367 -0.16848 0.02587
v 0.31721 -0.17711 0.01991
v 0.32256 -0.19512 0.03229
v 0.32342 -0.19609 0.02341
v 0.33000 -0.21612 0.02989
v 0.34342 -0.26079 0.04623
v 0.33875 -0.24662 0.04757
v 0.33632 -0.23645 0.03477
v 0.34129 -0.25291 0.03442
v 0.34949 -0.27905 0.03789
v 0.34976 -0.28393 0.05298
v 0.35680 -0.30031 0.04322
v 0.35514 -0.30181 0.05596
v 0.36345 -0.32084 0.04779
v 0.36213 -0.32543 0.05963
v 0.29579 -0.09545 -0.00919
v 0.31104 -0.16106 -0.00390
v 0.32033 -0.18861 0.01087
v 0.37073 -0.34430 0.05205
v 0.36753 -0.33306 0.04223
v 0.37202 -0.34992 0.03574
v 0.37830 -0.36901 0.05478
v 0.37987 -0.37425 0.04502
v 0.38430 -0.39330 0.04654
v 0.38494 -0.39718 0.06090
v 0.38970 -0.41792 0.05684
v 0.38449 -0.40379 0.07286
v 0.39146 -0.43167 0.06705
v 0.38856 -0.42877 0.08122
v 0.39358 -0.45061 0.07511
v 0.39591 -0.47957 0.09186
v 0.39010 -0.46173 0.10925
v 0.39087 -0.45243 0.09363
v 0.39527 -0.45287 0.06082
v 0.39303 -0.44234 0.04903
v 0.38886 -0.42101 0.04310
v 0.38617 -0.44029 0.10266
v 0.39709 -0.47886 0.06685
v 0.32941 -0.22133 0.01436
v 0.37834 -0.38060 0.06948
v 0.36959 -0.35102 0.06414
v 0.30311 -0.13533 -0.01341
v 0.36029 -0.31686 0.03107
v 0.29927 -0.11794 -0.01525
v 0.39686 -0.47406 0.04834
v 0.31921 -0.19080 0.00004
v 0.32371 -0.21022 0.00094
v 0.28087 -0.01126 -0.01573
v 0.28459 -0.03252 -0.01493
v 0.37283 -0.35848 0.02670
v 0.33525 -0.24740 0.01282
v 0.37908 -0.40898 0.09319
v 0.34069 -0.26627 0.06124
v 0.38004 -0.43218 0.11337
v 0.36866 -0.37739 0.09305
v 0.37364 -0.38349 0.08180
v 0.36839 -0.36217 0.07527
v 0.36014 -0.34168 0.08125
v 0.36084 -0.33955 0.07334
v 0.35470 -0.31892 0.07347
v 0.34966 -0.29885 0.06912
v 0.35246 -0.31796 0.08441
v 0.36304 -0.36244 0.09873
v 0.35787 -0.34003 0.09151
v 0.26391 -0.02158 0.05836
v 0.26058 0.01185 0.06397
v 0.26854 -0.04033 0.04630
v 0.27394 -0.03060 0.02787
v 0.28238 -0.06167 0.02204
v 0.27326 -0.05792 0.03794
v 0.26593 -0.05052 0.05664
v 0.29454 -0.10824 0.02009
v 0.29991 -0.13475 0.02494
v 0.30520 -0.15440 0.02827
v 0.26712 -0.07111 0.05396
v 0.27433 -0.08619 0.04120
v 0.27066 -0.09713 0.05067
v 0.29128 -0.08639 -0.02390
v 0.28541 -0.04744 -0.02311
v 0.37920 -0.38696 0.02625
v 0.38421 -0.41014 0.02949
v 0.34679 -0.28364 0.01823
v 0.36376 -0.33795 0.01412
v 0.35361 -0.30982 0.01008
v 0.33999 -0.26890 0.00758
v 0.27588 0.00142 -0.02549
v 0.34054 -0.28233 -0.00744
v 0.33408 -0.26417 -0.01224
v 0.34751 -0.30172 -0.00375
v 0.32521 -0.23795 -0.01855
v 0.30661 -0.15449 -0.01667
v 0.32635 -0.23290 -0.00841
v 0.31625 -0.21366 -0.02707
v 0.31564 -0.19841 -0.01810
v 0.27998 -0.02516 -0.02765
v 0.30909 -0.18239 -0.02716
v 0.30591 -0.19399 -0.04620
v 0.35413 -0.32077 -0.00048
v 0.37271 -0.37235 0.01504
v 0.29891 -0.13426 -0.02685
v 0.27275 -0.00586 -0.03751
v 0.29269 -0.11034 -0.03024
v 0.30150 -0.17580 -0.04347
v 0.28050 -0.04605 -0.03668
v 0.27634 -0.13514 0.05336
v 0.27380 -0.15029 0.05423
v 0.27076 -0.12740 0.05528
v 0.27199 -0.11331 0.05290
v 0.26523 -0.10027 0.05708
v 0.28155 -0.12574 0.04472
v 0.28815 -0.15590 0.04810
v 0.28060 -0.15478 0.05423
v 0.29461 -0.14396 0.03503
v 0.28868 -0.12291 0.03220
v 0.28276 -0.09788 0.03071
v 0.26111 -0.07807 0.06150
v 0.25905 -0.03320 0.06740
v 0.25799 -0.00314 0.07018
v 0.23770 0.00372 0.08146
v 0.24867 0.00800 0.07594
v 0.24644 -0.01873 0.07725
v 0.25334 -0.00874 0.07378
v 0.25248 -0.04161 0.07179
v 0.38656 -0.48027 0.13127
v 0.37859 -0.46516 0.13515
v 0.38152 -0.45238 0.12913
v 0.37108 -0.43598 0.13309
v 0.37234 -0.41523 0.12449
v 0.36441 -0.40587 0.12828
v 0.36534 -0.38908 0.12097
v 0.35758 -0.37679 0.12263
v 0.38945 -0.46480 0.12442
v 0.36148 -0.36584 0.11418
v 0.35159 -0.35095 0.11613
v 0.35664 -0.34609 0.10885
v 0.34890 -0.33216 0.10887
v 0.38412 -0.43860 0.12036
v 0.37405 -0.40028 0.11655
v 0.36827 -0.37716 0.11226
v 0.36305 -0.35740 0.10811
v 0.24168 -0.14045 0.09898
v 0.24262 -0.13273 0.09556
v 0.24092 -0.13723 0.10132
v 0.24228 -0.12768 0.09715
v 0.24218 -0.10098 0.09378
v 0.24215 -0.12152 0.09120
v 0.24149 -0.10234 0.09028
v 0.24041 -0.08661 0.08927
v 0.23936 -0.07004 0.09306
v 0.23943 -0.07143 0.09023
v 0.23792 -0.04167 0.09317
v 0.23904 -0.04803 0.09033
v 0.23989 -0.02356 0.08987
v 0.23949 -0.03065 0.08729
v 0.24016 -0.02199 0.08515
v 0.24151 -0.00776 0.08600
v 0.23577 -0.00450 0.09530
v 0.23834 0.00974 0.08999
v 0.23218 -0.02310 0.10152
v 0.23046 -0.00259 0.10260
v 0.23030 -0.04664 0.10351
v 0.23570 -0.08419 0.09925
v 0.23288 -0.06779 0.10050
v 0.23624 -0.10260 0.10021
v 0.23826 -0.12238 0.10002
v 0.23379 -0.11314 0.10574
v 0.23136 -0.09221 0.10599
v 0.23613 -0.13308 0.10554
v 0.22614 0.00876 0.10579
v 0.22718 -0.02235 0.10603
v 0.22452 -0.04263 0.10901
v 0.22554 -0.08162 0.10814
v 0.22486 -0.05904 0.10788
v 0.26082 0.00596 0.07382
v 0.26584 -0.01179 0.06548
v 0.26124 -0.01153 0.07339
v 0.26581 -0.03205 0.06591
v 0.26196 -0.04027 0.07096
v 0.26817 -0.07417 0.06092
v 0.26840 -0.05781 0.06125
v 0.26348 -0.06491 0.06778
v 0.26587 -0.09234 0.06245
v 0.27352 -0.09262 0.05398
v 0.27145 -0.10320 0.05806
v 0.27014 -0.11371 0.06043
v 0.27903 -0.12388 0.05476
v 0.27827 -0.14429 0.05863
v 0.28858 -0.14162 0.04945
v 0.28292 -0.11384 0.04606
v 0.29231 -0.12639 0.03750
v 0.27410 -0.07292 0.05043
v 0.28111 -0.09548 0.04127
v 0.25452 -0.00391 0.07831
v 0.29185 -0.10892 0.03051
v 0.28566 -0.08523 0.03047
v 0.29895 -0.10455 0.02071
v 0.29374 -0.07860 0.01813
v 0.28091 -0.07042 0.03540
v 0.27751 -0.05344 0.03870
v 0.28714 -0.05380 0.02101
v 0.28046 -0.02724 0.02435
v 0.27626 -0.03639 0.03519
v 0.27263 -0.05120 0.05180
v 0.30352 -0.12973 0.02604
v 0.29900 -0.14550 0.03813
v 0.28828 -0.03142 0.00980
v 0.28207 -0.00145 0.00996
v 0.29914 -0.16589 0.04840
v 0.29065 -0.16572 0.05621
v 0.30727 -0.15008 0.03138
v 0.28205 -0.15972 0.05978
v 0.25263 -0.03102 0.07811
v 0.25674 -0.04943 0.07367
v 0.24880 -0.01385 0.08174
v 0.30081 -0.18816 0.05836
v 0.30978 -0.17394 0.04245
v 0.31667 -0.17361 0.03537
v 0.31735 -0.19342 0.04724
v 0.32564 -0.20050 0.04266
v 0.28983 -0.18068 0.06265
v 0.33011 -0.22411 0.05496
v 0.31460 -0.20834 0.05924
v 0.29558 -0.19832 0.06532
v 0.31867 -0.22440 0.06723
v 0.33056 -0.24217 0.06814
v 0.32601 -0.24743 0.07741
v 0.33670 -0.26683 0.07977
v 0.32921 -0.26662 0.08714
v 0.34250 -0.28764 0.08885
v 0.33254 -0.28352 0.09480
v 0.34788 -0.30992 0.09763
v 0.34079 -0.31313 0.10498
v 0.35574 -0.32668 0.09754
v 0.23715 -0.05234 0.08720
v 0.23651 -0.07108 0.08646
v 0.33367 -0.30136 0.10335
v 0.30721 -0.21654 0.07023
v 0.30924 -0.23252 0.07834
v 0.31613 -0.23942 0.07961
v 0.31951 -0.25917 0.08862
v 0.23904 -0.04803 0.09033
v 0.23715 -0.05234 0.08720
v 0.23949 -0.03065 0.08729
v 0.23752 -0.03405 0.08507
v 0.23864 -0.02911 0.08324
v 0.24016 -0.02199 0.08515
v 0.26602 0.01210 -0.05479
v 0.26205 -0.00666 -0.06108
v 0.26920 -0.00686 -0.05422
v 0.27369 -0.01975 -0.05138
v 0.27118 -0.02958 -0.05535
v 0.27630 -0.02670 -0.05030
v 0.26376 -0.03549 -0.06203
v 0.27671 -0.05382 -0.05249
v 0.27263 -0.06633 -0.05734
v 0.28064 -0.04345 -0.04532
v 0.28379 -0.07132 -0.04571
v 0.28118 -0.09206 -0.05091
v 0.29170 -0.09732 -0.03786
v 0.29371 -0.11935 -0.04021
v 0.29189 -0.07427 -0.03134
v 0.29836 -0.09967 -0.02408
v 0.28229 -0.11873 -0.05314
v 0.29032 -0.13779 -0.05158
v 0.27302 -0.12469 -0.06516
v 0.28111 -0.14679 -0.06780
v 0.29391 -0.16786 -0.06445
v 0.29158 -0.17799 -0.07164
v 0.26648 -0.10637 -0.06393
v 0.30013 -0.12631 -0.03181
v 0.27255 -0.14842 -0.07373
v 0.30150 -0.18818 -0.06345
v 0.30401 -0.17970 -0.05349
v 0.31183 -0.20109 -0.04754
v 0.29571 -0.19312 -0.07121
v 0.28751 -0.18803 -0.07665
v 0.29978 -0.20718 -0.06670
v 0.30898 -0.21060 -0.05459
v 0.27117 -0.00570 -0.05370
v 0.28122 -0.16934 -0.07614
v 0.27908 -0.03212 -0.04642
v 0.28516 -0.04530 -0.04025
v 0.28745 -0.05474 -0.03652
v 0.29056 -0.05767 -0.03094
v 0.28972 -0.05293 -0.03200
v 0.28952 -0.04965 -0.03701
v 0.29951 -0.15399 -0.04457
v 0.30639 -0.15712 -0.03212
v 0.30454 -0.22698 -0.05696
v 0.31230 -0.23341 -0.04746
v 0.30635 -0.24648 -0.05181
v 0.31799 -0.24602 -0.04177
v 0.31971 -0.26563 -0.04159
v 0.32788 -0.26060 -0.03286
v 0.32359 -0.23626 -0.03205
v 0.33203 -0.25390 -0.02351
v 0.33431 -0.28093 -0.02869
v 0.32545 -0.28827 -0.03726
v 0.33882 -0.30559 -0.02668
v 0.34577 -0.30029 -0.01727
v 0.32581 -0.22828 -0.02374
v 0.33949 -0.26572 -0.01216
v 0.33650 -0.27279 -0.02315
v 0.35427 -0.32824 -0.01291
v 0.34545 -0.33457 -0.02243
v 0.35704 -0.34594 -0.01325
v 0.35664 -0.36600 -0.01557
v 0.36597 -0.35457 -0.00201
v 0.36512 -0.33925 0.00257
v 0.37533 -0.36629 0.01235
v 0.37297 -0.38004 0.00181
v 0.37970 -0.39095 0.01129
v 0.37914 -0.40316 0.00634
v 0.36897 -0.38768 -0.00544
v 0.37212 -0.40759 -0.00455
v 0.36500 -0.39696 -0.01079
v 0.36362 -0.42184 -0.01222
v 0.37189 -0.42800 -0.00621
v 0.37780 -0.42153 0.00121
v 0.38486 -0.40455 0.01779
v 0.36317 -0.36595 -0.00909
v 0.35646 -0.31812 -0.00541
v 0.35145 -0.29825 -0.00333
v 0.38534 -0.41992 0.01426
v 0.37611 -0.44741 -0.00235
v 0.36795 -0.45097 -0.00866
v 0.37355 -0.46932 -0.00416
v 0.38359 -0.48068 0.00496
v 0.38433 -0.45390 0.00677
v 0.38532 -0.43551 0.01084
v 0.31689 -0.22607 -0.04064
v 0.31814 -0.20629 -0.03147
v 0.33949 -0.26572 -0.01216
v 0.34577 -0.30029 -0.01727
v 0.33650 -0.27279 -0.02315
v 0.35145 -0.29825 -0.00333
v 0.36500 -0.39696 -0.01079
v 0.35664 -0.36600 -0.01557
v 0.36317 -0.36595 -0.00909
v 0.36378 -0.47802 -0.00715
v 0.36795 -0.45097 -0.00866
v 0.37355 -0.46932 -0.00416
v 0.35935 -0.44527 -0.01261
v 0.36362 -0.42184 -0.01222
v 0.35390 -0.42203 -0.01631
v 0.35448 -0.39366 -0.01773
v 0.36500 -0.39696 -0.01079
v 0.35664 -0.36600 -0.01557
v 0.34843 -0.36991 -0.02079
v 0.34575 -0.39700 -0.02021
v 0.34545 -0.33457 -0.02243
v 0.34060 -0.34471 -0.02493
v 0.32975 -0.31206 -0.03258
v 0.33882 -0.30559 -0.02668
v 0.32545 -0.28827 -0.03726
v 0.31664 -0.28807 -0.04190
v 0.31891 -0.31133 -0.03642
v 0.30481 -0.28364 -0.04660
v 0.30431 -0.26679 -0.05040
v 0.29077 -0.25652 -0.05673
v 0.29729 -0.24665 -0.05694
v 0.30635 -0.24648 -0.05181
v 0.30454 -0.22698 -0.05696
v 0.29020 -0.23416 -0.06398
v 0.32458 -0.32652 -0.03175
v 0.31971 -0.26563 -0.04159
v 0.33833 -0.36751 -0.02403
v 0.27895 -0.23718 -0.06570
v 0.28273 -0.22136 -0.07204
v 0.32925 -0.34223 -0.02815
v 0.29505 -0.21744 -0.06784
v 0.29978 -0.20718 -0.06670
v 0.28915 -0.19935 -0.07536
v 0.29571 -0.19312 -0.07121
v 0.28751 -0.18803 -0.07665
v 0.27452 -0.18998 -0.08070
v 0.28122 -0.16934 -0.07614
v 0.26671 -0.17621 -0.08105
v 0.26716 -0.15855 -0.07798
v 0.27255 -0.14842 -0.07373
v 0.26302 -0.13137 -0.07206
v 0.27302 -0.12469 -0.06516
v 0.26172 -0.11440 -0.06775
v 0.26648 -0.10637 -0.06393
v 0.25640 -0.09246 -0.06679
v 0.27029 -0.09222 -0.05998
v 0.28118 -0.09206 -0.05091
v 0.27263 -0.06633 -0.05734
v 0.26458 -0.07580 -0.06211
v 0.28229 -0.11873 -0.05314
v 0.27948 -0.20707 -0.07759
v 0.26238 -0.05447 -0.06341
v 0.26376 -0.03549 -0.06203
v 0.25071 -0.05539 -0.06737
v 0.24310 -0.07953 -0.06962
v 0.23465 -0.04835 -0.07318
v 0.22599 -0.06165 -0.07711
v 0.22560 -0.08212 -0.07538
v 0.23150 -0.10698 -0.07137
v 0.21812 -0.03641 -0.08040
v 0.23128 -0.02224 -0.07503
v 0.21505 -0.00451 -0.08236
v 0.23295 -0.00542 -0.07486
v 0.25254 -0.00437 -0.06738
v 0.25063 -0.02690 -0.06812
v 0.26376 -0.03549 -0.06203
v 0.25254 -0.00437 -0.06738
v 0.26205 -0.00666 -0.06108
v 0.25063 -0.02690 -0.06812
v 0.29863 -0.47162 0.11438
v 0.30373 -0.46329 0.12210
v 0.29576 -0.44672 0.11572
v 0.30006 -0.43607 0.12120
v 0.29077 -0.42588 0.11213
v 0.29566 -0.41244 0.11759
v 0.28577 -0.40945 0.10727
v 0.29684 -0.31406 0.10041
v 0.29074 -0.33320 0.10259
v 0.28183 -0.29781 0.09011
v 0.29882 -0.29468 0.09521
v 0.29057 -0.27742 0.08673
v 0.30752 -0.34268 0.11042
v 0.29501 -0.36571 0.11069
v 0.30446 -0.38028 0.11664
v 0.28693 -0.34932 0.10382
v 0.29042 -0.38773 0.11155
v 0.30020 -0.40262 0.11879
v 0.27471 -0.28102 0.08041
v 0.27840 -0.26318 0.07683
v 0.28613 -0.36932 0.10589
v 0.27894 -0.32666 0.09375
v 0.28746 -0.26174 0.07987
v 0.30958 -0.42650 0.12382
v 0.31178 -0.45256 0.12583
v 0.31095 -0.47724 0.12591
v 0.27446 -0.30251 0.08556
v 0.26957 -0.26576 0.07073
v 0.27605 -0.25295 0.07137
v 0.27839 -0.35579 0.09697
v 0.26827 -0.28990 0.07650
v 0.28120 -0.38391 0.10215
v 0.30474 -0.26393 0.08566
v 0.29135 -0.25157 0.07627
v 0.30165 -0.24837 0.07985
v 0.29116 -0.24072 0.07020
v 0.28383 -0.24459 0.06803
v 0.27672 -0.24295 0.06284
v 0.29611 -0.23138 0.07231
v 0.28238 -0.23594 0.06113
v 0.28828 -0.22789 0.06457
v 0.29181 -0.21332 0.06540
v 0.28671 -0.21440 0.06200
v 0.28508 -0.20171 0.06123
v 0.27745 -0.20332 0.05515
v 0.27164 -0.18595 0.05367
v 0.28143 -0.18521 0.05938
v 0.27308 -0.16462 0.05403
v 0.26039 -0.17860 0.04699
v 0.26082 -0.20002 0.04245
v 0.26922 -0.20521 0.04630
v 0.27054 -0.32123 0.08333
v 0.27186 -0.25142 0.06542
v 0.27641 -0.23436 0.05265
v 0.27514 -0.22534 0.04728
v 0.26691 -0.23389 0.04063
v 0.26478 -0.22533 0.03842
v 0.25986 -0.23929 0.03811
v 0.25258 -0.23479 0.03470
v 0.25148 -0.25221 0.03743
v 0.26144 -0.24648 0.04282
v 0.25656 -0.26732 0.04272
v 0.24641 -0.26169 0.03592
v 0.26665 -0.21673 0.04042
v 0.26431 -0.27555 0.06551
v 0.26123 -0.25888 0.04693
v 0.25957 -0.27409 0.04966
v 0.26710 -0.24825 0.05245
v 0.26499 -0.26052 0.05979
v 0.27664 -0.21685 0.05058
v 0.23891 -0.24416 0.03298
v 0.14625 0.00589 0.05615
v 0.15530 -0.00270 0.06513
v 0.15190 -0.00781 0.05255
v 0.15838 -0.01903 0.05620
v 0.16453 -0.02755 0.06163
v 0.16623 -0.03875 0.05439
v 0.17260 -0.04880 0.05859
v 0.16212 -0.03545 0.04700
v 0.17397 -0.06367 0.04574
v 0.16979 -0.05669 0.03858
v 0.17560 -0.07182 0.04013
v 0.18135 -0.07880 0.04635
v 0.18143 -0.08706 0.03687
v 0.17758 -0.06456 0.05336
v 0.19161 -0.10590 0.03933
v 0.19043 -0.11260 0.02996
v 0.19753 -0.12975 0.02945
v 0.18910 -0.09069 0.04941
v 0.20147 -0.11376 0.04621
v 0.20698 -0.14474 0.03387
v 0.20353 -0.15356 0.02408
v 0.21258 -0.16929 0.02865
v 0.20636 -0.16751 0.01973
v 0.21404 -0.19133 0.02144
v 0.17007 -0.03012 0.06665
v 0.18590 -0.06789 0.06070
v 0.22194 -0.18411 0.03458
v 0.21610 -0.15916 0.03736
v 0.22271 -0.20233 0.02976
v 0.21813 -0.21572 0.01698
v 0.22721 -0.23107 0.02636
v 0.22490 -0.23798 0.02123
v 0.17645 -0.04499 0.06496
v 0.21086 -0.13138 0.04462
v 0.19549 -0.08768 0.05714
v 0.16484 -0.00717 0.07211
v 0.23694 -0.25437 0.02975
v 0.17646 -0.03056 0.07228
v 0.18439 -0.05164 0.06835
v 0.23120 -0.25689 0.02309
v 0.23895 -0.26708 0.02762
v 0.23420 -0.26809 0.01981
v 0.24257 -0.28175 0.02357
v 0.24922 -0.28284 0.03211
v 0.25521 -0.29913 0.03059
v 0.25606 -0.28549 0.04051
v 0.25366 -0.27592 0.03938
v 0.25957 -0.27409 0.04966
v 0.22885 -0.20451 0.03487
v 0.23127 -0.22650 0.03264
v 0.23891 -0.24416 0.03298
v 0.24641 -0.26169 0.03592
v 0.19131 -0.07063 0.06347
v 0.20712 -0.10678 0.05398
v 0.25656 -0.26732 0.04272
v 0.22266 -0.15365 0.04380
v 0.22795 -0.17147 0.04069
v 0.21754 -0.12987 0.04939
v 0.16733 0.00663 0.07922
v 0.17665 -0.01927 0.07550
v 0.30699 -0.45693 0.12937
v 0.30972 -0.43483 0.12934
v 0.29979 -0.44777 0.12636
v 0.30036 -0.42017 0.12555
v 0.30654 -0.47642 0.12909
v 0.31773 -0.47107 0.13216
v 0.31941 -0.45311 0.13170
v 0.29181 -0.41912 0.12059
v 0.29196 -0.40285 0.12028
v 0.29539 -0.25131 0.08321
v 0.28533 -0.25761 0.08244
v 0.29796 -0.27001 0.09106
v 0.28538 -0.27982 0.09096
v 0.30447 -0.29127 0.10031
v 0.30266 -0.30773 0.10527
v 0.30827 -0.27128 0.09385
v 0.30048 -0.24594 0.08383
v 0.31951 -0.25917 0.08862
v 0.30924 -0.23252 0.07834
v 0.30838 -0.24895 0.08543
v 0.31837 -0.28408 0.09896
v 0.29286 -0.21655 0.07164
v 0.29792 -0.21159 0.06976
v 0.29424 -0.22877 0.07634
v 0.28745 -0.20116 0.06663
v 0.29558 -0.19832 0.06532
v 0.31963 -0.30139 0.10568
v 0.32007 -0.32038 0.11191
v 0.33179 -0.32320 0.11270
v 0.32665 -0.34054 0.11834
v 0.33738 -0.34783 0.12033
v 0.32951 -0.36593 0.12467
v 0.34247 -0.37326 0.12710
v 0.31597 -0.34384 0.11765
v 0.30721 -0.21654 0.07023
v 0.33367 -0.30136 0.10335
v 0.28177 -0.18326 0.06410
v 0.28983 -0.18068 0.06265
v 0.28205 -0.15972 0.05978
v 0.27612 -0.16648 0.06045
v 0.27016 -0.15515 0.05826
v 0.33254 -0.28352 0.09480
v 0.35159 -0.35095 0.11613
v 0.34160 -0.33586 0.11452
v 0.34816 -0.36729 0.12345
v 0.34079 -0.31313 0.10498
v 0.35758 -0.37679 0.12263
v 0.35395 -0.39599 0.12964
v 0.36441 -0.40587 0.12828
v 0.34890 -0.33216 0.10887
v 0.35525 -0.42005 0.13441
v 0.37108 -0.43598 0.13309
v 0.34747 -0.39784 0.13191
v 0.36747 -0.44839 0.13619
v 0.37859 -0.46516 0.13515
v 0.33988 -0.39439 0.13100
v 0.32259 -0.39343 0.12789
v 0.33939 -0.41192 0.13289
v 0.31593 -0.41160 0.12844
v 0.30622 -0.37477 0.12110
v 0.30651 -0.35317 0.11721
v 0.30479 -0.39791 0.12445
v 0.30120 -0.32902 0.11051
v 0.34393 -0.43905 0.13493
v 0.32122 -0.43271 0.13061
v 0.35605 -0.43909 0.13697
v 0.35447 -0.46145 0.13675
v 0.36223 -0.46896 0.13806
v 0.33342 -0.44813 0.13232
v 0.32672 -0.47246 0.13212
v 0.34309 -0.46524 0.13304
v 0.37303 -0.47614 0.13717
v 0.19291 -0.08171 0.06499
v 0.19525 -0.07326 0.06829
v 0.18498 -0.06624 0.06762
v 0.18358 -0.05233 0.07322
v 0.19583 -0.05107 0.07502
v 0.20694 -0.07997 0.06722
v 0.20186 -0.10022 0.06000
v 0.21271 -0.09989 0.06126
v 0.17663 -0.03110 0.07780
v 0.18958 -0.02448 0.08115
v 0.21520 -0.11469 0.05779
v 0.20873 -0.11680 0.05605
v 0.22460 -0.13236 0.05477
v 0.21631 -0.13288 0.05330
v 0.22327 -0.15825 0.04804
v 0.23328 -0.15137 0.05122
v 0.23605 -0.16867 0.04764
v 0.22423 -0.17961 0.04230
v 0.23391 -0.12207 0.05733
v 0.24440 -0.14613 0.05314
v 0.24990 -0.13048 0.05765
v 0.21130 -0.03766 0.07848
v 0.24609 -0.11199 0.06046
v 0.26178 -0.12137 0.06077
v 0.17116 -0.01174 0.08067
v 0.20515 -0.02293 0.08147
v 0.22420 -0.01686 0.08392
v 0.23373 -0.03946 0.07982
v 0.21858 -0.06019 0.07192
v 0.23933 -0.07112 0.07038
v 0.24280 -0.05490 0.07541
v 0.22786 -0.08630 0.06394
v 0.24270 -0.03906 0.07972
v 0.23509 -0.10372 0.06040
v 0.24806 -0.09376 0.06499
v 0.25851 -0.10201 0.06326
v 0.25489 -0.08470 0.06678
v 0.19250 -0.00772 0.08409
v 0.17306 0.00184 0.08432
v 0.25660 -0.06750 0.07016
v 0.23864 -0.02911 0.08324
v 0.23565 -0.02928 0.08278
v 0.23194 -0.02726 0.08329
v 0.26432 -0.14195 0.05798
v 0.27827 -0.14429 0.05863
v 0.25427 -0.16810 0.05097
v 0.24315 -0.18316 0.04579
v 0.20881 -0.00445 0.08393
v 0.21690 0.00455 0.08636
v 0.22736 -0.19954 0.03994
v 0.23463 -0.20315 0.04056
v 0.25105 -0.21113 0.04114
v 0.23985 -0.22648 0.03823
v 0.25236 -0.22548 0.03936
v 0.23076 -0.22116 0.03837
v 0.23346 -0.23965 0.03687
v 0.22666 0.00091 0.08825
v 0.22928 -0.01664 0.08526
v 0.25727 -0.19429 0.04759
v 0.26317 -0.21357 0.04453
v 0.27016 -0.15515 0.05826
v 0.16476 0.00386 0.08250
v 0.24246 -0.24695 0.03852
v 0.27014 -0.11371 0.06043
v 0.23915 -0.25605 0.03745
v 0.25226 -0.23857 0.03963
v 0.28205 -0.15972 0.05978
v 0.25674 -0.04943 0.07367
v 0.26545 -0.22375 0.04396
v 0.26587 -0.09234 0.06245
v 0.25263 -0.03102 0.07811
v 0.24298 -0.02517 0.08263
v 0.24880 -0.01385 0.08174
v 0.26348 -0.06491 0.06778
v 0.24151 -0.00776 0.08600
v 0.24016 -0.02199 0.08515
v 0.28436 0.00806 0.05029
v 0.27905 0.00741 0.04797
v 0.28858 -0.02030 0.05293
v 0.28928 -0.00747 0.05418
v 0.29561 -0.03180 0.05695
v 0.29607 -0.04283 0.05837
v 0.30203 -0.05423 0.06317
v 0.30321 -0.04894 0.06430
v 0.30559 -0.05620 0.06824
v 0.30231 -0.06096 0.06648
v 0.29946 -0.05763 0.06310
v 0.29530 -0.05134 0.06176
v 0.28763 -0.02754 0.05427
v 0.29579 -0.02851 0.05911
v 0.28142 -0.00888 0.05144
v 0.29697 -0.06204 0.06641
v 0.29861 -0.06403 0.06935
v 0.30231 -0.06096 0.06648
v 0.30559 -0.05620 0.06824
v 0.30292 -0.06051 0.07133
v 0.29861 -0.06403 0.06935
v 0.26841 0.00729 0.07511
v 0.26984 0.00102 0.07082
v 0.27608 -0.02296 0.07562
v 0.27873 -0.02467 0.07798
v 0.28468 -0.04219 0.07758
v 0.29194 -0.05725 0.06908
v 0.29016 -0.05393 0.07324
v 0.28563 -0.04500 0.06972
v 0.28234 -0.04030 0.07422
v 0.29567 -0.06294 0.07012
v 0.28468 -0.04219 0.07758
v 0.27608 -0.02296 0.07562
v 0.29732 -0.06247 0.07363
v 0.29758 -0.05320 0.06969
v 0.29469 -0.04975 0.07022
v 0.29762 -0.05566 0.06953
v 0.29758 -0.05320 0.06969
v 0.29762 -0.05566 0.06953
v 0.29469 -0.04975 0.07022
v 0.27547 -0.00784 -0.05805
v 0.27284 -0.00958 -0.05537
v 0.26899 0.00872 -0.05721
v 0.27573 -0.01585 -0.05591
v 0.27369 -0.01975 -0.05138
v 0.27630 -0.02670 -0.05030
v 0.27117 -0.00570 -0.05370
v 0.23380 -0.05656 0.08540
v 0.23567 -0.03588 0.08398
v 0.23752 -0.03405 0.08507
v 0.23715 -0.05234 0.08720
v 0.23565 -0.02928 0.08278
v 0.23651 -0.07108 0.08646
v 0.23864 -0.02911 0.08324
v 0.24168 -0.14045 0.09898
v 0.23814 -0.13364 0.09355
v 0.24262 -0.13273 0.09556
v 0.23938 -0.12149 0.08988
v 0.24215 -0.12152 0.09120
v 0.23771 -0.14195 0.09838
v 0.23252 -0.13823 0.09558
v 0.23342 -0.12681 0.09108
v 0.23228 -0.14363 0.10022
v 0.24041 -0.08661 0.08927
v 0.23698 -0.08743 0.08756
v 0.23651 -0.07108 0.08646
v 0.24149 -0.10234 0.09028
v 0.23680 -0.10300 0.08991
v 0.23241 -0.08197 0.08861
v 0.23380 -0.05656 0.08540
v 0.23079 -0.10338 0.09189
v 0.22625 -0.08127 0.09438
v 0.22564 -0.05212 0.09235
v 0.21884 -0.06820 0.10046
v 0.23187 -0.04733 0.08576
v 0.22963 -0.02460 0.08693
v 0.22061 -0.02351 0.09567
v 0.22540 -0.00140 0.09076
v 0.21708 -0.05614 0.10181
v 0.21841 -0.03591 0.09924
v 0.21944 0.01279 0.09728
v 0.22712 -0.10185 0.09641
v 0.22982 -0.11588 0.09286
v 0.21918 -0.00915 0.09771
v 0.22271 -0.08796 0.10099
v 0.22666 0.00091 0.08825
v 0.22890 -0.13019 0.09726
v 0.22953 -0.14205 0.10137
v 0.22574 -0.10896 0.10136
v 0.21812 -0.07254 0.10362
v 0.23567 -0.03588 0.08398
v 0.22928 -0.01664 0.08526
v 0.23194 -0.02726 0.08329
v 0.23565 -0.02928 0.08278
v 0.23771 -0.14195 0.09838
v 0.23613 -0.14230 0.10258
v 0.23228 -0.14363 0.10022
v 0.24168 -0.14045 0.09898
v 0.23051 -0.14249 0.10484
v 0.22953 -0.14205 0.10137
v 0.22614 0.00876 0.10579
v 0.22330 -0.00420 0.10658
v 0.25084 0.00471 0.11028
v 0.25462 -0.00090 0.11101
v 0.25020 -0.01275 0.11194
v 0.25550 -0.01352 0.11203
v 0.25083 -0.02373 0.11430
v 0.24776 -0.02465 0.11306
v 0.25546 -0.03061 0.11473
v 0.22718 -0.02235 0.10603
v 0.22292 -0.02421 0.10718
v 0.22452 -0.04263 0.10901
v 0.22112 -0.04635 0.10886
v 0.22486 -0.05904 0.10788
v 0.22130 -0.06472 0.10893
v 0.22554 -0.08162 0.10814
v 0.22106 -0.08029 0.10629
v 0.22534 -0.09700 0.10543
v 0.23076 -0.11517 0.10706
v 0.22782 -0.12655 0.10417
v 0.23049 -0.13842 0.10599
v 0.23519 -0.13929 0.10527
v 0.23613 -0.13308 0.10554
v 0.23051 -0.14249 0.10484
v 0.23379 -0.11314 0.10574
v 0.23136 -0.09221 0.10599
v 0.24880 -0.03430 0.11851
v 0.24637 -0.02925 0.11702
v 0.24442 -0.02576 0.11409
v 0.24265 -0.03626 0.12270
v 0.23613 -0.14230 0.10258
v 0.24092 -0.13723 0.10132
v 0.24168 -0.14045 0.09898
v 0.24968 -0.02295 0.10783
v 0.25020 -0.01275 0.11194
v 0.24859 -0.01346 0.10920
v 0.24897 -0.00269 0.10805
v 0.25084 0.00471 0.11028
v 0.21993 0.00835 0.10119
v 0.22330 -0.00420 0.10658
v 0.22003 -0.01955 0.10258
v 0.22292 -0.02421 0.10718
v 0.21889 -0.04090 0.10406
v 0.22112 -0.04635 0.10886
v 0.21775 -0.06162 0.10575
v 0.22130 -0.06472 0.10893
v 0.22106 -0.08029 0.10629
v 0.22953 -0.14205 0.10137
v 0.23051 -0.14249 0.10484
v 0.22782 -0.12655 0.10417
v 0.23049 -0.13842 0.10599
v 0.22890 -0.13019 0.09726
v 0.22574 -0.10896 0.10136
v 0.22534 -0.09700 0.10543
v 0.22271 -0.08796 0.10099
v 0.21812 -0.07254 0.10362
v 0.21708 -0.05614 0.10181
v 0.21841 -0.03591 0.09924
v 0.21918 -0.00915 0.09771
v 0.22968 -0.02122 0.09714
v 0.22466 -0.02424 0.10075
v 0.22513 -0.00785 0.10091
v 0.22702 -0.00432 0.09985
v 0.22595 -0.03918 0.10187
v 0.22801 -0.04015 0.09936
v 0.22647 -0.04506 0.09991
v 0.22746 -0.05546 0.09872
v 0.22913 -0.00530 0.09613
v 0.22735 0.00133 0.09898
v 0.23207 -0.01939 0.09237
v 0.22917 0.00305 0.09462
v 0.22967 -0.03604 0.09543
v 0.22596 -0.05140 0.10181
v 0.22492 -0.05594 0.10039
v 0.22363 -0.04841 0.10270
v 0.22595 -0.03918 0.10187
v 0.22363 -0.04841 0.10270
v 0.22375 -0.03799 0.10085
v 0.22466 -0.02424 0.10075
v 0.22746 -0.05546 0.09872
v 0.22647 -0.04506 0.09991
v 0.22359 -0.04647 0.10048
v 0.22492 -0.05594 0.10039
v 0.22881 -0.01318 0.09376
v 0.22646 -0.00326 0.09626
v 0.22502 -0.01245 0.09763
v 0.22458 0.00234 0.09815
v 0.22720 -0.03230 0.09627
v 0.23207 -0.01939 0.09237
v 0.22967 -0.03604 0.09543
v 0.22627 -0.04471 0.09812
v 0.22375 -0.03799 0.10085
v 0.22466 -0.02424 0.10075
v 0.22917 0.00305 0.09462
v 0.22913 -0.00530 0.09613
v 0.22363 -0.04841 0.10270
v 0.22458 0.00234 0.09815
v 0.22513 -0.00785 0.10091
v 0.22502 -0.01245 0.09763
v 0.22466 -0.02424 0.10075
v 0.22746 -0.05546 0.09872
v 0.22627 -0.04471 0.09812
v 0.22647 -0.04506 0.09991
v 0.22627 -0.04471 0.09812
v 0.22359 -0.04647 0.10048
v 0.22647 -0.04506 0.09991
v 0.15039 -0.00162 -0.12088
v 0.14528 -0.00384 -0.12196
v 0.14943 -0.02386 -0.12306
v 0.14437 -0.02553 -0.12345
v 0.14173 -0.04648 -0.12383
v 0.14445 -0.05725 -0.12373
v 0.13852 -0.06417 -0.12265
v 0.13948 -0.07188 -0.12201
v 0.15455 -0.01045 -0.11912
v 0.15017 -0.04627 -0.12206
v 0.15281 -0.03048 -0.12141
v 0.14545 -0.06445 -0.12096
v 0.14142 -0.07342 -0.11940
v 0.14069 -0.07471 -0.11504
v 0.13859 -0.07400 -0.11292
v 0.13679 -0.07557 -0.11621
v 0.14588 -0.05897 -0.11296
v 0.14742 -0.05899 -0.11682
v 0.15112 -0.04040 -0.11546
v 0.15198 -0.02611 -0.11227
v 0.15423 -0.02059 -0.11668
v 0.15446 -0.00366 -0.11326
v 0.14545 -0.06445 -0.12096
v 0.15017 -0.04627 -0.12206
v 0.15281 -0.03048 -0.12141
v 0.14142 -0.07342 -0.11940
v 0.15455 -0.01045 -0.11912
v 0.15394 0.00681 -0.11682
v 0.14142 -0.07342 -0.11940
v 0.14069 -0.07471 -0.11504
v 0.13679 -0.07557 -0.11621
v 0.13948 -0.07188 -0.12201
v 0.14404 0.00604 -0.11065
v 0.13934 -0.00385 -0.10683
v 0.15094 0.00154 -0.11177
v 0.14366 -0.01357 -0.11032
v 0.14583 -0.02471 -0.11105
v 0.15446 -0.00366 -0.11326
v 0.15198 -0.02611 -0.11227
v 0.14570 -0.03980 -0.11157
v 0.14588 -0.05897 -0.11296
v 0.13861 -0.02886 -0.10800
v 0.14198 -0.05835 -0.11269
v 0.13859 -0.07400 -0.11292
v 0.13428 -0.00114 -0.10355
v 0.13334 -0.02410 -0.10219
v 0.13805 -0.02036 -0.10514
v 0.13347 -0.03327 -0.10256
v 0.13621 -0.07129 -0.11439
v 0.13679 -0.07557 -0.11621
v 0.14110 -0.04005 -0.11313
v 0.13900 -0.05603 -0.11653
v 0.14217 -0.03246 -0.11184
v 0.13798 -0.03038 -0.11130
v 0.12958 -0.04287 -0.10825
v 0.13364 -0.03804 -0.10993
v 0.13443 -0.03782 -0.10657
v 0.13101 -0.04167 -0.10396
v 0.12388 -0.04261 -0.10458
v 0.12376 -0.04329 -0.10758
v 0.14110 -0.04005 -0.11313
v 0.14217 -0.03246 -0.11184
v 0.14008 -0.02972 -0.11382
v 0.01373 -0.01018 -0.09605
v 0.01694 -0.00211 -0.09353
v 0.01873 -0.02885 -0.09358
v 0.01510 -0.02918 -0.09638
v 0.01857 -0.04386 -0.09400
v 0.02069 -0.05147 -0.09272
v 0.01872 -0.07360 -0.09304
v 0.02663 0.00897 -0.09295
v 0.02342 -0.01554 -0.09328
v 0.03690 -0.00767 -0.09256
v 0.03322 -0.02239 -0.09379
v 0.02687 -0.03286 -0.09298
v 0.02599 -0.05708 -0.09270
v 0.03202 -0.04285 -0.09349
v 0.02328 -0.07873 -0.09240
v 0.02328 -0.09062 -0.09228
v 0.02989 -0.07611 -0.09315
v 0.02844 -0.08851 -0.09347
v 0.01900 -0.09346 -0.09325
v 0.03291 -0.05962 -0.09456
v 0.03199 -0.08072 -0.09416
v 0.04156 -0.01121 -0.09476
v 0.04320 0.00124 -0.09223
v 0.04023 0.00407 -0.09106
v 0.12492 -0.03246 -0.10792
v 0.12834 -0.02537 -0.10350
v 0.12812 -0.01795 -0.10798
v 0.13066 -0.00052 -0.10600
v 0.13067 0.00510 -0.11167
v 0.12402 -0.03565 -0.10368
v 0.12207 -0.04026 -0.10680
v 0.12388 -0.04261 -0.10458
v 0.12376 -0.04329 -0.10758
v 0.14110 -0.03242 -0.11772
v 0.14110 -0.04005 -0.11313
v 0.14008 -0.02972 -0.11382
v 0.13956 -0.01705 -0.11414
v 0.13900 -0.05603 -0.11653
v 0.14173 -0.04648 -0.12383
v 0.13852 -0.06417 -0.12265
v 0.13642 -0.07086 -0.12003
v 0.13621 -0.07129 -0.11439
v 0.14437 -0.02553 -0.12345
v 0.14211 -0.01005 -0.11817
v 0.13679 -0.07557 -0.11621
v 0.14528 -0.00384 -0.12196
v 0.13948 -0.07188 -0.12201
v 0.13067 0.00510 -0.11167
v 0.13286 -0.00405 -0.11318
v 0.13963 0.01352 -0.12131
v 0.14211 -0.01005 -0.11817
v 0.14476 0.01256 -0.12447
v 0.14528 -0.00384 -0.12196
v 0.12920 -0.02009 -0.11052
v 0.13956 -0.01705 -0.11414
v 0.13546 -0.02404 -0.11245
v 0.12812 -0.01795 -0.10798
v 0.12492 -0.03246 -0.10792
v 0.14008 -0.02972 -0.11382
v 0.13798 -0.03038 -0.11130
v 0.13120 -0.03584 -0.11096
v 0.13364 -0.03804 -0.10993
v 0.12958 -0.04287 -0.10825
v 0.14217 -0.03246 -0.11184
v 0.12605 -0.03738 -0.10989
v 0.12376 -0.04329 -0.10758
v 0.12207 -0.04026 -0.10680
v 0.12605 -0.03738 -0.10989
v 0.12207 -0.04026 -0.10680
v 0.12492 -0.03246 -0.10792
v 0.07990 0.00771 -0.12754
v 0.07727 0.00710 -0.11754
v 0.07997 -0.01030 -0.12564
v 0.07616 -0.01734 -0.11831
v 0.07680 -0.02026 -0.12129
v 0.06708 -0.03140 -0.11792
v 0.08003 -0.00641 -0.12931
v 0.06808 -0.03112 -0.12175
v 0.06198 -0.03927 -0.12040
v 0.06043 -0.04076 -0.11566
v 0.06212 -0.05284 -0.11890
v 0.05992 -0.04881 -0.11401
v 0.06013 -0.07137 -0.11619
v 0.06137 -0.08236 -0.12099
v 0.05885 -0.09744 -0.11738
v 0.05724 -0.09626 -0.11472
v 0.05470 -0.11084 -0.11541
v 0.06213 -0.05499 -0.12332
v 0.05926 -0.09552 -0.12345
v 0.05622 -0.10665 -0.12102
v 0.06012 -0.07821 -0.12591
v 0.06274 -0.03288 -0.12549
v 0.07350 -0.01942 -0.12749
v 0.06808 -0.03112 -0.12175
v 0.07692 -0.01721 -0.12602
v 0.06198 -0.03927 -0.12040
v 0.07793 -0.00944 -0.13096
v 0.05818 -0.04086 -0.12552
v 0.07680 -0.02026 -0.12129
v 0.08003 -0.00641 -0.12931
v 0.07997 -0.01030 -0.12564
v 0.06048 -0.05603 -0.12645
v 0.06213 -0.05499 -0.12332
v 0.06012 -0.07821 -0.12591
v 0.05446 0.00386 -0.12097
v 0.04197 0.00323 -0.12113
v 0.05083 -0.01346 -0.12333
v 0.06321 -0.00602 -0.12296
v 0.05732 -0.02820 -0.12606
v 0.04528 -0.02196 -0.12435
v 0.03990 -0.00709 -0.12102
v 0.04934 -0.04039 -0.12562
v 0.05818 -0.04086 -0.12552
v 0.05623 -0.05592 -0.12718
v 0.06274 -0.03288 -0.12549
v 0.06048 -0.05603 -0.12645
v 0.07002 -0.01738 -0.12670
v 0.07350 -0.01942 -0.12749
v 0.04170 -0.02860 -0.12366
v 0.06012 -0.07821 -0.12591
v 0.05642 -0.08200 -0.12659
v 0.05346 -0.06502 -0.12668
v 0.05239 -0.05082 -0.12590
v 0.05926 -0.09552 -0.12345
v 0.05638 -0.09905 -0.12471
v 0.05209 -0.09672 -0.12481
v 0.05030 -0.10667 -0.12272
v 0.05622 -0.10665 -0.12102
v 0.07391 -0.01267 -0.12906
v 0.07793 -0.00944 -0.13096
v 0.07206 0.00004 -0.12917
v 0.07718 -0.00449 -0.13077
v 0.03665 0.00381 -0.11893
v 0.07082 -0.00606 -0.12642
v 0.05216 -0.08290 -0.12427
v 0.06487 0.00787 -0.12192
v 0.06804 0.00186 -0.12633
v 0.04827 -0.10542 -0.12098
v 0.04838 -0.11155 -0.11898
v 0.05193 -0.11283 -0.11652
v 0.05470 -0.11084 -0.11541
v 0.04723 0.00369 -0.11006
v 0.03735 0.00231 -0.10936
v 0.04117 -0.01216 -0.11114
v 0.06765 -0.00097 -0.11368
v 0.05874 -0.01607 -0.11415
v 0.04999 -0.03848 -0.11437
v 0.05696 -0.03296 -0.11537
v 0.06043 -0.04076 -0.11566
v 0.06708 -0.03140 -0.11792
v 0.07616 -0.01734 -0.11831
v 0.05717 -0.04894 -0.11307
v 0.07527 -0.00164 -0.11608
v 0.05992 -0.04881 -0.11401
v 0.06013 -0.07137 -0.11619
v 0.05587 -0.06789 -0.11576
v 0.05724 -0.09626 -0.11472
v 0.07727 0.00710 -0.11754
v 0.09785 -0.12897 0.19671
v 0.09935 -0.12179 0.19519
v 0.09798 -0.12840 0.20028
v 0.09543 -0.13448 0.20005
v 0.09832 -0.11796 0.19947
v 0.09795 -0.10465 0.19396
v 0.09734 -0.09436 0.19748
v 0.09505 -0.06887 0.19504
v 0.09511 -0.06928 0.20002
v 0.09424 -0.04713 0.20262
v 0.09333 -0.03808 0.19627
v 0.09095 -0.02647 0.19545
v 0.08948 -0.03263 0.20317
v 0.09461 -0.13307 0.20234
v 0.08998 -0.01298 0.19577
v 0.09132 -0.00835 0.19096
v 0.09359 0.00918 0.19313
v 0.09340 0.01027 0.18810
v 0.08914 -0.02169 0.18826
v 0.09718 -0.11721 0.19009
v 0.09795 -0.10465 0.19396
v 0.09935 -0.12179 0.19519
v 0.09501 -0.09696 0.18961
v 0.09505 -0.06887 0.19504
v 0.09610 -0.12527 0.19110
v 0.09785 -0.12897 0.19671
v 0.09466 -0.13305 0.19604
v 0.09543 -0.13448 0.20005
v 0.09161 -0.13171 0.19291
v 0.09290 -0.04550 0.19419
v 0.09333 -0.03808 0.19627
v 0.09505 -0.06887 0.19504
v 0.09124 -0.07121 0.19061
v 0.09501 -0.09696 0.18961
v 0.08788 -0.03552 0.19134
v 0.08914 -0.02169 0.18826
v 0.08745 -0.05271 0.19250
v 0.08532 -0.02108 0.18643
v 0.08793 -0.00743 0.18565
v 0.09143 0.01584 0.18554
v 0.08873 -0.09416 0.19021
v 0.09233 -0.11499 0.18992
v 0.09718 -0.11721 0.19009
v 0.09610 -0.12527 0.19110
v 0.09161 -0.13171 0.19291
v 0.08702 -0.13020 0.19319
v 0.08413 -0.03689 0.19230
v 0.08657 -0.11642 0.19218
v 0.08517 -0.07338 0.19354
v 0.08485 -0.09929 0.19292
v 0.08397 -0.05537 0.19531
v 0.09331 -0.11396 0.19488
v 0.09126 -0.10801 0.19552
v 0.09164 -0.12047 0.19543
v 0.09146 -0.09388 0.19533
v 0.09376 -0.12232 0.19574
v 0.09227 -0.12352 0.19722
v 0.09376 -0.12232 0.19574
v 0.09305 -0.11246 0.19649
v 0.09331 -0.11396 0.19488
v 0.09146 -0.09388 0.19533
v 0.09227 -0.12352 0.19722
v 0.09305 -0.11246 0.19649
v 0.09227 -0.12352 0.19722
v 0.09126 -0.10801 0.19552
v 0.09146 -0.09388 0.19533
v 0.09164 -0.12047 0.19543
v 0.08956 -0.04551 0.19850
v 0.08754 -0.04019 0.19738
v 0.08709 -0.04582 0.19904
v 0.08954 -0.06075 0.19801
v 0.08549 -0.03788 0.20099
v 0.08725 -0.03651 0.19895
v 0.08842 -0.04797 0.20121
v 0.08956 -0.04551 0.19850
v 0.08858 -0.04243 0.20135
v 0.08725 -0.03651 0.19895
v 0.08954 -0.06075 0.19801
v 0.08842 -0.04797 0.20121
v 0.08754 -0.04019 0.19738
v 0.08842 -0.04797 0.20121
v 0.08549 -0.03788 0.20099
v 0.08858 -0.04243 0.20135
v 0.08725 -0.03651 0.19895
v 0.04999 -0.09323 -0.11877
v 0.05372 -0.08378 -0.11688
v 0.05187 -0.07054 -0.11957
v 0.05332 -0.09970 -0.11481
v 0.05587 -0.06789 -0.11576
v 0.04752 -0.10695 -0.11743
v 0.04831 -0.11112 -0.11540
v 0.05724 -0.09626 -0.11472
v 0.05230 -0.10988 -0.11407
v 0.05291 -0.05040 -0.11563
v 0.05717 -0.04894 -0.11307
v 0.04999 -0.03848 -0.11437
v 0.04617 -0.03971 -0.11823
v 0.05193 -0.11283 -0.11652
v 0.05470 -0.11084 -0.11541
v 0.03676 -0.00011 -0.11192
v 0.03735 0.00231 -0.10936
v 0.04117 -0.01216 -0.11114
v 0.03901 -0.01398 -0.11392
v 0.04204 -0.03174 -0.11493
v 0.05193 -0.11283 -0.11652
v 0.04831 -0.11112 -0.11540
v 0.04838 -0.11155 -0.11898
v 0.03628 0.00007 -0.11598
v 0.03676 -0.00011 -0.11192
v 0.03665 0.00381 -0.11893
v 0.03901 -0.01398 -0.11392
v 0.03855 -0.01156 -0.11870
v 0.04085 -0.02981 -0.11958
v 0.04170 -0.02860 -0.12366
v 0.03990 -0.00709 -0.12102
v 0.04934 -0.04039 -0.12562
v 0.05068 -0.04767 -0.12017
v 0.04562 -0.03843 -0.12328
v 0.04170 -0.02860 -0.12366
v 0.04085 -0.02981 -0.11958
v 0.05239 -0.05082 -0.12590
v 0.05186 -0.06307 -0.12305
v 0.05346 -0.06502 -0.12668
v 0.05216 -0.08290 -0.12427
v 0.04085 -0.02981 -0.11958
v 0.04204 -0.03174 -0.11493
v 0.03901 -0.01398 -0.11392
v 0.05068 -0.04767 -0.12017
v 0.05291 -0.05040 -0.11563
v 0.04617 -0.03971 -0.11823
v 0.04562 -0.03843 -0.12328
v 0.05187 -0.07054 -0.11957
v 0.05186 -0.06307 -0.12305
v 0.05216 -0.08290 -0.12427
v 0.04999 -0.09323 -0.11877
v 0.05209 -0.09672 -0.12481
v 0.04999 -0.09323 -0.11877
v 0.05216 -0.08290 -0.12427
v 0.04827 -0.10542 -0.12098
v 0.04752 -0.10695 -0.11743
v 0.04838 -0.11155 -0.11898
v 0.04831 -0.11112 -0.11540
v 0.03367 -0.05402 -0.09941
v 0.03456 -0.03200 -0.10081
v 0.03477 -0.03639 -0.09627
v 0.03570 -0.02205 -0.09708
v 0.03603 -0.01991 -0.10083
v 0.03291 -0.05962 -0.09456
v 0.03289 -0.07245 -0.09656
v 0.03199 -0.08072 -0.09416
v 0.03227 -0.08359 -0.09853
v 0.03013 -0.08811 -0.09615
v 0.03123 -0.07337 -0.09991
v 0.02844 -0.08851 -0.09347
v 0.03322 -0.02239 -0.09379
v 0.03202 -0.04285 -0.09349
v 0.04156 -0.01121 -0.09476
v 0.04040 -0.01582 -0.09819
v 0.04414 -0.00522 -0.09751
v 0.04320 0.00124 -0.09223
v 0.04460 0.00392 -0.09598
v 0.04206 -0.00877 -0.10048
v 0.04241 0.00511 -0.10054
v 0.02782 -0.08910 -0.09900
v 0.02217 -0.09475 -0.09493
v 0.02143 -0.09441 -0.09821
v 0.02844 -0.08851 -0.09347
v 0.02328 -0.09062 -0.09228
v 0.02217 -0.09475 -0.09493
v 0.01900 -0.09346 -0.09325
v 0.03013 -0.08811 -0.09615
v 0.02217 -0.09475 -0.09493
v 0.01900 -0.09346 -0.09325
v 0.01834 -0.09350 -0.09718
v 0.02143 -0.09441 -0.09821
v 0.05174 -0.02963 -0.11945
v 0.05187 -0.02161 -0.11927
v 0.05137 -0.03621 -0.12091
v 0.05600 -0.04469 -0.12040
v 0.04721 -0.02075 -0.11923
v 0.04554 -0.02534 -0.11932
v 0.05137 -0.03621 -0.12091
v 0.04787 -0.03077 -0.11921
v 0.05600 -0.04469 -0.12040
v 0.04554 -0.02534 -0.11932
v 0.04554 -0.02534 -0.11932
v 0.04721 -0.02075 -0.11923
v 0.04654 -0.02071 -0.11756
v 0.05187 -0.02161 -0.11927
v 0.04654 -0.02071 -0.11756
v 0.04721 -0.02075 -0.11923
v 0.05174 -0.02963 -0.11945
v 0.04787 -0.03077 -0.11921
v 0.05187 -0.02161 -0.11927
v 0.05600 -0.04469 -0.12040
v 0.04654 -0.02071 -0.11756
v 0.04554 -0.02534 -0.11932
v 0.04654 -0.02071 -0.11756
v 0.04444 -0.01680 -0.11727
v 0.04778 -0.01630 -0.11716
v 0.04721 -0.02075 -0.11923
v 0.04654 -0.02071 -0.11756
v 0.04778 -0.01630 -0.11716
v 0.04721 -0.02075 -0.11923
v 0.04778 -0.01630 -0.11716
v 0.04444 -0.01680 -0.11727
v 0.04721 -0.02075 -0.11923
v 0.04444 -0.01680 -0.11727
v 0.04654 -0.02071 -0.11756
v 0.04778 -0.01630 -0.11716
v 0.04654 -0.01048 -0.11725
v 0.04444 -0.01680 -0.11727
v 0.04778 -0.01630 -0.11716
v 0.04444 -0.01680 -0.11727
v 0.04654 -0.01048 -0.11725
v -0.00189 -0.01499 -0.11347
v 0.00271 -0.00459 -0.11278
v 0.00120 -0.01168 -0.11610
v 0.06764 0.00321 0.20352
v 0.06643 -0.00268 0.19679
v 0.06681 -0.01042 0.20214
v 0.06863 -0.01911 0.20123
v 0.06875 -0.01477 0.20395
v 0.06873 0.00628 0.19190
v 0.07001 -0.01598 0.19756
vt 0.06841 0.48618
vt 0.07000 0.48031
vt 0.07022 0.48686
vt 0.06654 0.48026
vt 0.06464 0.47338
vt 0.06867 0.47155
vt 0.06547 0.46434
vt 0.06551 0.48390
vt 0.06120 0.46843
vt 0.06158 0.45844
vt 0.06615 0.45502
vt 0.06144 0.44906
vt 0.05719 0.45117
vt 0.05673 0.44248
vt 0.06124 0.44104
vt 0.05460 0.44546
vt 0.05683 0.43552
vt 0.06191 0.43292
vt 0.05284 0.43397
vt 0.06660 0.43528
vt 0.06792 0.42899
vt 0.06770 0.44301
vt 0.06557 0.44791
vt 0.07359 0.43151
vt 0.07062 0.42411
vt 0.07700 0.42557
vt 0.06481 0.42272
vt 0.05839 0.42800
vt 0.05277 0.42682
vt 0.05436 0.41944
vt 0.04985 0.41989
vt 0.04963 0.42655
vt 0.05994 0.42095
vt 0.05310 0.41183
vt 0.04786 0.40871
vt 0.05106 0.40528
vt 0.05570 0.40616
vt 0.05842 0.41368
vt 0.06343 0.41652
vt 0.07049 0.41683
vt 0.06403 0.41102
vt 0.07545 0.41829
vt 0.07463 0.40963
vt 0.07035 0.40758
vt 0.07796 0.40643
vt 0.07914 0.41404
vt 0.05952 0.40414
vt 0.07124 0.40080
vt 0.06538 0.40517
vt 0.07944 0.39828
vt 0.05017 0.43752
vt 0.07125 0.43812
vt 0.07066 0.44776
vt 0.07034 0.45452
vt 0.05564 0.45651
vt 0.05735 0.46605
vt 0.08193 0.40448
vt 0.08219 0.41072
vt 0.06273 0.47890
vt 0.06617 0.48841
vt 0.08019 0.42228
vt 0.06959 0.46335
vt 0.06904 0.49223
vt 0.07337 0.44341
vt 0.07539 0.43715
vt 0.07752 0.43109
vt 0.05883 0.47421
vt 0.05214 0.44687
vt 0.04631 0.41696
vt 0.06667 0.49375
vt 0.04539 0.40532
vt 0.07061 0.49225
vt 0.08304 0.41514
vt 0.06638 0.49937
vt 0.06870 0.50091
vt 0.04762 0.42760
vt 0.08061 0.42742
vt 0.07051 0.49724
vt 0.05210 0.45428
vt 0.05339 0.46203
vt 0.04334 0.40826
vt 0.08506 0.40576
vt 0.08637 0.40103
vt 0.06562 0.50587
vt 0.06827 0.50798
vt 0.06092 0.48215
vt 0.07950 0.43255
vt 0.06334 0.49871
vt 0.07724 0.44100
vt 0.05503 0.47252
vt 0.06520 0.51158
vt 0.07341 0.45115
vt 0.07045 0.51117
vt 0.07100 0.50585
vt 0.07498 0.50811
vt 0.07138 0.50162
vt 0.07448 0.51203
vt 0.07865 0.50825
vt 0.07135 0.51614
vt 0.07772 0.50485
vt 0.07517 0.50426
vt 0.08179 0.50792
vt 0.06624 0.51542
vt 0.07701 0.50140
vt 0.06702 0.51924
vt 0.06412 0.52011
vt 0.06453 0.52433
vt 0.06943 0.52106
vt 0.07825 0.51277
vt 0.07562 0.51714
vt 0.08057 0.51499
vt 0.07923 0.52182
vt 0.08278 0.52271
vt 0.08014 0.52727
vt 0.07648 0.52454
vt 0.08302 0.53290
vt 0.08102 0.53468
vt 0.07847 0.52910
vt 0.07909 0.53673
vt 0.08111 0.54237
vt 0.07839 0.54165
vt 0.07763 0.54523
vt 0.08002 0.54785
vt 0.07728 0.53711
vt 0.07695 0.53111
vt 0.08451 0.53983
vt 0.08602 0.54559
vt 0.06936 0.52673
vt 0.06521 0.52855
vt 0.06235 0.51433
vt 0.06863 0.53390
vt 0.05129 0.46983
vt 0.04600 0.42959
vt 0.04435 0.42317
vt 0.07224 0.52170
vt 0.06436 0.49061
vt 0.06119 0.49256
vt 0.06180 0.50297
vt 0.08554 0.52970
vt 0.08650 0.53614
vt 0.08368 0.51450
vt 0.06418 0.53722
vt 0.06036 0.52530
vt 0.06128 0.51982
vt 0.06137 0.53142
vt 0.06301 0.50827
vt 0.04807 0.44258
vt 0.04640 0.43678
vt 0.05001 0.44901
vt 0.08158 0.49909
vt 0.07669 0.54211
vt 0.05879 0.48669
vt 0.05106 0.47915
vt 0.04622 0.47335
vt 0.04678 0.46998
vt 0.04877 0.46364
vt 0.08891 0.54014
vt 0.07078 0.46854
vt 0.07266 0.47341
vt 0.08675 0.52247
vt 0.09112 0.54763
vt 0.07182 0.48429
vt 0.07373 0.48029
vt 0.07714 0.44674
vt 0.07389 0.45856
vt 0.07434 0.46610
vt 0.08555 0.51027
vt 0.09020 0.53354
vt 0.09002 0.52858
vt 0.07760 0.49722
vt 0.08500 0.50269
vt 0.07266 0.48945
vt 0.07396 0.48617
vt 0.07441 0.50014
vt 0.07324 0.49409
vt 0.08809 0.51757
vt 0.09022 0.52299
vt 0.09210 0.53952
vt 0.07535 0.45426
vt 0.09421 0.54653
vt 0.08480 0.49580
vt 0.08060 0.49476
vt 0.09317 0.53100
vt 0.09215 0.52449
vt 0.09433 0.53524
vt 0.09503 0.54051
vt 0.08811 0.50815
vt 0.08407 0.49172
vt 0.08070 0.49075
vt 0.08728 0.49990
vt 0.07100 0.54002
vt 0.05993 0.49875
vt 0.04591 0.47756
vt 0.06035 0.53776
vt 0.06182 0.54315
vt 0.06569 0.54637
vt 0.06867 0.54401
vt 0.07088 0.55043
vt 0.04291 0.41555
vt 0.04533 0.46501
vt 0.04766 0.45924
vt 0.06190 0.54853
vt 0.04360 0.47135
vt 0.04841 0.48629
vt 0.05141 0.48708
vt 0.05761 0.49480
vt 0.09131 0.51729
vt 0.05498 0.49071
vt 0.04905 0.45473
vt 0.05911 0.51417
vt 0.07300 0.53196
vt 0.07420 0.52602
vt 0.07507 0.53824
vt 0.07586 0.54885
vt 0.05813 0.52048
vt 0.07289 0.54394
vt 0.05772 0.53124
vt 0.04122 0.40671
vt 0.06044 0.50828
vt 0.05047 0.49294
vt 0.05752 0.52532
vt 0.04728 0.45051
vt 0.05812 0.50076
vt 0.05345 0.49728
vt 0.01189 0.11725
vt 0.00930 0.12007
vt 0.01035 0.12608
vt 0.01483 0.12173
vt 0.01258 0.12756
vt 0.01095 0.13263
vt 0.00948 0.12919
vt 0.00882 0.13551
vt 0.00974 0.13784
vt 0.00836 0.14175
vt 0.01008 0.14220
vt 0.00901 0.12430
vt 0.01212 0.13867
vt 0.00800 0.14376
vt 0.00889 0.14404
vt 0.01727 0.11824
vt 0.01332 0.13362
vt 0.01079 0.14277
vt 0.01217 0.14143
vt 0.01680 0.12188
vt 0.01487 0.12467
vt 0.01413 0.12782
vt 0.00848 0.12100
vt 0.42138 0.92363
vt 0.41877 0.92341
vt 0.42153 0.92942
vt 0.41443 0.92171
vt 0.41183 0.91903
vt 0.41234 0.92871
vt 0.41482 0.92626
vt 0.41419 0.93080
vt 0.41542 0.92319
vt 0.41769 0.92604
vt 0.41609 0.93047
vt 0.42097 0.93646
vt 0.41170 0.93069
vt 0.45022 0.09085
vt 0.45581 0.08825
vt 0.45652 0.09120
vt 0.46299 0.08970
vt 0.46302 0.08768
vt 0.46957 0.08775
vt 0.46555 0.09114
vt 0.47177 0.09046
vt 0.47504 0.08693
vt 0.47888 0.09019
vt 0.48259 0.08595
vt 0.48474 0.08870
vt 0.48941 0.08485
vt 0.48498 0.09220
vt 0.49051 0.08983
vt 0.49181 0.09351
vt 0.49656 0.09058
vt 0.49862 0.09366
vt 0.50056 0.09079
vt 0.50272 0.09331
vt 0.50409 0.09029
vt 0.50591 0.09163
vt 0.47957 0.09281
vt 0.47386 0.09308
vt 0.46932 0.09234
vt 0.48582 0.09440
vt 0.48088 0.09485
vt 0.45069 0.09435
vt 0.45663 0.09317
vt 0.46129 0.09268
vt 0.53964 0.10773
vt 0.53953 0.10549
vt 0.53262 0.10710
vt 0.54513 0.10508
vt 0.54603 0.10773
vt 0.55084 0.10600
vt 0.53341 0.10503
vt 0.52800 0.10519
vt 0.52451 0.10694
vt 0.52194 0.10523
vt 0.51736 0.10610
vt 0.51490 0.10372
vt 0.51293 0.10590
vt 0.54995 0.10371
vt 0.55485 0.10685
vt 0.53916 0.10336
vt 0.54592 0.10323
vt 0.52299 0.10326
vt 0.51757 0.10213
vt 0.52819 0.10315
vt 0.53224 0.10288
vt 0.50902 0.10037
vt 0.50862 0.10284
vt 0.50848 0.10543
vt 0.49999 0.10360
vt 0.50200 0.10150
vt 0.49617 0.09978
vt 0.49165 0.10176
vt 0.48699 0.09747
vt 0.96430 0.15836
vt 0.96641 0.15285
vt 0.96330 0.15070
vt 0.96541 0.14721
vt 0.96346 0.14346
vt 0.96699 0.15819
vt 0.96689 0.16508
vt 0.96459 0.16594
vt 0.96533 0.14191
vt 0.96691 0.17188
vt 0.96727 0.14650
vt 0.96497 0.17427
vt 0.96222 0.15817
vt 0.96156 0.16689
vt 0.96169 0.17378
vt 0.96530 0.18069
vt 0.96149 0.14419
vt 0.96004 0.16160
vt 0.96289 0.18035
vt 0.95832 0.17577
vt 0.95670 0.16747
vt 0.96041 0.15449
vt 0.95903 0.14600
vt 0.95404 0.17175
vt 0.95413 0.17777
vt 0.95692 0.17976
vt 0.95930 0.18234
vt 0.95495 0.18219
vt 0.96413 0.18611
vt 0.95071 0.16805
vt 0.95571 0.18941
vt 0.95937 0.19045
vt 0.95704 0.19391
vt 0.96112 0.19417
vt 0.95960 0.19676
vt 0.95590 0.19800
vt 0.95887 0.20065
vt 0.95576 0.20280
vt 0.96181 0.19787
vt 0.95976 0.20405
vt 0.96176 0.18542
vt 0.95587 0.20680
vt 0.96727 0.17792
vt 0.96271 0.20134
vt 0.96263 0.19095
vt 0.95797 0.21073
vt 0.96037 0.21210
vt 0.95615 0.21665
vt 0.63538 0.42618
vt 0.63384 0.42806
vt 0.63498 0.43285
vt 0.63621 0.43362
vt 0.63563 0.43840
vt 0.63350 0.43172
vt 0.63676 0.43847
vt 0.63584 0.44290
vt 0.63414 0.44142
vt 0.63411 0.44522
vt 0.63204 0.44272
vt 0.63112 0.43798
vt 0.63303 0.44687
vt 0.63347 0.43841
vt 0.63408 0.44712
vt 0.63563 0.44568
vt 0.63640 0.42757
vt 0.63359 0.43531
vt 0.63326 0.43717
vt 0.63072 0.44004
vt 0.62937 0.43569
vt 0.62914 0.43375
vt 0.63224 0.44648
vt 0.62818 0.43453
vt 0.62790 0.43225
vt 0.62829 0.43045
vt 0.62716 0.42859
vt 0.63231 0.43387
vt 0.63236 0.43624
vt 0.63199 0.42856
vt 0.37094 0.26941
vt 0.37158 0.26592
vt 0.37530 0.26807
vt 0.37877 0.26647
vt 0.37771 0.27046
vt 0.37460 0.27193
vt 0.38252 0.26947
vt 0.38460 0.26736
vt 0.38323 0.26592
vt 0.37994 0.27170
vt 0.38825 0.26809
vt 0.38687 0.27044
vt 0.38985 0.26932
vt 0.37832 0.26508
vt 0.39010 0.26824
vt 0.39077 0.26880
vt 0.40427 0.15874
vt 0.39954 0.15857
vt 0.40370 0.16073
vt 0.39669 0.16282
vt 0.40367 0.16355
vt 0.40783 0.16270
vt 0.41120 0.16002
vt 0.41162 0.16291
vt 0.41660 0.16216
vt 0.39465 0.16020
vt 0.39473 0.15796
vt 0.38842 0.15889
vt 0.38916 0.15740
vt 0.38450 0.15731
vt 0.39015 0.16190
vt 0.38285 0.16095
vt 0.38124 0.15837
vt 0.38086 0.15560
vt 0.37414 0.15719
vt 0.37486 0.15465
vt 0.37675 0.16002
vt 0.36931 0.15875
vt 0.36713 0.15649
vt 0.36272 0.15830
vt 0.36949 0.15388
vt 0.36496 0.15370
vt 0.40649 0.16551
vt 0.41368 0.16702
vt 0.42180 0.16311
vt 0.41737 0.16423
vt 0.42644 0.16507
vt 0.42746 0.16399
vt 0.43225 0.16487
vt 0.43391 0.16671
vt 0.43674 0.16469
vt 0.43832 0.16816
vt 0.43909 0.16267
vt 0.44216 0.16511
vt 0.41979 0.16656
vt 0.42652 0.16775
vt 0.43099 0.16974
vt 0.44216 0.16118
vt 0.44549 0.16334
vt 0.42468 0.16975
vt 0.41898 0.16930
vt 0.44279 0.16920
vt 0.44749 0.16532
vt 0.41327 0.17019
vt 0.41012 0.16834
vt 0.40525 0.16890
vt 0.40145 0.16678
vt 0.39549 0.16518
vt 0.43699 0.17151
vt 0.44927 0.16296
vt 0.44814 0.16857
vt 0.45209 0.16664
vt 0.38879 0.16523
vt 0.39957 0.16876
vt 0.39425 0.16699
vt 0.38426 0.16287
vt 0.37780 0.16198
vt 0.37046 0.16155
vt 0.41790 0.17135
vt 0.38058 0.16515
vt 0.37348 0.16473
vt 0.40850 0.17242
vt 0.41604 0.17302
vt 0.43144 0.17217
vt 0.42396 0.17198
vt 0.36727 0.16425
vt 0.36574 0.16067
vt 0.42044 0.17403
vt 0.40188 0.17153
vt 0.44210 0.17280
vt 0.44656 0.16021
vt 0.44643 0.17106
vt 0.43733 0.17333
vt 0.38818 0.16761
vt 0.42689 0.17401
vt 0.36297 0.16317
vt 0.45428 0.16427
vt 0.39598 0.17152
vt 0.45152 0.17041
vt 0.45523 0.17022
vt 0.45648 0.16677
vt 0.45960 0.16995
vt 0.43911 0.16044
vt 0.43556 0.16068
vt 0.43658 0.15779
vt 0.43472 0.16323
vt 0.43281 0.15787
vt 0.43310 0.16032
vt 0.42988 0.15960
vt 0.43019 0.15603
vt 0.43283 0.15541
vt 0.43133 0.15311
vt 0.42726 0.15321
vt 0.43087 0.15048
vt 0.42760 0.15554
vt 0.42816 0.14981
vt 0.42403 0.15107
vt 0.42254 0.15458
vt 0.41915 0.15178
vt 0.41612 0.15259
vt 0.42126 0.14841
vt 0.42590 0.14786
vt 0.41668 0.14961
vt 0.41447 0.14725
vt 0.41083 0.14748
vt 0.41769 0.14665
vt 0.42225 0.14641
vt 0.42701 0.14631
vt 0.42966 0.14736
vt 0.43125 0.14564
vt 0.43420 0.14741
vt 0.43458 0.14556
vt 0.43755 0.14556
vt 0.43935 0.14413
vt 0.43525 0.14928
vt 0.43368 0.15188
vt 0.44055 0.14558
vt 0.43782 0.14823
vt 0.44564 0.14494
vt 0.43528 0.15160
vt 0.44205 0.14823
vt 0.43906 0.15115
vt 0.44326 0.15155
vt 0.44810 0.14804
vt 0.44824 0.15086
vt 0.45468 0.14960
vt 0.45683 0.14759
vt 0.45850 0.15012
vt 0.46623 0.14832
vt 0.46460 0.14615
vt 0.47023 0.14594
vt 0.47379 0.14761
vt 0.47375 0.14275
vt 0.46810 0.14246
vt 0.46163 0.14374
vt 0.44170 0.15334
vt 0.43738 0.15360
vt 0.43439 0.15417
vt 0.47645 0.14584
vt 0.48068 0.14706
vt 0.47975 0.14340
vt 0.48541 0.14497
vt 0.43538 0.15634
vt 0.45601 0.14329
vt 0.37771 0.36909
vt 0.37854 0.36970
vt 0.37452 0.37083
vt 0.95255 0.11703
vt 0.95138 0.11978
vt 0.95267 0.12069
vt 0.95145 0.12194
vt 0.96581 0.10971
vt 0.96515 0.11155
vt 0.96645 0.11234
vt 0.27251 0.18300
vt 0.27942 0.18210
vt 0.27409 0.18190
vt 0.27960 0.18403
vt 0.28624 0.18324
vt 0.28510 0.18167
vt 0.26882 0.18126
vt 0.28878 0.18192
vt 0.28904 0.18314
vt 0.26626 0.18219
vt 0.26698 0.18026
vt 0.27349 0.18050
vt 0.28519 0.18064
vt 0.28883 0.18075
vt 0.26376 0.18106
vt 0.26259 0.18198
vt 0.26292 0.17971
vt 0.26769 0.18356
vt 0.26129 0.18054
vt 0.25927 0.18126
vt 0.25754 0.18045
vt 0.28806 0.18392
vt 0.25738 0.18139
vt 0.25780 0.18238
vt 0.25513 0.18075
vt 0.25970 0.17956
vt 0.28429 0.18427
vt 0.25824 0.18361
vt 0.27255 0.18409
vt 0.26291 0.18508
vt 0.29446 0.70765
vt 0.29799 0.70375
vt 0.29130 0.70369
vt 0.29794 0.70869
vt 0.31373 0.70393
vt 0.30824 0.70156
vt 0.30432 0.70631
vt 0.31689 0.69998
vt 0.32275 0.70467
vt 0.32380 0.69943
vt 0.33012 0.69996
vt 0.33414 0.70304
vt 0.33730 0.69940
vt 0.34484 0.70310
vt 0.34440 0.69990
vt 0.35237 0.70352
vt 0.35799 0.69836
vt 0.35930 0.70233
vt 0.36624 0.70282
vt 0.37017 0.69811
vt 0.37353 0.70207
vt 0.38118 0.70009
vt 0.30995 0.70750
vt 0.39063 0.70338
vt 0.37944 0.70591
vt 0.37212 0.70644
vt 0.30877 0.71071
vt 0.31840 0.70866
vt 0.29990 0.71250
vt 0.36512 0.70627
vt 0.35712 0.70649
vt 0.33056 0.70631
vt 0.34155 0.70758
vt 0.32544 0.70916
vt 0.38565 0.70770
vt 0.29222 0.71187
vt 0.34852 0.70680
vt 0.29378 0.71449
vt 0.28812 0.71100
vt 0.28993 0.70718
vt 0.28409 0.70705
vt 0.28315 0.71058
vt 0.28041 0.70845
vt 0.28008 0.71250
vt 0.27612 0.70999
vt 0.27589 0.71404
vt 0.26962 0.71284
vt 0.27101 0.71034
vt 0.28646 0.71441
vt 0.26264 0.71086
vt 0.27200 0.71585
vt 0.33174 0.70901
vt 0.31807 0.71120
vt 0.30705 0.71438
vt 0.29903 0.71661
vt 0.21374 0.72473
vt 0.21497 0.72202
vt 0.22040 0.72574
vt 0.22066 0.72177
vt 0.22954 0.72165
vt 0.22935 0.72559
vt 0.23483 0.72513
vt 0.23837 0.72244
vt 0.20958 0.72604
vt 0.24120 0.72489
vt 0.24602 0.72162
vt 0.24127 0.71814
vt 0.24932 0.71750
vt 0.24438 0.71517
vt 0.24953 0.71345
vt 0.23614 0.71563
vt 0.25548 0.71267
vt 0.25183 0.72357
vt 0.24747 0.72652
vt 0.23120 0.71755
vt 0.22618 0.71317
vt 0.22422 0.71772
vt 0.21765 0.71279
vt 0.22091 0.70899
vt 0.22641 0.70891
vt 0.23096 0.71071
vt 0.23590 0.70942
vt 0.24119 0.71082
vt 0.21387 0.70980
vt 0.24803 0.71097
vt 0.21622 0.71801
vt 0.21045 0.71633
vt 0.25738 0.71608
vt 0.25337 0.71954
vt 0.25492 0.72598
vt 0.26169 0.72139
vt 0.26406 0.71519
vt 0.26674 0.71870
vt 0.25870 0.72405
vt 0.23159 0.70756
vt 0.27475 0.71837
vt 0.28013 0.71610
vt 0.21611 0.72871
vt 0.27997 0.71913
vt 0.24071 0.72725
vt 0.22514 0.72864
vt 0.23161 0.72845
vt 0.26932 0.72126
vt 0.27623 0.72102
vt 0.20784 0.72866
vt 0.28538 0.71752
vt 0.24768 0.72881
vt 0.29572 0.71901
vt 0.28306 0.72081
vt 0.30677 0.71783
vt 0.27113 0.72338
vt 0.26226 0.72660
vt 0.25511 0.72945
vt 0.31585 0.71442
vt 0.32585 0.71301
vt 0.33705 0.71166
vt 0.34926 0.70959
vt 0.35876 0.70934
vt 0.37299 0.70856
vt 0.38058 0.71018
vt 0.36559 0.71068
vt 0.37484 0.71111
vt 0.35591 0.71220
vt 0.34728 0.71331
vt 0.28786 0.72096
vt 0.23544 0.72972
vt 0.24130 0.73109
vt 0.27703 0.72369
vt 0.21167 0.73079
vt 0.31601 0.71928
vt 0.32541 0.71637
vt 0.33323 0.71616
vt 0.34062 0.71563
vt 0.22778 0.73166
vt 0.22027 0.73135
vt 0.23424 0.73214
vt 0.38288 0.71409
vt 0.24732 0.73159
vt 0.29482 0.72219
vt 0.30305 0.72106
vt 0.28449 0.72392
vt 0.36616 0.71459
vt 0.25963 0.73080
vt 0.26420 0.72890
vt 0.27027 0.72622
vt 0.30936 0.72221
vt 0.32319 0.72076
vt 0.31567 0.72576
vt 0.33256 0.71948
vt 0.37463 0.71545
vt 0.32583 0.72426
vt 0.12013 0.94247
vt 0.12333 0.94095
vt 0.12894 0.94048
vt 0.75855 0.19063
vt 0.76262 0.19292
vt 0.76393 0.19089
vt 0.72454 0.19185
vt 0.72604 0.18622
vt 0.73141 0.19046
vt 0.73150 0.18302
vt 0.73460 0.18696
vt 0.73974 0.18859
vt 0.73948 0.18291
vt 0.75347 0.18740
vt 0.74876 0.19099
vt 0.74645 0.18677
vt 0.74892 0.18120
vt 0.72734 0.20346
vt 0.73312 0.20015
vt 0.73806 0.20207
vt 0.74214 0.19945
vt 0.74599 0.20151
vt 0.75341 0.19800
vt 0.75529 0.19991
vt 0.76031 0.19641
vt 0.76470 0.19661
vt 0.76792 0.19372
vt 0.75646 0.19398
vt 0.77007 0.19684
vt 0.72713 0.18041
vt 0.75409 0.18147
vt 0.75837 0.18673
vt 0.76225 0.20148
vt 0.77073 0.19932
vt 0.74119 0.19302
vt 0.73381 0.19428
vt 0.74342 0.17751
vt 0.75072 0.17630
vt 0.73636 0.17825
vt 0.74833 0.19578
vt 0.73852 0.19759
vt 0.73207 0.20559
vt 0.75809 0.17764
vt 0.75917 0.18273
vt 0.74137 0.20478
vt 0.75307 0.20378
vt 0.76522 0.17979
vt 0.76461 0.18604
vt 0.77509 0.19707
vt 0.72533 0.19747
vt 0.76473 0.17456
vt 0.77272 0.19395
vt 0.71933 0.17996
vt 0.75593 0.17412
vt 0.73031 0.17662
vt 0.73791 0.17492
vt 0.74588 0.17394
vt 0.77162 0.17688
vt 0.75046 0.17275
vt 0.77415 0.17292
vt 0.72569 0.17713
vt 0.76955 0.18463
vt 0.77388 0.18032
vt 0.77952 0.17736
vt 0.77578 0.18300
vt 0.78204 0.18157
vt 0.78893 0.17552
vt 0.79199 0.17988
vt 0.79525 0.17110
vt 0.80095 0.17677
vt 0.80399 0.17089
vt 0.79727 0.16728
vt 0.81045 0.16535
vt 0.81212 0.16842
vt 0.81664 0.16653
vt 0.78702 0.21066
vt 0.79257 0.21082
vt 0.79369 0.20824
vt 0.78711 0.21319
vt 0.77799 0.21359
vt 0.78010 0.21637
vt 0.77559 0.21666
vt 0.77101 0.21372
vt 0.76933 0.21743
vt 0.76391 0.21698
vt 0.78215 0.20943
vt 0.78838 0.20737
vt 0.76706 0.22033
vt 0.75847 0.22250
vt 0.75835 0.21986
vt 0.75231 0.22203
vt 0.75057 0.22405
vt 0.75688 0.21789
vt 0.74570 0.22385
vt 0.74778 0.22001
vt 0.73976 0.22380
vt 0.73697 0.22608
vt 0.73346 0.22425
vt 0.73869 0.22127
vt 0.77542 0.20938
vt 0.76484 0.21355
vt 0.72830 0.22708
vt 0.73122 0.22272
vt 0.75838 0.21496
vt 0.75238 0.21635
vt 0.79401 0.20565
vt 0.77023 0.20906
vt 0.74448 0.21822
vt 0.78345 0.20525
vt 0.76406 0.21023
vt 0.74820 0.21454
vt 0.75478 0.21215
vt 0.73779 0.21755
vt 0.73147 0.21845
vt 0.74214 0.21502
vt 0.79222 0.20293
vt 0.77728 0.20375
vt 0.78455 0.20129
vt 0.78948 0.19935
vt 0.79318 0.19916
vt 0.73415 0.21291
vt 0.75749 0.20799
vt 0.76347 0.20647
vt 0.74692 0.20966
vt 0.73973 0.20947
vt 0.77025 0.20391
vt 0.78101 0.19847
vt 0.73321 0.20837
vt 0.77478 0.20006
vt 0.79897 0.20187
vt 0.79708 0.20097
vt 0.80107 0.19897
vt 0.79826 0.20584
vt 0.12079 0.16917
vt 0.12352 0.16994
vt 0.11822 0.17102
vt 0.12442 0.17151
vt 0.12791 0.17110
vt 0.12960 0.16921
vt 0.13054 0.17167
vt 0.13047 0.16976
vt 0.13301 0.16823
vt 0.13446 0.16740
vt 0.12774 0.16885
vt 0.13077 0.17070
vt 0.13471 0.16834
vt 0.13680 0.16734
vt 0.13736 0.16794
vt 0.13733 0.16659
vt 0.13628 0.16614
vt 0.13833 0.16715
vt 0.13841 0.16792
vt 0.37861 0.74881
vt 0.37520 0.75028
vt 0.37379 0.74888
vt 0.37276 0.75028
vt 0.37263 0.74862
vt 0.00713 0.37613
vt 0.00607 0.37913
vt 0.00662 0.37395
vt 0.00749 0.37062
vt 0.00603 0.37247
vt 0.00579 0.37606
vt 0.00701 0.36814
vt 0.00828 0.36505
vt 0.00897 0.36500
vt 0.00891 0.36203
vt 0.00963 0.36166
vt 0.00951 0.36109
vt 0.00985 0.36591
vt 0.01064 0.36252
vt 0.00864 0.37018
vt 0.00811 0.37510
vt 0.00743 0.38065
vt 0.01065 0.36119
vt 0.00724 0.36528
vt 0.00873 0.36120
vt 0.04855 0.94409
vt 0.04505 0.94541
vt 0.04743 0.94646
vt 0.05310 0.94403
vt 0.05313 0.94570
vt 0.05196 0.94716
vt 0.05530 0.94479
vt 0.05494 0.94643
vt 0.05623 0.94625
vt 0.05523 0.94357
vt 0.05639 0.94463
vt 0.12662 0.80236
vt 0.12315 0.80062
vt 0.11917 0.80170
vt 0.11602 0.79995
vt 0.11165 0.80139
vt 0.11528 0.80295
vt 0.12189 0.80309
vt 0.11016 0.80273
vt 0.10983 0.80055
vt 0.10789 0.80232
vt 0.12600 0.79920
vt 0.12148 0.79913
vt 0.10744 0.80133
vt 0.10651 0.80188
vt 0.10856 0.80346
vt 0.10711 0.80029
vt 0.10899 0.79975
vt 0.11491 0.79939
vt 0.11210 0.80392
vt 0.10607 0.80264
vt 0.28458 0.23744
vt 0.28865 0.23800
vt 0.28671 0.23662
vt 0.28350 0.23626
vt 0.29235 0.23649
vt 0.29284 0.23886
vt 0.28650 0.23891
vt 0.28273 0.23712
vt 0.29084 0.24013
vt 0.28362 0.23809
vt 0.64229 0.43111
vt 0.64316 0.42874
vt 0.64268 0.42671
vt 0.64372 0.42659
vt 0.64283 0.42432
vt 0.64472 0.42341
vt 0.64384 0.42130
vt 0.64467 0.42144
vt 0.64430 0.41713
vt 0.00312 0.05956
vt 0.00422 0.05909
vt 0.00379 0.06324
vt 0.00343 0.05371
vt 0.00434 0.05087
vt 0.00331 0.04760
vt 0.00415 0.04538
vt 0.00303 0.04542
vt 0.00248 0.05397
vt 0.00228 0.06058
vt 0.00290 0.06516
vt 0.00407 0.06852
vt 0.00295 0.06905
vt 0.00420 0.07416
vt 0.00241 0.04746
vt 0.00197 0.06566
vt 0.69701 0.60165
vt 0.69502 0.60500
vt 0.69424 0.59714
vt 0.69828 0.60764
vt 0.69683 0.59552
vt 0.69529 0.59123
vt 0.69161 0.60643
vt 0.68813 0.60874
vt 0.69850 0.59278
vt 0.69039 0.59176
vt 0.69302 0.58689
vt 0.69634 0.58620
vt 0.69404 0.57879
vt 0.68779 0.60418
vt 0.68369 0.60601
vt 0.69038 0.59910
vt 0.68387 0.59887
vt 0.68707 0.59732
vt 0.68562 0.59314
vt 0.68220 0.59428
vt 0.67907 0.59971
vt 0.69054 0.58495
vt 0.67999 0.60475
vt 0.69219 0.58110
vt 0.68908 0.57805
vt 0.68175 0.58878
vt 0.68150 0.60978
vt 0.69030 0.57353
vt 0.68687 0.57147
vt 0.69366 0.56806
vt 0.68851 0.56947
vt 0.68952 0.56757
vt 0.68701 0.56465
vt 0.68895 0.56066
vt 0.68474 0.56623
vt 0.68578 0.56005
vt 0.68389 0.55484
vt 0.68320 0.55959
vt 0.68047 0.55228
vt 0.68196 0.54883
vt 0.67925 0.54443
vt 0.68599 0.55327
vt 0.68300 0.54429
vt 0.68130 0.53920
vt 0.67724 0.53759
vt 0.67401 0.53806
vt 0.67631 0.54638
vt 0.67565 0.52950
vt 0.67006 0.52711
vt 0.67297 0.52388
vt 0.67631 0.52256
vt 0.66715 0.52767
vt 0.66476 0.51827
vt 0.66806 0.51853
vt 0.66507 0.51112
vt 0.66037 0.51227
vt 0.65970 0.50532
vt 0.66386 0.50407
vt 0.66075 0.49794
vt 0.65610 0.49651
vt 0.67452 0.51730
vt 0.66160 0.49248
vt 0.65759 0.48787
vt 0.66383 0.48735
vt 0.66645 0.49578
vt 0.66829 0.49277
vt 0.67133 0.49969
vt 0.66955 0.50223
vt 0.67408 0.50941
vt 0.67051 0.51056
vt 0.66559 0.50032
vt 0.67925 0.53364
vt 0.67876 0.52782
vt 0.66796 0.50682
vt 0.66942 0.51483
vt 0.66940 0.48843
vt 0.66414 0.48254
vt 0.66789 0.48063
vt 0.65747 0.48099
vt 0.65339 0.48243
vt 0.65420 0.50006
vt 0.65604 0.50628
vt 0.65776 0.51159
vt 0.65209 0.48964
vt 0.66159 0.51965
vt 0.67809 0.51807
vt 0.69160 0.55837
vt 0.67335 0.49257
vt 0.69966 0.58825
vt 0.70063 0.58991
vt 0.67400 0.49794
vt 0.66820 0.47323
vt 0.67748 0.50640
vt 0.69851 0.57791
vt 0.69914 0.58397
vt 0.69094 0.55153
vt 0.68689 0.54750
vt 0.70117 0.58789
vt 0.70100 0.58743
vt 0.68004 0.52374
vt 0.68140 0.51195
vt 0.67399 0.48707
vt 0.67262 0.47825
vt 0.68301 0.53670
vt 0.68339 0.52872
vt 0.68489 0.51913
vt 0.70127 0.58663
vt 0.69759 0.56441
vt 0.69861 0.57097
vt 0.68783 0.53976
vt 0.67945 0.50158
vt 0.69440 0.55563
vt 0.67788 0.49331
vt 0.68855 0.53144
vt 0.70148 0.57806
vt 0.69019 0.52400
vt 0.69365 0.53292
vt 0.69351 0.54377
vt 0.69438 0.54884
vt 0.70418 0.58476
vt 0.68370 0.50537
vt 0.68103 0.49506
vt 0.69801 0.54313
vt 0.67762 0.48567
vt 0.69018 0.51850
vt 0.68728 0.51271
vt 0.70079 0.54907
vt 0.69999 0.55602
vt 0.67542 0.47480
vt 0.67800 0.48083
vt 0.70546 0.55035
vt 0.70203 0.58720
vt 0.65018 0.48266
vt 0.68161 0.49086
vt 0.68332 0.49867
vt 0.70304 0.57083
vt 0.70232 0.56248
vt 0.70339 0.58785
vt 0.70446 0.58914
vt 0.70781 0.55619
vt 0.66193 0.52459
vt 0.66502 0.53039
vt 0.66806 0.53588
vt 0.69920 0.59257
vt 0.69785 0.59540
vt 0.68219 0.48662
vt 0.67193 0.54228
vt 0.67944 0.47603
vt 0.68297 0.48163
vt 0.70185 0.58773
vt 0.42572 0.87653
vt 0.42485 0.87286
vt 0.42574 0.87189
vt 0.42464 0.86782
vt 0.42561 0.86552
vt 0.42474 0.86294
vt 0.42568 0.85978
vt 0.42460 0.85839
vt 0.42572 0.85788
vt 0.42482 0.85754
vt 0.42389 0.87377
vt 0.42311 0.86945
vt 0.42344 0.86443
vt 0.42372 0.86009
vt 0.42384 0.85802
vt 0.42319 0.87467
vt 0.00888 0.58285
vt 0.00747 0.59018
vt 0.00750 0.58470
vt 0.00793 0.57817
vt 0.00895 0.57501
vt 0.01036 0.57781
vt 0.01069 0.57396
vt 0.00995 0.57161
vt 0.00849 0.57160
vt 0.00999 0.58316
vt 0.00929 0.58860
vt 0.01136 0.57132
vt 0.01101 0.56996
vt 0.00999 0.56946
vt 0.52725 0.66305
vt 0.52879 0.66380
vt 0.52821 0.66219
vt 0.52685 0.66180
vt 0.52563 0.66468
vt 0.83882 0.79231
vt 0.84046 0.79476
vt 0.83925 0.79747
vt 0.84062 0.78914
vt 0.83906 0.78866
vt 0.83923 0.78634
vt 0.84050 0.78601
vt 0.83827 0.78632
vt 0.83823 0.78762
vt 0.83803 0.79073
vt 0.83887 0.78539
vt 0.84024 0.78492
vt 0.86874 0.75370
vt 0.86205 0.74649
vt 0.86707 0.75139
vt 0.86359 0.74866
vt 0.86670 0.74722
vt 0.86872 0.74629
vt 0.86497 0.74455
vt 0.86304 0.74352
vt 0.86855 0.73927
vt 0.86434 0.74088
vt 0.86699 0.73831
vt 0.86595 0.73695
vt 0.86946 0.73283
vt 0.87093 0.73439
vt 0.87307 0.72644
vt 0.87086 0.72637
vt 0.87383 0.71641
vt 0.87050 0.72307
vt 0.87437 0.70714
vt 0.86805 0.73182
vt 0.87609 0.70707
vt 0.87698 0.70236
vt 0.87815 0.70441
vt 0.87767 0.70841
vt 0.87606 0.71732
vt 0.87507 0.70205
vt 0.52793 0.95951
vt 0.52593 0.95772
vt 0.52875 0.95814
vt 0.52954 0.95899
vt 0.52957 0.96014
vt 0.41510 0.58250
vt 0.41003 0.58100
vt 0.41055 0.58274
vt 0.40427 0.58302
vt 0.40374 0.58029
vt 0.39846 0.58104
vt 0.39924 0.58318
vt 0.39433 0.58444
vt 0.39161 0.58141
vt 0.38655 0.58461
vt 0.41619 0.58420
vt 0.38484 0.58205
vt 0.37885 0.58300
vt 0.37657 0.58510
vt 0.37155 0.58243
vt 0.37600 0.58111
vt 0.37055 0.57994
vt 0.36639 0.58175
vt 0.36563 0.57785
vt 0.36154 0.57945
vt 0.36235 0.57610
vt 0.35865 0.57680
vt 0.35521 0.57817
vt 0.35749 0.58058
vt 0.36812 0.58540
vt 0.40754 0.58454
vt 0.40141 0.58542
vt 0.36212 0.58485
vt 0.37543 0.58762
vt 0.38135 0.58776
vt 0.38989 0.58655
vt 0.39566 0.58715
vt 0.35433 0.58198
vt 0.35879 0.58269
vt 0.34972 0.58089
vt 0.36906 0.58927
vt 0.35195 0.57577
vt 0.34350 0.57884
vt 0.33949 0.58173
vt 0.33356 0.57901
vt 0.33085 0.58174
vt 0.32714 0.57881
vt 0.32014 0.58168
vt 0.32753 0.58423
vt 0.32058 0.58450
vt 0.31220 0.58517
vt 0.31079 0.58190
vt 0.30429 0.58432
vt 0.30482 0.58182
vt 0.29929 0.58287
vt 0.33253 0.58782
vt 0.32478 0.58875
vt 0.33772 0.58462
vt 0.34620 0.60220
vt 0.35288 0.60376
vt 0.35346 0.59954
vt 0.35987 0.60012
vt 0.35952 0.60394
vt 0.36372 0.60204
vt 0.36703 0.59706
vt 0.36828 0.60071
vt 0.37269 0.59869
vt 0.37185 0.59337
vt 0.37661 0.59396
vt 0.38116 0.59924
vt 0.38116 0.59487
vt 0.38613 0.59458
vt 0.38641 0.60263
vt 0.39072 0.59615
vt 0.39293 0.60335
vt 0.39729 0.60134
vt 0.37581 0.60060
vt 0.36992 0.60311
vt 0.39808 0.59583
vt 0.39361 0.59248
vt 0.39768 0.58988
vt 0.40333 0.60301
vt 0.39895 0.60723
vt 0.40247 0.59100
vt 0.38825 0.59029
vt 0.39219 0.58874
vt 0.40280 0.58844
vt 0.40854 0.58894
vt 0.39441 0.60953
vt 0.40750 0.59457
vt 0.41077 0.59670
vt 0.41168 0.59242
vt 0.41458 0.58897
vt 0.40523 0.59800
vt 0.40231 0.59564
vt 0.41652 0.59144
vt 0.41572 0.59480
vt 0.40814 0.60000
vt 0.40064 0.61103
vt 0.40674 0.60883
vt 0.40844 0.60441
vt 0.41301 0.59789
vt 0.41199 0.60221
vt 0.40796 0.61272
vt 0.41212 0.60791
vt 0.38158 0.59144
vt 0.41500 0.61203
vt 0.38913 0.60844
vt 0.41173 0.61537
vt 0.36124 0.59532
vt 0.34535 0.59940
vt 0.41622 0.60705
vt 0.41613 0.61530
vt 0.38545 0.58887
vt 0.34211 0.60379
vt 0.34033 0.60205
vt 0.41433 0.60444
vt 0.37812 0.60474
vt 0.36401 0.59205
vt 0.41611 0.61980
vt 0.35611 0.59512
vt 0.37600 0.59043
vt 0.38417 0.60813
vt 0.40211 0.61396
vt 0.40839 0.61659
vt 0.39679 0.61325
vt 0.37823 0.60756
vt 0.37161 0.60623
vt 0.36399 0.60517
vt 0.41475 0.60084
vt 0.34811 0.60544
vt 0.33711 0.60341
vt 0.41154 0.61912
vt 0.39150 0.61300
vt 0.35134 0.59544
vt 0.41895 0.58627
vt 0.40982 0.58657
vt 0.33877 0.59886
vt 0.33267 0.60079
vt 0.40556 0.61778
vt 0.41552 0.62089
vt 0.39866 0.61643
vt 0.38540 0.61280
vt 0.33228 0.60403
vt 0.35700 0.59130
vt 0.33358 0.59717
vt 0.32695 0.60321
vt 0.32500 0.59975
vt 0.32728 0.59711
vt 0.34212 0.59556
vt 0.34734 0.59306
vt 0.32315 0.60236
vt 0.31864 0.60153
vt 0.31826 0.59663
vt 0.31411 0.59794
vt 0.31347 0.60215
vt 0.31691 0.60481
vt 0.32115 0.60544
vt 0.32338 0.59503
vt 0.36107 0.58844
vt 0.35156 0.58866
vt 0.35588 0.58554
vt 0.32838 0.59369
vt 0.35105 0.58346
vt 0.33607 0.59227
vt 0.34505 0.58541
vt 0.34281 0.58986
vt 0.21805 0.10171
vt 0.21970 0.09645
vt 0.22356 0.09894
vt 0.22612 0.09685
vt 0.22992 0.09844
vt 0.22425 0.10308
vt 0.22950 0.10146
vt 0.21899 0.10406
vt 0.23252 0.09718
vt 0.23449 0.09935
vt 0.23490 0.09789
vt 0.23332 0.10083
vt 0.22943 0.10261
vt 0.23620 0.09904
vt 0.72752 0.59155
vt 0.72910 0.59155
vt 0.72850 0.59313
vt 0.48754 0.81807
vt 0.48875 0.81898
vt 0.48708 0.81915
vt 0.48775 0.82029
vt 0.48671 0.81826
vt 0.48686 0.82221
vt 0.48573 0.82154
vt 0.48555 0.82492
vt 0.48641 0.82593
vt 0.48541 0.82960
vt 0.48644 0.82954
vt 0.48584 0.83513
vt 0.48697 0.83473
vt 0.48837 0.82161
vt 0.48742 0.82519
vt 0.48739 0.82982
vt 0.48935 0.82033
vt 0.27719 0.79444
vt 0.27681 0.79370
vt 0.27475 0.79411
vt 0.27469 0.79328
vt 0.26936 0.79445
vt 0.26884 0.79346
vt 0.27800 0.79356
vt 0.74928 0.95393
vt 0.75113 0.95510
vt 0.75495 0.95349
vt 0.75557 0.95450
vt 0.75727 0.95318
vt 0.74814 0.95266
vt 0.75265 0.95292
vt 0.75580 0.95241
vt 0.75714 0.95225
vt 0.75822 0.95251
vt 0.75828 0.95361
vt 0.43472 0.30043
vt 0.43981 0.30246
vt 0.44077 0.30097
vt 0.44686 0.30124
vt 0.44691 0.30254
vt 0.45222 0.30176
vt 0.45050 0.30403
vt 0.45374 0.30314
vt 0.45475 0.30203
vt 0.43330 0.30352
vt 0.44583 0.30386
vt 0.45544 0.30306
vt 0.43950 0.30343
vt 0.74251 0.92604
vt 0.74090 0.92699
vt 0.74067 0.92602
vt 0.74237 0.92497
vt 0.74121 0.92463
vt 0.74014 0.92497
vt 0.78036 0.78100
vt 0.77931 0.78098
vt 0.77984 0.78260
vt 0.77914 0.78260
vt 0.77924 0.78397
vt 0.77997 0.78471
vt 0.77879 0.78477
vt 0.77925 0.78561
vt 0.77998 0.78639
vt 0.77931 0.78729
vt 0.00333 0.14975
vt 0.00408 0.15036
vt 0.00438 0.14928
vt 0.00565 0.14966
vt 0.00591 0.14855
vt 0.00515 0.14753
vt 0.00315 0.14727
vt 0.00276 0.14855
vt 0.00447 0.14641
vt 0.93785 0.42344
vt 0.93826 0.42449
vt 0.93709 0.42405
vt 0.93727 0.42533
vt 0.93650 0.42496
vt 0.93647 0.42706
vt 0.93802 0.42662
vt 0.93884 0.42596
vt 0.64550 0.93707
vt 0.64457 0.93693
vt 0.64490 0.93755
vt 0.64528 0.93646
vt 0.64401 0.93753
vt 0.64529 0.93802
vt 0.64457 0.93828
vt 0.64342 0.93829
vt 0.64341 0.93901
vt 0.64201 0.93884
vt 0.64175 0.93962
vt 0.63958 0.93905
vt 0.63629 0.93919
vt 0.63683 0.93785
vt 0.63156 0.93811
vt 0.64153 0.93777
vt 0.64300 0.93737
vt 0.64068 0.93704
vt 0.63232 0.93741
vt 0.62659 0.93787
vt 0.62633 0.93886
vt 0.63032 0.93940
vt 0.81531 0.32212
vt 0.81456 0.32297
vt 0.81464 0.32218
vt 0.81197 0.32303
vt 0.81910 0.32135
vt 0.81948 0.32354
vt 0.81652 0.32291
vt 0.81814 0.32067
vt 0.82123 0.32227
vt 0.82030 0.31998
vt 0.82137 0.32384
vt 0.82103 0.32097
vt 0.82083 0.32014
vt 0.82059 0.32478
vt 0.81730 0.32426
vt 0.82059 0.31926
vt 0.81531 0.32474
vt 0.81191 0.32403
vt 0.85376 0.27772
vt 0.84742 0.27674
vt 0.85432 0.27600
vt 0.85626 0.27822
vt 0.85767 0.27671
vt 0.85732 0.27506
vt 0.85923 0.27532
vt 0.84740 0.27532
vt 0.85866 0.27773
vt 0.25197 0.01144
vt 0.25197 0.00671
vt 0.25118 0.00942
vt 0.03904 0.17866
vt 0.03825 0.17858
vt 0.03867 0.18035
vt 0.03867 0.17719
vt 0.32252 0.69596
vt 0.32182 0.69422
vt 0.31939 0.69721
vt 0.32261 0.69456
vt 0.32206 0.69306
vt 0.32335 0.69337
vt 0.32408 0.69480
vt 0.32470 0.69553
vt 0.32029 0.69811
vt 0.32610 0.69319
vt 0.32861 0.69315
vt 0.32994 0.69060
vt 0.32694 0.69005
vt 0.33095 0.68954
vt 0.32922 0.68852
vt 0.33123 0.68890
vt 0.33271 0.68961
vt 0.33320 0.69046
vt 0.33192 0.69142
vt 0.32600 0.68900
vt 0.32674 0.68785
vt 0.32302 0.68811
vt 0.31851 0.68947
vt 0.31668 0.68887
vt 0.32412 0.69002
vt 0.31973 0.69056
vt 0.31466 0.69126
vt 0.31901 0.69225
vt 0.31321 0.69305
vt 0.32114 0.69251
vt 0.31246 0.68973
vt 0.31259 0.68844
vt 0.32316 0.69230
vt 0.47325 0.49605
vt 0.47200 0.49763
vt 0.47437 0.49763
vt 0.67074 0.10969
vt 0.67324 0.11024
vt 0.67361 0.10877
vt 0.67434 0.10932
vt 0.67610 0.11004
vt 0.68094 0.10882
vt 0.01981 0.09651
vt 0.01960 0.09826
vt 0.02035 0.09966
vt 0.01853 0.09654
vt 0.02174 0.10034
vt 0.02271 0.09949
vt 0.02351 0.09733
vt 0.02307 0.10160
vt 0.02614 0.10095
vt 0.02103 0.09484
vt 0.01978 0.09439
vt 0.01857 0.09487
vt 0.02785 0.09779
vt 0.02602 0.09439
vt 0.02957 0.10143
vt 0.02899 0.10365
vt 0.03213 0.10514
vt 0.03090 0.10553
vt 0.03423 0.10451
vt 0.02336 0.09395
vt 0.03026 0.09496
vt 0.03076 0.09343
vt 0.03203 0.09897
vt 0.02693 0.10333
vt 0.02164 0.10160
vt 0.03357 0.10702
vt 0.03345 0.09500
vt 0.03788 0.09348
vt 0.03894 0.09515
vt 0.03548 0.10014
vt 0.03857 0.10239
vt 0.03134 0.10740
vt 0.02845 0.10620
vt 0.02501 0.10400
vt 0.02019 0.10070
vt 0.03681 0.10731
vt 0.02888 0.09284
vt 0.02410 0.10251
vt 0.03773 0.10423
vt 0.02273 0.10273
vt 0.03376 0.10846
vt 0.56435 0.73204
vt 0.56585 0.73269
vt 0.56435 0.73757
vt 0.56349 0.73563
vt 0.08262 0.82940
vt 0.08477 0.83541
vt 0.08964 0.83667
vt 0.07688 0.82954
vt 0.09217 0.83238
vt 0.09775 0.83879
vt 0.09917 0.84360
vt 0.07681 0.82323
vt 0.06518 0.81916
vt 0.06954 0.82432
vt 0.08863 0.82696
vt 0.07224 0.81733
vt 0.06319 0.81237
vt 0.05576 0.81316
vt 0.05602 0.80655
vt 0.04710 0.80581
vt 0.04935 0.79720
vt 0.04023 0.79798
vt 0.03777 0.79115
vt 0.03028 0.79609
vt 0.04912 0.78671
vt 0.02329 0.78967
vt 0.01602 0.79141
vt 0.01486 0.78583
vt 0.10168 0.83450
vt 0.08439 0.82120
vt 0.08136 0.81419
vt 0.01642 0.78011
vt 0.06125 0.80128
vt 0.06379 0.80645
vt 0.07198 0.81036
vt 0.09388 0.82289
vt 0.06908 0.79942
vt 0.09084 0.81271
vt 0.10068 0.82059
vt 0.09848 0.81241
vt 0.08732 0.80749
vt 0.07980 0.80600
vt 0.10834 0.81851
vt 0.09132 0.80679
vt 0.10256 0.82847
vt 0.07971 0.79990
vt 0.06943 0.79381
vt 0.05928 0.79565
vt 0.06052 0.78948
vt 0.05546 0.78356
vt 0.00909 0.78282
vt 0.00687 0.78742
vt 0.03952 0.78592
vt 0.02865 0.78424
vt 0.04624 0.77911
vt 0.00635 0.77711
vt 0.03732 0.80065
vt 0.00039 0.78166
vt 0.01223 0.77309
vt 0.01628 0.77339
vt 0.02274 0.77808
vt 0.03205 0.78105
vt 0.04016 0.77724
vt 0.04540 0.77559
vt 0.05295 0.78035
vt 0.06235 0.82053
vt 0.36185 0.20696
vt 0.36689 0.20867
vt 0.36371 0.20488
vt 0.37392 0.20786
vt 0.37087 0.20282
vt 0.37848 0.20615
vt 0.38163 0.20917
vt 0.37654 0.21062
vt 0.35535 0.20571
vt 0.35739 0.20190
vt 0.36261 0.20080
vt 0.35214 0.20012
vt 0.34907 0.20434
vt 0.38075 0.20072
vt 0.38611 0.20460
vt 0.38646 0.19877
vt 0.39316 0.20044
vt 0.39021 0.21006
vt 0.39437 0.20839
vt 0.39567 0.20410
vt 0.40006 0.20000
vt 0.35384 0.20758
vt 0.34390 0.20552
vt 0.34461 0.20392
vt 0.33957 0.20289
vt 0.33576 0.20374
vt 0.33435 0.20223
vt 0.32968 0.20341
vt 0.33017 0.20188
vt 0.33092 0.20072
vt 0.32643 0.20020
vt 0.32361 0.20140
vt 0.32058 0.19850
vt 0.31822 0.20084
vt 0.40719 0.20736
vt 0.40328 0.20413
vt 0.40088 0.20767
vt 0.40638 0.20119
vt 0.40645 0.19873
vt 0.40868 0.21385
vt 0.40826 0.21622
vt 0.40161 0.21196
vt 0.40556 0.21063
vt 0.39798 0.21303
vt 0.40340 0.21620
vt 0.39282 0.21324
vt 0.38413 0.21188
vt 0.34030 0.90940
vt 0.34252 0.91550
vt 0.34259 0.90715
vt 0.34040 0.91981
vt 0.34250 0.92284
vt 0.34036 0.90288
vt 0.34345 0.90153
vt 0.34094 0.92596
vt 0.34332 0.92883
vt 0.34121 0.89637
vt 0.34332 0.89426
vt 0.34172 0.93331
vt 0.52830 0.70344
vt 0.52939 0.69470
vt 0.52721 0.69968
vt 0.52735 0.69348
vt 0.52827 0.68838
vt 0.53090 0.70270
vt 0.52969 0.70795
vt 0.52789 0.71130
vt 0.53032 0.68447
vt 0.52909 0.68174
vt 0.53115 0.67610
vt 0.53115 0.71496
vt 0.52862 0.71784
vt 0.52889 0.67443
vt 0.36146 0.56761
vt 0.36077 0.56363
vt 0.36790 0.56377
vt 0.36975 0.56867
vt 0.37555 0.56764
vt 0.37336 0.56275
vt 0.37887 0.56425
vt 0.36470 0.56065
vt 0.37911 0.55833
vt 0.38448 0.56012
vt 0.38513 0.56387
vt 0.38943 0.56106
vt 0.37095 0.55845
vt 0.39105 0.55631
vt 0.39646 0.55754
vt 0.39876 0.56122
vt 0.40393 0.55734
vt 0.40278 0.55518
vt 0.41082 0.55375
vt 0.40925 0.55655
vt 0.41470 0.55563
vt 0.42049 0.55154
vt 0.41981 0.55445
vt 0.42718 0.55292
vt 0.42864 0.54946
vt 0.43409 0.55081
vt 0.43291 0.54844
vt 0.43578 0.54457
vt 0.44009 0.54582
vt 0.43958 0.54277
vt 0.44432 0.54344
vt 0.44504 0.54667
vt 0.44179 0.54096
vt 0.36439 0.55747
vt 0.43246 0.54533
vt 0.42742 0.54627
vt 0.41372 0.55109
vt 0.40868 0.55213
vt 0.40401 0.55221
vt 0.44938 0.54166
vt 0.45190 0.54617
vt 0.45042 0.54995
vt 0.44268 0.55124
vt 0.44994 0.55456
vt 0.45577 0.55198
vt 0.45592 0.54859
vt 0.46240 0.55137
vt 0.44540 0.54086
vt 0.46291 0.54803
vt 0.41999 0.54904
vt 0.46810 0.55029
vt 0.47063 0.54751
vt 0.47382 0.55060
vt 0.47622 0.54698
vt 0.46862 0.55369
vt 0.47910 0.55475
vt 0.47997 0.55093
vt 0.48288 0.54745
vt 0.48716 0.54949
vt 0.48532 0.55386
vt 0.49092 0.55137
vt 0.49022 0.54735
vt 0.49551 0.54939
vt 0.45535 0.54327
vt 0.46101 0.54514
vt 0.38405 0.55445
vt 0.39880 0.55302
vt 0.39365 0.55293
vt 0.37555 0.55514
vt 0.43739 0.54112
vt 0.44004 0.53946
vt 0.36785 0.55445
vt 0.36224 0.55559
vt 0.43293 0.54224
vt 0.42944 0.54288
vt 0.28123 0.49197
vt 0.28743 0.49391
vt 0.28737 0.49065
vt 0.29255 0.49231
vt 0.29556 0.48862
vt 0.30158 0.49103
vt 0.30272 0.48787
vt 0.30801 0.48816
vt 0.30947 0.48953
vt 0.31558 0.48659
vt 0.31163 0.48492
vt 0.30662 0.48601
vt 0.31852 0.48233
vt 0.32328 0.48408
vt 0.32646 0.48159
vt 0.32479 0.47912
vt 0.33238 0.47917
vt 0.28284 0.49021
vt 0.30018 0.48646
vt 0.33201 0.47717
vt 0.33757 0.47792
vt 0.34006 0.47487
vt 0.34411 0.47573
vt 0.34575 0.47217
vt 0.35079 0.47216
vt 0.30512 0.48371
vt 0.31247 0.48184
vt 0.32019 0.47906
vt 0.34766 0.46820
vt 0.35611 0.46875
vt 0.35586 0.47237
vt 0.36244 0.47176
vt 0.36251 0.46648
vt 0.35902 0.46217
vt 0.35014 0.47504
vt 0.35035 0.46420
vt 0.28865 0.48757
vt 0.33827 0.47157
vt 0.27622 0.49054
vt 0.32568 0.47523
vt 0.27622 0.49264
vt 0.32991 0.47564
vt 0.34515 0.46399
vt 0.34160 0.46753
vt 0.29933 0.48442
vt 0.29326 0.48559
vt 0.28181 0.48789
vt 0.27599 0.48831
vt 0.41172 0.45633
vt 0.40892 0.45236
vt 0.40863 0.44741
vt 0.40440 0.44920
vt 0.39945 0.45285
vt 0.40085 0.44825
vt 0.39644 0.45088
vt 0.39050 0.45322
vt 0.41118 0.46228
vt 0.40536 0.45463
vt 0.40626 0.45882
vt 0.39028 0.44844
vt 0.38610 0.45259
vt 0.38543 0.45555
vt 0.37993 0.45477
vt 0.38022 0.45256
vt 0.37321 0.45624
vt 0.37365 0.45213
vt 0.36892 0.45468
vt 0.36775 0.45765
vt 0.36388 0.45595
vt 0.36067 0.45970
vt 0.35803 0.45806
vt 0.35283 0.46159
vt 0.35247 0.45911
vt 0.34664 0.46099
vt 0.33382 0.46570
vt 0.33794 0.46599
vt 0.34077 0.46241
vt 0.33602 0.46239
vt 0.32847 0.46348
vt 0.32725 0.46770
vt 0.32230 0.46506
vt 0.32212 0.46863
vt 0.31641 0.46643
vt 0.31540 0.46979
vt 0.38128 0.44894
vt 0.36266 0.45127
vt 0.35467 0.45558
vt 0.30973 0.46775
vt 0.31285 0.46500
vt 0.30805 0.46334
vt 0.30275 0.46868
vt 0.30118 0.46608
vt 0.29590 0.46668
vt 0.29499 0.47062
vt 0.28917 0.46977
vt 0.29341 0.47398
vt 0.28556 0.47275
vt 0.28668 0.47659
vt 0.28055 0.47525
vt 0.27306 0.48029
vt 0.27829 0.48471
vt 0.28048 0.48033
vt 0.27964 0.47140
vt 0.28235 0.46800
vt 0.28821 0.46603
vt 0.28406 0.48267
vt 0.27273 0.47353
vt 0.34525 0.45665
vt 0.29986 0.47285
vt 0.30817 0.47120
vt 0.37002 0.44832
vt 0.31761 0.46177
vt 0.37491 0.44759
vt 0.27366 0.46842
vt 0.35412 0.45253
vt 0.34859 0.45281
vt 0.40451 0.44537
vt 0.39868 0.44607
vt 0.30568 0.46089
vt 0.33786 0.45626
vt 0.29264 0.47981
vt 0.33270 0.47004
vt 0.28670 0.48566
vt 0.30165 0.47961
vt 0.29959 0.47650
vt 0.30549 0.47455
vt 0.31149 0.47611
vt 0.31194 0.47392
vt 0.31780 0.47378
vt 0.32344 0.47242
vt 0.31830 0.47681
vt 0.30600 0.48107
vt 0.31217 0.47892
vt 0.40460 0.46659
vt 0.41375 0.46682
vt 0.39898 0.46393
vt 0.40077 0.45831
vt 0.39183 0.45735
vt 0.39376 0.46216
vt 0.39670 0.46728
vt 0.37843 0.45760
vt 0.37095 0.45944
vt 0.36526 0.46064
vt 0.39100 0.46747
vt 0.38618 0.46423
vt 0.38371 0.46754
vt 0.38370 0.44465
vt 0.39446 0.44412
vt 0.29769 0.46097
vt 0.29122 0.46209
vt 0.32738 0.45795
vt 0.31168 0.45717
vt 0.31988 0.45581
vt 0.33176 0.45485
vt 0.40791 0.44234
vt 0.32809 0.45065
vt 0.33338 0.44920
vt 0.32243 0.45182
vt 0.34099 0.44729
vt 0.36463 0.44760
vt 0.34229 0.45016
vt 0.34807 0.44473
vt 0.35223 0.44730
vt 0.40057 0.44231
vt 0.35693 0.44462
vt 0.35395 0.43914
vt 0.31690 0.45286
vt 0.30191 0.45764
vt 0.37038 0.44444
vt 0.40584 0.43900
vt 0.37708 0.44311
vt 0.35913 0.43979
vt 0.39474 0.44017
vt 0.37328 0.46949
vt 0.36953 0.47141
vt 0.37578 0.47042
vt 0.37935 0.46876
vt 0.38335 0.46998
vt 0.37519 0.46619
vt 0.36674 0.46783
vt 0.36783 0.47031
vt 0.36911 0.46314
vt 0.37517 0.46211
vt 0.38226 0.46122
vt 0.38960 0.47042
vt 0.40197 0.46990
vt 0.41011 0.46926
vt 0.41313 0.47509
vt 0.41360 0.47158
vt 0.40658 0.47360
vt 0.40890 0.47107
vt 0.40004 0.47240
vt 0.23846 0.27302
vt 0.23395 0.27483
vt 0.23060 0.27263
vt 0.22555 0.27486
vt 0.21990 0.27216
vt 0.21690 0.27412
vt 0.21231 0.27186
vt 0.20847 0.27324
vt 0.23437 0.27058
vt 0.20565 0.27039
vt 0.20095 0.27212
vt 0.19987 0.26950
vt 0.19554 0.27045
vt 0.22690 0.26988
vt 0.21584 0.26970
vt 0.20914 0.26911
vt 0.20336 0.26855
vt 0.13525 0.28006
vt 0.13331 0.27910
vt 0.13442 0.28067
vt 0.13202 0.27949
vt 0.12529 0.27847
vt 0.13050 0.27792
vt 0.12564 0.27755
vt 0.12161 0.27731
vt 0.11739 0.27829
vt 0.11776 0.27755
vt 0.11016 0.27809
vt 0.11181 0.27739
vt 0.10562 0.27684
vt 0.10746 0.27631
vt 0.10530 0.27561
vt 0.10167 0.27555
vt 0.10069 0.27830
vt 0.09714 0.27659
vt 0.10530 0.28040
vt 0.10007 0.28057
vt 0.11122 0.28145
vt 0.12089 0.28034
vt 0.11666 0.28078
vt 0.12556 0.28072
vt 0.13059 0.28064
vt 0.12816 0.28237
vt 0.12283 0.28249
vt 0.13325 0.28222
vt 0.09711 0.28175
vt 0.10500 0.28211
vt 0.11009 0.28343
vt 0.11998 0.28374
vt 0.11426 0.28342
vt 0.09853 0.26949
vt 0.10319 0.26719
vt 0.10299 0.26956
vt 0.10844 0.26762
vt 0.11047 0.26946
vt 0.11966 0.26707
vt 0.11532 0.26674
vt 0.11701 0.26907
vt 0.12444 0.26823
vt 0.12482 0.26516
vt 0.12755 0.26667
vt 0.13028 0.26772
vt 0.13341 0.26529
vt 0.13879 0.26693
vt 0.13863 0.26308
vt 0.13090 0.26248
vt 0.13468 0.25944
vt 0.11959 0.26380
vt 0.12591 0.26120
vt 0.10092 0.27161
vt 0.12997 0.25750
vt 0.12339 0.25783
vt 0.12914 0.25410
vt 0.12198 0.25367
vt 0.11924 0.25928
vt 0.11457 0.26014
vt 0.11510 0.25469
vt 0.10774 0.25577
vt 0.10998 0.25910
vt 0.11379 0.26385
vt 0.13612 0.25521
vt 0.14016 0.25901
vt 0.10919 0.25138
vt 0.10094 0.25156
vt 0.14574 0.26177
vt 0.14523 0.26490
vt 0.14181 0.25630
vt 0.14309 0.26702
vt 0.10788 0.27239
vt 0.11278 0.27115
vt 0.10337 0.27348
vt 0.15194 0.26425
vt 0.14852 0.25890
vt 0.14878 0.25620
vt 0.15437 0.25912
vt 0.15672 0.25690
vt 0.14919 0.26690
vt 0.16369 0.25932
vt 0.15843 0.26256
vt 0.15428 0.26708
vt 0.16328 0.26393
vt 0.16895 0.26247
vt 0.17031 0.26536
vt 0.17635 0.26450
vt 0.17592 0.26738
vt 0.18264 0.26598
vt 0.18088 0.26891
vt 0.18925 0.26754
vt 0.18970 0.27050
vt 0.19431 0.26664
vt 0.11293 0.27649
vt 0.11765 0.27634
vt 0.18591 0.27110
vt 0.16028 0.26642
vt 0.16487 0.26824
vt 0.16740 0.26737
vt 0.17311 0.26928
vt 0.89699 0.68259
vt 0.89550 0.68153
vt 0.89708 0.68765
vt 0.89592 0.68680
vt 0.89578 0.68830
vt 0.89699 0.69021
vt 0.79174 0.62088
vt 0.78864 0.62509
vt 0.79110 0.62583
vt 0.79151 0.62943
vt 0.78968 0.63159
vt 0.79168 0.63137
vt 0.78677 0.63236
vt 0.78949 0.63809
vt 0.78704 0.64078
vt 0.79218 0.63601
vt 0.79073 0.64315
vt 0.78790 0.64797
vt 0.79174 0.65043
vt 0.79008 0.65596
vt 0.79469 0.64495
vt 0.79545 0.65197
vt 0.78581 0.65461
vt 0.78606 0.65999
vt 0.78161 0.65506
vt 0.78082 0.66116
vt 0.78201 0.66752
vt 0.77955 0.66967
vt 0.78208 0.65002
vt 0.79226 0.65840
vt 0.77814 0.66062
vt 0.78200 0.67316
vt 0.78501 0.67145
vt 0.78612 0.67746
vt 0.77924 0.67374
vt 0.77721 0.67171
vt 0.77981 0.67768
vt 0.78354 0.67953
vt 0.79169 0.62569
vt 0.77758 0.66654
vt 0.79250 0.63305
vt 0.79375 0.63695
vt 0.79423 0.63958
vt 0.79565 0.64072
vt 0.79561 0.63944
vt 0.79465 0.63821
vt 0.78785 0.66485
vt 0.79129 0.66638
vt 0.78131 0.68353
vt 0.78410 0.68596
vt 0.78142 0.68894
vt 0.78545 0.68972
vt 0.78468 0.69493
vt 0.78809 0.69430
vt 0.78889 0.68773
vt 0.79108 0.69300
vt 0.78887 0.70006
vt 0.78523 0.70126
vt 0.78866 0.70678
vt 0.79201 0.70603
vt 0.79148 0.68596
vt 0.79411 0.69675
vt 0.79083 0.69819
vt 0.79275 0.71390
vt 0.78900 0.71481
vt 0.79217 0.71866
vt 0.79050 0.72380
vt 0.79548 0.72167
vt 0.79716 0.71773
vt 0.79943 0.72558
vt 0.79603 0.72879
vt 0.79856 0.73222
vt 0.79677 0.73527
vt 0.79349 0.73040
vt 0.79315 0.73579
vt 0.79126 0.73249
vt 0.78938 0.73889
vt 0.79171 0.74107
vt 0.79454 0.73987
vt 0.80008 0.73621
vt 0.79293 0.72432
vt 0.79524 0.71156
vt 0.79606 0.70611
vt 0.79859 0.74017
vt 0.79214 0.74647
vt 0.78925 0.74684
vt 0.79012 0.75205
vt 0.79305 0.75577
vt 0.79503 0.74886
vt 0.79703 0.74418
vt 0.78667 0.68453
vt 0.79005 0.67985
vt 0.29456 0.69732
vt 0.28602 0.70126
vt 0.29384 0.70082
vt 0.28509 0.69732
vt 0.37815 0.99487
vt 0.36948 0.99487
vt 0.37017 0.99724
vt 0.10321 0.53295
vt 0.10612 0.52612
vt 0.10660 0.53141
vt 0.10400 0.52396
vt 0.10684 0.51817
vt 0.10399 0.51746
vt 0.10609 0.51009
vt 0.10923 0.51186
vt 0.10897 0.50313
vt 0.10606 0.50344
vt 0.10340 0.51031
vt 0.10781 0.49403
vt 0.10558 0.49626
vt 0.10450 0.48683
vt 0.10789 0.48594
vt 0.10464 0.48020
vt 0.10198 0.47944
vt 0.10144 0.48588
vt 0.09884 0.47745
vt 0.09954 0.47284
vt 0.09622 0.46916
vt 0.09856 0.46691
vt 0.10137 0.46763
vt 0.10176 0.46219
vt 0.09697 0.46289
vt 0.10222 0.49034
vt 0.10440 0.47382
vt 0.10339 0.50206
vt 0.09370 0.46308
vt 0.09530 0.45866
vt 0.10259 0.49480
vt 0.09898 0.45853
vt 0.10103 0.45631
vt 0.09818 0.45322
vt 0.10071 0.45230
vt 0.09861 0.45023
vt 0.09492 0.44963
vt 0.09864 0.44505
vt 0.09410 0.44556
vt 0.09591 0.44119
vt 0.09842 0.43908
vt 0.09762 0.43400
vt 0.10126 0.43306
vt 0.09904 0.42960
vt 0.10118 0.42795
vt 0.09946 0.42369
vt 0.10354 0.42468
vt 0.10729 0.42553
vt 0.10614 0.41831
vt 0.10308 0.42011
vt 0.10540 0.43232
vt 0.09500 0.45449
vt 0.10380 0.41456
vt 0.10553 0.40988
vt 0.10051 0.41403
vt 0.09687 0.41964
vt 0.09649 0.41118
vt 0.09314 0.41395
vt 0.09188 0.41916
vt 0.09209 0.42589
vt 0.09254 0.40704
vt 0.09717 0.40435
vt 0.09366 0.39875
vt 0.09868 0.40019
vt 0.10425 0.40123
vt 0.10227 0.40680
vt 0.71964 0.33268
vt 0.71648 0.32399
vt 0.71964 0.32472
vt 0.71569 0.33017
vt 0.01790 0.22418
vt 0.01498 0.22576
vt 0.01650 0.23069
vt 0.01402 0.23295
vt 0.01661 0.23641
vt 0.01382 0.23928
vt 0.01719 0.24103
vt 0.00921 0.26452
vt 0.01155 0.25994
vt 0.01267 0.26964
vt 0.00811 0.26952
vt 0.00983 0.27453
vt 0.00749 0.25650
vt 0.01175 0.25130
vt 0.00987 0.24698
vt 0.01328 0.25606
vt 0.01407 0.24600
vt 0.01201 0.24147
vt 0.01422 0.27459
vt 0.01273 0.27895
vt 0.01450 0.25106
vt 0.01473 0.26254
vt 0.01034 0.27887
vt 0.01088 0.23472
vt 0.01195 0.22789
vt 0.01385 0.22160
vt 0.01509 0.26909
vt 0.01545 0.27910
vt 0.01322 0.28178
vt 0.01643 0.25525
vt 0.01671 0.27301
vt 0.01708 0.24788
vt 0.00591 0.27756
vt 0.00925 0.28153
vt 0.00638 0.28180
vt 0.00930 0.28469
vt 0.01140 0.28407
vt 0.01345 0.28501
vt 0.00733 0.28659
vt 0.01201 0.28687
vt 0.00970 0.28834
vt 0.00766 0.29156
vt 0.00921 0.29184
vt 0.00844 0.29500
vt 0.01090 0.29555
vt 0.01052 0.30020
vt 0.00779 0.29926
vt 0.00807 0.30505
vt 0.01286 0.30322
vt 0.01554 0.29835
vt 0.01395 0.29618
vt 0.01758 0.26488
vt 0.01468 0.28281
vt 0.01434 0.28827
vt 0.01464 0.29092
vt 0.01786 0.28986
vt 0.01785 0.29213
vt 0.02002 0.28908
vt 0.02162 0.29077
vt 0.02297 0.28648
vt 0.01970 0.28686
vt 0.02259 0.28221
vt 0.02500 0.28460
vt 0.01643 0.29393
vt 0.01807 0.27749
vt 0.02030 0.28358
vt 0.02156 0.27986
vt 0.01731 0.28520
vt 0.01758 0.28153
vt 0.01306 0.29263
vt 0.02563 0.28942
vt 0.61345 0.46026
vt 0.61693 0.46272
vt 0.61345 0.46446
vt 0.61529 0.46770
vt 0.61751 0.47013
vt 0.61604 0.47357
vt 0.61801 0.47649
vt 0.61363 0.47277
vt 0.61514 0.48121
vt 0.61266 0.47944
vt 0.61403 0.48381
vt 0.61643 0.48578
vt 0.61414 0.48851
vt 0.61753 0.48132
vt 0.61633 0.49424
vt 0.61387 0.49645
vt 0.61484 0.50165
vt 0.61835 0.48941
vt 0.61953 0.49683
vt 0.61732 0.50627
vt 0.61435 0.50883
vt 0.61674 0.51365
vt 0.61362 0.51302
vt 0.61497 0.52011
vt 0.61954 0.47099
vt 0.62058 0.48252
vt 0.61950 0.51822
vt 0.61951 0.51078
vt 0.61822 0.52352
vt 0.61422 0.52731
vt 0.61773 0.53196
vt 0.61601 0.53390
vt 0.62012 0.47549
vt 0.62064 0.50246
vt 0.62126 0.48877
vt 0.62009 0.46430
vt 0.61979 0.53906
vt 0.62189 0.47134
vt 0.62220 0.47772
vt 0.61718 0.53958
vt 0.61943 0.54282
vt 0.61676 0.54305
vt 0.61888 0.54733
vt 0.62202 0.54783
vt 0.62238 0.55288
vt 0.62512 0.54882
vt 0.62465 0.54596
vt 0.62815 0.54570
vt 0.62046 0.52436
vt 0.61997 0.53076
vt 0.62115 0.53621
vt 0.62281 0.54155
vt 0.62214 0.48357
vt 0.62245 0.49508
vt 0.62615 0.54356
vt 0.62232 0.50949
vt 0.62239 0.51489
vt 0.62304 0.50239
vt 0.62232 0.46056
vt 0.62285 0.46822
vt 0.61170 0.12483
vt 0.60608 0.12274
vt 0.60880 0.12623
vt 0.60160 0.12439
vt 0.61676 0.12616
vt 0.61610 0.12280
vt 0.61150 0.12125
vt 0.60069 0.12668
vt 0.59644 0.12564
vt 0.55606 0.11591
vt 0.55709 0.11899
vt 0.56131 0.11626
vt 0.56313 0.12023
vt 0.56749 0.11571
vt 0.57182 0.11713
vt 0.56232 0.11355
vt 0.55498 0.11421
vt 0.55968 0.10988
vt 0.55184 0.11113
vt 0.55627 0.11227
vt 0.56640 0.11157
vt 0.54652 0.11461
vt 0.54547 0.11298
vt 0.54992 0.11493
vt 0.54205 0.11517
vt 0.54175 0.11285
vt 0.57118 0.11221
vt 0.57633 0.11317
vt 0.57778 0.11021
vt 0.58216 0.11257
vt 0.58474 0.11013
vt 0.58913 0.11328
vt 0.59187 0.11024
vt 0.58237 0.11563
vt 0.54733 0.11080
vt 0.57193 0.10850
vt 0.53697 0.11562
vt 0.53673 0.11333
vt 0.53072 0.11416
vt 0.53216 0.11614
vt 0.52879 0.11707
vt 0.56698 0.10782
vt 0.58629 0.10659
vt 0.58171 0.10835
vt 0.59055 0.10841
vt 0.57547 0.10730
vt 0.59357 0.10649
vt 0.59855 0.10854
vt 0.60172 0.10638
vt 0.58103 0.10625
vt 0.60504 0.10961
vt 0.61010 0.10639
vt 0.59872 0.11035
vt 0.61322 0.10807
vt 0.61823 0.10616
vt 0.59734 0.11218
vt 0.59599 0.11678
vt 0.60194 0.11336
vt 0.60036 0.11966
vt 0.58997 0.12009
vt 0.58424 0.11874
vt 0.59602 0.12185
vt 0.57744 0.11876
vt 0.60936 0.11379
vt 0.60624 0.11952
vt 0.61013 0.11053
vt 0.61588 0.11234
vt 0.61833 0.11071
vt 0.61104 0.11720
vt 0.61700 0.12049
vt 0.61610 0.11566
vt 0.62082 0.10829
vt 0.36000 0.11905
vt 0.36206 0.12050
vt 0.36464 0.11836
vt 0.36850 0.11947
vt 0.36783 0.12278
vt 0.35932 0.12288
vt 0.35439 0.11960
vt 0.35357 0.12246
vt 0.37457 0.11965
vt 0.37522 0.12365
vt 0.34952 0.12171
vt 0.34949 0.11979
vt 0.34416 0.12248
vt 0.34471 0.12025
vt 0.33756 0.11964
vt 0.33851 0.12293
vt 0.33380 0.12201
vt 0.33191 0.11778
vt 0.34600 0.12586
vt 0.33889 0.12631
vt 0.34248 0.12925
vt 0.36993 0.12800
vt 0.34754 0.12998
vt 0.34381 0.13321
vt 0.37996 0.11997
vt 0.37426 0.12778
vt 0.37420 0.13325
vt 0.36758 0.13366
vt 0.36338 0.12774
vt 0.35877 0.13209
vt 0.36274 0.13453
vt 0.35569 0.12761
vt 0.36687 0.13599
vt 0.35058 0.12785
vt 0.35211 0.13222
vt 0.34904 0.13414
vt 0.35383 0.13482
vt 0.37924 0.12590
vt 0.38330 0.12174
vt 0.35809 0.13686
vt 0.36988 0.13591
vt 0.37007 0.13512
vt 0.37092 0.13437
vt 0.33833 0.13199
vt 0.33654 0.13539
vt 0.33244 0.12689
vt 0.32946 0.12252
vt 0.37863 0.13037
vt 0.38024 0.13329
vt 0.32655 0.11681
vt 0.32502 0.11840
vt 0.32159 0.12197
vt 0.31861 0.11767
vt 0.31780 0.12103
vt 0.32075 0.11579
vt 0.31579 0.11484
vt 0.37854 0.13557
vt 0.37386 0.13464
vt 0.32548 0.12535
vt 0.32001 0.12508
vt 0.33449 0.13233
vt 0.38445 0.11969
vt 0.31316 0.11660
vt 0.34497 0.13607
vt 0.31112 0.11491
vt 0.31446 0.11989
vt 0.33230 0.13502
vt 0.36268 0.13862
vt 0.31721 0.12482
vt 0.35074 0.13698
vt 0.36778 0.13937
vt 0.37039 0.13742
vt 0.37250 0.14014
vt 0.35794 0.13895
vt 0.37493 0.13879
vt 0.37161 0.13691
vt 0.26166 0.89197
vt 0.26141 0.89032
vt 0.26896 0.89115
vt 0.26591 0.89249
vt 0.27231 0.89244
vt 0.27504 0.89184
vt 0.27830 0.89287
vt 0.27721 0.89380
vt 0.27937 0.89420
vt 0.28016 0.89273
vt 0.27896 0.89204
vt 0.27726 0.89116
vt 0.27072 0.89043
vt 0.27161 0.89321
vt 0.26569 0.88990
vt 0.28022 0.89120
vt 0.28115 0.89160
vt 0.30008 0.00284
vt 0.30083 0.00118
vt 0.30166 0.00277
vt 0.30083 0.00434
vt 0.40850 0.02731
vt 0.40661 0.02592
vt 0.39930 0.02746
vt 0.39862 0.02850
vt 0.39314 0.02873
vt 0.63729 0.09353
vt 0.63833 0.09503
vt 0.64117 0.09387
vt 0.64275 0.09548
vt 0.63538 0.09387
vt 0.64195 0.09669
vt 0.64787 0.09620
vt 0.63525 0.09516
vt 0.37894 0.81492
vt 0.37737 0.81413
vt 0.37973 0.81413
vt 0.45228 0.06827
vt 0.45308 0.06906
vt 0.45071 0.06906
vt 0.99546 0.22703
vt 0.99429 0.22748
vt 0.99390 0.22239
vt 0.99501 0.22926
vt 0.99354 0.23040
vt 0.99382 0.23244
vt 0.99352 0.22645
vt 0.22526 0.63418
vt 0.23109 0.63384
vt 0.23161 0.63295
vt 0.22644 0.63260
vt 0.23297 0.63411
vt 0.22121 0.63292
vt 0.23304 0.63292
vt 0.44079 0.38451
vt 0.44311 0.38508
vt 0.44292 0.38379
vt 0.44623 0.38431
vt 0.44610 0.38352
vt 0.44073 0.38567
vt 0.44216 0.38671
vt 0.44504 0.38597
vt 0.44046 0.38726
vt 0.45520 0.38319
vt 0.45512 0.38424
vt 0.45944 0.38400
vt 0.45107 0.38343
vt 0.45100 0.38470
vt 0.45662 0.38542
vt 0.46336 0.38440
vt 0.45099 0.38641
vt 0.45684 0.38771
vt 0.46460 0.38731
vt 0.46036 0.39025
vt 0.46585 0.38481
vt 0.47196 0.38533
vt 0.47231 0.38880
vt 0.47825 0.38684
vt 0.46357 0.39083
vt 0.46898 0.38999
vt 0.48211 0.38926
vt 0.45140 0.38799
vt 0.44781 0.38686
vt 0.47618 0.38946
vt 0.45505 0.38971
vt 0.47887 0.38607
vt 0.44410 0.38789
vt 0.44085 0.38812
vt 0.44953 0.38931
vt 0.45917 0.39108
vt 0.46887 0.38357
vt 0.47413 0.38499
vt 0.47132 0.38409
vt 0.47061 0.38319
vt 0.80839 0.08195
vt 0.80954 0.08300
vt 0.80797 0.08375
vt 0.80939 0.08090
vt 0.80939 0.08485
vt 0.80797 0.08479
vt 0.66945 0.17351
vt 0.66593 0.17227
vt 0.67158 0.18674
vt 0.67036 0.18784
vt 0.66743 0.18714
vt 0.66741 0.18844
vt 0.66481 0.18763
vt 0.66464 0.18681
vt 0.66340 0.18903
vt 0.66074 0.17287
vt 0.66034 0.17152
vt 0.65497 0.17130
vt 0.65403 0.17014
vt 0.65016 0.17076
vt 0.64866 0.16938
vt 0.64350 0.16995
vt 0.64403 0.16851
vt 0.63892 0.16909
vt 0.63337 0.17036
vt 0.63007 0.16885
vt 0.62648 0.16958
vt 0.62613 0.17101
vt 0.62792 0.17152
vt 0.62518 0.16958
vt 0.63387 0.17144
vt 0.64015 0.17148
vt 0.66209 0.18749
vt 0.66324 0.18676
vt 0.66416 0.18611
vt 0.66112 0.18594
vt 0.62500 0.17148
vt 0.62634 0.17321
vt 0.62518 0.17362
vt 0.39393 0.99742
vt 0.39676 0.99882
vt 0.39653 0.99759
vt 0.39949 0.99708
vt 0.40156 0.99806
vt 0.38689 0.54374
vt 0.39025 0.54187
vt 0.39428 0.54355
vt 0.39553 0.54190
vt 0.39995 0.54343
vt 0.40141 0.54182
vt 0.40542 0.54324
vt 0.40627 0.54181
vt 0.41038 0.54270
vt 0.42698 0.54244
vt 0.42705 0.54133
vt 0.42280 0.54200
vt 0.42595 0.54104
vt 0.42394 0.54404
vt 0.41818 0.54333
vt 0.41494 0.54236
vt 0.41260 0.54405
vt 0.40830 0.54383
vt 0.40395 0.54442
vt 0.39858 0.54485
vt 0.39149 0.54498
vt 0.27014 0.00579
vt 0.27105 0.00383
vt 0.26660 0.00360
vt 0.26562 0.00425
vt 0.27510 0.00425
vt 0.27528 0.00533
vt 0.27662 0.00501
vt 0.27933 0.00572
vt 0.26580 0.00567
vt 0.26407 0.00441
vt 0.26954 0.00750
vt 0.26351 0.00593
vt 0.27411 0.00663
vt 0.27830 0.00457
vt 0.27957 0.00473
vt 0.27761 0.00366
vt 0.54414 0.39029
vt 0.54140 0.39089
vt 0.54448 0.39108
vt 0.54850 0.39089
vt 0.24040 0.17999
vt 0.24316 0.17911
vt 0.24266 0.17829
vt 0.24014 0.17908
vt 0.25192 0.17902
vt 0.25437 0.17747
vt 0.25186 0.17736
vt 0.25579 0.17640
vt 0.24671 0.17913
vt 0.25042 0.18035
vt 0.24582 0.18010
vt 0.24329 0.17925
vt 0.24490 0.17773
vt 0.24859 0.17714
vt 0.25611 0.17839
vt 0.25394 0.17829
vt 0.24201 0.17776
vt 0.71188 0.65597
vt 0.70909 0.65706
vt 0.70788 0.65549
vt 0.70465 0.65665
vt 0.72200 0.92305
vt 0.72279 0.92620
vt 0.72227 0.92620
vt 0.39472 0.02092
vt 0.39472 0.02249
vt 0.39550 0.02135
vt 0.13745 0.05069
vt 0.13768 0.04914
vt 0.14312 0.04875
vt 0.14321 0.04728
vt 0.14848 0.04515
vt 0.15144 0.04518
vt 0.15292 0.04317
vt 0.15502 0.04302
vt 0.14003 0.05133
vt 0.14900 0.04753
vt 0.14508 0.04932
vt 0.15351 0.04519
vt 0.15576 0.04366
vt 0.45203 0.29590
vt 0.45208 0.29679
vt 0.45308 0.29632
vt 0.44762 0.29661
vt 0.44748 0.29542
vt 0.44247 0.29596
vt 0.43873 0.29716
vt 0.43714 0.29588
vt 0.43269 0.29716
vt 0.44901 0.29420
vt 0.44399 0.29400
vt 0.43973 0.29437
vt 0.45163 0.29464
vt 0.43440 0.29534
vt 0.42983 0.29632
vt 0.12803 0.47915
vt 0.12944 0.47869
vt 0.12973 0.48027
vt 0.12737 0.48027
vt 0.95852 0.78505
vt 0.96024 0.78760
vt 0.95675 0.78636
vt 0.95889 0.79025
vt 0.95841 0.79325
vt 0.95580 0.78776
vt 0.95672 0.79357
vt 0.95804 0.79721
vt 0.95748 0.80216
vt 0.96066 0.79422
vt 0.95854 0.80213
vt 0.95875 0.80638
vt 0.96181 0.78682
vt 0.96257 0.79275
vt 0.96105 0.79189
vt 0.96277 0.79507
vt 0.95960 0.80577
vt 0.95964 0.80702
vt 0.95931 0.79740
vt 0.95989 0.80165
vt 0.95910 0.79539
vt 0.96019 0.79503
vt 0.96241 0.79808
vt 0.96135 0.79686
vt 0.96203 0.79638
vt 0.96317 0.79721
vt 0.96392 0.79882
vt 0.96328 0.79924
vt 0.04456 0.46133
vt 0.04535 0.45910
vt 0.04456 0.45817
vt 0.57534 0.94512
vt 0.57762 0.94644
vt 0.56980 0.94638
vt 0.56980 0.94503
vt 0.56543 0.94593
vt 0.56315 0.94649
vt 0.55671 0.94542
vt 0.58062 0.94953
vt 0.57358 0.94806
vt 0.57559 0.95219
vt 0.57137 0.95079
vt 0.56845 0.94870
vt 0.56139 0.94793
vt 0.56543 0.95002
vt 0.55510 0.94667
vt 0.55161 0.94641
vt 0.55574 0.94869
vt 0.55212 0.94803
vt 0.55087 0.94505
vt 0.56050 0.95000
vt 0.55433 0.94927
vt 0.57436 0.95356
vt 0.57804 0.95430
vt 0.57891 0.95343
vt 0.13691 0.20172
vt 0.13884 0.20324
vt 0.14093 0.20215
vt 0.14565 0.20308
vt 0.14728 0.20166
vt 0.13586 0.20273
vt 0.13464 0.20169
vt 0.13397 0.20244
vt 0.13368 0.20166
vt 0.50065 0.76121
vt 0.50197 0.75914
vt 0.50179 0.76196
vt 0.50180 0.76544
vt 0.50106 0.75472
vt 0.49891 0.75735
vt 0.49941 0.75248
vt 0.50028 0.75070
vt 0.50180 0.75057
vt 0.49882 0.76314
vt 0.50049 0.76740
vt 0.50122 0.74941
vt 0.49912 0.76914
vt 0.49935 0.75033
vt 0.67300 0.65587
vt 0.67213 0.65337
vt 0.66932 0.65836
vt 0.66909 0.65175
vt 0.66759 0.65812
vt 0.66776 0.65353
vt 0.67324 0.64889
vt 0.67030 0.64972
vt 0.67148 0.64783
vt 0.67405 0.64946
vt 0.67436 0.64536
vt 0.67011 0.64635
vt 0.67098 0.64606
vt 0.67301 0.64482
vt 0.67240 0.64412
vt 0.67363 0.64286
vt 0.66994 0.64531
vt 0.67420 0.64435
vt 0.67507 0.64300
vt 0.67547 0.64374
vt 0.84109 0.61397
vt 0.83951 0.61523
vt 0.83951 0.61287
vt 0.50351 0.79501
vt 0.50642 0.79532
vt 0.50372 0.79974
vt 0.50594 0.80172
vt 0.50502 0.80247
vt 0.50701 0.80622
vt 0.50275 0.79866
vt 0.50580 0.80623
vt 0.50686 0.80899
vt 0.50846 0.80930
vt 0.50764 0.81290
vt 0.50923 0.81160
vt 0.50913 0.81823
vt 0.50781 0.82155
vt 0.50945 0.82589
vt 0.51044 0.82552
vt 0.51065 0.82991
vt 0.50630 0.81363
vt 0.50746 0.82551
vt 0.50868 0.82882
vt 0.50606 0.82051
vt 0.69803 0.65289
vt 0.69835 0.64832
vt 0.69983 0.65185
vt 0.69919 0.64741
vt 0.69974 0.65456
vt 0.69756 0.64536
vt 0.69779 0.65531
vt 0.70071 0.64825
vt 0.69821 0.64444
vt 0.69946 0.64543
vt 0.69901 0.65925
vt 0.70007 0.65878
vt 0.70071 0.66496
vt 0.55044 0.42001
vt 0.55060 0.41664
vt 0.55509 0.41902
vt 0.55313 0.42235
vt 0.55907 0.42075
vt 0.55735 0.41754
vt 0.55335 0.41607
vt 0.56224 0.41855
vt 0.56242 0.42090
vt 0.56639 0.42029
vt 0.56034 0.42217
vt 0.56643 0.42143
vt 0.55628 0.42423
vt 0.55687 0.42515
vt 0.55907 0.41652
vt 0.57222 0.42123
vt 0.57318 0.42023
vt 0.56875 0.41951
vt 0.56502 0.41925
vt 0.57672 0.42107
vt 0.57752 0.42019
vt 0.57697 0.41908
vt 0.57952 0.41880
vt 0.57962 0.42033
vt 0.55510 0.42553
vt 0.55437 0.42678
vt 0.55173 0.42543
vt 0.55306 0.42671
vt 0.55049 0.41509
vt 0.55330 0.42458
vt 0.57343 0.41897
vt 0.54947 0.42294
vt 0.55114 0.42419
vt 0.57941 0.41808
vt 0.58105 0.41839
vt 0.58162 0.41938
vt 0.58143 0.42027
vt 0.94615 0.23445
vt 0.94350 0.23396
vt 0.94475 0.23007
vt 0.95180 0.23342
vt 0.94961 0.22920
vt 0.94752 0.22303
vt 0.94937 0.22459
vt 0.95038 0.22251
vt 0.95218 0.22511
vt 0.95447 0.22902
vt 0.94948 0.22019
vt 0.95396 0.23328
vt 0.95027 0.22028
vt 0.95095 0.21409
vt 0.94968 0.21492
vt 0.95080 0.20718
vt 0.95465 0.23563
vt 0.57291 0.32911
vt 0.57095 0.32873
vt 0.57279 0.33023
vt 0.57453 0.33008
vt 0.57002 0.33016
vt 0.56639 0.32879
vt 0.56375 0.33012
vt 0.55696 0.32998
vt 0.55717 0.33150
vt 0.55140 0.33282
vt 0.54889 0.33109
vt 0.54575 0.33108
vt 0.54743 0.33346
vt 0.57429 0.33091
vt 0.54219 0.33147
vt 0.54087 0.33005
vt 0.53626 0.33108
vt 0.53589 0.32956
vt 0.54436 0.32889
vt 0.03000 0.70083
vt 0.03332 0.69949
vt 0.02868 0.69931
vt 0.03549 0.70084
vt 0.04298 0.69890
vt 0.02780 0.70085
vt 0.02666 0.69926
vt 0.02542 0.69997
vt 0.02484 0.69890
vt 0.02566 0.70126
vt 0.08646 0.47318
vt 0.08596 0.47516
vt 0.08557 0.46701
vt 0.08720 0.46631
vt 0.08633 0.45948
vt 0.08803 0.47590
vt 0.08805 0.47967
vt 0.08814 0.47128
vt 0.08924 0.47985
vt 0.08862 0.48348
vt 0.08760 0.48963
vt 0.08810 0.46028
vt 0.08736 0.45475
vt 0.08601 0.45408
vt 0.08650 0.45194
vt 0.08795 0.45028
vt 0.08924 0.45075
vt 0.08910 0.47545
vt 0.08914 0.45443
vt 0.08915 0.46583
vt 0.08951 0.45898
vt 0.08943 0.47058
vt 0.58591 0.17486
vt 0.58417 0.17561
vt 0.58781 0.17550
vt 0.58005 0.17549
vt 0.58837 0.17482
vt 0.58872 0.17549
vt 0.01544 0.00549
vt 0.01597 0.00836
vt 0.01538 0.00795
vt 0.01617 0.01381
vt 0.01617 0.00513
vt 0.53739 0.27822
vt 0.54062 0.27792
vt 0.53606 0.27760
vt 0.53194 0.27792
vt 0.53969 0.27743
vt 0.00865 0.67443
vt 0.00701 0.67462
vt 0.00862 0.67525
vt 0.01301 0.67503
vt 0.00628 0.67590
vt 0.00591 0.67503
vt 0.00930 0.67601
vt 0.60401 0.87832
vt 0.60306 0.87729
vt 0.60134 0.87830
vt 0.60844 0.87830
vt 0.60467 0.87727
vt 0.60243 0.87885
vt 0.11790 0.86388
vt 0.11448 0.86464
vt 0.11610 0.86385
vt 0.11396 0.86388
vt 0.94589 0.08482
vt 0.94351 0.08389
vt 0.94032 0.08501
vt 0.94740 0.08338
vt 0.93956 0.08359
vt 0.94928 0.08486
vt 0.95028 0.08429
vt 0.94646 0.08248
vt 0.94981 0.08329
vt 0.93523 0.08454
vt 0.93479 0.08320
vt 0.93216 0.08527
vt 0.93263 0.08674
vt 0.95071 0.08327
vt 0.95004 0.08259
vt 0.92179 0.08798
vt 0.92104 0.08731
vt 0.92505 0.08684
vt 0.92556 0.08783
vt 0.93022 0.08732
vt 0.96727 0.07301
vt 0.96885 0.07301
vt 0.96839 0.07459
vt 0.88028 0.76634
vt 0.88112 0.76600
vt 0.87958 0.76708
vt 0.88015 0.76337
vt 0.87924 0.76402
vt 0.87835 0.76046
vt 0.87750 0.76082
vt 0.87880 0.76497
vt 0.07835 0.64833
vt 0.08038 0.64711
vt 0.07751 0.64721
vt 0.07453 0.64706
vt 0.07475 0.64601
vt 0.08145 0.64838
vt 0.08477 0.64695
vt 0.08547 0.64787
vt 0.09030 0.64601
vt 0.70718 0.86277
vt 0.70560 0.86316
vt 0.70606 0.85833
vt 0.70627 0.86819
vt 0.70465 0.86890
vt 0.70615 0.86568
vt 0.70781 0.86554
vt 0.70583 0.87433
vt 0.70702 0.87236
vt 0.70718 0.87770
vt 0.70522 0.88043
vt 0.30541 0.42581
vt 0.30506 0.42344
vt 0.30166 0.42419
vt 0.30831 0.42527
vt 0.30906 0.42429
vt 0.31015 0.42532
vt 0.31033 0.42419
vt 0.97970 0.40532
vt 0.97951 0.41132
vt 0.97817 0.41003
vt 0.97802 0.41397
vt 0.97924 0.41455
vt 0.97826 0.40365
vt 0.97930 0.40015
vt 0.97871 0.39779
vt 0.98025 0.39708
vt 0.97946 0.39566
vt 0.98057 0.39996
vt 0.97844 0.39538
vt 0.97673 0.41367
vt 0.97716 0.40816
vt 0.97735 0.41724
vt 0.97837 0.41602
vt 0.97836 0.41880
vt 0.97682 0.42048
vt 0.97809 0.42110
vt 0.97928 0.41778
vt 0.97966 0.42132
vt 0.98056 0.39508
vt 0.97952 0.39266
vt 0.98068 0.39269
vt 0.68345 0.03833
vt 0.68167 0.03828
vt 0.68102 0.03986
vt 0.68021 0.03898
vt 0.68415 0.03898
vt 0.76705 0.65233
vt 0.76617 0.65159
vt 0.76705 0.65075
vt 0.76774 0.65154
vt 0.38173 0.15188
vt 0.37960 0.15114
vt 0.38338 0.15291
vt 0.38604 0.15249
vt 0.37894 0.15249
vt 0.37998 0.15351
vt 0.53628 0.02170
vt 0.53441 0.02092
vt 0.53904 0.02120
vt 0.53273 0.02120
vt 0.01617 0.56551
vt 0.01774 0.56551
vt 0.01769 0.56630
vt 0.41995 0.94199
vt 0.41995 0.94357
vt 0.42074 0.94325
vt 0.97150 0.13337
vt 0.97020 0.13349
vt 0.97200 0.13118
vt 0.97200 0.13773
vt 0.97029 0.13062
vt 0.96964 0.13192
vt 0.04140 0.30032
vt 0.04140 0.29874
vt 0.03983 0.29914
vt 0.27563 0.24901
vt 0.27642 0.24901
vt 0.27642 0.25059
vt 0.95860 0.86148
vt 0.96017 0.86148
vt 0.95989 0.86306
vt 0.68573 0.82281
vt 0.68573 0.82123
vt 0.68494 0.82250
vt 0.41310 0.94830
vt 0.41128 0.94672
vt 0.41364 0.94672
vt 0.53431 0.97884
vt 0.53273 0.97830
vt 0.53273 0.98066
vt 0.89628 0.01344
vt 0.89349 0.01232
vt 0.89557 0.01223
vt 0.26188 0.46156
vt 0.26344 0.46361
vt 0.26544 0.46202
vt 0.26774 0.46227
vt 0.26662 0.46133
vt 0.26123 0.46547
vt 0.26702 0.46356
f 623/623 622/622 625/625
f 623/623 621/621 622/622
f 1124/1124 1125/1125 1098/1098
f 1087/1087 1073/1073 1072/1072
f 1144/1144 1125/1125 1143/1143
f 1144/1144 1141/1141 1125/1125
f 1098/1098 1119/1119 1097/1097
f 1125/1125 1119/1119 1098/1098
f 1119/1119 1141/1141 1129/1129
f 1125/1125 1141/1141 1119/1119
f 1129/1129 1108/1108 1119/1119
f 1119/1119 1108/1108 1097/1097
f 1098/1098 1071/1071 1073/1073
f 1098/1098 1097/1097 1071/1071
f 1073/1073 1071/1071 1072/1072
f 1071/1071 1059/1059 1072/1072
f 1071/1071 1061/1061 1059/1059
f 1129/1129 1117/1117 1108/1108
f 1108/1108 1083/1083 1097/1097
f 1117/1117 1106/1106 1108/1108
f 1117/1117 1130/1130 1106/1106
f 1108/1108 1106/1106 1086/1086
f 1097/1097 1083/1083 1071/1071
f 1083/1083 1061/1061 1071/1071
f 1083/1083 1086/1086 1062/1062
f 1083/1083 1062/1062 1061/1061
f 1062/1062 1060/1060 1061/1061
f 1083/1083 1108/1108 1086/1086
f 1063/1063 1066/1066 1060/1060
f 1062/1062 1063/1063 1060/1060
f 1130/1130 1116/1116 1106/1106
f 1116/1116 1096/1096 1088/1088
f 1116/1116 1088/1088 1106/1106
f 1086/1086 1106/1106 1088/1088
f 1086/1086 1088/1088 1062/1062
f 1062/1062 1088/1088 1064/1064
f 1062/1062 1064/1064 1063/1063
f 1063/1063 1069/1069 1066/1066
f 1064/1064 1065/1065 1063/1063
f 1063/1063 1065/1065 1069/1069
f 1116/1116 1121/1121 1096/1096
f 1096/1096 1121/1121 1101/1101
f 1096/1096 1064/1064 1088/1088
f 1096/1096 1081/1081 1064/1064
f 1096/1096 1101/1101 1081/1081
f 1069/1069 1065/1065 1070/1070
f 1064/1064 1056/1056 1065/1065
f 1065/1065 1056/1056 1070/1070
f 1064/1064 1081/1081 1056/1056
f 1072/1072 1058/1058 1074/1074
f 1072/1072 1059/1059 1058/1058
f 1074/1074 1058/1058 1075/1075
f 1059/1059 1057/1057 1058/1058
f 1058/1058 1079/1079 1075/1075
f 1075/1075 1079/1079 1128/1128
f 1059/1059 1061/1061 1060/1060
f 1059/1059 1060/1060 1057/1057
f 1057/1057 1055/1055 1058/1058
f 1054/1054 1055/1055 1057/1057
f 1060/1060 1054/1054 1057/1057
f 1066/1066 1054/1054 1060/1060
f 1066/1066 1053/1053 1054/1054
f 1054/1054 1053/1053 1052/1052
f 1054/1054 1052/1052 1055/1055
f 1058/1058 1055/1055 1079/1079
f 1079/1079 1055/1055 1076/1076
f 1066/1066 1069/1069 1053/1053
f 1055/1055 1052/1052 1076/1076
f 1069/1069 1050/1050 1053/1053
f 1053/1053 1050/1050 1052/1052
f 1069/1069 1070/1070 1050/1050
f 1052/1052 1050/1050 1051/1051
f 1076/1076 1052/1052 1077/1077
f 805/805 782/782 813/813
f 305/305 296/296 295/295
f 296/296 304/304 294/294
f 626/626 720/720 636/636
f 636/636 720/720 721/721
f 720/720 723/723 721/721
f 296/296 294/294 295/295
f 625/625 622/622 626/626
f 622/622 627/627 626/626
f 626/626 627/627 720/720
f 304/304 307/307 294/294
f 813/813 782/782 807/807
f 721/721 723/723 738/738
f 723/723 751/751 738/738
f 807/807 782/782 791/791
f 295/295 294/294 291/291
f 291/291 294/294 292/292
f 622/622 620/620 627/627
f 627/627 620/620 631/631
f 627/627 631/631 720/720
f 294/294 307/307 306/306
f 807/807 791/791 808/808
f 720/720 722/722 723/723
f 782/782 762/762 791/791
f 723/723 743/743 751/751
f 723/723 722/722 743/743
f 195/195 194/194 142/142
f 294/294 306/306 292/292
f 631/631 719/719 720/720
f 622/622 621/621 620/620
f 620/620 618/618 619/619
f 291/291 292/292 293/293
f 620/620 619/619 632/632
f 620/620 632/632 631/631
f 620/620 621/621 618/618
f 720/720 719/719 722/722
f 791/791 789/789 808/808
f 292/292 297/297 293/293
f 631/631 632/632 719/719
f 292/292 306/306 297/297
f 722/722 724/724 743/743
f 808/808 789/789 809/809
f 306/306 311/311 297/297
f 722/722 719/719 724/724
f 297/297 298/298 293/293
f 297/297 311/311 310/310
f 297/297 310/310 298/298
f 619/619 617/617 632/632
f 619/619 618/618 617/617
f 632/632 718/718 719/719
f 719/719 718/718 724/724
f 791/791 765/765 789/789
f 194/194 145/145 142/142
f 217/217 145/145 194/194
f 789/789 765/765 769/769
f 809/809 790/790 811/811
f 809/809 789/789 790/790
f 217/217 143/143 145/145
f 789/789 769/769 790/790
f 145/145 143/143 129/129
f 293/293 298/298 299/299
f 618/618 616/616 617/617
f 617/617 616/616 615/615
f 617/617 638/638 632/632
f 632/632 638/638 718/718
f 617/617 615/615 638/638
f 299/299 298/298 300/300
f 298/298 308/308 300/300
f 638/638 634/634 718/718
f 299/299 300/300 301/301
f 615/615 634/634 638/638
f 615/615 616/616 614/614
f 298/298 310/310 308/308
f 1273/1273 1271/1271 1272/1272
f 811/811 790/790 806/806
f 217/217 221/221 143/143
f 718/718 725/725 724/724
f 769/769 783/783 790/790
f 790/790 783/783 795/795
f 790/790 795/795 806/806
f 143/143 221/221 215/215
f 300/300 308/308 309/309
f 1272/1272 1271/1271 1270/1270
f 1271/1271 1269/1269 1270/1270
f 634/634 717/717 718/718
f 718/718 717/717 725/725
f 725/725 717/717 734/734
f 215/215 144/144 143/143
f 143/143 144/144 106/106
f 795/795 783/783 796/796
f 806/806 795/795 803/803
f 795/795 799/799 803/803
f 796/796 800/800 799/799
f 796/796 799/799 795/795
f 615/615 614/614 613/613
f 615/615 613/613 634/634
f 613/613 633/633 634/634
f 614/614 612/612 613/613
f 613/613 610/610 633/633
f 613/613 612/612 610/610
f 300/300 302/302 301/301
f 300/300 309/309 302/302
f 634/634 653/653 717/717
f 633/633 653/653 634/634
f 717/717 653/653 716/716
f 309/309 312/312 302/302
f 1270/1270 1269/1269 1266/1266
f 717/717 733/733 734/734
f 734/734 733/733 750/750
f 215/215 210/210 144/144
f 210/210 130/130 144/144
f 803/803 799/799 810/810
f 301/301 302/302 303/303
f 302/302 313/313 303/303
f 653/653 633/633 635/635
f 635/635 716/716 653/653
f 633/633 610/610 635/635
f 303/303 313/313 314/314
f 302/302 312/312 313/313
f 717/717 716/716 733/733
f 716/716 732/732 733/733
f 1269/1269 1268/1268 1266/1266
f 803/803 810/810 812/812
f 732/732 750/750 733/733
f 750/750 732/732 748/748
f 210/210 219/219 130/130
f 314/314 313/313 315/315
f 313/313 316/316 315/315
f 313/313 312/312 316/316
f 629/629 628/628 654/654
f 610/610 606/606 624/624
f 629/629 624/624 628/628
f 629/629 610/610 624/624
f 654/654 655/655 715/715
f 1266/1266 1264/1264 1265/1265
f 1265/1265 1264/1264 1263/1263
f 316/316 317/317 315/315
f 654/654 628/628 655/655
f 610/610 612/612 611/611
f 610/610 611/611 609/609
f 1120/1120 1111/1111 1101/1101
f 609/609 606/606 610/610
f 1111/1111 1112/1112 1109/1109
f 1111/1111 1109/1109 1100/1100
f 716/716 635/635 654/654
f 610/610 629/629 635/635
f 635/635 629/629 654/654
f 716/716 731/731 732/732
f 732/732 731/731 748/748
f 654/654 715/715 716/716
f 716/716 715/715 731/731
f 624/624 606/606 608/608
f 315/315 317/317 318/318
f 628/628 630/630 655/655
f 624/624 608/608 628/628
f 608/608 607/607 603/603
f 630/630 628/628 608/608
f 608/608 605/605 630/630
f 605/605 608/608 603/603
f 1112/1112 1105/1105 1109/1109
f 606/606 607/607 608/608
f 606/606 609/609 607/607
f 637/637 639/639 630/630
f 602/602 640/640 637/637
f 602/602 641/641 640/640
f 605/605 603/603 602/602
f 630/630 605/605 637/637
f 637/637 605/605 602/602
f 602/602 603/603 604/604
f 642/642 640/640 641/641
f 642/642 643/643 640/640
f 1112/1112 1118/1118 1113/1113
f 1112/1112 1113/1113 1105/1105
f 1118/1118 1114/1114 1113/1113
f 1118/1118 1122/1122 1114/1114
f 644/644 646/646 645/645
f 282/282 281/281 280/280
f 1126/1126 1123/1123 1122/1122
f 1126/1126 1135/1135 1123/1123
f 1122/1122 1123/1123 1114/1114
f 1114/1114 1123/1123 1107/1107
f 1114/1114 1107/1107 1091/1091
f 1123/1123 1103/1103 1107/1107
f 1107/1107 1103/1103 1082/1082
f 1135/1135 1132/1132 1123/1123
f 1123/1123 1132/1132 1103/1103
f 1082/1082 1103/1103 1025/1025
f 1103/1103 1132/1132 1104/1104
f 1132/1132 1131/1131 1104/1104
f 1025/1025 1103/1103 1104/1104
f 1131/1131 1110/1110 1104/1104
f 1104/1104 1089/1089 1025/1025
f 1025/1025 1089/1089 1008/1008
f 1104/1104 1110/1110 1089/1089
f 1110/1110 1090/1090 1089/1089
f 1110/1110 1115/1115 1090/1090
f 1089/1089 1090/1090 1008/1008
f 1090/1090 1007/1007 1008/1008
f 1090/1090 1115/1115 1102/1102
f 1582/1582 1587/1587 1588/1588
f 1582/1582 1585/1585 1583/1583
f 1462/1462 1459/1459 1461/1461
f 1102/1102 1127/1127 1094/1094
f 1462/1462 1463/1463 1464/1464
f 1518/1518 1515/1515 1521/1521
f 1462/1462 1461/1461 1463/1463
f 1582/1582 1583/1583 1584/1584
f 1587/1587 1582/1582 1586/1586
f 1584/1584 1586/1586 1582/1582
f 1465/1465 1462/1462 1464/1464
f 1515/1515 1510/1510 1513/1513
f 1515/1515 1518/1518 1510/1510
f 1090/1090 1102/1102 1084/1084
f 1582/1582 1593/1593 1585/1585
f 1592/1592 1593/1593 1582/1582
f 1457/1457 1458/1458 1459/1459
f 1582/1582 1588/1588 1591/1591
f 1592/1592 1582/1582 1591/1591
f 902/902 895/895 901/901
f 901/901 895/895 899/899
f 1459/1459 1460/1460 1461/1461
f 1102/1102 1094/1094 1084/1084
f 1517/1517 1514/1514 1510/1510
f 1517/1517 1510/1510 1518/1518
f 1459/1459 1458/1458 1460/1460
f 1516/1516 1511/1511 1514/1514
f 1090/1090 1084/1084 1007/1007
f 1514/1514 1511/1511 1510/1510
f 901/901 900/900 903/903
f 903/903 900/900 904/904
f 901/901 899/899 900/900
f 1519/1519 1511/1511 1516/1516
f 899/899 898/898 900/900
f 1519/1519 1520/1520 1511/1511
f 1007/1007 1084/1084 1001/1001
f 1586/1586 1589/1589 1587/1587
f 1587/1587 1590/1590 1588/1588
f 1588/1588 1590/1590 1594/1594
f 1591/1591 1588/1588 1601/1601
f 1510/1510 1511/1511 1512/1512
f 1510/1510 1512/1512 1513/1513
f 899/899 895/895 898/898
f 1511/1511 1520/1520 1512/1512
f 1588/1588 1595/1595 1601/1601
f 1513/1513 1512/1512 1506/1506
f 1506/1506 1512/1512 1507/1507
f 1588/1588 1594/1594 1595/1595
f 1506/1506 1507/1507 1508/1508
f 895/895 894/894 898/898
f 1520/1520 1522/1522 1507/1507
f 1520/1520 1507/1507 1512/1512
f 1601/1601 1595/1595 1618/1618
f 895/895 891/891 894/894
f 894/894 891/891 893/893
f 1522/1522 1523/1523 1507/1507
f 1507/1507 1509/1509 1508/1508
f 1507/1507 1523/1523 1509/1509
f 1594/1594 1602/1602 1595/1595
f 1595/1595 1603/1603 1618/1618
f 1595/1595 1602/1602 1603/1603
f 893/893 891/891 890/890
f 1602/1602 1608/1608 1603/1603
f 1603/1603 1608/1608 1609/1609
f 896/896 886/886 887/887
f 896/896 887/887 891/891
f 891/891 887/887 890/890
f 760/760 762/762 782/782
f 196/196 197/197 198/198
f 760/760 759/759 761/761
f 198/198 197/197 216/216
f 759/759 788/788 761/761
f 216/216 151/151 214/214
f 214/214 151/151 122/122
f 202/202 195/195 196/196
f 762/762 760/760 761/761
f 761/761 763/763 762/762
f 191/191 216/216 197/197
f 762/762 763/763 765/765
f 195/195 142/142 196/196
f 762/762 765/765 791/791
f 763/763 764/764 765/765
f 196/196 142/142 197/197
f 197/197 142/142 191/191
f 142/142 131/131 191/191
f 761/761 764/764 763/763
f 764/764 761/761 788/788
f 216/216 191/191 213/213
f 131/131 211/211 191/191
f 788/788 787/787 764/764
f 191/191 211/211 213/213
f 802/802 771/771 788/788
f 151/151 216/216 213/213
f 142/142 145/145 129/129
f 129/129 131/131 142/142
f 765/765 764/764 768/768
f 765/765 768/768 769/769
f 768/768 764/764 767/767
f 764/764 787/787 767/767
f 787/787 792/792 767/767
f 129/129 128/128 131/131
f 768/768 767/767 766/766
f 131/131 128/128 211/211
f 128/128 212/212 211/211
f 129/129 143/143 107/107
f 769/769 766/766 783/783
f 769/769 768/768 766/766
f 129/129 107/107 128/128
f 143/143 106/106 107/107
f 783/783 766/766 784/784
f 783/783 784/784 796/796
f 107/107 108/108 128/128
f 766/766 756/756 784/784
f 107/107 105/105 108/108
f 128/128 108/108 135/135
f 106/106 105/105 107/107
f 106/106 103/103 105/105
f 144/144 130/130 106/106
f 106/106 130/130 103/103
f 1121/1121 1120/1120 1101/1101
f 1070/1070 1049/1049 1050/1050
f 1056/1056 1045/1045 1070/1070
f 1101/1101 1095/1095 1081/1081
f 1111/1111 1100/1100 1101/1101
f 1101/1101 1100/1100 1095/1095
f 1095/1095 1100/1100 1068/1068
f 1056/1056 1081/1081 1046/1046
f 1081/1081 1095/1095 1046/1046
f 1056/1056 1046/1046 1045/1045
f 1095/1095 1068/1068 1046/1046
f 1049/1049 1070/1070 1045/1045
f 1049/1049 1045/1045 1044/1044
f 1068/1068 1043/1043 1046/1046
f 1046/1046 1043/1043 1045/1045
f 1068/1068 1067/1067 1043/1043
f 1043/1043 1044/1044 1045/1045
f 1100/1100 1067/1067 1068/1068
f 1100/1100 1099/1099 1067/1067
f 1109/1109 1099/1099 1100/1100
f 1109/1109 1105/1105 1099/1099
f 1099/1099 1039/1039 1067/1067
f 1067/1067 1040/1040 1043/1043
f 1043/1043 1040/1040 1041/1041
f 1043/1043 1041/1041 1044/1044
f 1041/1041 1047/1047 1044/1044
f 1047/1047 1041/1041 1138/1138
f 1067/1067 1039/1039 1040/1040
f 1142/1142 1138/1138 1041/1041
f 1099/1099 1105/1105 1039/1039
f 1105/1105 1092/1092 1038/1038
f 1039/1039 1038/1038 1036/1036
f 1105/1105 1038/1038 1039/1039
f 1113/1113 1092/1092 1105/1105
f 1113/1113 1114/1114 1092/1092
f 1092/1092 1037/1037 1038/1038
f 1038/1038 1037/1037 1035/1035
f 1114/1114 1091/1091 1092/1092
f 1039/1039 1036/1036 1040/1040
f 1040/1040 1036/1036 1041/1041
f 1036/1036 1042/1042 1041/1041
f 1041/1041 1042/1042 1142/1142
f 1038/1038 1035/1035 1036/1036
f 1035/1035 1034/1034 1036/1036
f 1036/1036 1034/1034 1042/1042
f 1092/1092 1091/1091 1037/1037
f 1037/1037 1032/1032 1035/1035
f 1035/1035 1032/1032 1034/1034
f 1107/1107 1082/1082 1091/1091
f 1091/1091 1082/1082 1037/1037
f 1082/1082 1029/1029 1037/1037
f 1032/1032 1031/1031 1033/1033
f 1037/1037 1029/1029 1032/1032
f 1029/1029 1031/1031 1032/1032
f 1034/1034 1032/1032 1033/1033
f 1029/1029 1082/1082 1025/1025
f 1031/1031 1029/1029 1028/1028
f 1031/1031 1028/1028 1033/1033
f 1033/1033 1028/1028 1030/1030
f 1025/1025 1027/1027 1029/1029
f 1029/1029 1027/1027 1028/1028
f 1027/1027 1026/1026 1028/1028
f 1025/1025 1023/1023 1027/1027
f 1027/1027 1023/1023 1026/1026
f 1028/1028 1026/1026 1030/1030
f 1030/1030 1026/1026 1024/1024
f 1026/1026 1023/1023 1024/1024
f 1023/1023 1020/1020 1024/1024
f 1025/1025 1008/1008 1023/1023
f 1008/1008 1019/1019 1023/1023
f 1023/1023 1019/1019 1020/1020
f 1019/1019 1017/1017 1020/1020
f 1008/1008 1006/1006 1019/1019
f 1008/1008 1007/1007 1006/1006
f 1019/1019 1006/1006 1017/1017
f 1007/1007 1001/1001 1006/1006
f 1403/1403 1404/1404 1405/1405
f 410/410 408/408 409/409
f 413/413 412/412 410/410
f 410/410 412/412 408/408
f 1403/1403 1405/1405 1407/1407
f 1405/1405 1408/1408 1409/1409
f 1399/1399 1396/1396 1395/1395
f 1396/1396 1394/1394 1395/1395
f 1394/1394 1390/1390 1395/1395
f 1395/1395 1390/1390 1397/1397
f 1389/1389 1390/1390 1394/1394
f 1389/1389 1388/1388 1390/1390
f 854/854 849/849 850/850
f 854/854 850/850 855/855
f 180/180 178/178 186/186
f 850/850 849/849 848/848
f 848/848 849/849 846/846
f 559/559 558/558 557/557
f 558/558 556/556 557/557
f 1052/1052 1078/1078 1077/1077
f 1052/1052 1051/1051 1078/1078
f 558/558 550/550 556/556
f 556/556 550/550 549/549
f 550/550 551/551 548/548
f 550/550 548/548 549/549
f 551/551 547/547 548/548
f 1050/1050 1048/1048 1051/1051
f 1050/1050 1049/1049 1048/1048
f 1051/1051 1080/1080 1078/1078
f 1051/1051 1048/1048 1080/1080
f 552/552 561/561 544/544
f 551/551 552/552 547/547
f 1049/1049 1044/1044 1048/1048
f 1048/1048 1044/1044 1047/1047
f 1048/1048 1047/1047 1080/1080
f 1080/1080 1047/1047 1136/1136
f 1047/1047 1137/1137 1136/1136
f 1047/1047 1138/1138 1137/1137
f 531/531 534/534 536/536
f 535/535 534/534 530/530
f 534/534 531/531 530/530
f 530/530 529/529 528/528
f 531/531 529/529 530/530
f 1419/1419 1406/1406 1404/1404
f 1404/1404 1406/1406 1405/1405
f 1405/1405 1406/1406 1408/1408
f 1419/1419 1416/1416 1406/1406
f 1406/1406 1416/1416 1408/1408
f 1397/1397 1390/1390 1392/1392
f 1416/1416 1417/1417 1408/1408
f 1397/1397 1392/1392 1398/1398
f 650/650 645/645 698/698
f 361/361 359/359 357/357
f 357/357 359/359 356/356
f 650/650 698/698 707/707
f 707/707 698/698 700/700
f 1260/1260 1258/1258 1246/1246
f 359/359 363/363 356/356
f 357/357 356/356 355/355
f 645/645 647/647 698/698
f 700/700 697/697 705/705
f 698/698 697/697 700/700
f 698/698 647/647 697/697
f 355/355 356/356 354/354
f 356/356 358/358 354/354
f 697/697 704/704 705/705
f 646/646 648/648 647/647
f 647/647 648/648 652/652
f 355/355 354/354 352/352
f 354/354 353/353 352/352
f 647/647 652/652 697/697
f 648/648 693/693 652/652
f 352/352 353/353 351/351
f 652/652 694/694 697/697
f 697/697 694/694 704/704
f 652/652 693/693 694/694
f 356/356 363/363 358/358
f 1246/1246 1243/1243 1245/1245
f 1246/1246 1247/1247 1243/1243
f 358/358 353/353 354/354
f 705/705 704/704 712/712
f 1245/1245 1243/1243 1244/1244
f 1244/1244 1243/1243 1242/1242
f 353/353 364/364 351/351
f 1242/1242 1243/1243 1241/1241
f 352/352 351/351 350/350
f 350/350 346/346 347/347
f 346/346 345/345 347/347
f 351/351 364/364 360/360
f 1242/1242 1241/1241 1240/1240
f 364/364 348/348 360/360
f 350/350 351/351 346/346
f 351/351 360/360 346/346
f 334/334 331/331 333/333
f 333/333 332/332 337/337
f 337/337 332/332 341/341
f 678/678 660/660 661/661
f 678/678 687/687 660/660
f 799/799 800/800 814/814
f 130/130 146/146 91/91
f 810/810 815/815 816/816
f 799/799 815/815 810/810
f 750/750 748/748 752/752
f 130/130 219/219 146/146
f 815/815 799/799 814/814
f 814/814 817/817 815/815
f 1377/1377 1372/1372 1366/1366
f 815/815 817/817 816/816
f 219/219 138/138 146/146
f 138/138 84/84 146/146
f 1377/1377 1366/1366 1367/1367
f 1266/1266 1267/1267 1264/1264
f 731/731 715/715 711/711
f 711/711 747/747 731/731
f 715/715 655/655 711/711
f 1267/1267 1274/1274 1264/1264
f 1266/1266 1268/1268 1267/1267
f 1268/1268 1275/1275 1267/1267
f 812/812 810/810 816/816
f 748/748 731/731 749/749
f 749/749 752/752 748/748
f 816/816 818/818 819/819
f 818/818 820/820 819/819
f 219/219 223/223 138/138
f 816/816 817/817 818/818
f 1377/1377 1367/1367 1381/1381
f 138/138 74/74 84/84
f 223/223 192/192 138/138
f 1381/1381 1367/1367 1364/1364
f 138/138 88/88 74/74
f 749/749 731/731 747/747
f 1267/1267 1275/1275 1274/1274
f 223/223 224/224 206/206
f 223/223 206/206 192/192
f 206/206 137/137 192/192
f 192/192 88/88 138/138
f 192/192 137/137 88/88
f 1367/1367 1357/1357 1364/1364
f 1381/1381 1364/1364 1383/1383
f 88/88 137/137 70/70
f 88/88 70/70 74/74
f 137/137 136/136 70/70
f 1364/1364 1357/1357 1356/1356
f 711/711 741/741 747/747
f 655/655 656/656 711/711
f 655/655 630/630 656/656
f 1264/1264 1262/1262 1263/1263
f 1263/1263 1262/1262 1261/1261
f 656/656 709/709 711/711
f 711/711 709/709 741/741
f 1262/1262 1264/1264 1276/1276
f 1264/1264 1274/1274 1276/1276
f 317/317 319/319 318/318
f 367/367 366/366 365/365
f 656/656 639/639 709/709
f 1262/1262 1258/1258 1261/1261
f 824/824 823/823 825/825
f 630/630 639/639 656/656
f 821/821 823/823 824/824
f 709/709 740/740 741/741
f 220/220 204/204 205/205
f 220/220 205/205 208/208
f 823/823 821/821 822/822
f 224/224 220/220 208/208
f 819/819 820/820 821/821
f 224/224 208/208 206/206
f 206/206 208/208 137/137
f 820/820 822/822 821/821
f 1385/1385 1383/1383 1368/1368
f 1383/1383 1356/1356 1368/1368
f 137/137 208/208 152/152
f 1383/1383 1364/1364 1356/1356
f 70/70 136/136 60/60
f 136/136 137/137 86/86
f 60/60 63/63 70/70
f 60/60 1/1 63/63
f 1356/1356 1334/1334 1329/1329
f 1356/1356 1329/1329 1368/1368
f 137/137 152/152 86/86
f 205/205 152/152 208/208
f 205/205 153/153 152/152
f 152/152 153/153 86/86
f 1385/1385 1368/1368 1369/1369
f 1369/1369 1368/1368 1329/1329
f 86/86 60/60 136/136
f 60/60 86/86 8/8
f 60/60 8/8 1/1
f 8/8 86/86 59/59
f 8/8 59/59 4/4
f 8/8 4/4 1/1
f 639/639 707/707 709/709
f 637/637 640/640 650/650
f 637/637 650/650 639/639
f 639/639 650/650 707/707
f 709/709 726/726 740/740
f 204/204 193/193 153/153
f 365/365 366/366 359/359
f 1261/1261 1258/1258 1260/1260
f 709/709 707/707 726/726
f 740/740 726/726 742/742
f 204/204 153/153 205/205
f 640/640 643/643 650/650
f 650/650 643/643 645/645
f 365/365 359/359 361/361
f 726/726 707/707 710/710
f 726/726 710/710 742/742
f 710/710 707/707 700/700
f 700/700 705/705 710/710
f 825/825 823/823 826/826
f 1379/1379 1384/1384 1385/1385
f 1379/1379 1385/1385 1369/1369
f 1384/1384 1379/1379 1382/1382
f 825/825 826/826 827/827
f 1382/1382 1379/1379 1380/1380
f 1256/1256 1382/1382 1380/1380
f 1258/1258 1256/1256 1246/1246
f 710/710 729/729 742/742
f 1246/1246 1256/1256 1247/1247
f 1256/1256 1257/1257 1247/1247
f 1256/1256 1380/1380 1257/1257
f 193/193 154/154 153/153
f 153/153 154/154 132/132
f 153/153 90/90 86/86
f 1379/1379 1353/1353 1363/1363
f 153/153 132/132 90/90
f 1380/1380 1379/1379 1378/1378
f 1378/1378 1379/1379 1363/1363
f 1369/1369 1329/1329 1353/1353
f 1379/1379 1369/1369 1353/1353
f 67/67 59/59 86/86
f 59/59 5/5 4/4
f 86/86 90/90 67/67
f 1353/1353 1339/1339 1363/1363
f 67/67 5/5 59/59
f 90/90 56/56 67/67
f 67/67 56/56 9/9
f 67/67 9/9 5/5
f 643/643 642/642 644/644
f 644/644 645/645 643/643
f 645/645 646/646 647/647
f 646/646 649/649 648/648
f 280/280 281/281 279/279
f 279/279 278/278 280/280
f 278/278 279/279 277/277
f 705/705 729/729 710/710
f 193/193 203/203 154/154
f 154/154 203/203 155/155
f 154/154 155/155 132/132
f 705/705 712/712 729/729
f 1247/1247 1257/1257 1243/1243
f 155/155 203/203 200/200
f 729/729 712/712 746/746
f 1380/1380 1251/1251 1257/1257
f 200/200 156/156 155/155
f 155/155 156/156 132/132
f 1380/1380 1378/1378 1251/1251
f 90/90 132/132 56/56
f 132/132 80/80 56/56
f 1243/1243 1257/1257 1241/1241
f 1257/1257 1251/1251 1241/1241
f 1251/1251 1248/1248 1241/1241
f 1378/1378 1259/1259 1251/1251
f 132/132 156/156 80/80
f 278/278 277/277 276/276
f 649/649 651/651 648/648
f 277/277 275/275 276/276
f 648/648 651/651 693/693
f 275/275 274/274 276/276
f 651/651 673/673 693/693
f 286/286 276/276 274/274
f 693/693 673/673 689/689
f 712/712 704/704 713/713
f 712/712 713/713 746/746
f 704/704 694/694 692/692
f 704/704 692/692 713/713
f 713/713 692/692 695/695
f 746/746 713/713 745/745
f 200/200 201/201 156/156
f 1240/1240 1241/1241 1238/1238
f 1241/1241 1248/1248 1238/1238
f 1248/1248 1237/1237 1238/1238
f 201/201 209/209 79/79
f 713/713 744/744 745/745
f 693/693 689/689 694/694
f 694/694 689/689 692/692
f 689/689 690/690 692/692
f 348/348 335/335 338/338
f 360/360 348/348 338/338
f 1240/1240 1238/1238 1239/1239
f 1238/1238 1236/1236 1239/1239
f 713/713 714/714 744/744
f 695/695 714/714 713/713
f 695/695 691/691 714/714
f 360/360 338/338 346/346
f 695/695 674/674 691/691
f 714/714 691/691 708/708
f 275/275 272/272 274/274
f 347/347 345/345 344/344
f 689/689 673/673 669/669
f 274/274 287/287 286/286
f 673/673 671/671 669/669
f 272/272 273/273 271/271
f 272/272 270/270 274/274
f 274/274 283/283 287/287
f 686/686 670/670 671/671
f 271/271 270/270 272/272
f 271/271 269/269 270/270
f 270/270 283/283 274/274
f 692/692 690/690 695/695
f 695/695 690/690 674/674
f 346/346 339/339 345/345
f 346/346 338/338 339/339
f 689/689 669/669 690/690
f 345/345 339/339 344/344
f 339/339 338/338 334/334
f 338/338 335/335 334/334
f 335/335 331/331 334/334
f 335/335 362/362 331/331
f 690/690 669/669 674/674
f 691/691 675/675 708/708
f 691/691 674/674 675/675
f 674/674 667/667 675/675
f 671/671 670/670 669/669
f 344/344 339/339 343/343
f 670/670 668/668 669/669
f 669/669 668/668 667/667
f 669/669 667/667 674/674
f 667/667 666/666 675/675
f 283/283 270/270 284/284
f 686/686 684/684 670/670
f 270/270 268/268 284/284
f 270/270 269/269 268/268
f 268/268 269/269 266/266
f 268/268 285/285 284/284
f 339/339 340/340 343/343
f 339/339 334/334 340/340
f 349/349 343/343 340/340
f 667/667 668/668 664/664
f 667/667 664/664 666/666
f 684/684 672/672 670/670
f 670/670 672/672 668/668
f 684/684 683/683 672/672
f 668/668 672/672 664/664
f 672/672 676/676 664/664
f 664/664 676/676 661/661
f 664/664 661/661 663/663
f 1115/1115 1134/1134 1133/1133
f 1584/1584 1616/1616 1606/1606
f 1584/1584 1606/1606 1586/1586
f 1115/1115 1133/1133 1127/1127
f 1115/1115 1127/1127 1102/1102
f 1466/1466 1465/1465 1464/1464
f 1133/1133 1145/1145 1127/1127
f 1127/1127 1145/1145 1093/1093
f 1127/1127 1093/1093 1094/1094
f 1094/1094 1093/1093 1084/1084
f 1093/1093 1085/1085 1084/1084
f 268/268 267/267 285/285
f 683/683 682/682 672/672
f 683/683 696/696 682/682
f 696/696 681/681 682/682
f 1605/1605 1615/1615 1614/1614
f 1605/1605 1597/1597 1590/1590
f 1619/1619 1615/1615 1605/1605
f 266/266 267/267 268/268
f 266/266 265/265 264/264
f 267/267 266/266 264/264
f 264/264 263/263 267/267
f 267/267 263/263 290/290
f 1597/1597 1596/1596 1590/1590
f 977/977 979/979 978/978
f 1605/1605 1614/1614 1613/1613
f 1605/1605 1599/1599 1597/1597
f 1605/1605 1613/1613 1599/1599
f 1599/1599 1598/1598 1597/1597
f 977/977 978/978 976/976
f 977/977 976/976 975/975
f 1597/1597 1598/1598 1596/1596
f 1598/1598 1600/1600 1596/1596
f 264/264 265/265 262/262
f 262/262 263/263 264/264
f 672/672 677/677 676/676
f 672/672 682/682 677/677
f 682/682 681/681 677/677
f 661/661 676/676 678/678
f 677/677 678/678 676/676
f 677/677 679/679 678/678
f 1586/1586 1606/1606 1589/1589
f 1536/1536 1539/1539 1537/1537
f 1536/1536 1537/1537 1538/1538
f 1589/1589 1605/1605 1587/1587
f 1589/1589 1619/1619 1605/1605
f 1619/1619 1621/1621 1615/1615
f 1605/1605 1590/1590 1587/1587
f 1590/1590 1596/1596 1594/1594
f 1085/1085 1004/1004 1084/1084
f 1084/1084 1004/1004 1001/1001
f 1085/1085 1139/1139 1004/1004
f 1001/1001 1004/1004 1000/1000
f 1004/1004 1140/1140 1000/1000
f 1596/1596 1600/1600 1604/1604
f 1596/1596 1604/1604 1594/1594
f 1594/1594 1604/1604 1602/1602
f 893/893 890/890 897/897
f 897/897 890/890 892/892
f 1613/1613 1622/1622 1607/1607
f 1623/1623 1624/1624 1625/1625
f 975/975 974/974 973/973
f 973/973 974/974 972/972
f 973/973 972/972 971/971
f 1607/1607 1617/1617 1600/1600
f 1623/1623 1625/1625 1626/1626
f 1599/1599 1613/1613 1607/1607
f 1599/1599 1607/1607 1598/1598
f 975/975 976/976 974/974
f 1607/1607 1600/1600 1598/1598
f 1600/1600 1620/1620 1611/1611
f 263/263 262/262 261/261
f 1617/1617 1620/1620 1600/1600
f 1620/1620 1612/1612 1611/1611
f 681/681 680/680 677/677
f 263/263 289/289 290/290
f 677/677 680/680 679/679
f 289/289 263/263 288/288
f 680/680 685/685 679/679
f 678/678 679/679 687/687
f 679/679 688/688 687/687
f 1600/1600 1611/1611 1604/1604
f 1604/1604 1611/1611 1608/1608
f 1604/1604 1608/1608 1602/1602
f 887/887 889/889 890/890
f 1611/1611 1610/1610 1608/1608
f 1608/1608 1610/1610 1609/1609
f 887/887 888/888 889/889
f 996/996 999/999 997/997
f 771/771 770/770 772/772
f 122/122 120/120 123/123
f 770/770 794/794 772/772
f 788/788 793/793 787/787
f 788/788 771/771 793/793
f 122/122 121/121 120/120
f 122/122 151/151 121/121
f 151/151 124/124 121/121
f 151/151 213/213 124/124
f 771/771 772/772 773/773
f 121/121 119/119 120/120
f 121/121 124/124 119/119
f 794/794 797/797 772/772
f 794/794 880/880 797/797
f 120/120 126/126 127/127
f 119/119 117/117 120/120
f 120/120 117/117 126/126
f 797/797 880/880 877/877
f 793/793 771/771 773/773
f 773/773 772/772 774/774
f 117/117 116/116 126/126
f 772/772 797/797 774/774
f 797/797 877/877 876/876
f 787/787 793/793 792/792
f 767/767 792/792 780/780
f 213/213 211/211 124/124
f 793/793 773/773 792/792
f 124/124 211/211 125/125
f 124/124 125/125 119/119
f 119/119 125/125 118/118
f 119/119 118/118 117/117
f 773/773 774/774 775/775
f 774/774 797/797 798/798
f 797/797 876/876 798/798
f 792/792 773/773 775/775
f 211/211 212/212 125/125
f 125/125 115/115 118/118
f 125/125 212/212 115/115
f 792/792 775/775 780/780
f 774/774 776/776 775/775
f 774/774 798/798 776/776
f 118/118 115/115 114/114
f 115/115 112/112 114/114
f 117/117 118/118 114/114
f 117/117 114/114 116/116
f 114/114 113/113 116/116
f 116/116 113/113 139/139
f 114/114 112/112 113/113
f 798/798 876/876 874/874
f 766/766 767/767 756/756
f 128/128 135/135 212/212
f 756/756 767/767 780/780
f 780/780 775/775 777/777
f 784/784 756/756 758/758
f 796/796 784/784 800/800
f 800/800 784/784 758/758
f 105/105 103/103 99/99
f 780/780 757/757 756/756
f 756/756 757/757 758/758
f 780/780 777/777 757/757
f 108/108 99/99 135/135
f 99/99 110/110 135/135
f 105/105 99/99 108/108
f 757/757 777/777 778/778
f 212/212 135/135 115/115
f 776/776 798/798 785/785
f 775/775 776/776 777/777
f 776/776 778/778 777/777
f 776/776 785/785 778/778
f 798/798 874/874 785/785
f 139/139 113/113 160/160
f 785/785 874/874 875/875
f 115/115 135/135 110/110
f 115/115 110/110 112/112
f 110/110 109/109 112/112
f 112/112 109/109 111/111
f 112/112 111/111 113/113
f 113/113 141/141 160/160
f 785/785 875/875 878/878
f 111/111 141/141 113/113
f 1374/1374 1371/1371 1373/1373
f 103/103 93/93 99/99
f 103/103 130/130 91/91
f 1373/1373 1371/1371 1372/1372
f 103/103 91/91 93/93
f 93/93 97/97 99/99
f 758/758 757/757 779/779
f 1374/1374 1375/1375 1371/1371
f 757/757 778/778 779/779
f 99/99 97/97 110/110
f 1371/1371 1375/1375 1376/1376
f 778/778 781/781 779/779
f 91/91 146/146 84/84
f 1372/1372 1371/1371 1366/1366
f 1366/1366 1371/1371 1370/1370
f 91/91 84/84 85/85
f 91/91 85/85 93/93
f 85/85 94/94 93/93
f 84/84 75/75 85/85
f 85/85 75/75 94/94
f 499/499 498/498 497/497
f 97/97 93/93 95/95
f 93/93 94/94 95/95
f 779/779 781/781 804/804
f 804/804 781/781 801/801
f 497/497 469/469 496/496
f 497/497 498/498 469/469
f 94/94 101/101 95/95
f 95/95 101/101 100/100
f 469/469 498/498 494/494
f 110/110 97/97 109/109
f 778/778 785/785 786/786
f 785/785 878/878 786/786
f 778/778 786/786 781/781
f 875/875 862/862 859/859
f 111/111 102/102 141/141
f 141/141 102/102 167/167
f 875/875 859/859 878/878
f 109/109 97/97 98/98
f 781/781 786/786 801/801
f 95/95 98/98 97/97
f 109/109 98/98 111/111
f 786/786 878/878 881/881
f 111/111 98/98 102/102
f 801/801 786/786 881/881
f 95/95 100/100 98/98
f 801/801 881/881 879/879
f 98/98 100/100 102/102
f 878/878 859/859 869/869
f 859/859 852/852 869/869
f 881/881 878/878 869/869
f 84/84 74/74 75/75
f 94/94 75/75 96/96
f 94/94 96/96 101/101
f 469/469 494/494 467/467
f 96/96 174/174 101/101
f 101/101 174/174 104/104
f 1370/1370 1365/1365 1366/1366
f 1367/1367 1366/1366 1357/1357
f 1366/1366 1365/1365 1357/1357
f 1357/1357 1365/1365 1362/1362
f 75/75 78/78 96/96
f 96/96 78/78 174/174
f 496/496 468/468 489/489
f 496/496 469/469 468/468
f 469/469 460/460 468/468
f 469/469 467/467 460/460
f 74/74 63/63 75/75
f 74/74 70/70 63/63
f 75/75 63/63 78/78
f 63/63 72/72 78/78
f 78/78 72/72 175/175
f 1357/1357 1350/1350 1356/1356
f 1357/1357 1362/1362 1350/1350
f 487/487 489/489 459/459
f 78/78 175/175 174/174
f 489/489 468/468 459/459
f 468/468 460/460 459/459
f 456/456 451/451 460/460
f 460/460 451/451 459/459
f 881/881 869/869 879/879
f 102/102 100/100 150/150
f 101/101 104/104 100/100
f 100/100 104/104 150/150
f 102/102 171/171 167/167
f 102/102 150/150 171/171
f 167/167 171/171 187/187
f 869/869 861/861 870/870
f 869/869 852/852 861/861
f 852/852 838/838 861/861
f 174/174 170/170 104/104
f 104/104 170/170 150/150
f 170/170 182/182 150/150
f 150/150 181/181 171/171
f 190/190 171/171 181/181
f 861/861 838/838 839/839
f 879/879 869/869 870/870
f 460/460 467/467 456/456
f 456/456 467/467 488/488
f 456/456 455/455 451/451
f 456/456 488/488 455/455
f 1356/1356 1350/1350 1334/1334
f 487/487 459/459 466/466
f 459/459 449/449 466/466
f 63/63 1/1 3/3
f 1334/1334 1350/1350 1333/1333
f 1334/1334 1333/1333 1329/1329
f 1329/1329 1333/1333 1277/1277
f 63/63 3/3 72/72
f 72/72 3/3 172/172
f 3/3 162/162 172/172
f 487/487 466/466 490/490
f 449/449 448/448 447/447
f 72/72 172/172 175/175
f 451/451 449/449 459/459
f 1277/1277 1333/1333 1349/1349
f 1/1 2/2 3/3
f 490/490 466/466 481/481
f 3/3 2/2 162/162
f 1/1 4/4 2/2
f 172/172 162/162 173/173
f 162/162 163/163 173/173
f 466/466 454/454 481/481
f 466/466 449/449 454/454
f 449/449 447/447 454/454
f 447/447 448/448 446/446
f 182/182 189/189 188/188
f 150/150 182/182 181/181
f 870/870 861/861 868/868
f 861/861 839/839 868/868
f 182/182 188/188 181/181
f 839/839 858/858 868/868
f 839/839 830/830 858/858
f 868/868 883/883 872/872
f 501/501 502/502 504/504
f 553/553 539/539 554/554
f 858/858 830/830 885/885
f 883/883 868/868 882/882
f 868/868 858/858 882/882
f 882/882 858/858 885/885
f 451/451 455/455 450/450
f 500/500 450/450 455/455
f 451/451 450/450 449/449
f 450/450 448/448 449/449
f 871/871 868/868 872/872
f 870/870 868/868 871/871
f 500/500 501/501 450/450
f 450/450 503/503 448/448
f 450/450 501/501 503/503
f 500/500 502/502 501/501
f 501/501 505/505 503/503
f 501/501 504/504 505/505
f 162/162 2/2 163/163
f 2/2 159/159 163/163
f 454/454 447/447 453/453
f 447/447 446/446 444/444
f 447/447 444/444 453/453
f 884/884 883/883 882/882
f 504/504 560/560 508/508
f 560/560 555/555 508/508
f 560/560 554/554 555/555
f 508/508 509/509 507/507
f 504/504 508/508 507/507
f 504/504 507/507 506/506
f 508/508 533/533 509/509
f 555/555 537/537 533/533
f 535/535 537/537 539/539
f 539/539 537/537 554/554
f 535/535 532/532 537/537
f 532/532 528/528 511/511
f 533/533 537/537 532/532
f 533/533 511/511 509/509
f 533/533 532/532 511/511
f 537/537 555/555 554/554
f 555/555 533/533 508/508
f 507/507 509/509 510/510
f 507/507 510/510 512/512
f 509/509 511/511 510/510
f 511/511 513/513 510/510
f 528/528 529/529 526/526
f 529/529 527/527 526/526
f 511/511 528/528 526/526
f 526/526 513/513 511/511
f 527/527 525/525 526/526
f 526/526 519/519 513/513
f 504/504 506/506 505/505
f 446/446 445/445 444/444
f 445/445 442/442 444/444
f 452/452 444/444 443/443
f 510/510 513/513 514/514
f 510/510 514/514 515/515
f 510/510 515/515 512/512
f 513/513 519/519 514/514
f 526/526 525/525 519/519
f 519/519 518/518 514/514
f 525/525 524/524 519/519
f 524/524 518/518 519/519
f 514/514 516/516 515/515
f 516/516 520/520 517/517
f 524/524 523/523 518/518
f 514/514 518/518 516/516
f 518/518 523/523 520/520
f 518/518 520/520 516/516
f 442/442 443/443 444/444
f 442/442 422/422 443/443
f 516/516 517/517 515/515
f 422/422 420/420 421/421
f 523/523 521/521 520/520
f 520/520 521/521 517/517
f 521/521 522/522 517/517
f 420/420 414/414 416/416
f 1006/1006 1005/1005 1017/1017
f 1021/1021 1014/1014 1015/1015
f 1006/1006 1001/1001 1005/1005
f 1001/1001 998/998 1005/1005
f 1001/1001 1000/1000 998/998
f 892/892 890/890 889/889
f 1000/1000 996/996 998/998
f 1013/1013 1009/1009 1012/1012
f 1013/1013 1011/1011 1009/1009
f 1014/1014 1012/1012 1015/1015
f 1014/1014 1013/1013 1012/1012
f 409/409 408/408 404/404
f 408/408 405/405 404/404
f 1015/1015 1012/1012 1016/1016
f 407/407 404/404 402/402
f 409/409 404/404 407/407
f 1390/1390 1388/1388 1392/1392
f 404/404 405/405 401/401
f 405/405 406/406 401/401
f 401/401 406/406 411/411
f 402/402 404/404 401/401
f 1392/1392 1388/1388 1391/1391
f 1012/1012 1018/1018 1016/1016
f 996/996 997/997 998/998
f 997/997 1002/1002 1011/1011
f 1002/1002 1009/1009 1011/1011
f 407/407 402/402 403/403
f 403/403 400/400 398/398
f 1012/1012 1010/1010 1018/1018
f 1012/1012 1009/1009 1010/1010
f 402/402 401/401 400/400
f 1388/1388 1386/1386 1391/1391
f 1389/1389 1387/1387 1388/1388
f 402/402 400/400 403/403
f 400/400 401/401 399/399
f 401/401 411/411 399/399
f 1010/1010 1022/1022 1018/1018
f 1387/1387 1386/1386 1388/1388
f 1009/1009 1003/1003 1010/1010
f 400/400 399/399 398/398
f 880/880 873/873 877/877
f 126/126 157/157 127/127
f 873/873 867/867 877/877
f 127/127 157/157 161/161
f 161/161 157/157 178/178
f 873/873 866/866 865/865
f 180/180 161/161 178/178
f 866/866 855/855 865/865
f 873/873 865/865 867/867
f 126/126 116/116 140/140
f 157/157 126/126 140/140
f 140/140 168/168 157/157
f 140/140 116/116 139/139
f 877/877 867/867 876/876
f 168/168 178/178 157/157
f 178/178 185/185 186/186
f 865/865 851/851 860/860
f 178/178 168/168 185/185
f 867/867 865/865 860/860
f 865/865 855/855 851/851
f 855/855 850/850 851/851
f 850/850 848/848 851/851
f 851/851 848/848 847/847
f 851/851 847/847 860/860
f 140/140 139/139 168/168
f 876/876 867/867 863/863
f 867/867 860/860 863/863
f 168/168 183/183 185/185
f 863/863 860/860 857/857
f 183/183 168/168 169/169
f 168/168 139/139 169/169
f 139/139 160/160 169/169
f 876/876 863/863 864/864
f 863/863 857/857 864/864
f 876/876 864/864 874/874
f 860/860 847/847 857/857
f 847/847 843/843 845/845
f 857/857 847/847 845/845
f 169/169 184/184 183/183
f 848/848 846/846 847/847
f 846/846 844/844 843/843
f 847/847 846/846 843/843
f 556/556 549/549 557/557
f 844/844 841/841 843/843
f 160/160 177/177 169/169
f 864/864 856/856 862/862
f 169/169 177/177 184/184
f 177/177 207/207 184/184
f 864/864 857/857 856/856
f 857/857 845/845 856/856
f 874/874 864/864 862/862
f 875/875 874/874 862/862
f 177/177 160/160 176/176
f 160/160 141/141 176/176
f 177/177 176/176 207/207
f 845/845 842/842 837/837
f 842/842 841/841 837/837
f 837/837 841/841 840/840
f 856/856 853/853 862/862
f 856/856 845/845 853/853
f 853/853 845/845 837/837
f 841/841 842/842 843/843
f 843/843 842/842 845/845
f 549/549 548/548 546/546
f 548/548 547/547 546/546
f 176/176 141/141 167/167
f 862/862 853/853 859/859
f 176/176 167/167 187/187
f 187/187 207/207 176/176
f 859/859 853/853 835/835
f 859/859 835/835 852/852
f 840/840 836/836 837/837
f 837/837 835/835 853/853
f 837/837 836/836 835/835
f 852/852 835/835 832/832
f 546/546 544/544 545/545
f 547/547 544/544 546/546
f 547/547 552/552 544/544
f 840/840 834/834 836/836
f 835/835 836/836 834/834
f 835/835 834/834 832/832
f 852/852 832/832 838/838
f 187/187 171/171 190/190
f 544/544 543/543 545/545
f 834/834 833/833 832/832
f 832/832 831/831 828/828
f 832/832 828/828 838/838
f 838/838 828/828 839/839
f 561/561 541/541 544/544
f 544/544 541/541 543/543
f 833/833 831/831 832/832
f 543/543 541/541 542/542
f 541/541 538/538 540/540
f 828/828 831/831 829/829
f 828/828 829/829 830/830
f 839/839 828/828 830/830
f 542/542 541/541 540/540
f 538/538 539/539 540/540
f 534/534 535/535 538/538
f 538/538 535/535 539/539
f 539/539 553/553 540/540
f 535/535 530/530 532/532
f 532/532 530/530 528/528
f 927/927 920/920 921/921
f 927/927 923/923 920/920
f 1489/1489 1484/1484 1486/1486
f 1484/1484 1487/1487 1485/1485
f 1484/1484 1485/1485 1486/1486
f 920/920 919/919 921/921
f 921/921 919/919 929/929
f 1489/1489 1486/1486 1490/1490
f 1557/1557 1553/1553 1558/1558
f 1557/1557 1556/1556 1553/1553
f 920/920 918/918 919/919
f 920/920 923/923 918/918
f 390/390 378/378 380/380
f 918/918 917/917 919/919
f 919/919 917/917 928/928
f 1558/1558 1553/1553 1551/1551
f 1556/1556 1555/1555 1553/1553
f 380/380 377/377 382/382
f 1486/1486 1485/1485 1488/1488
f 1486/1486 1488/1488 1490/1490
f 1485/1485 1500/1500 1488/1488
f 382/382 377/377 383/383
f 380/380 378/378 377/377
f 1490/1490 1488/1488 1491/1491
f 1490/1490 1491/1491 1492/1492
f 1488/1488 1500/1500 1491/1491
f 1492/1492 1491/1491 1493/1493
f 1491/1491 1500/1500 1493/1493
f 1555/1555 1554/1554 1553/1553
f 1492/1492 1493/1493 1494/1494
f 1500/1500 1499/1499 1493/1493
f 1408/1408 1410/1410 1409/1409
f 1408/1408 1417/1417 1411/1411
f 1408/1408 1411/1411 1410/1410
f 1392/1392 1391/1391 1398/1398
f 1417/1417 1413/1413 1411/1411
f 1417/1417 1418/1418 1413/1413
f 1411/1411 1412/1412 1410/1410
f 1411/1411 1413/1413 1412/1412
f 918/918 923/923 922/922
f 1558/1558 1551/1551 1550/1550
f 1553/1553 1552/1552 1551/1551
f 917/917 916/916 928/928
f 1550/1550 1551/1551 1549/1549
f 917/917 918/918 913/913
f 918/918 922/922 913/913
f 1551/1551 1552/1552 1549/1549
f 913/913 922/922 924/924
f 917/917 913/913 916/916
f 1550/1550 1549/1549 1547/1547
f 1547/1547 1549/1549 1546/1546
f 1549/1549 1572/1572 1546/1546
f 1549/1549 1552/1552 1572/1572
f 1547/1547 1546/1546 1540/1540
f 1546/1546 1543/1543 1540/1540
f 913/913 924/924 925/925
f 913/913 925/925 910/910
f 913/913 914/914 916/916
f 913/913 912/912 914/914
f 1547/1547 1540/1540 1548/1548
f 1540/1540 1543/1543 1541/1541
f 1546/1546 1572/1572 1545/1545
f 1546/1546 1545/1545 1543/1543
f 1543/1543 1545/1545 1544/1544
f 1426/1426 1421/1421 1420/1420
f 1573/1573 1574/1574 1575/1575
f 1552/1552 1564/1564 1572/1572
f 378/378 376/376 377/377
f 377/377 375/375 383/383
f 377/377 376/376 375/375
f 1553/1553 1554/1554 1552/1552
f 1494/1494 1493/1493 1495/1495
f 1500/1500 1501/1501 1499/1499
f 1493/1493 1499/1499 1495/1495
f 1501/1501 1497/1497 1499/1499
f 1499/1499 1497/1497 1495/1495
f 375/375 376/376 372/372
f 375/375 372/372 374/374
f 1554/1554 1559/1559 1552/1552
f 1554/1554 1560/1560 1559/1559
f 1552/1552 1559/1559 1564/1564
f 1559/1559 1560/1560 1561/1561
f 387/387 379/379 378/378
f 378/378 379/379 376/376
f 376/376 379/379 381/381
f 376/376 381/381 372/372
f 387/387 388/388 379/379
f 386/386 396/396 385/385
f 386/386 385/385 372/372
f 1543/1543 1544/1544 1541/1541
f 1420/1420 1421/1421 1422/1422
f 1421/1421 1423/1423 1422/1422
f 1569/1569 1572/1572 1565/1565
f 1569/1569 1565/1565 1567/1567
f 396/396 395/395 385/385
f 372/372 385/385 370/370
f 372/372 371/371 374/374
f 372/372 370/370 371/371
f 1564/1564 1559/1559 1562/1562
f 1559/1559 1561/1561 1562/1562
f 1497/1497 1496/1496 1495/1495
f 1564/1564 1565/1565 1572/1572
f 1564/1564 1562/1562 1565/1565
f 1496/1496 1497/1497 1498/1498
f 1497/1497 1502/1502 1498/1498
f 1562/1562 1561/1561 1563/1563
f 1496/1496 1498/1498 1505/1505
f 1413/1413 1414/1414 1412/1412
f 1391/1391 1386/1386 1393/1393
f 1418/1418 1415/1415 1413/1413
f 1413/1413 1415/1415 1414/1414
f 755/755 754/754 753/753
f 913/913 910/910 912/912
f 1540/1540 1541/1541 1542/1542
f 391/391 389/389 388/388
f 391/391 392/392 389/389
f 1576/1576 1577/1577 1578/1578
f 1578/1578 1577/1577 1579/1579
f 910/910 911/911 912/912
f 392/392 393/393 389/389
f 912/912 911/911 915/915
f 1579/1579 1577/1577 1580/1580
f 1578/1578 1579/1579 1581/1581
f 392/392 394/394 393/393
f 910/910 925/925 926/926
f 388/388 389/389 379/379
f 385/385 395/395 373/373
f 385/385 373/373 370/370
f 1422/1422 1423/1423 1424/1424
f 395/395 397/397 373/373
f 1424/1424 1423/1423 1425/1425
f 373/373 369/369 370/370
f 1565/1565 1566/1566 1567/1567
f 1565/1565 1562/1562 1566/1566
f 1567/1567 1566/1566 1568/1568
f 370/370 368/368 371/371
f 1566/1566 1562/1562 1570/1570
f 1562/1562 1563/1563 1570/1570
f 1505/1505 1498/1498 1504/1504
f 1504/1504 1498/1498 1503/1503
f 1502/1502 1503/1503 1498/1498
f 371/371 368/368 384/384
f 370/370 369/369 368/368
f 1563/1563 1571/1571 1570/1570
f 331/331 329/329 327/327
f 329/329 326/326 327/327
f 331/331 327/327 333/333
f 327/327 326/326 320/320
f 320/320 326/326 325/325
f 333/333 327/327 332/332
f 327/327 320/320 332/332
f 663/663 661/661 662/662
f 663/663 662/662 701/701
f 701/701 662/662 703/703
f 1232/1232 1231/1231 1229/1229
f 1229/1229 1231/1231 1230/1230
f 661/661 659/659 662/662
f 703/703 662/662 702/702
f 703/703 702/702 735/735
f 1229/1229 1230/1230 1227/1227
f 320/320 325/325 321/321
f 1229/1229 1227/1227 1228/1228
f 662/662 659/659 702/702
f 735/735 702/702 736/736
f 1230/1230 1250/1250 1227/1227
f 661/661 660/660 659/659
f 332/332 320/320 322/322
f 332/332 322/322 341/341
f 320/320 321/321 322/322
f 322/322 321/321 323/323
f 321/321 330/330 323/323
f 659/659 699/699 702/702
f 702/702 699/699 736/736
f 1228/1228 1227/1227 1225/1225
f 1227/1227 1226/1226 1225/1225
f 1250/1250 1249/1249 1227/1227
f 1227/1227 1249/1249 1226/1226
f 341/341 322/322 342/342
f 660/660 658/658 659/659
f 659/659 658/658 657/657
f 342/342 322/322 336/336
f 322/322 324/324 336/336
f 687/687 658/658 660/660
f 699/699 730/730 736/736
f 199/199 218/218 81/81
f 322/322 323/323 324/324
f 324/324 323/323 328/328
f 323/323 330/330 328/328
f 659/659 657/657 699/699
f 699/699 706/706 730/730
f 657/657 665/665 699/699
f 1225/1225 1226/1226 1224/1224
f 1226/1226 1249/1249 1234/1234
f 1249/1249 1355/1355 1234/1234
f 1226/1226 1234/1234 1224/1224
f 1353/1353 1329/1329 1279/1279
f 1329/1329 1277/1277 1279/1279
f 1363/1363 1339/1339 1337/1337
f 1339/1339 1279/1279 1328/1328
f 1353/1353 1279/1279 1339/1339
f 1279/1279 1278/1278 1280/1280
f 1363/1363 1337/1337 1378/1378
f 1378/1378 1337/1337 1259/1259
f 80/80 55/55 56/56
f 1251/1251 1259/1259 1248/1248
f 1337/1337 1339/1339 1328/1328
f 56/56 10/10 9/9
f 1328/1328 1280/1280 1283/1283
f 9/9 7/7 5/5
f 1279/1279 1280/1280 1328/1328
f 5/5 7/7 6/6
f 1280/1280 1281/1281 1282/1282
f 1280/1280 1282/1282 1283/1283
f 1328/1328 1283/1283 1337/1337
f 56/56 55/55 10/10
f 9/9 10/10 7/7
f 7/7 10/10 11/11
f 7/7 11/11 62/62
f 1283/1283 1282/1282 1284/1284
f 1282/1282 1296/1296 1284/1284
f 1237/1237 1248/1248 1252/1252
f 1248/1248 1259/1259 1252/1252
f 156/156 201/201 80/80
f 201/201 79/79 80/80
f 80/80 79/79 55/55
f 1337/1337 1286/1286 1259/1259
f 1337/1337 1283/1283 1286/1286
f 1259/1259 1286/1286 1340/1340
f 1238/1238 1237/1237 1236/1236
f 209/209 222/222 149/149
f 209/209 149/149 79/79
f 1259/1259 1340/1340 1252/1252
f 79/79 68/68 55/55
f 55/55 68/68 13/13
f 149/149 68/68 79/79
f 1340/1340 1286/1286 1287/1287
f 1252/1252 1340/1340 1253/1253
f 1340/1340 1324/1324 1253/1253
f 13/13 68/68 16/16
f 1340/1340 1287/1287 1324/1324
f 1287/1287 1289/1289 1324/1324
f 55/55 13/13 10/10
f 1286/1286 1283/1283 1285/1285
f 1283/1283 1284/1284 1285/1285
f 1284/1284 1296/1296 1285/1285
f 1285/1285 1296/1296 1295/1295
f 1286/1286 1285/1285 1287/1287
f 13/13 12/12 10/10
f 10/10 12/12 11/11
f 1287/1287 1288/1288 1289/1289
f 13/13 14/14 12/12
f 1287/1287 1285/1285 1288/1288
f 1285/1285 1295/1295 1288/1288
f 11/11 23/23 54/54
f 12/12 23/23 11/11
f 1252/1252 1253/1253 1237/1237
f 331/331 362/362 329/329
f 1236/1236 1237/1237 1233/1233
f 1237/1237 1253/1253 1233/1233
f 708/708 739/739 714/714
f 222/222 147/147 149/149
f 149/149 147/147 68/68
f 1253/1253 1324/1324 1332/1332
f 147/147 51/51 68/68
f 68/68 51/51 16/16
f 1324/1324 1289/1289 1290/1290
f 675/675 701/701 708/708
f 1236/1236 1233/1233 1235/1235
f 675/675 666/666 701/701
f 708/708 728/728 739/739
f 1233/1233 1253/1253 1254/1254
f 1253/1253 1332/1332 1254/1254
f 147/147 148/148 51/51
f 1332/1332 1324/1324 1303/1303
f 1324/1324 1290/1290 1303/1303
f 16/16 51/51 14/14
f 51/51 19/19 14/14
f 19/19 17/17 14/14
f 16/16 14/14 13/13
f 14/14 15/15 12/12
f 1289/1289 1288/1288 1290/1290
f 12/12 22/22 23/23
f 23/23 22/22 53/53
f 1295/1295 1336/1336 1288/1288
f 12/12 15/15 22/22
f 1288/1288 1336/1336 1291/1291
f 14/14 17/17 15/15
f 1290/1290 1288/1288 1291/1291
f 17/17 18/18 15/15
f 22/22 20/20 52/52
f 15/15 20/20 22/22
f 15/15 18/18 20/20
f 1290/1290 1291/1291 1292/1292
f 1235/1235 1233/1233 1232/1232
f 708/708 701/701 728/728
f 701/701 727/727 728/728
f 666/666 663/663 701/701
f 666/666 664/664 663/663
f 1332/1332 1304/1304 1254/1254
f 1332/1332 1303/1303 1304/1304
f 1233/1233 1231/1231 1232/1232
f 1233/1233 1254/1254 1231/1231
f 728/728 727/727 737/737
f 148/148 133/133 51/51
f 1231/1231 1254/1254 1255/1255
f 133/133 76/76 51/51
f 1254/1254 1304/1304 1255/1255
f 51/51 76/76 32/32
f 1303/1303 1298/1298 1304/1304
f 1290/1290 1292/1292 1303/1303
f 1303/1303 1292/1292 1298/1298
f 51/51 32/32 19/19
f 19/19 32/32 29/29
f 17/17 19/19 28/28
f 701/701 703/703 727/727
f 727/727 703/703 735/735
f 727/727 735/735 737/737
f 1230/1230 1231/1231 1250/1250
f 1231/1231 1255/1255 1250/1250
f 133/133 134/134 76/76
f 19/19 29/29 28/28
f 1304/1304 1299/1299 1255/1255
f 1304/1304 1298/1298 1299/1299
f 1298/1298 1297/1297 1299/1299
f 17/17 28/28 18/18
f 1291/1291 1293/1293 1292/1292
f 1292/1292 1293/1293 1294/1294
f 20/20 18/18 21/21
f 1298/1298 1292/1292 1297/1297
f 1292/1292 1294/1294 1297/1297
f 28/28 21/21 18/18
f 28/28 27/27 21/21
f 28/28 33/33 27/27
f 21/21 27/27 25/25
f 134/134 69/69 76/76
f 76/76 69/69 32/32
f 134/134 199/199 69/69
f 32/32 69/69 31/31
f 1250/1250 1255/1255 1305/1305
f 1255/1255 1299/1299 1305/1305
f 1299/1299 1302/1302 1305/1305
f 1305/1305 1302/1302 1306/1306
f 32/32 31/31 29/29
f 29/29 31/31 30/30
f 29/29 30/30 28/28
f 1299/1299 1297/1297 1302/1302
f 1302/1302 1297/1297 1313/1313
f 1250/1250 1305/1305 1355/1355
f 1249/1249 1250/1250 1355/1355
f 69/69 35/35 31/31
f 31/31 35/35 34/34
f 1305/1305 1306/1306 1355/1355
f 31/31 34/34 30/30
f 1302/1302 1313/1313 1308/1308
f 1306/1306 1302/1302 1308/1308
f 1297/1297 1294/1294 1300/1300
f 30/30 33/33 28/28
f 30/30 38/38 33/33
f 1313/1313 1297/1297 1312/1312
f 1297/1297 1300/1300 1312/1312
f 27/27 40/40 25/25
f 33/33 39/39 27/27
f 27/27 39/39 40/40
f 1313/1313 1312/1312 1308/1308
f 33/33 38/38 39/39
f 30/30 34/34 38/38
f 1308/1308 1312/1312 1309/1309
f 38/38 41/41 39/39
f 1300/1300 1316/1316 1312/1312
f 1312/1312 1316/1316 1309/1309
f 39/39 41/41 40/40
f 1300/1300 1319/1319 1316/1316
f 199/199 81/81 69/69
f 69/69 81/81 35/35
f 81/81 71/71 35/35
f 1306/1306 1310/1310 1311/1311
f 1306/1306 1311/1311 1355/1355
f 1311/1311 1310/1310 1314/1314
f 1306/1306 1308/1308 1310/1310
f 1308/1308 1309/1309 1310/1310
f 35/35 36/36 34/34
f 1310/1310 1309/1309 1315/1315
f 1355/1355 1311/1311 1354/1354
f 36/36 37/37 34/34
f 34/34 37/37 38/38
f 38/38 37/37 41/41
f 37/37 47/47 41/41
f 1309/1309 1316/1316 1320/1320
f 1315/1315 1309/1309 1320/1320
f 1320/1320 1316/1316 1321/1321
f 1320/1320 1321/1321 1348/1348
f 1316/1316 1319/1319 1321/1321
f 1319/1319 1323/1323 1321/1321
f 1321/1321 1335/1335 1348/1348
f 41/41 49/49 44/44
f 49/49 48/48 44/44
f 1321/1321 1323/1323 1335/1335
f 1320/1320 1348/1348 1315/1315
f 41/41 47/47 49/49
f 1277/1277 1278/1278 1279/1279
f 1277/1277 1349/1349 1278/1278
f 4/4 5/5 2/2
f 5/5 6/6 2/2
f 2/2 6/6 159/159
f 492/492 481/481 482/482
f 481/481 457/457 482/482
f 481/481 454/454 457/457
f 457/457 454/454 453/453
f 6/6 158/158 159/159
f 1280/1280 1278/1278 1281/1281
f 492/492 482/482 485/485
f 482/482 457/457 458/458
f 453/453 458/458 457/457
f 485/485 482/482 476/476
f 159/159 158/158 166/166
f 6/6 7/7 62/62
f 6/6 62/62 158/158
f 1281/1281 1347/1347 1282/1282
f 485/485 476/476 480/480
f 158/158 62/62 166/166
f 458/458 453/453 452/452
f 482/482 458/458 476/476
f 453/453 444/444 452/452
f 458/458 452/452 441/441
f 476/476 461/461 480/480
f 62/62 165/165 166/166
f 1282/1282 1347/1347 1296/1296
f 1347/1347 1346/1346 1296/1296
f 480/480 461/461 479/479
f 476/476 458/458 461/461
f 458/458 441/441 461/461
f 452/452 443/443 441/441
f 461/461 441/441 462/462
f 422/422 421/421 443/443
f 11/11 54/54 62/62
f 62/62 54/54 165/165
f 461/461 463/463 479/479
f 54/54 92/92 165/165
f 462/462 441/441 440/440
f 165/165 92/92 179/179
f 441/441 421/421 440/440
f 461/461 462/462 463/463
f 462/462 440/440 463/463
f 1296/1296 1336/1336 1295/1295
f 1296/1296 1346/1346 1336/1336
f 1346/1346 1345/1345 1336/1336
f 479/479 463/463 486/486
f 54/54 23/23 53/53
f 54/54 53/53 92/92
f 53/53 64/64 92/92
f 92/92 164/164 179/179
f 463/463 464/464 471/471
f 440/440 464/464 463/463
f 441/441 443/443 421/421
f 421/421 420/420 419/419
f 420/420 416/416 419/419
f 421/421 419/419 440/440
f 440/440 419/419 418/418
f 416/416 418/418 419/419
f 53/53 22/22 64/64
f 64/64 164/164 92/92
f 486/486 463/463 471/471
f 1336/1336 1345/1345 1341/1341
f 486/486 471/471 495/495
f 1291/1291 1336/1336 1341/1341
f 22/22 52/52 64/64
f 440/440 418/418 464/464
f 64/64 89/89 164/164
f 464/464 465/465 471/471
f 464/464 417/417 465/465
f 471/471 465/465 472/472
f 64/64 65/65 89/89
f 64/64 52/52 65/65
f 471/471 472/472 495/495
f 65/65 87/87 89/89
f 1341/1341 1326/1326 1291/1291
f 414/414 415/415 416/416
f 416/416 415/415 417/417
f 415/415 423/423 417/417
f 418/418 417/417 464/464
f 416/416 417/417 418/418
f 465/465 417/417 428/428
f 417/417 423/423 428/428
f 415/415 424/424 423/423
f 1291/1291 1326/1326 1293/1293
f 20/20 24/24 52/52
f 52/52 24/24 65/65
f 21/21 24/24 20/20
f 1326/1326 1307/1307 1293/1293
f 65/65 24/24 66/66
f 1341/1341 1361/1361 1326/1326
f 1326/1326 1361/1361 1352/1352
f 65/65 66/66 87/87
f 472/472 470/470 491/491
f 1326/1326 1352/1352 1307/1307
f 66/66 77/77 87/87
f 1293/1293 1301/1301 1294/1294
f 1293/1293 1307/1307 1301/1301
f 21/21 25/25 24/24
f 1307/1307 1317/1317 1301/1301
f 24/24 26/26 66/66
f 25/25 26/26 24/24
f 66/66 26/26 77/77
f 1307/1307 1352/1352 1344/1344
f 1307/1307 1344/1344 1317/1317
f 25/25 42/42 26/26
f 42/42 61/61 26/26
f 465/465 428/428 470/470
f 423/423 424/424 425/425
f 424/424 426/426 425/425
f 423/423 425/425 428/428
f 425/425 426/426 427/427
f 472/472 465/465 470/470
f 428/428 473/473 470/470
f 1352/1352 1360/1360 1344/1344
f 491/491 470/470 477/477
f 470/470 473/473 477/477
f 428/428 429/429 473/473
f 26/26 61/61 77/77
f 477/477 473/473 474/474
f 473/473 429/429 474/474
f 428/428 425/425 429/429
f 425/425 427/427 429/429
f 427/427 430/430 429/429
f 1294/1294 1301/1301 1300/1300
f 25/25 40/40 42/42
f 1300/1300 1301/1301 1318/1318
f 1301/1301 1317/1317 1318/1318
f 61/61 42/42 46/46
f 1317/1317 1344/1344 1342/1342
f 1344/1344 1360/1360 1342/1342
f 41/41 44/44 40/40
f 1300/1300 1318/1318 1319/1319
f 40/40 43/43 42/42
f 1317/1317 1322/1322 1318/1318
f 42/42 43/43 46/46
f 1317/1317 1342/1342 1322/1322
f 1342/1342 1343/1343 1322/1322
f 46/46 43/43 45/45
f 46/46 45/45 58/58
f 61/61 46/46 73/73
f 1360/1360 1358/1358 1342/1342
f 474/474 429/429 434/434
f 430/430 434/434 429/429
f 427/427 431/431 430/430
f 430/430 432/432 434/434
f 430/430 431/431 432/432
f 1342/1342 1358/1358 1343/1343
f 477/477 474/474 478/478
f 46/46 58/58 73/73
f 58/58 82/82 73/73
f 478/478 474/474 475/475
f 474/474 434/434 475/475
f 432/432 435/435 434/434
f 434/434 435/435 475/475
f 1319/1319 1318/1318 1323/1323
f 40/40 44/44 43/43
f 1318/1318 1322/1322 1323/1323
f 44/44 48/48 45/45
f 44/44 45/45 43/43
f 45/45 57/57 58/58
f 1322/1322 1343/1343 1327/1327
f 1323/1323 1322/1322 1325/1325
f 1322/1322 1327/1327 1325/1325
f 1335/1335 1323/1323 1330/1330
f 1323/1323 1325/1325 1330/1330
f 58/58 57/57 82/82
f 1358/1358 1351/1351 1343/1343
f 478/478 475/475 483/483
f 1343/1343 1351/1351 1327/1327
f 483/483 475/475 484/484
f 432/432 436/436 435/435
f 475/475 435/435 484/484
f 484/484 435/435 437/437
f 45/45 50/50 57/57
f 82/82 57/57 83/83
f 436/436 437/437 435/435
f 433/433 432/432 431/431
f 432/432 438/438 436/436
f 433/433 438/438 432/432
f 438/438 439/439 436/436
f 1175/1175 1169/1169 1170/1170
f 960/960 955/955 954/954
f 1175/1175 1174/1174 1169/1169
f 1455/1455 1454/1454 1453/1453
f 1454/1454 1451/1451 1453/1453
f 954/954 955/955 950/950
f 954/954 950/950 953/953
f 1451/1451 1452/1452 1453/1453
f 954/954 953/953 956/956
f 1169/1169 1174/1174 1173/1173
f 950/950 949/949 953/953
f 953/953 949/949 956/956
f 1449/1449 1446/1446 1445/1445
f 1455/1455 1453/1453 1456/1456
f 1160/1160 1155/1155 1153/1153
f 1445/1445 1446/1446 1443/1443
f 1160/1160 1153/1153 1159/1159
f 1153/1153 1151/1151 1159/1159
f 1155/1155 1154/1154 1153/1153
f 1153/1153 1152/1152 1151/1151
f 1153/1153 1154/1154 1152/1152
f 949/949 957/957 956/956
f 1169/1169 1173/1173 1168/1168
f 1445/1445 1443/1443 1444/1444
f 1169/1169 1168/1168 1166/1166
f 1169/1169 1166/1166 1170/1170
f 955/955 948/948 950/950
f 950/950 948/948 949/949
f 948/948 945/945 949/949
f 955/955 959/959 948/948
f 1444/1444 1443/1443 1442/1442
f 1166/1166 1168/1168 1167/1167
f 1444/1444 1442/1442 1448/1448
f 959/959 946/946 948/948
f 948/948 946/946 945/945
f 1443/1443 1441/1441 1442/1442
f 1159/1159 1151/1151 1158/1158
f 1151/1151 1152/1152 1150/1150
f 945/945 944/944 949/949
f 949/949 958/958 957/957
f 949/949 944/944 958/958
f 1167/1167 1162/1162 1166/1166
f 1165/1165 1166/1166 1162/1162
f 946/946 943/943 945/945
f 1158/1158 1151/1151 1149/1149
f 1151/1151 1150/1150 1149/1149
f 1448/1448 1442/1442 1439/1439
f 1158/1158 1149/1149 1157/1157
f 1442/1442 1441/1441 1439/1439
f 1439/1439 1441/1441 1440/1440
f 945/945 943/943 944/944
f 1439/1439 1450/1450 1448/1448
f 1162/1162 1164/1164 1165/1165
f 1162/1162 1167/1167 1171/1171
f 946/946 947/947 943/943
f 1157/1157 1149/1149 1147/1147
f 1157/1157 1147/1147 1156/1156
f 1162/1162 1171/1171 1172/1172
f 1450/1450 1439/1439 1447/1447
f 1157/1157 1156/1156 1161/1161
f 1440/1440 1438/1438 1439/1439
f 944/944 952/952 958/958
f 1149/1149 1150/1150 1148/1148
f 943/943 942/942 944/944
f 942/942 952/952 944/944
f 1149/1149 1148/1148 1147/1147
f 1162/1162 1163/1163 1164/1164
f 947/947 941/941 943/943
f 943/943 941/941 942/942
f 1147/1147 1148/1148 1146/1146
f 942/942 951/951 952/952
f 1532/1532 1527/1527 1528/1528
f 1532/1532 1528/1528 1530/1530
f 1527/1527 1526/1526 1528/1528
f 1527/1527 1524/1524 1526/1526
f 1528/1528 1529/1529 1530/1530
f 1528/1528 1526/1526 1529/1529
f 1223/1223 1222/1222 1219/1219
f 1222/1222 1221/1221 1219/1219
f 1476/1476 1477/1477 1478/1478
f 1478/1478 1477/1477 1479/1479
f 1179/1179 1176/1176 1178/1178
f 1478/1478 1479/1479 1480/1480
f 1179/1179 1180/1180 1176/1176
f 570/570 569/569 571/571
f 1219/1219 1221/1221 1220/1220
f 1176/1176 1177/1177 1178/1178
f 1480/1480 1479/1479 1481/1481
f 568/568 566/566 567/567
f 567/567 566/566 565/565
f 1524/1524 1525/1525 1526/1526
f 1531/1531 1526/1526 1525/1525
f 1477/1477 1483/1483 1479/1479
f 1483/1483 1482/1482 1479/1479
f 1325/1325 1327/1327 1331/1331
f 1351/1351 1338/1338 1327/1327
f 483/483 484/484 493/493
f 1351/1351 1359/1359 1338/1338
f 1474/1474 1469/1469 1473/1473
f 1467/1467 1469/1469 1474/1474
f 1467/1467 1468/1468 1469/1469
f 1469/1469 1468/1468 1470/1470
f 1473/1473 1472/1472 1475/1475
f 1473/1473 1469/1469 1472/1472
f 1469/1469 1471/1471 1472/1472
f 580/580 576/576 593/593
f 580/580 579/579 576/576
f 1469/1469 1470/1470 1471/1471
f 1214/1214 1211/1211 1218/1218
f 1215/1215 1213/1213 1214/1214
f 1215/1215 1216/1216 1213/1213
f 593/593 576/576 598/598
f 576/576 579/579 577/577
f 579/579 584/584 577/577
f 579/579 585/585 584/584
f 1214/1214 1213/1213 1211/1211
f 1216/1216 1217/1217 1209/1209
f 1216/1216 1209/1209 1213/1213
f 598/598 576/576 575/575
f 576/576 573/573 575/575
f 576/576 577/577 573/573
f 577/577 584/584 573/573
f 573/573 584/584 583/583
f 1213/1213 1209/1209 1211/1211
f 1211/1211 1209/1209 1210/1210
f 1217/1217 1207/1207 1209/1209
f 575/575 573/573 572/572
f 572/572 573/573 574/574
f 574/574 573/573 583/583
f 575/575 572/572 600/600
f 1209/1209 1208/1208 1210/1210
f 1207/1207 1208/1208 1209/1209
f 574/574 583/583 578/578
f 600/600 572/572 589/589
f 572/572 574/574 578/578
f 1207/1207 1205/1205 1208/1208
f 1208/1208 1212/1212 1210/1210
f 578/578 583/583 582/582
f 589/589 572/572 581/581
f 572/572 578/578 581/581
f 578/578 582/582 581/581
f 581/581 582/582 586/586
f 589/589 581/581 587/587
f 589/589 587/587 601/601
f 581/581 586/586 587/587
f 1207/1207 1206/1206 1205/1205
f 1205/1205 1212/1212 1208/1208
f 582/582 588/588 586/586
f 1205/1205 1204/1204 1212/1212
f 1206/1206 1201/1201 1203/1203
f 1206/1206 1203/1203 1205/1205
f 1205/1205 1203/1203 1204/1204
f 601/601 587/587 599/599
f 250/250 259/259 257/257
f 259/259 258/258 257/257
f 599/599 591/591 595/595
f 586/586 588/588 590/590
f 587/587 586/586 590/590
f 1203/1203 1202/1202 1204/1204
f 1201/1201 1199/1199 1203/1203
f 1203/1203 1199/1199 1202/1202
f 587/587 591/591 599/599
f 587/587 590/590 591/591
f 591/591 590/590 592/592
f 588/588 597/597 590/590
f 597/597 592/592 590/590
f 248/248 250/250 249/249
f 250/250 257/257 249/249
f 1201/1201 1198/1198 1199/1199
f 1198/1198 1197/1197 1199/1199
f 595/595 591/591 594/594
f 258/258 255/255 254/254
f 255/255 253/253 254/254
f 1400/1400 1401/1401 1402/1402
f 257/257 256/256 249/249
f 257/257 254/254 256/256
f 1198/1198 1195/1195 1197/1197
f 1198/1198 1193/1193 1195/1195
f 258/258 254/254 257/257
f 254/254 251/251 256/256
f 1197/1197 1196/1196 1199/1199
f 591/591 592/592 594/594
f 1202/1202 1199/1199 1200/1200
f 1199/1199 1196/1196 1200/1200
f 594/594 592/592 596/596
f 1196/1196 1194/1194 1200/1200
f 249/249 256/256 251/251
f 1197/1197 1195/1195 1196/1196
f 242/242 239/239 235/235
f 239/239 238/238 235/235
f 235/235 238/238 234/234
f 242/242 237/237 243/243
f 242/242 235/235 237/237
f 237/237 235/235 233/233
f 235/235 234/234 233/233
f 233/233 234/234 232/232
f 987/987 986/986 985/985
f 985/985 986/986 984/984
f 987/987 985/985 994/994
f 994/994 985/985 988/988
f 985/985 984/984 983/983
f 237/237 233/233 230/230
f 233/233 232/232 230/230
f 988/988 985/985 983/983
f 237/237 230/230 241/241
f 241/241 230/230 229/229
f 229/229 230/230 227/227
f 230/230 231/231 227/227
f 230/230 232/232 231/231
f 989/989 988/988 980/980
f 988/988 983/983 980/980
f 983/983 984/984 981/981
f 983/983 981/981 980/980
f 241/241 229/229 246/246
f 246/246 229/229 245/245
f 989/989 980/980 982/982
f 980/980 981/981 982/982
f 231/231 236/236 227/227
f 989/989 990/990 995/995
f 989/989 982/982 990/990
f 1533/1533 1534/1534 1535/1535
f 562/562 564/564 563/563
f 244/244 245/245 228/228
f 244/244 228/228 240/240
f 245/245 229/229 228/228
f 229/229 227/227 228/228
f 228/228 227/227 225/225
f 225/225 227/227 226/226
f 995/995 990/990 992/992
f 227/227 236/236 226/226
f 236/236 247/247 226/226
f 990/990 982/982 991/991
f 990/990 991/991 992/992
f 992/992 991/991 993/993
f 936/936 937/937 938/938
f 936/936 938/938 940/940
f 1191/1191 1192/1192 1187/1187
f 939/939 933/933 936/936
f 1431/1431 1437/1437 1436/1436
f 1430/1430 1431/1431 1429/1429
f 936/936 934/934 937/937
f 936/936 933/933 934/934
f 1431/1431 1436/1436 1435/1435
f 1188/1188 1191/1191 1186/1186
f 1431/1431 1435/1435 1434/1434
f 1431/1431 1434/1434 1429/1429
f 1188/1188 1185/1185 1189/1189
f 1188/1188 1186/1186 1185/1185
f 1191/1191 1187/1187 1186/1186
f 1186/1186 1184/1184 1185/1185
f 970/970 961/961 968/968
f 934/934 935/935 937/937
f 970/970 967/967 961/961
f 968/968 961/961 964/964
f 1186/1186 1187/1187 1184/1184
f 961/961 963/963 964/964
f 255/255 260/260 253/253
f 254/254 253/253 251/251
f 251/251 253/253 252/252
f 909/909 908/908 907/907
f 908/908 906/906 907/907
f 906/906 905/905 907/907
f 933/933 932/932 934/934
f 1430/1430 1429/1429 1428/1428
f 933/933 930/930 932/932
f 1428/1428 1429/1429 1427/1427
f 1429/1429 1433/1433 1427/1427
f 1429/1429 1434/1434 1433/1433
f 1189/1189 1185/1185 1190/1190
f 1190/1190 1185/1185 1181/1181
f 1185/1185 1184/1184 1181/1181
f 934/934 932/932 935/935
f 967/967 962/962 961/961
f 961/961 962/962 963/963
f 1181/1181 1184/1184 1182/1182
f 1433/1433 1432/1432 1427/1427
f 1190/1190 1181/1181 1183/1183
f 967/967 966/966 962/962
f 969/969 966/966 967/967
f 962/962 965/965 963/963
f 930/930 931/931 932/932
f 962/962 966/966 965/965
f 1711/1711 1713/1713 1714/1714
f 1713/1713 1715/1715 1714/1714
f 1731/1731 1723/1723 1725/1725
f 1723/1723 1724/1724 1725/1725
f 1728/1728 1731/1731 1730/1730
f 1728/1728 1730/1730 1729/1729
f 1726/1726 1709/1709 1724/1724
f 1726/1726 1727/1727 1709/1709
f 1724/1724 1708/1708 1725/1725
f 1729/1729 1730/1730 1733/1733
f 1733/1733 1730/1730 1732/1732
f 1731/1731 1725/1725 1730/1730
f 1725/1725 1708/1708 1707/1707
f 1730/1730 1707/1707 1732/1732
f 1725/1725 1707/1707 1730/1730
f 1724/1724 1709/1709 1708/1708
f 1708/1708 1709/1709 1705/1705
f 1707/1707 1703/1703 1706/1706
f 1732/1732 1707/1707 1706/1706
f 1732/1732 1706/1706 1734/1734
f 1734/1734 1706/1706 1735/1735
f 1735/1735 1706/1706 1695/1695
f 1706/1706 1703/1703 1695/1695
f 1707/1707 1708/1708 1703/1703
f 1708/1708 1705/1705 1703/1703
f 1705/1705 1704/1704 1703/1703
f 1704/1704 1702/1702 1703/1703
f 1735/1735 1695/1695 1696/1696
f 1696/1696 1695/1695 1692/1692
f 1695/1695 1703/1703 1694/1694
f 1703/1703 1702/1702 1694/1694
f 1695/1695 1694/1694 1692/1692
f 1694/1694 1702/1702 1693/1693
f 1694/1694 1693/1693 1692/1692
f 1689/1689 1690/1690 1691/1691
f 1691/1691 1693/1693 1699/1699
f 1690/1690 1692/1692 1691/1691
f 1692/1692 1693/1693 1691/1691
f 1689/1689 1697/1697 1710/1710
f 1689/1689 1691/1691 1697/1697
f 1691/1691 1699/1699 1698/1698
f 1691/1691 1698/1698 1697/1697
f 1697/1697 1698/1698 1700/1700
f 1710/1710 1697/1697 1701/1701
f 1697/1697 1700/1700 1701/1701
f 1710/1710 1701/1701 1711/1711
f 1701/1701 1712/1712 1711/1711
f 1712/1712 1713/1713 1711/1711
f 1678/1678 1654/1654 1681/1681
f 1678/1678 1680/1680 1673/1673
f 1680/1680 1674/1674 1673/1673
f 1678/1678 1673/1673 1654/1654
f 1654/1654 1673/1673 1650/1650
f 1673/1673 1674/1674 1649/1649
f 1673/1673 1649/1649 1650/1650
f 1681/1681 1654/1654 1682/1682
f 1682/1682 1654/1654 1683/1683
f 1714/1714 1715/1715 1716/1716
f 1654/1654 1650/1650 1648/1648
f 1650/1650 1649/1649 1648/1648
f 1683/1683 1676/1676 1684/1684
f 1716/1716 1715/1715 1717/1717
f 1715/1715 1718/1718 1717/1717
f 1717/1717 1718/1718 1719/1719
f 1716/1716 1717/1717 1720/1720
f 1717/1717 1719/1719 1720/1720
f 1720/1720 1719/1719 1721/1721
f 1654/1654 1676/1676 1683/1683
f 1654/1654 1648/1648 1676/1676
f 1648/1648 1649/1649 1646/1646
f 1684/1684 1676/1676 1675/1675
f 1676/1676 1645/1645 1675/1675
f 1676/1676 1648/1648 1645/1645
f 1648/1648 1646/1646 1645/1645
f 1686/1686 1685/1685 1677/1677
f 1685/1685 1684/1684 1675/1675
f 1685/1685 1675/1675 1677/1677
f 1677/1677 1675/1675 1647/1647
f 1720/1720 1721/1721 1722/1722
f 1686/1686 1677/1677 1687/1687
f 1677/1677 1647/1647 1672/1672
f 1645/1645 1646/1646 1644/1644
f 1646/1646 1679/1679 1644/1644
f 1675/1675 1645/1645 1647/1647
f 1645/1645 1643/1643 1647/1647
f 1645/1645 1644/1644 1643/1643
f 1644/1644 1679/1679 1642/1642
f 1644/1644 1642/1642 1643/1643
f 1672/1672 1647/1647 1671/1671
f 1647/1647 1670/1670 1671/1671
f 1647/1647 1643/1643 1670/1670
f 1643/1643 1642/1642 1641/1641
f 1643/1643 1655/1655 1670/1670
f 1643/1643 1641/1641 1655/1655
f 1655/1655 1641/1641 1656/1656
f 1671/1671 1670/1670 1659/1659
f 1671/1671 1659/1659 1669/1669
f 1670/1670 1655/1655 1659/1659
f 1669/1669 1659/1659 1668/1668
f 1655/1655 1656/1656 1659/1659
f 1659/1659 1656/1656 1657/1657
f 1656/1656 1639/1639 1657/1657
f 1668/1668 1659/1659 1664/1664
f 1659/1659 1657/1657 1664/1664
f 1664/1664 1657/1657 1653/1653
f 1668/1668 1664/1664 1663/1663
f 1664/1664 1653/1653 1663/1663
f 1668/1668 1663/1663 1666/1666
f 1663/1663 1653/1653 1660/1660
f 1663/1663 1660/1660 1666/1666
f 1666/1666 1660/1660 1662/1662
f 1660/1660 1661/1661 1662/1662
f 1660/1660 1653/1653 1658/1658
f 1660/1660 1658/1658 1661/1661
f 1662/1662 1661/1661 1665/1665
f 1641/1641 1642/1642 1640/1640
f 1641/1641 1640/1640 1639/1639
f 1641/1641 1639/1639 1656/1656
f 1639/1639 1640/1640 1635/1635
f 1657/1657 1639/1639 1638/1638
f 1639/1639 1635/1635 1638/1638
f 1640/1640 1688/1688 1635/1635
f 1635/1635 1688/1688 1636/1636
f 1638/1638 1635/1635 1634/1634
f 1657/1657 1638/1638 1653/1653
f 1635/1635 1636/1636 1634/1634
f 1634/1634 1636/1636 1630/1630
f 1653/1653 1638/1638 1652/1652
f 1638/1638 1634/1634 1652/1652
f 1634/1634 1630/1630 1627/1627
f 1634/1634 1627/1627 1637/1637
f 1634/1634 1637/1637 1652/1652
f 1627/1627 1630/1630 1628/1628
f 1653/1653 1652/1652 1658/1658
f 1652/1652 1637/1637 1658/1658
f 1637/1637 1627/1627 1631/1631
f 1627/1627 1629/1629 1631/1631
f 1627/1627 1628/1628 1629/1629
f 1658/1658 1637/1637 1651/1651
f 1658/1658 1667/1667 1661/1661
f 1658/1658 1651/1651 1667/1667
f 1637/1637 1631/1631 1651/1651
f 1631/1631 1629/1629 1632/1632
f 1632/1632 1629/1629 1633/1633
f 1631/1631 1632/1632 1651/1651
f 1830/1830 1770/1770 1827/1827
f 1795/1795 1833/1833 1834/1834
f 1769/1769 1763/1763 1764/1764
f 1763/1763 1762/1762 1764/1764
f 1950/1950 1943/1943 1939/1939
f 1769/1769 1774/1774 1795/1795
f 1795/1795 1774/1774 1833/1833
f 1769/1769 1764/1764 1774/1774
f 1774/1774 1830/1830 1833/1833
f 1774/1774 1770/1770 1830/1830
f 1774/1774 1764/1764 1767/1767
f 1764/1764 1766/1766 1767/1767
f 1762/1762 1765/1765 1764/1764
f 1950/1950 1939/1939 1940/1940
f 1943/1943 1935/1935 1939/1939
f 1764/1764 1765/1765 1766/1766
f 1939/1939 1935/1935 1933/1933
f 1940/1940 1939/1939 1933/1933
f 1940/1940 1933/1933 1931/1931
f 1774/1774 1767/1767 1770/1770
f 1767/1767 1766/1766 1768/1768
f 1770/1770 1767/1767 1768/1768
f 1770/1770 1768/1768 1771/1771
f 1771/1771 1768/1768 1772/1772
f 1985/1985 1986/1986 1929/1929
f 1941/1941 1940/1940 1931/1931
f 1986/1986 1941/1941 1929/1929
f 1941/1941 1931/1931 1929/1929
f 1931/1931 1933/1933 1932/1932
f 1933/1933 1934/1934 1932/1932
f 1931/1931 1932/1932 1930/1930
f 1931/1931 1930/1930 1929/1929
f 1930/1930 1932/1932 1945/1945
f 1827/1827 1770/1770 1771/1771
f 1771/1771 1775/1775 1827/1827
f 1775/1775 1771/1771 1773/1773
f 1771/1771 1772/1772 1773/1773
f 1929/1929 1928/1928 1985/1985
f 1985/1985 1955/1955 2004/2004
f 1985/1985 1928/1928 1955/1955
f 1955/1955 1928/1928 1926/1926
f 1929/1929 1930/1930 1927/1927
f 1929/1929 1927/1927 1928/1928
f 1927/1927 1930/1930 1945/1945
f 1945/1945 1961/1961 1962/1962
f 1928/1928 1927/1927 1926/1926
f 1927/1927 1924/1924 1926/1926
f 1927/1927 1946/1946 1924/1924
f 1927/1927 1945/1945 1946/1946
f 1945/1945 1962/1962 1946/1946
f 2004/2004 1955/1955 1988/1988
f 1955/1955 1926/1926 1988/1988
f 1926/1926 1924/1924 1925/1925
f 1925/1925 1924/1924 1919/1919
f 1943/1943 1936/1936 1935/1935
f 1936/1936 1938/1938 1935/1935
f 1936/1936 1937/1937 1938/1938
f 1875/1875 1877/1877 1837/1837
f 1938/1938 1937/1937 1942/1942
f 1942/1942 1937/1937 1959/1959
f 1935/1935 1934/1934 1933/1933
f 1935/1935 1938/1938 1934/1934
f 1938/1938 1942/1942 1934/1934
f 1937/1937 1884/1884 1883/1883
f 1884/1884 1875/1875 1883/1883
f 1875/1875 1854/1854 1883/1883
f 1937/1937 1883/1883 1959/1959
f 1875/1875 1837/1837 1854/1854
f 1959/1959 1883/1883 1873/1873
f 1854/1854 1873/1873 1883/1883
f 1854/1854 1839/1839 1873/1873
f 1854/1854 1837/1837 1839/1839
f 1837/1837 1838/1838 1839/1839
f 1932/1932 1934/1934 1957/1957
f 1934/1934 1942/1942 1957/1957
f 1942/1942 1959/1959 1957/1957
f 1957/1957 1959/1959 1882/1882
f 1957/1957 1961/1961 1932/1932
f 1961/1961 1945/1945 1932/1932
f 1882/1882 1881/1881 1957/1957
f 1959/1959 1873/1873 1882/1882
f 1873/1873 1841/1841 1882/1882
f 1882/1882 1855/1855 1881/1881
f 1882/1882 1841/1841 1855/1855
f 1957/1957 1960/1960 1961/1961
f 1960/1960 1957/1957 1881/1881
f 1827/1827 1775/1775 1829/1829
f 1775/1775 1828/1828 1829/1829
f 1775/1775 1776/1776 1828/1828
f 1800/1800 1828/1828 1779/1779
f 1776/1776 1779/1779 1828/1828
f 1776/1776 1778/1778 1779/1779
f 1798/1798 1799/1799 1780/1780
f 2003/2003 1989/1989 1994/1994
f 1800/1800 1779/1779 1780/1780
f 1800/1800 1780/1780 1799/1799
f 1779/1779 1778/1778 1780/1780
f 1778/1778 1781/1781 1780/1780
f 1994/1994 1989/1989 1987/1987
f 1798/1798 1780/1780 1783/1783
f 1994/1994 1987/1987 1992/1992
f 1781/1781 1782/1782 1780/1780
f 1780/1780 1782/1782 1783/1783
f 1992/1992 1987/1987 1990/1990
f 1798/1798 1783/1783 1811/1811
f 1782/1782 1784/1784 1783/1783
f 1992/1992 1990/1990 1993/1993
f 1993/1993 1990/1990 1956/1956
f 1811/1811 1783/1783 1786/1786
f 1811/1811 1786/1786 1797/1797
f 1783/1783 1784/1784 1785/1785
f 1786/1786 1783/1783 1785/1785
f 1993/1993 1956/1956 1995/1995
f 1995/1995 1956/1956 1997/1997
f 1797/1797 1788/1788 1796/1796
f 1836/1836 1796/1796 1835/1835
f 1835/1835 1796/1796 1789/1789
f 1796/1796 1788/1788 1789/1789
f 1835/1835 1789/1789 1831/1831
f 1789/1789 1788/1788 1787/1787
f 1789/1789 1787/1787 1790/1790
f 1797/1797 1786/1786 1788/1788
f 1785/1785 1787/1787 1786/1786
f 1787/1787 1788/1788 1786/1786
f 1995/1995 1997/1997 1998/1998
f 1998/1998 1997/1997 1952/1952
f 1998/1998 1952/1952 1999/1999
f 1832/1832 1831/1831 1794/1794
f 1831/1831 1789/1789 1791/1791
f 1831/1831 1791/1791 1794/1794
f 1791/1791 1792/1792 1794/1794
f 1791/1791 1789/1789 1790/1790
f 1791/1791 1790/1790 1792/1792
f 1794/1794 1792/1792 1809/1809
f 1809/1809 1792/1792 1801/1801
f 1801/1801 1792/1792 1793/1793
f 1790/1790 1793/1793 1792/1792
f 1998/1998 1999/1999 2002/2002
f 2002/2002 1999/1999 2001/2001
f 1952/1952 1951/1951 1999/1999
f 2002/2002 2001/2001 2008/2008
f 1999/1999 1951/1951 2001/2001
f 1951/1951 1923/1923 1922/1922
f 2001/2001 1951/1951 1922/1922
f 2001/2001 1922/1922 1996/1996
f 1793/1793 1803/1803 1802/1802
f 1793/1793 1802/1802 1801/1801
f 1802/1802 1803/1803 1807/1807
f 1803/1803 1804/1804 1805/1805
f 1793/1793 1804/1804 1803/1803
f 1922/1922 1923/1923 1905/1905
f 1803/1803 1805/1805 1806/1806
f 1803/1803 1806/1806 1807/1807
f 2005/2005 1996/1996 1947/1947
f 1996/1996 1922/1922 1947/1947
f 1922/1922 1903/1903 1947/1947
f 1947/1947 1903/1903 1902/1902
f 1807/1807 1806/1806 1808/1808
f 2005/2005 1947/1947 1949/1949
f 2005/2005 1949/1949 2007/2007
f 1947/1947 1902/1902 1949/1949
f 1949/1949 1902/1902 1921/1921
f 2007/2007 1949/1949 1983/1983
f 1949/1949 1921/1921 1983/1983
f 1921/1921 1902/1902 1900/1900
f 1900/1900 1897/1897 1921/1921
f 1773/1773 1776/1776 1775/1775
f 1776/1776 1773/1773 1777/1777
f 1988/1988 1926/1926 1948/1948
f 1926/1926 1925/1925 1948/1948
f 1778/1778 1776/1776 1777/1777
f 2003/2003 1988/1988 1989/1989
f 1988/1988 1948/1948 1989/1989
f 1946/1946 1920/1920 1924/1924
f 1962/1962 1964/1964 1946/1946
f 1946/1946 1964/1964 1965/1965
f 1964/1964 1963/1963 1965/1965
f 1924/1924 1920/1920 1919/1919
f 1925/1925 1919/1919 1948/1948
f 1919/1919 1920/1920 1918/1918
f 1946/1946 1965/1965 1920/1920
f 1920/1920 1965/1965 1918/1918
f 1989/1989 1948/1948 1987/1987
f 1948/1948 1915/1915 1987/1987
f 1948/1948 1919/1919 1917/1917
f 1919/1919 1918/1918 1917/1917
f 1918/1918 1965/1965 1966/1966
f 1948/1948 1917/1917 1915/1915
f 1917/1917 1916/1916 1915/1915
f 1918/1918 1916/1916 1917/1917
f 1918/1918 1966/1966 1916/1916
f 1916/1916 1966/1966 1958/1958
f 1966/1966 1876/1876 1958/1958
f 1958/1958 1876/1876 1878/1878
f 1990/1990 1987/1987 1914/1914
f 1990/1990 1914/1914 1956/1956
f 1987/1987 1915/1915 1914/1914
f 1956/1956 1914/1914 1913/1913
f 1915/1915 1916/1916 1911/1911
f 1914/1914 1915/1915 1911/1911
f 1916/1916 1958/1958 1911/1911
f 1878/1878 1874/1874 1958/1958
f 1911/1911 1958/1958 1912/1912
f 1914/1914 1911/1911 1913/1913
f 1911/1911 1912/1912 1913/1913
f 1912/1912 1958/1958 1880/1880
f 1958/1958 1874/1874 1880/1880
f 1874/1874 1856/1856 1858/1858
f 1956/1956 1913/1913 1944/1944
f 1913/1913 1910/1910 1944/1944
f 1956/1956 1944/1944 1997/1997
f 1997/1997 1944/1944 1952/1952
f 1952/1952 1944/1944 1923/1923
f 1913/1913 1912/1912 1879/1879
f 1912/1912 1880/1880 1879/1879
f 1913/1913 1879/1879 1910/1910
f 1880/1880 1874/1874 1865/1865
f 1874/1874 1858/1858 1865/1865
f 1858/1858 1860/1860 1865/1865
f 1858/1858 1859/1859 1860/1860
f 1860/1860 1859/1859 1861/1861
f 1757/1757 1756/1756 1758/1758
f 1879/1879 1865/1865 1872/1872
f 1880/1880 1865/1865 1879/1879
f 1757/1757 1758/1758 1761/1761
f 1860/1860 1861/1861 1865/1865
f 1861/1861 1871/1871 1867/1867
f 1951/1951 1952/1952 1923/1923
f 1944/1944 1909/1909 1923/1923
f 1909/1909 1907/1907 1923/1923
f 1944/1944 1910/1910 1909/1909
f 1910/1910 1879/1879 1908/1908
f 1879/1879 1872/1872 1908/1908
f 1909/1909 1910/1910 1908/1908
f 1909/1909 1908/1908 1907/1907
f 1908/1908 1872/1872 1870/1870
f 1907/1907 1908/1908 1906/1906
f 1908/1908 1870/1870 1906/1906
f 1872/1872 1865/1865 1866/1866
f 1872/1872 1866/1866 1870/1870
f 1865/1865 1861/1861 1866/1866
f 1861/1861 1867/1867 1866/1866
f 1866/1866 1869/1869 1870/1870
f 1923/1923 1907/1907 1905/1905
f 1907/1907 1906/1906 1905/1905
f 1906/1906 1870/1870 1979/1979
f 1870/1870 1869/1869 1979/1979
f 1905/1905 1906/1906 1904/1904
f 1906/1906 1979/1979 1904/1904
f 1869/1869 2018/2018 1979/1979
f 1922/1922 1905/1905 1903/1903
f 1905/1905 1904/1904 1903/1903
f 1903/1903 1904/1904 1901/1901
f 1904/1904 1978/1978 1901/1901
f 1979/1979 1978/1978 1904/1904
f 1979/1979 2018/2018 1978/1978
f 1869/1869 2016/2016 2018/2018
f 1903/1903 1901/1901 1902/1902
f 1902/1902 1901/1901 1900/1900
f 1978/1978 2019/2019 1977/1977
f 1978/1978 1977/1977 1901/1901
f 1901/1901 1899/1899 1900/1900
f 1899/1899 1901/1901 1977/1977
f 1899/1899 1977/1977 1898/1898
f 1900/1900 1899/1899 1897/1897
f 1899/1899 1898/1898 1897/1897
f 1839/1839 1838/1838 1840/1840
f 1839/1839 1841/1841 1873/1873
f 1839/1839 1840/1840 1841/1841
f 1840/1840 1842/1842 1841/1841
f 1960/1960 1881/1881 1968/1968
f 1881/1881 1862/1862 1968/1968
f 1881/1881 1855/1855 1862/1862
f 1961/1961 1960/1960 1962/1962
f 1960/1960 1963/1963 1962/1962
f 1960/1960 1968/1968 1963/1963
f 1968/1968 1862/1862 1863/1863
f 1862/1862 1848/1848 1863/1863
f 1848/1848 1847/1847 1863/1863
f 1855/1855 1841/1841 1843/1843
f 1841/1841 1842/1842 1843/1843
f 1855/1855 1843/1843 1848/1848
f 1843/1843 1844/1844 1848/1848
f 1843/1843 1842/1842 1844/1844
f 1862/1862 1855/1855 1848/1848
f 1848/1848 1844/1844 1847/1847
f 1842/1842 1845/1845 1844/1844
f 1962/1962 1963/1963 1964/1964
f 1963/1963 1968/1968 1969/1969
f 1969/1969 1968/1968 1863/1863
f 1963/1963 1969/1969 1967/1967
f 1963/1963 1967/1967 1965/1965
f 1967/1967 1969/1969 1864/1864
f 1863/1863 1864/1864 1969/1969
f 1863/1863 1847/1847 1849/1849
f 1847/1847 1846/1846 1849/1849
f 1863/1863 1849/1849 1864/1864
f 1755/1755 1754/1754 1748/1748
f 1846/1846 1850/1850 1849/1849
f 1754/1754 1753/1753 1748/1748
f 1844/1844 1846/1846 1847/1847
f 1844/1844 1845/1845 1846/1846
f 1760/1760 1759/1759 1755/1755
f 1755/1755 1759/1759 1754/1754
f 1966/1966 1965/1965 1967/1967
f 1966/1966 1967/1967 1876/1876
f 1967/1967 1864/1864 1876/1876
f 1876/1876 1864/1864 1852/1852
f 1849/1849 1852/1852 1864/1864
f 1849/1849 1851/1851 1852/1852
f 1849/1849 1850/1850 1851/1851
f 1876/1876 1852/1852 1878/1878
f 1852/1852 1856/1856 1878/1878
f 1748/1748 1753/1753 1749/1749
f 1748/1748 1749/1749 1750/1750
f 1852/1852 1851/1851 1853/1853
f 1852/1852 1853/1853 1856/1856
f 1750/1750 1749/1749 1751/1751
f 1878/1878 1856/1856 1874/1874
f 1853/1853 1857/1857 1856/1856
f 1751/1751 1749/1749 1752/1752
f 1856/1856 1857/1857 1858/1858
f 1749/1749 1756/1756 1752/1752
f 1858/1858 1857/1857 1859/1859
f 1752/1752 1756/1756 1757/1757
f 1801/1801 1802/1802 1825/1825
f 1825/1825 1802/1802 1807/1807
f 1807/1807 1826/1826 1825/1825
f 1808/1808 1810/1810 1807/1807
f 1810/1810 1808/1808 1812/1812
f 1808/1808 1816/1816 1812/1812
f 1810/1810 1812/1812 1813/1813
f 1813/1813 1812/1812 1814/1814
f 1814/1814 1815/1815 1813/1813
f 1814/1814 1818/1818 1815/1815
f 1812/1812 1816/1816 1814/1814
f 1983/1983 1921/1921 1896/1896
f 1921/1921 1897/1897 1896/1896
f 1814/1814 1816/1816 1817/1817
f 1814/1814 1817/1817 1818/1818
f 1983/1983 1896/1896 1984/1984
f 1815/1815 1818/1818 1819/1819
f 1818/1818 1821/1821 1820/1820
f 1820/1820 1821/1821 1822/1822
f 1818/1818 1820/1820 1819/1819
f 1819/1819 1820/1820 1823/1823
f 1984/1984 1896/1896 1954/1954
f 2009/2009 1984/1984 2000/2000
f 1984/1984 1954/1954 2000/2000
f 1954/1954 1896/1896 1890/1890
f 1896/1896 1891/1891 1890/1890
f 1890/1890 1891/1891 1889/1889
f 1890/1890 1889/1889 1888/1888
f 1820/1820 1822/1822 1823/1823
f 1823/1823 1822/1822 1824/1824
f 2000/2000 1991/1991 2006/2006
f 2000/2000 1954/1954 1953/1953
f 2000/2000 1953/1953 1991/1991
f 1954/1954 1890/1890 1953/1953
f 1890/1890 1887/1887 1953/1953
f 1991/1991 1953/1953 1887/1887
f 1890/1890 1888/1888 1887/1887
f 1888/1888 1886/1886 1887/1887
f 1866/1866 1868/1868 1869/1869
f 1869/1869 1868/1868 2016/2016
f 1866/1866 1867/1867 1868/1868
f 2016/2016 1868/1868 2017/2017
f 2018/2018 2016/2016 2015/2015
f 2016/2016 2017/2017 2010/2010
f 2016/2016 2010/2010 2015/2015
f 2010/2010 2011/2011 2012/2012
f 2018/2018 2019/2019 1978/1978
f 2018/2018 2015/2015 2019/2019
f 2015/2015 2020/2020 2019/2019
f 2019/2019 2020/2020 1977/1977
f 2015/2015 2010/2010 2013/2013
f 2010/2010 2012/2012 2013/2013
f 2020/2020 2015/2015 1982/1982
f 2015/2015 2013/2013 1982/1982
f 1982/1982 2013/2013 2014/2014
f 1747/1747 1744/1744 1743/1743
f 2012/2012 2014/2014 2013/2013
f 1743/1743 1744/1744 1740/1740
f 1897/1897 1898/1898 1892/1892
f 1977/1977 2020/2020 1898/1898
f 2020/2020 1981/1981 1974/1974
f 1981/1981 1975/1975 1974/1974
f 1892/1892 1898/1898 1974/1974
f 1897/1897 1892/1892 1896/1896
f 1898/1898 2020/2020 1974/1974
f 2020/2020 1982/1982 1981/1981
f 1981/1981 1982/1982 1980/1980
f 1981/1981 1980/1980 1975/1975
f 1743/1743 1740/1740 1739/1739
f 1982/1982 2014/2014 2021/2021
f 1982/1982 2021/2021 1980/1980
f 1980/1980 1976/1976 1975/1975
f 1980/1980 2021/2021 2022/2022
f 1740/1740 1737/1737 1739/1739
f 1896/1896 1892/1892 1891/1891
f 1892/1892 1974/1974 1889/1889
f 1892/1892 1889/1889 1891/1891
f 1974/1974 1973/1973 1889/1889
f 1974/1974 1975/1975 1973/1973
f 1889/1889 1973/1973 1894/1894
f 1975/1975 1972/1972 1973/1973
f 1973/1973 1972/1972 1895/1895
f 1975/1975 1976/1976 1972/1972
f 1976/1976 1980/1980 2022/2022
f 2022/2022 2021/2021 2028/2028
f 1972/1972 1976/1976 1970/1970
f 1976/1976 2022/2022 1970/1970
f 1972/1972 1970/1970 1895/1895
f 1739/1739 1737/1737 1736/1736
f 1736/1736 1737/1737 1738/1738
f 2022/2022 2028/2028 2026/2026
f 1889/1889 1894/1894 1886/1886
f 1889/1889 1886/1886 1888/1888
f 1973/1973 1895/1895 1894/1894
f 1894/1894 1895/1895 1885/1885
f 1895/1895 1970/1970 1893/1893
f 2022/2022 2023/2023 1970/1970
f 1893/1893 1970/1970 1971/1971
f 1970/1970 2023/2023 1971/1971
f 2022/2022 2027/2027 2023/2023
f 2022/2022 2026/2026 2027/2027
f 2027/2027 2025/2025 2023/2023
f 1736/1736 1738/1738 1741/1741
f 1738/1738 1742/1742 1741/1741
f 2027/2027 2026/2026 2025/2025
f 1741/1741 1742/1742 1745/1745
f 2026/2026 2024/2024 2025/2025
f 1745/1745 1742/1742 1746/1746
f 2031/2031 2029/2029 2037/2037
f 2029/2029 2031/2031 2030/2030
f 2037/2037 2042/2042 2031/2031
f 2031/2031 2032/2032 2030/2030
f 2042/2042 2033/2033 2031/2031
f 2031/2031 2033/2033 2032/2032
f 2042/2042 2043/2043 2033/2033
f 2032/2032 2033/2033 2034/2034
f 2033/2033 2043/2043 2035/2035
f 2043/2043 2044/2044 2035/2035
f 2132/2132 2130/2130 2131/2131
f 2130/2130 2129/2129 2131/2131
f 2130/2130 2126/2126 2129/2129
f 2126/2126 2123/2123 2127/2127
f 2126/2126 2127/2127 2129/2129
f 2129/2129 2127/2127 2142/2142
f 2142/2142 2127/2127 2128/2128
f 2124/2124 2123/2123 2126/2126
f 2124/2124 2122/2122 2123/2123
f 2123/2123 2120/2120 2127/2127
f 2127/2127 2120/2120 2128/2128
f 2128/2128 2120/2120 2125/2125
f 2123/2123 2122/2122 2121/2121
f 2123/2123 2121/2121 2120/2120
f 2121/2121 2113/2113 2120/2120
f 2120/2120 2113/2113 2114/2114
f 2122/2122 2115/2115 2121/2121
f 2115/2115 2109/2109 2110/2110
f 2109/2109 2095/2095 2110/2110
f 2121/2121 2115/2115 2113/2113
f 2115/2115 2110/2110 2113/2113
f 2113/2113 2110/2110 2093/2093
f 2113/2113 2093/2093 2114/2114
f 2109/2109 2099/2099 2095/2095
f 2109/2109 2101/2101 2099/2099
f 2033/2033 2035/2035 2034/2034
f 2034/2034 2035/2035 2036/2036
f 2044/2044 2045/2045 2038/2038
f 2044/2044 2038/2038 2035/2035
f 2035/2035 2038/2038 2036/2036
f 2038/2038 2045/2045 2040/2040
f 2038/2038 2039/2039 2036/2036
f 2038/2038 2040/2040 2039/2039
f 2045/2045 2138/2138 2040/2040
f 2138/2138 2041/2041 2040/2040
f 2138/2138 2136/2136 2041/2041
f 2041/2041 2136/2136 2137/2137
f 2040/2040 2041/2041 2039/2039
f 2136/2136 2135/2135 2137/2137
f 2136/2136 2134/2134 2135/2135
f 2137/2137 2135/2135 2141/2141
f 2134/2134 2133/2133 2135/2135
f 2134/2134 2132/2132 2133/2133
f 2132/2132 2131/2131 2133/2133
f 2133/2133 2145/2145 2135/2135
f 2133/2133 2131/2131 2145/2145
f 2131/2131 2144/2144 2145/2145
f 2144/2144 2143/2143 2145/2145
f 2131/2131 2129/2129 2144/2144
f 2129/2129 2143/2143 2144/2144
f 2129/2129 2142/2142 2143/2143
f 2120/2120 2114/2114 2125/2125
f 2114/2114 2116/2116 2125/2125
f 2114/2114 2093/2093 2116/2116
f 2116/2116 2093/2093 2092/2092
f 2092/2092 2093/2093 2091/2091
f 2095/2095 2099/2099 2094/2094
f 2097/2097 2099/2099 2100/2100
f 2095/2095 2093/2093 2110/2110
f 2093/2093 2095/2095 2091/2091
f 2095/2095 2094/2094 2091/2091
f 2091/2091 2090/2090 2092/2092
f 2099/2099 2097/2097 2094/2094
f 2094/2094 2088/2088 2091/2091
f 2088/2088 2089/2089 2091/2091
f 2094/2094 2097/2097 2088/2088
f 2091/2091 2089/2089 2090/2090
f 2090/2090 2089/2089 2087/2087
f 2089/2089 2088/2088 2087/2087
f 2101/2101 2100/2100 2099/2099
f 2101/2101 2102/2102 2100/2100
f 2100/2100 2103/2103 2097/2097
f 2100/2100 2102/2102 2103/2103
f 2102/2102 2105/2105 2103/2103
f 2088/2088 2097/2097 2096/2096
f 2097/2097 2103/2103 2096/2096
f 2088/2088 2084/2084 2087/2087
f 2088/2088 2096/2096 2084/2084
f 2103/2103 2104/2104 2096/2096
f 2096/2096 2108/2108 2085/2085
f 2085/2085 2084/2084 2096/2096
f 2087/2087 2084/2084 2086/2086
f 2084/2084 2085/2085 2086/2086
f 2105/2105 2104/2104 2103/2103
f 2105/2105 2111/2111 2106/2106
f 2105/2105 2106/2106 2104/2104
f 2106/2106 2107/2107 2104/2104
f 2085/2085 2083/2083 2086/2086
f 2086/2086 2083/2083 2118/2118
f 2108/2108 2082/2082 2085/2085
f 2085/2085 2082/2082 2083/2083
f 2083/2083 2117/2117 2118/2118
f 2082/2082 2081/2081 2083/2083
f 2111/2111 2112/2112 2106/2106
f 2082/2082 2080/2080 2081/2081
f 2080/2080 2079/2079 2081/2081
f 2046/2046 2047/2047 2048/2048
f 2047/2047 2049/2049 2048/2048
f 2048/2048 2070/2070 2073/2073
f 2051/2051 2050/2050 2047/2047
f 2051/2051 2052/2052 2050/2050
f 2049/2049 2070/2070 2048/2048
f 2047/2047 2050/2050 2049/2049
f 2049/2049 2050/2050 2070/2070
f 2050/2050 2069/2069 2070/2070
f 2070/2070 2071/2071 2073/2073
f 2070/2070 2069/2069 2071/2071
f 2052/2052 2053/2053 2050/2050
f 2050/2050 2067/2067 2069/2069
f 2069/2069 2072/2072 2071/2071
f 2053/2053 2055/2055 2054/2054
f 2053/2053 2054/2054 2050/2050
f 2050/2050 2054/2054 2067/2067
f 2067/2067 2054/2054 2068/2068
f 2067/2067 2072/2072 2069/2069
f 2072/2072 2067/2067 2077/2077
f 2140/2140 2055/2055 2053/2053
f 2140/2140 2139/2139 2055/2055
f 2067/2067 2068/2068 2077/2077
f 2066/2066 2078/2078 2068/2068
f 2068/2068 2078/2078 2077/2077
f 2083/2083 2081/2081 2117/2117
f 2139/2139 2057/2057 2055/2055
f 2055/2055 2057/2057 2056/2056
f 2055/2055 2056/2056 2054/2054
f 2054/2054 2056/2056 2066/2066
f 2054/2054 2066/2066 2068/2068
f 2078/2078 2066/2066 2076/2076
f 2146/2146 2147/2147 2148/2148
f 2057/2057 2059/2059 2058/2058
f 2057/2057 2058/2058 2056/2056
f 2059/2059 2060/2060 2058/2058
f 2147/2147 2149/2149 2148/2148
f 2149/2149 2150/2150 2148/2148
f 2150/2150 2151/2151 2148/2148
f 2066/2066 2056/2056 2064/2064
f 2064/2064 2075/2075 2066/2066
f 2066/2066 2075/2075 2076/2076
f 2056/2056 2058/2058 2064/2064
f 2081/2081 2098/2098 2117/2117
f 2081/2081 2079/2079 2098/2098
f 2117/2117 2098/2098 2119/2119
f 2060/2060 2061/2061 2058/2058
f 2058/2058 2061/2061 2062/2062
f 2119/2119 2098/2098 2061/2061
f 2058/2058 2062/2062 2064/2064
f 2064/2064 2065/2065 2075/2075
f 2064/2064 2062/2062 2065/2065
f 2075/2075 2065/2065 2074/2074
f 2061/2061 2063/2063 2062/2062
f 2233/2233 2232/2232 2230/2230
f 2232/2232 2231/2231 2230/2230
f 2231/2231 2222/2222 2230/2230
f 2230/2230 2222/2222 2223/2223
f 2230/2230 2223/2223 2224/2224
f 2224/2224 2223/2223 2220/2220
f 2223/2223 2222/2222 2220/2220
f 2220/2220 2222/2222 2221/2221
f 2220/2220 2221/2221 2219/2219
f 2220/2220 2219/2219 2218/2218
f 2219/2219 2216/2216 2218/2218
f 2216/2216 2219/2219 2226/2226
f 2226/2226 2213/2213 2216/2216
f 2233/2233 2230/2230 2234/2234
f 2234/2234 2230/2230 2235/2235
f 2235/2235 2230/2230 2224/2224
f 2235/2235 2224/2224 2229/2229
f 2224/2224 2220/2220 2218/2218
f 2224/2224 2218/2218 2229/2229
f 2229/2229 2218/2218 2225/2225
f 2218/2218 2217/2217 2225/2225
f 2218/2218 2216/2216 2217/2217
f 2216/2216 2215/2215 2217/2217
f 2216/2216 2213/2213 2215/2215
f 2213/2213 2214/2214 2215/2215
f 2242/2242 2243/2243 2244/2244
f 2219/2219 2221/2221 2226/2226
f 2226/2226 2212/2212 2211/2211
f 2211/2211 2213/2213 2226/2226
f 2210/2210 2211/2211 2212/2212
f 2213/2213 2211/2211 2209/2209
f 2211/2211 2210/2210 2209/2209
f 2213/2213 2209/2209 2214/2214
f 2209/2209 2210/2210 2204/2204
f 2209/2209 2227/2227 2214/2214
f 2209/2209 2205/2205 2227/2227
f 2209/2209 2204/2204 2205/2205
f 2205/2205 2228/2228 2227/2227
f 2205/2205 2204/2204 2202/2202
f 2205/2205 2202/2202 2208/2208
f 2238/2238 2241/2241 2239/2239
f 2203/2203 2202/2202 2204/2204
f 2203/2203 2198/2198 2202/2202
f 2199/2199 2198/2198 2197/2197
f 2198/2198 2196/2196 2197/2197
f 2208/2208 2202/2202 2199/2199
f 2199/2199 2201/2201 2208/2208
f 2238/2238 2239/2239 2240/2240
f 2208/2208 2201/2201 2207/2207
f 2201/2201 2206/2206 2207/2207
f 2202/2202 2198/2198 2199/2199
f 2197/2197 2200/2200 2199/2199
f 2201/2201 2199/2199 2200/2200
f 2197/2197 2196/2196 2195/2195
f 2236/2236 2197/2197 2195/2195
f 2197/2197 2236/2236 2200/2200
f 2194/2194 2195/2195 2196/2196
f 2182/2182 2177/2177 2183/2183
f 2194/2194 2182/2182 2183/2183
f 2195/2195 2183/2183 2236/2236
f 2183/2183 2179/2179 2236/2236
f 2236/2236 2179/2179 2237/2237
f 2194/2194 2183/2183 2195/2195
f 2200/2200 2206/2206 2201/2201
f 2200/2200 2236/2236 2206/2206
f 2236/2236 2237/2237 2206/2206
f 2182/2182 2180/2180 2177/2177
f 2183/2183 2177/2177 2179/2179
f 2177/2177 2178/2178 2179/2179
f 2180/2180 2173/2173 2177/2177
f 2173/2173 2172/2172 2177/2177
f 2177/2177 2172/2172 2178/2178
f 2172/2172 2192/2192 2178/2178
f 2192/2192 2172/2172 2169/2169
f 2192/2192 2193/2193 2178/2178
f 2192/2192 2169/2169 2175/2175
f 2192/2192 2175/2175 2193/2193
f 2169/2169 2165/2165 2175/2175
f 2175/2175 2165/2165 2164/2164
f 2175/2175 2164/2164 2167/2167
f 2180/2180 2181/2181 2173/2173
f 2181/2181 2185/2185 2173/2173
f 2173/2173 2185/2185 2171/2171
f 2172/2172 2173/2173 2171/2171
f 2172/2172 2171/2171 2169/2169
f 2185/2185 2176/2176 2171/2171
f 2171/2171 2170/2170 2169/2169
f 2176/2176 2170/2170 2171/2171
f 2169/2169 2170/2170 2168/2168
f 2169/2169 2168/2168 2165/2165
f 2170/2170 2174/2174 2168/2168
f 2168/2168 2163/2163 2165/2165
f 2165/2165 2163/2163 2164/2164
f 2164/2164 2163/2163 2162/2162
f 2164/2164 2162/2162 2166/2166
f 2163/2163 2160/2160 2162/2162
f 2162/2162 2160/2160 2159/2159
f 2164/2164 2166/2166 2167/2167
f 2166/2166 2162/2162 2188/2188
f 2166/2166 2188/2188 2189/2189
f 2160/2160 2158/2158 2159/2159
f 2158/2158 2156/2156 2159/2159
f 2159/2159 2188/2188 2162/2162
f 2188/2188 2159/2159 2161/2161
f 2188/2188 2161/2161 2187/2187
f 2161/2161 2159/2159 2156/2156
f 2161/2161 2157/2157 2186/2186
f 2187/2187 2161/2161 2186/2186
f 2161/2161 2156/2156 2157/2157
f 2156/2156 2155/2155 2157/2157
f 2188/2188 2190/2190 2189/2189
f 2188/2188 2191/2191 2190/2190
f 2153/2153 2155/2155 2156/2156
f 2158/2158 2153/2153 2156/2156
f 2153/2153 2152/2152 2154/2154
f 2153/2153 2154/2154 2155/2155
f 2154/2154 2184/2184 2155/2155
f 2184/2184 2154/2154 2152/2152
f 2245/2245 2246/2246 2247/2247
f 2245/2245 2248/2248 2246/2246
f 2246/2246 2248/2248 2249/2249
f 2248/2248 2250/2250 2249/2249
f 2249/2249 2251/2251 2252/2252
f 2250/2250 2251/2251 2249/2249
f 2250/2250 2255/2255 2251/2251
f 2251/2251 2255/2255 2254/2254
f 2255/2255 2272/2272 2254/2254
f 2252/2252 2251/2251 2253/2253
f 2251/2251 2254/2254 2253/2253
f 2254/2254 2272/2272 2257/2257
f 2253/2253 2254/2254 2256/2256
f 2254/2254 2257/2257 2256/2256
f 2272/2272 2275/2275 2257/2257
f 2275/2275 2270/2270 2257/2257
f 2257/2257 2270/2270 2258/2258
f 2256/2256 2257/2257 2258/2258
f 2256/2256 2258/2258 2259/2259
f 2270/2270 2262/2262 2258/2258
f 2262/2262 2261/2261 2258/2258
f 2262/2262 2263/2263 2261/2261
f 2258/2258 2261/2261 2260/2260
f 2263/2263 2264/2264 2261/2261
f 2258/2258 2260/2260 2259/2259
f 2260/2260 2261/2261 2271/2271
f 2261/2261 2264/2264 2271/2271
f 2263/2263 2265/2265 2264/2264
f 2271/2271 2264/2264 2267/2267
f 2264/2264 2265/2265 2266/2266
f 2264/2264 2266/2266 2267/2267
f 2267/2267 2266/2266 2268/2268
f 2266/2266 2269/2269 2268/2268
f 2268/2268 2269/2269 2276/2276
f 2268/2268 2276/2276 2277/2277
f 2277/2277 2276/2276 2278/2278
f 2277/2277 2278/2278 2279/2279
f 2278/2278 2296/2296 2281/2281
f 2278/2278 2281/2281 2280/2280
f 2279/2279 2278/2278 2280/2280
f 2280/2280 2281/2281 2282/2282
f 2281/2281 2283/2283 2282/2282
f 2282/2282 2283/2283 2284/2284
f 2282/2282 2284/2284 2285/2285
f 2285/2285 2284/2284 2286/2286
f 2300/2300 2303/2303 2302/2302
f 2300/2300 2302/2302 2301/2301
f 2301/2301 2302/2302 2305/2305
f 2301/2301 2305/2305 2306/2306
f 2306/2306 2307/2307 2308/2308
f 2266/2266 2265/2265 2269/2269
f 2265/2265 2273/2273 2269/2269
f 2274/2274 2269/2269 2273/2273
f 2269/2269 2274/2274 2276/2276
f 2274/2274 2296/2296 2276/2276
f 2276/2276 2296/2296 2278/2278
f 2285/2285 2286/2286 2287/2287
f 2287/2287 2286/2286 2288/2288
f 2288/2288 2289/2289 2287/2287
f 2295/2295 2289/2289 2292/2292
f 2288/2288 2290/2290 2289/2289
f 2289/2289 2291/2291 2292/2292
f 2291/2291 2289/2289 2290/2290
f 2291/2291 2293/2293 2292/2292
f 2291/2291 2290/2290 2294/2294
f 2291/2291 2294/2294 2293/2293
f 2294/2294 2297/2297 2293/2293
f 2297/2297 2294/2294 2299/2299
f 2304/2304 2303/2303 2300/2300
f 2294/2294 2300/2300 2299/2299
f 2300/2300 2301/2301 2299/2299
f 2293/2293 2297/2297 2298/2298
f 2297/2297 2310/2310 2298/2298
f 2297/2297 2299/2299 2310/2310
f 2299/2299 2301/2301 2310/2310
f 2301/2301 2306/2306 2310/2310
f 2314/2314 2312/2312 2311/2311
f 2310/2310 2306/2306 2309/2309
f 2311/2311 2312/2312 2313/2313
f 2309/2309 2306/2306 2308/2308
f 2306/2306 2305/2305 2307/2307
f 2350/2350 2355/2355 2353/2353
f 2316/2316 2315/2315 2317/2317
f 2340/2340 2316/2316 2339/2339
f 2339/2339 2316/2316 2318/2318
f 2339/2339 2318/2318 2338/2338
f 2317/2317 2318/2318 2316/2316
f 2317/2317 2319/2319 2318/2318
f 2318/2318 2319/2319 2320/2320
f 2338/2338 2318/2318 2320/2320
f 2338/2338 2320/2320 2332/2332
f 2332/2332 2320/2320 2331/2331
f 2332/2332 2331/2331 2329/2329
f 2329/2329 2331/2331 2328/2328
f 2328/2328 2327/2327 2329/2329
f 2328/2328 2323/2323 2327/2327
f 2327/2327 2323/2323 2322/2322
f 2347/2347 2337/2337 2348/2348
f 2347/2347 2348/2348 2349/2349
f 2348/2348 2351/2351 2350/2350
f 2349/2349 2348/2348 2350/2350
f 2349/2349 2350/2350 2353/2353
f 2430/2430 2429/2429 2431/2431
f 2430/2430 2428/2428 2429/2429
f 2345/2345 2379/2379 2342/2342
f 2429/2429 2432/2432 2431/2431
f 2431/2431 2432/2432 2433/2433
f 2429/2429 2428/2428 2426/2426
f 2429/2429 2426/2426 2432/2432
f 2432/2432 2426/2426 2437/2437
f 2437/2437 2426/2426 2422/2422
f 2427/2427 2426/2426 2428/2428
f 2427/2427 2425/2425 2426/2426
f 2374/2374 2377/2377 2385/2385
f 2437/2437 2422/2422 2436/2436
f 2374/2374 2385/2385 2373/2373
f 2426/2426 2425/2425 2422/2422
f 2422/2422 2425/2425 2417/2417
f 2422/2422 2417/2417 2416/2416
f 2422/2422 2416/2416 2436/2436
f 2376/2376 2380/2380 2381/2381
f 2379/2379 2383/2383 2342/2342
f 2376/2376 2375/2375 2380/2380
f 2380/2380 2382/2382 2383/2383
f 2372/2372 2375/2375 2374/2374
f 2380/2380 2375/2375 2382/2382
f 2334/2334 2343/2343 2348/2348
f 2348/2348 2343/2343 2352/2352
f 2343/2343 2367/2367 2352/2352
f 2348/2348 2352/2352 2351/2351
f 2383/2383 2382/2382 2367/2367
f 2383/2383 2367/2367 2342/2342
f 2342/2342 2343/2343 2334/2334
f 2342/2342 2367/2367 2343/2343
f 2382/2382 2352/2352 2367/2367
f 2432/2432 2440/2440 2433/2433
f 2432/2432 2437/2437 2440/2440
f 2377/2377 2374/2374 2376/2376
f 2374/2374 2375/2375 2376/2376
f 2372/2372 2373/2373 2371/2371
f 2374/2374 2373/2373 2372/2372
f 2416/2416 2435/2435 2436/2436
f 2417/2417 2415/2415 2416/2416
f 2416/2416 2415/2415 2414/2414
f 2416/2416 2414/2414 2434/2434
f 2416/2416 2434/2434 2435/2435
f 2368/2368 2369/2369 2355/2355
f 2375/2375 2368/2368 2382/2382
f 2370/2370 2368/2368 2375/2375
f 2375/2375 2372/2372 2370/2370
f 2370/2370 2372/2372 2371/2371
f 2368/2368 2352/2352 2382/2382
f 2370/2370 2371/2371 2369/2369
f 2370/2370 2369/2369 2368/2368
f 2350/2350 2351/2351 2354/2354
f 2350/2350 2354/2354 2355/2355
f 2351/2351 2352/2352 2354/2354
f 2354/2354 2352/2352 2368/2368
f 2368/2368 2355/2355 2354/2354
f 2369/2369 2384/2384 2357/2357
f 2369/2369 2357/2357 2355/2355
f 2369/2369 2371/2371 2378/2378
f 2369/2369 2378/2378 2384/2384
f 2378/2378 2365/2365 2384/2384
f 2378/2378 2364/2364 2365/2365
f 2384/2384 2365/2365 2359/2359
f 2357/2357 2356/2356 2355/2355
f 2353/2353 2355/2355 2356/2356
f 2356/2356 2357/2357 2358/2358
f 2384/2384 2359/2359 2357/2357
f 2414/2414 2412/2412 2434/2434
f 2434/2434 2412/2412 2442/2442
f 2364/2364 2360/2360 2365/2365
f 2365/2365 2360/2360 2359/2359
f 2364/2364 2363/2363 2360/2360
f 2357/2357 2359/2359 2358/2358
f 2359/2359 2360/2360 2358/2358
f 2360/2360 2361/2361 2358/2358
f 2360/2360 2363/2363 2362/2362
f 2361/2361 2360/2360 2362/2362
f 2442/2442 2413/2413 2441/2441
f 2441/2441 2419/2419 2443/2443
f 2321/2321 2331/2331 2320/2320
f 2331/2331 2321/2321 2346/2346
f 2319/2319 2321/2321 2320/2320
f 2331/2331 2346/2346 2335/2335
f 2335/2335 2346/2346 2344/2344
f 2331/2331 2335/2335 2328/2328
f 2328/2328 2335/2335 2330/2330
f 2328/2328 2330/2330 2323/2323
f 2335/2335 2344/2344 2330/2330
f 2330/2330 2336/2336 2323/2323
f 2344/2344 2336/2336 2330/2330
f 2344/2344 2366/2366 2336/2336
f 2336/2336 2366/2366 2341/2341
f 2336/2336 2341/2341 2324/2324
f 2366/2366 2345/2345 2341/2341
f 2345/2345 2333/2333 2341/2341
f 2322/2322 2323/2323 2324/2324
f 2323/2323 2336/2336 2324/2324
f 2322/2322 2324/2324 2325/2325
f 2324/2324 2341/2341 2333/2333
f 2325/2325 2324/2324 2326/2326
f 2324/2324 2333/2333 2326/2326
f 2345/2345 2342/2342 2333/2333
f 2326/2326 2333/2333 2334/2334
f 2326/2326 2337/2337 2347/2347
f 2326/2326 2334/2334 2337/2337
f 2333/2333 2342/2342 2334/2334
f 2337/2337 2334/2334 2348/2348
f 2414/2414 2415/2415 2409/2409
f 2409/2409 2412/2412 2414/2414
f 2409/2409 2407/2407 2412/2412
f 2409/2409 2408/2408 2407/2407
f 2407/2407 2413/2413 2412/2412
f 2442/2442 2412/2412 2413/2413
f 2407/2407 2408/2408 2406/2406
f 2407/2407 2405/2405 2413/2413
f 2407/2407 2406/2406 2405/2405
f 2406/2406 2402/2402 2405/2405
f 2441/2441 2413/2413 2419/2419
f 2405/2405 2419/2419 2413/2413
f 2405/2405 2404/2404 2419/2419
f 2402/2402 2400/2400 2404/2404
f 2402/2402 2401/2401 2400/2400
f 2401/2401 2398/2398 2400/2400
f 2405/2405 2402/2402 2404/2404
f 2443/2443 2419/2419 2439/2439
f 2419/2419 2404/2404 2439/2439
f 2439/2439 2404/2404 2420/2420
f 2404/2404 2400/2400 2403/2403
f 2404/2404 2403/2403 2420/2420
f 2400/2400 2397/2397 2403/2403
f 2403/2403 2411/2411 2420/2420
f 2438/2438 2420/2420 2411/2411
f 2438/2438 2411/2411 2424/2424
f 2400/2400 2398/2398 2397/2397
f 2398/2398 2396/2396 2397/2397
f 2396/2396 2394/2394 2397/2397
f 2397/2397 2399/2399 2403/2403
f 2397/2397 2394/2394 2399/2399
f 2399/2399 2411/2411 2403/2403
f 2396/2396 2395/2395 2394/2394
f 2399/2399 2392/2392 2411/2411
f 2395/2395 2393/2393 2394/2394
f 2399/2399 2394/2394 2392/2392
f 2394/2394 2393/2393 2391/2391
f 2394/2394 2391/2391 2392/2392
f 2411/2411 2392/2392 2418/2418
f 2411/2411 2418/2418 2424/2424
f 2424/2424 2418/2418 2423/2423
f 2393/2393 2389/2389 2391/2391
f 2393/2393 2388/2388 2389/2389
f 2418/2418 2392/2392 2410/2410
f 2392/2392 2390/2390 2410/2410
f 2392/2392 2391/2391 2390/2390
f 2418/2418 2410/2410 2423/2423
f 2410/2410 2390/2390 2387/2387
f 2423/2423 2421/2421 2445/2445
f 2423/2423 2410/2410 2421/2421
f 2391/2391 2389/2389 2390/2390
f 2390/2390 2389/2389 2387/2387
f 2387/2387 2421/2421 2410/2410
f 2389/2389 2388/2388 2387/2387
f 2388/2388 2386/2386 2387/2387
f 2445/2445 2421/2421 2444/2444
f 2500/2500 2499/2499 2517/2517
f 2500/2500 2497/2497 2499/2499
f 2497/2497 2496/2496 2499/2499
f 2480/2480 2471/2471 2468/2468
f 2450/2450 2446/2446 2448/2448
f 2451/2451 2446/2446 2450/2450
f 2515/2515 2452/2452 2451/2451
f 2451/2451 2452/2452 2446/2446
f 2517/2517 2499/2499 2513/2513
f 2512/2512 2511/2511 2509/2509
f 2499/2499 2511/2511 2513/2513
f 2513/2513 2511/2511 2512/2512
f 2516/2516 2514/2514 2515/2515
f 2512/2512 2514/2514 2516/2516
f 2512/2512 2509/2509 2514/2514
f 2499/2499 2496/2496 2511/2511
f 2509/2509 2511/2511 2503/2503
f 2515/2515 2514/2514 2452/2452
f 2452/2452 2447/2447 2446/2446
f 2446/2446 2447/2447 2448/2448
f 2447/2447 2449/2449 2448/2448
f 2449/2449 2453/2453 2448/2448
f 2514/2514 2510/2510 2452/2452
f 2514/2514 2509/2509 2510/2510
f 2452/2452 2510/2510 2447/2447
f 2497/2497 2494/2494 2496/2496
f 2511/2511 2496/2496 2503/2503
f 2494/2494 2493/2493 2496/2496
f 2496/2496 2493/2493 2498/2498
f 2496/2496 2498/2498 2503/2503
f 2509/2509 2503/2503 2504/2504
f 2494/2494 2492/2492 2493/2493
f 2503/2503 2498/2498 2501/2501
f 2501/2501 2502/2502 2503/2503
f 2501/2501 2477/2477 2502/2502
f 2447/2447 2504/2504 2449/2449
f 2449/2449 2454/2454 2453/2453
f 2504/2504 2507/2507 2449/2449
f 2510/2510 2509/2509 2504/2504
f 2510/2510 2504/2504 2447/2447
f 2503/2503 2502/2502 2504/2504
f 2504/2504 2502/2502 2507/2507
f 2492/2492 2490/2490 2493/2493
f 2493/2493 2490/2490 2478/2478
f 2493/2493 2478/2478 2498/2498
f 2498/2498 2477/2477 2501/2501
f 2498/2498 2478/2478 2477/2477
f 2492/2492 2488/2488 2490/2490
f 2478/2478 2490/2490 2476/2476
f 2478/2478 2476/2476 2477/2477
f 2502/2502 2477/2477 2505/2505
f 2502/2502 2505/2505 2507/2507
f 2477/2477 2506/2506 2505/2505
f 2506/2506 2477/2477 2479/2479
f 2488/2488 2489/2489 2490/2490
f 2490/2490 2489/2489 2476/2476
f 2475/2475 2477/2477 2476/2476
f 2488/2488 2495/2495 2489/2489
f 2495/2495 2491/2491 2489/2489
f 2489/2489 2474/2474 2476/2476
f 2476/2476 2474/2474 2475/2475
f 2475/2475 2474/2474 2473/2473
f 2489/2489 2491/2491 2474/2474
f 2477/2477 2475/2475 2479/2479
f 2506/2506 2479/2479 2508/2508
f 2479/2479 2473/2473 2508/2508
f 2475/2475 2473/2473 2479/2479
f 2491/2491 2481/2481 2474/2474
f 2481/2481 2487/2487 2466/2466
f 2481/2481 2466/2466 2472/2472
f 2474/2474 2472/2472 2473/2473
f 2474/2474 2481/2481 2472/2472
f 2473/2473 2472/2472 2460/2460
f 2473/2473 2460/2460 2508/2508
f 2460/2460 2472/2472 2459/2459
f 2472/2472 2466/2466 2459/2459
f 2459/2459 2458/2458 2460/2460
f 2459/2459 2461/2461 2457/2457
f 2466/2466 2461/2461 2459/2459
f 2459/2459 2457/2457 2458/2458
f 2463/2463 2465/2465 2461/2461
f 2487/2487 2463/2463 2466/2466
f 2466/2466 2463/2463 2461/2461
f 2463/2463 2464/2464 2465/2465
f 2461/2461 2465/2465 2462/2462
f 2455/2455 2456/2456 2457/2457
f 2461/2461 2462/2462 2457/2457
f 2462/2462 2465/2465 2469/2469
f 2465/2465 2464/2464 2467/2467
f 2464/2464 2468/2468 2467/2467
f 2465/2465 2467/2467 2469/2469
f 2464/2464 2480/2480 2468/2468
f 2580/2580 2573/2573 2582/2582
f 2586/2586 2577/2577 2571/2571
f 2577/2577 2569/2569 2571/2571
f 2577/2577 2576/2576 2569/2569
f 2467/2467 2468/2468 2470/2470
f 2583/2583 2571/2571 2580/2580
f 2580/2580 2571/2571 2570/2570
f 2580/2580 2570/2570 2573/2573
f 2570/2570 2572/2572 2573/2573
f 2571/2571 2569/2569 2570/2570
f 2569/2569 2568/2568 2570/2570
f 2570/2570 2568/2568 2572/2572
f 2572/2572 2568/2568 2567/2567
f 2468/2468 2471/2471 2470/2470
f 2470/2470 2471/2471 2482/2482
f 2471/2471 2483/2483 2482/2482
f 2483/2483 2484/2484 2482/2482
f 2482/2482 2484/2484 2485/2485
f 2576/2576 2564/2564 2569/2569
f 2569/2569 2564/2564 2568/2568
f 2568/2568 2564/2564 2567/2567
f 2564/2564 2535/2535 2567/2567
f 2576/2576 2563/2563 2564/2564
f 2564/2564 2563/2563 2534/2534
f 2564/2564 2534/2534 2535/2535
f 2534/2534 2532/2532 2535/2535
f 2484/2484 2486/2486 2485/2485
f 2584/2584 2562/2562 2578/2578
f 2578/2578 2562/2562 2561/2561
f 2563/2563 2537/2537 2534/2534
f 2563/2563 2561/2561 2537/2537
f 2534/2534 2537/2537 2533/2533
f 2534/2534 2533/2533 2532/2532
f 2533/2533 2537/2537 2530/2530
f 2533/2533 2530/2530 2532/2532
f 2532/2532 2530/2530 2531/2531
f 2561/2561 2538/2538 2537/2537
f 2538/2538 2536/2536 2537/2537
f 2562/2562 2541/2541 2561/2561
f 2562/2562 2581/2581 2541/2541
f 2561/2561 2541/2541 2538/2538
f 2581/2581 2553/2553 2541/2541
f 2581/2581 2587/2587 2553/2553
f 2538/2538 2540/2540 2536/2536
f 2541/2541 2540/2540 2538/2538
f 2537/2537 2536/2536 2530/2530
f 2530/2530 2536/2536 2528/2528
f 2541/2541 2553/2553 2540/2540
f 2540/2540 2553/2553 2552/2552
f 2552/2552 2551/2551 2540/2540
f 2540/2540 2551/2551 2536/2536
f 2536/2536 2525/2525 2528/2528
f 2536/2536 2551/2551 2525/2525
f 2551/2551 2549/2549 2525/2525
f 2587/2587 2554/2554 2553/2553
f 2587/2587 2557/2557 2554/2554
f 2587/2587 2591/2591 2557/2557
f 2591/2591 2585/2585 2557/2557
f 2553/2553 2554/2554 2552/2552
f 2552/2552 2549/2549 2551/2551
f 2554/2554 2547/2547 2552/2552
f 2552/2552 2547/2547 2549/2549
f 2557/2557 2547/2547 2554/2554
f 2557/2557 2548/2548 2547/2547
f 2549/2549 2547/2547 2546/2546
f 2458/2458 2457/2457 2456/2456
f 2585/2585 2548/2548 2557/2557
f 2585/2585 2550/2550 2548/2548
f 2585/2585 2588/2588 2550/2550
f 2548/2548 2550/2550 2545/2545
f 2548/2548 2545/2545 2547/2547
f 2547/2547 2545/2545 2546/2546
f 2545/2545 2539/2539 2546/2546
f 2588/2588 2589/2589 2550/2550
f 2588/2588 2590/2590 2589/2589
f 2589/2589 2558/2558 2550/2550
f 2550/2550 2558/2558 2545/2545
f 2589/2589 2593/2593 2558/2558
f 2545/2545 2558/2558 2559/2559
f 2545/2545 2559/2559 2560/2560
f 2545/2545 2560/2560 2544/2544
f 2545/2545 2544/2544 2539/2539
f 2560/2560 2575/2575 2544/2544
f 2589/2589 2590/2590 2592/2592
f 2589/2589 2592/2592 2593/2593
f 2575/2575 2574/2574 2544/2544
f 2544/2544 2574/2574 2566/2566
f 2530/2530 2529/2529 2531/2531
f 2530/2530 2528/2528 2529/2529
f 2528/2528 2524/2524 2529/2529
f 2528/2528 2525/2525 2524/2524
f 2525/2525 2523/2523 2524/2524
f 2549/2549 2523/2523 2525/2525
f 2546/2546 2523/2523 2549/2549
f 2523/2523 2518/2518 2524/2524
f 2523/2523 2519/2519 2518/2518
f 2523/2523 2522/2522 2519/2519
f 2546/2546 2522/2522 2523/2523
f 2518/2518 2519/2519 2520/2520
f 2519/2519 2521/2521 2520/2520
f 2519/2519 2522/2522 2521/2521
f 2546/2546 2539/2539 2522/2522
f 2539/2539 2544/2544 2543/2543
f 2539/2539 2527/2527 2522/2522
f 2539/2539 2543/2543 2527/2527
f 2522/2522 2527/2527 2526/2526
f 2521/2521 2522/2522 2526/2526
f 2544/2544 2565/2565 2543/2543
f 2543/2543 2555/2555 2527/2527
f 2544/2544 2566/2566 2565/2565
f 2543/2543 2565/2565 2555/2555
f 2526/2526 2527/2527 2542/2542
f 2527/2527 2556/2556 2542/2542
f 2527/2527 2555/2555 2556/2556
f 2542/2542 2556/2556 2579/2579
f 2604/2604 2600/2600 2603/2603
f 2604/2604 2603/2603 2609/2609
f 2604/2604 2609/2609 2605/2605
f 2611/2611 2612/2612 2613/2613
f 2603/2603 2610/2610 2609/2609
f 2611/2611 2613/2613 2614/2614
f 2604/2604 2605/2605 2600/2600
f 2603/2603 2600/2600 2602/2602
f 2601/2601 2602/2602 2600/2600
f 2600/2600 2605/2605 2599/2599
f 2601/2601 2600/2600 2598/2598
f 2600/2600 2599/2599 2598/2598
f 2601/2601 2598/2598 2607/2607
f 2598/2598 2599/2599 2596/2596
f 2599/2599 2605/2605 2606/2606
f 2599/2599 2606/2606 2596/2596
f 2598/2598 2597/2597 2607/2607
f 2598/2598 2596/2596 2597/2597
f 2606/2606 2608/2608 2596/2596
f 2597/2597 2596/2596 2594/2594
f 2596/2596 2608/2608 2595/2595
f 2596/2596 2595/2595 2594/2594
f 2624/2624 2621/2621 2620/2620
f 2624/2624 2627/2627 2621/2621
f 2620/2620 2621/2621 2622/2622
f 2622/2622 2621/2621 2623/2623
f 2616/2616 2617/2617 2615/2615
f 2623/2623 2621/2621 2625/2625
f 2623/2623 2625/2625 2626/2626
f 2619/2619 2618/2618 2617/2617
f 2617/2617 2618/2618 2615/2615
f 2628/2628 2629/2629 2630/2630
f 2631/2631 2632/2632 2633/2633
f 2637/2637 2635/2635 2634/2634
f 2637/2637 2638/2638 2635/2635
f 2634/2634 2635/2635 2636/2636
f 2635/2635 2640/2640 2636/2636
f 2637/2637 2639/2639 2638/2638
f 2635/2635 2638/2638 2640/2640
f 2648/2648 2653/2653 2649/2649
f 2648/2648 2649/2649 2650/2650
f 2653/2653 2656/2656 2654/2654
f 2653/2653 2654/2654 2649/2649
f 2656/2656 2681/2681 2654/2654
f 2654/2654 2681/2681 2680/2680
f 2649/2649 2654/2654 2655/2655
f 2650/2650 2649/2649 2651/2651
f 2650/2650 2651/2651 2652/2652
f 2652/2652 2651/2651 2661/2661
f 2652/2652 2661/2661 2660/2660
f 2649/2649 2655/2655 2651/2651
f 2651/2651 2655/2655 2661/2661
f 2655/2655 2680/2680 2676/2676
f 2655/2655 2676/2676 2664/2664
f 2655/2655 2664/2664 2661/2661
f 2654/2654 2680/2680 2655/2655
f 2680/2680 2682/2682 2675/2675
f 2660/2660 2661/2661 2658/2658
f 2676/2676 2680/2680 2675/2675
f 2676/2676 2675/2675 2664/2664
f 2664/2664 2675/2675 2665/2665
f 2675/2675 2682/2682 2678/2678
f 2660/2660 2658/2658 2657/2657
f 2661/2661 2664/2664 2662/2662
f 2662/2662 2664/2664 2665/2665
f 2661/2661 2662/2662 2658/2658
f 2657/2657 2658/2658 2659/2659
f 2658/2658 2662/2662 2659/2659
f 2675/2675 2678/2678 2665/2665
f 2665/2665 2678/2678 2667/2667
f 2659/2659 2662/2662 2663/2663
f 2662/2662 2666/2666 2663/2663
f 2662/2662 2665/2665 2666/2666
f 2646/2646 2641/2641 2644/2644
f 2663/2663 2666/2666 2668/2668
f 2641/2641 2642/2642 2643/2643
f 2641/2641 2643/2643 2644/2644
f 2663/2663 2668/2668 2684/2684
f 2668/2668 2666/2666 2669/2669
f 2684/2684 2668/2668 2669/2669
f 2643/2643 2642/2642 2645/2645
f 2643/2643 2645/2645 2647/2647
f 2684/2684 2669/2669 2686/2686
f 2684/2684 2686/2686 2687/2687
f 2686/2686 2669/2669 2685/2685
f 2669/2669 2666/2666 2670/2670
f 2669/2669 2670/2670 2671/2671
f 2685/2685 2669/2669 2679/2679
f 2669/2669 2671/2671 2679/2679
f 2670/2670 2674/2674 2671/2671
f 2678/2678 2683/2683 2667/2667
f 2665/2665 2667/2667 2666/2666
f 2667/2667 2683/2683 2672/2672
f 2667/2667 2672/2672 2666/2666
f 2666/2666 2672/2672 2673/2673
f 2666/2666 2673/2673 2670/2670
f 2670/2670 2673/2673 2677/2677
f 2670/2670 2677/2677 2674/2674
f 2691/2691 2689/2689 2688/2688
f 2688/2688 2689/2689 2690/2690
f 2690/2690 2689/2689 2692/2692
f 2690/2690 2692/2692 2693/2693
f 2726/2726 2725/2725 2724/2724
f 2724/2724 2725/2725 2715/2715
f 2724/2724 2715/2715 2717/2717
f 2717/2717 2715/2715 2714/2714
f 2715/2715 2725/2725 2716/2716
f 2716/2716 2712/2712 2715/2715
f 2715/2715 2712/2712 2714/2714
f 2714/2714 2712/2712 2713/2713
f 2716/2716 2718/2718 2712/2712
f 2712/2712 2711/2711 2713/2713
f 2718/2718 2719/2719 2712/2712
f 2719/2719 2709/2709 2712/2712
f 2712/2712 2709/2709 2711/2711
f 2709/2709 2710/2710 2711/2711
f 2710/2710 2709/2709 2708/2708
f 2709/2709 2707/2707 2708/2708
f 2707/2707 2706/2706 2708/2708
f 2707/2707 2705/2705 2706/2706
f 2705/2705 2703/2703 2704/2704
f 2705/2705 2704/2704 2706/2706
f 2720/2720 2721/2721 2723/2723
f 2702/2702 2700/2700 2720/2720
f 2720/2720 2700/2700 2721/2721
f 2700/2700 2701/2701 2721/2721
f 2701/2701 2722/2722 2721/2721
f 2727/2727 2728/2728 2729/2729
f 2729/2729 2728/2728 2730/2730
f 2703/2703 2695/2695 2704/2704
f 2703/2703 2694/2694 2695/2695
f 2730/2730 2728/2728 2731/2731
f 2702/2702 2699/2699 2700/2700
f 2701/2701 2700/2700 2698/2698
f 2700/2700 2699/2699 2698/2698
f 2699/2699 2697/2697 2698/2698
f 2697/2697 2696/2696 2698/2698
f 2741/2741 2743/2743 2745/2745
f 2741/2741 2742/2742 2743/2743
f 2742/2742 2744/2744 2743/2743
f 2745/2745 2743/2743 2746/2746
f 2743/2743 2747/2747 2746/2746
f 2746/2746 2747/2747 2748/2748
f 2748/2748 2747/2747 2740/2740
f 2734/2734 2735/2735 2733/2733
f 2734/2734 2733/2733 2732/2732
f 2748/2748 2740/2740 2749/2749
f 2749/2749 2740/2740 2738/2738
f 2740/2740 2739/2739 2738/2738
f 2749/2749 2738/2738 2750/2750
f 2738/2738 2739/2739 2737/2737
f 2750/2750 2738/2738 2736/2736
f 2738/2738 2737/2737 2736/2736
f 2751/2751 2750/2750 2736/2736
f 2751/2751 2736/2736 2734/2734
f 2736/2736 2735/2735 2734/2734
f 2736/2736 2737/2737 2735/2735
f 2751/2751 2734/2734 2752/2752
f 2752/2752 2734/2734 2732/2732
f 2767/2767 2768/2768 2766/2766
f 2767/2767 2766/2766 2760/2760
f 2760/2760 2758/2758 2765/2765
f 2760/2760 2759/2759 2758/2758
f 2760/2760 2766/2766 2759/2759
f 2759/2759 2757/2757 2758/2758
f 2759/2759 2766/2766 2757/2757
f 2766/2766 2768/2768 2757/2757
f 2765/2765 2758/2758 2753/2753
f 2758/2758 2757/2757 2753/2753
f 2769/2769 2770/2770 2771/2771
f 2769/2769 2771/2771 2772/2772
f 2763/2763 2765/2765 2753/2753
f 2753/2753 2757/2757 2754/2754
f 2753/2753 2754/2754 2755/2755
f 2763/2763 2753/2753 2761/2761
f 2753/2753 2755/2755 2756/2756
f 2761/2761 2753/2753 2756/2756
f 2763/2763 2761/2761 2764/2764
f 2764/2764 2761/2761 2762/2762
f 2761/2761 2756/2756 2762/2762
f 2756/2756 2755/2755 2762/2762
f 2773/2773 2775/2775 2776/2776
f 2773/2773 2783/2783 2784/2784
f 2773/2773 2774/2774 2775/2775
f 2776/2776 2775/2775 2789/2789
f 2775/2775 2785/2785 2789/2789
f 2783/2783 2781/2781 2784/2784
f 2784/2784 2781/2781 2775/2775
f 2781/2781 2785/2785 2775/2775
f 2783/2783 2782/2782 2781/2781
f 2781/2781 2786/2786 2785/2785
f 2781/2781 2779/2779 2786/2786
f 2782/2782 2777/2777 2781/2781
f 2781/2781 2777/2777 2779/2779
f 2782/2782 2787/2787 2777/2777
f 2777/2777 2787/2787 2788/2788
f 2777/2777 2778/2778 2779/2779
f 2777/2777 2788/2788 2778/2778
f 2792/2792 2791/2791 2793/2793
f 2788/2788 2787/2787 2778/2778
f 2778/2778 2780/2780 2779/2779
f 2792/2792 2790/2790 2791/2791
f 2794/2794 2795/2795 2796/2796
f 2797/2797 2798/2798 2799/2799
f 2811/2811 2805/2805 2809/2809
f 2809/2809 2805/2805 2802/2802
f 2809/2809 2802/2802 2810/2810
f 2808/2808 2810/2810 2802/2802
f 2802/2802 2803/2803 2801/2801
f 2808/2808 2802/2802 2800/2800
f 2801/2801 2800/2800 2802/2802
f 2807/2807 2805/2805 2811/2811
f 2807/2807 2811/2811 2812/2812
f 2805/2805 2807/2807 2806/2806
f 2805/2805 2806/2806 2804/2804
f 2805/2805 2804/2804 2802/2802
f 2802/2802 2804/2804 2803/2803
f 2822/2822 2823/2823 2817/2817
f 2823/2823 2818/2818 2817/2817
f 2823/2823 2824/2824 2818/2818
f 2817/2817 2818/2818 2816/2816
f 2818/2818 2819/2819 2816/2816
f 2824/2824 2820/2820 2818/2818
f 2818/2818 2820/2820 2819/2819
f 2824/2824 2826/2826 2820/2820
f 2820/2820 2826/2826 2821/2821
f 2820/2820 2821/2821 2819/2819
f 2826/2826 2827/2827 2821/2821
f 2828/2828 2830/2830 2831/2831
f 2828/2828 2829/2829 2830/2830
f 2813/2813 2814/2814 2815/2815
f 2813/2813 2816/2816 2814/2814
f 2822/2822 2817/2817 2813/2813
f 2822/2822 2813/2813 2825/2825
f 2813/2813 2817/2817 2816/2816
f 2840/2840 2838/2838 2839/2839
f 2838/2838 2836/2836 2839/2839
f 2839/2839 2836/2836 2852/2852
f 2838/2838 2837/2837 2836/2836
f 2837/2837 2834/2834 2836/2836
f 2843/2843 2840/2840 2842/2842
f 2843/2843 2842/2842 2848/2848
f 2848/2848 2842/2842 2851/2851
f 2843/2843 2848/2848 2849/2849
f 2840/2840 2839/2839 2842/2842
f 2842/2842 2839/2839 2850/2850
f 2842/2842 2850/2850 2851/2851
f 2839/2839 2852/2852 2850/2850
f 2860/2860 2861/2861 2862/2862
f 2855/2855 2853/2853 2841/2841
f 2855/2855 2841/2841 2856/2856
f 2852/2852 2836/2836 2853/2853
f 2836/2836 2841/2841 2853/2853
f 2854/2854 2855/2855 2856/2856
f 2854/2854 2856/2856 2857/2857
f 2857/2857 2856/2856 2847/2847
f 2854/2854 2857/2857 2858/2858
f 2854/2854 2858/2858 2859/2859
f 2856/2856 2841/2841 2847/2847
f 2836/2836 2835/2835 2841/2841
f 2841/2841 2835/2835 2846/2846
f 2841/2841 2845/2845 2847/2847
f 2841/2841 2846/2846 2845/2845
f 2836/2836 2834/2834 2835/2835
f 2834/2834 2832/2832 2835/2835
f 2846/2846 2835/2835 2833/2833
f 2846/2846 2833/2833 2845/2845
f 2833/2833 2844/2844 2845/2845
f 2835/2835 2832/2832 2833/2833
f 2878/2878 2869/2869 2881/2881
f 2878/2878 2877/2877 2869/2869
f 2880/2880 2883/2883 2879/2879
f 2880/2880 2877/2877 2878/2878
f 2880/2880 2879/2879 2877/2877
f 2883/2883 2882/2882 2879/2879
f 2879/2879 2875/2875 2877/2877
f 2879/2879 2882/2882 2875/2875
f 2877/2877 2875/2875 2869/2869
f 2875/2875 2868/2868 2869/2869
f 2882/2882 2876/2876 2875/2875
f 2868/2868 2867/2867 2869/2869
f 2876/2876 2874/2874 2875/2875
f 2875/2875 2874/2874 2868/2868
f 2874/2874 2865/2865 2868/2868
f 2868/2868 2865/2865 2867/2867
f 2876/2876 2873/2873 2874/2874
f 2873/2873 2871/2871 2874/2874
f 2874/2874 2871/2871 2865/2865
f 2866/2866 2867/2867 2865/2865
f 2884/2884 2885/2885 2872/2872
f 2885/2885 2886/2886 2872/2872
f 2884/2884 2872/2872 2873/2873
f 2872/2872 2871/2871 2873/2873
f 2871/2871 2864/2864 2865/2865
f 2871/2871 2870/2870 2864/2864
f 2865/2865 2863/2863 2866/2866
f 2865/2865 2864/2864 2863/2863
f 2871/2871 2872/2872 2870/2870
f 2909/2909 2907/2907 2903/2903
f 2909/2909 2903/2903 2902/2902
f 2903/2903 2907/2907 2904/2904
f 2903/2903 2904/2904 2900/2900
f 2903/2903 2900/2900 2902/2902
f 2902/2902 2900/2900 2901/2901
f 2901/2901 2900/2900 2896/2896
f 2897/2897 2896/2896 2900/2900
f 2901/2901 2896/2896 2905/2905
f 2896/2896 2897/2897 2898/2898
f 2926/2926 2922/2922 2921/2921
f 2924/2924 2923/2923 2922/2922
f 2923/2923 2927/2927 2918/2918
f 2905/2905 2896/2896 2906/2906
f 2921/2921 2922/2922 2918/2918
f 2896/2896 2899/2899 2906/2906
f 2896/2896 2898/2898 2899/2899
f 2921/2921 2918/2918 2917/2917
f 2922/2922 2923/2923 2918/2918
f 2918/2918 2927/2927 2916/2916
f 2927/2927 2920/2920 2916/2916
f 2924/2924 2925/2925 2923/2923
f 2925/2925 2928/2928 2927/2927
f 2925/2925 2927/2927 2923/2923
f 2928/2928 2929/2929 2927/2927
f 2895/2895 2894/2894 2893/2893
f 2930/2930 2931/2931 2932/2932
f 2893/2893 2892/2892 2887/2887
f 2894/2894 2892/2892 2893/2893
f 2887/2887 2892/2892 2888/2888
f 2887/2887 2888/2888 2889/2889
f 2920/2920 2919/2919 2916/2916
f 2889/2889 2888/2888 2890/2890
f 2905/2905 2906/2906 2908/2908
f 2918/2918 2916/2916 2911/2911
f 2917/2917 2918/2918 2911/2911
f 2911/2911 2916/2916 2910/2910
f 2916/2916 2919/2919 2910/2910
f 2917/2917 2911/2911 2913/2913
f 2891/2891 2889/2889 2890/2890
f 2915/2915 2913/2913 2914/2914
f 2913/2913 2911/2911 2912/2912
f 2937/2937 2936/2936 2938/2938
f 2957/2957 2962/2962 2963/2963
f 2957/2957 2955/2955 2959/2959
f 2957/2957 2959/2959 2962/2962
f 2939/2939 2933/2933 2935/2935
f 2957/2957 2963/2963 2961/2961
f 2937/2937 2935/2935 2936/2936
f 2935/2935 2934/2934 2936/2936
f 2952/2952 2947/2947 2949/2949
f 2947/2947 2948/2948 2949/2949
f 2952/2952 2951/2951 2947/2947
f 2951/2951 2946/2946 2947/2947
f 2951/2951 2953/2953 2946/2946
f 2946/2946 2945/2945 2947/2947
f 2947/2947 2945/2945 2948/2948
f 2953/2953 2950/2950 2946/2946
f 2946/2946 2950/2950 2943/2943
f 2946/2946 2943/2943 2945/2945
f 2966/2966 2964/2964 2965/2965
f 2943/2943 2944/2944 2945/2945
f 2964/2964 2960/2960 2958/2958
f 2964/2964 2958/2958 2965/2965
f 2950/2950 2941/2941 2943/2943
f 2943/2943 2942/2942 2944/2944
f 2943/2943 2941/2941 2942/2942
f 2954/2954 2955/2955 2956/2956
f 2960/2960 2954/2954 2958/2958
f 2958/2958 2954/2954 2956/2956
f 2941/2941 2940/2940 2938/2938
f 2941/2941 2938/2938 2942/2942
f 2940/2940 2937/2937 2938/2938
f 2955/2955 2957/2957 2956/2956
f 2956/2956 2957/2957 2961/2961
f 2980/2980 2991/2991 2992/2992
f 2992/2992 2991/2991 2993/2993
f 2992/2992 2993/2993 2994/2994
f 2987/2987 2986/2986 2990/2990
f 2990/2990 3001/3001 2989/2989
f 2990/2990 2989/2989 2987/2987
f 2989/2989 3001/3001 3000/3000
f 3002/3002 2990/2990 3003/3003
f 3002/3002 3001/3001 2990/2990
f 2987/2987 2989/2989 2988/2988
f 2989/2989 3000/3000 2988/2988
f 2986/2986 2987/2987 2983/2983
f 2987/2987 2988/2988 2983/2983
f 2986/2986 2983/2983 2982/2982
f 2988/2988 2997/2997 2983/2983
f 2983/2983 2984/2984 2976/2976
f 2982/2982 2983/2983 2976/2976
f 2982/2982 2976/2976 2978/2978
f 2983/2983 2997/2997 2984/2984
f 2976/2976 2975/2975 2978/2978
f 2984/2984 2985/2985 2976/2976
f 2976/2976 2985/2985 2974/2974
f 2975/2975 2976/2976 2974/2974
f 2977/2977 2975/2975 2971/2971
f 2980/2980 2977/2977 2979/2979
f 2977/2977 2971/2971 2979/2979
f 2975/2975 2974/2974 2971/2971
f 2971/2971 2972/2972 2969/2969
f 2971/2971 2974/2974 2972/2972
f 2974/2974 2981/2981 2972/2972
f 2991/2991 2996/2996 2993/2993
f 2980/2980 2979/2979 2991/2991
f 2979/2979 2971/2971 2970/2970
f 2971/2971 2969/2969 2970/2970
f 2991/2991 2979/2979 2996/2996
f 2979/2979 2970/2970 2996/2996
f 2970/2970 2969/2969 2967/2967
f 2981/2981 2973/2973 2972/2972
f 2969/2969 2972/2972 2973/2973
f 2969/2969 2973/2973 2968/2968
f 2996/2996 2999/2999 2993/2993
f 2996/2996 2970/2970 2998/2998
f 2969/2969 2968/2968 2967/2967
f 2973/2973 2995/2995 2968/2968
f 3013/3013 3007/3007 3008/3008
f 3013/3013 3015/3015 3007/3007
f 3013/3013 3020/3020 3015/3015
f 3017/3017 3018/3018 3019/3019
f 3017/3017 3014/3014 3018/3018
f 3017/3017 3016/3016 3014/3014
f 3016/3016 3011/3011 3014/3014
f 3014/3014 3011/3011 3009/3009
f 3011/3011 3010/3010 3009/3009
f 3011/3011 3012/3012 3010/3010
f 3012/3012 3008/3008 3010/3010
f 3012/3012 3013/3013 3008/3008
f 3010/3010 3008/3008 3009/3009
f 3008/3008 3006/3006 3009/3009
f 3008/3008 3007/3007 3004/3004
f 3008/3008 3004/3004 3006/3006
f 3004/3004 3005/3005 3006/3006
f 3024/3024 3021/3021 3023/3023
f 3024/3024 3023/3023 3034/3034
f 3021/3021 3022/3022 3023/3023
f 3022/3022 3025/3025 3023/3023
f 3022/3022 3026/3026 3025/3025
f 3026/3026 3027/3027 3025/3025
f 3026/3026 3028/3028 3027/3027
f 3027/3027 3028/3028 3029/3029
f 3028/3028 3030/3030 3029/3029
f 3028/3028 3031/3031 3030/3030
f 3031/3031 3032/3032 3030/3030
f 3030/3030 3032/3032 3033/3033
f 3039/3039 3032/3032 3031/3031
f 3032/3032 3035/3035 3033/3033
f 3039/3039 3036/3036 3032/3032
f 3032/3032 3036/3036 3035/3035
f 3039/3039 3038/3038 3036/3036
f 3036/3036 3037/3037 3035/3035
f 3048/3048 3047/3047 3046/3046
f 3045/3045 3046/3046 3047/3047
f 3045/3045 3047/3047 3049/3049
f 3065/3065 3062/3062 3064/3064
f 3045/3045 3042/3042 3046/3046
f 3045/3045 3040/3040 3042/3042
f 3040/3040 3041/3041 3042/3042
f 3063/3063 3064/3064 3062/3062
f 3065/3065 3066/3066 3062/3062
f 3062/3062 3066/3066 3068/3068
f 3040/3040 3043/3043 3041/3041
f 3063/3063 3062/3062 3054/3054
f 3062/3062 3061/3061 3054/3054
f 3062/3062 3068/3068 3061/3061
f 3068/3068 3070/3070 3061/3061
f 3043/3043 3044/3044 3041/3041
f 3054/3054 3061/3061 3053/3053
f 3061/3061 3070/3070 3069/3069
f 3061/3061 3069/3069 3053/3053
f 3053/3053 3052/3052 3054/3054
f 3053/3053 3069/3069 3057/3057
f 3069/3069 3071/3071 3057/3057
f 3053/3053 3050/3050 3052/3052
f 3053/3053 3057/3057 3050/3050
f 3050/3050 3051/3051 3052/3052
f 3050/3050 3057/3057 3055/3055
f 3057/3057 3071/3071 3067/3067
f 3057/3057 3067/3067 3055/3055
f 3050/3050 3055/3055 3051/3051
f 3055/3055 3056/3056 3051/3051
f 3056/3056 3055/3055 3058/3058
f 3055/3055 3067/3067 3058/3058
f 3056/3056 3058/3058 3059/3059
f 3056/3056 3059/3059 3060/3060
f 3077/3077 3076/3076 3074/3074
f 3076/3076 3072/3072 3074/3074
f 3072/3072 3073/3073 3074/3074
f 3072/3072 3075/3075 3073/3073
f 3078/3078 3082/3082 3079/3079
f 3078/3078 3079/3079 3080/3080
f 3083/3083 3084/3084 3085/3085
f 3080/3080 3079/3079 3081/3081
f 3083/3083 3085/3085 3086/3086
f 3087/3087 3085/3085 3084/3084
f 3091/3091 3088/3088 3090/3090
f 3091/3091 3090/3090 3094/3094
f 3088/3088 3089/3089 3090/3090
f 3090/3090 3092/3092 3094/3094
f 3089/3089 3092/3092 3090/3090
f 3089/3089 3093/3093 3092/3092
f 3095/3095 3098/3098 3096/3096
f 3098/3098 3099/3099 3096/3096
f 3101/3101 3102/3102 3103/3103
f 3100/3100 3095/3095 3097/3097
f 3095/3095 3096/3096 3097/3097
f 3103/3103 3102/3102 3104/3104
f 3119/3119 3112/3112 3113/3113
f 3112/3112 3108/3108 3113/3113
f 3125/3125 3126/3126 3127/3127
f 3118/3118 3119/3119 3113/3113
f 3118/3118 3113/3113 3111/3111
f 3108/3108 3110/3110 3111/3111
f 3113/3113 3108/3108 3111/3111
f 3108/3108 3105/3105 3110/3110
f 3112/3112 3106/3106 3108/3108
f 3112/3112 3109/3109 3106/3106
f 3108/3108 3106/3106 3105/3105
f 3105/3105 3106/3106 3107/3107
f 3109/3109 3115/3115 3114/3114
f 3106/3106 3109/3109 3107/3107
f 3109/3109 3114/3114 3107/3107
f 3117/3117 3114/3114 3116/3116
f 3115/3115 3116/3116 3114/3114
f 3117/3117 3116/3116 3124/3124
f 3116/3116 3122/3122 3124/3124
f 3122/3122 3123/3123 3124/3124
f 3123/3123 3122/3122 3120/3120
f 3120/3120 3122/3122 3121/3121
f 3161/3161 3160/3160 3159/3159
f 3161/3161 3162/3162 3160/3160
f 3159/3159 3160/3160 3157/3157
f 3159/3159 3157/3157 3156/3156
f 3156/3156 3157/3157 3158/3158
f 3154/3154 3155/3155 3152/3152
f 3144/3144 3142/3142 3143/3143
f 3154/3154 3152/3152 3153/3153
f 3143/3143 3142/3142 3141/3141
f 3153/3153 3152/3152 3148/3148
f 3152/3152 3149/3149 3148/3148
f 3141/3141 3142/3142 3137/3137
f 3141/3141 3137/3137 3136/3136
f 3136/3136 3137/3137 3138/3138
f 3148/3148 3150/3150 3151/3151
f 3148/3148 3149/3149 3150/3150
f 3136/3136 3138/3138 3139/3139
f 3151/3151 3150/3150 3145/3145
f 3138/3138 3140/3140 3139/3139
f 3150/3150 3146/3146 3145/3145
f 3134/3134 3133/3133 3132/3132
f 3145/3145 3146/3146 3147/3147
f 3134/3134 3132/3132 3135/3135
f 3133/3133 3131/3131 3132/3132
f 3135/3135 3132/3132 3128/3128
f 3135/3135 3128/3128 3130/3130
f 3132/3132 3131/3131 3128/3128
f 3128/3128 3131/3131 3129/3129
f 3186/3186 3184/3184 3185/3185
f 3184/3184 3172/3172 3185/3185
f 3195/3195 3192/3192 3194/3194
f 3189/3189 3191/3191 3187/3187
f 3187/3187 3188/3188 3189/3189
f 3192/3192 3193/3193 3194/3194
f 3189/3189 3188/3188 3190/3190
f 3172/3172 3171/3171 3170/3170
f 3171/3171 3169/3169 3170/3170
f 3184/3184 3171/3171 3172/3172
f 3172/3172 3170/3170 3174/3174
f 3171/3171 3173/3173 3169/3169
f 3169/3169 3168/3168 3170/3170
f 3173/3173 3163/3163 3169/3169
f 3163/3163 3168/3168 3169/3169
f 3163/3163 3165/3165 3168/3168
f 3165/3165 3176/3176 3168/3168
f 3163/3163 3164/3164 3165/3165
f 3165/3165 3175/3175 3176/3176
f 3164/3164 3167/3167 3166/3166
f 3164/3164 3166/3166 3165/3165
f 3165/3165 3166/3166 3175/3175
f 3167/3167 3178/3178 3166/3166
f 3178/3178 3177/3177 3166/3166
f 3178/3178 3167/3167 3182/3182
f 3182/3182 3179/3179 3178/3178
f 3178/3178 3179/3179 3177/3177
f 3179/3179 3182/3182 3183/3183
f 3179/3179 3181/3181 3180/3180
f 3179/3179 3180/3180 3177/3177
f 3166/3166 3177/3177 3175/3175
f 3199/3199 3196/3196 3198/3198
f 3202/3202 3203/3203 3204/3204
f 3196/3196 3197/3197 3198/3198
f 3203/3203 3202/3202 3205/3205
f 3197/3197 3200/3200 3198/3198
f 3198/3198 3200/3200 3201/3201
f 3206/3206 3207/3207 3208/3208
f 3215/3215 3213/3213 3212/3212
f 3212/3212 3213/3213 3214/3214
f 3214/3214 3213/3213 3216/3216
f 3213/3213 3217/3217 3216/3216
f 3209/3209 3210/3210 3211/3211
f 3221/3221 3222/3222 3223/3223
f 3218/3218 3219/3219 3220/3220
f 3224/3224 3225/3225 3226/3226
f 3227/3227 3228/3228 3229/3229
f 3230/3230 3231/3231 3232/3232
f 3233/3233 3234/3234 3235/3235
f 3238/3238 3237/3237 3236/3236
f 3245/3245 3242/3242 3240/3240
f 3240/3240 3242/3242 3241/3241
f 3242/3242 3243/3243 3241/3241
f 3245/3245 3240/3240 3244/3244
f 3241/3241 3239/3239 3240/3240
f 3241/3241 3243/3243 3239/3239
