# LE 31 - head (2929 triangles)
o monstre_head
v 0.06259 -0.00664 -0.02328
v 0.06624 -0.00116 -0.01200
v 0.06859 0.01269 -0.01572
v 0.06596 0.01271 -0.02577
v 0.07369 0.02613 -0.00989
v 0.06128 0.00345 -0.03358
v 0.06853 0.02189 -0.02064
v 0.07417 0.03560 -0.01764
v 0.08190 0.04949 -0.00982
v 0.06397 0.01426 -0.03110
v 0.06858 0.02317 -0.02673
v 0.06878 0.00890 -0.00860
v 0.07800 0.04253 -0.02453
v 0.08407 0.05704 -0.01496
v 0.08405 0.05941 0.00176
v 0.08183 0.05359 0.00895
v 0.07922 0.04450 -0.00286
v 0.08158 0.04921 -0.03035
v 0.06564 0.01638 -0.03904
v 0.08192 0.06174 0.02142
v 0.07801 0.04853 0.02619
v 0.07922 0.05734 0.03432
v 0.07407 0.04007 0.00925
v 0.06557 0.02683 0.02737
v 0.07068 0.03657 0.03560
v 0.07583 0.04981 0.04076
v 0.07991 0.03771 -0.04344
v 0.07590 0.02744 -0.03994
v 0.07525 0.02519 -0.05434
v 0.07021 0.02765 -0.00232
v 0.07101 0.02038 -0.04193
v 0.06268 0.02431 0.01624
v 0.06111 0.02328 0.00604
v 0.05524 0.00858 0.02383
v 0.05666 0.01230 0.03579
v 0.05284 0.00172 0.03490
v 0.05205 -0.00113 0.01692
v 0.05305 0.00990 0.05048
v 0.06008 0.02702 0.04868
v 0.05333 0.01246 0.00506
v 0.05325 0.00994 0.01136
v 0.04956 0.00320 0.00238
v 0.06833 0.01631 -0.05863
v 0.06995 0.02389 -0.06781
v 0.05981 0.00914 -0.05736
v 0.05516 0.00757 -0.07549
v 0.05131 0.00230 -0.07045
v 0.04258 -0.00242 -0.08509
v 0.05815 -0.00745 -0.00691
v 0.05148 0.00077 -0.00199
v 0.06311 0.00886 -0.00556
v 0.05937 0.01447 -0.00064
v 0.02430 0.19004 -0.01710
v 0.03416 0.18849 -0.00643
v 0.01942 0.19438 0.00301
v 0.03339 0.18970 0.00339
v 0.00831 0.19363 -0.01507
v 0.03883 0.18269 -0.02388
v 0.01042 0.19016 -0.02630
v 0.03201 0.17978 -0.04007
v 0.01756 0.17682 -0.05369
v 0.00357 0.18627 -0.03833
v 0.02994 0.17409 -0.05371
v 0.04828 0.17036 -0.04350
v 0.03567 0.16485 -0.06533
v 0.05157 0.15958 -0.05996
v 0.05236 0.17699 -0.01436
v 0.04627 0.18247 -0.00222
v 0.05732 0.16982 -0.02809
v 0.06058 0.16211 -0.04080
v 0.06091 0.15318 -0.05799
v 0.02018 0.16736 -0.06716
v 0.03923 0.15501 -0.07520
v 0.05000 0.15045 -0.07309
v 0.02909 0.15485 -0.07923
v -0.00087 0.17694 -0.05597
v -0.00790 0.19281 -0.01817
v 0.00108 0.19661 0.00330
v -0.01220 0.18664 -0.03578
v -0.01438 0.17985 -0.04937
v 0.00066 0.16234 -0.07504
v 0.01060 0.15435 -0.08229
v -0.01630 0.17010 -0.06459
v 0.00756 0.19669 0.01851
v 0.02420 0.19286 0.02250
v -0.01849 0.19375 -0.00574
v -0.02973 0.17943 -0.04317
v -0.02795 0.18618 -0.02621
v -0.03326 0.16874 -0.06028
v -0.01505 0.15436 -0.08185
v -0.03154 0.15822 -0.07507
v 0.04232 0.14516 -0.08294
v 0.02740 0.14086 -0.09047
v -0.00839 0.19623 0.02071
v -0.04277 0.15797 -0.06972
v -0.03390 0.18850 -0.00536
v 0.06131 0.14560 -0.06640
v 0.05254 0.14055 -0.08003
v -0.01574 0.13868 -0.09334
v -0.03091 0.14284 -0.08821
v 0.00919 0.13708 -0.09437
v -0.04787 0.16330 -0.05780
v -0.04676 0.17350 -0.03830
v 0.04468 0.13360 -0.08956
v -0.04522 0.14230 -0.08318
v -0.04823 0.17770 -0.02253
v -0.02799 0.19133 0.02006
v -0.05688 0.15282 -0.06322
v -0.05234 0.17748 -0.01144
v -0.05803 0.14200 -0.07361
v -0.05770 0.16441 -0.04137
v -0.04243 0.18505 0.00566
v -0.02701 0.18929 0.03771
v -0.01445 0.19193 0.04184
v -0.06140 0.16962 -0.01533
v -0.04948 0.17972 0.02339
v -0.03950 0.18342 0.03784
v -0.06724 0.15347 -0.04432
v -0.06760 0.16150 -0.02264
v -0.06341 0.16933 0.00508
v -0.06702 0.14286 -0.06042
v -0.07133 0.15965 -0.00938
v -0.04939 0.02114 -0.09469
v -0.06070 0.02890 -0.08914
v -0.05272 0.03527 -0.09310
v -0.04176 0.03109 -0.09728
v -0.03298 0.02097 -0.10127
v -0.03059 0.00201 -0.10375
v -0.04742 0.04309 -0.09411
v -0.03892 0.04398 -0.09780
v -0.01566 0.00705 -0.11173
v -0.01945 0.02263 -0.10863
v -0.00670 0.01216 -0.11569
v -0.00740 0.02403 -0.11481
v -0.01320 0.03294 -0.11192
v -0.01730 -0.00698 -0.11005
v -0.01844 0.04885 -0.10724
v -0.00777 -0.00285 -0.11386
v -0.02616 0.03990 -0.10154
v -0.03240 0.04101 -0.09818
v -0.06604 0.03691 -0.08440
v -0.02784 0.05272 -0.09767
v -0.05963 0.04538 -0.08635
v -0.05626 0.04783 -0.08768
v -0.01083 0.05372 -0.11236
v -0.02351 0.05712 -0.10365
v -0.04058 -0.00153 -0.09598
v -0.05752 0.01722 -0.08822
v -0.07131 0.05237 -0.07423
v -0.06585 0.05870 -0.07582
v -0.06277 0.06027 -0.07959
v -0.07393 0.06577 -0.06494
v -0.07249 0.07346 -0.06545
v -0.07638 0.03998 -0.07052
v -0.07178 0.02509 -0.07487
v -0.02895 0.05893 -0.09912
v -0.03240 0.05351 -0.09798
v -0.07693 0.05331 -0.06582
v -0.04434 0.05765 -0.10173
v -0.05336 0.05677 -0.09661
v -0.05010 0.06790 -0.10399
v -0.05749 0.07222 -0.09974
v -0.05359 0.07770 -0.10425
v -0.03708 0.07669 -0.10942
v -0.05035 0.08837 -0.10642
v -0.06058 0.08839 -0.09896
v -0.05462 0.10567 -0.10148
v -0.04538 0.10125 -0.10702
v -0.03420 0.09461 -0.11147
v -0.02244 0.07789 -0.11357
v -0.06571 0.09881 -0.09202
v -0.06330 0.07867 -0.09393
v -0.05993 0.06198 -0.09191
v -0.02299 0.06731 -0.11017
v -0.01058 0.07224 -0.11446
v -0.02943 0.06653 -0.10469
v -0.01811 0.09120 -0.11430
v -0.05146 0.11943 -0.09871
v -0.06250 0.12223 -0.08904
v -0.06474 0.01328 -0.07716
v -0.05056 -0.00110 -0.08416
v -0.03272 0.11679 -0.10630
v -0.07167 0.12105 -0.07773
v -0.03931 0.13283 -0.09789
v -0.04983 0.13916 -0.08934
v -0.06100 0.14361 -0.07668
v -0.03632 0.06228 -0.10295
v -0.07465 0.01879 -0.06508
v -0.08161 0.03205 -0.05749
v -0.07155 0.13723 -0.06766
v -0.07794 0.13053 -0.05855
v -0.07129 0.15102 -0.05316
v -0.08130 0.13900 -0.04034
v -0.07878 0.14818 -0.03630
v -0.03779 -0.00051 0.09934
v -0.04424 -0.00125 0.09191
v -0.03281 0.01096 0.09963
v -0.01062 0.07574 -0.11005
v -0.02348 0.07474 -0.10781
v -0.00986 0.05786 -0.10840
v -0.02199 0.08527 -0.10951
v -0.03825 0.08062 -0.10558
v -0.03601 0.09521 -0.10630
v -0.04425 0.08563 -0.10427
v -0.04836 0.07519 -0.10174
v 0.00058 0.06387 -0.10962
v -0.00345 0.04416 -0.10879
v -0.00885 0.03721 -0.10827
v -0.00091 0.02478 -0.10888
v 0.00354 0.08021 -0.10999
v 0.01643 0.07564 -0.10975
v -0.00271 0.09455 -0.10913
v 0.00749 0.04283 -0.10831
v 0.00901 0.02869 -0.10902
v -0.02146 0.10272 -0.10721
v 0.02585 0.09175 -0.10855
v 0.01006 0.10247 -0.10773
v 0.00143 0.01291 -0.11064
v 0.01019 0.06027 -0.10844
v 0.02953 0.10963 -0.10450
v -0.00685 0.02151 -0.11031
v -0.00587 0.00200 -0.10991
v 0.00537 0.00214 -0.11008
v -0.01355 0.11733 -0.10334
v -0.03526 0.11363 -0.10195
v -0.02880 0.12467 -0.09908
v 0.01415 0.11645 -0.10367
v 0.02989 0.07810 -0.10702
v 0.03938 0.07857 -0.10504
v 0.04316 0.09016 -0.10459
v 0.04440 0.10120 -0.10252
v -0.01403 -0.00420 -0.10670
v -0.01687 0.00828 -0.10610
v -0.01241 0.02655 -0.10733
v -0.04401 0.06702 -0.10054
v -0.04828 0.10290 -0.10032
v -0.05205 0.09482 -0.09982
v 0.03361 0.12076 -0.09965
v -0.04579 0.11678 -0.09728
v 0.00919 0.13708 -0.09437
v -0.01574 0.13868 -0.09334
v -0.04045 0.12813 -0.09457
v -0.05046 0.08304 -0.10136
v 0.02740 0.14086 -0.09047
v 0.05000 0.08050 -0.10112
v -0.03815 0.06766 -0.10051
v -0.04078 0.05428 -0.09595
v -0.03417 0.07522 -0.10373
v 0.04999 0.11648 -0.09519
v -0.03091 0.14284 -0.08821
v -0.02744 0.01894 -0.09945
v -0.03230 0.00690 -0.09758
v -0.02561 -0.00427 -0.10039
v -0.04138 0.02220 -0.09282
v -0.03483 0.03104 -0.09387
v -0.04507 0.03385 -0.09137
v -0.03944 0.03966 -0.09141
v -0.03038 0.04344 -0.09354
v -0.03536 0.04754 -0.09319
v -0.03234 0.05198 -0.09202
v -0.02647 0.05241 -0.09311
v -0.05303 0.02701 -0.08838
v -0.04523 0.00965 -0.08953
v -0.02421 0.03381 -0.09840
v -0.05252 0.03929 -0.08691
v -0.04642 0.04444 -0.08892
v -0.03175 0.06075 -0.09524
v -0.02469 0.05931 -0.09558
v -0.01658 0.04809 -0.10284
v -0.06138 0.03305 -0.08267
v -0.04341 0.04830 -0.09290
v -0.01804 0.06092 -0.10414
v -0.03030 0.06785 -0.09845
v -0.03636 0.05558 -0.09510
v -0.05168 0.06651 -0.09665
v -0.05753 0.05010 -0.07993
v -0.05857 0.11186 -0.09054
v -0.05296 0.12404 -0.08995
v -0.06688 0.04731 -0.07403
v -0.05622 0.08595 -0.09663
v -0.03527 -0.00361 -0.09336
v -0.05443 0.07479 -0.09680
v -0.06137 0.02479 -0.08069
v -0.02297 0.06937 -0.10503
v -0.05953 0.09837 -0.09282
v -0.06583 0.06392 -0.06743
v -0.04522 0.14230 -0.08318
v -0.05209 0.04989 -0.08571
v -0.05778 0.05880 -0.07732
v -0.05122 0.05460 -0.09045
v -0.07130 0.04165 -0.06999
v -0.06407 0.12454 -0.07876
v -0.05803 0.14200 -0.07361
v -0.06607 0.10565 -0.08228
v -0.06983 0.13330 -0.06381
v -0.06702 0.14286 -0.06042
v 0.03107 0.05359 -0.09295
v 0.02567 0.05867 -0.09410
v 0.02477 0.05082 -0.09444
v 0.03709 0.04038 -0.09237
v 0.02673 0.03187 -0.09708
v 0.03678 0.02718 -0.09403
v 0.02676 0.01655 -0.09964
v 0.04372 0.03208 -0.09228
v 0.03736 0.01123 -0.09455
v 0.05321 0.03524 -0.08759
v 0.04809 0.04199 -0.08784
v 0.05236 0.02317 -0.08815
v 0.02039 0.00458 -0.10433
v 0.01232 0.01354 -0.10802
v 0.01789 -0.00383 -0.10517
v 0.01853 0.03783 -0.10215
v 0.06271 0.03129 -0.08154
v 0.06294 0.04121 -0.08008
v 0.05620 0.04664 -0.08136
v 0.03262 -0.00305 -0.09583
v 0.01342 0.04394 -0.10621
v 0.01626 0.05923 -0.10549
v 0.04818 0.01000 -0.08685
v 0.04931 0.04769 -0.08716
v 0.04187 0.04463 -0.09189
v 0.01854 0.05194 -0.10077
v 0.05700 0.05718 -0.07834
v 0.02292 0.07116 -0.10593
v 0.05924 0.02045 -0.08071
v 0.04022 0.05338 -0.09494
v 0.06464 0.06052 -0.06990
v 0.06338 0.06830 -0.06978
v 0.06995 0.03862 -0.07263
v 0.02185 0.06189 -0.10011
v 0.04877 0.05507 -0.09286
v 0.07022 0.05541 -0.06656
v 0.06962 0.07027 -0.06188
v 0.07415 0.04718 -0.06345
v 0.06995 0.02389 -0.06781
v 0.04258 -0.00242 -0.08509
v 0.04544 0.06505 -0.09959
v 0.05427 0.07297 -0.09671
v 0.05766 0.08696 -0.09528
v 0.05266 0.09791 -0.09883
v 0.06129 0.09923 -0.09039
v 0.05836 0.11157 -0.09083
v 0.05777 0.12555 -0.08555
v 0.06478 0.11826 -0.08108
v 0.02791 0.06739 -0.09884
v 0.04468 0.13360 -0.08956
v 0.05516 0.00757 -0.07549
v 0.05254 0.14055 -0.08003
v 0.03471 0.06889 -0.10009
v -0.00094 0.09728 0.11887
v -0.01412 0.11637 0.11594
v 0.00329 0.11107 0.11784
v -0.00650 0.13212 0.11361
v 0.01030 0.12615 0.11476
v -0.02133 0.13215 0.11079
v -0.00199 0.14156 0.11032
v -0.02091 0.09463 0.11523
v -0.02456 0.11185 0.11369
v -0.00243 0.08204 0.11791
v -0.02292 0.08378 0.11375
v -0.03602 0.10013 0.10971
v -0.03752 0.11982 0.10681
v -0.04014 0.07974 0.10649
v -0.04971 0.08582 0.10173
v -0.05231 0.09947 0.10034
v -0.02911 0.14065 0.10383
v -0.05015 0.12044 0.09855
v -0.04341 0.13824 0.09674
v -0.01234 0.15171 0.10332
v -0.05539 0.13136 0.09023
v -0.02893 0.15630 0.09374
v -0.04224 0.14762 0.09154
v -0.06183 0.10766 0.09013
v -0.06219 0.12082 0.08716
v -0.05620 0.14179 0.08310
v -0.06064 0.08763 0.09137
v -0.05120 0.07056 0.09792
v 0.00501 0.15284 0.10409
v -0.01164 0.16409 0.09353
v -0.03697 0.16304 0.08107
v -0.05238 0.15661 0.07325
v -0.00108 0.16289 0.09643
v -0.02159 0.16901 0.08482
v 0.01374 0.14533 0.10719
v -0.06659 0.13778 0.07162
v -0.06221 0.15087 0.06605
v -0.06907 0.11278 0.07877
v -0.07207 0.12826 0.06776
v -0.06799 0.09722 0.08148
v -0.02830 0.17878 0.06569
v -0.04299 0.17431 0.05754
v -0.00995 0.17573 0.07994
v -0.01754 0.18360 0.06336
v -0.05658 0.16537 0.05345
v 0.00294 0.17210 0.08642
v -0.07411 0.14063 0.05239
v -0.06824 0.15399 0.04860
v -0.05169 0.17357 0.04372
v -0.03073 0.18335 0.05284
v -0.06474 0.16417 0.03376
v -0.03950 0.18342 0.03784
v -0.07632 0.14796 0.03168
v -0.05915 0.17173 0.02591
v -0.02701 0.18929 0.03771
v -0.01445 0.19193 0.04184
v -0.04948 0.17972 0.02339
v -0.07449 0.15579 0.01156
v -0.06341 0.16933 0.00508
v -0.07133 0.15965 -0.00938
v 0.06436 -0.00512 0.04801
v 0.06555 0.00713 0.06332
v 0.06166 0.00627 0.05625
v 0.06035 0.01357 0.06308
v 0.06124 0.01947 0.07202
v 0.05725 0.02520 0.07197
v 0.05754 0.02954 0.07870
v 0.05571 0.02276 0.06629
v 0.05710 0.00843 0.05445
v 0.05793 0.00657 0.05582
v 0.05844 -0.00666 0.04412
v 0.05766 0.03209 0.07493
v 0.04556 0.15779 0.08780
v 0.03255 0.16569 0.08992
v 0.04012 0.14998 0.09845
v 0.02543 0.15413 0.10354
v 0.03935 0.17144 0.07803
v 0.05319 0.16060 0.07704
v 0.04870 0.17410 0.06235
v 0.03805 0.18308 0.05899
v 0.02032 0.18263 0.07435
v 0.01645 0.16863 0.09451
v 0.00771 0.17668 0.08766
v 0.01990 0.19086 0.05830
v 0.06234 0.16270 0.06019
v 0.04961 0.18128 0.04371
v 0.06026 0.17099 0.04821
v 0.03458 0.18985 0.04348
v 0.04782 0.18657 0.02560
v 0.05750 0.17856 0.03011
v 0.01609 0.19689 0.04095
v 0.03235 0.19474 0.02391
v 0.01801 0.19911 0.02650
v 0.00241 0.18438 0.07704
v 0.00190 0.19200 0.06167
v 0.00681 0.19582 0.05013
v 0.03892 0.19220 0.00558
v 0.07153 0.16537 0.02574
v 0.07174 0.15919 0.04440
v 0.06538 0.17373 0.01457
v 0.05260 0.18394 0.00058
v 0.01894 0.19952 0.01082
v 0.02754 0.19657 -0.00080
v 0.00674 0.20121 0.02163
v 0.06843 0.17035 -0.00754
v 0.04209 0.18734 -0.02028
v -0.00347 0.19975 0.03281
v 0.05900 0.17546 -0.02382
v 0.01370 0.19880 -0.00984
v 0.07652 0.16132 0.00204
v 0.07333 0.14903 0.05809
v 0.00308 0.20090 -0.00234
v 0.04302 0.18149 -0.03787
v 0.06899 0.16347 -0.03391
v 0.05345 0.17222 -0.04537
v 0.06446 0.16214 -0.04798
v 0.07607 0.15931 -0.01860
v 0.08233 0.15039 0.01733
v 0.07997 0.14842 0.03790
v 0.05678 0.16181 -0.06023
v -0.01391 0.19331 0.05426
v -0.00829 0.18705 0.07090
v 0.06893 0.15194 -0.05680
v 0.06301 0.14837 -0.07039
v 0.04792 0.15926 -0.07263
v 0.05653 0.14477 -0.08051
v -0.02703 0.18514 0.06454
v -0.01213 0.17824 0.08400
v -0.02642 0.17491 0.08227
v 0.00248 0.19165 -0.03790
v -0.01775 0.19158 -0.03350
v 0.00497 0.19661 -0.02269
v -0.01497 0.19810 -0.01157
v -0.01045 0.19009 -0.04033
v -0.00585 0.20147 0.01048
v -0.03048 0.18989 -0.02875
v -0.01957 0.19931 0.00924
v -0.02773 0.19565 -0.00722
v -0.02585 0.18423 -0.04663
v -0.04143 0.18834 -0.01576
v -0.03810 0.18345 -0.03853
v -0.00463 0.18478 -0.05167
v -0.02183 0.17971 -0.05694
v -0.04087 0.17276 -0.05795
v -0.02973 0.17088 -0.06743
v -0.04956 0.17903 -0.03407
v -0.00583 0.17636 -0.06499
v 0.01302 0.18779 -0.04426
v 0.01371 0.17823 -0.06125
v 0.02394 0.19149 -0.02901
v -0.04288 0.16169 -0.07287
v 0.02687 0.18291 -0.04870
v -0.00440 0.16634 -0.07746
v -0.02334 0.16343 -0.07860
v 0.02021 0.16624 -0.07597
v -0.03482 0.15709 -0.08194
v 0.03393 0.16854 -0.06907
v -0.05449 0.15997 -0.06580
v -0.05643 0.16625 -0.05309
v -0.04618 0.15245 -0.08094
v 0.00709 0.15478 -0.08820
v 0.02312 0.15684 -0.08499
v -0.01242 0.15015 -0.09133
v 0.04256 0.17390 -0.05459
v 0.03612 0.15636 -0.08193
v -0.03665 0.14667 -0.08974
v 0.01884 0.14126 -0.09693
v 0.03361 0.14058 -0.09503
v 0.00362 0.14273 -0.09663
v -0.02336 0.13508 -0.09992
v 0.04643 0.14302 -0.08857
v -0.03931 0.13283 -0.09789
v -0.04983 0.13916 -0.08934
v -0.03807 0.19228 0.00318
v -0.06295 0.15592 -0.06166
v -0.06339 0.16807 -0.03618
v -0.06893 0.15953 -0.04307
v -0.06100 0.14361 -0.07668
v -0.06008 0.17725 -0.01219
v -0.05316 0.18395 0.00233
v -0.01988 0.19782 0.02903
v -0.06906 0.16701 -0.02252
v -0.03742 0.18943 0.03890
v -0.04217 0.18987 0.02286
v -0.02795 0.19240 0.04350
v -0.07129 0.15102 -0.05316
v -0.07601 0.15929 -0.01728
v -0.07878 0.14818 -0.03630
v 0.08263 0.13168 -0.01157
v 0.08235 0.13818 0.00372
v 0.07811 0.14537 -0.01971
v 0.07965 0.13483 -0.02977
v 0.07627 0.14120 -0.03848
v 0.08425 0.12717 0.00237
v 0.08405 0.12711 0.01779
v 0.08094 0.13925 0.02538
v 0.07498 0.15472 -0.00777
v 0.07795 0.14932 0.01232
v 0.07263 0.14908 -0.03836
v 0.07014 0.15888 -0.02056
v 0.07268 0.15893 0.00701
v 0.07563 0.14936 0.03295
v 0.07208 0.15783 0.02341
v 0.06817 0.16451 -0.00088
v 0.06975 0.14447 -0.05280
v 0.07279 0.13287 -0.05756
v 0.06273 0.16892 -0.01187
v 0.06058 0.16211 -0.04080
v 0.06091 0.15318 -0.05799
v 0.05732 0.16982 -0.02809
v 0.07414 0.14117 0.05160
v 0.06895 0.13371 0.07052
v 0.06413 0.15114 0.06192
v 0.06101 0.14265 0.07634
v 0.06928 0.15637 0.04046
v 0.06066 0.16294 0.05007
v 0.05209 0.15302 0.07803
v 0.05256 0.16562 0.05993
v 0.04469 0.16498 0.07201
v 0.06252 0.16632 0.03466
v 0.04394 0.17814 0.04739
v 0.04787 0.18035 0.02949
v 0.03486 0.17584 0.06564
v 0.06201 0.17053 0.01275
v 0.03803 0.18495 0.03588
v 0.04249 0.18509 0.01601
v 0.04627 0.18247 -0.00222
v 0.05236 0.17699 -0.01436
v 0.02509 0.18345 0.05946
v 0.02443 0.18957 0.04164
v 0.03247 0.16767 0.07998
v 0.02420 0.19286 0.02250
v 0.03339 0.18970 0.00339
v 0.01347 0.19058 0.04908
v 0.01839 0.17593 0.07734
v 0.03563 0.15049 0.09458
v 0.00901 0.19423 0.03555
v 0.01054 0.18180 0.07032
v 0.00756 0.19669 0.01851
v 0.01744 0.16344 0.09257
v 0.05202 0.13864 0.08935
v 0.02565 0.14862 0.10116
v 0.00294 0.17210 0.08642
v -0.00468 0.19032 0.05174
v -0.00311 0.18361 0.06880
v 0.04298 0.13563 0.09845
v -0.00995 0.17573 0.07994
v -0.00108 0.16289 0.09643
v -0.00839 0.19623 0.02071
v -0.01445 0.19193 0.04184
v 0.00501 0.15284 0.10409
v 0.01374 0.14533 0.10719
v -0.01754 0.18360 0.06336
v 0.02775 0.13543 0.10726
v 0.06453 0.12343 0.08271
v 0.05126 0.11642 0.09867
v 0.06189 0.10902 0.09033
v 0.03079 0.12227 0.10969
v 0.05636 0.10021 0.09689
v 0.06273 0.03562 -0.08757
v 0.05185 0.04369 -0.09118
v 0.06065 0.04432 -0.08634
v 0.05642 0.04914 -0.08737
v 0.04869 0.03381 -0.09509
v 0.06825 0.04136 -0.08216
v 0.06834 0.05454 -0.07578
v 0.06185 0.05503 -0.08012
v 0.06602 0.06400 -0.07479
v 0.07303 0.05067 -0.07306
v 0.07393 0.06455 -0.06563
v 0.07017 0.03287 -0.08069
v 0.07426 0.03966 -0.07421
v 0.07187 0.07574 -0.06798
v 0.06322 0.02563 -0.08600
v 0.05262 0.02275 -0.09339
v 0.04488 0.00615 -0.09456
v 0.05594 0.00710 -0.08382
v 0.04350 -0.00879 -0.08919
v 0.07392 0.02756 -0.07337
v 0.07171 0.01887 -0.07065
v 0.07875 0.02790 -0.06375
v 0.07898 0.03690 -0.06667
v 0.05841 0.00220 -0.07244
v 0.07547 0.01825 -0.06017
v 0.08252 0.02980 -0.04901
v 0.06420 0.12082 -0.08830
v 0.05831 0.13213 -0.08791
v 0.06898 0.13354 -0.07457
v 0.05653 0.14477 -0.08051
v 0.06301 0.14837 -0.07039
v 0.07344 0.14158 -0.06036
v 0.06893 0.15194 -0.05680
v 0.07107 0.11226 -0.08173
v 0.07758 0.12616 -0.06201
v 0.06582 0.10266 -0.09170
v 0.08110 0.13724 -0.04293
v 0.07745 0.15078 -0.03593
v 0.07548 0.11063 -0.07215
v 0.08277 0.14607 -0.02143
v 0.08301 0.12579 -0.04199
v 0.08546 0.13297 -0.02434
v 0.07983 0.11370 -0.05701
v 0.08672 0.13801 -0.00697
v 0.07181 0.09518 -0.08110
v 0.06682 0.08887 -0.09052
v 0.08688 0.12010 -0.01878
v 0.08872 0.12241 -0.00227
v 0.08333 0.14871 -0.00308
v 0.07502 0.09288 -0.06820
v 0.08442 0.10507 -0.02781
v 0.08756 0.13613 0.01086
v 0.07918 0.10084 -0.05406
v 0.07993 0.08574 -0.04337
v 0.08533 0.08680 -0.01598
v 0.08568 0.07319 -0.01905
v 0.08097 0.07084 -0.03857
v 0.08749 0.05973 -0.01983
v 0.07579 0.07656 -0.05780
v 0.07638 0.06769 -0.05737
v 0.08299 0.05248 -0.04486
v 0.08582 0.04560 -0.03617
v 0.08176 0.03882 -0.05780
v 0.07862 0.05214 -0.06189
v 0.08785 0.05384 -0.01846
v 0.08835 0.09983 0.00530
v 0.08766 0.07456 0.00257
v 0.08885 0.05761 -0.00072
v 0.06946 0.08362 -0.08235
v 0.06314 0.07143 -0.09157
v 0.06380 0.06692 -0.08487
v 0.08357 0.03488 -0.03603
v 0.05838 0.06009 -0.09322
v 0.08233 0.15039 0.01733
v 0.08521 0.13844 0.03117
v 0.07607 0.15931 -0.01860
v 0.07652 0.16132 0.00204
v 0.06899 0.16347 -0.03391
v 0.06446 0.16214 -0.04798
v 0.05999 0.00301 -0.05893
v 0.05249 -0.00224 -0.05496
v 0.06947 0.01233 -0.04460
v 0.07838 0.02148 -0.04447
v 0.07134 0.01598 -0.03391
v 0.06341 0.00925 -0.03891
v 0.05966 0.00666 -0.04579
v 0.05512 0.00228 -0.05244
v 0.05431 0.00262 -0.04680
v 0.07588 0.02319 -0.03099
v 0.07415 0.02488 -0.02343
v 0.05306 -0.00272 -0.04856
v 0.08115 0.03824 -0.02505
v 0.08102 0.03678 -0.01500
v 0.08617 0.04744 -0.00983
v 0.08090 0.03460 -0.00630
v -0.05771 -0.00153 -0.00618
v -0.04665 -0.00989 -0.00289
v -0.06775 0.00430 -0.00986
v -0.05395 0.00913 -0.00088
v -0.06972 0.02070 -0.00594
v -0.06291 0.01895 -0.00107
v -0.07330 0.03362 -0.00238
v -0.05021 0.00737 0.00203
v -0.07526 0.03012 -0.00913
v -0.05608 0.01749 0.00461
v -0.06781 0.03098 0.00548
v -0.07826 0.04505 0.00330
v -0.07400 0.07713 -0.04494
v -0.07815 0.09952 -0.03402
v -0.07973 0.08504 -0.02212
v -0.07492 0.09980 -0.05047
v -0.07105 0.07650 -0.05760
v -0.08170 0.10519 -0.01693
v -0.08007 0.12035 -0.03169
v -0.07584 0.11739 -0.05416
v -0.08278 0.11870 -0.01467
v -0.07148 0.10901 -0.06959
v -0.08335 0.10013 -0.00258
v -0.08241 0.08310 -0.00214
v -0.08451 0.11710 -0.00027
v -0.06899 0.08540 -0.06702
v -0.06713 0.09489 -0.08035
v -0.07617 0.12869 -0.05052
v -0.07849 0.13499 -0.03568
v -0.06373 0.07863 -0.08080
v -0.08378 0.09613 0.01105
v -0.08289 0.07464 0.00993
v -0.08378 0.12957 -0.00149
v -0.08484 0.11442 0.01388
v -0.08063 0.13795 -0.01839
v -0.08086 0.07280 -0.02027
v -0.07585 0.06750 -0.04077
v -0.07161 0.06542 -0.05872
v -0.07115 0.12040 -0.06816
v -0.08316 0.06795 -0.00895
v -0.06776 0.07106 -0.06456
v -0.08430 0.12571 0.01931
v -0.08350 0.05769 -0.02070
v -0.08038 0.05951 -0.03010
v -0.08125 0.04851 -0.03005
v -0.07778 0.05158 -0.04655
v -0.07276 0.05387 -0.06337
v -0.08065 0.04243 -0.03801
v -0.07855 0.03680 -0.05156
v -0.07590 0.04308 -0.06067
v -0.07594 0.03575 -0.06158
v -0.08449 0.05675 -0.00928
v -0.08383 0.06560 0.00252
v -0.07689 0.02928 -0.05320
v -0.06607 0.10565 -0.08228
v -0.08339 0.06057 0.00930
v -0.08211 0.07899 0.02315
v -0.08360 0.10664 0.02946
v -0.08117 0.14210 0.00619
v -0.07795 0.03231 -0.03748
v -0.08304 0.05538 0.00604
v -0.08222 0.12394 0.03702
v -0.07251 0.14042 -0.05104
v -0.06983 0.13330 -0.06381
v -0.06244 0.08744 -0.08847
v -0.07130 0.04165 -0.06999
v -0.08130 0.06044 0.02415
v -0.08089 0.09255 0.04130
v -0.07710 0.14984 -0.01200
v -0.08045 0.13731 0.03242
v -0.07792 0.07070 0.04677
v -0.07960 0.10822 0.05184
v -0.08075 0.05425 0.02049
v -0.07864 0.05417 0.03454
v -0.06249 0.06885 -0.07221
v -0.07382 0.14881 -0.03322
v -0.07837 0.09086 0.05278
v -0.05881 0.06383 -0.08032
v -0.05778 0.05880 -0.07732
v -0.05605 0.06239 -0.08870
v -0.06998 0.02506 -0.06918
v -0.07540 0.02486 -0.04672
v -0.05209 0.04989 -0.08571
v -0.06961 0.03307 -0.07252
v -0.08146 0.04835 -0.00668
v -0.07992 0.04668 -0.02097
v -0.07639 0.03896 -0.02704
v -0.07727 0.12429 0.05692
v -0.07683 0.04649 0.03104
v -0.07549 0.03542 -0.01458
v -0.06778 0.01181 -0.01939
v -0.06268 -0.01037 -0.01656
v -0.05840 -0.01443 -0.03260
v -0.06339 0.00467 -0.03193
v -0.06780 0.01981 -0.02515
v -0.06588 0.01686 -0.03080
v -0.07284 0.03360 -0.02228
v -0.07009 0.01863 -0.06056
v -0.07765 0.04622 0.01521
v -0.07457 0.07878 0.06182
v -0.07479 0.05187 0.04705
v -0.07286 0.06174 0.05977
v -0.07473 0.09812 0.06711
v -0.07590 0.11209 0.06395
v -0.07174 0.02601 -0.03128
v -0.05443 0.07479 -0.09680
v -0.07020 0.03418 0.02480
v -0.07147 0.08375 0.07168
v -0.07042 0.03697 0.03783
v -0.06837 0.04028 0.05037
v -0.06707 0.06615 0.07480
v -0.07235 0.02242 -0.03825
v -0.06089 0.02217 0.03975
v -0.05102 0.00524 0.03111
v -0.06740 0.05199 0.06573
v -0.05938 0.02037 0.01850
v -0.04833 0.00252 0.01353
v -0.04575 -0.00638 0.03127
v -0.04690 -0.00168 0.04118
v -0.04611 -0.00455 0.00440
v -0.05153 0.01019 0.04810
v -0.06849 0.01950 -0.03472
v -0.05745 0.02410 0.05360
v -0.06799 0.09722 0.08148
v -0.04521 0.00286 0.04825
v -0.06167 0.06097 0.08211
v -0.05977 0.04099 0.06959
v -0.06907 0.11278 0.07877
v -0.06000 0.01040 -0.07107
v -0.06887 0.01744 -0.04569
v -0.05398 0.04373 0.08221
v -0.06064 0.08763 0.09137
v -0.05882 0.06953 0.08959
v -0.07207 0.12826 0.06776
v -0.07411 0.14063 0.05239
v -0.05107 0.02804 0.07175
v -0.05063 0.01791 0.05721
v -0.05987 0.01512 -0.07670
v -0.05826 0.00684 -0.06446
v -0.07632 0.14796 0.03168
v -0.05122 0.05460 -0.09045
v -0.04730 -0.00088 -0.07815
v -0.04518 0.00023 -0.08436
v -0.05953 0.09837 -0.09282
v -0.06583 0.06392 -0.06743
v -0.05168 0.06651 -0.09665
v -0.06137 0.02479 -0.08069
v -0.05622 0.08595 -0.09663
v -0.07449 0.15579 0.01156
v -0.06407 0.12454 -0.07876
v -0.06138 0.03305 -0.08267
v -0.03527 -0.00361 -0.09336
v -0.04523 0.00965 -0.08953
v -0.06702 0.14286 -0.06042
v -0.06688 0.04731 -0.07403
v -0.07133 0.15965 -0.00938
v -0.06760 0.16150 -0.02264
v -0.06724 0.15347 -0.04432
v 0.06007 -0.00713 0.06515
v 0.06535 0.00509 0.06611
v 0.05839 0.01690 0.07734
v -0.05498 0.00901 -0.02995
v -0.05144 0.01131 -0.03268
v -0.06118 0.01508 -0.03124
v -0.06026 0.01887 -0.03329
v -0.05347 0.01824 -0.03718
v -0.05826 0.02103 -0.03785
v -0.06448 0.01899 -0.03404
v -0.06588 0.01686 -0.03080
v -0.06849 0.01950 -0.03472
v -0.04288 0.00435 -0.04471
v -0.04500 0.00613 -0.04190
v -0.04582 0.00614 -0.03648
v -0.04932 0.01478 -0.04369
v -0.03910 -0.00835 -0.03643
v -0.04424 0.01239 -0.05140
v -0.05173 0.01759 -0.04468
v -0.04856 0.01446 -0.05178
v 0.06290 0.01748 -0.03855
v 0.06022 0.01392 -0.04378
v 0.05801 0.01730 -0.04436
v 0.05285 0.01360 -0.05145
v 0.05873 0.02123 -0.03918
v 0.05667 0.00812 -0.05454
v 0.04943 0.00938 -0.06066
v 0.05131 0.00230 -0.07045
v 0.05349 0.01786 -0.04565
v 0.04461 0.00132 -0.07544
v 0.06564 0.01638 -0.03904
v 0.04818 0.01477 -0.05147
v 0.04245 0.01327 -0.05986
v 0.04136 0.00745 -0.06486
v 0.03378 0.00267 -0.07749
v 0.03138 -0.00251 -0.08794
v 0.02852 0.00728 -0.07723
v 0.01567 0.00109 -0.09078
v 0.02040 0.01284 -0.07384
v 0.03838 0.01675 -0.05925
v 0.00369 0.00746 -0.08529
v 0.00299 0.00021 -0.09408
v 0.04258 -0.00242 -0.08509
v 0.06150 0.01915 -0.03475
v -0.01140 0.00477 -0.08926
v -0.00998 0.01281 -0.07584
v 0.00516 0.01655 -0.06562
v 0.04993 0.01598 -0.04404
v -0.02339 0.01240 -0.07412
v -0.01938 0.01775 -0.06103
v -0.03345 0.01721 -0.05960
v 0.05981 0.00914 -0.05736
v -0.02032 0.00361 -0.08799
v -0.01209 -0.00101 -0.09362
v -0.04208 0.01489 -0.05749
v -0.02773 0.00822 -0.07721
v -0.02388 -0.00060 -0.08874
v -0.03467 0.00276 -0.07686
v -0.04037 -0.00054 -0.08137
v -0.04365 0.00376 -0.06751
v -0.05007 0.00405 -0.06859
v -0.04652 0.00780 -0.06259
v -0.05682 0.01111 -0.05104
v -0.04730 -0.00088 -0.07815
v -0.05826 0.00684 -0.06446
v -0.05496 0.00549 -0.06093
v -0.06193 0.01157 -0.05148
v -0.06542 0.01697 -0.03706
v -0.06448 0.01899 -0.03404
v -0.06849 0.01950 -0.03472
v -0.03925 0.00798 -0.06587
v -0.05014 0.01267 -0.05501
v -0.04856 0.01446 -0.05178
v -0.05587 0.01880 -0.04448
v -0.05173 0.01759 -0.04468
v -0.05826 0.02103 -0.03785
v -0.05928 0.01760 -0.04242
v -0.06887 0.01744 -0.04569
v 0.04144 0.01657 -0.05386
v 0.04550 0.01370 -0.05110
v 0.00892 0.01762 -0.05390
v -0.01539 0.01697 -0.04906
v -0.02836 0.01764 -0.05250
v 0.03470 0.01784 -0.05338
v -0.03879 0.01519 -0.05190
v 0.02123 0.01637 -0.04857
v -0.00463 0.01316 -0.03824
v 0.00808 0.01025 -0.03132
v -0.01474 0.00910 -0.03101
v 0.00510 0.00528 -0.01869
v -0.01115 0.00467 -0.01876
v 0.01426 0.00188 -0.01356
v 0.01595 0.00524 -0.02207
v 0.02571 0.00950 -0.03786
v -0.01834 0.00196 -0.01669
v 0.03685 0.01424 -0.04863
v -0.01324 0.00148 -0.00981
v -0.02618 0.00204 -0.02375
v -0.02678 0.00770 -0.03633
v 0.02576 0.00239 -0.02308
v -0.03421 0.01085 -0.04486
v 0.00161 0.00602 -0.00710
v -0.00886 0.00496 -0.00954
v 0.00998 0.00521 -0.00539
v -0.00729 0.00588 0.00216
v -0.04424 0.01239 -0.05140
v -0.00189 0.00734 0.00570
v 0.00509 0.00758 0.00394
v -0.00000 0.00596 0.01124
v 0.00429 0.00426 0.01200
v -0.00594 0.00333 0.01198
v 0.03459 0.00358 -0.03679
v 0.03660 0.00795 -0.04366
v -0.01185 0.00129 -0.00009
v 0.02010 -0.00383 -0.01203
v 0.04312 0.00694 -0.04572
v 0.03375 -0.00160 -0.02902
v -0.00798 0.06685 0.11121
v -0.01348 0.06463 0.10914
v -0.01144 0.06918 0.11279
v -0.02161 0.07074 0.11059
v -0.02290 0.06075 0.10532
v -0.00454 0.07048 0.11544
v -0.00512 0.06513 0.11291
v -0.03159 0.05577 0.10180
v -0.04009 0.06312 0.10294
v -0.04123 0.05209 0.09743
v 0.00216 0.06664 0.11432
v -0.04301 0.03894 0.08779
v -0.04798 0.03384 0.08159
v -0.04903 0.02711 0.07419
v -0.05021 0.05731 0.09425
v -0.04014 0.07974 0.10649
v -0.02292 0.08378 0.11375
v -0.00243 0.08204 0.11791
v -0.05120 0.07056 0.09792
v -0.04971 0.08582 0.10173
v -0.05398 0.04373 0.08221
v 0.00730 0.07184 0.11522
v -0.05882 0.06953 0.08959
v -0.06167 0.06097 0.08211
v -0.06064 0.08763 0.09137
v -0.05107 0.02804 0.07175
v 0.00939 0.06655 0.11233
v 0.01835 0.06971 0.11127
v 0.01762 0.07976 0.11428
v 0.01645 0.09639 0.11636
v -0.00094 0.09728 0.11887
v 0.03028 0.06939 0.10791
v 0.00329 0.11107 0.11784
v 0.02107 0.10904 0.11491
v 0.03506 0.08433 0.10889
v 0.04108 0.05988 0.10167
v 0.03398 0.10195 0.11042
v 0.01030 0.12615 0.11476
v 0.03079 0.12227 0.10969
v 0.04592 0.10050 0.10465
v 0.02775 0.13543 0.10726
v 0.01374 0.14533 0.10719
v 0.05309 0.08432 0.09868
v 0.04729 0.06196 0.09830
v 0.05126 0.11642 0.09867
v 0.05636 0.10021 0.09689
v -0.04706 0.02158 0.06641
v -0.00359 -0.00480 0.01762
v -0.00594 0.00333 0.01198
v -0.00000 0.00596 0.01124
v 0.00429 0.00426 0.01200
v 0.01428 -0.00368 -0.00403
v 0.01426 0.00188 -0.01356
v 0.00998 0.00521 -0.00539
v 0.00900 0.00424 0.00512
v 0.00845 -0.00109 0.00984
v 0.00509 0.00758 0.00394
v 0.03375 -0.00160 -0.02902
v 0.03915 -0.00074 -0.03996
v 0.03459 0.00358 -0.03679
v 0.03660 0.00795 -0.04366
v 0.04312 0.00694 -0.04572
v 0.05760 -0.00255 0.01994
v 0.05716 -0.00302 0.02822
v 0.05615 -0.00777 0.03697
v 0.05723 0.00233 0.04190
v 0.05710 0.00843 0.05445
v 0.05815 0.01438 0.05132
v 0.05571 0.02276 0.06629
v 0.06056 0.00899 0.02533
v 0.05994 0.00911 0.03798
v 0.05699 0.00553 0.01291
v 0.06593 0.01943 0.03292
v 0.06510 0.01866 0.02012
v 0.06514 0.02384 0.04594
v 0.06149 0.02994 0.06242
v 0.05995 0.01410 0.00690
v 0.05452 0.00234 0.00356
v 0.05255 -0.00706 0.00646
v 0.07296 0.02967 0.02302
v 0.06869 0.02590 0.01168
v 0.07308 0.03255 0.03887
v 0.08065 0.04292 0.02647
v 0.07948 0.03963 0.00861
v 0.07336 0.04183 0.05325
v 0.06350 0.04011 0.07191
v 0.05766 0.03209 0.07493
v 0.07375 0.02862 0.00176
v 0.08090 0.03460 -0.00630
v 0.05645 0.03735 0.08311
v 0.07503 0.02261 -0.00358
v 0.07386 0.01212 -0.00626
v 0.07685 0.01976 -0.01162
v 0.07183 0.00085 -0.01175
v 0.06885 -0.00403 -0.00610
v 0.06546 0.01421 0.00096
v 0.05791 0.00405 0.00076
v 0.06508 0.00435 -0.00222
v 0.05431 0.00262 -0.04680
v 0.05726 -0.00116 -0.04360
v 0.06341 0.00925 -0.03891
v 0.06630 0.00637 -0.03581
v 0.07134 0.01598 -0.03391
v 0.06536 -0.00397 -0.03335
v 0.06974 0.00173 -0.02131
v 0.07306 0.01871 -0.02096
v 0.08102 0.03678 -0.01500
v 0.07415 0.02488 -0.02343
v 0.05835 -0.00713 -0.00201
v 0.06508 0.00435 -0.00222
v 0.05791 0.00405 0.00076
v 0.05875 0.10122 0.10092
v 0.06225 0.11945 0.09442
v 0.05390 0.11778 0.10242
v 0.06766 0.10801 0.09027
v 0.06807 0.09329 0.08990
v 0.07695 0.10844 0.07368
v 0.05860 0.08468 0.10021
v 0.07683 0.08888 0.07190
v 0.08492 0.10416 0.04835
v 0.08084 0.07744 0.05626
v 0.07654 0.06650 0.06542
v 0.08500 0.07793 0.03708
v 0.08398 0.05958 0.03542
v 0.08820 0.09916 0.02521
v 0.08716 0.08188 0.01985
v 0.08871 0.11918 0.02387
v 0.08511 0.12722 0.04362
v 0.07974 0.05710 0.05157
v 0.08521 0.13844 0.03117
v 0.08286 0.11933 0.05652
v 0.08725 0.06235 0.01636
v 0.06866 0.07371 0.08488
v 0.08756 0.13613 0.01086
v 0.08872 0.12241 -0.00227
v 0.07997 0.14842 0.03790
v 0.07775 0.13830 0.05967
v 0.08835 0.09983 0.00530
v 0.07333 0.14903 0.05809
v 0.07168 0.12394 0.08049
v 0.08233 0.15039 0.01733
v 0.08496 0.05224 0.02114
v 0.08682 0.05106 0.00055
v 0.07948 0.03963 0.00861
v 0.08065 0.04292 0.02647
v 0.08090 0.03460 -0.00630
v 0.08617 0.04744 -0.00983
v 0.08785 0.05384 -0.01846
v 0.08885 0.05761 -0.00072
v 0.08046 0.04692 0.03853
v 0.07198 0.05589 0.06991
v 0.06098 0.07249 0.09558
v 0.07308 0.03255 0.03887
v 0.07336 0.04183 0.05325
v 0.06249 0.13638 0.08697
v 0.08766 0.07456 0.00257
v 0.07745 0.12796 0.06737
v 0.06387 0.05782 0.08548
v 0.06350 0.04011 0.07191
v 0.05561 0.05428 0.09400
v 0.05645 0.03735 0.08311
v 0.05291 0.03534 0.08863
v 0.05754 0.02954 0.07870
v 0.05839 0.01690 0.07734
v 0.06124 0.01947 0.07202
v 0.06535 0.00509 0.06611
v 0.06555 0.00713 0.06332
v 0.06837 -0.01196 0.05622
v 0.05288 0.01534 0.08805
v 0.05592 0.00583 0.07893
v 0.06007 -0.00713 0.06515
v 0.04843 0.02945 0.09327
v 0.04482 0.05104 0.10202
v 0.05514 0.00058 0.08630
v 0.05766 0.03209 0.07493
v -0.02890 -0.00457 0.10439
v -0.03062 0.00328 0.10159
v -0.02122 0.00392 0.10368
v -0.01721 0.01560 0.10419
v -0.03281 0.01096 0.09963
v -0.03779 -0.00051 0.09934
v 0.03482 0.05328 0.11157
v 0.03754 0.05920 0.11200
v 0.03318 0.05583 0.11730
v 0.03601 0.06146 0.11554
v 0.04107 0.06427 0.10843
v 0.03244 0.06013 0.11988
v 0.02717 0.04930 0.11464
v 0.03645 0.05760 0.10939
v 0.03290 0.04569 0.10868
v 0.04482 0.05104 0.10202
v 0.03729 0.03362 0.10246
v 0.04843 0.02945 0.09327
v 0.05044 0.07632 0.10541
v 0.05561 0.05428 0.09400
v 0.06098 0.07249 0.09558
v 0.05291 0.03534 0.08863
v 0.05860 0.08468 0.10021
v 0.05309 0.09511 0.10559
v 0.04009 0.01715 0.09873
v 0.05288 0.01534 0.08805
v 0.05875 0.10122 0.10092
v 0.02850 0.02055 0.10669
v 0.04284 0.08942 0.11096
v 0.04897 -0.00445 0.09276
v 0.03259 0.00312 0.10482
v 0.05514 0.00058 0.08630
v 0.02420 -0.01469 0.11250
v 0.05390 0.11778 0.10242
v 0.02179 0.01538 0.11063
v 0.04118 0.10827 0.11192
v 0.03378 0.07514 0.11319
v 0.02448 0.03707 0.10882
v 0.02345 0.02747 0.10897
v 0.03278 0.06564 0.11226
v 0.02821 0.09256 0.11737
v 0.03574 0.12724 0.11152
v 0.02030 0.11211 0.11950
v 0.02536 0.12364 0.11691
v 0.01054 0.09537 0.12242
v 0.05037 0.13384 0.09990
v 0.06225 0.11945 0.09442
v 0.03653 0.14021 0.10624
v 0.06249 0.13638 0.08697
v 0.01938 0.14057 0.11302
v 0.01092 0.12811 0.11923
v 0.04012 0.14998 0.09845
v 0.05417 0.14583 0.08969
v 0.02543 0.15413 0.10354
v 0.00793 0.15490 0.10807
v 0.04556 0.15779 0.08780
v 0.06773 0.14264 0.07515
v 0.07168 0.12394 0.08049
v 0.07745 0.12796 0.06737
v 0.05319 0.16060 0.07704
v 0.07333 0.14903 0.05809
v 0.07775 0.13830 0.05967
v 0.06234 0.16270 0.06019
v 0.05284 0.00172 0.03490
v 0.05205 -0.00113 0.01692
v 0.05271 -0.00505 0.04502
v 0.05305 0.00990 0.05048
v 0.05479 -0.00866 0.05417
v 0.04775 -0.00856 0.00771
v 0.05325 0.00994 0.01136
v 0.05524 0.00858 0.02383
v 0.04956 0.00320 0.00238
v 0.05137 -0.00785 0.06989
v 0.04848 0.01078 0.06815
v 0.05387 0.01750 0.05056
v 0.05666 0.01230 0.03579
v 0.04888 0.02179 0.06577
v 0.04423 -0.00064 0.08353
v 0.04394 0.01999 0.07653
v 0.04713 0.02999 0.07199
v 0.06008 0.02702 0.04868
v 0.05226 0.02906 0.06723
v 0.05776 0.03915 0.07011
v 0.06853 0.05134 0.06229
v 0.07583 0.04981 0.04076
v 0.07401 0.06065 0.05614
v 0.07847 0.06700 0.04278
v 0.07313 0.07459 0.06445
v 0.07728 0.08444 0.05392
v 0.08105 0.08664 0.03621
v 0.08186 0.07462 0.02389
v 0.08370 0.10180 0.02454
v 0.08312 0.08767 0.01276
v 0.08446 0.11006 0.00430
v 0.08201 0.08564 -0.00572
v 0.08079 0.09929 -0.01941
v 0.08303 0.07109 0.01141
v 0.08192 0.06174 0.02142
v 0.07783 0.08330 -0.03209
v 0.08065 0.07244 -0.02083
v 0.08345 0.06773 -0.00336
v 0.08405 0.05941 0.00176
v 0.08280 0.06021 -0.02121
v 0.08407 0.05704 -0.01496
v 0.08158 0.04921 -0.03035
v 0.08405 0.12711 0.01779
v 0.08425 0.12717 0.00237
v 0.08301 0.11972 -0.01268
v 0.08263 0.13168 -0.01157
v 0.07965 0.13483 -0.02977
v 0.07847 0.12674 -0.04087
v 0.07811 0.10508 -0.03683
v 0.08313 0.11960 0.03355
v 0.08175 0.10100 0.04009
v 0.07661 0.11867 -0.05084
v 0.08048 0.13306 0.03767
v 0.08094 0.13925 0.02538
v 0.07454 0.10344 -0.05524
v 0.07455 0.08921 -0.04725
v 0.07484 0.07743 -0.04263
v 0.07922 0.05734 0.03432
v 0.07796 0.11231 0.05730
v 0.07446 0.09754 0.06774
v 0.07783 0.06101 -0.03828
v 0.07845 0.12612 0.05192
v 0.07865 0.04897 -0.04633
v 0.07991 0.03771 -0.04344
v 0.07679 0.03636 -0.05802
v 0.07282 0.12086 -0.06391
v 0.07179 0.10480 -0.06855
v 0.06957 0.08874 -0.06782
v 0.07053 0.07933 -0.05939
v 0.07201 0.06704 -0.05686
v 0.07415 0.04718 -0.06345
v 0.07627 0.14120 -0.03848
v 0.07525 0.02519 -0.05434
v 0.06952 0.09064 0.07766
v 0.07279 0.13287 -0.05756
v 0.07317 0.12440 0.06759
v 0.07044 0.10871 0.07679
v 0.07414 0.14117 0.05160
v 0.06779 0.10213 -0.07911
v 0.06193 0.08471 -0.08874
v 0.07563 0.14936 0.03295
v 0.05983 0.06747 -0.08141
v 0.06628 0.07519 -0.06849
v 0.05609 0.06346 -0.08939
v 0.06856 0.06842 0.07308
v 0.06962 0.07027 -0.06188
v 0.07022 0.05541 -0.06656
v 0.06995 0.02389 -0.06781
v 0.06995 0.03862 -0.07263
v 0.05700 0.05718 -0.07834
v 0.06338 0.06830 -0.06978
v 0.06478 0.11826 -0.08108
v 0.06654 0.12959 -0.07188
v 0.06895 0.13371 0.07052
v 0.06129 0.09923 -0.09039
v 0.06222 0.07055 0.08545
v 0.06308 0.09036 0.08878
v 0.06202 0.05782 0.07969
v 0.06453 0.12343 0.08271
v 0.04931 0.04769 -0.08716
v 0.05427 0.07297 -0.09671
v 0.06189 0.10902 0.09033
v 0.05766 0.08696 -0.09528
v 0.06271 0.03129 -0.08154
v 0.06975 0.14447 -0.05280
v 0.07068 0.03657 0.03560
v 0.06131 0.14560 -0.06640
v 0.05324 0.04161 0.08087
v 0.05466 0.06128 0.09146
v 0.05636 0.10021 0.09689
v 0.06091 0.15318 -0.05799
v 0.05777 0.12555 -0.08555
v 0.05309 0.08432 0.09868
v 0.05836 0.11157 -0.09083
v 0.04877 0.05507 -0.09286
v 0.05254 0.14055 -0.08003
v 0.04729 0.06196 0.09830
v 0.04649 0.05140 0.09384
v 0.04187 0.04463 -0.09189
v 0.04108 0.05988 0.10167
v -0.06037 -0.00821 -0.00271
v -0.05929 0.00236 -0.00095
v -0.07261 0.00948 -0.00577
v -0.07129 0.01970 -0.00094
v -0.05904 0.01217 0.00422
v -0.06761 0.02305 0.00592
v -0.07624 0.03104 0.00089
v -0.07935 0.02743 -0.00872
v -0.05242 0.00011 0.00313
v -0.07297 0.00401 -0.01065
v -0.06800 -0.00972 -0.00558
v -0.08315 0.04344 0.00161
v 0.02636 0.07437 -0.11176
v 0.01094 0.05746 -0.11307
v 0.01221 0.07472 -0.11465
v 0.00293 0.05822 -0.11392
v 0.03500 0.08004 -0.11119
v 0.01383 0.08976 -0.11453
v 0.03534 0.09078 -0.11159
v 0.00583 0.03548 -0.11306
v -0.00514 0.03738 -0.11314
v -0.01058 0.07224 -0.11446
v 0.00041 0.08591 -0.11439
v -0.01811 0.09120 -0.11430
v -0.00108 0.02266 -0.11361
v 0.02387 0.10178 -0.11201
v -0.00102 0.10574 -0.11167
v -0.01083 0.05372 -0.11236
v 0.00864 0.02741 -0.11408
v 0.00535 0.00800 -0.11516
v -0.00670 0.01216 -0.11569
v -0.00740 0.02403 -0.11481
v -0.00777 -0.00285 -0.11386
v 0.00271 -0.00387 -0.11432
v -0.01320 0.03294 -0.11192
v -0.01880 0.10706 -0.11116
v -0.03420 0.09461 -0.11147
v 0.01029 -0.00871 -0.11201
v 0.01710 0.00194 -0.11140
v 0.04118 0.10663 -0.10730
v 0.01554 0.03990 -0.11013
v 0.04858 0.07916 -0.10704
v 0.01522 0.01671 -0.11170
v 0.01287 0.12507 -0.10527
v -0.01570 0.12127 -0.10670
v -0.03272 0.11679 -0.10630
v 0.03710 0.12479 -0.10233
v 0.04976 0.09541 -0.10613
v 0.04739 0.06573 -0.10455
v -0.04538 0.10125 -0.10702
v -0.02336 0.13508 -0.09992
v 0.00362 0.14273 -0.09663
v -0.03931 0.13283 -0.09789
v 0.01884 0.14126 -0.09693
v 0.03361 0.14058 -0.09503
v 0.05124 0.12013 -0.09845
v 0.04027 0.06042 -0.10274
v 0.03645 0.07336 -0.10836
v 0.02861 0.00420 -0.10473
v 0.04689 0.05166 -0.09821
v 0.03962 0.04587 -0.09821
v 0.04031 0.03893 -0.09644
v 0.03125 0.03955 -0.09865
v 0.03368 0.05250 -0.09842
v 0.02769 0.05455 -0.09807
v 0.04076 0.02255 -0.09777
v 0.04869 0.03381 -0.09509
v 0.05262 0.02275 -0.09339
v 0.04488 0.00615 -0.09456
v 0.02947 0.02249 -0.10260
v 0.05185 0.04369 -0.09118
v 0.06273 0.03562 -0.08757
v 0.01713 0.05353 -0.10908
v 0.02281 0.06601 -0.10985
v 0.05848 0.10109 -0.09954
v 0.02505 0.04189 -0.10226
v 0.05241 0.06347 -0.10110
v 0.05868 0.07936 -0.09991
v 0.04643 0.14302 -0.08857
v 0.03021 0.06418 -0.10205
v 0.06420 0.12082 -0.08830
v 0.05831 0.13213 -0.08791
v 0.02387 0.05365 -0.10161
v 0.05233 0.05132 -0.09438
v 0.02527 0.06040 -0.10264
v -0.01242 0.15015 -0.09133
v 0.05653 0.14477 -0.08051
v 0.06582 0.10266 -0.09170
v 0.02888 0.06905 -0.10664
v 0.06682 0.08887 -0.09052
v 0.05838 0.06009 -0.09322
v 0.06314 0.07143 -0.09157
v 0.04792 0.15926 -0.07263
v 0.03612 0.15636 -0.08193
v 0.05642 0.04914 -0.08737
v 0.04714 -0.00547 -0.03275
v 0.05580 -0.00026 -0.03293
v 0.05481 0.00831 -0.02978
v 0.05957 0.01327 -0.02989
v 0.06128 0.00345 -0.03358
v 0.06397 0.01426 -0.03110
v 0.00187 -0.00159 -0.08969
v 0.01318 -0.00105 -0.08752
v 0.02033 -0.00328 -0.08628
v -0.01115 0.00214 -0.08528
v -0.01725 0.00046 -0.08580
v 0.02914 0.00878 -0.06725
v 0.02985 -0.00143 -0.07594
v 0.03627 0.00563 -0.06369
v 0.00564 0.00510 -0.07984
v 0.01814 0.01144 -0.06705
v 0.03765 0.01260 -0.05721
v 0.02737 0.01366 -0.05718
v -0.02145 0.00780 -0.07357
v -0.01703 0.01272 -0.06229
v 0.00991 0.01304 -0.06171
v -0.03073 0.01229 -0.06094
v -0.03131 0.00513 -0.06890
v -0.03660 0.01112 -0.05805
v -0.03457 0.01296 -0.05645
v -0.02784 -0.00146 -0.07786
v -0.03766 0.01173 -0.05443
v -0.05736 0.00338 -0.05261
v -0.05096 -0.00565 -0.07335
v -0.06167 0.00423 -0.05778
v -0.06969 0.01234 -0.04486
v -0.06232 0.00852 -0.04083
v -0.07025 0.01393 -0.03428
v -0.05043 -0.00131 -0.05169
v -0.06314 0.00557 -0.06799
v -0.07311 0.01393 -0.05806
v -0.07867 0.02179 -0.04765
v -0.07788 0.02201 -0.03700
v 0.00161 0.01291 -0.05437
v -0.00617 0.00797 -0.03809
v -0.01973 0.01078 -0.04658
v 0.01863 0.00986 -0.04510
v 0.03451 0.01241 -0.05261
v -0.02489 0.01333 -0.05344
v 0.00957 0.00406 -0.02875
v 0.00748 0.00072 -0.01964
v -0.00379 0.00045 -0.01916
v -0.01783 0.00170 -0.02728
v -0.01139 -0.00116 -0.01664
v -0.03351 0.01119 -0.05144
v 0.01794 0.00092 -0.02508
v 0.02529 0.00423 -0.03846
v 0.00793 0.00005 -0.01070
v 0.03416 0.00836 -0.04824
v -0.00134 0.00073 -0.00893
v -0.00813 -0.00076 -0.00415
v 0.03013 0.00059 -0.03608
v -0.02810 0.00321 -0.04061
v -0.02649 -0.00003 -0.03135
v 0.00555 0.00201 0.00144
v -0.00035 0.00268 0.00599
v 0.00282 0.00076 0.00878
v -0.00161 0.00006 0.00986
v -0.00476 0.00152 0.00379
v 0.03408 0.00075 -0.04407
v -0.03522 0.00529 -0.04800
v -0.03324 -0.00337 -0.03924
v 0.03408 0.00075 -0.04407
v 0.04062 -0.00392 -0.05094
v 0.03827 0.00556 -0.05020
v 0.03416 0.00836 -0.04824
v 0.02529 0.00423 -0.03846
v 0.04013 0.00984 -0.05411
v 0.03955 -0.00074 -0.05607
v 0.03451 0.01241 -0.05261
v 0.00760 -0.00216 -0.00051
v 0.00282 0.00076 0.00878
v 0.00555 0.00201 0.00144
v 0.03765 0.01260 -0.05721
v 0.01863 0.00986 -0.04510
v 0.02985 -0.00143 -0.07594
v 0.03880 0.00273 -0.06042
v 0.03627 0.00563 -0.06369
v 0.04013 0.00984 -0.05411
v 0.03765 0.01260 -0.05721
v 0.03955 -0.00074 -0.05607
v 0.04540 0.00712 -0.03957
v 0.05178 0.01348 -0.03455
v 0.04993 0.01598 -0.04404
v 0.04312 0.00694 -0.04572
v 0.04550 0.01370 -0.05110
v 0.05542 0.01982 -0.03810
v 0.03915 -0.00074 -0.03996
v 0.04642 0.00284 -0.03322
v 0.05768 0.01782 -0.03300
v 0.05481 0.00831 -0.02978
v 0.05957 0.01327 -0.02989
v 0.05873 0.02123 -0.03918
v 0.05349 0.01786 -0.04565
v 0.04818 0.01477 -0.05147
v 0.04245 0.01327 -0.05986
v 0.06150 0.01915 -0.03475
v 0.04714 -0.00547 -0.03275
v 0.05285 0.01360 -0.05145
v 0.06564 0.01638 -0.03904
v 0.06150 0.01915 -0.03475
v 0.06397 0.01426 -0.03110
v 0.05957 0.01327 -0.02989
v 0.02049 0.00032 0.08446
v 0.00861 0.01430 0.08962
v 0.01669 0.01397 0.08787
v 0.03147 0.00477 0.08608
v 0.00881 -0.00201 0.08961
v 0.03767 0.00587 0.08761
v 0.02896 0.02429 0.09113
v 0.04423 -0.00064 0.08353
v 0.03516 0.02479 0.08600
v 0.00664 0.00928 0.09114
v 0.00222 0.00777 0.09463
v 0.04394 0.01999 0.07653
v 0.04713 0.02999 0.07199
v 0.03957 0.04135 0.08506
v 0.02773 0.03819 0.09408
v 0.00426 0.01360 0.09368
v 0.01340 0.02552 0.09300
v 0.04781 0.04033 0.07694
v 0.03895 0.05133 0.08907
v 0.05226 0.02906 0.06723
v 0.04888 0.02179 0.06577
v 0.00081 -0.00093 0.09284
v -0.00094 0.00877 0.09478
v -0.00631 -0.00346 0.09034
v -0.00123 0.01254 0.09437
v -0.01197 0.00223 0.08914
v 0.01476 0.03802 0.09787
v 0.00236 0.02130 0.09317
v 0.02856 0.05238 0.09524
v 0.02510 0.06213 0.09821
v 0.01575 0.05635 0.10208
v 0.00094 0.03121 0.09485
v -0.00620 0.02152 0.09019
v -0.01590 0.02821 0.08933
v -0.02462 0.00944 0.08271
v -0.02911 0.01857 0.08114
v -0.01719 0.04293 0.09105
v -0.03730 -0.00952 0.07699
v -0.02044 -0.00295 0.08318
v -0.00895 0.01171 0.08729
v -0.00784 0.04460 0.09699
v -0.01190 0.00450 0.08569
v -0.00156 0.05594 0.10232
v -0.00661 0.06014 0.10024
v -0.01468 0.06097 0.09577
v -0.02756 0.04375 0.08266
v -0.00354 0.06648 0.10304
v -0.02843 0.03454 0.07994
v -0.03495 0.03175 0.07485
v -0.00216 0.06344 0.10727
v -0.03444 0.02046 0.07466
v -0.00013 0.06130 0.10844
v 0.00431 0.05826 0.10451
v 0.00397 0.06480 0.10776
v 0.00166 0.06478 0.11074
v 0.00847 0.05088 0.10033
v 0.01585 0.06680 0.10477
v 0.00847 0.05088 0.10033
v 0.00431 0.05826 0.10451
v 0.01575 0.05635 0.10208
v 0.00397 0.06480 0.10776
v 0.01585 0.06680 0.10477
v 0.03666 0.05742 0.09585
v 0.02510 0.06213 0.09821
v 0.02457 0.06793 0.10620
v 0.03895 0.05133 0.08907
v 0.04892 0.04457 0.08188
v 0.04781 0.04033 0.07694
v 0.01585 0.06680 0.10477
v 0.05324 0.04161 0.08087
v 0.05226 0.02906 0.06723
v 0.01835 0.06971 0.11127
v 0.03028 0.06939 0.10791
v 0.03206 0.06419 0.10544
v 0.01114 0.06774 0.10899
v 0.00397 0.06480 0.10776
v 0.04108 0.05988 0.10167
v 0.04649 0.05140 0.09384
v 0.00166 0.06478 0.11074
v 0.00939 0.06655 0.11233
v 0.00216 0.06664 0.11432
v -0.00512 0.06513 0.11291
v -0.00216 0.06344 0.10727
v -0.00386 0.06686 0.10911
v -0.00798 0.06685 0.11121
v -0.00512 0.06513 0.11291
v -0.01007 0.06732 0.10293
v -0.00354 0.06648 0.10304
v -0.01348 0.06463 0.10914
v -0.01669 0.06395 0.10373
v -0.02290 0.06075 0.10532
v -0.01144 0.06918 0.11279
v -0.02883 0.04785 0.08655
v -0.03961 0.03532 0.07839
v -0.03387 0.04892 0.09220
v -0.02228 0.05938 0.09792
v -0.03159 0.05577 0.10180
v -0.04301 0.03894 0.08779
v -0.04903 0.02711 0.07419
v -0.01468 0.06097 0.09577
v -0.04390 0.02416 0.06973
v -0.02756 0.04375 0.08266
v -0.04706 0.02158 0.06641
v -0.03495 0.03175 0.07485
v -0.04328 0.01477 0.05973
v -0.04020 0.01836 0.06737
v -0.05063 0.01791 0.05721
v -0.04632 0.00939 0.04981
v -0.05153 0.01019 0.04810
v -0.05107 0.02804 0.07175
v -0.04521 0.00286 0.04825
v -0.00354 0.06648 0.10304
v -0.00386 0.06686 0.10911
v -0.00216 0.06344 0.10727
v -0.00512 0.06513 0.11291
v -0.01104 0.00124 0.09536
v -0.00784 -0.00646 0.09420
v 0.00075 0.00554 0.09835
v -0.00216 0.00912 0.09870
v 0.00091 -0.00546 0.09700
v 0.00659 0.00853 0.09717
v 0.00229 0.00839 0.09730
v 0.00505 0.01412 0.09591
v 0.00850 0.01620 0.09480
v 0.00264 0.01874 0.09529
v 0.00688 0.02107 0.09640
v 0.01293 0.02314 0.09708
v 0.02044 0.00573 0.08988
v 0.02337 0.01932 0.09455
v 0.02818 0.01193 0.09210
v 0.02847 -0.00007 0.08916
v 0.01806 -0.00767 0.08945
v 0.01105 0.00494 0.09392
v 0.03422 0.00115 0.09161
v 0.00693 0.02544 0.09898
v 0.01093 0.02687 0.09954
v 0.01896 0.02935 0.09994
v 0.02623 0.02550 0.09801
v 0.03192 0.01356 0.09427
v 0.01244 0.02986 0.10112
v 0.02426 -0.00412 0.10241
v 0.03158 0.00051 0.09589
v 0.02598 0.01370 0.09954
v 0.01881 0.01826 0.10408
v 0.02157 0.02409 0.10165
v 0.01997 -0.00770 0.10645
v 0.03192 0.01356 0.09427
v 0.02623 0.02550 0.09801
v 0.01561 0.02416 0.10703
v 0.03422 0.00115 0.09161
v 0.01896 0.02935 0.09994
v 0.01535 0.02739 0.10375
v 0.01243 0.02436 0.10789
v 0.01244 0.02986 0.10112
v -0.01080 0.07542 0.12010
v 0.00004 0.08568 0.12327
v -0.01631 0.09370 0.12139
v -0.00250 0.07196 0.12073
v -0.00885 0.10218 0.12282
v -0.03075 0.09079 0.11665
v -0.02737 0.07365 0.11506
v -0.04059 0.08043 0.11157
v -0.04266 0.06665 0.10816
v -0.03467 0.06178 0.10961
v -0.01084 0.05921 0.11507
v -0.00253 0.05577 0.11685
v -0.02009 0.04468 0.10992
v -0.02313 0.06149 0.11149
v -0.02562 0.04968 0.10738
v -0.03825 0.05206 0.10390
v -0.04713 0.05804 0.10332
v -0.03778 0.04229 0.09950
v -0.05058 0.07462 0.10522
v -0.04419 0.09669 0.11094
v -0.02604 0.10765 0.11828
v -0.03173 0.03290 0.10284
v -0.02078 0.03030 0.10544
v -0.03663 0.01532 0.09807
v -0.03911 0.02986 0.09764
v -0.04220 0.01449 0.09557
v -0.04738 0.00434 0.09230
v -0.04424 -0.00125 0.09191
v -0.05649 -0.00351 0.08550
v -0.00338 0.04629 0.11254
v 0.00646 0.04124 0.11225
v -0.00609 0.02739 0.10698
v 0.00987 0.03143 0.11019
v 0.00260 0.02164 0.10764
v 0.01645 0.04045 0.11310
v 0.00787 0.05614 0.11584
v 0.02289 0.05325 0.11797
v -0.01721 0.01560 0.10419
v -0.03281 0.01096 0.09963
v -0.01264 0.00638 0.10385
v 0.01201 0.04985 0.11437
v -0.04705 0.03814 0.09246
v -0.05013 0.04922 0.09679
v -0.04459 0.03250 0.09191
v -0.05448 0.09332 0.10463
v -0.04980 0.00654 0.09104
v -0.04417 0.11032 0.11025
v -0.03351 0.11951 0.11445
v -0.01691 0.12170 0.11929
v -0.02122 0.00392 0.10368
v -0.01874 -0.00237 0.10333
v 0.01243 0.02436 0.10789
v 0.01801 0.02528 0.10910
v 0.00293 0.11206 0.12243
v -0.00089 0.12422 0.12090
v 0.02300 0.05856 0.11711
v 0.02955 0.06225 0.11852
v 0.03244 0.06013 0.11988
v 0.01894 0.05997 0.11509
v 0.01749 0.06378 0.11539
v 0.01456 0.07456 0.11888
v 0.02621 0.06701 0.11393
v 0.01054 0.09537 0.12242
v 0.00249 0.01784 0.10587
v -0.00916 0.13459 0.11745
v 0.01611 0.03230 0.10924
v 0.02345 0.02747 0.10897
v 0.02448 0.03707 0.10882
v 0.02179 0.01538 0.11063
v -0.04273 0.12263 0.10872
v -0.05693 0.11158 0.10137
v -0.03258 0.13259 0.11118
v 0.01092 0.12811 0.11923
v -0.01603 0.14311 0.11287
v 0.02030 0.11211 0.11950
v 0.02821 0.09256 0.11737
v 0.00067 0.14037 0.11592
v 0.03378 0.07514 0.11319
v 0.03278 0.06564 0.11226
v 0.02536 0.12364 0.11691
v 0.03318 0.05583 0.11730
v -0.02821 0.14532 0.10765
v -0.04545 0.13578 0.10248
v -0.05731 0.12642 0.09714
v 0.02717 0.04930 0.11464
v -0.00374 0.15424 0.10899
v 0.01938 0.14057 0.11302
v -0.01521 0.15597 0.10571
v -0.04486 0.14768 0.09625
v 0.00793 0.15490 0.10807
v -0.06025 0.13791 0.08873
v -0.02956 0.15623 0.09976
v 0.01785 0.02142 0.10756
v 0.02020 0.00590 0.11001
v 0.01561 0.02416 0.10703
v 0.02174 -0.00359 0.11196
v -0.01900 0.16435 0.09759
v -0.05946 0.14850 0.08174
v -0.03948 0.16214 0.08805
v -0.05058 0.15847 0.08219
v -0.00115 0.16647 0.09895
v -0.02642 0.17491 0.08227
v 0.01645 0.16863 0.09451
v -0.01213 0.17824 0.08400
v 0.02543 0.15413 0.10354
v 0.00771 0.17668 0.08766
v 0.03290 0.04569 0.10868
v 0.03729 0.03362 0.10246
v 0.03482 0.05328 0.11157
v 0.03255 0.16569 0.08992
v -0.04280 0.17757 0.06348
v -0.05468 0.16499 0.06867
v 0.00241 0.18438 0.07704
v -0.02703 0.18514 0.06454
v -0.00829 0.18705 0.07090
v 0.01997 -0.00770 0.10645
v 0.01902 0.00937 0.10686
v 0.01881 0.01826 0.10408
v 0.01785 0.02142 0.10756
v 0.02020 0.00590 0.11001
v 0.01561 0.02416 0.10703
v 0.03601 0.06146 0.11554
v 0.03278 0.06564 0.11226
v 0.02955 0.06225 0.11852
v 0.02621 0.06701 0.11393
v 0.03244 0.06013 0.11988
v 0.04107 0.06427 0.10843
v 0.00426 0.01360 0.09368
v 0.00505 0.01412 0.09591
v 0.00264 0.01874 0.09529
v 0.00236 0.02130 0.09317
v 0.00222 0.00777 0.09463
v 0.00229 0.00839 0.09730
v 0.00222 0.00777 0.09463
v -0.00216 0.00912 0.09870
v 0.00229 0.00839 0.09730
v -0.00094 0.00877 0.09478
v -0.04029 -0.00144 0.07230
v -0.04428 0.00463 0.06352
v -0.04020 0.01836 0.06737
v -0.03444 0.02046 0.07466
v -0.02911 0.01857 0.08114
v -0.02843 0.03454 0.07994
v -0.03730 -0.00952 0.07699
v -0.01719 0.04293 0.09105
v -0.03495 0.03175 0.07485
v -0.04993 -0.01132 0.05616
v -0.04405 0.00713 0.05681
v -0.04328 0.01477 0.05973
v -0.04521 0.00286 0.04825
v -0.04802 -0.00842 0.04790
v -0.04632 0.00939 0.04981
v -0.02044 -0.00295 0.08318
v -0.01197 0.00223 0.08914
v -0.01190 0.00450 0.08569
v -0.00572 0.01133 0.09097
v -0.00895 0.01171 0.08729
v 0.00236 0.02130 0.09317
v 0.00264 0.01874 0.09529
v -0.00123 0.01254 0.09437
v 0.00432 0.01918 0.09864
v -0.00034 0.01200 0.09732
v -0.00094 0.00877 0.09478
v 0.00688 0.02107 0.09640
v -0.04390 0.02416 0.06973
v 0.00693 0.02544 0.09898
v 0.01034 0.02521 0.10163
v 0.01093 0.02687 0.09954
v 0.01244 0.02986 0.10112
v 0.01535 0.02739 0.10375
v -0.00500 0.00945 0.10265
v -0.01264 0.00638 0.10385
v -0.01184 0.00108 0.10037
v 0.00249 0.01784 0.10587
v -0.01874 -0.00237 0.10333
v 0.00745 0.01969 0.10302
v -0.00216 0.00912 0.09870
v 0.01243 0.02436 0.10789
v -0.00034 0.01200 0.09732
v 0.00432 0.01918 0.09864
v -0.01104 0.00124 0.09536
v 0.01535 0.02739 0.10375
v -0.01591 -0.00110 0.09645
v -0.00094 0.00877 0.09478
v 0.01034 0.02521 0.10163
v -0.07025 0.01393 -0.03428
v -0.07225 0.01754 -0.02448
v -0.07503 0.02565 -0.02638
v -0.07895 0.03063 -0.01509
v -0.08221 0.04146 -0.02125
v -0.08408 0.04214 -0.01052
v -0.08735 0.05100 -0.01754
v -0.07935 0.02743 -0.00872
v -0.07386 0.01095 -0.01471
v -0.07297 0.00401 -0.01065
v -0.06707 -0.00929 -0.02032
v -0.06877 0.00430 -0.02899
v -0.06496 0.00123 -0.03732
v -0.08804 0.05290 -0.00302
v -0.08885 0.05589 -0.01712
v -0.08568 0.04714 -0.03536
v -0.08501 0.04489 -0.02907
v -0.08305 0.03142 -0.03901
v -0.08347 0.03244 -0.04767
v -0.07867 0.02179 -0.04765
v -0.08161 0.03205 -0.05749
v -0.07465 0.01879 -0.06508
v -0.07311 0.01393 -0.05806
v -0.07788 0.02201 -0.03700
v -0.08315 0.04344 0.00161
v -0.08609 0.05498 0.01696
v -0.08122 0.04342 0.02142
v -0.08104 0.04802 0.03793
v -0.07627 0.03848 0.03925
v -0.07935 0.02995 -0.03064
v -0.07161 0.02817 0.02445
v -0.07652 0.03600 0.00908
v -0.06685 0.02553 0.04460
v -0.06042 0.01284 0.04221
v -0.05787 0.00999 0.02042
v -0.05493 0.00282 0.03456
v -0.05173 -0.00325 0.02032
v -0.05286 -0.00247 0.03806
v -0.05535 0.00319 0.04313
v -0.07624 0.03104 0.00089
v -0.05386 0.00492 0.00898
v -0.05242 0.00011 0.00313
v -0.05904 0.01217 0.00422
v -0.06507 0.02174 0.01205
v -0.06761 0.02305 0.00592
v -0.05818 0.00723 0.04316
v -0.05946 0.01062 0.05193
v -0.05560 0.00153 0.04616
v -0.06314 0.00557 -0.06799
v -0.08210 0.04370 -0.05470
v -0.06474 0.01328 -0.07716
v -0.05056 -0.00110 -0.08416
v -0.07638 0.03998 -0.07052
v -0.08378 0.06905 -0.02994
v -0.08007 0.05692 -0.05240
v -0.08743 0.07004 -0.00968
v -0.08507 0.08524 -0.01738
v -0.08229 0.08863 -0.03323
v -0.08676 0.10604 -0.01462
v -0.08124 0.10458 -0.04485
v -0.08611 0.12085 -0.02390
v -0.08709 0.08507 -0.00216
v -0.08879 0.10573 0.00308
v -0.08862 0.12722 -0.00180
v -0.08934 0.12136 0.01089
v -0.07818 0.07239 -0.04815
v -0.08214 0.12696 -0.04585
v -0.07858 0.11325 -0.06173
v -0.07490 0.09019 -0.06647
v -0.08867 0.06300 -0.00060
v -0.08590 0.13503 -0.01879
v -0.07249 0.07346 -0.06545
v -0.06673 0.07253 -0.08140
v -0.06951 0.08731 -0.08423
v -0.06277 0.06027 -0.07959
v -0.05993 0.06198 -0.09191
v -0.05626 0.04783 -0.08768
v -0.07411 0.11083 -0.07534
v -0.06330 0.07867 -0.09393
v -0.08130 0.13900 -0.04034
v -0.07794 0.13053 -0.05855
v -0.07693 0.05331 -0.06582
v -0.07393 0.06577 -0.06494
v -0.06571 0.09881 -0.09202
v -0.07167 0.12105 -0.07773
v -0.06058 0.08839 -0.09896
v -0.06232 0.00852 -0.04083
v -0.05690 0.00119 -0.04387
v -0.05043 -0.00131 -0.05169
v -0.06546 -0.00766 0.05332
v -0.06102 0.00428 0.04426
v -0.05946 0.01062 0.05193
v -0.06191 0.00254 0.06254
v -0.05831 0.01701 0.05676
v -0.06042 0.01284 0.04221
v -0.05818 0.00723 0.04316
v -0.05906 0.00131 0.03840
v -0.02784 -0.00146 -0.07786
v -0.03590 0.00154 -0.06478
v -0.03131 0.00513 -0.06890
v -0.03660 0.01112 -0.05805
v -0.03850 -0.00010 -0.05750
v -0.03855 0.00611 -0.05409
v -0.03766 0.01173 -0.05443
v -0.03901 -0.00177 -0.05045
v -0.03324 -0.00337 -0.03924
v -0.03901 -0.00177 -0.05045
v -0.03522 0.00529 -0.04800
v -0.03855 0.00611 -0.05409
v -0.03766 0.01173 -0.05443
v -0.00161 0.00006 0.00986
v -0.00476 0.00152 0.00379
v -0.00035 0.00268 0.00599
v -0.02618 0.00204 -0.02375
v -0.03454 0.00084 -0.03637
v -0.03991 0.00365 -0.04421
v -0.03421 0.01085 -0.04486
v -0.03879 0.01519 -0.05190
v -0.02678 0.00770 -0.03633
v -0.04424 0.01239 -0.05140
v -0.04288 0.00435 -0.04471
v -0.04411 -0.00481 -0.03472
v -0.05498 0.00901 -0.02995
v -0.04942 -0.00588 -0.03331
v -0.04582 0.00614 -0.03648
v -0.05144 0.01131 -0.03268
v -0.05936 0.00507 -0.03279
v -0.06118 0.01508 -0.03124
v -0.06588 0.01686 -0.03080
v -0.06339 0.00467 -0.03193
v -0.05715 -0.00752 -0.03682
v -0.06349 -0.00770 0.07396
v -0.05649 -0.00351 0.08550
v -0.06191 0.00254 0.06254
v -0.05723 0.01165 0.07334
v -0.05831 0.01701 0.05676
v -0.05487 0.02295 0.06965
v -0.06270 0.02796 0.05973
v -0.06685 0.02553 0.04460
v -0.07391 0.04519 0.05687
v -0.07627 0.03848 0.03925
v -0.08104 0.04802 0.03793
v -0.06139 0.03631 0.07248
v -0.06042 0.01284 0.04221
v -0.05041 0.02706 0.08253
v -0.08020 0.05501 0.04854
v -0.07764 0.06788 0.06267
v -0.08336 0.07268 0.04428
v -0.08270 0.09537 0.05602
v -0.08547 0.09228 0.04173
v -0.08653 0.10715 0.04181
v -0.08861 0.10255 0.02227
v -0.08826 0.12224 0.02903
v -0.08934 0.12136 0.01089
v -0.08464 0.12254 0.04913
v -0.08611 0.13444 0.03257
v -0.08291 0.13440 0.04771
v -0.08056 0.14454 0.04366
v -0.07774 0.14179 0.05582
v -0.07527 0.15646 0.03921
v -0.07978 0.12376 0.06373
v -0.07062 0.13895 0.07356
v -0.06758 0.15318 0.06499
v -0.05946 0.14850 0.08174
v -0.05468 0.16499 0.06867
v -0.05058 0.15847 0.08219
v -0.07462 0.12000 0.07655
v -0.06612 0.12142 0.08932
v -0.07171 0.10509 0.08412
v -0.06374 0.10045 0.09559
v -0.05693 0.11158 0.10137
v -0.05448 0.09332 0.10463
v -0.06090 0.08386 0.09773
v -0.05058 0.07462 0.10522
v -0.05731 0.12642 0.09714
v -0.05620 0.06601 0.09845
v -0.06504 0.06577 0.08726
v -0.05931 0.04740 0.08583
v -0.05013 0.04922 0.09679
v -0.04705 0.03814 0.09246
v -0.06858 0.08711 0.08832
v -0.07217 0.07047 0.07704
v -0.04713 0.05804 0.10332
v -0.04266 0.06665 0.10816
v -0.06025 0.13791 0.08873
v -0.07850 0.10306 0.07039
v -0.06885 0.15962 0.05201
v -0.06525 0.17028 0.03442
v -0.07922 0.15547 0.02154
v -0.07312 0.16565 0.00914
v -0.06527 0.17397 0.00623
v -0.07601 0.15929 -0.01728
v -0.06008 0.17725 -0.01219
v -0.05316 0.18395 0.00233
v -0.06906 0.16701 -0.02252
v -0.05432 0.18250 0.01997
v -0.04723 0.18508 0.03486
v -0.04344 0.18246 0.05178
v -0.03742 0.18943 0.03890
v -0.02795 0.19240 0.04350
v -0.02703 0.18514 0.06454
v -0.01391 0.19331 0.05426
v -0.04217 0.18987 0.02286
v -0.04280 0.17757 0.06348
v -0.03807 0.19228 0.00318
v -0.08174 0.15247 -0.00092
v -0.08337 0.14658 -0.01558
v -0.08700 0.13869 -0.00137
v -0.08590 0.13503 -0.01879
v -0.08862 0.12722 -0.00180
v -0.07878 0.14818 -0.03630
v -0.08130 0.13900 -0.04034
v -0.08564 0.14333 0.01180
v -0.05883 0.17079 0.05151
v -0.08315 0.14574 0.02765
v -0.08879 0.10573 0.00308
v -0.08753 0.08232 0.01225
v -0.08709 0.08507 -0.00216
v -0.08867 0.06300 -0.00060
v -0.08805 0.13489 0.01366
v -0.08351 0.11237 0.05544
v -0.08590 0.07567 0.02927
v -0.07623 0.08530 0.07278
v -0.04896 0.02169 0.08777
v -0.08389 0.05801 0.03512
v -0.05683 0.00311 0.08091
v -0.04459 0.03250 0.09191
v -0.03911 0.02986 0.09764
v -0.03778 0.04229 0.09950
v -0.08609 0.05498 0.01696
v -0.08804 0.05290 -0.00302
v -0.08885 0.05589 -0.01712
v -0.07099 0.05318 0.07038
v -0.04843 0.01260 0.08930
v -0.04220 0.01449 0.09557
v -0.04980 0.00654 0.09104
v -0.08270 0.09537 0.05602
v -0.07850 0.10306 0.07039
v -0.08351 0.11237 0.05544
v -0.07623 0.08530 0.07278
v -0.07764 0.06788 0.06267
v -0.07217 0.07047 0.07704
v -0.07623 0.08530 0.07278
v -0.07099 0.05318 0.07038
v -0.08862 0.12722 -0.00180
v -0.08934 0.12136 0.01089
v -0.08805 0.13489 0.01366
v -0.06139 0.03631 0.07248
v -0.05931 0.04740 0.08583
v -0.07099 0.05318 0.07038
v -0.05634 0.03373 0.07986
v -0.05487 0.02295 0.06965
v -0.05041 0.02706 0.08253
v -0.04705 0.03814 0.09246
v -0.04459 0.03250 0.09191
v -0.05883 0.17079 0.05151
v -0.05468 0.16499 0.06867
v -0.04280 0.17757 0.06348
v -0.05906 0.00131 0.03840
v -0.05735 0.00048 0.04022
v -0.05535 0.00319 0.04313
v -0.05818 0.00723 0.04316
v -0.05560 0.00153 0.04616
vt 0.961618 0.166749
vt 0.964877 0.167044
vt 0.966165 0.163483
vt 0.963832 0.162078
vt 0.969713 0.161290
vt 0.960589 0.163111
vt 0.966342 0.160721
vt 0.969266 0.157944
vt 0.973388 0.155581
vt 0.962712 0.161014
vt 0.965193 0.159511
vt 0.967153 0.165400
vt 0.968956 0.155128
vt 0.973362 0.153069
vt 0.977397 0.154877
vt 0.978215 0.157291
vt 0.974186 0.157895
vt 0.968832 0.152575
vt 0.961397 0.159254
vt 0.982183 0.157099
vt 0.981505 0.160975
vt 0.984555 0.159973
vt 0.976284 0.161103
vt 0.978770 0.167198
vt 0.982044 0.165507
vt 0.985023 0.162763
vt 0.964270 0.152909
vt 0.963324 0.155798
vt 0.959926 0.154137
vt 0.971699 0.162583
vt 0.961673 0.157362
vt 0.975652 0.166748
vt 0.972994 0.165960
vt 0.975471 0.171861
vt 0.978768 0.172335
vt 0.977230 0.174928
vt 0.972634 0.173485
vt 0.981879 0.174959
vt 0.983696 0.170436
vt 0.971275 0.169035
vt 0.972487 0.170325
vt 0.969439 0.171034
vt 0.957411 0.156000
vt 0.956277 0.153069
vt 0.956077 0.158606
vt 0.951504 0.156854
vt 0.951659 0.159026
vt 0.947060 0.158878
vt 0.965225 0.170036
vt 0.968115 0.170596
vt 0.968118 0.166779
vt 0.970258 0.167054
vt 0.032500 0.018004
vt 0.034092 0.014473
vt 0.029196 0.013501
vt 0.032950 0.011983
vt 0.028322 0.018982
vt 0.037110 0.018562
vt 0.030016 0.021501
vt 0.036920 0.023208
vt 0.034793 0.027893
vt 0.029700 0.025120
vt 0.037887 0.026946
vt 0.041967 0.023135
vt 0.040852 0.029827
vt 0.044936 0.027581
vt 0.040379 0.015144
vt 0.037387 0.012384
vt 0.043326 0.018499
vt 0.045857 0.021857
vt 0.047983 0.026778
vt 0.037106 0.031480
vt 0.043297 0.032700
vt 0.046321 0.031701
vt 0.041129 0.034617
vt 0.030658 0.030170
vt 0.024879 0.021411
vt 0.024619 0.015326
vt 0.025805 0.026128
vt 0.026805 0.029834
vt 0.033415 0.035662
vt 0.036921 0.037220
vt 0.028101 0.034227
vt 0.024512 0.010879
vt 0.028465 0.008071
vt 0.021064 0.019725
vt 0.022633 0.030139
vt 0.021165 0.025757
vt 0.023726 0.035208
vt 0.030613 0.039713
vt 0.025839 0.039391
vt 0.045575 0.035296
vt 0.042820 0.039181
vt 0.020242 0.012242
vt 0.022595 0.039479
vt 0.017346 0.021691
vt 0.049539 0.029567
vt 0.048607 0.034229
vt 0.032315 0.044642
vt 0.027752 0.044441
vt 0.038837 0.042555
vt 0.020016 0.036892
vt 0.018057 0.031541
vt 0.047982 0.038156
vt 0.023575 0.044965
vt 0.015853 0.027912
vt 0.015523 0.015021
vt 0.018356 0.040439
vt 0.013439 0.026001
vt 0.019153 0.044438
vt 0.015591 0.034452
vt 0.013811 0.020438
vt 0.013176 0.010805
vt 0.015685 0.008071
vt 0.011391 0.028669
vt 0.009307 0.017558
vt 0.009835 0.012672
vt 0.013176 0.037656
vt 0.010361 0.031933
vt 0.007885 0.024293
vt 0.015080 0.042638
vt 0.007296 0.029544
vt 0.483796 0.644351
vt 0.481511 0.641285
vt 0.480043 0.643706
vt 0.481391 0.646741
vt 0.484319 0.649036
vt 0.489368 0.649306
vt 0.478000 0.645245
vt 0.478006 0.647821
vt 0.488585 0.653934
vt 0.484376 0.653164
vt 0.487562 0.656682
vt 0.484445 0.656779
vt 0.481943 0.655357
vt 0.492158 0.652902
vt 0.477652 0.654034
vt 0.491439 0.655756
vt 0.479560 0.651290
vt 0.479018 0.649479
vt 0.479401 0.639604
vt 0.476343 0.650898
vt 0.477237 0.641335
vt 0.476611 0.642289
vt 0.476616 0.656569
vt 0.475430 0.652671
vt 0.489988 0.645862
vt 0.484582 0.641529
vt 0.475229 0.637002
vt 0.473518 0.638421
vt 0.473191 0.639738
vt 0.471450 0.634958
vt 0.469458 0.635432
vt 0.478340 0.635174
vt 0.482250 0.636597
vt 0.474985 0.651023
vt 0.475985 0.649951
vt 0.474747 0.634372
vt 0.474051 0.647311
vt 0.474000 0.644552
vt 0.471067 0.646599
vt 0.469739 0.644499
vt 0.468442 0.646168
vt 0.469442 0.650656
vt 0.465822 0.647571
vt 0.465344 0.644149
vt 0.460995 0.646617
vt 0.462587 0.649392
vt 0.464884 0.652334
vt 0.469781 0.654734
vt 0.462100 0.642317
vt 0.467898 0.642380
vt 0.472539 0.642416
vt 0.472591 0.653901
vt 0.471827 0.657571
vt 0.472828 0.651667
vt 0.466524 0.656520
vt 0.457220 0.647495
vt 0.455751 0.643680
vt 0.485553 0.638026
vt 0.489792 0.641741
vt 0.458399 0.653006
vt 0.455103 0.639673
vt 0.453552 0.650844
vt 0.451250 0.647363
vt 0.449008 0.643029
vt 0.473389 0.649619
vt 0.483913 0.633960
vt 0.480325 0.631437
vt 0.449892 0.638838
vt 0.450662 0.635265
vt 0.444684 0.636889
vt 0.446417 0.631437
vt 0.443548 0.631730
vt 0.506513 0.006160
vt 0.506359 0.008847
vt 0.503456 0.004793
vt 0.974148 0.056806
vt 0.973577 0.060266
vt 0.969358 0.056181
vt 0.976399 0.059996
vt 0.974938 0.064360
vt 0.978790 0.063898
vt 0.976228 0.066052
vt 0.973424 0.067234
vt 0.971291 0.053509
vt 0.965876 0.053968
vt 0.963822 0.055201
vt 0.960836 0.052601
vt 0.975678 0.053183
vt 0.974874 0.049676
vt 0.979225 0.055180
vt 0.965878 0.050968
vt 0.962176 0.050112
vt 0.980958 0.060229
vt 0.979286 0.047760
vt 0.981593 0.052094
vt 0.957798 0.051575
vt 0.970623 0.050795
vt 0.984010 0.047285
vt 0.959736 0.054041
vt 0.954702 0.053089
vt 0.955151 0.050166
vt 0.985021 0.058548
vt 0.983690 0.064126
vt 0.986791 0.062736
vt 0.985403 0.051371
vt 0.975964 0.046183
vt 0.976496 0.043715
vt 0.979555 0.043228
vt 0.982403 0.043205
vt 0.952698 0.055122
vt 0.955879 0.056396
vt 0.960865 0.055861
vt 0.971197 0.066163
vt 0.980793 0.067479
vt 0.978647 0.068483
vt 0.987154 0.046438
vt 0.984553 0.067115
vt 0.991165 0.053111
vt 0.991108 0.059727
vt 0.987709 0.065996
vt 0.975499 0.067877
vt 0.992792 0.048357
vt 0.977429 0.040905
vt 0.971267 0.064601
vt 0.967562 0.065464
vt 0.973342 0.063338
vt 0.986794 0.041922
vt 0.992262 0.064032
vt 0.958243 0.060134
vt 0.954814 0.061042
vt 0.952125 0.058646
vt 0.958489 0.064451
vt 0.961189 0.063072
vt 0.961445 0.066068
vt 0.963356 0.064881
vt 0.964697 0.062440
vt 0.965663 0.063902
vt 0.966806 0.063155
vt 0.967021 0.061788
vt 0.959225 0.068017
vt 0.954902 0.065248
vt 0.962366 0.060038
vt 0.962515 0.068692
vt 0.964295 0.067237
vt 0.969034 0.063021
vt 0.968701 0.061349
vt 0.966387 0.058127
vt 0.960329 0.071016
vt 0.965734 0.066195
vt 0.969776 0.058798
vt 0.970923 0.062557
vt 0.967826 0.064267
vt 0.970818 0.068476
vt 0.965148 0.071452
vt 0.983517 0.071035
vt 0.986777 0.069573
vt 0.963835 0.074298
vt 0.976241 0.069969
vt 0.951762 0.061875
vt 0.973105 0.069369
vt 0.958040 0.070901
vt 0.971966 0.060222
vt 0.979782 0.071247
vt 0.968397 0.076008
vt 0.992239 0.068175
vt 0.965460 0.069296
vt 0.967456 0.072369
vt 0.967155 0.068643
vt 0.962080 0.075706
vt 0.987648 0.073783
vt 0.992796 0.072553
vt 0.982336 0.074334
vt 0.991349 0.077248
vt 0.994240 0.076784
vt 0.969393 0.043971
vt 0.970306 0.045398
vt 0.968565 0.045395
vt 0.966367 0.041921
vt 0.963797 0.044623
vt 0.962874 0.041732
vt 0.959710 0.044389
vt 0.964337 0.040014
vt 0.958704 0.041099
vt 0.965475 0.037364
vt 0.967164 0.038808
vt 0.962351 0.037254
vt 0.956307 0.046046
vt 0.958352 0.048668
vt 0.954017 0.046460
vt 0.964986 0.047363
vt 0.964812 0.034307
vt 0.967410 0.034405
vt 0.968758 0.036246
vt 0.954781 0.041872
vt 0.966371 0.049308
vt 0.970491 0.048964
vt 0.958755 0.037557
vt 0.968696 0.038627
vt 0.967658 0.040821
vt 0.968625 0.047576
vt 0.971613 0.035981
vt 0.973823 0.047635
vt 0.961847 0.034575
vt 0.969927 0.041715
vt 0.972960 0.033168
vt 0.974946 0.033719
vt 0.967223 0.031653
vt 0.971137 0.046974
vt 0.970663 0.039497
vt 0.971864 0.031292
vt 0.975929 0.031217
vt 0.970001 0.029593
vt 0.962887 0.030202
vt 0.955172 0.038004
vt 0.973331 0.041251
vt 0.975640 0.039092
vt 0.979484 0.038643
vt 0.981992 0.040774
vt 0.983033 0.037751
vt 0.986111 0.039196
vt 0.990070 0.039585
vt 0.988676 0.036647
vt 0.972598 0.045592
vt 0.991412 0.043586
vt 0.958108 0.034033
vt 0.994240 0.041118
vt 0.973528 0.044109
vt 0.558350 0.938263
vt 0.552185 0.937338
vt 0.555445 0.941013
vt 0.549165 0.940841
vt 0.552322 0.944460
vt 0.547569 0.937272
vt 0.547139 0.942871
vt 0.556448 0.932996
vt 0.551968 0.934286
vt 0.561828 0.935895
vt 0.558721 0.930971
vt 0.553082 0.929960
vt 0.548338 0.931997
vt 0.557114 0.925944
vt 0.554185 0.924250
vt 0.550664 0.925580
vt 0.544372 0.936174
vt 0.546159 0.928778
vt 0.542860 0.932358
vt 0.543270 0.941249
vt 0.542441 0.928470
vt 0.539866 0.937491
vt 0.540371 0.933414
vt 0.546789 0.923726
vt 0.543596 0.925298
vt 0.539291 0.929101
vt 0.551502 0.920998
vt 0.557162 0.921029
vt 0.544471 0.945795
vt 0.539328 0.942433
vt 0.536053 0.935769
vt 0.535081 0.931081
vt 0.540692 0.945128
vt 0.536357 0.940191
vt 0.547391 0.947348
vt 0.537451 0.925325
vt 0.534293 0.927656
vt 0.543477 0.921617
vt 0.538213 0.922234
vt 0.547407 0.919677
vt 0.530630 0.938709
vt 0.529293 0.934266
vt 0.534624 0.943642
vt 0.529524 0.941795
vt 0.529530 0.929815
vt 0.537160 0.946885
vt 0.532737 0.922228
vt 0.529969 0.925275
vt 0.526210 0.931201
vt 0.527038 0.937890
vt 0.525150 0.926186
vt 0.523424 0.934821
vt 0.526798 0.920913
vt 0.522246 0.927778
vt 0.522572 0.938571
vt 0.523171 0.942274
vt 0.520446 0.930827
vt 0.520850 0.920585
vt 0.517392 0.924448
vt 0.514977 0.919677
vt 0.239046 0.586856
vt 0.243682 0.584447
vt 0.242812 0.586411
vt 0.245455 0.585813
vt 0.247905 0.584229
vt 0.249501 0.585238
vt 0.251301 0.584026
vt 0.248311 0.586480
vt 0.243468 0.587881
vt 0.243122 0.587342
vt 0.238646 0.588734
vt 0.251536 0.585219
vt 0.456308 0.457208
vt 0.460454 0.455559
vt 0.458368 0.460799
vt 0.463069 0.460524
vt 0.457724 0.452375
vt 0.453341 0.454721
vt 0.453861 0.449075
vt 0.456634 0.446442
vt 0.462586 0.448620
vt 0.465259 0.455007
vt 0.467110 0.451551
vt 0.461238 0.443979
vt 0.449284 0.451044
vt 0.452178 0.444047
vt 0.449300 0.446987
vt 0.456171 0.441984
vt 0.451059 0.439312
vt 0.448673 0.441783
vt 0.460491 0.439194
vt 0.454875 0.437009
vt 0.458569 0.435981
vt 0.467565 0.447544
vt 0.466084 0.443003
vt 0.463660 0.440477
vt 0.451309 0.433621
vt 0.443592 0.443064
vt 0.444866 0.448228
vt 0.444710 0.439176
vt 0.447088 0.434124
vt 0.456687 0.432555
vt 0.453411 0.430923
vt 0.460637 0.433638
vt 0.441205 0.434326
vt 0.447509 0.428150
vt 0.464233 0.435141
vt 0.442188 0.429249
vt 0.455567 0.427423
vt 0.439163 0.438015
vt 0.444672 0.452985
vt 0.458796 0.427903
vt 0.444930 0.424192
vt 0.437287 0.428019
vt 0.440845 0.423460
vt 0.436721 0.423924
vt 0.436696 0.432795
vt 0.438017 0.443355
vt 0.440674 0.448495
vt 0.437306 0.419946
vt 0.469366 0.439393
vt 0.469809 0.444676
vt 0.433265 0.421869
vt 0.432872 0.417608
vt 0.437793 0.415689
vt 0.432796 0.414097
vt 0.474343 0.441254
vt 0.472690 0.448305
vt 0.476575 0.446640
vt 0.454580 0.419820
vt 0.459557 0.418292
vt 0.455951 0.423586
vt 0.461705 0.423687
vt 0.457085 0.417659
vt 0.462256 0.429727
vt 0.462972 0.417569
vt 0.465275 0.427821
vt 0.465171 0.422964
vt 0.459582 0.413979
vt 0.467266 0.418812
vt 0.463370 0.414004
vt 0.454280 0.415596
vt 0.457308 0.411946
vt 0.461334 0.408595
vt 0.457549 0.407889
vt 0.466639 0.412973
vt 0.452621 0.411941
vt 0.451359 0.419505
vt 0.448735 0.415307
vt 0.450852 0.424234
vt 0.459665 0.403992
vt 0.447490 0.419938
vt 0.450310 0.408466
vt 0.454467 0.405534
vt 0.444732 0.411904
vt 0.456505 0.402574
vt 0.442506 0.415400
vt 0.463326 0.403644
vt 0.465587 0.406730
vt 0.459185 0.400629
vt 0.445548 0.406240
vt 0.442233 0.409327
vt 0.449583 0.402329
vt 0.442569 0.420078
vt 0.439330 0.411680
vt 0.455589 0.399125
vt 0.440452 0.404049
vt 0.436936 0.406376
vt 0.444381 0.402230
vt 0.450482 0.396650
vt 0.434583 0.409739
vt 0.454659 0.394696
vt 0.458664 0.396190
vt 0.469182 0.423820
vt 0.465954 0.402719
vt 0.469798 0.409391
vt 0.470280 0.406050
vt 0.463325 0.397930
vt 0.472560 0.415962
vt 0.472962 0.420789
vt 0.467765 0.432426
vt 0.473461 0.411275
vt 0.473725 0.432601
vt 0.472804 0.428084
vt 0.471746 0.435028
vt 0.469551 0.402354
vt 0.476575 0.410148
vt 0.474549 0.404225
vt 0.997024 0.720455
vt 0.995571 0.724760
vt 0.992865 0.718579
vt 0.995494 0.715528
vt 0.993252 0.713304
vt 0.998633 0.724204
vt 0.998848 0.728458
vt 0.995452 0.730699
vt 0.990458 0.721991
vt 0.992440 0.727250
vt 0.990850 0.713579
vt 0.988573 0.718657
vt 0.989421 0.725984
vt 0.992333 0.732896
vt 0.989781 0.730328
vt 0.987381 0.724010
vt 0.991168 0.709344
vt 0.994297 0.707533
vt 0.985330 0.721193
vt 0.985900 0.713093
vt 0.987652 0.708019
vt 0.983865 0.716775
vt 0.993775 0.738310
vt 0.994235 0.743994
vt 0.989839 0.740886
vt 0.990854 0.745200
vt 0.989743 0.734916
vt 0.986956 0.737506
vt 0.987269 0.745409
vt 0.985045 0.740238
vt 0.983761 0.743662
vt 0.986529 0.733434
vt 0.981093 0.737120
vt 0.981147 0.732424
vt 0.979993 0.742172
vt 0.985321 0.727729
vt 0.978556 0.734391
vt 0.978924 0.729099
vt 0.979702 0.724151
vt 0.981707 0.720705
vt 0.976695 0.740971
vt 0.975140 0.736449
vt 0.981015 0.746229
vt 0.973858 0.731498
vt 0.975823 0.726062
vt 0.972815 0.738945
vt 0.976772 0.746158
vt 0.984617 0.750809
vt 0.970673 0.735796
vt 0.974004 0.744759
vt 0.969071 0.731493
vt 0.978747 0.750851
vt 0.989856 0.749343
vt 0.982979 0.753513
vt 0.973994 0.750106
vt 0.968497 0.741023
vt 0.970456 0.745439
vt 0.988701 0.752576
vt 0.969975 0.749476
vt 0.974708 0.753876
vt 0.965054 0.733289
vt 0.965155 0.739287
vt 0.977841 0.756071
vt 0.981065 0.756665
vt 0.966310 0.745478
vt 0.985794 0.756296
vt 0.995363 0.748391
vt 0.994127 0.754168
vt 0.997793 0.752137
vt 0.989034 0.758263
vt 0.998633 0.755348
vt 0.986883 0.386170
vt 0.990204 0.388105
vt 0.987514 0.388555
vt 0.988761 0.389800
vt 0.991167 0.385208
vt 0.985179 0.388057
vt 0.984551 0.391821
vt 0.986608 0.391760
vt 0.985096 0.394385
vt 0.983071 0.390926
vt 0.981849 0.394936
vt 0.984167 0.386094
vt 0.982655 0.388132
vt 0.983078 0.397908
vt 0.985802 0.383723
vt 0.988705 0.381893
vt 0.988789 0.377097
vt 0.985080 0.378631
vt 0.986735 0.373480
vt 0.981938 0.385251
vt 0.981150 0.383115
vt 0.979433 0.385818
vt 0.980406 0.387854
vt 0.981934 0.377777
vt 0.978489 0.383423
vt 0.975874 0.386722
vt 0.990221 0.409706
vt 0.991167 0.413034
vt 0.986608 0.413403
vt 0.989915 0.416827
vt 0.986681 0.417837
vt 0.982883 0.415895
vt 0.982739 0.419069
vt 0.987605 0.407489
vt 0.982503 0.411669
vt 0.990398 0.404666
vt 0.977797 0.415164
vt 0.976703 0.419163
vt 0.984789 0.407307
vt 0.972515 0.418297
vt 0.977088 0.412181
vt 0.972676 0.414662
vt 0.980743 0.408543
vt 0.968290 0.416663
vt 0.986955 0.402958
vt 0.989631 0.400973
vt 0.970723 0.411451
vt 0.966372 0.412652
vt 0.967811 0.419822
vt 0.983353 0.402660
vt 0.972703 0.407146
vt 0.963448 0.416956
vt 0.979658 0.405201
vt 0.976391 0.401463
vt 0.968982 0.402621
vt 0.969350 0.398865
vt 0.974621 0.397629
vt 0.969060 0.395214
vt 0.980126 0.398514
vt 0.979643 0.396130
vt 0.975499 0.392533
vt 0.972961 0.391001
vt 0.978258 0.388664
vt 0.979962 0.391825
vt 0.968501 0.393672
vt 0.963653 0.406814
vt 0.963596 0.399936
vt 0.963889 0.395274
vt 0.987189 0.399768
vt 0.989795 0.396123
vt 0.987920 0.394988
vt 0.972757 0.388194
vt 0.990346 0.392805
vt 0.962489 0.421375
vt 0.958141 0.418803
vt 0.972611 0.422368
vt 0.967200 0.423905
vt 0.977221 0.423271
vt 0.981183 0.422592
vt 0.978413 0.377947
vt 0.977505 0.375456
vt 0.974650 0.381268
vt 0.974691 0.384492
vt 0.971869 0.382379
vt 0.973104 0.379560
vt 0.974905 0.378345
vt 0.976666 0.376747
vt 0.975187 0.376600
vt 0.971200 0.384694
vt 0.969114 0.384989
vt 0.975812 0.375238
vt 0.969829 0.388982
vt 0.967130 0.388834
vt 0.966029 0.392129
vt 0.964755 0.388497
vt 0.654935 0.371554
vt 0.652214 0.369920
vt 0.657056 0.373245
vt 0.656713 0.369466
vt 0.660735 0.371809
vt 0.659655 0.370092
vt 0.663933 0.370734
vt 0.656026 0.368643
vt 0.663376 0.372629
vt 0.658619 0.368297
vt 0.662800 0.368548
vt 0.667023 0.369408
vt 0.675498 0.381297
vt 0.680777 0.378218
vt 0.677153 0.375476
vt 0.681063 0.382279
vt 0.675480 0.384503
vt 0.681931 0.373944
vt 0.685729 0.377312
vt 0.685352 0.382847
vt 0.685115 0.373214
vt 0.683584 0.386851
vt 0.680575 0.370529
vt 0.676500 0.370607
vt 0.684567 0.369782
vt 0.677799 0.386762
vt 0.680354 0.389853
vt 0.687995 0.381802
vt 0.689268 0.378108
vt 0.676412 0.390470
vt 0.679495 0.367302
vt 0.674386 0.367753
vt 0.687516 0.369939
vt 0.683793 0.366456
vt 0.689736 0.373905
vt 0.674180 0.375107
vt 0.673126 0.380295
vt 0.672750 0.384818
vt 0.686312 0.386369
vt 0.672914 0.372353
vt 0.674236 0.386473
vt 0.686390 0.365058
vt 0.670506 0.375223
vt 0.671042 0.377589
vt 0.668362 0.377619
vt 0.669275 0.381664
vt 0.669910 0.385830
vt 0.667037 0.379638
vt 0.665873 0.382869
vt 0.667333 0.385032
vt 0.665671 0.385220
vt 0.670229 0.372480
vt 0.672270 0.369605
vt 0.664185 0.383350
vt 0.682979 0.390264
vt 0.671032 0.368003
vt 0.675316 0.364534
vt 0.681819 0.362824
vt 0.690459 0.367992
vt 0.664612 0.379724
vt 0.669795 0.368804
vt 0.685828 0.360846
vt 0.690944 0.381944
vt 0.689452 0.385269
vt 0.678657 0.392184
vt 0.667010 0.387506
vt 0.670910 0.364416
vt 0.678376 0.360075
vt 0.692660 0.372304
vt 0.689084 0.361761
vt 0.673142 0.358884
vt 0.681985 0.357397
vt 0.669439 0.365296
vt 0.669359 0.361922
vt 0.673763 0.388765
vt 0.692753 0.377513
vt 0.677858 0.357290
vt 0.672711 0.391008
vt 0.671375 0.390499
vt 0.672552 0.393162
vt 0.663135 0.387255
vt 0.663007 0.381991
vt 0.669330 0.393045
vt 0.664935 0.388103
vt 0.668081 0.371899
vt 0.667703 0.375420
vt 0.665740 0.377002
vt 0.685758 0.355937
vt 0.667502 0.362705
vt 0.664690 0.373975
vt 0.658813 0.375468
vt 0.653583 0.374770
vt 0.652232 0.378475
vt 0.656890 0.378496
vt 0.660690 0.376878
vt 0.659895 0.378288
vt 0.664149 0.375934
vt 0.661603 0.385361
vt 0.667334 0.366497
vt 0.674866 0.355110
vt 0.668658 0.358866
vt 0.670826 0.355708
vt 0.679416 0.353670
vt 0.682783 0.354329
vt 0.662532 0.378270
vt 0.675634 0.394992
vt 0.664116 0.363964
vt 0.675901 0.352561
vt 0.664931 0.360898
vt 0.665613 0.357850
vt 0.671558 0.351770
vt 0.661990 0.380080
vt 0.660792 0.360088
vt 0.655914 0.361845
vt 0.668288 0.354107
vt 0.659850 0.365139
vt 0.654901 0.366036
vt 0.652728 0.361698
vt 0.654047 0.359201
vt 0.653239 0.368164
vt 0.657327 0.357724
vt 0.660824 0.379237
vt 0.661057 0.356603
vt 0.678983 0.349833
vt 0.655061 0.357288
vt 0.670052 0.349720
vt 0.665219 0.352804
vt 0.682802 0.350356
vt 0.659189 0.388365
vt 0.660697 0.381993
vt 0.665478 0.349366
vt 0.676384 0.347041
vt 0.671985 0.347585
vt 0.686680 0.352998
vt 0.689845 0.356679
vt 0.661546 0.351832
vt 0.659022 0.355332
vt 0.660329 0.389670
vt 0.657986 0.386986
vt 0.691835 0.361711
vt 0.670538 0.394147
vt 0.655681 0.390955
vt 0.655905 0.392534
vt 0.681330 0.393367
vt 0.672549 0.387394
vt 0.673555 0.395351
vt 0.662653 0.390580
vt 0.678349 0.394679
vt 0.694051 0.366522
vt 0.687608 0.389377
vt 0.664597 0.391190
vt 0.654329 0.395465
vt 0.658062 0.393908
vt 0.691935 0.384487
vt 0.668498 0.388838
vt 0.695406 0.371644
vt 0.696237 0.374997
vt 0.694426 0.380415
vt 0.991951 0.124541
vt 0.994706 0.127303
vt 0.992783 0.131822
vt 0.912799 0.433877
vt 0.914022 0.434599
vt 0.911332 0.435880
vt 0.911861 0.436978
vt 0.913960 0.436943
vt 0.912920 0.438075
vt 0.910789 0.437504
vt 0.910020 0.436565
vt 0.909754 0.438138
vt 0.918674 0.434496
vt 0.917558 0.434572
vt 0.916269 0.433716
vt 0.916295 0.437050
vt 0.918971 0.430054
vt 0.918971 0.437470
vt 0.915777 0.438025
vt 0.918096 0.438509
vt 0.076479 0.001112
vt 0.077416 0.002863
vt 0.076364 0.003310
vt 0.077225 0.005883
vt 0.075072 0.001961
vt 0.079274 0.005885
vt 0.078766 0.008486
vt 0.081709 0.010084
vt 0.075694 0.004481
vt 0.081562 0.012344
vt 0.077262 0.000711
vt 0.076234 0.006830
vt 0.076848 0.009679
vt 0.078482 0.010986
vt 0.079946 0.014829
vt 0.081903 0.017356
vt 0.078329 0.015695
vt 0.079239 0.020805
vt 0.075756 0.016532
vt 0.075648 0.010452
vt 0.075618 0.021969
vt 0.077820 0.023935
vt 0.083301 0.014567
vt 0.075428 0.000384
vt 0.074158 0.025804
vt 0.071241 0.022988
vt 0.071476 0.018162
vt 0.075042 0.004979
vt 0.068816 0.025487
vt 0.066587 0.022409
vt 0.064088 0.025083
vt 0.080426 0.005567
vt 0.072607 0.027577
vt 0.075482 0.027184
vt 0.062258 0.026737
vt 0.069000 0.027235
vt 0.072575 0.029061
vt 0.068165 0.029413
vt 0.068377 0.031546
vt 0.064772 0.029946
vt 0.063853 0.031420
vt 0.062998 0.029386
vt 0.058633 0.029626
vt 0.066637 0.032615
vt 0.061404 0.032496
vt 0.061375 0.031161
vt 0.057801 0.030816
vt 0.053867 0.028914
vt 0.053218 0.028111
vt 0.052611 0.029109
vt 0.064875 0.028303
vt 0.060476 0.028432
vt 0.059960 0.027451
vt 0.056902 0.027451
vt 0.057770 0.026647
vt 0.054951 0.026862
vt 0.055984 0.028102
vt 0.054836 0.031304
vt 0.075106 0.009001
vt 0.075325 0.007507
vt 0.069709 0.015462
vt 0.064762 0.019680
vt 0.063444 0.022926
vt 0.073906 0.010231
vt 0.061564 0.025045
vt 0.070649 0.012036
vt 0.064121 0.015578
vt 0.064666 0.011654
vt 0.060723 0.016387
vt 0.061280 0.009982
vt 0.058536 0.013465
vt 0.061711 0.007042
vt 0.063847 0.008234
vt 0.068902 0.008874
vt 0.056773 0.014636
vt 0.073227 0.008761
vt 0.056128 0.012537
vt 0.056820 0.017411
vt 0.059617 0.019731
vt 0.065511 0.006086
vt 0.060356 0.022774
vt 0.058222 0.008817
vt 0.057021 0.011390
vt 0.059195 0.006805
vt 0.054953 0.009162
vt 0.060389 0.026236
vt 0.055061 0.007520
vt 0.056455 0.006340
vt 0.054100 0.006334
vt 0.054493 0.005177
vt 0.052914 0.007569
vt 0.069841 0.006142
vt 0.071800 0.007177
vt 0.054335 0.010781
vt 0.062072 0.004886
vt 0.073342 0.006055
vt 0.067915 0.004567
vt 0.724217 0.151625
vt 0.724152 0.153305
vt 0.723087 0.152033
vt 0.721627 0.154459
vt 0.724139 0.156227
vt 0.723436 0.150056
vt 0.724786 0.150908
vt 0.724445 0.159065
vt 0.721628 0.160168
vt 0.724301 0.162054
vt 0.725185 0.148904
vt 0.727638 0.164901
vt 0.728453 0.167291
vt 0.730301 0.169259
vt 0.722147 0.163962
vt 0.717483 0.158300
vt 0.718205 0.153229
vt 0.720788 0.148218
vt 0.718715 0.162626
vt 0.715019 0.160511
vt 0.725367 0.167715
vt 0.724473 0.147063
vt 0.718322 0.165657
vt 0.720301 0.168122
vt 0.713491 0.164566
vt 0.729941 0.170095
vt 0.726189 0.147141
vt 0.726489 0.144575
vt 0.723825 0.143652
vt 0.719667 0.141991
vt 0.717281 0.146032
vt 0.728082 0.141641
vt 0.714533 0.143273
vt 0.717295 0.139299
vt 0.724996 0.138795
vt 0.731920 0.139889
vt 0.720652 0.136985
vt 0.711890 0.139575
vt 0.715492 0.135080
vt 0.722639 0.134071
vt 0.711988 0.133911
vt 0.707757 0.135767
vt 0.727625 0.133941
vt 0.732335 0.137955
vt 0.719771 0.130284
vt 0.724317 0.131043
vt 0.732335 0.171022
vt 0.380447 0.003016
vt 0.381130 0.000470
vt 0.382830 0.000612
vt 0.383586 0.001563
vt 0.388574 0.003552
vt 0.390758 0.001610
vt 0.388288 0.000951
vt 0.385686 0.001702
vt 0.384560 0.003117
vt 0.385528 0.000384
vt 0.397967 0.003433
vt 0.401716 0.003296
vt 0.400260 0.001697
vt 0.402512 0.000384
vt 0.404378 0.001463
vt 0.534669 0.027998
vt 0.536529 0.026638
vt 0.537827 0.024203
vt 0.540540 0.025768
vt 0.544366 0.025125
vt 0.544659 0.026983
vt 0.549441 0.026154
vt 0.537721 0.030005
vt 0.540732 0.028082
vt 0.534144 0.030864
vt 0.541283 0.031673
vt 0.538084 0.033274
vt 0.544993 0.030575
vt 0.549740 0.028914
vt 0.534118 0.033703
vt 0.531558 0.031466
vt 0.530549 0.028977
vt 0.540709 0.036022
vt 0.537247 0.036339
vt 0.544843 0.034379
vt 0.543694 0.039126
vt 0.538998 0.040818
vt 0.549612 0.034225
vt 0.553566 0.029847
vt 0.552937 0.027027
vt 0.535586 0.038976
vt 0.534944 0.042253
vt 0.555684 0.026712
vt 0.533356 0.038959
vt 0.530845 0.037497
vt 0.531157 0.040068
vt 0.527824 0.036212
vt 0.528056 0.034221
vt 0.532917 0.035421
vt 0.531281 0.032645
vt 0.530507 0.034373
vt 0.519156 0.042328
vt 0.519627 0.040916
vt 0.522698 0.042260
vt 0.523346 0.041081
vt 0.525619 0.042915
vt 0.522289 0.038476
vt 0.525897 0.037858
vt 0.528789 0.041361
vt 0.533529 0.044197
vt 0.529346 0.043055
vt 0.455172 0.183191
vt 0.451997 0.181478
vt 0.452088 0.183594
vt 0.432172 0.441255
vt 0.430589 0.436411
vt 0.433564 0.436988
vt 0.428680 0.439287
vt 0.428316 0.443087
vt 0.423764 0.438878
vt 0.431807 0.445530
vt 0.423063 0.443919
vt 0.416827 0.439619
vt 0.418729 0.446667
vt 0.421174 0.449655
vt 0.413648 0.446301
vt 0.413060 0.451047
vt 0.410715 0.440660
vt 0.409187 0.445101
vt 0.410569 0.435462
vt 0.415860 0.433595
vt 0.417364 0.451908
vt 0.412790 0.430521
vt 0.419193 0.435794
vt 0.408085 0.450118
vt 0.426754 0.448120
vt 0.407464 0.430867
vt 0.403850 0.434225
vt 0.414878 0.427836
vt 0.420430 0.430709
vt 0.405528 0.440265
vt 0.420392 0.427675
vt 0.426269 0.434960
vt 0.409551 0.426979
vt 0.409287 0.452818
vt 0.403924 0.452952
vt 0.406090 0.456422
vt 0.410707 0.455456
vt 0.402134 0.457474
vt 0.401225 0.453879
vt 0.399002 0.452148
vt 0.403601 0.451175
vt 0.413867 0.454462
vt 0.422528 0.452581
vt 0.430232 0.448666
vt 0.414077 0.458666
vt 0.418000 0.456253
vt 0.429267 0.431757
vt 0.404623 0.446836
vt 0.422442 0.433589
vt 0.427243 0.452469
vt 0.423624 0.457263
vt 0.430299 0.453770
vt 0.427255 0.458346
vt 0.428998 0.459031
vt 0.425910 0.460413
vt 0.425247 0.463825
vt 0.423649 0.463016
vt 0.421440 0.466808
vt 0.420743 0.466169
vt 0.418148 0.471140
vt 0.428500 0.464467
vt 0.425734 0.466911
vt 0.421629 0.470240
vt 0.430641 0.460759
vt 0.433514 0.455006
vt 0.427686 0.468457
vt 0.424922 0.459658
vt 0.036741 0.158542
vt 0.034308 0.159761
vt 0.036225 0.162198
vt 0.034282 0.165688
vt 0.031874 0.160804
vt 0.033575 0.157151
vt 0.259042 0.221897
vt 0.260760 0.222283
vt 0.259957 0.220388
vt 0.261485 0.221321
vt 0.261972 0.223770
vt 0.261197 0.219769
vt 0.257469 0.219964
vt 0.260075 0.222758
vt 0.256831 0.222241
vt 0.258469 0.225769
vt 0.253647 0.224295
vt 0.252689 0.228173
vt 0.265380 0.226083
vt 0.259485 0.229297
vt 0.264507 0.229933
vt 0.254240 0.229859
vt 0.267740 0.228514
vt 0.270379 0.226316
vt 0.249292 0.225663
vt 0.248996 0.230122
vt 0.272139 0.228128
vt 0.250043 0.221875
vt 0.268665 0.223384
vt 0.243641 0.228757
vt 0.245435 0.223243
vt 0.245113 0.231060
vt 0.240548 0.220425
vt 0.276429 0.226473
vt 0.248584 0.219860
vt 0.273567 0.222529
vt 0.264690 0.221258
vt 0.254381 0.220455
vt 0.251819 0.220320
vt 0.262139 0.221324
vt 0.269181 0.219114
vt 0.278490 0.220946
vt 0.274205 0.216622
vt 0.277358 0.217925
vt 0.269610 0.214216
vt 0.280727 0.225624
vt 0.277318 0.229450
vt 0.282115 0.221537
vt 0.282173 0.230119
vt 0.282076 0.216674
vt 0.278623 0.214066
vt 0.285138 0.223155
vt 0.284486 0.227613
vt 0.286126 0.218994
vt 0.286467 0.214216
vt 0.287924 0.225724
vt 0.284762 0.232896
vt 0.279585 0.233744
vt 0.281790 0.237021
vt 0.289443 0.228965
vt 0.287983 0.236759
vt 0.285095 0.237894
vt 0.291475 0.233645
vt 0.910197 0.170197
vt 0.905483 0.169399
vt 0.912890 0.168449
vt 0.914284 0.172407
vt 0.915386 0.167510
vt 0.902871 0.167407
vt 0.904150 0.172350
vt 0.907446 0.171943
vt 0.901635 0.170562
vt 0.919653 0.167918
vt 0.919128 0.172903
vt 0.914104 0.174438
vt 0.910196 0.172713
vt 0.918327 0.175778
vt 0.923549 0.170173
vt 0.921477 0.175513
vt 0.919864 0.178048
vt 0.912896 0.177280
vt 0.918279 0.177935
vt 0.918303 0.181085
vt 0.915141 0.184667
vt 0.909100 0.183971
vt 0.913024 0.187146
vt 0.909200 0.188665
vt 0.915054 0.190899
vt 0.911997 0.193408
vt 0.907159 0.193837
vt 0.903961 0.190505
vt 0.903858 0.197791
vt 0.900806 0.193907
vt 0.898363 0.199871
vt 0.895796 0.193197
vt 0.891956 0.196784
vt 0.900602 0.189425
vt 0.903435 0.187016
vt 0.888539 0.192362
vt 0.891771 0.189495
vt 0.896627 0.188363
vt 0.898107 0.186172
vt 0.891870 0.186139
vt 0.893617 0.185334
vt 0.889461 0.183113
vt 0.901901 0.204519
vt 0.897732 0.204450
vt 0.893694 0.202346
vt 0.893897 0.205578
vt 0.888871 0.206301
vt 0.885919 0.204028
vt 0.887135 0.198223
vt 0.906161 0.202564
vt 0.908039 0.197685
vt 0.883251 0.201787
vt 0.907316 0.206184
vt 0.904019 0.207863
vt 0.882075 0.197668
vt 0.884274 0.193856
vt 0.885595 0.190695
vt 0.907056 0.185958
vt 0.912640 0.200766
vt 0.915618 0.196953
vt 0.887053 0.186266
vt 0.911165 0.204380
vt 0.885076 0.182899
vt 0.886000 0.179893
vt 0.882006 0.179450
vt 0.879580 0.202271
vt 0.878414 0.197957
vt 0.878530 0.193607
vt 0.880862 0.191084
vt 0.881734 0.187774
vt 0.880311 0.182293
vt 0.886310 0.207999
vt 0.882905 0.176415
vt 0.918555 0.195186
vt 0.881110 0.205588
vt 0.915567 0.204023
vt 0.918181 0.199927
vt 0.911323 0.208546
vt 0.875405 0.197166
vt 0.872541 0.192408
vt 0.906287 0.210790
vt 0.874305 0.187674
vt 0.878163 0.189857
vt 0.871962 0.186555
vt 0.917643 0.189321
vt 0.880227 0.188624
vt 0.879124 0.184596
vt 0.878993 0.175949
vt 0.877659 0.179892
vt 0.874864 0.184741
vt 0.877582 0.187892
vt 0.874472 0.201503
vt 0.876891 0.204643
vt 0.916672 0.206635
vt 0.871910 0.196295
vt 0.921294 0.189894
vt 0.921951 0.195130
vt 0.919998 0.186476
vt 0.920238 0.203928
vt 0.871931 0.181928
vt 0.869831 0.189022
vt 0.922453 0.200091
vt 0.870398 0.192895
vt 0.874704 0.177714
vt 0.881837 0.209011
vt 0.908475 0.179990
vt 0.877484 0.209378
vt 0.921425 0.181797
vt 0.923686 0.187306
vt 0.924786 0.197723
vt 0.879430 0.211760
vt 0.872454 0.203727
vt 0.925662 0.193430
vt 0.871193 0.199871
vt 0.870334 0.183890
vt 0.873014 0.208236
vt 0.926380 0.187277
vt 0.925443 0.184314
vt 0.869816 0.180538
vt 0.928187 0.186418
vt 0.379424 0.887698
vt 0.381456 0.889644
vt 0.385131 0.887702
vt 0.386983 0.890026
vt 0.383393 0.891800
vt 0.387031 0.892230
vt 0.390133 0.890950
vt 0.390097 0.888296
vt 0.379840 0.891091
vt 0.384242 0.886047
vt 0.380261 0.886227
vt 0.393625 0.891602
vt 0.724339 0.035372
vt 0.720661 0.030466
vt 0.725136 0.031617
vt 0.721282 0.028329
vt 0.725459 0.037831
vt 0.728884 0.032771
vt 0.728144 0.038330
vt 0.715044 0.027930
vt 0.716134 0.025036
vt 0.725676 0.025471
vt 0.728619 0.029109
vt 0.731022 0.024570
vt 0.711981 0.025349
vt 0.731401 0.035971
vt 0.733803 0.029884
vt 0.720797 0.024375
vt 0.712723 0.028212
vt 0.707761 0.026344
vt 0.709407 0.023260
vt 0.712650 0.023673
vt 0.705355 0.022316
vt 0.704707 0.025155
vt 0.715428 0.022564
vt 0.735201 0.025391
vt 0.733040 0.020585
vt 0.703063 0.027061
vt 0.705589 0.029342
vt 0.731839 0.040697
vt 0.715687 0.030941
vt 0.724770 0.041386
vt 0.709560 0.029566
vt 0.738091 0.034663
vt 0.738797 0.027095
vt 0.738786 0.022409
vt 0.736730 0.040870
vt 0.728705 0.042368
vt 0.721406 0.040884
vt 0.735680 0.018063
vt 0.743170 0.026045
vt 0.743638 0.033539
vt 0.743817 0.021758
vt 0.742296 0.037393
vt 0.741322 0.041259
vt 0.734950 0.044451
vt 0.720026 0.039051
vt 0.723589 0.038107
vt 0.705516 0.033006
vt 0.717449 0.040753
vt 0.716093 0.038650
vt 0.714122 0.038649
vt 0.714749 0.036146
vt 0.717912 0.037269
vt 0.718522 0.035918
vt 0.709691 0.037747
vt 0.712250 0.040626
vt 0.709095 0.041189
vt 0.705035 0.038280
vt 0.710306 0.034403
vt 0.714707 0.042351
vt 0.711898 0.045008
vt 0.719186 0.032188
vt 0.722216 0.034161
vt 0.729783 0.045326
vt 0.715630 0.034334
vt 0.720559 0.042301
vt 0.724320 0.044494
vt 0.741546 0.045195
vt 0.720856 0.036521
vt 0.734828 0.048809
vt 0.738087 0.047806
vt 0.718577 0.034720
vt 0.716950 0.042505
vt 0.720126 0.035250
vt 0.746928 0.029945
vt 0.741930 0.048730
vt 0.729913 0.048186
vt 0.722465 0.036101
vt 0.726229 0.048122
vt 0.719011 0.044568
vt 0.721779 0.046450
vt 0.746928 0.048229
vt 0.746313 0.044081
vt 0.715611 0.044377
vt 0.520451 0.830382
vt 0.522796 0.831626
vt 0.524678 0.830074
vt 0.526462 0.830526
vt 0.524363 0.832431
vt 0.527266 0.831497
vt 0.971152 0.674262
vt 0.973866 0.675332
vt 0.975446 0.676475
vt 0.969078 0.671249
vt 0.967527 0.670703
vt 0.980350 0.672622
vt 0.979040 0.675851
vt 0.982351 0.673558
vt 0.973534 0.672174
vt 0.978121 0.670787
vt 0.983671 0.671415
vt 0.981472 0.669920
vt 0.968626 0.666996
vt 0.971236 0.664927
vt 0.977117 0.668455
vt 0.968454 0.662809
vt 0.966629 0.664894
vt 0.967416 0.661422
vt 0.968229 0.661328
vt 0.965632 0.667772
vt 0.967779 0.660427
vt 0.958866 0.658815
vt 0.958144 0.665551
vt 0.957057 0.659512
vt 0.956323 0.654577
vt 0.958951 0.654835
vt 0.957613 0.651759
vt 0.961018 0.659849
vt 0.955005 0.661678
vt 0.953404 0.657235
vt 0.952765 0.653180
vt 0.954531 0.650653
vt 0.976327 0.665709
vt 0.976966 0.660893
vt 0.972787 0.660988
vt 0.981347 0.665937
vt 0.983665 0.669936
vt 0.970701 0.661938
vt 0.981772 0.660869
vt 0.982646 0.658448
vt 0.980288 0.656732
vt 0.976105 0.656527
vt 0.979012 0.655048
vt 0.969099 0.660271
vt 0.984246 0.661042
vt 0.984029 0.665091
vt 0.984005 0.656584
vt 0.984413 0.668661
vt 0.982283 0.654855
vt 0.981464 0.652831
vt 0.985696 0.665044
vt 0.971898 0.657751
vt 0.973707 0.655903
vt 0.985242 0.653605
vt 0.984659 0.651770
vt 0.985832 0.651654
vt 0.985202 0.650653
vt 0.983384 0.651620
vt 0.985740 0.667357
vt 0.969276 0.658472
vt 0.970952 0.655752
vt 0.708023 0.069528
vt 0.706046 0.071515
vt 0.705741 0.068915
vt 0.706571 0.067748
vt 0.710220 0.067624
vt 0.704357 0.068060
vt 0.704538 0.070914
vt 0.705374 0.066730
vt 0.722114 0.066307
vt 0.725090 0.065064
vt 0.722737 0.064950
vt 0.703917 0.066864
vt 0.709691 0.064956
vt 0.399267 0.122109
vt 0.398692 0.127233
vt 0.399883 0.126432
vt 0.400163 0.129516
vt 0.401306 0.128746
vt 0.397536 0.127967
vt 0.597511 0.329932
vt 0.597889 0.332709
vt 0.600137 0.331287
vt 0.598641 0.328529
vt 0.600996 0.329074
vt 0.599757 0.333678
vt 0.595958 0.327633
vt 0.595489 0.330537
vt 0.598523 0.334553
vt 0.595984 0.333445
vt 0.597058 0.335019
vt 0.600422 0.334446
vt 0.601107 0.331999
vt 0.601506 0.329683
vt 0.602535 0.327056
vt 0.599207 0.335511
vt 0.593278 0.329937
vt 0.602218 0.330311
vt 0.160138 0.114852
vt 0.158462 0.116449
vt 0.157461 0.114143
vt 0.156298 0.114852
vt 0.577933 0.541523
vt 0.575187 0.546054
vt 0.574603 0.543828
vt 0.575679 0.539080
vt 0.579530 0.544760
vt 0.574741 0.537543
vt 0.570586 0.541510
vt 0.575828 0.534952
vt 0.569765 0.539424
vt 0.576719 0.546335
vt 0.577552 0.547725
vt 0.569812 0.535594
vt 0.566674 0.535089
vt 0.565044 0.540085
vt 0.567258 0.543533
vt 0.575824 0.547591
vt 0.571585 0.545852
vt 0.564113 0.536991
vt 0.562727 0.541982
vt 0.566163 0.533194
vt 0.568381 0.532743
vt 0.579967 0.547149
vt 0.577628 0.548639
vt 0.581512 0.548715
vt 0.576778 0.549256
vt 0.580831 0.550852
vt 0.568315 0.546838
vt 0.573745 0.548481
vt 0.563797 0.545023
vt 0.561921 0.547181
vt 0.564188 0.548747
vt 0.571272 0.549579
vt 0.574494 0.550780
vt 0.573563 0.553792
vt 0.579279 0.554734
vt 0.577429 0.556764
vt 0.569880 0.555267
vt 0.585300 0.556469
vt 0.582009 0.552562
vt 0.577287 0.550809
vt 0.568393 0.552721
vt 0.579380 0.550986
vt 0.564815 0.551843
vt 0.564294 0.553579
vt 0.564977 0.555919
vt 0.571039 0.558587
vt 0.562339 0.553203
vt 0.573545 0.558216
vt 0.575048 0.559954
vt 0.562589 0.551970
vt 0.577765 0.558756
vt 0.562863 0.551233
vt 0.564222 0.550298
vt 0.562444 0.549955
vt 0.561828 0.550809
vt 0.565907 0.549320
vt 0.562013 0.550083
vt 0.437800 0.702152
vt 0.438940 0.699648
vt 0.435449 0.700636
vt 0.438919 0.697540
vt 0.435100 0.697540
vt 0.148056 0.440918
vt 0.144925 0.439668
vt 0.143026 0.441550
vt 0.150163 0.439568
vt 0.153867 0.439558
vt 0.154887 0.438098
vt 0.141676 0.439532
vt 0.155228 0.439939
vt 0.158602 0.436203
vt 0.140832 0.441398
vt 0.143666 0.443121
vt 0.145081 0.442420
vt 0.139989 0.439460
vt 0.138974 0.437595
vt 0.147810 0.443098
vt 0.150982 0.441934
vt 0.137974 0.437663
vt 0.138959 0.439631
vt 0.137282 0.438518
vt 0.136329 0.436695
vt 0.138015 0.436203
vt 0.660941 0.168956
vt 0.660744 0.170156
vt 0.661674 0.169834
vt 0.658828 0.169304
vt 0.659697 0.167948
vt 0.659392 0.171084
vt 0.657787 0.170806
vt 0.656871 0.172409
vt 0.660297 0.171239
vt 0.650840 0.170767
vt 0.646062 0.171891
vt 0.651375 0.172716
vt 0.655422 0.171065
vt 0.654390 0.173690
vt 0.647861 0.174097
vt 0.642827 0.173341
vt 0.656207 0.169119
vt 0.642105 0.171465
vt 0.649613 0.169848
vt 0.640683 0.171773
vt 0.645317 0.170206
vt 0.638683 0.169680
vt 0.640961 0.169868
vt 0.637713 0.171844
vt 0.635389 0.169330
vt 0.634537 0.170656
vt 0.642299 0.173838
vt 0.634025 0.167948
vt 0.599769 0.580707
vt 0.599462 0.582522
vt 0.600998 0.582030
vt 0.599769 0.583782
vt 0.310795 0.160835
vt 0.312747 0.159793
vt 0.309271 0.157740
vt 0.308409 0.158621
vt 0.312148 0.157377
vt 0.308403 0.156211
vt 0.308452 0.157348
vt 0.306927 0.156558
vt 0.306330 0.155582
vt 0.305741 0.157238
vt 0.305008 0.156143
vt 0.304279 0.154577
vt 0.308930 0.151975
vt 0.305140 0.151614
vt 0.307025 0.150098
vt 0.310206 0.149675
vt 0.312445 0.152286
vt 0.309268 0.154703
vt 0.309610 0.148071
vt 0.303686 0.156290
vt 0.303166 0.155258
vt 0.302293 0.153147
vt 0.303206 0.151038
vt 0.306326 0.149073
vt 0.302227 0.154959
vt 0.365399 0.020460
vt 0.363492 0.022810
vt 0.360376 0.020109
vt 0.359694 0.017499
vt 0.357859 0.018101
vt 0.366760 0.019102
vt 0.359881 0.022273
vt 0.357106 0.019636
vt 0.358411 0.015905
vt 0.362940 0.024111
vt 0.356281 0.017438
vt 0.357158 0.016152
vt 0.358316 0.014988
vt 0.355991 0.015607
vt 0.113613 0.320319
vt 0.116500 0.323085
vt 0.118318 0.318688
vt 0.112810 0.322567
vt 0.120610 0.320505
vt 0.117344 0.314795
vt 0.112845 0.315769
vt 0.114464 0.312043
vt 0.110684 0.311390
vt 0.109465 0.313647
vt 0.109093 0.320312
vt 0.108365 0.322702
vt 0.104866 0.317862
vt 0.109430 0.316807
vt 0.106050 0.316056
vt 0.106504 0.312431
vt 0.108096 0.309975
vt 0.103585 0.312347
vt 0.112706 0.308974
vt 0.118704 0.310900
vt 0.121737 0.315869
vt 0.101248 0.314513
vt 0.100739 0.317655
vt 0.096262 0.313184
vt 0.100153 0.312145
vt 0.095892 0.311537
vt 0.093000 0.310113
vt 0.091489 0.310994
vt 0.090512 0.307289
vt 0.105523 0.322499
vt 0.104184 0.325275
vt 0.100105 0.321761
vt 0.101387 0.326229
vt 0.098613 0.324205
vt 0.104007 0.328074
vt 0.108466 0.325577
vt 0.107699 0.329927
vt 0.096733 0.318770
vt 0.095173 0.314411
vt 0.094259 0.320097
vt 0.106684 0.326791
vt 0.101960 0.309392
vt 0.105244 0.308778
vt 0.100446 0.310122
vt 0.117695 0.307706
vt 0.093520 0.309315
vt 0.122252 0.310730
vt 0.124671 0.313619
vt 0.125445 0.317978
vt 0.093516 0.317771
vt 0.091822 0.318503
vt 0.099326 0.326880
vt 0.099517 0.328457
vt 0.123404 0.323328
vt 0.126458 0.322027
vt 0.109144 0.329897
vt 0.110047 0.331734
vt 0.109463 0.332552
vt 0.109585 0.328665
vt 0.110627 0.328200
vt 0.113612 0.327158
vt 0.111612 0.330553
vt 0.119195 0.325750
vt 0.097472 0.324202
vt 0.128941 0.319546
vt 0.101520 0.328013
vt 0.100135 0.329979
vt 0.102693 0.330371
vt 0.096728 0.329736
vt 0.125466 0.310848
vt 0.122595 0.306603
vt 0.128070 0.313441
vt 0.127939 0.325006
vt 0.131044 0.317419
vt 0.123947 0.327984
vt 0.118532 0.330709
vt 0.130831 0.321803
vt 0.113851 0.332536
vt 0.111283 0.332386
vt 0.127224 0.329061
vt 0.108147 0.332723
vt 0.131513 0.314065
vt 0.129026 0.309496
vt 0.126676 0.305985
vt 0.106331 0.331088
vt 0.134542 0.319980
vt 0.131985 0.326679
vt 0.134719 0.316890
vt 0.132446 0.308948
vt 0.135445 0.322949
vt 0.130181 0.304267
vt 0.134740 0.312930
vt 0.098371 0.328238
vt 0.093917 0.329423
vt 0.099054 0.327652
vt 0.091104 0.330361
vt 0.137350 0.315184
vt 0.133520 0.303618
vt 0.136965 0.309303
vt 0.136282 0.305898
vt 0.138682 0.319679
vt 0.141370 0.311807
vt 0.141013 0.323937
vt 0.142738 0.315524
vt 0.137230 0.327479
vt 0.143164 0.320932
vt 0.104719 0.332905
vt 0.101037 0.333974
vt 0.106883 0.333496
vt 0.142317 0.328322
vt 0.143708 0.305537
vt 0.139487 0.303228
vt 0.146160 0.318625
vt 0.146278 0.309440
vt 0.147081 0.315363
vt 0.117537 0.976678
vt 0.113323 0.975040
vt 0.110883 0.975000
vt 0.110375 0.973765
vt 0.114476 0.974478
vt 0.109447 0.973633
vt 0.490702 0.061424
vt 0.492431 0.061338
vt 0.491431 0.063413
vt 0.493472 0.063077
vt 0.490399 0.063117
vt 0.491431 0.058801
vt 0.190254 0.443674
vt 0.189399 0.443743
vt 0.189324 0.442352
vt 0.189907 0.441583
vt 0.190860 0.445267
vt 0.189907 0.445427
vt 0.713134 0.915849
vt 0.710829 0.915849
vt 0.712436 0.916603
vt 0.712165 0.915065
vt 0.644938 0.564541
vt 0.641914 0.564073
vt 0.641760 0.560114
vt 0.643778 0.558570
vt 0.646017 0.558075
vt 0.644081 0.554273
vt 0.647205 0.565853
vt 0.646918 0.550445
vt 0.642473 0.555860
vt 0.641325 0.568945
vt 0.639988 0.563970
vt 0.640047 0.561778
vt 0.638151 0.565777
vt 0.638953 0.568765
vt 0.637865 0.563990
vt 0.650262 0.561756
vt 0.652193 0.559304
vt 0.651203 0.558777
vt 0.652693 0.556278
vt 0.651385 0.556616
vt 0.653513 0.552793
vt 0.654229 0.553360
vt 0.653994 0.555372
vt 0.655210 0.553003
vt 0.654858 0.555367
vt 0.654310 0.556371
vt 0.654679 0.552064
vt 0.641117 0.558292
vt 0.655805 0.551212
vt 0.657012 0.551246
vt 0.656780 0.550520
vt 0.657650 0.549962
vt 0.658602 0.550840
vt 0.958311 0.564229
vt 0.958173 0.566457
vt 0.956481 0.566614
vt 0.960365 0.561870
vt 0.956671 0.568830
vt 0.960107 0.560292
vt 0.957367 0.563336
vt 0.961982 0.559106
vt 0.957461 0.562403
vt 0.958695 0.560475
vt 0.955356 0.565867
vt 0.961397 0.557648
vt 0.954979 0.567259
vt 0.956482 0.562783
vt 0.960166 0.558594
vt 0.756779 0.906250
vt 0.754283 0.904999
vt 0.754910 0.902785
vt 0.751989 0.901039
vt 0.753772 0.898144
vt 0.750924 0.897666
vt 0.752882 0.895254
vt 0.750238 0.901702
vt 0.751477 0.906354
vt 0.750243 0.908082
vt 0.752537 0.912051
vt 0.755154 0.908687
vt 0.757389 0.909916
vt 0.749096 0.894559
vt 0.752808 0.893910
vt 0.757604 0.896443
vt 0.755908 0.897064
vt 0.758521 0.900648
vt 0.760760 0.900412
vt 0.760726 0.903467
vt 0.763365 0.900662
vt 0.765393 0.904629
vt 0.763528 0.905976
vt 0.757894 0.903438
vt 0.747733 0.897273
vt 0.743849 0.894004
vt 0.742533 0.897229
vt 0.738242 0.895924
vt 0.737741 0.898689
vt 0.756198 0.901316
vt 0.741422 0.901879
vt 0.745602 0.899744
vt 0.736037 0.902764
vt 0.736449 0.906514
vt 0.742065 0.907900
vt 0.738224 0.909641
vt 0.741802 0.911707
vt 0.737202 0.911055
vt 0.735998 0.909350
vt 0.747786 0.900980
vt 0.744931 0.909769
vt 0.746363 0.911177
vt 0.746350 0.907553
vt 0.744508 0.904467
vt 0.746180 0.903907
vt 0.736075 0.908065
vt 0.733871 0.906935
vt 0.735157 0.909680
vt 0.766400 0.909235
vt 0.762748 0.897562
vt 0.768919 0.907253
vt 0.771097 0.912492
vt 0.767142 0.898683
vt 0.756549 0.890513
vt 0.762434 0.894003
vt 0.751098 0.890028
vt 0.753372 0.886073
vt 0.757676 0.885335
vt 0.752783 0.880528
vt 0.760889 0.881202
vt 0.755369 0.876695
vt 0.749309 0.885957
vt 0.748075 0.880444
vt 0.749556 0.874807
vt 0.746145 0.876242
vt 0.761641 0.889789
vt 0.761310 0.875292
vt 0.765464 0.879052
vt 0.766710 0.885212
vt 0.748583 0.891763
vt 0.754174 0.872894
vt 0.766480 0.889684
vt 0.770956 0.890114
vt 0.771569 0.886129
vt 0.770712 0.893553
vt 0.774068 0.893134
vt 0.773181 0.897069
vt 0.769204 0.879836
vt 0.774447 0.888602
vt 0.760039 0.872022
vt 0.764874 0.874444
vt 0.766033 0.895113
vt 0.766163 0.891723
vt 0.774001 0.883210
vt 0.770140 0.877145
vt 0.776114 0.886115
vt 0.759004 0.908355
vt 0.760018 0.910679
vt 0.762481 0.911913
vt 0.972524 0.780057
vt 0.976251 0.778263
vt 0.975312 0.775765
vt 0.971769 0.776362
vt 0.975017 0.773636
vt 0.977850 0.776534
vt 0.977110 0.777543
vt 0.977538 0.779539
vt 0.448548 0.961554
vt 0.452760 0.961165
vt 0.451494 0.962704
vt 0.455028 0.963490
vt 0.454731 0.960181
vt 0.455896 0.961831
vt 0.456052 0.963445
vt 0.456605 0.959497
vt 0.840855 0.048212
vt 0.844092 0.049337
vt 0.842686 0.051222
vt 0.844474 0.051811
vt 0.844167 0.053420
vt 0.825468 0.048022
vt 0.827241 0.048354
vt 0.826160 0.049136
vt 0.866808 0.440175
vt 0.867862 0.436314
vt 0.867808 0.433684
vt 0.865411 0.433863
vt 0.864945 0.431431
vt 0.865209 0.436935
vt 0.866427 0.430822
vt 0.868154 0.432951
vt 0.314511 0.944018
vt 0.319259 0.942413
vt 0.314801 0.942493
vt 0.317423 0.945042
vt 0.319406 0.943792
vt 0.318505 0.940766
vt 0.321311 0.941169
vt 0.322197 0.940105
vt 0.318817 0.939662
vt 0.314874 0.940105
vt 0.908482 0.691985
vt 0.905084 0.690709
vt 0.911104 0.689012
vt 0.908010 0.686768
vt 0.912140 0.685028
vt 0.908631 0.683710
vt 0.911641 0.681937
vt 0.915685 0.682420
vt 0.913031 0.676777
vt 0.917591 0.678514
vt 0.918186 0.675812
vt 0.908320 0.679834
vt 0.915907 0.686127
vt 0.905095 0.682782
vt 0.915458 0.674006
vt 0.911655 0.670831
vt 0.916540 0.669382
vt 0.913351 0.663631
vt 0.917113 0.664295
vt 0.917013 0.660459
vt 0.922088 0.661496
vt 0.920210 0.656479
vt 0.924876 0.656572
vt 0.914966 0.656549
vt 0.919127 0.653342
vt 0.915159 0.653449
vt 0.915985 0.650695
vt 0.912787 0.651425
vt 0.916677 0.647216
vt 0.910991 0.656221
vt 0.907837 0.652033
vt 0.909650 0.648057
vt 0.904780 0.648948
vt 0.907400 0.644022
vt 0.903731 0.645654
vt 0.907397 0.657085
vt 0.903475 0.656441
vt 0.905087 0.660817
vt 0.901407 0.661748
vt 0.899376 0.658664
vt 0.897914 0.663281
vt 0.900112 0.665942
vt 0.896640 0.668059
vt 0.900577 0.654856
vt 0.898680 0.670502
vt 0.902327 0.670990
vt 0.901131 0.675839
vt 0.897511 0.674992
vt 0.897496 0.678172
vt 0.903344 0.665411
vt 0.905712 0.670201
vt 0.895938 0.672449
vt 0.894393 0.670083
vt 0.903045 0.651878
vt 0.909058 0.661556
vt 0.912929 0.646152
vt 0.917124 0.642513
vt 0.921495 0.647201
vt 0.924192 0.643515
vt 0.924367 0.640374
vt 0.931442 0.643894
vt 0.928885 0.637879
vt 0.924621 0.636073
vt 0.932275 0.640910
vt 0.920078 0.637448
vt 0.915734 0.636407
vt 0.911084 0.637037
vt 0.913947 0.633903
vt 0.912012 0.631700
vt 0.906453 0.633859
vt 0.908024 0.629131
vt 0.918451 0.633870
vt 0.907935 0.638322
vt 0.923421 0.631495
vt 0.927602 0.647133
vt 0.931816 0.647871
vt 0.928588 0.650997
vt 0.933387 0.650784
vt 0.929442 0.654010
vt 0.937163 0.645796
vt 0.938819 0.648066
vt 0.924778 0.650436
vt 0.912163 0.642178
vt 0.920223 0.650230
vt 0.926989 0.660543
vt 0.924798 0.666642
vt 0.928480 0.665841
vt 0.928211 0.671547
vt 0.924399 0.653012
vt 0.913335 0.659233
vt 0.920439 0.668478
vt 0.908106 0.666362
vt 0.903732 0.684195
vt 0.919011 0.673123
vt 0.906215 0.689051
vt 0.902269 0.681367
vt 0.900216 0.681989
vt 0.899726 0.678772
vt 0.923755 0.673801
vt 0.928917 0.674127
vt 0.932505 0.673227
vt 0.907867 0.674955
vt 0.903280 0.686523
vt 0.901031 0.685971
vt 0.903148 0.688104
vt 0.294877 0.287087
vt 0.297412 0.283244
vt 0.292243 0.283244
vt 0.300691 0.286979
vt 0.028028 0.559954
vt 0.026067 0.556111
vt 0.022657 0.558842
vt 0.031106 0.556111
vt 0.716206 0.075075
vt 0.720046 0.074174
vt 0.720046 0.078017
vt 0.874595 0.951144
vt 0.877049 0.955398
vt 0.879800 0.950423
vt 0.873388 0.953469
vt 0.870584 0.950423
vt 0.871060 0.954456
vt 0.873318 0.958109
vt 0.871660 0.957924
vt 0.299923 0.877402
vt 0.294547 0.877402
vt 0.296303 0.882014
vt 0.524317 0.777113
vt 0.524980 0.776839
vt 0.525045 0.775634
vt 0.523834 0.775173
vt 0.525938 0.775424
vn -0.9461 0.2189 0.2386
vn -0.9592 0.2675 0.0919
vn -0.9438 0.1987 0.2640
vn -0.9412 0.1944 0.2764
vn -0.9513 0.3068 0.0298
vn -0.7542 0.0484 0.6549
vn -0.9374 0.2504 0.2419
vn -0.9101 0.3884 0.1445
vn -0.9379 0.3455 0.0303
vn -0.6714 0.4564 0.5838
vn -0.8680 0.4774 -0.1368
vn -0.7043 0.2598 -0.6607
vn -0.9060 0.4027 -0.1303
vn -0.9870 0.1570 0.0356
vn -0.9938 0.0932 -0.0603
vn -0.9236 0.3675 -0.1090
vn -0.8814 0.4219 -0.2125
vn -0.9933 0.0507 0.1037
vn -0.5092 0.8433 -0.1719
vn -0.9846 0.1073 -0.1379
vn -0.9058 0.4136 -0.0918
vn -0.9638 0.1911 -0.1858
vn -0.8364 0.5386 -0.1016
vn -0.8587 0.5078 -0.0689
vn -0.8455 0.4947 -0.2009
vn -0.8862 0.3673 -0.2825
vn -0.9818 0.1877 0.0299
vn -0.8772 0.4410 -0.1900
vn -0.9011 0.4149 0.1261
vn -0.7444 0.4420 -0.5005
vn -0.7199 0.6848 -0.1130
vn -0.8313 0.5443 0.1128
vn -0.7625 0.5965 -0.2505
vn -0.9074 0.4141 0.0718
vn -0.9016 0.3955 -0.1755
vn -0.9848 0.1730 -0.0120
vn -0.9741 0.1714 0.1475
vn -0.9912 0.0320 -0.1288
vn -0.8206 0.4763 -0.3158
vn -0.8314 0.5228 -0.1882
vn -0.9177 0.3443 0.1983
vn -0.9586 0.2811 -0.0447
vn -0.7423 0.6575 0.1293
vn -0.8310 0.3459 0.4357
vn -0.6021 0.7968 -0.0514
vn -0.7412 0.5710 0.3528
vn -0.2923 0.9401 -0.1757
vn -0.5799 0.7641 0.2826
vn -0.3851 0.2134 -0.8979
vn -0.5700 0.3119 -0.7602
vn -0.4687 0.2825 -0.8370
vn -0.6239 0.4408 -0.6453
vn -0.2633 -0.9344 0.2401
vn -0.3850 -0.9118 0.1424
vn -0.2165 -0.9733 0.0765
vn -0.3964 -0.9180 0.0151
vn -0.0972 -0.9781 0.1842
vn -0.4388 -0.8652 0.2428
vn -0.1478 -0.9266 0.3457
vn -0.2997 -0.8789 0.3712
vn -0.1503 -0.8721 0.4657
vn -0.0326 -0.9163 0.3992
vn -0.2624 -0.8469 0.4625
vn -0.4735 -0.8081 0.3504
vn -0.3358 -0.7954 0.5045
vn -0.5008 -0.7275 0.4691
vn -0.5655 -0.8109 0.1506
vn -0.5423 -0.8377 0.0637
vn -0.6279 -0.7425 0.2336
vn -0.6736 -0.6734 0.3045
vn -0.6748 -0.6288 0.3863
vn -0.1149 -0.7738 0.6229
vn -0.3061 -0.6940 0.6517
vn -0.4974 -0.6378 0.5880
vn -0.1621 -0.6763 0.7185
vn -0.0080 -0.8421 0.5392
vn 0.0853 -0.9647 0.2491
vn 0.0099 -0.9960 0.0892
vn 0.1259 -0.9192 0.3730
vn 0.1519 -0.8629 0.4819
vn -0.0040 -0.7539 0.6570
vn -0.0412 -0.6306 0.7750
vn 0.1105 -0.7867 0.6073
vn -0.1057 -0.9932 -0.0485
vn -0.3137 -0.9456 -0.0862
vn 0.2205 -0.9704 0.0987
vn 0.3132 -0.8618 0.3990
vn 0.3182 -0.9107 0.2633
vn 0.2724 -0.8132 0.5142
vn 0.0775 -0.6599 0.7473
vn 0.2210 -0.7000 0.6791
vn -0.3295 -0.5844 0.7415
vn -0.1620 -0.5385 0.8269
vn 0.1438 -0.9868 -0.0741
vn 0.4127 -0.6902 0.5944
vn 0.3945 -0.9107 0.1224
vn -0.6761 -0.5158 0.5261
vn -0.5888 -0.4866 0.6453
vn 0.0450 -0.5351 0.8436
vn 0.1960 -0.5673 0.7998
vn -0.0261 -0.4650 0.8849
vn 0.4590 -0.7763 0.4320
vn 0.4499 -0.8302 0.3292
vn -0.3620 -0.4532 0.8146
vn 0.4176 -0.5733 0.7049
vn 0.4975 -0.8368 0.2286
vn 0.3574 -0.9326 -0.0491
vn 0.5884 -0.6436 0.4895
vn 0.5603 -0.8239 0.0850
vn 0.6327 -0.4839 0.6046
vn 0.6158 -0.7265 0.3050
vn 0.5226 -0.8526 0.0019
vn 0.3033 -0.9312 -0.2024
vn 0.1515 -0.9622 -0.2263
vn 0.6572 -0.7367 0.1590
vn 0.5492 -0.8313 -0.0853
vn 0.4832 -0.8532 -0.1966
vn 0.7341 -0.5992 0.3194
vn 0.7566 -0.6222 0.2010
vn 0.6841 -0.7292 -0.0132
vn 0.7422 -0.5100 0.4349
vn 0.7870 -0.6141 0.0597
vn -0.4706 -0.0624 -0.8802
vn -0.6387 -0.1175 -0.7605
vn -0.4457 0.1117 -0.8882
vn -0.3077 0.0665 -0.9492
vn -0.4241 0.0947 -0.9007
vn -0.4921 -0.0606 -0.8684
vn -0.4747 -0.1371 -0.8694
vn -0.0889 -0.1853 -0.9786
vn -0.4452 0.0086 -0.8954
vn -0.5111 0.0748 -0.8563
vn -0.2008 0.0148 -0.9795
vn -0.2318 0.0666 -0.9705
vn -0.4210 0.0477 -0.9058
vn -0.4366 -0.1392 -0.8888
vn -0.6224 0.0457 -0.7813
vn -0.1887 -0.1381 -0.9723
vn -0.5550 0.1337 -0.8211
vn -0.2466 0.1080 -0.9631
vn -0.7075 0.0841 -0.7017
vn -0.5440 0.0129 -0.8390
vn -0.5529 0.2673 -0.7892
vn -0.7838 -0.2038 -0.5866
vn -0.3133 -0.0905 -0.9453
vn -0.6269 -0.3051 -0.7169
vn -0.6359 -0.2686 -0.7235
vn -0.6772 -0.3059 -0.6692
vn -0.7080 0.2428 -0.6632
vn -0.6825 0.2225 -0.6961
vn -0.8986 -0.2473 -0.3625
vn -0.8700 0.2207 -0.4409
vn -0.9193 -0.1098 -0.3778
vn -0.8702 0.0195 -0.4924
vn -0.8125 -0.2132 -0.5426
vn -0.1970 -0.4708 -0.8600
vn 0.1955 -0.1815 -0.9638
vn -0.9023 0.1805 -0.3914
vn -0.2167 -0.3565 -0.9088
vn -0.5968 -0.3631 -0.7155
vn -0.3839 -0.2818 -0.8793
vn -0.7067 -0.2222 -0.6718
vn -0.4637 -0.1010 -0.8802
vn -0.2339 -0.2253 -0.9458
vn -0.4133 0.0175 -0.9104
vn -0.6915 0.0192 -0.7221
vn -0.6019 0.1825 -0.7775
vn -0.3338 0.2236 -0.9158
vn -0.2232 0.0939 -0.9702
vn -0.2007 -0.1121 -0.9732
vn -0.8078 0.0872 -0.5829
vn -0.8640 -0.1572 -0.4783
vn -0.8562 -0.2963 -0.4232
vn -0.3875 -0.3330 -0.8596
vn -0.0787 -0.0612 -0.9950
vn -0.3150 -0.5368 -0.7827
vn -0.0507 0.0937 -0.9943
vn -0.4218 0.3438 -0.8390
vn -0.6789 0.3215 -0.6601
vn -0.7479 -0.4581 -0.4804
vn -0.7395 -0.4678 -0.4841
vn -0.2126 0.3169 -0.9243
vn -0.8362 0.2098 -0.5067
vn -0.2782 0.4358 -0.8560
vn -0.4797 0.4761 -0.7370
vn -0.6389 0.5014 -0.5835
vn 0.1469 -0.3788 -0.9137
vn -0.8473 -0.4370 -0.3017
vn -0.9308 -0.1972 -0.3079
vn -0.7832 0.3867 -0.4870
vn -0.9123 0.2315 -0.3378
vn -0.8091 0.4551 -0.3717
vn -0.9236 0.2877 -0.2532
vn -0.8733 0.4395 -0.2101
vn -0.7210 0.3992 0.5664
vn -0.6178 0.0847 0.7817
vn -0.4039 0.0175 0.9147
vn 0.0569 0.0289 0.9980
vn 0.2530 0.2257 0.9408
vn 0.2959 0.1181 0.9479
vn 0.1127 -0.0352 0.9930
vn 0.2055 0.1689 0.9640
vn 0.2376 -0.1351 0.9619
vn 0.3544 -0.0430 0.9341
vn 0.4061 0.1991 0.8919
vn -0.0113 0.0491 0.9987
vn 0.0257 0.0172 0.9995
vn 0.3079 -0.0331 0.9508
vn -0.0156 -0.0691 0.9975
vn -0.0191 -0.0478 0.9987
vn -0.1329 0.0831 0.9876
vn 0.0071 -0.1052 0.9944
vn -0.1044 0.0057 0.9945
vn -0.2941 -0.0461 0.9547
vn 0.0750 -0.2180 0.9731
vn -0.1351 -0.0889 0.9868
vn -0.0221 -0.2039 0.9787
vn -0.0777 -0.0290 0.9966
vn -0.2600 0.1142 0.9588
vn -0.1527 -0.2488 0.9565
vn 0.1533 -0.0489 0.9870
vn 0.2207 0.0589 0.9736
vn -0.1715 0.1055 0.9795
vn 0.0332 -0.3506 0.9359
vn 0.2115 -0.2904 0.9332
vn 0.0974 -0.4267 0.8991
vn -0.0423 -0.3647 0.9301
vn -0.2305 0.3168 0.9200
vn -0.2208 0.1974 0.9551
vn -0.3345 -0.0409 0.9415
vn -0.3121 -0.2265 0.9227
vn 0.4011 0.0979 0.9108
vn 0.4327 -0.0126 0.9015
vn 0.4836 -0.0652 0.8729
vn 0.2272 0.3406 0.9123
vn 0.4265 -0.2214 0.8770
vn 0.5641 -0.1209 0.8168
vn -0.2006 -0.3981 0.8952
vn 0.3962 -0.3192 0.8609
vn -0.0261 -0.4650 0.8849
vn 0.0450 -0.5351 0.8436
vn 0.3139 -0.4536 0.8341
vn 0.5598 0.0356 0.8279
vn -0.1620 -0.5385 0.8269
vn -0.4914 0.0859 0.8667
vn -0.1620 0.3848 0.9087
vn -0.0297 0.3230 0.9459
vn 0.2125 0.5363 0.8168
vn -0.4363 -0.3271 0.8382
vn 0.1960 -0.5673 0.7998
vn 0.4639 -0.1051 0.8796
vn 0.4902 0.0308 0.8711
vn 0.5294 0.5225 0.6684
vn 0.4083 -0.0084 0.9128
vn 0.3437 -0.1473 0.9275
vn 0.3152 -0.1158 0.9419
vn 0.2533 0.0232 0.9671
vn 0.2968 -0.1347 0.9454
vn -0.1304 0.1461 0.9806
vn -0.0895 0.1168 0.9891
vn 0.5163 -0.0286 0.8560
vn 0.4783 0.0413 0.8772
vn 0.6101 0.2288 0.7586
vn 0.5319 -0.1379 0.8355
vn 0.4923 -0.2103 0.8446
vn 0.5475 0.0466 0.8355
vn -0.1058 0.3702 0.9229
vn 0.5913 0.3188 0.7408
vn 0.6237 -0.0055 0.7817
vn 0.6639 -0.0047 0.7478
vn 0.4722 0.3785 0.7961
vn 0.6452 0.2672 0.7158
vn 0.1844 0.5597 0.8079
vn -0.3434 0.2970 0.8910
vn 0.5693 0.3388 0.7490
vn 0.6153 -0.2280 0.7546
vn 0.6703 -0.2351 0.7039
vn 0.5474 -0.3973 0.7365
vn 0.6588 -0.2533 0.7083
vn 0.7275 0.0353 0.6852
vn 0.5760 0.5365 0.6168
vn 0.7692 0.1832 0.6122
vn 0.7146 0.2687 0.6458
vn 0.5152 0.5026 0.6942
vn 0.7620 -0.0765 0.6430
vn 0.7353 -0.2075 0.6452
vn 0.4176 -0.5733 0.7049
vn 0.7961 0.2919 0.5301
vn 0.8713 0.1234 0.4750
vn 0.6591 0.4018 0.6357
vn 0.8244 -0.0947 0.5580
vn 0.7572 -0.3104 0.5748
vn 0.6327 -0.4839 0.6046
vn 0.8543 -0.1062 0.5089
vn 0.8316 -0.3264 0.4494
vn 0.7422 -0.5100 0.4349
vn 0.0860 0.2144 0.9729
vn -0.2402 0.3493 0.9057
vn -0.5125 -0.0767 0.8553
vn -0.2406 -0.0751 0.9677
vn -0.4519 -0.1309 0.8824
vn -0.3299 -0.0936 0.9394
vn -0.4511 -0.1069 0.8860
vn -0.3459 -0.0579 0.9365
vn -0.4735 0.0512 0.8793
vn -0.4610 -0.1717 0.8706
vn -0.4782 -0.1004 0.8725
vn -0.5322 0.1284 0.8368
vn -0.4947 0.0075 0.8690
vn -0.4363 -0.0485 0.8985
vn -0.4271 0.1209 0.8961
vn -0.6013 -0.0713 0.7959
vn -0.7187 0.1173 0.6854
vn -0.6205 -0.2547 0.7416
vn -0.5516 -0.2614 0.7921
vn -0.5883 0.2599 0.7657
vn -0.5440 0.0184 0.8389
vn -0.6306 0.2073 0.7479
vn -0.6604 0.3207 0.6790
vn -0.7552 0.2651 0.5995
vn -0.4417 0.3024 0.8447
vn -0.7279 0.0563 0.6834
vn -0.8577 0.1625 0.4879
vn -0.4705 0.3895 0.7918
vn -0.7238 0.3615 0.5877
vn -0.0035 0.3261 0.9453
vn -0.6475 -0.2512 0.7195
vn -0.8670 0.1505 0.4750
vn -0.8440 -0.0058 0.5363
vn -0.6977 0.3184 0.6417
vn -0.5495 0.3841 0.7419
vn -0.7795 -0.2314 0.5821
vn -0.8354 -0.0868 0.5428
vn -0.9221 -0.1498 0.3569
vn -0.8310 0.3459 0.4357
vn -0.5799 0.7641 0.2826
vn -0.2591 0.3350 0.9059
vn -0.6967 0.2357 0.6776
vn -0.7164 0.0229 0.6973
vn -0.5686 -0.1287 0.8125
vn -0.7970 -0.0752 0.5992
vn -0.6598 -0.2246 0.7171
vn -0.6141 -0.3922 0.6849
vn -0.8296 -0.1882 0.5257
vn -0.3307 0.5617 0.7584
vn -0.3620 -0.4532 0.8146
vn -0.7412 0.5710 0.3528
vn -0.5888 -0.4866 0.6453
vn 0.0749 0.4314 0.8990
vn 0.0521 -0.0066 -0.9986
vn 0.1600 -0.1168 -0.9802
vn -0.0539 -0.1181 -0.9915
vn 0.0912 -0.2826 -0.9549
vn -0.1637 -0.2447 -0.9557
vn 0.2882 -0.3034 -0.9082
vn -0.0036 -0.4053 -0.9142
vn 0.2366 0.0160 -0.9715
vn 0.3369 -0.1090 -0.9352
vn 0.0430 0.1295 -0.9906
vn 0.3006 0.1477 -0.9423
vn 0.4285 -0.0072 -0.9035
vn 0.4671 -0.1962 -0.8622
vn 0.4033 0.1486 -0.9029
vn 0.5756 0.0713 -0.8146
vn 0.6004 -0.0581 -0.7976
vn 0.3972 -0.4211 -0.8154
vn 0.6053 -0.1956 -0.7716
vn 0.5203 -0.3432 -0.7820
vn 0.2012 -0.5146 -0.8335
vn 0.6712 -0.3401 -0.6587
vn 0.3701 -0.5884 -0.7189
vn 0.5356 -0.5241 -0.6622
vn 0.7525 -0.0678 -0.6551
vn 0.7733 -0.2210 -0.5943
vn 0.6649 -0.4697 -0.5808
vn 0.7951 0.0953 -0.5989
vn 0.6187 0.1769 -0.7655
vn -0.0622 -0.5694 -0.8197
vn 0.1889 -0.6925 -0.6962
vn 0.4888 -0.6834 -0.5422
vn 0.6095 -0.6099 -0.5065
vn -0.0092 -0.6638 -0.7478
vn 0.3242 -0.7408 -0.5884
vn -0.1958 -0.4488 -0.8719
vn 0.7808 -0.3837 -0.4932
vn 0.7503 -0.5210 -0.4071
vn 0.8767 -0.0839 -0.4736
vn 0.8748 -0.2192 -0.4321
vn 0.8669 0.0402 -0.4969
vn 0.3790 -0.7926 -0.4776
vn 0.5257 -0.7517 -0.3983
vn 0.1417 -0.8210 -0.5530
vn 0.2316 -0.8955 -0.3800
vn 0.6656 -0.6613 -0.3458
vn -0.0460 -0.7867 -0.6156
vn 0.8757 -0.3682 -0.3123
vn 0.7909 -0.5425 -0.2831
vn 0.6028 -0.7629 -0.2336
vn 0.3907 -0.8657 -0.3128
vn 0.7571 -0.6320 -0.1655
vn 0.4832 -0.8532 -0.1966
vn 0.8711 -0.4647 -0.1591
vn 0.6667 -0.7353 -0.1216
vn 0.3033 -0.9312 -0.2024
vn 0.1515 -0.9622 -0.2263
vn 0.5492 -0.8313 -0.0853
vn 0.8334 -0.5501 -0.0536
vn 0.6841 -0.7292 -0.0132
vn 0.7870 -0.6141 0.0597
vn 0.7618 0.4494 -0.4666
vn 0.9009 0.3597 -0.2427
vn 0.4688 0.6137 -0.6353
vn 0.6845 0.5354 -0.4947
vn 0.9451 0.3237 0.0445
vn 0.8476 0.3983 -0.3507
vn 0.9560 0.0585 0.2875
vn 0.9897 -0.1178 0.0811
vn 0.9843 0.1152 -0.1336
vn 0.5200 0.5574 -0.6472
vn 0.5353 0.5730 -0.6206
vn 0.8929 -0.3625 0.2672
vn 0.5336 0.5862 0.6096
vn 0.3743 0.6767 0.6340
vn 0.4896 0.5002 0.7143
vn 0.3174 0.5452 0.7759
vn 0.4584 0.7320 0.5041
vn 0.6410 0.5896 0.4915
vn 0.5786 0.7173 0.3882
vn 0.4274 0.8213 0.3779
vn 0.2721 0.8198 0.5039
vn 0.2265 0.6962 0.6812
vn 0.0734 0.7817 0.6193
vn 0.2603 0.8994 0.3511
vn 0.7029 0.5909 0.3960
vn 0.5475 0.7981 0.2515
vn 0.6770 0.6900 0.2558
vn 0.3907 0.8929 0.2237
vn 0.5187 0.8492 0.0994
vn 0.6437 0.7550 0.1249
vn 0.1889 0.9588 0.2120
vn 0.3813 0.9201 0.0896
vn 0.2646 0.9548 0.1352
vn 0.0432 0.8586 0.5109
vn 0.0511 0.9146 0.4010
vn 0.0305 0.9620 0.2712
vn 0.4386 0.8981 -0.0315
vn 0.7787 0.6118 0.1394
vn 0.7808 0.5731 0.2488
vn 0.6861 0.7267 0.0352
vn 0.5781 0.8146 -0.0472
vn 0.2324 0.9724 -0.0180
vn 0.3184 0.9368 -0.1452
vn 0.0690 0.9954 0.0660
vn 0.6925 0.7157 -0.0905
vn 0.4379 0.8802 -0.1831
vn -0.0594 0.9826 0.1762
vn 0.5908 0.7815 -0.2007
vn 0.1868 0.9666 -0.1757
vn 0.8159 0.5782 0.0052
vn 0.8101 0.4585 0.3654
vn 0.0270 0.9936 -0.1095
vn 0.4206 0.8520 -0.3117
vn 0.7201 0.6592 -0.2165
vn 0.5384 0.7740 -0.3333
vn 0.6702 0.6731 -0.3129
vn 0.8236 0.5526 -0.1282
vn 0.8916 0.4456 0.0799
vn 0.8836 0.4184 0.2104
vn 0.5493 0.7027 -0.4522
vn -0.1677 0.9411 0.2937
vn -0.1623 0.8774 0.4514
vn 0.7372 0.5640 -0.3721
vn 0.6508 0.5568 -0.5162
vn 0.4345 0.6901 -0.5787
vn 0.5660 0.5313 -0.6304
vn -0.3238 0.8523 0.4108
vn -0.1621 0.7926 0.5878
vn -0.3701 0.7407 0.5607
vn 0.0404 0.9344 -0.3540
vn -0.1381 0.9441 -0.2993
vn 0.0142 0.9631 -0.2689
vn -0.1672 0.9669 -0.1928
vn -0.1081 0.9028 -0.4162
vn -0.0979 0.9952 0.0040
vn -0.3005 0.9187 -0.2562
vn -0.2604 0.9654 -0.0123
vn -0.3204 0.9381 -0.1314
vn -0.2349 0.8765 -0.4202
vn -0.4376 0.8810 -0.1800
vn -0.3917 0.8570 -0.3349
vn -0.0302 0.8725 -0.4877
vn -0.1761 0.8424 -0.5092
vn -0.3846 0.8079 -0.4466
vn -0.1904 0.7868 -0.5871
vn -0.5107 0.8120 -0.2826
vn -0.0309 0.8033 -0.5947
vn 0.1197 0.8947 -0.4303
vn 0.1064 0.8339 -0.5416
vn 0.2600 0.9192 -0.2957
vn -0.3603 0.7380 -0.5706
vn 0.2487 0.8622 -0.4413
vn -0.0313 0.7315 -0.6811
vn -0.1186 0.6880 -0.7160
vn 0.0928 0.7524 -0.6521
vn -0.2525 0.6920 -0.6763
vn 0.2559 0.7906 -0.5563
vn -0.4973 0.6868 -0.5301
vn -0.5433 0.7530 -0.3713
vn -0.4420 0.6112 -0.6565
vn 0.0275 0.6407 -0.7673
vn 0.1305 0.6330 -0.7630
vn -0.0763 0.6045 -0.7930
vn 0.3779 0.8188 -0.4322
vn 0.2446 0.6509 -0.7186
vn -0.2002 0.5787 -0.7906
vn 0.1044 0.5375 -0.8368
vn 0.1853 0.5033 -0.8440
vn -0.0069 0.4816 -0.8763
vn -0.1001 0.4751 -0.8742
vn 0.3840 0.5199 -0.7631
vn -0.2782 0.4358 -0.8560
vn -0.4797 0.4761 -0.7370
vn -0.4107 0.9117 0.0127
vn -0.6595 0.6123 -0.4360
vn -0.6134 0.7457 -0.2601
vn -0.7397 0.6146 -0.2743
vn -0.6389 0.5014 -0.5835
vn -0.6231 0.7699 -0.1382
vn -0.5497 0.8339 -0.0488
vn -0.2758 0.9536 0.1209
vn -0.7250 0.6663 -0.1744
vn -0.3864 0.9121 0.1372
vn -0.4474 0.8913 0.0732
vn -0.3338 0.9032 0.2699
vn -0.8091 0.4551 -0.3717
vn -0.7955 0.5946 -0.1165
vn -0.8733 0.4395 -0.2101
vn -0.9803 -0.1657 0.1071
vn -0.9559 -0.2929 0.0198
vn -0.9201 -0.3719 0.1226
vn -0.9765 -0.1491 0.1554
vn -0.9227 -0.2976 0.2449
vn -0.9969 -0.0664 0.0423
vn -0.9949 -0.0828 -0.0585
vn -0.9507 -0.2939 -0.0988
vn -0.8798 -0.4712 0.0627
vn -0.9044 -0.4246 -0.0422
vn -0.8032 -0.5437 0.2434
vn -0.7706 -0.6113 0.1802
vn -0.8087 -0.5873 -0.0337
vn -0.8885 -0.4208 -0.1832
vn -0.7932 -0.5979 -0.1153
vn -0.7509 -0.6585 0.0512
vn -0.7939 -0.4822 0.3705
vn -0.9075 -0.2549 0.3338
vn -0.6713 -0.7338 0.1041
vn -0.6736 -0.6734 0.3045
vn -0.6748 -0.6288 0.3863
vn -0.6279 -0.7425 0.2336
vn -0.8741 -0.3727 -0.3116
vn -0.8264 -0.3520 -0.4395
vn -0.7590 -0.5193 -0.3927
vn -0.7350 -0.4145 -0.5366
vn -0.7962 -0.5459 -0.2610
vn -0.7105 -0.6319 -0.3098
vn -0.6058 -0.5721 -0.5529
vn -0.6237 -0.6904 -0.3666
vn -0.5519 -0.6792 -0.4838
vn -0.6751 -0.7108 -0.1976
vn -0.5366 -0.7931 -0.2883
vn -0.6047 -0.7836 -0.1425
vn -0.4608 -0.7798 -0.4238
vn -0.6597 -0.7506 -0.0370
vn -0.4355 -0.8847 -0.1665
vn -0.5075 -0.8605 -0.0445
vn -0.5423 -0.8377 0.0637
vn -0.5655 -0.8109 0.1506
vn -0.3328 -0.8689 -0.3664
vn -0.3362 -0.9130 -0.2310
vn -0.4237 -0.6705 -0.6090
vn -0.3137 -0.9456 -0.0862
vn -0.3964 -0.9180 0.0151
vn -0.1364 -0.9356 -0.3257
vn -0.2654 -0.7938 -0.5472
vn -0.4973 -0.5478 -0.6727
vn -0.0651 -0.9814 -0.1807
vn -0.0958 -0.8848 -0.4561
vn -0.1057 -0.9932 -0.0485
vn -0.2443 -0.6660 -0.7048
vn -0.6453 -0.3772 -0.6643
vn -0.3649 -0.5419 -0.7571
vn -0.0460 -0.7867 -0.6156
vn 0.0304 -0.9461 -0.3224
vn 0.0549 -0.8910 -0.4507
vn -0.5178 -0.3343 -0.7875
vn 0.1417 -0.8210 -0.5530
vn -0.0092 -0.6638 -0.7478
vn 0.1438 -0.9868 -0.0741
vn 0.1515 -0.9622 -0.2263
vn -0.0622 -0.5694 -0.8197
vn -0.1958 -0.4488 -0.8719
vn 0.2316 -0.8955 -0.3800
vn -0.3424 -0.3362 -0.8774
vn -0.7658 -0.2415 -0.5960
vn -0.6049 -0.2085 -0.7685
vn -0.7784 -0.1004 -0.6197
vn -0.4190 -0.1814 -0.8897
vn -0.6714 -0.0234 -0.7407
vn 0.5399 0.0709 -0.8388
vn 0.5019 0.0019 -0.8649
vn 0.5275 0.3104 -0.7908
vn 0.8425 -0.2173 -0.4930
vn 0.3694 0.1037 -0.9235
vn 0.6823 0.2158 -0.6985
vn 0.6206 0.3135 -0.7188
vn 0.6035 0.2745 -0.7486
vn 0.8530 -0.0987 -0.5124
vn 0.8019 0.2170 -0.5566
vn 0.8446 0.1657 -0.5091
vn 0.7669 -0.0797 -0.6367
vn 0.8511 0.0831 -0.5184
vn 0.9219 -0.1652 -0.3504
vn 0.6913 -0.2877 -0.6628
vn 0.4732 -0.0877 -0.8766
vn 0.5944 -0.2061 -0.7773
vn 0.7323 -0.4088 -0.5446
vn 0.7290 -0.4382 -0.5259
vn 0.8223 -0.2294 -0.5207
vn 0.7709 -0.4490 -0.4518
vn 0.9158 -0.2691 -0.2982
vn 0.9066 0.0154 -0.4217
vn 0.7559 -0.6081 -0.2426
vn 0.7811 -0.6149 -0.1087
vn 0.9583 -0.2660 -0.1045
vn 0.6941 0.2719 -0.6666
vn 0.5784 0.4193 -0.6997
vn 0.7819 0.3442 -0.5197
vn 0.5660 0.5313 -0.6304
vn 0.6508 0.5568 -0.5162
vn 0.8442 0.3835 -0.3745
vn 0.7372 0.5640 -0.3721
vn 0.8637 0.1601 -0.4778
vn 0.9182 0.1820 -0.3518
vn 0.7903 0.0723 -0.6084
vn 0.9311 0.2666 -0.2490
vn 0.8355 0.4853 -0.2577
vn 0.9496 -0.0013 -0.3135
vn 0.9245 0.3520 -0.1461
vn 0.9803 0.0255 -0.1961
vn 0.9806 0.1326 -0.1445
vn 0.9747 -0.0394 -0.2202
vn 0.9768 0.2012 -0.0729
vn 0.9241 -0.0475 -0.3792
vn 0.8526 -0.0824 -0.5160
vn 0.9894 -0.0190 -0.1438
vn 0.9978 0.0106 -0.0651
vn 0.9112 0.4103 -0.0360
vn 0.9606 -0.1183 -0.2514
vn 0.9857 -0.0636 -0.1563
vn 0.9789 0.2020 0.0306
vn 0.9756 -0.0934 -0.1988
vn 0.9764 -0.0475 -0.2107
vn 0.9887 -0.0100 -0.1495
vn 0.9815 0.0762 -0.1755
vn 0.9636 0.1042 -0.2461
vn 0.9750 0.1342 -0.1771
vn 0.9605 -0.0385 -0.2755
vn 0.9478 0.1676 -0.2713
vn 0.9566 0.1696 -0.2370
vn 0.9931 -0.0900 -0.0753
vn 0.9723 0.0247 -0.2325
vn 0.9203 0.1768 -0.3491
vn 0.9811 -0.1914 -0.0294
vn 0.9977 -0.0343 -0.0584
vn 0.9986 0.0323 -0.0409
vn 0.9989 -0.0381 0.0264
vn 0.9298 -0.2050 -0.3057
vn 0.8390 -0.2197 -0.4978
vn 0.9076 -0.2981 -0.2956
vn 0.9143 -0.3597 0.1860
vn 0.7991 -0.3307 -0.5020
vn 0.8916 0.4456 0.0799
vn 0.9619 0.2384 0.1338
vn 0.8236 0.5526 -0.1282
vn 0.8159 0.5782 0.0052
vn 0.7201 0.6592 -0.2165
vn 0.6702 0.6731 -0.3129
vn 0.6476 -0.7590 0.0677
vn 0.6365 -0.7682 0.0693
vn 0.6486 -0.7571 0.0779
vn 0.8216 -0.5625 0.0924
vn 0.8222 -0.5678 0.0385
vn 0.7319 -0.5720 -0.3702
vn 0.4992 -0.8495 0.1705
vn 0.6924 -0.6907 0.2087
vn 0.8317 -0.4228 -0.3600
vn 0.8350 -0.4817 0.2659
vn 0.9116 -0.4107 0.0194
vn 0.8765 -0.3146 -0.3643
vn 0.9072 -0.3991 0.1329
vn 0.9242 -0.3555 -0.1394
vn 0.9352 -0.3533 -0.0241
vn 0.9064 -0.3796 0.1852
vn 0.4544 0.2542 -0.8538
vn 0.7322 0.2414 -0.6369
vn 0.8733 0.2926 -0.3896
vn 0.5175 0.3640 -0.7744
vn 0.6338 0.3094 -0.7089
vn 0.6040 0.4369 -0.6666
vn 0.7482 0.4692 -0.4692
vn 0.8923 0.3975 -0.2140
vn 0.9424 0.3272 -0.0693
vn 0.8033 0.5828 -0.1228
vn 0.7963 0.5915 -0.1267
vn 0.8615 0.4714 -0.1889
vn 0.9740 0.0425 0.2227
vn 0.9781 0.0702 0.1961
vn 0.9818 0.0172 0.1892
vn 0.9723 0.0922 0.2146
vn 0.9615 0.0293 0.2734
vn 0.9850 0.0581 0.1623
vn 0.9852 0.0121 0.1709
vn 0.9745 0.0263 0.2230
vn 0.9901 -0.0154 0.1398
vn 0.9598 0.0645 0.2733
vn 0.9924 0.0578 0.1085
vn 0.9958 -0.0070 0.0908
vn 0.9975 0.0210 0.0675
vn 0.9499 0.1515 0.2735
vn 0.9407 0.1120 0.3201
vn 0.9532 -0.1443 0.2658
vn 0.9569 -0.2167 0.1934
vn 0.9241 0.2489 0.2898
vn 0.9984 0.0558 -0.0028
vn 0.9998 -0.0121 -0.0130
vn 0.9907 -0.1239 0.0561
vn 0.9999 0.0067 -0.0146
vn 0.9694 -0.2093 0.1286
vn 0.9722 -0.1190 0.2015
vn 0.9593 -0.1263 0.2526
vn 0.9283 -0.1666 0.3324
vn 0.9045 -0.1501 0.3991
vn 0.9909 -0.1136 0.0718
vn 0.8727 0.0674 0.4835
vn 0.9897 -0.1268 -0.0673
vn 0.9799 -0.0953 0.1752
vn 0.9552 -0.1490 0.2557
vn 0.9877 0.1519 0.0385
vn 0.9597 -0.1655 0.2272
vn 0.8740 -0.2287 0.4287
vn 0.9939 0.0400 0.1030
vn 0.9871 0.0408 0.1549
vn 0.9432 -0.1348 0.3036
vn 0.9182 0.1155 0.3789
vn 0.9885 0.1512 0.0062
vn 0.9973 -0.0716 -0.0166
vn 0.9310 0.3160 0.1830
vn 0.8543 -0.1062 0.5089
vn 0.9940 0.0426 -0.1011
vn 0.9922 0.0565 -0.1113
vn 0.9930 0.0352 -0.1125
vn 0.9471 -0.3203 -0.0192
vn 0.9227 0.3494 -0.1631
vn 0.9367 0.3339 -0.1054
vn 0.9797 -0.0841 -0.1821
vn 0.8760 -0.3785 0.2989
vn 0.8316 -0.3264 0.4494
vn 0.8619 0.1258 0.4912
vn 0.8244 -0.0947 0.5580
vn 0.9846 0.0707 -0.1597
vn 0.9839 0.0754 -0.1619
vn 0.8888 -0.4483 0.0949
vn 0.9490 -0.2675 -0.1666
vn 0.9724 0.1007 -0.2104
vn 0.9740 0.0054 -0.2265
vn 0.9424 0.3149 -0.1124
vn 0.9615 0.1812 -0.2065
vn 0.9020 0.2237 0.3693
vn 0.8728 -0.4444 0.2019
vn 0.9654 0.0769 -0.2492
vn 0.9190 0.3169 0.2346
vn 0.8713 0.1234 0.4750
vn 0.8664 0.2793 0.4140
vn 0.8361 0.3466 0.4253
vn 0.8441 0.5359 -0.0193
vn 0.7961 0.2919 0.5301
vn 0.8184 0.1039 0.5651
vn 0.9324 0.3610 -0.0186
vn 0.9057 0.4228 0.0307
vn 0.8763 0.4119 -0.2500
vn 0.9455 -0.1686 -0.2786
vn 0.8965 0.4217 -0.1355
vn 0.9251 0.3161 0.2103
vn 0.9458 0.2415 0.2173
vn 0.9391 0.3233 0.1162
vn 0.9266 0.2436 0.2865
vn 0.8925 0.1629 0.4206
vn 0.9442 0.2803 0.1730
vn 0.7525 0.3799 0.5379
vn 0.9155 0.4023 -0.0068
vn 0.7957 0.5864 0.1518
vn 0.8618 0.5053 -0.0448
vn 0.9391 0.1200 -0.3219
vn 0.9117 0.2950 -0.2861
vn 0.9230 0.1830 -0.3384
vn 0.9350 0.0414 -0.3521
vn 0.9286 -0.0614 -0.3661
vn 0.8538 0.4521 -0.2579
vn 0.7692 0.1832 0.6122
vn 0.8356 0.5490 -0.0193
vn 0.8875 0.1230 -0.4440
vn 0.8575 0.4761 -0.1952
vn 0.8307 0.4523 -0.3246
vn 0.8763 0.1652 -0.4526
vn 0.7911 0.5759 -0.2061
vn 0.8357 0.5193 -0.1789
vn 0.8605 0.5092 -0.0127
vn 0.8485 0.3413 -0.4044
vn 0.8183 0.5707 0.0679
vn 0.9029 0.4273 0.0457
vn 0.9478 0.3148 0.0499
vn 0.8949 0.4088 -0.1791
vn 0.9625 0.2421 -0.1221
vn 0.7981 0.5209 -0.3027
vn 0.6568 0.7281 -0.1961
vn 0.7931 0.4904 -0.3613
vn 0.8669 0.0402 -0.4969
vn 0.9735 0.0694 -0.2177
vn 0.7941 0.3169 -0.5187
vn 0.7947 0.4437 -0.4142
vn 0.8767 -0.0839 -0.4736
vn 0.7530 0.5694 0.3299
vn 0.6789 0.7309 -0.0700
vn 0.7474 0.3937 -0.5352
vn 0.7951 0.0953 -0.5989
vn 0.7840 0.1851 -0.5925
vn 0.8748 -0.2192 -0.4321
vn 0.8757 -0.3682 -0.3123
vn 0.7537 0.5074 -0.4177
vn 0.6666 0.5908 -0.4546
vn 0.7265 0.4031 0.5565
vn 0.6244 0.7811 -0.0077
vn 0.8711 -0.4647 -0.1591
vn 0.6591 0.4018 0.6357
vn 0.4670 0.8831 -0.0445
vn 0.7185 0.4482 0.5319
vn 0.7620 -0.0765 0.6430
vn 0.7353 -0.2075 0.6452
vn 0.5693 0.3388 0.7490
vn 0.7146 0.2687 0.6458
vn 0.7275 0.0353 0.6852
vn 0.8334 -0.5501 -0.0536
vn 0.7572 -0.3104 0.5748
vn 0.6639 -0.0047 0.7478
vn 0.5760 0.5365 0.6168
vn 0.6101 0.2288 0.7586
vn 0.7422 -0.5100 0.4349
vn 0.6588 -0.2533 0.7083
vn 0.7870 -0.6141 0.0597
vn 0.7566 -0.6222 0.2010
vn 0.7341 -0.5992 0.3194
vn 0.8306 -0.1847 0.5253
vn 0.7666 -0.1783 0.6168
vn 0.8575 -0.1005 0.5046
vn 0.1057 -0.0542 0.9929
vn 0.5522 0.3781 0.7431
vn 0.0498 0.2224 0.9737
vn 0.2877 0.6268 0.7241
vn 0.6729 0.6391 0.3725
vn 0.0270 0.9980 -0.0568
vn -0.3792 0.9067 -0.1845
vn 0.7525 0.3799 0.5379
vn 0.6568 0.7281 -0.1961
vn 0.7342 0.5228 0.4331
vn 0.8432 0.5019 0.1928
vn 0.8065 0.4292 0.4067
vn 0.7898 0.5707 0.2247
vn -0.1247 0.4813 0.8676
vn 0.2939 0.7764 0.5575
vn 0.5233 0.8502 -0.0578
vn 0.2649 0.9561 -0.1255
vn 0.5787 0.6586 -0.4810
vn 0.2096 0.8153 -0.5398
vn 0.5298 0.5749 -0.6235
vn 0.3706 0.7573 -0.5378
vn 0.1891 0.9687 -0.1607
vn 0.2214 0.8622 -0.4557
vn 0.3233 0.7922 -0.5176
vn -0.2923 0.9401 -0.1757
vn -0.2171 0.8852 -0.4115
vn 0.1591 0.8760 -0.4553
vn -0.5092 0.8433 -0.1719
vn 0.1664 0.9332 -0.3185
vn 0.4854 0.6781 -0.5519
vn 0.2697 0.7816 -0.5624
vn 0.4130 0.7362 -0.5362
vn 0.2152 0.8062 -0.5511
vn 0.3621 0.7218 -0.5898
vn 0.2140 0.7181 -0.6622
vn 0.1293 0.8658 -0.4834
vn 0.1780 0.9077 -0.3800
vn 0.0530 0.8539 -0.5177
vn 0.0416 0.6358 -0.7707
vn -0.5799 0.7641 0.2826
vn 0.3928 0.7911 0.4689
vn -0.0717 0.7978 -0.5986
vn -0.0184 0.9080 -0.4185
vn 0.0217 0.9608 -0.2765
vn -0.6925 0.7019 0.1667
vn -0.1871 0.8611 -0.4728
vn -0.0178 0.9864 -0.1636
vn -0.1695 0.9581 -0.2307
vn -0.6021 0.7968 -0.0514
vn -0.3535 0.6735 -0.6492
vn -0.1536 0.6281 -0.7628
vn -0.3916 0.7971 -0.4596
vn -0.4780 0.6658 -0.5729
vn -0.3199 0.7360 -0.5966
vn -0.3848 0.7676 -0.5125
vn -0.2051 0.8707 -0.4470
vn -0.1836 0.8704 -0.4568
vn -0.0743 0.9103 -0.4073
vn -0.2861 0.7502 -0.5961
vn -0.3091 0.7969 -0.5190
vn 0.4670 0.8831 -0.0445
vn 0.6244 0.7811 -0.0077
vn 0.1429 0.9386 -0.3140
vn 0.4055 0.8802 -0.2466
vn 0.2926 0.9054 -0.3077
vn -0.3792 0.9067 -0.1845
vn 0.6568 0.7281 -0.1961
vn -0.4982 0.6231 -0.6030
vn -0.4153 0.6936 -0.5886
vn 0.2649 0.9561 -0.1255
vn -0.1386 0.8658 -0.4808
vn 0.5233 0.8502 -0.0578
vn 0.0270 0.9980 -0.0568
vn -0.5799 0.5985 -0.5527
vn 0.6789 0.7309 -0.0700
vn 0.3990 0.9086 0.1234
vn -0.1096 0.8825 0.4574
vn 0.0083 0.9892 0.1463
vn -0.0152 0.9669 0.2548
vn -0.1369 0.9314 0.3374
vn 0.0338 0.9981 0.0523
vn -0.3142 0.8146 0.4875
vn 0.0766 0.9089 0.4099
vn 0.0025 0.9363 0.3511
vn 0.0584 0.9266 0.3714
vn -0.1492 0.8972 0.4156
vn 0.0439 0.9786 0.2009
vn -0.1411 0.9734 0.1806
vn 0.4405 0.8167 0.3726
vn 0.2192 0.8967 0.3845
vn 0.2756 0.8409 0.4658
vn -0.3843 0.8094 0.4440
vn 0.2263 0.7469 0.6253
vn -0.6551 0.7136 0.2483
vn -0.4978 0.7481 0.4388
vn -0.4453 0.7534 0.4839
vn 0.5185 0.6881 0.5077
vn -0.3852 0.7112 0.5880
vn -0.0311 0.9959 -0.0850
vn -0.3714 0.9283 0.0184
vn 0.5451 0.8382 0.0173
vn -0.4031 0.9141 0.0438
vn 0.2939 0.7764 0.5575
vn -0.1872 0.9807 0.0564
vn 0.2280 0.9713 0.0679
vn -0.0324 0.7717 0.6352
vn 0.4170 0.5625 0.7139
vn -0.6409 0.6079 0.4686
vn 0.5849 0.6667 0.4619
vn 0.4584 0.5675 0.6840
vn -0.8112 0.5410 0.2220
vn 0.5566 0.4800 0.6781
vn -0.3219 0.6729 0.6660
vn 0.7506 0.3432 0.5647
vn -0.0576 0.9975 -0.0418
vn -0.0857 0.8317 -0.5485
vn 0.2560 0.5338 -0.8059
vn 0.2530 0.2870 -0.9239
vn -0.1621 0.7708 -0.6161
vn 0.1864 0.2399 -0.9527
vn 0.2443 0.7908 -0.5612
vn -0.0659 0.6326 -0.7717
vn 0.3763 0.2816 -0.8827
vn 0.3919 0.4603 -0.7966
vn -0.0659 0.4020 -0.9133
vn -0.2486 0.7339 -0.6321
vn 0.5672 0.4708 -0.6758
vn -0.1190 0.7784 -0.6164
vn 0.6311 0.3442 -0.6952
vn 0.4033 0.1486 -0.9029
vn 0.3006 0.1477 -0.9423
vn 0.0430 0.1295 -0.9906
vn 0.6187 0.1769 -0.7655
vn 0.5756 0.0713 -0.8146
vn 0.7474 0.3937 -0.5352
vn -0.1847 0.2207 -0.9577
vn 0.7840 0.1851 -0.5925
vn 0.7941 0.3169 -0.5187
vn 0.7951 0.0953 -0.5989
vn 0.7537 0.5074 -0.4177
vn -0.2801 0.7641 -0.5811
vn -0.2407 0.5789 -0.7791
vn -0.2525 0.1442 -0.9568
vn -0.2314 0.0468 -0.9717
vn 0.0521 -0.0066 -0.9986
vn -0.2939 0.2647 -0.9185
vn -0.0539 -0.1181 -0.9915
vn -0.2600 -0.0958 -0.9608
vn -0.4132 0.1151 -0.9033
vn -0.3900 0.2690 -0.8807
vn -0.3814 -0.0126 -0.9243
vn -0.1637 -0.2447 -0.9557
vn -0.4190 -0.1814 -0.8897
vn -0.5071 -0.0353 -0.8612
vn -0.3424 -0.3362 -0.8774
vn -0.1958 -0.4488 -0.8719
vn -0.6189 0.1257 -0.7753
vn -0.5490 0.1872 -0.8146
vn -0.6049 -0.2085 -0.7685
vn -0.6714 -0.0234 -0.7407
vn 0.3873 0.7566 -0.5268
vn -0.0264 0.4805 0.8766
vn -0.6409 0.6079 0.4686
vn -0.0324 0.7717 0.6352
vn 0.4170 0.5625 0.7139
vn 0.8713 0.4345 0.2282
vn 0.4405 0.8167 0.3726
vn 0.5451 0.8382 0.0173
vn 0.8274 0.4849 0.2834
vn 0.8613 0.2808 0.4236
vn 0.2280 0.9713 0.0679
vn 0.7506 0.3432 0.5647
vn 0.0353 0.7265 0.6863
vn 0.5849 0.6667 0.4619
vn 0.4584 0.5675 0.6840
vn -0.3219 0.6729 0.6660
vn 0.9856 -0.1309 -0.1070
vn 0.9815 -0.1805 0.0642
vn 0.9977 0.0303 -0.0607
vn 0.9736 -0.1992 0.1117
vn 0.9843 0.1152 -0.1336
vn 0.8962 -0.3414 0.2832
vn 0.9897 -0.1178 0.0811
vn 0.9330 -0.3572 -0.0431
vn 0.9127 -0.3761 0.1599
vn 0.9338 -0.2911 -0.2079
vn 0.8607 -0.5008 0.0920
vn 0.8542 -0.5097 -0.1027
vn 0.8258 -0.4779 0.2995
vn 0.8048 -0.4748 0.3561
vn 0.8354 -0.5299 0.1460
vn 0.9039 -0.3611 0.2291
vn 0.9445 -0.1124 -0.3086
vn 0.8368 -0.5474 0.0088
vn 0.7995 -0.6003 0.0235
vn 0.8494 -0.4920 0.1908
vn 0.8840 -0.4603 0.0817
vn 0.8529 -0.5108 0.1075
vn 0.8361 -0.4274 0.3438
vn 0.8142 -0.4109 0.4101
vn 0.8929 -0.3625 0.2672
vn 0.7630 -0.5174 0.3875
vn 0.9064 -0.3796 0.1852
vn 0.8262 -0.3112 0.4696
vn 0.7052 -0.3064 0.6394
vn 0.8028 -0.2677 0.5327
vn 0.9548 -0.2538 -0.1549
vn 0.9609 -0.2759 -0.0252
vn 0.8683 -0.1966 0.4554
vn 0.6145 -0.3726 0.6953
vn 0.4826 -0.2920 0.8257
vn 0.4635 -0.2013 0.8629
vn 0.8317 -0.4228 -0.3600
vn 0.6526 0.0536 -0.7558
vn 0.7319 -0.5720 -0.3702
vn 0.8839 -0.1599 -0.4394
vn 0.8222 -0.5678 0.0385
vn 0.9217 -0.2099 -0.3263
vn 0.9446 -0.2128 -0.2499
vn 0.9324 -0.2559 -0.2553
vn 0.9242 -0.3555 -0.1394
vn 0.9116 -0.4107 0.0194
vn 0.3013 -0.1768 0.9370
vn 0.4635 -0.2013 0.8629
vn 0.4826 -0.2920 0.8257
vn 0.7057 0.0441 0.7071
vn 0.7162 0.2074 0.6663
vn 0.5691 0.1667 0.8052
vn 0.8196 0.0706 0.5686
vn 0.8395 -0.0547 0.5407
vn 0.9177 0.0160 0.3969
vn 0.6994 -0.0815 0.7100
vn 0.9274 -0.0745 0.3665
vn 0.9748 -0.0345 0.2204
vn 0.9627 -0.0876 0.2559
vn 0.9158 -0.1512 0.3721
vn 0.9843 -0.0676 0.1630
vn 0.9729 -0.1244 0.1951
vn 0.9946 -0.0494 0.0914
vn 0.9974 -0.0402 0.0597
vn 0.9963 0.0373 0.0780
vn 0.9634 0.1589 0.2159
vn 0.9288 -0.2206 0.2978
vn 0.9619 0.2384 0.1338
vn 0.9528 0.0616 0.2973
vn 0.9920 -0.0633 0.1093
vn 0.8665 -0.1590 0.4731
vn 0.9789 0.2020 0.0306
vn 0.9978 0.0106 -0.0651
vn 0.8836 0.4184 0.2104
vn 0.9095 0.3010 0.2869
vn 0.9977 -0.0343 -0.0584
vn 0.8101 0.4585 0.3654
vn 0.8324 0.2041 0.5152
vn 0.8916 0.4456 0.0799
vn 0.9433 -0.3123 0.1128
vn 0.9330 -0.3421 0.1121
vn 0.8529 -0.5108 0.1075
vn 0.8840 -0.4603 0.0817
vn 0.9064 -0.3796 0.1852
vn 0.9352 -0.3533 -0.0241
vn 0.9811 -0.1914 -0.0294
vn 0.9989 -0.0381 0.0264
vn 0.9148 -0.3377 0.2215
vn 0.8568 -0.3036 0.4169
vn 0.7379 -0.1885 0.6480
vn 0.8494 -0.4920 0.1908
vn 0.8361 -0.4274 0.3438
vn 0.7186 0.3284 0.6130
vn 0.9986 0.0323 -0.0409
vn 0.8902 0.2291 0.3937
vn 0.8025 -0.3048 0.5129
vn 0.8142 -0.4109 0.4101
vn 0.6854 -0.2745 0.6744
vn 0.8262 -0.3112 0.4696
vn 0.8055 -0.1313 0.5779
vn 0.9560 0.0585 0.2875
vn 0.8575 -0.1005 0.5046
vn 0.9451 0.3237 0.0445
vn 0.7666 -0.1783 0.6168
vn 0.9009 0.3597 -0.2427
vn 0.9048 -0.0564 0.4220
vn 0.7783 -0.0043 0.6279
vn 0.9564 -0.0327 0.2903
vn 0.8306 -0.1847 0.5253
vn 0.6576 -0.1191 0.7439
vn 0.6065 -0.2274 0.7618
vn 0.9050 0.0718 0.4192
vn 0.8929 -0.3625 0.2672
vn -0.0649 0.2748 0.9593
vn -0.2844 0.2303 0.9307
vn -0.0887 0.0456 0.9950
vn -0.1785 -0.0668 0.9817
vn -0.4039 0.0175 0.9147
vn -0.7210 0.3992 0.5664
vn 0.7201 -0.4996 0.4816
vn 0.8642 -0.3736 0.3370
vn 0.5216 -0.5039 0.6885
vn 0.6576 0.3857 0.6471
vn 0.5322 -0.1312 0.8364
vn 0.2190 -0.0620 0.9737
vn 0.3676 -0.4942 0.7878
vn 0.6615 -0.2850 0.6937
vn 0.5205 -0.3042 0.7978
vn 0.6065 -0.2274 0.7618
vn 0.5270 -0.1539 0.8358
vn 0.6576 -0.1191 0.7439
vn 0.5534 -0.1720 0.8150
vn 0.6854 -0.2745 0.6744
vn 0.7379 -0.1885 0.6480
vn 0.8055 -0.1313 0.5779
vn 0.6994 -0.0815 0.7100
vn 0.5485 0.0082 0.8361
vn 0.6071 -0.0110 0.7945
vn 0.7783 -0.0043 0.6279
vn 0.7057 0.0441 0.7071
vn 0.5060 -0.0053 0.8625
vn 0.4306 -0.0639 0.9003
vn 0.6191 0.0811 0.7811
vn 0.5821 0.0550 0.8112
vn 0.9050 0.0718 0.4192
vn 0.5355 0.0881 0.8400
vn 0.5691 0.1667 0.8052
vn 0.3188 0.0714 0.9451
vn 0.4361 0.0708 0.8971
vn 0.3552 -0.1281 0.9260
vn 0.3570 -0.2428 0.9020
vn 0.2048 0.0385 0.9780
vn 0.3809 0.3323 0.8628
vn 0.3208 -0.0506 0.9458
vn 0.4553 0.2457 0.8558
vn 0.2601 0.0637 0.9635
vn 0.3184 0.1871 0.9293
vn 0.2011 -0.0300 0.9791
vn 0.5859 0.3240 0.7428
vn 0.7162 0.2074 0.6663
vn 0.4224 0.3892 0.8186
vn 0.7186 0.3284 0.6130
vn 0.2541 0.3868 0.8865
vn 0.1518 0.2290 0.9615
vn 0.4896 0.5002 0.7143
vn 0.6348 0.4699 0.6134
vn 0.3174 0.5452 0.7759
vn 0.1445 0.5509 0.8219
vn 0.5336 0.5862 0.6096
vn 0.7613 0.4400 0.4762
vn 0.8324 0.2041 0.5152
vn 0.8902 0.2291 0.3937
vn 0.6410 0.5896 0.4915
vn 0.8101 0.4585 0.3654
vn 0.9095 0.3010 0.2869
vn 0.7029 0.5909 0.3960
vn -0.9848 0.1730 -0.0120
vn -0.9741 0.1714 0.1475
vn -0.9924 -0.0351 0.1176
vn -0.9912 0.0320 -0.1288
vn -0.9873 -0.1211 -0.1033
vn -0.9522 0.1187 0.2813
vn -0.9177 0.3443 0.1983
vn -0.9074 0.4141 0.0718
vn -0.9586 0.2811 -0.0447
vn -0.9444 -0.2007 -0.2606
vn -0.9472 -0.1117 -0.3007
vn -0.9015 0.2801 -0.3299
vn -0.9016 0.3955 -0.1755
vn -0.8987 0.1373 -0.4166
vn -0.8121 -0.1825 -0.5542
vn -0.8554 -0.1113 -0.5059
vn -0.7530 0.1897 -0.6301
vn -0.8206 0.4763 -0.3158
vn -0.6831 0.5330 -0.4992
vn -0.7885 0.4641 -0.4036
vn -0.8397 0.3966 -0.3710
vn -0.8862 0.3673 -0.2825
vn -0.9265 0.2016 -0.3178
vn -0.9718 0.0957 -0.2155
vn -0.9409 0.1042 -0.3223
vn -0.9625 0.0797 -0.2594
vn -0.9840 0.0776 -0.1602
vn -0.9922 0.0523 -0.1133
vn -0.9969 0.0400 -0.0682
vn -0.9988 0.0483 0.0028
vn -0.9981 0.0378 0.0496
vn -0.9947 0.0049 0.1025
vn -0.9876 0.0550 0.1473
vn -0.9992 -0.0219 -0.0336
vn -0.9846 0.1073 -0.1379
vn -0.9810 0.0289 0.1919
vn -0.9761 -0.0998 0.1933
vn -0.9929 -0.1000 0.0639
vn -0.9938 0.0932 -0.0603
vn -0.9690 -0.1468 0.1986
vn -0.9870 0.1570 0.0356
vn -0.9933 0.0507 0.1037
vn -0.9949 -0.0828 -0.0585
vn -0.9969 -0.0664 0.0423
vn -0.9897 0.0177 0.1423
vn -0.9803 -0.1657 0.1071
vn -0.9765 -0.1491 0.1554
vn -0.9782 -0.0541 0.2005
vn -0.9822 0.0599 0.1782
vn -0.9862 -0.0425 -0.1598
vn -0.9803 0.0472 -0.1918
vn -0.9769 0.0345 0.2109
vn -0.9526 -0.2353 -0.1929
vn -0.9507 -0.2939 -0.0988
vn -0.9729 0.0871 0.2144
vn -0.9696 0.0935 0.2262
vn -0.9676 -0.0393 0.2492
vn -0.9638 0.1911 -0.1858
vn -0.9608 -0.0091 -0.2771
vn -0.9406 0.0510 -0.3356
vn -0.9587 -0.1501 0.2415
vn -0.9489 -0.1609 -0.2713
vn -0.9620 -0.1490 0.2287
vn -0.9818 0.1877 0.0299
vn -0.9455 0.0689 0.3183
vn -0.9341 -0.0997 0.3427
vn -0.9612 0.0646 0.2682
vn -0.9447 0.1674 0.2819
vn -0.9562 0.0538 0.2877
vn -0.9456 -0.1557 0.2856
vn -0.9221 -0.1498 0.3569
vn -0.9227 -0.2976 0.2449
vn -0.9011 0.4149 0.1261
vn -0.9016 0.0942 -0.4223
vn -0.9075 -0.2549 0.3338
vn -0.9018 -0.1733 -0.3959
vn -0.8854 -0.0490 -0.4622
vn -0.8741 -0.3727 -0.3116
vn -0.9131 0.0100 0.4075
vn -0.9045 0.1661 0.3928
vn -0.8885 -0.4208 -0.1832
vn -0.9202 0.2605 0.2921
vn -0.9087 0.1973 0.3679
vn -0.8464 0.3200 0.4257
vn -0.8842 0.1931 -0.4253
vn -0.8354 -0.0868 0.5428
vn -0.7795 -0.2314 0.5821
vn -0.8310 0.3459 0.4357
vn -0.8440 -0.0058 0.5363
vn -0.8577 0.1625 0.4879
vn -0.8670 0.1505 0.4750
vn -0.8296 -0.1882 0.5257
vn -0.7742 -0.3721 0.5121
vn -0.8264 -0.3520 -0.4395
vn -0.7970 -0.0752 0.5992
vn -0.8083 0.1657 -0.5650
vn -0.8089 0.0619 -0.5847
vn -0.8079 0.3371 -0.4835
vn -0.7658 -0.2415 -0.5960
vn -0.7552 0.2651 0.5995
vn -0.6967 0.2357 0.6776
vn -0.7784 -0.1004 -0.6197
vn -0.7164 0.0229 0.6973
vn -0.7187 0.1173 0.6854
vn -0.7939 -0.4822 0.3705
vn -0.8455 0.4947 -0.2009
vn -0.6761 -0.5158 0.5261
vn -0.5975 0.5260 -0.6052
vn -0.7085 0.2787 -0.6483
vn -0.6714 -0.0234 -0.7407
vn -0.6748 -0.6288 0.3863
vn -0.6141 -0.3922 0.6849
vn -0.6189 0.1257 -0.7753
vn -0.6598 -0.2246 0.7171
vn -0.5495 0.3841 0.7419
vn -0.5888 -0.4866 0.6453
vn -0.5490 0.1872 -0.8146
vn -0.2017 0.6925 -0.6926
vn -0.4417 0.3024 0.8447
vn -0.3900 0.2690 -0.8807
vn -0.2159 -0.0047 0.9764
vn -0.4616 -0.2735 0.8438
vn -0.6356 -0.1967 0.7465
vn -0.6507 -0.3756 0.6599
vn -0.7131 -0.5186 0.4717
vn -0.7278 -0.5643 0.3897
vn -0.7823 -0.4755 0.4024
vn -0.9248 -0.3234 0.2002
vn -0.8349 -0.3837 0.3947
vn -0.9612 -0.2755 0.0110
vn -0.8891 -0.2513 0.3826
vn -0.8884 -0.4310 0.1582
vn 0.2889 -0.2760 -0.9167
vn 0.2770 -0.1135 -0.9542
vn 0.0756 -0.0421 -0.9962
vn -0.0121 -0.0483 -0.9988
vn 0.1821 -0.1366 -0.9737
vn 0.0653 0.0715 -0.9953
vn 0.2341 0.0682 -0.9698
vn 0.1004 0.0037 -0.9949
vn -0.0559 0.0218 -0.9982
vn -0.0787 -0.0612 -0.9950
vn -0.0047 0.0660 -0.9978
vn -0.0507 0.0937 -0.9943
vn 0.0371 0.0852 -0.9957
vn 0.1032 0.2557 -0.9612
vn 0.0083 0.2354 -0.9719
vn -0.3133 -0.0905 -0.9453
vn 0.1833 0.0693 -0.9806
vn 0.1389 -0.0194 -0.9901
vn -0.2008 0.0148 -0.9795
vn -0.2318 0.0666 -0.9705
vn -0.1887 -0.1381 -0.9723
vn 0.0380 -0.1660 -0.9854
vn -0.4210 0.0477 -0.9058
vn -0.0883 0.2457 -0.9653
vn -0.2232 0.0939 -0.9702
vn 0.3018 -0.1714 -0.9378
vn 0.4003 -0.0636 -0.9142
vn 0.2897 0.2462 -0.9249
vn 0.4958 0.0499 -0.8670
vn 0.4276 -0.0825 -0.9002
vn 0.4574 0.0454 -0.8881
vn 0.0544 0.3719 -0.9267
vn -0.0307 0.3754 -0.9264
vn -0.2126 0.3169 -0.9243
vn 0.2190 0.3769 -0.9000
vn 0.4624 0.1175 -0.8788
vn 0.2279 -0.3163 -0.9209
vn -0.3338 0.2236 -0.9158
vn -0.1001 0.4751 -0.8742
vn -0.0069 0.4816 -0.8763
vn -0.2782 0.4358 -0.8560
vn 0.1044 0.5375 -0.8368
vn 0.1853 0.5033 -0.8440
vn 0.4605 0.3298 -0.8241
vn -0.0464 -0.3720 -0.9271
vn 0.0457 -0.5054 -0.8617
vn 0.5036 -0.0057 -0.8639
vn 0.3548 -0.3677 -0.8596
vn 0.0676 -0.2097 -0.9754
vn 0.3079 -0.0449 -0.9504
vn 0.3177 0.0882 -0.9441
vn -0.1345 -0.1927 -0.9720
vn 0.3492 -0.0763 -0.9339
vn 0.3817 0.0341 -0.9237
vn 0.3694 0.1037 -0.9235
vn 0.4732 -0.0877 -0.8766
vn 0.5944 -0.2061 -0.7773
vn 0.5006 0.1028 -0.8595
vn 0.5019 0.0019 -0.8649
vn 0.5399 0.0709 -0.8388
vn 0.6487 -0.1147 -0.7523
vn 0.5757 -0.3784 -0.7248
vn 0.6187 0.1558 -0.7700
vn 0.6214 0.1092 -0.7758
vn 0.6203 -0.2688 -0.7369
vn 0.6887 -0.0679 -0.7218
vn 0.3840 0.5199 -0.7631
vn -0.0246 -0.4556 -0.8898
vn 0.6941 0.2719 -0.6666
vn 0.5784 0.4193 -0.6997
vn 0.7224 -0.0231 -0.6911
vn 0.6461 -0.3811 -0.6613
vn 0.6498 -0.3977 -0.6478
vn -0.0763 0.6045 -0.7930
vn 0.5660 0.5313 -0.6304
vn 0.7903 0.0723 -0.6084
vn 0.4105 -0.5639 -0.7166
vn 0.8526 -0.0824 -0.5160
vn 0.7991 -0.3307 -0.5020
vn 0.8390 -0.2197 -0.4978
vn 0.4345 0.6901 -0.5787
vn 0.2446 0.6509 -0.7186
vn 0.8425 -0.2173 -0.4930
vn -0.0340 -0.1391 0.9897
vn 0.3258 -0.3344 0.8843
vn -0.2081 0.0395 0.9773
vn 0.0545 0.0904 0.9944
vn -0.7542 0.0484 0.6549
vn -0.6714 0.4564 0.5838
vn -0.0466 -0.6238 0.7802
vn -0.1934 -0.7381 0.6463
vn -0.5066 -0.4587 0.7300
vn 0.0397 -0.8188 0.5727
vn 0.4432 -0.5722 0.6901
vn -0.3013 -0.7681 0.5650
vn -0.7020 -0.3447 0.6232
vn -0.7094 -0.3975 0.5820
vn -0.0367 -0.8843 0.4654
vn -0.0801 -0.9048 0.4183
vn -0.4096 -0.8210 0.3978
vn -0.0405 -0.9992 -0.0015
vn 0.1781 -0.8529 0.4907
vn 0.0109 -0.9593 0.2821
vn 0.0152 -0.9638 0.2663
vn 0.2055 -0.8980 0.3892
vn 0.5728 -0.5606 0.5981
vn 0.7570 -0.4343 0.4882
vn 0.1549 -0.9874 -0.0328
vn 0.6845 -0.3511 0.6389
vn 0.7492 -0.5286 -0.3991
vn -0.4882 -0.8499 0.1984
vn -0.6655 -0.7458 -0.0281
vn -0.5958 -0.7955 0.1107
vn -0.6408 -0.7616 0.0965
vn -0.7029 -0.6625 -0.2588
vn -0.8686 -0.4885 -0.0826
vn -0.6362 -0.7442 -0.2035
vn -0.7201 -0.6696 -0.1821
vn -0.7415 -0.6701 -0.0320
vn -0.8614 -0.5070 -0.0307
vn -0.7990 -0.5669 0.2006
vn -0.0058 -0.9809 -0.1947
vn 0.0201 -0.9366 -0.3498
vn 0.1242 -0.9001 -0.4177
vn -0.0716 -0.9242 -0.3753
vn -0.1595 -0.8869 -0.4335
vn 0.0180 -0.9927 -0.1190
vn -0.1169 -0.9208 -0.3722
vn -0.0935 -0.9423 -0.3215
vn 0.0705 -0.9636 -0.2578
vn 0.2358 -0.8807 -0.4108
vn 0.3221 -0.9119 -0.2542
vn 0.2613 -0.7697 -0.5824
vn -0.2717 -0.8763 -0.3979
vn -0.3257 -0.8204 -0.4700
vn -0.2927 -0.9561 -0.0137
vn -0.3855 -0.6461 -0.6587
vn 0.0981 -0.9923 0.0753
vn 0.6334 -0.7653 -0.1147
vn -0.6230 -0.6810 -0.3849
vn 0.4292 -0.7354 -0.5244
vn 0.5686 -0.6969 -0.4370
vn -0.3455 -0.9384 -0.0013
vn 0.0508 -0.9976 -0.0466
vn -0.6808 -0.4777 -0.5552
vn 0.2880 -0.5515 -0.7829
vn 0.4447 -0.8939 -0.0572
vn -0.7454 -0.3035 -0.5936
vn 0.6943 -0.4109 -0.5908
vn 0.7937 -0.3472 -0.4995
vn -0.7454 -0.3035 -0.5936
vn -0.8927 -0.1764 -0.4147
vn -0.8503 -0.1946 -0.4890
vn -0.3855 -0.6461 -0.6587
vn -0.3257 -0.8204 -0.4700
vn -0.9495 -0.3030 -0.0814
vn -0.9721 -0.2089 0.1066
vn -0.1595 -0.8869 -0.4335
vn -0.9036 -0.2984 -0.3072
vn -0.6808 -0.4777 -0.5552
vn -0.3455 -0.9384 -0.0013
vn -0.4096 -0.8210 0.3978
vn -0.0716 -0.9242 -0.3753
vn -0.7020 -0.3447 0.6232
vn -0.8909 -0.1681 0.4219
vn -0.7094 -0.3975 0.5820
vn -0.9495 -0.3030 -0.0814
vn -0.4096 -0.8210 0.3978
vn -0.9721 -0.2089 0.1066
vn -0.7690 0.5344 0.3510
vn -0.6755 0.5028 0.5394
vn -0.6925 0.7019 0.1667
vn -0.3219 0.6729 0.6660
vn -0.1096 0.8825 0.4574
vn -0.5941 0.7679 0.2398
vn 0.0353 0.7265 0.6863
vn -0.6078 0.3433 0.7160
vn -0.3340 0.6677 0.6653
vn -0.2081 0.0395 0.9773
vn 0.0545 0.0904 0.9944
vn 0.1891 0.9687 -0.1607
vn -0.2171 0.8852 -0.4115
vn 0.1664 0.9332 -0.3185
vn 0.4854 0.6781 -0.5519
vn 0.3928 0.7911 0.4689
vn -0.0340 -0.1391 0.9897
vn 0.3706 0.7573 -0.5378
vn -0.5092 0.8433 -0.1719
vn 0.3928 0.7911 0.4689
vn -0.6714 0.4564 0.5838
vn 0.0545 0.0904 0.9944
vn -0.2186 0.1237 -0.9680
vn -0.3446 0.1351 -0.9290
vn -0.0144 0.3173 -0.9482
vn 0.0821 0.2297 -0.9698
vn -0.4236 0.0954 -0.9008
vn -0.0980 -0.0210 -0.9950
vn -0.2827 0.1607 -0.9457
vn -0.8121 -0.1825 -0.5542
vn -0.7202 -0.0109 -0.6937
vn -0.6297 0.0193 -0.7766
vn -0.5093 0.2928 -0.8093
vn -0.8554 -0.1113 -0.5059
vn -0.7530 0.1897 -0.6301
vn -0.6584 0.1945 -0.7271
vn -0.4743 0.1458 -0.8682
vn -0.8301 -0.0699 -0.5532
vn -0.0511 0.3210 -0.9457
vn -0.3332 0.5425 -0.7712
vn -0.3160 0.4807 -0.8180
vn -0.6831 0.5330 -0.4992
vn -0.8987 0.1373 -0.4166
vn -0.1579 0.1707 -0.9726
vn 0.4681 0.2084 -0.8587
vn 0.3195 0.1394 -0.9373
vn 0.5978 -0.1077 -0.7944
vn 0.5180 -0.1505 -0.8420
vn -0.0894 0.2686 -0.9591
vn 0.1088 0.0792 -0.9909
vn -0.5063 0.1331 -0.8520
vn -0.2219 0.4957 -0.8397
vn -0.2885 0.2286 -0.9298
vn 0.1420 0.2603 -0.9550
vn 0.2661 0.2201 -0.9385
vn 0.3556 0.2020 -0.9125
vn 0.3189 0.1176 -0.9405
vn 0.6194 -0.0197 -0.7848
vn 0.5713 0.1026 -0.8143
vn 0.5280 -0.0644 -0.8468
vn 0.4495 -0.1559 -0.8795
vn 0.3445 0.0688 -0.9363
vn 0.2534 0.2583 -0.9323
vn 0.6772 -0.3433 -0.6507
vn 0.3409 0.3566 -0.8698
vn 0.5530 0.1635 -0.8170
vn 0.2642 0.4604 -0.8475
vn 0.3537 0.3731 -0.8577
vn 0.5406 0.5268 -0.6559
vn 0.6885 0.0093 -0.7252
vn 0.3383 0.3646 -0.8676
vn 0.7708 0.4366 -0.4639
vn 0.7531 -0.0786 -0.6532
vn -0.0036 0.6175 -0.7865
vn -0.1036 0.5061 -0.8562
vn -0.2922 0.4824 -0.8257
vn -0.1596 0.9244 -0.3463
vn 0.0670 0.3006 -0.9514
vn -0.2616 0.5937 -0.7610
vn 0.0670 0.3006 -0.9514
vn -0.1036 0.5061 -0.8562
vn -0.2885 0.2286 -0.9298
vn -0.2922 0.4824 -0.8257
vn -0.2616 0.5937 -0.7610
vn 0.2992 0.8142 -0.4975
vn -0.2219 0.4957 -0.8397
vn 0.1264 0.8291 -0.5446
vn -0.3160 0.4807 -0.8180
vn 0.2805 0.8034 -0.5252
vn -0.3332 0.5425 -0.7712
vn -0.2616 0.5937 -0.7610
vn -0.5975 0.5260 -0.6052
vn -0.6831 0.5330 -0.4992
vn -0.2407 0.5789 -0.7791
vn -0.2939 0.2647 -0.9185
vn 0.2308 0.7475 -0.6229
vn -0.2595 0.9465 -0.1921
vn -0.2922 0.4824 -0.8257
vn -0.3900 0.2690 -0.8807
vn -0.2017 0.6925 -0.6926
vn -0.1596 0.9244 -0.3463
vn -0.2801 0.7641 -0.5811
vn -0.0659 0.4020 -0.9133
vn 0.2443 0.7908 -0.5612
vn 0.7708 0.4366 -0.4639
vn 0.3974 0.9090 0.1259
vn -0.0576 0.9975 -0.0418
vn 0.2443 0.7908 -0.5612
vn -0.2227 0.9410 -0.2548
vn 0.5406 0.5268 -0.6559
vn -0.0857 0.8317 -0.5485
vn -0.4627 0.8851 -0.0503
vn -0.1621 0.7708 -0.6161
vn 0.2560 0.5338 -0.8059
vn -0.3238 0.7223 -0.6111
vn -0.3432 0.6998 -0.6264
vn -0.4948 0.7322 -0.4680
vn -0.4124 0.8020 -0.4321
vn -0.0659 0.6326 -0.7717
vn -0.2486 0.7339 -0.6321
vn -0.1190 0.7784 -0.6164
vn 0.2642 0.4604 -0.8475
vn 0.0462 0.6508 -0.7579
vn 0.3537 0.3731 -0.8577
vn 0.3873 0.7566 -0.5268
vn 0.3383 0.3646 -0.8676
vn 0.6961 0.5160 -0.4992
vn 0.8231 0.0082 -0.5679
vn 0.6666 0.5908 -0.4546
vn 0.5529 0.5640 -0.6134
vn 0.7981 0.5209 -0.3027
vn 0.7537 0.5074 -0.4177
vn 0.9735 0.0694 -0.2177
vn 0.5406 0.5268 -0.6559
vn 0.3974 0.9090 0.1259
vn 0.7708 0.4366 -0.4639
vn 0.2443 0.7908 -0.5612
vn 0.0738 -0.5570 0.8272
vn -0.2837 -0.1622 0.9451
vn -0.0989 -0.1400 0.9852
vn 0.5868 -0.4594 0.6668
vn 0.0436 -0.1308 0.9905
vn 0.3732 -0.0243 0.9274
vn -0.1671 0.5611 0.8107
vn -0.3789 0.2865 0.8800
vn 0.2428 -0.1298 0.9613
vn 0.6314 -0.7659 -0.1214
vn 0.2065 -0.4925 0.8455
vn 0.0722 -0.3847 0.9202
vn 0.1455 -0.1976 0.9694
vn -0.0120 -0.4054 0.9141
vn -0.1951 -0.2927 0.9361
vn -0.1630 -0.1398 0.9767
vn 0.3587 -0.1053 0.9275
vn 0.4258 -0.0709 0.9020
vn -0.8802 -0.1970 0.4317
vn 0.5780 -0.7066 0.4082
vn 0.1407 -0.5440 0.8272
vn -0.1529 -0.8054 0.5726
vn -0.8223 -0.5452 -0.1631
vn -0.9389 -0.3276 -0.1060
vn 0.3706 -0.8854 -0.2805
vn -0.5889 -0.1021 -0.8017
vn -0.7109 -0.1094 -0.6947
vn -0.6180 -0.0750 -0.7826
vn -0.7166 -0.0922 -0.6914
vn -0.5817 -0.2356 -0.7785
vn -0.8587 -0.0639 -0.5084
vn -0.9389 -0.3276 -0.1060
vn -0.8223 -0.5452 -0.1631
vn -0.7064 -0.5243 -0.4755
vn -0.8802 -0.1970 0.4317
vn -0.1529 -0.8054 0.5726
vn 0.1074 -0.7426 -0.6611
vn 0.2446 -0.6577 0.7125
vn 0.3706 -0.8854 -0.2805
vn -0.2421 -0.2055 0.9482
vn 0.0065 -0.0795 0.9968
vn -0.2333 -0.0653 0.9702
vn 0.0040 -0.2212 0.9752
vn -0.1314 0.0604 0.9895
vn -0.3279 -0.0835 0.9410
vn -0.2784 -0.2214 0.9346
vn -0.4055 -0.1203 0.9061
vn -0.3818 -0.2344 0.8940
vn -0.2459 -0.3444 0.9060
vn -0.3066 -0.2151 0.9272
vn -0.1002 -0.2870 0.9527
vn -0.2635 -0.2259 0.9378
vn -0.2558 -0.3171 0.9133
vn -0.4013 -0.1759 0.8989
vn -0.3302 -0.3882 0.8604
vn -0.5065 -0.3051 0.8065
vn -0.5136 -0.1966 0.8352
vn -0.5625 -0.1306 0.8164
vn -0.4493 -0.0162 0.8932
vn -0.3240 0.0505 0.9447
vn -0.4289 -0.1262 0.8945
vn -0.2003 -0.2047 0.9581
vn -0.3908 -0.1133 0.9135
vn -0.6449 -0.0052 0.7642
vn -0.5832 0.0421 0.8112
vn -0.3951 -0.1783 0.9012
vn -0.6178 0.0847 0.7817
vn -0.7131 0.0144 0.7009
vn -0.0868 -0.3164 0.9446
vn -0.1252 -0.2434 0.9618
vn -0.1406 -0.1716 0.9751
vn -0.0614 -0.2355 0.9699
vn -0.0783 -0.1805 0.9805
vn 0.1104 -0.3850 0.9163
vn 0.0947 -0.2316 0.9682
vn -0.0760 -0.2304 0.9701
vn -0.1785 -0.0668 0.9817
vn -0.4039 0.0175 0.9147
vn 0.0830 -0.2447 0.9660
vn -0.1674 -0.0358 0.9852
vn -0.5839 -0.3993 0.7068
vn -0.5835 -0.3845 0.7153
vn -0.7336 -0.0743 0.6755
vn -0.6071 -0.0095 0.7946
vn -0.7517 0.2163 0.6230
vn -0.4882 0.0828 0.8688
vn -0.3717 0.1623 0.9141
vn -0.2142 0.1853 0.9591
vn -0.0887 0.0456 0.9950
vn 0.2775 0.0119 0.9607
vn 0.2446 -0.6577 0.7125
vn -0.1227 -0.1090 0.9864
vn 0.0426 0.0882 0.9952
vn -0.0338 0.2073 0.9777
vn -0.3502 0.1882 0.9176
vn -0.0903 0.5411 0.8361
vn 0.2190 -0.0620 0.9737
vn -0.1188 0.1289 0.9845
vn 0.2103 -0.1862 0.9598
vn 0.2208 -0.1677 0.9608
vn 0.1810 0.0215 0.9832
vn 0.2011 -0.0300 0.9791
vn 0.3552 -0.6137 0.7051
vn -0.1329 0.2958 0.9460
vn 0.1531 -0.1922 0.9693
vn 0.2048 0.0385 0.9780
vn 0.3570 -0.2428 0.9020
vn 0.3188 0.0714 0.9451
vn -0.5278 0.2256 0.8189
vn -0.6391 0.1297 0.7581
vn -0.3647 0.3029 0.8805
vn 0.1518 0.2290 0.9615
vn -0.2213 0.3798 0.8982
vn 0.2601 0.0637 0.9635
vn 0.3208 -0.0506 0.9458
vn 0.0348 0.3861 0.9218
vn 0.3552 -0.1281 0.9260
vn 0.3809 0.3323 0.8628
vn 0.3184 0.1871 0.9293
vn 0.5216 -0.5039 0.6885
vn -0.3887 0.4458 0.8063
vn -0.5313 0.3580 0.7678
vn -0.6287 0.2593 0.7331
vn 0.3676 -0.4942 0.7878
vn -0.0651 0.5278 0.8469
vn 0.2541 0.3868 0.8865
vn -0.2175 0.5712 0.7915
vn -0.5319 0.4872 0.6926
vn 0.1445 0.5509 0.8219
vn -0.6818 0.3706 0.6307
vn -0.3884 0.5941 0.7044
vn -0.8791 -0.1317 0.4580
vn -0.8865 0.0213 0.4622
vn -0.7064 -0.5243 -0.4755
vn -0.2653 0.0951 0.9595
vn -0.2348 0.6922 0.6825
vn -0.6730 0.5031 0.5422
vn -0.4755 0.6671 0.5734
vn -0.5783 0.5823 0.5714
vn -0.0345 0.6982 0.7151
vn -0.3701 0.7407 0.5607
vn 0.2265 0.6962 0.6812
vn -0.1621 0.7926 0.5878
vn 0.3174 0.5452 0.7759
vn 0.0734 0.7817 0.6193
vn 0.5205 -0.3042 0.7978
vn 0.5270 -0.1539 0.8358
vn 0.7201 -0.4996 0.4816
vn 0.3743 0.6767 0.6340
vn -0.4969 0.7418 0.4503
vn -0.6122 0.6524 0.4467
vn 0.0432 0.8586 0.5109
vn -0.3238 0.8523 0.4108
vn -0.1623 0.8774 0.4514
vn -0.8587 -0.0639 -0.5084
vn -0.9942 -0.0750 0.0769
vn -0.7166 -0.0922 -0.6914
vn -0.8791 -0.1317 0.4580
vn -0.8865 0.0213 0.4622
vn -0.7064 -0.5243 -0.4755
vn 0.6576 0.3857 0.6471
vn 0.3809 0.3323 0.8628
vn -0.0903 0.5411 0.8361
vn 0.1810 0.0215 0.9832
vn 0.2190 -0.0620 0.9737
vn 0.5322 -0.1312 0.8364
vn -0.8301 -0.0699 -0.5532
vn -0.3789 0.2865 0.8800
vn 0.6314 -0.7659 -0.1214
vn 0.1088 0.0792 -0.9909
vn -0.5093 0.2928 -0.8093
vn -0.1671 0.5611 0.8107
vn -0.5093 0.2928 -0.8093
vn 0.5868 -0.4594 0.6668
vn -0.1671 0.5611 0.8107
vn 0.4681 0.2084 -0.8587
vn 0.7887 -0.1621 -0.5930
vn 0.9208 -0.2188 -0.3229
vn 0.8231 0.0082 -0.5679
vn 0.7531 -0.0786 -0.6532
vn 0.6194 -0.0197 -0.7848
vn 0.6885 0.0093 -0.7252
vn 0.5280 -0.0644 -0.8468
vn 0.5713 0.1026 -0.8143
vn 0.3383 0.3646 -0.8676
vn 0.9743 -0.2185 -0.0545
vn 0.9703 -0.2376 -0.0449
vn 0.6961 0.5160 -0.4992
vn 0.9735 0.0694 -0.2177
vn 0.9496 -0.2465 0.1937
vn 0.5529 0.5640 -0.6134
vn 0.4495 -0.1559 -0.8795
vn 0.5180 -0.1505 -0.8420
vn 0.6772 -0.3433 -0.6507
vn 0.7046 -0.3552 -0.6143
vn 0.3445 0.0688 -0.9363
vn 0.1088 0.0792 -0.9909
vn 0.6314 -0.7659 -0.1214
vn 0.5978 -0.1077 -0.7944
vn 0.7714 -0.6034 -0.2019
vn 0.8666 -0.4577 0.1987
vn 0.4681 0.2084 -0.8587
vn 0.2065 -0.4925 0.8455
vn 0.0462 0.6508 -0.7579
vn 0.5780 -0.7066 0.4082
vn 0.6206 -0.4319 -0.6544
vn 0.1407 -0.5440 0.8272
vn 0.3706 -0.8854 -0.2805
vn 0.1074 -0.7426 -0.6611
vn 0.6046 -0.6665 0.4362
vn 0.0830 -0.2447 0.9660
vn 0.6009 -0.6684 0.4383
vn 0.3552 -0.6137 0.7051
vn 0.2775 0.0119 0.9607
vn 0.6577 -0.7482 -0.0877
vn 0.5868 -0.4594 0.6668
vn 0.2446 -0.6577 0.7125
vn 0.8666 -0.4577 0.1987
vn 0.7714 -0.6034 -0.2019
vn 0.0738 -0.5570 0.8272
vn 0.1074 -0.7426 -0.6611
vn 0.5792 -0.7820 -0.2301
vn 0.4681 0.2084 -0.8587
vn 0.6206 -0.4319 -0.6544
vn -0.8686 -0.4885 -0.0826
vn -0.9443 -0.2497 -0.2146
vn -0.8916 -0.4417 0.1003
vn -0.9278 -0.3107 -0.2063
vn -0.9091 -0.4163 0.0142
vn -0.9332 -0.3585 -0.0229
vn -0.9276 -0.3733 -0.0157
vn -0.9248 -0.3234 0.2002
vn -0.9417 -0.2350 -0.2407
vn -0.9612 -0.2755 0.0110
vn -0.9361 -0.3132 -0.1601
vn -0.9437 -0.2297 -0.2382
vn -0.8327 -0.1377 -0.5363
vn -0.9602 -0.2684 0.0772
vn -0.9899 0.0634 -0.1270
vn -0.9848 0.0425 -0.1683
vn -0.9239 -0.3523 0.1490
vn -0.9345 -0.3305 0.1321
vn -0.9808 -0.1580 -0.1148
vn -0.8614 -0.5070 -0.0307
vn -0.9308 -0.1972 -0.3079
vn -0.8473 -0.4370 -0.3017
vn -0.7415 -0.6701 -0.0320
vn -0.7990 -0.5669 0.2006
vn -0.8884 -0.4310 0.1582
vn -0.9728 -0.1975 0.1208
vn -0.8789 -0.4701 0.0810
vn -0.9229 -0.3338 0.1917
vn -0.8536 -0.4880 0.1826
vn -0.8646 -0.4073 0.2944
vn -0.8279 -0.5604 0.0238
vn -0.8049 -0.5873 0.0845
vn -0.8418 -0.4862 0.2345
vn -0.8723 -0.4854 0.0589
vn -0.8478 -0.5273 -0.0560
vn -0.9045 -0.4242 -0.0441
vn -0.9214 -0.3833 -0.0638
vn -0.9716 0.0029 -0.2367
vn -0.7704 -0.4775 -0.4224
vn -0.7823 -0.4755 0.4024
vn -0.8874 -0.4604 -0.0227
vn -0.8349 -0.3837 0.3947
vn -0.7131 -0.5186 0.4717
vn -0.8046 -0.5936 -0.0170
vn -0.7278 -0.5643 0.3897
vn -0.9455 -0.0889 -0.3132
vn -0.9723 0.2321 -0.0271
vn 0.2036 0.7611 -0.6159
vn -0.7201 -0.6696 -0.1821
vn -0.9610 0.0929 -0.2604
vn -0.7479 -0.4581 -0.4804
vn -0.7395 -0.4678 -0.4841
vn -0.8702 0.0195 -0.4924
vn -0.9679 0.1136 -0.2240
vn -0.9489 0.1829 -0.2572
vn -0.9849 0.1074 -0.1361
vn -0.9870 0.0101 -0.1602
vn -0.9793 -0.0310 -0.1998
vn -0.9881 -0.0498 -0.1458
vn -0.9780 -0.0684 -0.1972
vn -0.9876 -0.0110 -0.1567
vn -0.9962 -0.0040 -0.0866
vn -0.9976 -0.0411 -0.0550
vn -0.9954 0.0389 -0.0876
vn -0.9997 0.0182 0.0139
vn -0.9648 0.0057 -0.2629
vn -0.9787 0.0427 -0.2010
vn -0.9676 -0.0321 -0.2503
vn -0.9568 -0.1154 -0.2667
vn -0.9988 -0.0008 0.0484
vn -0.9746 0.1681 -0.1479
vn -0.9193 -0.1098 -0.3778
vn -0.9193 -0.2432 -0.3095
vn -0.9271 -0.1120 -0.3578
vn -0.8986 -0.2473 -0.3625
vn -0.8562 -0.2963 -0.4232
vn -0.7838 -0.2038 -0.5866
vn -0.9321 0.0062 -0.3622
vn -0.8640 -0.1572 -0.4783
vn -0.9236 0.2877 -0.2532
vn -0.9123 0.2315 -0.3378
vn -0.9023 0.1805 -0.3914
vn -0.8700 0.2207 -0.4409
vn -0.8078 0.0872 -0.5829
vn -0.8362 0.2098 -0.5067
vn -0.6915 0.0192 -0.7221
vn -0.7029 -0.6625 -0.2588
vn -0.6463 -0.0092 -0.7630
vn -0.6362 -0.7442 -0.2035
vn -0.9426 0.3309 -0.0461
vn -0.9234 0.3331 -0.1908
vn -0.9723 0.2321 -0.0271
vn -0.9544 0.2849 0.0889
vn -0.9691 -0.0996 0.2255
vn -0.8723 -0.4854 0.0589
vn -0.9455 -0.0889 -0.3132
vn 0.0713 0.7394 -0.6695
vn 0.6845 -0.3511 0.6389
vn 0.8611 -0.2297 0.4537
vn 0.5728 -0.5606 0.5981
vn 0.7570 -0.4343 0.4882
vn 0.9317 -0.2722 0.2405
vn 0.9867 -0.1621 0.0077
vn 0.7492 -0.5286 -0.3991
vn 0.8768 -0.2794 -0.3914
vn 0.7937 -0.3472 -0.4995
vn 0.8768 -0.2794 -0.3914
vn 0.6943 -0.4109 -0.5908
vn 0.9867 -0.1621 0.0077
vn 0.7492 -0.5286 -0.3991
vn 0.2880 -0.5515 -0.7829
vn 0.4447 -0.8939 -0.0572
vn 0.0508 -0.9976 -0.0466
vn -0.4978 0.7481 0.4388
vn -0.6965 0.5108 0.5039
vn -0.4673 0.5156 0.7182
vn -0.3852 0.7112 0.5880
vn -0.3142 0.8146 0.4875
vn -0.4453 0.7534 0.4839
vn 0.2939 0.7764 0.5575
vn 0.7342 0.5228 0.4331
vn 0.4494 0.0808 0.8897
vn 0.1057 -0.0542 0.9929
vn -0.0907 -0.2567 0.9622
vn 0.8065 0.4292 0.4067
vn 0.5522 0.3781 0.7431
vn -0.1741 -0.2648 0.9485
vn 0.0498 0.2224 0.9737
vn 0.7525 0.3799 0.5379
vn 0.8925 0.1629 0.4206
vn 0.5098 -0.1026 0.8542
vn -0.9181 0.3266 0.2248
vn -0.7131 0.0144 0.7009
vn -0.9544 0.2849 0.0889
vn -0.9301 0.2690 0.2501
vn -0.9691 -0.0996 0.2255
vn -0.9120 -0.2168 0.3482
vn -0.8153 -0.4591 0.3528
vn -0.8418 -0.4862 0.2345
vn -0.8555 -0.3897 0.3410
vn -0.8536 -0.4880 0.1826
vn -0.9229 -0.3338 0.1917
vn -0.8042 -0.4278 0.4126
vn -0.8723 -0.4854 0.0589
vn -0.8793 -0.0781 0.4697
vn -0.9379 -0.1904 0.2899
vn -0.9338 -0.1549 0.3226
vn -0.9704 -0.0950 0.2221
vn -0.9604 -0.0798 0.2668
vn -0.9851 -0.0744 0.1553
vn -0.9856 -0.0238 0.1676
vn -0.9964 -0.0495 0.0689
vn -0.9923 0.0505 0.1129
vn -0.9997 0.0182 0.0139
vn -0.9707 0.0965 0.2201
vn -0.9635 0.2168 0.1568
vn -0.9332 0.2363 0.2708
vn -0.8981 0.3808 0.2199
vn -0.8561 0.3854 0.3442
vn -0.8206 0.5297 0.2146
vn -0.9135 0.1736 0.3679
vn -0.8164 0.3312 0.4730
vn -0.7482 0.5144 0.4190
vn -0.6730 0.5031 0.5422
vn -0.6122 0.6524 0.4467
vn -0.5783 0.5823 0.5714
vn -0.8719 0.1527 0.4653
vn -0.7821 0.1918 0.5929
vn -0.8634 0.0174 0.5041
vn -0.7636 0.0310 0.6449
vn -0.6391 0.1297 0.7581
vn -0.6071 -0.0095 0.7946
vn -0.7359 -0.1200 0.6664
vn -0.5625 -0.1306 0.8164
vn -0.6287 0.2593 0.7331
vn -0.7049 -0.2425 0.6666
vn -0.8047 -0.2251 0.5494
vn -0.7537 -0.3506 0.5559
vn -0.5835 -0.3845 0.7153
vn -0.5839 -0.3993 0.7068
vn -0.8460 -0.0952 0.5245
vn -0.8804 -0.1740 0.4412
vn -0.5065 -0.3051 0.8065
vn -0.3818 -0.2344 0.8940
vn -0.6818 0.3706 0.6307
vn -0.9275 -0.0019 0.3737
vn -0.7510 0.5833 0.3094
vn -0.6955 0.6983 0.1692
vn -0.8388 0.5356 0.0972
vn -0.7821 0.6226 0.0269
vn -0.6986 0.7155 -0.0016
vn -0.7955 0.5946 -0.1165
vn -0.6231 0.7699 -0.1382
vn -0.5497 0.8339 -0.0488
vn -0.7250 0.6663 -0.1744
vn -0.5939 0.8010 0.0752
vn -0.5710 0.7973 0.1956
vn -0.5119 0.8108 0.2838
vn -0.3864 0.9121 0.1372
vn -0.3338 0.9032 0.2699
vn -0.3238 0.8523 0.4108
vn -0.1677 0.9411 0.2937
vn -0.4474 0.8913 0.0732
vn -0.4969 0.7418 0.4503
vn -0.4107 0.9117 0.0127
vn -0.8789 0.4766 -0.0224
vn -0.9182 0.3759 -0.1252
vn -0.9653 0.2552 -0.0548
vn -0.9746 0.1681 -0.1479
vn -0.9954 0.0389 -0.0876
vn -0.8733 0.4395 -0.2101
vn -0.9236 0.2877 -0.2532
vn -0.9268 0.3736 0.0392
vn -0.6320 0.7105 0.3094
vn -0.9159 0.3774 0.1366
vn -0.9976 -0.0411 -0.0550
vn -0.9992 -0.0316 0.0247
vn -0.9962 -0.0040 -0.0866
vn -0.9988 -0.0008 0.0484
vn -0.9822 0.1804 0.0517
vn -0.9590 0.0123 0.2831
vn -0.9915 -0.0606 0.1153
vn -0.9183 -0.0889 0.3859
vn -0.8404 0.1457 0.5220
vn -0.9777 -0.1206 0.1721
vn -0.8600 0.2489 0.4454
vn -0.7336 -0.0743 0.6755
vn -0.6449 -0.0052 0.7642
vn -0.5136 -0.1966 0.8352
vn -0.9728 -0.1975 0.1208
vn -0.9602 -0.2684 0.0772
vn -0.9899 0.0634 -0.1270
vn -0.8479 -0.3043 0.4341
vn -0.7518 0.1337 0.6457
vn -0.5832 0.0421 0.8112
vn -0.7517 0.2163 0.6230
vn -0.9604 -0.0798 0.2668
vn -0.9275 -0.0019 0.3737
vn -0.9590 0.0123 0.2831
vn -0.9183 -0.0889 0.3859
vn -0.9338 -0.1549 0.3226
vn -0.8804 -0.1740 0.4412
vn -0.9183 -0.0889 0.3859
vn -0.8479 -0.3043 0.4341
vn -0.9954 0.0389 -0.0876
vn -0.9997 0.0182 0.0139
vn -0.9822 0.1804 0.0517
vn -0.8042 -0.4278 0.4126
vn -0.7537 -0.3506 0.5559
vn -0.8479 -0.3043 0.4341
vn -0.7404 -0.4251 0.5206
vn -0.9120 -0.2168 0.3482
vn -0.8793 -0.0781 0.4697
vn -0.5839 -0.3993 0.7068
vn -0.7336 -0.0743 0.6755
vn -0.6320 0.7105 0.3094
vn -0.6122 0.6524 0.4467
vn -0.4969 0.7418 0.4503
vn 0.0713 0.7394 -0.6695
vn 0.7777 0.5146 -0.3611
vn -0.7704 -0.4775 -0.4224
vn -0.9455 -0.0889 -0.3132
vn 0.2036 0.7611 -0.6159
usemtl monstre_skin
s 1
f 653/653/653 647/647/647 658/658/658
f 642/642/642 643/643/643 647/647/647
f 633/633/633 691/691/691 690/690/690
f 690/690/690 691/691/691 692/692/692
f 692/692/692 691/691/691 697/697/697
f 1083/1083/1083 1071/1071/1071 1072/1072/1072
f 1072/1072/1072 1071/1071/1071 1070/1070/1070
f 1083/1083/1083 1084/1084/1084 1071/1071/1071
f 629/629/629 630/630/630 633/633/633
f 629/629/629 628/628/628 630/630/630
f 633/633/633 630/630/630 634/634/634
f 633/633/633 634/634/634 691/691/691
f 628/628/628 621/621/621 631/631/631
f 628/628/628 631/631/631 630/630/630
f 630/630/630 631/631/631 671/671/671
f 630/630/630 671/671/671 634/634/634
f 31/31/31 28/28/28 29/29/29
f 29/29/29 28/28/28 27/27/27
f 691/691/691 680/680/680 697/697/697
f 691/691/691 634/634/634 680/680/680
f 634/634/634 671/671/671 670/670/670
f 680/680/680 634/634/634 670/670/670
f 27/27/27 28/28/28 13/13/13
f 631/631/631 621/621/621 672/672/672
f 631/631/631 672/672/672 671/671/671
f 671/671/671 672/672/672 669/669/669
f 618/618/618 615/615/615 619/619/619
f 672/672/672 621/621/621 618/618/618
f 672/672/672 618/618/618 619/619/619
f 671/671/671 669/669/669 670/670/670
f 670/670/670 669/669/669 666/666/666
f 697/697/697 700/700/700 698/698/698
f 680/680/680 700/700/700 697/697/697
f 698/698/698 700/700/700 701/701/701
f 1084/1084/1084 1085/1085/1085 1071/1071/1071
f 1071/1071/1071 1067/1067/1067 1070/1070/1070
f 1084/1084/1084 1086/1086/1086 1085/1085/1085
f 1071/1071/1071 1085/1085/1085 1067/1067/1067
f 1070/1070/1070 1067/1067/1067 1069/1069/1069
f 1069/1069/1069 1067/1067/1067 1066/1066/1066
f 5/5/5 9/9/9 8/8/8
f 5/5/5 17/17/17 9/9/9
f 5/5/5 30/30/30 17/17/17
f 1066/1066/1066 1067/1067/1067 1062/1062/1062
f 680/680/680 670/670/670 700/700/700
f 13/13/13 18/18/18 27/27/27
f 700/700/700 670/670/670 673/673/673
f 670/670/670 666/666/666 673/673/673
f 700/700/700 673/673/673 701/701/701
f 18/18/18 13/13/13 14/14/14
f 701/701/701 702/702/702 703/703/703
f 8/8/8 9/9/9 13/13/13
f 1124/1124/1124 1121/1121/1121 1122/1122/1122
f 1124/1124/1124 1125/1125/1125 1121/1121/1121
f 30/30/30 23/23/23 17/17/17
f 702/702/702 701/701/701 673/673/673
f 13/13/13 9/9/9 14/14/14
f 1125/1125/1125 1126/1126/1126 1121/1121/1121
f 1126/1126/1126 1127/1127/1127 1121/1121/1121
f 9/9/9 15/15/15 14/14/14
f 9/9/9 16/16/16 15/15/15
f 17/17/17 16/16/16 9/9/9
f 619/619/619 668/668/668 672/672/672
f 619/619/619 622/622/622 667/667/667
f 619/619/619 667/667/667 668/668/668
f 672/672/672 668/668/668 669/669/669
f 668/668/668 665/665/665 669/669/669
f 668/668/668 667/667/667 665/665/665
f 622/622/622 658/658/658 667/667/667
f 667/667/667 658/658/658 662/662/662
f 658/658/658 661/661/661 662/662/662
f 667/667/667 662/662/662 665/665/665
f 669/669/669 665/665/665 666/666/666
f 665/665/665 664/664/664 666/666/666
f 673/673/673 666/666/666 675/675/675
f 673/673/673 675/675/675 676/676/676
f 666/666/666 664/664/664 675/675/675
f 665/665/665 662/662/662 664/664/664
f 664/664/664 662/662/662 663/663/663
f 662/662/662 659/659/659 663/663/663
f 664/664/664 663/663/663 675/675/675
f 675/675/675 663/663/663 674/674/674
f 658/658/658 647/647/647 651/651/651
f 658/658/658 651/651/651 661/661/661
f 662/662/662 661/661/661 659/659/659
f 647/647/647 643/643/643 651/651/651
f 643/643/643 649/649/649 651/651/651
f 661/661/661 651/651/651 659/659/659
f 651/651/651 649/649/649 659/659/659
f 643/643/643 645/645/645 649/649/649
f 659/659/659 674/674/674 663/663/663
f 659/659/659 656/656/656 674/674/674
f 659/659/659 649/649/649 655/655/655
f 649/649/649 650/650/650 655/655/655
f 649/649/649 645/645/645 650/650/650
f 650/650/650 656/656/656 655/655/655
f 659/659/659 655/655/655 656/656/656
f 643/643/643 637/637/637 640/640/640
f 643/643/643 640/640/640 645/645/645
f 555/555/555 542/542/542 554/554/554
f 640/640/640 641/641/641 646/646/646
f 640/640/640 646/646/646 645/645/645
f 554/554/554 542/542/542 548/548/548
f 541/541/541 538/538/538 540/540/540
f 645/645/645 648/648/648 650/650/650
f 541/541/541 540/540/540 542/542/542
f 645/645/645 646/646/646 648/648/648
f 542/542/542 540/540/540 548/548/548
f 656/656/656 650/650/650 652/652/652
f 650/650/650 648/648/648 652/652/652
f 538/538/538 539/539/539 540/540/540
f 656/656/656 652/652/652 660/660/660
f 543/543/543 539/539/539 538/538/538
f 648/648/648 657/657/657 652/652/652
f 539/539/539 547/547/547 546/546/546
f 646/646/646 684/684/684 648/648/648
f 646/646/646 686/686/686 684/684/684
f 648/648/648 684/684/684 657/657/657
f 540/540/540 539/539/539 546/546/546
f 546/546/546 549/549/549 540/540/540
f 684/684/684 685/685/685 657/657/657
f 546/546/546 547/547/547 550/550/550
f 1066/1066/1066 1062/1062/1062 1059/1059/1059
f 1059/1059/1059 1062/1062/1062 1058/1058/1058
f 1058/1058/1058 1061/1061/1061 1060/1060/1060
f 1131/1131/1131 1128/1128/1128 1132/1132/1132
f 17/17/17 23/23/23 16/16/16
f 1122/1122/1122 1120/1120/1120 1123/1123/1123
f 1122/1122/1122 1121/1121/1121 1120/1120/1120
f 1121/1121/1121 1110/1110/1110 1120/1120/1120
f 23/23/23 21/21/21 16/16/16
f 16/16/16 21/21/21 20/20/20
f 1062/1062/1062 1061/1061/1061 1058/1058/1058
f 24/24/24 25/25/25 21/21/21
f 23/23/23 24/24/24 21/21/21
f 1131/1131/1131 1123/1123/1123 1128/1128/1128
f 1123/1123/1123 1120/1120/1120 1128/1128/1128
f 25/25/25 26/26/26 21/21/21
f 1110/1110/1110 1102/1102/1102 1120/1120/1120
f 21/21/21 22/22/22 20/20/20
f 1120/1120/1120 1102/1102/1102 1128/1128/1128
f 21/21/21 26/26/26 22/22/22
f 1128/1128/1128 1107/1107/1107 1132/1132/1132
f 1128/1128/1128 1102/1102/1102 1107/1107/1107
f 1132/1132/1132 1107/1107/1107 1129/1129/1129
f 1127/1127/1127 1134/1134/1134 1110/1110/1110
f 1121/1121/1121 1127/1127/1127 1110/1110/1110
f 16/16/16 20/20/20 15/15/15
f 1134/1134/1134 1104/1104/1104 1110/1110/1110
f 1110/1110/1110 1101/1101/1101 1102/1102/1102
f 1110/1110/1110 1104/1104/1104 1101/1101/1101
f 1134/1134/1134 1116/1116/1116 1104/1104/1104
f 1104/1104/1104 1103/1103/1103 1101/1101/1101
f 1104/1104/1104 1116/1116/1116 1103/1103/1103
f 1107/1107/1107 1100/1100/1100 1129/1129/1129
f 1102/1102/1102 1099/1099/1099 1107/1107/1107
f 1107/1107/1107 1099/1099/1099 1100/1100/1100
f 1102/1102/1102 1101/1101/1101 1099/1099/1099
f 1100/1100/1100 1111/1111/1111 1129/1129/1129
f 1100/1100/1100 1099/1099/1099 1097/1097/1097
f 1100/1100/1100 1097/1097/1097 1111/1111/1111
f 1101/1101/1101 1098/1098/1098 1099/1099/1099
f 1099/1099/1099 1098/1098/1098 1097/1097/1097
f 1101/1101/1101 1103/1103/1103 1098/1098/1098
f 1116/1116/1116 1105/1105/1105 1103/1103/1103
f 1103/1103/1103 1105/1105/1105 1098/1098/1098
f 1113/1113/1113 1105/1105/1105 1116/1116/1116
f 1113/1113/1113 1112/1112/1112 1105/1105/1105
f 543/543/543 544/544/544 539/539/539
f 1105/1105/1105 1108/1108/1108 1106/1106/1106
f 1097/1097/1097 1098/1098/1098 1095/1095/1095
f 1098/1098/1098 1109/1109/1109 1095/1095/1095
f 1105/1105/1105 1106/1106/1106 1098/1098/1098
f 1098/1098/1098 1106/1106/1106 1109/1109/1109
f 1109/1109/1109 1106/1106/1106 1135/1135/1135
f 1095/1095/1095 1109/1109/1109 1135/1135/1135
f 539/539/539 544/544/544 545/545/545
f 652/652/652 657/657/657 660/660/660
f 660/660/660 657/657/657 682/682/682
f 539/539/539 545/545/545 547/547/547
f 1105/1105/1105 1112/1112/1112 1108/1108/1108
f 660/660/660 682/682/682 683/683/683
f 547/547/547 545/545/545 551/551/551
f 682/682/682 657/657/657 685/685/685
f 547/547/547 552/552/552 550/550/550
f 467/467/467 459/459/459 447/447/447
f 1119/1119/1119 1114/1114/1114 1108/1108/1108
f 547/547/547 551/551/551 552/552/552
f 467/467/467 447/447/447 468/468/468
f 551/551/551 564/564/564 552/552/552
f 447/447/447 448/448/448 468/468/468
f 1108/1108/1108 1114/1114/1114 1106/1106/1106
f 1106/1106/1106 1115/1115/1115 1135/1135/1135
f 1106/1106/1106 1114/1114/1114 1115/1115/1115
f 551/551/551 560/560/560 564/564/564
f 1114/1114/1114 1117/1117/1117 1115/1115/1115
f 468/468/468 448/448/448 460/460/460
f 1095/1095/1095 1135/1135/1135 1118/1118/1118
f 310/310/310 218/218/218 223/223/223
f 627/627/627 625/625/625 626/626/626
f 627/627/627 626/626/626 632/632/632
f 336/336/336 319/319/319 316/316/316
f 336/336/336 347/347/347 319/319/319
f 48/48/48 47/47/47 46/46/46
f 904/904/904 891/891/891 889/889/889
f 632/632/632 626/626/626 629/629/629
f 625/625/625 624/624/624 623/623/623
f 623/623/623 626/626/626 625/625/625
f 319/319/319 325/325/325 308/308/308
f 626/626/626 623/623/623 629/629/629
f 319/319/319 347/347/347 325/325/325
f 316/316/316 319/319/319 305/305/305
f 319/319/319 308/308/308 305/305/305
f 897/897/897 896/896/896 891/891/891
f 897/897/897 898/898/898 896/896/896
f 897/897/897 899/899/899 898/898/898
f 303/303/303 310/310/310 309/309/309
f 305/305/305 309/309/309 316/316/316
f 305/305/305 303/303/303 309/309/309
f 309/309/309 310/310/310 311/311/311
f 311/311/311 310/310/310 223/223/223
f 898/898/898 899/899/899 900/900/900
f 899/899/899 902/902/902 900/900/900
f 899/899/899 903/903/903 902/902/902
f 903/903/903 906/906/906 902/902/902
f 900/900/900 902/902/902 908/908/908
f 902/902/902 907/907/907 908/908/908
f 305/305/305 304/304/304 302/302/302
f 304/304/304 300/300/300 302/302/302
f 325/325/325 313/313/313 308/308/308
f 313/313/313 306/306/306 308/308/308
f 623/623/623 628/628/628 629/629/629
f 325/325/325 335/335/335 313/313/313
f 620/620/620 623/623/623 609/609/609
f 609/609/609 614/614/614 620/620/620
f 623/623/623 624/624/624 609/609/609
f 313/313/313 314/314/314 306/306/306
f 623/623/623 620/620/620 628/628/628
f 620/620/620 621/621/621 628/628/628
f 620/620/620 614/614/614 621/621/621
f 308/308/308 304/304/304 305/305/305
f 308/308/308 306/306/306 304/304/304
f 321/321/321 326/326/326 300/300/300
f 321/321/321 331/331/331 326/326/326
f 300/300/300 326/326/326 297/297/297
f 331/331/331 337/337/337 326/326/326
f 614/614/614 609/609/609 611/611/611
f 614/614/614 611/611/611 615/615/615
f 609/609/609 613/613/613 610/610/610
f 609/609/609 610/610/610 611/611/611
f 306/306/306 314/314/314 315/315/315
f 611/611/611 610/610/610 612/612/612
f 313/313/313 329/329/329 314/314/314
f 314/314/314 329/329/329 332/332/332
f 614/614/614 615/615/615 618/618/618
f 614/614/614 618/618/618 621/621/621
f 611/611/611 612/612/612 616/616/616
f 611/611/611 616/616/616 615/615/615
f 612/612/612 617/617/617 616/616/616
f 681/681/681 679/679/679 612/612/612
f 612/612/612 679/679/679 617/617/617
f 314/314/314 327/327/327 315/315/315
f 315/315/315 323/323/323 320/320/320
f 327/327/327 323/323/323 315/315/315
f 315/315/315 307/307/307 306/306/306
f 307/307/307 320/320/320 321/321/321
f 315/315/315 320/320/320 307/307/307
f 306/306/306 300/300/300 304/304/304
f 306/306/306 307/307/307 300/300/300
f 307/307/307 321/321/321 300/300/300
f 310/310/310 301/301/301 312/312/312
f 303/303/303 301/301/301 310/310/310
f 305/305/305 302/302/302 303/303/303
f 303/303/303 302/302/302 301/301/301
f 302/302/302 300/300/300 301/301/301
f 310/310/310 214/214/214 218/218/218
f 310/310/310 312/312/312 214/214/214
f 214/214/214 209/209/209 218/218/218
f 214/214/214 312/312/312 317/317/317
f 317/317/317 213/213/213 214/214/214
f 214/214/214 213/213/213 209/209/209
f 213/213/213 207/207/207 209/209/209
f 300/300/300 299/299/299 301/301/301
f 301/301/301 299/299/299 312/312/312
f 312/312/312 299/299/299 322/322/322
f 322/322/322 330/330/330 318/318/318
f 300/300/300 297/297/297 299/299/299
f 326/326/326 349/349/349 297/297/297
f 297/297/297 298/298/298 299/299/299
f 299/299/299 298/298/298 330/330/330
f 299/299/299 330/330/330 322/322/322
f 317/317/317 312/312/312 322/322/322
f 317/317/317 219/219/219 213/213/213
f 317/317/317 318/318/318 219/219/219
f 322/322/322 318/318/318 317/317/317
f 213/213/213 206/206/206 207/207/207
f 337/337/337 331/331/331 338/338/338
f 326/326/326 337/337/337 349/349/349
f 337/337/337 245/245/245 229/229/229
f 337/337/337 229/229/229 349/349/349
f 338/338/338 245/245/245 337/337/337
f 681/681/681 678/678/678 679/679/679
f 615/615/615 616/616/616 617/617/617
f 679/679/679 622/622/622 617/617/617
f 679/679/679 677/677/677 622/622/622
f 338/338/338 339/339/339 245/245/245
f 339/339/339 340/340/340 245/245/245
f 339/339/339 341/341/341 340/340/340
f 229/229/229 228/228/228 349/349/349
f 245/245/245 230/230/230 229/229/229
f 245/245/245 340/340/340 230/230/230
f 677/677/677 678/678/678 654/654/654
f 677/677/677 679/679/679 678/678/678
f 677/677/677 658/658/658 622/622/622
f 677/677/677 654/654/654 653/653/653
f 677/677/677 653/653/653 658/658/658
f 318/318/318 330/330/330 324/324/324
f 297/297/297 349/349/349 298/298/298
f 349/349/349 345/345/345 298/298/298
f 298/298/298 345/345/345 330/330/330
f 345/345/345 349/349/349 228/228/228
f 345/345/345 228/228/228 324/324/324
f 345/345/345 324/324/324 330/330/330
f 318/318/318 324/324/324 219/219/219
f 213/213/213 219/219/219 206/206/206
f 324/324/324 211/211/211 219/219/219
f 211/211/211 206/206/206 219/219/219
f 211/211/211 210/210/210 206/206/206
f 228/228/228 229/229/229 216/216/216
f 324/324/324 228/228/228 211/211/211
f 228/228/228 216/216/216 211/211/211
f 230/230/230 216/216/216 229/229/229
f 211/211/211 216/216/216 210/210/210
f 216/216/216 217/217/217 210/210/210
f 217/217/217 212/212/212 210/210/210
f 341/341/341 342/342/342 340/340/340
f 230/230/230 340/340/340 231/231/231
f 230/230/230 231/231/231 216/216/216
f 231/231/231 220/220/220 216/216/216
f 231/231/231 238/238/238 220/220/220
f 342/342/342 249/249/249 340/340/340
f 340/340/340 249/249/249 231/231/231
f 231/231/231 249/249/249 238/238/238
f 654/654/654 644/644/644 653/653/653
f 644/644/644 642/642/642 653/653/653
f 653/653/653 642/642/642 647/647/647
f 341/341/341 344/344/344 342/342/342
f 249/249/249 346/346/346 238/238/238
f 644/644/644 635/635/635 642/642/642
f 342/342/342 343/343/343 249/249/249
f 642/642/642 635/635/635 637/637/637
f 635/635/635 636/636/636 637/637/637
f 642/642/642 637/637/637 643/643/643
f 343/343/343 346/346/346 249/249/249
f 216/216/216 220/220/220 217/217/217
f 220/220/220 227/227/227 217/217/217
f 220/220/220 238/238/238 227/227/227
f 238/238/238 240/240/240 227/227/227
f 238/238/238 244/244/244 240/240/240
f 217/217/217 227/227/227 224/224/224
f 227/227/227 240/240/240 224/224/224
f 343/343/343 348/348/348 346/346/346
f 636/636/636 638/638/638 637/637/637
f 97/97/97 74/74/74 98/98/98
f 638/638/638 639/639/639 637/637/637
f 104/104/104 98/98/98 92/92/92
f 104/104/104 92/92/92 93/93/93
f 520/520/520 517/517/517 514/514/514
f 98/98/98 74/74/74 92/92/92
f 475/475/475 474/474/474 473/473/473
f 92/92/92 74/74/74 73/73/73
f 238/238/238 346/346/346 244/244/244
f 517/517/517 516/516/516 514/514/514
f 516/516/516 518/518/518 510/510/510
f 92/92/92 73/73/73 93/93/93
f 93/93/93 82/82/82 101/101/101
f 73/73/73 75/75/75 93/93/93
f 516/516/516 511/511/511 514/514/514
f 516/516/516 510/510/510 511/511/511
f 93/93/93 75/75/75 82/82/82
f 75/75/75 72/72/72 82/82/82
f 511/511/511 504/504/504 514/514/514
f 514/514/514 504/504/504 506/506/506
f 511/511/511 510/510/510 504/504/504
f 72/72/72 81/81/81 82/82/82
f 510/510/510 502/502/502 504/504/504
f 688/688/688 695/695/695 689/689/689
f 699/699/699 695/695/695 696/696/696
f 1037/1037/1037 1038/1038/1038 1036/1036/1036
f 46/46/46 47/47/47 45/45/45
f 913/913/913 889/889/889 887/887/887
f 632/632/632 629/629/629 633/633/633
f 347/347/347 335/335/335 325/325/325
f 46/46/46 43/43/43 44/44/44
f 632/632/632 633/633/633 688/688/688
f 688/688/688 633/633/633 690/690/690
f 46/46/46 45/45/45 43/43/43
f 891/891/891 888/888/888 889/889/889
f 888/888/888 891/891/891 895/895/895
f 891/891/891 896/896/896 895/895/895
f 895/895/895 896/896/896 894/894/894
f 896/896/896 898/898/898 894/894/894
f 889/889/889 888/888/888 887/887/887
f 888/888/888 885/885/885 887/887/887
f 888/888/888 893/893/893 885/885/885
f 888/888/888 895/895/895 894/894/894
f 888/888/888 894/894/894 893/893/893
f 894/894/894 898/898/898 901/901/901
f 894/894/894 901/901/901 940/940/940
f 894/894/894 940/940/940 941/941/941
f 901/901/901 945/945/945 940/940/940
f 690/690/690 694/694/694 688/688/688
f 688/688/688 694/694/694 695/695/695
f 695/695/695 694/694/694 696/696/696
f 694/694/694 693/693/693 696/696/696
f 1080/1080/1080 1078/1078/1078 1079/1079/1079
f 1078/1078/1078 1077/1077/1077 1079/1079/1079
f 690/690/690 693/693/693 694/694/694
f 43/43/43 45/45/45 31/31/31
f 31/31/31 45/45/45 19/19/19
f 913/913/913 887/887/887 883/883/883
f 913/913/913 883/883/883 892/892/892
f 887/887/887 885/885/885 883/883/883
f 885/885/885 884/884/884 883/883/883
f 690/690/690 692/692/692 693/693/693
f 892/892/892 883/883/883 882/882/882
f 882/882/882 883/883/883 884/884/884
f 882/882/882 905/905/905 892/892/892
f 1037/1037/1037 1040/1040/1040 1039/1039/1039
f 1037/1037/1037 1039/1039/1039 1038/1038/1038
f 884/884/884 885/885/885 890/890/890
f 885/885/885 893/893/893 909/909/909
f 977/977/977 941/941/941 957/957/957
f 977/977/977 957/957/957 974/974/974
f 941/941/941 940/940/940 957/957/957
f 940/940/940 945/945/945 957/957/957
f 898/898/898 900/900/900 901/901/901
f 901/901/901 900/900/900 908/908/908
f 901/901/901 908/908/908 945/945/945
f 908/908/908 942/942/942 945/945/945
f 974/974/974 955/955/955 973/973/973
f 945/945/945 942/942/942 947/947/947
f 945/945/945 947/947/947 957/957/957
f 974/974/974 957/957/957 955/955/955
f 957/957/957 947/947/947 955/955/955
f 947/947/947 949/949/949 955/955/955
f 947/947/947 942/942/942 949/949/949
f 942/942/942 948/948/948 949/949/949
f 1072/1072/1072 1070/1070/1070 1073/1073/1073
f 1087/1087/1087 1088/1088/1088 1089/1089/1089
f 49/49/49 50/50/50 51/51/51
f 1082/1082/1082 1080/1080/1080 1083/1083/1083
f 6/6/6 1/1/1 4/4/4
f 6/6/6 4/4/4 10/10/10
f 1/1/1 3/3/3 4/4/4
f 1081/1081/1081 1080/1080/1080 1079/1079/1079
f 1080/1080/1080 1081/1081/1081 1084/1084/1084
f 1080/1080/1080 1084/1084/1084 1083/1083/1083
f 19/19/19 11/11/11 31/31/31
f 19/19/19 10/10/10 11/11/11
f 1081/1081/1081 1086/1086/1086 1084/1084/1084
f 692/692/692 697/697/697 698/698/698
f 10/10/10 4/4/4 11/11/11
f 4/4/4 7/7/7 11/11/11
f 4/4/4 3/3/3 7/7/7
f 1/1/1 2/2/2 3/3/3
f 1073/1073/1073 1070/1070/1070 1076/1076/1076
f 12/12/12 49/49/49 51/51/51
f 1076/1076/1076 1074/1074/1074 1075/1075/1075
f 51/51/51 50/50/50 52/52/52
f 3/3/3 2/2/2 5/5/5
f 2/2/2 12/12/12 5/5/5
f 1070/1070/1070 1074/1074/1074 1076/1076/1076
f 5/5/5 12/12/12 30/30/30
f 12/12/12 51/51/51 30/30/30
f 1070/1070/1070 1069/1069/1069 1074/1074/1074
f 51/51/51 52/52/52 30/30/30
f 961/961/961 953/953/953 976/976/976
f 973/973/973 961/961/961 978/978/978
f 973/973/973 955/955/955 961/961/961
f 961/961/961 955/955/955 954/954/954
f 954/954/954 949/949/949 953/953/953
f 949/949/949 951/951/951 953/953/953
f 949/949/949 950/950/950 951/951/951
f 955/955/955 949/949/949 954/954/954
f 948/948/948 950/950/950 949/949/949
f 961/961/961 954/954/954 953/953/953
f 953/953/953 951/951/951 965/965/965
f 1030/1030/1030 1031/1031/1031 1032/1032/1032
f 951/951/951 963/963/963 965/965/965
f 1030/1030/1030 1032/1032/1032 1033/1033/1033
f 965/965/965 963/963/963 969/969/969
f 44/44/44 43/43/43 29/29/29
f 43/43/43 31/31/31 29/29/29
f 884/884/884 890/890/890 886/886/886
f 884/884/884 886/886/886 882/882/882
f 882/882/882 886/886/886 905/905/905
f 329/329/329 334/334/334 332/332/332
f 314/314/314 332/332/332 327/327/327
f 31/31/31 11/11/11 28/28/28
f 28/28/28 11/11/11 13/13/13
f 11/11/11 7/7/7 8/8/8
f 7/7/7 5/5/5 8/8/8
f 11/11/11 8/8/8 13/13/13
f 7/7/7 3/3/3 5/5/5
f 1069/1069/1069 1066/1066/1066 1074/1074/1074
f 619/619/619 615/615/615 617/617/617
f 323/323/323 327/327/327 328/328/328
f 327/327/327 333/333/333 328/328/328
f 617/617/617 622/622/622 619/619/619
f 332/332/332 333/333/333 327/327/327
f 640/640/640 637/637/637 639/639/639
f 640/640/640 639/639/639 641/641/641
f 473/473/473 474/474/474 469/469/469
f 97/97/97 66/66/66 74/74/74
f 473/473/473 469/469/469 472/472/472
f 97/97/97 71/71/71 66/66/66
f 71/71/71 70/70/70 66/66/66
f 472/472/472 469/469/469 465/465/465
f 74/74/74 66/66/66 73/73/73
f 73/73/73 66/66/66 65/65/65
f 514/514/514 506/506/506 474/474/474
f 474/474/474 506/506/506 513/513/513
f 474/474/474 513/513/513 469/469/469
f 554/554/554 548/548/548 557/557/557
f 641/641/641 687/687/687 646/646/646
f 554/554/554 557/557/557 558/558/558
f 548/548/548 549/549/549 557/557/557
f 469/469/469 464/464/464 465/465/465
f 646/646/646 687/687/687 686/686/686
f 70/70/70 64/64/64 66/66/66
f 73/73/73 65/65/65 72/72/72
f 73/73/73 72/72/72 75/75/75
f 548/548/548 540/540/540 549/549/549
f 557/557/557 549/549/549 559/559/559
f 549/549/549 556/556/556 559/559/559
f 463/463/463 454/454/454 466/466/466
f 549/549/549 546/546/546 553/553/553
f 549/549/549 553/553/553 556/556/556
f 546/546/546 550/550/550 553/553/553
f 466/466/466 454/454/454 459/459/459
f 66/66/66 64/64/64 65/65/65
f 64/64/64 60/60/60 65/65/65
f 65/65/65 60/60/60 63/63/63
f 469/469/469 513/513/513 464/464/464
f 465/465/465 464/464/464 457/457/457
f 465/465/465 457/457/457 463/463/463
f 513/513/513 462/462/462 464/464/464
f 462/462/462 513/513/513 499/499/499
f 504/504/504 498/498/498 506/506/506
f 65/65/65 61/61/61 72/72/72
f 65/65/65 63/63/63 61/61/61
f 513/513/513 506/506/506 501/501/501
f 506/506/506 498/498/498 501/501/501
f 504/504/504 496/496/496 498/498/498
f 504/504/504 502/502/502 496/496/496
f 72/72/72 76/76/76 81/81/81
f 72/72/72 61/61/61 76/76/76
f 496/496/496 491/491/491 498/498/498
f 63/63/63 60/60/60 61/61/61
f 501/501/501 498/498/498 497/497/497
f 60/60/60 59/59/59 61/61/61
f 61/61/61 62/62/62 76/76/76
f 513/513/513 501/501/501 499/499/499
f 501/501/501 497/497/497 499/499/499
f 498/498/498 491/491/491 497/497/497
f 497/497/497 491/491/491 479/479/479
f 497/497/497 479/479/479 499/499/499
f 70/70/70 69/69/69 64/64/64
f 463/463/463 457/457/457 454/454/454
f 559/559/559 556/556/556 577/577/577
f 69/69/69 67/67/67 64/64/64
f 464/464/464 462/462/462 457/457/457
f 462/462/462 455/455/455 457/457/457
f 64/64/64 58/58/58 60/60/60
f 64/64/64 67/67/67 58/58/58
f 457/457/457 455/455/455 450/450/450
f 556/556/556 553/553/553 573/573/573
f 556/556/556 573/573/573 577/577/577
f 457/457/457 450/450/450 454/454/454
f 454/454/454 450/450/450 449/449/449
f 67/67/67 68/68/68 58/58/58
f 577/577/577 573/573/573 576/576/576
f 462/462/462 499/499/499 455/455/455
f 58/58/58 68/68/68 54/54/54
f 450/450/450 455/455/455 446/446/446
f 68/68/68 56/56/56 54/54/54
f 58/58/58 53/53/53 60/60/60
f 58/58/58 54/54/54 53/53/53
f 60/60/60 53/53/53 59/59/59
f 61/61/61 59/59/59 62/62/62
f 499/499/499 479/479/479 481/481/481
f 479/479/479 480/480/480 481/481/481
f 62/62/62 59/59/59 77/77/77
f 59/59/59 53/53/53 57/57/57
f 59/59/59 57/57/57 77/77/77
f 499/499/499 481/481/481 458/458/458
f 455/455/455 499/499/499 452/452/452
f 455/455/455 452/452/452 446/446/446
f 53/53/53 54/54/54 55/55/55
f 54/54/54 56/56/56 55/55/55
f 499/499/499 458/458/458 452/452/452
f 452/452/452 458/458/458 451/451/451
f 53/53/53 55/55/55 57/57/57
f 481/481/481 461/461/461 458/458/458
f 55/55/55 78/78/78 57/57/57
f 458/458/458 461/461/461 451/451/451
f 57/57/57 78/78/78 77/77/77
f 1042/1042/1042 1049/1049/1049 1044/1044/1044
f 1075/1075/1075 1074/1074/1074 1056/1056/1056
f 1056/1056/1056 1055/1055/1055 1050/1050/1050
f 1050/1050/1050 1055/1055/1055 1052/1052/1052
f 1050/1050/1050 1048/1048/1048 1041/1041/1041
f 1050/1050/1050 1052/1052/1052 1048/1048/1048
f 1056/1056/1056 1074/1074/1074 1055/1055/1055
f 1074/1074/1074 1066/1066/1066 1055/1055/1055
f 52/52/52 40/40/40 33/33/33
f 1055/1055/1055 1059/1059/1059 1052/1052/1052
f 1057/1057/1057 1056/1056/1056 1050/1050/1050
f 52/52/52 50/50/50 40/40/40
f 50/50/50 42/42/42 40/40/40
f 42/42/42 41/41/41 40/40/40
f 40/40/40 32/32/32 33/33/33
f 40/40/40 41/41/41 32/32/32
f 1041/1041/1041 1048/1048/1048 1042/1042/1042
f 1042/1042/1042 1048/1048/1048 1049/1049/1049
f 1052/1052/1052 1051/1051/1051 1048/1048/1048
f 34/34/34 32/32/32 41/41/41
f 34/34/34 24/24/24 32/32/32
f 34/34/34 35/35/35 24/24/24
f 1048/1048/1048 1051/1051/1051 1049/1049/1049
f 35/35/35 39/39/39 24/24/24
f 37/37/37 36/36/36 34/34/34
f 36/36/36 35/35/35 34/34/34
f 1032/1032/1032 1035/1035/1035 1033/1033/1033
f 963/963/963 968/968/968 969/969/969
f 1033/1033/1033 1035/1035/1035 1029/1029/1029
f 969/969/969 970/970/970 971/971/971
f 969/969/969 968/968/968 970/970/970
f 1034/1034/1034 1033/1033/1033 1029/1029/1029
f 1029/1029/1029 1028/1028/1028 1026/1026/1026
f 1043/1043/1043 1044/1044/1044 1045/1045/1045
f 1146/1146/1146 1145/1145/1145 1144/1144/1144
f 1044/1044/1044 1049/1049/1049 1046/1046/1046
f 420/420/420 419/419/419 412/412/412
f 420/420/420 418/418/418 419/419/419
f 1044/1044/1044 1046/1046/1046 1045/1045/1045
f 1049/1049/1049 1051/1051/1051 1053/1053/1053
f 1049/1049/1049 1053/1053/1053 1046/1046/1046
f 1046/1046/1046 1053/1053/1053 1054/1054/1054
f 36/36/36 38/38/38 35/35/35
f 410/410/410 412/412/412 411/411/411
f 411/411/411 412/412/412 413/413/413
f 412/412/412 419/419/419 413/413/413
f 419/419/419 418/418/418 413/413/413
f 863/863/863 864/864/864 862/862/862
f 418/418/418 417/417/417 413/413/413
f 1046/1046/1046 1047/1047/1047 1045/1045/1045
f 1046/1046/1046 1054/1054/1054 1047/1047/1047
f 413/413/413 414/414/414 411/411/411
f 1145/1145/1145 1143/1143/1143 1144/1144/1144
f 1144/1144/1144 1143/1143/1143 1142/1142/1142
f 1066/1066/1066 1059/1059/1059 1055/1055/1055
f 30/30/30 33/33/33 23/23/23
f 33/33/33 32/32/32 23/23/23
f 30/30/30 52/52/52 33/33/33
f 1052/1052/1052 1059/1059/1059 1058/1058/1058
f 32/32/32 24/24/24 23/23/23
f 1052/1052/1052 1058/1058/1058 1051/1051/1051
f 1051/1051/1051 1058/1058/1058 1060/1060/1060
f 24/24/24 39/39/39 25/25/25
f 1051/1051/1051 1060/1060/1060 1053/1053/1053
f 1060/1060/1060 1063/1063/1063 1053/1053/1053
f 1053/1053/1053 1063/1063/1063 1054/1054/1054
f 413/413/413 415/415/415 414/414/414
f 413/413/413 417/417/417 415/415/415
f 1047/1047/1047 1054/1054/1054 1065/1065/1065
f 417/417/417 421/421/421 415/415/415
f 1054/1054/1054 1064/1064/1064 1065/1065/1065
f 1054/1054/1054 1063/1063/1063 1064/1064/1064
f 1132/1132/1132 1129/1129/1129 1137/1137/1137
f 553/553/553 550/550/550 573/573/573
f 550/550/550 552/552/552 573/573/573
f 552/552/552 569/569/569 573/573/573
f 552/552/552 564/564/564 569/569/569
f 560/560/560 562/562/562 564/564/564
f 560/560/560 561/561/561 562/562/562
f 562/562/562 561/561/561 563/563/563
f 564/564/564 562/562/562 565/565/565
f 564/564/564 565/565/565 569/569/569
f 448/448/448 436/436/436 434/434/434
f 565/565/565 562/562/562 567/567/567
f 565/565/565 567/567/567 569/569/569
f 448/448/448 434/434/434 460/460/460
f 563/563/563 566/566/566 562/562/562
f 562/562/562 566/566/566 567/567/567
f 567/567/567 566/566/566 568/568/568
f 459/459/459 454/454/454 449/449/449
f 459/459/459 449/449/449 447/447/447
f 449/449/449 450/450/450 439/439/439
f 449/449/449 439/439/439 447/447/447
f 573/573/573 575/575/575 576/576/576
f 573/573/573 571/571/571 575/575/575
f 573/573/573 569/569/569 571/571/571
f 450/450/450 438/438/438 439/439/439
f 575/575/575 571/571/571 574/574/574
f 439/439/439 438/438/438 435/435/435
f 576/576/576 575/575/575 582/582/582
f 450/450/450 446/446/446 438/438/438
f 446/446/446 441/441/441 438/438/438
f 575/575/575 574/574/574 581/581/581
f 438/438/438 441/441/441 437/437/437
f 438/438/438 437/437/437 435/435/435
f 56/56/56 85/85/85 55/55/55
f 582/582/582 575/575/575 581/581/581
f 446/446/446 452/452/452 451/451/451
f 446/446/446 451/451/451 441/441/441
f 78/78/78 55/55/55 84/84/84
f 461/461/461 453/453/453 451/451/451
f 461/461/461 484/484/484 453/453/453
f 55/55/55 85/85/85 84/84/84
f 581/581/581 574/574/574 579/579/579
f 581/581/581 579/579/579 586/586/586
f 441/441/441 451/451/451 442/442/442
f 441/441/441 442/442/442 437/437/437
f 437/437/437 442/442/442 440/440/440
f 581/581/581 586/586/586 588/588/588
f 451/451/451 453/453/453 442/442/442
f 442/442/442 453/453/453 440/440/440
f 453/453/453 484/484/484 456/456/456
f 440/440/440 453/453/453 456/456/456
f 588/588/588 586/586/586 598/598/598
f 447/447/447 436/436/436 448/448/448
f 447/447/447 439/439/439 436/436/436
f 436/436/436 439/439/439 435/435/435
f 436/436/436 428/428/428 434/434/434
f 436/436/436 435/435/435 428/428/428
f 569/569/569 567/567/567 570/570/570
f 569/569/569 570/570/570 571/571/571
f 571/571/571 570/570/570 574/574/574
f 574/574/574 570/570/570 579/579/579
f 435/435/435 429/429/429 428/428/428
f 435/435/435 437/437/437 429/429/429
f 567/567/567 572/572/572 570/570/570
f 567/567/567 568/568/568 572/572/572
f 434/434/434 428/428/428 427/427/427
f 568/568/568 580/580/580 572/572/572
f 428/428/428 429/429/429 426/426/426
f 429/429/429 430/430/430 426/426/426
f 579/579/579 570/570/570 578/578/578
f 570/570/570 572/572/572 578/578/578
f 578/578/578 572/572/572 584/584/584
f 578/578/578 584/584/584 587/587/587
f 594/594/594 587/587/587 596/596/596
f 579/579/579 583/583/583 586/586/586
f 579/579/579 578/578/578 583/583/583
f 437/437/437 440/440/440 433/433/433
f 586/586/586 583/583/583 593/593/593
f 440/440/440 445/445/445 433/433/433
f 583/583/583 587/587/587 593/593/593
f 440/440/440 456/456/456 445/445/445
f 445/445/445 444/444/444 433/433/433
f 429/429/429 437/437/437 433/433/433
f 429/429/429 433/433/433 430/430/430
f 578/578/578 587/587/587 583/583/583
f 433/433/433 444/444/444 430/430/430
f 587/587/587 594/594/594 593/593/593
f 430/430/430 444/444/444 443/443/443
f 1149/1149/1149 1142/1142/1142 1148/1148/1148
f 1148/1148/1148 1147/1147/1147 1152/1152/1152
f 1148/1148/1148 1142/1142/1142 1147/1147/1147
f 414/414/414 415/415/415 416/416/416
f 1143/1143/1143 1141/1141/1141 1142/1142/1142
f 1142/1142/1142 1141/1141/1141 1140/1140/1140
f 415/415/415 421/421/421 416/416/416
f 1153/1153/1153 1139/1139/1139 1141/1141/1141
f 1141/1141/1141 1139/1139/1139 1140/1140/1140
f 1065/1065/1065 1064/1064/1064 1068/1068/1068
f 1142/1142/1142 1140/1140/1140 1147/1147/1147
f 1147/1147/1147 1140/1140/1140 1150/1150/1150
f 1150/1150/1150 1140/1140/1140 1151/1151/1151
f 1137/1137/1137 1136/1136/1136 1139/1139/1139
f 1139/1139/1139 1136/1136/1136 1138/1138/1138
f 1137/1137/1137 1129/1129/1129 1136/1136/1136
f 1139/1139/1139 1138/1138/1138 1140/1140/1140
f 1129/1129/1129 1111/1111/1111 1136/1136/1136
f 1136/1136/1136 1111/1111/1111 1130/1130/1130
f 1136/1136/1136 1130/1130/1130 1138/1138/1138
f 1022/1022/1022 1014/1014/1014 1013/1013/1013
f 1014/1014/1014 1010/1010/1010 1013/1013/1013
f 1097/1097/1097 1094/1094/1094 1111/1111/1111
f 1111/1111/1111 1094/1094/1094 1130/1130/1130
f 1130/1130/1130 1094/1094/1094 1096/1096/1096
f 1022/1022/1022 1013/1013/1013 1021/1021/1021
f 1021/1021/1021 1013/1013/1013 1018/1018/1018
f 1010/1010/1010 1007/1007/1007 1013/1013/1013
f 1010/1010/1010 1006/1006/1006 1007/1007/1007
f 1005/1005/1005 1000/1000/1000 1006/1006/1006
f 1006/1006/1006 1000/1000/1000 1007/1007/1007
f 1005/1005/1005 989/989/989 1000/1000/1000
f 1000/1000/1000 989/989/989 996/996/996
f 1013/1013/1013 1007/1007/1007 1008/1008/1008
f 1000/1000/1000 996/996/996 1007/1007/1007
f 1007/1007/1007 996/996/996 1008/1008/1008
f 1097/1097/1097 1095/1095/1095 1094/1094/1094
f 1094/1094/1094 1095/1095/1095 1093/1093/1093
f 1094/1094/1094 1093/1093/1093 1090/1090/1090
f 1094/1094/1094 1090/1090/1090 1096/1096/1096
f 606/606/606 608/608/608 605/605/605
f 1093/1093/1093 1091/1091/1091 1090/1090/1090
f 1021/1021/1021 1018/1018/1018 1024/1024/1024
f 1024/1024/1024 1018/1018/1018 1023/1023/1023
f 1018/1018/1018 1013/1013/1013 1015/1015/1015
f 1023/1023/1023 1018/1018/1018 1017/1017/1017
f 1018/1018/1018 1015/1015/1015 1017/1017/1017
f 1118/1118/1118 1093/1093/1093 1095/1095/1095
f 1093/1093/1093 1118/1118/1118 1091/1091/1091
f 606/606/606 605/605/605 604/604/604
f 604/604/604 605/605/605 590/590/590
f 1090/1090/1090 1091/1091/1091 1092/1092/1092
f 590/590/590 605/605/605 595/595/595
f 605/605/605 607/607/607 595/595/595
f 1013/1013/1013 1008/1008/1008 1015/1015/1015
f 1015/1015/1015 1008/1008/1008 1012/1012/1012
f 1015/1015/1015 1012/1012/1012 1017/1017/1017
f 996/996/996 1009/1009/1009 1008/1008/1008
f 1012/1012/1012 1008/1008/1008 1011/1011/1011
f 1008/1008/1008 1009/1009/1009 1011/1011/1011
f 1012/1012/1012 1016/1016/1016 1017/1017/1017
f 1012/1012/1012 1011/1011/1011 1016/1016/1016
f 352/352/352 353/353/353 354/354/354
f 561/561/561 604/604/604 563/563/563
f 604/604/604 590/590/590 563/563/563
f 1118/1118/1118 1133/1133/1133 1091/1091/1091
f 563/563/563 590/590/590 566/566/566
f 590/590/590 585/585/585 566/566/566
f 595/595/595 607/607/607 603/603/603
f 590/590/590 595/595/595 585/585/585
f 566/566/566 585/585/585 580/580/580
f 568/568/568 566/566/566 580/580/580
f 427/427/427 428/428/428 426/426/426
f 427/427/427 426/426/426 422/422/422
f 422/422/422 423/423/423 424/424/424
f 603/603/603 591/591/591 595/595/595
f 595/595/595 591/591/591 585/585/585
f 591/591/591 603/603/603 601/601/601
f 384/384/384 356/356/356 378/378/378
f 585/585/585 591/591/591 580/580/580
f 424/424/424 423/423/423 425/425/425
f 591/591/591 601/601/601 589/589/589
f 591/591/591 589/589/589 580/580/580
f 601/601/601 600/600/600 589/589/589
f 589/589/589 600/600/600 597/597/597
f 378/378/378 369/369/369 382/382/382
f 1017/1017/1017 1016/1016/1016 1019/1019/1019
f 1016/1016/1016 1020/1020/1020 1019/1019/1019
f 354/354/354 353/353/353 356/356/356
f 354/354/354 356/356/356 384/384/384
f 422/422/422 426/426/426 423/423/423
f 580/580/580 584/584/584 572/572/572
f 426/426/426 430/430/430 423/423/423
f 430/430/430 431/431/431 423/423/423
f 580/580/580 589/589/589 584/584/584
f 584/584/584 589/589/589 592/592/592
f 589/589/589 597/597/597 592/592/592
f 587/587/587 584/584/584 592/592/592
f 430/430/430 443/443/443 432/432/432
f 587/587/587 592/592/592 596/596/596
f 430/430/430 432/432/432 431/431/431
f 223/223/223 218/218/218 222/222/222
f 133/133/133 138/138/138 131/131/131
f 131/131/131 132/132/132 133/133/133
f 218/218/218 221/221/221 222/222/222
f 218/218/218 209/209/209 221/221/221
f 133/133/133 132/132/132 134/134/134
f 222/222/222 221/221/221 234/234/234
f 136/136/136 128/128/128 131/131/131
f 281/281/281 253/253/253 263/263/263
f 915/915/915 918/918/918 914/914/914
f 918/918/918 919/919/919 914/914/914
f 222/222/222 233/233/233 232/232/232
f 903/903/903 915/915/915 906/906/906
f 222/222/222 234/234/234 233/233/233
f 233/233/233 234/234/234 251/251/251
f 232/232/232 233/233/233 252/252/252
f 131/131/131 128/128/128 127/127/127
f 131/131/131 127/127/127 132/132/132
f 233/233/233 251/251/251 252/252/252
f 253/253/253 252/252/252 263/263/263
f 252/252/252 251/251/251 254/254/254
f 906/906/906 907/907/907 902/902/902
f 915/915/915 914/914/914 906/906/906
f 906/906/906 914/914/914 910/910/910
f 906/906/906 910/910/910 907/907/907
f 910/910/910 914/914/914 917/917/917
f 914/914/914 919/919/919 917/917/917
f 917/917/917 919/919/919 932/932/932
f 855/855/855 856/856/856 846/846/846
f 128/128/128 147/147/147 123/123/123
f 128/128/128 123/123/123 127/127/127
f 252/252/252 254/254/254 263/263/263
f 147/147/147 148/148/148 123/123/123
f 147/147/147 181/181/181 148/148/148
f 846/846/846 832/832/832 845/845/845
f 920/920/920 925/925/925 922/922/922
f 846/846/846 841/841/841 832/832/832
f 856/856/856 841/841/841 846/846/846
f 181/181/181 180/180/180 148/148/148
f 841/841/841 856/856/856 850/850/850
f 180/180/180 155/155/155 148/148/148
f 134/134/134 132/132/132 135/135/135
f 145/145/145 135/135/135 137/137/137
f 209/209/209 208/208/208 221/221/221
f 221/221/221 208/208/208 234/234/234
f 234/234/234 264/264/264 251/251/251
f 209/209/209 207/207/207 208/208/208
f 135/135/135 132/132/132 137/137/137
f 234/234/234 269/269/269 264/264/264
f 132/132/132 127/127/127 139/139/139
f 127/127/127 126/126/126 140/140/140
f 251/251/251 264/264/264 255/255/255
f 251/251/251 255/255/255 254/254/254
f 132/132/132 139/139/139 137/137/137
f 139/139/139 127/127/127 140/140/140
f 264/264/264 258/258/258 255/255/255
f 255/255/255 258/258/258 257/257/257
f 208/208/208 269/269/269 234/234/234
f 207/207/207 200/200/200 208/208/208
f 208/208/208 200/200/200 269/269/269
f 206/206/206 200/200/200 207/207/207
f 200/200/200 272/272/272 269/269/269
f 145/145/145 137/137/137 146/146/146
f 264/264/264 261/261/261 258/258/258
f 140/140/140 130/130/130 157/157/157
f 258/258/258 259/259/259 257/257/257
f 257/257/257 259/259/259 247/247/247
f 139/139/139 142/142/142 137/137/137
f 139/139/139 140/140/140 142/142/142
f 269/269/269 261/261/261 264/264/264
f 137/137/137 142/142/142 146/146/146
f 146/146/146 142/142/142 156/156/156
f 269/269/269 268/268/268 261/261/261
f 140/140/140 157/157/157 142/142/142
f 258/258/258 260/260/260 259/259/259
f 260/260/260 274/274/274 259/259/259
f 142/142/142 157/157/157 156/156/156
f 157/157/157 130/130/130 187/187/187
f 261/261/261 267/267/267 260/260/260
f 260/260/260 267/267/267 274/274/274
f 258/258/258 261/261/261 260/260/260
f 127/127/127 123/123/123 126/126/126
f 126/126/126 123/123/123 125/125/125
f 255/255/255 256/256/256 254/254/254
f 255/255/255 257/257/257 256/256/256
f 140/140/140 126/126/126 130/130/130
f 126/126/126 129/129/129 130/130/130
f 126/126/126 125/125/125 129/129/129
f 254/254/254 262/262/262 263/263/263
f 256/256/256 257/257/257 265/265/265
f 254/254/254 256/256/256 262/262/262
f 262/262/262 256/256/256 265/265/265
f 123/123/123 148/148/148 124/124/124
f 262/262/262 270/270/270 263/263/263
f 263/263/263 270/270/270 283/283/283
f 124/124/124 148/148/148 155/155/155
f 850/850/850 784/784/784 841/841/841
f 850/850/850 854/854/854 787/787/787
f 784/784/784 850/850/850 787/787/787
f 123/123/123 124/124/124 125/125/125
f 262/262/262 265/265/265 270/270/270
f 124/124/124 141/141/141 125/125/125
f 124/124/124 155/155/155 141/141/141
f 141/141/141 155/155/155 154/154/154
f 854/854/854 769/769/769 787/787/787
f 129/129/129 159/159/159 130/130/130
f 257/257/257 247/247/247 271/271/271
f 159/159/159 129/129/129 160/160/160
f 247/247/247 259/259/259 274/274/274
f 271/271/271 266/266/266 257/257/257
f 257/257/257 266/266/266 265/265/265
f 125/125/125 143/143/143 129/129/129
f 266/266/266 271/271/271 288/288/288
f 129/129/129 143/143/143 144/144/144
f 129/129/129 144/144/144 160/160/160
f 265/265/265 266/266/266 276/276/276
f 266/266/266 288/288/288 276/276/276
f 271/271/271 290/290/290 288/288/288
f 160/160/160 144/144/144 173/173/173
f 288/288/288 289/289/289 276/276/276
f 786/786/786 844/844/844 783/783/783
f 786/786/786 783/783/783 782/782/782
f 783/783/783 781/781/781 782/782/782
f 125/125/125 141/141/141 143/143/143
f 265/265/265 279/279/279 270/270/270
f 265/265/265 276/276/276 279/279/279
f 270/270/270 279/279/279 291/291/291
f 141/141/141 149/149/149 143/143/143
f 141/141/141 154/154/154 149/149/149
f 144/144/144 143/143/143 150/150/150
f 144/144/144 150/150/150 151/151/151
f 143/143/143 149/149/149 150/150/150
f 175/175/175 145/145/145 174/174/174
f 175/175/175 174/174/174 170/170/170
f 170/170/170 174/174/174 164/164/164
f 175/175/175 170/170/170 177/177/177
f 170/170/170 164/164/164 169/169/169
f 170/170/170 169/169/169 177/177/177
f 206/206/206 198/198/198 200/200/200
f 145/145/145 146/146/146 174/174/174
f 200/200/200 284/284/284 272/272/272
f 206/206/206 210/210/210 198/198/198
f 198/198/198 199/199/199 200/200/200
f 200/200/200 199/199/199 284/284/284
f 146/146/146 176/176/176 174/174/174
f 156/156/156 187/187/187 176/176/176
f 269/269/269 272/272/272 268/268/268
f 146/146/146 156/156/156 176/176/176
f 261/261/261 268/268/268 267/267/267
f 272/272/272 284/284/284 268/268/268
f 268/268/268 284/284/284 273/273/273
f 268/268/268 273/273/273 267/267/267
f 156/156/156 157/157/157 187/187/187
f 274/274/274 267/267/267 246/246/246
f 284/284/284 248/248/248 273/273/273
f 176/176/176 164/164/164 174/174/174
f 176/176/176 187/187/187 164/164/164
f 273/273/273 248/248/248 246/246/246
f 267/267/267 273/273/273 246/246/246
f 198/198/198 210/210/210 212/212/212
f 198/198/198 212/212/212 201/201/201
f 212/212/212 215/215/215 201/201/201
f 198/198/198 201/201/201 199/199/199
f 199/199/199 248/248/248 284/284/284
f 199/199/199 202/202/202 248/248/248
f 199/199/199 201/201/201 202/202/202
f 201/201/201 215/215/215 203/203/203
f 202/202/202 201/201/201 203/203/203
f 202/202/202 203/203/203 204/204/204
f 130/130/130 159/159/159 187/187/187
f 159/159/159 160/160/160 161/161/161
f 160/160/160 162/162/162 161/161/161
f 274/274/274 246/246/246 247/247/247
f 247/247/247 246/246/246 235/235/235
f 247/247/247 235/235/235 271/271/271
f 271/271/271 235/235/235 275/275/275
f 271/271/271 275/275/275 290/290/290
f 844/844/844 849/849/849 783/783/783
f 187/187/187 159/159/159 164/164/164
f 159/159/159 161/161/161 164/164/164
f 246/246/246 202/202/202 235/235/235
f 235/235/235 202/202/202 205/205/205
f 164/164/164 161/161/161 163/163/163
f 161/161/161 162/162/162 163/163/163
f 849/849/849 809/809/809 783/783/783
f 235/235/235 205/205/205 275/275/275
f 275/275/275 205/205/205 282/282/282
f 160/160/160 173/173/173 162/162/162
f 162/162/162 173/173/173 172/172/172
f 276/276/276 289/289/289 286/286/286
f 781/781/781 778/778/778 782/782/782
f 783/783/783 733/733/733 781/781/781
f 733/733/733 778/778/778 781/781/781
f 248/248/248 202/202/202 246/246/246
f 202/202/202 204/204/204 205/205/205
f 164/164/164 163/163/163 165/165/165
f 205/205/205 204/204/204 243/243/243
f 205/205/205 243/243/243 282/282/282
f 282/282/282 243/243/243 280/280/280
f 164/164/164 165/165/165 169/169/169
f 169/169/169 165/165/165 168/168/168
f 204/204/204 237/237/237 243/243/243
f 243/243/243 237/237/237 280/280/280
f 163/163/163 162/162/162 166/166/166
f 163/163/163 166/166/166 165/165/165
f 809/809/809 768/768/768 783/783/783
f 162/162/162 172/172/172 166/166/166
f 809/809/809 851/851/851 768/768/768
f 851/851/851 847/847/847 768/768/768
f 783/783/783 768/768/768 733/733/733
f 768/768/768 730/730/730 733/733/733
f 733/733/733 730/730/730 729/729/729
f 212/212/212 217/217/217 215/215/215
f 217/217/217 224/224/224 215/215/215
f 203/203/203 215/215/215 225/225/225
f 224/224/224 225/225/225 215/215/215
f 224/224/224 226/226/226 225/225/225
f 224/224/224 240/240/240 226/226/226
f 240/240/240 241/241/241 226/226/226
f 226/226/226 241/241/241 250/250/250
f 225/225/225 226/226/226 242/242/242
f 226/226/226 250/250/250 242/242/242
f 204/204/204 203/203/203 236/236/236
f 203/203/203 225/225/225 236/236/236
f 204/204/204 236/236/236 237/237/237
f 168/168/168 165/165/165 167/167/167
f 236/236/236 225/225/225 239/239/239
f 168/168/168 167/167/167 178/178/178
f 236/236/236 277/277/277 237/237/237
f 236/236/236 239/239/239 278/278/278
f 236/236/236 278/278/278 277/277/277
f 165/165/165 166/166/166 167/167/167
f 280/280/280 237/237/237 285/285/285
f 167/167/167 166/166/166 171/171/171
f 167/167/167 171/171/171 179/179/179
f 285/285/285 237/237/237 277/277/277
f 847/847/847 758/758/758 768/768/768
f 768/768/768 758/758/758 730/730/730
f 730/730/730 758/758/758 725/725/725
f 730/730/730 725/725/725 729/729/729
f 285/285/285 277/277/277 294/294/294
f 294/294/294 277/277/277 292/292/292
f 168/168/168 178/178/178 182/182/182
f 225/225/225 242/242/242 239/239/239
f 242/242/242 278/278/278 239/239/239
f 182/182/182 178/178/178 184/184/184
f 167/167/167 179/179/179 178/178/178
f 242/242/242 287/287/287 278/278/278
f 171/171/171 183/183/183 179/179/179
f 758/758/758 853/853/853 742/742/742
f 758/758/758 742/742/742 725/725/725
f 278/278/278 292/292/292 277/277/277
f 293/293/293 292/292/292 278/278/278
f 179/179/179 183/183/183 190/190/190
f 853/853/853 767/767/767 742/742/742
f 101/101/101 82/82/82 99/99/99
f 521/521/521 515/515/515 519/519/519
f 512/512/512 519/519/519 515/515/515
f 82/82/82 90/90/90 99/99/99
f 99/99/99 90/90/90 100/100/100
f 518/518/518 512/512/512 510/510/510
f 510/510/510 512/512/512 502/502/502
f 82/82/82 81/81/81 90/90/90
f 502/502/502 512/512/512 503/503/503
f 512/512/512 515/515/515 503/503/503
f 515/515/515 509/509/509 505/505/505
f 515/515/515 505/505/505 503/503/503
f 100/100/100 90/90/90 91/91/91
f 100/100/100 91/91/91 105/105/105
f 503/503/503 505/505/505 494/494/494
f 505/505/505 500/500/500 494/494/494
f 184/184/184 178/178/178 185/185/185
f 521/521/521 522/522/522 515/515/515
f 242/242/242 250/250/250 287/287/287
f 178/178/178 179/179/179 185/185/185
f 287/287/287 293/293/293 278/278/278
f 515/515/515 522/522/522 509/509/509
f 522/522/522 527/527/527 509/509/509
f 105/105/105 108/108/108 110/110/110
f 179/179/179 186/186/186 185/185/185
f 179/179/179 190/190/190 186/186/186
f 505/505/505 509/509/509 500/500/500
f 105/105/105 91/91/91 95/95/95
f 105/105/105 95/95/95 108/108/108
f 509/509/509 527/527/527 507/507/507
f 500/500/500 509/509/509 507/507/507
f 907/907/907 911/911/911 908/908/908
f 908/908/908 911/911/911 942/942/942
f 942/942/942 911/911/911 943/943/943
f 907/907/907 910/910/910 911/911/911
f 910/910/910 917/917/917 916/916/916
f 917/917/917 932/932/932 916/916/916
f 911/911/911 912/912/912 944/944/944
f 910/910/910 912/912/912 911/911/911
f 910/910/910 916/916/916 912/912/912
f 912/912/912 946/946/946 944/944/944
f 912/912/912 916/916/916 946/946/946
f 942/942/942 943/943/943 948/948/948
f 943/943/943 950/950/950 948/948/948
f 911/911/911 944/944/944 943/943/943
f 943/943/943 944/944/944 950/950/950
f 944/944/944 962/962/962 950/950/950
f 944/944/944 946/946/946 962/962/962
f 950/950/950 962/962/962 960/960/960
f 878/878/878 874/874/874 876/876/876
f 874/874/874 875/875/875 876/876/876
f 919/919/919 921/921/921 932/932/932
f 919/919/919 920/920/920 921/921/921
f 921/921/921 923/923/923 932/932/932
f 920/920/920 922/922/922 921/921/921
f 921/921/921 922/922/922 923/923/923
f 845/845/845 832/832/832 842/842/842
f 925/925/925 926/926/926 922/922/922
f 922/922/922 926/926/926 927/927/927
f 923/923/923 922/922/922 924/924/924
f 922/922/922 927/927/927 924/924/924
f 923/923/923 916/916/916 932/932/932
f 923/923/923 933/933/933 916/916/916
f 923/923/923 924/924/924 933/933/933
f 926/926/926 928/928/928 927/927/927
f 832/832/832 801/801/801 842/842/842
f 841/841/841 784/784/784 832/832/832
f 832/832/832 784/784/784 801/801/801
f 180/180/180 188/188/188 155/155/155
f 842/842/842 801/801/801 833/833/833
f 926/926/926 939/939/939 928/928/928
f 879/879/879 877/877/877 874/874/874
f 946/946/946 916/916/916 967/967/967
f 916/916/916 934/934/934 967/967/967
f 916/916/916 933/933/933 934/934/934
f 879/879/879 881/881/881 877/877/877
f 874/874/874 877/877/877 875/875/875
f 881/881/881 880/880/880 877/877/877
f 933/933/933 924/924/924 938/938/938
f 938/938/938 935/935/935 933/933/933
f 934/934/934 935/935/935 936/936/936
f 934/934/934 933/933/933 935/935/935
f 875/875/875 877/877/877 876/876/876
f 877/877/877 869/869/869 876/876/876
f 877/877/877 880/880/880 869/869/869
f 927/927/927 928/928/928 924/924/924
f 924/924/924 928/928/928 929/929/929
f 928/928/928 939/939/939 929/929/929
f 929/929/929 939/939/939 931/931/931
f 950/950/950 952/952/952 951/951/951
f 952/952/952 950/950/950 956/956/956
f 960/960/960 959/959/959 950/950/950
f 950/950/950 959/959/959 956/956/956
f 951/951/951 952/952/952 963/963/963
f 952/952/952 964/964/964 963/963/963
f 952/952/952 958/958/958 964/964/964
f 952/952/952 956/956/956 958/958/958
f 964/964/964 966/966/966 963/963/963
f 963/963/963 966/966/966 968/968/968
f 964/964/964 975/975/975 966/966/966
f 964/964/964 958/958/958 975/975/975
f 796/796/796 797/797/797 794/794/794
f 795/795/795 794/794/794 706/706/706
f 865/865/865 866/866/866 867/867/867
f 876/876/876 869/869/869 866/866/866
f 866/866/866 869/869/869 868/868/868
f 924/924/924 929/929/929 930/930/930
f 924/924/924 930/930/930 938/938/938
f 868/868/868 871/871/871 867/867/867
f 871/871/871 872/872/872 867/867/867
f 866/866/866 868/868/868 867/867/867
f 797/797/797 799/799/799 798/798/798
f 797/797/797 798/798/798 794/794/794
f 929/929/929 931/931/931 930/930/930
f 871/871/871 873/873/873 872/872/872
f 825/825/825 808/808/808 799/799/799
f 799/799/799 808/808/808 798/798/798
f 705/705/705 707/707/707 711/711/711
f 707/707/707 713/713/713 711/711/711
f 707/707/707 704/704/704 709/709/709
f 704/704/704 706/706/706 708/708/708
f 794/794/794 712/712/712 706/706/706
f 704/704/704 708/708/708 709/709/709
f 801/801/801 784/784/784 757/757/757
f 801/801/801 785/785/785 833/833/833
f 936/936/936 935/935/935 937/937/937
f 880/880/880 870/870/870 869/869/869
f 869/869/869 870/870/870 868/868/868
f 935/935/935 938/938/938 937/937/937
f 833/833/833 785/785/785 815/815/815
f 769/769/769 858/858/858 750/750/750
f 870/870/870 871/871/871 868/868/868
f 937/937/937 938/938/938 930/930/930
f 825/825/825 815/815/815 808/808/808
f 825/825/825 833/833/833 815/815/815
f 808/808/808 800/800/800 798/798/798
f 798/798/798 793/793/793 794/794/794
f 798/798/798 800/800/800 793/793/793
f 808/808/808 790/790/790 800/800/800
f 794/794/794 793/793/793 712/712/712
f 712/712/712 708/708/708 706/706/706
f 708/708/708 710/710/710 709/709/709
f 708/708/708 712/712/712 710/710/710
f 276/276/276 286/286/286 279/279/279
f 782/782/782 778/778/778 848/848/848
f 149/149/149 158/158/158 152/152/152
f 858/858/858 848/848/848 750/750/750
f 150/150/150 153/153/153 151/151/151
f 149/149/149 152/152/152 150/150/150
f 150/150/150 152/152/152 153/153/153
f 750/750/750 741/741/741 749/749/749
f 848/848/848 741/741/741 750/750/750
f 778/778/778 744/744/744 848/848/848
f 733/733/733 729/729/729 778/778/778
f 778/778/778 729/729/729 744/744/744
f 744/744/744 729/729/729 720/720/720
f 848/848/848 744/744/744 741/741/741
f 741/741/741 744/744/744 720/720/720
f 741/741/741 720/720/720 740/740/740
f 749/749/749 741/741/741 740/740/740
f 740/740/740 720/720/720 716/716/716
f 720/720/720 729/729/729 719/719/719
f 720/720/720 719/719/719 716/716/716
f 729/729/729 725/725/725 719/719/719
f 742/742/742 767/767/767 731/731/731
f 81/81/81 83/83/83 90/90/90
f 90/90/90 83/83/83 91/91/91
f 91/91/91 83/83/83 89/89/89
f 91/91/91 89/89/89 95/95/95
f 292/292/292 293/293/293 295/295/295
f 295/295/295 293/293/293 296/296/296
f 767/767/767 766/766/766 731/731/731
f 767/767/767 857/857/857 766/766/766
f 110/110/110 108/108/108 121/121/121
f 186/186/186 190/190/190 192/192/192
f 857/857/857 861/861/861 766/766/766
f 766/766/766 861/861/861 779/779/779
f 95/95/95 102/102/102 108/108/108
f 95/95/95 89/89/89 102/102/102
f 500/500/500 507/507/507 493/493/493
f 493/493/493 507/507/507 508/508/508
f 527/527/527 535/535/535 524/524/524
f 527/527/527 524/524/524 507/507/507
f 121/121/121 108/108/108 118/118/118
f 507/507/507 524/524/524 508/508/508
f 535/535/535 526/526/526 524/524/524
f 108/108/108 102/102/102 111/111/111
f 524/524/524 526/526/526 508/508/508
f 111/111/111 118/118/118 108/108/108
f 508/508/508 526/526/526 525/525/525
f 111/111/111 119/119/119 118/118/118
f 779/779/779 861/861/861 860/860/860
f 772/772/772 779/779/779 860/860/860
f 772/772/772 860/860/860 859/859/859
f 526/526/526 531/531/531 525/525/525
f 526/526/526 536/536/536 531/531/531
f 119/119/119 115/115/115 122/122/122
f 81/81/81 76/76/76 83/83/83
f 502/502/502 503/503/503 494/494/494
f 502/502/502 494/494/494 496/496/496
f 496/496/496 492/492/492 491/491/491
f 76/76/76 80/80/80 83/83/83
f 496/496/496 494/494/494 492/492/492
f 494/494/494 500/500/500 493/493/493
f 83/83/83 80/80/80 89/89/89
f 492/492/492 494/494/494 493/493/493
f 492/492/492 493/493/493 488/488/488
f 491/491/491 492/492/492 488/488/488
f 76/76/76 62/62/62 79/79/79
f 76/76/76 79/79/79 80/80/80
f 89/89/89 87/87/87 102/102/102
f 80/80/80 87/87/87 89/89/89
f 488/488/488 493/493/493 490/490/490
f 80/80/80 79/79/79 87/87/87
f 79/79/79 88/88/88 87/87/87
f 87/87/87 88/88/88 103/103/103
f 491/491/491 488/488/488 483/483/483
f 479/479/479 491/491/491 483/483/483
f 479/479/479 483/483/483 480/480/480
f 483/483/483 488/488/488 480/480/480
f 480/480/480 488/488/488 485/485/485
f 488/488/488 490/490/490 485/485/485
f 102/102/102 87/87/87 103/103/103
f 102/102/102 103/103/103 111/111/111
f 493/493/493 508/508/508 495/495/495
f 493/493/493 495/495/495 490/490/490
f 508/508/508 525/525/525 495/495/495
f 62/62/62 77/77/77 79/79/79
f 79/79/79 77/77/77 88/88/88
f 480/480/480 482/482/482 481/481/481
f 490/490/490 489/489/489 485/485/485
f 480/480/480 485/485/485 482/482/482
f 96/96/96 106/106/106 88/88/88
f 485/485/485 489/489/489 482/482/482
f 77/77/77 86/86/86 88/88/88
f 481/481/481 482/482/482 461/461/461
f 461/461/461 482/482/482 484/484/484
f 77/77/77 78/78/78 86/86/86
f 484/484/484 482/482/482 486/486/486
f 482/482/482 487/487/487 486/486/486
f 88/88/88 86/86/86 96/96/96
f 86/86/86 107/107/107 96/96/96
f 482/482/482 489/489/489 487/487/487
f 103/103/103 106/106/106 111/111/111
f 103/103/103 88/88/88 106/106/106
f 495/495/495 528/528/528 489/489/489
f 106/106/106 115/115/115 111/111/111
f 111/111/111 115/115/115 119/119/119
f 106/106/106 109/109/109 115/115/115
f 525/525/525 531/531/531 528/528/528
f 495/495/495 525/525/525 528/528/528
f 106/106/106 96/96/96 109/109/109
f 109/109/109 96/96/96 112/112/112
f 109/109/109 112/112/112 120/120/120
f 115/115/115 120/120/120 122/122/122
f 109/109/109 120/120/120 115/115/115
f 490/490/490 495/495/495 489/489/489
f 489/489/489 523/523/523 487/487/487
f 523/523/523 489/489/489 529/529/529
f 489/489/489 528/528/528 529/529/529
f 975/975/975 972/972/972 966/966/966
f 968/968/968 972/972/972 970/970/970
f 968/968/968 966/966/966 972/972/972
f 1026/1026/1026 1028/1028/1028 1027/1027/1027
f 820/820/820 817/817/817 821/821/821
f 711/711/711 820/820/820 823/823/823
f 711/711/711 713/713/713 820/820/820
f 820/820/820 713/713/713 819/819/819
f 707/707/707 709/709/709 713/713/713
f 820/820/820 819/819/819 817/817/817
f 828/828/828 822/822/822 824/824/824
f 817/817/817 824/824/824 822/822/822
f 817/817/817 816/816/816 824/824/824
f 824/824/824 826/826/826 840/840/840
f 824/824/824 816/816/816 826/826/826
f 709/709/709 714/714/714 713/713/713
f 713/713/713 714/714/714 819/819/819
f 709/709/709 710/710/710 714/714/714
f 819/819/819 714/714/714 810/810/810
f 714/714/714 802/802/802 810/810/810
f 819/819/819 810/810/810 817/817/817
f 817/817/817 810/810/810 816/816/816
f 810/810/810 812/812/812 816/816/816
f 816/816/816 813/813/813 826/826/826
f 812/812/812 813/813/813 816/816/816
f 840/840/840 826/826/826 830/830/830
f 840/840/840 830/830/830 839/839/839
f 1025/1025/1025 1004/1004/1004 992/992/992
f 839/839/839 830/830/830 834/834/834
f 813/813/813 830/830/830 826/826/826
f 812/812/812 804/804/804 813/813/813
f 813/813/813 804/804/804 818/818/818
f 830/830/830 813/813/813 818/818/818
f 818/818/818 804/804/804 805/805/805
f 818/818/818 805/805/805 814/814/814
f 805/805/805 803/803/803 814/814/814
f 803/803/803 811/811/811 814/814/814
f 811/811/811 806/806/806 827/827/827
f 806/806/806 831/831/831 827/827/827
f 806/806/806 807/807/807 831/831/831
f 807/807/807 837/837/837 831/831/831
f 407/407/407 409/409/409 408/408/408
f 408/408/408 400/400/400 407/407/407
f 408/408/408 403/403/403 400/400/400
f 402/402/402 407/407/407 400/400/400
f 402/402/402 400/400/400 397/397/397
f 396/396/396 385/385/385 388/388/388
f 396/396/396 386/386/386 385/385/385
f 397/397/397 386/386/386 396/396/396
f 386/386/386 381/381/381 385/385/385
f 402/402/402 397/397/397 396/396/396
f 400/400/400 394/394/394 397/397/397
f 391/391/391 381/381/381 394/394/394
f 380/380/380 381/381/381 391/391/391
f 397/397/397 394/394/394 386/386/386
f 386/386/386 394/394/394 381/381/381
f 78/78/78 94/94/94 86/86/86
f 86/86/86 94/94/94 107/107/107
f 78/78/78 84/84/84 94/94/94
f 484/484/484 486/486/486 530/530/530
f 96/96/96 107/107/107 112/112/112
f 112/112/112 107/107/107 116/116/116
f 486/486/486 487/487/487 523/523/523
f 486/486/486 523/523/523 530/530/530
f 94/94/94 113/113/113 107/107/107
f 94/94/94 114/114/114 113/113/113
f 484/484/484 530/530/530 456/456/456
f 586/586/586 599/599/599 598/598/598
f 523/523/523 533/533/533 532/532/532
f 107/107/107 113/113/113 117/117/117
f 107/107/107 117/117/117 116/116/116
f 530/530/530 523/523/523 532/532/532
f 530/530/530 532/532/532 534/534/534
f 112/112/112 116/116/116 120/120/120
f 408/408/408 406/406/406 403/403/403
f 406/406/406 398/398/398 403/403/403
f 406/406/406 401/401/401 398/398/398
f 403/403/403 398/398/398 400/400/400
f 404/404/404 399/399/399 401/401/401
f 399/399/399 391/391/391 401/401/401
f 594/594/594 602/602/602 593/593/593
f 594/594/594 596/596/596 602/602/602
f 476/476/476 477/477/477 471/471/471
f 399/399/399 393/393/393 390/390/390
f 399/399/399 390/390/390 391/391/391
f 393/393/393 392/392/392 390/390/390
f 390/390/390 380/380/380 391/391/391
f 599/599/599 586/586/586 593/593/593
f 593/593/593 602/602/602 599/599/599
f 456/456/456 530/530/530 470/470/470
f 530/530/530 534/534/534 470/470/470
f 456/456/456 470/470/470 445/445/445
f 445/445/445 470/470/470 444/444/444
f 405/405/405 393/393/393 404/404/404
f 404/404/404 393/393/393 399/399/399
f 444/444/444 470/470/470 471/471/471
f 470/470/470 476/476/476 471/471/471
f 444/444/444 471/471/471 443/443/443
f 398/398/398 391/391/391 394/394/394
f 401/401/401 391/391/391 398/398/398
f 398/398/398 394/394/394 400/400/400
f 196/196/196 195/195/195 197/197/197
f 992/992/992 1004/1004/1004 991/991/991
f 992/992/992 991/991/991 990/990/990
f 1004/1004/1004 999/999/999 991/991/991
f 990/990/990 991/991/991 988/988/988
f 991/991/991 999/999/999 993/993/993
f 988/988/988 991/991/991 993/993/993
f 830/830/830 818/818/818 829/829/829
f 830/830/830 829/829/829 834/834/834
f 986/986/986 990/990/990 988/988/988
f 988/988/988 993/993/993 987/987/987
f 980/980/980 983/983/983 982/982/982
f 980/980/980 982/982/982 981/981/981
f 983/983/983 986/986/986 982/982/982
f 986/986/986 988/988/988 987/987/987
f 986/986/986 987/987/987 982/982/982
f 987/987/987 994/994/994 982/982/982
f 982/982/982 994/994/994 995/995/995
f 360/360/360 363/363/363 361/361/361
f 818/818/818 814/814/814 829/829/829
f 999/999/999 1002/1002/1002 993/993/993
f 1002/1002/1002 1001/1001/1001 993/993/993
f 829/829/829 814/814/814 836/836/836
f 814/814/814 835/835/835 836/836/836
f 1001/1001/1001 1003/1003/1003 997/997/997
f 993/993/993 1001/1001/1001 997/997/997
f 987/987/987 993/993/993 997/997/997
f 987/987/987 997/997/997 994/994/994
f 994/994/994 997/997/997 998/998/998
f 814/814/814 811/811/811 835/835/835
f 811/811/811 827/827/827 835/835/835
f 377/377/377 376/376/376 364/364/364
f 363/363/363 364/364/364 361/361/361
f 376/376/376 365/365/365 364/364/364
f 989/989/989 985/985/985 984/984/984
f 989/989/989 984/984/984 996/996/996
f 979/979/979 980/980/980 981/981/981
f 985/985/985 981/981/981 984/984/984
f 984/984/984 981/981/981 982/982/982
f 984/984/984 982/982/982 996/996/996
f 996/996/996 982/982/982 995/995/995
f 359/359/359 360/360/360 357/357/357
f 359/359/359 357/357/357 350/350/350
f 357/357/357 360/360/360 361/361/361
f 376/376/376 389/389/389 373/373/373
f 389/389/389 387/387/387 373/373/373
f 361/361/361 364/364/364 365/365/365
f 365/365/365 373/373/373 367/367/367
f 361/361/361 365/365/365 362/362/362
f 365/365/365 367/367/367 362/362/362
f 376/376/376 373/373/373 365/365/365
f 387/387/387 388/388/388 374/374/374
f 373/373/373 387/387/387 374/374/374
f 367/367/367 373/373/373 374/374/374
f 367/367/367 374/374/374 370/370/370
f 388/388/388 385/385/385 374/374/374
f 374/374/374 385/385/385 370/370/370
f 370/370/370 368/368/368 367/367/367
f 367/367/367 368/368/368 362/362/362
f 350/350/350 351/351/351 352/352/352
f 350/350/350 357/357/357 351/351/351
f 357/357/357 358/358/358 351/351/351
f 357/357/357 361/361/361 358/358/358
f 352/352/352 351/351/351 353/353/353
f 351/351/351 355/355/355 353/353/353
f 351/351/351 358/358/358 355/355/355
f 358/358/358 362/362/362 355/355/355
f 361/361/361 362/362/362 358/358/358
f 353/353/353 355/355/355 369/369/369
f 378/378/378 356/356/356 369/369/369
f 356/356/356 353/353/353 369/369/369
f 355/355/355 362/362/362 366/366/366
f 366/366/366 368/368/368 372/372/372
f 369/369/369 355/355/355 366/366/366
f 371/371/371 380/380/380 383/383/383
f 379/379/379 371/371/371 383/383/383
f 369/369/369 379/379/379 382/382/382
f 366/366/366 371/371/371 369/369/369
f 366/366/366 372/372/372 371/371/371
f 371/371/371 372/372/372 380/380/380
f 369/369/369 371/371/371 379/379/379
f 370/370/370 375/375/375 372/372/372
f 372/372/372 375/375/375 381/381/381
f 385/385/385 375/375/375 370/370/370
f 385/385/385 381/381/381 375/375/375
f 366/366/366 362/362/362 368/368/368
f 368/368/368 370/370/370 372/372/372
f 380/380/380 372/372/372 381/381/381
f 395/395/395 379/379/379 392/392/392
f 382/382/382 379/379/379 395/395/395
f 392/392/392 379/379/379 383/383/383
f 390/390/390 392/392/392 383/383/383
f 390/390/390 383/383/383 380/380/380
f 476/476/476 478/478/478 477/477/477
f 801/801/801 757/757/757 785/785/785
f 188/188/188 189/189/189 155/155/155
f 784/784/784 787/787/787 754/754/754
f 155/155/155 189/189/189 154/154/154
f 787/787/787 769/769/769 754/754/754
f 784/784/784 754/754/754 757/757/757
f 757/757/757 754/754/754 752/752/752
f 815/815/815 785/785/785 763/763/763
f 815/815/815 763/763/763 808/808/808
f 757/757/757 752/752/752 763/763/763
f 757/757/757 763/763/763 785/785/785
f 752/752/752 751/751/751 763/763/763
f 769/769/769 753/753/753 754/754/754
f 154/154/154 158/158/158 149/149/149
f 769/769/769 750/750/750 753/753/753
f 754/754/754 753/753/753 752/752/752
f 752/752/752 753/753/753 749/749/749
f 753/753/753 750/750/750 749/749/749
f 752/752/752 749/749/749 751/751/751
f 763/763/763 790/790/790 808/808/808
f 712/712/712 715/715/715 710/710/710
f 710/710/710 715/715/715 714/714/714
f 763/763/763 751/751/751 748/748/748
f 763/763/763 748/748/748 790/790/790
f 790/790/790 748/748/748 789/789/789
f 790/790/790 789/789/789 800/800/800
f 751/751/751 749/749/749 748/748/748
f 748/748/748 749/749/749 747/747/747
f 748/748/748 747/747/747 746/746/746
f 789/789/789 748/748/748 755/755/755
f 748/748/748 746/746/746 755/755/755
f 800/800/800 789/789/789 793/793/793
f 793/793/793 789/789/789 788/788/788
f 793/793/793 788/788/788 712/712/712
f 712/712/712 788/788/788 715/715/715
f 789/789/789 755/755/755 788/788/788
f 788/788/788 755/755/755 764/764/764
f 749/749/749 740/740/740 747/747/747
f 716/716/716 719/719/719 717/717/717
f 747/747/747 740/740/740 739/739/739
f 747/747/747 739/739/739 746/746/746
f 746/746/746 743/743/743 755/755/755
f 746/746/746 739/739/739 743/743/743
f 740/740/740 718/718/718 739/739/739
f 755/755/755 759/759/759 764/764/764
f 755/755/755 743/743/743 756/756/756
f 755/755/755 756/756/756 759/759/759
f 740/740/740 716/716/716 718/718/718
f 716/716/716 717/717/717 718/718/718
f 739/739/739 727/727/727 743/743/743
f 739/739/739 718/718/718 727/727/727
f 743/743/743 727/727/727 735/735/735
f 718/718/718 726/726/726 727/727/727
f 719/719/719 725/725/725 723/723/723
f 719/719/719 722/722/722 717/717/717
f 725/725/725 742/742/742 723/723/723
f 183/183/183 191/191/191 190/190/190
f 742/742/742 731/731/731 723/723/723
f 719/719/719 723/723/723 722/722/722
f 723/723/723 731/731/731 722/722/722
f 722/722/722 731/731/731 732/732/732
f 718/718/718 717/717/717 721/721/721
f 717/717/717 722/722/722 721/721/721
f 718/718/718 721/721/721 726/726/726
f 721/721/721 724/724/724 726/726/726
f 722/722/722 724/724/724 721/721/721
f 722/722/722 738/738/738 724/724/724
f 726/726/726 724/724/724 728/728/728
f 724/724/724 736/736/736 728/728/728
f 191/191/191 192/192/192 190/190/190
f 731/731/731 766/766/766 732/732/732
f 191/191/191 193/193/193 192/192/192
f 192/192/192 193/193/193 194/194/194
f 766/766/766 779/779/779 732/732/732
f 535/535/535 537/537/537 526/526/526
f 732/732/732 738/738/738 722/722/722
f 732/732/732 779/779/779 738/738/738
f 779/779/779 772/772/772 738/738/738
f 724/724/724 738/738/738 736/736/736
f 736/736/736 738/738/738 762/762/762
f 738/738/738 772/772/772 762/762/762
f 762/762/762 772/772/772 852/852/852
f 537/537/537 536/536/536 526/526/526
f 772/772/772 859/859/859 852/852/852
f 714/714/714 715/715/715 802/802/802
f 788/788/788 764/764/764 715/715/715
f 715/715/715 764/764/764 776/776/776
f 802/802/802 715/715/715 776/776/776
f 764/764/764 759/759/759 776/776/776
f 810/810/810 802/802/802 792/792/792
f 810/810/810 792/792/792 812/812/812
f 802/802/802 776/776/776 792/792/792
f 776/776/776 770/770/770 777/777/777
f 792/792/792 776/776/776 777/777/777
f 792/792/792 777/777/777 804/804/804
f 812/812/812 792/792/792 804/804/804
f 777/777/777 774/774/774 804/804/804
f 759/759/759 756/756/756 735/735/735
f 776/776/776 759/759/759 770/770/770
f 759/759/759 735/735/735 760/760/760
f 759/759/759 760/760/760 770/770/770
f 756/756/756 743/743/743 735/735/735
f 777/777/777 770/770/770 774/774/774
f 770/770/770 760/760/760 774/774/774
f 727/727/727 734/734/734 735/735/735
f 727/727/727 726/726/726 734/734/734
f 735/735/735 734/734/734 760/760/760
f 760/760/760 771/771/771 774/774/774
f 760/760/760 761/761/761 771/771/771
f 804/804/804 774/774/774 805/805/805
f 774/774/774 803/803/803 805/805/805
f 774/774/774 771/771/771 780/780/780
f 774/774/774 780/780/780 803/803/803
f 780/780/780 806/806/806 803/803/803
f 803/803/803 806/806/806 811/811/811
f 726/726/726 728/728/728 734/734/734
f 734/734/734 728/728/728 737/737/737
f 734/734/734 737/737/737 761/761/761
f 760/760/760 734/734/734 761/761/761
f 728/728/728 736/736/736 737/737/737
f 737/737/737 736/736/736 745/745/745
f 736/736/736 762/762/762 745/745/745
f 737/737/737 745/745/745 761/761/761
f 761/761/761 745/745/745 765/765/765
f 745/745/745 773/773/773 765/765/765
f 771/771/771 775/775/775 780/780/780
f 761/761/761 775/775/775 771/771/771
f 780/780/780 775/775/775 806/806/806
f 775/775/775 807/807/807 806/806/806
f 761/761/761 765/765/765 775/775/775
f 775/775/775 765/765/765 791/791/791
f 775/775/775 791/791/791 807/807/807
f 765/765/765 773/773/773 791/791/791
f 807/807/807 791/791/791 837/837/837
f 745/745/745 762/762/762 773/773/773
f 773/773/773 762/762/762 843/843/843
f 762/762/762 852/852/852 843/843/843
f 773/773/773 838/838/838 791/791/791
f 773/773/773 843/843/843 838/838/838
f 791/791/791 838/838/838 837/837/837
f 1215/1215/1215 1214/1214/1214 1212/1212/1212
f 1212/1212/1212 1214/1214/1214 1210/1210/1210
f 1212/1212/1212 1210/1210/1210 1211/1211/1211
f 1210/1210/1210 1214/1214/1214 1216/1216/1216
f 1185/1185/1185 1179/1179/1179 1183/1183/1183
f 1183/1183/1183 1178/1178/1178 1184/1184/1184
f 1179/1179/1179 1178/1178/1178 1183/1183/1183
f 1184/1184/1184 1188/1188/1188 1186/1186/1186
f 1184/1184/1184 1181/1181/1181 1188/1188/1188
f 1184/1184/1184 1178/1178/1178 1181/1181/1181
f 1179/1179/1179 1171/1171/1171 1178/1178/1178
f 1171/1171/1171 1170/1170/1170 1178/1178/1178
f 1171/1171/1171 1169/1169/1169 1170/1170/1170
f 1175/1175/1175 1173/1173/1173 1169/1169/1169
f 1169/1169/1169 1167/1167/1167 1168/1168/1168
f 1178/1178/1178 1170/1170/1170 1181/1181/1181
f 1170/1170/1170 1191/1191/1191 1181/1181/1181
f 1181/1181/1181 1191/1191/1191 1192/1192/1192
f 1181/1181/1181 1192/1192/1192 1188/1188/1188
f 1170/1170/1170 1169/1169/1169 1168/1168/1168
f 1168/1168/1168 1167/1167/1167 1160/1160/1160
f 1166/1166/1166 1160/1160/1160 1162/1162/1162
f 1160/1160/1160 1167/1167/1167 1161/1161/1161
f 1160/1160/1160 1161/1161/1161 1162/1162/1162
f 1173/1173/1173 1174/1174/1174 1172/1172/1172
f 1174/1174/1174 1176/1176/1176 1172/1172/1172
f 1173/1173/1173 1172/1172/1172 1169/1169/1169
f 1169/1169/1169 1172/1172/1172 1164/1164/1164
f 1169/1169/1169 1164/1164/1164 1167/1167/1167
f 1167/1167/1167 1164/1164/1164 1161/1161/1161
f 1164/1164/1164 1163/1163/1163 1161/1161/1161
f 1164/1164/1164 1190/1190/1190 1193/1193/1193
f 1164/1164/1164 1172/1172/1172 1190/1190/1190
f 1172/1172/1172 1182/1182/1182 1190/1190/1190
f 1176/1176/1176 1180/1180/1180 1177/1177/1177
f 1176/1176/1176 1177/1177/1177 1172/1172/1172
f 1172/1172/1172 1177/1177/1177 1182/1182/1182
f 1161/1161/1161 1163/1163/1163 1162/1162/1162
f 1162/1162/1162 1163/1163/1163 1165/1165/1165
f 1182/1182/1182 1194/1194/1194 1190/1190/1190
f 1180/1180/1180 1187/1187/1187 1177/1177/1177
f 1177/1177/1177 1189/1189/1189 1182/1182/1182
f 1177/1177/1177 1187/1187/1187 1189/1189/1189
f 1187/1187/1187 1200/1200/1200 1199/1199/1199
f 1200/1200/1200 1202/1202/1202 1199/1199/1199
f 1199/1199/1199 1195/1195/1195 1187/1187/1187
f 1182/1182/1182 1189/1189/1189 1194/1194/1194
f 1189/1189/1189 1187/1187/1187 1195/1195/1195
f 1194/1194/1194 1189/1189/1189 1196/1196/1196
f 1194/1194/1194 1196/1196/1196 1198/1198/1198
f 1189/1189/1189 1195/1195/1195 1197/1197/1197
f 1189/1189/1189 1197/1197/1197 1196/1196/1196
f 1211/1211/1211 1210/1210/1210 1202/1202/1202
f 1202/1202/1202 1210/1210/1210 1206/1206/1206
f 1202/1202/1202 1206/1206/1206 1199/1199/1199
f 1199/1199/1199 1201/1201/1201 1195/1195/1195
f 1199/1199/1199 1206/1206/1206 1205/1205/1205
f 1199/1199/1199 1205/1205/1205 1201/1201/1201
f 1210/1210/1210 1213/1213/1213 1206/1206/1206
f 1216/1216/1216 1213/1213/1213 1210/1210/1210
f 1206/1206/1206 1213/1213/1213 1209/1209/1209
f 1206/1206/1206 1209/1209/1209 1205/1205/1205
f 1201/1201/1201 1205/1205/1205 1207/1207/1207
f 1201/1201/1201 1207/1207/1207 1203/1203/1203
f 1203/1203/1203 1207/1207/1207 1208/1208/1208
f 1195/1195/1195 1201/1201/1201 1203/1203/1203
f 1195/1195/1195 1203/1203/1203 1197/1197/1197
f 1197/1197/1197 1203/1203/1203 1204/1204/1204
f 1154/1154/1154 1156/1156/1156 1155/1155/1155
f 1155/1155/1155 1158/1158/1158 1159/1159/1159
f 1156/1156/1156 1157/1157/1157 1155/1155/1155
f 1157/1157/1157 1158/1158/1158 1155/1155/1155
f 1304/1304/1304 1289/1289/1289 1281/1281/1281
f 1289/1289/1289 1280/1280/1280 1281/1281/1281
f 1281/1281/1281 1279/1279/1279 1287/1287/1287
f 1281/1281/1281 1280/1280/1280 1279/1279/1279
f 1280/1280/1280 1258/1258/1258 1279/1279/1279
f 1279/1279/1279 1258/1258/1258 1277/1277/1277
f 1258/1258/1258 1257/1257/1257 1256/1256/1256
f 1258/1258/1258 1256/1256/1256 1277/1277/1277
f 1279/1279/1279 1286/1286/1286 1287/1287/1287
f 1279/1279/1279 1277/1277/1277 1286/1286/1286
f 1286/1286/1286 1277/1277/1277 1273/1273/1273
f 1273/1273/1273 1252/1252/1252 1272/1272/1272
f 1272/1272/1272 1252/1252/1252 1265/1265/1265
f 1277/1277/1277 1256/1256/1256 1253/1253/1253
f 1277/1277/1277 1253/1253/1253 1273/1273/1273
f 1257/1257/1257 1254/1254/1254 1256/1256/1256
f 1256/1256/1256 1254/1254/1254 1253/1253/1253
f 1257/1257/1257 1255/1255/1255 1254/1254/1254
f 1273/1273/1273 1253/1253/1253 1252/1252/1252
f 1252/1252/1252 1253/1253/1253 1248/1248/1248
f 1252/1252/1252 1249/1249/1249 1265/1265/1265
f 1252/1252/1252 1248/1248/1248 1249/1249/1249
f 1253/1253/1253 1254/1254/1254 1248/1248/1248
f 1272/1272/1272 1265/1265/1265 1271/1271/1271
f 1271/1271/1271 1265/1265/1265 1268/1268/1268
f 1271/1271/1271 1268/1268/1268 1282/1282/1282
f 1268/1268/1268 1264/1264/1264 1282/1282/1282
f 1282/1282/1282 1264/1264/1264 1291/1291/1291
f 1268/1268/1268 1265/1265/1265 1264/1264/1264
f 1249/1249/1249 1248/1248/1248 1247/1247/1247
f 1249/1249/1249 1247/1247/1247 1261/1261/1261
f 1265/1265/1265 1261/1261/1261 1264/1264/1264
f 1265/1265/1265 1249/1249/1249 1261/1261/1261
f 1264/1264/1264 1261/1261/1261 1263/1263/1263
f 1261/1261/1261 1247/1247/1247 1260/1260/1260
f 1291/1291/1291 1264/1264/1264 1288/1288/1288
f 1264/1264/1264 1263/1263/1263 1288/1288/1288
f 1261/1261/1261 1262/1262/1262 1263/1263/1263
f 1261/1261/1261 1260/1260/1260 1262/1262/1262
f 1238/1238/1238 1240/1240/1240 1274/1274/1274
f 1255/1255/1255 1250/1250/1250 1254/1254/1254
f 1255/1255/1255 1251/1251/1251 1250/1250/1250
f 1250/1250/1250 1251/1251/1251 1244/1244/1244
f 1274/1274/1274 1240/1240/1240 1251/1251/1251
f 1251/1251/1251 1240/1240/1240 1244/1244/1244
f 1254/1254/1254 1250/1250/1250 1248/1248/1248
f 1248/1248/1248 1250/1250/1250 1246/1246/1246
f 1250/1250/1250 1244/1244/1244 1246/1246/1246
f 1244/1244/1244 1245/1245/1245 1246/1246/1246
f 1244/1244/1244 1243/1243/1243 1245/1245/1245
f 1244/1244/1244 1240/1240/1240 1243/1243/1243
f 1245/1245/1245 1243/1243/1243 1267/1267/1267
f 1238/1238/1238 1239/1239/1239 1240/1240/1240
f 1240/1240/1240 1239/1239/1239 1241/1241/1241
f 1240/1240/1240 1241/1241/1241 1242/1242/1242
f 1240/1240/1240 1242/1242/1242 1243/1243/1243
f 1243/1243/1243 1242/1242/1242 1267/1267/1267
f 1241/1241/1241 1290/1290/1290 1242/1242/1242
f 1242/1242/1242 1290/1290/1290 1276/1276/1276
f 1248/1248/1248 1246/1246/1246 1247/1247/1247
f 1246/1246/1246 1245/1245/1245 1247/1247/1247
f 1245/1245/1245 1267/1267/1267 1266/1266/1266
f 1247/1247/1247 1259/1259/1259 1260/1260/1260
f 1247/1247/1247 1245/1245/1245 1259/1259/1259
f 1245/1245/1245 1266/1266/1266 1259/1259/1259
f 1259/1259/1259 1266/1266/1266 1269/1269/1269
f 1267/1267/1267 1242/1242/1242 1275/1275/1275
f 1267/1267/1267 1275/1275/1275 1266/1266/1266
f 1242/1242/1242 1276/1276/1276 1275/1275/1275
f 1275/1275/1275 1276/1276/1276 1293/1293/1293
f 1266/1266/1266 1275/1275/1275 1278/1278/1278
f 1266/1266/1266 1278/1278/1278 1269/1269/1269
f 1275/1275/1275 1293/1293/1293 1292/1292/1292
f 1275/1275/1275 1292/1292/1292 1278/1278/1278
f 1259/1259/1259 1269/1269/1269 1270/1270/1270
f 1270/1270/1270 1269/1269/1269 1297/1297/1297
f 1269/1269/1269 1278/1278/1278 1294/1294/1294
f 1269/1269/1269 1294/1294/1294 1297/1297/1297
f 1278/1278/1278 1292/1292/1292 1294/1294/1294
f 1320/1320/1320 1304/1304/1304 1305/1305/1305
f 1316/1316/1316 1300/1300/1300 1331/1331/1331
f 1316/1316/1316 1331/1331/1331 1335/1335/1335
f 1316/1316/1316 1306/1306/1306 1300/1300/1300
f 1317/1317/1317 1331/1331/1331 1300/1300/1300
f 1300/1300/1300 1306/1306/1306 1298/1298/1298
f 1298/1298/1298 1306/1306/1306 1307/1307/1307
f 1317/1317/1317 1300/1300/1300 1296/1296/1296
f 1317/1317/1317 1296/1296/1296 1319/1319/1319
f 1319/1319/1319 1296/1296/1296 1311/1311/1311
f 1300/1300/1300 1298/1298/1298 1296/1296/1296
f 1296/1296/1296 1298/1298/1298 1284/1284/1284
f 1296/1296/1296 1284/1284/1284 1295/1295/1295
f 1296/1296/1296 1295/1295/1295 1311/1311/1311
f 1295/1295/1295 1284/1284/1284 1283/1283/1283
f 1311/1311/1311 1295/1295/1295 1308/1308/1308
f 1295/1295/1295 1283/1283/1283 1282/1282/1282
f 1330/1330/1330 1308/1308/1308 1328/1328/1328
f 1295/1295/1295 1282/1282/1282 1308/1308/1308
f 1308/1308/1308 1282/1282/1282 1309/1309/1309
f 1328/1328/1328 1308/1308/1308 1309/1309/1309
f 1309/1309/1309 1332/1332/1332 1328/1328/1328
f 1309/1309/1309 1323/1323/1323 1332/1332/1332
f 1304/1304/1304 1281/1281/1281 1305/1305/1305
f 1305/1305/1305 1281/1281/1281 1287/1287/1287
f 1287/1287/1287 1286/1286/1286 1303/1303/1303
f 1298/1298/1298 1299/1299/1299 1284/1284/1284
f 1307/1307/1307 1302/1302/1302 1299/1299/1299
f 1299/1299/1299 1302/1302/1302 1285/1285/1285
f 1298/1298/1298 1307/1307/1307 1299/1299/1299
f 1303/1303/1303 1286/1286/1286 1302/1302/1302
f 1302/1302/1302 1286/1286/1286 1285/1285/1285
f 1285/1285/1285 1286/1286/1286 1273/1273/1273
f 1299/1299/1299 1285/1285/1285 1284/1284/1284
f 1285/1285/1285 1272/1272/1272 1284/1284/1284
f 1285/1285/1285 1273/1273/1273 1272/1272/1272
f 1284/1284/1284 1272/1272/1272 1271/1271/1271
f 1284/1284/1284 1271/1271/1271 1283/1283/1283
f 1283/1283/1283 1271/1271/1271 1282/1282/1282
f 1282/1282/1282 1291/1291/1291 1309/1309/1309
f 1291/1291/1291 1321/1321/1321 1309/1309/1309
f 1309/1309/1309 1321/1321/1321 1323/1323/1323
f 1323/1323/1323 1321/1321/1321 1327/1327/1327
f 1225/1225/1225 1222/1222/1222 1223/1223/1223
f 1222/1222/1222 1218/1218/1218 1223/1223/1223
f 1218/1218/1218 1224/1224/1224 1223/1223/1223
f 1229/1229/1229 1228/1228/1228 1234/1234/1234
f 1219/1219/1219 1220/1220/1220 1217/1217/1217
f 1221/1221/1221 1227/1227/1227 1220/1220/1220
f 1229/1229/1229 1220/1220/1220 1228/1228/1228
f 1220/1220/1220 1227/1227/1227 1228/1228/1228
f 1228/1228/1228 1227/1227/1227 1230/1230/1230
f 1227/1227/1227 1232/1232/1232 1230/1230/1230
f 1236/1236/1236 1234/1234/1234 1235/1235/1235
f 1228/1228/1228 1235/1235/1235 1234/1234/1234
f 1228/1228/1228 1230/1230/1230 1235/1235/1235
f 1230/1230/1230 1232/1232/1232 1233/1233/1233
f 1235/1235/1235 1324/1324/1324 1236/1236/1236
f 1322/1322/1322 1234/1234/1234 1238/1238/1238
f 1234/1234/1234 1237/1237/1237 1238/1238/1238
f 1238/1238/1238 1237/1237/1237 1239/1239/1239
f 1234/1234/1234 1236/1236/1236 1237/1237/1237
f 1237/1237/1237 1236/1236/1236 1314/1314/1314
f 1237/1237/1237 1314/1314/1314 1301/1301/1301
f 1237/1237/1237 1301/1301/1301 1239/1239/1239
f 1239/1239/1239 1301/1301/1301 1241/1241/1241
f 1241/1241/1241 1301/1301/1301 1290/1290/1290
f 1290/1290/1290 1293/1293/1293 1276/1276/1276
f 1293/1293/1293 1315/1315/1315 1292/1292/1292
f 1292/1292/1292 1315/1315/1315 1310/1310/1310
f 1292/1292/1292 1310/1310/1310 1294/1294/1294
f 1226/1226/1226 1231/1231/1231 1227/1227/1227
f 1227/1227/1227 1231/1231/1231 1232/1232/1232
f 1236/1236/1236 1324/1324/1324 1314/1314/1314
f 1314/1314/1314 1324/1324/1324 1325/1325/1325
f 1324/1324/1324 1334/1334/1334 1325/1325/1325
f 1334/1334/1334 1333/1333/1333 1325/1325/1325
f 1333/1333/1333 1334/1334/1334 1336/1336/1336
f 1314/1314/1314 1325/1325/1325 1312/1312/1312
f 1301/1301/1301 1314/1314/1314 1312/1312/1312
f 1301/1301/1301 1312/1312/1312 1290/1290/1290
f 1312/1312/1312 1325/1325/1325 1329/1329/1329
f 1325/1325/1325 1333/1333/1333 1329/1329/1329
f 1290/1290/1290 1312/1312/1312 1313/1313/1313
f 1312/1312/1312 1329/1329/1329 1313/1313/1313
f 1290/1290/1290 1313/1313/1313 1293/1293/1293
f 1313/1313/1313 1318/1318/1318 1293/1293/1293
f 1329/1329/1329 1326/1326/1326 1313/1313/1313
f 1313/1313/1313 1326/1326/1326 1318/1318/1318
f 1293/1293/1293 1318/1318/1318 1315/1315/1315
f 1337/1337/1337 1338/1338/1338 1339/1339/1339
f 1346/1346/1346 1347/1347/1347 1339/1339/1339
f 1338/1338/1338 1340/1340/1340 1339/1339/1339
f 1345/1345/1345 1341/1341/1341 1338/1338/1338
f 1338/1338/1338 1341/1341/1341 1340/1340/1340
f 1340/1340/1340 1341/1341/1341 1342/1342/1342
f 1340/1340/1340 1342/1342/1342 1343/1343/1343
f 1346/1346/1346 1339/1339/1339 1344/1344/1344
f 1339/1339/1339 1340/1340/1340 1344/1344/1344
f 1344/1344/1344 1340/1340/1340 1343/1343/1343
f 1344/1344/1344 1343/1343/1343 1348/1348/1348
f 1374/1374/1374 1366/1366/1366 1375/1375/1375
f 1375/1375/1375 1366/1366/1366 1379/1379/1379
f 1366/1366/1366 1365/1365/1365 1379/1379/1379
f 1366/1366/1366 1361/1361/1361 1365/1365/1365
f 1405/1405/1405 1395/1395/1395 1402/1402/1402
f 1405/1405/1405 1402/1402/1402 1404/1404/1404
f 1395/1395/1395 1375/1375/1375 1379/1379/1379
f 1402/1402/1402 1395/1395/1395 1406/1406/1406
f 1395/1395/1395 1379/1379/1379 1406/1406/1406
f 1365/1365/1365 1361/1361/1361 1356/1356/1356
f 1377/1377/1377 1379/1379/1379 1365/1365/1365
f 1365/1365/1365 1356/1356/1356 1377/1377/1377
f 1377/1377/1377 1356/1356/1356 1350/1350/1350
f 1356/1356/1356 1357/1357/1357 1352/1352/1352
f 1377/1377/1377 1350/1350/1350 1409/1409/1409
f 1350/1350/1350 1356/1356/1356 1352/1352/1352
f 1404/1404/1404 1402/1402/1402 1403/1403/1403
f 1402/1402/1402 1398/1398/1398 1403/1403/1403
f 1404/1404/1404 1403/1403/1403 1408/1408/1408
f 1403/1403/1403 1398/1398/1398 1407/1407/1407
f 1407/1407/1407 1398/1398/1398 1396/1396/1396
f 1396/1396/1396 1420/1420/1420 1407/1407/1407
f 1398/1398/1398 1397/1397/1397 1396/1396/1396
f 1420/1420/1420 1396/1396/1396 1413/1413/1413
f 1397/1397/1397 1400/1400/1400 1393/1393/1393
f 1396/1396/1396 1397/1397/1397 1393/1393/1393
f 1407/1407/1407 1420/1420/1420 1431/1431/1431
f 1420/1420/1420 1427/1427/1427 1431/1431/1431
f 1406/1406/1406 1379/1379/1379 1377/1377/1377
f 1406/1406/1406 1399/1399/1399 1402/1402/1402
f 1406/1406/1406 1377/1377/1377 1412/1412/1412
f 1402/1402/1402 1399/1399/1399 1398/1398/1398
f 1406/1406/1406 1412/1412/1412 1399/1399/1399
f 1398/1398/1398 1399/1399/1399 1397/1397/1397
f 1397/1397/1397 1399/1399/1399 1400/1400/1400
f 1412/1412/1412 1377/1377/1377 1409/1409/1409
f 1412/1412/1412 1409/1409/1409 1419/1419/1419
f 1409/1409/1409 1410/1410/1410 1421/1421/1421
f 1409/1409/1409 1421/1421/1421 1419/1419/1419
f 1400/1400/1400 1399/1399/1399 1401/1401/1401
f 1412/1412/1412 1419/1419/1419 1401/1401/1401
f 1412/1412/1412 1401/1401/1401 1399/1399/1399
f 1419/1419/1419 1421/1421/1421 1401/1401/1401
f 1349/1349/1349 1394/1394/1394 1425/1425/1425
f 1410/1410/1410 1350/1350/1350 1349/1349/1349
f 1349/1349/1349 1350/1350/1350 1351/1351/1351
f 1409/1409/1409 1350/1350/1350 1410/1410/1410
f 1350/1350/1350 1352/1352/1352 1351/1351/1351
f 1351/1351/1351 1358/1358/1358 1359/1359/1359
f 1394/1394/1394 1349/1349/1349 1353/1353/1353
f 1349/1349/1349 1351/1351/1351 1353/1353/1353
f 1353/1353/1353 1351/1351/1351 1354/1354/1354
f 1353/1353/1353 1354/1354/1354 1355/1355/1355
f 1355/1355/1355 1354/1354/1354 1362/1362/1362
f 1351/1351/1351 1359/1359/1359 1354/1354/1354
f 1420/1420/1420 1413/1413/1413 1427/1427/1427
f 1428/1428/1428 1413/1413/1413 1414/1414/1414
f 1413/1413/1413 1428/1428/1428 1427/1427/1427
f 1413/1413/1413 1396/1396/1396 1385/1385/1385
f 1396/1396/1396 1393/1393/1393 1385/1385/1385
f 1413/1413/1413 1378/1378/1378 1414/1414/1414
f 1413/1413/1413 1385/1385/1385 1378/1378/1378
f 1393/1393/1393 1416/1416/1416 1394/1394/1394
f 1385/1385/1385 1393/1393/1393 1353/1353/1353
f 1393/1393/1393 1394/1394/1394 1353/1353/1353
f 1385/1385/1385 1353/1353/1353 1378/1378/1378
f 1414/1414/1414 1426/1426/1426 1428/1428/1428
f 1414/1414/1414 1384/1384/1384 1411/1411/1411
f 1414/1414/1414 1424/1424/1424 1426/1426/1426
f 1414/1414/1414 1378/1378/1378 1384/1384/1384
f 1378/1378/1378 1353/1353/1353 1355/1355/1355
f 1378/1378/1378 1355/1355/1355 1384/1384/1384
f 1384/1384/1384 1355/1355/1355 1376/1376/1376
f 1416/1416/1416 1421/1421/1421 1425/1425/1425
f 1393/1393/1393 1400/1400/1400 1416/1416/1416
f 1400/1400/1400 1401/1401/1401 1416/1416/1416
f 1401/1401/1401 1421/1421/1421 1416/1416/1416
f 1416/1416/1416 1425/1425/1425 1394/1394/1394
f 1425/1425/1425 1410/1410/1410 1349/1349/1349
f 1410/1410/1410 1425/1425/1425 1421/1421/1421
f 1376/1376/1376 1355/1355/1355 1362/1362/1362
f 1362/1362/1362 1354/1354/1354 1363/1363/1363
f 1354/1354/1354 1359/1359/1359 1363/1363/1363
f 1411/1411/1411 1384/1384/1384 1392/1392/1392
f 1414/1414/1414 1411/1411/1411 1424/1424/1424
f 1411/1411/1411 1392/1392/1392 1417/1417/1417
f 1424/1424/1424 1411/1411/1411 1417/1417/1417
f 1384/1384/1384 1376/1376/1376 1392/1392/1392
f 1417/1417/1417 1392/1392/1392 1418/1418/1418
f 1392/1392/1392 1376/1376/1376 1383/1383/1383
f 1392/1392/1392 1383/1383/1383 1415/1415/1415
f 1376/1376/1376 1362/1362/1362 1383/1383/1383
f 1362/1362/1362 1380/1380/1380 1383/1383/1383
f 1362/1362/1362 1363/1363/1363 1380/1380/1380
f 1363/1363/1363 1381/1381/1381 1380/1380/1380
f 1392/1392/1392 1415/1415/1415 1418/1418/1418
f 1415/1415/1415 1383/1383/1383 1391/1391/1391
f 1418/1418/1418 1415/1415/1415 1423/1423/1423
f 1423/1423/1423 1415/1415/1415 1429/1429/1429
f 1415/1415/1415 1430/1430/1430 1429/1429/1429
f 1383/1383/1383 1380/1380/1380 1391/1391/1391
f 1380/1380/1380 1390/1390/1390 1391/1391/1391
f 1380/1380/1380 1388/1388/1388 1390/1390/1390
f 1370/1370/1370 1369/1369/1369 1366/1366/1366
f 1366/1366/1366 1369/1369/1369 1367/1367/1367
f 1366/1366/1366 1367/1367/1367 1361/1361/1361
f 1361/1361/1361 1367/1367/1367 1368/1368/1368
f 1361/1361/1361 1368/1368/1368 1357/1357/1357
f 1356/1356/1356 1361/1361/1361 1357/1357/1357
f 1368/1368/1368 1371/1371/1371 1357/1357/1357
f 1357/1357/1357 1371/1371/1371 1364/1364/1364
f 1357/1357/1357 1364/1364/1364 1352/1352/1352
f 1352/1352/1352 1364/1364/1364 1358/1358/1358
f 1352/1352/1352 1358/1358/1358 1351/1351/1351
f 1359/1359/1359 1358/1358/1358 1360/1360/1360
f 1359/1359/1359 1360/1360/1360 1363/1363/1363
f 1360/1360/1360 1372/1372/1372 1363/1363/1363
f 1360/1360/1360 1373/1373/1373 1372/1372/1372
f 1372/1372/1372 1382/1382/1382 1381/1381/1381
f 1372/1372/1372 1373/1373/1373 1382/1382/1382
f 1373/1373/1373 1386/1386/1386 1382/1382/1382
f 1363/1363/1363 1372/1372/1372 1381/1381/1381
f 1381/1381/1381 1382/1382/1382 1387/1387/1387
f 1382/1382/1382 1389/1389/1389 1387/1387/1387
f 1380/1380/1380 1381/1381/1381 1388/1388/1388
f 1381/1381/1381 1387/1387/1387 1388/1388/1388
f 1388/1388/1388 1387/1387/1387 1422/1422/1422
f 1433/1433/1433 1434/1434/1434 1432/1432/1432
f 1433/1433/1433 1435/1435/1435 1434/1434/1434
f 1436/1436/1436 1435/1435/1435 1433/1433/1433
f 1436/1436/1436 1437/1437/1437 1435/1435/1435
f 1439/1439/1439 1446/1446/1446 1438/1438/1438
f 1440/1440/1440 1443/1443/1443 1439/1439/1439
f 1444/1444/1444 1443/1443/1443 1440/1440/1440
f 1439/1439/1439 1443/1443/1443 1446/1446/1446
f 1443/1443/1443 1447/1447/1447 1446/1446/1446
f 1445/1445/1445 1448/1448/1448 1443/1443/1443
f 1448/1448/1448 1449/1449/1449 1443/1443/1443
f 1448/1448/1448 1474/1474/1474 1449/1449/1449
f 1444/1444/1444 1445/1445/1445 1443/1443/1443
f 1443/1443/1443 1449/1449/1449 1447/1447/1447
f 1449/1449/1449 1474/1474/1474 1473/1473/1473
f 1447/1447/1447 1449/1449/1449 1452/1452/1452
f 1447/1447/1447 1452/1452/1452 1446/1446/1446
f 1446/1446/1446 1452/1452/1452 1451/1451/1451
f 1452/1452/1452 1449/1449/1449 1470/1470/1470
f 1452/1452/1452 1470/1470/1470 1451/1451/1451
f 1496/1496/1496 1488/1488/1488 1483/1483/1483
f 1485/1485/1485 1483/1483/1483 1473/1473/1473
f 1473/1473/1473 1476/1476/1476 1471/1471/1471
f 1449/1449/1449 1473/1473/1473 1470/1470/1470
f 1470/1470/1470 1473/1473/1473 1471/1471/1471
f 1477/1477/1477 1484/1484/1484 1478/1478/1478
f 1478/1478/1478 1484/1484/1484 1486/1486/1486
f 1488/1488/1488 1482/1482/1482 1483/1483/1483
f 1483/1483/1483 1482/1482/1482 1476/1476/1476
f 1483/1483/1483 1476/1476/1476 1473/1473/1473
f 1476/1476/1476 1482/1482/1482 1477/1477/1477
f 1476/1476/1476 1477/1477/1477 1471/1471/1471
f 1471/1471/1471 1477/1477/1477 1478/1478/1478
f 1484/1484/1484 1491/1491/1491 1486/1486/1486
f 1491/1491/1491 1492/1492/1492 1486/1486/1486
f 1491/1491/1491 1493/1493/1493 1492/1492/1492
f 1493/1493/1493 1494/1494/1494 1492/1492/1492
f 1438/1438/1438 1446/1446/1446 1441/1441/1441
f 1441/1441/1441 1450/1450/1450 1442/1442/1442
f 1441/1441/1441 1446/1446/1446 1450/1450/1450
f 1442/1442/1442 1450/1450/1450 1457/1457/1457
f 1446/1446/1446 1451/1451/1451 1450/1450/1450
f 1450/1450/1450 1454/1454/1454 1457/1457/1457
f 1451/1451/1451 1453/1453/1453 1450/1450/1450
f 1450/1450/1450 1453/1453/1453 1454/1454/1454
f 1453/1453/1453 1455/1455/1455 1454/1454/1454
f 1451/1451/1451 1475/1475/1475 1453/1453/1453
f 1453/1453/1453 1475/1475/1475 1456/1456/1456
f 1475/1475/1475 1481/1481/1481 1456/1456/1456
f 1455/1455/1455 1453/1453/1453 1456/1456/1456
f 1456/1456/1456 1481/1481/1481 1458/1458/1458
f 1456/1456/1456 1458/1458/1458 1455/1455/1455
f 1471/1471/1471 1479/1479/1479 1472/1472/1472
f 1472/1472/1472 1479/1479/1479 1489/1489/1489
f 1470/1470/1470 1475/1475/1475 1451/1451/1451
f 1470/1470/1470 1471/1471/1471 1472/1472/1472
f 1470/1470/1470 1472/1472/1472 1475/1475/1475
f 1472/1472/1472 1489/1489/1489 1481/1481/1481
f 1489/1489/1489 1497/1497/1497 1481/1481/1481
f 1489/1489/1489 1498/1498/1498 1497/1497/1497
f 1475/1475/1475 1472/1472/1472 1481/1481/1481
f 1481/1481/1481 1497/1497/1497 1458/1458/1458
f 1460/1460/1460 1459/1459/1459 1461/1461/1461
f 1459/1459/1459 1465/1465/1465 1463/1463/1463
f 1460/1460/1460 1461/1461/1461 1466/1466/1466
f 1466/1466/1466 1461/1461/1461 1462/1462/1462
f 1466/1466/1466 1462/1462/1462 1467/1467/1467
f 1459/1459/1459 1462/1462/1462 1461/1461/1461
f 1459/1459/1459 1463/1463/1463 1462/1462/1462
f 1462/1462/1462 1468/1468/1468 1467/1467/1467
f 1463/1463/1463 1464/1464/1464 1462/1462/1462
f 1462/1462/1462 1469/1469/1469 1468/1468/1468
f 1479/1479/1479 1478/1478/1478 1480/1480/1480
f 1478/1478/1478 1486/1486/1486 1480/1480/1480
f 1471/1471/1471 1478/1478/1478 1479/1479/1479
f 1489/1489/1489 1479/1479/1479 1490/1490/1490
f 1486/1486/1486 1495/1495/1495 1487/1487/1487
f 1462/1462/1462 1464/1464/1464 1469/1469/1469
f 1492/1492/1492 1495/1495/1495 1486/1486/1486
f 1500/1500/1500 1499/1499/1499 1501/1501/1501
f 1513/1513/1513 1517/1517/1517 1515/1515/1515
f 1514/1514/1514 1513/1513/1513 1515/1515/1515
f 1515/1515/1515 1516/1516/1516 1514/1514/1514
f 1510/1510/1510 1504/1504/1504 1506/1506/1506
f 1505/1505/1505 1500/1500/1500 1501/1501/1501
f 1505/1505/1505 1501/1501/1501 1504/1504/1504
f 1501/1501/1501 1502/1502/1502 1504/1504/1504
f 1504/1504/1504 1502/1502/1502 1506/1506/1506
f 1512/1512/1512 1513/1513/1513 1514/1514/1514
f 1501/1501/1501 1499/1499/1499 1502/1502/1502
f 1499/1499/1499 1503/1503/1503 1502/1502/1502
f 1502/1502/1502 1511/1511/1511 1506/1506/1506
f 1507/1507/1507 1508/1508/1508 1509/1509/1509
f 1524/1524/1524 1525/1525/1525 1518/1518/1518
f 1532/1532/1532 1522/1522/1522 1531/1531/1531
f 1521/1521/1521 1524/1524/1524 1518/1518/1518
f 1522/1522/1522 1520/1520/1520 1531/1531/1531
f 1522/1522/1522 1521/1521/1521 1520/1520/1520
f 1521/1521/1521 1518/1518/1518 1520/1520/1520
f 1535/1535/1535 1520/1520/1520 1530/1530/1530
f 1518/1518/1518 1519/1519/1519 1520/1520/1520
f 1530/1530/1530 1520/1520/1520 1523/1523/1523
f 1520/1520/1520 1519/1519/1519 1523/1523/1523
f 1527/1527/1527 1528/1528/1528 1519/1519/1519
f 1528/1528/1528 1526/1526/1526 1519/1519/1519
f 1536/1536/1536 1537/1537/1537 1538/1538/1538
f 1526/1526/1526 1523/1523/1523 1519/1519/1519
f 1538/1538/1538 1537/1537/1537 1539/1539/1539
f 1528/1528/1528 1533/1533/1533 1526/1526/1526
f 1534/1534/1534 1527/1527/1527 1525/1525/1525
f 1518/1518/1518 1525/1525/1525 1519/1519/1519
f 1527/1527/1527 1519/1519/1519 1525/1525/1525
f 1529/1529/1529 1530/1530/1530 1523/1523/1523
f 1529/1529/1529 1526/1526/1526 1533/1533/1533
f 1529/1529/1529 1523/1523/1523 1526/1526/1526
f 1560/1560/1560 1552/1552/1552 1559/1559/1559
f 1559/1559/1559 1552/1552/1552 1557/1557/1557
f 1551/1551/1551 1547/1547/1547 1548/1548/1548
f 1540/1540/1540 1542/1542/1542 1543/1543/1543
f 1545/1545/1545 1543/1543/1543 1546/1546/1546
f 1545/1545/1545 1546/1546/1546 1547/1547/1547
f 1547/1547/1547 1546/1546/1546 1548/1548/1548
f 1543/1543/1543 1542/1542/1542 1556/1556/1556
f 1543/1543/1543 1556/1556/1556 1546/1546/1546
f 1540/1540/1540 1544/1544/1544 1541/1541/1541
f 1544/1544/1544 1549/1549/1549 1541/1541/1541
f 1540/1540/1540 1541/1541/1541 1542/1542/1542
f 1549/1549/1549 1555/1555/1555 1541/1541/1541
f 1542/1542/1542 1541/1541/1541 1556/1556/1556
f 1555/1555/1555 1567/1567/1567 1541/1541/1541
f 1549/1549/1549 1544/1544/1544 1550/1550/1550
f 1544/1544/1544 1561/1561/1561 1550/1550/1550
f 1549/1549/1549 1550/1550/1550 1555/1555/1555
f 1561/1561/1561 1563/1563/1563 1562/1562/1562
f 1561/1561/1561 1562/1562/1562 1550/1550/1550
f 1551/1551/1551 1548/1548/1548 1552/1552/1552
f 1548/1548/1548 1553/1553/1553 1552/1552/1552
f 1552/1552/1552 1553/1553/1553 1557/1557/1557
f 1553/1553/1553 1558/1558/1558 1557/1557/1557
f 1548/1548/1548 1554/1554/1554 1553/1553/1553
f 1548/1548/1548 1546/1546/1546 1554/1554/1554
f 1556/1556/1556 1541/1541/1541 1567/1567/1567
f 1546/1546/1546 1556/1556/1556 1566/1566/1566
f 1546/1546/1546 1566/1566/1566 1554/1554/1554
f 1556/1556/1556 1567/1567/1567 1571/1571/1571
f 1567/1567/1567 1579/1579/1579 1572/1572/1572
f 1567/1567/1567 1572/1572/1572 1571/1571/1571
f 1566/1566/1566 1571/1571/1571 1595/1595/1595
f 1556/1556/1556 1571/1571/1571 1566/1566/1566
f 1553/1553/1553 1554/1554/1554 1568/1568/1568
f 1553/1553/1553 1568/1568/1568 1558/1558/1558
f 1558/1558/1558 1568/1568/1568 1569/1569/1569
f 1554/1554/1554 1566/1566/1566 1570/1570/1570
f 1554/1554/1554 1570/1570/1570 1568/1568/1568
f 1566/1566/1566 1595/1595/1595 1570/1570/1570
f 1595/1595/1595 1582/1582/1582 1592/1592/1592
f 1597/1597/1597 1598/1598/1598 1599/1599/1599
f 1568/1568/1568 1570/1570/1570 1569/1569/1569
f 1569/1569/1569 1570/1570/1570 1596/1596/1596
f 1592/1592/1592 1582/1582/1582 1591/1591/1591
f 1598/1598/1598 1600/1600/1600 1599/1599/1599
f 1592/1592/1592 1591/1591/1591 1593/1593/1593
f 1599/1599/1599 1600/1600/1600 1601/1601/1601
f 1593/1593/1593 1591/1591/1591 1594/1594/1594
f 1591/1591/1591 1589/1589/1589 1594/1594/1594
f 1581/1581/1581 1578/1578/1578 1579/1579/1579
f 1577/1577/1577 1575/1575/1575 1574/1574/1574
f 1578/1578/1578 1574/1574/1574 1579/1579/1579
f 1579/1579/1579 1574/1574/1574 1572/1572/1572
f 1563/1563/1563 1564/1564/1564 1562/1562/1562
f 1563/1563/1563 1565/1565/1565 1564/1564/1564
f 1572/1572/1572 1574/1574/1574 1573/1573/1573
f 1572/1572/1572 1573/1573/1573 1571/1571/1571
f 1590/1590/1590 1588/1588/1588 1587/1587/1587
f 1574/1574/1574 1575/1575/1575 1573/1573/1573
f 1573/1573/1573 1575/1575/1575 1576/1576/1576
f 1587/1587/1587 1588/1588/1588 1585/1585/1585
f 1571/1571/1571 1573/1573/1573 1580/1580/1580
f 1573/1573/1573 1576/1576/1576 1580/1580/1580
f 1587/1587/1587 1585/1585/1585 1576/1576/1576
f 1576/1576/1576 1585/1585/1585 1584/1584/1584
f 1571/1571/1571 1580/1580/1580 1595/1595/1595
f 1595/1595/1595 1580/1580/1580 1582/1582/1582
f 1580/1580/1580 1576/1576/1576 1582/1582/1582
f 1582/1582/1582 1576/1576/1576 1583/1583/1583
f 1583/1583/1583 1584/1584/1584 1586/1586/1586
f 1583/1583/1583 1576/1576/1576 1584/1584/1584
f 1583/1583/1583 1589/1589/1589 1582/1582/1582
f 1582/1582/1582 1589/1589/1589 1591/1591/1591
f 1583/1583/1583 1586/1586/1586 1589/1589/1589
f 1610/1610/1610 1607/1607/1607 1609/1609/1609
f 1607/1607/1607 1606/1606/1606 1609/1609/1609
f 1607/1607/1607 1605/1605/1605 1606/1606/1606
f 1606/1606/1606 1617/1617/1617 1609/1609/1609
f 1606/1606/1606 1602/1602/1602 1617/1617/1617
f 1606/1606/1606 1605/1605/1605 1602/1602/1602
f 1617/1617/1617 1613/1613/1613 1616/1616/1616
f 1602/1602/1602 1613/1613/1613 1617/1617/1617
f 1616/1616/1616 1613/1613/1613 1612/1612/1612
f 1605/1605/1605 1603/1603/1603 1602/1602/1602
f 1602/1602/1602 1603/1603/1603 1604/1604/1604
f 1604/1604/1604 1603/1603/1603 1608/1608/1608
f 1602/1602/1602 1604/1604/1604 1613/1613/1613
f 1613/1613/1613 1604/1604/1604 1612/1612/1612
f 1604/1604/1604 1608/1608/1608 1611/1611/1611
f 1604/1604/1604 1611/1611/1611 1612/1612/1612
f 1608/1608/1608 1614/1614/1614 1611/1611/1611
f 1614/1614/1614 1619/1619/1619 1611/1611/1611
f 1608/1608/1608 1615/1615/1615 1614/1614/1614
f 1615/1615/1615 1618/1618/1618 1614/1614/1614
f 1614/1614/1614 1618/1618/1618 1619/1619/1619
f 1619/1619/1619 1618/1618/1618 1620/1620/1620
f 1618/1618/1618 1621/1621/1621 1620/1620/1620
f 1650/1650/1650 1648/1648/1648 1647/1647/1647
f 1647/1647/1647 1648/1648/1648 1646/1646/1646
f 1644/1644/1644 1647/1647/1647 1646/1646/1646
f 1644/1644/1644 1646/1646/1646 1642/1642/1642
f 1644/1644/1644 1642/1642/1642 1640/1640/1640
f 1646/1646/1646 1649/1649/1649 1642/1642/1642
f 1645/1645/1645 1640/1640/1640 1643/1643/1643
f 1643/1643/1643 1640/1640/1640 1633/1633/1633
f 1642/1642/1642 1638/1638/1638 1640/1640/1640
f 1640/1640/1640 1638/1638/1638 1633/1633/1633
f 1643/1643/1643 1633/1633/1633 1641/1641/1641
f 1641/1641/1641 1633/1633/1633 1632/1632/1632
f 1632/1632/1632 1633/1633/1633 1634/1634/1634
f 1633/1633/1633 1637/1637/1637 1634/1634/1634
f 1641/1641/1641 1632/1632/1632 1639/1639/1639
f 1632/1632/1632 1634/1634/1634 1635/1635/1635
f 1635/1635/1635 1634/1634/1634 1636/1636/1636
f 1633/1633/1633 1638/1638/1638 1637/1637/1637
f 1637/1637/1637 1636/1636/1636 1634/1634/1634
f 1639/1639/1639 1632/1632/1632 1635/1635/1635
f 1622/1622/1622 1621/1621/1621 1618/1618/1618
f 1653/1653/1653 1652/1652/1652 1654/1654/1654
f 1629/1629/1629 1630/1630/1630 1628/1628/1628
f 1628/1628/1628 1626/1626/1626 1629/1629/1629
f 1627/1627/1627 1639/1639/1639 1626/1626/1626
f 1639/1639/1639 1635/1635/1635 1626/1626/1626
f 1626/1626/1626 1635/1635/1635 1629/1629/1629
f 1651/1651/1651 1652/1652/1652 1653/1653/1653
f 1627/1627/1627 1626/1626/1626 1623/1623/1623
f 1623/1623/1623 1626/1626/1626 1624/1624/1624
f 1624/1624/1624 1626/1626/1626 1628/1628/1628
f 1636/1636/1636 1630/1630/1630 1635/1635/1635
f 1629/1629/1629 1635/1635/1635 1630/1630/1630
f 1623/1623/1623 1624/1624/1624 1625/1625/1625
f 1625/1625/1625 1624/1624/1624 1631/1631/1631
f 1673/1673/1673 1669/1669/1669 1670/1670/1670
f 1673/1673/1673 1678/1678/1678 1669/1669/1669
f 1670/1670/1670 1669/1669/1669 1667/1667/1667
f 1667/1667/1667 1669/1669/1669 1668/1668/1668
f 1671/1671/1671 1667/1667/1667 1672/1672/1672
f 1678/1678/1678 1668/1668/1668 1669/1669/1669
f 1672/1672/1672 1660/1660/1660 1659/1659/1659
f 1660/1660/1660 1657/1657/1657 1659/1659/1659
f 1660/1660/1660 1661/1661/1661 1657/1657/1657
f 1660/1660/1660 1662/1662/1662 1661/1661/1661
f 1657/1657/1657 1661/1661/1661 1658/1658/1658
f 1667/1667/1667 1668/1668/1668 1666/1666/1666
f 1667/1667/1667 1663/1663/1663 1672/1672/1672
f 1667/1667/1667 1666/1666/1666 1663/1663/1663
f 1672/1672/1672 1663/1663/1663 1660/1660/1660
f 1660/1660/1660 1663/1663/1663 1662/1662/1662
f 1662/1662/1662 1663/1663/1663 1664/1664/1664
f 1663/1663/1663 1665/1665/1665 1664/1664/1664
f 1678/1678/1678 1677/1677/1677 1668/1668/1668
f 1677/1677/1677 1676/1676/1676 1668/1668/1668
f 1663/1663/1663 1666/1666/1666 1665/1665/1665
f 1668/1668/1668 1675/1675/1675 1666/1666/1666
f 1668/1668/1668 1676/1676/1676 1675/1675/1675
f 1676/1676/1676 1679/1679/1679 1675/1675/1675
f 1666/1666/1666 1675/1675/1675 1674/1674/1674
f 1665/1665/1665 1666/1666/1666 1674/1674/1674
f 1656/1656/1656 1657/1657/1657 1655/1655/1655
f 1657/1657/1657 1658/1658/1658 1655/1655/1655
f 1689/1689/1689 1681/1681/1681 1686/1686/1686
f 1686/1686/1686 1681/1681/1681 1682/1682/1682
f 1681/1681/1681 1680/1680/1680 1682/1682/1682
f 1680/1680/1680 1685/1685/1685 1683/1683/1683
f 1682/1682/1682 1680/1680/1680 1683/1683/1683
f 1682/1682/1682 1683/1683/1683 1684/1684/1684
f 1686/1686/1686 1682/1682/1682 1687/1687/1687
f 1682/1682/1682 1684/1684/1684 1687/1687/1687
f 1687/1687/1687 1684/1684/1684 1690/1690/1690
f 1684/1684/1684 1691/1691/1691 1690/1690/1690
f 1683/1683/1683 1688/1688/1688 1684/1684/1684
f 1684/1684/1684 1688/1688/1688 1691/1691/1691
f 1691/1691/1691 1688/1688/1688 1692/1692/1692
f 1691/1691/1691 1693/1693/1693 1690/1690/1690
f 1809/1809/1809 1813/1813/1813 1810/1810/1810
f 1809/1809/1809 1810/1810/1810 1811/1811/1811
f 1810/1810/1810 1813/1813/1813 1812/1812/1812
f 1787/1787/1787 1762/1762/1762 1786/1786/1786
f 1810/1810/1810 1812/1812/1812 1811/1811/1811
f 1789/1789/1789 1762/1762/1762 1787/1787/1787
f 1786/1786/1786 1762/1762/1762 1746/1746/1746
f 1760/1760/1760 1746/1746/1746 1762/1762/1762
f 1801/1801/1801 1800/1800/1800 1761/1761/1761
f 1760/1760/1760 1759/1759/1759 1746/1746/1746
f 1760/1760/1760 1761/1761/1761 1759/1759/1759
f 1759/1759/1759 1761/1761/1761 1728/1728/1728
f 1811/1811/1811 1812/1812/1812 1814/1814/1814
f 1786/1786/1786 1746/1746/1746 1788/1788/1788
f 1757/1757/1757 1745/1745/1745 1727/1727/1727
f 1788/1788/1788 1746/1746/1746 1745/1745/1745
f 1746/1746/1746 1726/1726/1726 1745/1745/1745
f 1745/1745/1745 1726/1726/1726 1727/1727/1727
f 1727/1727/1727 1726/1726/1726 1725/1725/1725
f 1746/1746/1746 1759/1759/1759 1726/1726/1726
f 1759/1759/1759 1728/1728/1728 1726/1726/1726
f 1726/1726/1726 1724/1724/1724 1725/1725/1725
f 1800/1800/1800 1802/1802/1802 1778/1778/1778
f 1800/1800/1800 1778/1778/1778 1761/1761/1761
f 1761/1761/1761 1778/1778/1778 1728/1728/1728
f 1728/1728/1728 1778/1778/1778 1730/1730/1730
f 1774/1774/1774 1730/1730/1730 1778/1778/1778
f 1728/1728/1728 1724/1724/1724 1726/1726/1726
f 1728/1728/1728 1730/1730/1730 1724/1724/1724
f 1734/1734/1734 1729/1729/1729 1724/1724/1724
f 1730/1730/1730 1734/1734/1734 1724/1724/1724
f 1734/1734/1734 1749/1749/1749 1752/1752/1752
f 1734/1734/1734 1752/1752/1752 1729/1729/1729
f 1730/1730/1730 1749/1749/1749 1734/1734/1734
f 1724/1724/1724 1729/1729/1729 1723/1723/1723
f 1723/1723/1723 1729/1729/1729 1705/1705/1705
f 1820/1820/1820 1816/1816/1816 1815/1815/1815
f 1774/1774/1774 1751/1751/1751 1730/1730/1730
f 1749/1749/1749 1730/1730/1730 1750/1750/1750
f 1819/1819/1819 1815/1815/1815 1817/1817/1817
f 1815/1815/1815 1816/1816/1816 1817/1817/1817
f 1750/1750/1750 1755/1755/1755 1752/1752/1752
f 1752/1752/1752 1755/1755/1755 1753/1753/1753
f 1749/1749/1749 1750/1750/1750 1752/1752/1752
f 1751/1751/1751 1750/1750/1750 1730/1730/1730
f 1772/1772/1772 1771/1771/1771 1755/1755/1755
f 1816/1816/1816 1818/1818/1818 1817/1817/1817
f 1771/1771/1771 1754/1754/1754 1755/1755/1755
f 1753/1753/1753 1755/1755/1755 1754/1754/1754
f 1752/1752/1752 1753/1753/1753 1729/1729/1729
f 1753/1753/1753 1754/1754/1754 1729/1729/1729
f 1754/1754/1754 1697/1697/1697 1729/1729/1729
f 1771/1771/1771 1769/1769/1769 1754/1754/1754
f 1754/1754/1754 1769/1769/1769 1756/1756/1756
f 1754/1754/1754 1756/1756/1756 1695/1695/1695
f 1754/1754/1754 1695/1695/1695 1697/1697/1697
f 1756/1756/1756 1747/1747/1747 1695/1695/1695
f 1756/1756/1756 1768/1768/1768 1747/1747/1747
f 1768/1768/1768 1773/1773/1773 1766/1766/1766
f 1768/1768/1768 1766/1766/1766 1747/1747/1747
f 1747/1747/1747 1766/1766/1766 1748/1748/1748
f 1766/1766/1766 1770/1770/1770 1748/1748/1748
f 1798/1798/1798 1796/1796/1796 1783/1783/1783
f 1783/1783/1783 1794/1794/1794 1779/1779/1779
f 1783/1783/1783 1796/1796/1796 1794/1794/1794
f 1780/1780/1780 1770/1770/1770 1766/1766/1766
f 1780/1780/1780 1783/1783/1783 1770/1770/1770
f 1770/1770/1770 1783/1783/1783 1779/1779/1779
f 1803/1803/1803 1796/1796/1796 1798/1798/1798
f 1806/1806/1806 1797/1797/1797 1799/1799/1799
f 1796/1796/1796 1799/1799/1799 1794/1794/1794
f 1795/1795/1795 1807/1807/1807 1804/1804/1804
f 1733/1733/1733 1743/1743/1743 1744/1744/1744
f 1733/1733/1733 1731/1731/1731 1743/1743/1743
f 1757/1757/1757 1727/1727/1727 1733/1733/1733
f 1733/1733/1733 1727/1727/1727 1731/1731/1731
f 1732/1732/1732 1716/1716/1716 1717/1717/1717
f 1731/1731/1731 1716/1716/1716 1732/1732/1732
f 1720/1720/1720 1739/1739/1739 1722/1722/1722
f 1732/1732/1732 1717/1717/1717 1721/1721/1721
f 1721/1721/1721 1717/1717/1717 1720/1720/1720
f 1720/1720/1720 1719/1719/1719 1739/1739/1739
f 1720/1720/1720 1717/1717/1717 1719/1719/1719
f 1717/1717/1717 1718/1718/1718 1719/1719/1719
f 1727/1727/1727 1725/1725/1725 1731/1731/1731
f 1731/1731/1731 1725/1725/1725 1716/1716/1716
f 1725/1725/1725 1724/1724/1724 1716/1716/1716
f 1724/1724/1724 1723/1723/1723 1716/1716/1716
f 1716/1716/1716 1715/1715/1715 1717/1717/1717
f 1717/1717/1717 1715/1715/1715 1718/1718/1718
f 1715/1715/1715 1716/1716/1716 1706/1706/1706
f 1706/1706/1706 1708/1708/1708 1715/1715/1715
f 1718/1718/1718 1715/1715/1715 1711/1711/1711
f 1715/1715/1715 1708/1708/1708 1711/1711/1711
f 1708/1708/1708 1709/1709/1709 1711/1711/1711
f 1708/1708/1708 1707/1707/1707 1709/1709/1709
f 1707/1707/1707 1703/1703/1703 1709/1709/1709
f 1737/1737/1737 1711/1711/1711 1735/1735/1735
f 1711/1711/1711 1709/1709/1709 1735/1735/1735
f 1735/1735/1735 1709/1709/1709 1736/1736/1736
f 1709/1709/1709 1710/1710/1710 1736/1736/1736
f 1716/1716/1716 1723/1723/1723 1706/1706/1706
f 1723/1723/1723 1705/1705/1705 1706/1706/1706
f 1705/1705/1705 1704/1704/1704 1706/1706/1706
f 1706/1706/1706 1704/1704/1704 1708/1708/1708
f 1709/1709/1709 1702/1702/1702 1710/1710/1710
f 1703/1703/1703 1702/1702/1702 1709/1709/1709
f 1702/1702/1702 1701/1701/1701 1712/1712/1712
f 1701/1701/1701 1713/1713/1713 1712/1712/1712
f 1712/1712/1712 1713/1713/1713 1738/1738/1738
f 1705/1705/1705 1729/1729/1729 1697/1697/1697
f 1705/1705/1705 1697/1697/1697 1704/1704/1704
f 1697/1697/1697 1694/1694/1694 1704/1704/1704
f 1704/1704/1704 1707/1707/1707 1708/1708/1708
f 1704/1704/1704 1694/1694/1694 1707/1707/1707
f 1694/1694/1694 1700/1700/1700 1707/1707/1707
f 1707/1707/1707 1700/1700/1700 1703/1703/1703
f 1703/1703/1703 1700/1700/1700 1702/1702/1702
f 1697/1697/1697 1695/1695/1695 1694/1694/1694
f 1694/1694/1694 1695/1695/1695 1696/1696/1696
f 1694/1694/1694 1696/1696/1696 1699/1699/1699
f 1694/1694/1694 1699/1699/1699 1700/1700/1700
f 1700/1700/1700 1699/1699/1699 1701/1701/1701
f 1699/1699/1699 1713/1713/1713 1701/1701/1701
f 1702/1702/1702 1700/1700/1700 1701/1701/1701
f 1713/1713/1713 1740/1740/1740 1738/1738/1738
f 1740/1740/1740 1764/1764/1764 1738/1738/1738
f 1740/1740/1740 1763/1763/1763 1764/1764/1764
f 1763/1763/1763 1777/1777/1777 1764/1764/1764
f 1763/1763/1763 1765/1765/1765 1776/1776/1776
f 1763/1763/1763 1776/1776/1776 1777/1777/1777
f 1695/1695/1695 1747/1747/1747 1698/1698/1698
f 1695/1695/1695 1698/1698/1698 1696/1696/1696
f 1696/1696/1696 1698/1698/1698 1714/1714/1714
f 1698/1698/1698 1742/1742/1742 1714/1714/1714
f 1696/1696/1696 1714/1714/1714 1699/1699/1699
f 1714/1714/1714 1740/1740/1740 1713/1713/1713
f 1747/1747/1747 1742/1742/1742 1698/1698/1698
f 1747/1747/1747 1748/1748/1748 1742/1742/1742
f 1748/1748/1748 1758/1758/1758 1742/1742/1742
f 1714/1714/1714 1741/1741/1741 1740/1740/1740
f 1741/1741/1741 1763/1763/1763 1740/1740/1740
f 1714/1714/1714 1742/1742/1742 1741/1741/1741
f 1741/1741/1741 1765/1765/1765 1763/1763/1763
f 1742/1742/1742 1765/1765/1765 1741/1741/1741
f 1699/1699/1699 1714/1714/1714 1713/1713/1713
f 1765/1765/1765 1775/1775/1775 1776/1776/1776
f 1767/1767/1767 1779/1779/1779 1781/1781/1781
f 1767/1767/1767 1781/1781/1781 1775/1775/1775
f 1794/1794/1794 1781/1781/1781 1779/1779/1779
f 1781/1781/1781 1794/1794/1794 1790/1790/1790
f 1781/1781/1781 1785/1785/1785 1775/1775/1775
f 1781/1781/1781 1790/1790/1790 1785/1785/1785
f 1775/1775/1775 1785/1785/1785 1782/1782/1782
f 1790/1790/1790 1795/1795/1795 1785/1785/1785
f 1782/1782/1782 1791/1791/1791 1784/1784/1784
f 1784/1784/1784 1777/1777/1777 1776/1776/1776
f 1776/1776/1776 1782/1782/1782 1784/1784/1784
f 1776/1776/1776 1775/1775/1775 1782/1782/1782
f 1782/1782/1782 1793/1793/1793 1791/1791/1791
f 1782/1782/1782 1792/1792/1792 1793/1793/1793
f 1805/1805/1805 1793/1793/1793 1792/1792/1792
f 1785/1785/1785 1792/1792/1792 1782/1782/1782
f 1748/1748/1748 1770/1770/1770 1758/1758/1758
f 1758/1758/1758 1767/1767/1767 1742/1742/1742
f 1770/1770/1770 1767/1767/1767 1758/1758/1758
f 1742/1742/1742 1767/1767/1767 1765/1765/1765
f 1767/1767/1767 1775/1775/1775 1765/1765/1765
f 1770/1770/1770 1779/1779/1779 1767/1767/1767
f 1806/1806/1806 1808/1808/1808 1797/1797/1797
f 1799/1799/1799 1797/1797/1797 1794/1794/1794
f 1795/1795/1795 1804/1804/1804 1792/1792/1792
f 1797/1797/1797 1795/1795/1795 1790/1790/1790
f 1795/1795/1795 1792/1792/1792 1785/1785/1785
f 1794/1794/1794 1797/1797/1797 1790/1790/1790
f 1804/1804/1804 1805/1805/1805 1792/1792/1792
f 1825/1825/1825 1822/1822/1822 1821/1821/1821
f 1825/1825/1825 1826/1826/1826 1822/1822/1822
f 1827/1827/1827 1828/1828/1828 1829/1829/1829
f 1827/1827/1827 1830/1830/1830 1828/1828/1828
f 1821/1821/1821 1822/1822/1822 1823/1823/1823
f 1821/1821/1821 1823/1823/1823 1824/1824/1824
f 1853/1853/1853 1854/1854/1854 1855/1855/1855
f 1872/1872/1872 1873/1873/1873 1864/1864/1864
f 1853/1853/1853 1849/1849/1849 1852/1852/1852
f 1853/1853/1853 1852/1852/1852 1854/1854/1854
f 1849/1849/1849 1851/1851/1851 1852/1852/1852
f 1849/1849/1849 1850/1850/1850 1851/1851/1851
f 1873/1873/1873 1869/1869/1869 1864/1864/1864
f 1869/1869/1869 1867/1867/1867 1864/1864/1864
f 1860/1860/1860 1859/1859/1859 1861/1861/1861
f 1861/1861/1861 1862/1862/1862 1860/1860/1860
f 1857/1857/1857 1854/1854/1854 1852/1852/1852
f 1878/1878/1878 1869/1869/1869 1873/1873/1873
f 1857/1857/1857 1859/1859/1859 1854/1854/1854
f 1860/1860/1860 1854/1854/1854 1859/1859/1859
f 1869/1869/1869 1871/1871/1871 1867/1867/1867
f 1875/1875/1875 1871/1871/1871 1869/1869/1869
f 1863/1863/1863 1860/1860/1860 1862/1862/1862
f 1869/1869/1869 1878/1878/1878 1875/1875/1875
f 1844/1844/1844 1843/1843/1843 1841/1841/1841
f 1843/1843/1843 1845/1845/1845 1842/1842/1842
f 1843/1843/1843 1842/1842/1842 1841/1841/1841
f 1840/1840/1840 1841/1841/1841 1832/1832/1832
f 1841/1841/1841 1842/1842/1842 1833/1833/1833
f 1841/1841/1841 1833/1833/1833 1832/1832/1832
f 1832/1832/1832 1833/1833/1833 1831/1831/1831
f 1842/1842/1842 1858/1858/1858 1833/1833/1833
f 1833/1833/1833 1834/1834/1834 1831/1831/1831
f 1833/1833/1833 1839/1839/1839 1834/1834/1834
f 1848/1848/1848 1847/1847/1847 1846/1846/1846
f 1831/1831/1831 1835/1835/1835 1837/1837/1837
f 1874/1874/1874 1866/1866/1866 1876/1876/1876
f 1866/1866/1866 1865/1865/1865 1868/1868/1868
f 1848/1848/1848 1850/1850/1850 1849/1849/1849
f 1848/1848/1848 1849/1849/1849 1847/1847/1847
f 1831/1831/1831 1834/1834/1834 1835/1835/1835
f 1856/1856/1856 1853/1853/1853 1855/1855/1855
f 1853/1853/1853 1847/1847/1847 1849/1849/1849
f 1877/1877/1877 1872/1872/1872 1870/1870/1870
f 1874/1874/1874 1870/1870/1870 1866/1866/1866
f 1866/1866/1866 1870/1870/1870 1864/1864/1864
f 1864/1864/1864 1865/1865/1865 1866/1866/1866
f 1870/1870/1870 1872/1872/1872 1864/1864/1864
f 1864/1864/1864 1867/1867/1867 1865/1865/1865
f 1834/1834/1834 1836/1836/1836 1835/1835/1835
f 1835/1835/1835 1836/1836/1836 1838/1838/1838
f 1930/1930/1930 1927/1927/1927 1929/1929/1929
f 1955/1955/1955 1953/1953/1953 1954/1954/1954
f 1954/1954/1954 1951/1951/1951 1957/1957/1957
f 1954/1954/1954 1953/1953/1953 1951/1951/1951
f 1951/1951/1951 1953/1953/1953 1950/1950/1950
f 1964/1964/1964 1957/1957/1957 1962/1962/1962
f 1957/1957/1957 1952/1952/1952 1962/1962/1962
f 1951/1951/1951 1952/1952/1952 1957/1957/1957
f 1952/1952/1952 1951/1951/1951 1947/1947/1947
f 1962/1962/1962 1952/1952/1952 1956/1956/1956
f 1952/1952/1952 1947/1947/1947 1956/1956/1956
f 1962/1962/1962 1956/1956/1956 1963/1963/1963
f 1967/1967/1967 1966/1966/1966 1965/1965/1965
f 1929/1929/1929 1927/1927/1927 1900/1900/1900
f 1927/1927/1927 1901/1901/1901 1900/1900/1900
f 1966/1966/1966 1891/1891/1891 1965/1965/1965
f 1890/1890/1890 1889/1889/1889 1887/1887/1887
f 1889/1889/1889 1888/1888/1888 1887/1887/1887
f 1965/1965/1965 1891/1891/1891 1879/1879/1879
f 1891/1891/1891 1890/1890/1890 1879/1879/1879
f 1890/1890/1890 1880/1880/1880 1879/1879/1879
f 1879/1879/1879 1881/1881/1881 1902/1902/1902
f 1879/1879/1879 1880/1880/1880 1881/1881/1881
f 1890/1890/1890 1887/1887/1887 1880/1880/1880
f 1951/1951/1951 1950/1950/1950 1947/1947/1947
f 1920/1920/1920 1919/1919/1919 1921/1921/1921
f 1919/1919/1919 1915/1915/1915 1913/1913/1913
f 1921/1921/1921 1919/1919/1919 1922/1922/1922
f 1921/1921/1921 1922/1922/1922 1923/1923/1923
f 1919/1919/1919 1913/1913/1913 1922/1922/1922
f 1913/1913/1913 1909/1909/1909 1922/1922/1922
f 1915/1915/1915 1914/1914/1914 1913/1913/1913
f 1913/1913/1913 1914/1914/1914 1912/1912/1912
f 1913/1913/1913 1912/1912/1912 1909/1909/1909
f 1912/1912/1912 1911/1911/1911 1909/1909/1909
f 1916/1916/1916 1917/1917/1917 1914/1914/1914
f 1916/1916/1916 1926/1926/1926 1917/1917/1917
f 1914/1914/1914 1917/1917/1917 1924/1924/1924
f 1975/1975/1975 1969/1969/1969 1974/1974/1974
f 1914/1914/1914 1924/1924/1924 1912/1912/1912
f 1968/1968/1968 1970/1970/1970 1969/1969/1969
f 1924/1924/1924 1925/1925/1925 1912/1912/1912
f 1974/1974/1974 1969/1969/1969 1970/1970/1970
f 1970/1970/1970 1972/1972/1972 1973/1973/1973
f 1968/1968/1968 1971/1971/1971 1970/1970/1970
f 1970/1970/1970 1971/1971/1971 1972/1972/1972
f 1918/1918/1918 1923/1923/1923 1910/1910/1910
f 1923/1923/1923 1922/1922/1922 1910/1910/1910
f 1922/1922/1922 1909/1909/1909 1910/1910/1910
f 1911/1911/1911 1907/1907/1907 1909/1909/1909
f 1900/1900/1900 1901/1901/1901 1898/1898/1898
f 1887/1887/1887 1888/1888/1888 1886/1886/1886
f 1900/1900/1900 1898/1898/1898 1899/1899/1899
f 1931/1931/1931 1899/1899/1899 1928/1928/1928
f 1898/1898/1898 1897/1897/1897 1899/1899/1899
f 1898/1898/1898 1902/1902/1902 1896/1896/1896
f 1902/1902/1902 1908/1908/1908 1896/1896/1896
f 1898/1898/1898 1896/1896/1896 1897/1897/1897
f 1899/1899/1899 1897/1897/1897 1928/1928/1928
f 1897/1897/1897 1896/1896/1896 1894/1894/1894
f 1897/1897/1897 1894/1894/1894 1928/1928/1928
f 1894/1894/1894 1896/1896/1896 1895/1895/1895
f 1931/1931/1931 1928/1928/1928 1960/1960/1960
f 1928/1928/1928 1933/1933/1933 1960/1960/1960
f 1928/1928/1928 1894/1894/1894 1933/1933/1933
f 1894/1894/1894 1932/1932/1932 1933/1933/1933
f 1902/1902/1902 1881/1881/1881 1908/1908/1908
f 1880/1880/1880 1882/1882/1882 1881/1881/1881
f 1896/1896/1896 1908/1908/1908 1895/1895/1895
f 1881/1881/1881 1882/1882/1882 1883/1883/1883
f 1880/1880/1880 1887/1887/1887 1882/1882/1882
f 1887/1887/1887 1886/1886/1886 1882/1882/1882
f 1882/1882/1882 1884/1884/1884 1883/1883/1883
f 1882/1882/1882 1886/1886/1886 1884/1884/1884
f 1886/1886/1886 1903/1903/1903 1884/1884/1884
f 1908/1908/1908 1883/1883/1883 1895/1895/1895
f 1908/1908/1908 1881/1881/1881 1883/1883/1883
f 1895/1895/1895 1883/1883/1883 1885/1885/1885
f 1895/1895/1895 1885/1885/1885 1894/1894/1894
f 1885/1885/1885 1893/1893/1893 1894/1894/1894
f 1894/1894/1894 1893/1893/1893 1932/1932/1932
f 1883/1883/1883 1884/1884/1884 1885/1885/1885
f 1884/1884/1884 1903/1903/1903 1892/1892/1892
f 1885/1885/1885 1884/1884/1884 1892/1892/1892
f 1885/1885/1885 1892/1892/1892 1893/1893/1893
f 1960/1960/1960 1933/1933/1933 1961/1961/1961
f 1933/1933/1933 1944/1944/1944 1961/1961/1961
f 1961/1961/1961 1944/1944/1944 1950/1950/1950
f 1933/1933/1933 1932/1932/1932 1944/1944/1944
f 1950/1950/1950 1944/1944/1944 1947/1947/1947
f 1947/1947/1947 1944/1944/1944 1938/1938/1938
f 1944/1944/1944 1932/1932/1932 1936/1936/1936
f 1944/1944/1944 1936/1936/1936 1938/1938/1938
f 1893/1893/1893 1934/1934/1934 1932/1932/1932
f 1893/1893/1893 1948/1948/1948 1934/1934/1934
f 1932/1932/1932 1935/1935/1935 1936/1936/1936
f 1936/1936/1936 1935/1935/1935 1937/1937/1937
f 1932/1932/1932 1934/1934/1934 1935/1935/1935
f 1934/1934/1934 1940/1940/1940 1935/1935/1935
f 1935/1935/1935 1940/1940/1940 1937/1937/1937
f 1947/1947/1947 1946/1946/1946 1956/1956/1956
f 1947/1947/1947 1938/1938/1938 1946/1946/1946
f 1956/1956/1956 1959/1959/1959 1963/1963/1963
f 1956/1956/1956 1946/1946/1946 1959/1959/1959
f 1946/1946/1946 1945/1945/1945 1959/1959/1959
f 1946/1946/1946 1938/1938/1938 1945/1945/1945
f 1936/1936/1936 1937/1937/1937 1938/1938/1938
f 1938/1938/1938 1937/1937/1937 1939/1939/1939
f 1940/1940/1940 1941/1941/1941 1937/1937/1937
f 1938/1938/1938 1939/1939/1939 1945/1945/1945
f 1945/1945/1945 1939/1939/1939 1949/1949/1949
f 1939/1939/1939 1937/1937/1937 1942/1942/1942
f 1937/1937/1937 1941/1941/1941 1942/1942/1942
f 1942/1942/1942 1941/1941/1941 1943/1943/1943
f 1939/1939/1939 1942/1942/1942 1949/1949/1949
f 1959/1959/1959 1945/1945/1945 1958/1958/1958
f 1945/1945/1945 1949/1949/1949 1958/1958/1958
f 1918/1918/1918 1910/1910/1910 1903/1903/1903
f 1910/1910/1910 1909/1909/1909 1905/1905/1905
f 1910/1910/1910 1905/1905/1905 1903/1903/1903
f 1903/1903/1903 1905/1905/1905 1904/1904/1904
f 1903/1903/1903 1904/1904/1904 1892/1892/1892
f 1909/1909/1909 1907/1907/1907 1905/1905/1905
f 1905/1905/1905 1907/1907/1907 1906/1906/1906
f 1904/1904/1904 1905/1905/1905 1906/1906/1906
f 1934/1934/1934 1948/1948/1948 1940/1940/1940
f 1976/1976/1976 1978/1978/1978 1977/1977/1977
f 1978/1978/1978 1979/1979/1979 1977/1977/1977
f 1980/1980/1980 1981/1981/1981 1983/1983/1983
f 1985/1985/1985 1987/1987/1987 1986/1986/1986
f 1985/1985/1985 1986/1986/1986 1984/1984/1984
f 1977/1977/1977 1981/1981/1981 1980/1980/1980
f 1977/1977/1977 1979/1979/1979 1981/1981/1981
f 1981/1981/1981 1979/1979/1979 1982/1982/1982
f 1987/1987/1987 1988/1988/1988 1986/1986/1986
f 1991/1991/1991 1989/1989/1989 1990/1990/1990
f 1994/1994/1994 1993/1993/1993 1995/1995/1995
f 1993/1993/1993 1997/1997/1997 1995/1995/1995
f 1998/1998/1998 1994/1994/1994 1996/1996/1996
f 1998/1998/1998 1999/1999/1999 1994/1994/1994
f 1995/1995/1995 1996/1996/1996 1994/1994/1994
f 1997/1997/1997 1993/1993/1993 1992/1992/1992
f 2003/2003/2003 2004/2004/2004 2000/2000/2000
f 2000/2000/2000 2004/2004/2004 2001/2001/2001
f 2002/2002/2002 2001/2001/2001 2005/2005/2005
f 2009/2009/2009 2005/2005/2005 2008/2008/2008
f 2001/2001/2001 2006/2006/2006 2005/2005/2005
f 2005/2005/2005 2007/2007/2007 2008/2008/2008
f 2005/2005/2005 2006/2006/2006 2007/2007/2007
f 2070/2070/2070 2068/2068/2068 2069/2069/2069
f 2071/2071/2071 2073/2073/2073 2070/2070/2070
f 2071/2071/2071 2070/2070/2070 2069/2069/2069
f 2071/2071/2071 2069/2069/2069 2072/2072/2072
f 2010/2010/2010 2013/2013/2013 2012/2012/2012
f 2022/2022/2022 2014/2014/2014 2017/2017/2017
f 2012/2012/2012 2013/2013/2013 2014/2014/2014
f 2013/2013/2013 2015/2015/2015 2014/2014/2014
f 2014/2014/2014 2015/2015/2015 2016/2016/2016
f 2014/2014/2014 2016/2016/2016 2017/2017/2017
f 2017/2017/2017 2018/2018/2018 2019/2019/2019
f 2015/2015/2015 2021/2021/2021 2016/2016/2016
f 2017/2017/2017 2016/2016/2016 2018/2018/2018
f 2016/2016/2016 2021/2021/2021 2018/2018/2018
f 2018/2018/2018 2021/2021/2021 2111/2111/2111
f 2018/2018/2018 2111/2111/2111 2025/2025/2025
f 2067/2067/2067 2066/2066/2066 2068/2068/2068
f 2037/2037/2037 2040/2040/2040 2041/2041/2041
f 2041/2041/2041 2040/2040/2040 2042/2042/2042
f 2038/2038/2038 2065/2065/2065 2066/2066/2066
f 2037/2037/2037 2041/2041/2041 2065/2065/2065
f 2041/2041/2041 2042/2042/2042 2043/2043/2043
f 2065/2065/2065 2043/2043/2043 2092/2092/2092
f 2065/2065/2065 2041/2041/2041 2043/2043/2043
f 2072/2072/2072 2069/2069/2069 2074/2074/2074
f 2069/2069/2069 2068/2068/2068 2066/2066/2066
f 2075/2075/2075 2074/2074/2074 2066/2066/2066
f 2074/2074/2074 2069/2069/2069 2066/2066/2066
f 2083/2083/2083 2072/2072/2072 2074/2074/2074
f 2083/2083/2083 2074/2074/2074 2081/2081/2081
f 2081/2081/2081 2075/2075/2075 2077/2077/2077
f 2081/2081/2081 2074/2074/2074 2075/2075/2075
f 2078/2078/2078 2076/2076/2076 2079/2079/2079
f 2080/2080/2080 2078/2078/2078 2079/2079/2079
f 2077/2077/2077 2076/2076/2076 2078/2078/2078
f 2075/2075/2075 2076/2076/2076 2077/2077/2077
f 2066/2066/2066 2092/2092/2092 2076/2076/2076
f 2075/2075/2075 2066/2066/2066 2076/2076/2076
f 2076/2076/2076 2092/2092/2092 2082/2082/2082
f 2066/2066/2066 2065/2065/2065 2092/2092/2092
f 2134/2134/2134 2135/2135/2135 2136/2136/2136
f 2076/2076/2076 2082/2082/2082 2079/2079/2079
f 2010/2010/2010 2104/2104/2104 2013/2013/2013
f 2104/2104/2104 2112/2112/2112 2102/2102/2102
f 2104/2104/2104 2011/2011/2011 2114/2114/2114
f 2104/2104/2104 2114/2114/2114 2112/2112/2112
f 2112/2112/2112 2106/2106/2106 2102/2102/2102
f 2104/2104/2104 2102/2102/2102 2013/2013/2013
f 2114/2114/2114 2113/2113/2113 2112/2112/2112
f 2112/2112/2112 2113/2113/2113 2106/2106/2106
f 2015/2015/2015 2013/2013/2013 2023/2023/2023
f 2013/2013/2013 2102/2102/2102 2023/2023/2023
f 2130/2130/2130 2129/2129/2129 2126/2126/2126
f 2130/2130/2130 2131/2131/2131 2129/2129/2129
f 2102/2102/2102 2105/2105/2105 2023/2023/2023
f 2131/2131/2131 2132/2132/2132 2129/2129/2129
f 2131/2131/2131 2133/2133/2133 2132/2132/2132
f 2102/2102/2102 2106/2106/2106 2105/2105/2105
f 2105/2105/2105 2106/2106/2106 2107/2107/2107
f 2058/2058/2058 2057/2057/2057 2056/2056/2056
f 2126/2126/2126 2129/2129/2129 2127/2127/2127
f 2129/2129/2129 2132/2132/2132 2127/2127/2127
f 2126/2126/2126 2127/2127/2127 2128/2128/2128
f 2056/2056/2056 2055/2055/2055 2111/2111/2111
f 2056/2056/2056 2057/2057/2057 2054/2054/2054
f 2057/2057/2057 2061/2061/2061 2054/2054/2054
f 2111/2111/2111 2055/2055/2055 2060/2060/2060
f 2061/2061/2061 2052/2052/2052 2054/2054/2054
f 2061/2061/2061 2062/2062/2062 2052/2052/2052
f 2052/2052/2052 2051/2051/2051 2054/2054/2054
f 2056/2056/2056 2054/2054/2054 2055/2055/2055
f 2055/2055/2055 2054/2054/2054 2051/2051/2051
f 2060/2060/2060 2059/2059/2059 2101/2101/2101
f 2060/2060/2060 2055/2055/2055 2059/2059/2059
f 2055/2055/2055 2051/2051/2051 2059/2059/2059
f 2101/2101/2101 2059/2059/2059 2047/2047/2047
f 2059/2059/2059 2051/2051/2051 2048/2048/2048
f 2051/2051/2051 2052/2052/2052 2050/2050/2050
f 2051/2051/2051 2050/2050/2050 2048/2048/2048
f 2047/2047/2047 2059/2059/2059 2048/2048/2048
f 2050/2050/2050 2049/2049/2049 2048/2048/2048
f 2048/2048/2048 2049/2049/2049 2046/2046/2046
f 2045/2045/2045 2047/2047/2047 2046/2046/2046
f 2048/2048/2048 2046/2046/2046 2047/2047/2047
f 2045/2045/2045 2046/2046/2046 2040/2040/2040
f 2046/2046/2046 2049/2049/2049 2053/2053/2053
f 2040/2040/2040 2063/2063/2063 2042/2042/2042
f 2046/2046/2046 2053/2053/2053 2063/2063/2063
f 2046/2046/2046 2063/2063/2063 2040/2040/2040
f 2043/2043/2043 2042/2042/2042 2044/2044/2044
f 2110/2110/2110 2109/2109/2109 2097/2097/2097
f 2096/2096/2096 2095/2095/2095 2094/2094/2094
f 2090/2090/2090 2087/2087/2087 2089/2089/2089
f 2087/2087/2087 2085/2085/2085 2089/2089/2089
f 2087/2087/2087 2088/2088/2088 2086/2086/2086
f 2087/2087/2087 2086/2086/2086 2085/2085/2085
f 2086/2086/2086 2084/2084/2084 2085/2085/2085
f 2084/2084/2084 2086/2086/2086 2091/2091/2091
f 2089/2089/2089 2085/2085/2085 2070/2070/2070
f 2070/2070/2070 2085/2085/2085 2084/2084/2084
f 2070/2070/2070 2084/2084/2084 2068/2068/2068
f 2109/2109/2109 2108/2108/2108 2097/2097/2097
f 2108/2108/2108 2020/2020/2020 2103/2103/2103
f 2020/2020/2020 2019/2019/2019 2018/2018/2018
f 2020/2020/2020 2024/2024/2024 2103/2103/2103
f 2020/2020/2020 2018/2018/2018 2024/2024/2024
f 2024/2024/2024 2018/2018/2018 2025/2025/2025
f 2108/2108/2108 2100/2100/2100 2097/2097/2097
f 2097/2097/2097 2100/2100/2100 2095/2095/2095
f 2108/2108/2108 2103/2103/2103 2100/2100/2100
f 2103/2103/2103 2026/2026/2026 2100/2100/2100
f 2096/2096/2096 2097/2097/2097 2095/2095/2095
f 2095/2095/2095 2100/2100/2100 2030/2030/2030
f 2100/2100/2100 2028/2028/2028 2030/2030/2030
f 2103/2103/2103 2024/2024/2024 2026/2026/2026
f 2026/2026/2026 2024/2024/2024 2025/2025/2025
f 2119/2119/2119 2122/2122/2122 2120/2120/2120
f 2100/2100/2100 2026/2026/2026 2028/2028/2028
f 2026/2026/2026 2025/2025/2025 2027/2027/2027
f 2026/2026/2026 2027/2027/2027 2028/2028/2028
f 2119/2119/2119 2120/2120/2120 2121/2121/2121
f 2025/2025/2025 2101/2101/2101 2027/2027/2027
f 2094/2094/2094 2095/2095/2095 2030/2030/2030
f 2094/2094/2094 2030/2030/2030 2032/2032/2032
f 2028/2028/2028 2029/2029/2029 2030/2030/2030
f 2032/2032/2032 2030/2030/2030 2031/2031/2031
f 2030/2030/2030 2029/2029/2029 2031/2031/2031
f 2028/2028/2028 2027/2027/2027 2029/2029/2029
f 2029/2029/2029 2027/2027/2027 2099/2099/2099
f 2029/2029/2029 2099/2099/2099 2033/2033/2033
f 2115/2115/2115 2118/2118/2118 2116/2116/2116
f 2115/2115/2115 2116/2116/2116 2117/2117/2117
f 2064/2064/2064 2045/2045/2045 2039/2039/2039
f 2029/2029/2029 2033/2033/2033 2031/2031/2031
f 2099/2099/2099 2039/2039/2039 2033/2033/2033
f 2031/2031/2031 2033/2033/2033 2034/2034/2034
f 2034/2034/2034 2033/2033/2033 2035/2035/2035
f 2039/2039/2039 2035/2035/2035 2033/2033/2033
f 2099/2099/2099 2064/2064/2064 2039/2039/2039
f 2088/2088/2088 2098/2098/2098 2086/2086/2086
f 2123/2123/2123 2124/2124/2124 2125/2125/2125
f 2086/2086/2086 2098/2098/2098 2091/2091/2091
f 2032/2032/2032 2031/2031/2031 2098/2098/2098
f 2091/2091/2091 2093/2093/2093 2067/2067/2067
f 2031/2031/2031 2034/2034/2034 2098/2098/2098
f 2098/2098/2098 2093/2093/2093 2091/2091/2091
f 2098/2098/2098 2034/2034/2034 2093/2093/2093
f 2084/2084/2084 2067/2067/2067 2068/2068/2068
f 2084/2084/2084 2091/2091/2091 2067/2067/2067
f 2093/2093/2093 2038/2038/2038 2067/2067/2067
f 2067/2067/2067 2038/2038/2038 2066/2066/2066
f 2034/2034/2034 2036/2036/2036 2093/2093/2093
f 2034/2034/2034 2035/2035/2035 2036/2036/2036
f 2035/2035/2035 2039/2039/2039 2037/2037/2037
f 2035/2035/2035 2037/2037/2037 2036/2036/2036
f 2093/2093/2093 2036/2036/2036 2038/2038/2038
f 2039/2039/2039 2040/2040/2040 2037/2037/2037
f 2039/2039/2039 2045/2045/2045 2040/2040/2040
f 2036/2036/2036 2037/2037/2037 2038/2038/2038
f 2038/2038/2038 2037/2037/2037 2065/2065/2065
f 2101/2101/2101 2047/2047/2047 2064/2064/2064
f 2064/2064/2064 2047/2047/2047 2045/2045/2045
f 2138/2138/2138 2139/2139/2139 2141/2141/2141
f 2138/2138/2138 2137/2137/2137 2139/2139/2139
f 2139/2139/2139 2137/2137/2137 2140/2140/2140
