# LE 31 - shinL
v 0.08515 0.00519 0.07346
v 0.08418 0.00150 0.06397
v 0.07909 -0.01629 0.06520
v 0.07610 -0.02515 0.08195
v 0.07323 -0.03500 0.06939
v 0.06375 -0.06511 0.07971
v 0.06714 -0.05054 0.06349
v 0.05838 -0.07986 0.07028
v 0.05616 -0.07871 0.05989
v 0.05302 -0.09750 0.07850
v 0.04948 -0.10249 0.06515
v 0.04417 -0.12081 0.07786
v 0.04124 -0.12035 0.06069
v 0.03662 -0.14022 0.07415
v 0.03419 -0.13933 0.05893
v 0.02928 -0.16249 0.06997
v 0.02769 -0.15973 0.05762
v 0.02255 -0.17540 0.05331
v 0.02276 -0.18795 0.07558
v 0.02980 -0.14167 0.05024
v 0.01821 -0.19740 0.06028
v 0.01316 -0.20465 0.05024
v 0.01473 -0.21874 0.07602
v 0.01000 -0.22416 0.05354
v 0.00741 -0.24281 0.06241
v 0.00366 -0.23200 0.04202
v 0.02855 -0.16907 0.08400
v 0.03696 -0.14111 0.08571
v 0.00543 -0.24702 0.05020
v 0.00456 -0.25917 0.06563
v 0.01922 -0.20146 0.08630
v 0.00980 -0.23726 0.08444
v 0.00241 -0.25332 0.04228
v 0.00338 -0.26615 0.04876
v -0.00172 -0.26722 0.03484
v 0.04428 -0.11763 0.09222
v 0.03046 -0.15972 0.09273
v 0.08270 -0.00072 0.08640
v 0.00133 -0.26610 0.08436
v 0.06421 -0.06027 0.09174
v 0.05319 -0.09294 0.09092
v 0.00288 -0.28117 0.05346
v 0.00106 -0.28750 0.03932
v 0.00243 -0.29973 0.04948
v 0.00129 -0.31947 0.03667
v 0.01994 -0.19107 0.09507
v 0.00364 -0.32752 0.04902
v 0.00142 -0.33600 0.03507
v 0.00271 -0.34528 0.04096
v -0.00432 -0.34556 0.02746
v -0.00179 -0.35328 0.03564
v -0.00172 -0.35760 0.04845
v 0.00399 -0.34668 0.05288
v -0.00343 -0.33048 0.02621
v -0.00310 -0.31025 0.02899
v -0.00255 -0.28978 0.03212
v 0.00035 -0.35246 0.05943
v -0.00952 -0.36163 0.03343
v -0.01423 -0.35286 0.01844
v -0.01514 -0.36338 0.02528
v -0.01888 -0.36366 0.01557
v -0.01666 -0.37420 0.03499
v -0.02000 -0.38578 0.02696
v -0.01777 -0.38518 0.05057
v -0.02180 -0.37401 0.00323
v -0.01304 -0.37190 0.04864
v -0.01660 -0.37958 0.05808
v -0.01781 -0.39174 0.06819
v -0.02340 -0.39128 0.00126
v -0.02380 -0.38214 -0.00997
v -0.03205 -0.40269 -0.02670
v -0.02909 -0.39062 -0.02523
v -0.02726 -0.40101 -0.00044
v -0.02397 -0.39970 0.01674
v -0.02887 -0.41143 0.01210
v -0.03845 -0.40752 -0.04323
v -0.04173 -0.41836 -0.04156
v -0.04492 -0.42300 -0.05619
v -0.03557 -0.41239 -0.02184
v -0.04269 -0.40741 -0.05662
v -0.02249 -0.40716 0.02435
v -0.01972 -0.39725 0.03309
v -0.03631 -0.41626 -0.00126
v -0.03455 -0.42490 0.01628
v -0.03233 -0.37942 -0.03127
v -0.02212 -0.42432 0.03197
v -0.04458 -0.41831 -0.06929
v -0.04723 -0.42751 -0.04138
v -0.04295 -0.42372 -0.02309
v -0.01430 -0.37358 0.06256
v -0.04868 -0.43559 -0.06122
v -0.02091 -0.35158 0.00768
v -0.01387 -0.42097 0.04517
v -0.04528 -0.42950 -0.06606
v -0.01629 -0.40666 0.04357
v -0.02480 -0.36141 -0.00631
v 0.07770 -0.01150 0.09850
v -0.01848 -0.37967 0.07167
v -0.01379 -0.43453 0.04934
v -0.00904 -0.43032 0.05829
v -0.00933 -0.43620 0.05971
v 0.06955 -0.03294 0.10502
v -0.01866 -0.44457 0.05322
v -0.01627 -0.39868 0.05318
v -0.01431 -0.34482 0.01547
v -0.01270 -0.44324 0.06515
v -0.00758 -0.36481 0.06013
v -0.04628 -0.39972 -0.06852
v -0.04302 -0.38723 -0.05431
v -0.01089 -0.36031 0.06852
v -0.04587 -0.41437 -0.08274
v -0.01035 -0.41773 0.05927
v -0.02016 -0.45155 0.06562
v -0.04335 -0.42615 -0.07734
v -0.04150 -0.43535 -0.08491
v -0.02735 -0.43753 0.03642
v -0.04247 -0.42249 -0.09598
v -0.04921 -0.39867 -0.08119
v -0.04805 -0.38121 -0.06124
v -0.04855 -0.40689 -0.09815
v -0.04265 -0.42222 -0.11757
v -0.03651 -0.43491 -0.10799
v -0.03746 -0.44206 -0.10115
v -0.03626 -0.44444 -0.11265
v -0.03683 -0.43713 -0.11982
v -0.03835 -0.44418 -0.12271
v -0.04086 -0.43828 -0.12957
v -0.04455 -0.44780 -0.13104
v -0.04976 -0.44000 -0.14070
v -0.04971 -0.42739 -0.14097
v -0.05723 -0.43488 -0.15132
v -0.05611 -0.42514 -0.15457
v -0.05920 -0.43377 -0.15825
v -0.05945 -0.43296 -0.16700
v -0.06212 -0.44052 -0.16826
v -0.05931 -0.42494 -0.16893
v -0.06117 -0.43359 -0.18036
v -0.06138 -0.44106 -0.17637
v -0.06550 -0.44547 -0.18783
v -0.06518 -0.45138 -0.18160
v -0.07023 -0.45794 -0.18857
v -0.06996 -0.45188 -0.19362
v -0.06910 -0.45774 -0.18199
v -0.07294 -0.46211 -0.18531
v -0.01772 0.01375 0.10411
v -0.01586 0.00030 0.11848
v -0.02237 -0.01525 0.10882
v -0.01983 -0.02207 0.11987
v -0.02142 0.00600 0.08846
v -0.02307 -0.04282 0.11343
v -0.02538 -0.03731 0.10511
v -0.02682 -0.06287 0.10292
v -0.02537 -0.02407 0.09583
v -0.02633 -0.04246 0.09340
v -0.02335 0.00679 0.06855
v -0.00865 0.00450 0.12675
v -0.01400 -0.01591 0.12583
v -0.02511 -0.02032 0.07823
v -0.02042 -0.05745 0.11752
v -0.02406 -0.07991 0.11201
v -0.02975 -0.08600 0.09789
v -0.03089 -0.10748 0.09987
v -0.03288 -0.11106 0.08744
v -0.03365 -0.13666 0.09434
v -0.03570 -0.13486 0.08609
v -0.03809 -0.15906 0.08409
v -0.03132 -0.14889 0.09972
v -0.02879 -0.12762 0.10463
v -0.02653 -0.10719 0.10816
v -0.03413 -0.17426 0.09556
v -0.04067 -0.18330 0.08476
v -0.03903 -0.20323 0.09156
v -0.04421 -0.21123 0.08254
v -0.04224 -0.23147 0.09061
v -0.04993 -0.24605 0.08061
v -0.05453 -0.26985 0.07935
v -0.04169 -0.18607 0.07753
v -0.04877 -0.27217 0.08832
v -0.05984 -0.28749 0.07744
v -0.06004 -0.30212 0.08378
v -0.06856 -0.30778 0.06997
v -0.07166 -0.32778 0.07801
v -0.07699 -0.33192 0.07163
v -0.07750 -0.32887 0.06255
v -0.08053 -0.33883 0.05620
v -0.08048 -0.34799 0.07118
v -0.07687 -0.34361 0.07716
v -0.05892 -0.28125 0.06606
v -0.05194 -0.25545 0.07177
v -0.07490 -0.31755 0.04491
v -0.06460 -0.29577 0.05243
v -0.04711 -0.22778 0.07143
v -0.04291 -0.20057 0.06687
v -0.08175 -0.35446 0.06235
v -0.07770 -0.35340 0.07601
v -0.02688 -0.20391 0.10964
v -0.03127 -0.22644 0.10545
v -0.02530 -0.17891 0.11019
v -0.02574 -0.15853 0.10902
v -0.02278 -0.12283 0.11275
v -0.08212 -0.34854 0.04409
v -0.08446 -0.36403 0.04359
v -0.08860 -0.36262 0.02505
v -0.09055 -0.38499 0.03091
v -0.10261 -0.38731 0.00389
v -0.10232 -0.40144 0.01224
v -0.09677 -0.36999 0.00270
v -0.10949 -0.38835 -0.01533
v -0.08288 -0.37515 0.05429
v -0.08420 -0.34718 0.01873
v -0.09174 -0.41412 0.03980
v -0.08364 -0.40374 0.05788
v -0.08385 -0.41418 0.06809
v -0.07737 -0.39898 0.07521
v -0.08197 -0.41925 0.08238
v -0.08630 -0.42757 0.06935
v -0.08160 -0.38928 0.05848
v -0.07358 -0.38746 0.07449
v -0.09032 -0.42934 0.04781
v -0.08054 -0.43119 0.09171
v -0.08587 -0.43448 0.07327
v -0.07727 -0.42337 0.09736
v -0.10146 -0.42026 0.02056
v -0.11465 -0.40438 -0.00969
v -0.11913 -0.40271 -0.02251
v -0.12691 -0.42083 -0.02583
v -0.13233 -0.41679 -0.04041
v -0.13788 -0.42810 -0.04529
v -0.07889 -0.33218 0.03022
v -0.11360 -0.41985 -0.00159
v -0.13052 -0.40866 -0.04775
v -0.14202 -0.42172 -0.05543
v -0.07848 -0.37780 0.06637
v -0.11784 -0.39465 -0.03578
v -0.09311 -0.36080 -0.00393
v -0.10721 -0.38015 -0.03029
v -0.03091 -0.09109 0.08156
v -0.02873 -0.07468 0.08583
v -0.02627 -0.05138 0.07752
v -0.02513 -0.00968 0.05838
v -0.02583 -0.03404 0.06004
v -0.08047 -0.36453 0.06629
v -0.02337 0.00757 0.05113
v -0.07148 -0.41390 0.09820
v -0.06838 -0.40094 0.08934
v -0.08192 -0.44006 0.08553
v -0.15002 -0.43185 -0.06171
v -0.15572 -0.42845 -0.07725
v -0.15858 -0.43937 -0.08126
v -0.16658 -0.43717 -0.09851
v -0.16610 -0.42764 -0.10405
v -0.17332 -0.43545 -0.11785
v -0.17112 -0.42846 -0.12173
v -0.17522 -0.43401 -0.13051
v -0.18021 -0.44312 -0.13581
v -0.17458 -0.44099 -0.12081
v -0.14685 -0.41809 -0.07069
v -0.16740 -0.44321 -0.10529
v -0.15664 -0.41973 -0.09453
v -0.12702 -0.43383 -0.02558
v -0.17910 -0.44925 -0.13400
v -0.18072 -0.45298 -0.13970
v -0.18079 -0.44861 -0.14109
v -0.03897 -0.16800 0.06741
v -0.03513 -0.13436 0.06892
v -0.13951 -0.43754 -0.04862
v -0.03110 -0.10719 0.06277
v -0.02955 -0.09920 0.04740
v -0.02768 -0.07855 0.06263
v -0.03262 -0.12142 0.05253
v -0.02695 -0.07452 0.04413
v -0.02646 -0.05929 0.05503
v -0.05255 -0.26787 0.04811
v -0.06761 -0.41990 0.10863
v -0.08266 -0.34336 0.00595
v -0.07766 -0.33400 0.01662
v -0.02551 -0.04854 0.04177
v -0.02488 -0.01676 0.04558
v -0.06336 -0.29425 0.03489
v -0.07259 -0.31490 0.02873
v -0.09241 -0.35905 -0.01732
v -0.12902 -0.40415 -0.05553
v -0.10620 -0.43000 0.01017
v -0.09655 -0.42920 0.02961
v -0.01780 -0.03874 0.12161
v -0.05730 -0.28345 0.03380
v -0.16502 -0.42224 -0.11552
v -0.03456 -0.14906 0.05139
v -0.07567 -0.43980 0.10010
v -0.06990 -0.43002 0.10799
v -0.06985 -0.37311 0.07722
v -0.03246 -0.25344 0.10554
v -0.15175 -0.43956 -0.06748
v -0.07627 -0.36560 0.07312
v -0.06765 -0.33453 0.08443
v -0.02416 -0.24193 0.11491
v -0.02759 -0.27107 0.11260
v -0.03749 -0.28088 0.10073
v -0.02700 -0.29479 0.11459
v -0.03492 -0.30709 0.10667
v -0.04394 -0.30240 0.09482
v -0.03632 -0.33788 0.10761
v -0.04172 -0.32220 0.09948
v -0.05586 -0.38507 0.09322
v -0.05529 -0.40111 0.10617
v -0.04197 -0.37945 0.10685
v -0.06499 -0.37914 0.08210
v -0.05043 -0.36814 0.09535
v -0.04153 -0.35891 0.10358
v -0.04974 -0.34639 0.09417
v -0.02182 -0.21218 0.11554
v -0.02073 -0.18936 0.11507
v -0.01995 -0.16362 0.11544
v -0.01674 -0.12853 0.11758
v -0.00740 -0.01019 0.13102
v -0.05137 -0.29488 0.08900
v -0.01731 -0.10287 0.11758
v -0.06804 -0.43999 0.10903
v -0.02858 -0.32364 0.11372
v -0.07079 -0.35291 0.08330
v -0.06144 -0.36515 0.08640
v -0.05175 -0.32154 0.09038
v -0.06149 -0.42190 0.11423
v -0.03472 -0.35282 0.10959
v -0.03542 -0.37074 0.10962
v -0.01682 -0.08181 0.11883
v -0.01022 -0.02778 0.12901
v -0.06894 -0.36486 0.08181
v -0.02083 -0.25872 0.11731
v -0.03605 -0.39149 0.11324
v -0.01323 -0.05394 0.12323
v -0.02004 -0.23589 0.11754
v -0.05873 -0.34115 0.08831
v -0.02420 -0.16817 0.03035
v -0.02332 -0.12829 0.03107
v -0.02995 -0.15209 0.03856
v -0.03422 -0.19103 0.04088
v -0.02720 -0.19104 0.03183
v -0.03153 -0.21111 0.03381
v -0.03885 -0.22816 0.03933
v -0.02962 -0.12193 0.04224
v -0.03623 -0.23597 0.03293
v -0.01943 -0.09569 0.02666
v -0.02234 -0.08199 0.03103
v -0.04314 -0.25810 0.03160
v 0.00046 0.00221 0.00041
v -0.00592 0.00387 0.00624
v -0.00687 -0.01781 0.00759
v -0.00200 -0.02340 0.00411
v -0.01400 -0.04185 0.01666
v -0.01013 -0.05308 0.01342
v -0.01650 -0.06085 0.02110
v -0.01181 -0.08043 0.01793
v -0.01457 -0.10828 0.02241
v -0.01742 -0.14315 0.02571
v -0.00654 -0.06345 0.01184
v -0.00192 -0.04541 0.00683
v 0.00637 0.00209 -0.00279
v -0.00690 -0.10235 0.01761
v -0.00772 -0.12933 0.02102
v -0.00165 -0.07582 0.01188
v -0.01055 -0.15717 0.02385
v -0.01550 -0.17700 0.02582
v 0.00425 -0.03310 0.00259
v 0.01314 -0.00425 -0.00366
v -0.02098 -0.18992 0.02776
v -0.02487 -0.21735 0.02858
v -0.01444 -0.19789 0.02685
v -0.00009 -0.09298 0.01446
v 0.00798 -0.04899 0.00534
v 0.01193 -0.02696 0.00075
v 0.00049 -0.11190 0.01783
v -0.03296 -0.24319 0.02844
v -0.02599 -0.23851 0.02651
v -0.02851 -0.25922 0.02366
v -0.03980 -0.26724 0.02523
v -0.00208 -0.13782 0.02192
v 0.00703 -0.07765 0.01165
v -0.01449 -0.21506 0.02729
v -0.00630 -0.17699 0.02595
v 0.02143 -0.00327 -0.00310
v -0.01817 -0.23459 0.02609
v 0.00639 -0.09312 0.01511
v -0.01839 -0.25120 0.02472
v 0.01477 -0.04239 0.00452
v -0.01917 -0.26747 0.02263
v 0.01218 -0.06117 0.00872
v 0.01920 -0.02241 0.00096
v 0.00184 -0.15966 0.02689
v -0.03464 -0.27827 0.02022
v -0.02608 -0.27786 0.01977
v -0.02811 -0.29268 0.01613
v -0.03958 -0.29263 0.01638
v -0.13959 -0.40529 -0.13278
v -0.14875 -0.40915 -0.13375
v -0.13921 -0.40319 -0.12291
v -0.14741 -0.40884 -0.13814
v -0.15985 -0.41928 -0.14786
v -0.15398 -0.41755 -0.15062
v -0.16267 -0.42262 -0.15575
v -0.15753 -0.42338 -0.15801
v -0.14182 -0.40986 -0.14056
v -0.12868 -0.40398 -0.12590
v -0.12924 -0.40145 -0.11122
v -0.11957 -0.40216 -0.12291
v -0.11956 -0.39945 -0.10798
v -0.12722 -0.40546 -0.13935
v -0.10767 -0.39477 -0.10791
v -0.10343 -0.39856 -0.12248
v -0.08976 -0.39201 -0.11172
v -0.08814 -0.40099 -0.13196
v -0.12057 -0.39631 -0.09589
v -0.09450 -0.38342 -0.09610
v -0.07679 -0.37933 -0.09320
v -0.10854 -0.38846 -0.09512
v -0.09793 -0.37448 -0.07875
v -0.08200 -0.36649 -0.07657
v -0.09264 -0.36206 -0.05944
v -0.13479 -0.40568 -0.13181
v -0.13097 -0.40899 -0.13897
v -0.08282 -0.35418 -0.05448
v -0.08219 -0.34466 -0.03453
v -0.07122 -0.34536 -0.04393
v -0.06598 -0.33471 -0.02601
v -0.07061 -0.32860 -0.01247
v -0.13488 -0.41649 -0.14478
v -0.05922 -0.31899 -0.00664
v -0.06551 -0.31473 0.00305
v -0.13125 -0.40238 -0.09713
v -0.11686 -0.39064 -0.08474
v -0.11932 -0.40217 -0.13772
v -0.12642 -0.40644 -0.15069
v -0.10808 -0.37750 -0.06495
v -0.13133 -0.39979 -0.07394
v -0.14364 -0.40771 -0.09151
v -0.14773 -0.40873 -0.08381
v -0.14465 -0.41104 -0.10759
v -0.15369 -0.41160 -0.10335
v -0.15485 -0.41495 -0.11635
v -0.08257 -0.33873 -0.01521
v -0.09493 -0.35800 -0.03997
v -0.07452 -0.32746 -0.00383
v -0.13121 -0.40974 -0.15133
v -0.12314 -0.40900 -0.15709
v -0.13005 -0.41158 -0.15962
v -0.13822 -0.41926 -0.16566
v -0.13316 -0.41849 -0.16771
v -0.11991 -0.38829 -0.06100
v -0.15963 -0.41413 -0.10191
v -0.16427 -0.41650 -0.11938
v -0.14141 -0.40667 -0.11469
v -0.13786 -0.42006 -0.17310
v -0.14163 -0.42257 -0.17400
v -0.13855 -0.42277 -0.17679
v -0.07234 -0.31848 0.00905
v -0.07939 -0.33006 0.00492
v -0.10356 -0.36750 -0.03493
v -0.09285 -0.35154 -0.01298
v -0.13478 -0.40325 -0.05765
v -0.17015 -0.42119 -0.11572
v -0.16836 -0.42135 -0.12868
v -0.17283 -0.42298 -0.12769
v -0.17363 -0.43113 -0.13712
v -0.18029 -0.43438 -0.13529
v -0.17726 -0.43707 -0.14163
v -0.18401 -0.44092 -0.14030
v -0.17867 -0.43861 -0.14714
v -0.18228 -0.44046 -0.14796
v -0.17338 -0.43991 -0.14807
v -0.17678 -0.44115 -0.15126
v -0.18065 -0.44242 -0.15207
v -0.12097 -0.38878 -0.04706
v -0.07822 -0.32314 0.01815
v -0.14895 -0.41141 -0.07579
v -0.15444 -0.41861 -0.12437
v -0.15759 -0.42007 -0.13548
v -0.16292 -0.42090 -0.12658
v -0.10796 -0.37351 -0.02521
v -0.16529 -0.42693 -0.15008
v -0.13585 -0.41890 -0.15542
v -0.14174 -0.42901 -0.15760
v -0.16638 -0.42771 -0.13466
v -0.16789 -0.43559 -0.14186
v -0.16927 -0.43761 -0.15322
v -0.16475 -0.43180 -0.14174
v -0.16133 -0.42701 -0.13269
v -0.17308 -0.44321 -0.15230
v -0.17340 -0.44452 -0.16106
v -0.16653 -0.43328 -0.15765
v -0.16250 -0.43030 -0.15819
v -0.17164 -0.43970 -0.16094
v -0.16887 -0.43835 -0.16561
v -0.17153 -0.44309 -0.16703
v -0.14382 -0.43121 -0.16264
v -0.14442 -0.42893 -0.17009
v -0.14318 -0.43109 -0.17552
v -0.14641 -0.43576 -0.16941
v -0.14812 -0.43655 -0.17872
v -0.14970 -0.43820 -0.17123
v -0.15213 -0.44019 -0.17710
v -0.14738 -0.43939 -0.18214
v -0.14000 -0.43446 -0.17973
v -0.15081 -0.44114 -0.16552
v -0.14670 -0.43764 -0.16297
v -0.14153 -0.44201 -0.18572
v -0.15238 -0.44665 -0.18128
v -0.13815 -0.42815 -0.17773
v -0.15272 -0.44302 -0.17199
v -0.14687 -0.44698 -0.18537
v -0.15175 -0.44495 -0.16826
v -0.15360 -0.44711 -0.16770
v -0.13221 -0.43647 -0.17956
v -0.15329 -0.44902 -0.17722
v -0.14314 -0.45035 -0.18691
v -0.15075 -0.44957 -0.16882
v -0.09169 -0.40208 -0.12348
v -0.11140 -0.40277 -0.11242
v -0.10098 -0.40599 -0.13030
v -0.09371 -0.40747 -0.14218
v -0.10255 -0.40942 -0.14341
v -0.10967 -0.41105 -0.14373
v -0.09638 -0.39516 -0.10499
v -0.08421 -0.39051 -0.10037
v -0.10532 -0.39334 -0.09630
v -0.10883 -0.41691 -0.15383
v -0.09381 -0.38309 -0.08747
v -0.10197 -0.38224 -0.07701
v -0.08114 -0.38162 -0.08945
v -0.08595 -0.36482 -0.06198
v -0.08571 -0.37411 -0.07851
v -0.07691 -0.36605 -0.06769
v -0.07237 -0.34503 -0.03257
v -0.08045 -0.34848 -0.03195
v -0.06964 -0.33236 -0.00947
v -0.05924 -0.33290 -0.01610
v -0.06291 -0.31916 0.00401
v -0.11648 -0.39751 -0.08938
v -0.12266 -0.40442 -0.10616
v -0.09573 -0.36908 -0.05389
v -0.05531 -0.31550 0.00175
v -0.10991 -0.38724 -0.07166
v -0.12446 -0.40138 -0.08059
v -0.08462 -0.34951 -0.02242
v -0.07525 -0.33321 0.00222
v -0.06943 -0.32209 0.01093
v -0.13054 -0.40670 -0.10355
v -0.10065 -0.40866 -0.14880
v -0.12676 -0.40141 -0.06625
v -0.11640 -0.39086 -0.05578
v -0.10210 -0.37408 -0.04642
v -0.14324 -0.41185 -0.08453
v -0.13497 -0.40981 -0.09224
v -0.14629 -0.41669 -0.10726
v -0.05839 -0.30937 0.00927
v -0.04954 -0.29360 0.01728
v -0.06179 -0.29944 0.02254
v -0.05466 -0.29326 0.02043
v -0.05730 -0.28345 0.03380
v -0.09241 -0.35905 -0.01732
v -0.10517 -0.41312 -0.15662
v -0.10029 -0.41190 -0.15883
v -0.10566 -0.41654 -0.16820
v -0.10935 -0.41987 -0.16482
v -0.11249 -0.42071 -0.15681
v -0.11171 -0.42424 -0.17655
v -0.10793 -0.42238 -0.18097
v -0.11014 -0.42465 -0.18443
v -0.12902 -0.40415 -0.05553
v -0.08266 -0.34336 0.00595
v -0.07766 -0.33400 0.01662
v -0.10721 -0.38015 -0.03029
v -0.11784 -0.39465 -0.03578
v -0.11399 -0.43104 -0.18349
v -0.11562 -0.43178 -0.17946
v -0.07259 -0.31490 0.02873
v -0.06336 -0.29425 0.03489
v -0.05192 -0.27224 0.03429
v -0.05015 -0.28027 0.02601
v -0.05255 -0.26787 0.04811
v -0.14685 -0.41809 -0.07069
v -0.04314 -0.25810 0.03160
v -0.04612 -0.25112 0.04069
v -0.11346 -0.42878 -0.16757
v -0.11191 -0.42474 -0.16085
v -0.11664 -0.44004 -0.18407
v -0.11497 -0.42808 -0.16046
v -0.15664 -0.41973 -0.09453
v -0.15677 -0.41771 -0.10831
v -0.16502 -0.42224 -0.11552
v -0.16219 -0.42110 -0.11886
v -0.17112 -0.42846 -0.12173
v -0.11516 -0.40655 -0.13438
v -0.12353 -0.40874 -0.12898
v -0.12714 -0.41215 -0.14756
v -0.12845 -0.41351 -0.13744
v -0.13112 -0.41329 -0.13432
v -0.12461 -0.41292 -0.15317
v -0.13190 -0.42025 -0.16120
v -0.16920 -0.42619 -0.12536
v -0.17522 -0.43401 -0.13051
v -0.17124 -0.43454 -0.13433
v -0.17910 -0.44308 -0.13892
v -0.18021 -0.44312 -0.13581
v -0.06298 -0.34866 -0.04021
v -0.13062 -0.40650 -0.11581
v -0.13474 -0.40987 -0.12944
v -0.15515 -0.42213 -0.11822
v -0.14896 -0.42100 -0.11815
v -0.12990 -0.42361 -0.16576
v -0.13776 -0.40819 -0.12239
v -0.14388 -0.41258 -0.13561
v -0.14566 -0.42243 -0.14602
v -0.13062 -0.42075 -0.13955
v -0.12981 -0.42291 -0.14330
v -0.18079 -0.44861 -0.14109
v -0.03980 -0.26724 0.02523
v -0.11270 -0.43211 -0.16367
v -0.07592 -0.39967 -0.11438
v -0.06800 -0.39066 -0.09793
v -0.06179 -0.39980 -0.11518
v -0.07169 -0.40245 -0.11918
v -0.06404 -0.40283 -0.13399
v -0.06969 -0.40341 -0.12903
v -0.07556 -0.40716 -0.14045
v -0.07040 -0.40611 -0.15173
v -0.07985 -0.41418 -0.15569
v -0.08091 -0.41194 -0.14475
v -0.08236 -0.40769 -0.13387
v -0.08616 -0.41228 -0.14542
v -0.08464 -0.42005 -0.15728
v -0.08742 -0.42816 -0.16961
v -0.08815 -0.41961 -0.15661
v -0.08761 -0.42620 -0.16323
v -0.06564 -0.40571 -0.14948
v -0.07837 -0.41352 -0.17037
v -0.07283 -0.40989 -0.16658
v -0.07489 -0.41370 -0.17797
v -0.08291 -0.42153 -0.18483
v -0.07600 -0.41816 -0.18586
v -0.07727 -0.42893 -0.19407
v -0.08326 -0.42913 -0.19364
v -0.08841 -0.43462 -0.19217
v -0.07101 -0.38220 -0.08803
v -0.04632 -0.33680 -0.01854
v -0.04593 -0.32317 -0.00467
v -0.04073 -0.30828 0.00764
v -0.03958 -0.29263 0.01638
v -0.05822 -0.38888 -0.08933
v -0.15478 -0.42147 -0.14677
v -0.15907 -0.42500 -0.15122
v -0.15555 -0.42747 -0.15403
v -0.06627 -0.36781 -0.06622
v -0.05803 -0.35568 -0.04718
v -0.09211 -0.42619 -0.16425
v -0.13414 -0.42160 -0.14024
v -0.06817 -0.41509 -0.17712
v -0.07127 -0.42019 -0.18666
v -0.06708 -0.41062 -0.16436
v -0.16171 -0.43223 -0.15312
v -0.15793 -0.43407 -0.15616
v -0.06179 -0.41025 -0.15361
v -0.16278 -0.44052 -0.15588
v -0.08634 -0.42584 -0.18025
v -0.09281 -0.41358 -0.15379
v -0.15844 -0.44288 -0.15871
v -0.14268 -0.43058 -0.15147
v -0.05971 -0.40492 -0.13502
v -0.02493 -0.30637 0.01189
v -0.03152 -0.31632 0.00535
v -0.05404 -0.40456 -0.11556
v -0.02811 -0.29268 0.01613
v -0.05404 -0.39477 -0.09137
v -0.03433 -0.32880 -0.00200
v -0.15003 -0.43801 -0.15705
v -0.05161 -0.36732 -0.05396
v -0.04075 -0.34922 -0.02646
v -0.05395 -0.38171 -0.07238
v -0.02003 -0.29263 0.01769
v -0.07057 -0.43066 -0.19205
v -0.03559 -0.33921 -0.01058
v -0.06388 -0.42127 -0.17978
v -0.08901 -0.43174 -0.16493
v -0.09000 -0.43831 -0.17755
v -0.09158 -0.44345 -0.19224
v -0.07500 -0.43806 -0.19660
v -0.05532 -0.41049 -0.13894
v -0.02608 -0.27786 0.01977
v -0.01213 -0.28489 0.02258
v -0.01738 -0.30952 0.01436
v -0.01917 -0.26747 0.02263
v -0.01257 -0.26291 0.02534
v -0.05860 -0.41719 -0.15727
v -0.02257 -0.32795 0.00749
v -0.01839 -0.25120 0.02472
v -0.00720 -0.25098 0.02952
v -0.02617 -0.34456 0.00008
v -0.00954 -0.22836 0.02901
v -0.01817 -0.23459 0.02609
v -0.01449 -0.21506 0.02729
v -0.00621 -0.20270 0.02962
v -0.01444 -0.19789 0.02685
v -0.11766 -0.45388 -0.14592
v -0.12538 -0.44519 -0.14882
v -0.13283 -0.45065 -0.13811
v -0.11754 -0.44683 -0.15332
v -0.11978 -0.45651 -0.13946
v -0.09868 -0.45240 -0.15416
v -0.10286 -0.45749 -0.14811
v -0.10799 -0.45920 -0.14218
v -0.13093 -0.45610 -0.12932
v -0.12876 -0.44111 -0.15382
v -0.12221 -0.44308 -0.15644
v -0.13820 -0.45268 -0.13310
v -0.14307 -0.45479 -0.12460
v -0.15067 -0.44869 -0.12619
v -0.15523 -0.45211 -0.11599
v -0.14270 -0.44651 -0.13813
v -0.14644 -0.44540 -0.13625
v -0.16441 -0.44703 -0.11908
v -0.14277 -0.44446 -0.14385
v -0.16143 -0.44476 -0.12279
v -0.13740 -0.44543 -0.13920
v -0.10552 -0.44398 -0.15797
v -0.11689 -0.44018 -0.15791
v -0.09513 -0.44372 -0.16012
v -0.09851 -0.43866 -0.16306
v -0.08351 -0.44792 -0.16185
v -0.13211 -0.44188 -0.14296
v -0.13150 -0.43908 -0.14722
v -0.11548 -0.43365 -0.16132
v -0.10812 -0.43818 -0.16150
v -0.10338 -0.43886 -0.16438
v -0.11270 -0.43211 -0.16367
v -0.10898 -0.43684 -0.16450
v -0.08948 -0.43859 -0.16385
v -0.09278 -0.43359 -0.16414
v -0.15492 -0.44342 -0.12571
v -0.15833 -0.44125 -0.12571
v -0.15266 -0.44105 -0.12961
v -0.15700 -0.43613 -0.12778
v -0.15987 -0.43494 -0.12784
v -0.08901 -0.43174 -0.16493
v -0.15618 -0.43633 -0.13066
v -0.13337 -0.43801 -0.14181
v -0.13111 -0.43337 -0.14300
v -0.13384 -0.42998 -0.14140
v -0.09211 -0.42619 -0.16425
v -0.13421 -0.43428 -0.15276
v -0.09737 -0.43675 -0.16685
v -0.11497 -0.42808 -0.16046
v -0.13062 -0.42075 -0.13955
v -0.15650 -0.43055 -0.12701
v -0.08189 -0.45074 -0.17659
v -0.08826 -0.44872 -0.18827
v -0.08671 -0.44085 -0.16941
v -0.08138 -0.45992 -0.18715
v -0.09000 -0.43831 -0.17755
v -0.08346 -0.44581 -0.16824
v -0.08901 -0.43174 -0.16493
v -0.07753 -0.44915 -0.16707
v -0.07565 -0.45653 -0.17942
v -0.07735 -0.46321 -0.18857
v -0.08114 -0.46088 -0.19027
v -0.08420 -0.45374 -0.19112
v -0.09114 -0.44469 -0.18537
v -0.09158 -0.44345 -0.19224
v -0.08948 -0.43859 -0.16385
v -0.08351 -0.44792 -0.16185
v -0.07294 -0.46211 -0.18531
v -0.15579 -0.42738 -0.13322
v -0.14896 -0.42100 -0.11815
v -0.15650 -0.43055 -0.12701
v -0.15016 -0.41766 -0.13515
v -0.16008 -0.42798 -0.14833
v -0.15478 -0.42147 -0.14677
v -0.15907 -0.42500 -0.15122
v -0.13902 -0.41180 -0.11149
v -0.13776 -0.40819 -0.12239
v -0.13054 -0.40670 -0.10355
v -0.14388 -0.41258 -0.13561
v -0.13497 -0.40981 -0.09224
v -0.14629 -0.41669 -0.10726
v -0.16171 -0.43223 -0.15312
v -0.16501 -0.43993 -0.15121
v -0.15880 -0.43646 -0.13568
v -0.16256 -0.44020 -0.14450
v -0.16278 -0.44052 -0.15588
v -0.11261 -0.44092 -0.17138
v -0.11494 -0.45105 -0.17990
v -0.11537 -0.44053 -0.17646
v -0.11346 -0.42878 -0.16757
v -0.11562 -0.43178 -0.17946
v -0.11664 -0.44004 -0.18407
v -0.11532 -0.44693 -0.18229
v -0.11270 -0.43211 -0.16367
v -0.11191 -0.42474 -0.16085
v -0.11699 -0.45365 -0.18443
v -0.14578 -0.44186 -0.15083
v -0.14931 -0.44817 -0.14580
v -0.14277 -0.44446 -0.14385
v -0.13805 -0.44211 -0.14220
v -0.13740 -0.44543 -0.13920
v -0.13337 -0.43801 -0.14181
v -0.15456 -0.45141 -0.15480
v -0.15436 -0.44571 -0.15817
v -0.15513 -0.45421 -0.15232
v -0.15977 -0.45564 -0.15865
v -0.16093 -0.45806 -0.15663
v -0.15003 -0.43801 -0.15705
v -0.13918 -0.43341 -0.14807
v -0.13384 -0.42998 -0.14140
v -0.14268 -0.43058 -0.15147
v -0.13414 -0.42160 -0.14024
v -0.15844 -0.44288 -0.15871
v -0.13062 -0.42075 -0.13955
v -0.14591 -0.44633 -0.14139
v -0.14644 -0.44540 -0.13625
v -0.10408 -0.44578 -0.18354
v -0.09631 -0.43666 -0.17264
v -0.09942 -0.43516 -0.18001
v -0.09774 -0.42902 -0.17483
v -0.09211 -0.42619 -0.16425
v -0.09278 -0.43359 -0.16414
v -0.10424 -0.42770 -0.18263
v -0.10575 -0.43828 -0.18493
v -0.11064 -0.45242 -0.18877
v -0.10873 -0.45508 -0.18608
v -0.11348 -0.45999 -0.18844
v -0.11085 -0.44309 -0.18867
v -0.10413 -0.44724 -0.17861
v -0.09936 -0.42109 -0.16943
v -0.08815 -0.41961 -0.15661
v -0.11163 -0.43236 -0.18597
v -0.11014 -0.42465 -0.18443
v -0.10793 -0.42238 -0.18097
v -0.09281 -0.41358 -0.15379
v -0.08616 -0.41228 -0.14542
v -0.10029 -0.41190 -0.15883
v -0.10566 -0.41654 -0.16820
v -0.16815 -0.44889 -0.13597
v -0.17169 -0.45306 -0.13307
v -0.16731 -0.44774 -0.12748
v -0.16224 -0.44176 -0.12961
v -0.17272 -0.45493 -0.13852
v -0.16398 -0.44428 -0.12482
v -0.16903 -0.44747 -0.12237
v -0.17545 -0.45628 -0.13741
v -0.15833 -0.44125 -0.12571
v -0.16441 -0.44703 -0.11908
v -0.16143 -0.44476 -0.12279
v -0.17232 -0.45080 -0.14017
v -0.14931 -0.44817 -0.14580
v -0.15642 -0.44948 -0.14556
v -0.15189 -0.44211 -0.13603
v -0.15513 -0.45421 -0.15232
v -0.16093 -0.45806 -0.15663
v -0.14591 -0.44633 -0.14139
v -0.16073 -0.44858 -0.14698
v -0.15880 -0.43646 -0.13568
v -0.15618 -0.43633 -0.13066
v -0.14644 -0.44540 -0.13625
v -0.15266 -0.44105 -0.12961
v -0.16256 -0.44020 -0.14450
v -0.15650 -0.43055 -0.12701
v -0.16214 -0.45356 -0.15564
v -0.10936 -0.45119 -0.17885
v -0.11494 -0.45105 -0.17990
v -0.10883 -0.44286 -0.17015
v -0.11699 -0.45365 -0.18443
v -0.10183 -0.44058 -0.16920
v -0.10898 -0.43684 -0.16450
v -0.11261 -0.44092 -0.17138
v -0.11270 -0.43211 -0.16367
v -0.11747 -0.45855 -0.18642
v -0.11348 -0.45999 -0.18844
v -0.10338 -0.43886 -0.16438
v -0.09737 -0.43675 -0.16685
v -0.10413 -0.44724 -0.17861
v -0.10873 -0.45508 -0.18608
v -0.09631 -0.43666 -0.17264
v -0.09278 -0.43359 -0.16414
v -0.09851 -0.43866 -0.16306
v -0.13249 -0.44457 -0.17630
v -0.13021 -0.43409 -0.17323
v -0.13720 -0.43785 -0.17348
v -0.13760 -0.43030 -0.17328
v -0.13372 -0.42577 -0.17121
v -0.13741 -0.42512 -0.17085
v -0.12647 -0.43898 -0.17243
v -0.12440 -0.42640 -0.16583
v -0.12244 -0.43192 -0.16710
v -0.11963 -0.42796 -0.16226
v -0.11728 -0.41811 -0.15647
v -0.11497 -0.42808 -0.16046
v -0.11548 -0.43365 -0.16132
v -0.12990 -0.42361 -0.16576
v -0.11249 -0.42071 -0.15681
v -0.10883 -0.41691 -0.15383
v -0.12461 -0.41292 -0.15317
v -0.10967 -0.41105 -0.14373
v -0.13190 -0.42025 -0.16120
v -0.11924 -0.43443 -0.16214
v -0.13679 -0.42470 -0.16577
v -0.12748 -0.44355 -0.16955
v -0.12162 -0.43871 -0.16324
v -0.13107 -0.44700 -0.17397
v -0.11689 -0.44018 -0.15791
v -0.13364 -0.45149 -0.17089
v -0.12510 -0.44311 -0.16273
v -0.12221 -0.44308 -0.15644
v -0.15118 -0.45234 -0.16740
v -0.15900 -0.44926 -0.16900
v -0.15360 -0.44711 -0.16770
v -0.16285 -0.44309 -0.16887
v -0.16545 -0.44841 -0.17077
v -0.16858 -0.44464 -0.16981
v -0.15699 -0.43586 -0.16261
v -0.15063 -0.43628 -0.16198
v -0.14793 -0.42833 -0.15874
v -0.15753 -0.42338 -0.15801
v -0.14174 -0.42901 -0.15760
v -0.16293 -0.43673 -0.16424
v -0.14670 -0.43764 -0.16297
v -0.16887 -0.43835 -0.16561
v -0.15081 -0.44114 -0.16552
v -0.16250 -0.43030 -0.15819
v -0.14468 -0.42458 -0.15381
v -0.13488 -0.41649 -0.14478
v -0.15398 -0.41755 -0.15062
v -0.14182 -0.40986 -0.14056
v -0.16267 -0.42262 -0.15575
v -0.16653 -0.43328 -0.15765
v -0.17153 -0.44309 -0.16703
v -0.16321 -0.45403 -0.16882
v -0.17127 -0.44859 -0.16777
v -0.16819 -0.45291 -0.16821
v -0.15834 -0.45619 -0.16560
v -0.14768 -0.45363 -0.16729
v -0.14918 -0.44930 -0.16690
v -0.14501 -0.45018 -0.16705
v -0.14117 -0.45305 -0.16814
v -0.15075 -0.44957 -0.16882
v -0.14981 -0.45423 -0.17419
v -0.14617 -0.45258 -0.16943
v -0.15189 -0.44885 -0.17211
v -0.15329 -0.44902 -0.17722
v -0.15272 -0.44302 -0.17199
v -0.15175 -0.44495 -0.16826
v -0.15075 -0.44957 -0.16882
v -0.14820 -0.45657 -0.17988
v -0.14918 -0.44930 -0.16690
v -0.14305 -0.45866 -0.17672
v -0.14172 -0.45387 -0.17126
v -0.13845 -0.45876 -0.17464
v -0.15456 -0.45141 -0.15480
v -0.15931 -0.44716 -0.15332
v -0.15977 -0.45564 -0.15865
v -0.16214 -0.45356 -0.15564
v -0.16173 -0.44653 -0.14967
v -0.16093 -0.45806 -0.15663
v -0.14050 -0.45023 -0.16968
v -0.13588 -0.44715 -0.17136
v -0.14424 -0.44566 -0.16626
v -0.14501 -0.45018 -0.16705
v -0.13730 -0.45488 -0.17344
v -0.14172 -0.45387 -0.17126
v -0.13845 -0.45876 -0.17464
v -0.14061 -0.44203 -0.16496
v -0.14918 -0.44930 -0.16690
v -0.14617 -0.45258 -0.16943
v -0.14117 -0.45305 -0.16814
v -0.14662 -0.44687 -0.16354
v -0.13364 -0.45149 -0.17089
v -0.15436 -0.44571 -0.15817
v -0.15844 -0.44288 -0.15871
v -0.15931 -0.44716 -0.15332
v -0.16278 -0.44052 -0.15588
v -0.15456 -0.45141 -0.15480
v -0.16173 -0.44653 -0.14967
v -0.16501 -0.43993 -0.15121
v -0.16256 -0.44020 -0.14450
v -0.16073 -0.44858 -0.14698
v -0.16214 -0.45356 -0.15564
v -0.11064 -0.45242 -0.18877
v -0.11286 -0.44971 -0.18578
v -0.11699 -0.45365 -0.18443
v -0.11532 -0.44693 -0.18229
v -0.11468 -0.45721 -0.18902
v -0.11747 -0.45855 -0.18642
v -0.11085 -0.44309 -0.18867
v -0.11387 -0.44209 -0.18714
v -0.11163 -0.43236 -0.18597
v -0.11399 -0.43104 -0.18349
v -0.11664 -0.44004 -0.18407
v -0.11014 -0.42465 -0.18443
v -0.11348 -0.45999 -0.18844
v -0.14061 -0.44203 -0.16496
v -0.13970 -0.44499 -0.16258
v -0.14662 -0.44687 -0.16354
v -0.17721 -0.45418 -0.14050
v -0.18079 -0.44861 -0.14109
v -0.18072 -0.45298 -0.13970
v -0.17691 -0.44996 -0.14252
v -0.17545 -0.45628 -0.13741
v -0.17272 -0.45493 -0.13852
v -0.17232 -0.45080 -0.14017
v -0.16537 -0.43660 -0.13335
v -0.16520 -0.42662 -0.12627
v -0.17124 -0.43454 -0.13433
v -0.16014 -0.42768 -0.12489
v -0.17010 -0.44433 -0.13946
v -0.17567 -0.44433 -0.14083
v -0.16219 -0.42110 -0.11886
v -0.15515 -0.42213 -0.11822
v -0.15650 -0.43055 -0.12701
v -0.16920 -0.42619 -0.12536
v -0.14896 -0.42100 -0.11815
v -0.17910 -0.44308 -0.13892
v -0.15987 -0.43494 -0.12784
v -0.15700 -0.43613 -0.12778
v -0.16224 -0.44176 -0.12961
v -0.15833 -0.44125 -0.12571
v -0.16815 -0.44889 -0.13597
v -0.13249 -0.44457 -0.17630
v -0.13588 -0.44715 -0.17136
v -0.13107 -0.44700 -0.17397
v -0.13364 -0.45149 -0.17089
v -0.13708 -0.44242 -0.17056
v -0.13720 -0.43785 -0.17348
v -0.14061 -0.44203 -0.16496
v -0.14036 -0.43469 -0.16649
v -0.13962 -0.42925 -0.17037
v -0.13760 -0.43030 -0.17328
v -0.13741 -0.42512 -0.17085
v -0.13548 -0.42714 -0.15858
v -0.13421 -0.43428 -0.15276
v -0.13041 -0.42002 -0.15121
v -0.13679 -0.42470 -0.16577
v -0.12981 -0.42291 -0.14330
v -0.13111 -0.43337 -0.14300
v -0.12845 -0.41351 -0.13744
v -0.13150 -0.43908 -0.14722
v -0.13211 -0.44188 -0.14296
v -0.13541 -0.43897 -0.15827
v -0.13970 -0.44499 -0.16258
v -0.12714 -0.41215 -0.14756
v -0.13190 -0.42025 -0.16120
v -0.13062 -0.42075 -0.13955
v -0.00621 -0.20270 0.02962
v -0.00630 -0.17699 0.02595
v -0.01444 -0.19789 0.02685
v 0.07533 -0.00682 0.10891
v 0.07770 -0.01150 0.09850
v 0.07440 0.00187 0.11502
v 0.06955 -0.03294 0.10502
v 0.06858 -0.02196 0.11605
v 0.06133 -0.04705 0.11528
v 0.06103 -0.05862 0.10547
v 0.06421 -0.06027 0.09174
v 0.05594 -0.07706 0.09979
v 0.05319 -0.09294 0.09092
v 0.04884 -0.08403 0.10708
v 0.03852 -0.10023 0.11031
v 0.04553 -0.07922 0.11255
v 0.04718 -0.09871 0.10176
v 0.03586 -0.12705 0.10390
v 0.05424 -0.06595 0.11292
v 0.05001 -0.06476 0.11826
v 0.05581 -0.04709 0.12236
v 0.06081 -0.03784 0.12078
v 0.06532 -0.02116 0.12085
v 0.04428 -0.11763 0.09222
v 0.03579 -0.13808 0.09906
v 0.03046 -0.15972 0.09273
v 0.02652 -0.16609 0.09820
v 0.01994 -0.19107 0.09507
v 0.06839 -0.00114 0.12151
v -0.02016 -0.45155 0.06562
v -0.01609 -0.44910 0.07660
v -0.01270 -0.44324 0.06515
v -0.00869 -0.43842 0.07234
v -0.00933 -0.43620 0.05971
v -0.01075 -0.44015 0.08438
v -0.01639 -0.44623 0.09029
v -0.02087 -0.45353 0.08346
v -0.01317 -0.43765 0.09479
v -0.01803 -0.44026 0.10312
v -0.02745 -0.45627 0.07583
v -0.02482 -0.45109 0.09568
v -0.03547 -0.45469 0.09711
v -0.03583 -0.44930 0.10600
v -0.02440 -0.44144 0.10956
v -0.03191 -0.44052 0.11493
v -0.02756 -0.45559 0.08707
v -0.01661 -0.36095 0.07643
v -0.02012 -0.34656 0.08988
v -0.01282 -0.33823 0.07768
v -0.01525 -0.32209 0.08830
v -0.00631 -0.30811 0.07709
v -0.02167 -0.37342 0.08474
v -0.00628 -0.29195 0.08723
v -0.00169 -0.31558 0.06770
v -0.01089 -0.36031 0.06852
v 0.00058 -0.29351 0.06544
v 0.00067 -0.27713 0.07340
v -0.01848 -0.37967 0.07167
v 0.00236 -0.31623 0.05727
v -0.02256 -0.38564 0.08671
v -0.01781 -0.39174 0.06819
v -0.01480 -0.30926 0.10315
v -0.00973 -0.28306 0.10566
v -0.01978 -0.32998 0.10514
v -0.01572 -0.29916 0.11370
v -0.01216 -0.27285 0.11507
v 0.00133 -0.26610 0.08436
v -0.02158 -0.32269 0.11339
v -0.02446 -0.34751 0.10766
v -0.00540 -0.25665 0.10826
v 0.00260 -0.25398 0.09407
v 0.00980 -0.23726 0.08444
v 0.00806 -0.23079 0.09764
v 0.01922 -0.20146 0.08630
v 0.02855 -0.16907 0.08400
v -0.02329 -0.36228 0.09802
v -0.02827 -0.36841 0.10839
v -0.02523 -0.38271 0.10171
v 0.00456 -0.25917 0.06563
v 0.00288 -0.28117 0.05346
v 0.00243 -0.29973 0.04948
v -0.02808 -0.38482 0.10895
v -0.01660 -0.37958 0.05808
v 0.00201 -0.33254 0.06122
v 0.00364 -0.32752 0.04902
v 0.00399 -0.34668 0.05288
v 0.00035 -0.35246 0.05943
v -0.00305 -0.33963 0.06696
v -0.00758 -0.36481 0.06013
v -0.01430 -0.37358 0.06256
v -0.02180 -0.40020 0.10358
v -0.02299 -0.40725 0.10980
v -0.01901 -0.39893 0.08849
v -0.01652 -0.41924 0.10314
v -0.02149 -0.42296 0.11252
v -0.01696 -0.43011 0.10473
v -0.01142 -0.42804 0.09119
v -0.01279 -0.41643 0.08795
v -0.00881 -0.42420 0.07724
v -0.00914 -0.43400 0.07964
v -0.00804 -0.43102 0.07073
v -0.00904 -0.43032 0.05829
v -0.02439 -0.43184 0.11332
v -0.01035 -0.41773 0.05927
v -0.01385 -0.40693 0.07271
v -0.01627 -0.39868 0.05318
v -0.01777 -0.38518 0.05057
v 0.01532 -0.17318 0.10875
v 0.01521 -0.15173 0.11430
v 0.02621 -0.15077 0.10579
v 0.00693 -0.17093 0.11519
v 0.00286 -0.18913 0.11410
v 0.00699 -0.19611 0.10963
v -0.00285 -0.21066 0.11421
v 0.00999 -0.21037 0.10283
v 0.02470 -0.13917 0.11109
v 0.02394 -0.12534 0.11499
v -0.00017 -0.23324 0.10775
v 0.02883 -0.09965 0.11699
v 0.03638 -0.08179 0.11652
v 0.01762 -0.18703 0.10175
v -0.00942 -0.23514 0.11653
v -0.00881 -0.25042 0.11469
v -0.01563 -0.26306 0.11755
v 0.02060 -0.11149 0.11929
v 0.04306 -0.06742 0.11918
v 0.01181 -0.13277 0.11965
v 0.00628 -0.15636 0.11789
v -0.01846 -0.28383 0.11717
v -0.02100 -0.30195 0.11665
v 0.06729 0.00918 0.12389
v 0.06839 -0.00114 0.12151
v 0.06098 -0.01284 0.12579
v 0.06532 -0.02116 0.12085
v 0.05789 -0.02979 0.12553
v 0.06081 -0.03784 0.12078
v 0.05581 -0.04709 0.12236
v -0.01396 -0.17528 0.11789
v -0.01995 -0.16362 0.11544
v -0.01172 -0.13888 0.11936
v -0.01674 -0.12853 0.11758
v -0.02073 -0.18936 0.11507
v -0.00861 -0.10390 0.12079
v -0.01731 -0.10287 0.11758
v -0.01682 -0.08181 0.11883
v -0.00514 -0.07888 0.12188
v -0.01694 -0.19573 0.11720
v -0.02182 -0.21218 0.11554
v -0.01588 -0.21199 0.11769
v -0.02004 -0.23589 0.11754
v -0.01323 -0.05394 0.12323
v -0.01530 -0.24376 0.11825
v -0.02083 -0.25872 0.11731
v -0.00858 -0.19031 0.11796
v 0.00109 -0.13001 0.12081
v -0.00312 -0.15296 0.11951
v 0.00130 -0.10252 0.12161
v -0.01097 -0.21714 0.11783
v -0.00320 -0.06242 0.12286
v 0.01263 -0.07995 0.12196
v 0.01070 -0.11140 0.12130
v -0.00147 -0.17668 0.11777
v 0.02162 -0.05610 0.12258
v -0.00678 -0.20063 0.11712
v 0.02491 -0.07531 0.12148
v 0.03632 -0.06273 0.12139
v 0.03301 -0.03904 0.12410
v 0.04693 -0.04910 0.12391
v 0.03996 -0.02596 0.12625
v 0.02649 -0.00710 0.12790
v 0.02376 -0.09050 0.12026
v 0.00583 -0.04486 0.12470
v 0.01675 -0.02735 0.12658
v 0.01181 -0.13277 0.11965
v 0.02060 -0.11149 0.11929
v 0.03826 -0.00844 0.12672
v 0.05056 -0.00980 0.12773
v 0.04168 0.00729 0.12761
v 0.04864 -0.02841 0.12742
v 0.06042 0.01191 0.12609
v -0.00477 -0.04303 0.12637
v 0.00628 -0.15636 0.11789
v -0.01022 -0.02778 0.12901
v 0.00229 -0.02209 0.13123
v 0.01496 -0.00342 0.13152
v -0.00366 -0.01316 0.13184
v 0.00660 -0.00506 0.13346
v 0.00188 0.00015 0.13285
v 0.04306 -0.06742 0.11918
v 0.05001 -0.06476 0.11826
v -0.00942 -0.23514 0.11653
v -0.01563 -0.26306 0.11755
v 0.03638 -0.08179 0.11652
v 0.02883 -0.09965 0.11699
v -0.00345 0.00635 0.13118
v -0.00740 -0.01019 0.13102
v 0.00693 -0.17093 0.11519
v 0.00286 -0.18913 0.11410
v -0.00285 -0.21066 0.11421
v 0.04553 -0.07922 0.11255
v -0.06149 -0.42190 0.11423
v -0.05229 -0.41173 0.11497
v -0.04926 -0.42203 0.11978
v -0.04031 -0.41311 0.11856
v -0.04279 -0.39373 0.11171
v -0.03605 -0.39149 0.11324
v -0.04197 -0.37945 0.10685
v -0.05529 -0.40111 0.10617
v -0.06761 -0.41990 0.10863
v -0.06038 -0.43326 0.11462
v -0.06990 -0.43002 0.10799
v -0.06804 -0.43999 0.10903
v -0.05985 -0.43980 0.11435
v -0.04931 -0.43191 0.11889
v -0.04988 -0.43993 0.11737
v -0.02100 -0.30195 0.11665
v -0.02858 -0.32364 0.11372
v -0.02700 -0.29479 0.11459
v -0.01846 -0.28383 0.11717
v -0.02083 -0.25872 0.11731
v -0.01563 -0.26306 0.11755
v -0.01530 -0.24376 0.11825
v -0.02158 -0.32269 0.11339
v -0.02802 -0.33589 0.11318
v -0.02446 -0.34751 0.10766
v -0.03006 -0.35616 0.11074
v -0.02827 -0.36841 0.10839
v -0.03135 -0.38380 0.11132
v -0.02808 -0.38482 0.10895
v -0.02654 -0.41038 0.11424
v -0.02299 -0.40725 0.10980
v -0.02149 -0.42296 0.11252
v -0.03542 -0.37074 0.10962
v -0.03190 -0.41256 0.11752
v -0.03455 -0.42253 0.12000
v -0.02732 -0.42206 0.11738
v -0.03192 -0.42936 0.11806
v -0.02439 -0.43184 0.11332
v -0.03191 -0.44052 0.11493
v -0.04112 -0.43178 0.11939
v -0.03960 -0.44130 0.11664
v -0.02440 -0.44144 0.10956
v -0.03472 -0.35282 0.10959
v 0.06314 0.01148 0.13016
v 0.05221 0.01304 0.13201
v 0.06018 -0.01038 0.13107
v 0.06467 -0.01389 0.12953
v 0.01066 0.00615 0.13841
v 0.03826 -0.00332 0.13172
v 0.04645 -0.01937 0.13204
v 0.05663 -0.02662 0.13099
v 0.02131 -0.00729 0.13402
v 0.00614 -0.01723 0.13652
v 0.02577 -0.03150 0.12945
v 0.01002 -0.03821 0.13016
v 0.01007 -0.06232 0.12712
v -0.00041 -0.03742 0.13255
v -0.00568 -0.06126 0.12805
v -0.02302 -0.42200 0.11988
v -0.02539 -0.41354 0.11988
v -0.03489 -0.42175 0.12473
v -0.03260 -0.39542 0.11873
v -0.02323 -0.39897 0.11430
v -0.03100 -0.37619 0.11502
v -0.02460 -0.38330 0.11192
v -0.01665 -0.41954 0.11366
v -0.02581 -0.43158 0.12003
v -0.03476 -0.43171 0.12334
v -0.01519 -0.43264 0.10958
v -0.01640 -0.40624 0.10720
v -0.02520 -0.44192 0.11702
v -0.01402 -0.44165 0.10574
v -0.01147 -0.42234 0.10523
v -0.00795 -0.43824 0.09354
v -0.02096 -0.38618 0.10505
v -0.00587 -0.42533 0.08742
v -0.01392 -0.40364 0.09602
v -0.00427 -0.43536 0.07824
v -0.00576 -0.44151 0.08334
v -0.00383 -0.42386 0.07616
v -0.00868 -0.41003 0.07964
v -0.01675 -0.38883 0.08505
v -0.01068 -0.40008 0.06221
v -0.00586 -0.41744 0.05614
v -0.01301 -0.40241 0.04068
v -0.03951 -0.44253 0.12149
v -0.02550 -0.36097 0.11333
v -0.01735 -0.32972 0.11429
v -0.02506 -0.33854 0.11692
v -0.01695 -0.31046 0.11870
v 0.02225 -0.17092 0.10939
v 0.03023 -0.13976 0.11234
v 0.01908 -0.14823 0.11841
v 0.01156 -0.16377 0.11955
v 0.02511 -0.12541 0.11984
v 0.00795 -0.18820 0.11644
v 0.01493 -0.20145 0.10721
v 0.03541 -0.11985 0.11337
v 0.03459 -0.10018 0.11880
v 0.04583 -0.10227 0.10918
v 0.00229 -0.20690 0.11662
v 0.00406 -0.22450 0.11236
v -0.00681 -0.22898 0.12084
v 0.04682 -0.08829 0.11394
v 0.03986 -0.08251 0.11987
v 0.05574 -0.08111 0.10786
v 0.04358 -0.12197 0.10379
v 0.03449 -0.14871 0.10402
v 0.01069 -0.22880 0.10353
v 0.05148 -0.09956 0.10357
v -0.00083 -0.25136 0.11143
v -0.00593 -0.24556 0.11903
v 0.02096 -0.19228 0.10299
v 0.01751 -0.21202 0.09931
v 0.02883 -0.17409 0.09918
v -0.00860 -0.26545 0.11875
v 0.00657 -0.24683 0.10213
v -0.00101 -0.26937 0.10489
v 0.05212 -0.07198 0.11878
v 0.06272 -0.05914 0.11386
v 0.03892 -0.14471 0.09878
v 0.05927 -0.05456 0.12222
v 0.05405 -0.05769 0.12575
v 0.05874 -0.04747 0.12659
v 0.01378 -0.23020 0.09733
v -0.01074 -0.28299 0.11836
v -0.01048 -0.29590 0.11532
v 0.02469 -0.19469 0.09262
v 0.05708 -0.09110 0.09708
v 0.06590 -0.06327 0.10119
v 0.00945 -0.25061 0.09249
v 0.01945 -0.21648 0.09013
v 0.00323 -0.27942 0.08302
v -0.00314 -0.28802 0.09667
v 0.00002 -0.30552 0.07647
v -0.00713 -0.30745 0.09133
v -0.01189 -0.32746 0.08904
v -0.00044 -0.32227 0.07341
v -0.01218 -0.35067 0.08133
v 0.00598 -0.32213 0.06358
v 0.00702 -0.33937 0.06096
v -0.00243 -0.34648 0.07172
v -0.00520 -0.36321 0.06768
v -0.01323 -0.37353 0.07396
v 0.00583 -0.34927 0.06243
v 0.00433 -0.35618 0.05845
v -0.00485 -0.36876 0.06139
v -0.01614 -0.36105 0.08643
v -0.01611 -0.34087 0.09704
v -0.01146 -0.37819 0.06461
v 0.00424 -0.29776 0.06809
v -0.01076 -0.30802 0.10914
v -0.01765 -0.38004 0.08482
v -0.01341 -0.38394 0.06714
v -0.01451 -0.32755 0.10465
v -0.02184 -0.35677 0.10981
v -0.02195 -0.37500 0.10609
v -0.01950 -0.37174 0.09866
v -0.00999 -0.37661 0.05555
v -0.01304 -0.38772 0.05139
v -0.01860 -0.28918 0.12209
v -0.01657 -0.27191 0.12208
v -0.01541 -0.24829 0.12279
v -0.01116 -0.22323 0.12259
v -0.00578 -0.20235 0.12156
v 0.00228 -0.17850 0.12129
v 0.00514 -0.15966 0.12266
v 0.01589 -0.13238 0.12319
v 0.02522 -0.09220 0.12446
v -0.00716 -0.18718 0.12270
v 0.01057 -0.12024 0.12551
v 0.00358 -0.14535 0.12442
v 0.01774 -0.08400 0.12632
v 0.03874 -0.07369 0.12272
v 0.03303 -0.06386 0.12610
v -0.01298 -0.20676 0.12246
v -0.01002 -0.17116 0.12309
v 0.04637 -0.06933 0.12309
v 0.04515 -0.05985 0.12628
v 0.04947 -0.04497 0.12945
v 0.06157 -0.03467 0.12814
v 0.05663 -0.02662 0.13099
v 0.04645 -0.01937 0.13204
v 0.06467 -0.01389 0.12953
v 0.06958 0.00773 0.12802
v 0.07557 0.00817 0.12197
v 0.06789 -0.01635 0.12600
v 0.08202 0.01355 0.11490
v 0.07369 -0.01352 0.12010
v 0.06717 -0.03932 0.11937
v 0.07448 -0.02221 0.11416
v 0.08072 -0.00838 0.10707
v 0.08719 0.00866 0.09936
v 0.07749 -0.02509 0.10389
v 0.07098 -0.04203 0.10786
v 0.08415 -0.01158 0.08926
v 0.07242 -0.05179 0.08776
v 0.07820 -0.03113 0.09097
v 0.06041 -0.08823 0.08871
v 0.04814 -0.12048 0.09261
v 0.05254 -0.11215 0.08532
v 0.03822 -0.15176 0.09038
v 0.02955 -0.18190 0.08516
v 0.02176 -0.21062 0.07827
v 0.01407 -0.23956 0.08302
v 0.00866 -0.25952 0.07937
v 0.00793 -0.26740 0.06573
v -0.01001 -0.28828 0.01775
v -0.01870 -0.30172 0.01054
v -0.02059 -0.27399 0.01650
v -0.00912 -0.26573 0.02158
v -0.01650 -0.25252 0.02010
v -0.00705 -0.23445 0.02475
v -0.01445 -0.22990 0.02217
v -0.00958 -0.21598 0.02375
v -0.00259 -0.20817 0.02688
v -0.01660 -0.21552 0.02242
v -0.00981 -0.19517 0.02239
v -0.00851 -0.31202 0.01506
v -0.02988 -0.29307 0.01099
v -0.02331 -0.24526 0.02056
v -0.02874 -0.27004 0.01665
v -0.01797 -0.20098 0.02251
v -0.01479 -0.17147 0.02063
v -0.00417 -0.16350 0.02012
v -0.00998 -0.15658 0.01908
v -0.00654 -0.13283 0.01659
v -0.00042 -0.14684 0.01902
v 0.00235 -0.12004 0.01502
v -0.02526 -0.23126 0.02244
v -0.00834 -0.11620 0.01497
v -0.02351 -0.20992 0.02314
v -0.02043 -0.18384 0.02235
v -0.01239 -0.13501 0.01773
v -0.01669 -0.15243 0.02035
v 0.00024 -0.10701 0.01206
v 0.00895 -0.09809 0.01203
v 0.00122 -0.09304 0.00976
v -0.03476 -0.24465 0.02384
v -0.03715 -0.28298 0.01450
v 0.01246 -0.07741 0.00790
v -0.04011 -0.26786 0.01980
v 0.00519 -0.07499 0.00610
v 0.01616 -0.04974 0.00198
v 0.00881 -0.04818 0.00042
v 0.01834 -0.03022 -0.00242
v 0.00209 -0.05845 0.00264
v 0.00468 -0.03731 -0.00185
v 0.01205 -0.01604 -0.00616
v 0.02264 -0.00447 -0.00736
v 0.01534 0.00651 -0.01039
v -0.02981 -0.21569 0.02599
v -0.04842 -0.28363 0.01733
v -0.03188 -0.30654 0.00476
v -0.02809 -0.32158 -0.00040
v -0.03891 -0.31631 -0.00319
v -0.02194 -0.32660 0.00223
v -0.00851 -0.31202 0.01506
v -0.02194 -0.32660 0.00223
v -0.01870 -0.30172 0.01054
v -0.02194 -0.32660 0.00223
v -0.02582 -0.33963 -0.00529
v -0.03576 -0.32603 -0.00792
v -0.02809 -0.32158 -0.00040
v -0.03891 -0.31631 -0.00319
v -0.02839 -0.45165 0.10697
v -0.03918 -0.44771 0.11628
v -0.04168 -0.45793 0.10358
v -0.02520 -0.44192 0.11702
v -0.03951 -0.44253 0.12149
v -0.02907 -0.45929 0.09429
v -0.01844 -0.44704 0.10499
v -0.02076 -0.45794 0.08853
v -0.01402 -0.44165 0.10574
v -0.01212 -0.44779 0.09125
v -0.01461 -0.45480 0.07656
v -0.02326 -0.45979 0.07837
v -0.00786 -0.44634 0.07670
v -0.00576 -0.44151 0.08334
v -0.00795 -0.43824 0.09354
v -0.01742 -0.45585 0.06684
v -0.03020 -0.46047 0.06673
v -0.02359 -0.45208 0.05053
v -0.01380 -0.44819 0.05384
v -0.04136 -0.45585 0.04966
v -0.04311 -0.44786 0.03207
v -0.05865 -0.44851 0.02578
v -0.03359 -0.44100 0.02743
v -0.01867 -0.44087 0.04044
v -0.06159 -0.46824 -0.09579
v -0.05935 -0.46429 -0.08621
v -0.06835 -0.46360 -0.08097
v -0.06038 -0.45605 -0.06829
v -0.07316 -0.45423 -0.05765
v -0.06200 -0.44850 -0.05176
v -0.05209 -0.46649 -0.09942
v -0.07145 -0.44851 -0.04061
v -0.05808 -0.44237 -0.03749
v -0.05047 -0.45827 -0.08303
v -0.06022 -0.47000 -0.10754
v -0.05105 -0.46777 -0.11150
v -0.04997 -0.44472 -0.06053
v -0.05018 -0.43857 -0.04572
v -0.04526 -0.46262 -0.10213
v -0.04463 -0.45194 -0.08079
v -0.03939 -0.45591 -0.09976
v -0.06472 -0.44389 -0.02560
v -0.04894 -0.43572 -0.02804
v -0.08211 -0.44924 -0.02302
v -0.03950 -0.45896 -0.11045
v -0.04410 -0.46262 -0.11737
v -0.05826 -0.44143 -0.00982
v -0.07237 -0.44673 -0.00037
v -0.04751 -0.43605 -0.00022
v -0.05468 -0.44257 0.01157
v -0.03672 -0.43330 0.01342
v -0.08862 -0.45279 -0.04516
v 0.08985 0.00525 0.06307
v 0.08306 -0.00633 0.05266
v 0.08328 -0.01744 0.06307
v 0.07625 -0.02756 0.05259
v 0.07136 -0.04836 0.05746
v 0.07813 -0.03438 0.06709
v 0.07182 -0.05330 0.06753
v 0.06418 -0.07094 0.05900
v 0.06621 -0.07115 0.07168
v 0.05913 -0.09102 0.06834
v 0.05604 -0.08806 0.05585
v 0.05071 -0.10689 0.05840
v 0.05340 -0.10842 0.07203
v 0.04090 -0.13640 0.06124
v 0.04534 -0.13095 0.07898
v 0.03732 -0.15429 0.07816
v 0.02993 -0.17341 0.06330
v 0.02955 -0.18190 0.08516
v 0.03172 -0.15355 0.04923
v 0.02521 -0.18345 0.05142
v 0.02395 -0.19582 0.06407
v 0.01786 -0.21193 0.05305
v 0.02176 -0.21062 0.07827
v 0.08285 0.00454 0.04461
v 0.01532 -0.23092 0.06555
v 0.01029 -0.23634 0.04568
v 0.06083 -0.08904 0.07943
v 0.08262 -0.02112 0.07155
v 0.01407 -0.23956 0.08302
v 0.07572 -0.04290 0.07714
v 0.05254 -0.11215 0.08532
v 0.08913 0.00221 0.07279
v 0.06041 -0.08823 0.08871
v 0.01048 -0.25143 0.06566
v 0.01065 -0.24527 0.05138
v 0.00539 -0.25039 0.03778
v 0.00866 -0.25952 0.07937
v 0.03822 -0.15176 0.09038
v 0.07242 -0.05179 0.08776
v 0.00790 -0.26256 0.04702
v 0.00793 -0.26740 0.06573
v 0.04814 -0.12048 0.09261
v 0.00913 -0.22195 0.04024
v 0.00415 -0.28209 0.03560
v 0.00744 -0.28254 0.05000
v 0.08415 -0.01158 0.08926
v 0.07820 -0.03113 0.09097
v 0.00693 -0.31051 0.04228
v 0.00463 -0.30916 0.03366
v 0.00685 -0.33445 0.03651
v 0.00875 -0.33544 0.04909
v 0.00827 -0.34693 0.04766
v 0.00544 -0.34987 0.03799
v 0.00225 -0.36018 0.04587
v -0.00084 -0.35721 0.03113
v 0.00257 -0.34124 0.02748
v 0.00433 -0.35618 0.05845
v -0.00357 -0.34974 0.02245
v -0.00795 -0.36764 0.03276
v 0.00583 -0.34927 0.06243
v 0.00607 -0.28204 0.06719
v 0.00699 -0.31065 0.05627
v -0.00509 -0.36937 0.04823
v -0.01246 -0.37681 0.03702
v -0.01403 -0.36568 0.01676
v -0.01001 -0.36261 0.02313
v -0.01642 -0.37729 0.00799
v -0.01703 -0.39213 0.02107
v -0.01428 -0.38811 0.03762
v -0.00999 -0.37661 0.05555
v -0.01304 -0.38772 0.05139
v -0.01906 -0.39304 0.00185
v -0.02286 -0.40944 0.01308
v -0.02488 -0.40688 -0.00002
v -0.02812 -0.42109 0.01219
v -0.02731 -0.40652 -0.02062
v -0.02455 -0.39625 -0.02406
v -0.03293 -0.41184 -0.03690
v -0.01947 -0.38092 -0.01258
v -0.03648 -0.42262 -0.02595
v -0.03969 -0.42315 -0.04828
v -0.03484 -0.40811 -0.04687
v -0.02697 -0.39056 -0.03205
v -0.03950 -0.42069 -0.05699
v -0.04161 -0.43153 -0.06268
v -0.03901 -0.40875 -0.05963
v -0.01641 -0.36536 0.00548
v -0.01369 -0.35465 0.01161
v -0.01656 -0.40827 0.02706
v -0.02025 -0.41974 0.02404
v -0.03793 -0.42499 -0.01158
v -0.03738 -0.42627 0.00036
v -0.03543 -0.39440 -0.05058
v -0.04117 -0.39981 -0.06741
v -0.03856 -0.42772 -0.07725
v -0.04295 -0.42961 -0.03788
v -0.04542 -0.43521 -0.05308
v -0.00485 -0.36876 0.06139
v -0.01301 -0.40241 0.04068
v -0.01146 -0.37819 0.06461
v -0.01023 -0.42016 0.04195
v 0.00702 -0.33937 0.06096
v -0.02646 -0.43087 0.02314
v -0.01243 -0.43217 0.04123
v -0.00472 -0.43052 0.05584
v -0.00676 -0.43974 0.05576
v -0.00424 -0.43948 0.06795
v -0.00367 -0.43042 0.06608
v -0.00953 -0.44717 0.06623
v -0.00786 -0.44634 0.07670
v -0.00576 -0.44151 0.08334
v -0.00427 -0.43536 0.07824
v -0.00383 -0.42386 0.07616
v -0.03672 -0.43330 0.01342
v -0.01068 -0.40008 0.06221
v -0.00586 -0.41744 0.05614
v -0.01461 -0.45480 0.07656
v -0.03982 -0.43860 -0.07692
v -0.04997 -0.44472 -0.06053
v 0.00323 -0.27942 0.08302
v 0.00424 -0.29776 0.06809
v 0.00598 -0.32213 0.06358
v -0.01742 -0.45585 0.06684
v -0.01380 -0.44819 0.05384
v -0.01867 -0.44087 0.04044
v -0.04894 -0.43572 -0.02804
v -0.04751 -0.43605 -0.00022
v -0.05018 -0.43857 -0.04572
v -0.01341 -0.38394 0.06714
v -0.03362 -0.43502 -0.09585
v -0.03538 -0.44657 -0.09558
v -0.03263 -0.44644 -0.10803
v -0.03141 -0.43729 -0.11039
v -0.03351 -0.44586 -0.12294
v -0.03646 -0.45382 -0.11764
v -0.03950 -0.45896 -0.11045
v -0.03382 -0.43751 -0.12522
v -0.03217 -0.43298 -0.11913
v -0.03984 -0.45449 -0.12625
v -0.03897 -0.44664 -0.13309
v -0.03939 -0.45591 -0.09976
v -0.04410 -0.46262 -0.11737
v -0.04463 -0.45194 -0.08079
v -0.04792 -0.46008 -0.13066
v -0.01074 -0.34205 0.01181
v -0.04911 -0.44845 -0.14237
v -0.03359 -0.44100 0.02743
v -0.01952 -0.34088 0.00237
v -0.04205 -0.43885 -0.13879
v -0.05176 -0.43299 -0.15277
v -0.05542 -0.44570 -0.14929
v -0.05571 -0.43737 -0.16081
v -0.05406 -0.42813 -0.16757
v -0.05676 -0.44135 -0.17299
v -0.05729 -0.43601 -0.18287
v -0.06066 -0.44842 -0.18702
v -0.06116 -0.45379 -0.17930
v -0.06497 -0.45792 -0.18900
v -0.04922 -0.41937 -0.14716
v -0.06786 -0.46419 -0.18321
v -0.05722 -0.42660 -0.18141
v -0.06733 -0.44764 -0.19893
v -0.06991 -0.45758 -0.19684
v -0.07318 -0.46660 -0.19059
v -0.06250 -0.44567 -0.16343
v -0.06233 -0.44696 -0.15502
v -0.06399 -0.45100 -0.16949
v -0.07438 -0.45439 -0.20253
v -0.07670 -0.45257 -0.20896
v -0.08030 -0.44910 -0.21672
v -0.08490 -0.45847 -0.21664
v -0.07198 -0.44047 -0.20855
v -0.09224 -0.45900 -0.22390
v -0.09624 -0.46759 -0.22458
v -0.05963 -0.45434 -0.14511
v -0.07258 -0.45278 -0.15940
v -0.06970 -0.45528 -0.14904
v -0.06929 -0.46048 -0.17724
v -0.07507 -0.46209 -0.19631
v 0.00060 -0.18036 0.02437
v -0.00981 -0.19517 0.02239
v -0.00417 -0.16350 0.02012
v -0.00259 -0.20817 0.02688
v -0.00042 -0.14684 0.01902
v 0.00734 -0.15834 0.02468
v 0.00707 -0.13716 0.02047
v 0.00235 -0.12004 0.01502
v 0.01091 -0.11591 0.01788
v 0.00895 -0.09809 0.01203
v 0.01471 -0.09345 0.01412
v 0.01246 -0.07741 0.00790
v 0.02047 -0.06089 0.00824
v 0.03337 -0.00097 -0.00142
v 0.02264 -0.00447 -0.00736
v 0.02894 -0.02241 0.00222
v 0.01834 -0.03022 -0.00242
v 0.02669 -0.04233 0.00683
v 0.01616 -0.04974 0.00198
v 0.01659 -0.13585 0.02740
v 0.02114 -0.10970 0.02460
v 0.02350 -0.07995 0.01744
v 0.01411 -0.17360 0.03412
v 0.00451 -0.20282 0.03203
v 0.02520 -0.15383 0.04059
v 0.03202 -0.12372 0.03955
v 0.03496 -0.09613 0.03446
v 0.03354 -0.05893 0.02121
v 0.04640 -0.09664 0.04644
v 0.03532 -0.07695 0.02912
v 0.05271 -0.07410 0.04437
v 0.04612 -0.05100 0.03171
v 0.06114 -0.05664 0.04558
v 0.06934 -0.03411 0.04468
v 0.03805 -0.03507 0.01712
v 0.04289 -0.01197 0.01354
v 0.05161 -0.01199 0.02405
v 0.05822 -0.02824 0.03480
v 0.05100 0.01423 0.01297
v 0.06375 0.00678 0.02912
v 0.01877 -0.18976 0.04443
v 0.04198 -0.11975 0.05082
v 0.07301 -0.00284 0.03873
v 0.07555 -0.01790 0.04455
v 0.06706 -0.05161 0.05144
v -0.00401 0.01061 0.13525
v 0.00061 -0.00221 0.13727
v 0.01066 0.00615 0.13841
v -0.01079 -0.01794 0.13480
v -0.00410 -0.02265 0.13553
v 0.00614 -0.01723 0.13652
v -0.01238 -0.03916 0.13118
v 0.03303 -0.06386 0.12610
v 0.03744 -0.04495 0.12839
v 0.01007 -0.06232 0.12712
v 0.04515 -0.05985 0.12628
v 0.02577 -0.03150 0.12945
v 0.01774 -0.08400 0.12632
v -0.00583 -0.08776 0.12612
v -0.00568 -0.06126 0.12805
v 0.01002 -0.03821 0.13016
v 0.00365 -0.10721 0.12617
v 0.01057 -0.12024 0.12551
v -0.00273 -0.13010 0.12528
v 0.00358 -0.14535 0.12442
v -0.01048 -0.14581 0.12405
v -0.01002 -0.17116 0.12309
v -0.00986 -0.11437 0.12498
v -0.01540 -0.16793 0.12273
v -0.01768 -0.18679 0.12196
v -0.00716 -0.18718 0.12270
v -0.01298 -0.20676 0.12246
v 0.04645 -0.01937 0.13204
v 0.03826 -0.00332 0.13172
v 0.05221 0.01304 0.13201
v 0.04947 -0.04497 0.12945
v -0.01479 -0.06808 0.12599
v -0.01767 -0.09893 0.12315
v -0.01685 -0.12271 0.12266
v -0.01238 -0.03916 0.13118
v -0.00041 -0.03742 0.13255
v -0.02147 -0.20745 0.12080
v -0.00410 -0.02265 0.13553
v 0.00614 -0.01723 0.13652
v -0.01972 -0.22489 0.12210
v -0.01116 -0.22323 0.12259
v -0.01541 -0.24829 0.12279
v -0.00578 -0.20235 0.12156
v -0.02481 -0.24469 0.12024
v -0.01657 -0.27191 0.12208
v -0.02567 -0.28082 0.12052
v -0.01860 -0.28918 0.12209
v -0.02549 -0.31672 0.11981
v -0.01695 -0.31046 0.11870
v -0.02506 -0.33854 0.11692
v -0.03222 -0.33810 0.11673
v -0.02550 -0.36097 0.11333
v -0.03268 -0.36487 0.11511
v -0.03100 -0.37619 0.11502
v -0.03854 -0.38082 0.11501
v -0.03260 -0.39542 0.11873
v -0.04488 -0.40308 0.11969
v -0.02039 -0.14753 0.12078
v -0.03037 -0.30946 0.11838
v -0.04271 -0.41844 0.12471
v -0.03489 -0.42175 0.12473
v -0.04880 -0.43401 0.12316
v -0.05548 -0.42215 0.12279
v -0.03476 -0.43171 0.12334
v -0.03951 -0.44253 0.12149
v -0.05449 -0.44187 0.12085
v -0.05994 -0.43268 0.12016
v -0.06584 -0.44239 0.11592
v -0.02460 -0.38330 0.11192
v -0.06497 -0.41992 0.11685
v -0.07355 -0.43176 0.11071
v -0.07571 -0.42317 0.10888
v -0.07288 -0.44217 0.11046
v -0.00208 -0.13782 0.02192
v 0.00445 -0.12609 0.02205
v 0.00049 -0.11190 0.01783
v 0.00869 -0.10547 0.01939
v 0.00184 -0.15966 0.02689
v 0.00639 -0.09312 0.01511
v 0.01339 -0.08290 0.01586
v 0.00703 -0.07765 0.01165
v 0.01833 -0.05889 0.01190
v 0.01100 -0.12568 0.02628
v 0.01218 -0.06117 0.00872
v 0.01477 -0.04239 0.00452
v 0.02390 -0.03468 0.00828
v 0.01920 -0.02241 0.00096
v 0.02987 -0.00816 0.00429
v 0.02143 -0.00327 -0.00310
v 0.06335 -0.04204 0.04851
v 0.07259 -0.02778 0.05670
v 0.07048 -0.02240 0.04778
v 0.06412 -0.04853 0.05411
v 0.06714 -0.05054 0.06349
v 0.07958 -0.00538 0.05632
v 0.07823 0.00116 0.04817
v 0.05616 -0.07871 0.05989
v 0.08418 0.00150 0.06397
v 0.07909 -0.01629 0.06520
v 0.07323 -0.03500 0.06939
v 0.05493 -0.06007 0.04787
v 0.04580 -0.08538 0.04826
v 0.04860 -0.09348 0.05624
v 0.03830 -0.10828 0.04861
v 0.04124 -0.12035 0.06069
v 0.02980 -0.14167 0.05024
v 0.02270 -0.12995 0.03816
v 0.02039 -0.15957 0.04382
v 0.02255 -0.17540 0.05331
v 0.00992 -0.19173 0.04176
v 0.01316 -0.20465 0.05024
v 0.00298 -0.21393 0.03914
v 0.02105 -0.10328 0.02913
v 0.03577 -0.07838 0.03653
v 0.02234 -0.07111 0.02009
v 0.03914 -0.04736 0.03055
v 0.03028 -0.04617 0.01963
v 0.03512 -0.02269 0.01589
v 0.04498 -0.02004 0.02680
v 0.04677 0.00470 0.01923
v 0.05408 -0.00144 0.02949
v 0.00986 -0.16036 0.03333
v -0.00005 -0.18738 0.03108
v -0.00621 -0.20270 0.02962
v 0.06805 -0.00021 0.04027
v 0.05507 -0.03388 0.04002
v 0.00366 -0.23200 0.04202
v -0.00135 -0.22699 0.03532
v -0.00136 -0.24509 0.03552
v 0.00241 -0.25332 0.04228
v -0.00720 -0.25098 0.02952
v 0.04948 -0.10249 0.06515
v -0.00172 -0.26722 0.03484
v -0.00954 -0.22836 0.02901
v 0.03419 -0.13933 0.05893
v 0.02769 -0.15973 0.05762
v -0.00532 -0.27974 0.02893
v -0.00255 -0.28978 0.03212
v -0.00734 -0.30920 0.02306
v -0.00310 -0.31025 0.02899
v -0.00343 -0.33048 0.02621
v -0.01334 -0.33174 0.01514
v -0.00432 -0.34556 0.02746
v -0.01431 -0.34482 0.01547
v -0.02257 -0.32795 0.00749
v -0.01738 -0.30952 0.01436
v -0.02617 -0.34456 0.00008
v -0.02091 -0.35158 0.00768
v -0.01213 -0.28489 0.02258
v -0.01257 -0.26291 0.02534
v -0.02480 -0.36141 -0.00631
v -0.03086 -0.35425 -0.01565
v -0.03233 -0.37942 -0.03127
v -0.04107 -0.36976 -0.04244
v -0.04302 -0.38723 -0.05431
v -0.04269 -0.40741 -0.05662
v -0.04805 -0.38121 -0.06124
v -0.04628 -0.39972 -0.06852
v -0.04075 -0.34922 -0.02646
v -0.00630 -0.17699 0.02595
v -0.03559 -0.33921 -0.01058
v -0.03433 -0.32880 -0.00200
v -0.05161 -0.36732 -0.05396
v -0.05395 -0.38171 -0.07238
v -0.04921 -0.39867 -0.08119
v -0.05404 -0.39477 -0.09137
v -0.04855 -0.40689 -0.09815
v -0.05404 -0.40456 -0.11556
v -0.04265 -0.42222 -0.11757
v -0.05532 -0.41049 -0.13894
v -0.04567 -0.42399 -0.13100
v -0.03683 -0.43713 -0.11982
v -0.04086 -0.43828 -0.12957
v -0.04971 -0.42739 -0.14097
v -0.05860 -0.41719 -0.15727
v -0.05611 -0.42514 -0.15457
v -0.05931 -0.42494 -0.16893
v -0.06388 -0.42127 -0.17978
v -0.06117 -0.43359 -0.18036
v -0.06425 -0.43189 -0.18602
v -0.06550 -0.44547 -0.18783
v -0.06890 -0.44122 -0.19383
v -0.06996 -0.45188 -0.19362
v -0.07057 -0.43066 -0.19205
v -0.07127 -0.42019 -0.18666
v -0.07759 -0.44851 -0.19442
v -0.08514 -0.44553 -0.19362
v -0.08420 -0.45374 -0.19112
v -0.07500 -0.43806 -0.19660
v -0.08530 -0.43686 -0.19479
v -0.09158 -0.44345 -0.19224
v -0.07192 -0.44835 -0.19617
v -0.07542 -0.45375 -0.19540
v -0.08068 -0.45650 -0.19337
v -0.07727 -0.42893 -0.19407
v -0.08326 -0.42913 -0.19364
v -0.07602 -0.45943 -0.19219
v -0.08841 -0.43462 -0.19217
v -0.08114 -0.46088 -0.19027
v -0.07735 -0.46321 -0.18857
v -0.08826 -0.44872 -0.18827
v -0.06996 -0.45188 -0.19362
v -0.06890 -0.44122 -0.19383
v -0.07057 -0.43066 -0.19205
v -0.07023 -0.45794 -0.18857
v -0.07294 -0.46211 -0.18531
v -0.02526 -0.00105 0.10729
v -0.01981 -0.00292 0.12292
v -0.02530 -0.01622 0.11604
v -0.02943 -0.02461 0.10449
v -0.02570 -0.03671 0.11926
v -0.03027 -0.04594 0.10470
v -0.02305 -0.02163 0.12382
v -0.02612 -0.06142 0.11776
v -0.03215 -0.06777 0.10288
v -0.03284 -0.08511 0.10475
v -0.02728 -0.09543 0.11547
v -0.03215 -0.10623 0.10762
v -0.03767 -0.12294 0.09444
v -0.03483 -0.12554 0.10351
v -0.03488 -0.14520 0.10292
v -0.04003 -0.15215 0.09137
v -0.03830 -0.16593 0.09663
v -0.04433 -0.17339 0.08478
v -0.04328 -0.19708 0.09256
v -0.04748 -0.20080 0.08512
v -0.04723 -0.22583 0.09058
v -0.05251 -0.23414 0.08106
v -0.05619 -0.26111 0.08299
v -0.03546 -0.20254 0.10555
v -0.02786 -0.16178 0.11385
v -0.02887 -0.12205 0.11293
v -0.02662 -0.13853 0.11544
v -0.03835 -0.23939 0.10468
v -0.04272 -0.26282 0.10083
v -0.05922 -0.27861 0.08408
v -0.06532 -0.28776 0.07662
v -0.06326 -0.30011 0.08685
v -0.07132 -0.30727 0.07687
v -0.07557 -0.32648 0.08029
v -0.08064 -0.32571 0.06683
v -0.08326 -0.33826 0.07414
v -0.08053 -0.34258 0.07991
v -0.08409 -0.35424 0.07355
v -0.08615 -0.35240 0.06575
v -0.08557 -0.34159 0.05883
v -0.08703 -0.35369 0.04777
v -0.08554 -0.33844 0.03994
v -0.09214 -0.35794 0.02481
v -0.08747 -0.37168 0.05375
v -0.09112 -0.37255 0.03980
v -0.10032 -0.38276 0.01884
v -0.10199 -0.37134 0.00473
v -0.08999 -0.38883 0.04664
v -0.08554 -0.37044 0.06432
v -0.10900 -0.39537 0.00638
v -0.11431 -0.38992 -0.01051
v -0.09858 -0.40521 0.03187
v -0.08796 -0.40022 0.05713
v -0.08327 -0.38525 0.06685
v -0.08209 -0.39412 0.07343
v -0.08592 -0.40899 0.07341
v -0.09103 -0.41924 0.06265
v -0.08728 -0.41932 0.08248
v -0.08860 -0.42868 0.08144
v -0.09156 -0.43526 0.06603
v -0.09662 -0.42003 0.04239
v -0.10621 -0.42617 0.02107
v -0.09419 -0.42901 0.05206
v -0.08303 -0.42115 0.09624
v -0.09881 -0.42859 0.03729
v -0.08069 -0.40540 0.08431
v -0.08737 -0.44069 0.08298
v -0.08337 -0.43056 0.09672
v -0.08228 -0.44151 0.09776
v -0.12120 -0.40842 -0.01006
v -0.12869 -0.40465 -0.03246
v -0.13753 -0.41912 -0.03807
v -0.11286 -0.41658 0.00847
v -0.14428 -0.41621 -0.05467
v -0.14875 -0.42906 -0.05243
v -0.12879 -0.42487 -0.01834
v -0.13695 -0.43418 -0.03416
v -0.15551 -0.43343 -0.06142
v -0.15730 -0.42514 -0.07118
v -0.16057 -0.43501 -0.07271
v -0.16440 -0.42280 -0.09207
v -0.16888 -0.43378 -0.09283
v -0.17348 -0.42877 -0.10814
v -0.17871 -0.43652 -0.11869
v -0.17448 -0.44043 -0.10670
v -0.17957 -0.44689 -0.12361
v -0.07753 -0.38901 0.07786
v -0.07853 -0.37363 0.07462
v -0.16496 -0.44283 -0.08537
v -0.12387 -0.43220 -0.01000
v -0.07571 -0.42317 0.10888
v -0.07503 -0.40790 0.09631
v -0.07070 -0.41425 0.10830
v -0.06528 -0.39441 0.09639
v -0.06432 -0.37831 0.08917
v -0.18427 -0.44699 -0.13255
v -0.18397 -0.44035 -0.13275
v -0.18605 -0.45061 -0.14053
v -0.14694 -0.43506 -0.05057
v -0.02822 -0.21902 0.11627
v -0.06960 -0.32979 0.08835
v -0.02403 -0.18543 0.11835
v -0.01386 -0.00448 0.13032
v -0.01940 -0.02760 0.12747
v -0.07288 -0.44217 0.11046
v -0.07355 -0.43176 0.11071
v -0.03039 -0.26360 0.11599
v -0.03871 -0.28725 0.10743
v -0.03175 -0.29196 0.11687
v -0.03784 -0.32722 0.11190
v -0.04538 -0.31413 0.10129
v -0.04722 -0.33799 0.10201
v -0.05058 -0.35950 0.10084
v -0.05095 -0.27896 0.09340
v -0.04948 -0.29596 0.09637
v -0.07812 -0.35752 0.08140
v -0.07405 -0.34718 0.08793
v -0.05117 -0.38470 0.10645
v -0.04865 -0.37289 0.10476
v -0.05234 -0.39805 0.11372
v -0.02481 -0.24469 0.12024
v -0.04048 -0.35852 0.11129
v -0.04130 -0.37310 0.11193
v -0.01878 -0.04443 0.12625
v -0.02322 -0.11859 0.11872
v -0.01079 -0.01794 0.13480
v -0.02039 -0.14753 0.12078
v -0.06497 -0.41992 0.11685
v -0.05502 -0.34389 0.09559
v -0.05454 -0.31896 0.09396
v -0.00401 0.01061 0.13525
v -0.03854 -0.38082 0.11501
v -0.03037 -0.30946 0.11838
v -0.06122 -0.36142 0.09205
v -0.02138 -0.08138 0.12132
v -0.02567 -0.28082 0.12052
v -0.07040 -0.36874 0.08533
v -0.03222 -0.33810 0.11673
v -0.01767 -0.09893 0.12315
v -0.07076 -0.35891 0.08816
v -0.06541 -0.34555 0.09102
v -0.01479 -0.06808 0.12599
v -0.02147 -0.20745 0.12080
v -0.01972 -0.22489 0.12210
v -0.01238 -0.03916 0.13118
v -0.01685 -0.12271 0.12266
v -0.04488 -0.40308 0.11969
v -0.05548 -0.42215 0.12279
v -0.03268 -0.36487 0.11511
v -0.01768 -0.18679 0.12196
v -0.01540 -0.16793 0.12273
v -0.01122 0.00858 0.00572
v -0.02015 -0.00383 0.01862
v -0.01339 -0.01168 0.00751
v -0.01860 -0.02308 0.01454
v -0.01117 -0.03683 0.00659
v -0.00580 -0.01675 0.00045
v -0.00451 -0.03493 0.00148
v -0.00565 -0.05900 0.00558
v -0.01327 -0.06597 0.01148
v -0.00646 -0.07631 0.00875
v -0.01585 -0.08370 0.01562
v -0.00990 -0.09878 0.01335
v 0.00122 -0.09304 0.00976
v 0.00519 -0.07499 0.00610
v -0.01860 -0.10542 0.01947
v -0.02076 -0.07223 0.01990
v -0.00834 -0.11620 0.01497
v 0.00209 -0.05845 0.00264
v 0.00244 -0.02087 -0.00345
v 0.00531 -0.00047 -0.00706
v 0.01205 -0.01604 -0.00616
v 0.01534 0.00651 -0.01039
v -0.00100 0.00760 -0.00437
v 0.00024 -0.10701 0.01206
v -0.02467 -0.08810 0.02610
v -0.02492 -0.04998 0.02623
v -0.03100 -0.09129 0.03826
v -0.02686 -0.11587 0.02828
v 0.00468 -0.03731 -0.00185
v -0.03275 -0.12606 0.03715
v -0.02372 -0.14134 0.02441
v -0.03068 -0.15092 0.03150
v -0.02345 -0.16340 0.02398
v -0.02877 -0.17015 0.02805
v -0.03581 -0.15618 0.03945
v -0.02745 -0.19113 0.02614
v -0.02043 -0.18384 0.02235
v -0.02351 -0.20992 0.02314
v -0.02981 -0.21569 0.02599
v -0.03328 -0.20270 0.03020
v -0.03913 -0.23001 0.03092
v -0.03476 -0.24465 0.02384
v -0.04462 -0.25591 0.02723
v -0.04770 -0.24102 0.04002
v -0.04011 -0.26786 0.01980
v -0.04842 -0.28363 0.01733
v -0.05454 -0.28056 0.02263
v -0.05401 -0.29819 0.00941
v -0.06326 -0.29964 0.01481
v -0.06551 -0.31473 0.00305
v -0.05922 -0.31899 -0.00664
v -0.04124 -0.21543 0.03827
v -0.02526 -0.23126 0.02244
v -0.01479 -0.17147 0.02063
v -0.01669 -0.15243 0.02035
v -0.03465 -0.18197 0.03424
v -0.01797 -0.20098 0.02251
v -0.03947 -0.17502 0.04458
v -0.01716 -0.04923 0.01345
v -0.01862 -0.13198 0.02092
v -0.01239 -0.13501 0.01773
v -0.03838 -0.19111 0.03866
v -0.01716 -0.04923 0.01345
v -0.02492 -0.04998 0.02623
v -0.01860 -0.02308 0.01454
v -0.01870 0.02422 0.03706
v -0.01505 0.01638 0.02295
v -0.02090 -0.01346 0.03120
v -0.02488 -0.01676 0.04558
v -0.02551 -0.04854 0.04177
v -0.02207 -0.05648 0.03100
v -0.02695 -0.07452 0.04413
v -0.01751 -0.02518 0.02147
v -0.01230 -0.00609 0.01405
v -0.02234 -0.08199 0.03103
v -0.02955 -0.09920 0.04740
v -0.02962 -0.12193 0.04224
v -0.03262 -0.12142 0.05253
v -0.03456 -0.14906 0.05139
v -0.02995 -0.15209 0.03856
v -0.03573 -0.17110 0.04933
v -0.03422 -0.19103 0.04088
v -0.03973 -0.20040 0.05303
v -0.03885 -0.22816 0.03933
v -0.04334 -0.22976 0.05064
v -0.04291 -0.20057 0.06687
v -0.04612 -0.25112 0.04069
v -0.03897 -0.16800 0.06741
v -0.04796 -0.24675 0.05633
v -0.04711 -0.22778 0.07143
v -0.05194 -0.25545 0.07177
v -0.05255 -0.26787 0.04811
v -0.05892 -0.28125 0.06606
v -0.05192 -0.27224 0.03429
v -0.04314 -0.25810 0.03160
v -0.01650 -0.06085 0.02110
v -0.01400 -0.04185 0.01666
v -0.00592 0.00387 0.00624
v -0.00687 -0.01781 0.00759
v -0.17854 -0.46064 -0.14905
v -0.18350 -0.45845 -0.14196
v -0.18321 -0.45405 -0.14855
v -0.18605 -0.45061 -0.14053
v -0.18399 -0.44540 -0.14845
v -0.18065 -0.44242 -0.15207
v -0.18399 -0.44540 -0.14845
v -0.18228 -0.44046 -0.14796
v -0.18401 -0.44092 -0.14030
v -0.18605 -0.45061 -0.14053
v -0.18397 -0.44035 -0.13275
v -0.18029 -0.43438 -0.13529
v -0.17693 -0.42886 -0.12270
v -0.17283 -0.42298 -0.12769
v -0.17015 -0.42119 -0.11572
v -0.17348 -0.42877 -0.10814
v -0.16440 -0.42280 -0.09207
v -0.17871 -0.43652 -0.11869
v -0.15963 -0.41413 -0.10191
v -0.14895 -0.41141 -0.07579
v -0.15730 -0.42514 -0.07118
v -0.14428 -0.41621 -0.05467
v -0.13478 -0.40325 -0.05765
v -0.12869 -0.40465 -0.03246
v -0.12518 -0.39549 -0.04076
v -0.11651 -0.38719 -0.02492
v -0.11431 -0.38992 -0.01051
v -0.10483 -0.37147 -0.00993
v -0.10199 -0.37134 0.00473
v -0.09477 -0.35528 0.00307
v -0.09214 -0.35794 0.02481
v -0.08516 -0.33794 0.02072
v -0.10796 -0.37351 -0.02521
v -0.09285 -0.35154 -0.01298
v -0.12097 -0.38878 -0.04706
v -0.02454 0.00740 0.03345
v -0.02849 -0.00351 0.04436
v -0.02664 -0.02857 0.03143
v -0.02015 -0.00383 0.01862
v -0.03021 -0.02859 0.04733
v -0.03107 -0.06199 0.04427
v -0.02915 -0.00142 0.06085
v -0.02492 -0.04998 0.02623
v -0.01860 -0.02308 0.01454
v -0.03100 -0.09129 0.03826
v -0.03363 -0.09080 0.05395
v -0.03580 -0.11190 0.04929
v -0.03275 -0.12606 0.03715
v -0.03581 -0.15618 0.03945
v -0.03908 -0.14397 0.05241
v -0.03947 -0.17502 0.04458
v -0.04264 -0.17580 0.05601
v -0.04311 -0.16277 0.06786
v -0.04583 -0.18338 0.07068
v -0.04740 -0.20124 0.06568
v -0.04159 -0.14554 0.08088
v -0.03876 -0.12715 0.06751
v -0.04930 -0.20943 0.07677
v -0.03525 -0.10404 0.06487
v -0.03847 -0.11681 0.08207
v -0.03383 -0.08010 0.08378
v -0.03135 -0.06827 0.06350
v -0.03124 -0.05008 0.08770
v -0.04729 -0.22343 0.05167
v -0.05265 -0.23235 0.07014
v -0.05316 -0.24892 0.05566
v -0.04770 -0.24102 0.04002
v -0.04266 -0.20099 0.04628
v -0.04433 -0.17339 0.08478
v -0.03620 -0.10030 0.09239
v -0.05251 -0.23414 0.08106
v -0.05876 -0.26414 0.07197
v -0.06214 -0.27791 0.05873
v -0.05889 -0.27298 0.04080
v -0.06532 -0.28776 0.07662
v -0.03037 -0.04432 0.06786
v -0.02990 -0.02280 0.08979
v -0.02996 -0.02167 0.06592
v -0.02729 -0.00282 0.09012
v -0.02943 -0.02461 0.10449
v -0.03027 -0.04594 0.10470
v -0.03215 -0.06777 0.10288
v -0.04124 -0.21543 0.03827
v -0.04748 -0.20080 0.08512
v -0.03284 -0.08511 0.10475
v -0.06819 -0.29273 0.04925
v -0.02526 -0.00105 0.10729
v -0.03838 -0.19111 0.03866
v -0.07391 -0.30685 0.06514
v -0.07134 -0.29963 0.03403
v -0.07973 -0.31748 0.05075
v -0.08098 -0.32050 0.03717
v -0.08554 -0.33844 0.03994
v -0.08064 -0.32571 0.06683
v -0.08557 -0.34159 0.05883
v -0.08326 -0.33826 0.07414
v -0.03767 -0.12294 0.09444
v -0.05619 -0.26111 0.08299
v -0.04003 -0.15215 0.09137
v -0.07132 -0.30727 0.07687
v -0.06551 -0.31473 0.00305
v -0.07029 -0.30825 0.01684
v -0.06326 -0.29964 0.01481
v -0.07234 -0.31848 0.00905
v -0.06158 -0.28551 0.02765
v -0.05454 -0.28056 0.02263
v -0.05270 -0.26164 0.03499
v -0.04462 -0.25591 0.02723
v -0.07822 -0.32314 0.01815
v -0.07939 -0.33006 0.00492
v -0.10898 -0.41001 -0.15415
v -0.11575 -0.41197 -0.15800
v -0.11484 -0.40646 -0.14817
v -0.10243 -0.40340 -0.13933
v -0.12314 -0.40900 -0.15709
v -0.12642 -0.40644 -0.15069
v -0.11932 -0.40217 -0.13772
v -0.10343 -0.39856 -0.12248
v -0.09650 -0.40085 -0.13585
v -0.08814 -0.40099 -0.13196
v -0.08921 -0.40595 -0.14689
v -0.08146 -0.40171 -0.13062
v -0.08976 -0.39201 -0.11172
v -0.07621 -0.39496 -0.11453
v -0.07465 -0.39925 -0.12378
v -0.06551 -0.39553 -0.11868
v -0.06303 -0.38899 -0.10324
v -0.07679 -0.37933 -0.09320
v -0.06359 -0.37420 -0.08169
v -0.08200 -0.36649 -0.07657
v -0.06899 -0.35322 -0.05587
v -0.05570 -0.39600 -0.11214
v -0.05562 -0.38388 -0.08850
v -0.05817 -0.36336 -0.06364
v -0.05622 -0.34595 -0.04223
v -0.07122 -0.34536 -0.04393
v -0.06598 -0.33471 -0.02601
v -0.05405 -0.33074 -0.02111
v -0.04559 -0.33416 -0.02272
v -0.04876 -0.31964 -0.00851
v -0.05922 -0.31899 -0.00664
v -0.04408 -0.34785 -0.03657
v -0.08401 -0.40935 -0.14966
v -0.09747 -0.40837 -0.16034
v -0.08282 -0.35418 -0.05448
v -0.12367 -0.41725 -0.16382
v -0.09731 -0.40388 -0.15119
v -0.13005 -0.41158 -0.15962
v -0.13316 -0.41849 -0.16771
v -0.12775 -0.42228 -0.17126
v -0.13786 -0.42006 -0.17310
v -0.13855 -0.42277 -0.17679
v -0.13425 -0.42405 -0.17704
v -0.10247 -0.40435 -0.15011
v -0.11447 -0.41811 -0.16233
v -0.05867 -0.39921 -0.12902
v -0.04978 -0.37295 -0.06635
v -0.03795 -0.33457 -0.01710
v -0.03891 -0.31631 -0.00319
v -0.04975 -0.30638 0.00258
v -0.03188 -0.30654 0.00476
v -0.11856 -0.42493 -0.16753
v -0.05401 -0.29819 0.00941
v -0.12454 -0.42764 -0.17368
v -0.12057 -0.42829 -0.17338
v -0.09058 -0.42122 -0.16822
v -0.04153 -0.29450 0.01023
v -0.06626 -0.39912 -0.14111
v -0.05896 -0.40410 -0.14878
v -0.06642 -0.40663 -0.16795
v -0.04842 -0.28363 0.01733
v -0.02988 -0.29307 0.01099
v -0.05063 -0.40350 -0.12374
v -0.12190 -0.43440 -0.17602
v -0.13221 -0.43647 -0.17956
v -0.12640 -0.44283 -0.18062
v -0.03715 -0.28298 0.01450
v -0.13397 -0.44917 -0.18448
v -0.12864 -0.45047 -0.18498
v -0.10174 -0.40550 -0.15784
v -0.10686 -0.40856 -0.16128
v -0.10785 -0.41403 -0.17482
v -0.14153 -0.44201 -0.18572
v -0.13763 -0.45026 -0.18619
v -0.13815 -0.42815 -0.17773
v -0.14000 -0.43446 -0.17973
v -0.12975 -0.45761 -0.18585
v -0.14314 -0.45035 -0.18691
v -0.08619 -0.43751 -0.21428
v -0.08265 -0.42895 -0.20931
v -0.07586 -0.43062 -0.20768
v -0.07906 -0.44008 -0.21470
v -0.08749 -0.44715 -0.22081
v -0.08254 -0.42542 -0.20448
v -0.07198 -0.44047 -0.20855
v -0.08030 -0.44910 -0.21672
v -0.09224 -0.45900 -0.22390
v -0.06852 -0.41181 -0.18165
v -0.08139 -0.41131 -0.18133
v -0.07350 -0.40784 -0.17606
v -0.07652 -0.41496 -0.18882
v -0.07165 -0.41835 -0.19148
v -0.06642 -0.40663 -0.16795
v -0.07232 -0.40520 -0.16827
v -0.06525 -0.41982 -0.18924
v -0.05925 -0.41971 -0.18051
v -0.05735 -0.41434 -0.16568
v -0.05896 -0.40410 -0.14878
v -0.06784 -0.42887 -0.19533
v -0.07642 -0.42567 -0.19848
v -0.04117 -0.39981 -0.06741
v -0.04474 -0.38878 -0.07253
v -0.03948 -0.38444 -0.05713
v -0.03543 -0.39440 -0.05058
v -0.04001 -0.37320 -0.05184
v -0.03176 -0.37689 -0.03953
v -0.02697 -0.39056 -0.03205
v -0.02190 -0.36920 -0.01602
v -0.01947 -0.38092 -0.01258
v -0.02711 -0.35864 -0.02153
v -0.01908 -0.35517 -0.00006
v -0.02582 -0.33963 -0.00529
v -0.01641 -0.36536 0.00548
v -0.01369 -0.35465 0.01161
v -0.01952 -0.34088 0.00237
v -0.02194 -0.32660 0.00223
v -0.03083 -0.34307 -0.01658
v -0.04053 -0.35712 -0.04126
v -0.04978 -0.37295 -0.06635
v -0.04978 -0.38884 -0.08548
v -0.04370 -0.40195 -0.08271
v -0.04007 -0.41741 -0.08443
v -0.03576 -0.32603 -0.00792
v -0.04759 -0.39971 -0.09986
v -0.04059 -0.41489 -0.09758
v -0.05562 -0.38388 -0.08850
v -0.04408 -0.34785 -0.03657
v -0.03795 -0.33457 -0.01710
v -0.05570 -0.39600 -0.11214
v -0.03891 -0.31631 -0.00319
v -0.04017 -0.41602 -0.11348
v -0.05063 -0.40350 -0.12374
v -0.04430 -0.41593 -0.13056
v -0.03658 -0.42944 -0.12878
v -0.04455 -0.42737 -0.14122
v -0.04922 -0.41937 -0.14716
v -0.05170 -0.41240 -0.14874
v -0.05406 -0.42813 -0.16757
v -0.05722 -0.42660 -0.18141
v -0.03217 -0.43298 -0.11913
v -0.03382 -0.43751 -0.12522
v -0.06127 -0.42916 -0.18902
v -0.05729 -0.43601 -0.18287
v -0.03431 -0.42728 -0.10732
v -0.04205 -0.43885 -0.13879
v -0.03141 -0.43729 -0.11039
v -0.06723 -0.43927 -0.19947
v -0.05176 -0.43299 -0.15277
v -0.03992 -0.41820 -0.06847
v -0.03901 -0.40875 -0.05963
v -0.03856 -0.42772 -0.07725
v -0.03950 -0.42069 -0.05699
v -0.06733 -0.44764 -0.19893
v -0.03897 -0.44664 -0.13309
v -0.06066 -0.44842 -0.18702
v -0.03351 -0.44586 -0.12294
v -0.03362 -0.43502 -0.09585
v -0.01305 -0.33058 0.00909
v -0.00851 -0.31202 0.01506
v 0.00091 -0.32655 0.02491
v -0.00103 -0.30720 0.02413
v 0.00463 -0.30916 0.03366
v 0.00685 -0.33445 0.03651
v 0.00257 -0.34124 0.02748
v 0.00415 -0.28209 0.03560
v -0.00283 -0.28549 0.02414
v -0.00142 -0.25878 0.02814
v 0.00539 -0.25039 0.03778
v 0.00071 -0.22675 0.03074
v -0.01074 -0.34205 0.01181
v 0.00913 -0.22195 0.04024
v 0.00451 -0.20282 0.03203
v -0.01001 -0.28828 0.01775
v -0.00912 -0.26573 0.02158
v -0.00705 -0.23445 0.02475
v -0.00259 -0.20817 0.02688
v -0.10546 -0.44885 -0.19296
v -0.10578 -0.44190 -0.19114
v -0.10011 -0.44620 -0.18631
v -0.11090 -0.44523 -0.19964
v -0.11139 -0.43879 -0.19467
v -0.10829 -0.43537 -0.19097
v -0.11502 -0.44165 -0.20068
v -0.10066 -0.43253 -0.18683
v -0.09703 -0.43950 -0.18528
v -0.09473 -0.43329 -0.18304
v -0.10264 -0.42496 -0.18660
v -0.09501 -0.42762 -0.17973
v -0.11000 -0.42652 -0.19030
v -0.11546 -0.44828 -0.20237
v -0.09635 -0.44510 -0.18399
v -0.10815 -0.42008 -0.18710
v -0.08992 -0.42236 -0.17319
v -0.11960 -0.44350 -0.20242
v -0.10211 -0.41919 -0.17962
v -0.09489 -0.41701 -0.16814
v -0.09058 -0.42122 -0.16822
v -0.09747 -0.40837 -0.16034
v -0.10785 -0.41403 -0.17482
v -0.11457 -0.43471 -0.19124
v -0.11975 -0.43801 -0.19699
v -0.11327 -0.42102 -0.18749
v -0.11974 -0.44805 -0.20242
v -0.11581 -0.42590 -0.18732
v -0.11885 -0.43444 -0.18712
v -0.11457 -0.43471 -0.19124
v -0.11885 -0.43444 -0.18712
v -0.11581 -0.42590 -0.18732
v -0.16740 -0.44321 -0.10529
v -0.16658 -0.43717 -0.09851
v -0.16083 -0.44578 -0.09150
v -0.15858 -0.43937 -0.08126
v -0.17332 -0.43545 -0.11785
v -0.16104 -0.44980 -0.10394
v -0.16872 -0.44619 -0.11389
v -0.17458 -0.44099 -0.12081
v -0.17276 -0.44582 -0.12154
v -0.17910 -0.44925 -0.13400
v -0.17500 -0.45215 -0.13183
v -0.17545 -0.45628 -0.13741
v -0.18072 -0.45298 -0.13970
v -0.05512 -0.44600 -0.14221
v -0.04976 -0.44000 -0.14070
v -0.06323 -0.44263 -0.15141
v -0.05723 -0.43488 -0.15132
v -0.04455 -0.44780 -0.13104
v -0.05157 -0.45784 -0.12769
v -0.05883 -0.45404 -0.13722
v -0.07346 -0.45118 -0.14960
v -0.04500 -0.45603 -0.12047
v -0.03835 -0.44418 -0.12271
v -0.06653 -0.44290 -0.15892
v -0.05920 -0.43377 -0.15825
v -0.07361 -0.44812 -0.15816
v -0.06128 -0.46258 -0.12540
v -0.05436 -0.46334 -0.11672
v -0.03926 -0.45092 -0.11174
v -0.07238 -0.45829 -0.13430
v -0.08530 -0.45731 -0.14266
v -0.08922 -0.45452 -0.15174
v -0.08351 -0.44792 -0.16185
v -0.09639 -0.45901 -0.14493
v -0.10286 -0.45749 -0.14811
v -0.09868 -0.45240 -0.15416
v -0.07303 -0.44773 -0.16426
v -0.07753 -0.44915 -0.16707
v -0.06696 -0.44441 -0.16556
v -0.06212 -0.44052 -0.16826
v -0.06933 -0.45134 -0.17394
v -0.06518 -0.45138 -0.18160
v -0.07565 -0.45653 -0.17942
v -0.06910 -0.45774 -0.18199
v -0.07294 -0.46211 -0.18531
v -0.03626 -0.44444 -0.11265
v -0.04238 -0.45165 -0.10055
v -0.03746 -0.44206 -0.10115
v -0.04150 -0.43535 -0.08491
v -0.04491 -0.44691 -0.08574
v -0.05208 -0.44437 -0.06816
v -0.04868 -0.43559 -0.06122
v -0.05579 -0.43778 -0.04725
v -0.05059 -0.45203 -0.08307
v -0.04667 -0.45913 -0.10929
v -0.05328 -0.45998 -0.09457
v -0.04723 -0.42751 -0.04138
v -0.05277 -0.43290 -0.03403
v -0.04295 -0.42372 -0.02309
v -0.05526 -0.43421 -0.01683
v -0.05605 -0.46422 -0.10555
v -0.05986 -0.45554 -0.07867
v -0.06760 -0.44733 -0.05598
v -0.07125 -0.44273 -0.03672
v -0.06019 -0.46286 -0.09466
v -0.04631 -0.42779 -0.00222
v -0.05616 -0.43625 0.00495
v -0.03631 -0.41626 -0.00126
v -0.07111 -0.44147 -0.01209
v -0.06668 -0.44129 0.00914
v -0.04343 -0.42900 0.00790
v -0.04503 -0.43621 0.02038
v -0.03455 -0.42490 0.01628
v -0.05524 -0.44350 0.02796
v -0.02735 -0.43753 0.03642
v -0.03466 -0.44442 0.04031
v -0.02822 -0.44881 0.05083
v -0.01866 -0.44457 0.05322
v -0.11072 -0.45032 -0.05553
v -0.11760 -0.44890 -0.03923
v -0.10273 -0.44734 -0.02579
v -0.08870 -0.44920 -0.05495
v -0.08700 -0.44525 -0.02008
v -0.11811 -0.45144 -0.07218
v -0.10966 -0.45279 -0.09741
v -0.12751 -0.45405 -0.09766
v -0.13466 -0.44986 -0.06081
v -0.14089 -0.45395 -0.09132
v -0.13607 -0.45709 -0.11513
v -0.11845 -0.45689 -0.12397
v -0.08944 -0.44449 -0.00398
v -0.10429 -0.45640 -0.11791
v -0.14962 -0.45471 -0.10516
v -0.10241 -0.44402 -0.00674
v -0.09018 -0.44248 0.01523
v -0.07457 -0.44365 0.01708
v -0.09636 -0.46000 -0.13402
v -0.10799 -0.45920 -0.14218
v -0.11794 -0.44543 -0.02554
v -0.08936 -0.45920 -0.12013
v -0.08275 -0.45922 -0.13017
v -0.08437 -0.45281 -0.07215
v -0.07202 -0.45284 -0.06687
v -0.08570 -0.45828 -0.10133
v -0.13093 -0.45610 -0.12932
v -0.11978 -0.45651 -0.13946
v -0.07701 -0.44469 0.03294
v -0.07658 -0.46217 -0.12041
v -0.15118 -0.45099 -0.08826
v -0.06888 -0.46124 -0.08892
v -0.14307 -0.45479 -0.12460
v -0.07046 -0.46395 -0.10647
v -0.06639 -0.46477 -0.11636
v -0.08528 -0.44147 0.03586
v -0.15523 -0.45211 -0.11599
v -0.13599 -0.44454 -0.05079
v -0.16104 -0.44980 -0.10394
v -0.16872 -0.44619 -0.11389
v -0.16083 -0.44578 -0.09150
v -0.07762 -0.44632 0.05266
v -0.06779 -0.45011 0.05316
v -0.07294 -0.45165 0.07254
v -0.05522 -0.45753 0.07860
v -0.06361 -0.45498 0.08661
v -0.05215 -0.45637 0.08994
v -0.03786 -0.45797 0.08064
v -0.03547 -0.45469 0.09711
v -0.04748 -0.45405 0.09999
v -0.03576 -0.45712 0.06949
v -0.05346 -0.45664 0.06904
v -0.06166 -0.45177 0.09847
v -0.02756 -0.45559 0.08707
v -0.02745 -0.45627 0.07583
v -0.07132 -0.45163 0.08922
v -0.07646 -0.44927 0.08047
v -0.05127 -0.45112 0.04981
v -0.03665 -0.45164 0.05262
v -0.02722 -0.45443 0.06453
v -0.16441 -0.44703 -0.11908
v -0.16903 -0.44747 -0.12237
v -0.17276 -0.44582 -0.12154
v -0.16731 -0.44774 -0.12748
v -0.02087 -0.45353 0.08346
v -0.05589 -0.44506 0.11098
v -0.03583 -0.44930 0.10600
v -0.04423 -0.44611 0.11153
v -0.17500 -0.45215 -0.13183
v -0.02016 -0.45155 0.06562
v -0.06653 -0.44430 0.10536
v -0.04988 -0.43993 0.11737
v -0.17169 -0.45306 -0.13307
v -0.17545 -0.45628 -0.13741
v -0.03191 -0.44052 0.11493
v -0.03960 -0.44130 0.11664
v -0.05985 -0.43980 0.11435
v -0.12386 -0.44213 -0.02757
v -0.12702 -0.43383 -0.02558
v -0.11313 -0.43609 -0.00542
v -0.13951 -0.43754 -0.04862
v -0.10620 -0.43000 0.01017
v -0.09977 -0.43927 0.01052
v -0.15175 -0.43956 -0.06748
v -0.14967 -0.44667 -0.07351
v -0.15858 -0.43937 -0.08126
v -0.09242 -0.43513 0.03296
v -0.09655 -0.42920 0.02961
v -0.09032 -0.42934 0.04781
v -0.08646 -0.43788 0.05238
v -0.10146 -0.42026 0.02056
v -0.08587 -0.43448 0.07327
v -0.08327 -0.44124 0.07203
v -0.08192 -0.44006 0.08553
v -0.08155 -0.44466 0.06214
v -0.07648 -0.44554 0.08995
v -0.07567 -0.43980 0.10010
v -0.06804 -0.43999 0.10903
v -0.11406 -0.43757 0.00122
v -0.10621 -0.42617 0.02107
v -0.12387 -0.43220 -0.01000
v -0.12672 -0.44037 -0.02034
v -0.13695 -0.43418 -0.03416
v -0.13701 -0.44545 -0.04334
v -0.14694 -0.43506 -0.05057
v -0.15551 -0.43343 -0.06142
v -0.15574 -0.44709 -0.07251
v -0.16057 -0.43501 -0.07271
v -0.16496 -0.44283 -0.08537
v -0.11763 -0.44365 -0.01016
v -0.09951 -0.43510 0.02870
v -0.09881 -0.42859 0.03729
v -0.12395 -0.44773 -0.02497
v -0.10409 -0.44364 0.00767
v -0.09490 -0.44145 0.02857
v -0.14593 -0.45008 -0.06246
v -0.09306 -0.43687 0.04705
v -0.09419 -0.42901 0.05206
v -0.09070 -0.44243 0.04148
v -0.08263 -0.44876 0.05218
v -0.09156 -0.43526 0.06603
v -0.08617 -0.44514 0.07257
v -0.08737 -0.44069 0.08298
v -0.07981 -0.44988 0.08898
v -0.07620 -0.44947 0.09701
v -0.08228 -0.44151 0.09776
v -0.06703 -0.44913 0.10704
v -0.07725 -0.45464 0.08137
v -0.07288 -0.44217 0.11046
v -0.06584 -0.44239 0.11592
v -0.18605 -0.45061 -0.14053
v -0.18148 -0.45704 -0.13448
v -0.17957 -0.44689 -0.12361
v -0.18350 -0.45845 -0.14196
v -0.18427 -0.44699 -0.13255
v -0.11878 -0.44972 -0.17477
v -0.11948 -0.44088 -0.16926
v -0.12373 -0.44735 -0.17580
v -0.11526 -0.44057 -0.16617
v -0.10944 -0.44404 -0.16374
v -0.11174 -0.45266 -0.17341
v -0.11470 -0.46203 -0.18220
v -0.12782 -0.45395 -0.17996
v -0.12450 -0.45703 -0.18067
v -0.09641 -0.44756 -0.19207
v -0.09635 -0.44510 -0.18399
v -0.09670 -0.44199 -0.19041
v -0.09703 -0.43950 -0.18528
v -0.09647 -0.44446 -0.20000
v -0.09415 -0.44949 -0.19784
v -0.09239 -0.45096 -0.18569
v -0.09180 -0.44556 -0.17550
v -0.08615 -0.45588 -0.17974
v -0.08801 -0.45817 -0.19096
v -0.08362 -0.46502 -0.18741
v -0.08581 -0.45066 -0.17147
v -0.08361 -0.46417 -0.19286
v -0.08791 -0.44842 -0.16614
v -0.09228 -0.44057 -0.16773
v -0.08990 -0.45324 -0.19499
v -0.07863 -0.46130 -0.17855
v -0.08124 -0.45280 -0.16540
v -0.07989 -0.46778 -0.19012
v -0.07613 -0.46827 -0.18655
v -0.09489 -0.44416 -0.17463
v -0.07357 -0.45427 -0.16818
v -0.08152 -0.45941 -0.19796
v -0.08788 -0.45479 -0.20385
v -0.09519 -0.45050 -0.20316
v -0.10095 -0.46494 -0.22148
v -0.09786 -0.45926 -0.21335
v -0.09805 -0.45347 -0.21367
v -0.09749 -0.46607 -0.21696
v -0.09900 -0.46862 -0.22257
v -0.13322 -0.44827 -0.14561
v -0.13483 -0.44070 -0.14816
v -0.13114 -0.44504 -0.15176
v -0.12505 -0.45207 -0.14977
v -0.12464 -0.44810 -0.15633
v -0.13458 -0.45491 -0.14006
v -0.12133 -0.44693 -0.16150
v -0.12545 -0.46015 -0.13907
v -0.11545 -0.45321 -0.15506
v -0.14353 -0.45757 -0.13056
v -0.14640 -0.45177 -0.13640
v -0.15592 -0.45357 -0.12386
v -0.13828 -0.45034 -0.14171
v -0.15597 -0.44545 -0.13243
v -0.16036 -0.44895 -0.12661
v -0.10407 -0.46354 -0.14724
v -0.16140 -0.45522 -0.11462
v -0.13784 -0.44663 -0.14522
v -0.09982 -0.45751 -0.15552
v -0.15043 -0.45868 -0.11845
v -0.10752 -0.44918 -0.15992
v -0.11763 -0.44361 -0.16238
v -0.09396 -0.44759 -0.16378
v -0.08984 -0.45369 -0.16074
v -0.08791 -0.44842 -0.16614
v -0.08124 -0.45280 -0.16540
v -0.08681 -0.45820 -0.15422
v -0.09793 -0.46410 -0.14511
v -0.10137 -0.44523 -0.16386
v -0.09631 -0.44265 -0.16726
v -0.10944 -0.44404 -0.16374
v -0.11531 -0.44097 -0.16325
v -0.09228 -0.44057 -0.16773
v -0.17099 -0.45275 -0.12232
v -0.11526 -0.44057 -0.16617
v -0.12999 -0.44821 -0.15889
v -0.09647 -0.45766 -0.08855
v -0.09921 -0.45537 -0.07206
v -0.11288 -0.45639 -0.08679
v -0.11602 -0.45949 -0.11093
v -0.08297 -0.45776 -0.07101
v -0.08683 -0.46347 -0.10583
v -0.09865 -0.46317 -0.12338
v -0.12376 -0.46081 -0.12735
v -0.11095 -0.46332 -0.13618
v -0.08233 -0.46480 -0.12901
v -0.10397 -0.45486 -0.05724
v -0.08862 -0.45279 -0.04516
v -0.11916 -0.45611 -0.07184
v -0.14161 -0.45764 -0.08524
v -0.13899 -0.45552 -0.06926
v -0.12056 -0.45474 -0.05000
v -0.11056 -0.45277 -0.03115
v -0.09931 -0.45040 -0.01427
v -0.13353 -0.45952 -0.09990
v -0.15217 -0.45818 -0.09876
v -0.14519 -0.46066 -0.10943
v -0.12682 -0.46141 -0.11666
v -0.13746 -0.46114 -0.12459
v -0.07316 -0.45423 -0.05765
v -0.11095 -0.44822 -0.01098
v -0.08211 -0.44924 -0.02302
v -0.08841 -0.44916 -0.00615
v -0.09445 -0.44600 0.01536
v -0.12758 -0.45183 -0.04133
v -0.07237 -0.44673 -0.00037
v -0.08527 -0.44808 0.01590
v -0.07401 -0.44851 0.02348
v -0.05865 -0.44851 0.02578
v -0.08784 -0.44575 0.03069
v -0.10409 -0.44364 0.00767
v -0.07145 -0.44851 -0.04061
v -0.12395 -0.44773 -0.02497
v -0.06835 -0.46360 -0.08097
v -0.07545 -0.46544 -0.09439
v -0.07312 -0.46851 -0.10905
v -0.06022 -0.47000 -0.10754
v -0.06159 -0.46824 -0.09579
v -0.06176 -0.46971 -0.11690
v -0.16027 -0.45551 -0.10307
v -0.07441 -0.45073 0.03922
v -0.08263 -0.44876 0.05218
v -0.06017 -0.45591 0.05142
v -0.16174 -0.45234 -0.09243
v -0.07037 -0.45657 0.06396
v -0.05487 -0.46220 0.07679
v -0.04732 -0.46129 0.06563
v -0.03522 -0.46203 0.08107
v -0.04933 -0.46101 0.09046
v -0.06610 -0.45955 0.08447
v -0.05993 -0.45738 0.09895
v -0.02907 -0.45929 0.09429
v -0.04168 -0.45793 0.10358
v -0.07270 -0.45558 0.09224
v -0.03020 -0.46047 0.06673
v -0.07725 -0.45464 0.08137
v -0.02326 -0.45979 0.07837
v -0.17213 -0.44996 -0.11449
v -0.02076 -0.45794 0.08853
v -0.04136 -0.45585 0.04966
v -0.05105 -0.46777 -0.11150
v -0.17736 -0.45380 -0.12791
v -0.09490 -0.44145 0.02857
v -0.09070 -0.44243 0.04148
v -0.05395 -0.46678 -0.12262
v -0.08378 -0.46114 -0.14502
v -0.06748 -0.46170 -0.13695
v -0.05526 -0.44833 0.11434
v -0.11763 -0.44365 -0.01016
v -0.06703 -0.44913 0.10704
v -0.07620 -0.44947 0.09701
v -0.07981 -0.44988 0.08898
v -0.06970 -0.45528 -0.14904
v -0.07258 -0.45278 -0.15940
v -0.07357 -0.45427 -0.16818
v -0.06399 -0.45100 -0.16949
v -0.03918 -0.44771 0.11628
v -0.04410 -0.46262 -0.11737
v -0.06584 -0.44239 0.11592
v -0.05963 -0.45434 -0.14511
v -0.04792 -0.46008 -0.13066
v -0.03951 -0.44253 0.12149
v -0.05449 -0.44187 0.12085
v -0.06929 -0.46048 -0.17724
v -0.07863 -0.46130 -0.17855
v -0.07613 -0.46827 -0.18655
v -0.06786 -0.46419 -0.18321
v -0.06233 -0.44696 -0.15502
v -0.17079 -0.44651 -0.10410
v -0.16496 -0.44283 -0.08537
v -0.17448 -0.44043 -0.10670
v -0.17957 -0.44689 -0.12361
v -0.15574 -0.44709 -0.07251
v -0.14593 -0.45008 -0.06246
v -0.13701 -0.44545 -0.04334
v -0.18148 -0.45704 -0.13448
v -0.17392 -0.45858 -0.13210
v -0.17668 -0.46195 -0.14040
v -0.18350 -0.45845 -0.14196
v -0.17854 -0.46064 -0.14905
v -0.07232 -0.40520 -0.16827
v -0.07724 -0.40673 -0.16717
v -0.06642 -0.40663 -0.16795
v -0.08992 -0.42236 -0.17319
v -0.09501 -0.42762 -0.17973
v -0.09058 -0.42122 -0.16822
v -0.08201 -0.41041 -0.17199
v -0.09033 -0.42439 -0.18360
v -0.08175 -0.40943 -0.15714
v -0.08482 -0.41516 -0.18246
v -0.09473 -0.43329 -0.18304
v -0.08690 -0.42515 -0.19708
v -0.08139 -0.41131 -0.18133
v -0.08816 -0.42917 -0.20599
v -0.08401 -0.40935 -0.14966
v -0.07582 -0.40336 -0.14969
v -0.07724 -0.40673 -0.16717
v -0.08146 -0.40171 -0.13062
v -0.08254 -0.42542 -0.20448
v -0.06626 -0.39912 -0.14111
v -0.07465 -0.39925 -0.12378
v -0.06551 -0.39553 -0.11868
v -0.07350 -0.40784 -0.17606
v -0.07232 -0.40520 -0.16827
v -0.08265 -0.42895 -0.20931
v -0.08619 -0.43751 -0.21428
v -0.09472 -0.44627 -0.21669
v -0.09298 -0.45123 -0.22187
v -0.06642 -0.40663 -0.16795
v -0.08749 -0.44715 -0.22081
v -0.07642 -0.42567 -0.19848
v -0.08285 -0.42064 -0.19278
v -0.07652 -0.41496 -0.18882
v -0.07165 -0.41835 -0.19148
v -0.09805 -0.45347 -0.21367
v -0.09504 -0.44192 -0.20936
v -0.09886 -0.45783 -0.22075
v -0.09647 -0.44446 -0.20000
v -0.10095 -0.46494 -0.22148
v -0.09430 -0.43611 -0.19140
v -0.09670 -0.44199 -0.19041
v -0.09703 -0.43950 -0.18528
v -0.09896 -0.46360 -0.22450
v -0.09022 -0.46367 -0.21720
v -0.08525 -0.45711 -0.20822
v -0.09122 -0.45831 -0.20887
v -0.08788 -0.45479 -0.20385
v -0.09749 -0.46607 -0.21696
v -0.09900 -0.46862 -0.22257
v -0.07969 -0.45602 -0.20444
v -0.09624 -0.46759 -0.22458
v -0.09786 -0.45926 -0.21335
v -0.09519 -0.45050 -0.20316
v -0.07507 -0.46209 -0.19631
v -0.07318 -0.46660 -0.19059
v -0.07989 -0.46778 -0.19012
v -0.08152 -0.45941 -0.19796
v -0.08361 -0.46417 -0.19286
v -0.07438 -0.45439 -0.20253
v -0.07613 -0.46827 -0.18655
v -0.07969 -0.45602 -0.20444
v -0.08788 -0.45479 -0.20385
v -0.07670 -0.45257 -0.20896
v -0.08525 -0.45711 -0.20822
v -0.06786 -0.46419 -0.18321
v -0.08490 -0.45847 -0.21664
v -0.09022 -0.46367 -0.21720
v -0.09624 -0.46759 -0.22458
v -0.09624 -0.46759 -0.22458
v -0.09896 -0.46360 -0.22450
v -0.09224 -0.45900 -0.22390
v -0.09298 -0.45123 -0.22187
v -0.08749 -0.44715 -0.22081
v -0.09900 -0.46862 -0.22257
v -0.10095 -0.46494 -0.22148
v -0.10546 -0.44885 -0.19296
v -0.11157 -0.45735 -0.19459
v -0.11354 -0.45260 -0.20015
v -0.10421 -0.45495 -0.18851
v -0.11090 -0.44523 -0.19964
v -0.10963 -0.46305 -0.19102
v -0.10011 -0.44620 -0.18631
v -0.11546 -0.44828 -0.20237
v -0.09882 -0.44769 -0.18139
v -0.10654 -0.45989 -0.18463
v -0.11410 -0.46221 -0.19283
v -0.11929 -0.45467 -0.19967
v -0.11974 -0.44805 -0.20242
v -0.11971 -0.45812 -0.19234
v -0.12183 -0.45650 -0.19579
v -0.12647 -0.45009 -0.16434
v -0.12999 -0.44821 -0.15889
v -0.13376 -0.45635 -0.16613
v -0.12133 -0.44693 -0.16150
v -0.13689 -0.44934 -0.15937
v -0.14364 -0.45815 -0.16488
v -0.13787 -0.46526 -0.17114
v -0.14863 -0.46434 -0.16658
v -0.15178 -0.45639 -0.16026
v -0.14173 -0.44602 -0.15803
v -0.13670 -0.44316 -0.15525
v -0.14536 -0.44469 -0.15735
v -0.14615 -0.46645 -0.17128
v -0.15509 -0.46215 -0.15889
v -0.15773 -0.46457 -0.16082
v -0.13386 -0.46245 -0.17271
v -0.13115 -0.46505 -0.17790
v -0.15798 -0.46132 -0.15272
v -0.12900 -0.45416 -0.17089
v -0.14976 -0.45556 -0.14848
v -0.15653 -0.45417 -0.14387
v -0.14470 -0.45141 -0.14247
v -0.15236 -0.44943 -0.13845
v -0.15597 -0.44545 -0.13243
v -0.13419 -0.46640 -0.17944
v -0.12307 -0.46465 -0.18377
v -0.12318 -0.46252 -0.18149
v -0.11470 -0.46203 -0.18220
v -0.11378 -0.46549 -0.18864
v -0.10654 -0.45989 -0.18463
v -0.11174 -0.45266 -0.17341
v -0.10295 -0.45028 -0.17444
v -0.10329 -0.44638 -0.16769
v -0.09631 -0.44265 -0.16726
v -0.10944 -0.44404 -0.16374
v -0.09489 -0.44416 -0.17463
v -0.09228 -0.44057 -0.16773
v -0.16339 -0.46138 -0.15368
v -0.10963 -0.46305 -0.19102
v -0.16208 -0.44962 -0.14014
v -0.10137 -0.44523 -0.16386
v -0.09882 -0.44769 -0.18139
v -0.16036 -0.44895 -0.12661
v -0.12861 -0.46016 -0.17816
v -0.12976 -0.45654 -0.17625
v -0.12373 -0.44735 -0.17580
v -0.09635 -0.44510 -0.18399
v -0.12338 -0.44624 -0.16989
v -0.11948 -0.44088 -0.16926
v -0.12782 -0.45395 -0.17996
v -0.11763 -0.44361 -0.16238
v -0.12450 -0.45703 -0.18067
v -0.16533 -0.45489 -0.14138
v -0.16476 -0.45119 -0.12600
v -0.17099 -0.45275 -0.12232
v -0.16871 -0.45731 -0.13456
v -0.17392 -0.45858 -0.13210
v -0.17668 -0.46195 -0.14040
v -0.17262 -0.46117 -0.14707
v -0.16730 -0.45675 -0.15276
v -0.17854 -0.46064 -0.14905
v -0.10011 -0.44620 -0.18631
v -0.13114 -0.44504 -0.15176
v -0.12464 -0.44810 -0.15633
v -0.11526 -0.44057 -0.16617
v -0.11531 -0.44097 -0.16325
v -0.13855 -0.44016 -0.15257
v -0.13483 -0.44070 -0.14816
v -0.17195 -0.45854 -0.15182
v -0.14207 -0.44013 -0.15803
v -0.14173 -0.44602 -0.15803
v -0.13670 -0.44316 -0.15525
v -0.14207 -0.44013 -0.15803
v -0.14536 -0.44469 -0.15735
v -0.11957 -0.42846 -0.17927
v -0.12190 -0.43440 -0.17602
v -0.12057 -0.42829 -0.17338
v -0.11885 -0.43444 -0.18712
v -0.11581 -0.42590 -0.18732
v -0.11327 -0.42102 -0.18749
v -0.11137 -0.41504 -0.16993
v -0.11695 -0.42388 -0.17197
v -0.11447 -0.41811 -0.16233
v -0.11856 -0.42493 -0.16753
v -0.10898 -0.41001 -0.15415
v -0.10686 -0.40856 -0.16128
v -0.12304 -0.43824 -0.18751
v -0.12640 -0.44283 -0.18062
v -0.12683 -0.44505 -0.18840
v -0.12487 -0.44269 -0.19699
v -0.12864 -0.45047 -0.18498
v -0.11975 -0.43801 -0.19699
v -0.10785 -0.41403 -0.17482
v -0.12710 -0.45118 -0.19036
v -0.12507 -0.44909 -0.19801
v -0.10174 -0.40550 -0.15784
v -0.10247 -0.40435 -0.15011
v -0.10243 -0.40340 -0.13933
v -0.11960 -0.44350 -0.20242
v -0.12183 -0.45650 -0.19579
v -0.12561 -0.45382 -0.19508
v -0.11929 -0.45467 -0.19967
v -0.12507 -0.44909 -0.19801
v -0.11974 -0.44805 -0.20242
v -0.12487 -0.44269 -0.19699
v -0.11960 -0.44350 -0.20242
v -0.12710 -0.45118 -0.19036
v -0.12531 -0.45535 -0.18879
v -0.12864 -0.45047 -0.18498
v -0.11971 -0.45812 -0.19234
v -0.14615 -0.46645 -0.17128
v -0.15852 -0.46290 -0.16494
v -0.15468 -0.46112 -0.16774
v -0.15834 -0.45619 -0.16560
v -0.16591 -0.45641 -0.16369
v -0.14768 -0.45363 -0.16729
v -0.14490 -0.45995 -0.17227
v -0.14217 -0.46468 -0.17700
v -0.13796 -0.45830 -0.18148
v -0.12477 -0.46285 -0.18716
v -0.12975 -0.45761 -0.18585
v -0.13397 -0.44917 -0.18448
v -0.11410 -0.46221 -0.19283
v -0.11157 -0.45735 -0.19459
v -0.13419 -0.46640 -0.17944
v -0.16362 -0.46180 -0.16035
v -0.16867 -0.45525 -0.15976
v -0.11378 -0.46549 -0.18864
v -0.16819 -0.45291 -0.16821
v -0.16321 -0.45403 -0.16882
v -0.17222 -0.45053 -0.16224
v -0.17127 -0.44859 -0.16777
v -0.14305 -0.45866 -0.17672
v -0.14128 -0.45595 -0.18251
v -0.13763 -0.45026 -0.18619
v -0.14314 -0.45035 -0.18691
v -0.14858 -0.45316 -0.18316
v -0.14687 -0.44698 -0.18537
v -0.14820 -0.45657 -0.17988
v -0.15238 -0.44665 -0.18128
v -0.15329 -0.44902 -0.17722
v -0.12307 -0.46465 -0.18377
v -0.15773 -0.46457 -0.16082
v -0.10963 -0.46305 -0.19102
v -0.16730 -0.45675 -0.15276
v -0.17204 -0.45398 -0.15407
v -0.17195 -0.45854 -0.15182
v -0.17714 -0.45635 -0.15217
v -0.17854 -0.46064 -0.14905
v -0.18321 -0.45405 -0.14855
v -0.17847 -0.44859 -0.15259
v -0.17229 -0.44839 -0.15630
v -0.18399 -0.44540 -0.14845
v -0.18065 -0.44242 -0.15207
v -0.17324 -0.44919 -0.15358
v -0.17340 -0.44452 -0.16106
v -0.16339 -0.46138 -0.15368
v -0.17153 -0.44309 -0.16703
v -0.17308 -0.44321 -0.15230
v -0.17678 -0.44115 -0.15126
v -0.14617 -0.45258 -0.16943
v -0.14768 -0.45363 -0.16729
v -0.14117 -0.45305 -0.16814
v -0.13794 -0.45630 -0.17091
v -0.13907 -0.44819 -0.16405
v -0.13163 -0.44794 -0.16695
v -0.13083 -0.44473 -0.16441
v -0.13970 -0.44499 -0.16258
v -0.14117 -0.45305 -0.16814
v -0.14217 -0.45715 -0.17029
v -0.14490 -0.45995 -0.17227
v -0.14768 -0.45363 -0.16729
v -0.14662 -0.44687 -0.16354
v -0.14501 -0.45018 -0.16705
v -0.14918 -0.44930 -0.16690
v -0.14617 -0.45258 -0.16943
v -0.13845 -0.45876 -0.17464
v -0.12893 -0.44311 -0.15919
v -0.13541 -0.43897 -0.15827
v -0.12876 -0.44111 -0.15382
v -0.12221 -0.44308 -0.15644
v -0.13421 -0.43428 -0.15276
v -0.14305 -0.45866 -0.17672
v -0.13845 -0.45876 -0.17464
v -0.13794 -0.45630 -0.17091
v -0.13730 -0.45488 -0.17344
v -0.13364 -0.45149 -0.17089
v -0.13163 -0.44794 -0.16695
v -0.12748 -0.44355 -0.16955
v -0.13083 -0.44473 -0.16441
v -0.12510 -0.44311 -0.16273
v -0.12893 -0.44311 -0.15919
v -0.12221 -0.44308 -0.15644
v -0.13730 -0.45488 -0.17344
v -0.13794 -0.45630 -0.17091
v -0.14172 -0.45387 -0.17126
v -0.13794 -0.45630 -0.17091
v -0.13730 -0.45488 -0.17344
v -0.14172 -0.45387 -0.17126
v -0.14854 -0.44658 -0.17666
v -0.14517 -0.44262 -0.17447
v -0.14615 -0.44245 -0.17145
v -0.14269 -0.44535 -0.17277
v -0.14615 -0.44245 -0.17145
v -0.14517 -0.44262 -0.17447
v -0.15009 -0.45481 -0.15470
v -0.14322 -0.44508 -0.15301
v -0.14447 -0.45080 -0.14774
v -0.15178 -0.45639 -0.16026
v -0.15509 -0.46215 -0.15889
v -0.14976 -0.45556 -0.14848
v -0.14470 -0.45141 -0.14247
v -0.14536 -0.44469 -0.15735
v -0.14207 -0.44013 -0.15803
v -0.13855 -0.44016 -0.15257
v -0.13784 -0.44663 -0.14522
v -0.13483 -0.44070 -0.14816
v -0.13828 -0.45034 -0.14171
v -0.14470 -0.45141 -0.14247
v -0.14640 -0.45177 -0.13640
v -0.15236 -0.44943 -0.13845
v -0.15597 -0.44545 -0.13243
v -0.13828 -0.45034 -0.14171
v -0.14854 -0.44658 -0.17666
v -0.14615 -0.44245 -0.17145
v -0.14662 -0.44661 -0.17271
v -0.14507 -0.44950 -0.17521
v -0.14269 -0.44535 -0.17277
v -0.14507 -0.44950 -0.17521
v -0.14662 -0.44661 -0.17271
v -0.14517 -0.44262 -0.17447
v -0.14269 -0.44535 -0.17277
v -0.14517 -0.44262 -0.17447
v -0.14662 -0.44661 -0.17271
v -0.14507 -0.44950 -0.17521
v -0.14517 -0.44262 -0.17447
v -0.14854 -0.44658 -0.17666
v -0.14507 -0.44950 -0.17521
v -0.14662 -0.44661 -0.17271
v -0.14269 -0.44535 -0.17277
v -0.14507 -0.44950 -0.17521
v -0.14269 -0.44535 -0.17277
v -0.14662 -0.44661 -0.17271
vt 0.36766 0.39695
vt 0.36654 0.39436
vt 0.36148 0.39488
vt 0.35908 0.39957
vt 0.35615 0.39623
vt 0.34766 0.39939
vt 0.35153 0.39477
vt 0.34330 0.39700
vt 0.34326 0.39409
vt 0.33841 0.39946
vt 0.33664 0.39589
vt 0.33170 0.39961
vt 0.33129 0.39492
vt 0.32606 0.39890
vt 0.32584 0.39476
vt 0.31974 0.39816
vt 0.32010 0.39477
vt 0.31566 0.39393
vt 0.31291 0.40012
vt 0.32471 0.39234
vt 0.30991 0.39625
vt 0.30753 0.39366
vt 0.30459 0.40084
vt 0.30245 0.39502
vt 0.29777 0.39781
vt 0.29984 0.39198
vt 0.31825 0.40201
vt 0.32603 0.40203
vt 0.29630 0.39473
vt 0.29357 0.39903
vt 0.30945 0.40320
vt 0.29978 0.40342
vt 0.29436 0.39279
vt 0.29133 0.39489
vt 0.29053 0.39118
vt 0.33270 0.40345
vt 0.32089 0.40420
vt 0.36603 0.40056
vt 0.29203 0.40405
vt 0.34908 0.40263
vt 0.33974 0.40279
vt 0.28768 0.39652
vt 0.28564 0.39320
vt 0.28301 0.39614
vt 0.27780 0.39374
vt 0.31217 0.40535
vt 0.27634 0.39703
vt 0.27387 0.39401
vt 0.27199 0.39572
vt 0.27120 0.39227
vt 0.26989 0.39459
vt 0.26913 0.39757
vt 0.27200 0.39851
vt 0.27474 0.39141
vt 0.27971 0.39127
vt 0.28480 0.39128
vt 0.27044 0.40009
vt 0.26729 0.39394
vt 0.26853 0.38983
vt 0.26622 0.39177
vt 0.26567 0.38931
vt 0.26383 0.39439
vt 0.26073 0.39276
vt 0.26160 0.39832
vt 0.26274 0.38669
vt 0.26489 0.39765
vt 0.26302 0.39995
vt 0.26040 0.40248
vt 0.25859 0.38676
vt 0.26038 0.38387
vt 0.25498 0.38036
vt 0.25787 0.38045
vt 0.25610 0.38654
vt 0.25697 0.39067
vt 0.25384 0.38973
vt 0.25319 0.37645
vt 0.25057 0.37703
vt 0.24902 0.37365
vt 0.25265 0.38161
vt 0.25271 0.37318
vt 0.25548 0.39282
vt 0.25820 0.39462
vt 0.25196 0.38644
vt 0.25039 0.39070
vt 0.26020 0.37846
vt 0.25170 0.39520
vt 0.24985 0.37040
vt 0.24809 0.37721
vt 0.24951 0.38143
vt 0.26451 0.40093
vt 0.24585 0.37279
vt 0.26813 0.38685
vt 0.25315 0.39863
vt 0.24727 0.37143
vt 0.25638 0.39756
vt 0.26528 0.38387
vt 0.36293 0.40403
vt 0.26293 0.40308
vt 0.25022 0.40003
vt 0.25153 0.40217
vt 0.25021 0.40265
vt 0.35675 0.40608
vt 0.24760 0.40069
vt 0.25860 0.39943
vt 0.27024 0.38874
vt 0.24829 0.40372
vt 0.26704 0.40030
vt 0.25425 0.37012
vt 0.25746 0.37327
vt 0.26764 0.40227
vt 0.25050 0.36710
vt 0.25444 0.40182
vt 0.24572 0.40343
vt 0.24780 0.36866
vt 0.24545 0.36711
vt 0.24836 0.39609
vt 0.24813 0.36419
vt 0.25429 0.36706
vt 0.25874 0.37138
vt 0.25197 0.36329
vt 0.24772 0.35915
vt 0.24470 0.36170
vt 0.24329 0.36351
vt 0.24240 0.36088
vt 0.24394 0.35901
vt 0.24218 0.35847
vt 0.24332 0.35654
vt 0.24089 0.35619
vt 0.24223 0.35327
vt 0.24518 0.35261
vt 0.24280 0.34996
vt 0.24506 0.34894
vt 0.24280 0.34820
vt 0.24280 0.34606
vt 0.24083 0.34592
vt 0.24468 0.34538
vt 0.24229 0.34280
vt 0.24060 0.34396
vt 0.23910 0.34119
vt 0.23785 0.34288
vt 0.23585 0.34116
vt 0.23719 0.33978
vt 0.23603 0.34279
vt 0.23462 0.34195
vt 0.42127 0.68776
vt 0.42421 0.69131
vt 0.42805 0.68899
vt 0.42944 0.69168
vt 0.42328 0.68411
vt 0.43432 0.69043
vt 0.43320 0.68835
vt 0.43916 0.68818
vt 0.43027 0.68605
vt 0.43454 0.68571
vt 0.42331 0.67942
vt 0.42287 0.69371
vt 0.42780 0.69341
vt 0.42956 0.68194
vt 0.43763 0.69180
vt 0.44295 0.69066
vt 0.44462 0.68726
vt 0.44953 0.68797
vt 0.45054 0.68515
vt 0.45629 0.68710
vt 0.45604 0.68514
vt 0.46159 0.68501
vt 0.45895 0.68866
vt 0.45402 0.68952
vt 0.44930 0.69010
vt 0.46477 0.68806
vt 0.46708 0.68545
vt 0.47137 0.68740
vt 0.47338 0.68528
vt 0.47766 0.68754
vt 0.48117 0.68518
vt 0.48647 0.68502
vt 0.46782 0.68386
vt 0.48670 0.68740
vt 0.49044 0.68452
vt 0.49351 0.68599
vt 0.49502 0.68271
vt 0.49921 0.68428
vt 0.50025 0.68276
vt 0.49966 0.68096
vt 0.50175 0.67968
vt 0.50346 0.68269
vt 0.50248 0.68392
vt 0.48906 0.68212
vt 0.48332 0.68333
vt 0.49720 0.67740
vt 0.49223 0.67914
vt 0.47721 0.68300
vt 0.47119 0.68168
vt 0.50488 0.68106
vt 0.50439 0.68386
vt 0.47101 0.69222
vt 0.47609 0.69144
vt 0.46545 0.69197
vt 0.46092 0.69129
vt 0.45276 0.69172
vt 0.50383 0.67721
vt 0.50716 0.67723
vt 0.50711 0.67312
vt 0.51192 0.67458
vt 0.51302 0.66826
vt 0.51594 0.67022
vt 0.50908 0.66812
vt 0.51356 0.66391
vt 0.50938 0.67973
vt 0.50365 0.67180
vt 0.51811 0.67677
vt 0.51557 0.68086
vt 0.51783 0.68305
vt 0.51436 0.68483
vt 0.51889 0.68610
vt 0.52073 0.68328
vt 0.51239 0.68094
vt 0.51167 0.68488
vt 0.52126 0.67867
vt 0.52134 0.68812
vt 0.52216 0.68415
vt 0.51967 0.68937
vt 0.51981 0.67231
vt 0.51721 0.66496
vt 0.51710 0.66205
vt 0.52126 0.66116
vt 0.52075 0.65778
vt 0.52340 0.65665
vt 0.50031 0.67429
vt 0.52034 0.66697
vt 0.51891 0.65629
vt 0.52234 0.65418
vt 0.50971 0.68259
vt 0.51524 0.65931
vt 0.50690 0.66681
vt 0.51156 0.66084
vt 0.44600 0.68356
vt 0.44213 0.68434
vt 0.43680 0.68213
vt 0.42730 0.67720
vt 0.43296 0.67786
vt 0.50686 0.68212
vt 0.42330 0.67531
vt 0.51746 0.68998
vt 0.51441 0.68848
vt 0.52325 0.68689
vt 0.52485 0.65254
vt 0.52455 0.64904
vt 0.52696 0.64832
vt 0.52700 0.64429
vt 0.52505 0.64303
vt 0.52705 0.63995
vt 0.52547 0.63917
vt 0.52683 0.63722
vt 0.52899 0.63599
vt 0.52828 0.63935
vt 0.52187 0.65074
vt 0.52847 0.64301
vt 0.52276 0.64537
vt 0.52399 0.66154
vt 0.53026 0.63653
vt 0.53115 0.63534
vt 0.53025 0.63496
vt 0.46385 0.68135
vt 0.45614 0.68121
vt 0.52550 0.65617
vt 0.44993 0.67943
vt 0.44828 0.67577
vt 0.44328 0.67901
vt 0.45336 0.67728
vt 0.44259 0.67467
vt 0.43891 0.67700
vt 0.48581 0.67845
vt 0.51865 0.69236
vt 0.50270 0.66912
vt 0.50052 0.67141
vt 0.43656 0.67378
vt 0.42909 0.67428
vt 0.49172 0.67546
vt 0.49643 0.67404
vt 0.50632 0.66400
vt 0.51774 0.65475
vt 0.52214 0.67014
vt 0.52145 0.67469
vt 0.43320 0.69260
vt 0.48911 0.67531
vt 0.52377 0.64067
vt 0.45970 0.67740
vt 0.52303 0.69023
vt 0.52083 0.69215
vt 0.50842 0.68552
vt 0.48197 0.69199
vt 0.52663 0.65155
vt 0.50692 0.68381
vt 0.50039 0.68594
vt 0.47916 0.69439
vt 0.48554 0.69430
vt 0.48806 0.69126
vt 0.49054 0.69534
vt 0.49344 0.69333
vt 0.49288 0.69008
vt 0.49988 0.69413
vt 0.49687 0.69169
vt 0.51042 0.69037
vt 0.51392 0.69300
vt 0.50870 0.69430
vt 0.50953 0.68715
vt 0.50667 0.69104
vt 0.50444 0.69334
vt 0.50216 0.69043
vt 0.47264 0.69411
vt 0.46762 0.69368
vt 0.46190 0.69333
vt 0.45392 0.69357
vt 0.42620 0.69517
vt 0.49162 0.68784
vt 0.44809 0.69305
vt 0.52291 0.69271
vt 0.49664 0.69578
vt 0.50408 0.68579
vt 0.50641 0.68799
vt 0.49714 0.68887
vt 0.51887 0.69415
vt 0.50292 0.69506
vt 0.50665 0.69547
vt 0.44323 0.69299
vt 0.43044 0.69485
vt 0.50651 0.68614
vt 0.48267 0.69572
vt 0.51096 0.69645
vt 0.43669 0.69389
vt 0.47773 0.69529
vt 0.50140 0.68809
vt 0.39508 0.27686
vt 0.40549 0.27411
vt 0.39860 0.27316
vt 0.38816 0.27458
vt 0.38889 0.27758
vt 0.38332 0.27775
vt 0.37827 0.27643
vt 0.40626 0.27032
vt 0.37652 0.27862
vt 0.41437 0.27331
vt 0.41754 0.27096
vt 0.37028 0.27888
vt 0.44198 0.27473
vt 0.44183 0.27239
vt 0.43612 0.27345
vt 0.43509 0.27538
vt 0.42910 0.27222
vt 0.42657 0.27433
vt 0.42384 0.27233
vt 0.41918 0.27521
vt 0.41156 0.27590
vt 0.40218 0.27725
vt 0.42415 0.27605
vt 0.42928 0.27652
vt 0.44237 0.27648
vt 0.41373 0.27786
vt 0.40652 0.27912
vt 0.42116 0.27799
vt 0.39900 0.28008
vt 0.39346 0.28004
vt 0.43296 0.27764
vt 0.44110 0.27861
vt 0.38970 0.27944
vt 0.38228 0.28042
vt 0.38810 0.28172
vt 0.41665 0.27923
vt 0.42888 0.27935
vt 0.43498 0.27938
vt 0.41162 0.28033
vt 0.37493 0.28052
vt 0.37673 0.28200
vt 0.37122 0.28338
vt 0.36818 0.28118
vt 0.40461 0.28110
vt 0.42110 0.28038
vt 0.38368 0.28295
vt 0.39406 0.28244
vt 0.44172 0.28076
vt 0.37841 0.28365
vt 0.41690 0.28097
vt 0.37422 0.28515
vt 0.43093 0.28086
vt 0.37006 0.28654
vt 0.42574 0.28103
vt 0.43648 0.28112
vt 0.39906 0.28359
vt 0.36577 0.28377
vt 0.36671 0.28587
vt 0.36273 0.28692
vt 0.36159 0.28406
vt 0.08477 0.07495
vt 0.08633 0.07301
vt 0.08251 0.07373
vt 0.08702 0.07386
vt 0.09127 0.07209
vt 0.09105 0.07371
vt 0.09341 0.07237
vt 0.09347 0.07373
vt 0.08706 0.07535
vt 0.08172 0.07650
vt 0.07844 0.07411
vt 0.07960 0.07806
vt 0.07613 0.07582
vt 0.08444 0.07895
vt 0.07406 0.07868
vt 0.07706 0.08163
vt 0.07246 0.08342
vt 0.07753 0.08642
vt 0.07327 0.07383
vt 0.06856 0.08034
vt 0.06557 0.08433
vt 0.07060 0.07680
vt 0.06405 0.07736
vt 0.06079 0.08099
vt 0.05771 0.07630
vt 0.08402 0.07597
vt 0.08533 0.07792
vt 0.05451 0.07816
vt 0.04890 0.07582
vt 0.04981 0.07969
vt 0.04396 0.07876
vt 0.04066 0.07595
vt 0.08795 0.07776
vt 0.03683 0.07823
vt 0.03469 0.07558
vt 0.07564 0.07135
vt 0.06970 0.07319
vt 0.08272 0.08038
vt 0.08645 0.08100
vt 0.06276 0.07278
vt 0.07037 0.06767
vt 0.07658 0.06749
vt 0.07559 0.06537
vt 0.08048 0.06950
vt 0.08075 0.06692
vt 0.08388 0.06827
vt 0.04404 0.07305
vt 0.05336 0.07297
vt 0.03909 0.07378
vt 0.08758 0.08015
vt 0.08740 0.08256
vt 0.08904 0.08165
vt 0.09208 0.08096
vt 0.09164 0.08223
vt 0.06481 0.06877
vt 0.08134 0.06537
vt 0.08560 0.06650
vt 0.08126 0.07171
vt 0.09339 0.08223
vt 0.09419 0.08161
vt 0.09446 0.08247
vt 0.03476 0.07286
vt 0.03823 0.07102
vt 0.05467 0.06942
vt 0.04664 0.06927
vt 0.06781 0.06384
vt 0.08579 0.06452
vt 0.08821 0.06640
vt 0.08860 0.06534
vt 0.09145 0.06599
vt 0.09208 0.06433
vt 0.09338 0.06554
vt 0.09408 0.06384
vt 0.09473 0.06573
vt 0.09533 0.06505
vt 0.09467 0.06702
vt 0.09562 0.06642
vt 0.09616 0.06570
vt 0.06215 0.06606
vt 0.03431 0.06962
vt 0.07430 0.06354
vt 0.08592 0.06933
vt 0.08869 0.07040
vt 0.08737 0.06752
vt 0.05406 0.06612
vt 0.09303 0.07060
vt 0.09015 0.07929
vt 0.09262 0.07784
vt 0.09005 0.06739
vt 0.09255 0.06770
vt 0.09512 0.06868
vt 0.09186 0.06861
vt 0.08929 0.06845
vt 0.09591 0.06729
vt 0.09771 0.06821
vt 0.09536 0.07026
vt 0.09506 0.07141
vt 0.09701 0.06912
vt 0.09759 0.07025
vt 0.09856 0.06941
vt 0.09394 0.07831
vt 0.09482 0.07993
vt 0.09604 0.08072
vt 0.09594 0.07868
vt 0.09774 0.07991
vt 0.09696 0.07834
vt 0.09831 0.07886
vt 0.09863 0.08027
vt 0.09719 0.08171
vt 0.09657 0.07688
vt 0.09522 0.07725
vt 0.09942 0.08169
vt 0.09997 0.07888
vt 0.09569 0.08219
vt 0.09808 0.07762
vt 0.10045 0.08036
vt 0.09766 0.07671
vt 0.09798 0.07612
vt 0.09726 0.08355
vt 0.09989 0.07778
vt 0.10134 0.08119
vt 0.09876 0.07660
vt 0.23059 0.51627
vt 0.23106 0.51034
vt 0.22784 0.51472
vt 0.22579 0.51759
vt 0.22453 0.51571
vt 0.22369 0.51414
vt 0.23502 0.51323
vt 0.23770 0.51579
vt 0.23630 0.51009
vt 0.22111 0.51516
vt 0.24065 0.51206
vt 0.24224 0.50889
vt 0.24152 0.51537
vt 0.24920 0.51152
vt 0.24448 0.51317
vt 0.24857 0.51428
vt 0.25933 0.51204
vt 0.25829 0.50991
vt 0.26649 0.51036
vt 0.26584 0.51382
vt 0.27221 0.51075
vt 0.23617 0.50638
vt 0.23110 0.50694
vt 0.24947 0.50799
vt 0.27307 0.51314
vt 0.24196 0.50601
vt 0.23677 0.50307
vt 0.25981 0.50755
vt 0.26828 0.50719
vt 0.27248 0.50792
vt 0.23060 0.50478
vt 0.22363 0.51677
vt 0.23962 0.50039
vt 0.24425 0.50190
vt 0.24979 0.50508
vt 0.23257 0.49890
vt 0.23217 0.50197
vt 0.22674 0.50156
vt 0.27554 0.51156
vt 0.28086 0.51317
vt 0.27969 0.50935
vt 0.28114 0.51156
vt 0.28508 0.50932
vt 0.25883 0.50412
vt 0.22127 0.51655
vt 0.22138 0.51784
vt 0.21863 0.51758
vt 0.21860 0.51616
vt 0.21984 0.51453
vt 0.21568 0.51693
vt 0.21537 0.51832
vt 0.21427 0.51818
vt 0.24141 0.49796
vt 0.26676 0.50399
vt 0.27070 0.50408
vt 0.25193 0.50081
vt 0.24790 0.49790
vt 0.21335 0.51666
vt 0.21391 0.51578
vt 0.27681 0.50483
vt 0.28260 0.50718
vt 0.28795 0.51095
vt 0.28513 0.51231
vt 0.29075 0.50831
vt 0.23468 0.49527
vt 0.29136 0.51382
vt 0.29389 0.51198
vt 0.21665 0.51473
vt 0.21851 0.51455
vt 0.21177 0.51511
vt 0.21808 0.51358
vt 0.22793 0.49695
vt 0.22490 0.49930
vt 0.22172 0.49825
vt 0.22142 0.49961
vt 0.21831 0.49713
vt 0.22544 0.51184
vt 0.22557 0.50927
vt 0.22100 0.51065
vt 0.22291 0.50901
vt 0.22319 0.50807
vt 0.22003 0.51180
vt 0.21697 0.51088
vt 0.21791 0.49872
vt 0.21422 0.49696
vt 0.21333 0.49885
vt 0.20928 0.49629
vt 0.21007 0.49526
vt 0.25794 0.51513
vt 0.22792 0.50623
vt 0.22427 0.50671
vt 0.22254 0.50129
vt 0.22359 0.50269
vt 0.21580 0.51175
vt 0.22565 0.50535
vt 0.22201 0.50514
vt 0.21865 0.50592
vt 0.22117 0.50891
vt 0.22051 0.50963
vt 0.20702 0.49527
vt 0.28858 0.51513
vt 0.21680 0.51385
vt 0.23426 0.51931
vt 0.23957 0.51973
vt 0.23520 0.52286
vt 0.23328 0.52080
vt 0.23051 0.52386
vt 0.23111 0.52214
vt 0.22785 0.52182
vt 0.22606 0.52409
vt 0.22385 0.52217
vt 0.22607 0.52093
vt 0.22865 0.51960
vt 0.22551 0.51986
vt 0.22261 0.52100
vt 0.21939 0.52119
vt 0.22264 0.52026
vt 0.22069 0.52051
vt 0.22698 0.52483
vt 0.22143 0.52418
vt 0.22281 0.52496
vt 0.22038 0.52550
vt 0.21797 0.52448
vt 0.21862 0.52592
vt 0.21576 0.52612
vt 0.21555 0.52480
vt 0.21485 0.52328
vt 0.24256 0.51786
vt 0.26564 0.51764
vt 0.27091 0.51642
vt 0.27657 0.51663
vt 0.28148 0.51582
vt 0.24244 0.52162
vt 0.21792 0.50384
vt 0.21630 0.50334
vt 0.21583 0.50443
vt 0.24949 0.51699
vt 0.25585 0.51723
vt 0.22068 0.51955
vt 0.22063 0.50827
vt 0.22093 0.52679
vt 0.21850 0.52703
vt 0.22366 0.52594
vt 0.21437 0.50335
vt 0.21417 0.50457
vt 0.22627 0.52628
vt 0.21234 0.50398
vt 0.21799 0.52302
vt 0.22307 0.51918
vt 0.21213 0.50533
vt 0.21675 0.50743
vt 0.23057 0.52503
vt 0.27865 0.52073
vt 0.27501 0.51976
vt 0.23544 0.52514
vt 0.28230 0.51884
vt 0.24172 0.52340
vt 0.27104 0.52000
vt 0.21407 0.50666
vt 0.25331 0.52024
vt 0.26249 0.52047
vt 0.24734 0.52162
vt 0.28305 0.52106
vt 0.21596 0.52772
vt 0.26758 0.52072
vt 0.22034 0.52841
vt 0.21956 0.51994
vt 0.21664 0.52059
vt 0.21353 0.52179
vt 0.21385 0.52717
vt 0.22991 0.52682
vt 0.28674 0.51816
vt 0.28608 0.52276
vt 0.27867 0.52307
vt 0.29039 0.51924
vt 0.29242 0.52092
vt 0.22553 0.52806
vt 0.27324 0.52336
vt 0.29559 0.51804
vt 0.29683 0.52188
vt 0.26835 0.52390
vt 0.30389 0.51900
vt 0.30100 0.51664
vt 0.30778 0.51603
vt 0.31271 0.51771
vt 0.31349 0.51437
vt 0.08310 0.30026
vt 0.08032 0.29860
vt 0.08268 0.29552
vt 0.08052 0.30116
vt 0.08455 0.29896
vt 0.08302 0.30588
vt 0.08465 0.30412
vt 0.08557 0.30215
vt 0.08544 0.29497
vt 0.07838 0.29854
vt 0.07889 0.30040
vt 0.08352 0.29361
vt 0.08513 0.29147
vt 0.08326 0.28956
vt 0.08557 0.28741
vt 0.08118 0.29293
vt 0.08115 0.29177
vt 0.08353 0.28532
vt 0.07964 0.29335
vt 0.08261 0.28637
vt 0.08116 0.29441
vt 0.08015 0.30478
vt 0.07853 0.30198
vt 0.08063 0.30765
vt 0.07890 0.30722
vt 0.08230 0.31058
vt 0.08006 0.29602
vt 0.07893 0.29668
vt 0.07675 0.30281
vt 0.07821 0.30458
vt 0.07829 0.30606
vt 0.07631 0.30374
vt 0.07737 0.30487
vt 0.07949 0.30963
vt 0.07803 0.30907
vt 0.08202 0.28821
vt 0.08150 0.28728
vt 0.08103 0.28908
vt 0.08009 0.28759
vt 0.07982 0.28682
vt 0.07776 0.31017
vt 0.07972 0.28828
vt 0.07912 0.29546
vt 0.07785 0.29599
vt 0.07708 0.29506
vt 0.07618 0.30964
vt 0.07693 0.29678
vt 0.07794 0.30780
vt 0.07531 0.30268
vt 0.07453 0.29537
vt 0.07895 0.28667
vt 0.83566 0.95515
vt 0.83848 0.95269
vt 0.83276 0.95282
vt 0.83940 0.95619
vt 0.83466 0.95113
vt 0.83292 0.95455
vt 0.83084 0.95067
vt 0.83307 0.95644
vt 0.83687 0.95732
vt 0.84002 0.95753
vt 0.84030 0.95622
vt 0.83985 0.95408
vt 0.83734 0.95166
vt 0.83892 0.95067
vt 0.83098 0.95249
vt 0.83130 0.95540
vt 0.83887 0.95856
vt 0.71866 0.93534
vt 0.71938 0.93064
vt 0.72043 0.93453
vt 0.71588 0.93384
vt 0.71649 0.93900
vt 0.71499 0.93722
vt 0.71530 0.93910
vt 0.71778 0.92691
vt 0.71503 0.92853
vt 0.71721 0.92355
vt 0.71412 0.93250
vt 0.72043 0.92226
vt 0.72040 0.92760
vt 0.71668 0.94076
vt 0.71887 0.94171
vt 0.72040 0.93739
vt 0.71994 0.94010
vt 0.71794 0.94278
vt 0.65654 0.87757
vt 0.65644 0.87392
vt 0.65508 0.87670
vt 0.65491 0.88074
vt 0.65260 0.87800
vt 0.65313 0.87545
vt 0.65503 0.87435
vt 0.65655 0.88074
vt 0.65577 0.88279
vt 0.65577 0.87253
vt 0.32572 0.99438
vt 0.32484 0.99677
vt 0.32687 0.99636
vt 0.32835 0.99627
vt 0.32834 0.99759
vt 0.32997 0.99582
vt 0.32219 0.99543
vt 0.32259 0.99356
vt 0.32200 0.99652
vt 0.32010 0.99542
vt 0.31979 0.99635
vt 0.32462 0.99220
vt 0.32848 0.99317
vt 0.33090 0.99371
vt 0.32778 0.99171
vt 0.33230 0.99175
vt 0.32199 0.99226
vt 0.33320 0.99220
vt 0.32627 0.99746
vt 0.32689 0.99882
vt 0.27955 0.37590
vt 0.27515 0.37542
vt 0.27656 0.37718
vt 0.27443 0.37763
vt 0.27134 0.37621
vt 0.27261 0.37451
vt 0.27631 0.37973
vt 0.27871 0.37798
vt 0.28250 0.37596
vt 0.28229 0.37473
vt 0.28431 0.37451
vt 0.28089 0.37810
vt 0.27903 0.37452
vt 0.27215 0.37910
vt 0.26834 0.37611
vt 0.27873 0.38042
vt 0.27681 0.38161
vt 0.27548 0.38141
vt 0.26710 0.37810
vt 0.26459 0.37637
vt 0.26845 0.38038
vt 0.27157 0.38133
vt 0.83906 0.60418
vt 0.83810 0.60567
vt 0.84045 0.60620
vt 0.84208 0.60460
vt 0.83692 0.60452
vt 0.84196 0.60628
vt 0.84081 0.60774
vt 0.83636 0.60526
vt 0.84345 0.60526
vt 0.84231 0.60813
vt 0.84278 0.60668
vt 0.83754 0.60339
vt 0.87867 0.09465
vt 0.87951 0.09274
vt 0.87582 0.09279
vt 0.88157 0.09392
vt 0.88368 0.09290
vt 0.87711 0.09511
vt 0.88009 0.09153
vt 0.87557 0.09017
vt 0.87413 0.09081
vt 0.87575 0.09466
vt 0.87398 0.09249
vt 0.87842 0.08958
vt 0.87263 0.08958
vt 0.88294 0.09174
vt 0.53647 0.30302
vt 0.53481 0.30336
vt 0.53619 0.29981
vt 0.53431 0.30478
vt 0.53822 0.29894
vt 0.53581 0.29765
vt 0.53487 0.29981
vt 0.53431 0.29677
vt 0.53460 0.30616
vt 0.53591 0.30663
vt 0.53755 0.29764
vt 0.53954 0.29772
vt 0.53814 0.30210
vt 0.53723 0.30511
vt 0.54062 0.29895
vt 0.54062 0.29637
vt 0.53843 0.29707
vt 0.29585 0.99483
vt 0.29291 0.99484
vt 0.29423 0.99660
vt 0.29226 0.99710
vt 0.29083 0.99618
vt 0.29072 0.99724
vt 0.29385 0.99345
vt 0.29006 0.99320
vt 0.29150 0.99239
vt 0.28987 0.99138
vt 0.28664 0.99106
vt 0.28945 0.99001
vt 0.29083 0.98964
vt 0.28946 0.99488
vt 0.28721 0.98958
vt 0.28591 0.98856
vt 0.28501 0.99326
vt 0.28273 0.98867
vt 0.28792 0.99529
vt 0.29150 0.99050
vt 0.28935 0.99698
vt 0.29497 0.99250
vt 0.29290 0.99065
vt 0.29627 0.99386
vt 0.29246 0.98860
vt 0.29771 0.99299
vt 0.29442 0.99055
vt 0.29407 0.98867
vt 0.43750 0.88535
vt 0.43984 0.88535
vt 0.43864 0.88639
vt 0.44133 0.88650
vt 0.44153 0.88505
vt 0.44253 0.88566
vt 0.44044 0.88928
vt 0.43869 0.88969
vt 0.43853 0.89211
vt 0.44151 0.89276
vt 0.43678 0.89246
vt 0.44195 0.88840
vt 0.43752 0.88951
vt 0.44329 0.88737
vt 0.43828 0.88815
vt 0.44251 0.89069
vt 0.43787 0.89390
vt 0.43568 0.89760
vt 0.44090 0.89543
vt 0.43803 0.89937
vt 0.44309 0.89277
vt 0.44361 0.88989
vt 0.44360 0.88590
vt 0.44052 0.88384
vt 0.44309 0.88451
vt 0.44192 0.88368
vt 0.43886 0.88358
vt 0.43650 0.88528
vt 0.43710 0.88621
vt 0.43604 0.88622
vt 0.43494 0.88573
vt 0.43768 0.88614
vt 0.22332 0.08626
vt 0.22195 0.08527
vt 0.22401 0.08478
vt 0.22516 0.08575
vt 0.22516 0.08357
vt 0.22396 0.08327
vt 0.22312 0.08428
vt 0.22368 0.08789
vt 0.22249 0.08398
vt 0.22186 0.08800
vt 0.22093 0.08623
vt 0.22043 0.08799
vt 0.37185 0.35360
vt 0.37321 0.35235
vt 0.37335 0.35518
vt 0.37412 0.35422
vt 0.37421 0.35162
vt 0.37421 0.35556
vt 0.21941 0.69626
vt 0.21918 0.69811
vt 0.22130 0.69601
vt 0.22027 0.69514
vt 0.21740 0.69629
vt 0.21869 0.69530
vt 0.21648 0.69512
vt 0.22190 0.69759
vt 0.22098 0.69416
vt 0.21964 0.69443
vt 0.21931 0.69554
vt 0.22200 0.69512
vt 0.21771 0.69809
vt 0.60844 0.51120
vt 0.60775 0.51001
vt 0.60680 0.51208
vt 0.60629 0.50947
vt 0.60817 0.51342
vt 0.60558 0.51231
vt 0.60488 0.50989
vt 0.60371 0.51120
vt 0.60529 0.51341
vt 0.60753 0.51342
vt 0.26555 0.05012
vt 0.26478 0.05121
vt 0.26603 0.05231
vt 0.26404 0.05249
vt 0.26702 0.05091
vt 0.26746 0.05193
vt 0.26293 0.05012
vt 0.26261 0.05110
vt 0.25981 0.05068
vt 0.25939 0.05169
vt 0.26200 0.05229
vt 0.25749 0.05055
vt 0.26774 0.05055
vt 0.25986 0.04696
vt 0.25986 0.04538
vt 0.25749 0.04570
vt 0.98410 0.76961
vt 0.98575 0.77013
vt 0.98496 0.76914
vt 0.98474 0.77051
vt 0.98314 0.76914
vt 0.98288 0.77002
vt 0.98354 0.77105
vt 0.98435 0.77558
vt 0.98586 0.77861
vt 0.98599 0.77505
vt 0.98451 0.77934
vt 0.98423 0.77270
vt 0.98535 0.77180
vt 0.98627 0.78132
vt 0.98445 0.78224
vt 0.98307 0.77903
vt 0.98699 0.77836
vt 0.98301 0.78335
vt 0.98641 0.77169
vt 0.98325 0.77748
vt 0.98239 0.77761
vt 0.98241 0.77559
vt 0.98147 0.77681
vt 0.98265 0.77252
vt 0.13106 0.89688
vt 0.12983 0.89816
vt 0.13131 0.89783
vt 0.13055 0.89927
vt 0.12894 0.89714
vt 0.12899 0.89569
vt 0.12723 0.89780
vt 0.12673 0.89588
vt 0.12699 0.89417
vt 0.12794 0.89391
vt 0.12659 0.89302
vt 0.12363 0.89484
vt 0.12284 0.89720
vt 0.12062 0.89384
vt 0.12522 0.89349
vt 0.11896 0.89545
vt 0.12012 0.89803
vt 0.11632 0.89391
vt 0.12180 0.89903
vt 0.12100 0.90016
vt 0.12474 0.89788
vt 0.12690 0.89879
vt 0.11860 0.89227
vt 0.12317 0.89268
vt 0.11775 0.89540
vt 0.64629 0.19455
vt 0.65339 0.19455
vt 0.64771 0.19692
vt 0.11916 0.35232
vt 0.12232 0.35356
vt 0.11726 0.34989
vt 0.12001 0.36002
vt 0.11677 0.35693
vt 0.11662 0.36434
vt 0.11935 0.36764
vt 0.12337 0.36809
vt 0.12058 0.37312
vt 0.12286 0.37774
vt 0.11800 0.37546
vt 0.11620 0.38060
vt 0.11600 0.37442
vt 0.11949 0.37959
vt 0.11830 0.38796
vt 0.11678 0.37005
vt 0.11481 0.37004
vt 0.11408 0.36472
vt 0.11492 0.36181
vt 0.11507 0.35688
vt 0.12201 0.38496
vt 0.11977 0.39091
vt 0.12126 0.39705
vt 0.11958 0.39894
vt 0.12017 0.40593
vt 0.11480 0.35104
vt 0.12810 0.47418
vt 0.12547 0.47292
vt 0.12837 0.47145
vt 0.12665 0.46995
vt 0.12972 0.46947
vt 0.12385 0.47039
vt 0.12228 0.47209
vt 0.12363 0.47432
vt 0.12140 0.46994
vt 0.11926 0.47074
vt 0.12546 0.47618
vt 0.12047 0.47396
vt 0.11909 0.47632
vt 0.11690 0.47495
vt 0.11720 0.47148
vt 0.11508 0.47231
vt 0.12220 0.47568
vt 0.12475 0.45090
vt 0.12101 0.44750
vt 0.12445 0.44510
vt 0.12141 0.44120
vt 0.12467 0.43723
vt 0.12253 0.45418
vt 0.12186 0.43317
vt 0.12757 0.43891
vt 0.12720 0.45049
vt 0.12786 0.43315
vt 0.12558 0.42902
vt 0.12596 0.45559
vt 0.13048 0.43882
vt 0.12215 0.45722
vt 0.12693 0.45852
vt 0.11756 0.43798
vt 0.11684 0.43115
vt 0.11703 0.44339
vt 0.11471 0.43553
vt 0.11408 0.42876
vt 0.12267 0.42623
vt 0.11474 0.44169
vt 0.11637 0.44797
vt 0.11594 0.42426
vt 0.12012 0.42308
vt 0.12283 0.41842
vt 0.11924 0.41685
vt 0.12252 0.40867
vt 0.12333 0.39979
vt 0.11902 0.45156
vt 0.11622 0.45328
vt 0.11829 0.45673
vt 0.12751 0.42426
vt 0.13083 0.42980
vt 0.13213 0.43446
vt 0.11636 0.45733
vt 0.12937 0.45546
vt 0.12988 0.44302
vt 0.13289 0.44148
vt 0.13235 0.44639
vt 0.13057 0.44802
vt 0.12817 0.44500
vt 0.12953 0.45158
vt 0.12823 0.45412
vt 0.11830 0.46115
vt 0.11681 0.46294
vt 0.12206 0.46059
vt 0.11904 0.46583
vt 0.11651 0.46684
vt 0.11881 0.46840
vt 0.12219 0.46772
vt 0.12271 0.46497
vt 0.12544 0.46672
vt 0.12496 0.46896
vt 0.12702 0.46823
vt 0.13004 0.46797
vt 0.11613 0.46913
vt 0.12964 0.46488
vt 0.12617 0.46240
vt 0.13075 0.45995
vt 0.13113 0.45662
vt 0.11575 0.40153
vt 0.11357 0.39593
vt 0.11725 0.39490
vt 0.11280 0.40155
vt 0.11318 0.40653
vt 0.11515 0.40804
vt 0.11317 0.41241
vt 0.11765 0.41150
vt 0.11537 0.39194
vt 0.11376 0.38834
vt 0.11592 0.41799
vt 0.11295 0.38118
vt 0.11351 0.37585
vt 0.11818 0.40500
vt 0.11269 0.41906
vt 0.11382 0.42291
vt 0.11253 0.42648
vt 0.11149 0.38493
vt 0.11363 0.37142
vt 0.11080 0.39121
vt 0.11133 0.39781
vt 0.11294 0.43184
vt 0.11332 0.43652
vt 0.08851 0.68713
vt 0.08604 0.68572
vt 0.08243 0.68709
vt 0.08069 0.68480
vt 0.07792 0.68656
vt 0.07605 0.68470
vt 0.07332 0.68557
vt 0.03458 0.69343
vt 0.03707 0.69614
vt 0.04422 0.69584
vt 0.04645 0.69813
vt 0.03032 0.69422
vt 0.05350 0.69790
vt 0.05301 0.70043
vt 0.05848 0.70197
vt 0.06024 0.69904
vt 0.02900 0.69254
vt 0.02429 0.69260
vt 0.02483 0.69091
vt 0.01823 0.69010
vt 0.06601 0.70323
vt 0.01653 0.68817
vt 0.01216 0.68848
vt 0.03109 0.69074
vt 0.04756 0.69317
vt 0.04127 0.69239
vt 0.05466 0.69538
vt 0.02387 0.68917
vt 0.06465 0.69988
vt 0.06139 0.69424
vt 0.05313 0.69217
vt 0.03522 0.68997
vt 0.06826 0.69383
vt 0.02853 0.68938
vt 0.06357 0.69136
vt 0.06774 0.68939
vt 0.07355 0.69228
vt 0.07215 0.68780
vt 0.07746 0.69156
vt 0.08120 0.69659
vt 0.05955 0.69040
vt 0.06991 0.69894
vt 0.07528 0.69751
vt 0.04770 0.69008
vt 0.05389 0.68948
vt 0.08177 0.69340
vt 0.08238 0.69009
vt 0.08603 0.69375
vt 0.07756 0.68910
vt 0.08864 0.68922
vt 0.06958 0.70193
vt 0.04113 0.68956
vt 0.07308 0.70466
vt 0.07562 0.70189
vt 0.08130 0.70002
vt 0.07741 0.70417
vt 0.08029 0.70214
vt 0.08124 0.70378
vt 0.06704 0.68716
vt 0.06823 0.68550
vt 0.01928 0.68721
vt 0.01144 0.68664
vt 0.06276 0.68755
vt 0.05759 0.68813
vt 0.08242 0.70572
vt 0.07785 0.70543
vt 0.03739 0.68804
vt 0.03233 0.68755
vt 0.02625 0.68729
vt 0.06392 0.68517
vt 0.83583 0.12037
vt 0.83807 0.12304
vt 0.83921 0.12038
vt 0.84124 0.12273
vt 0.84015 0.12785
vt 0.84196 0.12843
vt 0.84003 0.13173
vt 0.83646 0.12625
vt 0.83376 0.12113
vt 0.83625 0.11748
vt 0.83320 0.11816
vt 0.83388 0.11563
vt 0.83643 0.11579
vt 0.83928 0.11797
vt 0.83918 0.11588
vt 0.84264 0.15416
vt 0.84153 0.14744
vt 0.84035 0.15588
vt 0.84235 0.15962
vt 0.84017 0.16689
vt 0.84199 0.16591
vt 0.84096 0.17167
vt 0.84351 0.14804
vt 0.84228 0.14403
vt 0.84425 0.14080
vt 0.84262 0.13823
vt 0.84376 0.13494
vt 0.84304 0.13063
vt 0.84417 0.13052
vt 0.84488 0.12378
vt 0.84619 0.12486
vt 0.84661 0.12068
vt 0.84152 0.13408
vt 0.84336 0.12302
vt 0.84279 0.12050
vt 0.84465 0.12075
vt 0.84364 0.11887
vt 0.84595 0.11828
vt 0.84401 0.11594
vt 0.84134 0.11813
vt 0.84192 0.11564
vt 0.84645 0.11563
vt 0.84114 0.13896
vt 0.59799 0.25412
vt 0.59764 0.25112
vt 0.59214 0.25470
vt 0.59159 0.25612
vt 0.59305 0.24050
vt 0.59262 0.24845
vt 0.58895 0.25162
vt 0.58775 0.25477
vt 0.59047 0.24419
vt 0.58687 0.24078
vt 0.58476 0.24692
vt 0.58206 0.24316
vt 0.57603 0.24470
vt 0.58151 0.24033
vt 0.57532 0.24046
vt 0.65132 0.67601
vt 0.65086 0.67808
vt 0.64813 0.67608
vt 0.64958 0.68280
vt 0.65218 0.68178
vt 0.65063 0.68769
vt 0.65237 0.68581
vt 0.65344 0.67662
vt 0.65078 0.67363
vt 0.64836 0.67348
vt 0.65452 0.67344
vt 0.65469 0.68001
vt 0.65145 0.67098
vt 0.65553 0.67117
vt 0.65582 0.67601
vt 0.65900 0.67218
vt 0.65443 0.68525
vt 0.66048 0.67550
vt 0.65751 0.68091
vt 0.66297 0.67310
vt 0.66170 0.67147
vt 0.66335 0.67605
vt 0.66196 0.67961
vt 0.65973 0.68510
vt 0.66599 0.68277
vt 0.66816 0.67845
vt 0.67153 0.68314
vt 0.64762 0.67048
vt 0.65129 0.69140
vt 0.65084 0.69971
vt 0.64943 0.69695
vt 0.64909 0.70452
vt 0.65043 0.74279
vt 0.64958 0.75134
vt 0.64688 0.74830
vt 0.64616 0.74376
vt 0.64643 0.75458
vt 0.64746 0.73727
vt 0.65121 0.73444
vt 0.64922 0.75682
vt 0.64689 0.76180
vt 0.65093 0.76216
vt 0.64745 0.73208
vt 0.64956 0.72774
vt 0.64626 0.72578
vt 0.64944 0.76591
vt 0.64660 0.76681
vt 0.65194 0.76843
vt 0.65264 0.75691
vt 0.65242 0.74939
vt 0.65264 0.72718
vt 0.65293 0.76328
vt 0.65035 0.72059
vt 0.64769 0.72164
vt 0.65261 0.73724
vt 0.65379 0.73196
vt 0.65378 0.74249
vt 0.64831 0.71641
vt 0.65321 0.72233
vt 0.65259 0.71607
vt 0.64867 0.77070
vt 0.65094 0.77470
vt 0.65404 0.75074
vt 0.64851 0.77573
vt 0.64709 0.77461
vt 0.64728 0.77751
vt 0.65451 0.72709
vt 0.64888 0.71184
vt 0.65010 0.70862
vt 0.65560 0.73693
vt 0.65493 0.76582
vt 0.65441 0.77365
vt 0.65595 0.72165
vt 0.65638 0.73101
vt 0.65868 0.71402
vt 0.65506 0.71129
vt 0.66086 0.70730
vt 0.65667 0.70619
vt 0.65745 0.70090
vt 0.66218 0.70306
vt 0.66002 0.69512
vt 0.66518 0.70359
vt 0.66664 0.69933
vt 0.66331 0.69685
vt 0.66444 0.69248
vt 0.66238 0.68934
vt 0.66661 0.69674
vt 0.66750 0.69486
vt 0.66608 0.69107
vt 0.65873 0.69221
vt 0.65555 0.69718
vt 0.66489 0.68828
vt 0.66301 0.70964
vt 0.65197 0.70563
vt 0.65954 0.68735
vt 0.66426 0.68675
vt 0.65337 0.70054
vt 0.65239 0.69269
vt 0.65379 0.68809
vt 0.65573 0.68913
vt 0.66718 0.68877
vt 0.66824 0.68588
vt 0.64704 0.70976
vt 0.64649 0.71426
vt 0.64526 0.72031
vt 0.64470 0.72695
vt 0.64472 0.73262
vt 0.64490 0.73928
vt 0.64403 0.74429
vt 0.64445 0.75206
vt 0.64344 0.76304
vt 0.64316 0.73634
vt 0.64202 0.75470
vt 0.64239 0.74777
vt 0.64077 0.76446
vt 0.64525 0.76898
vt 0.64270 0.77090
vt 0.64322 0.73095
vt 0.64113 0.74014
vt 0.64662 0.77092
vt 0.64517 0.77319
vt 0.64465 0.77736
vt 0.64693 0.78092
vt 0.64496 0.78264
vt 0.64175 0.78367
vt 0.64633 0.78646
vt 0.64676 0.79242
vt 0.64902 0.79282
vt 0.64769 0.78600
vt 0.65140 0.79454
vt 0.64978 0.78705
vt 0.64978 0.78006
vt 0.65147 0.78483
vt 0.65360 0.78873
vt 0.65586 0.79349
vt 0.65434 0.78420
vt 0.65299 0.77950
vt 0.65847 0.78797
vt 0.65828 0.77682
vt 0.65776 0.78255
vt 0.65731 0.76669
vt 0.65582 0.75759
vt 0.65791 0.75997
vt 0.65628 0.74887
vt 0.65758 0.74055
vt 0.65949 0.73272
vt 0.65840 0.72483
vt 0.65948 0.71944
vt 0.66314 0.71750
vt 0.27960 0.73139
vt 0.27541 0.73323
vt 0.28264 0.73497
vt 0.28550 0.73224
vt 0.28846 0.73492
vt 0.29365 0.73319
vt 0.29441 0.73546
vt 0.29825 0.73483
vt 0.30061 0.73322
vt 0.29801 0.73671
vt 0.30356 0.73601
vt 0.27360 0.72968
vt 0.27712 0.73653
vt 0.29001 0.73704
vt 0.28328 0.73729
vt 0.30166 0.73781
vt 0.30938 0.73855
vt 0.31198 0.73622
vt 0.31347 0.73810
vt 0.31977 0.73846
vt 0.31645 0.73611
vt 0.32355 0.73684
vt 0.29356 0.73820
vt 0.32397 0.73982
vt 0.29910 0.73879
vt 0.30590 0.73932
vt 0.31888 0.73988
vt 0.31414 0.74010
vt 0.32688 0.73808
vt 0.32959 0.73621
vt 0.33058 0.73853
vt 0.28976 0.74019
vt 0.27953 0.73890
vt 0.33521 0.73638
vt 0.28347 0.74046
vt 0.33554 0.73845
vt 0.34273 0.73689
vt 0.34282 0.73893
vt 0.34802 0.73737
vt 0.33976 0.74014
vt 0.34549 0.74059
vt 0.35149 0.73980
vt 0.35504 0.73760
vt 0.35762 0.74012
vt 0.29741 0.74017
vt 0.27902 0.74191
vt 0.27322 0.73656
vt 0.26926 0.73499
vt 0.26983 0.73819
vt 0.26853 0.73292
vt 0.00118 0.15509
vt 0.00749 0.15509
vt 0.00169 0.15983
vt 0.66582 0.35674
vt 0.66128 0.35714
vt 0.66310 0.35258
vt 0.66601 0.35434
vt 0.66582 0.35083
vt 0.98573 0.58653
vt 0.98337 0.58964
vt 0.98186 0.58554
vt 0.98740 0.58993
vt 0.98375 0.59155
vt 0.98493 0.58271
vt 0.98865 0.58626
vt 0.98720 0.58122
vt 0.99039 0.58692
vt 0.99048 0.58273
vt 0.98963 0.57846
vt 0.98692 0.57841
vt 0.99242 0.57919
vt 0.99330 0.58127
vt 0.99292 0.58416
vt 0.98936 0.57578
vt 0.98583 0.57499
vt 0.98915 0.57108
vt 0.99175 0.57241
vt 0.98457 0.56960
vt 0.98596 0.56466
vt 0.98254 0.56182
vt 0.98921 0.56384
vt 0.99216 0.56817
vt 0.98586 0.52831
vt 0.98637 0.53105
vt 0.98394 0.53236
vt 0.98608 0.53623
vt 0.98261 0.53896
vt 0.98565 0.54105
vt 0.98851 0.52773
vt 0.98282 0.54370
vt 0.98651 0.54523
vt 0.98893 0.53248
vt 0.98660 0.52524
vt 0.98925 0.52463
vt 0.98937 0.53937
vt 0.98925 0.54359
vt 0.99064 0.52750
vt 0.99091 0.53373
vt 0.99271 0.52876
vt 0.98416 0.54803
vt 0.98893 0.54829
vt 0.97926 0.54783
vt 0.99292 0.52583
vt 0.99185 0.52368
vt 0.98519 0.55251
vt 0.98077 0.55421
vt 0.98789 0.55556
vt 0.98488 0.55829
vt 0.99013 0.55963
vt 0.97831 0.54198
vt 0.34451 0.33529
vt 0.34808 0.33277
vt 0.35055 0.33582
vt 0.35378 0.33318
vt 0.35914 0.33491
vt 0.35501 0.33719
vt 0.36013 0.33766
vt 0.36521 0.33573
vt 0.36488 0.33906
vt 0.37037 0.33853
vt 0.37014 0.33509
vt 0.37514 0.33618
vt 0.37502 0.33982
vt 0.38310 0.33756
vt 0.38103 0.34207
vt 0.38735 0.34240
vt 0.39293 0.33907
vt 0.39445 0.34490
vt 0.38832 0.33478
vt 0.39604 0.33630
vt 0.39878 0.33991
vt 0.40342 0.33759
vt 0.40211 0.34395
vt 0.34562 0.33030
vt 0.40778 0.34139
vt 0.41004 0.33654
vt 0.36956 0.34138
vt 0.35133 0.33808
vt 0.40938 0.34603
vt 0.35710 0.33997
vt 0.37576 0.34332
vt 0.34508 0.33788
vt 0.36925 0.34378
vt 0.41297 0.34212
vt 0.41199 0.33835
vt 0.41395 0.33505
vt 0.41455 0.34577
vt 0.38639 0.34547
vt 0.35937 0.34291
vt 0.41643 0.33795
vt 0.41689 0.34268
vt 0.37800 0.34538
vt 0.40683 0.33438
vt 0.42163 0.33593
vt 0.42111 0.33948
vt 0.34849 0.34251
vt 0.35375 0.34337
vt 0.42800 0.33882
vt 0.42806 0.33667
vt 0.43372 0.33853
vt 0.43337 0.34143
vt 0.43587 0.34158
vt 0.43697 0.33962
vt 0.43896 0.34164
vt 0.43914 0.33836
vt 0.43583 0.33679
vt 0.43767 0.34421
vt 0.43826 0.33595
vt 0.44182 0.33894
vt 0.43599 0.34489
vt 0.42033 0.34360
vt 0.42746 0.34209
vt 0.44140 0.34239
vt 0.44393 0.34018
vt 0.44260 0.33518
vt 0.44137 0.33652
vt 0.44558 0.33389
vt 0.44812 0.33745
vt 0.44636 0.34082
vt 0.44307 0.34419
vt 0.44563 0.34373
vt 0.44926 0.33332
vt 0.45242 0.33648
vt 0.45256 0.33346
vt 0.45523 0.33669
vt 0.45334 0.32900
vt 0.45124 0.32789
vt 0.45533 0.32568
vt 0.44740 0.32967
vt 0.45739 0.32836
vt 0.45844 0.32363
vt 0.45507 0.32337
vt 0.45052 0.32585
vt 0.45822 0.32172
vt 0.46064 0.32082
vt 0.45589 0.32062
vt 0.44321 0.33271
vt 0.44057 0.33342
vt 0.45119 0.33966
vt 0.45388 0.33952
vt 0.45764 0.33149
vt 0.45754 0.33410
vt 0.45245 0.32186
vt 0.45449 0.31849
vt 0.46005 0.31767
vt 0.45967 0.32604
vt 0.46137 0.32301
vt 0.44093 0.34522
vt 0.44916 0.34222
vt 0.44331 0.34619
vt 0.45261 0.34372
vt 0.43382 0.34426
vt 0.45661 0.33959
vt 0.45507 0.34417
vt 0.45374 0.34725
vt 0.45555 0.34763
vt 0.45490 0.35000
vt 0.45322 0.34923
vt 0.45679 0.34993
vt 0.45615 0.35203
vt 0.45480 0.35320
vt 0.45367 0.35191
vt 0.45144 0.35094
vt 0.45839 0.33715
vt 0.44766 0.34660
vt 0.45118 0.34653
vt 0.45839 0.35228
vt 0.46228 0.31791
vt 0.46373 0.32182
vt 0.41916 0.34735
vt 0.42401 0.34447
vt 0.42982 0.34424
vt 0.45916 0.35029
vt 0.45778 0.34738
vt 0.45728 0.34408
vt 0.46120 0.32832
vt 0.46051 0.33416
vt 0.46227 0.32474
vt 0.44407 0.34679
vt 0.46171 0.31379
vt 0.46403 0.31407
vt 0.46419 0.31156
vt 0.46245 0.31084
vt 0.46461 0.30863
vt 0.46607 0.30996
vt 0.46703 0.31154
vt 0.46305 0.30786
vt 0.46192 0.30894
vt 0.46679 0.30831
vt 0.46568 0.30659
vt 0.46616 0.31358
vt 0.46831 0.31028
vt 0.46524 0.31755
vt 0.46872 0.30755
vt 0.43783 0.33268
vt 0.46749 0.30457
vt 0.45922 0.34044
vt 0.43878 0.32998
vt 0.46508 0.30470
vt 0.46588 0.30128
vt 0.46811 0.30274
vt 0.46737 0.29999
vt 0.46587 0.29826
vt 0.46862 0.29776
vt 0.46801 0.29567
vt 0.47055 0.29531
vt 0.47125 0.29694
vt 0.47253 0.29532
vt 0.46306 0.30156
vt 0.47364 0.29659
vt 0.46620 0.29553
vt 0.47140 0.29284
vt 0.47317 0.29373
vt 0.47477 0.29518
vt 0.46957 0.29991
vt 0.46938 0.30154
vt 0.47075 0.29886
vt 0.47330 0.29223
vt 0.47341 0.29087
vt 0.47343 0.28906
vt 0.47543 0.28943
vt 0.47095 0.29037
vt 0.47647 0.28769
vt 0.47831 0.28794
vt 0.46978 0.30392
vt 0.47170 0.30119
vt 0.47109 0.30317
vt 0.47305 0.29782
vt 0.47446 0.29376
vt 0.39795 0.32700
vt 0.40244 0.32585
vt 0.39444 0.32400
vt 0.40481 0.32903
vt 0.39014 0.32319
vt 0.39209 0.32653
vt 0.38711 0.32407
vt 0.38357 0.32084
vt 0.38170 0.32260
vt 0.37773 0.31978
vt 0.37602 0.32080
vt 0.37249 0.31799
vt 0.36773 0.31811
vt 0.35216 0.31378
vt 0.35415 0.31109
vt 0.35773 0.31538
vt 0.36073 0.31330
vt 0.36268 0.31742
vt 0.36558 0.31531
vt 0.38581 0.32686
vt 0.37915 0.32508
vt 0.37188 0.32182
vt 0.39498 0.33053
vt 0.40282 0.33074
vt 0.38913 0.33209
vt 0.38127 0.33076
vt 0.37442 0.32816
vt 0.36581 0.32255
vt 0.37327 0.33234
vt 0.36985 0.32574
vt 0.36727 0.33125
vt 0.36254 0.32599
vt 0.36225 0.33151
vt 0.35608 0.33097
vt 0.35970 0.32068
vt 0.35372 0.31904
vt 0.35276 0.32248
vt 0.35589 0.32682
vt 0.34662 0.31831
vt 0.34702 0.32404
vt 0.39825 0.33440
vt 0.37919 0.33425
vt 0.34836 0.32811
vt 0.35164 0.33074
vt 0.36040 0.33324
vt 0.55955 0.92673
vt 0.55651 0.92889
vt 0.55923 0.93122
vt 0.55181 0.92657
vt 0.55096 0.92874
vt 0.55292 0.93131
vt 0.54614 0.92726
vt 0.33859 0.06523
vt 0.33338 0.06513
vt 0.33948 0.07134
vt 0.33685 0.06227
vt 0.33052 0.06896
vt 0.34472 0.06808
vt 0.34705 0.07407
vt 0.34010 0.07553
vt 0.33316 0.07271
vt 0.35159 0.07046
vt 0.35461 0.06790
vt 0.35794 0.07083
vt 0.36158 0.06830
vt 0.36250 0.07198
vt 0.36911 0.07041
vt 0.35424 0.07361
vt 0.36857 0.07201
vt 0.37363 0.07154
vt 0.37314 0.06874
vt 0.37858 0.06915
vt 0.32615 0.06420
vt 0.32243 0.06727
vt 0.31735 0.06454
vt 0.33269 0.06196
vt 0.34241 0.07755
vt 0.35066 0.07657
vt 0.35683 0.07499
vt 0.33468 0.07853
vt 0.33353 0.07547
vt 0.37926 0.07136
vt 0.32986 0.07726
vt 0.32785 0.07487
vt 0.38371 0.06988
vt 0.38279 0.06773
vt 0.38958 0.06740
vt 0.37703 0.06752
vt 0.38919 0.07010
vt 0.39582 0.06636
vt 0.39868 0.06825
vt 0.40045 0.06590
vt 0.40806 0.06615
vt 0.40594 0.06428
vt 0.41376 0.06481
vt 0.41405 0.06672
vt 0.41967 0.06367
vt 0.42109 0.06532
vt 0.42395 0.06423
vt 0.42559 0.06595
vt 0.42904 0.06351
vt 0.43173 0.06629
vt 0.36353 0.07451
vt 0.40645 0.06786
vt 0.43559 0.06479
vt 0.43601 0.06255
vt 0.44002 0.06552
vt 0.43730 0.06796
vt 0.43861 0.06196
vt 0.44173 0.06260
vt 0.44241 0.06658
vt 0.44032 0.06855
vt 0.44323 0.06958
vt 0.42547 0.06217
vt 0.43730 0.07063
vt 0.44093 0.07226
vt 0.43882 0.07334
vt 0.44361 0.07149
vt 0.59588 0.82270
vt 0.59521 0.81926
vt 0.59760 0.81604
vt 0.59604 0.81377
vt 0.59290 0.82785
vt 0.59797 0.81088
vt 0.59709 0.80776
vt 0.59939 0.80699
vt 0.59826 0.80138
vt 0.59324 0.81865
vt 0.59985 0.80244
vt 0.60120 0.79755
vt 0.59928 0.79489
vt 0.60216 0.79220
vt 0.60042 0.78780
vt 0.60359 0.78726
vt 0.58438 0.79368
vt 0.58184 0.78946
vt 0.58433 0.78825
vt 0.58279 0.79527
vt 0.58017 0.79560
vt 0.58187 0.78334
vt 0.58416 0.78182
vt 0.58145 0.80345
vt 0.57976 0.78126
vt 0.57944 0.78612
vt 0.57847 0.79129
vt 0.58500 0.79884
vt 0.58516 0.80588
vt 0.58269 0.80771
vt 0.58517 0.81220
vt 0.58158 0.81499
vt 0.58456 0.82120
vt 0.58872 0.81883
vt 0.58646 0.82640
vt 0.58339 0.83017
vt 0.58693 0.83524
vt 0.58404 0.83819
vt 0.58743 0.84135
vt 0.59214 0.81227
vt 0.58951 0.80491
vt 0.59536 0.80412
vt 0.59173 0.79690
vt 0.59541 0.79728
vt 0.59653 0.79104
vt 0.59287 0.78963
vt 0.59531 0.78331
vt 0.59177 0.78430
vt 0.59023 0.82741
vt 0.59093 0.83492
vt 0.59146 0.83922
vt 0.58735 0.78293
vt 0.58788 0.79230
vt 0.58578 0.84584
vt 0.58820 0.84502
vt 0.58716 0.84963
vt 0.58472 0.85130
vt 0.58898 0.85159
vt 0.58020 0.80991
vt 0.58613 0.85530
vt 0.59077 0.84594
vt 0.58210 0.82027
vt 0.58242 0.82586
vt 0.58717 0.85887
vt 0.58551 0.86118
vt 0.58695 0.86670
vt 0.58503 0.86654
vt 0.58449 0.87182
vt 0.58820 0.87296
vt 0.58357 0.87565
vt 0.58759 0.87630
vt 0.59146 0.87266
vt 0.59032 0.86749
vt 0.59256 0.87735
vt 0.58980 0.87861
vt 0.58927 0.86069
vt 0.59010 0.85498
vt 0.59280 0.88204
vt 0.59605 0.88087
vt 0.59822 0.88826
vt 0.60235 0.88654
vt 0.60420 0.89173
vt 0.60349 0.89695
vt 0.60671 0.89067
vt 0.60702 0.89584
vt 0.60003 0.88019
vt 0.59365 0.83280
vt 0.59645 0.87660
vt 0.59499 0.87339
vt 0.60647 0.88651
vt 0.60987 0.89157
vt 0.61009 0.89667
vt 0.61319 0.89655
vt 0.61324 0.90042
vt 0.61792 0.90140
vt 0.61586 0.90646
vt 0.62289 0.90522
vt 0.61908 0.90809
vt 0.61464 0.91046
vt 0.61719 0.91152
vt 0.62152 0.90970
vt 0.62688 0.90846
vt 0.62543 0.91021
vt 0.62908 0.91134
vt 0.63228 0.91127
vt 0.63127 0.91437
vt 0.63299 0.91434
vt 0.63275 0.91785
vt 0.63474 0.91718
vt 0.63422 0.91989
vt 0.63525 0.91444
vt 0.63490 0.91142
vt 0.68607 0.80773
vt 0.68377 0.80836
vt 0.68424 0.80594
vt 0.68670 0.81074
vt 0.68362 0.81084
vt 0.68178 0.80885
vt 0.68773 0.80794
vt 0.68692 0.80645
vt 0.68557 0.80548
vt 0.68569 0.81334
vt 0.68392 0.81310
vt 0.68689 0.80475
vt 0.68241 0.81145
vt 0.68547 0.80402
vt 0.68669 0.80328
vt 0.68241 0.80686
vt 0.68856 0.80689
vt 0.68873 0.80995
vt 0.68836 0.81301
vt 0.68888 0.80469
vt 0.68836 0.80308
vt 0.31699 0.43301
vt 0.31740 0.43778
vt 0.31315 0.43623
vt 0.31004 0.43333
vt 0.30767 0.43837
vt 0.30409 0.43475
vt 0.31214 0.43877
vt 0.30073 0.43965
vt 0.29785 0.43562
vt 0.29314 0.43725
vt 0.29115 0.44131
vt 0.28754 0.43955
vt 0.28195 0.43683
vt 0.28193 0.43960
vt 0.27657 0.44089
vt 0.27376 0.43798
vt 0.27045 0.44048
vt 0.26747 0.43744
vt 0.26162 0.44118
vt 0.26000 0.43916
vt 0.25365 0.44233
vt 0.25066 0.44003
vt 0.24341 0.44202
vt 0.26129 0.44564
vt 0.27304 0.44561
vt 0.28368 0.44238
vt 0.27945 0.44446
vt 0.25131 0.44778
vt 0.24467 0.44807
vt 0.23865 0.44312
vt 0.23556 0.44121
vt 0.23282 0.44467
vt 0.23004 0.44179
vt 0.22486 0.44327
vt 0.22430 0.43941
vt 0.22103 0.44170
vt 0.22040 0.44365
vt 0.21689 0.44279
vt 0.21668 0.44060
vt 0.21894 0.43798
vt 0.21491 0.43602
vt 0.21835 0.43282
vt 0.21191 0.43021
vt 0.21063 0.43905
vt 0.20919 0.43529
vt 0.20458 0.43012
vt 0.20656 0.42553
vt 0.20543 0.43846
vt 0.21185 0.44185
vt 0.19994 0.42731
vt 0.19998 0.42223
vt 0.19968 0.43534
vt 0.20319 0.44219
vt 0.20809 0.44396
vt 0.20611 0.44646
vt 0.20187 0.44719
vt 0.19831 0.44477
vt 0.19949 0.45008
vt 0.19697 0.45030
vt 0.19431 0.44664
vt 0.19661 0.43929
vt 0.19311 0.43373
vt 0.19501 0.44255
vt 0.19983 0.45390
vt 0.19396 0.43853
vt 0.20369 0.45017
vt 0.19398 0.45150
vt 0.19746 0.45456
vt 0.19473 0.45561
vt 0.19469 0.42325
vt 0.19384 0.41676
vt 0.18904 0.41580
vt 0.19434 0.42921
vt 0.18832 0.41087
vt 0.18474 0.41207
vt 0.18944 0.42191
vt 0.18548 0.41814
vt 0.18253 0.40961
vt 0.18396 0.40636
vt 0.18107 0.40652
vt 0.18276 0.40033
vt 0.17950 0.40071
vt 0.17948 0.39607
vt 0.17641 0.39366
vt 0.17647 0.39735
vt 0.17324 0.39326
vt 0.20811 0.44772
vt 0.21203 0.44549
vt 0.17785 0.40370
vt 0.18841 0.42505
vt 0.20030 0.45776
vt 0.20395 0.45388
vt 0.20304 0.45761
vt 0.20852 0.45416
vt 0.21259 0.45138
vt 0.17238 0.39059
vt 0.17414 0.39001
vt 0.17074 0.38871
vt 0.18344 0.41330
vt 0.25787 0.45032
vt 0.22473 0.44609
vt 0.26714 0.44895
vt 0.31766 0.44051
vt 0.31088 0.44059
vt 0.19556 0.45974
vt 0.19825 0.45903
vt 0.24597 0.45328
vt 0.23885 0.45199
vt 0.23853 0.45542
vt 0.22879 0.45622
vt 0.23115 0.45181
vt 0.22492 0.45357
vt 0.21909 0.45451
vt 0.23953 0.44644
vt 0.23533 0.44866
vt 0.21686 0.44555
vt 0.22005 0.44657
vt 0.21273 0.45767
vt 0.21594 0.45673
vt 0.20936 0.46011
vt 0.25148 0.45364
vt 0.22055 0.45820
vt 0.21679 0.45940
vt 0.30621 0.44161
vt 0.28519 0.44434
vt 0.31435 0.44301
vt 0.27761 0.44732
vt 0.20250 0.46073
vt 0.22257 0.45146
vt 0.22892 0.44920
vt 0.32275 0.44220
vt 0.21522 0.46113
vt 0.23417 0.45735
vt 0.21743 0.45107
vt 0.29559 0.44263
vt 0.24199 0.45636
vt 0.21454 0.44865
vt 0.22660 0.45901
vt 0.29104 0.44493
vt 0.21731 0.44819
vt 0.22119 0.44871
vt 0.29980 0.44398
vt 0.26156 0.45158
vt 0.25711 0.45350
vt 0.30819 0.44353
vt 0.28458 0.44667
vt 0.20920 0.46303
vt 0.20332 0.46369
vt 0.21969 0.46095
vt 0.26733 0.45100
vt 0.27254 0.45025
vt 0.70563 0.76561
vt 0.70909 0.76164
vt 0.70533 0.76025
vt 0.70704 0.75688
vt 0.70354 0.75386
vt 0.70239 0.75944
vt 0.70144 0.75474
vt 0.70120 0.74832
vt 0.70339 0.74608
vt 0.70105 0.74370
vt 0.70375 0.74127
vt 0.70145 0.73762
vt 0.69859 0.73952
vt 0.69795 0.74443
vt 0.70393 0.73543
vt 0.70599 0.74392
vt 0.70056 0.73310
vt 0.69907 0.74877
vt 0.69984 0.75875
vt 0.69961 0.76424
vt 0.69739 0.76036
vt 0.69710 0.76644
vt 0.70182 0.76608
vt 0.69850 0.73580
vt 0.70711 0.73947
vt 0.70906 0.74928
vt 0.71050 0.73797
vt 0.70652 0.73216
vt 0.69879 0.75449
vt 0.70877 0.72901
vt 0.70397 0.72585
vt 0.70605 0.72289
vt 0.70271 0.72022
vt 0.70409 0.71813
vt 0.70825 0.72108
vt 0.70241 0.71286
vt 0.70074 0.71515
vt 0.70014 0.70830
vt 0.70161 0.70645
vt 0.70366 0.70953
vt 0.70356 0.70222
vt 0.70078 0.69879
vt 0.70274 0.69527
vt 0.70645 0.69894
vt 0.70001 0.69251
vt 0.70051 0.68782
vt 0.70276 0.68821
vt 0.69968 0.68332
vt 0.70236 0.68237
vt 0.70018 0.67781
vt 0.69710 0.67680
vt 0.70598 0.70580
vt 0.69931 0.70276
vt 0.69988 0.71864
vt 0.70133 0.72344
vt 0.70569 0.71468
vt 0.69921 0.71088
vt 0.70897 0.71593
vt 0.70527 0.75021
vt 0.70291 0.72856
vt 0.70096 0.72812
vt 0.70671 0.71205
vt 0.44834 0.63891
vt 0.44840 0.64286
vt 0.45544 0.63891
vt 0.57143 0.30738
vt 0.56992 0.31153
vt 0.56176 0.31011
vt 0.56035 0.30628
vt 0.55217 0.30843
vt 0.55054 0.31174
vt 0.54528 0.30873
vt 0.55911 0.31329
vt 0.56444 0.31489
vt 0.54386 0.31272
vt 0.53866 0.30865
vt 0.53288 0.31083
vt 0.53261 0.30795
vt 0.52536 0.30915
vt 0.52509 0.31291
vt 0.51961 0.31043
vt 0.51469 0.31348
vt 0.51169 0.31031
vt 0.50486 0.31497
vt 0.50393 0.31179
vt 0.51114 0.30652
vt 0.49847 0.31500
vt 0.51978 0.30540
vt 0.49913 0.31064
vt 0.50374 0.30605
vt 0.49631 0.30666
vt 0.49359 0.31332
vt 0.48935 0.30874
vt 0.49279 0.31715
vt 0.49709 0.31787
vt 0.54984 0.31494
vt 0.55500 0.31554
vt 0.56746 0.31713
vt 0.56174 0.31762
vt 0.87500 0.52526
vt 0.87615 0.52736
vt 0.87726 0.52551
vt 0.87858 0.52762
vt 0.87973 0.52526
vt 0.61002 0.92074
vt 0.60888 0.92170
vt 0.60883 0.92035
vt 0.60681 0.92049
vt 0.60678 0.92305
vt 0.60487 0.92028
vt 0.60561 0.91850
vt 0.60245 0.91671
vt 0.60379 0.91491
vt 0.60072 0.91404
vt 0.59866 0.91606
vt 0.59447 0.91332
vt 0.60124 0.91862
vt 0.59709 0.91085
vt 0.59019 0.90844
vt 0.58881 0.91252
vt 0.58448 0.90852
vt 0.58537 0.90441
vt 0.57874 0.90354
vt 0.58105 0.90118
vt 0.57705 0.89797
vt 0.57323 0.89808
vt 0.57344 0.89273
vt 0.56963 0.89211
vt 0.57038 0.88761
vt 0.56468 0.88757
vt 0.56615 0.88218
vt 0.57734 0.89382
vt 0.57459 0.88679
vt 0.58276 0.89920
vt 0.56746 0.79028
vt 0.56440 0.79305
vt 0.56758 0.79966
vt 0.57144 0.79328
vt 0.56334 0.79954
vt 0.56379 0.80827
vt 0.56014 0.79232
vt 0.56885 0.80528
vt 0.57249 0.79833
vt 0.56509 0.81597
vt 0.56094 0.81572
vt 0.56191 0.82129
vt 0.56510 0.82502
vt 0.56419 0.83285
vt 0.56076 0.82963
vt 0.56259 0.83774
vt 0.55951 0.83792
vt 0.55652 0.83445
vt 0.55557 0.83982
vt 0.55670 0.84451
vt 0.55331 0.82982
vt 0.55699 0.82512
vt 0.55374 0.84657
vt 0.55794 0.81907
vt 0.55330 0.82228
vt 0.55326 0.81262
vt 0.55870 0.80971
vt 0.55257 0.80471
vt 0.56019 0.85035
vt 0.55519 0.85264
vt 0.55879 0.85709
vt 0.56306 0.85499
vt 0.56188 0.84450
vt 0.55201 0.83705
vt 0.55079 0.81783
vt 0.55235 0.85297
vt 0.55428 0.86104
vt 0.55750 0.86494
vt 0.56228 0.86376
vt 0.55270 0.86731
vt 0.55782 0.80341
vt 0.55233 0.79755
vt 0.55857 0.79753
vt 0.55248 0.79228
vt 0.54847 0.79784
vt 0.54817 0.80342
vt 0.54840 0.80916
vt 0.56397 0.84823
vt 0.55165 0.84421
vt 0.54771 0.81366
vt 0.55966 0.86925
vt 0.54798 0.79155
vt 0.56411 0.84192
vt 0.55529 0.87289
vt 0.56342 0.87149
vt 0.55879 0.87623
vt 0.56219 0.87730
vt 0.56117 0.88199
vt 0.55449 0.87801
vt 0.55625 0.88243
vt 0.55237 0.88116
vt 0.54999 0.82371
vt 0.55144 0.85997
vt 0.55045 0.83138
vt 0.55221 0.87255
vt 0.57174 0.87494
vt 0.56782 0.87372
vt 0.56876 0.87098
vt 0.56973 0.87647
vt 0.56552 0.86727
vt 0.56731 0.86544
vt 0.56410 0.86054
vt 0.56669 0.85857
vt 0.56711 0.87801
vt 0.57042 0.87997
vt 0.12161 0.02031
vt 0.12319 0.01890
vt 0.12030 0.01827
vt 0.11708 0.02083
vt 0.12319 0.01674
vt 0.12168 0.01541
vt 0.11777 0.01628
vt 0.11273 0.01930
vt 0.11563 0.02214
vt 0.11403 0.02402
vt 0.11804 0.02507
vt 0.11321 0.02569
vt 0.10863 0.02159
vt 0.10837 0.02548
vt 0.11079 0.02681
vt 0.10843 0.02863
vt 0.10398 0.02774
vt 0.10182 0.02280
vt 0.09746 0.02505
vt 0.09710 0.01936
vt 0.08971 0.02026
vt 0.10609 0.03077
vt 0.09940 0.02844
vt 0.09166 0.02443
vt 0.08463 0.02201
vt 0.08637 0.01825
vt 0.08068 0.01750
vt 0.07792 0.01992
vt 0.07791 0.02250
vt 0.07317 0.01950
vt 0.07383 0.01662
vt 0.08251 0.02505
vt 0.11852 0.02685
vt 0.12209 0.02400
vt 0.09089 0.01660
vt 0.12583 0.01761
vt 0.11959 0.02313
vt 0.12468 0.01535
vt 0.12754 0.01547
vt 0.12838 0.01726
vt 0.12922 0.01460
vt 0.13039 0.01479
vt 0.13022 0.01595
vt 0.11978 0.02172
vt 0.12489 0.01994
vt 0.11069 0.03130
vt 0.09266 0.02789
vt 0.07606 0.02431
vt 0.07062 0.02139
vt 0.06899 0.01734
vt 0.06678 0.02179
vt 0.12734 0.01979
vt 0.06685 0.01506
vt 0.12943 0.01870
vt 0.12913 0.01973
vt 0.12448 0.02775
vt 0.06461 0.01783
vt 0.11429 0.03008
vt 0.11588 0.03283
vt 0.12134 0.03231
vt 0.06221 0.01460
vt 0.06295 0.02061
vt 0.10892 0.03354
vt 0.13078 0.02018
vt 0.13274 0.01808
vt 0.13348 0.02023
vt 0.06112 0.01760
vt 0.13603 0.01931
vt 0.13574 0.02073
vt 0.12172 0.02248
vt 0.12342 0.02182
vt 0.12699 0.02336
vt 0.13557 0.01658
vt 0.13684 0.01860
vt 0.13161 0.01556
vt 0.13333 0.01602
vt 0.13752 0.02130
vt 0.13762 0.01737
vt 0.60918 0.06985
vt 0.60648 0.07005
vt 0.60626 0.07187
vt 0.60928 0.07181
vt 0.61215 0.07038
vt 0.60490 0.07002
vt 0.60806 0.07389
vt 0.61154 0.07253
vt 0.61554 0.07062
vt 0.59791 0.07349
vt 0.59758 0.07021
vt 0.59608 0.07237
vt 0.59978 0.07135
vt 0.60087 0.07265
vt 0.59435 0.07458
vt 0.59405 0.07302
vt 0.60058 0.07438
vt 0.59891 0.07639
vt 0.59510 0.07764
vt 0.59004 0.07771
vt 0.60342 0.07443
vt 0.60364 0.07186
vt 0.57182 0.09007
vt 0.57125 0.08671
vt 0.56716 0.08856
vt 0.56731 0.09195
vt 0.56427 0.08696
vt 0.56200 0.09036
vt 0.56257 0.09471
vt 0.55555 0.09322
vt 0.55671 0.09635
vt 0.55515 0.08974
vt 0.54987 0.09297
vt 0.54866 0.08830
vt 0.55035 0.09616
vt 0.54717 0.09513
vt 0.54695 0.09039
vt 0.54462 0.08720
vt 0.55175 0.08684
vt 0.55951 0.08508
vt 0.56761 0.08370
vt 0.57414 0.08437
vt 0.57547 0.08812
vt 0.57809 0.09153
vt 0.54740 0.08385
vt 0.57894 0.08486
vt 0.58068 0.08906
vt 0.57407 0.08217
vt 0.55721 0.08327
vt 0.55079 0.08400
vt 0.58094 0.08135
vt 0.54497 0.08206
vt 0.58441 0.08714
vt 0.58469 0.08203
vt 0.58804 0.08431
vt 0.58966 0.08809
vt 0.59205 0.08500
vt 0.59206 0.08209
vt 0.59133 0.08027
vt 0.59759 0.08034
vt 0.60018 0.07771
vt 0.58819 0.09061
vt 0.59022 0.09044
vt 0.60211 0.07642
vt 0.60225 0.07903
vt 0.58476 0.09086
vt 0.59346 0.08783
vt 0.58684 0.09279
vt 0.60606 0.07568
vt 0.59562 0.08363
vt 0.57467 0.09402
vt 0.57139 0.09323
vt 0.57793 0.09491
vt 0.57254 0.09625
vt 0.60762 0.07720
vt 0.59362 0.09051
vt 0.60554 0.08006
vt 0.59130 0.09245
vt 0.58322 0.09417
vt 0.54322 0.09015
vt 0.53827 0.08792
vt 0.53839 0.09341
vt 0.53507 0.08924
vt 0.53328 0.09177
vt 0.53734 0.09747
vt 0.54056 0.09690
vt 0.52787 0.08666
vt 0.53113 0.08473
vt 0.52521 0.08021
vt 0.52130 0.08087
vt 0.51836 0.07453
vt 0.54469 0.09310
vt 0.51497 0.07610
vt 0.51301 0.07050
vt 0.53351 0.08338
vt 0.52851 0.07956
vt 0.52174 0.07412
vt 0.51575 0.06985
vt 0.57193 0.43797
vt 0.57117 0.43615
vt 0.57359 0.43623
vt 0.56940 0.43845
vt 0.56904 0.43624
vt 0.56976 0.43470
vt 0.56800 0.43800
vt 0.57169 0.43304
vt 0.57350 0.43425
vt 0.57351 0.43238
vt 0.57043 0.43146
vt 0.57311 0.43068
vt 0.56863 0.43256
vt 0.56834 0.43975
vt 0.57453 0.43542
vt 0.56875 0.43078
vt 0.57431 0.42835
vt 0.56686 0.43881
vt 0.57059 0.42919
vt 0.57307 0.42653
vt 0.57453 0.42728
vt 0.57228 0.42344
vt 0.56908 0.42733
vt 0.56797 0.43491
vt 0.56664 0.43673
vt 0.56745 0.43112
vt 0.56717 0.44002
vt 0.56687 0.43254
vt 0.56668 0.43393
vt 0.69203 0.36188
vt 0.69203 0.36030
vt 0.68967 0.36082
vt 0.13737 0.43929
vt 0.13580 0.44134
vt 0.13891 0.44327
vt 0.13741 0.44633
vt 0.13446 0.43592
vt 0.13998 0.43996
vt 0.13803 0.43688
vt 0.13585 0.43481
vt 0.13742 0.43459
vt 0.13759 0.43071
vt 0.13890 0.43153
vt 0.13998 0.42991
vt 0.13842 0.42897
vt 0.92477 0.07055
vt 0.92416 0.07263
vt 0.92824 0.07015
vt 0.92786 0.07279
vt 0.92078 0.07148
vt 0.92054 0.06830
vt 0.92363 0.06815
vt 0.92854 0.06637
vt 0.91839 0.06913
vt 0.91805 0.07256
vt 0.93054 0.06994
vt 0.92971 0.07301
vt 0.93096 0.06740
vt 0.92092 0.06577
vt 0.91851 0.06632
vt 0.91577 0.07014
vt 0.92435 0.06448
vt 0.92781 0.06228
vt 0.93055 0.06236
vt 0.93282 0.06516
vt 0.92944 0.05972
vt 0.93096 0.05849
vt 0.93242 0.06042
vt 0.93263 0.06813
vt 0.93364 0.06707
vt 0.93245 0.07010
vt 0.93266 0.07189
vt 0.93544 0.06936
vt 0.93713 0.07098
vt 0.93745 0.06761
vt 0.93822 0.06935
vt 0.93967 0.06828
vt 0.91528 0.07193
vt 0.91353 0.06839
vt 0.91226 0.07085
vt 0.90781 0.06914
vt 0.90993 0.06687
vt 0.90620 0.06361
vt 0.90325 0.06445
vt 0.90088 0.06095
vt 0.91032 0.06490
vt 0.91625 0.06751
vt 0.91371 0.06485
vt 0.89779 0.06329
vt 0.89698 0.06058
vt 0.89286 0.06267
vt 0.89297 0.05800
vt 0.91641 0.06501
vt 0.91038 0.06219
vt 0.90492 0.05841
vt 0.90009 0.05564
vt 0.91443 0.06331
vt 0.88811 0.05936
vt 0.88748 0.05520
vt 0.88659 0.06316
vt 0.89370 0.05298
vt 0.88765 0.05163
vt 0.88525 0.05878
vt 0.88216 0.05618
vt 0.88230 0.06051
vt 0.88130 0.05210
vt 0.87603 0.05842
vt 0.87562 0.05557
vt 0.87211 0.05553
vt 0.87064 0.05799
vt 0.90904 0.04744
vt 0.90571 0.04412
vt 0.90081 0.04638
vt 0.90673 0.05289
vt 0.89762 0.04972
vt 0.91382 0.04723
vt 0.91916 0.05169
vt 0.92094 0.04740
vt 0.91264 0.04209
vt 0.92069 0.04354
vt 0.92605 0.04699
vt 0.92651 0.05214
vt 0.89379 0.04724
vt 0.92363 0.05499
vt 0.92486 0.04273
vt 0.89598 0.04425
vt 0.88895 0.04469
vt 0.88655 0.04851
vt 0.92680 0.05861
vt 0.92996 0.05658
vt 0.90233 0.04257
vt 0.92274 0.05890
vt 0.92447 0.06153
vt 0.91075 0.05559
vt 0.90841 0.05823
vt 0.91797 0.05795
vt 0.92905 0.04958
vt 0.93047 0.05332
vt 0.88275 0.04588
vt 0.92148 0.06198
vt 0.92087 0.04065
vt 0.91375 0.06095
vt 0.92906 0.04610
vt 0.91780 0.06208
vt 0.91951 0.06381
vt 0.88315 0.04324
vt 0.92808 0.04220
vt 0.91018 0.04037
vt 0.92564 0.03955
vt 0.92888 0.03834
vt 0.92249 0.03812
vt 0.87785 0.04324
vt 0.87637 0.04569
vt 0.87237 0.04226
vt 0.86873 0.04567
vt 0.86806 0.04277
vt 0.86586 0.04485
vt 0.86608 0.04929
vt 0.86191 0.04758
vt 0.86300 0.04445
vt 0.86837 0.05118
vt 0.87067 0.04719
vt 0.86523 0.04144
vt 0.86317 0.05084
vt 0.86584 0.05238
vt 0.86850 0.04064
vt 0.87107 0.04037
vt 0.87510 0.05008
vt 0.87258 0.05318
vt 0.86856 0.05386
vt 0.92982 0.03988
vt 0.93105 0.03901
vt 0.93114 0.03791
vt 0.93224 0.03982
vt 0.86305 0.05300
vt 0.86134 0.04039
vt 0.85956 0.04589
vt 0.85946 0.04298
vt 0.93436 0.03830
vt 0.86754 0.05567
vt 0.86414 0.03868
vt 0.85853 0.04029
vt 0.93452 0.03926
vt 0.93616 0.03869
vt 0.85607 0.04481
vt 0.85714 0.04286
vt 0.86081 0.03841
vt 0.90332 0.04101
vt 0.90282 0.03868
vt 0.89662 0.04065
vt 0.90972 0.03828
vt 0.89196 0.03970
vt 0.89127 0.04263
vt 0.91556 0.03735
vt 0.91706 0.03935
vt 0.91957 0.03670
vt 0.88496 0.04115
vt 0.88636 0.03960
vt 0.88161 0.03853
vt 0.87948 0.04031
vt 0.88938 0.03792
vt 0.87479 0.03704
vt 0.87425 0.03891
vt 0.87099 0.03725
vt 0.87611 0.04103
vt 0.86906 0.03868
vt 0.86660 0.03670
vt 0.86335 0.03727
vt 0.99038 0.91515
vt 0.98699 0.92081
vt 0.98858 0.91126
vt 0.99104 0.90847
vt 0.98911 0.90393
vt 0.99263 0.90178
vt 0.98925 0.89880
vt 0.98856 0.89514
vt 0.99281 0.89252
vt 0.98909 0.89185
vt 0.99146 0.88832
vt 0.99228 0.91203
vt 0.98966 0.92347
vt 0.98749 0.92557
vt 0.99358 0.90776
vt 0.99275 0.91797
vt 0.99186 0.92402
vt 0.99409 0.89617
vt 0.98971 0.92872
vt 0.98716 0.92966
vt 0.99178 0.92762
vt 0.99384 0.93106
vt 0.98826 0.93366
vt 0.99102 0.93602
vt 0.98909 0.93848
vt 0.99205 0.94078
vt 0.99193 0.94313
vt 0.98905 0.94266
vt 0.99258 0.94672
vt 0.99409 0.93912
vt 0.98975 0.94684
vt 0.99059 0.94909
vt 0.95248 0.13299
vt 0.95177 0.12983
vt 0.94756 0.13076
vt 0.95386 0.13076
vt 0.94994 0.13261
vt 0.62611 0.89393
vt 0.62878 0.89502
vt 0.62610 0.89570
vt 0.62964 0.89372
vt 0.62973 0.89151
vt 0.62620 0.89148
vt 0.62263 0.89151
vt 0.62381 0.89621
vt 0.62328 0.89490
vt 0.17747 0.74563
vt 0.17968 0.74551
vt 0.17836 0.74685
vt 0.17986 0.74702
vt 0.17576 0.74704
vt 0.17574 0.74542
vt 0.17873 0.74382
vt 0.18184 0.74414
vt 0.17987 0.74139
vt 0.17677 0.74196
vt 0.17717 0.73967
vt 0.18253 0.74183
vt 0.17583 0.74009
vt 0.18404 0.74250
vt 0.18415 0.74485
vt 0.17599 0.74364
vt 0.17987 0.73890
vt 0.18415 0.74045
vt 0.17633 0.73859
vt 0.17732 0.73757
vt 0.18208 0.74502
vt 0.18345 0.73840
vt 0.17425 0.74122
vt 0.17343 0.74374
vt 0.17429 0.74588
vt 0.16747 0.74520
vt 0.17048 0.74526
vt 0.17125 0.74671
vt 0.16864 0.74400
vt 0.16680 0.74416
vt 0.92897 0.11568
vt 0.92942 0.11360
vt 0.92778 0.11420
vt 0.92637 0.11627
vt 0.92557 0.11441
vt 0.92969 0.11789
vt 0.92423 0.11348
vt 0.92749 0.11961
vt 0.92343 0.11620
vt 0.93280 0.11951
vt 0.93303 0.11726
vt 0.93668 0.11938
vt 0.93054 0.11653
vt 0.93611 0.11632
vt 0.93762 0.11781
vt 0.92153 0.12021
vt 0.93906 0.12120
vt 0.93021 0.11528
vt 0.91961 0.11817
vt 0.93578 0.12165
vt 0.92087 0.11525
vt 0.92301 0.11298
vt 0.91707 0.11544
vt 0.91652 0.11752
vt 0.91535 0.11579
vt 0.91387 0.11733
vt 0.91656 0.11980
vt 0.92033 0.12126
vt 0.91885 0.11437
vt 0.91723 0.11373
vt 0.92082 0.11349
vt 0.92222 0.11245
vt 0.91605 0.11350
vt 0.94081 0.11829
vt 0.92173 0.11184
vt 0.92662 0.11328
vt 0.92634 0.13493
vt 0.92895 0.13856
vt 0.93049 0.13348
vt 0.92841 0.12737
vt 0.92507 0.14067
vt 0.92182 0.13180
vt 0.92276 0.12630
vt 0.92840 0.12260
vt 0.92433 0.12197
vt 0.91814 0.12667
vt 0.93184 0.14153
vt 0.92962 0.14628
vt 0.93375 0.13627
vt 0.93748 0.13048
vt 0.93879 0.13455
vt 0.93669 0.14128
vt 0.93659 0.14696
vt 0.93598 0.15238
vt 0.93385 0.12795
vt 0.93839 0.12610
vt 0.93548 0.12439
vt 0.93034 0.12477
vt 0.93196 0.12174
vt 0.92439 0.14515
vt 0.93924 0.15179
vt 0.93075 0.15242
vt 0.93436 0.15568
vt 0.93854 0.16013
vt 0.93949 0.14255
vt 0.93114 0.15905
vt 0.93630 0.16140
vt 0.93449 0.16466
vt 0.93095 0.16702
vt 0.93888 0.16465
vt 0.94010 0.15715
vt 0.92599 0.14958
vt 0.94077 0.14695
vt 0.92013 0.13984
vt 0.92022 0.13581
vt 0.91792 0.13256
vt 0.91492 0.13430
vt 0.91662 0.13699
vt 0.91437 0.13188
vt 0.94001 0.12418
vt 0.93649 0.16853
vt 0.94019 0.17055
vt 0.93440 0.17335
vt 0.94172 0.12656
vt 0.93833 0.17519
vt 0.93607 0.18017
vt 0.93299 0.17844
vt 0.93197 0.18350
vt 0.93646 0.18398
vt 0.93966 0.18058
vt 0.94010 0.18467
vt 0.93216 0.18747
vt 0.93641 0.18811
vt 0.94233 0.18159
vt 0.92898 0.18069
vt 0.94223 0.17843
vt 0.92871 0.18436
vt 0.94218 0.12007
vt 0.92937 0.18719
vt 0.92958 0.17509
vt 0.91213 0.13415
vt 0.94143 0.11614
vt 0.94067 0.16320
vt 0.94126 0.16673
vt 0.91187 0.13115
vt 0.91679 0.12249
vt 0.91356 0.12610
vt 0.94166 0.18932
vt 0.94138 0.15132
vt 0.94350 0.18602
vt 0.94447 0.18242
vt 0.94431 0.17999
vt 0.91256 0.12256
vt 0.91223 0.11964
vt 0.91161 0.11730
vt 0.90891 0.11809
vt 0.93831 0.19216
vt 0.90948 0.13317
vt 0.94496 0.18873
vt 0.91037 0.12443
vt 0.90920 0.12943
vt 0.93953 0.19376
vt 0.94293 0.19146
vt 0.90987 0.11455
vt 0.91234 0.11364
vt 0.91108 0.11089
vt 0.90907 0.11274
vt 0.90949 0.12120
vt 0.94344 0.12276
vt 0.94465 0.12792
vt 0.94519 0.12174
vt 0.94346 0.11708
vt 0.94312 0.13198
vt 0.94161 0.13544
vt 0.94223 0.14111
vt 0.94110 0.11396
vt 0.93964 0.11548
vt 0.93886 0.11318
vt 0.94053 0.11200
vt 0.93848 0.11089
vt 0.95083 0.19219
vt 0.95229 0.19298
vt 0.94913 0.19298
vt 0.34862 0.37752
vt 0.35112 0.37679
vt 0.34743 0.37684
vt 0.34618 0.38044
vt 0.35119 0.37867
vt 0.34276 0.37841
vt 0.34929 0.38081
vt 0.35254 0.37641
vt 0.35409 0.38107
vt 0.34828 0.38177
vt 0.35671 0.38123
vt 0.34130 0.37692
vt 0.33981 0.37920
vt 0.34423 0.38106
vt 0.33593 0.37547
vt 0.35575 0.38270
vt 0.33638 0.38045
vt 0.33336 0.37625
vt 0.33084 0.37785
vt 0.34591 0.38302
vt 0.34379 0.38239
vt 0.35732 0.38277
vt 0.35982 0.38153
vt 0.36174 0.37885
vt 0.36368 0.37911
vt 0.34311 0.38375
vt 0.36285 0.38075
vt 0.35391 0.38391
vt 0.35223 0.38191
vt 0.35022 0.38337
vt 0.35115 0.38477
vt 0.36231 0.37668
vt 0.35953 0.37854
vt 0.36454 0.37690
vt 0.35793 0.37652
vt 0.36593 0.37547
vt 0.35476 0.37712
vt 0.35548 0.37559
vt 0.35401 0.37530
vt 0.36632 0.37644
vt 0.43804 0.75283
vt 0.43845 0.74934
vt 0.43689 0.75017
vt 0.43734 0.74820
vt 0.43608 0.75382
vt 0.43633 0.75564
vt 0.43967 0.74783
vt 0.43735 0.75572
vt 0.43520 0.75178
vt 0.43494 0.74783
vt 0.14503 0.76929
vt 0.14692 0.76847
vt 0.14603 0.76683
vt 0.14328 0.76840
vt 0.14443 0.76677
vt 0.14300 0.77109
vt 0.14741 0.76712
vt 0.14190 0.76993
vt 0.14063 0.76804
vt 0.14112 0.77151
vt 0.14030 0.76898
vt 0.14945 0.76886
vt 0.13812 0.76979
vt 0.13713 0.76800
vt 0.13446 0.76712
vt 0.80638 0.09747
vt 0.80700 0.09910
vt 0.80904 0.09769
vt 0.81092 0.09940
vt 0.81270 0.09833
vt 0.80560 0.09833
vt 0.80606 0.09984
vt 0.19417 0.39699
vt 0.19575 0.39960
vt 0.19712 0.39798
vt 0.19313 0.39894
vt 0.19649 0.39582
vt 0.19472 0.40134
vt 0.19176 0.39643
vt 0.19796 0.39678
vt 0.19046 0.39714
vt 0.19264 0.40083
vt 0.19607 0.40126
vt 0.19838 0.39912
vt 0.19913 0.39714
vt 0.19747 0.40132
vt 0.19847 0.40059
vt 0.22942 0.74206
vt 0.23103 0.74273
vt 0.23066 0.73970
vt 0.22904 0.74374
vt 0.23250 0.74171
vt 0.23308 0.73849
vt 0.23075 0.73678
vt 0.23377 0.73642
vt 0.23557 0.73859
vt 0.23401 0.74206
vt 0.23322 0.74349
vt 0.23502 0.74211
vt 0.23249 0.73560
vt 0.23643 0.73703
vt 0.23662 0.73592
vt 0.22964 0.73747
vt 0.22837 0.73633
vt 0.23825 0.73773
vt 0.22875 0.73996
vt 0.23754 0.74078
vt 0.23991 0.74055
vt 0.23776 0.74337
vt 0.24030 0.74294
vt 0.24246 0.74387
vt 0.22886 0.73552
vt 0.22591 0.73575
vt 0.22600 0.73653
vt 0.22387 0.73642
vt 0.22362 0.73465
vt 0.22178 0.73621
vt 0.22294 0.73944
vt 0.22075 0.73955
vt 0.22091 0.74146
vt 0.21912 0.74204
vt 0.22241 0.74250
vt 0.21848 0.74036
vt 0.21808 0.74225
vt 0.23928 0.73656
vt 0.22234 0.73441
vt 0.24219 0.74080
vt 0.22056 0.74246
vt 0.21906 0.73842
vt 0.24481 0.74372
vt 0.22750 0.73752
vt 0.22785 0.73864
vt 0.22645 0.74111
vt 0.21806 0.73815
vt 0.22749 0.74222
vt 0.22655 0.74361
vt 0.22663 0.73893
vt 0.22815 0.74460
vt 0.22611 0.73797
vt 0.24304 0.73923
vt 0.24592 0.74278
vt 0.24803 0.74225
vt 0.24528 0.73958
vt 0.24687 0.73898
vt 0.24575 0.73645
vt 0.24355 0.73611
vt 0.24105 0.73653
vt 0.24409 0.73441
vt 0.21863 0.73725
vt 0.23186 0.74456
vt 0.22988 0.74370
vt 0.22685 0.74487
vt 0.22749 0.74521
vt 0.23408 0.74421
vt 0.23331 0.74546
vt 0.24215 0.73547
vt 0.23473 0.74268
vt 0.83661 0.06748
vt 0.83872 0.06675
vt 0.83686 0.06511
vt 0.83557 0.06675
vt 0.94057 0.19822
vt 0.94133 0.19647
vt 0.93958 0.19691
vt 0.94303 0.19910
vt 0.94116 0.20066
vt 0.94002 0.20166
vt 0.93557 0.19906
vt 0.93815 0.19764
vt 0.93510 0.19672
vt 0.93771 0.19639
vt 0.93158 0.19676
vt 0.93237 0.19867
vt 0.94422 0.19819
vt 0.94418 0.19575
vt 0.94603 0.19700
vt 0.94693 0.19933
vt 0.94662 0.19534
vt 0.94555 0.20055
vt 0.93592 0.20061
vt 0.94757 0.19653
vt 0.94834 0.19863
vt 0.93069 0.19896
vt 0.92916 0.19744
vt 0.92705 0.19534
vt 0.94755 0.20093
vt 0.15770 0.81292
vt 0.15687 0.81190
vt 0.15897 0.81228
vt 0.15749 0.81048
vt 0.15943 0.81026
vt 0.15742 0.80860
vt 0.15952 0.80895
vt 0.15541 0.81149
vt 0.15533 0.81298
vt 0.15382 0.81145
vt 0.15715 0.81413
vt 0.14707 0.81572
vt 0.14326 0.81458
vt 0.14456 0.81405
vt 0.14328 0.81276
vt 0.14124 0.81284
vt 0.14610 0.81154
vt 0.14756 0.81348
vt 0.14900 0.81497
vt 0.15098 0.81316
vt 0.15492 0.81544
vt 0.15370 0.81362
vt 0.15310 0.81091
vt 0.15856 0.81575
vt 0.15970 0.81439
vt 0.15123 0.81609
vt 0.14150 0.81460
vt 0.13993 0.81315
vt 0.15788 0.81728
vt 0.14111 0.81126
vt 0.14227 0.81158
vt 0.13939 0.81162
vt 0.14016 0.81047
vt 0.14896 0.81310
vt 0.15040 0.81196
vt 0.15203 0.81059
vt 0.15074 0.80994
vt 0.14900 0.81040
vt 0.14984 0.80888
vt 0.14844 0.81147
vt 0.14810 0.80863
vt 0.14710 0.80937
vt 0.15473 0.81673
vt 0.14275 0.81571
vt 0.15952 0.81697
vt 0.13915 0.81484
vt 0.13820 0.81378
vt 0.13813 0.81504
vt 0.13701 0.81463
vt 0.13679 0.81583
vt 0.13539 0.81477
vt 0.13615 0.81304
vt 0.13796 0.81212
vt 0.13446 0.81305
vt 0.13514 0.81198
vt 0.13738 0.81266
vt 0.13835 0.81067
vt 0.14033 0.81578
vt 0.13929 0.80955
vt 0.13664 0.81142
vt 0.13574 0.81135
vt 0.18245 0.54736
vt 0.18178 0.54657
vt 0.18415 0.54657
vt 0.65021 0.10697
vt 0.65247 0.10507
vt 0.65328 0.10716
vt 0.65434 0.10670
vt 0.65321 0.10440
vt 0.65069 0.10555
vt 0.64943 0.10600
vt 0.64821 0.10607
vt 0.64927 0.10393
vt 0.65169 0.10306
vt 0.65078 0.10416
vt 0.65034 0.10304
vt 0.64995 0.10431
vt 0.64922 0.10773
vt 0.65586 0.10617
vt 0.65555 0.10400
vt 0.65731 0.10550
vt 0.65733 0.10759
vt 0.65733 0.10300
vt 0.64787 0.10743
vt 0.44913 0.14182
vt 0.45030 0.14224
vt 0.45024 0.14145
vt 0.45179 0.14128
vt 0.45333 0.14157
vt 0.45432 0.14009
vt 0.45448 0.14175
vt 0.45605 0.14108
vt 0.45590 0.14246
vt 0.45781 0.14182
vt 0.30087 0.53788
vt 0.30008 0.53832
vt 0.30087 0.53946
vt 0.07488 0.26638
vt 0.07532 0.26717
vt 0.07374 0.26717
vt 0.18099 0.23007
vt 0.18178 0.22837
vt 0.18099 0.22770
vt 0.84424 0.59471
vt 0.84424 0.59313
vt 0.84345 0.59370
vt 0.16773 0.21778
vt 0.17018 0.21542
vt 0.17060 0.21759
vt 0.16605 0.21735
vt 0.16522 0.21902
vt 0.16906 0.21893
vt 0.17155 0.21875
vt 0.16893 0.21481
vt 0.16977 0.21350
vt 0.17153 0.21406
vt 0.17271 0.21649
vt 0.17311 0.21454
vt 0.17311 0.21782
vt 0.19842 0.21981
vt 0.19716 0.22139
vt 0.19570 0.21982
vt 0.19361 0.22095
vt 0.19992 0.22095
vt 0.01617 0.69495
vt 0.01853 0.69495
vt 0.01732 0.69426
vt 0.01633 0.69337
vt 0.01806 0.69351
vt 0.64629 0.70205
vt 0.64550 0.70314
vt 0.64629 0.70442
vt 0.58320 0.00829
vt 0.58162 0.00886
vt 0.58320 0.00987
vt 0.48462 0.77545
vt 0.48226 0.77545
vt 0.48366 0.77388
vt 0.06767 0.71863
vt 0.06743 0.71705
vt 0.06901 0.71705
vt 0.86317 0.56527
vt 0.86159 0.56393
vt 0.86159 0.56551
f 3/3 4/4 1/1
f 3/3 1/1 2/2
f 4/4 97/97 38/38
f 4/4 38/38 1/1
f 388/388 381/381 371/371
f 381/381 365/365 371/371
f 365/365 349/349 364/364
f 365/365 358/358 349/349
f 30/30 25/25 29/29
f 30/30 32/32 25/25
f 29/29 26/26 33/33
f 26/26 29/29 24/24
f 29/29 25/25 24/24
f 25/25 32/32 23/23
f 24/24 22/22 26/26
f 24/24 25/25 23/23
f 22/22 24/24 21/21
f 22/22 21/21 18/18
f 24/24 23/23 21/21
f 18/18 19/19 16/16
f 23/23 19/19 21/21
f 21/21 19/19 18/18
f 18/18 16/16 17/17
f 18/18 17/17 20/20
f 17/17 16/16 15/15
f 14/14 15/15 16/16
f 13/13 12/12 11/11
f 15/15 14/14 13/13
f 13/13 14/14 12/12
f 12/12 10/10 11/11
f 11/11 10/10 9/9
f 9/9 10/10 8/8
f 9/9 8/8 7/7
f 378/378 370/370 361/361
f 387/387 370/370 378/378
f 387/387 385/385 370/370
f 385/385 371/371 370/370
f 385/385 388/388 371/371
f 370/370 371/371 364/364
f 7/7 8/8 6/6
f 7/7 6/6 5/5
f 371/371 365/365 364/364
f 5/5 4/4 3/3
f 30/30 39/39 32/32
f 23/23 32/32 31/31
f 19/19 31/31 27/27
f 23/23 31/31 19/19
f 19/19 27/27 16/16
f 27/27 46/46 37/37
f 16/16 28/28 14/14
f 16/16 27/27 28/28
f 27/27 37/37 28/28
f 28/28 37/37 36/36
f 12/12 36/36 10/10
f 14/14 28/28 12/12
f 28/28 36/36 12/12
f 10/10 36/36 41/41
f 10/10 6/6 8/8
f 10/10 41/41 6/6
f 6/6 41/41 40/40
f 6/6 40/40 4/4
f 6/6 4/4 5/5
f 40/40 102/102 4/4
f 4/4 102/102 97/97
f 139/139 141/141 140/140
f 141/141 143/143 140/140
f 139/139 140/140 138/138
f 140/140 135/135 138/138
f 139/139 138/138 137/137
f 138/138 135/135 134/134
f 137/137 138/138 134/134
f 135/135 133/133 134/134
f 681/681 656/656 657/657
f 137/137 134/134 136/136
f 136/136 134/134 132/132
f 133/133 132/132 134/134
f 133/133 131/131 132/132
f 132/132 131/131 130/130
f 681/681 692/692 658/658
f 681/681 658/658 656/656
f 656/656 658/658 636/636
f 692/692 661/661 658/658
f 692/692 686/686 661/661
f 661/661 686/686 634/634
f 658/658 625/625 636/636
f 658/658 661/661 625/625
f 661/661 634/634 625/625
f 128/128 126/126 127/127
f 129/129 128/128 127/127
f 129/129 127/127 130/130
f 126/126 125/125 127/127
f 126/126 124/124 125/125
f 125/125 124/124 122/122
f 124/124 123/123 122/122
f 123/123 115/115 122/122
f 129/129 130/130 131/131
f 125/125 122/122 121/121
f 121/121 122/122 117/117
f 686/686 667/667 634/634
f 634/634 667/667 622/622
f 634/634 622/622 625/625
f 622/622 623/623 625/625
f 686/686 670/670 667/667
f 667/667 670/670 622/622
f 670/670 620/620 622/622
f 622/622 621/621 623/623
f 622/622 620/620 621/621
f 620/620 618/618 621/621
f 122/122 115/115 117/117
f 115/115 114/114 117/117
f 115/115 94/94 114/114
f 117/117 114/114 111/111
f 114/114 87/87 111/111
f 121/121 117/117 120/120
f 117/117 111/111 120/120
f 111/111 87/87 108/108
f 111/111 108/108 118/118
f 120/120 111/111 118/118
f 670/670 672/672 620/620
f 620/620 672/672 648/648
f 620/620 648/648 619/619
f 620/620 619/619 618/618
f 672/672 677/677 648/648
f 648/648 643/643 619/619
f 648/648 652/652 643/643
f 648/648 677/677 652/652
f 643/643 652/652 531/531
f 91/91 94/94 115/115
f 94/94 91/91 78/78
f 114/114 94/94 87/87
f 94/94 78/78 87/87
f 87/87 78/78 80/80
f 91/91 88/88 78/78
f 78/78 88/88 77/77
f 76/76 78/78 77/77
f 87/87 80/80 108/108
f 78/78 76/76 80/80
f 77/77 71/71 76/76
f 79/79 83/83 73/73
f 79/79 73/73 71/71
f 88/88 79/79 77/77
f 88/88 89/89 79/79
f 89/89 83/83 79/79
f 79/79 71/71 77/77
f 76/76 72/72 85/85
f 76/76 71/71 72/72
f 118/118 108/108 119/119
f 108/108 80/80 109/109
f 80/80 76/76 85/85
f 677/677 675/675 652/652
f 652/652 675/675 653/653
f 71/71 70/70 72/72
f 72/72 70/70 85/85
f 73/73 69/69 71/71
f 70/70 71/71 69/69
f 70/70 69/69 65/65
f 85/85 70/70 96/96
f 70/70 65/65 96/96
f 653/653 604/604 652/652
f 675/675 676/676 653/653
f 653/653 644/644 604/604
f 653/653 676/676 644/644
f 644/644 535/535 604/604
f 604/604 535/535 532/532
f 676/676 680/680 644/644
f 680/680 673/673 644/644
f 644/644 673/673 645/645
f 644/644 645/645 535/535
f 535/535 534/534 532/532
f 427/427 424/424 425/425
f 535/535 536/536 534/534
f 536/536 544/544 534/534
f 673/673 669/669 645/645
f 645/645 540/540 535/535
f 535/535 540/540 536/536
f 427/427 425/425 428/428
f 358/358 346/346 349/349
f 99/99 103/103 101/101
f 116/116 103/103 99/99
f 103/103 106/106 101/101
f 113/113 106/106 103/103
f 86/86 75/75 84/84
f 86/86 84/84 116/116
f 75/75 83/83 84/84
f 73/73 83/83 75/75
f 75/75 74/74 73/73
f 75/75 81/81 74/74
f 73/73 74/74 69/69
f 81/81 75/75 86/86
f 86/86 93/93 81/81
f 81/81 93/93 95/95
f 81/81 82/82 74/74
f 81/81 95/95 82/82
f 99/99 101/101 100/100
f 99/99 100/100 93/93
f 93/93 100/100 112/112
f 116/116 99/99 86/86
f 99/99 93/93 86/86
f 95/95 112/112 104/104
f 93/93 112/112 95/95
f 95/95 104/104 82/82
f 69/69 74/74 63/63
f 69/69 63/63 65/65
f 74/74 82/82 63/63
f 82/82 64/64 63/63
f 65/65 63/63 61/61
f 63/63 62/62 61/61
f 61/61 62/62 60/60
f 62/62 58/58 60/60
f 62/62 66/66 58/58
f 82/82 104/104 64/64
f 63/63 64/64 62/62
f 62/62 64/64 67/67
f 64/64 68/68 67/67
f 62/62 67/67 66/66
f 107/107 66/66 90/90
f 66/66 107/107 52/52
f 90/90 67/67 98/98
f 67/67 90/90 66/66
f 90/90 98/98 110/110
f 65/65 92/92 96/96
f 65/65 61/61 92/92
f 92/92 61/61 59/59
f 59/59 105/105 92/92
f 59/59 61/61 60/60
f 50/50 59/59 58/58
f 58/58 59/59 60/60
f 51/51 50/50 58/58
f 59/59 50/50 105/105
f 50/50 51/51 49/49
f 50/50 49/49 48/48
f 693/693 673/673 696/696
f 50/50 48/48 54/54
f 54/54 48/48 45/45
f 58/58 66/66 52/52
f 58/58 52/52 51/51
f 51/51 52/52 49/49
f 52/52 53/53 49/49
f 52/52 57/57 53/53
f 49/49 53/53 47/47
f 52/52 107/107 57/57
f 49/49 47/47 48/48
f 48/48 47/47 45/45
f 693/693 669/669 673/673
f 693/693 689/689 669/669
f 669/669 668/668 646/646
f 689/689 668/668 669/669
f 54/54 45/45 55/55
f 689/689 678/678 668/668
f 668/668 647/647 646/646
f 668/668 671/671 647/647
f 678/678 671/671 668/668
f 45/45 43/43 55/55
f 55/55 43/43 56/56
f 689/689 688/688 678/678
f 669/669 646/646 645/645
f 645/645 646/646 540/540
f 536/536 545/545 544/544
f 540/540 554/554 536/536
f 646/646 555/555 540/540
f 540/540 555/555 554/554
f 536/536 554/554 545/545
f 545/545 556/556 575/575
f 554/554 556/556 545/545
f 646/646 647/647 555/555
f 555/555 557/557 554/554
f 557/557 556/556 554/554
f 575/575 556/556 576/576
f 556/556 557/557 558/558
f 556/556 558/558 576/576
f 45/45 47/47 44/44
f 45/45 44/44 43/43
f 43/43 44/44 42/42
f 191/191 190/190 279/279
f 190/190 191/191 181/181
f 191/191 188/188 181/181
f 181/181 188/188 179/179
f 678/678 687/687 671/671
f 392/392 390/390 393/393
f 392/392 391/391 390/390
f 688/688 691/691 690/690
f 56/56 43/43 35/35
f 678/678 688/688 687/687
f 688/688 690/690 687/687
f 391/391 375/375 390/390
f 391/391 386/386 375/375
f 690/690 691/691 694/694
f 386/386 384/384 375/375
f 691/691 695/695 694/694
f 393/393 390/390 376/376
f 647/647 578/578 555/555
f 647/647 616/616 578/578
f 555/555 578/578 557/557
f 390/390 375/375 376/376
f 578/578 616/616 581/581
f 581/581 577/577 578/578
f 578/578 577/577 557/557
f 557/557 577/577 558/558
f 279/279 286/286 191/191
f 558/558 577/577 579/579
f 581/581 582/582 577/577
f 375/375 373/373 376/376
f 376/376 373/373 345/345
f 43/43 42/42 34/34
f 43/43 34/34 35/35
f 42/42 30/30 34/34
f 35/35 34/34 33/33
f 33/33 34/34 29/29
f 34/34 30/30 29/29
f 286/286 273/273 191/191
f 273/273 188/188 191/191
f 188/188 189/189 176/176
f 695/695 697/697 694/694
f 384/384 382/382 375/375
f 694/694 697/697 698/698
f 382/382 374/374 375/375
f 375/375 374/374 373/373
f 382/382 367/367 374/374
f 697/697 699/699 698/698
f 382/382 379/379 367/367
f 374/374 367/367 373/373
f 373/373 367/367 342/342
f 342/342 367/367 339/339
f 345/345 373/373 342/342
f 342/342 339/339 340/340
f 339/339 337/337 340/340
f 345/345 342/342 340/340
f 697/697 700/700 699/699
f 699/699 700/700 701/701
f 1049/1049 1050/1050 1051/1051
f 367/367 338/338 339/339
f 379/379 368/368 367/367
f 368/368 366/366 367/367
f 367/367 366/366 338/338
f 380/380 363/363 368/368
f 368/368 363/363 366/366
f 338/338 337/337 339/339
f 366/366 363/363 334/334
f 366/366 334/334 338/338
f 338/338 334/334 337/337
f 192/192 193/193 173/173
f 193/193 177/177 173/173
f 193/193 264/264 177/177
f 380/380 362/362 363/363
f 389/389 362/362 380/380
f 337/337 334/334 336/336
f 389/389 377/377 362/362
f 362/362 355/355 363/363
f 377/377 360/360 362/362
f 362/362 360/360 355/355
f 363/363 355/355 334/334
f 355/355 335/335 334/334
f 334/334 335/335 336/336
f 288/288 265/265 264/264
f 377/377 372/372 360/360
f 360/360 354/354 355/355
f 355/355 354/354 335/335
f 360/360 372/372 359/359
f 360/360 359/359 354/354
f 354/354 343/343 335/335
f 335/335 343/343 341/341
f 336/336 335/335 341/341
f 270/270 268/268 267/267
f 288/288 270/270 265/265
f 270/270 267/267 265/265
f 383/383 369/369 372/372
f 372/372 369/369 359/359
f 359/359 353/353 354/354
f 359/359 361/361 353/353
f 369/369 361/361 359/359
f 383/383 378/378 369/369
f 354/354 353/353 343/343
f 343/343 344/344 341/341
f 378/378 361/361 369/369
f 361/361 356/356 353/353
f 353/353 344/344 343/343
f 353/353 352/352 344/344
f 268/268 269/269 267/267
f 271/271 269/269 268/268
f 269/269 271/271 272/272
f 361/361 370/370 357/357
f 361/361 357/357 356/356
f 356/356 351/351 353/353
f 353/353 351/351 352/352
f 356/356 357/357 351/351
f 351/351 350/350 352/352
f 370/370 364/364 357/357
f 357/357 349/349 351/351
f 349/349 350/350 351/351
f 364/364 349/349 357/357
f 349/349 348/348 350/350
f 271/271 277/277 272/272
f 269/269 272/272 239/239
f 277/277 241/241 272/272
f 277/277 278/278 241/241
f 272/272 241/241 239/239
f 349/349 346/346 348/348
f 346/346 347/347 348/348
f 278/278 240/240 241/241
f 241/241 240/240 158/158
f 278/278 243/243 240/240
f 240/240 155/155 158/158
f 274/274 244/244 305/305
f 245/245 305/305 244/244
f 323/323 290/290 274/274
f 307/307 308/308 304/304
f 245/245 218/218 304/304
f 218/218 307/307 304/304
f 304/304 306/306 305/305
f 245/245 304/304 305/305
f 307/307 218/218 291/291
f 307/307 321/321 308/308
f 307/307 291/291 321/321
f 291/291 328/328 321/321
f 304/304 308/308 306/306
f 306/306 325/325 330/330
f 308/308 309/309 306/306
f 325/325 306/306 309/309
f 321/321 310/310 308/308
f 310/310 321/321 333/333
f 328/328 320/320 321/321
f 321/321 320/320 333/333
f 333/333 320/320 295/295
f 308/308 310/310 309/309
f 309/309 324/324 325/325
f 309/309 302/302 324/324
f 302/302 309/309 310/310
f 324/324 302/302 319/319
f 310/310 333/333 322/322
f 333/333 295/295 322/322
f 302/302 310/310 303/303
f 303/303 310/310 322/322
f 302/302 303/303 300/300
f 302/302 300/300 319/319
f 299/299 300/300 298/298
f 299/299 298/298 297/297
f 182/182 180/180 295/295
f 295/295 180/180 322/322
f 182/182 181/181 180/180
f 303/303 322/322 301/301
f 301/301 300/300 303/303
f 301/301 322/322 316/316
f 180/180 181/181 179/179
f 322/322 180/180 316/316
f 316/316 180/180 178/178
f 301/301 316/316 298/298
f 301/301 298/298 300/300
f 300/300 299/299 319/319
f 298/298 292/292 297/297
f 178/178 298/298 316/316
f 179/179 178/178 180/180
f 179/179 188/188 176/176
f 179/179 176/176 178/178
f 298/298 178/178 292/292
f 176/176 174/174 178/178
f 176/176 189/189 175/175
f 175/175 174/174 176/176
f 299/299 297/297 329/329
f 297/297 296/296 329/329
f 297/297 292/292 296/296
f 174/174 197/197 292/292
f 197/197 296/296 292/292
f 189/189 192/192 175/175
f 175/175 173/173 174/174
f 292/292 178/178 174/174
f 192/192 173/173 175/175
f 172/172 174/174 173/173
f 174/174 172/172 197/197
f 296/296 332/332 329/329
f 296/296 197/197 196/196
f 332/332 296/296 311/311
f 196/196 311/311 296/296
f 172/172 196/196 197/197
f 170/170 198/198 196/196
f 172/172 170/170 196/196
f 173/173 177/177 171/171
f 172/172 173/173 171/171
f 171/171 170/170 172/172
f 311/311 196/196 312/312
f 312/312 196/196 198/198
f 312/312 198/198 313/313
f 170/170 199/199 198/198
f 170/170 167/167 199/199
f 177/177 166/166 171/171
f 170/170 171/171 166/166
f 177/177 264/264 166/166
f 264/264 265/265 166/166
f 170/170 166/166 167/167
f 166/166 164/164 167/167
f 265/265 165/165 166/166
f 166/166 165/165 164/164
f 313/313 198/198 199/199
f 313/313 199/199 314/314
f 167/167 164/164 168/168
f 167/167 200/200 199/199
f 167/167 168/168 200/200
f 164/164 162/162 168/168
f 168/168 162/162 169/169
f 168/168 169/169 200/200
f 265/265 267/267 163/163
f 165/165 163/163 164/164
f 265/265 163/163 165/165
f 163/163 162/162 164/164
f 267/267 237/237 163/163
f 314/314 199/199 200/200
f 314/314 200/200 317/317
f 200/200 169/169 317/317
f 163/163 237/237 161/161
f 267/267 269/269 237/237
f 237/237 238/238 161/161
f 163/163 161/161 162/162
f 169/169 162/162 160/160
f 162/162 161/161 160/160
f 269/269 238/238 237/237
f 161/161 238/238 152/152
f 160/160 161/161 152/152
f 152/152 159/159 160/160
f 317/317 169/169 160/160
f 317/317 160/160 326/326
f 326/326 160/160 159/159
f 269/269 239/239 238/238
f 239/239 152/152 238/238
f 239/239 154/154 152/152
f 152/152 151/151 150/150
f 152/152 154/154 151/151
f 239/239 241/241 158/158
f 154/154 153/153 151/151
f 152/152 150/150 159/159
f 326/326 159/159 331/331
f 331/331 159/159 285/285
f 331/331 285/285 327/327
f 150/150 285/285 159/159
f 239/239 158/158 154/154
f 158/158 153/153 154/154
f 158/158 149/149 153/153
f 153/153 147/147 151/151
f 151/151 147/147 150/150
f 153/153 149/149 147/147
f 158/158 155/155 149/149
f 147/147 145/145 146/146
f 150/150 147/147 148/148
f 150/150 148/148 285/285
f 148/148 157/157 285/285
f 285/285 157/157 327/327
f 147/147 146/146 148/148
f 148/148 146/146 157/157
f 327/327 157/157 315/315
f 146/146 156/156 157/157
f 315/315 157/157 156/156
f 141/141 144/144 143/143
f 769/769 762/762 761/761
f 762/762 756/756 761/761
f 761/761 756/756 753/753
f 141/141 139/139 142/142
f 762/762 763/763 756/756
f 763/763 764/764 756/756
f 764/764 754/754 756/756
f 756/756 754/754 753/753
f 754/754 766/766 765/765
f 766/766 757/757 765/765
f 684/684 642/642 683/683
f 828/828 827/827 826/826
f 996/996 984/984 988/988
f 875/875 866/866 879/879
f 875/875 874/874 866/866
f 866/866 874/874 869/869
f 984/984 986/986 988/988
f 879/879 866/866 878/878
f 996/996 988/988 989/989
f 988/988 986/986 989/989
f 984/984 985/985 986/986
f 826/826 827/827 818/818
f 827/827 830/830 818/818
f 826/826 818/818 825/825
f 826/826 825/825 829/829
f 984/984 990/990 985/985
f 990/990 991/991 985/985
f 985/985 991/991 987/987
f 825/825 833/833 829/829
f 990/990 992/992 991/991
f 992/992 993/993 991/991
f 991/991 994/994 987/987
f 991/991 993/993 994/994
f 514/514 509/509 505/505
f 753/753 754/754 755/755
f 761/761 753/753 760/760
f 753/753 758/758 760/760
f 753/753 755/755 758/758
f 760/760 758/758 768/768
f 758/758 755/755 767/767
f 754/754 765/765 757/757
f 754/754 757/757 755/755
f 818/818 830/830 819/819
f 818/818 819/819 820/820
f 818/818 820/820 825/825
f 880/880 878/878 877/877
f 755/755 759/759 767/767
f 878/878 866/866 870/870
f 870/870 866/866 868/868
f 878/878 870/870 877/877
f 749/749 732/732 726/726
f 877/877 870/870 876/876
f 870/870 871/871 876/876
f 870/870 868/868 871/871
f 768/768 758/758 767/767
f 727/727 735/735 725/725
f 727/727 725/725 707/707
f 707/707 725/725 723/723
f 735/735 736/736 725/725
f 725/725 736/736 726/726
f 877/877 882/882 881/881
f 725/725 726/726 723/723
f 726/726 732/732 723/723
f 732/732 731/731 723/723
f 732/732 734/734 731/731
f 866/866 869/869 867/867
f 952/952 954/954 953/953
f 967/967 965/965 966/966
f 707/707 705/705 702/702
f 707/707 702/702 708/708
f 985/985 987/987 986/986
f 866/866 867/867 868/868
f 867/867 872/872 868/868
f 788/788 789/789 790/790
f 797/797 794/794 789/789
f 794/794 790/790 789/789
f 794/794 793/793 790/790
f 585/585 573/573 574/574
f 793/793 792/792 790/790
f 790/790 792/792 791/791
f 868/868 872/872 871/871
f 889/889 905/905 891/891
f 904/904 905/905 889/889
f 906/906 904/904 889/889
f 906/906 889/889 883/883
f 1024/1024 1025/1025 1026/1026
f 1024/1024 1028/1028 1025/1025
f 908/908 904/904 906/906
f 1027/1027 1026/1026 1025/1025
f 973/973 962/962 965/965
f 965/965 962/962 961/961
f 965/965 961/961 966/966
f 966/966 961/961 971/971
f 966/966 971/971 970/970
f 971/971 964/964 970/970
f 971/971 961/961 964/964
f 961/961 962/962 963/963
f 961/961 963/963 964/964
f 889/889 884/884 883/883
f 883/883 884/884 885/885
f 1024/1024 1029/1029 1028/1028
f 512/512 505/505 502/502
f 962/962 968/968 963/963
f 1025/1025 1028/1028 1030/1030
f 963/963 968/968 972/972
f 1028/1028 1031/1031 1030/1030
f 884/884 886/886 885/885
f 1029/1029 1031/1031 1028/1028
f 707/707 723/723 705/705
f 702/702 705/705 703/703
f 705/705 723/723 724/724
f 723/723 731/731 730/730
f 723/723 730/730 724/724
f 904/904 909/909 905/905
f 724/724 712/712 705/705
f 907/907 905/905 910/910
f 905/905 909/909 910/910
f 907/907 902/902 905/905
f 712/712 711/711 705/705
f 705/705 711/711 703/703
f 1045/1045 1030/1030 1044/1044
f 997/997 998/998 999/999
f 1030/1030 1031/1031 1044/1044
f 1031/1031 1036/1036 1044/1044
f 711/711 729/729 703/703
f 711/711 748/748 729/729
f 1042/1042 1036/1036 1040/1040
f 685/685 679/679 640/640
f 640/640 638/638 641/641
f 641/641 638/638 642/642
f 679/679 657/657 640/640
f 657/657 639/639 640/640
f 640/640 639/639 638/638
f 642/642 663/663 683/683
f 642/642 638/638 663/663
f 657/657 656/656 637/637
f 657/657 637/637 639/639
f 639/639 637/637 638/638
f 825/825 824/824 833/833
f 824/824 834/834 833/833
f 992/992 995/995 993/993
f 824/824 835/835 834/834
f 663/663 626/626 631/631
f 663/663 638/638 635/635
f 663/663 635/635 626/626
f 663/663 631/631 683/683
f 820/820 824/824 825/825
f 820/820 821/821 824/824
f 820/820 819/819 821/821
f 824/824 821/821 831/831
f 755/755 757/757 759/759
f 683/683 631/631 682/682
f 880/880 877/877 881/881
f 819/819 822/822 821/821
f 819/819 823/823 822/822
f 631/631 633/633 682/682
f 824/824 831/831 835/835
f 831/831 839/839 835/835
f 821/821 822/822 831/831
f 633/633 631/631 630/630
f 633/633 630/630 632/632
f 626/626 630/630 631/631
f 742/742 736/736 735/735
f 742/742 747/747 736/736
f 682/682 633/633 654/654
f 633/633 632/632 654/654
f 822/822 832/832 831/831
f 831/831 832/832 836/836
f 638/638 637/637 635/635
f 656/656 636/636 637/637
f 637/637 636/636 635/635
f 636/636 625/625 635/635
f 630/630 629/629 632/632
f 832/832 837/837 836/836
f 630/630 626/626 627/627
f 630/630 627/627 629/629
f 635/635 625/625 626/626
f 831/831 838/838 839/839
f 836/836 838/838 831/831
f 562/562 561/561 560/560
f 562/562 560/560 563/563
f 561/561 547/547 560/560
f 664/664 519/519 561/561
f 629/629 519/519 664/664
f 560/560 547/547 525/525
f 525/525 547/547 520/520
f 561/561 519/519 547/547
f 573/573 565/565 574/574
f 574/574 565/565 583/583
f 788/788 790/790 791/791
f 872/872 873/873 871/871
f 788/788 791/791 795/795
f 566/566 565/565 567/567
f 567/567 565/565 573/573
f 566/566 562/562 565/565
f 565/565 562/562 563/563
f 583/583 565/565 563/563
f 502/502 496/496 507/507
f 507/507 496/496 454/454
f 891/891 884/884 889/889
f 891/891 890/890 884/884
f 884/884 890/890 887/887
f 890/890 896/896 887/887
f 1029/1029 1033/1033 1032/1032
f 1029/1029 1032/1032 1031/1031
f 1031/1031 1035/1035 1036/1036
f 884/884 887/887 886/886
f 887/887 888/888 886/886
f 1033/1033 1034/1034 1032/1032
f 1032/1032 1034/1034 1038/1038
f 1032/1032 1038/1038 1031/1031
f 1031/1031 1038/1038 1035/1035
f 454/454 496/496 453/453
f 454/454 453/453 452/452
f 896/896 901/901 887/887
f 887/887 901/901 903/903
f 887/887 903/903 888/888
f 447/447 452/452 446/446
f 452/452 453/453 446/446
f 734/734 733/733 731/731
f 731/731 733/733 730/730
f 733/733 750/750 730/730
f 795/795 791/791 796/796
f 617/617 584/584 586/586
f 895/895 902/902 907/907
f 895/895 892/892 902/902
f 895/895 894/894 892/892
f 905/905 902/902 891/891
f 891/891 902/902 892/892
f 891/891 892/892 890/890
f 583/583 563/563 584/584
f 584/584 564/564 586/586
f 894/894 897/897 893/893
f 563/563 525/525 564/564
f 563/563 564/564 584/584
f 892/892 893/893 890/890
f 890/890 893/893 896/896
f 894/894 893/893 892/892
f 897/897 898/898 893/893
f 1035/1035 1037/1037 1036/1036
f 921/921 927/927 928/928
f 1037/1037 1035/1035 1038/1038
f 598/598 609/609 597/597
f 893/893 899/899 896/896
f 1038/1038 1047/1047 1037/1037
f 494/494 481/481 480/480
f 494/494 480/480 446/446
f 480/480 481/481 426/426
f 563/563 560/560 525/525
f 898/898 900/900 893/893
f 520/520 521/521 525/525
f 893/893 900/900 899/899
f 445/445 447/447 446/446
f 598/598 597/597 594/594
f 1047/1047 1046/1046 1037/1037
f 480/480 443/443 446/446
f 444/444 445/445 443/443
f 446/446 443/443 445/445
f 426/426 420/420 480/480
f 480/480 420/420 443/443
f 444/444 443/443 432/432
f 432/432 443/443 407/407
f 708/708 702/702 709/709
f 702/702 706/706 709/709
f 702/702 704/704 706/706
f 713/713 714/714 710/710
f 706/706 704/704 710/710
f 702/702 703/703 704/704
f 703/703 728/728 704/704
f 704/704 728/728 722/722
f 720/720 717/717 722/722
f 704/704 713/713 710/710
f 704/704 722/722 713/713
f 713/713 717/717 715/715
f 713/713 715/715 714/714
f 722/722 717/717 713/713
f 703/703 729/729 728/728
f 728/728 744/744 722/722
f 1042/1042 1040/1040 1043/1043
f 728/728 745/745 744/744
f 801/801 811/811 798/798
f 801/801 798/798 800/800
f 802/802 803/803 801/801
f 803/803 811/811 801/801
f 801/801 800/800 802/802
f 798/798 811/811 810/810
f 626/626 624/624 627/627
f 624/624 628/628 627/627
f 627/627 628/628 629/629
f 629/629 628/628 519/519
f 624/624 621/621 628/628
f 625/625 624/624 626/626
f 625/625 623/623 624/624
f 623/623 621/621 624/624
f 520/520 518/518 521/521
f 519/519 520/520 547/547
f 519/519 518/518 520/520
f 628/628 516/516 519/519
f 519/519 516/516 518/518
f 628/628 618/618 516/516
f 621/621 618/618 628/628
f 516/516 517/517 518/518
f 516/516 522/522 517/517
f 1036/1036 1037/1037 1039/1039
f 1036/1036 1039/1039 1040/1040
f 745/745 746/746 744/744
f 1039/1039 1048/1048 1040/1040
f 745/745 751/751 746/746
f 810/810 811/811 813/813
f 810/810 813/813 812/812
f 815/815 813/813 811/811
f 614/614 595/595 613/613
f 666/666 655/655 612/612
f 927/927 929/929 928/928
f 521/521 592/592 597/597
f 597/597 592/592 594/594
f 592/592 593/593 594/594
f 521/521 518/518 592/592
f 518/518 517/517 592/592
f 431/431 405/405 409/409
f 431/431 407/407 405/405
f 1039/1039 1037/1037 1041/1041
f 1037/1037 1046/1046 1041/1041
f 443/443 420/420 407/407
f 594/594 593/593 595/595
f 929/929 930/930 928/928
f 612/612 606/606 611/611
f 595/595 593/593 596/596
f 613/613 596/596 655/655
f 613/613 595/595 596/596
f 655/655 596/596 612/612
f 596/596 606/606 612/612
f 596/596 593/593 606/606
f 606/606 610/610 611/611
f 431/431 432/432 407/407
f 402/402 397/397 394/394
f 407/407 420/420 403/403
f 420/420 426/426 419/419
f 407/407 403/403 405/405
f 420/420 419/419 403/403
f 426/426 394/394 419/419
f 426/426 402/402 394/394
f 397/397 395/395 394/394
f 419/419 394/394 403/403
f 394/394 395/395 396/396
f 592/592 517/517 538/538
f 592/592 538/538 593/593
f 409/409 405/405 408/408
f 408/408 405/405 406/406
f 405/405 404/404 406/406
f 778/778 773/773 780/780
f 773/773 778/778 777/777
f 778/778 779/779 777/777
f 593/593 605/605 606/606
f 593/593 538/538 605/605
f 606/606 605/605 610/610
f 405/405 403/403 404/404
f 394/394 396/396 403/403
f 396/396 395/395 451/451
f 403/403 396/396 404/404
f 605/605 546/546 610/610
f 404/404 396/396 451/451
f 517/517 537/537 538/538
f 538/538 537/537 542/542
f 777/777 782/782 771/771
f 782/782 777/777 781/781
f 552/552 551/551 553/553
f 538/538 546/546 605/605
f 404/404 451/451 429/429
f 451/451 437/437 429/429
f 538/538 542/542 546/546
f 779/779 781/781 777/777
f 546/546 542/542 552/552
f 404/404 429/429 406/406
f 429/429 434/434 412/412
f 429/429 435/435 434/434
f 429/429 437/437 435/435
f 434/434 435/435 436/436
f 542/542 551/551 552/552
f 542/542 548/548 551/551
f 411/411 409/409 410/410
f 410/410 409/409 408/408
f 618/618 619/619 523/523
f 618/618 523/523 516/516
f 414/414 410/410 413/413
f 619/619 528/528 523/523
f 523/523 528/528 526/526
f 516/516 523/523 522/522
f 410/410 408/408 413/413
f 522/522 524/524 517/517
f 522/522 526/526 524/524
f 522/522 523/523 526/526
f 619/619 643/643 528/528
f 524/524 526/526 527/527
f 413/413 415/415 416/416
f 643/643 531/531 528/528
f 528/528 530/530 526/526
f 531/531 530/530 528/528
f 414/414 413/413 417/417
f 530/530 529/529 526/526
f 529/529 527/527 526/526
f 413/413 416/416 417/417
f 408/408 415/415 413/413
f 406/406 412/412 408/408
f 524/524 537/537 517/517
f 408/408 412/412 415/415
f 415/415 412/412 430/430
f 524/524 527/527 537/537
f 406/406 429/429 412/412
f 527/527 541/541 537/537
f 430/430 412/412 434/434
f 537/537 541/541 542/542
f 542/542 541/541 548/548
f 430/430 434/434 448/448
f 415/415 430/430 416/416
f 416/416 430/430 433/433
f 433/433 430/430 448/448
f 266/266 247/247 228/228
f 227/227 228/228 232/232
f 227/227 226/226 228/228
f 568/568 580/580 551/551
f 257/257 231/231 232/232
f 282/282 231/231 257/257
f 548/548 568/568 551/551
f 434/434 459/459 448/448
f 436/436 474/474 459/459
f 434/434 436/436 459/459
f 282/282 234/234 231/231
f 231/231 234/234 225/225
f 232/232 231/231 227/227
f 227/227 231/231 225/225
f 266/266 228/228 260/260
f 228/228 226/226 260/260
f 226/226 227/227 225/225
f 260/260 226/226 230/230
f 260/260 230/230 283/283
f 226/226 224/224 230/230
f 226/226 225/225 224/224
f 230/230 224/224 206/206
f 539/539 550/550 541/541
f 531/531 529/529 530/530
f 527/527 539/539 541/541
f 417/417 416/416 418/418
f 417/417 418/418 421/421
f 433/433 418/418 416/416
f 527/527 529/529 539/539
f 433/433 441/441 418/418
f 433/433 457/457 441/441
f 550/550 559/559 571/571
f 543/543 550/550 539/539
f 541/541 549/549 548/548
f 548/548 549/549 568/568
f 541/541 550/550 549/549
f 448/448 459/459 472/472
f 568/568 549/549 572/572
f 549/549 550/550 572/572
f 550/550 571/571 572/572
f 472/472 478/478 457/457
f 433/433 448/448 457/457
f 448/448 472/472 457/457
f 207/207 208/208 236/236
f 208/208 207/207 205/205
f 543/543 559/559 550/550
f 457/457 478/478 458/458
f 236/236 235/235 207/207
f 236/236 281/281 235/235
f 234/234 208/208 225/225
f 234/234 236/236 208/208
f 225/225 208/208 224/224
f 224/224 208/208 205/205
f 652/652 604/604 531/531
f 604/604 532/532 531/531
f 531/531 532/532 529/529
f 532/532 533/533 529/529
f 529/529 533/533 539/539
f 418/418 422/422 421/421
f 423/423 422/422 424/424
f 422/422 418/418 441/441
f 423/423 421/421 422/422
f 539/539 533/533 543/543
f 441/441 440/440 422/422
f 441/441 458/458 440/440
f 457/457 458/458 441/441
f 532/532 534/534 533/533
f 424/424 422/422 425/425
f 425/425 422/422 440/440
f 533/533 534/534 543/543
f 534/534 544/544 543/543
f 543/543 544/544 559/559
f 544/544 569/569 559/559
f 440/440 458/458 456/456
f 425/425 440/440 442/442
f 440/440 456/456 442/442
f 425/425 442/442 428/428
f 428/428 442/442 455/455
f 283/283 223/223 284/284
f 223/223 211/211 219/219
f 206/206 211/211 223/223
f 211/211 206/206 204/204
f 230/230 206/206 223/223
f 283/283 230/230 223/223
f 224/224 205/205 206/206
f 219/219 213/213 216/216
f 211/211 212/212 213/213
f 211/211 213/213 219/219
f 213/213 215/215 216/216
f 219/219 216/216 221/221
f 212/212 211/211 204/204
f 206/206 205/205 204/204
f 205/205 203/203 204/204
f 205/205 207/207 203/203
f 204/204 203/203 202/202
f 212/212 204/204 217/217
f 217/217 204/204 209/209
f 214/214 217/217 218/218
f 212/212 217/217 214/214
f 217/217 233/233 218/218
f 204/204 202/202 209/209
f 202/202 194/194 209/209
f 217/217 209/209 233/233
f 209/209 242/242 233/233
f 233/233 291/291 218/218
f 233/233 294/294 291/291
f 233/233 242/242 294/294
f 209/209 194/194 242/242
f 235/235 281/281 275/275
f 235/235 275/275 210/210
f 275/275 276/276 210/210
f 235/235 210/210 207/207
f 207/207 210/210 203/203
f 203/203 210/210 201/201
f 210/210 229/229 201/201
f 544/544 570/570 569/569
f 544/544 545/545 570/570
f 570/570 545/545 575/575
f 276/276 229/229 210/210
f 276/276 280/280 229/229
f 229/229 280/280 190/190
f 203/203 201/201 202/202
f 202/202 201/201 194/194
f 242/242 195/195 294/294
f 242/242 194/194 186/186
f 242/242 186/186 195/195
f 201/201 185/185 194/194
f 194/194 185/185 186/186
f 186/186 187/187 195/195
f 201/201 229/229 185/185
f 229/229 190/190 185/185
f 185/185 190/190 184/184
f 185/185 183/183 186/186
f 186/186 183/183 187/187
f 184/184 183/183 185/185
f 442/442 456/456 455/455
f 456/456 473/473 455/455
f 184/184 190/190 181/181
f 184/184 181/181 183/183
f 181/181 182/182 183/183
f 280/280 279/279 190/190
f 246/246 221/221 220/220
f 220/220 290/290 289/289
f 246/246 220/220 289/289
f 289/289 290/290 318/318
f 221/221 216/216 220/220
f 216/216 215/215 220/220
f 220/220 215/215 222/222
f 290/290 220/220 222/222
f 215/215 244/244 222/222
f 222/222 244/244 274/274
f 290/290 222/222 274/274
f 245/245 215/215 214/214
f 213/213 214/214 215/215
f 215/215 245/245 244/244
f 218/218 245/245 214/214
f 212/212 214/214 213/213
f 294/294 328/328 291/291
f 294/294 320/320 328/328
f 320/320 294/294 195/195
f 295/295 320/320 187/187
f 195/195 187/187 320/320
f 187/187 183/183 182/182
f 187/187 182/182 295/295
f 509/509 501/501 505/505
f 952/952 943/943 950/950
f 952/952 953/953 943/943
f 950/950 943/943 946/946
f 953/953 944/944 943/943
f 938/938 937/937 911/911
f 807/807 806/806 804/804
f 807/807 808/808 806/806
f 855/855 856/856 853/853
f 856/856 858/858 853/853
f 957/957 958/958 960/960
f 856/856 865/865 858/858
f 509/509 506/506 501/501
f 946/946 943/943 945/945
f 946/946 945/945 947/947
f 943/943 944/944 945/945
f 944/944 949/949 945/945
f 941/941 938/938 940/940
f 911/911 942/942 939/939
f 911/911 912/912 913/913
f 911/911 913/913 942/942
f 911/911 937/937 912/912
f 938/938 911/911 939/939
f 938/938 939/939 940/940
f 970/970 964/964 969/969
f 944/944 951/951 949/949
f 945/945 949/949 948/948
f 964/964 963/963 969/969
f 515/515 511/511 510/510
f 969/969 963/963 972/972
f 937/937 934/934 912/912
f 945/945 948/948 947/947
f 913/913 912/912 914/914
f 913/913 914/914 917/917
f 501/501 506/506 500/500
f 505/505 501/501 502/502
f 502/502 501/501 498/498
f 501/501 500/500 498/498
f 500/500 499/499 498/498
f 506/506 513/513 500/500
f 513/513 508/508 500/500
f 500/500 508/508 499/499
f 510/510 503/503 499/499
f 510/510 499/499 508/508
f 510/510 511/511 503/503
f 497/497 503/503 504/504
f 497/497 499/499 503/503
f 917/917 914/914 922/922
f 934/934 915/915 912/912
f 934/934 936/936 915/915
f 936/936 935/935 915/915
f 912/912 915/915 914/914
f 915/915 935/935 916/916
f 915/915 916/916 914/914
f 916/916 935/935 933/933
f 914/914 916/916 924/924
f 916/916 933/933 924/924
f 914/914 924/924 922/922
f 493/493 488/488 491/491
f 493/493 491/491 492/492
f 974/974 975/975 976/976
f 804/804 799/799 798/798
f 804/804 806/806 799/799
f 798/798 799/799 800/800
f 804/804 798/798 805/805
f 955/955 956/956 957/957
f 978/978 974/974 976/976
f 957/957 956/956 958/958
f 855/855 853/853 852/852
f 956/956 959/959 958/958
f 925/925 913/913 918/918
f 497/497 504/504 494/494
f 923/923 925/925 918/918
f 913/913 917/917 918/918
f 805/805 798/798 809/809
f 805/805 809/809 814/814
f 674/674 660/660 665/665
f 976/976 975/975 977/977
f 917/917 922/922 926/926
f 665/665 660/660 662/662
f 798/798 810/810 809/809
f 983/983 979/979 982/982
f 979/979 981/981 982/982
f 922/922 924/924 932/932
f 492/492 491/491 489/489
f 484/484 489/489 491/491
f 491/491 488/488 484/484
f 976/976 977/977 979/979
f 977/977 980/980 979/979
f 980/980 981/981 979/979
f 662/662 660/660 659/659
f 787/787 783/783 784/784
f 784/784 783/783 774/774
f 784/784 774/774 770/770
f 784/784 770/770 786/786
f 483/483 484/484 469/469
f 484/484 485/485 479/479
f 488/488 487/487 484/484
f 487/487 469/469 484/484
f 487/487 470/470 469/469
f 470/470 471/471 468/468
f 469/469 470/470 467/467
f 470/470 468/468 467/467
f 502/502 498/498 496/496
f 496/496 498/498 497/497
f 498/498 499/499 497/497
f 497/497 495/495 496/496
f 497/497 494/494 495/495
f 496/496 495/495 453/453
f 495/495 494/494 446/446
f 453/453 495/495 446/446
f 494/494 504/504 481/481
f 923/923 918/918 921/921
f 921/921 918/918 919/919
f 921/921 919/919 927/927
f 918/918 917/917 919/919
f 919/919 917/917 920/920
f 917/917 926/926 920/920
f 809/809 810/810 812/812
f 666/666 651/651 674/674
f 674/674 651/651 660/660
f 666/666 612/612 651/651
f 651/651 659/659 660/660
f 651/651 650/650 659/659
f 783/783 776/776 774/774
f 919/919 920/920 927/927
f 927/927 920/920 929/929
f 926/926 931/931 920/920
f 401/401 400/400 399/399
f 651/651 612/612 650/650
f 612/612 649/649 650/650
f 776/776 775/775 774/774
f 774/774 775/775 773/773
f 399/399 400/400 398/398
f 922/922 932/932 926/926
f 489/489 484/484 479/479
f 490/490 479/479 400/400
f 490/490 489/489 479/479
f 400/400 479/479 398/398
f 847/847 841/841 844/844
f 1004/1004 1005/1005 1000/1000
f 844/844 840/840 851/851
f 844/844 841/841 840/840
f 1005/1005 1006/1006 1000/1000
f 1000/1000 1002/1002 1004/1004
f 800/800 799/799 816/816
f 852/852 854/854 857/857
f 852/852 853/853 854/854
f 720/720 718/718 717/717
f 800/800 816/816 817/817
f 857/857 854/854 861/861
f 717/717 718/718 715/715
f 718/718 739/739 715/715
f 853/853 859/859 854/854
f 853/853 858/858 859/859
f 786/786 770/770 785/785
f 861/861 854/854 862/862
f 854/854 859/859 860/860
f 854/854 860/860 862/862
f 739/739 743/743 740/740
f 739/739 740/740 737/737
f 1023/1023 1011/1011 1006/1006
f 1006/1006 1003/1003 1000/1000
f 1006/1006 1011/1011 1003/1003
f 1000/1000 1001/1001 1002/1002
f 1000/1000 1003/1003 1001/1001
f 1011/1011 1012/1012 1003/1003
f 1003/1003 1012/1012 1001/1001
f 1001/1001 1012/1012 1018/1018
f 840/840 841/841 842/842
f 843/843 840/840 842/842
f 858/858 863/863 859/859
f 1011/1011 1007/1007 1009/1009
f 484/484 483/483 485/485
f 1011/1011 1009/1009 1012/1012
f 1012/1012 1009/1009 1018/1018
f 483/483 469/469 463/463
f 469/469 465/465 463/463
f 469/469 467/467 465/465
f 467/467 466/466 465/465
f 465/465 466/466 464/464
f 465/465 464/464 463/463
f 1023/1023 1021/1021 1011/1011
f 1011/1011 1021/1021 1007/1007
f 1007/1007 1021/1021 1019/1019
f 603/603 602/602 600/600
f 261/261 255/255 256/256
f 255/255 254/254 252/252
f 255/255 252/252 256/256
f 602/602 601/601 600/600
f 715/715 716/716 714/714
f 715/715 739/739 737/737
f 715/715 719/719 716/716
f 715/715 737/737 721/721
f 715/715 721/721 719/719
f 737/737 738/738 721/721
f 848/848 845/845 850/850
f 843/843 845/845 848/848
f 737/737 740/740 738/738
f 1022/1022 1019/1019 1021/1021
f 738/738 740/740 741/741
f 842/842 845/845 843/843
f 846/846 845/845 842/842
f 850/850 845/845 849/849
f 845/845 846/846 849/849
f 256/256 252/252 258/258
f 262/262 263/263 255/255
f 262/262 255/255 261/261
f 602/602 603/603 615/615
f 467/467 468/468 466/466
f 252/252 251/251 250/250
f 250/250 248/248 249/249
f 859/859 864/864 860/860
f 743/743 752/752 740/740
f 785/785 770/770 772/772
f 770/770 774/774 773/773
f 486/486 475/475 476/476
f 483/483 486/486 485/485
f 479/479 485/485 476/476
f 485/485 486/486 476/476
f 486/486 483/483 482/482
f 1007/1007 1008/1008 1009/1009
f 483/483 463/463 482/482
f 1007/1007 1010/1010 1008/1008
f 486/486 482/482 477/477
f 1008/1008 1016/1016 1009/1009
f 254/254 253/253 252/252
f 601/601 599/599 600/600
f 463/463 464/464 462/462
f 476/476 398/398 479/479
f 482/482 461/461 477/477
f 482/482 463/463 461/461
f 463/463 462/462 461/461
f 1020/1020 1015/1015 1019/1019
f 1019/1019 1010/1010 1007/1007
f 1019/1019 1015/1015 1010/1010
f 770/770 773/773 771/771
f 770/770 771/771 772/772
f 1017/1017 1014/1014 1015/1015
f 1015/1015 1014/1014 1010/1010
f 777/777 771/771 773/773
f 475/475 486/486 477/477
f 607/607 608/608 553/553
f 1014/1014 1013/1013 1010/1010
f 607/607 588/588 590/590
f 553/553 588/588 607/607
f 600/600 599/599 591/591
f 253/253 251/251 252/252
f 1010/1010 1013/1013 1008/1008
f 1008/1008 1013/1013 1016/1016
f 590/590 589/589 591/591
f 590/590 591/591 599/599
f 477/477 461/461 450/450
f 461/461 462/462 460/460
f 461/461 460/460 450/450
f 287/287 251/251 253/253
f 287/287 259/259 251/251
f 590/590 588/588 589/589
f 588/588 587/587 589/589
f 612/612 611/611 649/649
f 780/780 773/773 775/775
f 402/402 399/399 397/397
f 399/399 398/398 397/397
f 397/397 398/398 395/395
f 395/395 398/398 476/476
f 395/395 476/476 451/451
f 451/451 476/476 475/475
f 475/475 477/477 439/439
f 477/477 450/450 439/439
f 475/475 437/437 451/451
f 475/475 439/439 437/437
f 439/439 450/450 438/438
f 439/439 438/438 437/437
f 438/438 450/450 449/449
f 450/450 460/460 449/449
f 250/250 251/251 248/248
f 251/251 259/259 248/248
f 248/248 259/259 257/257
f 437/437 438/438 435/435
f 588/588 551/551 587/587
f 553/553 551/551 588/588
f 435/435 438/438 436/436
f 438/438 449/449 436/436
f 587/587 551/551 580/580
f 436/436 449/449 474/474
f 249/249 248/248 247/247
f 249/249 247/247 293/293
f 293/293 247/247 266/266
f 248/248 232/232 247/247
f 247/247 232/232 228/228
f 248/248 257/257 232/232
f 1120/1120 1115/1115 1119/1119
f 1119/1119 1121/1121 1120/1120
f 1120/1120 1121/1121 1122/1122
f 1121/1121 1166/1166 1163/1163
f 1122/1122 1121/1121 1076/1076
f 1121/1121 1163/1163 1076/1076
f 1163/1163 1169/1169 1076/1076
f 1163/1163 1161/1161 1169/1169
f 1122/1122 1076/1076 1123/1123
f 1169/1169 1161/1161 1156/1156
f 1161/1161 1160/1160 1156/1156
f 1156/1156 1160/1160 1159/1159
f 1076/1076 1169/1169 1075/1075
f 1074/1074 1076/1076 1075/1075
f 1075/1075 1156/1156 1158/1158
f 1169/1169 1156/1156 1075/1075
f 1074/1074 1075/1075 1073/1073
f 1075/1075 1158/1158 1073/1073
f 1074/1074 1073/1073 1072/1072
f 1073/1073 1158/1158 1066/1066
f 1158/1158 1164/1164 1066/1066
f 1156/1156 1157/1157 1158/1158
f 1158/1158 1157/1157 1164/1164
f 1156/1156 1159/1159 1157/1157
f 1159/1159 1176/1176 1157/1157
f 1164/1164 1157/1157 1165/1165
f 1157/1157 1175/1175 1165/1165
f 1157/1157 1176/1176 1175/1175
f 1230/1230 1204/1204 1222/1222
f 1222/1222 1204/1204 1203/1203
f 1061/1061 1072/1072 1065/1065
f 1073/1073 1066/1066 1072/1072
f 1164/1164 1165/1165 1066/1066
f 1072/1072 1066/1066 1065/1065
f 1066/1066 1165/1165 1063/1063
f 1065/1065 1066/1066 1063/1063
f 1222/1222 1203/1203 1209/1209
f 1165/1165 1167/1167 1063/1063
f 1165/1165 1173/1173 1167/1167
f 1165/1165 1175/1175 1173/1173
f 1223/1223 1222/1222 1209/1209
f 1209/1209 1203/1203 1205/1205
f 1065/1065 1063/1063 1062/1062
f 1061/1061 1065/1065 1060/1060
f 1065/1065 1062/1062 1060/1060
f 1061/1061 1060/1060 1059/1059
f 1060/1060 1062/1062 1067/1067
f 1062/1062 1063/1063 1064/1064
f 1062/1062 1064/1064 1067/1067
f 1060/1060 1058/1058 1059/1059
f 1058/1058 1060/1060 1067/1067
f 1063/1063 1168/1168 1064/1064
f 1248/1248 1237/1237 1238/1238
f 1064/1064 1068/1068 1067/1067
f 1064/1064 1168/1168 1174/1174
f 1063/1063 1167/1167 1168/1168
f 1242/1242 1223/1223 1219/1219
f 1242/1242 1219/1219 1241/1241
f 1223/1223 1209/1209 1219/1219
f 1209/1209 1205/1205 1208/1208
f 1219/1219 1209/1209 1208/1208
f 1208/1208 1205/1205 1194/1194
f 1241/1241 1219/1219 1213/1213
f 1241/1241 1213/1213 1237/1237
f 1237/1237 1213/1213 1214/1214
f 1213/1213 1208/1208 1211/1211
f 1219/1219 1208/1208 1213/1213
f 1208/1208 1207/1207 1211/1211
f 1058/1058 1055/1055 1059/1059
f 1058/1058 1057/1057 1055/1055
f 1238/1238 1237/1237 1216/1216
f 1237/1237 1214/1214 1216/1216
f 1058/1058 1067/1067 1057/1057
f 1067/1067 1069/1069 1057/1057
f 1067/1067 1068/1068 1069/1069
f 1185/1185 1238/1238 1216/1216
f 1214/1214 1215/1215 1216/1216
f 1069/1069 1070/1070 1057/1057
f 1057/1057 1070/1070 1056/1056
f 1057/1057 1056/1056 1055/1055
f 1056/1056 1070/1070 1071/1071
f 1182/1182 1184/1184 1183/1183
f 1184/1184 1185/1185 1183/1183
f 1185/1185 1216/1216 1183/1183
f 1216/1216 1217/1217 1227/1227
f 1214/1214 1211/1211 1215/1215
f 1214/1214 1213/1213 1211/1211
f 1207/1207 1220/1220 1211/1211
f 1216/1216 1215/1215 1217/1217
f 1211/1211 1221/1221 1215/1215
f 1211/1211 1220/1220 1221/1221
f 1053/1053 1055/1055 1052/1052
f 1055/1055 1056/1056 1052/1052
f 1182/1182 1183/1183 1181/1181
f 1056/1056 1054/1054 1052/1052
f 1056/1056 1071/1071 1054/1054
f 1183/1183 1216/1216 1227/1227
f 1183/1183 1227/1227 1181/1181
f 1181/1181 1227/1227 1225/1225
f 1227/1227 1217/1217 1225/1225
f 1217/1217 1224/1224 1225/1225
f 1054/1054 1071/1071 1077/1077
f 1182/1182 1181/1181 1180/1180
f 1180/1180 1181/1181 1179/1179
f 1181/1181 1225/1225 1228/1228
f 1225/1225 1224/1224 1226/1226
f 1217/1217 1215/1215 1218/1218
f 1215/1215 1221/1221 1218/1218
f 1217/1217 1218/1218 1224/1224
f 1221/1221 1233/1233 1218/1218
f 1220/1220 1232/1232 1221/1221
f 1221/1221 1232/1232 1233/1233
f 1224/1224 1218/1218 1226/1226
f 1233/1233 1232/1232 1235/1235
f 1078/1078 1088/1088 1079/1079
f 1080/1080 1079/1079 1081/1081
f 1080/1080 1081/1081 1082/1082
f 1082/1082 1081/1081 1149/1149
f 1081/1081 1148/1148 1149/1149
f 1078/1078 1079/1079 1080/1080
f 1082/1082 1149/1149 1150/1150
f 1150/1150 1149/1149 1152/1152
f 1149/1149 1147/1147 1152/1152
f 1152/1152 1147/1147 1153/1153
f 1152/1152 1153/1153 1154/1154
f 1154/1154 1153/1153 1109/1109
f 1154/1154 1109/1109 1155/1155
f 1109/1109 1106/1106 1131/1131
f 1137/1137 1138/1138 1103/1103
f 1106/1106 1095/1095 1103/1103
f 1106/1106 1100/1100 1095/1095
f 1134/1134 1132/1132 1133/1133
f 1135/1135 1103/1103 1136/1136
f 1137/1137 1103/1103 1135/1135
f 1134/1134 1135/1135 1132/1132
f 1135/1135 1136/1136 1132/1132
f 1103/1103 1097/1097 1136/1136
f 1095/1095 1097/1097 1103/1103
f 1133/1133 1132/1132 1107/1107
f 1136/1136 1102/1102 1132/1132
f 1136/1136 1097/1097 1102/1102
f 1133/1133 1107/1107 1129/1129
f 1107/1107 1132/1132 1102/1102
f 1102/1102 1097/1097 1099/1099
f 1107/1107 1102/1102 1104/1104
f 1129/1129 1107/1107 1104/1104
f 1102/1102 1099/1099 1104/1104
f 1129/1129 1104/1104 1128/1128
f 1104/1104 1105/1105 1128/1128
f 1128/1128 1105/1105 1127/1127
f 1105/1105 1115/1115 1127/1127
f 1079/1079 1088/1088 1085/1085
f 1085/1085 1094/1094 1089/1089
f 1094/1094 1090/1090 1089/1089
f 1079/1079 1083/1083 1081/1081
f 1081/1081 1145/1145 1148/1148
f 1081/1081 1083/1083 1145/1145
f 1084/1084 1083/1083 1079/1079
f 1083/1083 1084/1084 1086/1086
f 1079/1079 1085/1085 1084/1084
f 1084/1084 1085/1085 1089/1089
f 1086/1086 1084/1084 1087/1087
f 1083/1083 1086/1086 1145/1145
f 1089/1089 1090/1090 1091/1091
f 1089/1089 1091/1091 1092/1092
f 1084/1084 1089/1089 1087/1087
f 1087/1087 1144/1144 1086/1086
f 1087/1087 1089/1089 1092/1092
f 1087/1087 1092/1092 1151/1151
f 1092/1092 1091/1091 1093/1093
f 1290/1290 1287/1287 1286/1286
f 1287/1287 1285/1285 1286/1286
f 1287/1287 1289/1289 1288/1288
f 1287/1287 1288/1288 1285/1285
f 1289/1289 1263/1263 1288/1288
f 1263/1263 1262/1262 1288/1288
f 1263/1263 1261/1261 1258/1258
f 1263/1263 1258/1258 1262/1262
f 1261/1261 1260/1260 1258/1258
f 1260/1260 1259/1259 1258/1258
f 1148/1148 1145/1145 1147/1147
f 1149/1149 1148/1148 1147/1147
f 1145/1145 1146/1146 1147/1147
f 1147/1147 1146/1146 1153/1153
f 1086/1086 1144/1144 1145/1145
f 1145/1145 1144/1144 1142/1142
f 1145/1145 1142/1142 1146/1146
f 1144/1144 1087/1087 1151/1151
f 1144/1144 1143/1143 1142/1142
f 1144/1144 1151/1151 1143/1143
f 1142/1142 1143/1143 1140/1140
f 1153/1153 1146/1146 1141/1141
f 1146/1146 1142/1142 1139/1139
f 1146/1146 1139/1139 1141/1141
f 1142/1142 1140/1140 1139/1139
f 1280/1280 1278/1278 1279/1279
f 1286/1286 1285/1285 1284/1284
f 1286/1286 1284/1284 1280/1280
f 1280/1280 1284/1284 1278/1278
f 1284/1284 1285/1285 1283/1283
f 1284/1284 1283/1283 1282/1282
f 1284/1284 1282/1282 1278/1278
f 1278/1278 1282/1282 1254/1254
f 1285/1285 1288/1288 1283/1283
f 1288/1288 1251/1251 1283/1283
f 1283/1283 1252/1252 1282/1282
f 1283/1283 1251/1251 1252/1252
f 1288/1288 1262/1262 1251/1251
f 1262/1262 1258/1258 1251/1251
f 1258/1258 1249/1249 1251/1251
f 1250/1250 1249/1249 1256/1256
f 1249/1249 1250/1250 1251/1251
f 1249/1249 1258/1258 1259/1259
f 1249/1249 1257/1257 1256/1256
f 1282/1282 1252/1252 1254/1254
f 1252/1252 1251/1251 1250/1250
f 1252/1252 1253/1253 1254/1254
f 1250/1250 1253/1253 1252/1252
f 1153/1153 1141/1141 1109/1109
f 1109/1109 1141/1141 1108/1108
f 1109/1109 1108/1108 1106/1106
f 1108/1108 1100/1100 1106/1106
f 1108/1108 1126/1126 1100/1100
f 1141/1141 1126/1126 1108/1108
f 1141/1141 1139/1139 1126/1126
f 1140/1140 1130/1130 1139/1139
f 1139/1139 1130/1130 1126/1126
f 1095/1095 1100/1100 1096/1096
f 1100/1100 1126/1126 1124/1124
f 1126/1126 1130/1130 1125/1125
f 1126/1126 1125/1125 1124/1124
f 1277/1277 1276/1276 1275/1275
f 1275/1275 1276/1276 1274/1274
f 1100/1100 1124/1124 1096/1096
f 1124/1124 1125/1125 1117/1117
f 1256/1256 1253/1253 1250/1250
f 1255/1255 1253/1253 1256/1256
f 1279/1279 1278/1278 1277/1277
f 1278/1278 1276/1276 1277/1277
f 1278/1278 1254/1254 1276/1276
f 1276/1276 1281/1281 1274/1274
f 1254/1254 1253/1253 1255/1255
f 1276/1276 1254/1254 1281/1281
f 1095/1095 1096/1096 1097/1097
f 1275/1275 1274/1274 1273/1273
f 1124/1124 1117/1117 1096/1096
f 1096/1096 1098/1098 1097/1097
f 1096/1096 1112/1112 1098/1098
f 1096/1096 1117/1117 1112/1112
f 1117/1117 1116/1116 1112/1112
f 1281/1281 1291/1291 1274/1274
f 1273/1273 1274/1274 1272/1272
f 1274/1274 1291/1291 1265/1265
f 1274/1274 1265/1265 1272/1272
f 1273/1273 1272/1272 1271/1271
f 1271/1271 1272/1272 1265/1265
f 1097/1097 1098/1098 1099/1099
f 1099/1099 1098/1098 1101/1101
f 1098/1098 1110/1110 1101/1101
f 1098/1098 1112/1112 1110/1110
f 1105/1105 1104/1104 1099/1099
f 1111/1111 1101/1101 1110/1110
f 1110/1110 1113/1113 1111/1111
f 1112/1112 1113/1113 1110/1110
f 1112/1112 1116/1116 1113/1113
f 1271/1271 1265/1265 1264/1264
f 1264/1264 1265/1265 1266/1266
f 1113/1113 1116/1116 1178/1178
f 1113/1113 1178/1178 1177/1177
f 1266/1266 1267/1267 1264/1264
f 1099/1099 1101/1101 1105/1105
f 1101/1101 1115/1115 1105/1105
f 1101/1101 1111/1111 1115/1115
f 1115/1115 1111/1111 1119/1119
f 1119/1119 1111/1111 1118/1118
f 1111/1111 1113/1113 1114/1114
f 1113/1113 1177/1177 1114/1114
f 1114/1114 1177/1177 1172/1172
f 1267/1267 1268/1268 1269/1269
f 1267/1267 1266/1266 1268/1268
f 1111/1111 1114/1114 1118/1118
f 1118/1118 1114/1114 1171/1171
f 1114/1114 1172/1172 1171/1171
f 1171/1171 1172/1172 1170/1170
f 1240/1240 1200/1200 1239/1239
f 1269/1269 1268/1268 1270/1270
f 1119/1119 1118/1118 1121/1121
f 1118/1118 1166/1166 1121/1121
f 1118/1118 1171/1171 1166/1166
f 1166/1166 1162/1162 1163/1163
f 1171/1171 1170/1170 1166/1166
f 1200/1200 1201/1201 1198/1198
f 1239/1239 1200/1200 1206/1206
f 1200/1200 1197/1197 1206/1206
f 1166/1166 1170/1170 1162/1162
f 1247/1247 1239/1239 1206/1206
f 1200/1200 1198/1198 1197/1197
f 1198/1198 1196/1196 1197/1197
f 1163/1163 1162/1162 1161/1161
f 1247/1247 1206/1206 1212/1212
f 1206/1206 1197/1197 1212/1212
f 1161/1161 1162/1162 1160/1160
f 1247/1247 1212/1212 1246/1246
f 1212/1212 1197/1197 1202/1202
f 1197/1197 1195/1195 1202/1202
f 1196/1196 1195/1195 1197/1197
f 1196/1196 1190/1190 1195/1195
f 1246/1246 1212/1212 1210/1210
f 1212/1212 1202/1202 1210/1210
f 1246/1246 1210/1210 1245/1245
f 1202/1202 1195/1195 1186/1186
f 1210/1210 1202/1202 1186/1186
f 1190/1190 1186/1186 1195/1195
f 1190/1190 1187/1187 1186/1186
f 1210/1210 1186/1186 1204/1204
f 1245/1245 1210/1210 1230/1230
f 1210/1210 1204/1204 1230/1230
f 1204/1204 1186/1186 1188/1188
f 1186/1186 1187/1187 1188/1188
f 1187/1187 1189/1189 1188/1188
f 1204/1204 1188/1188 1203/1203
f 1203/1203 1188/1188 1191/1191
f 1188/1188 1189/1189 1191/1191
f 1203/1203 1191/1191 1205/1205
f 1189/1189 1192/1192 1191/1191
f 1191/1191 1192/1192 1193/1193
f 1205/1205 1191/1191 1194/1194
f 1191/1191 1193/1193 1194/1194
f 1208/1208 1194/1194 1207/1207
f 1194/1194 1193/1193 1199/1199
f 1194/1194 1199/1199 1207/1207
f 1220/1220 1207/1207 1229/1229
f 1207/1207 1199/1199 1229/1229
f 1229/1229 1199/1199 1231/1231
f 1220/1220 1229/1229 1232/1232
f 1229/1229 1231/1231 1232/1232
f 1232/1232 1231/1231 1234/1234
f 1231/1231 1244/1244 1234/1234
f 1232/1232 1234/1234 1235/1235
f 1235/1235 1234/1234 1236/1236
f 1244/1244 1243/1243 1234/1234
f 1236/1236 1234/1234 1243/1243
f 1446/1446 1444/1444 1442/1442
f 1444/1444 1440/1440 1442/1442
f 1442/1442 1440/1440 1439/1439
f 1444/1444 1441/1441 1440/1440
f 1393/1393 1389/1389 1390/1390
f 1389/1389 1386/1386 1390/1390
f 1389/1389 1388/1388 1386/1386
f 1388/1388 1399/1399 1383/1383
f 1455/1455 1454/1454 1381/1381
f 1454/1454 1379/1379 1381/1381
f 1366/1366 1379/1379 1365/1365
f 1454/1454 1453/1453 1379/1379
f 1453/1453 1380/1380 1373/1373
f 1379/1379 1373/1373 1365/1365
f 1365/1365 1373/1373 1357/1357
f 1453/1453 1373/1373 1379/1379
f 1365/1365 1357/1357 1359/1359
f 1357/1357 1350/1350 1359/1359
f 1452/1452 1380/1380 1453/1453
f 1380/1380 1362/1362 1373/1373
f 1373/1373 1362/1362 1357/1357
f 1362/1362 1345/1345 1357/1357
f 1357/1357 1345/1345 1350/1350
f 1451/1451 1376/1376 1452/1452
f 1380/1380 1452/1452 1376/1376
f 1376/1376 1362/1362 1380/1380
f 1350/1350 1345/1345 1349/1349
f 1362/1362 1376/1376 1361/1361
f 1362/1362 1361/1361 1345/1345
f 1376/1376 1363/1363 1361/1361
f 1361/1361 1363/1363 1339/1339
f 1451/1451 1363/1363 1376/1376
f 1345/1345 1361/1361 1339/1339
f 1339/1339 1344/1344 1345/1345
f 1345/1345 1344/1344 1349/1349
f 1451/1451 1450/1450 1363/1363
f 1450/1450 1369/1369 1363/1363
f 1363/1363 1369/1369 1356/1356
f 1363/1363 1356/1356 1339/1339
f 1356/1356 1340/1340 1339/1339
f 1344/1344 1339/1339 1342/1342
f 1344/1344 1342/1342 1414/1414
f 1342/1342 1415/1415 1414/1414
f 1339/1339 1341/1341 1342/1342
f 1339/1339 1340/1340 1341/1341
f 1342/1342 1341/1341 1415/1415
f 1341/1341 1416/1416 1415/1415
f 1415/1415 1416/1416 1420/1420
f 1450/1450 1448/1448 1369/1369
f 1369/1369 1355/1355 1356/1356
f 1448/1448 1355/1355 1369/1369
f 1449/1449 1447/1447 1448/1448
f 1448/1448 1447/1447 1377/1377
f 1448/1448 1358/1358 1355/1355
f 1355/1355 1348/1348 1346/1346
f 1358/1358 1348/1348 1355/1355
f 1356/1356 1355/1355 1340/1340
f 1355/1355 1346/1346 1340/1340
f 1340/1340 1343/1343 1341/1341
f 1340/1340 1346/1346 1343/1343
f 1341/1341 1343/1343 1416/1416
f 1420/1420 1416/1416 1419/1419
f 1346/1346 1347/1347 1343/1343
f 1343/1343 1347/1347 1417/1417
f 1346/1346 1348/1348 1347/1347
f 1343/1343 1417/1417 1416/1416
f 1416/1416 1417/1417 1419/1419
f 1448/1448 1377/1377 1358/1358
f 1377/1377 1354/1354 1358/1358
f 1358/1358 1354/1354 1348/1348
f 1348/1348 1354/1354 1352/1352
f 1447/1447 1445/1445 1378/1378
f 1447/1447 1378/1378 1377/1377
f 1377/1377 1378/1378 1354/1354
f 1378/1378 1368/1368 1354/1354
f 1354/1354 1368/1368 1367/1367
f 1348/1348 1352/1352 1347/1347
f 1352/1352 1353/1353 1347/1347
f 1354/1354 1367/1367 1352/1352
f 1352/1352 1367/1367 1353/1353
f 1353/1353 1367/1367 1422/1422
f 1367/1367 1426/1426 1422/1422
f 1367/1367 1371/1371 1426/1426
f 1347/1347 1353/1353 1417/1417
f 1417/1417 1421/1421 1419/1419
f 1353/1353 1422/1422 1417/1417
f 1417/1417 1422/1422 1421/1421
f 1422/1422 1426/1426 1423/1423
f 1422/1422 1423/1423 1421/1421
f 1445/1445 1443/1443 1378/1378
f 1378/1378 1443/1443 1368/1368
f 1445/1445 1446/1446 1443/1443
f 1446/1446 1442/1442 1443/1443
f 1368/1368 1443/1443 1438/1438
f 1368/1368 1438/1438 1370/1370
f 1367/1367 1368/1368 1370/1370
f 1367/1367 1370/1370 1371/1371
f 1371/1371 1427/1427 1426/1426
f 1371/1371 1428/1428 1427/1427
f 1370/1370 1372/1372 1371/1371
f 1371/1371 1372/1372 1428/1428
f 1438/1438 1429/1429 1372/1372
f 1438/1438 1372/1372 1370/1370
f 1438/1438 1435/1435 1429/1429
f 1372/1372 1429/1429 1428/1428
f 1429/1429 1430/1430 1428/1428
f 1428/1428 1430/1430 1431/1431
f 1426/1426 1427/1427 1423/1423
f 1304/1304 1302/1302 1303/1303
f 1303/1303 1301/1301 1305/1305
f 1443/1443 1442/1442 1438/1438
f 1442/1442 1439/1439 1438/1438
f 1439/1439 1437/1437 1438/1438
f 1438/1438 1437/1437 1435/1435
f 1435/1435 1432/1432 1429/1429
f 1439/1439 1440/1440 1437/1437
f 1429/1429 1432/1432 1430/1430
f 1295/1295 1294/1294 1299/1299
f 1299/1299 1294/1294 1298/1298
f 1440/1440 1436/1436 1437/1437
f 1437/1437 1434/1434 1435/1435
f 1435/1435 1434/1434 1433/1433
f 1435/1435 1433/1433 1432/1432
f 1295/1295 1292/1292 1294/1294
f 1294/1294 1293/1293 1298/1298
f 1302/1302 1297/1297 1300/1300
f 1302/1302 1300/1300 1303/1303
f 1303/1303 1300/1300 1301/1301
f 1300/1300 1296/1296 1301/1301
f 1332/1332 1329/1329 1328/1328
f 1332/1332 1333/1333 1331/1331
f 1332/1332 1331/1331 1329/1329
f 1331/1331 1330/1330 1329/1329
f 1331/1331 1402/1402 1330/1330
f 1408/1408 1407/1407 1402/1402
f 1402/1402 1407/1407 1398/1398
f 1402/1402 1398/1398 1392/1392
f 1395/1395 1392/1392 1398/1398
f 1395/1395 1391/1391 1392/1392
f 1395/1395 1394/1394 1391/1391
f 1394/1394 1393/1393 1391/1391
f 1393/1393 1390/1390 1391/1391
f 1386/1386 1388/1388 1383/1383
f 1327/1327 1326/1326 1322/1322
f 1322/1322 1317/1317 1320/1320
f 1320/1320 1317/1317 1319/1319
f 1317/1317 1315/1315 1319/1319
f 1319/1319 1315/1315 1334/1334
f 1334/1334 1315/1315 1316/1316
f 1326/1326 1328/1328 1324/1324
f 1326/1326 1324/1324 1322/1322
f 1328/1328 1329/1329 1324/1324
f 1329/1329 1325/1325 1324/1324
f 1322/1322 1321/1321 1317/1317
f 1324/1324 1321/1321 1322/1322
f 1324/1324 1325/1325 1321/1321
f 1321/1321 1325/1325 1318/1318
f 1321/1321 1318/1318 1314/1314
f 1315/1315 1307/1307 1309/1309
f 1315/1315 1309/1309 1316/1316
f 1317/1317 1321/1321 1314/1314
f 1317/1317 1314/1314 1307/1307
f 1317/1317 1307/1307 1315/1315
f 1307/1307 1308/1308 1309/1309
f 1314/1314 1318/1318 1311/1311
f 1314/1314 1311/1311 1307/1307
f 1307/1307 1311/1311 1308/1308
f 1308/1308 1310/1310 1309/1309
f 1308/1308 1311/1311 1310/1310
f 1329/1329 1330/1330 1325/1325
f 1330/1330 1402/1402 1401/1401
f 1402/1402 1392/1392 1401/1401
f 1325/1325 1330/1330 1323/1323
f 1325/1325 1323/1323 1318/1318
f 1318/1318 1323/1323 1313/1313
f 1318/1318 1313/1313 1311/1311
f 1330/1330 1401/1401 1406/1406
f 1330/1330 1406/1406 1323/1323
f 1406/1406 1405/1405 1323/1323
f 1391/1391 1387/1387 1392/1392
f 1392/1392 1387/1387 1396/1396
f 1392/1392 1396/1396 1401/1401
f 1401/1401 1396/1396 1406/1406
f 1323/1323 1405/1405 1313/1313
f 1406/1406 1404/1404 1405/1405
f 1405/1405 1335/1335 1313/1313
f 1405/1405 1404/1404 1335/1335
f 1311/1311 1312/1312 1310/1310
f 1311/1311 1313/1313 1312/1312
f 1391/1391 1390/1390 1387/1387
f 1387/1387 1397/1397 1396/1396
f 1406/1406 1396/1396 1397/1397
f 1406/1406 1397/1397 1404/1404
f 1397/1397 1403/1403 1404/1404
f 1403/1403 1336/1336 1404/1404
f 1390/1390 1386/1386 1387/1387
f 1387/1387 1385/1385 1397/1397
f 1385/1385 1403/1403 1397/1397
f 1404/1404 1336/1336 1335/1335
f 1335/1335 1336/1336 1337/1337
f 1336/1336 1338/1338 1337/1337
f 1387/1387 1386/1386 1385/1385
f 1385/1385 1384/1384 1403/1403
f 1386/1386 1383/1383 1385/1385
f 1385/1385 1383/1383 1384/1384
f 1403/1403 1384/1384 1400/1400
f 1383/1383 1382/1382 1384/1384
f 1399/1399 1381/1381 1383/1383
f 1383/1383 1381/1381 1382/1382
f 1384/1384 1382/1382 1400/1400
f 1400/1400 1382/1382 1375/1375
f 1400/1400 1375/1375 1336/1336
f 1336/1336 1375/1375 1338/1338
f 1403/1403 1400/1400 1336/1336
f 1338/1338 1375/1375 1409/1409
f 1375/1375 1374/1374 1409/1409
f 1382/1382 1366/1366 1375/1375
f 1382/1382 1381/1381 1366/1366
f 1381/1381 1379/1379 1366/1366
f 1366/1366 1365/1365 1359/1359
f 1366/1366 1374/1374 1375/1375
f 1374/1374 1410/1410 1409/1409
f 1366/1366 1364/1364 1374/1374
f 1366/1366 1359/1359 1364/1364
f 1374/1374 1364/1364 1410/1410
f 1359/1359 1360/1360 1364/1364
f 1364/1364 1411/1411 1410/1410
f 1364/1364 1360/1360 1411/1411
f 1360/1360 1351/1351 1411/1411
f 1359/1359 1350/1350 1360/1360
f 1351/1351 1412/1412 1411/1411
f 1350/1350 1351/1351 1360/1360
f 1350/1350 1349/1349 1351/1351
f 1351/1351 1349/1349 1413/1413
f 1351/1351 1413/1413 1412/1412
f 1349/1349 1344/1344 1413/1413
f 1413/1413 1418/1418 1424/1424
f 1344/1344 1414/1414 1413/1413
f 1413/1413 1414/1414 1418/1418
f 1414/1414 1415/1415 1418/1418
f 1418/1418 1415/1415 1425/1425
f 1415/1415 1420/1420 1425/1425
f 1303/1303 1305/1305 1306/1306
f 1492/1492 1493/1493 1494/1494
f 1493/1493 1495/1495 1496/1496
f 1494/1494 1493/1493 1497/1497
f 1493/1493 1496/1496 1497/1497
f 1494/1494 1497/1497 1498/1498
f 1497/1497 1499/1499 1498/1498
f 1485/1485 1486/1486 1489/1489
f 1489/1489 1486/1486 1491/1491
f 1489/1489 1491/1491 1492/1492
f 1492/1492 1491/1491 1493/1493
f 1491/1491 1495/1495 1493/1493
f 1509/1509 1510/1510 1511/1511
f 1509/1509 1511/1511 1512/1512
f 1511/1511 1513/1513 1512/1512
f 1505/1505 1503/1503 1457/1457
f 1506/1506 1507/1507 1508/1508
f 1503/1503 1502/1502 1457/1457
f 1503/1503 1504/1504 1502/1502
f 1467/1467 1457/1457 1456/1456
f 1457/1457 1502/1502 1468/1468
f 1457/1457 1468/1468 1458/1458
f 1456/1456 1458/1458 1459/1459
f 1456/1456 1457/1457 1458/1458
f 1468/1468 1488/1488 1470/1470
f 1468/1468 1470/1470 1458/1458
f 1470/1470 1488/1488 1490/1490
f 1458/1458 1470/1470 1469/1469
f 1459/1459 1458/1458 1460/1460
f 1460/1460 1458/1458 1469/1469
f 1470/1470 1487/1487 1469/1469
f 1488/1488 1501/1501 1490/1490
f 1470/1470 1490/1490 1487/1487
f 1459/1459 1460/1460 1461/1461
f 1461/1461 1460/1460 1462/1462
f 1469/1469 1487/1487 1478/1478
f 1462/1462 1460/1460 1469/1469
f 1461/1461 1462/1462 1463/1463
f 1463/1463 1462/1462 1465/1465
f 1463/1463 1464/1464 1461/1461
f 1469/1469 1478/1478 1462/1462
f 1462/1462 1478/1478 1465/1465
f 1478/1478 1480/1480 1465/1465
f 1478/1478 1487/1487 1500/1500
f 1463/1463 1465/1465 1466/1466
f 1466/1466 1465/1465 1471/1471
f 1464/1464 1463/1463 1466/1466
f 1465/1465 1480/1480 1471/1471
f 1466/1466 1471/1471 1472/1472
f 1466/1466 1472/1472 1473/1473
f 1471/1471 1480/1480 1481/1481
f 1473/1473 1472/1472 1474/1474
f 1474/1474 1472/1472 1483/1483
f 1473/1473 1475/1475 1476/1476
f 1473/1473 1474/1474 1475/1475
f 1474/1474 1483/1483 1475/1475
f 1475/1475 1483/1483 1482/1482
f 1476/1476 1475/1475 1477/1477
f 1475/1475 1482/1482 1479/1479
f 1477/1477 1475/1475 1479/1479
f 1477/1477 1479/1479 1484/1484
f 1477/1477 1484/1484 1485/1485
f 1485/1485 1484/1484 1486/1486
f 1571/1571 1570/1570 1568/1568
f 1571/1571 1593/1593 1595/1595
f 1567/1567 1569/1569 1788/1788
f 1569/1569 1568/1568 1570/1570
f 1568/1568 1593/1593 1571/1571
f 1569/1569 1567/1567 1568/1568
f 1788/1788 1589/1589 1567/1567
f 1568/1568 1597/1597 1593/1593
f 1567/1567 1566/1566 1568/1568
f 1568/1568 1566/1566 1597/1597
f 1595/1595 1593/1593 1612/1612
f 1593/1593 1611/1611 1612/1612
f 1593/1593 1597/1597 1611/1611
f 1758/1758 1760/1760 1759/1759
f 1761/1761 1759/1759 1760/1760
f 1621/1621 1615/1615 1618/1618
f 1614/1614 1613/1613 1615/1615
f 1619/1619 1617/1617 1622/1622
f 1618/1618 1617/1617 1619/1619
f 1622/1622 1617/1617 1625/1625
f 1617/1617 1667/1667 1625/1625
f 1618/1618 1615/1615 1617/1617
f 1617/1617 1615/1615 1616/1616
f 1617/1617 1616/1616 1667/1667
f 1615/1615 1613/1613 1616/1616
f 1616/1616 1627/1627 1667/1667
f 1613/1613 1627/1627 1616/1616
f 1667/1667 1627/1627 1687/1687
f 1614/1614 1609/1609 1613/1613
f 1627/1627 1686/1686 1687/1687
f 1613/1613 1610/1610 1627/1627
f 1610/1610 1626/1626 1627/1627
f 1627/1627 1626/1626 1686/1686
f 1609/1609 1601/1601 1605/1605
f 1609/1609 1610/1610 1613/1613
f 1609/1609 1605/1605 1610/1610
f 1610/1610 1606/1606 1626/1626
f 1626/1626 1606/1606 1685/1685
f 1610/1610 1605/1605 1606/1606
f 1605/1605 1601/1601 1600/1600
f 1600/1600 1599/1599 1605/1605
f 1606/1606 1599/1599 1602/1602
f 1606/1606 1605/1605 1599/1599
f 1602/1602 1599/1599 1594/1594
f 1591/1591 1600/1600 1601/1601
f 1601/1601 1608/1608 1591/1591
f 1600/1600 1591/1591 1590/1590
f 1591/1591 1587/1587 1590/1590
f 1600/1600 1590/1590 1599/1599
f 1599/1599 1590/1590 1594/1594
f 1591/1591 1608/1608 1587/1587
f 1588/1588 1590/1590 1587/1587
f 1785/1785 1768/1768 1767/1767
f 1767/1767 1768/1768 1745/1745
f 1608/1608 1785/1785 1587/1587
f 1608/1608 1768/1768 1785/1785
f 1785/1785 1585/1585 1587/1587
f 1585/1585 1586/1586 1587/1587
f 1586/1586 1588/1588 1587/1587
f 1582/1582 1586/1586 1585/1585
f 1585/1585 1785/1785 1584/1584
f 1745/1745 1750/1750 1767/1767
f 1769/1769 1767/1767 1750/1750
f 1764/1764 1770/1770 1769/1769
f 1750/1750 1749/1749 1751/1751
f 1769/1769 1750/1750 1764/1764
f 1751/1751 1764/1764 1750/1750
f 1584/1584 1785/1785 1769/1769
f 1584/1584 1582/1582 1585/1585
f 1767/1767 1769/1769 1785/1785
f 1582/1582 1584/1584 1579/1579
f 1582/1582 1579/1579 1581/1581
f 1753/1753 1751/1751 1752/1752
f 1764/1764 1753/1753 1765/1765
f 1751/1751 1753/1753 1764/1764
f 1765/1765 1753/1753 1755/1755
f 1753/1753 1752/1752 1754/1754
f 1753/1753 1754/1754 1755/1755
f 1765/1765 1770/1770 1764/1764
f 1786/1786 1770/1770 1773/1773
f 1786/1786 1773/1773 1577/1577
f 1786/1786 1577/1577 1579/1579
f 1579/1579 1578/1578 1580/1580
f 1579/1579 1577/1577 1578/1578
f 1577/1577 1575/1575 1578/1578
f 1769/1769 1770/1770 1584/1584
f 1584/1584 1770/1770 1786/1786
f 1584/1584 1786/1786 1579/1579
f 1770/1770 1771/1771 1773/1773
f 1775/1775 1774/1774 1776/1776
f 1755/1755 1766/1766 1765/1765
f 1755/1755 1754/1754 1756/1756
f 1765/1765 1771/1771 1770/1770
f 1771/1771 1765/1765 1766/1766
f 1766/1766 1774/1774 1771/1771
f 1766/1766 1757/1757 1772/1772
f 1755/1755 1756/1756 1757/1757
f 1766/1766 1755/1755 1757/1757
f 1756/1756 1763/1763 1757/1757
f 1774/1774 1766/1766 1772/1772
f 1773/1773 1771/1771 1774/1774
f 1773/1773 1576/1576 1577/1577
f 1577/1577 1576/1576 1575/1575
f 1789/1789 1573/1573 1576/1576
f 1773/1773 1774/1774 1775/1775
f 1773/1773 1775/1775 1576/1576
f 1775/1775 1777/1777 1789/1789
f 1775/1775 1789/1789 1576/1576
f 1576/1576 1573/1573 1575/1575
f 1575/1575 1573/1573 1574/1574
f 1776/1776 1774/1774 1772/1772
f 1776/1776 1779/1779 1781/1781
f 1782/1782 1776/1776 1781/1781
f 1772/1772 1757/1757 1762/1762
f 1772/1772 1762/1762 1779/1779
f 1762/1762 1760/1760 1779/1779
f 1762/1762 1761/1761 1760/1760
f 1762/1762 1757/1757 1763/1763
f 1762/1762 1763/1763 1761/1761
f 1772/1772 1779/1779 1776/1776
f 1776/1776 1778/1778 1777/1777
f 1776/1776 1777/1777 1775/1775
f 1789/1789 1570/1570 1573/1573
f 1573/1573 1570/1570 1572/1572
f 1573/1573 1572/1572 1574/1574
f 1789/1789 1777/1777 1778/1778
f 1778/1778 1569/1569 1789/1789
f 1778/1778 1776/1776 1782/1782
f 1570/1570 1789/1789 1569/1569
f 1570/1570 1571/1571 1572/1572
f 1572/1572 1571/1571 1595/1595
f 1779/1779 1780/1780 1781/1781
f 1781/1781 1780/1780 1783/1783
f 1782/1782 1781/1781 1787/1787
f 1781/1781 1784/1784 1787/1787
f 1779/1779 1760/1760 1780/1780
f 1780/1780 1760/1760 1758/1758
f 1778/1778 1782/1782 1788/1788
f 1778/1778 1788/1788 1569/1569
f 1788/1788 1782/1782 1787/1787
f 1788/1788 1787/1787 1589/1589
f 1590/1590 1588/1588 1594/1594
f 1588/1588 1586/1586 1583/1583
f 1583/1583 1586/1586 1582/1582
f 1582/1582 1581/1581 1583/1583
f 1583/1583 1581/1581 1603/1603
f 1581/1581 1579/1579 1580/1580
f 1581/1581 1580/1580 1603/1603
f 1580/1580 1607/1607 1603/1603
f 1578/1578 1596/1596 1580/1580
f 1580/1580 1596/1596 1607/1607
f 1578/1578 1592/1592 1598/1598
f 1598/1598 1596/1596 1578/1578
f 1575/1575 1592/1592 1578/1578
f 1575/1575 1574/1574 1592/1592
f 1592/1592 1574/1574 1598/1598
f 1604/1604 1598/1598 1574/1574
f 1572/1572 1604/1604 1574/1574
f 1572/1572 1595/1595 1604/1604
f 1595/1595 1612/1612 1604/1604
f 1723/1723 1725/1725 1729/1729
f 1729/1729 1728/1728 1723/1723
f 1723/1723 1728/1728 1727/1727
f 1723/1723 1722/1722 1725/1725
f 1723/1723 1727/1727 1721/1721
f 1725/1725 1722/1722 1743/1743
f 1721/1721 1719/1719 1722/1722
f 1723/1723 1721/1721 1722/1722
f 1719/1719 1732/1732 1722/1722
f 1719/1719 1730/1730 1732/1732
f 1722/1722 1732/1732 1743/1743
f 1720/1720 1719/1719 1721/1721
f 1719/1719 1717/1717 1730/1730
f 1732/1732 1730/1730 1741/1741
f 1730/1730 1731/1731 1741/1741
f 1740/1740 1731/1731 1716/1716
f 1741/1741 1731/1731 1742/1742
f 1730/1730 1717/1717 1731/1731
f 1716/1716 1715/1715 1711/1711
f 1716/1716 1717/1717 1715/1715
f 1731/1731 1717/1717 1716/1716
f 1720/1720 1726/1726 1718/1718
f 1720/1720 1718/1718 1719/1719
f 1719/1719 1718/1718 1717/1717
f 1717/1717 1718/1718 1715/1715
f 1718/1718 1724/1724 1715/1715
f 1699/1699 1698/1698 1697/1697
f 1699/1699 1702/1702 1698/1698
f 1702/1702 1703/1703 1698/1698
f 1711/1711 1704/1704 1709/1709
f 1711/1711 1709/1709 1740/1740
f 1740/1740 1716/1716 1711/1711
f 1559/1559 1558/1558 1549/1549
f 1704/1704 1700/1700 1707/1707
f 1709/1709 1704/1704 1707/1707
f 1700/1700 1701/1701 1707/1707
f 1700/1700 1697/1697 1701/1701
f 1705/1705 1711/1711 1714/1714
f 1704/1704 1711/1711 1705/1705
f 1714/1714 1711/1711 1715/1715
f 1704/1704 1705/1705 1699/1699
f 1699/1699 1700/1700 1704/1704
f 1700/1700 1699/1699 1697/1697
f 1697/1697 1698/1698 1695/1695
f 1558/1558 1552/1552 1549/1549
f 1549/1549 1552/1552 1544/1544
f 1552/1552 1547/1547 1544/1544
f 1558/1558 1554/1554 1552/1552
f 1697/1697 1706/1706 1701/1701
f 1554/1554 1553/1553 1547/1547
f 1706/1706 1696/1696 1708/1708
f 1554/1554 1547/1547 1552/1552
f 1549/1549 1544/1544 1548/1548
f 1544/1544 1538/1538 1548/1548
f 1544/1544 1539/1539 1538/1538
f 1544/1544 1547/1547 1539/1539
f 1538/1538 1539/1539 1540/1540
f 1539/1539 1541/1541 1540/1540
f 1547/1547 1541/1541 1539/1539
f 1706/1706 1697/1697 1696/1696
f 1696/1696 1697/1697 1695/1695
f 1696/1696 1695/1695 1683/1683
f 1696/1696 1683/1683 1708/1708
f 1695/1695 1660/1660 1683/1683
f 1683/1683 1660/1660 1650/1650
f 1547/1547 1550/1550 1541/1541
f 1541/1541 1542/1542 1540/1540
f 1553/1553 1550/1550 1547/1547
f 1708/1708 1683/1683 1684/1684
f 1683/1683 1650/1650 1684/1684
f 1684/1684 1650/1650 1662/1662
f 1550/1550 1543/1543 1541/1541
f 1541/1541 1543/1543 1542/1542
f 1662/1662 1693/1693 1684/1684
f 1546/1546 1545/1545 1543/1543
f 1546/1546 1555/1555 1545/1545
f 1550/1550 1551/1551 1543/1543
f 1551/1551 1546/1546 1543/1543
f 1551/1551 1556/1556 1546/1546
f 1555/1555 1557/1557 1545/1545
f 1556/1556 1555/1555 1546/1546
f 1555/1555 1556/1556 1560/1560
f 1556/1556 1562/1562 1560/1560
f 1555/1555 1560/1560 1561/1561
f 1643/1643 1647/1647 1648/1648
f 1650/1650 1660/1660 1649/1649
f 1650/1650 1649/1649 1646/1646
f 1662/1662 1661/1661 1693/1693
f 1662/1662 1650/1650 1646/1646
f 1662/1662 1646/1646 1661/1661
f 1693/1693 1661/1661 1691/1691
f 1649/1649 1651/1651 1647/1647
f 1649/1649 1647/1647 1646/1646
f 1646/1646 1645/1645 1661/1661
f 1645/1645 1646/1646 1643/1643
f 1651/1651 1658/1658 1647/1647
f 1659/1659 1658/1658 1651/1651
f 1643/1643 1646/1646 1647/1647
f 1647/1647 1658/1658 1648/1648
f 1645/1645 1641/1641 1656/1656
f 1643/1643 1648/1648 1642/1642
f 1643/1643 1642/1642 1641/1641
f 1641/1641 1639/1639 1656/1656
f 1637/1637 1639/1639 1641/1641
f 1645/1645 1691/1691 1661/1661
f 1645/1645 1656/1656 1691/1691
f 1643/1643 1641/1641 1645/1645
f 1691/1691 1656/1656 1692/1692
f 1656/1656 1657/1657 1692/1692
f 1642/1642 1648/1648 1644/1644
f 1641/1641 1642/1642 1637/1637
f 1642/1642 1644/1644 1637/1637
f 1644/1644 1632/1632 1637/1637
f 1632/1632 1644/1644 1652/1652
f 1668/1668 1712/1712 1679/1679
f 1690/1690 1712/1712 1668/1668
f 1560/1560 1562/1562 1563/1563
f 1562/1562 1564/1564 1563/1563
f 1536/1536 1535/1535 1563/1563
f 1564/1564 1536/1536 1563/1563
f 1563/1563 1535/1535 1561/1561
f 1560/1560 1563/1563 1561/1561
f 1536/1536 1534/1534 1535/1535
f 1534/1534 1533/1533 1535/1535
f 1531/1531 1529/1529 1530/1530
f 1531/1531 1530/1530 1533/1533
f 1529/1529 1524/1524 1525/1525
f 1530/1530 1529/1529 1525/1525
f 1689/1689 1671/1671 1688/1688
f 1690/1690 1669/1669 1689/1689
f 1671/1671 1689/1689 1669/1669
f 1671/1671 1669/1669 1670/1670
f 1537/1537 1531/1531 1536/1536
f 1534/1534 1531/1531 1533/1533
f 1536/1536 1531/1531 1534/1534
f 1537/1537 1532/1532 1531/1531
f 1532/1532 1529/1529 1531/1531
f 1688/1688 1671/1671 1674/1674
f 1688/1688 1674/1674 1682/1682
f 1682/1682 1674/1674 1675/1675
f 1672/1672 1671/1671 1670/1670
f 1672/1672 1670/1670 1673/1673
f 1671/1671 1672/1672 1674/1674
f 1672/1672 1673/1673 1677/1677
f 1674/1674 1672/1672 1675/1675
f 1640/1640 1655/1655 1668/1668
f 1679/1679 1640/1640 1668/1668
f 1679/1679 1657/1657 1640/1640
f 1656/1656 1639/1639 1657/1657
f 1657/1657 1639/1639 1640/1640
f 1655/1655 1640/1640 1638/1638
f 1669/1669 1655/1655 1666/1666
f 1669/1669 1668/1668 1655/1655
f 1668/1668 1669/1669 1690/1690
f 1638/1638 1640/1640 1639/1639
f 1637/1637 1638/1638 1639/1639
f 1638/1638 1633/1633 1654/1654
f 1637/1637 1633/1633 1638/1638
f 1654/1654 1664/1664 1666/1666
f 1638/1638 1654/1654 1655/1655
f 1655/1655 1654/1654 1666/1666
f 1654/1654 1633/1633 1634/1634
f 1654/1654 1634/1634 1664/1664
f 1657/1657 1679/1679 1692/1692
f 1669/1669 1666/1666 1670/1670
f 1666/1666 1681/1681 1670/1670
f 1673/1673 1678/1678 1677/1677
f 1670/1670 1681/1681 1673/1673
f 1673/1673 1681/1681 1678/1678
f 1666/1666 1664/1664 1681/1681
f 1637/1637 1632/1632 1633/1633
f 1633/1633 1629/1629 1634/1634
f 1632/1632 1652/1652 1630/1630
f 1624/1624 1628/1628 1629/1629
f 1630/1630 1624/1624 1629/1629
f 1630/1630 1631/1631 1624/1624
f 1633/1633 1632/1632 1629/1629
f 1632/1632 1630/1630 1629/1629
f 1634/1634 1636/1636 1664/1664
f 1664/1664 1636/1636 1680/1680
f 1634/1634 1629/1629 1635/1635
f 1634/1634 1635/1635 1636/1636
f 1680/1680 1636/1636 1694/1694
f 1629/1629 1628/1628 1635/1635
f 1624/1624 1619/1619 1628/1628
f 1619/1619 1622/1622 1663/1663
f 1619/1619 1663/1663 1628/1628
f 1635/1635 1663/1663 1665/1665
f 1635/1635 1628/1628 1663/1663
f 1630/1630 1653/1653 1631/1631
f 1653/1653 1710/1710 1623/1623
f 1652/1652 1653/1653 1630/1630
f 1713/1713 1710/1710 1653/1653
f 1620/1620 1631/1631 1623/1623
f 1631/1631 1653/1653 1623/1623
f 1631/1631 1620/1620 1624/1624
f 1624/1624 1620/1620 1619/1619
f 1620/1620 1623/1623 1618/1618
f 1620/1620 1618/1618 1619/1619
f 1623/1623 1621/1621 1618/1618
f 1621/1621 1623/1623 1710/1710
f 1768/1768 1748/1748 1745/1745
f 1748/1748 1746/1746 1745/1745
f 1745/1745 1746/1746 1747/1747
f 1745/1745 1747/1747 1749/1749
f 1745/1745 1749/1749 1750/1750
f 1751/1751 1749/1749 1752/1752
f 1524/1524 1521/1521 1525/1525
f 1524/1524 1523/1523 1521/1521
f 1521/1521 1514/1514 1519/1519
f 1521/1521 1523/1523 1520/1520
f 1521/1521 1520/1520 1514/1514
f 1526/1526 1523/1523 1524/1524
f 1675/1675 1672/1672 1676/1676
f 1526/1526 1527/1527 1523/1523
f 1672/1672 1677/1677 1676/1676
f 1523/1523 1527/1527 1528/1528
f 1523/1523 1528/1528 1522/1522
f 1523/1523 1522/1522 1520/1520
f 1520/1520 1522/1522 1517/1517
f 1519/1519 1514/1514 1516/1516
f 1514/1514 1515/1515 1516/1516
f 1514/1514 1517/1517 1515/1515
f 1520/1520 1517/1517 1514/1514
f 1517/1517 1518/1518 1515/1515
f 1686/1686 1626/1626 1685/1685
f 1739/1739 1738/1738 1736/1736
f 1736/1736 1738/1738 1735/1735
f 1729/1729 1744/1744 1728/1728
f 1733/1733 1728/1728 1744/1744
f 1728/1728 1733/1733 1727/1727
f 1735/1735 1734/1734 1736/1736
f 1727/1727 1734/1734 1735/1735
f 1733/1733 1734/1734 1727/1727
f 1735/1735 1737/1737 1727/1727
f 1543/1543 1545/1545 1542/1542
f 1542/1542 1545/1545 1565/1565
f 1555/1555 1561/1561 1557/1557
f 1807/1807 1806/1806 1808/1808
f 1807/1807 1802/1802 1806/1806
f 1806/1806 1802/1802 1803/1803
f 1802/1802 1797/1797 1799/1799
f 1802/1802 1799/1799 1803/1803
f 1820/1820 1798/1798 1800/1800
f 1820/1820 1817/1817 1798/1798
f 1800/1800 1798/1798 1797/1797
f 1797/1797 1798/1798 1799/1799
f 1798/1798 1801/1801 1799/1799
f 1817/1817 1819/1819 1818/1818
f 1817/1817 1801/1801 1798/1798
f 1817/1817 1818/1818 1801/1801
f 1795/1795 1792/1792 1791/1791
f 1854/1854 1853/1853 1851/1851
f 1854/1854 1851/1851 1855/1855
f 1857/1857 1860/1860 1862/1862
f 1855/1855 1856/1856 1857/1857
f 1857/1857 1856/1856 1860/1860
f 1855/1855 1851/1851 1856/1856
f 1853/1853 1850/1850 1851/1851
f 1851/1851 1850/1850 1849/1849
f 1851/1851 1849/1849 1852/1852
f 1849/1849 1846/1846 1852/1852
f 1851/1851 1852/1852 1856/1856
f 1856/1856 1852/1852 1859/1859
f 1856/1856 1859/1859 1860/1860
f 1850/1850 1845/1845 1849/1849
f 1849/1849 1845/1845 1846/1846
f 1843/1843 1842/1842 1844/1844
f 1858/1858 1841/1841 1843/1843
f 1843/1843 1841/1841 1842/1842
f 1845/1845 1844/1844 1846/1846
f 1845/1845 1843/1843 1844/1844
f 1841/1841 1840/1840 1842/1842
f 1841/1841 1839/1839 1840/1840
f 1839/1839 1837/1837 1840/1840
f 1838/1838 1837/1837 1839/1839
f 1837/1837 1848/1848 1840/1840
f 1848/1848 1837/1837 1835/1835
f 1838/1838 1836/1836 1837/1837
f 1835/1835 1837/1837 1836/1836
f 1836/1836 1834/1834 1835/1835
f 1834/1834 1831/1831 1833/1833
f 1834/1834 1833/1833 1835/1835
f 1833/1833 1831/1831 1829/1829
f 1831/1831 1830/1830 1829/1829
f 1830/1830 1816/1816 1829/1829
f 1830/1830 1832/1832 1816/1816
f 1826/1826 1829/1829 1816/1816
f 1826/1826 1816/1816 1814/1814
f 1816/1816 1815/1815 1814/1814
f 1815/1815 1811/1811 1814/1814
f 1811/1811 1810/1810 1813/1813
f 1811/1811 1813/1813 1814/1814
f 1813/1813 1810/1810 1847/1847
f 1811/1811 1809/1809 1810/1810
f 1809/1809 1808/1808 1810/1810
f 1809/1809 1807/1807 1808/1808
f 1808/1808 1806/1806 1812/1812
f 1810/1810 1812/1812 1823/1823
f 1808/1808 1812/1812 1810/1810
f 1810/1810 1823/1823 1847/1847
f 1812/1812 1822/1822 1823/1823
f 1806/1806 1803/1803 1812/1812
f 1822/1822 1812/1812 1803/1803
f 1803/1803 1804/1804 1821/1821
f 1799/1799 1804/1804 1803/1803
f 1803/1803 1821/1821 1822/1822
f 1799/1799 1805/1805 1804/1804
f 1804/1804 1824/1824 1821/1821
f 1804/1804 1825/1825 1824/1824
f 1825/1825 1827/1827 1824/1824
f 1825/1825 1828/1828 1827/1827
f 1794/1794 1793/1793 1796/1796
f 1795/1795 1791/1791 1794/1794
f 1794/1794 1791/1791 1793/1793
f 1793/1793 1791/1791 1790/1790
f 1860/1860 1859/1859 1861/1861
f 1880/1880 1888/1888 1884/1884
f 1888/1888 1887/1887 1884/1884
f 1876/1876 1877/1877 1878/1878
f 1916/1916 1900/1900 1901/1901
f 1912/1912 1899/1899 1911/1911
f 1901/1901 1900/1900 1899/1899
f 1900/1900 1898/1898 1899/1899
f 1899/1899 1898/1898 1897/1897
f 1911/1911 1897/1897 1896/1896
f 1897/1897 1911/1911 1899/1899
f 1898/1898 1895/1895 1897/1897
f 1897/1897 1895/1895 1896/1896
f 1925/1925 1924/1924 1895/1895
f 1911/1911 1872/1872 1867/1867
f 1867/1867 1872/1872 1864/1864
f 1896/1896 1872/1872 1911/1911
f 1872/1872 1866/1866 1864/1864
f 1896/1896 1902/1902 1872/1872
f 1872/1872 1902/1902 1866/1866
f 1864/1864 1866/1866 1865/1865
f 1893/1893 1894/1894 1892/1892
f 1894/1894 1921/1921 1892/1892
f 1895/1895 1924/1924 1894/1894
f 1895/1895 1893/1893 1896/1896
f 1895/1895 1894/1894 1893/1893
f 1896/1896 1893/1893 1902/1902
f 1866/1866 1869/1869 1868/1868
f 1866/1866 1902/1902 1869/1869
f 1902/1902 1904/1904 1869/1869
f 1868/1868 1869/1869 1870/1870
f 1904/1904 1871/1871 1869/1869
f 1870/1870 1869/1869 1871/1871
f 1871/1871 1873/1873 1870/1870
f 1902/1902 1903/1903 1904/1904
f 1893/1893 1892/1892 1891/1891
f 1892/1892 1886/1886 1891/1891
f 1892/1892 1921/1921 1886/1886
f 1891/1891 1890/1890 1903/1903
f 1891/1891 1886/1886 1890/1890
f 1902/1902 1893/1893 1903/1903
f 1893/1893 1891/1891 1903/1903
f 1905/1905 1908/1908 1907/1907
f 1905/1905 1915/1915 1908/1908
f 1871/1871 1904/1904 1906/1906
f 1873/1873 1871/1871 1874/1874
f 1904/1904 1903/1903 1905/1905
f 1904/1904 1905/1905 1906/1906
f 1875/1875 1871/1871 1906/1906
f 1907/1907 1875/1875 1906/1906
f 1874/1874 1871/1871 1875/1875
f 1874/1874 1875/1875 1876/1876
f 1906/1906 1905/1905 1907/1907
f 1886/1886 1882/1882 1890/1890
f 1882/1882 1879/1879 1890/1890
f 1903/1903 1915/1915 1905/1905
f 1890/1890 1915/1915 1903/1903
f 1890/1890 1879/1879 1915/1915
f 1886/1886 1883/1883 1882/1882
f 1882/1882 1880/1880 1879/1879
f 1882/1882 1883/1883 1880/1880
f 1908/1908 1915/1915 1910/1910
f 1908/1908 1909/1909 1907/1907
f 1908/1908 1910/1910 1909/1909
f 1910/1910 1915/1915 1914/1914
f 1875/1875 1907/1907 1877/1877
f 1875/1875 1877/1877 1876/1876
f 1877/1877 1907/1907 1909/1909
f 1880/1880 1884/1884 1881/1881
f 1879/1879 1880/1880 1881/1881
f 1879/1879 1881/1881 1915/1915
f 1881/1881 1885/1885 1914/1914
f 1881/1881 1884/1884 1885/1885
f 1881/1881 1914/1914 1915/1915
f 1880/1880 1883/1883 1889/1889
f 1880/1880 1889/1889 1888/1888
f 1972/1972 1970/1970 1971/1971
f 1971/1971 1970/1970 1969/1969
f 1970/1970 1968/1968 1969/1969
f 1969/1969 1973/1973 1971/1971
f 1969/1969 1968/1968 1967/1967
f 1973/1973 1969/1969 1967/1967
f 1973/1973 1967/1967 1974/1974
f 1968/1968 1966/1966 1967/1967
f 1966/1966 1964/1964 1967/1967
f 1966/1966 1965/1965 1964/1964
f 1965/1965 1963/1963 1964/1964
f 1963/1963 1962/1962 1960/1960
f 1963/1963 1960/1960 1964/1964
f 1964/1964 1960/1960 1959/1959
f 1962/1962 1961/1961 1960/1960
f 1960/1960 1961/1961 1958/1958
f 1960/1960 1958/1958 1959/1959
f 1958/1958 1957/1957 1959/1959
f 1958/1958 1956/1956 1957/1957
f 1956/1956 1955/1955 1957/1957
f 1956/1956 1954/1954 1955/1955
f 1954/1954 1953/1953 1955/1955
f 1954/1954 1946/1946 1953/1953
f 1947/1947 1944/1944 1946/1946
f 1945/1945 1942/1942 1944/1944
f 1953/1953 1946/1946 1952/1952
f 1944/1944 1943/1943 1946/1946
f 1944/1944 1942/1942 1943/1943
f 1946/1946 1943/1943 1952/1952
f 1952/1952 1943/1943 1948/1948
f 1942/1942 1940/1940 1941/1941
f 1942/1942 1941/1941 1943/1943
f 1940/1940 1936/1936 1941/1941
f 1941/1941 1936/1936 1950/1950
f 1943/1943 1941/1941 1948/1948
f 1948/1948 1941/1941 1950/1950
f 1950/1950 1936/1936 1951/1951
f 1940/1940 1937/1937 1936/1936
f 1933/1933 1936/1936 1937/1937
f 1932/1932 1931/1931 1933/1933
f 1936/1936 1933/1933 1934/1934
f 1933/1933 1931/1931 1934/1934
f 1932/1932 1930/1930 1931/1931
f 1931/1931 1930/1930 1928/1928
f 1931/1931 1928/1928 1934/1934
f 1934/1934 1928/1928 1935/1935
f 1930/1930 1929/1929 1928/1928
f 1928/1928 1929/1929 1927/1927
f 1928/1928 1938/1938 1935/1935
f 1928/1928 1927/1927 1926/1926
f 1928/1928 1926/1926 1938/1938
f 1938/1938 1926/1926 1939/1939
f 1926/1926 1927/1927 1922/1922
f 1926/1926 1922/1922 1920/1920
f 1939/1939 1926/1926 1920/1920
f 1918/1918 1920/1920 1922/1922
f 1919/1919 1918/1918 1922/1922
f 1918/1918 1917/1917 1920/1920
f 1918/1918 1916/1916 1917/1917
f 1920/1920 1917/1917 1923/1923
f 1917/1917 1916/1916 1901/1901
f 1917/1917 1901/1901 1913/1913
f 1917/1917 1913/1913 1923/1923
f 1919/1919 1916/1916 1918/1918
f 1901/1901 1899/1899 1913/1913
f 1913/1913 1899/1899 1912/1912
f 1912/1912 1949/1949 1913/1913
f 1949/1949 1912/1912 1867/1867
f 1912/1912 1911/1911 1867/1867
f 1867/1867 1864/1864 1863/1863
f 1863/1863 1864/1864 1865/1865
f 1866/1866 1868/1868 1865/1865
f 1989/1989 1995/1995 1986/1986
f 1982/1982 1986/1986 1991/1991
f 1986/1986 1982/1982 1983/1983
f 1982/1982 1975/1975 1983/1983
f 1986/1986 1995/1995 1994/1994
f 1994/1994 1991/1991 1986/1986
f 1986/1986 1988/1988 1989/1989
f 1986/1986 1983/1983 1988/1988
f 1988/1988 1983/1983 1977/1977
f 1983/1983 1975/1975 1977/1977
f 1982/1982 1991/1991 1981/1981
f 1981/1981 1991/1991 1992/1992
f 1981/1981 1975/1975 1982/1982
f 1975/1975 1976/1976 1977/1977
f 1977/1977 1976/1976 1990/1990
f 1976/1976 1980/1980 1990/1990
f 1992/1992 1978/1978 1981/1981
f 1981/1981 1978/1978 1975/1975
f 1975/1975 1978/1978 1976/1976
f 1992/1992 1993/1993 1978/1978
f 1976/1976 1978/1978 1979/1979
f 1976/1976 1979/1979 1980/1980
f 1979/1979 1987/1987 1980/1980
f 1978/1978 1984/1984 1979/1979
f 1979/1979 1985/1985 1987/1987
f 1984/1984 1985/1985 1979/1979
f 2088/2088 2089/2089 2087/2087
f 2089/2089 2088/2088 2115/2115
f 2143/2143 2142/2142 2123/2123
f 2123/2123 2142/2142 2115/2115
f 2088/2088 2123/2123 2115/2115
f 2089/2089 2115/2115 2113/2113
f 2089/2089 2113/2113 2090/2090
f 2090/2090 2129/2129 2132/2132
f 2129/2129 2135/2135 2132/2132
f 2118/2118 2114/2114 2113/2113
f 2118/2118 2117/2117 2114/2114
f 2114/2114 2117/2117 2108/2108
f 2090/2090 2108/2108 2129/2129
f 2090/2090 2113/2113 2114/2114
f 2090/2090 2114/2114 2108/2108
f 2142/2142 2127/2127 2115/2115
f 2127/2127 2118/2118 2113/2113
f 2115/2115 2127/2127 2113/2113
f 2127/2127 2144/2144 2118/2118
f 2144/2144 2117/2117 2118/2118
f 2144/2144 2133/2133 2117/2117
f 2129/2129 2136/2136 2135/2135
f 2108/2108 2107/2107 2124/2124
f 2108/2108 2105/2105 2107/2107
f 2108/2108 2117/2117 2105/2105
f 2108/2108 2124/2124 2129/2129
f 2124/2124 2136/2136 2129/2129
f 2136/2136 2125/2125 2096/2096
f 2125/2125 2107/2107 2106/2106
f 2107/2107 2105/2105 2106/2106
f 2124/2124 2125/2125 2136/2136
f 2125/2125 2124/2124 2107/2107
f 2117/2117 2133/2133 2105/2105
f 2125/2125 2110/2110 2027/2027
f 2029/2029 2096/2096 2027/2027
f 2096/2096 2125/2125 2027/2027
f 2106/2106 2105/2105 2103/2103
f 2027/2027 2026/2026 2028/2028
f 2106/2106 2103/2103 2110/2110
f 2125/2125 2106/2106 2110/2110
f 2105/2105 2133/2133 2128/2128
f 2128/2128 2131/2131 2104/2104
f 2105/2105 2104/2104 2103/2103
f 2128/2128 2104/2104 2105/2105
f 2027/2027 2025/2025 2026/2026
f 2027/2027 2109/2109 2025/2025
f 2026/2026 2025/2025 2018/2018
f 2025/2025 2109/2109 2024/2024
f 2110/2110 2103/2103 2109/2109
f 2103/2103 2024/2024 2109/2109
f 2102/2102 2024/2024 2103/2103
f 2110/2110 2109/2109 2027/2027
f 2025/2025 2024/2024 2018/2018
f 2023/2023 2018/2018 2024/2024
f 2024/2024 2102/2102 2023/2023
f 2104/2104 2102/2102 2103/2103
f 2131/2131 2102/2102 2104/2104
f 2131/2131 2116/2116 2102/2102
f 2018/2018 2016/2016 2017/2017
f 2023/2023 2016/2016 2018/2018
f 2016/2016 2023/2023 2019/2019
f 2023/2023 2095/2095 2019/2019
f 2102/2102 2116/2116 2023/2023
f 2116/2116 2095/2095 2023/2023
f 2139/2139 2095/2095 2116/2116
f 2139/2139 2138/2138 2095/2095
f 2017/2017 2016/2016 2015/2015
f 2016/2016 2014/2014 2015/2015
f 2016/2016 2019/2019 2014/2014
f 2015/2015 2014/2014 2013/2013
f 2014/2014 2012/2012 2013/2013
f 2014/2014 2019/2019 2012/2012
f 2095/2095 2138/2138 2097/2097
f 2095/2095 2097/2097 2019/2019
f 2138/2138 2145/2145 2097/2097
f 2010/2010 2020/2020 2022/2022
f 2019/2019 2020/2020 2012/2012
f 2012/2012 2020/2020 2010/2010
f 2013/2013 2012/2012 2011/2011
f 2012/2012 2010/2010 2011/2011
f 2011/2011 2010/2010 2008/2008
f 2019/2019 2097/2097 2020/2020
f 2097/2097 2146/2146 2122/2122
f 2097/2097 2145/2145 2146/2146
f 2122/2122 2020/2020 2097/2097
f 2020/2020 2122/2122 2022/2022
f 2010/2010 2022/2022 2021/2021
f 2010/2010 2009/2009 2008/2008
f 2010/2010 2021/2021 2009/2009
f 2009/2009 2007/2007 2008/2008
f 2009/2009 2021/2021 2007/2007
f 2008/2008 2007/2007 2005/2005
f 2122/2122 2120/2120 2022/2022
f 2122/2122 2141/2141 2120/2120
f 2120/2120 2021/2021 2022/2022
f 2021/2021 2006/2006 2007/2007
f 2120/2120 2006/2006 2021/2021
f 2141/2141 2134/2134 2120/2120
f 2134/2134 2006/2006 2120/2120
f 2007/2007 2006/2006 2005/2005
f 2134/2134 2130/2130 2006/2006
f 2006/2006 2003/2003 2005/2005
f 2006/2006 2130/2130 2003/2003
f 2137/2137 2130/2130 2134/2134
f 2005/2005 2003/2003 2004/2004
f 2004/2004 2003/2003 2001/2001
f 2001/2001 2000/2000 1999/1999
f 2137/2137 2003/2003 2130/2130
f 2003/2003 2000/2000 2001/2001
f 2137/2137 2119/2119 2003/2003
f 2003/2003 2119/2119 2000/2000
f 2137/2137 2140/2140 2119/2119
f 2000/2000 2119/2119 2099/2099
f 2140/2140 2099/2099 2119/2119
f 1999/1999 1998/1998 1996/1996
f 1999/1999 2000/2000 1998/1998
f 2000/2000 2002/2002 1998/1998
f 2000/2000 2099/2099 2002/2002
f 2002/2002 2099/2099 1997/1997
f 2002/2002 1997/1997 1998/1998
f 2099/2099 2098/2098 1997/1997
f 2140/2140 2121/2121 2099/2099
f 2121/2121 2098/2098 2099/2099
f 1998/1998 1997/1997 1996/1996
f 2121/2121 2126/2126 2098/2098
f 2072/2072 2067/2067 2070/2070
f 2069/2069 2067/2067 2066/2066
f 2072/2072 2071/2071 2067/2067
f 2072/2072 2085/2085 2071/2071
f 2071/2071 2065/2065 2067/2067
f 2085/2085 2068/2068 2071/2071
f 2071/2071 2068/2068 2065/2065
f 2066/2066 2065/2065 2046/2046
f 2066/2066 2067/2067 2065/2065
f 2065/2065 2068/2068 2045/2045
f 2065/2065 2045/2045 2046/2046
f 2046/2046 2045/2045 2042/2042
f 2060/2060 2056/2056 2057/2057
f 2057/2057 2056/2056 2047/2047
f 2085/2085 2057/2057 2068/2068
f 2057/2057 2047/2047 2068/2068
f 2068/2068 2047/2047 2045/2045
f 2060/2060 2058/2058 2056/2056
f 2058/2058 2052/2052 2056/2056
f 2055/2055 2052/2052 2058/2058
f 2055/2055 2054/2054 2052/2052
f 2056/2056 2048/2048 2047/2047
f 2056/2056 2052/2052 2048/2048
f 2048/2048 2043/2043 2047/2047
f 2048/2048 2052/2052 2051/2051
f 2047/2047 2041/2041 2045/2045
f 2041/2041 2042/2042 2045/2045
f 2047/2047 2043/2043 2041/2041
f 2041/2041 2038/2038 2042/2042
f 2041/2041 2040/2040 2038/2038
f 2043/2043 2040/2040 2041/2041
f 2043/2043 2048/2048 2049/2049
f 2049/2049 2044/2044 2043/2043
f 2043/2043 2044/2044 2039/2039
f 2049/2049 2050/2050 2082/2082
f 2048/2048 2050/2050 2049/2049
f 2082/2082 2083/2083 2049/2049
f 2040/2040 2043/2043 2039/2039
f 2040/2040 2039/2039 2038/2038
f 2044/2044 2049/2049 2083/2083
f 2083/2083 2033/2033 2044/2044
f 2083/2083 2111/2111 2033/2033
f 2037/2037 2038/2038 2036/2036
f 2036/2036 2035/2035 2037/2037
f 2038/2038 2039/2039 2036/2036
f 2039/2039 2034/2034 2036/2036
f 2039/2039 2044/2044 2034/2034
f 2036/2036 2034/2034 2035/2035
f 2044/2044 2033/2033 2034/2034
f 2034/2034 2031/2031 2035/2035
f 2034/2034 2033/2033 2031/2031
f 2030/2030 2031/2031 2029/2029
f 2030/2030 2029/2029 2028/2028
f 2062/2062 2064/2064 2063/2063
f 2063/2063 2054/2054 2062/2062
f 2055/2055 2062/2062 2054/2054
f 2064/2064 2100/2100 2063/2063
f 2100/2100 2101/2101 2063/2063
f 2054/2054 2059/2059 2053/2053
f 2054/2054 2063/2063 2059/2059
f 2053/2053 2059/2059 2061/2061
f 2059/2059 2087/2087 2061/2061
f 2052/2052 2054/2054 2053/2053
f 2059/2059 2088/2088 2087/2087
f 2063/2063 2086/2086 2059/2059
f 2063/2063 2101/2101 2086/2086
f 2059/2059 2086/2086 2088/2088
f 2053/2053 2061/2061 2051/2051
f 2061/2061 2050/2050 2051/2051
f 2048/2048 2051/2051 2050/2050
f 2061/2061 2087/2087 2089/2089
f 2052/2052 2053/2053 2051/2051
f 2123/2123 2088/2088 2086/2086
f 2050/2050 2061/2061 2082/2082
f 2089/2089 2082/2082 2061/2061
f 2089/2089 2090/2090 2082/2082
f 2090/2090 2083/2083 2082/2082
f 2083/2083 2090/2090 2132/2132
f 2083/2083 2132/2132 2111/2111
f 2132/2132 2135/2135 2111/2111
f 2111/2111 2135/2135 2112/2112
f 2135/2135 2136/2136 2112/2112
f 2033/2033 2111/2111 2032/2032
f 2033/2033 2032/2032 2031/2031
f 2111/2111 2112/2112 2032/2032
f 2032/2032 2112/2112 2096/2096
f 2136/2136 2096/2096 2112/2112
f 2032/2032 2029/2029 2031/2031
f 2029/2029 2032/2032 2096/2096
f 2029/2029 2027/2027 2028/2028
f 2081/2081 2080/2080 2079/2079
f 2093/2093 2091/2091 2092/2092
f 2091/2091 2079/2079 2092/2092
f 2091/2091 2081/2081 2079/2079
f 2080/2080 2077/2077 2079/2079
f 2080/2080 2084/2084 2077/2077
f 2084/2084 2075/2075 2077/2077
f 2079/2079 2077/2077 2078/2078
f 2078/2078 2077/2077 2076/2076
f 2074/2074 2076/2076 2075/2075
f 2077/2077 2075/2075 2076/2076
f 2074/2074 2073/2073 2069/2069
f 2075/2075 2073/2073 2074/2074
f 2070/2070 2069/2069 2073/2073
f 2094/2094 2070/2070 2073/2073
f 2094/2094 2072/2072 2070/2070
f 2070/2070 2067/2067 2069/2069
f 2175/2175 2153/2153 2165/2165
f 2175/2175 2165/2165 2167/2167
f 2167/2167 2165/2165 2166/2166
f 2167/2167 2166/2166 2168/2168
f 2164/2164 2153/2153 2175/2175
f 2153/2153 2152/2152 2165/2165
f 2165/2165 2152/2152 2166/2166
f 2166/2166 2152/2152 2169/2169
f 2197/2197 2196/2196 2194/2194
f 2196/2196 2195/2195 2194/2194
f 2194/2194 2193/2193 2192/2192
f 2194/2194 2195/2195 2193/2193
f 2191/2191 2192/2192 2189/2189
f 2189/2189 2192/2192 2193/2193
f 2191/2191 2189/2189 2188/2188
f 2199/2199 2185/2185 2184/2184
f 2188/2188 2189/2189 2187/2187
f 2189/2189 2190/2190 2187/2187
f 2187/2187 2190/2190 2198/2198
f 2188/2188 2187/2187 2185/2185
f 2184/2184 2185/2185 2182/2182
f 2185/2185 2186/2186 2182/2182
f 2203/2203 2183/2183 2200/2200
f 2184/2184 2182/2182 2183/2183
f 2186/2186 2202/2202 2182/2182
f 2183/2183 2182/2182 2179/2179
f 2182/2182 2202/2202 2180/2180
f 2185/2185 2187/2187 2186/2186
f 2187/2187 2198/2198 2186/2186
f 2198/2198 2208/2208 2186/2186
f 2186/2186 2208/2208 2202/2202
f 2208/2208 2204/2204 2202/2202
f 2183/2183 2179/2179 2200/2200
f 2182/2182 2180/2180 2179/2179
f 2180/2180 2202/2202 2178/2178
f 2200/2200 2179/2179 2201/2201
f 2179/2179 2180/2180 2178/2178
f 2179/2179 2178/2178 2177/2177
f 2201/2201 2179/2179 2206/2206
f 2179/2179 2177/2177 2206/2206
f 2201/2201 2206/2206 2207/2207
f 2202/2202 2181/2181 2178/2178
f 2178/2178 2181/2181 2176/2176
f 2202/2202 2204/2204 2181/2181
f 2163/2163 2207/2207 2206/2206
f 2178/2178 2176/2176 2177/2177
f 2177/2177 2176/2176 2174/2174
f 2206/2206 2177/2177 2174/2174
f 2163/2163 2206/2206 2161/2161
f 2163/2163 2161/2161 2158/2158
f 2170/2170 2163/2163 2159/2159
f 2163/2163 2158/2158 2159/2159
f 2161/2161 2206/2206 2174/2174
f 2174/2174 2176/2176 2173/2173
f 2159/2159 2158/2158 2156/2156
f 2158/2158 2161/2161 2157/2157
f 2161/2161 2162/2162 2157/2157
f 2161/2161 2171/2171 2162/2162
f 2161/2161 2174/2174 2171/2171
f 2174/2174 2173/2173 2171/2171
f 2160/2160 2159/2159 2156/2156
f 2158/2158 2157/2157 2156/2156
f 2157/2157 2155/2155 2156/2156
f 2160/2160 2156/2156 2164/2164
f 2164/2164 2156/2156 2154/2154
f 2157/2157 2162/2162 2155/2155
f 2162/2162 2171/2171 2172/2172
f 2171/2171 2173/2173 2172/2172
f 2154/2154 2156/2156 2155/2155
f 2164/2164 2154/2154 2153/2153
f 2154/2154 2155/2155 2151/2151
f 2154/2154 2151/2151 2153/2153
f 2155/2155 2162/2162 2205/2205
f 2162/2162 2172/2172 2205/2205
f 2155/2155 2205/2205 2151/2151
f 2205/2205 2150/2150 2151/2151
f 2209/2209 2210/2210 2211/2211
f 2153/2153 2151/2151 2152/2152
f 2151/2151 2149/2149 2152/2152
f 2151/2151 2150/2150 2149/2149
f 2169/2169 2152/2152 2149/2149
f 2150/2150 2148/2148 2149/2149
f 2149/2149 2148/2148 2147/2147
f 2238/2238 2237/2237 2239/2239
f 2240/2240 2233/2233 2238/2238
f 2238/2238 2233/2233 2235/2235
f 2238/2238 2235/2235 2237/2237
f 2241/2241 2230/2230 2233/2233
f 2235/2235 2233/2233 2231/2231
f 2233/2233 2230/2230 2231/2231
f 2235/2235 2236/2236 2237/2237
f 2230/2230 2229/2229 2231/2231
f 2230/2230 2228/2228 2229/2229
f 2235/2235 2231/2231 2236/2236
f 2231/2231 2232/2232 2236/2236
f 2231/2231 2229/2229 2232/2232
f 2228/2228 2227/2227 2229/2229
f 2229/2229 2234/2234 2232/2232
f 2229/2229 2227/2227 2234/2234
f 2228/2228 2226/2226 2227/2227
f 2226/2226 2225/2225 2227/2227
f 2227/2227 2225/2225 2234/2234
f 2225/2225 2226/2226 2223/2223
f 2223/2223 2222/2222 2224/2224
f 2225/2225 2223/2223 2224/2224
f 2223/2223 2221/2221 2222/2222
f 2221/2221 2217/2217 2218/2218
f 2221/2221 2218/2218 2222/2222
f 2221/2221 2242/2242 2217/2217
f 2242/2242 2243/2243 2217/2217
f 2243/2243 2245/2245 2219/2219
f 2243/2243 2219/2219 2217/2217
f 2217/2217 2219/2219 2214/2214
f 2217/2217 2214/2214 2216/2216
f 2214/2214 2215/2215 2216/2216
f 2217/2217 2216/2216 2218/2218
f 2245/2245 2220/2220 2219/2219
f 2245/2245 2244/2244 2220/2220
f 2219/2219 2220/2220 2214/2214
f 2220/2220 2213/2213 2214/2214
f 2214/2214 2212/2212 2215/2215
f 2346/2346 2349/2349 2347/2347
f 2346/2346 2347/2347 2348/2348
f 2348/2348 2347/2347 2350/2350
f 2348/2348 2350/2350 2351/2351
f 2350/2350 2335/2335 2319/2319
f 2335/2335 2331/2331 2319/2319
f 2351/2351 2350/2350 2352/2352
f 2350/2350 2319/2319 2352/2352
f 2351/2351 2352/2352 2353/2353
f 2353/2353 2352/2352 2312/2312
f 2331/2331 2318/2318 2319/2319
f 2318/2318 2331/2331 2320/2320
f 2318/2318 2320/2320 2317/2317
f 2319/2319 2318/2318 2311/2311
f 2319/2319 2311/2311 2352/2352
f 2352/2352 2311/2311 2312/2312
f 2318/2318 2317/2317 2311/2311
f 2312/2312 2311/2311 2309/2309
f 2311/2311 2317/2317 2316/2316
f 2311/2311 2316/2316 2310/2310
f 2311/2311 2310/2310 2309/2309
f 2312/2312 2309/2309 2328/2328
f 2328/2328 2309/2309 2313/2313
f 2309/2309 2310/2310 2303/2303
f 2313/2313 2309/2309 2300/2300
f 2328/2328 2313/2313 2333/2333
f 2309/2309 2303/2303 2300/2300
f 2300/2300 2303/2303 2299/2299
f 2313/2313 2300/2300 2297/2297
f 2333/2333 2313/2313 2297/2297
f 2333/2333 2297/2297 2296/2296
f 2300/2300 2299/2299 2297/2297
f 2296/2296 2295/2295 2294/2294
f 2296/2296 2297/2297 2295/2295
f 2297/2297 2299/2299 2298/2298
f 2297/2297 2298/2298 2295/2295
f 2298/2298 2301/2301 2295/2295
f 2295/2295 2301/2301 2302/2302
f 2294/2294 2295/2295 2293/2293
f 2293/2293 2295/2295 2292/2292
f 2295/2295 2302/2302 2292/2292
f 2293/2293 2292/2292 2290/2290
f 2292/2292 2302/2302 2304/2304
f 2302/2302 2305/2305 2304/2304
f 2290/2290 2286/2286 2288/2288
f 2292/2292 2304/2304 2291/2291
f 2292/2292 2291/2291 2290/2290
f 2291/2291 2304/2304 2307/2307
f 2304/2304 2306/2306 2307/2307
f 2290/2290 2291/2291 2286/2286
f 2291/2291 2307/2307 2286/2286
f 2288/2288 2286/2286 2283/2283
f 2288/2288 2283/2283 2289/2289
f 2286/2286 2307/2307 2321/2321
f 2307/2307 2308/2308 2321/2321
f 2286/2286 2321/2321 2285/2285
f 2286/2286 2285/2285 2283/2283
f 2321/2321 2323/2323 2285/2285
f 2321/2321 2322/2322 2323/2323
f 2283/2283 2284/2284 2289/2289
f 2284/2284 2283/2283 2281/2281
f 2283/2283 2282/2282 2281/2281
f 2283/2283 2285/2285 2282/2282
f 2285/2285 2323/2323 2287/2287
f 2285/2285 2287/2287 2282/2282
f 2323/2323 2324/2324 2287/2287
f 2317/2317 2320/2320 2343/2343
f 2317/2317 2343/2343 2316/2316
f 2310/2310 2316/2316 2303/2303
f 2303/2303 2316/2316 2329/2329
f 2303/2303 2329/2329 2314/2314
f 2299/2299 2303/2303 2314/2314
f 2299/2299 2314/2314 2298/2298
f 2298/2298 2314/2314 2301/2301
f 2314/2314 2344/2344 2301/2301
f 2301/2301 2344/2344 2342/2342
f 2301/2301 2305/2305 2302/2302
f 2301/2301 2342/2342 2305/2305
f 2304/2304 2305/2305 2306/2306
f 2305/2305 2342/2342 2315/2315
f 2315/2315 2342/2342 2330/2330
f 2305/2305 2315/2315 2306/2306
f 2315/2315 2330/2330 2306/2306
f 2306/2306 2330/2330 2327/2327
f 2306/2306 2327/2327 2308/2308
f 2307/2307 2306/2306 2308/2308
f 2308/2308 2327/2327 2326/2326
f 2322/2322 2321/2321 2308/2308
f 2308/2308 2326/2326 2325/2325
f 2308/2308 2325/2325 2322/2322
f 2323/2323 2322/2322 2324/2324
f 2322/2322 2325/2325 2324/2324
f 2324/2324 2325/2325 2332/2332
f 2268/2268 2269/2269 2270/2270
f 2267/2267 2269/2269 2268/2268
f 2280/2280 2270/2270 2271/2271
f 2280/2280 2268/2268 2270/2270
f 2278/2278 2273/2273 2279/2279
f 2275/2275 2273/2273 2274/2274
f 2269/2269 2271/2271 2270/2270
f 2269/2269 2272/2272 2271/2271
f 2280/2280 2271/2271 2278/2278
f 2271/2271 2272/2272 2273/2273
f 2278/2278 2271/2271 2273/2273
f 2274/2274 2273/2273 2272/2272
f 2279/2279 2273/2273 2275/2275
f 2275/2275 2274/2274 2276/2276
f 2275/2275 2277/2277 2279/2279
f 2275/2275 2276/2276 2277/2277
f 2338/2338 2277/2277 2276/2276
f 2277/2277 2355/2355 2279/2279
f 2355/2355 2277/2277 2354/2354
f 2277/2277 2337/2337 2354/2354
f 2277/2277 2338/2338 2337/2337
f 2338/2338 2340/2340 2339/2339
f 2338/2338 2336/2336 2337/2337
f 2338/2338 2339/2339 2336/2336
f 2340/2340 2341/2341 2339/2339
f 2347/2347 2349/2349 2354/2354
f 2347/2347 2354/2354 2335/2335
f 2354/2354 2337/2337 2335/2335
f 2347/2347 2335/2335 2350/2350
f 2335/2335 2336/2336 2331/2331
f 2337/2337 2336/2336 2335/2335
f 2336/2336 2334/2334 2331/2331
f 2336/2336 2339/2339 2334/2334
f 2339/2339 2345/2345 2334/2334
f 2334/2334 2320/2320 2331/2331
f 2334/2334 2345/2345 2320/2320
f 2251/2251 2252/2252 2253/2253
f 2246/2246 2247/2247 2248/2248
f 2248/2248 2247/2247 2249/2249
f 2248/2248 2249/2249 2250/2250
f 2252/2252 2255/2255 2254/2254
f 2252/2252 2254/2254 2253/2253
f 2255/2255 2256/2256 2254/2254
f 2257/2257 2254/2254 2256/2256
f 2256/2256 2258/2258 2257/2257
f 2256/2256 2263/2263 2258/2258
f 2257/2257 2258/2258 2259/2259
f 2263/2263 2261/2261 2258/2258
f 2261/2261 2260/2260 2258/2258
f 2259/2259 2258/2258 2260/2260
f 2264/2264 2262/2262 2265/2265
f 2260/2260 2261/2261 2262/2262
f 2264/2264 2260/2260 2262/2262
f 2266/2266 2265/2265 2262/2262
f 2267/2267 2265/2265 2266/2266
f 2265/2265 2267/2267 2268/2268
f 2518/2518 2515/2515 2517/2517
f 2510/2510 2508/2508 2498/2498
f 2498/2498 2508/2508 2502/2502
f 2498/2498 2502/2502 2497/2497
f 2502/2502 2454/2454 2497/2497
f 2497/2497 2494/2494 2498/2498
f 2497/2497 2451/2451 2494/2494
f 2454/2454 2450/2450 2497/2497
f 2454/2454 2447/2447 2450/2450
f 2497/2497 2450/2450 2451/2451
f 2450/2450 2447/2447 2443/2443
f 2450/2450 2443/2443 2451/2451
f 2494/2494 2451/2451 2493/2493
f 2493/2493 2451/2451 2452/2452
f 2490/2490 2500/2500 2503/2503
f 2503/2503 2491/2491 2490/2490
f 2493/2493 2452/2452 2491/2491
f 2452/2452 2492/2492 2491/2491
f 2451/2451 2443/2443 2452/2452
f 2443/2443 2448/2448 2452/2452
f 2443/2443 2445/2445 2448/2448
f 2452/2452 2453/2453 2492/2492
f 2448/2448 2453/2453 2452/2452
f 2415/2415 2413/2413 2414/2414
f 2500/2500 2496/2496 2509/2509
f 2509/2509 2496/2496 2511/2511
f 2495/2495 2499/2499 2501/2501
f 2500/2500 2489/2489 2496/2496
f 2500/2500 2490/2490 2489/2489
f 2490/2490 2488/2488 2489/2489
f 2490/2490 2491/2491 2488/2488
f 2496/2496 2489/2489 2495/2495
f 2489/2489 2486/2486 2495/2495
f 2489/2489 2488/2488 2486/2486
f 2495/2495 2486/2486 2499/2499
f 2491/2491 2492/2492 2488/2488
f 2488/2488 2453/2453 2487/2487
f 2492/2492 2453/2453 2488/2488
f 2414/2414 2413/2413 2401/2401
f 2414/2414 2401/2401 2418/2418
f 2488/2488 2487/2487 2486/2486
f 2487/2487 2479/2479 2486/2486
f 2418/2418 2401/2401 2377/2377
f 2487/2487 2484/2484 2479/2479
f 2501/2501 2499/2499 2512/2512
f 2512/2512 2499/2499 2477/2477
f 2499/2499 2480/2480 2477/2477
f 2512/2512 2477/2477 2506/2506
f 2506/2506 2477/2477 2504/2504
f 2499/2499 2486/2486 2480/2480
f 2486/2486 2479/2479 2480/2480
f 2480/2480 2479/2479 2476/2476
f 2480/2480 2476/2476 2477/2477
f 2477/2477 2456/2456 2504/2504
f 2477/2477 2476/2476 2456/2456
f 2401/2401 2371/2371 2377/2377
f 2401/2401 2413/2413 2371/2371
f 2371/2371 2372/2372 2377/2377
f 2371/2371 2369/2369 2372/2372
f 2484/2484 2481/2481 2479/2479
f 2377/2377 2372/2372 2378/2378
f 2372/2372 2369/2369 2373/2373
f 2479/2479 2481/2481 2475/2475
f 2378/2378 2372/2372 2374/2374
f 2372/2372 2373/2373 2374/2374
f 2479/2479 2475/2475 2476/2476
f 2476/2476 2457/2457 2456/2456
f 2476/2476 2475/2475 2457/2457
f 2475/2475 2474/2474 2457/2457
f 2475/2475 2481/2481 2474/2474
f 2378/2378 2374/2374 2402/2402
f 2506/2506 2504/2504 2507/2507
f 2504/2504 2505/2505 2507/2507
f 2456/2456 2505/2505 2504/2504
f 2459/2459 2461/2461 2462/2462
f 2456/2456 2457/2457 2458/2458
f 2456/2456 2458/2458 2459/2459
f 2457/2457 2474/2474 2460/2460
f 2457/2457 2460/2460 2458/2458
f 2458/2458 2461/2461 2459/2459
f 2458/2458 2460/2460 2461/2461
f 2402/2402 2379/2379 2387/2387
f 2374/2374 2379/2379 2402/2402
f 2460/2460 2474/2474 2473/2473
f 2473/2473 2474/2474 2482/2482
f 2460/2460 2465/2465 2461/2461
f 2460/2460 2473/2473 2465/2465
f 2462/2462 2461/2461 2463/2463
f 2463/2463 2461/2461 2465/2465
f 2462/2462 2463/2463 2464/2464
f 2464/2464 2463/2463 2468/2468
f 2463/2463 2466/2466 2468/2468
f 2379/2379 2374/2374 2376/2376
f 2387/2387 2379/2379 2380/2380
f 2379/2379 2376/2376 2380/2380
f 2376/2376 2381/2381 2380/2380
f 2380/2380 2381/2381 2382/2382
f 2463/2463 2465/2465 2466/2466
f 2465/2465 2472/2472 2467/2467
f 2465/2465 2467/2467 2466/2466
f 2466/2466 2467/2467 2470/2470
f 2472/2472 2478/2478 2467/2467
f 2467/2467 2471/2471 2470/2470
f 2465/2465 2473/2473 2472/2472
f 2473/2473 2482/2482 2472/2472
f 2482/2482 2483/2483 2472/2472
f 2387/2387 2384/2384 2403/2403
f 2387/2387 2380/2380 2384/2384
f 2384/2384 2380/2380 2383/2383
f 2384/2384 2383/2383 2385/2385
f 2380/2380 2382/2382 2383/2383
f 2383/2383 2382/2382 2386/2386
f 2483/2483 2478/2478 2472/2472
f 2478/2478 2483/2483 2485/2485
f 2403/2403 2384/2384 2385/2385
f 2403/2403 2385/2385 2404/2404
f 2404/2404 2385/2385 2405/2405
f 2385/2385 2383/2383 2386/2386
f 2385/2385 2386/2386 2405/2405
f 2468/2468 2466/2466 2469/2469
f 2466/2466 2470/2470 2469/2469
f 2513/2513 2471/2471 2514/2514
f 2513/2513 2515/2515 2525/2525
f 2514/2514 2515/2515 2513/2513
f 2525/2525 2470/2470 2513/2513
f 2513/2513 2470/2470 2471/2471
f 2519/2519 2525/2525 2515/2515
f 2519/2519 2515/2515 2518/2518
f 2516/2516 2517/2517 2515/2515
f 2514/2514 2516/2516 2515/2515
f 2516/2516 2521/2521 2520/2520
f 2516/2516 2520/2520 2517/2517
f 2516/2516 2528/2528 2521/2521
f 2514/2514 2528/2528 2516/2516
f 2404/2404 2405/2405 2406/2406
f 2405/2405 2386/2386 2408/2408
f 2406/2406 2405/2405 2412/2412
f 2406/2406 2412/2412 2417/2417
f 2412/2412 2405/2405 2408/2408
f 2417/2417 2412/2412 2422/2422
f 2412/2412 2408/2408 2416/2416
f 2521/2521 2528/2528 2529/2529
f 2521/2521 2529/2529 2522/2522
f 2521/2521 2522/2522 2520/2520
f 2522/2522 2523/2523 2520/2520
f 2412/2412 2416/2416 2422/2422
f 2522/2522 2529/2529 2530/2530
f 2522/2522 2530/2530 2524/2524
f 2522/2522 2524/2524 2523/2523
f 2526/2526 2523/2523 2524/2524
f 2530/2530 2531/2531 2524/2524
f 2527/2527 2526/2526 2524/2524
f 2531/2531 2527/2527 2524/2524
f 2441/2441 2442/2442 2438/2438
f 2441/2441 2438/2438 2437/2437
f 2437/2437 2438/2438 2434/2434
f 2441/2441 2437/2437 2440/2440
f 2508/2508 2440/2440 2502/2502
f 2532/2532 2533/2533 2534/2534
f 2534/2534 2533/2533 2540/2540
f 2546/2546 2534/2534 2540/2540
f 2533/2533 2539/2539 2540/2540
f 2539/2539 2533/2533 2537/2537
f 2545/2545 2558/2558 2549/2549
f 2545/2545 2549/2549 2538/2538
f 2549/2549 2556/2556 2538/2538
f 2532/2532 2535/2535 2533/2533
f 2535/2535 2545/2545 2538/2538
f 2535/2535 2536/2536 2533/2533
f 2535/2535 2538/2538 2536/2536
f 2538/2538 2556/2556 2536/2536
f 2536/2536 2556/2556 2555/2555
f 2556/2556 2560/2560 2555/2555
f 2533/2533 2536/2536 2537/2537
f 2537/2537 2536/2536 2555/2555
f 2424/2424 2432/2432 2423/2423
f 2423/2423 2429/2429 2428/2428
f 2423/2423 2428/2428 2420/2420
f 2429/2429 2433/2433 2428/2428
f 2421/2421 2420/2420 2419/2419
f 2424/2424 2423/2423 2421/2421
f 2423/2423 2420/2420 2421/2421
f 2437/2437 2436/2436 2440/2440
f 2437/2437 2434/2434 2436/2436
f 2440/2440 2436/2436 2502/2502
f 2434/2434 2435/2435 2436/2436
f 2436/2436 2435/2435 2439/2439
f 2436/2436 2439/2439 2455/2455
f 2502/2502 2436/2436 2454/2454
f 2436/2436 2455/2455 2454/2454
f 2454/2454 2455/2455 2447/2447
f 2541/2541 2540/2540 2539/2539
f 2541/2541 2539/2539 2543/2543
f 2539/2539 2537/2537 2542/2542
f 2543/2543 2539/2539 2542/2542
f 2542/2542 2547/2547 2550/2550
f 2447/2447 2446/2446 2443/2443
f 2537/2537 2555/2555 2544/2544
f 2537/2537 2544/2544 2542/2542
f 2544/2544 2555/2555 2559/2559
f 2561/2561 2562/2562 2563/2563
f 2542/2542 2544/2544 2547/2547
f 2544/2544 2557/2557 2547/2547
f 2544/2544 2559/2559 2557/2557
f 2547/2547 2557/2557 2554/2554
f 2547/2547 2554/2554 2550/2550
f 2541/2541 2543/2543 2548/2548
f 2543/2543 2542/2542 2550/2550
f 2543/2543 2550/2550 2551/2551
f 2543/2543 2551/2551 2552/2552
f 2446/2446 2444/2444 2443/2443
f 2443/2443 2444/2444 2445/2445
f 2448/2448 2445/2445 2449/2449
f 2550/2550 2554/2554 2551/2551
f 2551/2551 2554/2554 2553/2553
f 2411/2411 2389/2389 2388/2388
f 2552/2552 2551/2551 2553/2553
f 2389/2389 2427/2427 2426/2426
f 2389/2389 2366/2366 2388/2388
f 2389/2389 2426/2426 2425/2425
f 2389/2389 2392/2392 2366/2366
f 2392/2392 2364/2364 2366/2366
f 2389/2389 2399/2399 2392/2392
f 2389/2389 2425/2425 2399/2399
f 2392/2392 2399/2399 2364/2364
f 2364/2364 2399/2399 2359/2359
f 2419/2419 2420/2420 2409/2409
f 2419/2419 2409/2409 2410/2410
f 2410/2410 2409/2409 2407/2407
f 2409/2409 2395/2395 2407/2407
f 2407/2407 2395/2395 2391/2391
f 2420/2420 2398/2398 2409/2409
f 2420/2420 2431/2431 2430/2430
f 2409/2409 2398/2398 2395/2395
f 2420/2420 2430/2430 2398/2398
f 2430/2430 2397/2397 2398/2398
f 2398/2398 2397/2397 2395/2395
f 2395/2395 2397/2397 2396/2396
f 2395/2395 2394/2394 2391/2391
f 2391/2391 2394/2394 2393/2393
f 2395/2395 2396/2396 2394/2394
f 2407/2407 2391/2391 2400/2400
f 2400/2400 2357/2357 2356/2356
f 2356/2356 2357/2357 2358/2358
f 2400/2400 2391/2391 2357/2357
f 2391/2391 2360/2360 2357/2357
f 2357/2357 2360/2360 2358/2358
f 2391/2391 2393/2393 2360/2360
f 2356/2356 2358/2358 2359/2359
f 2360/2360 2361/2361 2358/2358
f 2358/2358 2361/2361 2362/2362
f 2388/2388 2366/2366 2367/2367
f 2366/2366 2365/2365 2367/2367
f 2366/2366 2364/2364 2365/2365
f 2365/2365 2364/2364 2363/2363
f 2364/2364 2359/2359 2363/2363
f 2359/2359 2358/2358 2363/2363
f 2358/2358 2362/2362 2363/2363
f 2367/2367 2365/2365 2368/2368
f 2370/2370 2367/2367 2369/2369
f 2367/2367 2368/2368 2369/2369
f 2371/2371 2370/2370 2369/2369
f 2369/2369 2368/2368 2373/2373
f 2374/2374 2373/2373 2375/2375
f 2374/2374 2375/2375 2376/2376
f 2376/2376 2375/2375 2390/2390
f 2376/2376 2390/2390 2381/2381
f 2605/2605 2607/2607 2604/2604
f 2605/2605 2604/2604 2603/2603
f 2604/2604 2602/2602 2603/2603
f 2587/2587 2589/2589 2579/2579
f 2589/2589 2584/2584 2579/2579
f 2577/2577 2579/2579 2583/2583
f 2583/2583 2579/2579 2584/2584
f 2603/2603 2602/2602 2588/2588
f 2588/2588 2602/2602 2587/2587
f 2588/2588 2587/2587 2580/2580
f 2577/2577 2578/2578 2579/2579
f 2580/2580 2579/2579 2578/2578
f 2580/2580 2587/2587 2579/2579
f 2581/2581 2582/2582 2585/2585
f 2582/2582 2583/2583 2590/2590
f 2582/2582 2577/2577 2583/2583
f 2582/2582 2581/2581 2577/2577
f 2583/2583 2593/2593 2590/2590
f 2591/2591 2585/2585 2582/2582
f 2585/2585 2591/2591 2618/2618
f 2618/2618 2591/2591 2624/2624
f 2585/2585 2618/2618 2592/2592
f 2618/2618 2610/2610 2592/2592
f 2591/2591 2590/2590 2676/2676
f 2591/2591 2676/2676 2624/2624
f 2582/2582 2590/2590 2591/2591
f 2590/2590 2593/2593 2676/2676
f 2578/2578 2577/2577 2581/2581
f 2583/2583 2584/2584 2593/2593
f 2586/2586 2581/2581 2585/2585
f 2585/2585 2592/2592 2586/2586
f 2609/2609 2610/2610 2611/2611
f 2586/2586 2592/2592 2609/2609
f 2592/2592 2610/2610 2609/2609
f 2624/2624 2676/2676 2675/2675
f 2624/2624 2675/2675 2628/2628
f 2675/2675 2673/2673 2628/2628
f 2618/2618 2619/2619 2610/2610
f 2618/2618 2624/2624 2619/2619
f 2624/2624 2628/2628 2619/2619
f 2610/2610 2619/2619 2617/2617
f 2619/2619 2628/2628 2625/2625
f 2617/2617 2619/2619 2625/2625
f 2628/2628 2673/2673 2625/2625
f 2625/2625 2673/2673 2666/2666
f 2610/2610 2613/2613 2612/2612
f 2610/2610 2617/2617 2613/2613
f 2611/2611 2610/2610 2612/2612
f 2617/2617 2614/2614 2613/2613
f 2617/2617 2625/2625 2614/2614
f 2613/2613 2614/2614 2612/2612
f 2614/2614 2615/2615 2612/2612
f 2614/2614 2616/2616 2615/2615
f 2625/2625 2666/2666 2626/2626
f 2625/2625 2626/2626 2614/2614
f 2614/2614 2626/2626 2616/2616
f 2616/2616 2626/2626 2627/2627
f 2616/2616 2627/2627 2621/2621
f 2623/2623 2627/2627 2632/2632
f 2623/2623 2632/2632 2630/2630
f 2615/2615 2616/2616 2620/2620
f 2620/2620 2621/2621 2622/2622
f 2620/2620 2616/2616 2621/2621
f 2621/2621 2623/2623 2622/2622
f 2621/2621 2627/2627 2623/2623
f 2623/2623 2630/2630 2629/2629
f 2623/2623 2629/2629 2622/2622
f 2622/2622 2629/2629 2631/2631
f 2629/2629 2634/2634 2631/2631
f 2630/2630 2632/2632 2633/2633
f 2630/2630 2637/2637 2635/2635
f 2630/2630 2633/2633 2637/2637
f 2633/2633 2659/2659 2637/2637
f 2639/2639 2637/2637 2699/2699
f 2635/2635 2639/2639 2638/2638
f 2635/2635 2637/2637 2639/2639
f 2637/2637 2659/2659 2670/2670
f 2701/2701 2700/2700 2692/2692
f 2711/2711 2701/2701 2696/2696
f 2701/2701 2692/2692 2696/2696
f 2639/2639 2700/2700 2640/2640
f 2638/2638 2640/2640 2641/2641
f 2638/2638 2639/2639 2640/2640
f 2641/2641 2640/2640 2711/2711
f 2640/2640 2701/2701 2711/2711
f 2640/2640 2700/2700 2701/2701
f 2700/2700 2699/2699 2693/2693
f 2700/2700 2693/2693 2692/2692
f 2699/2699 2684/2684 2693/2693
f 2693/2693 2684/2684 2686/2686
f 2686/2686 2684/2684 2685/2685
f 2639/2639 2699/2699 2700/2700
f 2637/2637 2684/2684 2699/2699
f 2629/2629 2630/2630 2634/2634
f 2634/2634 2635/2635 2636/2636
f 2634/2634 2630/2630 2635/2635
f 2631/2631 2634/2634 2636/2636
f 2636/2636 2635/2635 2638/2638
f 2706/2706 2696/2696 2695/2695
f 2692/2692 2689/2689 2696/2696
f 2696/2696 2689/2689 2695/2695
f 2692/2692 2686/2686 2689/2689
f 2692/2692 2693/2693 2686/2686
f 2689/2689 2686/2686 2688/2688
f 2695/2695 2689/2689 2690/2690
f 2689/2689 2688/2688 2690/2690
f 2686/2686 2687/2687 2688/2688
f 2686/2686 2685/2685 2687/2687
f 2690/2690 2688/2688 2691/2691
f 2688/2688 2687/2687 2694/2694
f 2688/2688 2694/2694 2691/2691
f 2687/2687 2697/2697 2694/2694
f 2690/2690 2691/2691 2708/2708
f 2708/2708 2691/2691 2709/2709
f 2694/2694 2697/2697 2712/2712
f 2691/2691 2707/2707 2709/2709
f 2691/2691 2694/2694 2707/2707
f 2707/2707 2694/2694 2712/2712
f 2708/2708 2709/2709 2716/2716
f 2716/2716 2709/2709 2717/2717
f 2717/2717 2709/2709 2713/2713
f 2709/2709 2707/2707 2713/2713
f 2707/2707 2718/2718 2713/2713
f 2707/2707 2712/2712 2718/2718
f 2712/2712 2739/2739 2718/2718
f 2608/2608 2606/2606 2607/2607
f 2607/2607 2606/2606 2604/2604
f 2599/2599 2598/2598 2595/2595
f 2595/2595 2597/2597 2594/2594
f 2595/2595 2598/2598 2597/2597
f 2604/2604 2606/2606 2601/2601
f 2604/2604 2600/2600 2602/2602
f 2604/2604 2601/2601 2600/2600
f 2602/2602 2600/2600 2587/2587
f 2587/2587 2600/2600 2589/2589
f 2600/2600 2601/2601 2589/2589
f 2601/2601 2596/2596 2589/2589
f 2589/2589 2596/2596 2584/2584
f 2596/2596 2595/2595 2584/2584
f 2584/2584 2595/2595 2594/2594
f 2596/2596 2599/2599 2595/2595
f 2584/2584 2594/2594 2593/2593
f 2594/2594 2660/2660 2664/2664
f 2593/2593 2594/2594 2664/2664
f 2594/2594 2597/2597 2660/2660
f 2597/2597 2598/2598 2660/2660
f 2598/2598 2661/2661 2660/2660
f 2664/2664 2660/2660 2663/2663
f 2660/2660 2653/2653 2655/2655
f 2593/2593 2671/2671 2676/2676
f 2593/2593 2664/2664 2671/2671
f 2664/2664 2663/2663 2671/2671
f 2676/2676 2671/2671 2675/2675
f 2671/2671 2667/2667 2675/2675
f 2671/2671 2663/2663 2667/2667
f 2660/2660 2655/2655 2663/2663
f 2663/2663 2655/2655 2667/2667
f 2661/2661 2653/2653 2660/2660
f 2661/2661 2669/2669 2653/2653
f 2669/2669 2668/2668 2653/2653
f 2655/2655 2653/2653 2648/2648
f 2653/2653 2668/2668 2652/2652
f 2668/2668 2674/2674 2652/2652
f 2675/2675 2667/2667 2673/2673
f 2673/2673 2667/2667 2665/2665
f 2673/2673 2665/2665 2666/2666
f 2667/2667 2655/2655 2648/2648
f 2667/2667 2648/2648 2665/2665
f 2653/2653 2652/2652 2648/2648
f 2648/2648 2652/2652 2649/2649
f 2649/2649 2652/2652 2647/2647
f 2652/2652 2651/2651 2647/2647
f 2652/2652 2656/2656 2651/2651
f 2648/2648 2649/2649 2647/2647
f 2651/2651 2650/2650 2647/2647
f 2666/2666 2665/2665 2645/2645
f 2666/2666 2645/2645 2626/2626
f 2648/2648 2645/2645 2665/2665
f 2648/2648 2647/2647 2645/2645
f 2645/2645 2647/2647 2642/2642
f 2645/2645 2642/2642 2644/2644
f 2626/2626 2645/2645 2627/2627
f 2627/2627 2645/2645 2646/2646
f 2645/2645 2644/2644 2646/2646
f 2642/2642 2647/2647 2650/2650
f 2642/2642 2643/2643 2644/2644
f 2642/2642 2650/2650 2643/2643
f 2650/2650 2679/2679 2643/2643
f 2643/2643 2679/2679 2662/2662
f 2662/2662 2679/2679 2719/2719
f 2679/2679 2722/2722 2719/2719
f 2627/2627 2646/2646 2632/2632
f 2632/2632 2646/2646 2654/2654
f 2632/2632 2654/2654 2633/2633
f 2646/2646 2644/2644 2654/2654
f 2654/2654 2644/2644 2657/2657
f 2654/2654 2657/2657 2658/2658
f 2657/2657 2724/2724 2658/2658
f 2657/2657 2721/2721 2724/2724
f 2643/2643 2662/2662 2644/2644
f 2719/2719 2720/2720 2721/2721
f 2719/2719 2722/2722 2720/2720
f 2644/2644 2662/2662 2657/2657
f 2657/2657 2662/2662 2721/2721
f 2662/2662 2719/2719 2721/2721
f 2721/2721 2720/2720 2723/2723
f 2633/2633 2654/2654 2659/2659
f 2654/2654 2658/2658 2659/2659
f 2721/2721 2723/2723 2724/2724
f 2724/2724 2723/2723 2728/2728
f 2659/2659 2658/2658 2670/2670
f 2670/2670 2658/2658 2677/2677
f 2658/2658 2724/2724 2728/2728
f 2658/2658 2728/2728 2677/2677
f 2637/2637 2670/2670 2684/2684
f 2684/2684 2670/2670 2683/2683
f 2670/2670 2677/2677 2683/2683
f 2677/2677 2731/2731 2683/2683
f 2683/2683 2731/2731 2736/2736
f 2677/2677 2728/2728 2731/2731
f 2728/2728 2730/2730 2731/2731
f 2684/2684 2683/2683 2685/2685
f 2683/2683 2736/2736 2685/2685
f 2685/2685 2736/2736 2698/2698
f 2736/2736 2734/2734 2698/2698
f 2736/2736 2731/2731 2734/2734
f 2731/2731 2733/2733 2734/2734
f 2728/2728 2723/2723 2729/2729
f 2729/2729 2732/2732 2730/2730
f 2728/2728 2729/2729 2730/2730
f 2731/2731 2730/2730 2733/2733
f 2685/2685 2698/2698 2687/2687
f 2687/2687 2698/2698 2697/2697
f 2698/2698 2734/2734 2735/2735
f 2698/2698 2735/2735 2737/2737
f 2698/2698 2737/2737 2697/2697
f 2734/2734 2733/2733 2735/2735
f 2697/2697 2737/2737 2712/2712
f 2737/2737 2738/2738 2712/2712
f 2737/2737 2735/2735 2738/2738
f 2712/2712 2738/2738 2739/2739
f 2714/2714 2715/2715 2710/2710
f 2575/2575 2573/2573 2574/2574
f 2575/2575 2576/2576 2573/2573
f 2674/2674 2678/2678 2652/2652
f 2652/2652 2678/2678 2656/2656
f 2714/2714 2710/2710 2705/2705
f 2705/2705 2704/2704 2703/2703
f 2705/2705 2710/2710 2704/2704
f 2574/2574 2573/2573 2572/2572
f 2573/2573 2571/2571 2572/2572
f 2702/2702 2681/2681 2678/2678
f 2702/2702 2703/2703 2681/2681
f 2703/2703 2704/2704 2681/2681
f 2678/2678 2681/2681 2680/2680
f 2570/2570 2564/2564 2569/2569
f 2572/2572 2571/2571 2570/2570
f 2570/2570 2571/2571 2564/2564
f 2678/2678 2680/2680 2656/2656
f 2651/2651 2656/2656 2672/2672
f 2656/2656 2682/2682 2672/2672
f 2656/2656 2680/2680 2682/2682
f 2569/2569 2564/2564 2566/2566
f 2564/2564 2568/2568 2565/2565
f 2564/2564 2565/2565 2566/2566
f 2651/2651 2672/2672 2650/2650
f 2672/2672 2682/2682 2726/2726
f 2672/2672 2726/2726 2650/2650
f 2682/2682 2727/2727 2726/2726
f 2726/2726 2727/2727 2725/2725
f 2566/2566 2565/2565 2567/2567
f 2650/2650 2726/2726 2679/2679
f 2726/2726 2725/2725 2679/2679
f 2679/2679 2725/2725 2722/2722
f 2939/2939 2931/2931 2930/2930
f 2935/2935 2922/2922 2928/2928
f 2931/2931 2929/2929 2930/2930
f 2943/2943 2935/2935 2928/2928
f 2935/2935 2936/2936 2922/2922
f 2936/2936 2920/2920 2922/2922
f 2936/2936 2933/2933 2920/2920
f 2933/2933 2916/2916 2920/2920
f 2920/2920 2894/2894 2922/2922
f 2922/2922 2894/2894 2861/2861
f 2920/2920 2916/2916 2894/2894
f 2916/2916 2892/2892 2894/2894
f 2894/2894 2891/2891 2861/2861
f 2894/2894 2892/2892 2891/2891
f 2892/2892 2893/2893 2890/2890
f 2892/2892 2890/2890 2891/2891
f 2893/2893 2889/2889 2890/2890
f 2881/2881 2884/2884 2883/2883
f 2884/2884 2898/2898 2883/2883
f 2884/2884 2915/2915 2898/2898
f 2915/2915 2902/2902 2898/2898
f 2915/2915 2910/2910 2902/2902
f 2910/2910 2903/2903 2902/2902
f 2902/2902 2903/2903 2901/2901
f 2902/2902 2901/2901 2898/2898
f 2898/2898 2901/2901 2900/2900
f 2912/2912 2903/2903 2910/2910
f 2912/2912 2914/2914 2903/2903
f 2914/2914 2907/2907 2903/2903
f 2903/2903 2904/2904 2901/2901
f 2903/2903 2907/2907 2904/2904
f 2901/2901 2905/2905 2900/2900
f 2901/2901 2904/2904 2905/2905
f 2905/2905 2904/2904 2906/2906
f 2905/2905 2906/2906 2909/2909
f 2907/2907 2908/2908 2904/2904
f 2904/2904 2908/2908 2906/2906
f 2908/2908 2923/2923 2906/2906
f 2908/2908 2932/2932 2923/2923
f 2906/2906 2923/2923 2925/2925
f 2906/2906 2925/2925 2926/2926
f 2932/2932 2937/2937 2923/2923
f 2937/2937 2938/2938 2923/2923
f 2768/2768 2771/2771 2770/2770
f 2923/2923 2934/2934 2925/2925
f 2923/2923 2938/2938 2934/2934
f 2809/2809 2808/2808 2801/2801
f 2814/2814 2811/2811 2815/2815
f 2811/2811 2814/2814 2812/2812
f 2811/2811 2812/2812 2813/2813
f 2812/2812 2810/2810 2813/2813
f 2942/2942 2939/2939 2941/2941
f 2941/2941 2939/2939 2940/2940
f 2798/2798 2804/2804 2796/2796
f 2804/2804 2805/2805 2796/2796
f 2798/2798 2796/2796 2795/2795
f 2805/2805 2802/2802 2796/2796
f 2796/2796 2802/2802 2794/2794
f 2808/2808 2798/2798 2795/2795
f 2808/2808 2795/2795 2801/2801
f 2796/2796 2794/2794 2795/2795
f 2795/2795 2794/2794 2792/2792
f 2795/2795 2792/2792 2801/2801
f 2809/2809 2801/2801 2810/2810
f 2813/2813 2810/2810 2790/2790
f 2801/2801 2791/2791 2810/2810
f 2801/2801 2786/2786 2791/2791
f 2810/2810 2791/2791 2790/2790
f 2791/2791 2786/2786 2790/2790
f 2790/2790 2786/2786 2788/2788
f 2801/2801 2792/2792 2786/2786
f 2792/2792 2794/2794 2793/2793
f 2792/2792 2787/2787 2786/2786
f 2792/2792 2793/2793 2787/2787
f 2786/2786 2787/2787 2788/2788
f 2788/2788 2787/2787 2789/2789
f 2802/2802 2797/2797 2794/2794
f 2939/2939 2930/2930 2940/2940
f 2802/2802 2807/2807 2797/2797
f 2929/2929 2928/2928 2842/2842
f 2928/2928 2921/2921 2842/2842
f 2928/2928 2922/2922 2921/2921
f 2839/2839 2842/2842 2834/2834
f 2839/2839 2834/2834 2838/2838
f 2834/2834 2824/2824 2836/2836
f 2842/2842 2843/2843 2834/2834
f 2842/2842 2921/2921 2843/2843
f 2834/2834 2843/2843 2831/2831
f 2834/2834 2831/2831 2824/2824
f 2930/2930 2929/2929 2841/2841
f 2807/2807 2803/2803 2797/2797
f 2797/2797 2803/2803 2799/2799
f 2794/2794 2797/2797 2793/2793
f 2793/2793 2806/2806 2787/2787
f 2797/2797 2799/2799 2793/2793
f 2799/2799 2800/2800 2793/2793
f 2840/2840 2838/2838 2848/2848
f 2793/2793 2800/2800 2806/2806
f 2838/2838 2845/2845 2848/2848
f 2838/2838 2844/2844 2845/2845
f 2929/2929 2842/2842 2841/2841
f 2841/2841 2839/2839 2840/2840
f 2841/2841 2842/2842 2839/2839
f 2839/2839 2838/2838 2840/2840
f 2838/2838 2834/2834 2836/2836
f 2838/2838 2836/2836 2844/2844
f 2783/2783 2777/2777 2785/2785
f 2783/2783 2782/2782 2777/2777
f 2785/2785 2777/2777 2784/2784
f 2824/2824 2831/2831 2823/2823
f 2782/2782 2781/2781 2777/2777
f 2777/2777 2781/2781 2780/2780
f 2777/2777 2778/2778 2779/2779
f 2777/2777 2780/2780 2778/2778
f 2777/2777 2779/2779 2784/2784
f 2836/2836 2846/2846 2844/2844
f 2836/2836 2824/2824 2837/2837
f 2824/2824 2822/2822 2837/2837
f 2824/2824 2819/2819 2822/2822
f 2822/2822 2819/2819 2820/2820
f 2822/2822 2820/2820 2851/2851
f 2846/2846 2836/2836 2847/2847
f 2836/2836 2837/2837 2847/2847
f 2846/2846 2847/2847 2850/2850
f 2820/2820 2819/2819 2818/2818
f 2818/2818 2819/2819 2816/2816
f 2816/2816 2817/2817 2818/2818
f 2922/2922 2861/2861 2921/2921
f 2921/2921 2861/2861 2843/2843
f 2831/2831 2843/2843 2860/2860
f 2861/2861 2860/2860 2843/2843
f 2861/2861 2858/2858 2860/2860
f 2861/2861 2891/2891 2857/2857
f 2861/2861 2857/2857 2858/2858
f 2831/2831 2860/2860 2823/2823
f 2824/2824 2823/2823 2819/2819
f 2860/2860 2858/2858 2859/2859
f 2819/2819 2821/2821 2816/2816
f 2823/2823 2821/2821 2819/2819
f 2860/2860 2859/2859 2823/2823
f 2859/2859 2874/2874 2823/2823
f 2823/2823 2874/2874 2825/2825
f 2821/2821 2823/2823 2825/2825
f 2821/2821 2825/2825 2826/2826
f 2858/2858 2855/2855 2859/2859
f 2859/2859 2855/2855 2873/2873
f 2859/2859 2873/2873 2874/2874
f 2874/2874 2872/2872 2835/2835
f 2874/2874 2873/2873 2872/2872
f 2821/2821 2828/2828 2816/2816
f 2821/2821 2826/2826 2828/2828
f 2816/2816 2828/2828 2833/2833
f 2816/2816 2833/2833 2817/2817
f 2891/2891 2890/2890 2857/2857
f 2858/2858 2857/2857 2855/2855
f 2857/2857 2852/2852 2855/2855
f 2857/2857 2890/2890 2852/2852
f 2852/2852 2854/2854 2855/2855
f 2890/2890 2889/2889 2856/2856
f 2890/2890 2856/2856 2852/2852
f 2852/2852 2856/2856 2853/2853
f 2852/2852 2853/2853 2854/2854
f 2854/2854 2853/2853 2864/2864
f 2855/2855 2870/2870 2873/2873
f 2855/2855 2854/2854 2870/2870
f 2873/2873 2870/2870 2872/2872
f 2870/2870 2854/2854 2865/2865
f 2854/2854 2864/2864 2865/2865
f 2889/2889 2875/2875 2856/2856
f 2875/2875 2863/2863 2856/2856
f 2856/2856 2863/2863 2862/2862
f 2856/2856 2862/2862 2853/2853
f 2853/2853 2862/2862 2864/2864
f 2887/2887 2877/2877 2863/2863
f 2864/2864 2862/2862 2867/2867
f 2864/2864 2867/2867 2866/2866
f 2864/2864 2866/2866 2865/2865
f 2867/2867 2880/2880 2866/2866
f 2880/2880 2949/2949 2866/2866
f 2862/2862 2868/2868 2867/2867
f 2862/2862 2863/2863 2868/2868
f 2867/2867 2868/2868 2880/2880
f 2949/2949 2880/2880 2950/2950
f 2863/2863 2869/2869 2868/2868
f 2877/2877 2869/2869 2863/2863
f 2877/2877 2881/2881 2878/2878
f 2877/2877 2878/2878 2869/2869
f 2868/2868 2869/2869 2876/2876
f 2878/2878 2879/2879 2869/2869
f 2869/2869 2886/2886 2876/2876
f 2868/2868 2888/2888 2880/2880
f 2880/2880 2888/2888 2950/2950
f 2754/2754 2743/2743 2745/2745
f 2745/2745 2743/2743 2744/2744
f 2743/2743 2742/2742 2744/2744
f 2868/2868 2876/2876 2888/2888
f 2888/2888 2876/2876 2924/2924
f 2876/2876 2886/2886 2924/2924
f 2754/2754 2751/2751 2743/2743
f 2751/2751 2740/2740 2743/2743
f 2740/2740 2742/2742 2743/2743
f 2755/2755 2740/2740 2751/2751
f 2881/2881 2883/2883 2882/2882
f 2881/2881 2882/2882 2878/2878
f 2878/2878 2882/2882 2879/2879
f 2869/2869 2879/2879 2886/2886
f 2883/2883 2885/2885 2882/2882
f 2882/2882 2885/2885 2879/2879
f 2883/2883 2898/2898 2896/2896
f 2883/2883 2896/2896 2885/2885
f 2896/2896 2897/2897 2885/2885
f 2879/2879 2885/2885 2918/2918
f 2886/2886 2879/2879 2918/2918
f 2755/2755 2756/2756 2752/2752
f 2755/2755 2752/2752 2740/2740
f 2740/2740 2752/2752 2741/2741
f 2885/2885 2919/2919 2918/2918
f 2756/2756 2760/2760 2752/2752
f 2885/2885 2897/2897 2919/2919
f 2760/2760 2758/2758 2752/2752
f 2896/2896 2900/2900 2897/2897
f 2896/2896 2898/2898 2900/2900
f 2760/2760 2761/2761 2758/2758
f 2761/2761 2769/2769 2763/2763
f 2761/2761 2763/2763 2758/2758
f 2758/2758 2763/2763 2762/2762
f 2752/2752 2758/2758 2753/2753
f 2752/2752 2753/2753 2741/2741
f 2740/2740 2741/2741 2742/2742
f 2753/2753 2758/2758 2759/2759
f 2758/2758 2762/2762 2759/2759
f 2900/2900 2911/2911 2897/2897
f 2900/2900 2905/2905 2911/2911
f 2905/2905 2909/2909 2911/2911
f 2911/2911 2909/2909 2926/2926
f 2911/2911 2926/2926 2927/2927
f 2763/2763 2769/2769 2765/2765
f 2763/2763 2765/2765 2764/2764
f 2765/2765 2766/2766 2764/2764
f 2763/2763 2764/2764 2762/2762
f 2909/2909 2906/2906 2926/2926
f 2764/2764 2766/2766 2767/2767
f 2766/2766 2768/2768 2767/2767
f 2768/2768 2770/2770 2767/2767
f 2826/2826 2825/2825 2827/2827
f 2953/2953 2952/2952 2951/2951
f 2952/2952 2917/2917 2951/2951
f 2874/2874 2835/2835 2825/2825
f 2825/2825 2835/2835 2827/2827
f 2835/2835 2832/2832 2827/2827
f 2835/2835 2872/2872 2832/2832
f 2872/2872 2895/2895 2832/2832
f 2952/2952 2849/2849 2917/2917
f 2832/2832 2895/2895 2913/2913
f 2826/2826 2827/2827 2829/2829
f 2827/2827 2830/2830 2829/2829
f 2827/2827 2832/2832 2830/2830
f 2830/2830 2832/2832 2849/2849
f 2849/2849 2913/2913 2917/2917
f 2917/2917 2913/2913 2947/2947
f 2849/2849 2832/2832 2913/2913
f 2913/2913 2944/2944 2947/2947
f 2947/2947 2944/2944 2946/2946
f 2955/2955 2953/2953 2954/2954
f 2953/2953 2951/2951 2954/2954
f 2775/2775 2773/2773 2772/2772
f 2917/2917 2947/2947 2951/2951
f 2772/2772 2773/2773 2774/2774
f 2772/2772 2774/2774 2776/2776
f 2870/2870 2871/2871 2872/2872
f 2872/2872 2871/2871 2895/2895
f 2870/2870 2865/2865 2871/2871
f 2871/2871 2899/2899 2895/2895
f 2865/2865 2866/2866 2871/2871
f 2871/2871 2866/2866 2899/2899
f 2895/2895 2944/2944 2913/2913
f 2895/2895 2899/2899 2944/2944
f 2944/2944 2899/2899 2945/2945
f 2944/2944 2945/2945 2946/2946
f 2899/2899 2866/2866 2948/2948
f 2866/2866 2949/2949 2948/2948
f 2899/2899 2948/2948 2945/2945
f 2757/2757 2745/2745 2748/2748
f 2750/2750 2748/2748 2749/2749
f 2748/2748 2747/2747 2749/2749
f 2748/2748 2745/2745 2747/2747
f 2747/2747 2745/2745 2746/2746
f 2745/2745 2744/2744 2746/2746
f 2977/2977 2975/2975 2976/2976
f 2998/2998 2994/2994 2992/2992
f 2994/2994 2990/2990 2992/2992
f 2983/2983 2992/2992 2982/2982
f 2998/2998 2992/2992 2983/2983
f 2985/2985 2983/2983 2981/2981
f 2992/2992 2990/2990 2982/2982
f 2983/2983 2982/2982 2981/2981
f 2982/2982 2990/2990 2991/2991
f 2990/2990 2993/2993 2991/2991
f 2981/2981 2982/2982 2969/2969
f 2982/2982 2991/2991 2969/2969
f 2963/2963 2991/2991 2993/2993
f 2963/2963 2993/2993 2995/2995
f 2995/2995 2993/2993 2996/2996
f 2996/2996 2997/2997 2995/2995
f 2995/2995 2997/2997 2966/2966
f 2980/2980 2981/2981 2969/2969
f 2980/2980 2969/2969 2974/2974
f 2969/2969 2967/2967 2974/2974
f 2969/2969 2991/2991 2963/2963
f 2969/2969 2963/2963 2967/2967
f 2986/2986 2988/2988 2989/2989
f 2974/2974 2967/2967 2986/2986
f 2986/2986 2967/2967 2987/2987
f 2986/2986 2987/2987 2988/2988
f 2967/2967 2965/2965 2987/2987
f 2967/2967 2963/2963 2965/2965
f 2988/2988 2987/2987 2965/2965
f 2995/2995 2966/2966 2963/2963
f 2988/2988 2965/2965 2968/2968
f 2963/2963 2966/2966 2959/2959
f 2959/2959 2960/2960 2961/2961
f 2978/2978 2968/2968 2972/2972
f 2965/2965 2963/2963 2962/2962
f 2968/2968 2965/2965 2962/2962
f 2968/2968 2962/2962 2972/2972
f 2962/2962 2959/2959 2964/2964
f 2962/2962 2963/2963 2959/2959
f 2972/2972 2962/2962 2964/2964
f 2978/2978 2972/2972 2979/2979
f 2956/2956 2957/2957 2958/2958
f 2959/2959 2961/2961 2964/2964
f 2964/2964 2961/2961 2970/2970
f 2984/2984 2972/2972 2975/2975
f 2972/2972 2964/2964 2971/2971
f 2975/2975 2972/2972 2971/2971
f 2964/2964 2970/2970 2971/2971
f 2971/2971 2970/2970 2973/2973
f 2971/2971 2973/2973 2976/2976
f 2975/2975 2971/2971 2976/2976
f 3006/3006 2999/2999 3004/3004
f 2999/2999 3003/3003 3004/3004
f 3023/3023 3021/3021 3022/3022
f 3022/3022 3021/3021 3019/3019
f 3021/3021 3018/3018 3019/3019
f 3018/3018 3014/3014 3016/3016
f 3014/3014 3012/3012 3016/3016
f 3018/3018 3016/3016 3019/3019
f 3000/3000 3005/3005 3002/3002
f 3016/3016 3012/3012 3017/3017
f 3000/3000 3002/3002 3001/3001
f 2999/2999 3000/3000 3001/3001
f 2999/2999 3001/3001 3003/3003
f 3003/3003 3001/3001 3007/3007
f 3001/3001 3002/3002 3007/3007
f 3009/3009 3010/3010 3011/3011
f 3009/3009 3011/3011 3012/3012
f 3012/3012 3011/3011 3013/3013
f 3010/3010 3015/3015 3011/3011
f 3010/3010 3020/3020 3015/3015
f 3014/3014 3009/3009 3012/3012
f 3002/3002 3008/3008 3007/3007
f 3024/3024 3025/3025 3026/3026
f 3024/3024 3029/3029 3025/3025
f 3029/3029 3030/3030 3025/3025
f 3026/3026 3025/3025 3027/3027
f 3026/3026 3027/3027 3028/3028
f 3034/3034 3040/3040 3036/3036
f 3031/3031 3037/3037 3034/3034
f 3034/3034 3037/3037 3039/3039
f 3036/3036 3041/3041 3032/3032
f 3032/3032 3042/3042 3033/3033
f 3031/3031 3034/3034 3032/3032
f 3042/3042 3032/3032 3044/3044
f 3042/3042 3044/3044 3045/3045
f 3036/3036 3032/3032 3034/3034
f 3031/3031 3032/3032 3033/3033
f 3031/3031 3033/3033 3035/3035
f 3033/3033 3038/3038 3035/3035
f 3033/3033 3042/3042 3043/3043
f 3033/3033 3043/3043 3038/3038
f 3040/3040 3034/3034 3039/3039
f 3092/3092 3087/3087 3107/3107
f 3084/3084 3075/3075 3074/3074
f 3075/3075 3073/3073 3074/3074
f 3074/3074 3073/3073 3071/3071
f 3092/3092 3081/3081 3087/3087
f 3081/3081 3077/3077 3087/3087
f 3087/3087 3077/3077 3075/3075
f 3077/3077 3081/3081 3079/3079
f 3077/3077 3079/3079 3078/3078
f 3078/3078 3086/3086 3080/3080
f 3081/3081 3082/3082 3079/3079
f 3079/3079 3086/3086 3078/3078
f 3073/3073 3072/3072 3071/3071
f 3075/3075 3077/3077 3076/3076
f 3075/3075 3076/3076 3073/3073
f 3073/3073 3097/3097 3072/3072
f 3071/3071 3072/3072 3062/3062
f 3071/3071 3062/3062 3070/3070
f 3062/3062 3072/3072 3089/3089
f 3062/3062 3061/3061 3052/3052
f 3062/3062 3052/3052 3070/3070
f 3070/3070 3052/3052 3058/3058
f 3058/3058 3052/3052 3053/3053
f 3053/3053 3052/3052 3051/3051
f 3052/3052 3048/3048 3051/3051
f 3072/3072 3097/3097 3089/3089
f 3089/3089 3090/3090 3062/3062
f 3062/3062 3090/3090 3061/3061
f 3090/3090 3064/3064 3061/3061
f 3097/3097 3095/3095 3089/3089
f 3089/3089 3095/3095 3090/3090
f 3061/3061 3064/3064 3048/3048
f 3061/3061 3048/3048 3052/3052
f 3077/3077 3078/3078 3076/3076
f 3078/3078 3080/3080 3076/3076
f 3093/3093 3049/3049 3046/3046
f 3096/3096 3049/3049 3093/3093
f 3091/3091 3094/3094 3093/3093
f 3094/3094 3110/3110 3096/3096
f 3093/3093 3094/3094 3096/3096
f 3110/3110 3111/3111 3096/3096
f 3095/3095 3091/3091 3090/3090
f 3090/3090 3091/3091 3064/3064
f 3091/3091 3093/3093 3064/3064
f 3064/3064 3046/3046 3048/3048
f 3046/3046 3047/3047 3048/3048
f 3064/3064 3093/3093 3046/3046
f 3049/3049 3047/3047 3046/3046
f 3047/3047 3050/3050 3048/3048
f 3047/3047 3108/3108 3056/3056
f 3048/3048 3050/3050 3051/3051
f 3051/3051 3050/3050 3055/3055
f 3047/3047 3056/3056 3050/3050
f 3050/3050 3056/3056 3055/3055
f 3109/3109 3108/3108 3047/3047
f 3116/3116 3117/3117 3118/3118
f 3116/3116 3118/3118 3119/3119
f 3056/3056 3112/3112 3115/3115
f 3056/3056 3108/3108 3112/3112
f 3108/3108 3113/3113 3112/3112
f 3053/3053 3059/3059 3058/3058
f 3058/3058 3059/3059 3060/3060
f 3060/3060 3063/3063 3083/3083
f 3053/3053 3051/3051 3054/3054
f 3053/3053 3054/3054 3059/3059
f 3059/3059 3063/3063 3060/3060
f 3059/3059 3065/3065 3063/3063
f 3065/3065 3066/3066 3063/3063
f 3063/3063 3066/3066 3083/3083
f 3083/3083 3085/3085 3105/3105
f 3083/3083 3066/3066 3085/3085
f 3105/3105 3085/3085 3098/3098
f 3105/3105 3098/3098 3104/3104
f 3105/3105 3104/3104 3114/3114
f 3114/3114 3104/3104 3106/3106
f 3051/3051 3055/3055 3054/3054
f 3055/3055 3057/3057 3054/3054
f 3104/3104 3103/3103 3106/3106
f 3104/3104 3098/3098 3101/3101
f 3104/3104 3101/3101 3103/3103
f 3101/3101 3102/3102 3103/3103
f 3101/3101 3100/3100 3102/3102
f 3067/3067 3066/3066 3065/3065
f 3067/3067 3068/3068 3066/3066
f 3068/3068 3069/3069 3066/3066
f 3066/3066 3069/3069 3085/3085
f 3085/3085 3088/3088 3098/3098
f 3085/3085 3069/3069 3088/3088
f 3098/3098 3099/3099 3101/3101
f 3098/3098 3088/3088 3099/3099
f 3101/3101 3099/3099 3100/3100
f 3088/3088 3100/3100 3099/3099
f 3189/3189 3173/3173 3168/3168
f 3168/3168 3173/3173 3165/3165
f 3173/3173 3187/3187 3165/3165
f 3168/3168 3155/3155 3169/3169
f 3145/3145 3146/3146 3147/3147
f 3145/3145 3155/3155 3146/3146
f 3168/3168 3165/3165 3155/3155
f 3165/3165 3166/3166 3155/3155
f 3155/3155 3166/3166 3153/3153
f 3155/3155 3153/3153 3146/3146
f 3165/3165 3187/3187 3170/3170
f 3146/3146 3153/3153 3152/3152
f 3166/3166 3154/3154 3153/3153
f 3153/3153 3154/3154 3152/3152
f 3164/3164 3179/3179 3180/3180
f 3147/3147 3148/3148 3149/3149
f 3147/3147 3146/3146 3148/3148
f 3149/3149 3148/3148 3150/3150
f 3149/3149 3150/3150 3151/3151
f 3144/3144 3135/3135 3137/3137
f 3137/3137 3132/3132 3123/3123
f 3137/3137 3135/3135 3132/3132
f 3146/3146 3152/3152 3148/3148
f 3140/3140 3139/3139 3134/3134
f 3140/3140 3134/3134 3135/3135
f 3139/3139 3136/3136 3134/3134
f 3166/3166 3164/3164 3167/3167
f 3134/3134 3136/3136 3133/3133
f 3164/3164 3180/3180 3167/3167
f 3180/3180 3179/3179 3181/3181
f 3135/3135 3134/3134 3132/3132
f 3134/3134 3133/3133 3132/3132
f 3170/3170 3163/3163 3165/3165
f 3165/3165 3163/3163 3164/3164
f 3170/3170 3156/3156 3163/3163
f 3165/3165 3164/3164 3166/3166
f 3164/3164 3178/3178 3179/3179
f 3164/3164 3163/3163 3162/3162
f 3164/3164 3162/3162 3178/3178
f 3132/3132 3133/3133 3121/3121
f 3132/3132 3121/3121 3123/3123
f 3123/3123 3120/3120 3124/3124
f 3125/3125 3120/3120 3126/3126
f 3138/3138 3125/3125 3126/3126
f 3124/3124 3120/3120 3125/3125
f 3120/3120 3127/3127 3126/3126
f 3141/3141 3131/3131 3130/3130
f 3141/3141 3130/3130 3142/3142
f 3142/3142 3130/3130 3143/3143
f 3123/3123 3121/3121 3120/3120
f 3127/3127 3120/3120 3122/3122
f 3120/3120 3121/3121 3122/3122
f 3127/3127 3122/3122 3129/3129
f 3127/3127 3128/3128 3126/3126
f 3127/3127 3129/3129 3128/3128
f 3138/3138 3126/3126 3131/3131
f 3128/3128 3130/3130 3126/3126
f 3126/3126 3130/3130 3131/3131
f 3179/3179 3182/3182 3181/3181
f 3181/3181 3182/3182 3183/3183
f 3163/3163 3156/3156 3158/3158
f 3163/3163 3158/3158 3162/3162
f 3156/3156 3157/3157 3158/3158
f 3156/3156 3188/3188 3157/3157
f 3179/3179 3184/3184 3182/3182
f 3179/3179 3178/3178 3184/3184
f 3184/3184 3186/3186 3182/3182
f 3162/3162 3158/3158 3161/3161
f 3161/3161 3158/3158 3159/3159
f 3175/3175 3159/3159 3160/3160
f 3175/3175 3160/3160 3174/3174
f 3157/3157 3188/3188 3171/3171
f 3188/3188 3202/3202 3171/3171
f 3158/3158 3157/3157 3159/3159
f 3157/3157 3171/3171 3160/3160
f 3157/3157 3160/3160 3159/3159
f 3171/3171 3172/3172 3160/3160
f 3171/3171 3190/3190 3172/3172
f 3171/3171 3202/3202 3190/3190
f 3160/3160 3172/3172 3174/3174
f 3190/3190 3192/3192 3191/3191
f 3192/3192 3194/3194 3193/3193
f 3194/3194 3195/3195 3193/3193
f 3192/3192 3193/3193 3191/3191
f 3182/3182 3185/3185 3183/3183
f 3182/3182 3186/3186 3185/3185
f 3177/3177 3174/3174 3176/3176
f 3177/3177 3176/3176 3201/3201
f 3177/3177 3201/3201 3203/3203
f 3174/3174 3172/3172 3176/3176
f 3172/3172 3190/3190 3191/3191
f 3172/3172 3197/3197 3176/3176
f 3172/3172 3191/3191 3197/3197
f 3176/3176 3197/3197 3201/3201
f 3191/3191 3200/3200 3197/3197
f 3191/3191 3193/3193 3200/3200
f 3193/3193 3196/3196 3200/3200
f 3197/3197 3204/3204 3201/3201
f 3197/3197 3200/3200 3204/3204
f 3200/3200 3196/3196 3204/3204
f 3204/3204 3196/3196 3205/3205
f 3196/3196 3199/3199 3205/3205
f 3193/3193 3195/3195 3196/3196
f 3196/3196 3198/3198 3199/3199
f 3196/3196 3195/3195 3198/3198
f 3228/3228 3216/3216 3222/3222
f 3229/3229 3230/3230 3231/3231
f 3222/3222 3216/3216 3209/3209
f 3209/3209 3216/3216 3215/3215
f 3231/3231 3230/3230 3232/3232
f 3209/3209 3215/3215 3214/3214
f 3215/3215 3221/3221 3214/3214
f 3232/3232 3230/3230 3233/3233
f 3232/3232 3233/3233 3234/3234
f 3234/3234 3233/3233 3235/3235
f 3209/3209 3210/3210 3211/3211
f 3209/3209 3214/3214 3210/3210
f 3214/3214 3219/3219 3210/3210
f 3234/3234 3235/3235 3236/3236
f 3236/3236 3237/3237 3238/3238
f 3226/3226 3223/3223 3225/3225
f 3211/3211 3210/3210 3212/3212
f 3212/3212 3210/3210 3213/3213
f 3236/3236 3235/3235 3237/3237
f 3212/3212 3213/3213 3223/3223
f 3223/3223 3213/3213 3224/3224
f 3223/3223 3224/3224 3225/3225
f 3225/3225 3224/3224 3227/3227
f 3215/3215 3216/3216 3217/3217
f 3215/3215 3217/3217 3221/3221
f 3206/3206 3207/3207 3208/3208
f 3219/3219 3218/3218 3210/3210
f 3219/3219 3220/3220 3218/3218
f 3210/3210 3218/3218 3213/3213
f 3239/3239 3240/3240 3241/3241
f 3242/3242 3243/3243 3244/3244
f 3248/3248 3249/3249 3250/3250
f 3245/3245 3246/3246 3247/3247
f 3261/3261 3252/3252 3262/3262
f 3252/3252 3261/3261 3253/3253
f 3259/3259 3260/3260 3252/3252
f 3259/3259 3252/3252 3258/3258
f 3252/3252 3260/3260 3262/3262
f 3253/3253 3263/3263 3257/3257
f 3268/3268 3265/3265 3264/3264
f 3261/3261 3263/3263 3253/3253
f 3254/3254 3251/3251 3255/3255
f 3251/3251 3252/3252 3253/3253
f 3251/3251 3253/3253 3256/3256
f 3255/3255 3251/3251 3256/3256
f 3251/3251 3254/3254 3252/3252
f 3254/3254 3258/3258 3252/3252
f 3253/3253 3257/3257 3256/3256
f 3264/3264 3265/3265 3266/3266
f 3266/3266 3265/3265 3267/3267
f 3272/3272 3269/3269 3271/3271
f 3269/3269 3270/3270 3271/3271
f 3273/3273 3271/3271 3270/3270
f 3274/3274 3275/3275 3276/3276
f 3280/3280 3281/3281 3282/3282
f 3277/3277 3278/3278 3279/3279
f 3283/3283 3284/3284 3285/3285
f 3286/3286 3287/3287 3288/3288
