# LE 31 - armL (monstre T-pose)
v -0.28040 -0.21248 0.01412
v -0.30678 -0.23087 0.01982
v -0.27575 -0.20315 0.02530
v -0.30340 -0.23446 0.00886
v -0.26497 -0.19888 0.01838
v -0.25596 -0.18748 0.02749
v -0.26527 -0.18870 0.04115
v -0.28378 -0.20302 0.04330
v -0.31297 -0.22944 0.03380
v -0.33584 -0.25351 0.02099
v -0.33367 -0.24745 0.03103
v -0.24589 -0.17706 0.03577
v -0.24971 -0.17548 0.04737
v -0.23786 -0.16880 0.04534
v -0.32267 -0.25088 0.01121
v -0.23417 -0.17277 0.03041
v -0.22369 -0.16284 0.04151
v -0.21724 -0.16165 0.03600
v -0.24432 -0.18697 0.01722
v -0.25631 -0.19766 0.01275
v -0.28813 -0.22392 0.00709
v -0.34739 -0.26256 0.02926
v -0.36169 -0.27970 0.01629
v -0.35167 -0.27463 0.00756
v -0.37062 -0.29332 0.00498
v -0.37539 -0.29288 0.01532
v -0.38563 -0.30726 0.00178
v -0.36906 -0.29578 -0.00143
v -0.38261 -0.31021 -0.00722
v -0.39794 -0.32317 -0.01123
v -0.33376 -0.26187 0.00943
v -0.31655 -0.25316 0.00288
v -0.27322 -0.21325 0.00752
v -0.40097 -0.32485 -0.00545
v -0.41819 -0.34488 -0.01434
v -0.41309 -0.34663 -0.02707
v -0.39828 -0.32857 -0.01713
v -0.42771 -0.36075 -0.02784
v -0.43413 -0.35999 -0.01531
v -0.44470 -0.37605 -0.03003
v -0.43666 -0.37548 -0.03881
v -0.42405 -0.36361 -0.03588
v -0.45176 -0.38072 -0.02681
v -0.46088 -0.39373 -0.03944
v -0.46850 -0.39850 -0.03550
v -0.44860 -0.38891 -0.04490
v -0.46058 -0.40357 -0.05507
v -0.43449 -0.37919 -0.04442
v -0.47637 -0.40952 -0.04999
v -0.47936 -0.42102 -0.06530
v -0.48755 -0.42416 -0.06185
v -0.49272 -0.43439 -0.07089
v -0.48605 -0.41696 -0.04807
v -0.42261 -0.34726 -0.00911
v -0.40380 -0.32717 0.00001
v -0.44547 -0.39595 -0.05507
v -0.28235 -0.22497 0.00356
v -0.50160 -0.44095 -0.06211
v -0.50429 -0.45354 -0.07964
v -0.51856 -0.46925 -0.07804
v -0.51899 -0.48040 -0.09285
v -0.53043 -0.49149 -0.09014
v -0.52989 -0.49923 -0.10409
v -0.23218 -0.17889 0.02064
v -0.30133 -0.24094 0.00150
v -0.48206 -0.43311 -0.07618
v -0.46720 -0.41853 -0.06873
v -0.52871 -0.50372 -0.10920
v -0.53894 -0.51706 -0.11484
v -0.53843 -0.52269 -0.12255
v -0.54906 -0.53546 -0.12747
v -0.54559 -0.54089 -0.13441
v -0.49115 -0.44654 -0.08201
v -0.21611 -0.16635 0.02951
v -0.50945 -0.47465 -0.09252
v -0.19414 -0.15067 0.03993
v -0.19677 -0.14783 0.04468
v -0.17755 -0.13488 0.05024
v -0.55890 -0.55316 -0.14136
v -0.56288 -0.55142 -0.13149
v -0.56510 -0.56051 -0.14367
v -0.56274 -0.56462 -0.14913
v -0.56898 -0.57590 -0.15273
v -0.56180 -0.57362 -0.15578
v -0.37591 -0.31214 -0.01113
v -0.40094 -0.33807 -0.02400
v -0.35546 -0.28821 -0.00085
v -0.33567 -0.27268 0.00275
v -0.31682 -0.26273 -0.00123
v -0.24164 -0.19141 0.01335
v -0.57402 -0.57656 -0.14478
v -0.46832 -0.44412 -0.08732
v -0.46094 -0.43023 -0.07857
v -0.26214 -0.21024 0.00634
v -0.56195 -0.58816 -0.16215
v -0.57100 -0.58953 -0.15901
v -0.41791 -0.36175 -0.03596
v -0.56705 -0.60516 -0.16819
v -0.51424 -0.49233 -0.10103
v -0.55246 -0.55721 -0.14560
v -0.48027 -0.45470 -0.08975
v -0.49736 -0.46706 -0.09080
v -0.49653 -0.49267 -0.10289
v -0.50814 -0.50712 -0.10934
v -0.17728 -0.14548 0.04156
v -0.16353 -0.12778 0.05155
v -0.15688 -0.13634 0.04329
v -0.14818 -0.11722 0.05026
v -0.15435 -0.14771 0.03549
v -0.14291 -0.13197 0.03923
v -0.16438 -0.15435 0.03553
v -0.17874 -0.15997 0.03458
v -0.14138 -0.14671 0.03065
v -0.12866 -0.11204 0.04144
v -0.12971 -0.10011 0.05102
v -0.11888 -0.11848 0.03280
v -0.12255 -0.13029 0.02764
v -0.10404 -0.10589 0.03035
v -0.09426 -0.11158 0.01957
v -0.07989 -0.09310 0.02090
v -0.47810 -0.47513 -0.10052
v -0.24516 -0.20903 0.00423
v -0.07801 -0.10430 0.01460
v -0.06481 -0.09421 0.01258
v -0.06484 -0.08373 0.01750
v -0.08370 -0.07840 0.03043
v -0.04891 -0.07913 0.01197
v -0.06405 -0.06773 0.02437
v -0.11902 -0.09515 0.04463
v -0.10498 -0.08989 0.03798
v -0.10173 -0.07603 0.04374
v -0.08662 -0.06715 0.03758
v -0.08216 -0.05488 0.04404
v -0.10742 -0.07903 0.04916
v -0.30464 -0.25572 -0.00352
v -0.33907 -0.28913 -0.00501
v -0.31983 -0.27439 -0.00402
v -0.07249 -0.05109 0.03686
v -0.06465 -0.05605 0.02814
v -0.06214 -0.03486 0.04158
v -0.11864 -0.13590 0.02312
v -0.44616 -0.41361 -0.06669
v -0.46571 -0.46455 -0.09796
v -0.49758 -0.50911 -0.11217
v -0.47636 -0.50658 -0.11674
v -0.48420 -0.52491 -0.12504
v -0.46736 -0.48882 -0.10898
v -0.50258 -0.52908 -0.12506
v -0.35497 -0.30375 -0.00851
v -0.19809 -0.16188 0.03292
v -0.46252 -0.52249 -0.12738
v -0.46814 -0.53501 -0.13283
v -0.48596 -0.53680 -0.13092
v -0.50381 -0.54273 -0.13313
v -0.26184 -0.22165 0.00176
v -0.04446 -0.06260 0.01590
v -0.15623 -0.16093 0.03160
v -0.52789 -0.52357 -0.12337
v -0.51512 -0.52603 -0.12276
v -0.57463 -0.60263 -0.16206
v -0.53897 -0.54463 -0.13699
v -0.05727 -0.04234 0.02907
v -0.05241 -0.03137 0.03304
v -0.04428 -0.04152 0.02165
v -0.28131 -0.23543 -0.00053
v -0.23578 -0.20044 0.00831
v -0.57258 -0.61829 -0.16928
v -0.03646 -0.02812 0.02124
v -0.03015 -0.03396 0.01504
v -0.13642 -0.15173 0.02739
v -0.17201 -0.16620 0.03298
v -0.56504 -0.61988 -0.17355
v -0.52147 -0.54775 -0.13665
v -0.42102 -0.38627 -0.04844
v -0.03229 -0.04859 0.01463
v -0.57177 -0.63413 -0.17400
v -0.56660 -0.63694 -0.17728
v -0.22587 -0.18511 0.01778
v -0.04395 -0.01876 0.04376
v -0.15354 -0.11749 0.05898
v -0.17589 -0.13277 0.05968
v -0.57722 -0.59254 -0.15235
v -0.54250 -0.50537 -0.08540
v -0.53207 -0.48350 -0.07313
v -0.55018 -0.50841 -0.07955
v -0.54973 -0.52207 -0.09383
v -0.56177 -0.53333 -0.09378
v -0.57233 -0.53844 -0.08726
v -0.57517 -0.55325 -0.10031
v -0.58122 -0.55383 -0.09557
v -0.55543 -0.53794 -0.10390
v -0.56862 -0.55388 -0.10453
v -0.56725 -0.55933 -0.10986
v -0.54047 -0.51361 -0.10144
v -0.58476 -0.56829 -0.10126
v -0.51891 -0.46570 -0.06868
v -0.55106 -0.53289 -0.11050
v -0.21218 -0.15470 0.05535
v -0.58582 -0.55850 -0.09150
v -0.23155 -0.16333 0.05792
v -0.57933 -0.56937 -0.10529
v -0.36492 -0.28191 0.02514
v -0.59168 -0.57474 -0.09303
v -0.59114 -0.58133 -0.10158
v -0.59954 -0.59194 -0.09990
v -0.60094 -0.59950 -0.10792
v -0.60695 -0.60438 -0.10426
v -0.60755 -0.61072 -0.11029
v -0.59876 -0.60568 -0.11386
v -0.60604 -0.61583 -0.11497
v -0.58814 -0.59023 -0.10959
v -0.57701 -0.57593 -0.10792
v -0.61102 -0.62298 -0.11197
v -0.57063 -0.56721 -0.10910
v -0.61221 -0.61738 -0.10548
v -0.56130 -0.54749 -0.11470
v -0.49293 -0.42514 -0.03853
v -0.50859 -0.44914 -0.04710
v -0.53076 -0.48093 -0.05674
v -0.51850 -0.46214 -0.03899
v -0.50459 -0.44211 -0.03382
v -0.53442 -0.48310 -0.04250
v -0.55099 -0.50793 -0.04713
v -0.54818 -0.50760 -0.06088
v -0.56219 -0.52742 -0.05540
v -0.56837 -0.53409 -0.04865
v -0.57791 -0.55022 -0.05682
v -0.57272 -0.54668 -0.06610
v -0.56116 -0.52891 -0.06391
v -0.57934 -0.55954 -0.06646
v -0.58372 -0.56118 -0.06023
v -0.58441 -0.55854 -0.05324
v -0.59294 -0.57985 -0.05870
v -0.57813 -0.54949 -0.04751
v -0.56776 -0.56450 -0.11594
v -0.57011 -0.56571 -0.13232
v -0.54847 -0.50607 -0.07099
v -0.56542 -0.53184 -0.07405
v -0.58047 -0.55130 -0.08252
v -0.57541 -0.62824 -0.16807
v -0.57728 -0.61351 -0.15930
v -0.59952 -0.62044 -0.11907
v -0.57627 -0.58111 -0.13928
v -0.60541 -0.62834 -0.11766
v -0.57611 -0.64428 -0.16994
v -0.57722 -0.55442 -0.07250
v -0.58311 -0.57463 -0.07079
v -0.57129 -0.64929 -0.17499
v -0.57911 -0.59827 -0.14782
v -0.57758 -0.63599 -0.16380
v -0.60925 -0.63184 -0.11349
v -0.60142 -0.64082 -0.12135
v -0.60822 -0.66093 -0.12055
v -0.61238 -0.65359 -0.11285
v -0.61282 -0.67609 -0.11771
v -0.61295 -0.62788 -0.10414
v -0.61513 -0.67495 -0.11174
v -0.61557 -0.66062 -0.10456
v -0.61302 -0.64318 -0.10418
v -0.61239 -0.69177 -0.11768
v -0.61455 -0.69426 -0.10864
v -0.61189 -0.71336 -0.11735
v -0.61421 -0.71150 -0.10777
v -0.57037 -0.66279 -0.17028
v -0.56385 -0.66568 -0.17604
v -0.56419 -0.67878 -0.17281
v -0.61071 -0.72252 -0.11012
v -0.60543 -0.73351 -0.11471
v -0.03897 -0.01745 0.06553
v -0.04372 -0.02441 0.05549
v -0.06350 -0.04291 0.06972
v -0.04708 -0.02715 0.08090
v -0.05870 -0.03861 0.05101
v -0.07529 -0.05509 0.05117
v -0.09107 -0.07182 0.06314
v -0.08563 -0.06538 0.04495
v -0.07423 -0.05414 0.04316
v -0.08824 -0.07017 0.08012
v -0.06537 -0.04654 0.08293
v -0.04449 -0.02474 0.04438
v -0.05731 -0.03663 0.04191
v -0.06306 -0.04450 0.04033
v -0.10882 -0.08862 0.06175
v -0.11688 -0.09753 0.07537
v -0.09803 -0.07683 0.04916
v -0.11186 -0.09016 0.05033
v -0.12265 -0.10028 0.05104
v -0.12591 -0.10238 0.05993
v -0.14060 -0.11297 0.05912
v -0.13938 -0.11353 0.07278
v -0.15467 -0.12475 0.06704
v -0.16388 -0.13118 0.05707
v -0.16353 -0.13215 0.07554
v -0.12922 -0.10801 0.08645
v -0.14985 -0.12393 0.08582
v -0.04949 -0.03172 0.03811
v -0.10983 -0.09412 0.08613
v -0.18560 -0.14439 0.06034
v -0.17296 -0.13716 0.05328
v -0.19163 -0.15027 0.04629
v -0.17224 -0.14137 0.08082
v -0.20488 -0.15720 0.05067
v -0.20752 -0.15660 0.06981
v -0.18180 -0.14162 0.07166
v -0.21273 -0.16322 0.04046
v -0.14197 -0.12189 0.09602
v -0.15464 -0.12711 0.05312
v -0.15269 -0.13476 0.09944
v -0.05258 -0.03760 0.08899
v -0.21907 -0.16277 0.05676
v -0.22947 -0.16741 0.06560
v -0.23784 -0.17265 0.05472
v -0.23559 -0.17424 0.04234
v -0.24710 -0.17835 0.06097
v -0.25672 -0.18574 0.05255
v -0.26880 -0.19536 0.05654
v -0.27851 -0.20487 0.04262
v -0.29658 -0.21902 0.04583
v -0.30114 -0.22445 0.03744
v -0.31588 -0.23677 0.03891
v -0.09130 -0.07841 0.08816
v -0.07152 -0.05999 0.09071
v -0.22848 -0.17101 0.07375
v -0.16964 -0.15006 0.09569
v -0.18250 -0.15746 0.08475
v -0.18086 -0.16128 0.09424
v -0.17902 -0.16472 0.10359
v -0.19002 -0.16423 0.08367
v -0.19232 -0.16873 0.09374
v -0.18836 -0.17085 0.10544
v -0.21016 -0.18215 0.10650
v -0.21709 -0.18122 0.09230
v -0.22528 -0.19018 0.10638
v -0.23366 -0.19333 0.09617
v -0.23426 -0.19756 0.10445
v -0.23480 -0.19077 0.08722
v -0.24642 -0.20219 0.08726
v -0.24239 -0.20668 0.09863
v -0.20614 -0.17215 0.08374
v -0.16528 -0.15339 0.10528
v -0.13135 -0.11712 0.09932
v -0.14730 -0.13567 0.10547
v -0.11536 -0.10278 0.09174
v -0.05641 -0.05062 0.09822
v -0.23171 -0.18193 0.08101
v -0.19120 -0.15663 0.07854
v -0.03303 -0.02608 0.09477
v -0.25055 -0.22120 0.09598
v -0.25766 -0.19029 0.03776
v -0.10507 -0.09908 0.09388
v -0.30612 -0.23301 0.02701
v -0.32457 -0.24682 0.02883
v -0.34245 -0.26414 0.02606
v -0.33704 -0.26121 0.02038
v -0.35134 -0.27865 0.01078
v -0.36515 -0.29216 0.01096
v -0.45450 -0.56922 -0.11218
v -0.46583 -0.56981 -0.11014
v -0.45863 -0.57881 -0.12040
v -0.45092 -0.58138 -0.12491
v -0.45997 -0.58883 -0.13048
v -0.46655 -0.56037 -0.09656
v -0.45923 -0.54805 -0.08791
v -0.47487 -0.54406 -0.07728
v -0.45594 -0.53070 -0.07288
v -0.45300 -0.55482 -0.09841
v -0.47894 -0.53582 -0.06510
v -0.46909 -0.52631 -0.06094
v -0.47559 -0.52006 -0.05184
v -0.49443 -0.54564 -0.07061
v -0.47996 -0.55168 -0.08604
v -0.48495 -0.53254 -0.05599
v -0.45917 -0.51452 -0.05821
v -0.44676 -0.56855 -0.11815
v -0.44665 -0.58512 -0.13055
v -0.45477 -0.59316 -0.13184
v -0.44512 -0.51069 -0.06537
v -0.44817 -0.53722 -0.08773
v -0.46620 -0.49921 -0.04476
v -0.44495 -0.49730 -0.05745
v -0.45472 -0.49763 -0.05183
v -0.44189 -0.51519 -0.07423
v -0.45255 -0.47569 -0.04396
v -0.46304 -0.48628 -0.03955
v -0.44492 -0.45635 -0.03909
v -0.47681 -0.51303 -0.04247
v -0.48729 -0.52947 -0.04741
v -0.44324 -0.48473 -0.05501
v -0.44173 -0.46149 -0.04692
v -0.43487 -0.44692 -0.04254
v -0.44118 -0.50224 -0.06489
v -0.44519 -0.55401 -0.10935
v -0.49809 -0.54104 -0.05079
v -0.44187 -0.57458 -0.13040
v -0.44030 -0.59107 -0.14300
v -0.43176 -0.44928 -0.05170
v -0.43667 -0.46656 -0.05577
v -0.42298 -0.43549 -0.05029
v -0.44422 -0.53256 -0.09074
v -0.43739 -0.48571 -0.06614
v -0.43864 -0.51091 -0.07731
v -0.44784 -0.59650 -0.13466
v -0.44283 -0.59799 -0.13910
v -0.44440 -0.60942 -0.13914
v -0.44016 -0.61409 -0.14483
v -0.44469 -0.62356 -0.14542
v -0.44966 -0.61570 -0.13836
v -0.45221 -0.62614 -0.14390
v -0.43950 -0.62252 -0.15420
v -0.44824 -0.64123 -0.15043
v -0.45212 -0.63617 -0.14713
v -0.45641 -0.65465 -0.14683
v -0.45210 -0.65647 -0.15105
v -0.45285 -0.60410 -0.13460
v -0.43819 -0.60689 -0.14773
v -0.45645 -0.61515 -0.13735
v -0.45792 -0.66651 -0.14505
v -0.45663 -0.66750 -0.14733
v -0.45985 -0.67284 -0.14705
v -0.47481 -0.56005 -0.09624
v -0.45989 -0.59925 -0.13424
v -0.45799 -0.62213 -0.14201
v -0.49385 -0.55316 -0.08796
v -0.51307 -0.55915 -0.09099
v -0.51165 -0.56386 -0.10618
v -0.52360 -0.56871 -0.10906
v -0.51242 -0.56947 -0.11864
v -0.45961 -0.62826 -0.14739
v -0.48385 -0.55908 -0.09942
v -0.48995 -0.56521 -0.11564
v -0.47826 -0.56624 -0.11022
v -0.52645 -0.57622 -0.12644
v -0.46431 -0.58116 -0.12534
v -0.46931 -0.57412 -0.11840
v -0.45931 -0.63860 -0.14847
v -0.46216 -0.61214 -0.13831
v -0.46163 -0.66437 -0.14483
v -0.46110 -0.67558 -0.14286
v -0.46361 -0.61927 -0.14393
v -0.45850 -0.65003 -0.14772
v -0.46344 -0.67489 -0.14105
v -0.46343 -0.63017 -0.15218
v -0.46470 -0.59938 -0.13772
v -0.46537 -0.58897 -0.13607
v -0.49847 -0.56751 -0.12370
v -0.48716 -0.56689 -0.12146
v -0.47445 -0.57279 -0.12454
v -0.51458 -0.57125 -0.13036
v -0.46596 -0.61078 -0.14165
v -0.46326 -0.67519 -0.14515
v -0.52940 -0.57706 -0.13722
v -0.44347 -0.54280 -0.12405
v -0.44228 -0.52883 -0.10953
v -0.44283 -0.54103 -0.10774
v -0.44114 -0.52715 -0.09746
v -0.43889 -0.50274 -0.08767
v -0.43864 -0.51091 -0.07731
v -0.43739 -0.48571 -0.06614
v -0.43887 -0.47536 -0.07722
v -0.43555 -0.45941 -0.06577
v -0.43667 -0.46656 -0.05577
v -0.44140 -0.55585 -0.12696
v -0.44049 -0.56034 -0.13843
v -0.43959 -0.57194 -0.13854
v -0.44130 -0.56655 -0.14743
v -0.44113 -0.58592 -0.15312
v -0.44030 -0.59107 -0.14300
v -0.43746 -0.60704 -0.15448
v -0.43819 -0.60689 -0.14773
v -0.44281 -0.51440 -0.10580
v -0.43950 -0.62252 -0.15420
v -0.43873 -0.61188 -0.16131
v -0.44049 -0.62463 -0.16232
v -0.44160 -0.59876 -0.16224
v -0.44244 -0.55723 -0.14269
v -0.44486 -0.48939 -0.09647
v -0.44774 -0.52991 -0.12266
v -0.44803 -0.51163 -0.11380
v -0.44325 -0.46263 -0.08195
v -0.43837 -0.44487 -0.07227
v -0.44745 -0.54512 -0.13379
v -0.44348 -0.60905 -0.16752
v -0.44383 -0.62059 -0.16797
v -0.43278 -0.45217 -0.05713
v -0.43334 -0.44548 -0.06401
v -0.43176 -0.44928 -0.05170
v -0.44726 -0.57668 -0.15620
v -0.44704 -0.56306 -0.15200
v -0.45029 -0.48444 -0.10119
v -0.42775 -0.43795 -0.05735
v -0.44519 -0.55401 -0.10935
v -0.44187 -0.57458 -0.13040
v -0.44422 -0.53256 -0.09074
v -0.44562 -0.63838 -0.15868
v -0.44824 -0.64123 -0.15043
v -0.45210 -0.65647 -0.15105
v -0.42298 -0.43549 -0.05029
v -0.45151 -0.64717 -0.16024
v -0.45523 -0.66421 -0.15160
v -0.45663 -0.66750 -0.14733
v -0.44722 -0.63047 -0.16619
v -0.45865 -0.66781 -0.15132
v -0.45985 -0.67284 -0.14705
v -0.45716 -0.57559 -0.12402
v -0.46254 -0.57650 -0.12574
v -0.47107 -0.56604 -0.11475
v -0.46416 -0.56619 -0.11277
v -0.47840 -0.55419 -0.09763
v -0.47033 -0.55346 -0.09539
v -0.47641 -0.54214 -0.08205
v -0.48920 -0.54826 -0.08889
v -0.46003 -0.55790 -0.10314
v -0.45781 -0.58720 -0.13453
v -0.45367 -0.58649 -0.13370
v -0.48702 -0.53979 -0.07463
v -0.49905 -0.54802 -0.08639
v -0.45610 -0.56498 -0.11414
v -0.48266 -0.53002 -0.06329
v -0.46204 -0.54391 -0.08921
v -0.46766 -0.52950 -0.07147
v -0.45142 -0.57579 -0.12667
v -0.44835 -0.59208 -0.13869
v -0.48186 -0.52129 -0.05448
v -0.49501 -0.55874 -0.11163
v -0.48471 -0.55891 -0.11043
v -0.51200 -0.55872 -0.10609
v -0.51405 -0.56543 -0.12059
v -0.48447 -0.56258 -0.12255
v -0.49602 -0.56212 -0.12067
v -0.52343 -0.56555 -0.11531
v -0.52679 -0.57142 -0.13094
v -0.47502 -0.56644 -0.12296
v -0.46386 -0.57920 -0.13286
v -0.49574 -0.53843 -0.06566
v -0.50398 -0.54788 -0.07875
v -0.51752 -0.55616 -0.09251
v -0.49734 -0.53456 -0.05370
v -0.50987 -0.56498 -0.12882
v -0.46219 -0.58979 -0.14105
v -0.45444 -0.59690 -0.13753
v -0.45899 -0.59943 -0.13916
v -0.50572 -0.54481 -0.06437
v -0.48874 -0.56042 -0.12643
v -0.45733 -0.61265 -0.14191
v -0.45003 -0.60602 -0.14061
v -0.45013 -0.61566 -0.14361
v -0.45494 -0.62198 -0.14762
v -0.46096 -0.61641 -0.14661
v -0.46094 -0.62038 -0.15183
v -0.44737 -0.62253 -0.15063
v -0.44536 -0.61868 -0.14871
v -0.46284 -0.60414 -0.14489
v -0.51677 -0.55510 -0.07029
v -0.47919 -0.56239 -0.12794
v -0.44500 -0.60788 -0.14485
v -0.46279 -0.61616 -0.15340
v -0.60139 -0.67238 -0.04554
v -0.60540 -0.65262 -0.04492
v -0.60937 -0.68233 -0.05030
v -0.59878 -0.64796 -0.04173
v -0.60202 -0.62909 -0.04131
v -0.59517 -0.62524 -0.03859
v -0.60469 -0.69954 -0.04914
v -0.59912 -0.69745 -0.04731
v -0.60103 -0.71233 -0.04849
v -0.59668 -0.61541 -0.03990
v -0.60470 -0.61891 -0.04382
v -0.60807 -0.70626 -0.05256
v -0.60481 -0.71628 -0.05165
v -0.58288 -0.60560 -0.03744
v -0.58796 -0.59717 -0.04021
v -0.58004 -0.58864 -0.03765
v -0.57431 -0.59557 -0.03603
v -0.57358 -0.59220 -0.03442
v -0.57543 -0.58122 -0.03250
v -0.57206 -0.59873 -0.03466
v -0.45064 -0.49113 -0.09740
v -0.44949 -0.47278 -0.08625
v -0.45944 -0.47548 -0.09695
v -0.45884 -0.50690 -0.11306
v -0.45110 -0.51532 -0.11108
v -0.45345 -0.53182 -0.12314
v -0.45884 -0.52703 -0.12452
v -0.45867 -0.54265 -0.13134
v -0.45193 -0.45078 -0.08151
v -0.44789 -0.45805 -0.07925
v -0.43914 -0.43820 -0.06569
v -0.46001 -0.44771 -0.08386
v -0.45099 -0.43143 -0.07260
v -0.44055 -0.43078 -0.06683
v -0.43773 -0.41410 -0.05987
v -0.42689 -0.41601 -0.05527
v -0.45197 -0.54631 -0.13093
v -0.45150 -0.41717 -0.06405
v -0.44792 -0.40454 -0.05539
v -0.46395 -0.43560 -0.07678
v -0.46786 -0.45506 -0.08806
v -0.46660 -0.48007 -0.09986
v -0.46803 -0.50000 -0.10958
v -0.42731 -0.39541 -0.04844
v -0.41996 -0.39782 -0.04893
v -0.41436 -0.37609 -0.03759
v -0.40681 -0.38437 -0.04102
v -0.39790 -0.37150 -0.03423
v -0.39024 -0.35678 -0.02657
v -0.40714 -0.35892 -0.02896
v -0.38565 -0.36134 -0.02733
v -0.40195 -0.34408 -0.02171
v -0.46600 -0.52495 -0.12378
v -0.43199 -0.38209 -0.04090
v -0.38306 -0.33984 -0.01891
v -0.38681 -0.32516 -0.01184
v -0.42156 -0.36673 -0.03261
v -0.37281 -0.34628 -0.01951
v -0.41389 -0.35492 -0.02662
v -0.40971 -0.34728 -0.02201
v -0.36263 -0.31624 -0.00859
v -0.36180 -0.30269 -0.00211
v -0.36094 -0.32738 -0.01262
v -0.33908 -0.30877 -0.00526
v -0.33558 -0.29826 -0.00339
v -0.46729 -0.42607 -0.06901
v -0.46967 -0.53796 -0.12844
v -0.48003 -0.44052 -0.07640
v -0.33982 -0.29136 -0.00075
v -0.47617 -0.46581 -0.09128
v -0.48008 -0.52354 -0.11977
v -0.48605 -0.53744 -0.12618
v -0.49953 -0.52333 -0.11589
v -0.50316 -0.54324 -0.12846
v -0.51470 -0.53915 -0.12627
v -0.52696 -0.55399 -0.13495
v -0.53640 -0.54731 -0.13301
v -0.52833 -0.53225 -0.12370
v -0.54462 -0.54155 -0.12892
v -0.54908 -0.56129 -0.14204
v -0.55629 -0.55588 -0.13831
v -0.56068 -0.56868 -0.14690
v -0.55812 -0.58216 -0.15491
v -0.53257 -0.51881 -0.11459
v -0.52422 -0.51370 -0.11075
v -0.52213 -0.49566 -0.09788
v -0.51416 -0.51989 -0.11280
v -0.50458 -0.49860 -0.09871
v -0.51469 -0.49812 -0.09902
v -0.51138 -0.48069 -0.09025
v -0.48453 -0.50532 -0.10819
v -0.49161 -0.48203 -0.09402
v -0.49774 -0.46469 -0.08448
v -0.34884 -0.28168 0.00682
v -0.36771 -0.29933 0.00173
v -0.33265 -0.27542 0.00567
v -0.46733 -0.54989 -0.13254
v -0.32335 -0.27943 0.00061
v -0.40076 -0.33444 -0.01455
v -0.56660 -0.58483 -0.15350
v -0.56929 -0.60314 -0.16052
v -0.33848 -0.26730 0.01352
v -0.56030 -0.60412 -0.16389
v -0.48104 -0.54934 -0.12932
v -0.49782 -0.54864 -0.12927
v -0.51603 -0.55862 -0.13448
v -0.53363 -0.56852 -0.14077
v -0.54952 -0.57412 -0.14849
v -0.55049 -0.59170 -0.15663
v -0.56437 -0.62311 -0.16974
v -0.55873 -0.62924 -0.17089
v -0.55540 -0.61212 -0.16455
v -0.54034 -0.57473 -0.14382
v -0.45817 -0.55533 -0.14018
v -0.45176 -0.55621 -0.14157
v -0.45040 -0.56608 -0.14873
v -0.44716 -0.56331 -0.14612
v -0.45539 -0.56861 -0.14874
v -0.45134 -0.58104 -0.15334
v -0.51482 -0.47792 -0.08661
v -0.49761 -0.45289 -0.07673
v -0.31757 -0.26597 0.00341
v -0.32417 -0.26047 0.01111
v -0.56642 -0.64246 -0.17309
v -0.30996 -0.26346 0.00112
v -0.30639 -0.25062 0.00430
v -0.29273 -0.24352 0.00321
v -0.29731 -0.23785 0.00711
v -0.28261 -0.22597 0.00870
v -0.27368 -0.22722 0.00604
v -0.26058 -0.21035 0.01115
v -0.25916 -0.22251 0.00628
v -0.24947 -0.21266 0.00837
v -0.24121 -0.20139 0.01313
v -0.24729 -0.19616 0.01671
v -0.22905 -0.18133 0.02478
v -0.23154 -0.20222 0.01350
v -0.21851 -0.18423 0.02492
v -0.20724 -0.16957 0.03347
v -0.21196 -0.16633 0.03518
v -0.18724 -0.16833 0.03623
v -0.18407 -0.15445 0.04202
v -0.19163 -0.15027 0.04629
v -0.17796 -0.14465 0.04771
v -0.16351 -0.14323 0.04642
v -0.15857 -0.15201 0.04003
v -0.14932 -0.13329 0.04787
v -0.15464 -0.12711 0.05312
v -0.17296 -0.13716 0.05328
v -0.14124 -0.14531 0.03686
v -0.17754 -0.16227 0.03866
v -0.27226 -0.21298 0.01475
v -0.13513 -0.12294 0.04584
v -0.13735 -0.11357 0.05256
v -0.16119 -0.16537 0.03688
v -0.35134 -0.27865 0.01078
v -0.45122 -0.40101 -0.05031
v -0.47020 -0.41787 -0.05927
v -0.14643 -0.15941 0.03444
v -0.46306 -0.55981 -0.13972
v -0.20034 -0.18206 0.02924
v -0.21502 -0.19387 0.02142
v -0.48844 -0.43419 -0.06540
v -0.12050 -0.12785 0.03427
v -0.12918 -0.14731 0.03043
v -0.27269 -0.23581 0.00410
v -0.12341 -0.10852 0.04585
v -0.10111 -0.10719 0.03373
v -0.10347 -0.09243 0.04168
v -0.07841 -0.08849 0.02843
v -0.07976 -0.07155 0.03675
v -0.06538 -0.07452 0.02775
v -0.05968 -0.09044 0.01724
v -0.05075 -0.07164 0.02130
v -0.04268 -0.07879 0.01512
v -0.08128 -0.10909 0.01983
v -0.08453 -0.10359 0.02376
v -0.10529 -0.12445 0.02574
v -0.03585 -0.06080 0.01802
v -0.05010 -0.05868 0.02523
v -0.29200 -0.22883 0.01249
v -0.39128 -0.32103 -0.00429
v -0.38088 -0.31180 -0.00168
v -0.12265 -0.10028 0.05104
v -0.06974 -0.05751 0.03682
v -0.23041 -0.17504 0.03333
v -0.09770 -0.07923 0.04496
v -0.08563 -0.06538 0.04495
v -0.25527 -0.19574 0.02277
v -0.24637 -0.18562 0.02999
v -0.02490 -0.06232 0.01422
v -0.11186 -0.09016 0.05033
v -0.56103 -0.55979 -0.13810
v -0.45799 -0.57827 -0.15007
v -0.45449 -0.59377 -0.15867
v -0.44942 -0.59771 -0.16126
v -0.45425 -0.60538 -0.16426
v -0.11156 -0.13563 0.02570
v -0.07423 -0.05414 0.04316
v -0.06306 -0.04450 0.04033
v -0.04574 -0.04030 0.02820
v -0.05224 -0.03876 0.03376
v -0.03616 -0.02467 0.03005
v -0.03729 -0.04504 0.02239
v -0.02159 -0.04658 0.01623
v -0.33704 -0.26121 0.02038
v -0.31393 -0.24613 0.01603
v -0.56639 -0.57266 -0.14466
v -0.55450 -0.54744 -0.12849
v -0.54377 -0.53252 -0.11928
v -0.43974 -0.37763 -0.02838
v -0.44668 -0.38787 -0.03605
v -0.46526 -0.40663 -0.04715
v -0.48408 -0.42477 -0.05580
v -0.21273 -0.16322 0.04046
v -0.00632 -0.05211 0.01062
v -0.02882 -0.03387 0.01972
v -0.09993 -0.13256 0.02303
v -0.57019 -0.62886 -0.16728
v -0.44939 -0.61206 -0.16623
v -0.45292 -0.61580 -0.16689
v -0.45773 -0.61465 -0.16512
v -0.05625 -0.09732 0.01551
v -0.01628 -0.06814 0.01133
v -0.03340 -0.08267 0.01310
v -0.04949 -0.03172 0.03811
v -0.27997 -0.21375 0.02289
v -0.32457 -0.24682 0.02883
v -0.30612 -0.23301 0.02701
v -0.48150 -0.55724 -0.12970
v -0.47266 -0.56026 -0.13217
v -0.36515 -0.29216 0.01096
v -0.55659 -0.64472 -0.17315
v -0.17288 -0.17166 0.03749
v -0.09803 -0.07683 0.04916
v -0.18242 -0.17265 0.03589
v -0.24005 -0.21429 0.00936
v -0.30158 -0.26592 0.00082
v -0.25766 -0.19029 0.03776
v -0.31383 -0.27692 0.00033
v -0.32016 -0.29068 -0.00036
v -0.23559 -0.17424 0.04234
v -0.14060 -0.11297 0.05912
v -0.27851 -0.20487 0.04262
v -0.44641 -0.57815 -0.15022
v -0.28261 -0.25133 0.00273
v -0.49772 -0.55843 -0.12929
v -0.37585 -0.30196 0.00974
v -0.30114 -0.22445 0.03744
v -0.57217 -0.64281 -0.16738
v -0.44763 -0.55447 -0.13658
v -0.56677 -0.64746 -0.17212
v -0.44551 -0.60189 -0.16063
v -0.44926 -0.61844 -0.16602
v -0.54468 -0.58858 -0.15034
v -0.51550 -0.56301 -0.13410
v -0.57162 -0.64779 -0.16688
v -0.55404 -0.63303 -0.16872
v -0.55228 -0.64353 -0.16983
v -0.44511 -0.61748 -0.16344
v -0.52954 -0.57086 -0.13775
v -0.55343 -0.64737 -0.17052
v -0.27817 -0.30872 0.03427
v -0.30217 -0.32004 0.02015
v -0.27848 -0.30188 0.02849
v -0.31456 -0.33409 0.01934
v -0.25982 -0.29244 0.03761
v -0.25913 -0.28170 0.03065
v -0.31781 -0.31344 0.00407
v -0.21450 -0.26027 0.04667
v -0.23871 -0.28061 0.04615
v -0.23987 -0.27131 0.03664
v -0.19759 -0.24879 0.05126
v -0.20735 -0.24472 0.03995
v -0.19014 -0.23811 0.04933
v -0.22294 -0.25379 0.03607
v -0.18171 -0.23698 0.05669
v -0.17928 -0.22133 0.05112
v -0.16996 -0.22329 0.05839
v -0.16198 -0.21166 0.05754
v -0.19951 -0.23136 0.04012
v -0.17087 -0.20936 0.05148
v -0.21907 -0.23724 0.03121
v -0.23424 -0.25090 0.02998
v -0.25471 -0.25884 0.02403
v -0.23613 -0.23937 0.02463
v -0.27231 -0.27983 0.02435
v -0.19289 -0.20933 0.04321
v -0.18711 -0.19893 0.04106
v -0.19733 -0.20437 0.03672
v -0.21622 -0.22621 0.03096
v -0.20443 -0.21481 0.03711
v -0.20578 -0.22215 0.03602
v -0.20937 -0.21470 0.03078
v -0.19517 -0.21936 0.04284
v -0.27728 -0.26921 0.01048
v -0.28642 -0.27147 0.00275
v -0.26279 -0.25036 0.00515
v -0.29399 -0.28383 0.00863
v -0.25210 -0.24636 0.01337
v -0.22796 -0.22637 0.01945
v -0.24413 -0.23259 0.00796
v -0.22986 -0.22118 0.01229
v -0.30566 -0.28602 -0.00075
v -0.20913 -0.20582 0.02281
v -0.26998 -0.27014 0.02092
v -0.28399 -0.27989 0.01693
v -0.19390 -0.19579 0.03089
v -0.18616 -0.18704 0.03106
v -0.23750 -0.22160 0.00609
v -0.20118 -0.19194 0.02381
v -0.27182 -0.25394 0.00154
v -0.22203 -0.20719 0.01265
v -0.25514 -0.23503 0.00262
v -0.34070 -0.35612 0.01032
v -0.33230 -0.33797 0.00491
v -0.33381 -0.32522 -0.00410
v -0.31873 -0.30109 -0.00320
v -0.30852 -0.29727 0.00390
v -0.30217 -0.30650 0.01434
v -0.29329 -0.29026 0.01471
v -0.34961 -0.34281 -0.01047
v -0.35624 -0.35977 -0.00713
v -0.28460 -0.29669 0.02309
v -0.34751 -0.33154 -0.01229
v -0.33097 -0.30923 -0.00733
v -0.36241 -0.34761 -0.01966
v -0.36371 -0.35876 -0.01772
v -0.37688 -0.35817 -0.02765
v -0.31364 -0.28311 -0.00425
v -0.29183 -0.26749 -0.00124
v -0.27710 -0.24584 -0.00136
v -0.26336 -0.23286 0.00043
v -0.24770 -0.21799 0.00308
v -0.23553 -0.21183 0.00629
v -0.21835 -0.19386 0.01462
v -0.19776 -0.18322 0.02494
v -0.29842 -0.25791 -0.00338
v -0.37821 -0.38181 -0.02340
v -0.24556 -0.28946 0.06068
v -0.26341 -0.29840 0.06439
v -0.26573 -0.30319 0.05760
v -0.24605 -0.28280 0.07454
v -0.27882 -0.30793 0.06184
v -0.23202 -0.27805 0.06999
v -0.22670 -0.27124 0.07767
v -0.28753 -0.32069 0.04775
v -0.29536 -0.32358 0.05172
v -0.20828 -0.26144 0.07408
v -0.32009 -0.34497 0.03683
v -0.21361 -0.25787 0.08441
v -0.19687 -0.25060 0.08378
v -0.31712 -0.33359 0.04925
v -0.33982 -0.34888 0.04154
v -0.34008 -0.36003 0.02819
v -0.36406 -0.37104 0.02804
v -0.36441 -0.37900 0.01836
v -0.38279 -0.38446 0.02357
v -0.38021 -0.39176 0.01340
v -0.40545 -0.40671 0.01273
v -0.39991 -0.40975 0.00591
v -0.42168 -0.43000 -0.00114
v -0.27128 -0.29239 0.07464
v -0.37320 -0.36622 0.03723
v -0.30048 -0.31508 0.06251
v -0.42029 -0.41726 0.01003
v -0.34912 -0.34395 0.04990
v -0.32604 -0.32679 0.05930
v -0.39122 -0.38385 0.02741
v -0.43917 -0.43803 0.00161
v -0.40255 -0.38923 0.02495
v -0.41998 -0.43165 -0.00660
v -0.42025 -0.40545 0.01684
v -0.43316 -0.42060 0.00988
v -0.44722 -0.43542 0.00385
v -0.37042 -0.35625 0.04248
v -0.39542 -0.37355 0.03133
v -0.34840 -0.33151 0.05558
v -0.33115 -0.32358 0.06179
v -0.38857 -0.40147 0.00368
v -0.00825 -0.10045 0.08838
v -0.02599 -0.11166 0.09633
v -0.02229 -0.11221 0.08940
v -0.00183 -0.09179 0.09469
v -0.03655 -0.12399 0.08793
v -0.05333 -0.13538 0.09280
v -0.05066 -0.13567 0.08705
v -0.07190 -0.15099 0.08635
v -0.07974 -0.15396 0.09488
v -0.09899 -0.16942 0.08925
v -0.10354 -0.16993 0.09656
v -0.12816 -0.18826 0.09033
v -0.12491 -0.18389 0.09612
v -0.13946 -0.19289 0.09648
v -0.14538 -0.20060 0.08722
v -0.00861 -0.09365 0.10052
v -0.05030 -0.12714 0.10052
v -0.06681 -0.14090 0.09881
v 0.01283 -0.07498 0.09868
v 0.01684 -0.07552 0.08918
v -0.09105 -0.15478 0.10223
v -0.03032 -0.10524 0.10502
v -0.14615 -0.19259 0.10086
v -0.12035 -0.17322 0.10354
v -0.15409 -0.20759 0.09252
v -0.16286 -0.20891 0.09821
v -0.16494 -0.22164 0.08958
v -0.17584 -0.21863 0.09848
v -0.17917 -0.23415 0.08792
v -0.00296 -0.08298 0.10408
v -0.19102 -0.22258 0.10281
v -0.19576 -0.23997 0.09190
v -0.08054 -0.14164 0.10529
v -0.05936 -0.12401 0.10672
v -0.04530 -0.10888 0.10928
v -0.01830 -0.08732 0.10924
v 0.00180 -0.06608 0.10956
v -0.11105 -0.15632 0.10917
v -0.18257 -0.20534 0.10811
v -0.16385 -0.19751 0.10434
v -0.21933 -0.24879 0.09422
v -0.20210 -0.23208 0.09919
v -0.15895 -0.18292 0.10923
v -0.17090 -0.19199 0.11006
v -0.18017 -0.18799 0.11671
v -0.13957 -0.17513 0.10734
v -0.17442 -0.20237 0.10448
v -0.07697 -0.12974 0.10869
v -0.23711 -0.26758 0.08517
v -0.18631 -0.19884 0.11647
v -0.25724 -0.27657 0.08465
v -0.24885 -0.26421 0.09214
v -0.23505 -0.25217 0.09928
v -0.27541 -0.28059 0.08508
v -0.26186 -0.26406 0.09364
v -0.29523 -0.29874 0.07518
v -0.31131 -0.31092 0.06911
v -0.04355 -0.09721 0.11217
v -0.06357 -0.11211 0.11086
v -0.29783 -0.29415 0.07817
v -0.15282 -0.17112 0.11096
v -0.16661 -0.17613 0.11366
v -0.14519 -0.15875 0.11314
v -0.24198 -0.24535 0.10516
v -0.12122 -0.14760 0.11274
v -0.02998 -0.07532 0.11413
v -0.01258 -0.05908 0.11427
v -0.16122 -0.16659 0.11298
v -0.10086 -0.13252 0.11101
v -0.18794 -0.18763 0.11853
v -0.22764 -0.23582 0.11193
v -0.21962 -0.23600 0.10968
v -0.21745 -0.22450 0.11889
v -0.20706 -0.22106 0.11797
v -0.21167 -0.23526 0.10439
v -0.21445 -0.21508 0.12356
v -0.20222 -0.21137 0.12051
v -0.19552 -0.21520 0.11340
v -0.19956 -0.20055 0.12205
v -0.21304 -0.20793 0.12401
v -0.22594 -0.22532 0.11789
v -0.22281 -0.21505 0.12284
v -0.28046 -0.27601 0.08644
v -0.31784 -0.30194 0.07190
v -0.08441 -0.11917 0.11058
v -0.33138 -0.31344 0.06552
v -0.15154 -0.15076 0.11423
v -0.05148 -0.08924 0.11326
v -0.12533 -0.13541 0.11363
v -0.02420 -0.04893 0.11542
v -0.03817 -0.06134 0.11532
v -0.05082 -0.07517 0.11393
v -0.17525 -0.16639 0.11280
v -0.25991 -0.25483 0.09760
v -0.23982 -0.22866 0.11198
v -0.07670 -0.10680 0.11072
v -0.17528 -0.17322 0.11423
v -0.29401 -0.27748 0.08250
v -0.25960 -0.24490 0.09987
v -0.09527 -0.11635 0.10969
v -0.28025 -0.26285 0.08808
v -0.11028 -0.11943 0.10962
v -0.07139 -0.08937 0.10960
v -0.13541 -0.13242 0.11287
v -0.22414 -0.20552 0.12195
v -0.19423 -0.17875 0.11539
v -0.20566 -0.19226 0.12028
v -0.12454 -0.12160 0.11031
v -0.09725 -0.10366 0.10554
v -0.21747 -0.19742 0.12100
v -0.58952 -0.63959 -0.08865
v -0.58839 -0.62900 -0.08158
v -0.58160 -0.62939 -0.08612
v -0.58169 -0.61674 -0.08098
v -0.57301 -0.61455 -0.08794
v -0.57113 -0.60154 -0.08175
v -0.57748 -0.60127 -0.07719
v -0.57036 -0.59257 -0.07588
v -0.56379 -0.58499 -0.07564
v -0.57686 -0.59644 -0.07360
v -0.58209 -0.63521 -0.09218
v -0.58942 -0.64927 -0.09595
v -0.56264 -0.59020 -0.08267
v -0.59623 -0.64989 -0.09282
v -0.59548 -0.66198 -0.09741
v -0.58952 -0.66174 -0.10357
v -0.58490 -0.64749 -0.10155
v -0.59408 -0.68073 -0.10338
v -0.59890 -0.67711 -0.10005
v -0.56578 -0.59926 -0.09106
v -0.57252 -0.62018 -0.09693
v -0.59173 -0.67950 -0.10777
v -0.59912 -0.69939 -0.10040
v -0.59175 -0.69630 -0.10611
v -0.59405 -0.70311 -0.10198
v -0.58882 -0.70378 -0.11090
v -0.59345 -0.63663 -0.08581
v -0.57547 -0.59267 -0.07402
v -0.57067 -0.58634 -0.07491
v -0.60079 -0.66095 -0.09617
v -0.57082 -0.58091 -0.07355
v -0.59891 -0.71063 -0.10003
v -0.59514 -0.71220 -0.10221
v -0.58937 -0.71066 -0.10618
v -0.58450 -0.60645 -0.07781
v -0.59216 -0.61949 -0.07996
v -0.59852 -0.64034 -0.08982
v -0.58535 -0.59918 -0.07676
v -0.58023 -0.59792 -0.07461
v -0.59733 -0.62824 -0.08399
v -0.57816 -0.58577 -0.07479
v -0.57604 -0.57751 -0.07407
v -0.58409 -0.59543 -0.07207
v -0.57858 -0.58900 -0.07291
v -0.58704 -0.65474 -0.10982
v -0.58002 -0.63615 -0.10448
v -0.56266 -0.59215 -0.09281
v -0.59216 -0.68797 -0.11427
v -0.58950 -0.70978 -0.11212
v -0.56742 -0.60024 -0.09779
v -0.43843 -0.44772 -0.00678
v -0.44698 -0.45976 -0.01077
v -0.44165 -0.45686 -0.01544
v -0.45030 -0.46947 -0.01843
v -0.45665 -0.47564 -0.01285
v -0.45870 -0.48404 -0.01995
v -0.46879 -0.50072 -0.01467
v -0.47070 -0.50796 -0.02411
v -0.47925 -0.51859 -0.01373
v -0.48255 -0.52734 -0.02058
v -0.41998 -0.43165 -0.00660
v -0.42168 -0.43000 -0.00114
v -0.58931 -0.64659 -0.11575
v -0.59588 -0.63303 -0.11644
v -0.59569 -0.65553 -0.11841
v -0.58367 -0.62161 -0.11250
v -0.58599 -0.60953 -0.11115
v -0.57644 -0.59584 -0.10587
v -0.58117 -0.59095 -0.10584
v -0.57095 -0.58045 -0.10315
v -0.57615 -0.57866 -0.10348
v -0.59839 -0.61974 -0.11404
v -0.57273 -0.60242 -0.10438
v -0.56459 -0.58617 -0.09917
v -0.59617 -0.67105 -0.11746
v -0.59350 -0.67567 -0.11524
v -0.59911 -0.68629 -0.11866
v -0.59495 -0.69233 -0.11881
v -0.57472 -0.61595 -0.10547
v -0.58263 -0.63488 -0.11032
v -0.59733 -0.70151 -0.12016
v -0.59086 -0.70163 -0.11801
v -0.59342 -0.70874 -0.11844
v -0.60297 -0.66979 -0.11813
v -0.60206 -0.70743 -0.11947
v -0.56824 -0.57307 -0.10415
v -0.56409 -0.57760 -0.10267
v -0.60360 -0.70359 -0.11991
v -0.55850 -0.58177 -0.09843
v -0.60562 -0.69274 -0.11828
v -0.59247 -0.60138 -0.10843
v -0.59216 -0.68797 -0.11427
v -0.60343 -0.64744 -0.11623
v -0.56742 -0.60024 -0.09779
v -0.58704 -0.65474 -0.10982
v -0.57748 -0.56786 -0.10018
v -0.60319 -0.63050 -0.11385
v -0.58501 -0.58159 -0.10047
v -0.60690 -0.66542 -0.11613
v -0.60299 -0.61353 -0.10969
v -0.60651 -0.61961 -0.10964
v -0.58950 -0.70978 -0.11212
v -0.60714 -0.70628 -0.11673
v -0.56266 -0.59215 -0.09281
v -0.58002 -0.63615 -0.10448
v -0.57252 -0.62018 -0.09693
v -0.59173 -0.67950 -0.10777
v -0.58882 -0.70378 -0.11090
v 0.01503 -0.06086 0.01187
v 0.00336 -0.07509 0.01855
v -0.00654 -0.07920 0.01572
v -0.00410 -0.08355 0.02432
v -0.02529 -0.09708 0.02145
v -0.04204 -0.11071 0.02409
v -0.06658 -0.12516 0.02381
v -0.06342 -0.12796 0.02878
v -0.09524 -0.14709 0.02940
v -0.04668 -0.10638 0.01845
v -0.01667 -0.07895 0.01270
v -0.08353 -0.13046 0.02242
v -0.06268 -0.11377 0.01848
v 0.00951 -0.05973 0.00945
v -0.10810 -0.14968 0.02783
v -0.11397 -0.16065 0.03405
v -0.12977 -0.16727 0.03538
v -0.04887 -0.09920 0.01528
v 0.00788 -0.05322 0.00765
v -0.14961 -0.18786 0.04785
v -0.15541 -0.18178 0.04063
v -0.12434 -0.17135 0.04134
v -0.16840 -0.19599 0.04763
v -0.16760 -0.20383 0.05430
v -0.17478 -0.18662 0.04044
v -0.18273 -0.19614 0.04681
v -0.18501 -0.18965 0.04041
v -0.19007 -0.19601 0.04382
v -0.18027 -0.18098 0.03703
v -0.16290 -0.17637 0.03824
v -0.14138 -0.16383 0.03368
v -0.18387 -0.20662 0.05098
v -0.11669 -0.14736 0.02704
v -0.19794 -0.20596 0.04538
v -0.09993 -0.13256 0.02303
v -0.07812 -0.11612 0.01902
v -0.05625 -0.09732 0.01551
v -0.03340 -0.08267 0.01310
v -0.01628 -0.06814 0.01133
v -0.17288 -0.17166 0.03749
v -0.16119 -0.16537 0.03688
v -0.14643 -0.15941 0.03444
v -0.12918 -0.14731 0.03043
v -0.11156 -0.13563 0.02570
v -0.08128 -0.10909 0.01983
v -0.56525 -0.66338 -0.02552
v -0.56665 -0.67972 -0.02561
v -0.57145 -0.66235 -0.02621
v -0.56958 -0.64840 -0.02591
v -0.57894 -0.64172 -0.02639
v -0.55954 -0.67442 -0.02419
v -0.57132 -0.67615 -0.02653
v -0.57370 -0.68334 -0.02433
v -0.56748 -0.69427 -0.02037
v -0.57776 -0.66053 -0.02429
v -0.57268 -0.63997 -0.02824
v -0.57613 -0.62281 -0.03225
v -0.56690 -0.62534 -0.03228
v -0.57020 -0.60558 -0.03435
v -0.57206 -0.59873 -0.03466
v -0.57720 -0.67671 -0.02394
v -0.56254 -0.61343 -0.03263
v -0.56291 -0.60012 -0.03333
v -0.56581 -0.63932 -0.02661
v -0.57970 -0.60851 -0.03061
v -0.55983 -0.69376 -0.01826
v -0.56316 -0.70719 -0.01739
v -0.56315 -0.71567 -0.01521
v -0.55783 -0.71674 -0.01482
v -0.54846 -0.73214 -0.01328
v -0.55857 -0.68257 -0.02171
v -0.55306 -0.69135 -0.01625
v -0.56011 -0.62885 -0.02755
v -0.55736 -0.61585 -0.02964
v -0.56599 -0.59538 -0.03646
v -0.57431 -0.59557 -0.03603
v -0.55749 -0.59696 -0.03184
v -0.55611 -0.60261 -0.02885
v -0.56278 -0.64443 -0.02293
v -0.55994 -0.66467 -0.02240
v -0.55917 -0.69959 -0.01362
v -0.55293 -0.59677 -0.02676
v -0.55445 -0.67665 -0.01798
v -0.57611 -0.68954 -0.01947
v -0.56901 -0.70966 -0.01362
v -0.55903 -0.72535 -0.01171
v -0.58208 -0.62586 -0.02799
v -0.55298 -0.68449 -0.01403
v -0.54718 -0.69342 -0.01370
v -0.54629 -0.69940 -0.01342
v -0.53904 -0.70298 -0.01116
v -0.55292 -0.69463 -0.01494
v -0.54110 -0.70522 -0.00956
v -0.55719 -0.69472 -0.01369
v -0.55876 -0.59389 -0.03647
v -0.55321 -0.60509 -0.02201
v -0.55664 -0.66516 -0.01742
v -0.55992 -0.64841 -0.01709
v -0.55846 -0.63937 -0.01581
v -0.55428 -0.62115 -0.02090
v -0.57804 -0.59555 -0.03013
v -0.54482 -0.69355 -0.01010
v -0.58531 -0.64404 -0.02051
v -0.58233 -0.66509 -0.01954
v -0.58860 -0.62339 -0.01874
v -0.58657 -0.61095 -0.02093
v -0.55113 -0.73283 -0.01033
v -0.54510 -0.73509 -0.01061
v -0.58244 -0.67773 -0.01706
v -0.55180 -0.68400 -0.01034
v -0.57803 -0.69172 -0.01314
v -0.45981 -0.60249 -0.15897
v -0.46140 -0.58152 -0.14764
v -0.46289 -0.59770 -0.14964
v -0.46418 -0.58004 -0.14034
v -0.46235 -0.61265 -0.15780
v -0.45773 -0.61465 -0.16512
v -0.46631 -0.56608 -0.13769
v -0.47075 -0.56830 -0.13122
v -0.45799 -0.57827 -0.15007
v -0.46306 -0.55981 -0.13972
v -0.45539 -0.56861 -0.14874
v -0.45425 -0.60538 -0.16426
v -0.47266 -0.56026 -0.13217
v -0.46733 -0.54989 -0.13254
v -0.45449 -0.59377 -0.15867
v -0.47919 -0.56239 -0.12794
v -0.45641 -0.61775 -0.16500
v -0.46117 -0.61816 -0.15848
v -0.45292 -0.61580 -0.16689
v -0.46279 -0.61616 -0.15340
v -0.46284 -0.60414 -0.14489
v -0.46219 -0.58979 -0.14105
v -0.46094 -0.62038 -0.15183
v -0.46386 -0.57920 -0.13286
v -0.47502 -0.56644 -0.12296
v -0.48150 -0.55724 -0.12970
v -0.48874 -0.56042 -0.12643
v 0.01512 -0.06449 0.00851
v -0.00039 -0.08029 0.01325
v -0.00780 -0.07811 0.00886
v -0.01748 -0.09274 0.01462
v -0.02704 -0.09300 0.01162
v -0.04273 -0.10966 0.01599
v 0.00508 -0.06343 0.00532
v -0.04251 -0.10051 0.01158
v -0.05604 -0.10568 0.01184
v -0.06449 -0.12281 0.01715
v -0.08121 -0.12502 0.01592
v -0.08925 -0.13734 0.01949
v -0.08566 -0.14257 0.02338
v -0.10389 -0.15235 0.02453
v -0.10405 -0.14343 0.02061
v -0.12064 -0.15833 0.02604
v -0.11948 -0.16685 0.03128
v -0.13735 -0.17327 0.03252
v -0.13041 -0.17861 0.03916
v -0.14756 -0.18210 0.03659
v -0.14435 -0.18759 0.04283
v -0.16450 -0.19939 0.04527
v -0.15535 -0.19928 0.05046
v -0.17087 -0.20936 0.05148
v -0.16198 -0.21166 0.05754
v -0.16256 -0.18863 0.03769
v -0.17617 -0.19817 0.04281
v -0.17804 -0.18863 0.03577
v -0.18711 -0.19893 0.04106
v -0.18616 -0.18704 0.03106
v -0.15217 -0.17499 0.03310
v -0.16842 -0.17880 0.03389
v -0.18245 -0.17873 0.03123
v -0.01639 -0.07710 0.00746
v -0.03799 -0.09120 0.00947
v -0.14326 -0.16544 0.02967
v -0.13020 -0.15683 0.02592
v -0.09531 -0.12908 0.01723
v -0.11688 -0.14473 0.02210
v -0.16164 -0.16919 0.03229
v -0.00938 -0.06393 0.00574
v -0.07621 -0.11500 0.01390
v -0.06486 -0.10391 0.01190
v -0.03095 -0.07819 0.00809
v -0.04631 -0.08659 0.00979
v -0.18682 -0.17259 0.02997
v -0.17201 -0.16620 0.03298
v -0.08813 -0.11621 0.01607
v -0.15623 -0.16093 0.03160
v -0.13642 -0.15173 0.02739
v -0.01076 -0.04188 0.00824
v -0.03229 -0.04859 0.01463
v -0.07801 -0.10430 0.01460
v -0.10394 -0.12977 0.01919
v -0.11864 -0.13590 0.02312
v -0.06481 -0.09421 0.01258
v -0.03229 -0.06406 0.01096
v -0.04446 -0.06260 0.01590
v -0.04891 -0.07913 0.01197
v -0.09426 -0.11158 0.01957
v -0.17874 -0.15997 0.03458
v -0.19809 -0.16188 0.03292
v -0.20817 -0.17707 0.02496
v -0.21611 -0.16635 0.02951
v -0.19776 -0.18322 0.02494
v -0.22587 -0.18511 0.01778
v -0.21835 -0.19386 0.01462
v -0.23578 -0.20044 0.00831
v -0.57118 -0.64386 -0.02232
v -0.57119 -0.62740 -0.02746
v -0.57526 -0.64198 -0.02260
v -0.57721 -0.62646 -0.02571
v -0.57118 -0.60950 -0.02954
v -0.57704 -0.61424 -0.02687
v -0.56560 -0.62244 -0.02782
v -0.57157 -0.66013 -0.02135
v -0.57711 -0.66796 -0.01865
v -0.58106 -0.63982 -0.01935
v -0.57250 -0.67431 -0.02126
v -0.56672 -0.67557 -0.02199
v -0.56578 -0.68076 -0.02035
v -0.57668 -0.59943 -0.02458
v -0.57125 -0.68222 -0.02016
v -0.57617 -0.68062 -0.01792
v -0.57112 -0.59619 -0.03030
v -0.58293 -0.62409 -0.01996
v -0.57068 -0.58639 -0.03053
v -0.56654 -0.59302 -0.03172
v -0.56427 -0.60163 -0.02885
v -0.56445 -0.65926 -0.01870
v -0.56476 -0.63236 -0.02296
v -0.56157 -0.67506 -0.01999
v -0.56691 -0.64373 -0.02020
v -0.56027 -0.60866 -0.02592
v -0.55831 -0.59656 -0.02582
v -0.55994 -0.68119 -0.01683
v -0.56378 -0.68285 -0.01825
v -0.58592 -0.76413 -0.11492
v -0.59153 -0.76210 -0.11344
v -0.59473 -0.74828 -0.11775
v -0.58418 -0.77019 -0.11124
v -0.59827 -0.75386 -0.11209
v -0.60543 -0.73351 -0.11471
v -0.59867 -0.72946 -0.12034
v -0.60627 -0.71194 -0.12297
v -0.61189 -0.71336 -0.11735
v -0.60767 -0.69564 -0.12264
v -0.61239 -0.69177 -0.11768
v -0.61282 -0.67609 -0.11771
v -0.60822 -0.66093 -0.12055
v -0.57612 -0.77122 -0.11085
v -0.57433 -0.77591 -0.10806
v -0.56822 -0.77771 -0.10546
v -0.57025 -0.77925 -0.10403
v -0.59460 -0.65093 -0.12295
v -0.60142 -0.64082 -0.12135
v -0.59047 -0.63117 -0.12059
v -0.59952 -0.62044 -0.11907
v -0.59157 -0.61286 -0.11734
v -0.60220 -0.67247 -0.12286
v -0.59916 -0.69721 -0.12431
v -0.59622 -0.71647 -0.12350
v -0.59876 -0.60568 -0.11386
v -0.58814 -0.59023 -0.10959
v -0.57930 -0.58900 -0.11005
v -0.57701 -0.57593 -0.10792
v -0.57174 -0.57704 -0.10799
v -0.56894 -0.57231 -0.10928
v -0.56395 -0.57906 -0.10812
v -0.57063 -0.56721 -0.10910
v -0.56555 -0.58626 -0.10527
v -0.60541 -0.62834 -0.11766
v -0.56803 -0.63352 -0.14557
v -0.57097 -0.62403 -0.14547
v -0.57619 -0.61737 -0.14962
v -0.57335 -0.60935 -0.13964
v -0.57693 -0.59361 -0.13739
v -0.56972 -0.59631 -0.12830
v -0.56940 -0.58577 -0.12509
v -0.56780 -0.61280 -0.13627
v -0.56994 -0.57432 -0.12600
v -0.56342 -0.60493 -0.12863
v -0.57278 -0.63928 -0.14983
v -0.57663 -0.63874 -0.15669
v -0.57350 -0.64933 -0.15381
v -0.56969 -0.64713 -0.14906
v -0.56462 -0.58106 -0.12048
v -0.56714 -0.57200 -0.11678
v -0.56144 -0.57990 -0.11324
v -0.56892 -0.66033 -0.15725
v -0.57404 -0.65451 -0.16004
v -0.56807 -0.67121 -0.16391
v -0.56396 -0.67418 -0.16056
v -0.55944 -0.68306 -0.16049
v -0.56321 -0.59075 -0.12298
v -0.56419 -0.65551 -0.15127
v -0.55737 -0.58751 -0.11911
v -0.56336 -0.62266 -0.14132
v -0.56140 -0.66579 -0.15738
v -0.55679 -0.70140 -0.16067
v -0.55448 -0.59651 -0.12334
v -0.56199 -0.64464 -0.14617
v -0.55215 -0.58507 -0.11338
v -0.56306 -0.68868 -0.16707
v -0.55911 -0.61287 -0.13338
v -0.56128 -0.63273 -0.14444
v -0.56776 -0.56450 -0.11594
v -0.55092 -0.58894 -0.11923
v -0.57911 -0.59827 -0.14782
v -0.57659 -0.64867 -0.16550
v -0.57627 -0.58111 -0.13928
v -0.57011 -0.56571 -0.13232
v -0.55456 -0.70646 -0.16250
v -0.55094 -0.71185 -0.15821
v -0.55088 -0.70877 -0.15728
v -0.55461 -0.69372 -0.16052
v -0.57758 -0.63599 -0.16380
v -0.57728 -0.61351 -0.15930
v -0.57037 -0.66279 -0.17028
v -0.57611 -0.64428 -0.16994
v -0.56043 -0.69213 -0.16949
v -0.56419 -0.67878 -0.17281
v -0.54752 -0.71144 -0.15843
v -0.55851 -0.61575 -0.14317
v -0.56200 -0.61189 -0.13885
v -0.55450 -0.60535 -0.13453
v -0.55738 -0.59970 -0.12981
v -0.56387 -0.62230 -0.14644
v -0.55862 -0.62500 -0.14934
v -0.55270 -0.59388 -0.12758
v -0.54902 -0.60099 -0.13549
v -0.54451 -0.58835 -0.12939
v -0.54699 -0.58501 -0.12343
v -0.55215 -0.58323 -0.11924
v -0.53724 -0.57782 -0.12364
v -0.55216 -0.61136 -0.14514
v -0.55453 -0.62115 -0.15250
v -0.56384 -0.63186 -0.14904
v -0.55414 -0.62950 -0.15494
v -0.55883 -0.63764 -0.15038
v -0.56248 -0.64639 -0.15130
v -0.55733 -0.64767 -0.15264
v -0.55451 -0.63944 -0.15344
v -0.55920 -0.65045 -0.15425
v -0.55347 -0.64798 -0.15621
v -0.56584 -0.64998 -0.15365
v -0.56219 -0.59695 -0.13000
v -0.55725 -0.58369 -0.12271
v -0.56785 -0.64427 -0.15294
v -0.55856 -0.57811 -0.11756
v -0.56808 -0.63009 -0.15061
v -0.56860 -0.61315 -0.14388
v -0.56460 -0.58326 -0.12739
v -0.57040 -0.59060 -0.13461
v -0.57053 -0.64822 -0.15865
v -0.57148 -0.63773 -0.15571
v -0.57207 -0.61594 -0.15053
v -0.56368 -0.57266 -0.12252
v -0.55301 -0.57899 -0.11113
v -0.56124 -0.57202 -0.11188
v -0.56838 -0.57728 -0.13303
v -0.57284 -0.64425 -0.16208
v -0.55992 -0.64841 -0.01709
v -0.55846 -0.63937 -0.01581
v -0.55937 -0.64988 -0.01159
v -0.55664 -0.66516 -0.01742
v -0.55745 -0.66156 -0.01029
v -0.56081 -0.64364 -0.00651
v -0.55445 -0.67665 -0.01798
v -0.55180 -0.68400 -0.01034
v -0.55758 -0.67086 -0.00555
v -0.56297 -0.65158 -0.00374
v -0.55275 -0.68879 -0.00592
v -0.56320 -0.63534 -0.00113
v -0.55443 -0.62425 -0.01301
v -0.55766 -0.61949 -0.00467
v -0.55397 -0.60568 -0.01036
v -0.55223 -0.61113 -0.01601
v -0.55985 -0.59578 -0.00374
v -0.56244 -0.61709 0.00020
v -0.55321 -0.60509 -0.02201
v -0.56073 -0.68207 -0.00032
v -0.55163 -0.59895 -0.01652
v -0.55363 -0.59556 -0.00932
v -0.56543 -0.66329 -0.00076
v -0.55428 -0.62115 -0.02090
v -0.55293 -0.59677 -0.02676
v -0.54482 -0.69355 -0.01010
v -0.54391 -0.69697 -0.00748
v -0.53904 -0.70298 -0.01116
v -0.53954 -0.70223 -0.00833
v -0.54110 -0.70522 -0.00956
v -0.55298 -0.68449 -0.01403
v -0.49841 -0.54504 -0.01745
v -0.49009 -0.53277 -0.01213
v -0.50467 -0.54805 -0.01033
v -0.51973 -0.56603 -0.01557
v -0.48255 -0.52734 -0.02058
v -0.48238 -0.51726 -0.00769
v -0.47925 -0.51859 -0.01373
v -0.51775 -0.55629 -0.00572
v -0.53271 -0.57303 -0.00767
v -0.53649 -0.58523 -0.01544
v -0.50063 -0.53731 -0.00456
v -0.54646 -0.58837 -0.00843
v -0.46879 -0.50072 -0.01467
v -0.46995 -0.49515 -0.00801
v -0.45974 -0.47338 -0.00813
v -0.45665 -0.47564 -0.01285
v -0.45220 -0.45982 -0.00684
v -0.44698 -0.45976 -0.01077
v -0.45098 -0.44890 -0.00130
v -0.49982 -0.52508 0.00047
v -0.48368 -0.50914 -0.00275
v -0.51540 -0.54588 -0.00020
v -0.55147 -0.58160 -0.00184
v -0.53486 -0.56038 0.00085
v -0.47338 -0.48569 -0.00244
v -0.46086 -0.45954 -0.00273
v -0.49073 -0.50100 0.00273
v -0.43917 -0.43803 0.00161
v -0.43843 -0.44772 -0.00678
v -0.42168 -0.43000 -0.00114
v -0.51584 -0.53143 0.00401
v -0.47829 -0.47589 0.00087
v -0.50251 -0.50464 0.00472
v -0.52929 -0.54492 0.00297
v -0.44722 -0.43542 0.00385
v -0.54627 -0.56209 0.00137
v -0.55945 -0.58550 -0.00203
v -0.46423 -0.44581 -0.00010
v -0.46814 -0.45727 -0.00149
v -0.47869 -0.45535 -0.00003
v -0.49239 -0.47846 0.00323
v -0.51433 -0.50984 0.00487
v -0.56885 -0.58874 -0.00287
v -0.55836 -0.57015 -0.00126
v -0.53076 -0.53291 0.00325
v -0.56610 -0.60418 0.00006
v -0.56932 -0.62206 0.00247
v -0.56842 -0.63810 0.00137
v -0.56983 -0.65404 0.00019
v -0.57499 -0.63895 0.00191
v -0.56890 -0.67623 0.00174
v -0.56987 -0.68889 0.00090
v -0.56112 -0.69020 -0.00121
v -0.56586 -0.69435 -0.00112
v -0.57616 -0.61630 0.00233
v -0.50806 -0.48559 0.00187
v -0.57488 -0.60106 -0.00072
v -0.48721 -0.45280 -0.00149
v -0.47045 -0.43155 -0.00374
v -0.45725 -0.43354 0.00155
v -0.44615 -0.42057 0.00582
v -0.54848 -0.55010 0.00009
v -0.43316 -0.42060 0.00988
v -0.43267 -0.41131 0.01247
v -0.42025 -0.40545 0.01684
v -0.41335 -0.39086 0.02249
v -0.40255 -0.38923 0.02495
v -0.39542 -0.37355 0.03133
v -0.52809 -0.51649 0.00141
v -0.42840 -0.39767 0.01510
v -0.41451 -0.37875 0.02164
v -0.39964 -0.36897 0.02964
v -0.38361 -0.35746 0.03823
v -0.37042 -0.35625 0.04248
v -0.36383 -0.34304 0.04804
v -0.34840 -0.33151 0.05558
v -0.60731 -0.72167 -0.06190
v -0.60838 -0.71751 -0.05663
v -0.61138 -0.70731 -0.06083
v -0.60948 -0.71636 -0.06569
v -0.60222 -0.72867 -0.06820
v -0.60547 -0.72085 -0.07091
v -0.61028 -0.70076 -0.06746
v -0.61256 -0.69163 -0.06042
v -0.61088 -0.67423 -0.06956
v -0.60640 -0.70909 -0.07285
v -0.61499 -0.67770 -0.06184
v -0.61355 -0.65380 -0.06396
v -0.61043 -0.64257 -0.06804
v -0.61386 -0.63369 -0.05891
v -0.61101 -0.62500 -0.06637
v -0.61309 -0.61810 -0.05651
v -0.60990 -0.61304 -0.06459
v -0.60571 -0.63229 -0.07339
v -0.60560 -0.66133 -0.07399
v -0.60538 -0.61885 -0.07194
v -0.59993 -0.62386 -0.07841
v -0.60361 -0.69437 -0.07341
v -0.59896 -0.63306 -0.07913
v -0.59928 -0.64437 -0.07716
v -0.59961 -0.61649 -0.07576
v -0.59595 -0.60484 -0.07924
v -0.59574 -0.60068 -0.07166
v -0.59095 -0.59748 -0.07498
v -0.60238 -0.59768 -0.06232
v -0.58840 -0.57864 -0.06577
v -0.58311 -0.57463 -0.07079
v -0.58372 -0.56118 -0.06023
v -0.59420 -0.63708 -0.08031
v -0.57934 -0.55954 -0.06646
v -0.59294 -0.57985 -0.05870
v -0.59868 -0.72791 -0.07154
v -0.59330 -0.74684 -0.06922
v -0.59965 -0.71487 -0.07604
v -0.59381 -0.70905 -0.07633
v -0.59685 -0.69076 -0.07408
v -0.59830 -0.67317 -0.07403
v -0.58951 -0.72839 -0.07255
v -0.58759 -0.74784 -0.07119
v -0.59299 -0.65317 -0.07546
v -0.58945 -0.63888 -0.07888
v -0.58182 -0.76448 -0.06823
v -0.57263 -0.76968 -0.06956
v -0.57346 -0.77295 -0.06681
v -0.56666 -0.77571 -0.06769
v -0.61355 -0.65380 -0.06396
v -0.61297 -0.64271 -0.05442
v -0.61386 -0.63369 -0.05891
v -0.61225 -0.66166 -0.05176
v -0.61077 -0.62892 -0.05012
v -0.61309 -0.61810 -0.05651
v -0.61542 -0.66774 -0.05829
v -0.61405 -0.67759 -0.05512
v -0.61499 -0.67770 -0.06184
v -0.61256 -0.69163 -0.06042
v -0.60839 -0.61258 -0.04955
v -0.60937 -0.68233 -0.05030
v -0.60807 -0.70626 -0.05256
v -0.61138 -0.70731 -0.06083
v -0.60838 -0.71751 -0.05663
v -0.60481 -0.71628 -0.05165
v -0.60540 -0.65262 -0.04492
v -0.12350 -0.09936 0.08960
v -0.13675 -0.11419 0.10020
v -0.12478 -0.10747 0.09964
v -0.10918 -0.09765 0.09694
v -0.13002 -0.11840 0.10788
v -0.10957 -0.08716 0.08640
v -0.15066 -0.13149 0.10615
v -0.14780 -0.13618 0.11127
v -0.14817 -0.11855 0.09262
v -0.13478 -0.10620 0.08722
v -0.09840 -0.07995 0.09059
v -0.08996 -0.06524 0.08068
v -0.08002 -0.07070 0.09816
v -0.16381 -0.13440 0.09271
v -0.17506 -0.15116 0.10036
v -0.16770 -0.15335 0.10943
v -0.17745 -0.16226 0.10913
v -0.18457 -0.16114 0.10389
v -0.06927 -0.04861 0.09047
v -0.06113 -0.05124 0.10155
v -0.04446 -0.02971 0.09619
v -0.06070 -0.03629 0.08652
v -0.04031 -0.01560 0.08535
v -0.18147 -0.15119 0.08832
v -0.18478 -0.15860 0.09494
v -0.19266 -0.16169 0.08745
v -0.17656 -0.13813 0.08139
v -0.16102 -0.12679 0.08358
v -0.17752 -0.13378 0.07334
v -0.18956 -0.14148 0.07469
v -0.09036 -0.08532 0.10058
v -0.03471 -0.03619 0.10761
v -0.19610 -0.17071 0.10814
v -0.20128 -0.16896 0.09717
v -0.04457 -0.01704 0.07831
v -0.11204 -0.08743 0.07884
v -0.07885 -0.05268 0.07476
v -0.05758 -0.03011 0.07574
v -0.06020 -0.06176 0.10856
v -0.21799 -0.18099 0.10815
v -0.14460 -0.11278 0.08002
v -0.16260 -0.12512 0.07025
v -0.22571 -0.18206 0.09785
v -0.23123 -0.19078 0.11000
v -0.23790 -0.19111 0.09830
v -0.23871 -0.18744 0.08807
v -0.22407 -0.17767 0.08726
v -0.20877 -0.16774 0.08556
v -0.22108 -0.19084 0.11549
v -0.01745 -0.02903 0.11005
v -0.17525 -0.16639 0.11280
v -0.04165 -0.05306 0.11252
v -0.19423 -0.17875 0.11539
v -0.07566 -0.08048 0.10582
v -0.11246 -0.10736 0.10361
v -0.09725 -0.10366 0.10554
v -0.15154 -0.15076 0.11423
v -0.07139 -0.08937 0.10960
v -0.05978 -0.07346 0.11117
v -0.20566 -0.19226 0.12028
v -0.21747 -0.19742 0.12100
v -0.13541 -0.13242 0.11287
v -0.11028 -0.11943 0.10962
v -0.13823 -0.10508 0.06068
v -0.12522 -0.09747 0.06844
v -0.11572 -0.08784 0.05655
v -0.09557 -0.06966 0.06099
v -0.10742 -0.07903 0.04916
v -0.12971 -0.10011 0.05102
v -0.08216 -0.05488 0.04404
v -0.07128 -0.04453 0.05317
v -0.06214 -0.03486 0.04158
v -0.04395 -0.01876 0.04376
v -0.05195 -0.02449 0.06203
v -0.15354 -0.11749 0.05898
v -0.17589 -0.13277 0.05968
v -0.19235 -0.14352 0.05643
v -0.20070 -0.14746 0.06850
v -0.20561 -0.15149 0.07426
v -0.22159 -0.15838 0.06876
v -0.21218 -0.15470 0.05535
v -0.17755 -0.13488 0.05024
v -0.19677 -0.14783 0.04468
v -0.23155 -0.16333 0.05792
v -0.23458 -0.16468 0.06472
v -0.24973 -0.17463 0.05660
v -0.24953 -0.17547 0.06547
v -0.27096 -0.19130 0.05807
v -0.26527 -0.18870 0.04115
v -0.28378 -0.20302 0.04330
v -0.29960 -0.21610 0.04867
v -0.24971 -0.17548 0.04737
v -0.31297 -0.22944 0.03380
v -0.32370 -0.23875 0.04337
v -0.33367 -0.24745 0.03103
v -0.12454 -0.12160 0.11031
v -0.20648 -0.15814 0.07974
v -0.22244 -0.16370 0.07742
v -0.18956 -0.15184 0.08225
v -0.23032 -0.17502 0.08261
v -0.25884 -0.19018 0.07653
v -0.24881 -0.19913 0.08992
v -0.23868 -0.17040 0.07167
v -0.26330 -0.20837 0.08501
v -0.27775 -0.20408 0.07117
v -0.28180 -0.22059 0.07987
v -0.25433 -0.21624 0.09657
v -0.26771 -0.22969 0.09305
v -0.27916 -0.22886 0.08682
v -0.25130 -0.22825 0.10391
v -0.29574 -0.22237 0.06669
v -0.30123 -0.23892 0.07210
v -0.31523 -0.24001 0.05933
v -0.32499 -0.25944 0.06167
v -0.33364 -0.25830 0.05252
v -0.33051 -0.24756 0.04688
v -0.30533 -0.22441 0.05557
v -0.26583 -0.19017 0.06709
v -0.28316 -0.20509 0.06372
v -0.29353 -0.24191 0.07928
v -0.31976 -0.26661 0.06816
v -0.33861 -0.27260 0.05397
v -0.33895 -0.29826 0.06060
v -0.34061 -0.28592 0.05602
v -0.30070 -0.26069 0.07832
v -0.31349 -0.28423 0.07473
v -0.33112 -0.30124 0.06611
v -0.28154 -0.24860 0.08669
v -0.25960 -0.24490 0.09987
v -0.35325 -0.29076 0.04599
v -0.35574 -0.28128 0.03924
v -0.36152 -0.31158 0.04440
v -0.36118 -0.32799 0.04904
v -0.34466 -0.31669 0.05873
v -0.29401 -0.27748 0.08250
v -0.28025 -0.26285 0.08808
v -0.23982 -0.22866 0.11198
v -0.38012 -0.32654 0.03074
v -0.37695 -0.34166 0.04031
v -0.39431 -0.33944 0.02376
v -0.39103 -0.35232 0.03238
v -0.41004 -0.35853 0.01838
v -0.38361 -0.35746 0.03823
v -0.39964 -0.36897 0.02964
v -0.36383 -0.34304 0.04804
v -0.41451 -0.37875 0.02164
v -0.34840 -0.33151 0.05558
v -0.33138 -0.31344 0.06552
v -0.31784 -0.30194 0.07190
v -0.23497 -0.21337 0.11537
v -0.42895 -0.36801 0.00473
v -0.43264 -0.38372 0.00728
v -0.42840 -0.39767 0.01510
v -0.44671 -0.40048 0.00028
v -0.44615 -0.42057 0.00582
v -0.45492 -0.41643 -0.00071
v -0.46717 -0.41186 -0.00901
v -0.45725 -0.43354 0.00155
v -0.47045 -0.43155 -0.00374
v -0.48592 -0.43503 -0.00887
v -0.44517 -0.38443 -0.00421
v -0.46235 -0.40099 -0.01171
v -0.47808 -0.41319 -0.01690
v -0.24236 -0.20593 0.10640
v -0.41687 -0.35018 0.00721
v -0.40144 -0.33482 0.01423
v -0.36736 -0.29698 0.03402
v -0.37376 -0.31099 0.03112
v -0.23106 -0.20198 0.11677
v -0.22414 -0.20552 0.12195
v -0.23710 -0.19455 0.10791
v -0.40493 -0.33212 0.00618
v -0.43456 -0.36798 -0.00384
v -0.38621 -0.31412 0.01682
v -0.34508 -0.26738 0.04381
v -0.34847 -0.26553 0.03664
v -0.49012 -0.42487 -0.01993
v -0.49328 -0.43826 -0.01263
v -0.49700 -0.45822 -0.00368
v -0.50546 -0.46301 -0.00768
v -0.50806 -0.48559 0.00187
v -0.52053 -0.49058 -0.00347
v -0.52809 -0.51649 0.00141
v -0.53184 -0.50797 -0.00539
v -0.54704 -0.53798 -0.00321
v -0.54848 -0.55010 0.00009
v -0.56031 -0.55776 -0.00412
v -0.55838 -0.54687 -0.00941
v -0.56954 -0.56702 -0.00845
v -0.57056 -0.57814 -0.00646
v -0.48721 -0.45280 -0.00149
v -0.37463 -0.29717 0.02201
v -0.54266 -0.52343 -0.01018
v -0.57234 -0.56514 -0.01472
v -0.24555 -0.20130 0.09842
v -0.36492 -0.28191 0.02514
v -0.50151 -0.44167 -0.02284
v -0.51176 -0.46528 -0.01614
v -0.38711 -0.31012 0.01017
v -0.37539 -0.29288 0.01532
v -0.53057 -0.50024 -0.01231
v -0.45281 -0.38749 -0.01553
v -0.46598 -0.39855 -0.02462
v -0.42261 -0.34726 -0.00911
v -0.40380 -0.32717 0.00001
v -0.43413 -0.35999 -0.01531
v -0.49491 -0.42773 -0.02711
v -0.57593 -0.57997 -0.01261
v -0.58016 -0.59840 -0.00518
v -0.58524 -0.60424 -0.00912
v -0.58600 -0.61715 -0.00307
v -0.58170 -0.61219 -0.00036
v -0.44225 -0.37243 -0.01563
v -0.51844 -0.46778 -0.02953
v -0.53526 -0.49641 -0.02934
v -0.53442 -0.48310 -0.04250
v -0.54411 -0.49909 -0.03962
v -0.54740 -0.51491 -0.03186
v -0.55640 -0.51805 -0.04179
v -0.56539 -0.53898 -0.03694
v -0.55918 -0.54102 -0.02759
v -0.57014 -0.55735 -0.02970
v -0.57720 -0.55859 -0.03829
v -0.57813 -0.54949 -0.04751
v -0.54650 -0.52443 -0.02115
v -0.56050 -0.54596 -0.01945
v -0.58517 -0.56594 -0.04524
v -0.56837 -0.53409 -0.04865
v -0.57517 -0.56858 -0.03214
v -0.51850 -0.46214 -0.03899
v -0.45176 -0.38072 -0.02681
v -0.50459 -0.44211 -0.03382
v -0.48413 -0.41433 -0.02769
v -0.58067 -0.57715 -0.03776
v -0.59013 -0.58518 -0.04486
v -0.59106 -0.57556 -0.05207
v -0.59939 -0.59412 -0.05082
v -0.59831 -0.60370 -0.04438
v -0.60470 -0.61891 -0.04382
v -0.60819 -0.60581 -0.05749
v -0.57488 -0.60106 -0.00072
v -0.56885 -0.58874 -0.00287
v -0.58441 -0.55854 -0.05324
v -0.57252 -0.56562 -0.02296
v -0.46850 -0.39850 -0.03550
v -0.58873 -0.61397 -0.01150
v -0.59668 -0.61541 -0.03990
v -0.59294 -0.57985 -0.05870
v -0.58796 -0.59717 -0.04021
v -0.58004 -0.58864 -0.03765
v -0.55836 -0.57015 -0.00126
v -0.55099 -0.50793 -0.04713
v -0.34739 -0.26256 0.02926
v -0.57543 -0.58122 -0.03250
v -0.60202 -0.62909 -0.04131
v -0.58387 -0.62874 -0.00080
v -0.49293 -0.42514 -0.03853
v -0.58891 -0.63343 -0.00884
v -0.22281 -0.21505 0.12284
v -0.38563 -0.30726 0.00178
v -0.58081 -0.59261 -0.02043
v -0.57589 -0.58275 -0.02835
v -0.58657 -0.61095 -0.02093
v -0.60990 -0.61304 -0.06459
v -0.60238 -0.59768 -0.06232
v -0.58860 -0.62339 -0.01874
v -0.58831 -0.63967 -0.01521
v -0.58538 -0.66104 -0.01148
v -0.57804 -0.59555 -0.03013
v -0.57970 -0.60851 -0.03061
v -0.57358 -0.59220 -0.03442
v -0.58531 -0.64404 -0.02051
v -0.58233 -0.66509 -0.01954
v -0.58244 -0.67773 -0.01706
v -0.57803 -0.69172 -0.01314
v -0.57230 -0.69773 -0.00429
v -0.57948 -0.68813 -0.00720
v -0.58347 -0.67865 -0.00921
v -0.57203 -0.70531 -0.01020
v -0.56620 -0.71380 -0.00524
v -0.57816 -0.68466 -0.00213
v -0.56901 -0.70966 -0.01362
v -0.56446 -0.71957 -0.00948
v -0.55716 -0.72705 -0.00736
v -0.55903 -0.72535 -0.01171
v -0.55113 -0.73283 -0.01033
v -0.58244 -0.67773 -0.01706
v -0.58538 -0.66104 -0.01148
v -0.58311 -0.65966 -0.00456
v -0.58891 -0.63343 -0.00884
v -0.58387 -0.62874 -0.00080
v -0.58600 -0.61715 -0.00307
v -0.57943 -0.64648 -0.00021
v -0.57398 -0.66785 0.00063
v -0.56411 -0.70820 -0.00247
v -0.57400 -0.68362 0.00111
v -0.56987 -0.68889 0.00090
v -0.55560 -0.72523 -0.00513
v -0.56586 -0.69435 -0.00112
v -0.57499 -0.63895 0.00191
v -0.57616 -0.61630 0.00233
v -0.58170 -0.61219 -0.00036
v -0.56983 -0.65404 0.00019
v -0.54915 -0.73112 -0.00680
v -0.56890 -0.67623 0.00174
v -0.57488 -0.60106 -0.00072
v -0.56932 -0.62206 0.00247
v -0.55056 -0.72597 -0.00598
v -0.56050 -0.70707 -0.00348
v -0.54510 -0.73509 -0.01061
v -0.46424 -0.62673 -0.16076
v -0.46686 -0.61828 -0.15050
v -0.46767 -0.60676 -0.15437
v -0.46476 -0.61401 -0.16358
v -0.46560 -0.60290 -0.15944
v -0.46726 -0.59137 -0.14699
v -0.46483 -0.57981 -0.15088
v -0.46744 -0.59936 -0.14370
v -0.46774 -0.57932 -0.14509
v -0.46891 -0.58044 -0.13519
v -0.47298 -0.56699 -0.13712
v -0.47345 -0.57239 -0.13332
v -0.46119 -0.61988 -0.16740
v -0.47077 -0.55506 -0.13769
v -0.46127 -0.60812 -0.16669
v -0.45940 -0.64496 -0.16104
v -0.46275 -0.64073 -0.15507
v -0.46176 -0.65368 -0.15618
v -0.46270 -0.65567 -0.15020
v -0.46225 -0.66676 -0.15115
v -0.46468 -0.67212 -0.14484
v -0.46343 -0.63017 -0.15218
v -0.46596 -0.61078 -0.14165
v -0.46537 -0.58897 -0.13607
v -0.47445 -0.57279 -0.12454
v -0.47679 -0.56721 -0.13317
v -0.46326 -0.67519 -0.14515
v -0.46344 -0.67489 -0.14105
v -0.47804 -0.55852 -0.13511
v -0.46022 -0.58987 -0.15918
v -0.46470 -0.59938 -0.13772
v -0.46361 -0.61927 -0.14393
v -0.45931 -0.63860 -0.14847
v -0.46431 -0.58116 -0.12534
v -0.46163 -0.66437 -0.14483
v -0.45850 -0.65003 -0.14772
v -0.54844 -0.59494 -0.01764
v -0.53649 -0.58523 -0.01544
v -0.54646 -0.58837 -0.00843
v -0.53979 -0.59004 -0.02162
v -0.55363 -0.59556 -0.00932
v -0.55163 -0.59895 -0.01652
v -0.01745 -0.02903 0.11005
v -0.02420 -0.04893 0.11542
v -0.04165 -0.05306 0.11252
v -0.03817 -0.06134 0.11532
v -0.05082 -0.07517 0.11393
v -0.05978 -0.07346 0.11117
v -0.07139 -0.08937 0.10960
v -0.06879 -0.13476 0.02490
v -0.08779 -0.14875 0.02842
v -0.08566 -0.14257 0.02338
v -0.10287 -0.15986 0.03177
v -0.10389 -0.15235 0.02453
v -0.11948 -0.16685 0.03128
v -0.06449 -0.12281 0.01715
v -0.05252 -0.12070 0.02025
v -0.04273 -0.10966 0.01599
v -0.03786 -0.11391 0.02325
v -0.05188 -0.12522 0.02637
v -0.02450 -0.10233 0.02024
v -0.01748 -0.09274 0.01462
v -0.00625 -0.08940 0.02030
v -0.00039 -0.08029 0.01325
v 0.01026 -0.07488 0.01593
v -0.58770 -0.70403 -0.06731
v -0.58705 -0.70032 -0.06304
v -0.59311 -0.68576 -0.06746
v -0.58638 -0.70803 -0.06265
v -0.58762 -0.70788 -0.06897
v -0.59028 -0.68429 -0.06357
v -0.59208 -0.66351 -0.06686
v -0.59301 -0.69992 -0.07020
v -0.57882 -0.67575 -0.01368
v -0.58108 -0.65528 -0.01425
v -0.58035 -0.66112 -0.00900
v -0.57825 -0.67812 -0.00740
v -0.58416 -0.63724 -0.01369
v -0.57737 -0.68116 -0.00932
v -0.58258 -0.63152 -0.00618
v -0.58471 -0.61900 -0.01487
v -0.58377 -0.61621 -0.00868
v -0.58122 -0.60470 -0.01542
v -0.58293 -0.62409 -0.01996
v -0.57617 -0.68062 -0.01792
v -0.58106 -0.63982 -0.01935
v -0.57711 -0.66796 -0.01865
v -0.57668 -0.59943 -0.02458
v -0.57353 -0.58512 -0.02014
v -0.57068 -0.58639 -0.03053
v -0.56969 -0.57284 -0.02750
v -0.58535 -0.59918 -0.07676
v -0.58291 -0.59053 -0.07492
v -0.58409 -0.59543 -0.07207
v -0.58261 -0.58938 -0.07062
v -0.56134 -0.55705 -0.11685
v -0.55157 -0.54115 -0.10520
v -0.56172 -0.55780 -0.10745
v -0.55464 -0.54576 -0.11564
v -0.56029 -0.55365 -0.12587
v -0.53883 -0.52177 -0.10561
v -0.55450 -0.54744 -0.12849
v -0.54377 -0.53252 -0.11928
v -0.54492 -0.52701 -0.09656
v -0.56103 -0.55979 -0.13810
v -0.56725 -0.57079 -0.13708
v -0.56639 -0.57266 -0.14466
v -0.57418 -0.59233 -0.14378
v -0.57194 -0.58953 -0.14997
v -0.56373 -0.56488 -0.12420
v -0.56838 -0.57728 -0.13303
v -0.54223 -0.51139 -0.08325
v -0.56313 -0.56465 -0.11351
v -0.56630 -0.56581 -0.10623
v -0.53257 -0.51881 -0.11459
v -0.52925 -0.49814 -0.09007
v -0.53231 -0.49204 -0.07422
v -0.55581 -0.54298 -0.09972
v -0.51606 -0.47153 -0.07323
v -0.52076 -0.47521 -0.05559
v -0.50763 -0.45673 -0.05491
v -0.51560 -0.46580 -0.04206
v -0.52259 -0.47635 -0.03933
v -0.50315 -0.45155 -0.06515
v -0.49160 -0.43211 -0.04604
v -0.50269 -0.44810 -0.03734
v -0.49501 -0.43646 -0.02794
v -0.48453 -0.42165 -0.03051
v -0.53411 -0.49433 -0.05668
v -0.54463 -0.50956 -0.06800
v -0.53053 -0.48628 -0.04534
v -0.54258 -0.50372 -0.04742
v -0.54704 -0.51388 -0.05561
v -0.55541 -0.52398 -0.04501
v -0.56160 -0.53630 -0.05854
v -0.57201 -0.54849 -0.04826
v -0.57909 -0.55984 -0.05395
v -0.57160 -0.55293 -0.06219
v -0.48844 -0.43419 -0.06540
v -0.48408 -0.42477 -0.05580
v -0.47953 -0.41663 -0.04455
v -0.56292 -0.53948 -0.06885
v -0.57253 -0.55685 -0.06939
v -0.57934 -0.56778 -0.06275
v -0.51482 -0.47792 -0.08661
v -0.58886 -0.58663 -0.06243
v -0.59090 -0.58547 -0.05541
v -0.60349 -0.60721 -0.05822
v -0.49761 -0.45289 -0.07673
v -0.55095 -0.51725 -0.07846
v -0.53694 -0.49770 -0.03931
v -0.47297 -0.40986 -0.03186
v -0.46617 -0.40368 -0.03921
v -0.60275 -0.61284 -0.06534
v -0.60834 -0.61900 -0.05974
v -0.52213 -0.49566 -0.09788
v -0.46526 -0.40663 -0.04715
v -0.55601 -0.53218 -0.09017
v -0.44668 -0.38787 -0.03605
v -0.45131 -0.38763 -0.02814
v -0.43974 -0.37763 -0.02838
v -0.43211 -0.36533 -0.01780
v -0.42306 -0.35866 -0.01979
v -0.41591 -0.34736 -0.00776
v -0.40827 -0.34104 -0.01177
v -0.40019 -0.33054 -0.00463
v -0.40076 -0.33444 -0.01455
v -0.39128 -0.32103 -0.00429
v -0.40971 -0.34728 -0.02201
v -0.41389 -0.35492 -0.02662
v -0.42156 -0.36673 -0.03261
v -0.57946 -0.56404 -0.04618
v -0.56649 -0.54064 -0.07737
v -0.56461 -0.53632 -0.08621
v -0.57738 -0.55488 -0.08429
v -0.57771 -0.55520 -0.09145
v -0.58466 -0.57145 -0.08584
v -0.59062 -0.58451 -0.09602
v -0.56660 -0.58483 -0.15350
v -0.57500 -0.55749 -0.07643
v -0.59098 -0.58980 -0.08750
v -0.60400 -0.60943 -0.10322
v -0.59323 -0.59448 -0.10341
v -0.60299 -0.61353 -0.10969
v -0.60651 -0.61961 -0.10964
v -0.60182 -0.60795 -0.09358
v -0.58501 -0.58159 -0.10047
v -0.60793 -0.62358 -0.10148
v -0.57295 -0.60583 -0.15652
v -0.57748 -0.56786 -0.10018
v -0.56606 -0.55417 -0.10009
v -0.56929 -0.60314 -0.16052
v -0.57551 -0.56680 -0.06864
v -0.57804 -0.57097 -0.07483
v -0.60788 -0.62728 -0.10666
v -0.57907 -0.57928 -0.06901
v -0.57570 -0.57442 -0.07058
v -0.60181 -0.60733 -0.05281
v -0.60817 -0.61908 -0.05512
v -0.58804 -0.58541 -0.04911
v -0.60383 -0.61908 -0.09188
v -0.59027 -0.60362 -0.07064
v -0.57019 -0.62886 -0.16728
v -0.57284 -0.62758 -0.15996
v -0.57217 -0.64281 -0.16738
v -0.60092 -0.62244 -0.07067
v -0.57284 -0.64425 -0.16208
v -0.60427 -0.63383 -0.06830
v -0.60835 -0.64617 -0.10327
v -0.60852 -0.64657 -0.06251
v -0.59247 -0.60138 -0.10843
v -0.56368 -0.57266 -0.12252
v -0.60568 -0.66761 -0.06819
v -0.61011 -0.67303 -0.06247
v -0.57207 -0.61594 -0.15053
v -0.57162 -0.64779 -0.16688
v -0.60319 -0.63050 -0.11385
v -0.60597 -0.63611 -0.10873
v -0.60343 -0.64744 -0.11623
v -0.60763 -0.65075 -0.11142
v -0.60690 -0.66542 -0.11613
v -0.61118 -0.66999 -0.10902
v -0.60967 -0.68457 -0.11277
v -0.60562 -0.69274 -0.11828
v -0.57040 -0.59060 -0.13461
v -0.57148 -0.63773 -0.15571
v -0.60988 -0.69017 -0.10819
v -0.60940 -0.70474 -0.11179
v -0.60714 -0.70628 -0.11673
v -0.60360 -0.70359 -0.11991
v -0.56124 -0.57202 -0.11188
v -0.60744 -0.71057 -0.10971
v -0.60745 -0.70999 -0.10366
v -0.57053 -0.64822 -0.15865
v -0.44594 -0.39394 -0.00772
v -0.45672 -0.40273 -0.01288
v -0.44703 -0.38776 -0.01583
v -0.46131 -0.39994 -0.02697
v -0.43388 -0.37647 -0.00383
v -0.43004 -0.36528 -0.01134
v -0.41151 -0.35117 0.00639
v -0.40372 -0.33912 0.00574
v -0.39589 -0.32689 0.00428
v -0.37981 -0.31651 0.01906
v -0.38325 -0.31231 0.00847
v -0.36667 -0.29602 0.02517
v -0.36423 -0.28812 0.02243
v -0.34831 -0.27883 0.03891
v -0.34334 -0.26532 0.03351
v -0.32766 -0.25369 0.04780
v -0.31687 -0.23946 0.04641
v -0.30830 -0.23914 0.05848
v -0.29138 -0.21754 0.05726
v -0.28751 -0.22085 0.06708
v -0.26761 -0.20121 0.07096
v -0.27081 -0.19944 0.06310
v -0.24651 -0.18219 0.07057
v -0.29658 -0.21902 0.04583
v -0.26880 -0.19536 0.05654
v -0.37585 -0.30196 0.00974
v -0.24710 -0.17835 0.06097
v -0.31588 -0.23677 0.03891
v -0.47055 -0.41053 -0.02053
v -0.48460 -0.42427 -0.02222
v -0.49654 -0.44654 -0.01850
v -0.50438 -0.45481 -0.02595
v -0.51365 -0.47753 -0.01751
v -0.52204 -0.48507 -0.02877
v -0.53008 -0.50861 -0.01316
v -0.51571 -0.48738 -0.00858
v -0.49837 -0.46027 -0.00976
v -0.53712 -0.51585 -0.02405
v -0.55280 -0.54376 -0.01771
v -0.55037 -0.53606 -0.02804
v -0.53858 -0.53029 -0.00706
v -0.52006 -0.50388 -0.00323
v -0.55637 -0.55175 -0.01081
v -0.56152 -0.54976 -0.03255
v -0.56541 -0.56118 -0.02248
v -0.56576 -0.56531 -0.01250
v -0.22947 -0.16741 0.06560
v -0.22848 -0.17101 0.07375
v -0.56815 -0.56385 -0.03204
v -0.57075 -0.57790 -0.01434
v -0.34245 -0.26414 0.02606
v -0.36515 -0.29216 0.01096
v -0.57091 -0.57537 -0.03322
v -0.57770 -0.59728 -0.01132
v -0.38088 -0.31180 -0.00168
v -0.59845 -0.70868 -0.11696
v -0.60744 -0.71057 -0.10971
v -0.59997 -0.71066 -0.10710
v -0.58950 -0.70978 -0.11212
v -0.58937 -0.71066 -0.10618
v -0.59342 -0.70874 -0.11844
v -0.59514 -0.71220 -0.10221
v -0.60206 -0.70743 -0.11947
v -0.60362 -0.71319 -0.10243
v -0.60714 -0.70628 -0.11673
v -0.60745 -0.70999 -0.10366
v -0.55294 -0.72159 -0.01325
v -0.55826 -0.70590 -0.00843
v -0.55113 -0.72185 -0.00918
v -0.54442 -0.73104 -0.01234
v -0.55783 -0.71674 -0.01482
v -0.54846 -0.73214 -0.01328
v -0.55917 -0.69959 -0.01362
v -0.55998 -0.69626 -0.00599
v -0.54510 -0.73509 -0.01061
v -0.54374 -0.73300 -0.00877
v -0.55056 -0.72597 -0.00598
v -0.56050 -0.70707 -0.00348
v -0.55461 -0.69372 -0.16052
v -0.55445 -0.68096 -0.16201
v -0.55944 -0.68306 -0.16049
v -0.55679 -0.70140 -0.16067
v -0.55710 -0.66556 -0.15769
v -0.56140 -0.66579 -0.15738
v -0.56419 -0.65551 -0.15127
v -0.55737 -0.65486 -0.15106
v -0.56199 -0.64464 -0.14617
v -0.55696 -0.57853 -0.10557
v -0.56268 -0.57269 -0.10790
v -0.56409 -0.57760 -0.10267
v -0.56824 -0.57307 -0.10415
v -0.55850 -0.58177 -0.09843
v -0.56124 -0.57202 -0.11188
v -0.55301 -0.57899 -0.11113
v -0.56630 -0.56581 -0.10623
v -0.56313 -0.56465 -0.11351
v -0.57748 -0.56786 -0.10018
v -0.55660 -0.58307 -0.10862
v -0.55905 -0.58574 -0.10191
v -0.56395 -0.57906 -0.10812
v -0.56144 -0.57990 -0.11324
v -0.55215 -0.58507 -0.11338
v -0.55205 -0.58412 -0.10466
v -0.56641 -0.57281 -0.11251
v -0.56894 -0.57231 -0.10928
v -0.57063 -0.56721 -0.10910
v -0.56776 -0.56450 -0.11594
v -0.56714 -0.57200 -0.11678
v -0.48259 -0.56697 -0.12697
v -0.49074 -0.56393 -0.12911
v -0.48415 -0.56366 -0.13125
v -0.47679 -0.56721 -0.13317
v -0.47445 -0.57279 -0.12454
v -0.48716 -0.56689 -0.12146
v -0.48626 -0.55816 -0.13346
v -0.47804 -0.55852 -0.13511
v -0.49861 -0.56020 -0.13417
v -0.50096 -0.56538 -0.13149
v -0.51647 -0.56933 -0.13690
v -0.51143 -0.56027 -0.13772
v -0.53039 -0.56593 -0.14437
v -0.53140 -0.57263 -0.14435
v -0.54020 -0.57630 -0.14967
v -0.54878 -0.71210 -0.16068
v -0.55094 -0.71185 -0.15821
v -0.55456 -0.70646 -0.16250
v -0.55257 -0.70456 -0.16502
v -0.56043 -0.69213 -0.16949
v -0.55382 -0.69366 -0.16983
v -0.55988 -0.68559 -0.17323
v -0.56419 -0.67878 -0.17281
v -0.56385 -0.66568 -0.17604
v -0.55814 -0.67497 -0.17552
v -0.56053 -0.65564 -0.17773
v -0.56220 -0.64504 -0.17882
v -0.55323 -0.68376 -0.17167
v -0.55452 -0.65897 -0.17567
v -0.55398 -0.64254 -0.17716
v -0.38957 -0.39036 -0.03443
v -0.37821 -0.38181 -0.02340
v -0.39390 -0.40337 -0.03218
v -0.41138 -0.41923 -0.04640
v -0.37890 -0.37148 -0.02864
v -0.36371 -0.35876 -0.01772
v -0.41027 -0.40782 -0.04948
v -0.42950 -0.42237 -0.06315
v -0.39233 -0.38303 -0.03839
v -0.40533 -0.39613 -0.04714
v -0.42924 -0.42971 -0.06244
v -0.42298 -0.43549 -0.05029
v -0.43987 -0.43461 -0.07269
v -0.42775 -0.43795 -0.05735
v -0.43837 -0.44487 -0.07227
v -0.43334 -0.44548 -0.06401
v -0.43555 -0.45941 -0.06577
v -0.37688 -0.35817 -0.02765
v -0.44805 -0.44794 -0.08304
v -0.39237 -0.37286 -0.03771
v -0.42471 -0.40787 -0.05833
v -0.40683 -0.38790 -0.04699
v -0.44325 -0.46263 -0.08195
v -0.43866 -0.41998 -0.06800
v -0.44758 -0.43022 -0.07623
v -0.45050 -0.46539 -0.09176
v -0.40232 -0.37671 -0.04278
v -0.44486 -0.48939 -0.09647
v -0.45786 -0.44911 -0.08945
v -0.41536 -0.39138 -0.05097
v -0.38981 -0.36022 -0.03328
v -0.37691 -0.34680 -0.02630
v -0.36747 -0.34382 -0.02198
v -0.36241 -0.34761 -0.01966
v -0.35560 -0.33026 -0.01623
v -0.34751 -0.33154 -0.01229
v -0.34221 -0.31364 -0.01119
v -0.36200 -0.32753 -0.01800
v -0.33097 -0.30923 -0.00733
v -0.34310 -0.30588 -0.01015
v -0.32617 -0.29146 -0.00617
v -0.45638 -0.46634 -0.09682
v -0.45029 -0.48444 -0.10119
v -0.45730 -0.48548 -0.10636
v -0.45463 -0.50623 -0.11637
v -0.43409 -0.40532 -0.05991
v -0.42102 -0.38627 -0.04844
v -0.46571 -0.46455 -0.09796
v -0.44616 -0.41361 -0.06669
v -0.31364 -0.28311 -0.00425
v -0.38165 -0.33584 -0.02215
v -0.36710 -0.32019 -0.01523
v -0.46736 -0.48882 -0.10898
v -0.46252 -0.52249 -0.12738
v -0.45424 -0.52889 -0.12852
v -0.45462 -0.54378 -0.13682
v -0.46094 -0.43023 -0.07857
v -0.40039 -0.34938 -0.02917
v -0.40404 -0.36862 -0.03860
v -0.41791 -0.36175 -0.03596
v -0.40094 -0.33807 -0.02400
v -0.37591 -0.31214 -0.01113
v -0.35497 -0.30375 -0.00851
v -0.46832 -0.44412 -0.08732
v -0.44547 -0.39595 -0.05507
v -0.46257 -0.54534 -0.13735
v -0.46814 -0.53501 -0.13283
v -0.33907 -0.28913 -0.00501
v -0.44745 -0.54512 -0.13379
v -0.31983 -0.27439 -0.00402
v -0.45553 -0.55269 -0.14455
v -0.44714 -0.55505 -0.14567
v -0.44704 -0.56306 -0.15200
v -0.45407 -0.56279 -0.15270
v -0.44726 -0.57668 -0.15620
v -0.45709 -0.57485 -0.15494
v -0.45177 -0.58691 -0.16105
v -0.44892 -0.59975 -0.16751
v -0.45493 -0.60207 -0.16797
v -0.45119 -0.61043 -0.17095
v -0.46149 -0.56148 -0.14781
v -0.45636 -0.61372 -0.17064
v -0.46022 -0.58987 -0.15918
v -0.47077 -0.55506 -0.13769
v -0.48106 -0.54883 -0.13407
v -0.48596 -0.53680 -0.13092
v -0.50381 -0.54273 -0.13313
v -0.49713 -0.55413 -0.13456
v -0.52147 -0.54775 -0.13665
v -0.53800 -0.55768 -0.14332
v -0.53897 -0.54463 -0.13699
v -0.55246 -0.55721 -0.14560
v -0.54952 -0.56913 -0.15141
v -0.55405 -0.58017 -0.15848
v -0.56180 -0.57362 -0.15578
v -0.56195 -0.58816 -0.16215
v -0.55745 -0.60540 -0.16878
v -0.56705 -0.60516 -0.16819
v -0.56504 -0.61988 -0.17355
v -0.55942 -0.62679 -0.17544
v -0.54802 -0.59160 -0.16120
v -0.56660 -0.63694 -0.17728
v -0.55473 -0.62405 -0.17311
v -0.44348 -0.60905 -0.16752
v -0.29842 -0.25791 -0.00338
v -0.46127 -0.60812 -0.16669
v -0.30464 -0.25572 -0.00352
v -0.28131 -0.23543 -0.00053
v -0.27710 -0.24584 -0.00136
v -0.26336 -0.23286 0.00043
v -0.26184 -0.22165 0.00176
v -0.24770 -0.21799 0.00308
v -0.24516 -0.20903 0.00423
v -0.44970 -0.61898 -0.17103
v -0.23553 -0.21183 0.00629
v -0.23578 -0.20044 0.00831
v -0.21835 -0.19386 0.01462
v -0.46483 -0.57981 -0.15088
v -0.47298 -0.56699 -0.13712
v -0.54986 -0.60559 -0.16485
v -0.57129 -0.64929 -0.17499
v -0.44160 -0.59876 -0.16224
v -0.57177 -0.63413 -0.17400
v -0.44803 -0.51163 -0.11380
v -0.44383 -0.62059 -0.16797
v -0.44774 -0.52991 -0.12266
v -0.44244 -0.55723 -0.14269
v -0.44130 -0.56655 -0.14743
v -0.55917 -0.69959 -0.01362
v -0.55564 -0.69317 -0.00714
v -0.55998 -0.69626 -0.00599
v -0.56112 -0.69020 -0.00121
v -0.55275 -0.68879 -0.00592
v -0.56586 -0.69435 -0.00112
v -0.54726 -0.69885 -0.00837
v -0.54391 -0.69697 -0.00748
v -0.53954 -0.70223 -0.00833
v -0.54110 -0.70522 -0.00956
v -0.56050 -0.70707 -0.00348
v -0.55826 -0.70590 -0.00843
v -0.55113 -0.72185 -0.00918
v -0.54629 -0.69940 -0.01342
v -0.54726 -0.69885 -0.00837
v -0.55264 -0.69594 -0.01147
v -0.55564 -0.69317 -0.00714
v -0.55719 -0.69472 -0.01369
v -0.54110 -0.70522 -0.00956
v -0.55292 -0.69463 -0.01494
v -0.44511 -0.61748 -0.16344
v -0.44775 -0.61991 -0.16237
v -0.44408 -0.61989 -0.15546
v -0.44926 -0.61844 -0.16602
v -0.45156 -0.62114 -0.15313
v -0.45481 -0.61913 -0.16188
v -0.46094 -0.62038 -0.15183
v -0.45494 -0.62198 -0.14762
v -0.44737 -0.62253 -0.15063
v -0.45641 -0.61775 -0.16500
v -0.46117 -0.61816 -0.15848
v -0.45292 -0.61580 -0.16689
v -0.57547 -0.59267 -0.07402
v -0.57493 -0.59288 -0.07101
v -0.57716 -0.58658 -0.07042
v -0.57440 -0.60046 -0.07062
v -0.58943 -0.63950 -0.08259
v -0.58945 -0.63888 -0.07888
v -0.59420 -0.63708 -0.08031
v -0.59724 -0.63965 -0.08332
v -0.59896 -0.63306 -0.07913
v -0.60445 -0.63069 -0.08571
v -0.59993 -0.62386 -0.07841
v -0.60472 -0.61221 -0.08697
v -0.59595 -0.60484 -0.07924
v -0.61099 -0.61920 -0.09637
v -0.61145 -0.63913 -0.09770
v -0.61295 -0.62788 -0.10414
v -0.61302 -0.64318 -0.10418
v -0.60581 -0.60448 -0.09567
v -0.59454 -0.58595 -0.08640
v -0.58811 -0.58351 -0.07645
v -0.59095 -0.59748 -0.07498
v -0.58362 -0.56712 -0.07599
v -0.58311 -0.57463 -0.07079
v -0.57722 -0.55442 -0.07250
v -0.58882 -0.56623 -0.08720
v -0.58047 -0.55130 -0.08252
v -0.61221 -0.61738 -0.10548
v -0.61557 -0.66062 -0.10456
v -0.61308 -0.66107 -0.09949
v -0.61500 -0.67907 -0.10343
v -0.58582 -0.55850 -0.09150
v -0.60695 -0.60438 -0.10426
v -0.59954 -0.59194 -0.09990
v -0.59168 -0.57474 -0.09303
v -0.61513 -0.67495 -0.11174
v -0.61455 -0.69426 -0.10864
v -0.61040 -0.69557 -0.10049
v -0.61421 -0.71150 -0.10777
v -0.61156 -0.70993 -0.10159
v -0.61070 -0.72079 -0.10538
v -0.61071 -0.72252 -0.11012
v -0.60381 -0.73683 -0.10393
v -0.60360 -0.74274 -0.10779
v -0.59226 -0.75861 -0.10270
v -0.59514 -0.75997 -0.10774
v -0.58636 -0.76894 -0.10379
v -0.59884 -0.71415 -0.09624
v -0.60063 -0.70377 -0.09537
v -0.60621 -0.70714 -0.09686
v -0.60534 -0.72124 -0.09987
v -0.59722 -0.72422 -0.09958
v -0.59465 -0.74237 -0.10102
v -0.60398 -0.69058 -0.09641
v -0.58667 -0.75647 -0.10123
v -0.58131 -0.76800 -0.10115
v -0.57733 -0.77600 -0.10374
v -0.56949 -0.77785 -0.10208
v -0.57365 -0.77194 -0.10145
v -0.60783 -0.66870 -0.09554
v -0.60161 -0.67635 -0.09500
v -0.59877 -0.66283 -0.09168
v -0.60415 -0.64520 -0.08958
v -0.59692 -0.64716 -0.08651
v -0.59572 -0.68882 -0.09751
v -0.59291 -0.65367 -0.08989
v -0.59323 -0.67312 -0.09646
v -0.59213 -0.70697 -0.09734
v -0.59046 -0.71644 -0.09892
v -0.57025 -0.77925 -0.10403
v -0.59019 -0.72282 -0.10262
v -0.57858 -0.58900 -0.07291
v -0.57716 -0.58658 -0.07042
v -0.58261 -0.58938 -0.07062
v -0.58291 -0.59053 -0.07492
v -0.57547 -0.59267 -0.07402
v -0.58459 -0.62942 -0.07286
v -0.57453 -0.61739 -0.06614
v -0.58043 -0.60848 -0.07268
v -0.57440 -0.60046 -0.07062
v -0.56925 -0.59464 -0.06755
v -0.58606 -0.64557 -0.06800
v -0.59440 -0.65242 -0.07103
v -0.59208 -0.66351 -0.06686
v -0.59822 -0.67000 -0.06935
v -0.57493 -0.59288 -0.07101
v -0.56951 -0.58829 -0.07008
v -0.56411 -0.58751 -0.06771
v -0.59311 -0.68576 -0.06746
v -0.59901 -0.68792 -0.06939
v -0.57994 -0.59928 -0.07225
v -0.57182 -0.58157 -0.07070
v -0.57686 -0.59644 -0.07360
v -0.57907 -0.57928 -0.06901
v -0.57570 -0.57442 -0.07058
v -0.56609 -0.58421 -0.07190
v -0.58023 -0.59792 -0.07461
v -0.59213 -0.63299 -0.07457
v -0.59310 -0.61718 -0.07334
v -0.59809 -0.63200 -0.07358
v -0.59027 -0.60362 -0.07064
v -0.58409 -0.59543 -0.07207
v -0.60159 -0.65249 -0.07110
v -0.60568 -0.66761 -0.06819
v -0.60362 -0.69995 -0.06826
v -0.59542 -0.70868 -0.07178
v -0.60137 -0.71039 -0.07072
v -0.59301 -0.69992 -0.07020
v -0.60092 -0.62244 -0.07067
v -0.58762 -0.70788 -0.06897
v -0.60427 -0.63383 -0.06830
v -0.60275 -0.61284 -0.06534
v -0.60512 -0.71068 -0.06736
v -0.60708 -0.69860 -0.06372
v -0.61011 -0.67303 -0.06247
v -0.45985 -0.67284 -0.14705
v -0.46110 -0.67558 -0.14286
v -0.46326 -0.67519 -0.14515
v -0.45865 -0.66781 -0.15132
v -0.46225 -0.66676 -0.15115
v -0.45652 -0.65875 -0.15658
v -0.45940 -0.64496 -0.16104
v -0.46176 -0.65368 -0.15618
v -0.45151 -0.64717 -0.16024
v -0.45475 -0.63805 -0.16483
v -0.45604 -0.62420 -0.16916
v -0.44722 -0.63047 -0.16619
v -0.44970 -0.61898 -0.17103
v -0.45636 -0.61372 -0.17064
v -0.46119 -0.61988 -0.16740
v -0.44383 -0.62059 -0.16797
v -0.46127 -0.60812 -0.16669
v -0.45523 -0.66421 -0.15160
v -0.57994 -0.59928 -0.07225
v -0.58023 -0.59792 -0.07461
v -0.58409 -0.59543 -0.07207
v -0.56544 -0.77395 -0.06545
v -0.56912 -0.77377 -0.06304
v -0.56666 -0.77571 -0.06769
v -0.57412 -0.77240 -0.06322
v -0.57346 -0.77295 -0.06681
v -0.58167 -0.76637 -0.06234
v -0.58182 -0.76448 -0.06823
v -0.58937 -0.75720 -0.06462
v -0.59330 -0.74684 -0.06922
v -0.59742 -0.74174 -0.06341
v -0.60222 -0.72867 -0.06820
v -0.60373 -0.72601 -0.06303
v -0.60731 -0.72167 -0.06190
v -0.58981 -0.75429 -0.06005
v -0.60288 -0.72406 -0.05669
v -0.59660 -0.74009 -0.05924
v -0.60838 -0.71751 -0.05663
v -0.57870 -0.76579 -0.05995
v -0.60481 -0.71628 -0.05165
v -0.58711 -0.75235 -0.05732
v -0.59394 -0.73503 -0.05568
v -0.59715 -0.72246 -0.05268
v -0.57433 -0.77591 -0.10806
v -0.57733 -0.77600 -0.10374
v -0.57819 -0.77578 -0.10688
v -0.57025 -0.77925 -0.10403
v -0.58418 -0.77019 -0.11124
v -0.58763 -0.76916 -0.10777
v -0.59153 -0.76210 -0.11344
v -0.59514 -0.75997 -0.10774
v -0.59827 -0.75386 -0.11209
v -0.58636 -0.76894 -0.10379
v -0.60360 -0.74274 -0.10779
v -0.60543 -0.73351 -0.11471
v -0.61071 -0.72252 -0.11012
v -0.51550 -0.56301 -0.13410
v -0.52954 -0.57086 -0.13775
v -0.50987 -0.56498 -0.12882
v -0.49772 -0.55843 -0.12929
v -0.48874 -0.56042 -0.12643
v -0.48150 -0.55724 -0.12970
v -0.44511 -0.61748 -0.16344
v -0.44236 -0.61308 -0.15745
v -0.44551 -0.60189 -0.16063
v -0.29373 -0.29870 0.02350
v -0.28551 -0.27668 0.02026
v -0.30069 -0.28795 0.01339
v -0.30923 -0.29960 0.01208
v -0.31926 -0.31619 0.01096
v -0.30281 -0.31432 0.02299
v -0.32030 -0.32772 0.01634
v -0.28251 -0.30310 0.03251
v -0.27574 -0.29041 0.03163
v -0.27252 -0.27116 0.02628
v -0.25779 -0.28627 0.04077
v -0.25675 -0.27192 0.03368
v -0.23948 -0.26750 0.04029
v -0.22935 -0.25117 0.03744
v -0.22412 -0.26055 0.04611
v -0.24996 -0.25292 0.02928
v -0.22697 -0.23802 0.03352
v -0.23571 -0.23397 0.02835
v -0.26446 -0.25973 0.02441
v -0.20803 -0.24011 0.04327
v -0.20679 -0.24934 0.05038
v -0.21254 -0.22638 0.03814
v -0.19326 -0.23661 0.05252
v -0.18385 -0.22008 0.05352
v -0.17003 -0.21556 0.06037
v -0.16760 -0.20383 0.05430
v -0.15623 -0.19715 0.05617
v -0.25178 -0.24435 0.02174
v -0.21944 -0.22299 0.03422
v -0.33993 -0.33163 0.00048
v -0.33914 -0.32152 -0.00366
v -0.35649 -0.33508 -0.01178
v -0.32320 -0.30478 0.00149
v -0.36007 -0.34538 -0.01264
v -0.35763 -0.35053 -0.00778
v -0.37281 -0.34628 -0.01951
v -0.37234 -0.35899 -0.01915
v -0.38094 -0.37623 -0.02263
v -0.33908 -0.30877 -0.00526
v -0.36094 -0.32738 -0.01262
v -0.32016 -0.29068 -0.00036
v -0.31226 -0.29212 0.00379
v -0.30877 -0.28128 0.00162
v -0.29707 -0.27450 0.00435
v -0.30158 -0.26592 0.00082
v -0.38715 -0.37520 -0.02905
v -0.28261 -0.25133 0.00273
v -0.39997 -0.39922 -0.03568
v -0.40726 -0.39606 -0.04266
v -0.41994 -0.41584 -0.05024
v -0.20280 -0.21833 0.04365
v -0.20834 -0.21255 0.03962
v -0.19794 -0.20596 0.04538
v -0.18387 -0.20662 0.05098
v -0.42689 -0.41601 -0.05527
v -0.43136 -0.43415 -0.05639
v -0.38565 -0.36134 -0.02733
v -0.39790 -0.37150 -0.03423
v -0.40681 -0.38437 -0.04102
v -0.41996 -0.39782 -0.04893
v -0.43773 -0.41410 -0.05987
v -0.31383 -0.27692 0.00033
v -0.28091 -0.25796 0.00462
v -0.26043 -0.23845 0.00675
v -0.27479 -0.25735 0.00702
v -0.27269 -0.23581 0.00410
v -0.25062 -0.22622 0.00740
v -0.24220 -0.22427 0.01051
v -0.24005 -0.21429 0.00936
v -0.22912 -0.20874 0.01429
v -0.22307 -0.20942 0.01828
v -0.21502 -0.19387 0.02142
v -0.20671 -0.20011 0.02870
v -0.19608 -0.18632 0.03116
v -0.19293 -0.18938 0.03383
v -0.18027 -0.18098 0.03703
v -0.25474 -0.24026 0.01184
v -0.28569 -0.26759 0.00748
v -0.41550 -0.41793 -0.04441
v -0.18242 -0.17265 0.03589
v -0.20034 -0.18206 0.02924
v -0.32988 -0.34009 0.01609
v -0.34597 -0.34615 0.00391
v -0.31283 -0.33137 0.02703
v -0.23252 -0.22437 0.02055
v -0.18501 -0.18965 0.04041
v -0.29228 -0.31585 0.03466
v -0.21825 -0.21682 0.03012
v -0.27166 -0.25973 0.01453
v -0.29177 -0.27734 0.01308
v -0.23880 -0.27432 0.04693
v -0.34435 -0.35534 0.01390
v -0.19810 -0.19979 0.03965
v -0.19007 -0.19601 0.04382
v -0.36273 -0.36808 0.00218
v -0.35948 -0.35916 -0.00311
v -0.18584 -0.23602 0.06068
v -0.19759 -0.24658 0.05843
v -0.43914 -0.43820 -0.06569
v -0.20795 -0.20756 0.03522
v -0.43873 -0.44780 -0.06388
v -0.23154 -0.20222 0.01350
v -0.27513 -0.30349 0.04124
v -0.37559 -0.37715 -0.01201
v -0.38778 -0.38965 -0.02310
v -0.43280 -0.44133 -0.05207
v -0.17288 -0.17166 0.03749
v -0.21564 -0.25957 0.05413
v -0.23691 -0.27651 0.05415
v -0.25800 -0.29047 0.04652
v -0.40868 -0.41443 -0.03403
v -0.44789 -0.45805 -0.07925
v -0.44306 -0.46436 -0.07233
v -0.25916 -0.22251 0.00628
v -0.24947 -0.21266 0.00837
v -0.42470 -0.43108 -0.04487
v -0.16814 -0.21627 0.06573
v -0.43765 -0.45236 -0.05680
v -0.44450 -0.48309 -0.08149
v -0.44949 -0.47278 -0.08625
v -0.45064 -0.49113 -0.09740
v -0.44531 -0.50750 -0.09608
v -0.45110 -0.51532 -0.11108
v -0.44811 -0.53586 -0.11739
v -0.45345 -0.53182 -0.12314
v -0.45197 -0.54631 -0.13093
v -0.44648 -0.55236 -0.12924
v -0.44763 -0.55447 -0.13658
v -0.44716 -0.56331 -0.14612
v -0.44453 -0.56782 -0.14409
v -0.44641 -0.57815 -0.15022
v -0.44449 -0.58410 -0.14841
v -0.44314 -0.60139 -0.15596
v -0.57358 -0.59220 -0.03442
v -0.57804 -0.59555 -0.03013
v -0.57589 -0.58275 -0.02835
v -0.57206 -0.59873 -0.03466
v -0.55917 -0.69959 -0.01362
v -0.55719 -0.69472 -0.01369
v -0.55564 -0.69317 -0.00714
v -0.54374 -0.73300 -0.00877
v -0.55056 -0.72597 -0.00598
v -0.54915 -0.73112 -0.00680
v -0.54510 -0.73509 -0.01061
v -0.54878 -0.71210 -0.16068
v -0.54752 -0.71144 -0.15843
v -0.55094 -0.71185 -0.15821
v -0.02558 -0.04159 0.10790
v -0.03678 -0.03934 0.10250
v -0.03303 -0.02608 0.09477
v -0.05641 -0.05062 0.09822
v -0.01394 -0.04425 0.11054
v -0.04162 -0.05105 0.10692
v -0.03997 -0.06341 0.11038
v -0.05452 -0.06025 0.10532
v -0.06062 -0.07852 0.10645
v -0.05034 -0.08552 0.10892
v -0.07712 -0.10788 0.10604
v -0.08000 -0.09909 0.10434
v -0.07793 -0.08425 0.10057
v -0.09123 -0.09620 0.09966
v -0.09421 -0.11417 0.10447
v -0.10670 -0.10710 0.09902
v -0.10896 -0.11523 0.10319
v -0.12313 -0.11602 0.10248
v -0.13135 -0.11712 0.09932
v -0.13077 -0.12546 0.10623
v -0.14730 -0.13567 0.10547
v -0.13737 -0.13808 0.10922
v -0.15482 -0.15244 0.10887
v -0.16528 -0.15339 0.10528
v -0.16787 -0.16250 0.10808
v -0.17902 -0.16472 0.10359
v -0.18175 -0.17357 0.10939
v -0.18836 -0.17085 0.10544
v -0.20007 -0.18560 0.11273
v -0.21016 -0.18215 0.10650
v -0.21491 -0.18938 0.11129
v -0.21385 -0.19759 0.11654
v -0.22413 -0.19703 0.11229
v -0.22612 -0.20437 0.11499
v -0.23426 -0.19756 0.10445
v -0.23812 -0.21514 0.10675
v -0.24239 -0.20668 0.09863
v -0.25055 -0.22120 0.09598
v -0.24735 -0.23370 0.10185
v -0.26000 -0.23110 0.09244
v -0.26455 -0.21190 0.08014
v -0.27102 -0.22733 0.08552
v -0.27933 -0.23888 0.08203
v -0.28147 -0.22657 0.07754
v -0.24642 -0.20219 0.08726
v -0.24919 -0.19339 0.07924
v -0.23171 -0.18193 0.08101
v -0.24651 -0.18219 0.07057
v -0.22848 -0.17101 0.07375
v -0.20675 -0.16046 0.07541
v -0.20752 -0.15660 0.06981
v -0.20614 -0.17215 0.08374
v -0.19120 -0.15663 0.07854
v -0.19002 -0.16423 0.08367
v -0.18250 -0.15746 0.08475
v -0.17224 -0.14137 0.08082
v -0.23480 -0.19077 0.08722
v -0.23546 -0.22814 0.10897
v -0.25092 -0.24737 0.09756
v -0.18180 -0.14162 0.07166
v -0.26038 -0.24538 0.09413
v -0.28278 -0.25859 0.08171
v -0.29483 -0.25320 0.07476
v -0.30448 -0.27085 0.07299
v -0.29756 -0.28284 0.07590
v -0.31404 -0.29278 0.06948
v -0.32216 -0.28756 0.06489
v -0.33624 -0.31211 0.05816
v -0.34356 -0.30482 0.05229
v -0.32962 -0.27972 0.05790
v -0.35314 -0.29610 0.04130
v -0.34831 -0.27883 0.03891
v -0.36667 -0.29602 0.02517
v -0.32511 -0.26173 0.05597
v -0.36570 -0.31871 0.03565
v -0.37981 -0.31651 0.01906
v -0.37970 -0.32860 0.02520
v -0.37999 -0.34498 0.03285
v -0.39360 -0.34143 0.01859
v -0.40372 -0.33912 0.00574
v -0.41151 -0.35117 0.00639
v -0.40108 -0.36090 0.02088
v -0.39366 -0.36395 0.02743
v -0.37590 -0.35372 0.03683
v -0.39088 -0.36791 0.02889
v -0.41052 -0.37839 0.01884
v -0.40557 -0.38291 0.02157
v -0.42224 -0.39498 0.01294
v -0.42076 -0.37389 0.00841
v -0.43388 -0.37647 -0.00383
v -0.43866 -0.40021 0.00100
v -0.32766 -0.25369 0.04780
v -0.30830 -0.23914 0.05848
v -0.35848 -0.33087 0.04550
v -0.31631 -0.26761 0.06506
v -0.35280 -0.33596 0.04812
v -0.44594 -0.39394 -0.00772
v -0.45672 -0.40273 -0.01288
v -0.45805 -0.41805 -0.00764
v -0.45021 -0.42301 -0.00148
v -0.45880 -0.43823 -0.00360
v -0.46685 -0.43572 -0.00666
v -0.47156 -0.42920 -0.00996
v -0.48114 -0.45781 -0.00414
v -0.48786 -0.45300 -0.00710
v -0.49625 -0.47069 -0.00340
v -0.49837 -0.46027 -0.00976
v -0.49587 -0.48359 -0.00092
v -0.48456 -0.43160 -0.01589
v -0.49654 -0.44654 -0.01850
v -0.48460 -0.42427 -0.02222
v -0.51365 -0.47753 -0.01751
v -0.50817 -0.48740 -0.00279
v -0.46889 -0.45201 -0.00565
v -0.46888 -0.41624 -0.01395
v -0.43754 -0.41427 0.00502
v -0.51571 -0.48738 -0.00858
v -0.52006 -0.50388 -0.00323
v -0.52116 -0.51582 -0.00076
v -0.53858 -0.53029 -0.00706
v -0.54362 -0.54215 -0.00526
v -0.55637 -0.55175 -0.01081
v -0.55610 -0.56107 -0.00634
v -0.56576 -0.56531 -0.01250
v -0.56963 -0.58424 -0.00949
v -0.57075 -0.57790 -0.01434
v -0.57770 -0.59728 -0.01132
v -0.57781 -0.60345 -0.00705
v -0.58377 -0.61621 -0.00868
v -0.57936 -0.61826 -0.00343
v -0.58258 -0.63152 -0.00618
v -0.57637 -0.63652 -0.00290
v -0.57715 -0.65202 -0.00514
v -0.58035 -0.66112 -0.00900
v -0.57623 -0.66993 -0.00516
v -0.57825 -0.67812 -0.00740
v -0.57129 -0.67978 -0.00357
v -0.57132 -0.67485 -0.00300
v -0.57737 -0.68116 -0.00932
v -0.47055 -0.41053 -0.02053
v -0.21709 -0.18122 0.09230
v -0.22529 -0.21469 0.11652
v -0.21827 -0.20853 0.11910
v -0.22528 -0.19018 0.10638
v -0.11720 -0.12793 0.10731
v -0.11536 -0.10278 0.09174
v -0.10507 -0.09908 0.09388
v -0.09530 -0.08975 0.09396
v -0.09130 -0.07841 0.08816
v -0.10983 -0.09412 0.08613
v -0.50691 -0.50286 0.00041
v -0.27384 -0.26422 0.08586
v -0.26761 -0.20121 0.07096
v -0.28751 -0.22085 0.06708
v -0.07155 -0.07029 0.09839
v -0.29862 -0.24017 0.06847
v -0.07152 -0.05999 0.09071
v -0.09810 -0.12583 0.10638
v -0.21903 -0.21400 0.11932
v -0.30830 -0.23914 0.05848
v -0.28751 -0.22085 0.06708
v -0.29862 -0.24017 0.06847
v -0.18679 -0.24464 0.07830
v -0.16779 -0.22543 0.08335
v -0.17917 -0.23415 0.08792
v -0.19687 -0.25060 0.08378
v -0.20828 -0.26144 0.07408
v -0.19339 -0.25181 0.06854
v -0.16494 -0.22164 0.08958
v -0.17540 -0.23488 0.07251
v -0.21466 -0.26728 0.06277
v -0.23202 -0.27805 0.06999
v -0.23485 -0.28138 0.05582
v -0.24556 -0.28946 0.06068
v -0.26066 -0.29978 0.04885
v -0.26573 -0.30319 0.05760
v -0.27956 -0.31416 0.04186
v -0.28753 -0.32069 0.04775
v -0.30245 -0.33107 0.03235
v -0.32009 -0.34497 0.03683
v -0.32621 -0.34918 0.02375
v -0.34008 -0.36003 0.02819
v -0.35210 -0.37029 0.01579
v -0.36441 -0.37900 0.01836
v -0.36762 -0.38142 0.00862
v -0.38021 -0.39176 0.01340
v -0.37348 -0.38453 -0.00140
v -0.38857 -0.40147 0.00368
v -0.18023 -0.23786 0.06263
v -0.19246 -0.24933 0.06088
v -0.21864 -0.26790 0.05314
v -0.39098 -0.40150 -0.00877
v -0.38730 -0.39812 -0.02231
v -0.40329 -0.41468 -0.02652
v -0.41170 -0.42060 -0.02185
v -0.42157 -0.43240 -0.03707
v -0.41812 -0.43074 -0.04365
v -0.40568 -0.41799 -0.03812
v -0.43300 -0.44035 -0.03454
v -0.43487 -0.44692 -0.04254
v -0.42298 -0.43549 -0.05029
v -0.44492 -0.45635 -0.03909
v -0.42462 -0.43333 -0.02411
v -0.15409 -0.20759 0.09252
v -0.15692 -0.21149 0.07686
v -0.14538 -0.20060 0.08722
v -0.13946 -0.19289 0.09648
v -0.16645 -0.22274 0.06900
v -0.41106 -0.42282 -0.01198
v -0.41998 -0.43165 -0.00660
v -0.43803 -0.45322 -0.02107
v -0.44165 -0.45686 -0.01544
v -0.45030 -0.46947 -0.01843
v -0.45279 -0.47223 -0.02845
v -0.36832 -0.37677 -0.00981
v -0.35394 -0.36790 0.00545
v -0.19759 -0.24879 0.05126
v -0.44048 -0.45071 -0.03193
v -0.18171 -0.23698 0.05669
v -0.23871 -0.28061 0.04615
v -0.15597 -0.20585 0.06041
v -0.15019 -0.20184 0.07588
v -0.13607 -0.19394 0.08424
v -0.12816 -0.18826 0.09033
v -0.11574 -0.18073 0.08268
v -0.09899 -0.16942 0.08925
v -0.09164 -0.16382 0.08008
v -0.07190 -0.15099 0.08635
v -0.14760 -0.19682 0.06337
v -0.14473 -0.19389 0.05546
v -0.13437 -0.18424 0.04602
v -0.12838 -0.18239 0.06158
v -0.14323 -0.19379 0.07289
v -0.11600 -0.17414 0.06803
v -0.06969 -0.14734 0.07817
v -0.05066 -0.13567 0.08705
v -0.09725 -0.16241 0.06747
v -0.10104 -0.16378 0.04924
v -0.11981 -0.17600 0.04703
v -0.08284 -0.15093 0.05170
v -0.08190 -0.15068 0.06634
v -0.06503 -0.13692 0.06048
v -0.05538 -0.13153 0.06846
v -0.06210 -0.13592 0.04412
v -0.07520 -0.14463 0.03595
v -0.06070 -0.13353 0.03142
v -0.04990 -0.12562 0.04893
v -0.09313 -0.15602 0.03518
v -0.10937 -0.16746 0.03813
v -0.04899 -0.12651 0.03535
v -0.02858 -0.11021 0.03675
v -0.02900 -0.10934 0.02736
v -0.01423 -0.09835 0.02746
v -0.01272 -0.09491 0.04380
v -0.03089 -0.10883 0.05099
v 0.00556 -0.08232 0.02682
v 0.00403 -0.08172 0.03729
v -0.04193 -0.11656 0.05978
v -0.05188 -0.12522 0.02637
v -0.04509 -0.12938 0.07981
v -0.03655 -0.12399 0.08793
v -0.03173 -0.11634 0.07551
v 0.01026 -0.07488 0.01593
v -0.00625 -0.08940 0.02030
v -0.02451 -0.11364 0.08356
v -0.02229 -0.11221 0.08940
v -0.00825 -0.10045 0.08838
v -0.03117 -0.10947 0.06574
v -0.01633 -0.10181 0.07274
v 0.00559 -0.08604 0.08145
v 0.01684 -0.07552 0.08918
v -0.34070 -0.35612 0.01032
v -0.16996 -0.22329 0.05839
v 0.00403 -0.08035 0.06865
v -0.02691 -0.10169 0.05888
v -0.01830 -0.09478 0.06165
v -0.00985 -0.08508 0.05745
v -0.03786 -0.11391 0.02325
v -0.12034 -0.18077 0.07611
v -0.16198 -0.21166 0.05754
v -0.02450 -0.10233 0.02024
v -0.46304 -0.48628 -0.03955
v -0.39390 -0.40337 -0.03218
v -0.13041 -0.17861 0.03916
v -0.27817 -0.30872 0.03427
v -0.41138 -0.41923 -0.04640
v -0.45870 -0.48404 -0.01995
v -0.46675 -0.49526 -0.03448
v 0.01294 -0.06731 0.04575
v -0.25982 -0.29244 0.03761
v -0.21450 -0.26027 0.04667
v -0.15535 -0.19928 0.05046
v -0.14435 -0.18759 0.04283
v 0.01210 -0.06342 0.05251
v 0.00508 -0.07118 0.05846
v -0.31456 -0.33409 0.01934
v -0.47681 -0.51303 -0.04247
v -0.48178 -0.52404 -0.03494
v -0.48729 -0.52947 -0.04741
v -0.49666 -0.54161 -0.04150
v -0.49809 -0.54104 -0.05079
v -0.51340 -0.55714 -0.04807
v -0.50858 -0.55670 -0.02689
v -0.52629 -0.57417 -0.02696
v -0.51973 -0.56603 -0.01557
v -0.49841 -0.54504 -0.01745
v -0.50580 -0.55014 -0.06143
v -0.52609 -0.56818 -0.06053
v -0.52281 -0.56591 -0.07331
v -0.52855 -0.57183 -0.04636
v -0.49033 -0.53734 -0.02896
v -0.53641 -0.57902 -0.05808
v -0.53707 -0.57756 -0.08211
v -0.50685 -0.55359 -0.07284
v -0.48255 -0.52734 -0.02058
v -0.53649 -0.58523 -0.01544
v -0.54411 -0.58427 -0.06197
v -0.51802 -0.56089 -0.08519
v -0.52977 -0.56979 -0.09032
v -0.52640 -0.56650 -0.09699
v -0.53545 -0.57560 -0.10168
v -0.48495 -0.53254 -0.05599
v -0.53979 -0.59004 -0.02162
v -0.52360 -0.56871 -0.10906
v -0.53169 -0.57764 -0.11737
v -0.52645 -0.57622 -0.12644
v -0.53512 -0.58248 -0.12636
v -0.54160 -0.58210 -0.11136
v -0.54958 -0.58435 -0.09513
v -0.54454 -0.58860 -0.12192
v -0.49443 -0.54564 -0.07061
v -0.51307 -0.55915 -0.09099
v -0.52940 -0.57706 -0.13722
v -0.53461 -0.58185 -0.13587
v -0.55132 -0.58651 -0.07860
v -0.55723 -0.58937 -0.09660
v -0.53752 -0.58525 -0.03779
v -0.54225 -0.59175 -0.02849
v -0.54844 -0.59494 -0.01764
v -0.54415 -0.58636 -0.04898
v -0.55293 -0.59677 -0.02676
v -0.55546 -0.58943 -0.06754
v -0.55197 -0.58990 -0.05506
v -0.55771 -0.59363 -0.06313
v -0.55853 -0.59581 -0.05731
v -0.56235 -0.59573 -0.04525
v -0.55479 -0.59124 -0.04398
v -0.56599 -0.59538 -0.03646
v -0.47070 -0.50796 -0.02411
v -0.55163 -0.59895 -0.01652
v -0.54658 -0.59114 -0.03593
v -0.53497 -0.57897 -0.14350
v -0.56983 -0.59673 -0.03884
v -0.56350 -0.59142 -0.07178
v -0.55938 -0.59145 -0.07889
v -0.55674 -0.59202 -0.09025
v -0.57326 -0.60887 -0.07658
v -0.56025 -0.59759 -0.08575
v -0.56178 -0.60126 -0.09539
v -0.56800 -0.60720 -0.08216
v -0.37821 -0.38181 -0.02340
v -0.56683 -0.61661 -0.09050
v -0.57020 -0.62691 -0.10145
v -0.57519 -0.63745 -0.09838
v -0.58209 -0.63917 -0.08732
v -0.57196 -0.61959 -0.08396
v -0.57845 -0.62566 -0.07958
v -0.58319 -0.65619 -0.10117
v -0.58171 -0.62837 -0.07808
v -0.57284 -0.61290 -0.07297
v -0.58473 -0.63534 -0.07962
v -0.58943 -0.63950 -0.08259
v -0.58945 -0.63888 -0.07888
v -0.58765 -0.65081 -0.09164
v -0.08779 -0.14875 0.02842
v -0.06879 -0.13476 0.02490
v -0.10287 -0.15986 0.03177
v -0.55205 -0.58412 -0.10466
v -0.55215 -0.58507 -0.11338
v -0.55905 -0.58574 -0.10191
v -0.55876 -0.59389 -0.03647
v -0.35624 -0.35977 -0.00713
v -0.58762 -0.67134 -0.10248
v -0.59291 -0.65367 -0.08989
v -0.57431 -0.59557 -0.03603
v -0.53140 -0.57263 -0.14435
v -0.59323 -0.67312 -0.09646
v -0.33230 -0.33797 0.00491
v -0.51647 -0.56933 -0.13690
v -0.51458 -0.57125 -0.13036
v -0.50096 -0.56538 -0.13149
v -0.49847 -0.56751 -0.12370
v -0.49074 -0.56393 -0.12911
v -0.55660 -0.58307 -0.10862
v -0.48716 -0.56689 -0.12146
v -0.11948 -0.16685 0.03128
v -0.55749 -0.59696 -0.03184
v -0.54020 -0.57630 -0.14967
v -0.57932 -0.76017 -0.10542
v -0.58667 -0.75647 -0.10123
v -0.57365 -0.77194 -0.10145
v -0.56966 -0.77370 -0.10405
v -0.56949 -0.77785 -0.10208
v -0.58652 -0.74809 -0.10337
v -0.59465 -0.74237 -0.10102
v -0.59204 -0.73270 -0.10260
v -0.59722 -0.72422 -0.09958
v -0.59019 -0.72282 -0.10262
v -0.56822 -0.77771 -0.10546
v -0.58659 -0.70050 -0.12080
v -0.58593 -0.69430 -0.11522
v -0.58347 -0.70987 -0.11331
v -0.58677 -0.68879 -0.10916
v -0.58821 -0.68157 -0.11521
v -0.58762 -0.67134 -0.10248
v -0.58447 -0.70511 -0.10752
v -0.58498 -0.71635 -0.10529
v -0.58290 -0.72255 -0.11262
v -0.58566 -0.66773 -0.11089
v -0.58319 -0.65619 -0.10117
v -0.58032 -0.65031 -0.10739
v -0.57519 -0.63745 -0.09838
v -0.57020 -0.62691 -0.10145
v -0.59022 -0.68673 -0.10151
v -0.58918 -0.70013 -0.10079
v -0.58597 -0.72847 -0.11124
v -0.58696 -0.73437 -0.10973
v -0.59323 -0.67312 -0.09646
v -0.59213 -0.70697 -0.09734
v -0.59046 -0.71644 -0.09892
v -0.59572 -0.68882 -0.09751
v -0.57025 -0.77925 -0.10403
v -0.56822 -0.77771 -0.10546
v -0.56949 -0.77785 -0.10208
v -0.42470 -0.43108 -0.04487
v -0.43010 -0.43381 -0.03897
v -0.40868 -0.41443 -0.03403
v -0.41127 -0.41468 -0.02487
v -0.39335 -0.39723 -0.01434
v -0.42951 -0.42998 -0.02900
v -0.44175 -0.44298 -0.03745
v -0.43280 -0.44133 -0.05207
v -0.44110 -0.44801 -0.04516
v -0.41574 -0.41916 -0.01690
v -0.38929 -0.39547 0.00294
v -0.38778 -0.38965 -0.02310
v -0.37559 -0.37715 -0.01201
v -0.37950 -0.38392 -0.00087
v -0.41210 -0.41776 -0.00645
v -0.39807 -0.40302 0.00449
v -0.37528 -0.38194 0.01476
v -0.36789 -0.37578 0.00998
v -0.35125 -0.36403 0.01842
v -0.36273 -0.36808 0.00218
v -0.43229 -0.43872 -0.01677
v -0.44308 -0.44736 -0.02948
v -0.42419 -0.42871 -0.00635
v -0.43613 -0.44071 -0.00947
v -0.45893 -0.46992 -0.04071
v -0.45700 -0.46852 -0.03182
v -0.44904 -0.46034 -0.02001
v -0.46117 -0.47842 -0.02300
v -0.34435 -0.35534 0.01390
v -0.33282 -0.34890 0.02369
v -0.33961 -0.35493 0.02607
v -0.32549 -0.34382 0.03295
v -0.30659 -0.32949 0.03751
v -0.31283 -0.33137 0.02703
v -0.29228 -0.31585 0.03466
v -0.28162 -0.31039 0.04438
v -0.27513 -0.30349 0.04124
v -0.26143 -0.29531 0.05237
v -0.25800 -0.29047 0.04652
v -0.28071 -0.30884 0.05234
v -0.26243 -0.29546 0.05774
v -0.24053 -0.27953 0.06471
v -0.23691 -0.27651 0.05415
v -0.21949 -0.26523 0.06737
v -0.20924 -0.25740 0.06281
v -0.19226 -0.24466 0.07010
v -0.19722 -0.24705 0.07776
v -0.19759 -0.24658 0.05843
v -0.21564 -0.25957 0.05413
v -0.29642 -0.32033 0.04862
v -0.35467 -0.36549 0.02187
v -0.17555 -0.22724 0.07716
v -0.17704 -0.22696 0.08621
v -0.15891 -0.20760 0.08816
v -0.31371 -0.33294 0.04172
v -0.41756 -0.41926 0.00026
v -0.18584 -0.23602 0.06068
v -0.44636 -0.45433 -0.01475
v -0.16814 -0.21627 0.06573
v -0.15854 -0.20448 0.07220
v -0.14934 -0.19781 0.08579
v -0.14377 -0.19166 0.09311
v -0.13292 -0.18607 0.08857
v -0.12773 -0.18008 0.07721
v -0.11498 -0.17477 0.08654
v -0.13024 -0.18196 0.09463
v -0.11215 -0.17033 0.09477
v -0.09293 -0.15933 0.09013
v -0.09746 -0.16330 0.08429
v -0.07519 -0.14704 0.08685
v -0.07986 -0.14758 0.09454
v -0.05496 -0.13122 0.09126
v -0.05808 -0.13482 0.08397
v -0.03279 -0.11485 0.08653
v -0.03412 -0.11312 0.09386
v -0.00925 -0.09516 0.08677
v -0.01063 -0.09320 0.09434
v 0.00960 -0.07591 0.09032
v 0.00246 -0.08326 0.08396
v 0.01845 -0.06374 0.07399
v -0.07408 -0.14284 0.07467
v -0.10046 -0.16141 0.07477
v -0.00896 -0.09203 0.07828
v -0.14882 -0.19235 0.07022
v -0.15623 -0.19715 0.05617
v -0.14194 -0.18611 0.05931
v -0.12444 -0.17411 0.06929
v -0.11610 -0.16862 0.05621
v -0.09795 -0.15658 0.06199
v -0.09138 -0.15122 0.04630
v -0.06990 -0.13592 0.03760
v -0.12153 -0.17171 0.04711
v -0.07565 -0.13976 0.05717
v -0.05931 -0.12788 0.04430
v -0.04827 -0.11924 0.03200
v -0.03628 -0.10981 0.04080
v -0.02330 -0.09991 0.03047
v -0.08918 -0.15038 0.06814
v -0.06743 -0.13363 0.06655
v -0.05391 -0.12177 0.05563
v -0.04403 -0.11328 0.06467
v -0.00847 -0.08691 0.03720
v -0.00410 -0.08355 0.02432
v 0.01293 -0.06939 0.02565
v -0.03213 -0.10034 0.05912
v -0.02189 -0.09310 0.05207
v -0.09340 -0.15078 0.03650
v -0.14961 -0.18786 0.04785
v 0.00336 -0.07509 0.01855
v 0.00021 -0.07589 0.04302
v -0.05142 -0.12611 0.07573
v -0.03060 -0.10828 0.07481
v -0.12434 -0.17135 0.04134
v -0.11397 -0.16065 0.03405
v -0.06342 -0.12796 0.02878
v -0.01664 -0.09125 0.06804
v -0.02529 -0.09708 0.02145
v -0.04204 -0.11071 0.02409
v -0.46066 -0.47337 -0.01434
v -0.01171 -0.07928 0.05804
v 0.00450 -0.06971 0.06490
v 0.00744 -0.06084 0.05510
v -0.46850 -0.48954 -0.03168
v -0.47252 -0.49250 -0.04040
v -0.22036 -0.26229 0.07583
v 0.01098 -0.07126 0.09586
v -0.19961 -0.24630 0.08264
v -0.16760 -0.20383 0.05430
v -0.32988 -0.34009 0.01609
v -0.46949 -0.49544 -0.02336
v -0.47866 -0.50858 -0.03588
v -0.47750 -0.51100 -0.02066
v -0.47023 -0.49370 -0.01632
v -0.48894 -0.52763 -0.02950
v -0.48948 -0.52428 -0.04548
v -0.48995 -0.52654 -0.01573
v -0.50379 -0.54425 -0.01892
v -0.50837 -0.54860 -0.03495
v -0.52020 -0.56096 -0.01875
v -0.52961 -0.57149 -0.02614
v -0.49759 -0.53405 -0.04754
v -0.49734 -0.53456 -0.05370
v -0.51227 -0.54867 -0.05414
v -0.50572 -0.54481 -0.06437
v -0.52874 -0.56444 -0.05905
v -0.51677 -0.55510 -0.07029
v -0.53718 -0.57144 -0.08174
v -0.52084 -0.55745 -0.08308
v -0.53298 -0.56681 -0.10038
v -0.54045 -0.57356 -0.09849
v -0.54058 -0.57625 -0.05734
v -0.51752 -0.55616 -0.09251
v -0.52734 -0.56479 -0.04302
v -0.53451 -0.57218 -0.11304
v -0.54514 -0.57866 -0.11174
v -0.53497 -0.57137 -0.01144
v -0.54851 -0.57833 -0.09930
v -0.55122 -0.58103 -0.07969
v -0.55673 -0.58457 -0.09122
v -0.55916 -0.58706 -0.08601
v -0.56266 -0.59215 -0.09281
v -0.56264 -0.59020 -0.08267
v -0.55669 -0.58350 -0.07617
v -0.48186 -0.52129 -0.05448
v -0.52343 -0.56555 -0.11531
v -0.53724 -0.57782 -0.12364
v -0.52679 -0.57142 -0.13094
v -0.54699 -0.58501 -0.12343
v -0.53600 -0.57697 -0.13458
v -0.50398 -0.54788 -0.07875
v -0.54942 -0.58120 -0.06866
v -0.50635 -0.54281 -0.01129
v -0.53952 -0.58041 -0.03662
v -0.54507 -0.58814 -0.02643
v -0.53968 -0.58259 -0.01808
v -0.55033 -0.59115 -0.01852
v -0.55497 -0.59401 -0.02174
v -0.54626 -0.58520 -0.01273
v -0.55539 -0.59236 -0.01280
v -0.54648 -0.58324 -0.04518
v -0.53985 -0.58290 -0.13151
v -0.54451 -0.58835 -0.12939
v -0.55652 -0.58648 -0.06161
v -0.47964 -0.50926 -0.04560
v -0.52182 -0.55716 -0.01047
v -0.48060 -0.50970 -0.01226
v -0.55952 -0.58810 -0.04410
v -0.56121 -0.59169 -0.05403
v -0.56448 -0.59195 -0.04715
v -0.56423 -0.59339 -0.06265
v -0.57045 -0.59818 -0.04610
v -0.56719 -0.58974 -0.03757
v -0.56590 -0.59869 -0.05516
v -0.54469 -0.59810 -0.14180
v -0.57324 -0.59333 -0.04108
v -0.24972 -0.28091 0.07138
v -0.46980 -0.49021 -0.04342
v -0.54902 -0.60099 -0.13549
v -0.55216 -0.61136 -0.14514
v -0.55113 -0.61168 -0.15459
v -0.52954 -0.57086 -0.13775
v -0.27738 -0.30020 0.06227
v -0.50987 -0.56498 -0.12882
v -0.47210 -0.50751 -0.05189
v -0.56108 -0.58395 -0.07194
v -0.56379 -0.58499 -0.07564
v -0.55453 -0.62115 -0.15250
v -0.44018 -0.45496 -0.05193
v -0.43765 -0.45236 -0.05680
v -0.44949 -0.46934 -0.05001
v -0.55296 -0.58828 -0.03512
v -0.56411 -0.58751 -0.06771
v -0.55308 -0.62130 -0.15995
v -0.56016 -0.59157 -0.03121
v -0.56873 -0.60714 -0.06010
v -0.57279 -0.61485 -0.05077
v -0.57605 -0.62909 -0.05721
v -0.58386 -0.63776 -0.04863
v -0.58566 -0.65168 -0.05678
v -0.58265 -0.64407 -0.06232
v -0.58979 -0.65748 -0.05258
v -0.58897 -0.66356 -0.06054
v -0.54034 -0.57473 -0.14382
v -0.44147 -0.46768 -0.05778
v -0.44069 -0.47036 -0.06518
v -0.46766 -0.52950 -0.07147
v -0.57834 -0.61899 -0.04562
v -0.57453 -0.61739 -0.06614
v -0.46056 -0.49258 -0.05189
v -0.56609 -0.58421 -0.07190
v -0.09524 -0.14709 0.02940
v -0.55301 -0.57899 -0.11113
v -0.55215 -0.58323 -0.11924
v -0.55850 -0.58177 -0.09843
v -0.56459 -0.58617 -0.09917
v -0.55696 -0.57853 -0.10557
v -0.46157 -0.51334 -0.06195
v -0.45735 -0.52645 -0.07499
v -0.46204 -0.54391 -0.08921
v -0.45464 -0.54137 -0.09336
v -0.44946 -0.52576 -0.08373
v -0.44931 -0.54259 -0.10259
v -0.44962 -0.50588 -0.06490
v -0.44490 -0.50602 -0.07077
v -0.44375 -0.51286 -0.08123
v -0.44580 -0.52596 -0.09393
v -0.45487 -0.55365 -0.10280
v -0.45069 -0.56239 -0.11704
v -0.45610 -0.56498 -0.11414
v -0.46003 -0.55790 -0.10314
v -0.45142 -0.57579 -0.12667
v -0.44696 -0.57357 -0.13045
v -0.44677 -0.55341 -0.12166
v -0.44835 -0.59208 -0.13869
v -0.44459 -0.59300 -0.14462
v -0.44356 -0.48923 -0.06387
v -0.44683 -0.53436 -0.10677
v -0.44900 -0.48687 -0.05702
v -0.44220 -0.49387 -0.07162
v -0.44431 -0.57320 -0.13805
v -0.59139 -0.67413 -0.05563
v -0.59563 -0.67710 -0.05189
v -0.44307 -0.50626 -0.08602
v -0.58989 -0.68555 -0.05925
v -0.44500 -0.60788 -0.14485
v -0.44235 -0.61057 -0.15087
v -0.44536 -0.61868 -0.14871
v -0.44408 -0.61989 -0.15546
v -0.44737 -0.62253 -0.15063
v -0.44236 -0.61308 -0.15745
v -0.44511 -0.61748 -0.16344
v -0.44648 -0.55236 -0.12924
v -0.44453 -0.56782 -0.14409
v -0.44449 -0.58410 -0.14841
v -0.44314 -0.60139 -0.15596
v -0.58606 -0.64557 -0.06800
v -0.59208 -0.66351 -0.06686
v -0.58835 -0.70233 -0.05692
v -0.56654 -0.59302 -0.03172
v -0.43873 -0.44780 -0.06388
v -0.58705 -0.70032 -0.06304
v -0.58638 -0.70803 -0.06265
v -0.58956 -0.71037 -0.05630
v -0.56925 -0.59464 -0.06755
v -0.59028 -0.68429 -0.06357
v -0.44450 -0.48309 -0.08149
v -0.44531 -0.50750 -0.09608
v -0.44811 -0.53586 -0.11739
v -0.44306 -0.46436 -0.07233
v -0.56951 -0.58829 -0.07008
v -0.55831 -0.59656 -0.02582
v -0.55888 -0.67309 -0.01449
v -0.55971 -0.67253 -0.00996
v -0.56298 -0.65725 -0.01279
v -0.55832 -0.68098 -0.01184
v -0.56142 -0.67950 -0.00631
v -0.56279 -0.67094 -0.00643
v -0.56536 -0.65092 -0.00798
v -0.56447 -0.64656 -0.01409
v -0.56266 -0.63435 -0.00913
v -0.56181 -0.63536 -0.01390
v -0.55881 -0.62250 -0.01863
v -0.55895 -0.61447 -0.01096
v -0.55760 -0.60596 -0.02074
v -0.55709 -0.60007 -0.01507
v -0.56445 -0.65926 -0.01870
v -0.55994 -0.68119 -0.01683
v -0.56691 -0.64373 -0.02020
v -0.56476 -0.63236 -0.02296
v -0.56027 -0.60866 -0.02592
v -0.56560 -0.62244 -0.02782
v -0.56157 -0.67506 -0.01999
v -0.55540 -0.61212 -0.16455
v -0.55308 -0.62130 -0.15995
v -0.55155 -0.60863 -0.16008
v -0.55049 -0.59170 -0.15663
v -0.54468 -0.58858 -0.15034
v -0.54511 -0.59612 -0.14829
v -0.54014 -0.58087 -0.14037
v -0.54034 -0.57473 -0.14382
v -0.53600 -0.57697 -0.13458
v -0.55113 -0.61168 -0.15459
v -0.54469 -0.59810 -0.14180
v -0.53985 -0.58290 -0.13151
v -0.55164 -0.63317 -0.16289
v -0.55404 -0.63303 -0.16872
v -0.55228 -0.64353 -0.16983
v -0.55080 -0.64650 -0.16400
v -0.55343 -0.64737 -0.17052
v -0.54952 -0.57412 -0.14849
v -0.55126 -0.64044 -0.15863
v -0.55414 -0.62950 -0.15494
v -0.55453 -0.62115 -0.15250
v -0.55347 -0.64798 -0.15621
v -0.55451 -0.63944 -0.15344
v -0.59663 -0.71478 -0.06216
v -0.59845 -0.71182 -0.06789
v -0.60193 -0.71225 -0.06026
v -0.60512 -0.71068 -0.06736
v -0.60137 -0.71039 -0.07072
v -0.60594 -0.71219 -0.06230
v -0.60459 -0.71104 -0.05642
v -0.59756 -0.71066 -0.05308
v -0.59407 -0.71239 -0.05746
v -0.59542 -0.70868 -0.07178
v -0.59124 -0.71138 -0.06402
v -0.58762 -0.70788 -0.06897
v -0.58956 -0.71037 -0.05630
v -0.58638 -0.70803 -0.06265
v -0.55659 -0.64472 -0.17315
v -0.56119 -0.64777 -0.17131
v -0.55343 -0.64737 -0.17052
v -0.56677 -0.64746 -0.17212
v -0.55511 -0.64838 -0.16351
v -0.56370 -0.64878 -0.16180
v -0.57162 -0.64779 -0.16688
v -0.57053 -0.64822 -0.15865
v -0.56241 -0.64846 -0.15664
v -0.56584 -0.64998 -0.15365
v -0.55920 -0.65045 -0.15425
v -0.55347 -0.64798 -0.15621
v -0.55080 -0.64650 -0.16400
v -0.28821 -0.28628 0.07689
v -0.31255 -0.30216 0.06830
v -0.29756 -0.28284 0.07590
v -0.27384 -0.26422 0.08586
v -0.26871 -0.26823 0.08617
v -0.25092 -0.24737 0.09756
v -0.31404 -0.29278 0.06948
v -0.33226 -0.31775 0.05913
v -0.33624 -0.31211 0.05816
v -0.35280 -0.33596 0.04812
v -0.33990 -0.33254 0.05104
v -0.36040 -0.35108 0.04052
v -0.37590 -0.35372 0.03683
v -0.38212 -0.36912 0.03060
v -0.39088 -0.36791 0.02889
v -0.39495 -0.38124 0.02366
v -0.40557 -0.38291 0.02157
v -0.41615 -0.39870 0.01484
v -0.42224 -0.39498 0.01294
v -0.42872 -0.41191 0.00865
v -0.44535 -0.43275 -0.00013
v -0.43754 -0.41427 0.00502
v -0.45021 -0.42301 -0.00148
v -0.45880 -0.43823 -0.00360
v -0.46154 -0.45487 -0.00634
v -0.46889 -0.45201 -0.00565
v -0.46648 -0.46583 -0.00719
v -0.32074 -0.31883 0.05840
v -0.30055 -0.30289 0.06716
v -0.40494 -0.39382 0.01702
v -0.41894 -0.41087 0.00808
v -0.26153 -0.27015 0.08465
v -0.24194 -0.24567 0.09981
v -0.23546 -0.22814 0.10897
v -0.22489 -0.22471 0.11316
v -0.22529 -0.21469 0.11652
v -0.21903 -0.21400 0.11932
v -0.21305 -0.21981 0.11526
v -0.43801 -0.43417 -0.00190
v -0.45345 -0.45017 -0.00660
v -0.22448 -0.23337 0.10727
v -0.21182 -0.21155 0.11882
v -0.21827 -0.20853 0.11910
v -0.20338 -0.20286 0.11780
v -0.45845 -0.46299 -0.01021
v -0.21385 -0.19759 0.11654
v -0.28013 -0.29135 0.07182
v -0.47820 -0.46958 -0.00384
v -0.48114 -0.45781 -0.00414
v -0.46685 -0.43572 -0.00666
v -0.49587 -0.48359 -0.00092
v -0.49112 -0.49307 -0.00115
v -0.50691 -0.50286 0.00041
v -0.50314 -0.51206 -0.00021
v -0.51472 -0.52105 0.00029
v -0.52116 -0.51582 -0.00076
v -0.56578 -0.68076 -0.02035
v -0.56872 -0.68101 -0.01313
v -0.56378 -0.68285 -0.01825
v -0.55832 -0.68098 -0.01184
v -0.56142 -0.67950 -0.00631
v -0.57129 -0.67978 -0.00357
v -0.57737 -0.68116 -0.00932
v -0.57125 -0.68222 -0.02016
v -0.57617 -0.68062 -0.01792
v -0.55994 -0.68119 -0.01683
v -0.56672 -0.67672 -0.00307
v -0.30171 -0.31922 0.05205
v -0.30055 -0.30289 0.06716
v -0.27738 -0.30020 0.06227
v -0.32074 -0.31883 0.05840
v -0.33310 -0.33911 0.04241
v -0.33990 -0.33254 0.05104
v -0.28013 -0.29135 0.07182
v -0.26077 -0.28234 0.07461
v -0.36040 -0.35108 0.04052
v -0.31371 -0.33294 0.04172
v -0.29642 -0.32033 0.04862
v -0.34307 -0.35364 0.03042
v -0.36244 -0.36025 0.03187
v -0.24972 -0.28091 0.07138
v -0.24131 -0.26534 0.08240
v -0.22036 -0.26229 0.07583
v -0.37797 -0.37181 0.02741
v -0.37061 -0.37514 0.02021
v -0.37528 -0.38194 0.01476
v -0.21926 -0.24416 0.09155
v -0.20648 -0.24070 0.08877
v -0.35467 -0.36549 0.02187
v -0.32549 -0.34382 0.03295
v -0.39589 -0.39490 0.01232
v -0.39807 -0.40302 0.00449
v -0.39495 -0.38124 0.02366
v -0.38212 -0.36912 0.03060
v -0.40494 -0.39382 0.01702
v -0.41894 -0.41087 0.00808
v -0.41756 -0.41926 0.00026
v -0.26153 -0.27015 0.08465
v -0.24194 -0.24567 0.09981
v -0.22917 -0.24540 0.09689
v -0.22448 -0.23337 0.10727
v -0.19961 -0.24630 0.08264
v -0.20392 -0.22736 0.09790
v -0.19125 -0.23020 0.09129
v -0.19336 -0.21721 0.10159
v -0.43801 -0.43417 -0.00190
v -0.17704 -0.22696 0.08621
v -0.17658 -0.21678 0.09414
v -0.20846 -0.22392 0.10767
v -0.21305 -0.21981 0.11526
v -0.33961 -0.35493 0.02607
v -0.42419 -0.42871 -0.00635
v -0.43613 -0.44071 -0.00947
v -0.15934 -0.20339 0.09417
v -0.19672 -0.20809 0.11349
v -0.44710 -0.45043 -0.00986
v -0.45345 -0.45017 -0.00660
v -0.44636 -0.45433 -0.01475
v -0.19041 -0.20711 0.10736
v -0.16333 -0.19920 0.09823
v -0.18153 -0.20646 0.10076
v -0.45845 -0.46299 -0.01021
v -0.15690 -0.18616 0.10217
v -0.15891 -0.20760 0.08816
v -0.14377 -0.19166 0.09311
v -0.13809 -0.18327 0.09758
v -0.13024 -0.18196 0.09463
v -0.11215 -0.17033 0.09477
v -0.11996 -0.16505 0.10279
v -0.10194 -0.15805 0.09950
v -0.07986 -0.14758 0.09454
v -0.08171 -0.14270 0.09959
v -0.18041 -0.19394 0.10938
v -0.17655 -0.19650 0.10294
v -0.06017 -0.12817 0.09879
v -0.05496 -0.13122 0.09126
v -0.03412 -0.11312 0.09386
v -0.04019 -0.10929 0.10144
v -0.01503 -0.08811 0.10178
v -0.01063 -0.09320 0.09434
v 0.01098 -0.07126 0.09586
v 0.00665 -0.06646 0.10202
v -0.46066 -0.47337 -0.01434
v -0.46992 -0.48502 -0.01064
v -0.47023 -0.49370 -0.01632
v -0.48060 -0.50970 -0.01226
v -0.47970 -0.49937 -0.00792
v -0.49765 -0.52492 -0.00608
v -0.48995 -0.52654 -0.01573
v -0.50635 -0.54281 -0.01129
v -0.51333 -0.54192 -0.00502
v -0.52182 -0.55716 -0.01047
v -0.52932 -0.55420 -0.00378
v -0.53497 -0.57137 -0.01144
v -0.54622 -0.57350 -0.00556
v -0.54626 -0.58520 -0.01273
v -0.55841 -0.59070 -0.00905
v -0.55539 -0.59236 -0.01280
v -0.55709 -0.60007 -0.01507
v -0.56176 -0.60090 -0.00781
v -0.06930 -0.12663 0.10326
v -0.21182 -0.21155 0.11882
v -0.51019 -0.53079 -0.00187
v -0.48845 -0.50213 -0.00339
v -0.49812 -0.51714 -0.00283
v -0.52158 -0.53964 -0.00119
v -0.03789 -0.09536 0.10672
v -0.18763 -0.19281 0.11360
v -0.16657 -0.18081 0.10756
v -0.47838 -0.48519 -0.00498
v -0.46648 -0.46583 -0.00719
v -0.01275 -0.07262 0.10699
v -0.14302 -0.17171 0.10427
v -0.11349 -0.15150 0.10610
v -0.08696 -0.13366 0.10469
v -0.20338 -0.20286 0.11780
v -0.55895 -0.61447 -0.01096
v -0.56560 -0.62104 -0.00358
v -0.56266 -0.63435 -0.00913
v -0.56631 -0.63886 -0.00530
v -0.56536 -0.65092 -0.00798
v -0.13734 -0.15376 0.10883
v -0.55753 -0.58016 -0.00596
v -0.56498 -0.58904 -0.00707
v -0.16091 -0.16601 0.10841
v -0.53851 -0.55740 -0.00278
v -0.06265 -0.10872 0.10675
v -0.00892 -0.05497 0.10964
v -0.03233 -0.07047 0.11026
v -0.54887 -0.56356 -0.00347
v -0.50314 -0.51206 -0.00021
v -0.51472 -0.52105 0.00029
v -0.52697 -0.53638 -0.00084
v -0.11390 -0.13940 0.10785
v -0.17168 -0.17550 0.10957
v -0.05034 -0.08552 0.10892
v -0.49112 -0.49307 -0.00115
v -0.47820 -0.46958 -0.00384
v -0.01394 -0.04425 0.11054
v -0.09810 -0.12583 0.10638
v -0.07712 -0.10788 0.10604
v -0.13737 -0.13808 0.10922
v -0.15482 -0.15244 0.10887
v -0.03997 -0.06341 0.11038
v -0.57013 -0.63807 -0.00295
v -0.57273 -0.61774 -0.00204
v -0.57637 -0.63652 -0.00290
v -0.57715 -0.65202 -0.00514
v -0.53917 -0.54625 -0.00259
v -0.16787 -0.16250 0.10808
v -0.57012 -0.66044 -0.00439
v -0.57623 -0.66993 -0.00516
v -0.11720 -0.12793 0.10731
v -0.52116 -0.51582 -0.00076
v -0.18681 -0.18432 0.11290
v -0.56681 -0.60685 -0.00408
v -0.57936 -0.61826 -0.00343
v -0.55610 -0.56107 -0.00634
v -0.18175 -0.17357 0.10939
v -0.57219 -0.60377 -0.00448
v -0.57132 -0.67485 -0.00300
v -0.56672 -0.67672 -0.00307
v -0.57129 -0.67978 -0.00357
v -0.56963 -0.58424 -0.00949
v -0.20007 -0.18560 0.11273
v -0.21385 -0.19759 0.11654
v -0.56279 -0.67094 -0.00643
v -0.54362 -0.54215 -0.00526
v -0.57781 -0.60345 -0.00705
v -0.56142 -0.67950 -0.00631
v -0.54752 -0.71144 -0.15843
v -0.54893 -0.70400 -0.16037
v -0.55088 -0.70877 -0.15728
v -0.55461 -0.69372 -0.16052
v -0.55166 -0.69235 -0.16386
v -0.55445 -0.68096 -0.16201
v -0.55125 -0.67881 -0.16696
v -0.55048 -0.69733 -0.16573
v -0.55252 -0.67062 -0.16288
v -0.55029 -0.66349 -0.16534
v -0.55710 -0.66556 -0.15769
v -0.55223 -0.65926 -0.15742
v -0.54849 -0.70718 -0.16257
v -0.54815 -0.65292 -0.15901
v -0.55289 -0.64904 -0.15024
v -0.54873 -0.63841 -0.15351
v -0.54638 -0.64377 -0.15888
v -0.54878 -0.71210 -0.16068
v -0.55612 -0.62220 -0.14325
v -0.55911 -0.61287 -0.13338
v -0.56336 -0.62266 -0.14132
v -0.55188 -0.61032 -0.13451
v -0.55095 -0.60040 -0.12658
v -0.55448 -0.59651 -0.12334
v -0.55092 -0.58894 -0.11923
v -0.54454 -0.58860 -0.12192
v -0.55215 -0.58507 -0.11338
v -0.54108 -0.59382 -0.12991
v -0.53512 -0.58248 -0.12636
v -0.54499 -0.60775 -0.14010
v -0.54857 -0.61495 -0.14707
v -0.55278 -0.62821 -0.14875
v -0.56128 -0.63273 -0.14444
v -0.53843 -0.59280 -0.13553
v -0.54160 -0.58210 -0.11136
v -0.54046 -0.59993 -0.14554
v -0.54726 -0.61491 -0.15640
v -0.54902 -0.62533 -0.15487
v -0.55532 -0.64070 -0.14706
v -0.56199 -0.64464 -0.14617
v -0.55737 -0.65486 -0.15106
v -0.54614 -0.64367 -0.16720
v -0.54691 -0.63290 -0.16333
v -0.54670 -0.65138 -0.16518
v -0.54855 -0.62297 -0.16113
v -0.54707 -0.61005 -0.16139
v -0.55069 -0.66489 -0.17033
v -0.55037 -0.62575 -0.16916
v -0.54151 -0.59248 -0.15339
v -0.55323 -0.68376 -0.17167
v -0.55382 -0.69366 -0.16983
v -0.53718 -0.58614 -0.14435
v -0.54968 -0.64581 -0.17327
v -0.54020 -0.57630 -0.14967
v -0.53461 -0.58185 -0.13587
v -0.53497 -0.57897 -0.14350
v -0.54986 -0.60559 -0.16485
v -0.55452 -0.65897 -0.17567
v -0.54802 -0.59160 -0.16120
v -0.55473 -0.62405 -0.17311
v -0.55398 -0.64254 -0.17716
v -0.55257 -0.70456 -0.16502
v -0.59234 -0.69615 -0.12349
v -0.59402 -0.67721 -0.12142
v -0.58914 -0.68971 -0.11962
v -0.58659 -0.70050 -0.12080
v -0.59007 -0.71417 -0.12176
v -0.59622 -0.71647 -0.12350
v -0.58810 -0.72577 -0.12033
v -0.58443 -0.72153 -0.11799
v -0.59916 -0.69721 -0.12431
v -0.60220 -0.67247 -0.12286
v -0.59051 -0.65879 -0.12173
v -0.59460 -0.65093 -0.12295
v -0.58552 -0.63497 -0.11918
v -0.59047 -0.63117 -0.12059
v -0.57791 -0.60261 -0.11252
v -0.57196 -0.60899 -0.10989
v -0.56555 -0.58626 -0.10527
v -0.57930 -0.58900 -0.11005
v -0.57174 -0.57704 -0.10799
v -0.59157 -0.61286 -0.11734
v -0.58658 -0.65978 -0.11815
v -0.57884 -0.63519 -0.11295
v -0.58572 -0.71178 -0.11706
v -0.58821 -0.68157 -0.11521
v -0.56241 -0.59258 -0.10155
v -0.55905 -0.58574 -0.10191
v -0.56703 -0.60946 -0.10392
v -0.56395 -0.57906 -0.10812
v -0.58622 -0.72776 -0.11727
v -0.58347 -0.70987 -0.11331
v -0.58593 -0.69430 -0.11522
v -0.59202 -0.72880 -0.11942
v -0.59867 -0.72946 -0.12034
v -0.59178 -0.73780 -0.11862
v -0.58914 -0.73158 -0.11654
v -0.58662 -0.74055 -0.11427
v -0.58418 -0.75758 -0.11554
v -0.57925 -0.75962 -0.11054
v -0.59473 -0.74828 -0.11775
v -0.58592 -0.76413 -0.11492
v -0.57612 -0.77122 -0.11085
v -0.57072 -0.77243 -0.10735
v -0.56822 -0.77771 -0.10546
v -0.57020 -0.62691 -0.10145
v -0.55723 -0.58937 -0.09660
v -0.56178 -0.60126 -0.09539
v -0.58032 -0.65031 -0.10739
v -0.58566 -0.66773 -0.11089
v -0.54958 -0.58435 -0.09513
v -0.58290 -0.72255 -0.11262
v -0.58597 -0.72847 -0.11124
v -0.57925 -0.75962 -0.11054
v -0.58528 -0.74355 -0.10900
v -0.57932 -0.76017 -0.10542
v -0.58662 -0.74055 -0.11427
v -0.58696 -0.73437 -0.10973
v -0.58914 -0.73158 -0.11654
v -0.57072 -0.77243 -0.10735
v -0.56966 -0.77370 -0.10405
v -0.56822 -0.77771 -0.10546
v -0.58652 -0.74809 -0.10337
v -0.59204 -0.73270 -0.10260
v -0.58597 -0.72847 -0.11124
v -0.59685 -0.69076 -0.07408
v -0.59830 -0.67317 -0.07403
v -0.58943 -0.69477 -0.07258
v -0.59252 -0.67112 -0.07209
v -0.59381 -0.70905 -0.07633
v -0.58498 -0.71561 -0.07334
v -0.59299 -0.65317 -0.07546
v -0.56692 -0.73663 -0.06357
v -0.57879 -0.73090 -0.06553
v -0.56982 -0.73146 -0.06469
v -0.58081 -0.72184 -0.06900
v -0.56153 -0.73953 -0.06161
v -0.56427 -0.73431 -0.06101
v -0.58244 -0.72828 -0.06848
v -0.58303 -0.73372 -0.06328
v -0.58951 -0.72839 -0.07255
v -0.59965 -0.71487 -0.07604
v -0.59381 -0.70905 -0.07633
v -0.58498 -0.71561 -0.07334
v -0.58374 -0.73555 -0.06778
v -0.58488 -0.74296 -0.07023
v -0.57978 -0.74803 -0.06460
v -0.57649 -0.75868 -0.06798
v -0.57314 -0.76169 -0.06357
v -0.56666 -0.77571 -0.06769
v -0.57263 -0.76968 -0.06956
v -0.56740 -0.77061 -0.06836
v -0.58759 -0.74784 -0.07119
v -0.56544 -0.77395 -0.06545
v -0.56157 -0.73802 -0.05901
v -0.56574 -0.61001 -0.05144
v -0.55853 -0.59581 -0.05731
v -0.56235 -0.59573 -0.04525
v -0.57080 -0.60825 -0.04264
v -0.57275 -0.62497 -0.04702
v -0.57134 -0.63020 -0.05517
v -0.57948 -0.64783 -0.05396
v -0.57962 -0.63479 -0.04438
v -0.58460 -0.65554 -0.05043
v -0.58513 -0.66771 -0.05923
v -0.58713 -0.67064 -0.05300
v -0.58611 -0.68588 -0.05641
v -0.58227 -0.72189 -0.05773
v -0.58312 -0.71025 -0.05567
v -0.58722 -0.71718 -0.05215
v -0.58780 -0.70489 -0.05028
v -0.58791 -0.69155 -0.05202
v -0.58054 -0.71908 -0.06205
v -0.58156 -0.70594 -0.06146
v -0.58611 -0.68588 -0.05641
v -0.59074 -0.66553 -0.04762
v -0.57513 -0.72491 -0.06027
v -0.57610 -0.72298 -0.06482
v -0.58052 -0.71810 -0.06718
v -0.57845 -0.62566 -0.07958
v -0.57326 -0.60887 -0.07658
v -0.57284 -0.61290 -0.07297
v -0.58805 -0.67705 -0.06803
v -0.59252 -0.67112 -0.07209
v -0.58671 -0.66128 -0.06866
v -0.59299 -0.65317 -0.07546
v -0.58943 -0.69477 -0.07258
v -0.58466 -0.69233 -0.06526
v -0.58213 -0.70924 -0.06928
v -0.58498 -0.71561 -0.07334
v -0.58081 -0.72184 -0.06900
v -0.58565 -0.67672 -0.06193
v -0.58052 -0.71810 -0.06718
v -0.57610 -0.72298 -0.06482
v -0.56982 -0.73146 -0.06469
v -0.58472 -0.64372 -0.07444
v -0.58096 -0.64700 -0.06824
v -0.58945 -0.63888 -0.07888
v -0.57464 -0.62571 -0.07110
v -0.58473 -0.63534 -0.07962
v -0.58171 -0.62837 -0.07808
v -0.56347 -0.60481 -0.06200
v -0.56371 -0.59559 -0.06836
v -0.55771 -0.59363 -0.06313
v -0.57146 -0.62805 -0.06376
v -0.56350 -0.59142 -0.07178
v -0.55546 -0.58943 -0.06754
v -0.54411 -0.58427 -0.06197
v -0.57931 -0.64905 -0.06067
v -0.58513 -0.66771 -0.05923
v -0.58156 -0.70594 -0.06146
v -0.57134 -0.63020 -0.05517
v -0.56574 -0.61001 -0.05144
v -0.55853 -0.59581 -0.05731
v -0.58611 -0.68588 -0.05641
v -0.58054 -0.71908 -0.06205
v -0.57948 -0.64783 -0.05396
v -0.57513 -0.72491 -0.06027
v -0.56427 -0.73431 -0.06101
v -0.59852 -0.64034 -0.08982
v -0.60325 -0.63539 -0.09272
v -0.59733 -0.62824 -0.08399
v -0.59992 -0.62150 -0.08514
v -0.60079 -0.66095 -0.09617
v -0.60383 -0.61908 -0.09188
v -0.60793 -0.62358 -0.10148
v -0.60835 -0.64617 -0.10327
v -0.60575 -0.66376 -0.09914
v -0.61071 -0.66826 -0.10438
v -0.60988 -0.69017 -0.10819
v -0.60821 -0.69569 -0.10503
v -0.60424 -0.69605 -0.10123
v -0.60745 -0.70999 -0.10366
v -0.60940 -0.70474 -0.11179
v -0.59498 -0.60682 -0.08446
v -0.60182 -0.60795 -0.09358
v -0.59098 -0.58980 -0.08750
v -0.60348 -0.71035 -0.10071
v -0.58535 -0.59918 -0.07676
v -0.58291 -0.59053 -0.07492
v -0.59216 -0.61949 -0.07996
v -0.58247 -0.58337 -0.07696
v -0.57804 -0.57097 -0.07483
v -0.57816 -0.58577 -0.07479
v -0.60362 -0.71319 -0.10243
v -0.59890 -0.67711 -0.10005
v -0.57604 -0.57751 -0.07407
v -0.58466 -0.57145 -0.08584
v -0.57500 -0.55749 -0.07643
v -0.59912 -0.69939 -0.10040
v -0.59891 -0.71063 -0.10003
v -0.57858 -0.58900 -0.07291
v -0.57570 -0.57442 -0.07058
v -0.57551 -0.56680 -0.06864
v -0.57082 -0.58091 -0.07355
v -0.59514 -0.71220 -0.10221
v -0.60763 -0.65075 -0.11142
v -0.60597 -0.63611 -0.10873
v -0.60835 -0.64617 -0.10327
v -0.61071 -0.66826 -0.10438
v -0.61118 -0.66999 -0.10902
v -0.60967 -0.68457 -0.11277
v -0.60988 -0.69017 -0.10819
v -0.56609 -0.58421 -0.07190
v -0.57082 -0.58091 -0.07355
v -0.57182 -0.58157 -0.07070
v -0.56379 -0.58499 -0.07564
v -0.57570 -0.57442 -0.07058
v -0.58722 -0.71718 -0.05215
v -0.58780 -0.70489 -0.05028
v -0.59331 -0.69795 -0.04796
v -0.59411 -0.71565 -0.04919
v -0.58996 -0.72836 -0.05493
v -0.59912 -0.69745 -0.04731
v -0.59630 -0.67549 -0.04654
v -0.60139 -0.67238 -0.04554
v -0.59637 -0.66070 -0.04414
v -0.59878 -0.64796 -0.04173
v -0.58953 -0.64431 -0.04197
v -0.60103 -0.71233 -0.04849
v -0.58817 -0.62906 -0.03838
v -0.59517 -0.62524 -0.03859
v -0.58288 -0.60560 -0.03744
v -0.57876 -0.61612 -0.03903
v -0.57431 -0.59557 -0.03603
v -0.59074 -0.66553 -0.04762
v -0.58791 -0.69155 -0.05202
v -0.59715 -0.72246 -0.05268
v -0.59394 -0.73503 -0.05568
v -0.58481 -0.74861 -0.05677
v -0.58711 -0.75235 -0.05732
v -0.57870 -0.76579 -0.05995
v -0.57626 -0.75976 -0.06003
v -0.56912 -0.77377 -0.06304
v -0.57962 -0.63479 -0.04438
v -0.56983 -0.59673 -0.03884
v -0.58536 -0.73765 -0.05715
v -0.58374 -0.73090 -0.05810
v -0.58460 -0.65554 -0.05043
v -0.58227 -0.72189 -0.05773
v -0.58117 -0.72641 -0.05698
v -0.57513 -0.72491 -0.06027
v -0.57275 -0.62497 -0.04702
v -0.57080 -0.60825 -0.04264
v -0.56235 -0.59573 -0.04525
v -0.60481 -0.71628 -0.05165
v -0.57412 -0.77240 -0.06322
v -0.58713 -0.67064 -0.05300
v -0.58611 -0.68588 -0.05641
v -0.58167 -0.76637 -0.06234
v -0.58937 -0.75720 -0.06462
v -0.56740 -0.77061 -0.06836
v -0.57314 -0.76169 -0.06357
v -0.56544 -0.77395 -0.06545
v -0.57649 -0.75868 -0.06798
v -0.57978 -0.74803 -0.06460
v -0.58374 -0.73555 -0.06778
v -0.58167 -0.74256 -0.06157
v -0.57626 -0.75976 -0.06003
v -0.58303 -0.73372 -0.06328
v -0.58244 -0.72828 -0.06848
v -0.58536 -0.73765 -0.05715
v -0.58481 -0.74861 -0.05677
v -0.56912 -0.77377 -0.06304
v -0.58374 -0.73090 -0.05810
v -0.56427 -0.73431 -0.06101
v -0.56766 -0.73288 -0.05813
v -0.56157 -0.73802 -0.05901
v -0.57513 -0.72491 -0.06027
v -0.58117 -0.72641 -0.05698
v -0.56684 -0.73653 -0.05760
v -0.57972 -0.73045 -0.05837
v -0.58117 -0.72641 -0.05698
v -0.58374 -0.73090 -0.05810
v -0.58996 -0.72836 -0.05493
v -0.56684 -0.73653 -0.05760
v -0.58052 -0.73178 -0.06265
v -0.57972 -0.73045 -0.05837
v -0.58303 -0.73372 -0.06328
v -0.57879 -0.73090 -0.06553
v -0.58374 -0.73090 -0.05810
v -0.56371 -0.74020 -0.06017
v -0.56157 -0.73802 -0.05901
v -0.56684 -0.73653 -0.05760
v -0.57308 -0.73502 -0.06011
v -0.56153 -0.73953 -0.06161
v -0.56692 -0.73663 -0.06357
v -0.61011 -0.67303 -0.06247
v -0.61040 -0.66094 -0.05797
v -0.60922 -0.66977 -0.05538
v -0.60734 -0.69857 -0.05937
v -0.60708 -0.69860 -0.06372
v -0.60594 -0.71219 -0.06230
v -0.60459 -0.71104 -0.05642
v -0.60512 -0.71068 -0.06736
v -0.60852 -0.64657 -0.06251
v -0.60834 -0.64801 -0.05564
v -0.60903 -0.63455 -0.05902
v -0.60834 -0.61900 -0.05974
v -0.60817 -0.61908 -0.05512
v -0.60676 -0.63180 -0.05241
v -0.56719 -0.58974 -0.03757
v -0.57039 -0.58490 -0.03780
v -0.56958 -0.58453 -0.03457
v -0.57091 -0.57537 -0.03322
v -0.57783 -0.57977 -0.04129
v -0.57478 -0.56657 -0.03967
v -0.58804 -0.58541 -0.04911
v -0.56815 -0.56385 -0.03204
v -0.58748 -0.59276 -0.04621
v -0.60181 -0.60733 -0.05281
v -0.57946 -0.56404 -0.04618
v -0.59601 -0.60865 -0.04684
v -0.60331 -0.61899 -0.04870
v -0.56691 -0.54593 -0.04170
v -0.60817 -0.61908 -0.05512
v -0.60676 -0.63180 -0.05241
v -0.60125 -0.63738 -0.04691
v -0.60834 -0.64801 -0.05564
v -0.60922 -0.66977 -0.05538
v -0.60277 -0.67371 -0.05094
v -0.60334 -0.69935 -0.05396
v -0.60734 -0.69857 -0.05937
v -0.60459 -0.71104 -0.05642
v -0.56152 -0.54976 -0.03255
v -0.54388 -0.51729 -0.03399
v -0.55037 -0.53606 -0.02804
v -0.55541 -0.52398 -0.04501
v -0.53694 -0.49770 -0.03931
v -0.52204 -0.48507 -0.02877
v -0.53712 -0.51585 -0.02405
v -0.57201 -0.54849 -0.04826
v -0.52259 -0.47635 -0.03933
v -0.50438 -0.45481 -0.02595
v -0.57746 -0.60695 -0.04308
v -0.58569 -0.61925 -0.04218
v -0.58541 -0.60660 -0.04268
v -0.57324 -0.59333 -0.04108
v -0.57867 -0.59077 -0.04173
v -0.59527 -0.61903 -0.04371
v -0.59285 -0.63111 -0.04323
v -0.59005 -0.63960 -0.04536
v -0.59684 -0.65409 -0.04776
v -0.59563 -0.67710 -0.05189
v -0.59781 -0.69271 -0.05186
v -0.59756 -0.71066 -0.05308
v -0.59180 -0.70573 -0.05344
v -0.58835 -0.70233 -0.05692
v -0.57834 -0.61899 -0.04562
v -0.58956 -0.71037 -0.05630
v -0.58979 -0.65748 -0.05258
v -0.58386 -0.63776 -0.04863
v -0.57045 -0.59818 -0.04610
v -0.56448 -0.59195 -0.04715
v -0.56719 -0.58974 -0.03757
v -0.56958 -0.58453 -0.03457
v -0.56654 -0.59302 -0.03172
v -0.57068 -0.58639 -0.03053
v -0.57091 -0.57537 -0.03322
v -0.59319 -0.74854 -0.11297
v -0.58958 -0.74711 -0.11177
v -0.59546 -0.73824 -0.11500
v -0.58479 -0.76187 -0.10743
v -0.59330 -0.73441 -0.11309
v -0.59729 -0.73348 -0.11445
v -0.59248 -0.75556 -0.10963
v -0.59956 -0.73719 -0.11310
v -0.60079 -0.73318 -0.11137
v -0.59731 -0.74588 -0.10967
v -0.59127 -0.75394 -0.10624
v -0.60071 -0.73620 -0.10769
v -0.59489 -0.74048 -0.10572
v -0.60106 -0.73128 -0.10606
v -0.59635 -0.73316 -0.10599
v -0.58479 -0.76187 -0.10743
v -0.59277 -0.73510 -0.10848
v -0.59023 -0.74434 -0.10853
v -0.59127 -0.75394 -0.10624
v -0.59731 -0.74588 -0.10967
v -0.60071 -0.73620 -0.10769
v -0.59248 -0.75556 -0.10963
v -0.58479 -0.76187 -0.10743
v -0.59956 -0.73719 -0.11310
v -0.60079 -0.73318 -0.11137
v -0.60106 -0.73128 -0.10606
v -0.59729 -0.73348 -0.11445
v -0.59769 -0.73331 -0.10951
v -0.60079 -0.73318 -0.11137
v -0.59330 -0.73441 -0.11309
v -0.59277 -0.73510 -0.10848
v -0.59635 -0.73316 -0.10599
v -0.60106 -0.73128 -0.10606
v -0.58958 -0.74711 -0.11177
v -0.59023 -0.74434 -0.10853
v -0.58479 -0.76187 -0.10743
v -0.59012 -0.74387 -0.06616
v -0.59601 -0.73135 -0.06615
v -0.59273 -0.74025 -0.06245
v -0.58455 -0.75121 -0.06343
v -0.59744 -0.72651 -0.06543
v -0.59582 -0.72771 -0.06089
v -0.59012 -0.74387 -0.06616
v -0.58455 -0.75121 -0.06343
v -0.58917 -0.73814 -0.06677
v -0.59601 -0.73135 -0.06615
v -0.59416 -0.72642 -0.06764
v -0.59744 -0.72651 -0.06543
v -0.58917 -0.73814 -0.06677
v -0.58840 -0.73596 -0.06157
v -0.58934 -0.73264 -0.06526
v -0.58455 -0.75121 -0.06343
v -0.59138 -0.72894 -0.05989
v -0.59386 -0.72615 -0.06347
v -0.59416 -0.72642 -0.06764
v -0.59386 -0.72615 -0.06347
v -0.59582 -0.72771 -0.06089
v -0.59744 -0.72651 -0.06543
v -0.59138 -0.72894 -0.05989
v -0.59416 -0.72642 -0.06764
v -0.58840 -0.73596 -0.06157
v -0.59162 -0.73673 -0.06037
v -0.59138 -0.72894 -0.05989
v -0.58455 -0.75121 -0.06343
v -0.59582 -0.72771 -0.06089
v -0.59273 -0.74025 -0.06245
vt 0.02440 0.46319
vt 0.02142 0.47148
vt 0.02158 0.46015
vt 0.02465 0.47184
vt 0.02414 0.45753
vt 0.02217 0.45332
vt 0.01787 0.45481
vt 0.01626 0.46100
vt 0.01726 0.47193
vt 0.01961 0.48128
vt 0.01698 0.47938
vt 0.02059 0.44906
vt 0.01718 0.44899
vt 0.01859 0.44546
vt 0.02322 0.47854
vt 0.02293 0.44616
vt 0.02074 0.44164
vt 0.02277 0.44035
vt 0.02591 0.45132
vt 0.02637 0.45580
vt 0.02602 0.46703
vt 0.01682 0.48488
vt 0.01953 0.49127
vt 0.02244 0.48876
vt 0.02211 0.49592
vt 0.01907 0.49633
vt 0.02206 0.50142
vt 0.02396 0.49634
vt 0.02466 0.50177
vt 0.02460 0.50706
vt 0.02325 0.48283
vt 0.02606 0.47804
vt 0.02684 0.46215
vt 0.02298 0.50765
vt 0.02422 0.51460
vt 0.02772 0.51455
vt 0.02621 0.50832
vt 0.02708 0.51959
vt 0.02357 0.52006
vt 0.02658 0.52526
vt 0.02933 0.52415
vt 0.02941 0.51980
vt 0.02535 0.52713
vt 0.02778 0.53145
vt 0.02633 0.53335
vt 0.03004 0.52880
vt 0.03161 0.53375
vt 0.03102 0.52467
vt 0.02914 0.53712
vt 0.03251 0.54017
vt 0.03111 0.54182
vt 0.03285 0.54467
vt 0.02809 0.53981
vt 0.02268 0.51559
vt 0.02144 0.50835
vt 0.03297 0.52992
vt 0.02769 0.46621
vt 0.03040 0.54682
vt 0.03437 0.55002
vt 0.03329 0.55493
vt 0.03692 0.55754
vt 0.03557 0.56120
vt 0.03892 0.56308
vt 0.02596 0.44726
vt 0.02714 0.47289
vt 0.03504 0.54301
vt 0.03449 0.53790
vt 0.04035 0.56391
vt 0.04095 0.56809
vt 0.04285 0.56932
vt 0.04336 0.57336
vt 0.04551 0.57398
vt 0.03597 0.54688
vt 0.02489 0.44122
vt 0.03774 0.55498
vt 0.02377 0.43313
vt 0.02202 0.43305
vt 0.02167 0.42628
vt 0.04599 0.57839
vt 0.04353 0.57832
vt 0.04614 0.58058
vt 0.04764 0.58116
vt 0.04816 0.58412
vt 0.04956 0.58288
vt 0.02663 0.50101
vt 0.02810 0.51075
vt 0.02507 0.49232
vt 0.02560 0.48547
vt 0.02801 0.48008
vt 0.02765 0.45166
vt 0.04610 0.58468
vt 0.03994 0.54302
vt 0.03823 0.53912
vt 0.02838 0.45943
vt 0.05160 0.58592
vt 0.04975 0.58713
vt 0.03017 0.51839
vt 0.05281 0.59004
vt 0.04027 0.55911
vt 0.04798 0.57818
vt 0.03965 0.54680
vt 0.03858 0.55166
vt 0.04345 0.55628
vt 0.04423 0.56083
vt 0.02510 0.42823
vt 0.02208 0.42171
vt 0.02615 0.42177
vt 0.02272 0.41623
vt 0.03002 0.42326
vt 0.02816 0.41777
vt 0.02977 0.42675
vt 0.02878 0.43109
vt 0.03259 0.42014
vt 0.02626 0.41084
vt 0.02219 0.40893
vt 0.03042 0.40983
vt 0.03293 0.41282
vt 0.03080 0.40412
vt 0.03524 0.40292
vt 0.03380 0.39620
vt 0.04387 0.55029
vt 0.03135 0.45578
vt 0.03724 0.39789
vt 0.03777 0.39301
vt 0.03498 0.39102
vt 0.02884 0.39429
vt 0.03757 0.38656
vt 0.03095 0.38780
vt 0.02407 0.40551
vt 0.02640 0.40131
vt 0.02333 0.39802
vt 0.02507 0.39285
vt 0.02220 0.38965
vt 0.02185 0.39999
vt 0.02949 0.47651
vt 0.02863 0.48946
vt 0.02963 0.48301
vt 0.02433 0.38660
vt 0.02800 0.38565
vt 0.02185 0.38130
vt 0.03533 0.41300
vt 0.03678 0.53328
vt 0.04423 0.54643
vt 0.04650 0.55953
vt 0.05010 0.55586
vt 0.05219 0.56047
vt 0.04836 0.55117
vt 0.04980 0.56420
vt 0.02864 0.49531
vt 0.02634 0.43610
vt 0.05562 0.55663
vt 0.05698 0.55980
vt 0.05414 0.56292
vt 0.05232 0.56694
vt 0.03100 0.46157
vt 0.03451 0.38236
vt 0.03294 0.42605
vt 0.04475 0.56769
vt 0.04712 0.56574
vt 0.05051 0.59016
vt 0.04734 0.57353
vt 0.02641 0.38132
vt 0.02434 0.37819
vt 0.02955 0.37814
vt 0.03014 0.46809
vt 0.03090 0.45211
vt 0.05287 0.59330
vt 0.02831 0.37368
vt 0.03146 0.37334
vt 0.03486 0.41997
vt 0.03139 0.43055
vt 0.05488 0.59302
vt 0.05055 0.57091
vt 0.03476 0.52350
vt 0.03404 0.37688
vt 0.05469 0.59662
vt 0.05623 0.59680
vt 0.02852 0.44691
vt 0.02045 0.37424
vt 0.02002 0.41747
vt 0.01911 0.42516
vt 0.04792 0.58828
vt 0.03380 0.56538
vt 0.03141 0.55937
vt 0.03186 0.56682
vt 0.03545 0.56985
vt 0.03452 0.57362
vt 0.03221 0.57575
vt 0.03506 0.57938
vt 0.03344 0.58006
vt 0.03754 0.57401
vt 0.03680 0.57883
vt 0.03829 0.57989
vt 0.03774 0.56722
vt 0.03471 0.58341
vt 0.03106 0.55403
vt 0.03931 0.57264
vt 0.01792 0.43689
vt 0.03229 0.58139
vt 0.01570 0.44242
vt 0.03624 0.58313
vt 0.01702 0.49197
vt 0.03259 0.58531
vt 0.03463 0.58674
vt 0.03372 0.58972
vt 0.03539 0.59161
vt 0.03418 0.59311
vt 0.03551 0.59452
vt 0.03705 0.59271
vt 0.03673 0.59542
vt 0.03696 0.58837
vt 0.03749 0.58427
vt 0.03599 0.59721
vt 0.03806 0.58186
vt 0.03437 0.59625
vt 0.03977 0.57693
vt 0.02545 0.54191
vt 0.02656 0.54884
vt 0.02763 0.55817
vt 0.02415 0.55239
vt 0.02369 0.54655
vt 0.02414 0.55860
vt 0.02420 0.56565
vt 0.02751 0.56573
vt 0.02528 0.57110
vt 0.02334 0.57288
vt 0.02444 0.57747
vt 0.02690 0.57655
vt 0.02726 0.57160
vt 0.02644 0.57987
vt 0.02472 0.58042
vt 0.02315 0.57970
vt 0.02364 0.58509
vt 0.02233 0.57697
vt 0.03967 0.58113
vt 0.04341 0.58195
vt 0.02994 0.56583
vt 0.02947 0.57310
vt 0.03056 0.57904
vt 0.05282 0.59567
vt 0.05016 0.59274
vt 0.03865 0.59580
vt 0.04482 0.58580
vt 0.03796 0.59790
vt 0.05390 0.59920
vt 0.02801 0.57884
vt 0.02687 0.58353
vt 0.05574 0.59994
vt 0.04697 0.58970
vt 0.05210 0.59762
vt 0.03691 0.59898
vt 0.03988 0.60028
vt 0.03987 0.60505
vt 0.03756 0.60389
vt 0.03961 0.60866
vt 0.03449 0.59861
vt 0.03814 0.60871
vt 0.03592 0.60586
vt 0.03517 0.60197
vt 0.04039 0.61209
vt 0.03846 0.61309
vt 0.04140 0.61683
vt 0.03913 0.61690
vt 0.05580 0.60322
vt 0.05791 0.60347
vt 0.05797 0.60656
vt 0.04036 0.61925
vt 0.04218 0.62155
vt 0.18220 0.16861
vt 0.17955 0.17089
vt 0.17313 0.16588
vt 0.17959 0.16401
vt 0.17394 0.17109
vt 0.16780 0.16997
vt 0.16229 0.16571
vt 0.16366 0.17092
vt 0.16779 0.17215
vt 0.16394 0.16136
vt 0.17273 0.16222
vt 0.17881 0.17375
vt 0.17415 0.17357
vt 0.17152 0.17362
vt 0.15573 0.16494
vt 0.15317 0.16074
vt 0.15939 0.16904
vt 0.15434 0.16785
vt 0.15042 0.16701
vt 0.14977 0.16446
vt 0.14487 0.16390
vt 0.14563 0.16024
vt 0.14024 0.16095
vt 0.13675 0.16319
vt 0.13748 0.15810
vt 0.14932 0.15704
vt 0.14228 0.15603
vt 0.17632 0.17509
vt 0.15569 0.15815
vt 0.12991 0.16123
vt 0.13361 0.16376
vt 0.12706 0.16479
vt 0.13439 0.15590
vt 0.12312 0.16293
vt 0.12340 0.15753
vt 0.13168 0.15832
vt 0.11996 0.16539
vt 0.14479 0.15352
vt 0.13924 0.16483
vt 0.14060 0.15151
vt 0.17705 0.16120
vt 0.11918 0.16053
vt 0.11643 0.15756
vt 0.11321 0.16015
vt 0.11299 0.16373
vt 0.11043 0.15794
vt 0.10669 0.15983
vt 0.10248 0.15812
vt 0.09812 0.16159
vt 0.09170 0.15980
vt 0.08937 0.16198
vt 0.08386 0.16081
vt 0.16224 0.15863
vt 0.16950 0.15916
vt 0.11662 0.15505
vt 0.13428 0.15112
vt 0.12972 0.15331
vt 0.12995 0.15048
vt 0.13029 0.14773
vt 0.12696 0.15301
vt 0.12622 0.15001
vt 0.12734 0.14677
vt 0.12071 0.14562
vt 0.11864 0.14942
vt 0.11607 0.14503
vt 0.11325 0.14747
vt 0.11285 0.14494
vt 0.11299 0.15003
vt 0.10863 0.14912
vt 0.10922 0.14565
vt 0.12209 0.15238
vt 0.13516 0.14822
vt 0.14802 0.15290
vt 0.14191 0.14971
vt 0.15344 0.15592
vt 0.17445 0.15769
vt 0.11456 0.15241
vt 0.12776 0.15488
vt 0.18317 0.16015
vt 0.10468 0.14483
vt 0.10513 0.16396
vt 0.15642 0.15544
vt 0.08624 0.16479
vt 0.07962 0.16328
vt 0.07224 0.16316
vt 0.07376 0.16512
vt 0.06681 0.16722
vt 0.06112 0.16647
vt 0.47167 0.81511
vt 0.47207 0.81819
vt 0.47517 0.81549
vt 0.47610 0.81318
vt 0.47893 0.81523
vt 0.46782 0.81945
vt 0.46351 0.81822
vt 0.46165 0.82314
vt 0.45728 0.81846
vt 0.46637 0.81580
vt 0.45801 0.82514
vt 0.45492 0.82280
vt 0.45234 0.82514
vt 0.46167 0.82875
vt 0.46505 0.82384
vt 0.45602 0.82747
vt 0.45162 0.82018
vt 0.47212 0.81253
vt 0.47756 0.81159
vt 0.47989 0.81363
vt 0.45145 0.81583
vt 0.46076 0.81508
vt 0.44633 0.82265
vt 0.44734 0.81600
vt 0.44676 0.81897
vt 0.45366 0.81412
vt 0.44044 0.81809
vt 0.44254 0.82181
vt 0.43504 0.81583
vt 0.44938 0.82631
vt 0.45403 0.82902
vt 0.44400 0.81505
vt 0.43726 0.81423
vt 0.43298 0.81249
vt 0.44941 0.81447
vt 0.46761 0.81243
vt 0.45747 0.83165
vt 0.47498 0.81002
vt 0.47998 0.80852
vt 0.43478 0.81039
vt 0.43958 0.81209
vt 0.43099 0.80781
vt 0.46010 0.81336
vt 0.44557 0.81196
vt 0.45306 0.81253
vt 0.48077 0.81166
vt 0.48138 0.81003
vt 0.48405 0.81068
vt 0.48542 0.80928
vt 0.48769 0.81028
vt 0.48546 0.81191
vt 0.48834 0.81219
vt 0.48798 0.80781
vt 0.49223 0.81058
vt 0.49100 0.81188
vt 0.49574 0.81246
vt 0.49606 0.81092
vt 0.48268 0.81288
vt 0.48396 0.80811
vt 0.48539 0.81346
vt 0.49879 0.81273
vt 0.49897 0.81204
vt 0.50051 0.81237
vt 0.46820 0.82163
vt 0.48172 0.81472
vt 0.48734 0.81368
vt 0.46655 0.82739
vt 0.46907 0.83224
vt 0.47307 0.83088
vt 0.47494 0.83386
vt 0.47668 0.83032
vt 0.48934 0.81410
vt 0.46935 0.82397
vt 0.47424 0.82463
vt 0.47241 0.82168
vt 0.48000 0.83357
vt 0.47679 0.81666
vt 0.47469 0.81857
vt 0.49185 0.81360
vt 0.48495 0.81486
vt 0.49829 0.81369
vt 0.50118 0.81351
vt 0.48704 0.81522
vt 0.49462 0.81309
vt 0.50111 0.81428
vt 0.49025 0.81539
vt 0.48221 0.81605
vt 0.47990 0.81690
vt 0.47691 0.82633
vt 0.47565 0.82361
vt 0.47628 0.81993
vt 0.47987 0.83001
vt 0.48505 0.81607
vt 0.50197 0.81368
vt 0.48295 0.83340
vt 0.05727 0.25498
vt 0.06235 0.25296
vt 0.05956 0.25108
vt 0.06415 0.25013
vt 0.07119 0.25050
vt 0.07038 0.24698
vt 0.07776 0.24712
vt 0.07902 0.25111
vt 0.08424 0.24997
vt 0.08357 0.24665
vt 0.05373 0.25411
vt 0.05131 0.25638
vt 0.04854 0.25506
vt 0.04882 0.25789
vt 0.04353 0.25704
vt 0.04349 0.25394
vt 0.03838 0.25471
vt 0.03918 0.25310
vt 0.06627 0.25374
vt 0.03472 0.25297
vt 0.03652 0.25580
vt 0.03344 0.25476
vt 0.03942 0.25774
vt 0.05160 0.25788
vt 0.07338 0.25460
vt 0.06063 0.25645
vt 0.06603 0.25645
vt 0.08151 0.25410
vt 0.08702 0.25336
vt 0.05577 0.25750
vt 0.03635 0.25799
vt 0.03356 0.25678
vt 0.08708 0.24864
vt 0.08786 0.25118
vt 0.08841 0.24759
vt 0.04534 0.25956
vt 0.04904 0.26006
vt 0.07403 0.25689
vt 0.09082 0.25027
vt 0.05621 0.24986
vt 0.04884 0.25269
vt 0.06348 0.24772
vt 0.03014 0.25268
vt 0.02992 0.25025
vt 0.02592 0.24920
vt 0.09267 0.24874
vt 0.02736 0.25240
vt 0.02379 0.24865
vt 0.02323 0.24726
vt 0.03107 0.25549
vt 0.02254 0.24825
vt 0.02169 0.24665
vt 0.91397 0.55272
vt 0.91373 0.55420
vt 0.91815 0.55572
vt 0.91816 0.55379
vt 0.92415 0.55643
vt 0.92422 0.55415
vt 0.92931 0.55455
vt 0.92772 0.55860
vt 0.92125 0.55199
vt 0.90985 0.55352
vt 0.91000 0.55236
vt 0.93207 0.55694
vt 0.92900 0.56108
vt 0.91765 0.55167
vt 0.93574 0.55466
vt 0.92653 0.55113
vt 0.93293 0.55093
vt 0.91321 0.55128
vt 0.90804 0.55108
vt 0.93888 0.55334
vt 0.92142 0.56188
vt 0.92096 0.55906
vt 0.92398 0.56602
vt 0.91994 0.56769
vt 0.91759 0.55994
vt 0.91891 0.56285
vt 0.92187 0.56984
vt 0.91778 0.57182
vt 0.91650 0.55748
vt 0.91195 0.55512
vt 0.93495 0.55888
vt 0.93124 0.56210
vt 0.92797 0.56668
vt 0.93840 0.55881
vt 0.91757 0.56701
vt 0.90864 0.55524
vt 0.90716 0.55278
vt 0.90650 0.55393
vt 0.93523 0.56209
vt 0.91690 0.56137
vt 0.90342 0.55361
vt 0.90480 0.55188
vt 0.90252 0.55213
vt 0.90090 0.55337
vt 0.90230 0.55462
vt 0.90092 0.55516
vt 0.90024 0.55155
vt 0.90124 0.55093
vt 0.90506 0.55531
vt 0.93347 0.56605
vt 0.91573 0.55925
vt 0.90396 0.55051
vt 0.90169 0.55608
vt 0.66110 0.56075
vt 0.65834 0.55589
vt 0.65951 0.56408
vt 0.65992 0.55409
vt 0.65745 0.54940
vt 0.65915 0.54781
vt 0.66231 0.56817
vt 0.66377 0.56716
vt 0.66443 0.57120
vt 0.65786 0.54541
vt 0.65576 0.54704
vt 0.66180 0.57028
vt 0.66359 0.57261
vt 0.66101 0.54177
vt 0.65878 0.54005
vt 0.66039 0.53717
vt 0.66264 0.53849
vt 0.66262 0.53751
vt 0.66125 0.53473
vt 0.66359 0.53910
vt 0.84033 0.77087
vt 0.83770 0.77559
vt 0.83598 0.77225
vt 0.84116 0.76498
vt 0.84409 0.76501
vt 0.84625 0.76036
vt 0.84443 0.76022
vt 0.84697 0.75678
vt 0.83343 0.77942
vt 0.83562 0.77917
vt 0.83399 0.78547
vt 0.83138 0.77848
vt 0.83031 0.78386
vt 0.83220 0.78627
vt 0.82975 0.79028
vt 0.83213 0.79220
vt 0.84883 0.75725
vt 0.82764 0.78716
vt 0.82600 0.79083
vt 0.82851 0.78075
vt 0.83100 0.77562
vt 0.83524 0.77009
vt 0.83813 0.76528
vt 0.82849 0.79640
vt 0.83040 0.79705
vt 0.82776 0.80302
vt 0.83075 0.80232
vt 0.83037 0.80675
vt 0.82940 0.81145
vt 0.82627 0.80817
vt 0.83112 0.81124
vt 0.82475 0.81246
vt 0.84266 0.75967
vt 0.82510 0.79885
vt 0.82797 0.81652
vt 0.82454 0.81937
vt 0.82459 0.80412
vt 0.83119 0.81685
vt 0.82411 0.80807
vt 0.82356 0.81060
vt 0.82821 0.82527
vt 0.82595 0.82861
vt 0.83047 0.82300
vt 0.83204 0.83073
vt 0.83111 0.83359
vt 0.82597 0.78271
vt 0.84387 0.75632
vt 0.82576 0.77756
vt 0.82902 0.83454
vt 0.83083 0.77214
vt 0.83926 0.75825
vt 0.84024 0.75421
vt 0.83486 0.75584
vt 0.83755 0.75044
vt 0.83446 0.74974
vt 0.83439 0.74443
vt 0.83143 0.74446
vt 0.83056 0.74925
vt 0.82871 0.74474
vt 0.83119 0.73926
vt 0.82878 0.73960
vt 0.82999 0.73588
vt 0.83258 0.73300
vt 0.82735 0.75197
vt 0.82814 0.75448
vt 0.82536 0.75932
vt 0.83116 0.75466
vt 0.82940 0.76122
vt 0.82729 0.75983
vt 0.82517 0.76433
vt 0.83518 0.76202
vt 0.82974 0.76659
vt 0.82561 0.76980
vt 0.82503 0.83559
vt 0.82383 0.82864
vt 0.82776 0.83942
vt 0.84614 0.75407
vt 0.83085 0.83974
vt 0.82303 0.81514
vt 0.83098 0.73148
vt 0.83303 0.72708
vt 0.82453 0.84065
vt 0.83525 0.72787
vt 0.84306 0.75237
vt 0.83947 0.75009
vt 0.83728 0.74519
vt 0.83534 0.74029
vt 0.83307 0.73624
vt 0.83547 0.73211
vt 0.83699 0.72330
vt 0.83894 0.72275
vt 0.83736 0.72694
vt 0.83498 0.73793
vt 0.84935 0.75375
vt 0.85084 0.75434
vt 0.85278 0.75217
vt 0.85295 0.75334
vt 0.85211 0.75103
vt 0.85479 0.74903
vt 0.82377 0.76467
vt 0.82351 0.77267
vt 0.83006 0.84372
vt 0.82695 0.84425
vt 0.83901 0.71908
vt 0.83165 0.84532
vt 0.83051 0.84877
vt 0.83263 0.85227
vt 0.83056 0.85296
vt 0.83190 0.85778
vt 0.83421 0.85880
vt 0.83404 0.86471
vt 0.83659 0.86220
vt 0.83695 0.86600
vt 0.83644 0.86997
vt 0.83408 0.87012
vt 0.83450 0.87676
vt 0.83850 0.87164
vt 0.83705 0.87829
vt 0.83594 0.88376
vt 0.83429 0.88355
vt 0.83941 0.88816
vt 0.83702 0.89173
vt 0.83435 0.89132
vt 0.83588 0.89515
vt 0.83856 0.89826
vt 0.84181 0.89722
vt 0.83943 0.90307
vt 0.83672 0.90344
vt 0.83486 0.89791
vt 0.84446 0.90187
vt 0.84004 0.89137
vt 0.83152 0.86248
vt 0.84076 0.90787
vt 0.83786 0.90952
vt 0.84398 0.89394
vt 0.82362 0.83609
vt 0.82430 0.79149
vt 0.82332 0.78470
vt 0.84611 0.89791
vt 0.84875 0.75225
vt 0.83989 0.88259
vt 0.83973 0.87700
vt 0.82202 0.77846
vt 0.84603 0.90941
vt 0.84797 0.90362
vt 0.83586 0.85704
vt 0.84075 0.91311
vt 0.84655 0.91739
vt 0.84266 0.92019
vt 0.84879 0.92553
vt 0.84468 0.92901
vt 0.84921 0.93094
vt 0.85431 0.92845
vt 0.85251 0.93419
vt 0.85606 0.93405
vt 0.85273 0.92050
vt 0.85069 0.92112
vt 0.84969 0.91287
vt 0.85417 0.93925
vt 0.85005 0.93717
vt 0.82978 0.85595
vt 0.82207 0.82016
vt 0.82290 0.82381
vt 0.83879 0.91505
vt 0.84441 0.93390
vt 0.83211 0.87840
vt 0.84121 0.92411
vt 0.84132 0.92930
vt 0.83151 0.86930
vt 0.83084 0.87333
vt 0.85711 0.94086
vt 0.83932 0.91919
vt 0.82805 0.73826
vt 0.85290 0.74877
vt 0.85611 0.74592
vt 0.85773 0.74573
vt 0.85797 0.74351
vt 0.85022 0.90930
vt 0.84199 0.93380
vt 0.84302 0.93793
vt 0.84760 0.94204
vt 0.84527 0.94117
vt 0.84662 0.94718
vt 0.85080 0.94250
vt 0.85497 0.94493
vt 0.82298 0.84260
vt 0.82659 0.84917
vt 0.82881 0.73452
vt 0.82710 0.74236
vt 0.82680 0.74744
vt 0.82116 0.79968
vt 0.82187 0.79601
vt 0.82149 0.78868
vt 0.82058 0.78174
vt 0.83285 0.88447
vt 0.85964 0.94641
vt 0.85110 0.94653
vt 0.85242 0.91200
vt 0.83618 0.72141
vt 0.85986 0.74294
vt 0.85983 0.74174
vt 0.85867 0.74127
vt 0.85637 0.92755
vt 0.86018 0.94109
vt 0.85888 0.93485
vt 0.84383 0.94319
vt 0.82861 0.86165
vt 0.82221 0.84813
vt 0.82466 0.85383
vt 0.84407 0.75068
vt 0.84639 0.75122
vt 0.82194 0.83123
vt 0.84133 0.71979
vt 0.84285 0.89043
vt 0.83992 0.92459
vt 0.84121 0.88831
vt 0.83913 0.86749
vt 0.83392 0.84595
vt 0.82757 0.87116
vt 0.83266 0.84170
vt 0.83330 0.83773
vt 0.82926 0.87849
vt 0.83580 0.90919
vt 0.82396 0.86517
vt 0.85530 0.75050
vt 0.83606 0.85205
vt 0.84096 0.74815
vt 0.82086 0.82752
vt 0.82265 0.85713
vt 0.83730 0.71816
vt 0.85114 0.75594
vt 0.83944 0.71795
vt 0.85909 0.74566
vt 0.86093 0.74192
vt 0.83631 0.73424
vt 0.83809 0.74445
vt 0.83789 0.71705
vt 0.84049 0.72278
vt 0.84222 0.72081
vt 0.86159 0.74291
vt 0.83670 0.74063
vt 0.84253 0.71987
vt 0.98189 0.47716
vt 0.97896 0.46967
vt 0.97963 0.47795
vt 0.98005 0.46476
vt 0.98147 0.48378
vt 0.97840 0.48536
vt 0.97334 0.46678
vt 0.98204 0.49880
vt 0.98304 0.49048
vt 0.97961 0.49130
vt 0.98256 0.50439
vt 0.97884 0.50250
vt 0.98109 0.50758
vt 0.97815 0.49763
vt 0.98304 0.50986
vt 0.97950 0.51270
vt 0.98210 0.51463
vt 0.98070 0.51815
vt 0.97728 0.50635
vt 0.97829 0.51643
vt 0.97472 0.50095
vt 0.97536 0.49553
vt 0.97358 0.48976
vt 0.97214 0.49681
vt 0.97556 0.48269
vt 0.97449 0.51158
vt 0.97285 0.51438
vt 0.97200 0.51117
vt 0.97297 0.50337
vt 0.97320 0.50800
vt 0.97422 0.50643
vt 0.97158 0.50669
vt 0.97601 0.50940
vt 0.97073 0.48274
vt 0.96885 0.48010
vt 0.96796 0.48854
vt 0.97128 0.47682
vt 0.96978 0.49181
vt 0.96978 0.50037
vt 0.96721 0.49545
vt 0.96741 0.50047
vt 0.96882 0.47359
vt 0.96863 0.50780
vt 0.97346 0.48461
vt 0.97305 0.47994
vt 0.96982 0.51300
vt 0.96909 0.51604
vt 0.96561 0.49853
vt 0.96712 0.51180
vt 0.96702 0.48593
vt 0.96576 0.50443
vt 0.96556 0.49254
vt 0.97971 0.45530
vt 0.97639 0.45976
vt 0.97237 0.46113
vt 0.96975 0.46829
vt 0.97136 0.47137
vt 0.97550 0.47165
vt 0.97356 0.47620
vt 0.97280 0.45464
vt 0.97574 0.45062
vt 0.97710 0.47731
vt 0.97065 0.45687
vt 0.96921 0.46423
vt 0.97073 0.45076
vt 0.97296 0.44871
vt 0.96974 0.44563
vt 0.96683 0.47230
vt 0.96685 0.47948
vt 0.96448 0.48609
vt 0.96390 0.49114
vt 0.96333 0.49694
vt 0.96407 0.50059
vt 0.96405 0.50754
vt 0.96609 0.51403
vt 0.96402 0.47966
vt 0.97464 0.44159
vt 0.82597 0.96490
vt 0.83092 0.96715
vt 0.83253 0.96549
vt 0.82428 0.96865
vt 0.83581 0.96761
vt 0.82084 0.96636
vt 0.81828 0.96803
vt 0.84043 0.96440
vt 0.84231 0.96603
vt 0.81312 0.96589
vt 0.85179 0.96393
vt 0.81313 0.96911
vt 0.80855 0.96759
vt 0.84867 0.96736
vt 0.85638 0.96716
vt 0.85895 0.96318
vt 0.86586 0.96518
vt 0.86773 0.96231
vt 0.87228 0.96528
vt 0.87344 0.96198
vt 0.88135 0.96357
vt 0.88100 0.96103
vt 0.88936 0.96019
vt 0.83111 0.97097
vt 0.86656 0.96890
vt 0.84150 0.96988
vt 0.88641 0.96382
vt 0.85715 0.97074
vt 0.84897 0.97142
vt 0.87380 0.96733
vt 0.89432 0.96220
vt 0.87726 0.96785
vt 0.88952 0.95856
vt 0.88414 0.96681
vt 0.88974 0.96535
vt 0.89550 0.96429
vt 0.86414 0.97095
vt 0.87297 0.97048
vt 0.85484 0.97367
vt 0.84946 0.97311
vt 0.87728 0.95981
vt 0.74577 0.96079
vt 0.75095 0.96354
vt 0.75052 0.96152
vt 0.74290 0.96231
vt 0.75538 0.96176
vt 0.76044 0.96379
vt 0.76016 0.96215
vt 0.76699 0.96301
vt 0.76873 0.96563
vt 0.77538 0.96514
vt 0.77607 0.96730
vt 0.78430 0.96719
vt 0.78267 0.96849
vt 0.78705 0.96952
vt 0.78994 0.96748
vt 0.74440 0.96413
vt 0.75818 0.96585
vt 0.76382 0.96618
vt 0.73711 0.96318
vt 0.73655 0.96055
vt 0.77085 0.96847
vt 0.75041 0.96652
vt 0.78818 0.97131
vt 0.77968 0.97053
vt 0.79255 0.96893
vt 0.79438 0.97101
vt 0.79718 0.96806
vt 0.79859 0.97155
vt 0.80215 0.96807
vt 0.74138 0.96531
vt 0.80214 0.97390
vt 0.80630 0.97028
vt 0.76641 0.96923
vt 0.75917 0.96868
vt 0.75374 0.96899
vt 0.74488 0.96783
vt 0.73735 0.96780
vt 0.77478 0.97239
vt 0.79740 0.97602
vt 0.79244 0.97384
vt 0.81240 0.97289
vt 0.80602 0.97351
vt 0.78877 0.97610
vt 0.79275 0.97664
vt 0.79376 0.97969
vt 0.78362 0.97390
vt 0.79535 0.97472
vt 0.76351 0.97100
vt 0.81950 0.97134
vt 0.79693 0.97891
vt 0.82517 0.97291
vt 0.82109 0.97474
vt 0.81592 0.97563
vt 0.82965 0.97508
vt 0.82378 0.97700
vt 0.83719 0.97365
vt 0.84282 0.97322
vt 0.75123 0.97089
vt 0.75769 0.97184
vt 0.83690 0.97525
vt 0.78537 0.97728
vt 0.78894 0.97909
vt 0.78161 0.97828
vt 0.81604 0.97865
vt 0.77508 0.97599
vt 0.74470 0.97233
vt 0.73855 0.97194
vt 0.78608 0.97980
vt 0.76848 0.97500
vt 0.79511 0.98130
vt 0.81119 0.97895
vt 0.80970 0.97739
vt 0.80707 0.98012
vt 0.80462 0.97897
vt 0.80824 0.97540
vt 0.80485 0.98165
vt 0.80209 0.97997
vt 0.80158 0.97738
vt 0.79967 0.98142
vt 0.80337 0.98262
vt 0.80896 0.98120
vt 0.80647 0.98305
vt 0.83002 0.97690
vt 0.84281 0.97631
vt 0.76291 0.97441
vt 0.84785 0.97555
vt 0.78131 0.98095
vt 0.75118 0.97383
vt 0.77361 0.97901
vt 0.73867 0.97595
vt 0.74352 0.97639
vt 0.74842 0.97627
vt 0.78858 0.98252
vt 0.82180 0.97888
vt 0.81286 0.98226
vt 0.75915 0.97528
vt 0.78994 0.98131
vt 0.83347 0.97849
vt 0.82026 0.98111
vt 0.76440 0.97699
vt 0.82807 0.97986
vt 0.76778 0.97920
vt 0.75493 0.97757
vt 0.77491 0.98144
vt 0.80495 0.98513
vt 0.79428 0.98415
vt 0.79907 0.98404
vt 0.77082 0.98147
vt 0.76238 0.97990
vt 0.80217 0.98540
vt 0.32158 0.18185
vt 0.32459 0.18303
vt 0.32484 0.18106
vt 0.32808 0.18239
vt 0.32902 0.17957
vt 0.33274 0.18070
vt 0.33246 0.18279
vt 0.33538 0.18191
vt 0.33786 0.18095
vt 0.33395 0.18338
vt 0.32305 0.17992
vt 0.31869 0.18030
vt 0.33626 0.17927
vt 0.31809 0.18231
vt 0.31480 0.18088
vt 0.31502 0.17853
vt 0.31919 0.17833
vt 0.30964 0.17914
vt 0.31050 0.18081
vt 0.33322 0.17780
vt 0.32720 0.17748
vt 0.31004 0.17781
vt 0.30436 0.18046
vt 0.30538 0.17779
vt 0.30340 0.17896
vt 0.30340 0.17613
vt 0.32208 0.18325
vt 0.33496 0.18326
vt 0.33694 0.18256
vt 0.31471 0.18236
vt 0.33833 0.18306
vt 0.30125 0.18030
vt 0.30087 0.17910
vt 0.30135 0.17719
vt 0.33049 0.18405
vt 0.32652 0.18477
vt 0.32030 0.18401
vt 0.33221 0.18493
vt 0.33319 0.18390
vt 0.32369 0.18508
vt 0.33648 0.18447
vt 0.33872 0.18463
vt 0.33375 0.18508
vt 0.33550 0.18443
vt 0.31676 0.17656
vt 0.32219 0.17678
vt 0.33511 0.17685
vt 0.30791 0.17581
vt 0.30178 0.17561
vt 0.33244 0.17613
vt 0.99806 0.96221
vt 0.99736 0.95811
vt 0.99553 0.95938
vt 0.99517 0.95517
vt 0.99738 0.95303
vt 0.99529 0.95058
vt 0.99774 0.94550
vt 0.99487 0.94327
vt 0.99882 0.93994
vt 0.99688 0.93725
vt 0.99698 0.96851
vt 0.99882 0.96882
vt 0.18150 0.93202
vt 0.17852 0.93478
vt 0.18430 0.93313
vt 0.17464 0.93231
vt 0.17165 0.93373
vt 0.16721 0.93202
vt 0.16623 0.93368
vt 0.16263 0.93157
vt 0.16252 0.93316
vt 0.17520 0.93631
vt 0.16860 0.93039
vt 0.16362 0.92913
vt 0.18834 0.93202
vt 0.18933 0.93074
vt 0.19252 0.93194
vt 0.19389 0.93057
vt 0.17226 0.92984
vt 0.17785 0.93065
vt 0.19629 0.93075
vt 0.19594 0.92912
vt 0.19779 0.92920
vt 0.18847 0.93394
vt 0.19806 0.93152
vt 0.16048 0.93145
vt 0.16131 0.93000
vt 0.19718 0.93221
vt 0.16201 0.92790
vt 0.19451 0.93331
vt 0.16982 0.93604
vt 0.19245 0.92952
vt 0.18276 0.93581
vt 0.16742 0.92828
vt 0.18327 0.92985
vt 0.15970 0.93445
vt 0.17828 0.93701
vt 0.16373 0.93560
vt 0.18761 0.93538
vt 0.17366 0.93817
vt 0.17549 0.93883
vt 0.19759 0.92722
vt 0.19834 0.93311
vt 0.16484 0.92699
vt 0.17780 0.92885
vt 0.17287 0.92722
vt 0.18988 0.92843
vt 0.19597 0.92718
vt 0.46979 0.43069
vt 0.46488 0.43236
vt 0.46225 0.43104
vt 0.46180 0.43370
vt 0.45532 0.43206
vt 0.44956 0.43221
vt 0.44216 0.43081
vt 0.44219 0.43258
vt 0.43251 0.43088
vt 0.44947 0.42991
vt 0.46029 0.42901
vt 0.43784 0.42888
vt 0.44497 0.42871
vt 0.46890 0.42930
vt 0.42949 0.42908
vt 0.42626 0.43086
vt 0.42188 0.42962
vt 0.45027 0.42786
vt 0.46967 0.42759
vt 0.41388 0.43170
vt 0.41399 0.42868
vt 0.42204 0.43207
vt 0.40874 0.43005
vt 0.40735 0.43246
vt 0.40916 0.42644
vt 0.40572 0.42774
vt 0.40655 0.42535
vt 0.40434 0.42614
vt 0.40902 0.42411
vt 0.41337 0.42615
vt 0.42007 0.42687
vt 0.40365 0.42994
vt 0.42809 0.42714
vt 0.40103 0.42682
vt 0.43407 0.42661
vt 0.44137 0.42663
vt 0.44904 0.42622
vt 0.45621 0.42696
vt 0.46216 0.42676
vt 0.41208 0.42344
vt 0.41552 0.42403
vt 0.41964 0.42508
vt 0.42530 0.42512
vt 0.43103 0.42539
vt 0.44180 0.42458
vt 0.89353 0.40389
vt 0.88944 0.40482
vt 0.89402 0.40552
vt 0.89784 0.40454
vt 0.89988 0.40711
vt 0.89048 0.40284
vt 0.89049 0.40583
vt 0.88875 0.40668
vt 0.88544 0.40557
vt 0.89464 0.40729
vt 0.90036 0.40528
vt 0.90505 0.40598
vt 0.90433 0.40364
vt 0.90949 0.40431
vt 0.91132 0.40477
vt 0.89045 0.40743
vt 0.90732 0.40240
vt 0.91086 0.40224
vt 0.90034 0.40330
vt 0.90874 0.40708
vt 0.88511 0.40335
vt 0.88156 0.40503
vt 0.87915 0.40556
vt 0.87847 0.40418
vt 0.87340 0.40273
vt 0.88827 0.40270
vt 0.88543 0.40126
vt 0.90312 0.40167
vt 0.90653 0.40096
vt 0.91237 0.40316
vt 0.91222 0.40540
vt 0.91163 0.40064
vt 0.90994 0.40006
vt 0.89866 0.40224
vt 0.89297 0.40228
vt 0.88311 0.40292
vt 0.91138 0.39880
vt 0.88951 0.40089
vt 0.88698 0.40782
vt 0.88100 0.40711
vt 0.87597 0.40537
vt 0.90416 0.40779
vt 0.88717 0.40035
vt 0.88446 0.39972
vt 0.88292 0.39985
vt 0.88155 0.39818
vt 0.88452 0.40123
vt 0.88095 0.39882
vt 0.88422 0.40221
vt 0.91285 0.40163
vt 0.90888 0.39818
vt 0.89266 0.40069
vt 0.89729 0.40063
vt 0.89948 0.39968
vt 0.90462 0.39891
vt 0.91218 0.40675
vt 0.88434 0.39861
vt 0.89917 0.40946
vt 0.89346 0.40912
vt 0.90458 0.41081
vt 0.90792 0.41021
vt 0.87315 0.40391
vt 0.87185 0.40248
vt 0.89009 0.40966
vt 0.88731 0.39935
vt 0.88601 0.40943
vt 0.50211 0.32433
vt 0.50863 0.32376
vt 0.50435 0.32241
vt 0.50988 0.32198
vt 0.49971 0.32279
vt 0.49834 0.32476
vt 0.51380 0.32281
vt 0.51426 0.32061
vt 0.50909 0.32509
vt 0.51487 0.32443
vt 0.51146 0.32636
vt 0.50074 0.32607
vt 0.51626 0.32166
vt 0.51819 0.32393
vt 0.50427 0.32604
vt 0.51711 0.31979
vt 0.49741 0.32454
vt 0.49819 0.32248
vt 0.49724 0.32576
vt 0.49928 0.32135
vt 0.50325 0.32055
vt 0.50728 0.32112
vt 0.49818 0.32057
vt 0.51071 0.32014
vt 0.51566 0.31847
vt 0.51847 0.32050
vt 0.51932 0.31847
vt 0.80950 0.29917
vt 0.81016 0.30523
vt 0.80795 0.30621
vt 0.80960 0.31095
vt 0.80764 0.31287
vt 0.80848 0.31924
vt 0.80719 0.30088
vt 0.80633 0.31741
vt 0.80493 0.32117
vt 0.80720 0.32623
vt 0.80445 0.33013
vt 0.80571 0.33424
vt 0.80780 0.33460
vt 0.80640 0.34035
vt 0.80426 0.33856
vt 0.80451 0.34513
vt 0.80693 0.34677
vt 0.80484 0.35189
vt 0.80805 0.35183
vt 0.80503 0.35602
vt 0.80755 0.35673
vt 0.80627 0.36348
vt 0.80883 0.36176
vt 0.80783 0.36706
vt 0.81082 0.36588
vt 0.80356 0.36064
vt 0.80359 0.36577
vt 0.80042 0.36410
vt 0.80156 0.36829
vt 0.79800 0.36552
vt 0.80236 0.35552
vt 0.80002 0.35993
vt 0.79702 0.36303
vt 0.80612 0.30774
vt 0.80516 0.31475
vt 0.80186 0.35158
vt 0.80236 0.34692
vt 0.80274 0.33394
vt 0.80217 0.34163
vt 0.79921 0.35648
vt 0.80466 0.30391
vt 0.80321 0.32718
vt 0.80294 0.32270
vt 0.80373 0.31094
vt 0.80270 0.31565
vt 0.79473 0.36272
vt 0.79652 0.35818
vt 0.80127 0.33002
vt 0.79839 0.35370
vt 0.80005 0.34744
vt 0.79976 0.30032
vt 0.79702 0.30607
vt 0.80055 0.32563
vt 0.80128 0.33600
vt 0.79983 0.34046
vt 0.80087 0.32094
vt 0.80043 0.30874
vt 0.79766 0.31107
vt 0.80057 0.31488
vt 0.79893 0.33062
vt 0.79378 0.35816
vt 0.79001 0.36250
vt 0.79106 0.36828
vt 0.78702 0.36720
vt 0.79454 0.36747
vt 0.78902 0.37406
vt 0.79252 0.37468
vt 0.79021 0.38003
vt 0.83462 0.58241
vt 0.83465 0.58699
vt 0.83351 0.58291
vt 0.83301 0.58711
vt 0.83441 0.59171
vt 0.83290 0.59028
vt 0.83607 0.58833
vt 0.83454 0.57799
vt 0.83295 0.57584
vt 0.83169 0.58334
vt 0.83437 0.57423
vt 0.83585 0.57391
vt 0.83611 0.57250
vt 0.83215 0.59413
vt 0.83464 0.57212
vt 0.83320 0.57250
vt 0.83416 0.59526
vt 0.83084 0.58745
vt 0.83393 0.59787
vt 0.83529 0.59628
vt 0.83614 0.59392
vt 0.83657 0.57823
vt 0.83649 0.58540
vt 0.83728 0.57402
vt 0.83589 0.58234
vt 0.83746 0.59204
vt 0.83793 0.59525
vt 0.83793 0.57222
vt 0.83681 0.57182
vt 0.01063 0.94969
vt 0.00901 0.94914
vt 0.00858 0.94525
vt 0.01069 0.95162
vt 0.00702 0.94702
vt 0.00521 0.94157
vt 0.00753 0.94026
vt 0.00562 0.93562
vt 0.00349 0.93622
vt 0.00500 0.93145
vt 0.00303 0.93054
vt 0.00276 0.92641
vt 0.00408 0.92235
vt 0.01285 0.95235
vt 0.01302 0.95386
vt 0.01459 0.95494
vt 0.01392 0.95541
vt 0.00777 0.91946
vt 0.00560 0.91692
vt 0.00844 0.91411
vt 0.00562 0.91146
vt 0.00766 0.90921
vt 0.00609 0.92528
vt 0.00744 0.93174
vt 0.00838 0.93678
vt 0.00541 0.90729
vt 0.00799 0.90278
vt 0.01047 0.90229
vt 0.01081 0.89871
vt 0.01233 0.89889
vt 0.01303 0.89752
vt 0.01459 0.89925
vt 0.01240 0.89621
vt 0.01427 0.90135
vt 0.00402 0.91363
vt 0.73361 0.61287
vt 0.73250 0.61529
vt 0.73029 0.61657
vt 0.73214 0.61948
vt 0.73096 0.62346
vt 0.73395 0.62360
vt 0.73393 0.62642
vt 0.73396 0.61893
vt 0.73281 0.62925
vt 0.73557 0.62147
vt 0.73228 0.61106
vt 0.73028 0.61063
vt 0.73204 0.60833
vt 0.73338 0.60922
vt 0.73535 0.62807
vt 0.73498 0.63073
vt 0.73714 0.62922
vt 0.73286 0.60520
vt 0.73109 0.60651
vt 0.73221 0.60171
vt 0.73383 0.60115
vt 0.73516 0.59872
vt 0.73582 0.62538
vt 0.73464 0.60687
vt 0.73755 0.62651
vt 0.73475 0.61595
vt 0.73478 0.60355
vt 0.73645 0.59372
vt 0.73805 0.62382
vt 0.73544 0.61005
vt 0.73935 0.62765
vt 0.73329 0.59669
vt 0.73637 0.61899
vt 0.73540 0.61323
vt 0.73452 0.63260
vt 0.73917 0.62589
vt 0.72878 0.62143
vt 0.72912 0.60743
vt 0.72963 0.62640
vt 0.73056 0.63094
vt 0.73653 0.59207
vt 0.73836 0.59079
vt 0.73849 0.59170
vt 0.73692 0.59595
vt 0.72827 0.61067
vt 0.72752 0.61663
vt 0.72961 0.60318
vt 0.72757 0.60796
vt 0.73305 0.59534
vt 0.73070 0.59854
vt 0.73935 0.59077
vt 0.46005 0.72430
vt 0.46131 0.72563
vt 0.46377 0.72423
vt 0.46545 0.72536
vt 0.45772 0.72536
vt 0.45706 0.72357
vt 0.46733 0.72452
vt 0.46487 0.72275
vt 0.46873 0.72220
vt 0.47017 0.72346
vt 0.47089 0.72514
vt 0.47222 0.72099
vt 0.46111 0.72245
vt 0.45796 0.72211
vt 0.45500 0.72477
vt 0.45589 0.72165
vt 0.45372 0.72318
vt 0.45140 0.72361
vt 0.45129 0.72231
vt 0.45337 0.72179
vt 0.45038 0.72251
vt 0.45123 0.72099
vt 0.45021 0.72426
vt 0.46572 0.72676
vt 0.46999 0.72655
vt 0.45151 0.72508
vt 0.47208 0.72709
vt 0.45508 0.72611
vt 0.45988 0.72739
vt 0.46897 0.72877
vt 0.46592 0.72978
vt 0.44992 0.72606
vt 0.45259 0.72676
vt 0.45813 0.72860
vt 0.47207 0.72957
vt 0.47330 0.72509
vt 0.47437 0.72778
vt 0.46921 0.73125
vt 0.45037 0.72745
vt 0.21382 0.07385
vt 0.21182 0.07495
vt 0.21470 0.07502
vt 0.21768 0.07200
vt 0.21763 0.07406
vt 0.21369 0.07691
vt 0.22023 0.07048
vt 0.22287 0.07131
vt 0.22030 0.07419
vt 0.21596 0.07708
vt 0.22444 0.07192
vt 0.21224 0.07911
vt 0.20826 0.07672
vt 0.20796 0.07923
vt 0.20408 0.07899
vt 0.20490 0.07711
vt 0.20254 0.08217
vt 0.20806 0.08102
vt 0.20297 0.07619
vt 0.22346 0.07474
vt 0.20189 0.07802
vt 0.20176 0.08009
vt 0.21915 0.07703
vt 0.20691 0.07506
vt 0.20061 0.07567
vt 0.22526 0.06943
vt 0.22639 0.06948
vt 0.22741 0.06748
vt 0.22767 0.06822
vt 0.22831 0.06752
vt 0.22248 0.07039
vt 0.18358 0.07228
vt 0.17948 0.07299
vt 0.18477 0.07463
vt 0.19107 0.07488
vt 0.17751 0.07031
vt 0.17486 0.07376
vt 0.17484 0.07191
vt 0.18817 0.07714
vt 0.19396 0.07823
vt 0.19753 0.07661
vt 0.18166 0.07583
vt 0.19921 0.07947
vt 0.16931 0.07156
vt 0.16816 0.07361
vt 0.16174 0.07390
vt 0.16190 0.07227
vt 0.15754 0.07396
vt 0.15699 0.07230
vt 0.15453 0.07555
vt 0.17872 0.07759
vt 0.17312 0.07559
vt 0.18536 0.07849
vt 0.19810 0.08206
vt 0.19110 0.08109
vt 0.16640 0.07613
vt 0.15853 0.07645
vt 0.17212 0.07861
vt 0.15024 0.07433
vt 0.15288 0.07209
vt 0.14624 0.07092
vt 0.18212 0.08062
vt 0.16472 0.07871
vt 0.17441 0.08093
vt 0.18687 0.08190
vt 0.15059 0.07667
vt 0.19296 0.08347
vt 0.20002 0.08338
vt 0.15560 0.07928
vt 0.15894 0.07858
vt 0.15988 0.08141
vt 0.16710 0.08177
vt 0.17705 0.08298
vt 0.20189 0.08514
vt 0.19642 0.08513
vt 0.18436 0.08381
vt 0.20534 0.08303
vt 0.20993 0.08218
vt 0.21347 0.08019
vt 0.21724 0.07878
vt 0.21437 0.08161
vt 0.22260 0.07718
vt 0.22574 0.07651
vt 0.22544 0.07419
vt 0.22680 0.07504
vt 0.20917 0.08434
vt 0.17066 0.08464
vt 0.20538 0.08542
vt 0.16037 0.08382
vt 0.15315 0.08294
vt 0.15170 0.07933
vt 0.14687 0.07863
vt 0.19059 0.08564
vt 0.14472 0.07539
vt 0.14223 0.07665
vt 0.13868 0.07441
vt 0.13371 0.07491
vt 0.13152 0.07243
vt 0.12613 0.07306
vt 0.18030 0.08548
vt 0.13818 0.07777
vt 0.13106 0.07735
vt 0.12580 0.07499
vt 0.11969 0.07259
vt 0.11694 0.06929
vt 0.11209 0.06972
vt 0.10607 0.06752
vt 0.45104 0.73996
vt 0.45007 0.73836
vt 0.44717 0.73921
vt 0.44943 0.74072
vt 0.45284 0.74229
vt 0.45058 0.74244
vt 0.44542 0.74107
vt 0.44304 0.73896
vt 0.43842 0.74153
vt 0.44762 0.74281
vt 0.43928 0.73903
vt 0.43297 0.73994
vt 0.43002 0.74147
vt 0.42759 0.73878
vt 0.42537 0.74110
vt 0.42342 0.73836
vt 0.42217 0.74088
vt 0.42732 0.74355
vt 0.43504 0.74355
vt 0.42373 0.74334
vt 0.42508 0.74571
vt 0.44382 0.74366
vt 0.42751 0.74605
vt 0.43055 0.74567
vt 0.42299 0.74531
vt 0.42006 0.74724
vt 0.41844 0.74505
vt 0.41747 0.74666
vt 0.41761 0.74176
vt 0.41198 0.74507
vt 0.41089 0.74717
vt 0.40689 0.74472
vt 0.42860 0.74737
vt 0.40655 0.74694
vt 0.41216 0.74263
vt 0.45281 0.74372
vt 0.45816 0.74355
vt 0.44926 0.74473
vt 0.44776 0.74639
vt 0.44293 0.74561
vt 0.43827 0.74544
vt 0.45363 0.74622
vt 0.45882 0.74518
vt 0.43305 0.74728
vt 0.42929 0.74862
vt 0.46371 0.74516
vt 0.46580 0.74734
vt 0.46673 0.74653
vt 0.46806 0.74819
vt 0.73164 0.64727
vt 0.73292 0.65110
vt 0.73082 0.65293
vt 0.73559 0.64656
vt 0.73271 0.65510
vt 0.72989 0.65716
vt 0.73446 0.64425
vt 0.73632 0.64216
vt 0.73462 0.64137
vt 0.73678 0.63802
vt 0.73146 0.65935
vt 0.73850 0.64158
vt 0.74069 0.63518
vt 0.73849 0.63394
vt 0.74091 0.63181
vt 0.74241 0.63274
vt 0.73711 0.64988
vt 0.73886 0.85220
vt 0.74182 0.84715
vt 0.74192 0.85068
vt 0.74155 0.85560
vt 0.74451 0.84794
vt 0.73783 0.85714
vt 0.74397 0.84172
vt 0.74587 0.84162
vt 0.73978 0.84411
vt 0.73822 0.84874
vt 0.73887 0.86074
vt 0.73564 0.86487
vt 0.74102 0.86618
vt 0.74038 0.83838
vt 0.74324 0.83353
vt 0.74604 0.83485
vt 0.74633 0.83142
vt 0.74450 0.83002
vt 0.73764 0.87205
vt 0.74103 0.87334
vt 0.73889 0.88018
vt 0.73615 0.87579
vt 0.73530 0.88329
vt 0.74006 0.83196
vt 0.74212 0.83026
vt 0.74029 0.82814
vt 0.73733 0.83496
vt 0.73763 0.84004
vt 0.73495 0.83534
vt 0.73527 0.83161
vt 0.74247 0.86160
vt 0.74302 0.88110
vt 0.74570 0.82618
vt 0.74270 0.82532
vt 0.73348 0.88212
vt 0.73578 0.85648
vt 0.73365 0.86915
vt 0.73317 0.87727
vt 0.74390 0.87179
vt 0.74535 0.82010
vt 0.73643 0.84562
vt 0.73409 0.83985
vt 0.74269 0.81832
vt 0.74592 0.81612
vt 0.74302 0.81454
vt 0.74024 0.81470
vt 0.73991 0.81923
vt 0.73947 0.82389
vt 0.74783 0.81817
vt 0.74448 0.88578
vt 0.74785 0.83132
vt 0.74561 0.87693
vt 0.74843 0.82555
vt 0.74442 0.86545
vt 0.74394 0.85338
vt 0.74541 0.85721
vt 0.74837 0.83859
vt 0.74709 0.86477
vt 0.74630 0.86982
vt 0.75040 0.82133
vt 0.75017 0.81802
vt 0.74702 0.84475
vt 0.74728 0.85220
vt 0.73128 0.84797
vt 0.73320 0.85197
vt 0.72987 0.85534
vt 0.73057 0.86258
vt 0.72774 0.85839
vt 0.72863 0.85041
vt 0.72569 0.86744
vt 0.72774 0.87157
vt 0.72440 0.87478
vt 0.72442 0.88119
vt 0.72944 0.87906
vt 0.73105 0.84283
vt 0.73139 0.83583
vt 0.73053 0.83074
vt 0.73364 0.82833
vt 0.73516 0.82671
vt 0.73366 0.82225
vt 0.73020 0.82486
vt 0.72894 0.83518
vt 0.72745 0.82921
vt 0.73087 0.81937
vt 0.73265 0.81857
vt 0.73081 0.81382
vt 0.73309 0.81388
vt 0.73178 0.80696
vt 0.72728 0.80810
vt 0.72847 0.80212
vt 0.73050 0.79702
vt 0.72843 0.81353
vt 0.72732 0.79165
vt 0.73031 0.78835
vt 0.72770 0.78442
vt 0.74609 0.84866
vt 0.73711 0.82563
vt 0.73612 0.82140
vt 0.73823 0.83013
vt 0.73808 0.81820
vt 0.73657 0.80995
vt 0.74139 0.81080
vt 0.73459 0.81697
vt 0.74036 0.80626
vt 0.73568 0.80389
vt 0.73919 0.80053
vt 0.74464 0.80695
vt 0.74451 0.80191
vt 0.74191 0.79979
vt 0.74814 0.80556
vt 0.73552 0.79723
vt 0.73831 0.79345
vt 0.73459 0.79027
vt 0.73674 0.78507
vt 0.73396 0.78339
vt 0.73170 0.78567
vt 0.73266 0.79472
vt 0.73404 0.80836
vt 0.73380 0.80248
vt 0.74094 0.79453
vt 0.73956 0.78488
vt 0.73572 0.77989
vt 0.74073 0.77513
vt 0.73784 0.77704
vt 0.74283 0.78967
vt 0.74425 0.78279
vt 0.74317 0.77610
vt 0.74483 0.79560
vt 0.74918 0.80072
vt 0.73526 0.77347
vt 0.73233 0.77455
vt 0.73713 0.76784
vt 0.74054 0.76485
vt 0.74260 0.77037
vt 0.74724 0.78770
vt 0.74763 0.79312
vt 0.75101 0.80779
vt 0.73469 0.76091
vt 0.73915 0.75897
vt 0.73371 0.75552
vt 0.73767 0.75402
vt 0.73382 0.74875
vt 0.74049 0.75456
vt 0.73877 0.74907
vt 0.74251 0.76128
vt 0.73703 0.74414
vt 0.74409 0.76653
vt 0.74511 0.77353
vt 0.74622 0.77839
vt 0.74971 0.81175
vt 0.73054 0.74286
vt 0.73300 0.73922
vt 0.73715 0.73761
vt 0.73268 0.73299
vt 0.73705 0.72941
vt 0.73410 0.72831
vt 0.73029 0.72655
vt 0.73710 0.72470
vt 0.73401 0.72241
vt 0.73161 0.71866
vt 0.72947 0.73625
vt 0.72860 0.72944
vt 0.72778 0.72394
vt 0.74623 0.81147
vt 0.72968 0.74860
vt 0.73040 0.75466
vt 0.73235 0.76923
vt 0.73314 0.76515
vt 0.74866 0.81457
vt 0.75085 0.81538
vt 0.74551 0.81447
vt 0.72801 0.75413
vt 0.72821 0.74140
vt 0.72944 0.76154
vt 0.73235 0.77930
vt 0.73030 0.77871
vt 0.72757 0.71945
vt 0.73049 0.71658
vt 0.73462 0.71234
vt 0.73352 0.70974
vt 0.73832 0.70517
vt 0.73646 0.70178
vt 0.74017 0.69546
vt 0.73718 0.69627
vt 0.74002 0.68767
vt 0.74227 0.68513
vt 0.74109 0.68143
vt 0.73877 0.68367
vt 0.74056 0.67787
vt 0.74239 0.67550
vt 0.73550 0.71527
vt 0.72923 0.76722
vt 0.73704 0.69103
vt 0.73876 0.67744
vt 0.74375 0.81140
vt 0.72865 0.77206
vt 0.72792 0.71406
vt 0.73134 0.70783
vt 0.72733 0.76178
vt 0.72713 0.76752
vt 0.73478 0.69771
vt 0.72666 0.73366
vt 0.72496 0.72866
vt 0.72519 0.74724
vt 0.72603 0.75494
vt 0.72459 0.74239
vt 0.72591 0.71777
vt 0.74079 0.67388
vt 0.74450 0.66989
vt 0.74400 0.66767
vt 0.74683 0.66518
vt 0.74718 0.66705
vt 0.72549 0.73851
vt 0.72798 0.70554
vt 0.73001 0.69687
vt 0.72552 0.69911
vt 0.72728 0.69437
vt 0.73062 0.69093
vt 0.72798 0.68834
vt 0.73077 0.68274
vt 0.73366 0.68377
vt 0.73422 0.67839
vt 0.73171 0.67659
vt 0.72849 0.67799
vt 0.73424 0.68961
vt 0.73611 0.68296
vt 0.73015 0.67348
vt 0.72727 0.68272
vt 0.73453 0.67489
vt 0.72510 0.70622
vt 0.72322 0.73460
vt 0.72509 0.71291
vt 0.72500 0.72221
vt 0.73360 0.67180
vt 0.73177 0.66833
vt 0.72900 0.67012
vt 0.73030 0.66474
vt 0.73286 0.66293
vt 0.73383 0.65856
vt 0.72902 0.66062
vt 0.74638 0.67045
vt 0.74493 0.67385
vt 0.72756 0.67482
vt 0.73670 0.67665
vt 0.72210 0.72774
vt 0.74437 0.66496
vt 0.73540 0.66063
vt 0.72750 0.66853
vt 0.73446 0.66602
vt 0.73517 0.66913
vt 0.74379 0.67939
vt 0.72592 0.69103
vt 0.72822 0.77907
vt 0.73586 0.67171
vt 0.73586 0.65638
vt 0.74928 0.66310
vt 0.72278 0.71809
vt 0.74697 0.66053
vt 0.75276 0.81378
vt 0.72494 0.76205
vt 0.74006 0.66973
vt 0.73701 0.67171
vt 0.74173 0.66488
vt 0.72743 0.65836
vt 0.72729 0.66304
vt 0.74352 0.66197
vt 0.74603 0.65836
vt 0.74904 0.65342
vt 0.73765 0.66828
vt 0.73851 0.66493
vt 0.73633 0.66882
vt 0.74507 0.65663
vt 0.74741 0.65149
vt 0.74937 0.64870
vt 0.43601 0.08393
vt 0.43752 0.08093
vt 0.43470 0.08260
vt 0.43223 0.08354
vt 0.43974 0.08230
vt 0.44205 0.08041
vt 0.43375 0.08131
vt 0.44133 0.08291
vt 0.44378 0.08108
vt 0.44610 0.07966
vt 0.44594 0.08102
vt 0.44845 0.07929
vt 0.43231 0.08564
vt 0.42773 0.08451
vt 0.42728 0.08254
vt 0.42023 0.08456
vt 0.41890 0.08199
vt 0.41580 0.08291
vt 0.42374 0.08096
vt 0.42953 0.07977
vt 0.44076 0.07929
vt 0.43362 0.07997
vt 0.43521 0.07920
vt 0.44573 0.07888
vt 0.43705 0.07879
vt 0.42176 0.07954
vt 0.41559 0.07956
vt 0.41440 0.08125
vt 0.42590 0.07846
vt 0.44799 0.07813
vt 0.43183 0.07846
vt 0.41128 0.07939
vt 0.41724 0.07774
vt 0.44651 0.07774
vt 0.44081 0.07823
vt 0.44992 0.07820
vt 0.64256 0.18839
vt 0.63980 0.18611
vt 0.63709 0.18776
vt 0.63947 0.18983
vt 0.63642 0.18941
vt 0.63271 0.18675
vt 0.63000 0.18870
vt 0.63461 0.18539
vt 0.62942 0.18701
vt 0.62904 0.18417
vt 0.62547 0.18572
vt 0.62646 0.18423
vt 0.64130 0.19080
vt 0.62263 0.18722
vt 0.63820 0.19140
vt 0.64751 0.18776
vt 0.64601 0.18614
vt 0.64951 0.18588
vt 0.64984 0.18414
vt 0.65283 0.18420
vt 0.65409 0.18225
vt 0.64305 0.18590
vt 0.63744 0.18414
vt 0.63152 0.18387
vt 0.62591 0.18189
vt 0.62485 0.18444
vt 0.65497 0.18231
vt 0.65474 0.18114
vt 0.62295 0.18569
vt 0.63300 0.19085
vt 0.63428 0.18363
vt 0.63986 0.18411
vt 0.64514 0.18416
vt 0.62929 0.18114
vt 0.65191 0.18224
vt 0.64806 0.18320
vt 0.37553 0.62043
vt 0.37973 0.61822
vt 0.37619 0.61681
vt 0.37875 0.62073
vt 0.37342 0.61822
vt 0.37404 0.62076
vt 0.68196 0.42563
vt 0.68131 0.42020
vt 0.67702 0.41856
vt 0.67831 0.41656
vt 0.67558 0.41268
vt 0.67317 0.41283
vt 0.67074 0.40848
vt 0.89758 0.27765
vt 0.90392 0.27716
vt 0.90241 0.27892
vt 0.90897 0.27664
vt 0.90790 0.27947
vt 0.91364 0.27776
vt 0.89467 0.28058
vt 0.89180 0.27874
vt 0.88790 0.28009
vt 0.88763 0.27726
vt 0.89247 0.27664
vt 0.88290 0.27798
vt 0.87979 0.27976
vt 0.87695 0.27761
vt 0.87415 0.27979
vt 0.87106 0.27867
vt 0.84537 0.00750
vt 0.84445 0.00599
vt 0.84005 0.00761
vt 0.84661 0.00614
vt 0.84641 0.00815
vt 0.83985 0.00592
vt 0.83399 0.00614
vt 0.84391 0.00908
vt 0.49076 0.14180
vt 0.49587 0.14265
vt 0.49458 0.14112
vt 0.49035 0.14014
vt 0.50045 0.14306
vt 0.48949 0.14055
vt 0.50208 0.14128
vt 0.50492 0.14390
vt 0.50585 0.14244
vt 0.50851 0.14463
vt 0.50351 0.14511
vt 0.48930 0.14276
vt 0.49953 0.14455
vt 0.49244 0.14347
vt 0.50967 0.14730
vt 0.51355 0.14678
vt 0.51296 0.14951
vt 0.51651 0.14920
vt 0.50712 0.16159
vt 0.50937 0.16121
vt 0.50814 0.16045
vt 0.50971 0.16014
vt 0.51876 0.17436
vt 0.52372 0.17177
vt 0.51869 0.17194
vt 0.52209 0.17431
vt 0.51947 0.17668
vt 0.52960 0.17242
vt 0.52149 0.17754
vt 0.52631 0.17566
vt 0.52785 0.16986
vt 0.51787 0.17965
vt 0.51483 0.17919
vt 0.51441 0.18104
vt 0.50956 0.18057
vt 0.51021 0.18204
vt 0.51661 0.17607
vt 0.51330 0.17813
vt 0.53190 0.16638
vt 0.51688 0.17343
vt 0.51637 0.17151
vt 0.53091 0.17503
vt 0.53639 0.16881
vt 0.53770 0.16452
vt 0.52287 0.17014
vt 0.54444 0.16517
vt 0.54356 0.16039
vt 0.54943 0.16097
vt 0.54675 0.15721
vt 0.54358 0.15610
vt 0.55084 0.16386
vt 0.55732 0.15965
vt 0.55257 0.15671
vt 0.55650 0.15475
vt 0.56111 0.15601
vt 0.53754 0.15989
vt 0.53241 0.16219
vt 0.54013 0.15723
vt 0.53466 0.15705
vt 0.53159 0.15882
vt 0.52864 0.15562
vt 0.52467 0.15861
vt 0.52104 0.15532
vt 0.51745 0.15624
vt 0.51958 0.15884
vt 0.55669 0.16481
vt 0.55968 0.16260
vt 0.56246 0.15994
vt 0.52343 0.16114
vt 0.51832 0.16058
vt 0.51530 0.15835
vt 0.54286 0.16871
vt 0.51000 0.15743
vt 0.51031 0.15555
vt 0.50393 0.15517
vt 0.55100 0.16724
vt 0.52952 0.16456
vt 0.53700 0.15521
vt 0.56538 0.15694
vt 0.56756 0.15924
vt 0.50246 0.15694
vt 0.50070 0.15509
vt 0.53773 0.17127
vt 0.56687 0.16145
vt 0.52532 0.16739
vt 0.57442 0.15964
vt 0.57393 0.15716
vt 0.57806 0.15803
vt 0.58244 0.15566
vt 0.58539 0.15686
vt 0.58956 0.15401
vt 0.59212 0.15562
vt 0.59612 0.15416
vt 0.59476 0.15688
vt 0.59980 0.15467
vt 0.59011 0.15838
vt 0.58756 0.15944
vt 0.58347 0.16067
vt 0.51677 0.15409
vt 0.52241 0.16331
vt 0.52330 0.16572
vt 0.51778 0.16457
vt 0.51750 0.16629
vt 0.51325 0.16459
vt 0.50952 0.16697
vt 0.51158 0.18327
vt 0.51769 0.16241
vt 0.50840 0.16469
vt 0.50232 0.16834
vt 0.50690 0.16882
vt 0.50142 0.17007
vt 0.49963 0.16987
vt 0.50301 0.16592
vt 0.51075 0.16848
vt 0.49865 0.16772
vt 0.50639 0.18338
vt 0.51463 0.16878
vt 0.51906 0.16956
vt 0.50709 0.18462
vt 0.51569 0.16011
vt 0.51430 0.16153
vt 0.49767 0.16903
vt 0.51243 0.16001
vt 0.51381 0.16068
vt 0.50430 0.15379
vt 0.50086 0.15392
vt 0.51091 0.15388
vt 0.50017 0.16526
vt 0.50569 0.15955
vt 0.50097 0.18587
vt 0.50130 0.18404
vt 0.49768 0.18569
vt 0.50011 0.15853
vt 0.49738 0.18442
vt 0.49713 0.15779
vt 0.49283 0.16810
vt 0.49377 0.15622
vt 0.50547 0.17043
vt 0.51475 0.17548
vt 0.48857 0.15826
vt 0.48705 0.15653
vt 0.50409 0.18188
vt 0.49651 0.18556
vt 0.49682 0.17124
vt 0.49539 0.16970
vt 0.49241 0.17175
vt 0.49149 0.17008
vt 0.48759 0.17131
vt 0.48635 0.16910
vt 0.48248 0.17022
vt 0.48033 0.17209
vt 0.51008 0.17830
vt 0.49894 0.18293
vt 0.48088 0.16912
vt 0.47703 0.17024
vt 0.47669 0.17172
vt 0.47748 0.17296
vt 0.51508 0.17281
vt 0.47531 0.16999
vt 0.47516 0.16836
vt 0.49631 0.18361
vt 0.57445 0.15101
vt 0.57053 0.15207
vt 0.57520 0.15376
vt 0.56967 0.15614
vt 0.58040 0.15108
vt 0.58311 0.15390
vt 0.59017 0.14973
vt 0.59411 0.15068
vt 0.59810 0.15188
vt 0.60396 0.14812
vt 0.60380 0.15160
vt 0.61126 0.14778
vt 0.61337 0.14921
vt 0.61920 0.14482
vt 0.62290 0.14750
vt 0.62921 0.14399
vt 0.63439 0.14535
vt 0.63677 0.14157
vt 0.64483 0.14341
vt 0.64538 0.14009
vt 0.65392 0.14014
vt 0.65326 0.14270
vt 0.66248 0.14128
vt 0.64294 0.14674
vt 0.65429 0.14491
vt 0.60751 0.15191
vt 0.66276 0.14444
vt 0.63483 0.14773
vt 0.56610 0.15389
vt 0.56084 0.15372
vt 0.55441 0.15177
vt 0.55127 0.15346
vt 0.54530 0.15027
vt 0.54214 0.15296
vt 0.53642 0.14790
vt 0.54316 0.14749
vt 0.55142 0.14873
vt 0.53353 0.15046
vt 0.52553 0.14777
vt 0.52721 0.15073
vt 0.53075 0.14531
vt 0.53915 0.14516
vt 0.52351 0.14571
vt 0.52257 0.15145
vt 0.51988 0.14841
vt 0.51925 0.14568
vt 0.66916 0.14348
vt 0.66899 0.14073
vt 0.51864 0.15076
vt 0.51575 0.14563
vt 0.62298 0.14977
vt 0.61174 0.15242
vt 0.51562 0.15059
vt 0.51072 0.14394
vt 0.60384 0.15464
vt 0.51404 0.78975
vt 0.51664 0.79203
vt 0.51449 0.79281
vt 0.51147 0.79127
vt 0.51144 0.79310
vt 0.51259 0.78932
vt 0.51311 0.79438
vt 0.51507 0.78887
vt 0.51557 0.79440
vt 0.51664 0.78953
vt 0.51696 0.79385
vt 0.67705 0.02920
vt 0.68198 0.02839
vt 0.67699 0.02777
vt 0.67410 0.02784
vt 0.67876 0.03039
vt 0.67399 0.02898
vt 0.68379 0.03029
vt 0.68494 0.02773
vt 0.67311 0.02773
vt 0.67364 0.02689
vt 0.67625 0.02644
vt 0.68177 0.02746
vt 0.01104 0.81212
vt 0.00986 0.80879
vt 0.01166 0.80907
vt 0.01222 0.81413
vt 0.01006 0.80422
vt 0.01137 0.80411
vt 0.01222 0.80078
vt 0.01022 0.80084
vt 0.01145 0.79755
vt 0.59678 0.97339
vt 0.59700 0.97570
vt 0.59513 0.97476
vt 0.59527 0.97648
vt 0.59461 0.97277
vt 0.59820 0.97571
vt 0.59861 0.97277
vt 0.59672 0.97773
vt 0.59897 0.97763
vt 0.59345 0.97908
vt 0.69110 0.99432
vt 0.69096 0.99645
vt 0.69332 0.99486
vt 0.69286 0.99332
vt 0.69002 0.99277
vt 0.68967 0.99519
vt 0.69523 0.99370
vt 0.69560 0.99481
vt 0.69702 0.99490
vt 0.69756 0.99277
vt 0.69554 0.99250
vt 0.04994 0.92448
vt 0.05041 0.92640
vt 0.05114 0.92501
vt 0.05122 0.92309
vt 0.04904 0.92237
vt 0.04871 0.92548
vt 0.05233 0.92597
vt 0.05294 0.92409
vt 0.05098 0.92866
vt 0.04952 0.92859
vt 0.04757 0.93198
vt 0.05000 0.93168
vt 0.04719 0.93578
vt 0.04562 0.93545
vt 0.04397 0.93742
vt 0.00953 0.93286
vt 0.00907 0.93353
vt 0.01071 0.93454
vt 0.01152 0.93410
vt 0.01429 0.93667
vt 0.01432 0.93500
vt 0.01606 0.93683
vt 0.01732 0.93826
vt 0.02050 0.93876
vt 0.01863 0.93697
vt 0.02302 0.93842
vt 0.02540 0.93931
vt 0.01671 0.93529
vt 0.02251 0.93678
vt 0.02639 0.93749
vt 0.11020 0.92230
vt 0.11473 0.92013
vt 0.10691 0.92028
vt 0.09964 0.92267
vt 0.11645 0.92292
vt 0.12250 0.92096
vt 0.10201 0.92496
vt 0.09473 0.92755
vt 0.11104 0.92460
vt 0.10549 0.92578
vt 0.09324 0.92611
vt 0.09408 0.92208
vt 0.08964 0.92845
vt 0.09223 0.92361
vt 0.08773 0.92638
vt 0.08918 0.92420
vt 0.08575 0.92247
vt 0.11978 0.92473
vt 0.08459 0.92879
vt 0.11334 0.92629
vt 0.09907 0.92868
vt 0.10709 0.92746
vt 0.08231 0.92535
vt 0.09347 0.93024
vt 0.08920 0.93102
vt 0.07960 0.92724
vt 0.11058 0.92810
vt 0.07476 0.92279
vt 0.08244 0.93108
vt 0.10473 0.92895
vt 0.11695 0.92760
vt 0.12248 0.92653
vt 0.12490 0.92462
vt 0.12495 0.92271
vt 0.13025 0.92379
vt 0.13141 0.92144
vt 0.13652 0.92308
vt 0.12981 0.92581
vt 0.13949 0.92094
vt 0.13831 0.92450
vt 0.14461 0.92255
vt 0.07811 0.92866
vt 0.07450 0.92507
vt 0.07292 0.92668
vt 0.06782 0.92378
vt 0.09817 0.93129
vt 0.10532 0.93110
vt 0.07737 0.93106
vt 0.09404 0.93290
vt 0.14866 0.92073
vt 0.12470 0.92938
vt 0.13102 0.92823
vt 0.07093 0.92863
vt 0.06255 0.92374
vt 0.06196 0.92122
vt 0.05807 0.91971
vt 0.08740 0.93420
vt 0.11830 0.93185
vt 0.11256 0.92976
vt 0.11242 0.93418
vt 0.12127 0.93375
vt 0.13196 0.93173
vt 0.13718 0.92784
vt 0.08261 0.93421
vt 0.09923 0.93546
vt 0.05695 0.92137
vt 0.05897 0.92365
vt 0.14326 0.92616
vt 0.05893 0.91800
vt 0.14986 0.92364
vt 0.05539 0.91883
vt 0.05555 0.91680
vt 0.05339 0.91587
vt 0.05283 0.91736
vt 0.05024 0.91493
vt 0.05000 0.91724
vt 0.04747 0.91507
vt 0.04465 0.91337
vt 0.04371 0.91444
vt 0.04216 0.91299
vt 0.05291 0.91936
vt 0.04107 0.91386
vt 0.04637 0.91685
vt 0.05420 0.92261
vt 0.05487 0.92550
vt 0.05730 0.92755
vt 0.05461 0.93110
vt 0.05247 0.92878
vt 0.05220 0.93479
vt 0.04863 0.93804
vt 0.05193 0.93898
vt 0.04780 0.94141
vt 0.04486 0.94011
vt 0.04162 0.94065
vt 0.04292 0.94278
vt 0.03921 0.94209
vt 0.03513 0.94017
vt 0.03478 0.94244
vt 0.03122 0.94123
vt 0.02981 0.93957
vt 0.03922 0.93864
vt 0.02706 0.94076
vt 0.03080 0.93856
vt 0.04324 0.91140
vt 0.15737 0.92086
vt 0.04206 0.91554
vt 0.15693 0.92280
vt 0.16601 0.92014
vt 0.16400 0.91732
vt 0.16966 0.91589
vt 0.17286 0.91737
vt 0.17622 0.91428
vt 0.17902 0.91514
vt 0.04049 0.91197
vt 0.18001 0.91207
vt 0.18307 0.91405
vt 0.18809 0.91042
vt 0.04861 0.91910
vt 0.05143 0.92234
vt 0.03577 0.93823
vt 0.02391 0.94137
vt 0.04590 0.91175
vt 0.02742 0.94234
vt 0.06778 0.92154
vt 0.04077 0.91042
vt 0.06321 0.91946
vt 0.05615 0.91555
vt 0.05415 0.91413
vt 0.35804 0.85480
vt 0.35631 0.85277
vt 0.35581 0.85415
vt 0.35393 0.85309
vt 0.35596 0.85137
vt 0.35371 0.85475
vt 0.35910 0.85225
vt 0.35935 0.85122
vt 0.36126 0.85137
vt 0.36159 0.85228
vt 0.35688 0.85693
vt 0.35797 0.85587
vt 0.36148 0.85912
vt 0.67314 0.58163
vt 0.67468 0.58111
vt 0.67344 0.57947
vt 0.67465 0.57814
vt 0.67254 0.57826
vt 0.67465 0.58366
vt 0.67232 0.57933
vt 0.92357 0.80195
vt 0.92297 0.80112
vt 0.92107 0.80229
vt 0.92410 0.80066
vt 0.92012 0.80033
vt 0.92271 0.79925
vt 0.91956 0.79782
vt 0.91838 0.79953
vt 0.91937 0.80152
vt 0.92368 0.79873
vt 0.92163 0.79755
vt 0.92468 0.79953
vt 0.10036 0.99724
vt 0.10029 0.99858
vt 0.10213 0.99882
vt 0.09819 0.99882
vt 0.36049 0.72033
vt 0.35965 0.71997
vt 0.35941 0.72129
vt 0.36012 0.72243
vt 0.35804 0.72209
vt 0.35767 0.72451
vt 0.35562 0.72233
vt 0.35285 0.72533
vt 0.35046 0.72246
vt 0.35493 0.72821
vt 0.36019 0.72820
vt 0.35731 0.73027
vt 0.36134 0.73002
vt 0.35088 0.72777
vt 0.34542 0.72451
vt 0.34447 0.72127
vt 0.34828 0.72094
vt 0.33995 0.72093
vt 0.34191 0.71942
vt 0.33628 0.71954
vt 0.33994 0.72437
vt 0.33557 0.72253
vt 0.35451 0.73074
vt 0.36598 0.73019
vt 0.36605 0.72863
vt 0.37079 0.72972
vt 0.33764 0.72535
vt 0.35079 0.73017
vt 0.34707 0.72853
vt 0.34221 0.72616
vt 0.36981 0.73204
vt 0.37484 0.73090
vt 0.37517 0.72837
vt 0.37935 0.73065
vt 0.37886 0.72888
vt 0.38174 0.72940
vt 0.38248 0.73056
vt 0.38603 0.72766
vt 0.38778 0.72837
vt 0.39206 0.72501
vt 0.39260 0.72658
vt 0.39509 0.72395
vt 0.38006 0.72527
vt 0.37743 0.72548
vt 0.37818 0.72702
vt 0.38180 0.72731
vt 0.38281 0.72518
vt 0.38768 0.72511
vt 0.37395 0.72618
vt 0.39167 0.72334
vt 0.39494 0.72234
vt 0.39738 0.72174
vt 0.39812 0.71954
vt 0.39633 0.72039
vt 0.36806 0.72678
vt 0.37020 0.72517
vt 0.36657 0.72399
vt 0.36168 0.72505
vt 0.36227 0.72283
vt 0.37368 0.72384
vt 0.36434 0.72205
vt 0.36967 0.72271
vt 0.37846 0.72323
vt 0.38101 0.72305
vt 0.39866 0.71999
vt 0.38295 0.72304
vt 0.76694 0.84383
vt 0.76706 0.84475
vt 0.76572 0.84383
vt 0.76619 0.84280
vt 0.76794 0.84324
vt 0.76687 0.83337
vt 0.76979 0.83676
vt 0.76715 0.83886
vt 0.76852 0.84118
vt 0.76995 0.84292
vt 0.76767 0.82907
vt 0.76543 0.82702
vt 0.76684 0.82411
vt 0.76521 0.82217
vt 0.76802 0.84315
vt 0.76929 0.84466
vt 0.77090 0.84511
vt 0.76736 0.81817
vt 0.76574 0.81731
vt 0.76694 0.84128
vt 0.76831 0.84633
vt 0.76759 0.84227
vt 0.76616 0.84662
vt 0.76695 0.84807
vt 0.77007 0.84597
vt 0.76660 0.84193
vt 0.76501 0.83215
vt 0.76410 0.83611
vt 0.76340 0.83214
vt 0.76423 0.83980
vt 0.76568 0.84216
vt 0.76346 0.82668
vt 0.76301 0.82246
vt 0.76489 0.81390
vt 0.76772 0.81191
vt 0.76614 0.81120
vt 0.76797 0.81438
vt 0.76199 0.83450
vt 0.76995 0.81260
vt 0.76130 0.83130
vt 0.76065 0.83715
vt 0.76477 0.81097
vt 0.76324 0.81404
vt 0.76125 0.82070
vt 0.32473 0.25394
vt 0.32610 0.25361
vt 0.32552 0.25296
vt 0.32293 0.25435
vt 0.32269 0.25333
vt 0.32018 0.25492
vt 0.31636 0.25415
vt 0.31898 0.25342
vt 0.31699 0.25629
vt 0.31429 0.25543
vt 0.31047 0.25508
vt 0.31228 0.25749
vt 0.30897 0.25676
vt 0.30767 0.25485
vt 0.30951 0.25348
vt 0.30963 0.25848
vt 0.30639 0.25296
vt 0.32209 0.25542
vt 0.93415 0.25454
vt 0.93494 0.25454
vt 0.93478 0.25612
vt 0.28966 0.63496
vt 0.29020 0.63607
vt 0.28876 0.63524
vt 0.29009 0.63749
vt 0.28900 0.63725
vt 0.29036 0.64012
vt 0.28854 0.64049
vt 0.28957 0.64334
vt 0.28776 0.64613
vt 0.28932 0.64800
vt 0.28746 0.65155
vt 0.28889 0.65254
vt 0.28888 0.65407
vt 0.29083 0.64425
vt 0.29082 0.65316
vt 0.29058 0.64844
vt 0.29020 0.65541
vt 0.29203 0.64013
vt 0.29203 0.65549
vt 0.29208 0.64446
vt 0.29220 0.64950
vt 0.29298 0.65300
vt 0.20859 0.87165
vt 0.20806 0.86990
vt 0.20769 0.87090
vt 0.21017 0.87046
vt 0.20544 0.87216
vt 0.20468 0.87075
vt 0.20245 0.87253
vt 0.20154 0.87036
vt 0.19961 0.87175
vt 0.20501 0.86938
vt 0.19633 0.86998
vt 0.19371 0.87233
vt 0.19046 0.87046
vt 0.18809 0.35848
vt 0.18770 0.35399
vt 0.18651 0.36007
vt 0.18761 0.36378
vt 0.18652 0.36616
vt 0.18770 0.36819
vt 0.71275 0.64365
vt 0.71205 0.64150
vt 0.71506 0.63975
vt 0.71488 0.52926
vt 0.71815 0.52396
vt 0.71924 0.52910
vt 0.71852 0.53286
vt 0.71710 0.53779
vt 0.71339 0.53379
vt 0.71432 0.53980
vt 0.71126 0.52753
vt 0.71275 0.52405
vt 0.71654 0.52031
vt 0.70976 0.51952
vt 0.71326 0.51710
vt 0.71083 0.51274
vt 0.71287 0.50806
vt 0.70920 0.50835
vt 0.71646 0.51270
vt 0.71550 0.50548
vt 0.71816 0.50668
vt 0.71783 0.51686
vt 0.71120 0.50185
vt 0.70833 0.50294
vt 0.71502 0.50049
vt 0.70851 0.49809
vt 0.71001 0.49334
vt 0.70785 0.48970
vt 0.71048 0.48735
vt 0.70988 0.48396
vt 0.71943 0.51185
vt 0.71717 0.50134
vt 0.71873 0.54502
vt 0.72109 0.54324
vt 0.72227 0.54938
vt 0.72115 0.53695
vt 0.72108 0.55204
vt 0.71905 0.55227
vt 0.72381 0.55479
vt 0.72141 0.55722
vt 0.72015 0.56229
vt 0.72363 0.54093
vt 0.72457 0.54869
vt 0.72355 0.53393
vt 0.72162 0.53249
vt 0.72347 0.53002
vt 0.72279 0.52644
vt 0.72553 0.52604
vt 0.72220 0.56359
vt 0.72549 0.51972
vt 0.72085 0.57094
vt 0.72350 0.57204
vt 0.72299 0.57862
vt 0.71437 0.49695
vt 0.71675 0.49711
vt 0.71572 0.49373
vt 0.71281 0.49106
vt 0.72474 0.58015
vt 0.72241 0.58467
vt 0.72421 0.56042
vt 0.72531 0.56490
vt 0.72532 0.56945
vt 0.72612 0.57485
vt 0.72752 0.58179
vt 0.72527 0.53035
vt 0.72374 0.52042
vt 0.72422 0.51305
vt 0.72273 0.51903
vt 0.72692 0.51510
vt 0.72504 0.50904
vt 0.72383 0.50698
vt 0.72552 0.50488
vt 0.72430 0.50164
vt 0.72280 0.50046
vt 0.72403 0.49600
vt 0.72074 0.49521
vt 0.72148 0.49065
vt 0.72012 0.49046
vt 0.71959 0.48645
vt 0.72238 0.51208
vt 0.72215 0.52289
vt 0.72105 0.57785
vt 0.72165 0.48548
vt 0.72316 0.49078
vt 0.71335 0.54382
vt 0.71631 0.54860
vt 0.71093 0.53852
vt 0.72093 0.50473
vt 0.71807 0.48869
vt 0.70983 0.53155
vt 0.71886 0.50025
vt 0.72054 0.51858
vt 0.72009 0.52555
vt 0.70844 0.51357
vt 0.71270 0.54937
vt 0.71780 0.49298
vt 0.71684 0.49062
vt 0.71466 0.55576
vt 0.71691 0.55390
vt 0.70626 0.49625
vt 0.70623 0.50042
vt 0.72441 0.58753
vt 0.71837 0.49640
vt 0.72247 0.58936
vt 0.72599 0.50089
vt 0.70873 0.52585
vt 0.71732 0.56073
vt 0.71872 0.56606
vt 0.72044 0.58594
vt 0.72017 0.48343
vt 0.70689 0.50630
vt 0.70638 0.51339
vt 0.70796 0.52011
vt 0.71880 0.57519
vt 0.72484 0.59447
vt 0.72191 0.59453
vt 0.72728 0.51011
vt 0.72752 0.50645
vt 0.71974 0.58198
vt 0.70640 0.48926
vt 0.72015 0.58941
vt 0.72076 0.60014
vt 0.72398 0.59887
vt 0.72323 0.60473
vt 0.71960 0.60790
vt 0.72190 0.61229
vt 0.71932 0.61773
vt 0.72180 0.61798
vt 0.72065 0.62243
vt 0.71847 0.62335
vt 0.71952 0.62525
vt 0.71951 0.62890
vt 0.71798 0.62937
vt 0.71749 0.63278
vt 0.71584 0.63365
vt 0.71396 0.63871
vt 0.63446 0.51330
vt 0.63210 0.51344
vt 0.63399 0.51026
vt 0.63399 0.51500
vt 0.65733 0.35083
vt 0.65891 0.34958
vt 0.65733 0.34767
vt 0.04219 0.59202
vt 0.04123 0.59471
vt 0.04062 0.59333
vt 0.04123 0.59155
vt 0.38683 0.42739
vt 0.38762 0.42739
vt 0.38716 0.42897
vt 0.27403 0.53418
vt 0.27546 0.53123
vt 0.27211 0.52888
vt 0.28093 0.52883
vt 0.27251 0.53697
vt 0.27863 0.53267
vt 0.28074 0.53531
vt 0.28263 0.53159
vt 0.28736 0.53353
vt 0.28702 0.53688
vt 0.29613 0.53515
vt 0.29485 0.53301
vt 0.29152 0.53062
vt 0.29622 0.52999
vt 0.30033 0.53278
vt 0.30106 0.52879
vt 0.30317 0.53009
vt 0.30590 0.52753
vt 0.30734 0.52568
vt 0.30923 0.52783
vt 0.31397 0.52589
vt 0.31299 0.52859
vt 0.31874 0.52709
vt 0.32052 0.52476
vt 0.32290 0.52582
vt 0.32503 0.52340
vt 0.32749 0.52489
vt 0.32795 0.52279
vt 0.33319 0.52365
vt 0.33399 0.52049
vt 0.33648 0.52127
vt 0.33809 0.52329
vt 0.33960 0.52077
vt 0.34148 0.52177
vt 0.34127 0.51783
vt 0.34571 0.51958
vt 0.34457 0.51649
vt 0.34900 0.51634
vt 0.35131 0.51928
vt 0.35256 0.51525
vt 0.34903 0.51024
vt 0.35340 0.51178
vt 0.35722 0.51125
vt 0.35481 0.50860
vt 0.34423 0.51338
vt 0.34270 0.51054
vt 0.33751 0.51241
vt 0.33972 0.50818
vt 0.33455 0.51044
vt 0.32875 0.51308
vt 0.32786 0.51150
vt 0.33119 0.51597
vt 0.32537 0.51574
vt 0.32680 0.51771
vt 0.32419 0.51831
vt 0.31915 0.51738
vt 0.33999 0.51402
vt 0.34838 0.52191
vt 0.35518 0.51966
vt 0.32056 0.51439
vt 0.35582 0.51714
vt 0.36204 0.51307
vt 0.36262 0.50926
vt 0.36782 0.50945
vt 0.36951 0.51270
vt 0.37402 0.51005
vt 0.37406 0.50729
vt 0.38155 0.50698
vt 0.38111 0.50395
vt 0.37357 0.50399
vt 0.38087 0.49956
vt 0.37656 0.49779
vt 0.38326 0.49467
vt 0.36912 0.50218
vt 0.38770 0.49939
vt 0.38972 0.49409
vt 0.39212 0.49666
vt 0.39544 0.49996
vt 0.39703 0.49502
vt 0.39835 0.49094
vt 0.40203 0.49144
vt 0.40218 0.49669
vt 0.40160 0.49931
vt 0.39665 0.50237
vt 0.40205 0.50054
vt 0.40733 0.49708
vt 0.40757 0.49893
vt 0.41275 0.49642
vt 0.40814 0.49321
vt 0.41093 0.48942
vt 0.41658 0.49250
vt 0.36801 0.49935
vt 0.36183 0.50226
vt 0.38903 0.50365
vt 0.36889 0.50581
vt 0.38934 0.50570
vt 0.41654 0.48911
vt 0.42013 0.48769
vt 0.42346 0.49031
vt 0.42323 0.49321
vt 0.42781 0.49346
vt 0.42853 0.49123
vt 0.42789 0.48905
vt 0.43538 0.49189
vt 0.43542 0.48960
vt 0.44045 0.49087
vt 0.43855 0.48826
vt 0.44306 0.49309
vt 0.43036 0.48620
vt 0.43534 0.48544
vt 0.42880 0.48421
vt 0.44453 0.48617
vt 0.44580 0.49101
vt 0.43228 0.49330
vt 0.42477 0.48729
vt 0.41935 0.49514
vt 0.44694 0.48880
vt 0.45111 0.49092
vt 0.45382 0.49262
vt 0.45958 0.49049
vt 0.46286 0.49141
vt 0.46687 0.48957
vt 0.46878 0.49149
vt 0.47120 0.48940
vt 0.47584 0.49154
vt 0.47475 0.48973
vt 0.47987 0.49157
vt 0.48111 0.49309
vt 0.48480 0.49334
vt 0.48452 0.49519
vt 0.48812 0.49570
vt 0.48852 0.49792
vt 0.49240 0.49924
vt 0.49511 0.49915
vt 0.49650 0.50150
vt 0.49877 0.50177
vt 0.49826 0.50383
vt 0.49706 0.50333
vt 0.49967 0.50212
vt 0.42383 0.48520
vt 0.33524 0.51673
vt 0.34374 0.52335
vt 0.34125 0.52434
vt 0.33823 0.51877
vt 0.30738 0.53102
vt 0.30134 0.52561
vt 0.29903 0.52726
vt 0.29559 0.52763
vt 0.29264 0.52588
vt 0.29876 0.52460
vt 0.44890 0.49379
vt 0.36198 0.51589
vt 0.34711 0.50692
vt 0.35438 0.50506
vt 0.28771 0.52937
vt 0.36040 0.50580
vt 0.28573 0.52660
vt 0.30330 0.53421
vt 0.34266 0.52493
vt 0.21412 0.89542
vt 0.21412 0.90331
vt 0.21096 0.89794
vt 0.40457 0.24081
vt 0.39736 0.24090
vt 0.40083 0.24284
vt 0.40733 0.24287
vt 0.41190 0.24099
vt 0.40752 0.23866
vt 0.39586 0.24232
vt 0.40096 0.23860
vt 0.41469 0.23832
vt 0.41980 0.24125
vt 0.42159 0.23757
vt 0.42499 0.23953
vt 0.43053 0.23715
vt 0.43176 0.23988
vt 0.43738 0.23644
vt 0.43990 0.23862
vt 0.44571 0.23528
vt 0.45167 0.23773
vt 0.45443 0.23446
vt 0.45906 0.23669
vt 0.46413 0.23409
vt 0.46816 0.23568
vt 0.46985 0.23317
vt 0.47407 0.23556
vt 0.47231 0.23071
vt 0.47826 0.23371
vt 0.40281 0.23621
vt 0.40726 0.23651
vt 0.41608 0.23583
vt 0.47959 0.23030
vt 0.47912 0.22614
vt 0.48578 0.22654
vt 0.48829 0.22858
vt 0.49352 0.22528
vt 0.49296 0.22315
vt 0.48767 0.22355
vt 0.49711 0.22704
vt 0.49936 0.22508
vt 0.49531 0.22175
vt 0.50289 0.22716
vt 0.49343 0.22919
vt 0.39117 0.24230
vt 0.39308 0.23841
vt 0.38856 0.24042
vt 0.38571 0.24243
vt 0.39723 0.23700
vt 0.48792 0.23150
vt 0.49100 0.23391
vt 0.49976 0.23187
vt 0.50077 0.23382
vt 0.50519 0.23406
vt 0.50693 0.23152
vt 0.47031 0.22766
vt 0.46470 0.23104
vt 0.40865 0.23391
vt 0.50041 0.22865
vt 0.40318 0.23459
vt 0.42275 0.23492
vt 0.39251 0.23381
vt 0.39011 0.23758
vt 0.38574 0.23929
vt 0.38310 0.24058
vt 0.37967 0.23820
vt 0.37440 0.23927
vt 0.37237 0.23666
vt 0.36631 0.23757
vt 0.38923 0.23409
vt 0.38847 0.23189
vt 0.38514 0.22902
vt 0.38318 0.23288
vt 0.38756 0.23635
vt 0.37926 0.23410
vt 0.36557 0.23535
vt 0.35981 0.23701
vt 0.37370 0.23337
vt 0.37519 0.22882
vt 0.38088 0.22886
vt 0.36954 0.22880
vt 0.36889 0.23249
vt 0.36362 0.23034
vt 0.36066 0.23209
vt 0.36339 0.22611
vt 0.36754 0.22451
vt 0.36315 0.22282
vt 0.35929 0.22683
vt 0.37285 0.22490
vt 0.37774 0.22621
vt 0.35968 0.22341
vt 0.35325 0.22290
vt 0.35350 0.22056
vt 0.34904 0.22001
vt 0.34769 0.22392
vt 0.35299 0.22651
vt 0.34294 0.21902
vt 0.34279 0.22161
vt 0.35598 0.22920
vt 0.36035 0.22112
vt 0.35799 0.23492
vt 0.35529 0.23667
vt 0.35354 0.23325
vt 0.34126 0.21605
vt 0.34642 0.21779
vt 0.35153 0.23514
vt 0.35073 0.23650
vt 0.34632 0.23571
vt 0.35265 0.23039
vt 0.34848 0.23193
vt 0.34174 0.23337
vt 0.33780 0.23473
vt 0.45949 0.23135
vt 0.39838 0.23426
vt 0.34151 0.22992
vt 0.35082 0.22829
vt 0.34806 0.22867
vt 0.34509 0.22721
vt 0.35604 0.21977
vt 0.38084 0.23652
vt 0.39478 0.23339
vt 0.35184 0.21841
vt 0.51254 0.22971
vt 0.48208 0.22389
vt 0.38372 0.22695
vt 0.43654 0.23391
vt 0.48951 0.22131
vt 0.50992 0.23491
vt 0.51479 0.23191
vt 0.33858 0.22337
vt 0.42968 0.23346
vt 0.41427 0.23349
vt 0.39163 0.23080
vt 0.38784 0.22826
vt 0.33784 0.22512
vt 0.34018 0.22685
vt 0.44953 0.23189
vt 0.52098 0.23128
vt 0.52368 0.23432
vt 0.52668 0.23141
vt 0.53043 0.23416
vt 0.53124 0.23160
vt 0.53711 0.23390
vt 0.53463 0.23957
vt 0.54141 0.24131
vt 0.53778 0.24373
vt 0.52977 0.24111
vt 0.53521 0.22946
vt 0.54257 0.23163
vt 0.54239 0.22780
vt 0.54275 0.23586
vt 0.52754 0.23714
vt 0.54648 0.23337
vt 0.54803 0.22666
vt 0.53685 0.22645
vt 0.52350 0.23855
vt 0.54468 0.24557
vt 0.54927 0.23289
vt 0.54137 0.22402
vt 0.54570 0.22366
vt 0.54488 0.22154
vt 0.54863 0.22105
vt 0.52740 0.22900
vt 0.54668 0.24428
vt 0.54544 0.21806
vt 0.54919 0.21647
vt 0.54843 0.21359
vt 0.55131 0.21432
vt 0.55166 0.21892
vt 0.55274 0.22396
vt 0.55406 0.21627
vt 0.53269 0.22591
vt 0.54040 0.22203
vt 0.54991 0.21081
vt 0.55173 0.21166
vt 0.55244 0.22876
vt 0.55528 0.22408
vt 0.54646 0.23945
vt 0.54790 0.24259
vt 0.54916 0.24596
vt 0.54886 0.23661
vt 0.55099 0.24372
vt 0.55296 0.23220
vt 0.55156 0.23534
vt 0.55383 0.23341
vt 0.55409 0.23513
vt 0.55434 0.23868
vt 0.55186 0.23862
vt 0.55478 0.24131
vt 0.51755 0.23588
vt 0.55045 0.24665
vt 0.54931 0.24063
vt 0.55183 0.20936
vt 0.55601 0.24087
vt 0.55543 0.23170
vt 0.55512 0.22940
vt 0.55545 0.22602
vt 0.56106 0.23139
vt 0.55709 0.22761
vt 0.55856 0.22508
vt 0.56025 0.22935
vt 0.47410 0.22431
vt 0.56278 0.22696
vt 0.56609 0.22432
vt 0.56914 0.22561
vt 0.56997 0.22919
vt 0.56385 0.22914
vt 0.56591 0.23091
vt 0.57478 0.22546
vt 0.56689 0.23164
vt 0.56189 0.23205
vt 0.56899 0.23150
vt 0.57086 0.23145
vt 0.57036 0.23235
vt 0.57368 0.22857
vt 0.37095 0.22278
vt 0.36519 0.22118
vt 0.37554 0.22417
vt 0.55406 0.22152
vt 0.55476 0.21914
vt 0.55580 0.22279
vt 0.55278 0.24097
vt 0.46437 0.22668
vt 0.57911 0.22516
vt 0.57496 0.22972
vt 0.55697 0.24204
vt 0.55004 0.20838
vt 0.58005 0.22730
vt 0.45465 0.22795
vt 0.54575 0.21039
vt 0.54534 0.21234
vt 0.54125 0.21175
vt 0.54068 0.21406
vt 0.53838 0.21243
vt 0.55553 0.22065
vt 0.53756 0.21482
vt 0.38010 0.22419
vt 0.55235 0.24250
vt 0.55283 0.20718
vt 0.52429 0.33939
vt 0.52336 0.34173
vt 0.52793 0.33868
vt 0.52834 0.33735
vt 0.52957 0.33758
vt 0.52103 0.34145
vt 0.51947 0.34373
vt 0.51687 0.34290
vt 0.51460 0.34451
vt 0.51422 0.34246
vt 0.52933 0.33662
vt 0.50844 0.33662
vt 0.50682 0.33814
vt 0.51098 0.33870
vt 0.50527 0.33970
vt 0.50344 0.33792
vt 0.50047 0.34108
vt 0.50964 0.34017
vt 0.51249 0.34097
vt 0.51431 0.33915
vt 0.49963 0.33873
vt 0.49626 0.34102
vt 0.49471 0.33917
vt 0.49078 0.34116
vt 0.48778 0.33999
vt 0.50456 0.34195
vt 0.50815 0.34222
vt 0.51591 0.34001
vt 0.51745 0.34058
vt 0.50083 0.34329
vt 0.50984 0.34357
vt 0.51239 0.34317
vt 0.50498 0.34381
vt 0.69992 0.26875
vt 0.69992 0.26796
vt 0.69913 0.26866
vt 0.07805 0.22743
vt 0.07715 0.22889
vt 0.08311 0.22875
vt 0.08305 0.23075
vt 0.08871 0.23198
vt 0.07814 0.23081
vt 0.07439 0.22986
vt 0.07517 0.22654
vt 0.07342 0.22836
vt 0.08204 0.23265
vt 0.09024 0.23555
vt 0.09033 0.22971
vt 0.09455 0.23133
vt 0.09337 0.23412
vt 0.08316 0.23471
vt 0.08782 0.23630
vt 0.09489 0.23747
vt 0.09688 0.23606
vt 0.10189 0.23734
vt 0.09859 0.23384
vt 0.07693 0.23364
vt 0.07385 0.23155
vt 0.07986 0.23532
vt 0.07638 0.23527
vt 0.06830 0.23033
vt 0.06899 0.23195
vt 0.07149 0.23390
vt 0.06726 0.23397
vt 0.10434 0.23569
vt 0.10808 0.23775
vt 0.10584 0.23872
vt 0.11082 0.23991
vt 0.11747 0.24023
vt 0.11537 0.23748
vt 0.12294 0.23850
vt 0.12675 0.24091
vt 0.12935 0.23949
vt 0.13455 0.24216
vt 0.13599 0.24006
vt 0.12757 0.24318
vt 0.13453 0.24383
vt 0.14304 0.24478
vt 0.14402 0.24131
vt 0.15101 0.24454
vt 0.15484 0.24255
vt 0.16180 0.24398
vt 0.16044 0.24667
vt 0.15965 0.24043
vt 0.15246 0.24002
vt 0.12180 0.24289
vt 0.10114 0.23831
vt 0.16977 0.24528
vt 0.16986 0.24828
vt 0.17853 0.24784
vt 0.11548 0.24177
vt 0.08237 0.23638
vt 0.16479 0.24048
vt 0.07289 0.23477
vt 0.17354 0.24100
vt 0.17876 0.24248
vt 0.18294 0.24661
vt 0.18582 0.24887
vt 0.18968 0.24700
vt 0.19192 0.24299
vt 0.19662 0.24587
vt 0.19130 0.24901
vt 0.19839 0.24858
vt 0.20553 0.24645
vt 0.20344 0.24465
vt 0.21257 0.24489
vt 0.21138 0.24766
vt 0.22115 0.24590
vt 0.21947 0.24354
vt 0.23017 0.24372
vt 0.23034 0.24627
vt 0.24029 0.24318
vt 0.24058 0.24581
vt 0.24924 0.24365
vt 0.24570 0.24182
vt 0.25367 0.23771
vt 0.21343 0.24065
vt 0.20275 0.24135
vt 0.24085 0.24024
vt 0.18375 0.24118
vt 0.18042 0.23682
vt 0.18647 0.23727
vt 0.19371 0.24003
vt 0.19669 0.23546
vt 0.20403 0.23689
vt 0.20644 0.23143
vt 0.21495 0.22784
vt 0.19441 0.23259
vt 0.21318 0.23457
vt 0.21954 0.22970
vt 0.22381 0.22517
vt 0.22914 0.22761
vt 0.23418 0.22362
vt 0.20775 0.23866
vt 0.21683 0.23745
vt 0.22255 0.23330
vt 0.22714 0.23600
vt 0.24090 0.22521
vt 0.24232 0.22076
vt 0.24968 0.22057
vt 0.23284 0.23363
vt 0.23673 0.23080
vt 0.20573 0.22816
vt 0.18374 0.23354
vt 0.24584 0.21844
vt 0.24563 0.22684
vt 0.22280 0.24042
vt 0.23186 0.23950
vt 0.19354 0.23063
vt 0.19814 0.22760
vt 0.21796 0.22448
vt 0.23889 0.23647
vt 0.23392 0.22040
vt 0.22687 0.22202
vt 0.06836 0.23554
vt 0.24250 0.23246
vt 0.24871 0.23462
vt 0.25113 0.23085
vt 0.06455 0.23269
vt 0.06349 0.23118
vt 0.15166 0.24731
vt 0.25082 0.24552
vt 0.16020 0.24842
vt 0.17605 0.23642
vt 0.10985 0.23506
vt 0.06373 0.23439
vt 0.06053 0.23250
vt 0.06067 0.23530
vt 0.06412 0.23569
vt 0.05690 0.23429
vt 0.05683 0.23137
vt 0.05731 0.23670
vt 0.05339 0.23671
vt 0.05190 0.23417
vt 0.04949 0.23736
vt 0.04697 0.23652
vt 0.05455 0.23147
vt 0.05430 0.23043
vt 0.05087 0.23099
vt 0.05179 0.22905
vt 0.04696 0.23084
vt 0.04913 0.22854
vt 0.04454 0.22737
vt 0.04801 0.22659
vt 0.04510 0.22416
vt 0.04350 0.22468
vt 0.04424 0.23160
vt 0.04832 0.22496
vt 0.04754 0.23349
vt 0.04410 0.22214
vt 0.04211 0.22262
vt 0.04677 0.23912
vt 0.04194 0.22477
vt 0.04179 0.22811
vt 0.04047 0.22637
vt 0.04008 0.22729
vt 0.03898 0.22648
vt 0.03947 0.22788
vt 0.04088 0.22881
vt 0.05769 0.22935
vt 0.04612 0.22146
vt 0.04303 0.22046
vt 0.04482 0.21904
vt 0.04112 0.22068
vt 0.04304 0.21868
vt 0.05126 0.22675
vt 0.04226 0.22995
vt 0.05349 0.23811
vt 0.04450 0.23515
vt 0.04331 0.23709
vt 0.04474 0.23818
vt 0.04260 0.23849
vt 0.04160 0.23818
vt 0.04386 0.23928
vt 0.04208 0.23957
vt 0.04307 0.23390
vt 0.04198 0.21931
vt 0.04088 0.21980
vt 0.04096 0.23135
vt 0.06005 0.23075
vt 0.04998 0.23884
vt 0.06080 0.23692
vt 0.04079 0.23436
vt 0.03996 0.23278
vt 0.03978 0.23397
vt 0.03922 0.23144
vt 0.03857 0.23446
vt 0.03966 0.23552
vt 0.03856 0.23284
vt 0.03935 0.21778
vt 0.03857 0.23506
vt 0.14075 0.24749
vt 0.06400 0.23051
vt 0.03869 0.21892
vt 0.03687 0.21746
vt 0.03677 0.21594
vt 0.04437 0.21795
vt 0.13023 0.24624
vt 0.04774 0.21916
vt 0.06077 0.22904
vt 0.04028 0.22958
vt 0.03982 0.22909
vt 0.03519 0.21638
vt 0.07213 0.22696
vt 0.07270 0.22592
vt 0.06894 0.22787
vt 0.04197 0.23576
vt 0.03976 0.23036
vt 0.03515 0.21516
vt 0.04078 0.23654
vt 0.03701 0.23228
vt 0.03590 0.23396
vt 0.03350 0.23330
vt 0.03205 0.23506
vt 0.02971 0.23401
vt 0.03084 0.23292
vt 0.02876 0.23491
vt 0.02763 0.23374
vt 0.04247 0.21710
vt 0.06966 0.22581
vt 0.06919 0.22434
vt 0.05702 0.22507
vt 0.03515 0.23509
vt 0.03505 0.23159
vt 0.06412 0.22816
vt 0.03955 0.22961
vt 0.20566 0.22542
vt 0.04091 0.22300
vt 0.04060 0.22162
vt 0.04029 0.22514
vt 0.03920 0.22517
vt 0.04047 0.22394
vt 0.06042 0.22618
vt 0.05832 0.22347
vt 0.05466 0.22146
vt 0.05557 0.22010
vt 0.05880 0.22139
vt 0.05551 0.21809
vt 0.06246 0.22462
vt 0.06263 0.22331
vt 0.06136 0.22148
vt 0.05878 0.21940
vt 0.05326 0.21844
vt 0.05165 0.21571
vt 0.05092 0.21669
vt 0.05212 0.21887
vt 0.04904 0.21418
vt 0.04956 0.21317
vt 0.05333 0.21462
vt 0.04611 0.21189
vt 0.04597 0.21060
vt 0.06563 0.22456
vt 0.05703 0.21715
vt 0.06580 0.22623
vt 0.06483 0.22310
vt 0.04961 0.21170
vt 0.02603 0.23487
vt 0.02564 0.23583
vt 0.06250 0.22055
vt 0.02409 0.23451
vt 0.04327 0.21061
vt 0.04280 0.20943
vt 0.04130 0.20995
vt 0.04107 0.20870
vt 0.04047 0.20970
vt 0.04232 0.20826
vt 0.04135 0.20718
vt 0.05345 0.21322
vt 0.05055 0.21057
vt 0.04758 0.20988
vt 0.04445 0.20851
vt 0.03029 0.23200
vt 0.02736 0.23262
vt 0.02140 0.23511
vt 0.03977 0.23653
vt 0.07352 0.22453
vt 0.02162 0.23406
vt 0.02038 0.23422
vt 0.02011 0.23541
vt 0.03852 0.23058
vt 0.02420 0.23379
vt 0.06678 0.22119
vt 0.06215 0.21868
vt 0.05662 0.21519
vt 0.07030 0.22288
vt 0.03898 0.23012
vt 0.04083 0.23770
vt 0.03094 0.24244
vt 0.03121 0.24299
vt 0.03310 0.24197
vt 0.03004 0.24309
vt 0.03053 0.24383
vt 0.03166 0.24347
vt 0.03418 0.24234
vt 0.03450 0.24132
vt 0.03637 0.24153
vt 0.03607 0.24090
vt 0.03768 0.23982
vt 0.03903 0.24056
vt 0.03981 0.23887
vt 0.04086 0.23944
vt 0.03261 0.24123
vt 0.02981 0.24240
vt 0.03458 0.24031
vt 0.03602 0.23949
vt 0.03916 0.23822
vt 0.03709 0.23837
vt 0.03049 0.24171
vt 0.90733 0.65704
vt 0.90496 0.65885
vt 0.90611 0.65556
vt 0.90708 0.65096
vt 0.90509 0.64931
vt 0.90382 0.65107
vt 0.90291 0.64626
vt 0.90452 0.64505
vt 0.90156 0.64444
vt 0.90430 0.65588
vt 0.90183 0.65104
vt 0.90024 0.64610
vt 0.90435 0.66213
vt 0.90608 0.66271
vt 0.90502 0.66545
vt 0.90306 0.66555
vt 0.90484 0.66654
vt 0.90733 0.64571
vt 0.90240 0.66347
vt 0.90259 0.66029
vt 0.90296 0.65795
vt 0.90069 0.66499
vt 0.90091 0.66254
vt 0.72382 0.65004
vt 0.72558 0.65001
vt 0.72368 0.64856
vt 0.72605 0.64823
vt 0.72673 0.64949
vt 0.72457 0.64759
vt 0.72267 0.64759
vt 0.72121 0.64929
vt 0.72237 0.65046
vt 0.72669 0.65123
vt 0.72401 0.65160
vt 0.72527 0.65311
vt 0.72165 0.65166
vt 0.72329 0.65312
vt 0.82106 0.52245
vt 0.82257 0.52209
vt 0.82071 0.52113
vt 0.82386 0.52289
vt 0.82182 0.51945
vt 0.82411 0.51989
vt 0.82557 0.52202
vt 0.82610 0.51977
vt 0.82429 0.51845
vt 0.82545 0.51791
vt 0.82373 0.51736
vt 0.82199 0.51736
vt 0.82058 0.51917
vt 0.01549 0.53698
vt 0.01399 0.54490
vt 0.01297 0.53817
vt 0.01377 0.52977
vt 0.01558 0.52949
vt 0.01470 0.52163
vt 0.01178 0.54345
vt 0.01339 0.55196
vt 0.01144 0.55182
vt 0.01318 0.55980
vt 0.01502 0.55662
vt 0.01484 0.56446
vt 0.01236 0.56805
vt 0.01430 0.57237
vt 0.01236 0.57389
vt 0.01430 0.57738
vt 0.01256 0.57976
vt 0.01371 0.58496
vt 0.01175 0.58558
vt 0.01394 0.59003
vt 0.01486 0.59737
vt 0.01269 0.59232
vt 0.01190 0.59663
vt 0.01335 0.60103
vt 0.01611 0.60469
vt 0.01407 0.60548
vt 0.01718 0.60770
vt 0.01602 0.55014
vt 0.01669 0.54295
vt 0.01497 0.58191
vt 0.01581 0.58813
vt 0.01753 0.52866
vt 0.01608 0.51949
vt 0.01360 0.51448
vt 0.01488 0.51155
vt 0.01271 0.50963
vt 0.01375 0.50808
vt 0.01635 0.50839
vt 0.01675 0.59641
vt 0.01690 0.60235
vt 0.01697 0.51353
vt 0.01493 0.50638
vt 0.01296 0.50680
vt 0.01529 0.50316
vt 0.01853 0.60572
vt 0.01202 0.50372
vt 0.01853 0.53684
vt 0.01535 0.61054
vt 0.01259 0.60875
vt 0.01151 0.60193
vt 0.01424 0.61638
vt 0.01697 0.61740
vt 0.01549 0.62206
vt 0.01797 0.62320
vt 0.01723 0.62696
vt 0.01492 0.62707
vt 0.06024 0.09353
vt 0.06064 0.09143
vt 0.06122 0.09336
vt 0.06349 0.09247
vt 0.06349 0.09072
vt 0.06137 0.08879
vt 0.05901 0.08935
vt 0.05890 0.09270
vt 0.05797 0.09147
vt 0.06247 0.09350
vt 0.06295 0.08895
vt 0.81426 0.83048
vt 0.80942 0.82664
vt 0.81365 0.82160
vt 0.80999 0.83404
vt 0.81374 0.84096
vt 0.81017 0.84078
vt 0.81023 0.82015
vt 0.81156 0.81442
vt 0.81135 0.84875
vt 0.81613 0.83591
vt 0.81589 0.82976
vt 0.81634 0.84619
vt 0.81386 0.85122
vt 0.81372 0.81205
vt 0.81087 0.80707
vt 0.81500 0.80255
vt 0.81373 0.85661
vt 0.81669 0.85608
vt 0.81785 0.85851
vt 0.80979 0.79839
vt 0.81189 0.79530
vt 0.81767 0.85110
vt 0.81737 0.84074
vt 0.81670 0.86502
vt 0.81887 0.86727
vt 0.81296 0.86191
vt 0.81212 0.85685
vt 0.81426 0.86641
vt 0.81590 0.87259
vt 0.81862 0.87415
vt 0.80790 0.81200
vt 0.80483 0.80298
vt 0.80735 0.80038
vt 0.80449 0.79682
vt 0.81490 0.79517
vt 0.80881 0.79199
vt 0.81247 0.79023
vt 0.80846 0.78786
vt 0.81771 0.88080
vt 0.81525 0.78702
vt 0.81250 0.78475
vt 0.80565 0.79189
vt 0.80294 0.79175
vt 0.81791 0.84597
vt 0.82002 0.87740
vt 0.82017 0.88192
vt 0.81351 0.77888
vt 0.80437 0.78647
vt 0.81968 0.88568
vt 0.81811 0.88664
vt 0.82115 0.88639
vt 0.80647 0.78521
vt 0.81155 0.77871
vt 0.80904 0.78351
vt 0.81951 0.88994
vt 0.81007 0.77482
vt 0.81534 0.77980
vt 0.81477 0.77369
vt 0.81378 0.77082
vt 0.81548 0.76920
vt 0.81712 0.76355
vt 0.81367 0.76368
vt 0.81638 0.75907
vt 0.81963 0.75307
vt 0.81776 0.75228
vt 0.80587 0.78066
vt 0.80808 0.78059
vt 0.81969 0.74544
vt 0.82238 0.74535
vt 0.82308 0.73781
vt 0.82017 0.73794
vt 0.82156 0.72911
vt 0.82432 0.72950
vt 0.82467 0.72110
vt 0.82220 0.72084
vt 0.82103 0.89231
vt 0.82025 0.89594
vt 0.82212 0.89765
vt 0.82155 0.90228
vt 0.81989 0.90015
vt 0.81960 0.90753
vt 0.82250 0.90682
vt 0.82097 0.91213
vt 0.81886 0.91284
vt 0.81992 0.91692
vt 0.81748 0.91728
vt 0.81943 0.92134
vt 0.81705 0.92312
vt 0.81921 0.92539
vt 0.81738 0.92798
vt 0.81854 0.92783
vt 0.81961 0.92918
vt 0.81807 0.93034
vt 0.81711 0.74668
vt 0.80138 0.78981
vt 0.81769 0.91032
vt 0.81814 0.90188
vt 0.81820 0.90610
vt 0.81677 0.91351
vt 0.81774 0.73460
vt 0.80375 0.78170
vt 0.80662 0.77541
vt 0.81806 0.89716
vt 0.81807 0.89163
vt 0.81888 0.72549
vt 0.81011 0.76925
vt 0.81232 0.75973
vt 0.81465 0.75131
vt 0.80175 0.78652
vt 0.82056 0.93230
vt 0.81955 0.93465
vt 0.82223 0.93637
vt 0.82174 0.93780
vt 0.82361 0.93977
vt 0.80773 0.76449
vt 0.81591 0.92590
vt 0.81582 0.92858
vt 0.80511 0.77127
vt 0.81616 0.91911
vt 0.81505 0.74179
vt 0.81642 0.72118
vt 0.81428 0.72849
vt 0.81514 0.92166
vt 0.81639 0.90580
vt 0.81539 0.90911
vt 0.81529 0.91366
vt 0.80997 0.75734
vt 0.80446 0.77518
vt 0.81328 0.73481
vt 0.81629 0.90045
vt 0.81599 0.89396
vt 0.81342 0.71983
vt 0.81083 0.75172
vt 0.81189 0.74426
vt 0.80482 0.76131
vt 0.80386 0.76740
vt 0.81138 0.72841
vt 0.82081 0.93819
vt 0.81784 0.93490
vt 0.81947 0.93867
vt 0.82129 0.94157
vt 0.81443 0.91719
vt 0.80300 0.77176
vt 0.82365 0.94222
vt 0.82360 0.94469
vt 0.80718 0.75557
vt 0.81341 0.90908
vt 0.80254 0.77969
vt 0.81768 0.93221
vt 0.81665 0.93577
vt 0.81337 0.92229
vt 0.80189 0.77641
vt 0.81630 0.93227
vt 0.82515 0.94504
vt 0.82622 0.94486
vt 0.82572 0.94594
vt 0.81420 0.92833
vt 0.79969 0.78199
vt 0.79850 0.78691
vt 0.82637 0.94321
vt 0.81288 0.91713
vt 0.81505 0.93284
vt 0.82768 0.94455
vt 0.81852 0.55961
vt 0.81746 0.55765
vt 0.81901 0.55841
vt 0.81697 0.55438
vt 0.81562 0.55456
vt 0.81532 0.55119
vt 0.81353 0.55111
vt 0.81545 0.55613
vt 0.81405 0.54855
vt 0.81258 0.54689
vt 0.81565 0.54681
vt 0.81436 0.54512
vt 0.81710 0.55866
vt 0.81304 0.54368
vt 0.81510 0.54206
vt 0.81316 0.53986
vt 0.81223 0.54156
vt 0.81780 0.55998
vt 0.81541 0.53475
vt 0.81747 0.53160
vt 0.81743 0.53499
vt 0.81570 0.53059
vt 0.81671 0.52741
vt 0.81805 0.52649
vt 0.81788 0.52406
vt 0.81606 0.52376
vt 0.81901 0.52256
vt 0.81405 0.52553
vt 0.81331 0.52212
vt 0.81329 0.53013
vt 0.81275 0.53301
vt 0.81401 0.53681
vt 0.81677 0.53757
vt 0.81238 0.52574
vt 0.81688 0.52052
vt 0.81088 0.52869
vt 0.81023 0.53403
vt 0.81178 0.53667
vt 0.81556 0.53985
vt 0.81741 0.54058
vt 0.81625 0.54352
vt 0.81032 0.54221
vt 0.81027 0.53937
vt 0.81142 0.54381
vt 0.80984 0.53668
vt 0.80836 0.53343
vt 0.81137 0.54770
vt 0.80800 0.53817
vt 0.80803 0.52804
vt 0.81256 0.55286
vt 0.81369 0.55548
vt 0.80942 0.52518
vt 0.80887 0.54330
vt 0.80656 0.52386
vt 0.81093 0.52303
vt 0.80877 0.52327
vt 0.80673 0.53295
vt 0.80907 0.54693
vt 0.80560 0.52927
vt 0.80639 0.53827
vt 0.80719 0.54304
vt 0.81559 0.55832
vt 0.44320 0.51269
vt 0.44824 0.51339
vt 0.44505 0.51163
vt 0.44220 0.51096
vt 0.43866 0.51165
vt 0.43795 0.51323
vt 0.43589 0.51091
vt 0.43690 0.50996
vt 0.44278 0.51445
vt 0.44922 0.51579
vt 0.45328 0.51325
vt 0.45519 0.51468
vt 0.45978 0.51264
vt 0.46061 0.51415
vt 0.46878 0.51123
vt 0.46732 0.50925
vt 0.47369 0.50800
vt 0.47248 0.51185
vt 0.47595 0.51013
vt 0.46558 0.51481
vt 0.45318 0.51181
vt 0.46005 0.51017
vt 0.43930 0.51003
vt 0.44738 0.51095
vt 0.47220 0.50641
vt 0.47425 0.50611
vt 0.46746 0.50715
vt 0.47575 0.50844
vt 0.43541 0.51012
vt 0.43977 0.50890
vt 0.44415 0.50998
vt 0.43489 0.51160
vt 0.43451 0.51332
vt 0.43253 0.51120
vt 0.43426 0.51045
vt 0.43198 0.50932
vt 0.42744 0.50857
vt 0.42710 0.50663
vt 0.42966 0.51168
vt 0.42564 0.50885
vt 0.42393 0.50585
vt 0.42370 0.50409
vt 0.42232 0.50316
vt 0.46268 0.50653
vt 0.47332 0.50457
vt 0.46989 0.50463
vt 0.45597 0.50865
vt 0.45113 0.50978
vt 0.47534 0.50316
vt 0.43659 0.50862
vt 0.43484 0.50872
vt 0.04519 0.62493
vt 0.04364 0.62931
vt 0.04365 0.62454
vt 0.04510 0.63040
vt 0.04337 0.63178
vt 0.04535 0.63290
vt 0.04525 0.62080
vt 0.04435 0.62018
vt 0.04510 0.61918
vt 0.04194 0.62799
vt 0.04062 0.63214
vt 0.04328 0.63339
vt 0.44742 0.42265
vt 0.44256 0.42238
vt 0.44879 0.42067
vt 0.44222 0.42060
vt 0.45253 0.42265
vt 0.45465 0.42028
vt 0.43730 0.42028
vt 0.99052 0.61083
vt 0.99323 0.61329
vt 0.99087 0.61242
vt 0.99302 0.61595
vt 0.98927 0.60959
vt 0.98930 0.61119
vt 0.99409 0.61448
vt 0.99455 0.61250
vt 0.99617 0.61537
vt 0.99756 0.61982
vt 0.99547 0.62076
vt 0.99374 0.61818
vt 0.99515 0.61277
vt 0.99667 0.61121
vt 0.99524 0.60915
vt 0.99670 0.60635
vt 0.99555 0.60506
vt 0.99697 0.60103
vt 0.99756 0.60329
vt 0.99642 0.60232
vt 0.99803 0.61041
vt 0.99610 0.60105
vt 0.98856 0.61004
vt 0.60340 0.66049
vt 0.60516 0.65627
vt 0.60170 0.65655
vt 0.60055 0.66048
vt 0.60205 0.66490
vt 0.60444 0.66612
vt 0.60387 0.67131
vt 0.60097 0.66800
vt 0.60269 0.67371
vt 0.60528 0.67687
vt 0.60361 0.67777
vt 0.60516 0.68153
vt 0.01443 0.35912
vt 0.01518 0.36223
vt 0.01301 0.36109
vt 0.01397 0.36434
vt 0.01588 0.36748
vt 0.01596 0.35931
vt 0.01720 0.36268
vt 0.01774 0.36839
vt 0.01743 0.37451
vt 0.01548 0.35714
vt 0.01678 0.35772
vt 0.01743 0.35951
vt 0.97798 0.89552
vt 0.97899 0.89090
vt 0.97997 0.89195
vt 0.98051 0.90985
vt 0.97879 0.90840
vt 0.98019 0.90552
vt 0.97739 0.90378
vt 0.97958 0.91469
vt 0.98187 0.91394
vt 0.98149 0.91861
vt 0.98021 0.92031
vt 0.98184 0.92195
vt 0.98226 0.90963
vt 0.98230 0.92092
vt 0.98352 0.92238
vt 0.98457 0.92507
vt 0.97871 0.90069
vt 0.98072 0.90136
vt 0.97673 0.89984
vt 0.98043 0.89539
vt 0.97737 0.89843
vt 0.97794 0.89645
vt 0.98354 0.88936
vt 0.98178 0.88692
vt 0.98370 0.88597
vt 0.98256 0.89588
vt 0.98090 0.88580
vt 0.98292 0.88444
vt 0.98556 0.88200
vt 0.98278 0.90192
vt 0.98280 0.90717
vt 0.98342 0.91750
vt 0.98478 0.89662
vt 0.98620 0.89113
vt 0.98511 0.88677
vt 0.98399 0.91189
vt 0.98368 0.92101
vt 0.98458 0.90179
vt 0.98489 0.92248
vt 0.98620 0.92620
vt 0.24963 0.69834
vt 0.25049 0.70011
vt 0.25323 0.69808
vt 0.25469 0.69931
vt 0.24383 0.69815
vt 0.25466 0.70144
vt 0.25259 0.70363
vt 0.24672 0.70211
vt 0.24266 0.69940
vt 0.24091 0.70085
vt 0.23509 0.69968
vt 0.23397 0.69834
vt 0.23431 0.69692
vt 0.23044 0.69687
vt 0.23112 0.69937
vt 0.25877 0.69963
vt 0.25756 0.70240
vt 0.26329 0.70107
vt 0.23076 0.69563
vt 0.26184 0.69728
vt 0.26430 0.69724
vt 0.25604 0.69721
vt 0.26607 0.69817
vt 0.26967 0.69816
vt 0.26600 0.69674
vt 0.22989 0.69561
vt 0.23960 0.69679
vt 0.26826 0.69700
vt 0.26852 0.70138
vt 0.27326 0.69922
vt 0.23383 0.69537
vt 0.23099 0.69446
vt 0.26514 0.69624
vt 0.26945 0.69661
vt 0.27149 0.69711
vt 0.26738 0.69561
vt 0.23040 0.69337
vt 0.18436 0.01618
vt 0.18021 0.01592
vt 0.18285 0.01359
vt 0.18903 0.01302
vt 0.18966 0.01446
vt 0.19379 0.01531
vt 0.19519 0.01359
vt 0.38354 0.49051
vt 0.38210 0.48906
vt 0.38177 0.49053
vt 0.38446 0.48895
vt 0.37973 0.48895
vt 0.74513 0.70771
vt 0.74487 0.71101
vt 0.74326 0.71288
vt 0.74310 0.70820
vt 0.74451 0.70461
vt 0.74165 0.71301
vt 0.74238 0.71889
vt 0.74093 0.71969
vt 0.74213 0.72290
vt 0.74123 0.72630
vt 0.74372 0.72742
vt 0.74118 0.70903
vt 0.74373 0.73159
vt 0.74174 0.73247
vt 0.74484 0.73789
vt 0.74616 0.73513
vt 0.74701 0.74073
vt 0.74392 0.72156
vt 0.74512 0.71458
vt 0.74239 0.70614
vt 0.74353 0.70275
vt 0.74630 0.69925
vt 0.74573 0.69820
vt 0.74831 0.69466
vt 0.74893 0.69631
vt 0.75118 0.69258
vt 0.74650 0.72997
vt 0.74846 0.74036
vt 0.74606 0.70219
vt 0.74648 0.70402
vt 0.74596 0.72409
vt 0.74692 0.70613
vt 0.74704 0.70487
vt 0.74896 0.70519
vt 0.74863 0.73250
vt 0.74865 0.73713
vt 0.75118 0.74040
vt 0.74014 0.70767
vt 0.74975 0.69277
vt 0.74550 0.71999
vt 0.74585 0.71583
vt 0.74741 0.69409
vt 0.74440 0.69563
vt 0.16807 0.70679
vt 0.16528 0.70824
vt 0.16916 0.70752
vt 0.16402 0.70708
vt 0.16117 0.70808
vt 0.15772 0.70701
vt 0.15957 0.70885
vt 0.16446 0.70935
vt 0.15719 0.70821
vt 0.15576 0.70679
vt 0.15795 0.71011
vt 0.16082 0.71073
vt 0.16873 0.70863
vt 0.15619 0.70945
vt 0.62501 0.13015
vt 0.62568 0.13123
vt 0.62600 0.12905
vt 0.62421 0.13406
vt 0.62600 0.13536
vt 0.62658 0.13053
vt 0.99591 0.08338
vt 0.99487 0.08419
vt 0.99645 0.08442
vt 0.99631 0.08642
vt 0.99631 0.07932
vt 0.98049 0.80611
vt 0.98026 0.80482
vt 0.98147 0.80629
vt 0.98012 0.80702
vt 0.98147 0.80466
vt 0.97494 0.80593
vt 0.97438 0.80537
vt 0.97598 0.80499
vt 0.97790 0.80564
vt 0.97437 0.80625
vt 0.97618 0.80682
vt 0.58083 0.85014
vt 0.57983 0.84677
vt 0.57874 0.84907
vt 0.57903 0.85694
vt 0.58036 0.85707
vt 0.57948 0.86069
vt 0.57768 0.86023
vt 0.58105 0.86043
vt 0.58162 0.84303
vt 0.57947 0.84324
vt 0.58094 0.83970
vt 0.58162 0.83554
vt 0.58020 0.83544
vt 0.57895 0.83879
vt 0.98504 0.17063
vt 0.98391 0.16955
vt 0.98466 0.16903
vt 0.98382 0.16673
vt 0.98130 0.16872
vt 0.98112 0.16499
vt 0.97819 0.17109
vt 0.98366 0.16354
vt 0.97930 0.17291
vt 0.97608 0.17770
vt 0.97874 0.16488
vt 0.97839 0.17760
vt 0.97726 0.18070
vt 0.98037 0.15900
vt 0.97516 0.18115
vt 0.97679 0.18420
vt 0.97923 0.18503
vt 0.97714 0.18851
vt 0.97879 0.19394
vt 0.98113 0.19435
vt 0.98245 0.20093
vt 0.98066 0.20127
vt 0.98270 0.20403
vt 0.98356 0.15931
vt 0.98355 0.14921
vt 0.98530 0.15462
vt 0.97973 0.15221
vt 0.98195 0.14353
vt 0.98574 0.13864
vt 0.98680 0.14808
vt 0.97825 0.16020
vt 0.98252 0.13649
vt 0.98699 0.12905
vt 0.98343 0.17582
vt 0.98213 0.17948
vt 0.98127 0.17629
vt 0.98347 0.17201
vt 0.98183 0.17171
vt 0.97965 0.18009
vt 0.98110 0.18285
vt 0.98237 0.18485
vt 0.98151 0.18896
vt 0.98322 0.19482
vt 0.98357 0.19889
vt 0.98470 0.20341
vt 0.98587 0.20184
vt 0.98695 0.20074
vt 0.98425 0.17900
vt 0.98699 0.20289
vt 0.98392 0.18957
vt 0.98417 0.18415
vt 0.98511 0.17319
vt 0.98629 0.17122
vt 0.00944 0.63023
vt 0.01107 0.63133
vt 0.00828 0.63187
vt 0.01050 0.63260
vt 0.01380 0.63187
vt 0.22999 0.64108
vt 0.22995 0.63970
vt 0.22702 0.64100
vt 0.23462 0.63970
vt 0.22613 0.63980
vt 0.22560 0.64118
vt 0.23217 0.64163
vt 0.22647 0.64241
vt 0.22516 0.64276
vt 0.22921 0.64286
vt 0.83518 0.10472
vt 0.82969 0.10458
vt 0.83148 0.10554
vt 0.82847 0.10526
vt 0.82953 0.10612
vt 0.83793 0.10526
vt 0.83051 0.10695
vt 0.83306 0.10640
vt 0.93379 0.57340
vt 0.93113 0.57468
vt 0.92832 0.57411
vt 0.93408 0.57455
vt 0.93651 0.57355
vt 0.92875 0.57577
vt 0.92760 0.57524
vt 0.92705 0.57355
vt 0.18303 0.19376
vt 0.18286 0.19239
vt 0.18203 0.19295
vt 0.18415 0.19336
vt 0.18431 0.19207
vt 0.18318 0.19140
vt 0.18178 0.19142
vt 0.18779 0.19282
vt 0.18697 0.19196
vt 0.19203 0.19142
vt 0.92919 0.61287
vt 0.92529 0.61250
vt 0.92804 0.61139
vt 0.93178 0.61211
vt 0.92390 0.61211
vt 0.92448 0.61050
vt 0.63131 0.36764
vt 0.63159 0.36504
vt 0.63254 0.36896
vt 0.63139 0.37154
vt 0.63289 0.37256
vt 0.63159 0.37293
vt 0.70875 0.06967
vt 0.71040 0.06921
vt 0.70935 0.06816
vt 0.70959 0.07380
vt 0.71096 0.06697
vt 0.70986 0.06590
vt 0.70860 0.06590
vt 0.71686 0.56762
vt 0.71570 0.56704
vt 0.71569 0.56840
vt 0.71727 0.56630
vt 0.71727 0.56867
vt 0.87798 0.10610
vt 0.87682 0.10635
vt 0.87815 0.10844
vt 0.87679 0.10142
vt 0.87679 0.10931
vt 0.87579 0.10547
f 1156/1156 1155/1155 1157/1157
f 940/940 956/956 955/955
f 1302/1302 1303/1303 1301/1301
f 2056/2056 2057/2057 2054/2054
f 2054/2054 2047/2047 2053/2053
f 2054/2054 2057/2057 2047/2047
f 1160/1160 1161/1161 1162/1162
f 1161/1161 1167/1167 1166/1166
f 2058/2058 2055/2055 2059/2059
f 1296/1296 1298/1298 1297/1297
f 2061/2061 2062/2062 2060/2060
f 1294/1294 1296/1296 1295/1295
f 2061/2061 2060/2060 2059/2059
f 2059/2059 2060/2060 2058/2058
f 1159/1159 1157/1157 1165/1165
f 1295/1295 1297/1297 1326/1326
f 1297/1297 1327/1327 1326/1326
f 1326/1326 1327/1327 1336/1336
f 1296/1296 1297/1297 1295/1295
f 1157/1157 1159/1159 1158/1158
f 1156/1156 1157/1157 1158/1158
f 1297/1297 1298/1298 1300/1300
f 1298/1298 1301/1301 1300/1300
f 1298/1298 1302/1302 1301/1301
f 2055/2055 2054/2054 2053/2053
f 1167/1167 1164/1164 1172/1172
f 1301/1301 1334/1334 1335/1335
f 1172/1172 1191/1191 1167/1167
f 1167/1167 1191/1191 1190/1190
f 1301/1301 1335/1335 1337/1337
f 1191/1191 1199/1199 1190/1190
f 779/779 729/729 732/732
f 2058/2058 2056/2056 2055/2055
f 2056/2056 2054/2054 2055/2055
f 1160/1160 1164/1164 1161/1161
f 1160/1160 1159/1159 1164/1164
f 1164/1164 1167/1167 1161/1161
f 1297/1297 1300/1300 1327/1327
f 1159/1159 1165/1165 1164/1164
f 1164/1164 1165/1165 1172/1172
f 1165/1165 1192/1192 1172/1172
f 1172/1172 1192/1192 1191/1191
f 1300/1300 1301/1301 1327/1327
f 1301/1301 1337/1337 1327/1327
f 1327/1327 1337/1337 1336/1336
f 781/781 731/731 779/779
f 1337/1337 1335/1335 1348/1348
f 1337/1337 1348/1348 1351/1351
f 124/124 125/125 127/127
f 779/779 731/731 729/729
f 731/731 730/730 729/729
f 729/729 728/728 726/726
f 729/729 730/730 728/728
f 1295/1295 1326/1326 1299/1299
f 1294/1294 1295/1295 1293/1293
f 1157/1157 1168/1168 1165/1165
f 1165/1165 1173/1173 1193/1193
f 1299/1299 1326/1326 1333/1333
f 1326/1326 1336/1336 1333/1333
f 1165/1165 1193/1193 1192/1192
f 780/780 747/747 781/781
f 1336/1336 1349/1349 1333/1333
f 780/780 772/772 747/747
f 1333/1333 1349/1349 1343/1343
f 747/747 772/772 761/761
f 747/747 761/761 735/735
f 1349/1349 1344/1344 1343/1343
f 735/735 761/761 760/760
f 1336/1336 1337/1337 1349/1349
f 781/781 747/747 731/731
f 1337/1337 1351/1351 1349/1349
f 747/747 735/735 731/731
f 1351/1351 1350/1350 1349/1349
f 731/731 735/735 730/730
f 127/127 128/128 156/156
f 127/127 125/125 128/128
f 730/730 735/735 736/736
f 730/730 736/736 728/728
f 156/156 128/128 139/139
f 728/728 741/741 727/727
f 1349/1349 1350/1350 1344/1344
f 175/175 156/156 164/164
f 175/175 164/164 169/169
f 156/156 139/139 164/164
f 736/736 735/735 760/760
f 736/736 741/741 728/728
f 164/164 139/139 162/162
f 760/760 757/757 736/736
f 736/736 757/757 741/741
f 757/757 758/758 741/741
f 139/139 138/138 162/162
f 758/758 756/756 741/741
f 169/169 164/164 168/168
f 760/760 773/773 757/757
f 162/162 163/163 164/164
f 757/757 759/759 758/758
f 168/168 164/164 163/163
f 758/758 759/759 782/782
f 162/162 138/138 163/163
f 280/280 270/270 273/273
f 756/756 758/758 782/782
f 282/282 296/296 281/281
f 282/282 281/281 274/274
f 274/274 281/281 273/273
f 163/163 138/138 140/140
f 296/296 280/280 281/281
f 280/280 273/273 281/281
f 163/163 140/140 179/179
f 1759/1759 1758/1758 1760/1760
f 1760/1760 1758/1758 1761/1761
f 273/273 270/270 271/271
f 1761/1761 1758/1758 1725/1725
f 271/271 270/270 269/269
f 1761/1761 1725/1725 1722/1722
f 939/939 938/938 941/941
f 944/944 942/942 945/945
f 943/943 942/942 944/944
f 942/942 954/954 945/945
f 943/943 941/941 942/942
f 941/941 938/938 942/942
f 938/938 953/953 942/942
f 938/938 958/958 953/953
f 942/942 953/953 954/954
f 953/953 970/970 954/954
f 954/954 970/970 969/969
f 970/970 984/984 969/969
f 970/970 995/995 984/984
f 937/937 940/940 938/938
f 937/937 938/938 939/939
f 938/938 952/952 958/958
f 956/956 940/940 937/937
f 955/955 966/966 952/952
f 940/940 952/952 938/938
f 940/940 955/955 952/952
f 966/966 958/958 952/952
f 958/958 966/966 972/972
f 958/958 971/971 953/953
f 953/953 971/971 970/970
f 958/958 972/972 971/971
f 971/971 995/995 970/970
f 972/972 994/994 971/971
f 971/971 994/994 995/995
f 995/995 994/994 1024/1024
f 995/995 1024/1024 1032/1032
f 1024/1024 1039/1039 1032/1032
f 972/972 1002/1002 994/994
f 1002/1002 1024/1024 994/994
f 1024/1024 1002/1002 1028/1028
f 1024/1024 1028/1028 1039/1039
f 2044/2044 2045/2045 2046/2046
f 966/966 973/973 972/972
f 1745/1745 1746/1746 1741/1741
f 1741/1741 1726/1726 1700/1700
f 1746/1746 1726/1726 1741/1741
f 1726/1726 1707/1707 1700/1700
f 322/322 279/279 309/309
f 1739/1739 1719/1719 1707/1707
f 1707/1707 1719/1719 1708/1708
f 1739/1739 1707/1707 1726/1726
f 322/322 309/309 344/344
f 972/972 973/973 1002/1002
f 973/973 1003/1003 1002/1002
f 1003/1003 1026/1026 1002/1002
f 1002/1002 1026/1026 1027/1027
f 2041/2041 2042/2042 2043/2043
f 2041/2041 2040/2040 2042/2042
f 1002/1002 1027/1027 1028/1028
f 2043/2043 2042/2042 2044/2044
f 2044/2044 2042/2042 2045/2045
f 1746/1746 1739/1739 1726/1726
f 309/309 347/347 344/344
f 279/279 271/271 272/272
f 1724/1724 1709/1709 1725/1725
f 272/272 309/309 279/279
f 1709/1709 1706/1706 1708/1708
f 271/271 269/269 272/272
f 1739/1739 1737/1737 1719/1719
f 1708/1708 1706/1706 1707/1707
f 1722/1722 1725/1725 1709/1709
f 1710/1710 1709/1709 1708/1708
f 2050/2050 2051/2051 2049/2049
f 1163/1163 1169/1169 1170/1170
f 1310/1310 1308/1308 1309/1309
f 1311/1311 1310/1310 1309/1309
f 1311/1311 1312/1312 1310/1310
f 1170/1170 1171/1171 1176/1176
f 1309/1309 1308/1308 1306/1306
f 1308/1308 1329/1329 1331/1331
f 2050/2050 2052/2052 2051/2051
f 1170/1170 1169/1169 1171/1171
f 1169/1169 1187/1187 1171/1171
f 1308/1308 1310/1310 1328/1328
f 1308/1308 1328/1328 1329/1329
f 1171/1171 1187/1187 1185/1185
f 1185/1185 1187/1187 1197/1197
f 1329/1329 1328/1328 1342/1342
f 1185/1185 1197/1197 1196/1196
f 721/721 706/706 715/715
f 1313/1313 1312/1312 1311/1311
f 1176/1176 1171/1171 1174/1174
f 2047/2047 2048/2048 2049/2049
f 1161/1161 1163/1163 1162/1162
f 2049/2049 2048/2048 2050/2050
f 1305/1305 1306/1306 1304/1304
f 1163/1163 1166/1166 1169/1169
f 1306/1306 1307/1307 1304/1304
f 1166/1166 1189/1189 1169/1169
f 1304/1304 1307/1307 1330/1330
f 1307/1307 1331/1331 1330/1330
f 1331/1331 1346/1346 1330/1330
f 1302/1302 1304/1304 1303/1303
f 1303/1303 1340/1340 1334/1334
f 1304/1304 1330/1330 1303/1303
f 1303/1303 1330/1330 1340/1340
f 1330/1330 1346/1346 1340/1340
f 1340/1340 1346/1346 1352/1352
f 2047/2047 2049/2049 2053/2053
f 1305/1305 1304/1304 1302/1302
f 1161/1161 1166/1166 1163/1163
f 1166/1166 1167/1167 1190/1190
f 1166/1166 1190/1190 1189/1189
f 1346/1346 1347/1347 1352/1352
f 1190/1190 1199/1199 1189/1189
f 732/732 734/734 774/774
f 1307/1307 1306/1306 1308/1308
f 1308/1308 1331/1331 1307/1307
f 1169/1169 1189/1189 1187/1187
f 1187/1187 1189/1189 1198/1198
f 1346/1346 1331/1331 1347/1347
f 1187/1187 1198/1198 1197/1197
f 754/754 734/734 721/721
f 721/721 734/734 720/720
f 1329/1329 1342/1342 1331/1331
f 1331/1331 1342/1342 1347/1347
f 170/170 113/113 141/141
f 721/721 720/720 706/706
f 141/141 113/113 117/117
f 113/113 110/110 117/117
f 774/774 734/734 754/754
f 141/141 117/117 119/119
f 119/119 117/117 118/118
f 117/117 116/116 118/118
f 734/734 724/724 720/720
f 117/117 110/110 116/116
f 116/116 110/110 114/114
f 720/720 709/709 706/706
f 706/706 709/709 703/703
f 720/720 723/723 709/709
f 1301/1301 1303/1303 1334/1334
f 1334/1334 1340/1340 1345/1345
f 1335/1335 1334/1334 1345/1345
f 1335/1335 1345/1345 1348/1348
f 123/123 120/120 124/124
f 123/123 119/119 120/120
f 1340/1340 1352/1352 1345/1345
f 732/732 733/733 734/734
f 734/734 733/733 724/724
f 119/119 118/118 120/120
f 124/124 120/120 125/125
f 729/729 726/726 732/732
f 732/732 726/726 733/733
f 733/733 726/726 724/724
f 724/724 726/726 725/725
f 120/120 126/126 125/125
f 728/728 727/727 726/726
f 120/120 118/118 126/126
f 118/118 130/130 126/126
f 126/126 130/130 132/132
f 118/118 116/116 130/130
f 116/116 114/114 130/130
f 726/726 727/727 725/725
f 725/725 727/727 743/743
f 724/724 723/723 720/720
f 724/724 725/725 723/723
f 114/114 129/129 130/130
f 723/723 725/725 740/740
f 709/709 723/723 710/710
f 723/723 740/740 710/710
f 710/710 740/740 799/799
f 114/114 108/108 115/115
f 114/114 115/115 129/129
f 115/115 108/108 180/180
f 287/287 288/288 289/289
f 288/288 290/290 289/289
f 1756/1756 1762/1762 1751/1751
f 288/288 284/284 290/290
f 1752/1752 1751/1751 1728/1728
f 725/725 748/748 740/740
f 286/286 283/283 287/287
f 287/287 283/283 288/288
f 129/129 115/115 134/134
f 130/130 129/129 131/131
f 725/725 743/743 748/748
f 743/743 791/791 748/748
f 285/285 283/283 286/286
f 129/129 134/134 131/131
f 1755/1755 1756/1756 1753/1753
f 1753/1753 1756/1756 1751/1751
f 283/283 284/284 288/288
f 1753/1753 1752/1752 1723/1723
f 1754/1754 1753/1753 1723/1723
f 1753/1753 1751/1751 1752/1752
f 125/125 126/126 128/128
f 128/128 126/126 139/139
f 139/139 132/132 138/138
f 126/126 132/132 139/139
f 741/741 744/744 727/727
f 274/274 275/275 276/276
f 132/132 130/130 131/131
f 743/743 727/727 744/744
f 743/743 744/744 791/791
f 131/131 134/134 133/133
f 275/275 283/283 285/285
f 131/131 133/133 132/132
f 1755/1755 1754/1754 1757/1757
f 276/276 275/275 285/285
f 275/275 274/274 271/271
f 275/275 271/271 278/278
f 1754/1754 1755/1755 1753/1753
f 283/283 275/275 278/278
f 132/132 133/133 138/138
f 741/741 755/755 744/744
f 277/277 274/274 276/276
f 1757/1757 1754/1754 1758/1758
f 138/138 133/133 140/140
f 741/741 756/756 755/755
f 282/282 274/274 277/277
f 1759/1759 1757/1757 1758/1758
f 1754/1754 1724/1724 1758/1758
f 274/274 273/273 271/271
f 948/948 950/950 951/951
f 944/944 945/945 946/946
f 946/946 945/945 947/947
f 947/947 945/945 957/957
f 947/947 957/957 960/960
f 957/957 969/969 974/974
f 946/946 947/947 948/948
f 948/948 947/947 949/949
f 947/947 960/960 949/949
f 948/948 949/949 950/950
f 949/949 959/959 950/950
f 949/949 960/960 959/959
f 960/960 982/982 959/959
f 960/960 974/974 982/982
f 982/982 974/974 1001/1001
f 960/960 957/957 974/974
f 982/982 1001/1001 999/999
f 945/945 954/954 957/957
f 954/954 969/969 957/957
f 969/969 984/984 974/974
f 974/974 984/984 1005/1005
f 984/984 1021/1021 1005/1005
f 984/984 995/995 1021/1021
f 294/294 306/306 295/295
f 1750/1750 1692/1692 1783/1783
f 1750/1750 1742/1742 1692/1692
f 342/342 306/306 341/341
f 1695/1695 1692/1692 1694/1694
f 1689/1689 1694/1694 1692/1692
f 1021/1021 1036/1036 1005/1005
f 1005/1005 1036/1036 1038/1038
f 974/974 1005/1005 1001/1001
f 1001/1001 1005/1005 1025/1025
f 1001/1001 1023/1023 999/999
f 1001/1001 1025/1025 1023/1023
f 1025/1025 1040/1040 1023/1023
f 1744/1744 1749/1749 1695/1695
f 1005/1005 1038/1038 1025/1025
f 1038/1038 1044/1044 1025/1025
f 1025/1025 1044/1044 1040/1040
f 1749/1749 1692/1692 1695/1695
f 1783/1783 1692/1692 1749/1749
f 1032/1032 1039/1039 1045/1045
f 1032/1032 1045/1045 1036/1036
f 1036/1036 1045/1045 1038/1038
f 1750/1750 1743/1743 1742/1742
f 321/321 297/297 278/278
f 1745/1745 1741/1741 1718/1718
f 1691/1691 1743/1743 1718/1718
f 1718/1718 1698/1698 1691/1691
f 1745/1745 1718/1718 1743/1743
f 1718/1718 1700/1700 1698/1698
f 343/343 341/341 294/294
f 284/284 294/294 290/290
f 1752/1752 1728/1728 1697/1697
f 1742/1742 1690/1690 1692/1692
f 1691/1691 1690/1690 1742/1742
f 1691/1691 1688/1688 1690/1690
f 1743/1743 1691/1691 1742/1742
f 1688/1688 1689/1689 1690/1690
f 294/294 341/341 306/306
f 1696/1696 1694/1694 1689/1689
f 1688/1688 1697/1697 1689/1689
f 1697/1697 1696/1696 1689/1689
f 1692/1692 1690/1690 1689/1689
f 284/284 283/283 278/278
f 284/284 278/278 297/297
f 1723/1723 1752/1752 1697/1697
f 284/284 297/297 294/294
f 297/297 350/350 343/343
f 297/297 343/343 294/294
f 1691/1691 1693/1693 1688/1688
f 1698/1698 1693/1693 1691/1691
f 1723/1723 1688/1688 1693/1693
f 1723/1723 1697/1697 1688/1688
f 995/995 1032/1032 1021/1021
f 1021/1021 1032/1032 1036/1036
f 322/322 321/321 278/278
f 1723/1723 1699/1699 1754/1754
f 1723/1723 1693/1693 1699/1699
f 1699/1699 1693/1693 1698/1698
f 1754/1754 1699/1699 1724/1724
f 1699/1699 1698/1698 1700/1700
f 1741/1741 1700/1700 1718/1718
f 279/279 322/322 278/278
f 278/278 271/271 279/279
f 1699/1699 1706/1706 1724/1724
f 1699/1699 1700/1700 1706/1706
f 1724/1724 1706/1706 1709/1709
f 1700/1700 1707/1707 1706/1706
f 1725/1725 1758/1758 1724/1724
f 830/830 839/839 837/837
f 837/837 847/847 849/849
f 839/839 847/847 837/837
f 833/833 834/834 835/835
f 826/826 832/832 830/830
f 829/829 830/830 831/831
f 829/829 826/826 830/830
f 2729/2729 2731/2731 2728/2728
f 2806/2806 2731/2731 2729/2729
f 2729/2729 2723/2723 2816/2816
f 2729/2729 2728/2728 2723/2723
f 2806/2806 2729/2729 2816/2816
f 833/833 829/829 831/831
f 2731/2731 2806/2806 2805/2805
f 833/833 831/831 834/834
f 831/831 837/837 834/834
f 2732/2732 2728/2728 2731/2731
f 831/831 830/830 837/837
f 837/837 849/849 851/851
f 2728/2728 2732/2732 2730/2730
f 2728/2728 2730/2730 2725/2725
f 2733/2733 2731/2731 2805/2805
f 2733/2733 2805/2805 2825/2825
f 2733/2733 2732/2732 2731/2731
f 847/847 857/857 850/850
f 849/849 847/847 850/850
f 849/849 850/850 848/848
f 2737/2737 2760/2760 2796/2796
f 861/861 850/850 857/857
f 848/848 850/850 846/846
f 850/850 861/861 846/846
f 2796/2796 2760/2760 2808/2808
f 861/861 869/869 867/867
f 846/846 861/861 864/864
f 845/845 864/864 865/865
f 864/864 867/867 865/865
f 2801/2801 2783/2783 2781/2781
f 2808/2808 2801/2801 2781/2781
f 2781/2781 2796/2796 2808/2808
f 864/864 861/861 867/867
f 2781/2781 2782/2782 2780/2780
f 2781/2781 2780/2780 2779/2779
f 2780/2780 2782/2782 2789/2789
f 2781/2781 2783/2783 2782/2782
f 1316/1316 1315/1315 1317/1317
f 2732/2732 2734/2734 2762/2762
f 835/835 834/834 836/836
f 836/836 834/834 838/838
f 2733/2733 2734/2734 2732/2732
f 1313/1313 1315/1315 1314/1314
f 1315/1315 1316/1316 1314/1314
f 1314/1314 1316/1316 1319/1319
f 1186/1186 1178/1178 1180/1180
f 1178/1178 1177/1177 1180/1180
f 1314/1314 1319/1319 1318/1318
f 1318/1318 1319/1319 1320/1320
f 1177/1177 1179/1179 1180/1180
f 1177/1177 1178/1178 1174/1174
f 2733/2733 2825/2825 2735/2735
f 2733/2733 2735/2735 2734/2734
f 834/834 837/837 851/851
f 834/834 851/851 844/844
f 838/838 834/834 844/844
f 2732/2732 2762/2762 2761/2761
f 2730/2730 2732/2732 2759/2759
f 2730/2730 2759/2759 2737/2737
f 2759/2759 2760/2760 2737/2737
f 851/851 848/848 844/844
f 849/849 848/848 851/851
f 844/844 848/848 846/846
f 2760/2760 2801/2801 2808/2808
f 2759/2759 2732/2732 2761/2761
f 2759/2759 2761/2761 2760/2760
f 2761/2761 2801/2801 2760/2760
f 838/838 844/844 845/845
f 1316/1316 1321/1321 1319/1319
f 844/844 846/846 845/845
f 2761/2761 2802/2802 2801/2801
f 1186/1186 1182/1182 1188/1188
f 1320/1320 1319/1319 1321/1321
f 1180/1180 1179/1179 1181/1181
f 1180/1180 1181/1181 1182/1182
f 864/864 845/845 846/846
f 2794/2794 2801/2801 2802/2802
f 1186/1186 1180/1180 1182/1182
f 1312/1312 1318/1318 1324/1324
f 1312/1312 1324/1324 1323/1323
f 1312/1312 1323/1323 1310/1310
f 1320/1320 1325/1325 1324/1324
f 1323/1323 1324/1324 1332/1332
f 1324/1324 1339/1339 1332/1332
f 1310/1310 1323/1323 1328/1328
f 1185/1185 1196/1196 1195/1195
f 1323/1323 1332/1332 1328/1328
f 1328/1328 1332/1332 1341/1341
f 1328/1328 1341/1341 1342/1342
f 170/170 157/157 113/113
f 715/715 706/706 711/711
f 157/157 109/109 113/113
f 157/157 111/111 109/109
f 1332/1332 1339/1339 1341/1341
f 1324/1324 1325/1325 1338/1338
f 1324/1324 1338/1338 1339/1339
f 1339/1339 1338/1338 1353/1353
f 157/157 171/171 111/111
f 171/171 112/112 111/111
f 1320/1320 1321/1321 1322/1322
f 1320/1320 1322/1322 1325/1325
f 2784/2784 2782/2782 2783/2783
f 865/865 867/867 893/893
f 2794/2794 2783/2783 2801/2801
f 1322/1322 1357/1357 1325/1325
f 1325/1325 1357/1357 1338/1338
f 2784/2784 2788/2788 2782/2782
f 2782/2782 2788/2788 2789/2789
f 1338/1338 1355/1355 1354/1354
f 792/792 697/697 717/717
f 697/697 695/695 717/717
f 867/867 892/892 893/893
f 1357/1357 1359/1359 1355/1355
f 717/717 694/694 718/718
f 717/717 695/695 694/694
f 1357/1357 1355/1355 1338/1338
f 1338/1338 1354/1354 1353/1353
f 112/112 150/150 105/105
f 695/695 697/697 696/696
f 1355/1355 1356/1356 1354/1354
f 150/150 74/74 76/76
f 74/74 18/18 76/76
f 1174/1174 1171/1171 1175/1175
f 1313/1313 1314/1314 1312/1312
f 1314/1314 1318/1318 1312/1312
f 1175/1175 1177/1177 1174/1174
f 1171/1171 1185/1185 1175/1175
f 1175/1175 1185/1185 1184/1184
f 1185/1185 1195/1195 1184/1184
f 1318/1318 1320/1320 1324/1324
f 1175/1175 1179/1179 1177/1177
f 1175/1175 1184/1184 1179/1179
f 1183/1183 1179/1179 1184/1184
f 1184/1184 1195/1195 1194/1194
f 1184/1184 1194/1194 1183/1183
f 2784/2784 2815/2815 2788/2788
f 711/711 706/706 702/702
f 711/711 707/707 790/790
f 792/792 790/790 697/697
f 790/790 707/707 697/697
f 711/711 702/702 707/707
f 707/707 702/702 698/698
f 702/702 701/701 698/698
f 1179/1179 1183/1183 1181/1181
f 2794/2794 2784/2784 2783/2783
f 707/707 698/698 697/697
f 697/697 698/698 696/696
f 105/105 150/150 76/76
f 696/696 699/699 771/771
f 300/300 302/302 305/305
f 696/696 698/698 699/699
f 76/76 18/18 77/77
f 305/305 302/302 310/310
f 77/77 18/18 198/198
f 302/302 303/303 310/310
f 113/113 109/109 110/110
f 702/702 703/703 701/701
f 706/706 703/703 702/702
f 109/109 107/107 110/110
f 111/111 105/105 107/107
f 109/109 111/111 107/107
f 111/111 112/112 105/105
f 701/701 700/700 698/698
f 701/701 704/704 705/705
f 700/700 705/705 699/699
f 701/701 705/705 700/700
f 299/299 292/292 298/298
f 292/292 293/293 298/298
f 293/293 304/304 298/298
f 293/293 301/301 304/304
f 703/703 704/704 701/701
f 107/107 106/106 108/108
f 307/307 289/289 292/292
f 110/110 107/107 108/108
f 703/703 709/709 704/704
f 709/709 710/710 704/704
f 110/110 108/108 114/114
f 710/710 799/799 704/704
f 180/180 108/108 106/106
f 105/105 106/106 107/107
f 307/307 292/292 299/299
f 106/106 78/78 181/181
f 106/106 105/105 78/78
f 290/290 291/291 289/289
f 289/289 291/291 292/292
f 291/291 293/293 292/292
f 106/106 181/181 180/180
f 1762/1762 1763/1763 1729/1729
f 1729/1729 1763/1763 1716/1716
f 700/700 699/699 698/698
f 300/300 298/298 302/302
f 76/76 77/77 78/78
f 1770/1770 1764/1764 1769/1769
f 105/105 76/76 78/78
f 300/300 299/299 298/298
f 1769/1769 1764/1764 1763/1763
f 1764/1764 1770/1770 1768/1768
f 298/298 303/303 302/302
f 304/304 303/303 298/298
f 1765/1765 1766/1766 1717/1717
f 1716/1716 1763/1763 1717/1717
f 1763/1763 1764/1764 1717/1717
f 1764/1764 1765/1765 1717/1717
f 1764/1764 1768/1768 1765/1765
f 1765/1765 1768/1768 1767/1767
f 1765/1765 1767/1767 1766/1766
f 1751/1751 1729/1729 1728/1728
f 1751/1751 1762/1762 1729/1729
f 965/965 963/963 964/964
f 908/908 907/907 905/905
f 905/905 907/907 902/902
f 907/907 908/908 968/968
f 968/968 977/977 907/907
f 908/908 965/965 968/968
f 964/964 967/967 965/965
f 965/965 967/967 968/968
f 968/968 978/978 977/977
f 977/977 978/978 1011/1011
f 968/968 967/967 978/978
f 1011/1011 1010/1010 1008/1008
f 1008/1008 1010/1010 1009/1009
f 961/961 962/962 963/963
f 963/963 962/962 964/964
f 961/961 959/959 962/962
f 961/961 950/950 959/959
f 959/959 976/976 962/962
f 964/964 962/962 983/983
f 962/962 976/976 983/983
f 964/964 983/983 975/975
f 976/976 979/979 980/980
f 976/976 980/980 983/983
f 983/983 980/980 975/975
f 980/980 986/986 975/975
f 978/978 967/967 1011/1011
f 967/967 1014/1014 1011/1011
f 964/964 975/975 967/967
f 967/967 975/975 1014/1014
f 986/986 980/980 981/981
f 1011/1011 1014/1014 1010/1010
f 1010/1010 1012/1012 1009/1009
f 1010/1010 1013/1013 1012/1012
f 1014/1014 1013/1013 1010/1010
f 1013/1013 1016/1016 1012/1012
f 1014/1014 975/975 986/986
f 1014/1014 986/986 1013/1013
f 1013/1013 986/986 1015/1015
f 986/986 981/981 1006/1006
f 986/986 1006/1006 1015/1015
f 1013/1013 1015/1015 1016/1016
f 1016/1016 1015/1015 1043/1043
f 1016/1016 1043/1043 1046/1046
f 1747/1747 1736/1736 1748/1748
f 1015/1015 1006/1006 1043/1043
f 959/959 979/979 976/976
f 959/959 982/982 979/979
f 982/982 997/997 979/979
f 324/324 340/340 327/327
f 324/324 327/327 326/326
f 1704/1704 1703/1703 1702/1702
f 1704/1704 1702/1702 1705/1705
f 1735/1735 1734/1734 1721/1721
f 329/329 331/331 332/332
f 329/329 330/330 331/331
f 1721/1721 1727/1727 1720/1720
f 328/328 329/329 339/339
f 328/328 325/325 326/326
f 328/328 326/326 329/329
f 1711/1711 1713/1713 1712/1712
f 324/324 326/326 325/325
f 325/325 301/301 324/324
f 1713/1713 1711/1711 1786/1786
f 1713/1713 1721/1721 1712/1712
f 329/329 332/332 339/339
f 1713/1713 1784/1784 1735/1735
f 1713/1713 1735/1735 1721/1721
f 1784/1784 1766/1766 1785/1785
f 1713/1713 1786/1786 1784/1784
f 326/326 327/327 329/329
f 327/327 330/330 329/329
f 1704/1704 1705/1705 1720/1720
f 1705/1705 1721/1721 1720/1720
f 1712/1712 1705/1705 1702/1702
f 1712/1712 1721/1721 1705/1705
f 979/979 997/997 998/998
f 980/980 979/979 981/981
f 979/979 998/998 981/981
f 981/981 998/998 1006/1006
f 998/998 1004/1004 1033/1033
f 998/998 1033/1033 1006/1006
f 982/982 999/999 997/997
f 997/997 999/999 1004/1004
f 997/997 1004/1004 998/998
f 1004/1004 1029/1029 1033/1033
f 1004/1004 999/999 1023/1023
f 1004/1004 1023/1023 1029/1029
f 1738/1738 1703/1703 1704/1704
f 1744/1744 1703/1703 1738/1738
f 1006/1006 1042/1042 1043/1043
f 1006/1006 1033/1033 1042/1042
f 1033/1033 1029/1029 1042/1042
f 1747/1747 1740/1740 1736/1736
f 1740/1740 1727/1727 1736/1736
f 1740/1740 1720/1720 1727/1727
f 1738/1738 1704/1704 1720/1720
f 1738/1738 1720/1720 1740/1740
f 1711/1711 1702/1702 1701/1701
f 1714/1714 1701/1701 1715/1715
f 324/324 301/301 308/308
f 1711/1711 1701/1701 1714/1714
f 1702/1702 1694/1694 1701/1701
f 342/342 340/340 324/324
f 1695/1695 1694/1694 1703/1703
f 1694/1694 1702/1702 1703/1703
f 324/324 308/308 342/342
f 290/290 293/293 291/291
f 290/290 295/295 293/293
f 295/295 306/306 308/308
f 301/301 293/293 295/295
f 295/295 308/308 301/301
f 1728/1728 1729/1729 1715/1715
f 290/290 294/294 295/295
f 1701/1701 1696/1696 1715/1715
f 1715/1715 1696/1696 1728/1728
f 1729/1729 1716/1716 1715/1715
f 1716/1716 1714/1714 1715/1715
f 342/342 308/308 306/306
f 1701/1701 1694/1694 1696/1696
f 346/346 304/304 301/301
f 1717/1717 1766/1766 1786/1786
f 1711/1711 1712/1712 1702/1702
f 1714/1714 1786/1786 1711/1711
f 1714/1714 1717/1717 1786/1786
f 1716/1716 1717/1717 1714/1714
f 1786/1786 1766/1766 1784/1784
f 1744/1744 1695/1695 1703/1703
f 1697/1697 1728/1728 1696/1696
f 887/887 894/894 888/888
f 868/868 887/887 888/888
f 2478/2478 2474/2474 2477/2477
f 870/870 888/888 889/889
f 2478/2478 2477/2477 2479/2479
f 819/819 820/820 821/821
f 821/821 820/820 880/880
f 898/898 900/900 903/903
f 903/903 900/900 904/904
f 2795/2795 2811/2811 2716/2716
f 897/897 919/919 900/900
f 904/904 900/900 921/921
f 921/921 900/900 919/919
f 897/897 900/900 898/898
f 823/823 824/824 828/828
f 855/855 863/863 877/877
f 819/819 821/821 823/823
f 821/821 843/843 824/824
f 823/823 821/821 824/824
f 2717/2717 2716/2716 2719/2719
f 880/880 843/843 821/821
f 2716/2716 2717/2717 2709/2709
f 880/880 877/877 843/843
f 852/852 841/841 862/862
f 855/855 852/852 863/863
f 852/852 862/862 863/863
f 2786/2786 2798/2798 2797/2797
f 2786/2786 2771/2771 2752/2752
f 824/824 843/843 828/828
f 828/828 843/843 841/841
f 843/843 862/862 841/841
f 843/843 863/863 862/862
f 2718/2718 2727/2727 2710/2710
f 843/843 877/877 863/863
f 2709/2709 2718/2718 2710/2710
f 2717/2717 2718/2718 2709/2709
f 2710/2710 2797/2797 2798/2798
f 2720/2720 2718/2718 2717/2717
f 2727/2727 2797/2797 2710/2710
f 828/828 827/827 823/823
f 2719/2719 2818/2818 2817/2817
f 896/896 899/899 897/897
f 896/896 901/901 899/899
f 826/826 827/827 828/828
f 2723/2723 2721/2721 2799/2799
f 2817/2817 2723/2723 2799/2799
f 2723/2723 2817/2817 2816/2816
f 2719/2719 2817/2817 2799/2799
f 2799/2799 2721/2721 2719/2719
f 901/901 905/905 902/902
f 2811/2811 2719/2719 2716/2716
f 2719/2719 2811/2811 2818/2818
f 2719/2719 2720/2720 2717/2717
f 896/896 897/897 898/898
f 899/899 919/919 897/897
f 2719/2719 2721/2721 2720/2720
f 832/832 840/840 839/839
f 832/832 828/828 840/840
f 828/828 841/841 840/840
f 840/840 841/841 842/842
f 859/859 857/857 858/858
f 854/854 858/858 856/856
f 854/854 870/870 858/858
f 858/858 870/870 866/866
f 2772/2772 2776/2776 2775/2775
f 856/856 857/857 842/842
f 856/856 858/858 857/857
f 2785/2785 2776/2776 2772/2772
f 2785/2785 2793/2793 2776/2776
f 839/839 840/840 842/842
f 830/830 832/832 839/839
f 847/847 839/839 842/842
f 2725/2725 2730/2730 2726/2726
f 2726/2726 2730/2730 2737/2737
f 2724/2724 2726/2726 2736/2736
f 2785/2785 2736/2736 2726/2726
f 2722/2722 2725/2725 2724/2724
f 2725/2725 2726/2726 2724/2724
f 2793/2793 2785/2785 2726/2726
f 852/852 854/854 856/856
f 2797/2797 2785/2785 2773/2773
f 856/856 841/841 852/852
f 2772/2772 2773/2773 2785/2785
f 868/868 888/888 854/854
f 854/854 888/888 870/870
f 856/856 842/842 841/841
f 852/852 853/853 854/854
f 868/868 854/854 853/853
f 853/853 887/887 868/868
f 2773/2773 2771/2771 2786/2786
f 2773/2773 2786/2786 2797/2797
f 2755/2755 2771/2771 2772/2772
f 2773/2773 2772/2772 2771/2771
f 2718/2718 2724/2724 2727/2727
f 2720/2720 2724/2724 2718/2718
f 2797/2797 2727/2727 2736/2736
f 2724/2724 2736/2736 2727/2727
f 2772/2772 2774/2774 2755/2755
f 2797/2797 2736/2736 2785/2785
f 2772/2772 2775/2775 2774/2774
f 870/870 889/889 890/890
f 2775/2775 2822/2822 2774/2774
f 2479/2479 2477/2477 2480/2480
f 722/722 688/688 686/686
f 802/802 722/722 683/683
f 722/722 686/686 683/683
f 165/165 65/65 57/57
f 686/686 685/685 683/683
f 826/826 828/828 832/832
f 2721/2721 2722/2722 2720/2720
f 2723/2723 2722/2722 2721/2721
f 2722/2722 2724/2724 2720/2720
f 2723/2723 2728/2728 2722/2722
f 2728/2728 2725/2725 2722/2722
f 859/859 858/858 866/866
f 2793/2793 2779/2779 2776/2776
f 866/866 891/891 869/869
f 859/859 869/869 861/861
f 859/859 861/861 857/857
f 859/859 866/866 869/869
f 2776/2776 2779/2779 2778/2778
f 2793/2793 2796/2796 2779/2779
f 866/866 870/870 890/890
f 890/890 891/891 866/866
f 2776/2776 2777/2777 2775/2775
f 2776/2776 2778/2778 2777/2777
f 2775/2775 2777/2777 2823/2823
f 2484/2484 2481/2481 2482/2482
f 2778/2778 2810/2810 2777/2777
f 793/793 693/693 689/689
f 690/690 687/687 689/689
f 857/857 847/847 842/842
f 2793/2793 2726/2726 2796/2796
f 2726/2726 2737/2737 2796/2796
f 2796/2796 2781/2781 2779/2779
f 2484/2484 2485/2485 2486/2486
f 869/869 891/891 892/892
f 867/867 869/869 892/892
f 2778/2778 2780/2780 2810/2810
f 718/718 694/694 693/693
f 1359/1359 1360/1360 1358/1358
f 693/693 694/694 690/690
f 166/166 90/90 178/178
f 2484/2484 2482/2482 2485/2485
f 122/122 90/90 166/166
f 693/693 690/690 689/689
f 122/122 20/20 90/90
f 90/90 20/20 19/19
f 2778/2778 2779/2779 2780/2780
f 694/694 692/692 690/690
f 690/690 692/692 691/691
f 2481/2481 2479/2479 2480/2480
f 2775/2775 2823/2823 2822/2822
f 688/688 687/687 686/686
f 2481/2481 2480/2480 2482/2482
f 122/122 155/155 94/94
f 688/688 689/689 687/687
f 687/687 708/708 685/685
f 165/165 57/57 155/155
f 155/155 57/57 94/94
f 686/686 687/687 685/685
f 57/57 1/1 33/33
f 57/57 21/21 1/1
f 685/685 708/708 737/737
f 708/708 783/783 737/737
f 94/94 57/57 33/33
f 1/1 2/2 3/3
f 3/3 2/2 8/8
f 122/122 94/94 20/20
f 94/94 33/33 20/20
f 20/20 33/33 5/5
f 687/687 690/690 691/691
f 687/687 691/691 708/708
f 691/691 745/745 708/708
f 33/33 1/1 5/5
f 708/708 745/745 783/783
f 20/20 5/5 6/6
f 1/1 3/3 5/5
f 745/745 800/800 783/783
f 746/746 795/795 745/745
f 5/5 3/3 6/6
f 745/745 795/795 800/800
f 6/6 3/3 7/7
f 3/3 8/8 7/7
f 2255/2255 2256/2256 2250/2250
f 2251/2251 2250/2250 2252/2252
f 1798/1798 1793/1793 1792/1792
f 315/315 316/316 317/317
f 317/317 316/316 318/318
f 1777/1777 1778/1778 1775/1775
f 1778/1778 1806/1806 1775/1775
f 1776/1776 1777/1777 1775/1775
f 2253/2253 2256/2256 2254/2254
f 2253/2253 2254/2254 2252/2252
f 2253/2253 2252/2252 2250/2250
f 2256/2256 2253/2253 2250/2250
f 1792/1792 1791/1791 1788/1788
f 1806/1806 1798/1798 1792/1792
f 1775/1775 1806/1806 1805/1805
f 1806/1806 1788/1788 1805/1805
f 1806/1806 1792/1792 1788/1788
f 1359/1359 1358/1358 1355/1355
f 178/178 90/90 64/64
f 90/90 19/19 64/64
f 64/64 19/19 16/16
f 1355/1355 1358/1358 1356/1356
f 178/178 64/64 74/74
f 64/64 16/16 74/74
f 694/694 695/695 692/692
f 695/695 696/696 692/692
f 692/692 696/696 742/742
f 692/692 742/742 691/691
f 691/691 742/742 746/746
f 691/691 746/746 745/745
f 19/19 20/20 6/6
f 19/19 6/6 16/16
f 6/6 12/12 16/16
f 742/742 798/798 746/746
f 74/74 16/16 18/18
f 696/696 771/771 742/742
f 18/18 16/16 17/17
f 18/18 17/17 198/198
f 16/16 12/12 14/14
f 12/12 6/6 7/7
f 798/798 795/795 746/746
f 313/313 312/312 349/349
f 14/14 12/12 13/13
f 312/312 315/315 349/349
f 312/312 314/314 315/315
f 2258/2258 2254/2254 2256/2256
f 312/312 311/311 314/314
f 2278/2278 2254/2254 2258/2258
f 1774/1774 1805/1805 1790/1790
f 305/305 310/310 313/313
f 771/771 798/798 742/742
f 16/16 14/14 17/17
f 17/17 14/14 200/200
f 310/310 312/312 313/313
f 17/17 200/200 198/198
f 14/14 13/13 200/200
f 1771/1771 1779/1779 1773/1773
f 310/310 311/311 312/312
f 311/311 303/303 323/323
f 2279/2279 2254/2254 2278/2278
f 1772/1772 1790/1790 1767/1767
f 1767/1767 1790/1790 1785/1785
f 1768/1768 1771/1771 1767/1767
f 310/310 303/303 311/311
f 1767/1767 1785/1785 1766/1766
f 1771/1771 1772/1772 1767/1767
f 1771/1771 1773/1773 1772/1772
f 1772/1772 1774/1774 1790/1790
f 1772/1772 1773/1773 1774/1774
f 349/349 315/315 317/317
f 1776/1776 1775/1775 1773/1773
f 12/12 7/7 13/13
f 1779/1779 1776/1776 1773/1773
f 314/314 316/316 315/315
f 1805/1805 1774/1774 1775/1775
f 1790/1790 1805/1805 1788/1788
f 1773/1773 1775/1775 1774/1774
f 901/901 902/902 899/899
f 902/902 985/985 899/899
f 902/902 907/907 985/985
f 899/899 985/985 987/987
f 985/985 988/988 987/987
f 899/899 987/987 919/919
f 919/919 990/990 992/992
f 990/990 996/996 992/992
f 919/919 987/987 990/990
f 990/990 1019/1019 996/996
f 987/987 988/988 991/991
f 987/987 991/991 990/990
f 990/990 991/991 1019/1019
f 1019/1019 1037/1037 1034/1034
f 991/991 1037/1037 1019/1019
f 991/991 1030/1030 1037/1037
f 1822/1822 1823/1823 1812/1812
f 907/907 977/977 985/985
f 977/977 989/989 985/985
f 977/977 1008/1008 989/989
f 989/989 1008/1008 1007/1007
f 1007/1007 1000/1000 989/989
f 985/985 989/989 988/988
f 988/988 989/989 1000/1000
f 988/988 1000/1000 991/991
f 1000/1000 1030/1030 991/991
f 1000/1000 1035/1035 1030/1030
f 977/977 1011/1011 1008/1008
f 1000/1000 1031/1031 1035/1035
f 1816/1816 1824/1824 1797/1797
f 1823/1823 1816/1816 1815/1815
f 1823/1823 1815/1815 1812/1812
f 1030/1030 1035/1035 1037/1037
f 1795/1795 1815/1815 1816/1816
f 1807/1807 1793/1793 1799/1799
f 1815/1815 1795/1795 1796/1796
f 1815/1815 1796/1796 1807/1807
f 1796/1796 1793/1793 1807/1807
f 1816/1816 1797/1797 1795/1795
f 1008/1008 1009/1009 1007/1007
f 1009/1009 1017/1017 1007/1007
f 1007/1007 1031/1031 1000/1000
f 1007/1007 1017/1017 1031/1031
f 348/348 337/337 338/338
f 1824/1824 1837/1837 1797/1797
f 1797/1797 1837/1837 1851/1851
f 1794/1794 1851/1851 1882/1882
f 337/337 334/334 338/338
f 336/336 334/334 337/337
f 1789/1789 1788/1788 1791/1791
f 1789/1789 1882/1882 1732/1732
f 1789/1789 1732/1732 1733/1733
f 1789/1789 1733/1733 1788/1788
f 334/334 333/333 335/335
f 338/338 334/334 335/335
f 1789/1789 1794/1794 1882/1882
f 1851/1851 1858/1858 1882/1882
f 1882/1882 1858/1858 1732/1732
f 1851/1851 1856/1856 1858/1858
f 1856/1856 1731/1731 1858/1858
f 1731/1731 1732/1732 1858/1858
f 1791/1791 1793/1793 1795/1795
f 1795/1795 1793/1793 1796/1796
f 1795/1795 1794/1794 1791/1791
f 1795/1795 1797/1797 1794/1794
f 1794/1794 1797/1797 1851/1851
f 1794/1794 1789/1789 1791/1791
f 1791/1791 1792/1792 1793/1793
f 1017/1017 1018/1018 1031/1031
f 1946/1946 1837/1837 1824/1824
f 1009/1009 1018/1018 1017/1017
f 1009/1009 1012/1012 1018/1018
f 1012/1012 1016/1016 1018/1018
f 1018/1018 1016/1016 1041/1041
f 1946/1946 1857/1857 1837/1837
f 1016/1016 1046/1046 1041/1041
f 1857/1857 1748/1748 1736/1736
f 1857/1857 1856/1856 1837/1837
f 1857/1857 1736/1736 1856/1856
f 1856/1856 1736/1736 1731/1731
f 1837/1837 1856/1856 1851/1851
f 339/339 332/332 345/345
f 332/332 334/334 336/336
f 1734/1734 1787/1787 1733/1733
f 1734/1734 1733/1733 1730/1730
f 1734/1734 1735/1735 1787/1787
f 1734/1734 1730/1730 1721/1721
f 1733/1733 1787/1787 1788/1788
f 1733/1733 1732/1732 1730/1730
f 1790/1790 1788/1788 1787/1787
f 332/332 331/331 333/333
f 332/332 333/333 334/334
f 1730/1730 1731/1731 1727/1727
f 1730/1730 1732/1732 1731/1731
f 1730/1730 1727/1727 1721/1721
f 1735/1735 1784/1784 1787/1787
f 1784/1784 1785/1785 1787/1787
f 1785/1785 1790/1790 1787/1787
f 1736/1736 1727/1727 1731/1731
f 879/879 884/884 878/878
f 2403/2403 2402/2402 2404/2404
f 872/872 878/878 873/873
f 884/884 883/883 878/878
f 2804/2804 2791/2791 2743/2743
f 878/878 883/883 881/881
f 2405/2405 2403/2403 2404/2404
f 879/879 878/878 872/872
f 2743/2743 2738/2738 2742/2742
f 2743/2743 2791/2791 2738/2738
f 825/825 873/873 874/874
f 825/825 874/874 875/875
f 874/874 882/882 886/886
f 878/878 881/881 873/873
f 873/873 881/881 882/882
f 2740/2740 2748/2748 2744/2744
f 2738/2738 2740/2740 2742/2742
f 2738/2738 2739/2739 2740/2740
f 2405/2405 2404/2404 2406/2406
f 2404/2404 2407/2407 2406/2406
f 2740/2740 2739/2739 2748/2748
f 2739/2739 2747/2747 2748/2748
f 2408/2408 2405/2405 2406/2406
f 2741/2741 2747/2747 2739/2739
f 2739/2739 2713/2713 2741/2741
f 873/873 882/882 874/874
f 2406/2406 2409/2409 2408/2408
f 2409/2409 2432/2432 2437/2437
f 2406/2406 2407/2407 2409/2409
f 2407/2407 2432/2432 2409/2409
f 2407/2407 2421/2421 2432/2432
f 620/620 617/617 619/619
f 620/620 621/621 617/617
f 617/617 621/621 618/618
f 2432/2432 2421/2421 2431/2431
f 621/621 625/625 618/618
f 875/875 874/874 860/860
f 874/874 886/886 860/860
f 2419/2419 2408/2408 2410/2410
f 2741/2741 2749/2749 2747/2747
f 797/797 621/621 620/620
f 797/797 654/654 621/621
f 2410/2410 2439/2439 2419/2419
f 797/797 796/796 654/654
f 887/887 860/860 886/886
f 887/887 886/886 894/894
f 137/137 88/88 89/89
f 2419/2419 2439/2439 2474/2474
f 2408/2408 2409/2409 2410/2410
f 2409/2409 2437/2437 2410/2410
f 621/621 654/654 625/625
f 2410/2410 2437/2437 2439/2439
f 137/137 136/136 88/88
f 149/149 85/85 87/87
f 136/136 149/149 87/87
f 136/136 87/87 88/88
f 2474/2474 2476/2476 2477/2477
f 165/165 135/135 65/65
f 135/135 89/89 65/65
f 2474/2474 2439/2439 2476/2476
f 137/137 89/89 135/135
f 2803/2803 2800/2800 2791/2791
f 2804/2804 2803/2803 2791/2791
f 913/913 911/911 912/912
f 910/910 920/920 912/912
f 911/911 910/910 912/912
f 2800/2800 2790/2790 2791/2791
f 2791/2791 2790/2790 2738/2738
f 871/871 872/872 822/822
f 906/906 910/910 911/911
f 906/906 909/909 910/910
f 923/923 934/934 932/932
f 872/872 873/873 825/825
f 822/822 825/825 820/820
f 872/872 825/825 822/822
f 819/819 822/822 820/820
f 2792/2792 2795/2795 2714/2714
f 2790/2790 2792/2792 2715/2715
f 2792/2792 2714/2714 2715/2715
f 2715/2715 2714/2714 2713/2713
f 820/820 825/825 876/876
f 880/880 876/876 877/877
f 2709/2709 2713/2713 2714/2714
f 825/825 875/875 876/876
f 2741/2741 2713/2713 2712/2712
f 2741/2741 2712/2712 2750/2750
f 820/820 876/876 880/880
f 2795/2795 2716/2716 2714/2714
f 2716/2716 2709/2709 2714/2714
f 2790/2790 2715/2715 2738/2738
f 2715/2715 2713/2713 2738/2738
f 2738/2738 2713/2713 2739/2739
f 903/903 904/904 906/906
f 906/906 904/904 909/909
f 909/909 924/924 910/910
f 904/904 921/921 909/909
f 909/909 921/921 924/924
f 921/921 919/919 992/992
f 921/921 992/992 993/993
f 921/921 993/993 924/924
f 924/924 993/993 935/935
f 993/993 1020/1020 935/935
f 935/935 1020/1020 1022/1022
f 993/993 996/996 1020/1020
f 910/910 924/924 923/923
f 1834/1834 1820/1820 1832/1832
f 1820/1820 1819/1819 1825/1825
f 1834/1834 1821/1821 1820/1820
f 924/924 935/935 923/923
f 923/923 935/935 934/934
f 935/935 1022/1022 934/934
f 1835/1835 1821/1821 1834/1834
f 1820/1820 1810/1810 1819/1819
f 1821/1821 1810/1810 1820/1820
f 1810/1810 1817/1817 1819/1819
f 1835/1835 1814/1814 1821/1821
f 1814/1814 1810/1810 1821/1821
f 1836/1836 1814/1814 1835/1835
f 876/876 875/875 877/877
f 875/875 860/860 855/855
f 2709/2709 2712/2712 2713/2713
f 2709/2709 2711/2711 2712/2712
f 875/875 855/855 877/877
f 2752/2752 2751/2751 2750/2750
f 2752/2752 2750/2750 2711/2711
f 2711/2711 2710/2710 2798/2798
f 2712/2712 2711/2711 2750/2750
f 2750/2750 2751/2751 2749/2749
f 2741/2741 2750/2750 2749/2749
f 2751/2751 2770/2770 2749/2749
f 2709/2709 2710/2710 2711/2711
f 855/855 860/860 853/853
f 853/853 860/860 887/887
f 2798/2798 2752/2752 2711/2711
f 853/853 852/852 855/855
f 2798/2798 2786/2786 2752/2752
f 2752/2752 2753/2753 2751/2751
f 2751/2751 2753/2753 2770/2770
f 2752/2752 2771/2771 2755/2755
f 2752/2752 2755/2755 2753/2753
f 796/796 681/681 654/654
f 681/681 678/678 654/654
f 654/654 678/678 652/652
f 794/794 681/681 796/796
f 678/678 679/679 652/652
f 654/654 652/652 625/625
f 625/625 652/652 650/650
f 618/618 650/650 651/651
f 618/618 625/625 650/650
f 650/650 712/712 651/651
f 651/651 712/712 788/788
f 28/28 24/24 87/87
f 28/28 25/25 24/24
f 24/24 25/25 23/23
f 2243/2243 2244/2244 2245/2245
f 650/650 652/652 658/658
f 650/650 658/658 712/712
f 89/89 88/88 31/31
f 88/88 24/24 31/31
f 652/652 679/679 658/658
f 658/658 762/762 712/712
f 87/87 24/24 88/88
f 356/356 355/355 353/353
f 24/24 23/23 10/10
f 354/354 353/353 355/355
f 23/23 22/22 10/10
f 2283/2283 2282/2282 2246/2246
f 23/23 202/202 22/22
f 2283/2283 2246/2246 2244/2244
f 2246/2246 2245/2245 2244/2244
f 1883/1883 1818/1818 1863/1863
f 1883/1883 1863/1863 1940/1940
f 1836/1836 1813/1813 1814/1814
f 1813/1813 1808/1808 1814/1814
f 1811/1811 1817/1817 1810/1810
f 1814/1814 1808/1808 1810/1810
f 2246/2246 2247/2247 2245/2245
f 1809/1809 1802/1802 1862/1862
f 1862/1862 1863/1863 1818/1818
f 1811/1811 1818/1818 1817/1817
f 1811/1811 1809/1809 1818/1818
f 1818/1818 1809/1809 1862/1862
f 1809/1809 1810/1810 1808/1808
f 1810/1810 1809/1809 1811/1811
f 1808/1808 1801/1801 1809/1809
f 1801/1801 1802/1802 1809/1809
f 794/794 802/802 683/683
f 794/794 683/683 681/681
f 683/683 682/682 681/681
f 681/681 682/682 678/678
f 89/89 31/31 32/32
f 678/678 682/682 679/679
f 682/682 763/763 679/679
f 31/31 15/15 32/32
f 32/32 15/15 4/4
f 89/89 32/32 65/65
f 65/65 32/32 4/4
f 683/683 684/684 682/682
f 684/684 763/763 682/682
f 683/683 685/685 684/684
f 685/685 737/737 684/684
f 57/57 65/65 21/21
f 65/65 4/4 21/21
f 684/684 737/737 763/763
f 737/737 783/783 785/785
f 737/737 785/785 763/763
f 4/4 15/15 2/2
f 351/351 319/319 320/320
f 785/785 784/784 763/763
f 2/2 10/10 9/9
f 351/351 320/320 352/352
f 679/679 762/762 658/658
f 679/679 763/763 762/762
f 15/15 31/31 10/10
f 31/31 24/24 10/10
f 354/354 352/352 353/353
f 2282/2282 2259/2259 2246/2246
f 762/762 763/763 784/784
f 2/2 15/15 10/10
f 10/10 22/22 11/11
f 353/353 352/352 320/320
f 1782/1782 1940/1940 1781/1781
f 10/10 11/11 9/9
f 1782/1782 1781/1781 1780/1780
f 2247/2247 2248/2248 2249/2249
f 1802/1802 1800/1800 1803/1803
f 1812/1812 1807/1807 1808/1808
f 1807/1807 1799/1799 1808/1808
f 1801/1801 1800/1800 1802/1802
f 1808/1808 1799/1799 1801/1801
f 1799/1799 1800/1800 1801/1801
f 319/319 318/318 320/320
f 2255/2255 2248/2248 2259/2259
f 1803/1803 1800/1800 1781/1781
f 1780/1780 1781/1781 1778/1778
f 2248/2248 2250/2250 2249/2249
f 1781/1781 1800/1800 1804/1804
f 1781/1781 1804/1804 1778/1778
f 1804/1804 1800/1800 1798/1798
f 1800/1800 1799/1799 1798/1798
f 1863/1863 1862/1862 1803/1803
f 1862/1862 1802/1802 1803/1803
f 1863/1863 1803/1803 1940/1940
f 2259/2259 2248/2248 2246/2246
f 2246/2246 2248/2248 2247/2247
f 1781/1781 1940/1940 1803/1803
f 21/21 4/4 1/1
f 4/4 2/2 1/1
f 2/2 9/9 8/8
f 783/783 805/805 785/785
f 783/783 800/800 805/805
f 317/317 318/318 319/319
f 2248/2248 2255/2255 2250/2250
f 1780/1780 1778/1778 1777/1777
f 2249/2249 2250/2250 2251/2251
f 1804/1804 1798/1798 1778/1778
f 1778/1778 1798/1798 1806/1806
f 992/992 996/996 993/993
f 996/996 1019/1019 1034/1034
f 996/996 1034/1034 1020/1020
f 1822/1822 1813/1813 1836/1836
f 1822/1822 1812/1812 1813/1813
f 1813/1813 1812/1812 1808/1808
f 1815/1815 1807/1807 1812/1812
f 1799/1799 1793/1793 1798/1798
f 460/460 484/484 461/461
f 484/484 460/460 485/485
f 461/461 484/484 486/486
f 397/397 396/396 389/389
f 389/389 396/396 390/390
f 1099/1099 1107/1107 1097/1097
f 2384/2384 2383/2383 2385/2385
f 485/485 490/490 484/484
f 484/484 490/490 486/486
f 2826/2826 2814/2814 2809/2809
f 2809/2809 2764/2764 2807/2807
f 2809/2809 2814/2814 2764/2764
f 2384/2384 2380/2380 2383/2383
f 2383/2383 2380/2380 2381/2381
f 2807/2807 2764/2764 2763/2763
f 490/490 497/497 486/486
f 396/396 398/398 390/390
f 2814/2814 2787/2787 2764/2764
f 2814/2814 2824/2824 2787/2787
f 2380/2380 2382/2382 2377/2377
f 2382/2382 2393/2393 2377/2377
f 2377/2377 2393/2393 2390/2390
f 2377/2377 2373/2373 2380/2380
f 592/592 590/590 587/587
f 2376/2376 2377/2377 2390/2390
f 2393/2393 2415/2415 2390/2390
f 2373/2373 2377/2377 2376/2376
f 2787/2787 2756/2756 2758/2758
f 2787/2787 2819/2819 2756/2756
f 2380/2380 2373/2373 2381/2381
f 2764/2764 2787/2787 2758/2758
f 2764/2764 2758/2758 2763/2763
f 2824/2824 2819/2819 2787/2787
f 1107/1107 1108/1108 1097/1097
f 1574/1574 1575/1575 1573/1573
f 928/928 917/917 918/918
f 936/936 917/917 928/928
f 2370/2370 2379/2379 2378/2378
f 2378/2378 2391/2391 2389/2389
f 2390/2390 2415/2415 2416/2416
f 2376/2376 2390/2390 2379/2379
f 2763/2763 2757/2757 2768/2768
f 2758/2758 2757/2757 2763/2763
f 2373/2373 2370/2370 2372/2372
f 2373/2373 2376/2376 2370/2370
f 2758/2758 2756/2756 2757/2757
f 2390/2390 2391/2391 2379/2379
f 2390/2390 2399/2399 2391/2391
f 2376/2376 2379/2379 2370/2370
f 2767/2767 2768/2768 2757/2757
f 2763/2763 2768/2768 2769/2769
f 601/601 600/600 591/591
f 2390/2390 2416/2416 2399/2399
f 2415/2415 2434/2434 2416/2416
f 2391/2391 2399/2399 2396/2396
f 2399/2399 2416/2416 2396/2396
f 2379/2379 2391/2391 2378/2378
f 603/603 602/602 601/601
f 2391/2391 2396/2396 2389/2389
f 2396/2396 2416/2416 2428/2428
f 603/603 604/604 602/602
f 601/601 602/602 600/600
f 600/600 610/610 595/595
f 174/174 56/56 48/48
f 600/600 602/602 610/610
f 174/174 48/48 97/97
f 610/610 767/767 768/768
f 2370/2370 2371/2371 2372/2372
f 2370/2370 2378/2378 2374/2374
f 2370/2370 2374/2374 2371/2371
f 2756/2756 2746/2746 2754/2754
f 2756/2756 2754/2754 2757/2757
f 2754/2754 2767/2767 2757/2757
f 2756/2756 2813/2813 2746/2746
f 2754/2754 2766/2766 2767/2767
f 2813/2813 2812/2812 2746/2746
f 2756/2756 2819/2819 2813/2813
f 2234/2234 2237/2237 2236/2236
f 2389/2389 2396/2396 2400/2400
f 2396/2396 2428/2428 2400/2400
f 2416/2416 2429/2429 2428/2428
f 97/97 48/48 42/42
f 48/48 41/41 42/42
f 42/42 41/41 38/38
f 2371/2371 2374/2374 2375/2375
f 2746/2746 2745/2745 2754/2754
f 2375/2375 2374/2374 2387/2387
f 884/884 885/885 883/883
f 2744/2744 2765/2765 2754/2754
f 2745/2745 2744/2744 2754/2754
f 2378/2378 2389/2389 2374/2374
f 2374/2374 2389/2389 2387/2387
f 2754/2754 2765/2765 2766/2766
f 607/607 605/605 604/604
f 2389/2389 2400/2400 2387/2387
f 2387/2387 2400/2400 2401/2401
f 2400/2400 2428/2428 2427/2427
f 895/895 884/884 879/879
f 2743/2743 2812/2812 2804/2804
f 2746/2746 2812/2812 2743/2743
f 2746/2746 2743/2743 2745/2745
f 2812/2812 2803/2803 2804/2804
f 2403/2403 2387/2387 2402/2402
f 2387/2387 2401/2401 2402/2402
f 2402/2402 2407/2407 2404/2404
f 2402/2402 2401/2401 2407/2407
f 2401/2401 2420/2420 2407/2407
f 2401/2401 2400/2400 2420/2420
f 2400/2400 2427/2427 2420/2420
f 607/607 614/614 605/605
f 614/614 611/611 605/605
f 605/605 611/611 608/608
f 2427/2427 2430/2430 2420/2420
f 2742/2742 2744/2744 2745/2745
f 2743/2743 2742/2742 2745/2745
f 2742/2742 2740/2740 2744/2744
f 604/604 606/606 602/602
f 604/604 605/605 606/606
f 602/602 606/606 613/613
f 2428/2428 2429/2429 2427/2427
f 606/606 615/615 613/613
f 2168/2168 2167/2167 2160/2160
f 602/602 613/613 610/610
f 613/613 767/767 610/610
f 2168/2168 2160/2160 2158/2158
f 2160/2160 2159/2159 2158/2158
f 97/97 42/42 36/36
f 42/42 38/38 36/36
f 2159/2159 2161/2161 2237/2237
f 2159/2159 2160/2160 2161/2161
f 2237/2237 2238/2238 2236/2236
f 2429/2429 2430/2430 2427/2427
f 97/97 36/36 86/86
f 605/605 608/608 606/606
f 608/608 616/616 606/606
f 606/606 616/616 615/615
f 2167/2167 2166/2166 2160/2160
f 38/38 35/35 36/36
f 2166/2166 2162/2162 2160/2160
f 608/608 655/655 616/616
f 2166/2166 2164/2164 2162/2162
f 86/86 36/36 37/37
f 2161/2161 2239/2239 2238/2238
f 2162/2162 2161/2161 2160/2160
f 35/35 54/54 55/55
f 1891/1891 1859/1859 1892/1892
f 35/35 39/39 54/54
f 35/35 38/38 39/39
f 2237/2237 2161/2161 2238/2238
f 1893/1893 1860/1860 1891/1891
f 1860/1860 1852/1852 1891/1891
f 1891/1891 1852/1852 1859/1859
f 2407/2407 2420/2420 2421/2421
f 2420/2420 2430/2430 2431/2431
f 614/614 619/619 611/611
f 619/619 617/617 611/611
f 2420/2420 2431/2431 2421/2421
f 611/611 617/617 612/612
f 611/611 612/612 608/608
f 608/608 612/612 655/655
f 86/86 37/37 85/85
f 612/612 738/738 655/655
f 2165/2165 2163/2163 2164/2164
f 2163/2163 2165/2165 2240/2240
f 2165/2165 2242/2242 2240/2240
f 34/34 55/55 27/27
f 617/617 618/618 612/612
f 85/85 28/28 87/87
f 618/618 651/651 612/612
f 612/612 651/651 739/739
f 651/651 788/788 739/739
f 85/85 29/29 28/28
f 28/28 29/29 27/27
f 85/85 37/37 29/29
f 37/37 30/30 29/29
f 29/29 30/30 27/27
f 612/612 739/739 738/738
f 2286/2286 2242/2242 2165/2165
f 30/30 34/34 27/27
f 2162/2162 2164/2164 2163/2163
f 37/37 36/36 30/30
f 36/36 35/35 30/30
f 35/35 34/34 30/30
f 2163/2163 2161/2161 2162/2162
f 2161/2161 2163/2163 2240/2240
f 34/34 35/35 55/55
f 28/28 27/27 25/25
f 918/918 922/922 926/926
f 917/917 916/916 918/918
f 916/916 922/922 918/918
f 922/922 930/930 926/926
f 922/922 929/929 930/930
f 1608/1608 1610/1610 1609/1609
f 936/936 915/915 917/917
f 917/917 915/915 916/916
f 915/915 914/914 916/916
f 915/915 913/913 914/914
f 913/913 912/912 914/914
f 914/914 925/925 916/916
f 916/916 925/925 927/927
f 914/914 920/920 925/925
f 925/925 920/920 927/927
f 920/920 933/933 927/927
f 922/922 927/927 929/929
f 1610/1610 1611/1611 1609/1609
f 1609/1609 1611/1611 1615/1615
f 916/916 927/927 922/922
f 1610/1610 1612/1612 1611/1611
f 1840/1840 1833/1833 1839/1839
f 1612/1612 1613/1613 1611/1611
f 1613/1613 1616/1616 1611/1611
f 1613/1613 1617/1617 1616/1616
f 1611/1611 1616/1616 1615/1615
f 912/912 920/920 914/914
f 920/920 932/932 933/933
f 1613/1613 1618/1618 1617/1617
f 1830/1830 1828/1828 1831/1831
f 1828/1828 1830/1830 1826/1826
f 1826/1826 1827/1827 1828/1828
f 1826/1826 1825/1825 1827/1827
f 1829/1829 1852/1852 1838/1838
f 1839/1839 1833/1833 1838/1838
f 1833/1833 1829/1829 1838/1838
f 1860/1860 1838/1838 1852/1852
f 1831/1831 1829/1829 1833/1833
f 1831/1831 1828/1828 1829/1829
f 1829/1829 1827/1827 1852/1852
f 2239/2239 2161/2161 2240/2240
f 1852/1852 1827/1827 1853/1853
f 1853/1853 1859/1859 1852/1852
f 1829/1829 1828/1828 1827/1827
f 920/920 910/910 923/923
f 920/920 923/923 932/932
f 1619/1619 1618/1618 1613/1613
f 1619/1619 1620/1620 1618/1618
f 1832/1832 1826/1826 1830/1830
f 1619/1619 1621/1621 1620/1620
f 1832/1832 1820/1820 1826/1826
f 2240/2240 2242/2242 2241/2241
f 2240/2240 2241/2241 2239/2239
f 1861/1861 1859/1859 1853/1853
f 1853/1853 1825/1825 1861/1861
f 1827/1827 1825/1825 1853/1853
f 788/788 804/804 739/739
f 2286/2286 2257/2257 2242/2242
f 1947/1947 1892/1892 1886/1886
f 1892/1892 1859/1859 1886/1886
f 1861/1861 1825/1825 1855/1855
f 1886/1886 1859/1859 1861/1861
f 1886/1886 1861/1861 1879/1879
f 1879/1879 1861/1861 1855/1855
f 2241/2241 2242/2242 2243/2243
f 1855/1855 1854/1854 1879/1879
f 1855/1855 1817/1817 1854/1854
f 1826/1826 1820/1820 1825/1825
f 1825/1825 1819/1819 1855/1855
f 1855/1855 1819/1819 1817/1817
f 2257/2257 2244/2244 2242/2242
f 2242/2242 2244/2244 2243/2243
f 2283/2283 2244/2244 2257/2257
f 1886/1886 1887/1887 1947/1947
f 1886/1886 1879/1879 1887/1887
f 25/25 27/27 26/26
f 25/25 26/26 23/23
f 23/23 26/26 202/202
f 1887/1887 1879/1879 1883/1883
f 1854/1854 1817/1817 1818/1818
f 1854/1854 1818/1818 1879/1879
f 1879/1879 1818/1818 1883/1883
f 503/503 502/502 500/500
f 502/502 499/499 500/500
f 2644/2644 2646/2646 2647/2647
f 2647/2647 2646/2646 2648/2648
f 2024/2024 2018/2018 2017/2017
f 2017/2017 2018/2018 2016/2016
f 499/499 498/498 496/496
f 2661/2661 2649/2649 2652/2652
f 499/499 496/496 500/500
f 418/418 413/413 417/417
f 498/498 494/494 496/496
f 413/413 412/412 417/417
f 413/413 410/410 412/412
f 2661/2661 2647/2647 2649/2649
f 2017/2017 2016/2016 2015/2015
f 2647/2647 2648/2648 2649/2649
f 2649/2649 2648/2648 2650/2650
f 2650/2650 2648/2648 2651/2651
f 2652/2652 2649/2649 2650/2650
f 2016/2016 2032/2032 2033/2033
f 494/494 495/495 496/496
f 410/410 411/411 412/412
f 498/498 501/501 494/494
f 2652/2652 2653/2653 2655/2655
f 2652/2652 2650/2650 2653/2653
f 2013/2013 2015/2015 2014/2014
f 2015/2015 2016/2016 2014/2014
f 412/412 435/435 440/440
f 412/412 411/411 435/435
f 2033/2033 2030/2030 2016/2016
f 2014/2014 2016/2016 2030/2030
f 2013/2013 2014/2014 1998/1998
f 1998/1998 2014/2014 2019/2019
f 1998/1998 2019/2019 1999/1999
f 2014/2014 2030/2030 2019/2019
f 483/483 472/472 473/473
f 2655/2655 2653/2653 2654/2654
f 2655/2655 2654/2654 2656/2656
f 2659/2659 2655/2655 2656/2656
f 483/483 482/482 472/472
f 2656/2656 2654/2654 2657/2657
f 2521/2521 2529/2529 2527/2527
f 2521/2521 2523/2523 2519/2519
f 2521/2521 2527/2527 2523/2523
f 2494/2494 2483/2483 2473/2473
f 2473/2473 2483/2483 2449/2449
f 2483/2483 2451/2451 2449/2449
f 816/816 776/776 810/810
f 810/810 776/776 777/777
f 776/776 816/816 809/809
f 776/776 753/753 777/777
f 2653/2653 2650/2650 2654/2654
f 2650/2650 2658/2658 2654/2654
f 2654/2654 2658/2658 2657/2657
f 1282/1282 1284/1284 1271/1271
f 777/777 753/753 778/778
f 2657/2657 2658/2658 2660/2660
f 2010/2010 2001/2001 2012/2012
f 1998/1998 2001/2001 2010/2010
f 501/501 483/483 473/473
f 501/501 473/473 494/494
f 494/494 473/473 471/471
f 494/494 471/471 495/495
f 473/473 472/472 471/471
f 410/410 409/409 406/406
f 410/410 406/406 411/411
f 2526/2526 2522/2522 2525/2525
f 550/550 546/546 551/551
f 550/550 547/547 546/546
f 2518/2518 2521/2521 2519/2519
f 2518/2518 2519/2519 2520/2520
f 472/472 468/468 471/471
f 2519/2519 2522/2522 2520/2520
f 2519/2519 2523/2523 2522/2522
f 2520/2520 2522/2522 2526/2526
f 555/555 551/551 546/546
f 2013/2013 1998/1998 2010/2010
f 442/442 435/435 428/428
f 442/442 428/428 439/439
f 428/428 422/422 439/439
f 2019/2019 2029/2029 1999/1999
f 2527/2527 2528/2528 2523/2523
f 1283/1283 1270/1270 1285/1285
f 1271/1271 1277/1277 1266/1266
f 1282/1282 1271/1271 1270/1270
f 1282/1282 1270/1270 1283/1283
f 1271/1271 1266/1266 1270/1270
f 2001/2001 1998/1998 2000/2000
f 2522/2522 2524/2524 2525/2525
f 2522/2522 2523/2523 2524/2524
f 2523/2523 2528/2528 2524/2524
f 1283/1283 1285/1285 1288/1288
f 549/549 556/556 548/548
f 549/549 548/548 547/547
f 556/556 552/552 548/548
f 1998/1998 1999/1999 2000/2000
f 2449/2449 2451/2451 2448/2448
f 2473/2473 2449/2449 2447/2447
f 2449/2449 2448/2448 2447/2447
f 2473/2473 2447/2447 2491/2491
f 2451/2451 2475/2475 2448/2448
f 2448/2448 2475/2475 2452/2452
f 2706/2706 2707/2707 2708/2708
f 2708/2708 2707/2707 2841/2841
f 482/482 474/474 472/472
f 472/472 474/474 468/468
f 809/809 752/752 776/776
f 776/776 752/752 753/753
f 468/468 469/469 471/471
f 409/409 415/415 405/405
f 474/474 466/466 468/468
f 752/752 751/751 753/753
f 2491/2491 2447/2447 2444/2444
f 469/469 468/468 467/467
f 468/468 466/466 467/467
f 1270/1270 1266/1266 1268/1268
f 2001/2001 2002/2002 2012/2012
f 2001/2001 2000/2000 2002/2002
f 1270/1270 1268/1268 1285/1285
f 1285/1285 1268/1268 1286/1286
f 2000/2000 1999/1999 2005/2005
f 1277/1277 1280/1280 1266/1266
f 2012/2012 2002/2002 2027/2027
f 2002/2002 2000/2000 2003/2003
f 474/474 487/487 466/466
f 2447/2447 2448/2448 2446/2446
f 2447/2447 2446/2446 2444/2444
f 2446/2446 2448/2448 2452/2452
f 752/752 675/675 751/751
f 2708/2708 2841/2841 2840/2840
f 2708/2708 2840/2840 2839/2839
f 809/809 801/801 752/752
f 752/752 801/801 675/675
f 675/675 750/750 751/751
f 2446/2446 2452/2452 2445/2445
f 2446/2446 2445/2445 2444/2444
f 466/466 465/465 464/464
f 801/801 672/672 675/675
f 675/675 674/674 750/750
f 2027/2027 2002/2002 2004/2004
f 1280/1280 1274/1274 1266/1266
f 1266/1266 1274/1274 1267/1267
f 1266/1266 1267/1267 1268/1268
f 2002/2002 2003/2003 2004/2004
f 2003/2003 2006/2006 2004/2004
f 2445/2445 2452/2452 2487/2487
f 466/466 487/487 465/465
f 487/487 488/488 465/465
f 675/675 672/672 674/674
f 2444/2444 2445/2445 2443/2443
f 2444/2444 2443/2443 2442/2442
f 2839/2839 2838/2838 2837/2837
f 801/801 673/673 672/672
f 2442/2442 2441/2441 2497/2497
f 672/672 670/670 674/674
f 2442/2442 2443/2443 2440/2440
f 672/672 673/673 671/671
f 672/672 671/671 670/670
f 2445/2445 2487/2487 2450/2450
f 2445/2445 2450/2450 2443/2443
f 2443/2443 2450/2450 2440/2440
f 2442/2442 2440/2440 2441/2441
f 438/438 441/441 450/450
f 419/419 417/417 438/438
f 2644/2644 2645/2645 2646/2646
f 438/438 437/437 441/441
f 438/438 417/417 437/437
f 419/419 418/418 417/417
f 2024/2024 2025/2025 2018/2018
f 2018/2018 2025/2025 2032/2032
f 2018/2018 2032/2032 2016/2016
f 417/417 412/412 437/437
f 412/412 440/440 437/437
f 411/411 406/406 408/408
f 409/409 405/405 406/406
f 405/405 404/404 406/406
f 406/406 404/404 407/407
f 547/547 544/544 546/546
f 406/406 407/407 408/408
f 408/408 416/416 422/422
f 408/408 407/407 416/416
f 407/407 414/414 416/416
f 411/411 428/428 435/435
f 411/411 408/408 428/428
f 408/408 422/422 428/428
f 544/544 547/547 548/548
f 548/548 552/552 544/544
f 422/422 416/416 436/436
f 422/422 436/436 439/439
f 1999/1999 2029/2029 2020/2020
f 439/439 436/436 449/449
f 405/405 415/415 403/403
f 405/405 403/403 404/404
f 555/555 546/546 545/545
f 546/546 544/544 545/545
f 545/545 544/544 540/540
f 407/407 404/404 414/414
f 415/415 395/395 403/403
f 555/555 545/545 522/522
f 522/522 545/545 540/540
f 403/403 402/402 404/404
f 404/404 402/402 414/414
f 414/414 402/402 376/376
f 552/552 541/541 544/544
f 544/544 541/541 540/540
f 1999/1999 2020/2020 2005/2005
f 2020/2020 2028/2028 2005/2005
f 436/436 443/443 449/449
f 416/416 414/414 421/421
f 416/416 421/421 436/436
f 1268/1268 1287/1287 1286/1286
f 552/552 539/539 541/541
f 2000/2000 2005/2005 2003/2003
f 2005/2005 2028/2028 2021/2021
f 436/436 421/421 443/443
f 414/414 376/376 421/421
f 403/403 395/395 375/375
f 395/395 394/394 375/375
f 403/403 375/375 402/402
f 522/522 540/540 514/514
f 402/402 375/375 376/376
f 514/514 540/540 513/513
f 522/522 514/514 521/521
f 375/375 360/360 376/376
f 376/376 360/360 361/361
f 466/466 464/464 467/467
f 467/467 464/464 492/492
f 375/375 394/394 374/374
f 521/521 514/514 504/504
f 541/541 539/539 513/513
f 1268/1268 1269/1269 1287/1287
f 1268/1268 1267/1267 1269/1269
f 1287/1287 1269/1269 1289/1289
f 2005/2005 2021/2021 2003/2003
f 2006/2006 2003/2003 2007/2007
f 2003/2003 2021/2021 2007/2007
f 540/540 541/541 513/513
f 443/443 421/421 361/361
f 443/443 361/361 444/444
f 376/376 361/361 421/421
f 513/513 539/539 533/533
f 444/444 361/361 433/433
f 1267/1267 1272/1272 1269/1269
f 514/514 513/513 504/504
f 513/513 505/505 504/504
f 513/513 533/533 505/505
f 2021/2021 2031/2031 2007/2007
f 360/360 359/359 361/361
f 375/375 374/374 360/360
f 361/361 359/359 433/433
f 359/359 434/434 433/433
f 2031/2031 2022/2022 2007/2007
f 433/433 434/434 447/447
f 2839/2839 2840/2840 2838/2838
f 464/464 462/462 491/491
f 464/464 491/491 492/492
f 465/465 463/463 464/464
f 464/464 463/463 462/462
f 465/465 475/475 463/463
f 2497/2497 2441/2441 2496/2496
f 2837/2837 2838/2838 2835/2835
f 673/673 807/807 671/671
f 2835/2835 2836/2836 2837/2837
f 1267/1267 1274/1274 1272/1272
f 1274/1274 1276/1276 1275/1275
f 1274/1274 1275/1275 1272/1272
f 2007/2007 2009/2009 2006/2006
f 2006/2006 2008/2008 2004/2004
f 2006/2006 2009/2009 2008/2008
f 1269/1269 1273/1273 1289/1289
f 1269/1269 1272/1272 1273/1273
f 674/674 670/670 716/716
f 2004/2004 2008/2008 2011/2011
f 2487/2487 2453/2453 2450/2450
f 2488/2488 2347/2347 2453/2453
f 1273/1273 1272/1272 1278/1278
f 1272/1272 1275/1275 1278/1278
f 374/374 357/357 360/360
f 504/504 517/517 521/521
f 360/360 357/357 359/359
f 394/394 392/392 374/374
f 504/504 505/505 506/506
f 504/504 506/506 507/507
f 505/505 533/533 506/506
f 1289/1289 1273/1273 1290/1290
f 533/533 532/532 506/506
f 359/359 358/358 434/434
f 357/357 358/358 359/359
f 504/504 507/507 517/517
f 358/358 431/431 434/434
f 517/517 507/507 512/512
f 2007/2007 2022/2022 2009/2009
f 2009/2009 2023/2023 2008/2008
f 2009/2009 2022/2022 2023/2023
f 2343/2343 2344/2344 2340/2340
f 2008/2008 2023/2023 2026/2026
f 1273/1273 1278/1278 1281/1281
f 1273/1273 1281/1281 1290/1290
f 2343/2343 2342/2342 2347/2347
f 2343/2343 2340/2340 2342/2342
f 2347/2347 2342/2342 2346/2346
f 1278/1278 1291/1291 1281/1281
f 2340/2340 2341/2341 2342/2342
f 2346/2346 2342/2342 2341/2341
f 2346/2346 2348/2348 2457/2457
f 2348/2348 2351/2351 2457/2457
f 2341/2341 2348/2348 2346/2346
f 2341/2341 2349/2349 2348/2348
f 2349/2349 2350/2350 2348/2348
f 2351/2351 2348/2348 2350/2350
f 2703/2703 2700/2700 2702/2702
f 812/812 803/803 662/662
f 447/447 434/434 431/431
f 2344/2344 2345/2345 2340/2340
f 447/447 431/431 446/446
f 554/554 528/528 532/532
f 528/528 525/525 532/532
f 2340/2340 2345/2345 2341/2341
f 1281/1281 1291/1291 1292/1292
f 554/554 543/543 528/528
f 543/543 529/529 528/528
f 543/543 538/538 529/529
f 2704/2704 2705/2705 2703/2703
f 528/528 524/524 525/525
f 528/528 529/529 524/524
f 506/506 532/532 525/525
f 446/446 431/431 430/430
f 445/445 427/427 448/448
f 446/446 430/430 445/445
f 2704/2704 2703/2703 2702/2702
f 538/538 527/527 529/529
f 430/430 427/427 445/445
f 430/430 425/425 427/427
f 430/430 423/423 425/425
f 529/529 527/527 524/524
f 527/527 526/526 524/524
f 374/374 366/366 357/357
f 374/374 392/392 366/366
f 357/357 362/362 358/358
f 357/357 366/366 363/363
f 357/357 363/363 362/362
f 362/362 420/420 358/358
f 358/358 420/420 431/431
f 507/507 509/509 512/512
f 507/507 506/506 508/508
f 507/507 508/508 509/509
f 431/431 429/429 430/430
f 430/430 429/429 423/423
f 431/431 420/420 429/429
f 425/425 423/423 424/424
f 2441/2441 2438/2438 2496/2496
f 475/475 481/481 463/463
f 671/671 807/807 593/593
f 463/463 452/452 462/462
f 463/463 481/481 452/452
f 2836/2836 2835/2835 2834/2834
f 2441/2441 2440/2440 2425/2425
f 2441/2441 2425/2425 2438/2438
f 2438/2438 2425/2425 2424/2424
f 481/481 477/477 452/452
f 2450/2450 2435/2435 2440/2440
f 2450/2450 2453/2453 2435/2435
f 671/671 584/584 670/670
f 671/671 593/593 584/584
f 670/670 653/653 716/716
f 1275/1275 1279/1279 1278/1278
f 787/787 653/653 786/786
f 2440/2440 2435/2435 2425/2425
f 670/670 584/584 653/653
f 653/653 584/584 623/623
f 2425/2425 2423/2423 2424/2424
f 2425/2425 2435/2435 2423/2423
f 2435/2435 2436/2436 2423/2423
f 593/593 582/582 584/584
f 2435/2435 2453/2453 2436/2436
f 653/653 623/623 660/660
f 2453/2453 2454/2454 2436/2436
f 2835/2835 2832/2832 2834/2834
f 2834/2834 2832/2832 2833/2833
f 462/462 454/454 491/491
f 462/462 452/452 454/454
f 2438/2438 2424/2424 2495/2495
f 152/152 146/146 151/151
f 452/452 453/453 454/454
f 452/452 477/477 453/453
f 2493/2493 2495/2495 2424/2424
f 477/477 470/470 453/453
f 2832/2832 2831/2831 2833/2833
f 477/477 478/478 470/470
f 2832/2832 2830/2830 2831/2831
f 582/582 583/583 584/584
f 584/584 609/609 623/623
f 584/584 583/583 609/609
f 623/623 609/609 627/627
f 2424/2424 2423/2423 2414/2414
f 2453/2453 2347/2347 2454/2454
f 786/786 653/653 660/660
f 2347/2347 2346/2346 2454/2454
f 2346/2346 2457/2457 2454/2454
f 786/786 660/660 803/803
f 803/803 660/660 661/661
f 2436/2436 2454/2454 2455/2455
f 2457/2457 2456/2456 2454/2454
f 803/803 661/661 662/662
f 661/661 630/630 662/662
f 2457/2457 2351/2351 2456/2456
f 2454/2454 2456/2456 2455/2455
f 660/660 628/628 661/661
f 628/628 630/630 661/661
f 152/152 153/153 146/146
f 153/153 148/148 146/146
f 153/153 154/154 148/148
f 154/154 159/159 148/148
f 660/660 623/623 628/628
f 623/623 627/627 628/628
f 628/628 627/627 629/629
f 628/628 629/629 630/630
f 630/630 629/629 631/631
f 631/631 629/629 643/643
f 491/491 454/454 493/493
f 392/392 399/399 378/378
f 392/392 378/378 366/366
f 512/512 509/509 519/519
f 362/362 371/371 420/420
f 378/378 363/363 366/366
f 363/363 364/364 362/362
f 362/362 364/364 371/371
f 509/509 510/510 519/519
f 519/519 510/510 520/520
f 453/453 455/455 454/454
f 454/454 455/455 493/493
f 455/455 453/453 456/456
f 378/378 365/365 363/363
f 455/455 457/457 493/493
f 378/378 399/399 382/382
f 378/378 382/382 365/365
f 363/363 365/365 364/364
f 365/365 367/367 364/364
f 520/520 510/510 518/518
f 506/506 525/525 508/508
f 420/420 371/371 429/429
f 429/429 371/371 423/423
f 508/508 525/525 511/511
f 525/525 524/524 511/511
f 524/524 516/516 511/511
f 526/526 516/516 524/524
f 509/509 508/508 510/510
f 508/508 511/511 510/510
f 364/364 370/370 371/371
f 371/371 370/370 423/423
f 510/510 511/511 515/515
f 511/511 516/516 515/515
f 516/516 536/536 535/535
f 423/423 370/370 424/424
f 516/516 535/535 515/515
f 515/515 535/535 534/534
f 535/535 542/542 534/534
f 2493/2493 2424/2424 2414/2414
f 583/583 580/580 609/609
f 580/580 599/599 609/609
f 151/151 146/146 145/145
f 582/582 581/581 580/580
f 582/582 580/580 583/583
f 609/609 599/599 627/627
f 627/627 599/599 647/647
f 151/151 145/145 147/147
f 2414/2414 2423/2423 2422/2422
f 2414/2414 2422/2422 2413/2413
f 627/627 647/647 629/629
f 146/146 144/144 145/145
f 146/146 104/104 144/144
f 146/146 148/148 104/104
f 145/145 144/144 103/103
f 147/147 145/145 103/103
f 453/453 470/470 456/456
f 478/478 476/476 470/470
f 2831/2831 2830/2830 2829/2829
f 581/581 577/577 580/580
f 455/455 456/456 457/457
f 399/399 401/401 382/382
f 457/457 456/456 458/458
f 478/478 489/489 476/476
f 2493/2493 2414/2414 2412/2412
f 470/470 476/476 456/456
f 2830/2830 2827/2827 2829/2829
f 2412/2412 2414/2414 2413/2413
f 580/580 577/577 579/579
f 580/580 579/579 599/599
f 579/579 598/598 599/599
f 599/599 598/598 648/648
f 456/456 476/476 459/459
f 456/456 459/459 458/458
f 629/629 644/644 643/643
f 144/144 104/104 103/103
f 647/647 644/644 629/629
f 647/647 599/599 648/648
f 103/103 104/104 99/99
f 647/647 648/648 644/644
f 103/103 99/99 75/75
f 644/644 648/648 646/646
f 644/644 646/646 645/645
f 2412/2412 2395/2395 2397/2397
f 2395/2395 2412/2412 2411/2411
f 2413/2413 2422/2422 2417/2417
f 598/598 626/626 648/648
f 147/147 121/121 143/143
f 2412/2412 2413/2413 2411/2411
f 2413/2413 2417/2417 2411/2411
f 577/577 578/578 579/579
f 579/579 597/597 598/598
f 598/598 597/597 626/626
f 2829/2829 2827/2827 2828/2828
f 476/476 479/479 459/459
f 2397/2397 2395/2395 2392/2392
f 2828/2828 2827/2827 2820/2820
f 2827/2827 2821/2821 2820/2820
f 2411/2411 2417/2417 2398/2398
f 2411/2411 2398/2398 2395/2395
f 2417/2417 2433/2433 2398/2398
f 578/578 586/586 585/585
f 2392/2392 2395/2395 2388/2388
f 2395/2395 2398/2398 2388/2388
f 479/479 460/460 459/459
f 2821/2821 2809/2809 2820/2820
f 479/479 480/480 460/460
f 2392/2392 2388/2388 2384/2384
f 579/579 578/578 585/585
f 579/579 588/588 597/597
f 579/579 585/585 588/588
f 92/92 143/143 101/101
f 147/147 103/103 121/121
f 121/121 101/101 143/143
f 121/121 102/102 101/101
f 121/121 103/103 102/102
f 103/103 75/75 102/102
f 648/648 626/626 649/649
f 648/648 649/649 646/646
f 646/646 649/649 676/676
f 626/626 624/624 649/649
f 626/626 597/597 624/624
f 649/649 624/624 677/677
f 102/102 75/75 73/73
f 101/101 102/102 73/73
f 75/75 59/59 73/73
f 649/649 677/677 676/676
f 2142/2142 2146/2146 2116/2116
f 2116/2116 2146/2146 2121/2121
f 60/60 58/58 59/59
f 2388/2388 2382/2382 2384/2384
f 586/586 587/587 585/585
f 587/587 590/590 585/585
f 585/585 590/590 589/589
f 585/585 589/589 588/588
f 2382/2382 2388/2388 2394/2394
f 2388/2388 2398/2398 2394/2394
f 2398/2398 2426/2426 2394/2394
f 2398/2398 2433/2433 2426/2426
f 589/589 596/596 588/588
f 588/588 596/596 597/597
f 596/596 624/624 597/597
f 92/92 66/66 93/93
f 596/596 622/622 624/624
f 93/93 66/66 67/67
f 101/101 73/73 92/92
f 92/92 73/73 66/66
f 66/66 73/73 52/52
f 73/73 59/59 52/52
f 365/365 368/368 367/367
f 365/365 373/373 368/368
f 364/364 367/367 370/370
f 535/535 553/553 542/542
f 510/510 515/515 518/518
f 515/515 534/534 518/518
f 367/367 372/372 370/370
f 520/520 518/518 523/523
f 368/368 369/369 367/367
f 367/367 369/369 372/372
f 523/523 518/518 537/537
f 534/534 542/542 537/537
f 534/534 537/537 518/518
f 369/369 387/387 372/372
f 369/369 386/386 387/387
f 372/372 387/387 393/393
f 1549/1549 1546/1546 1548/1548
f 1546/1546 1547/1547 1548/1548
f 1548/1548 1547/1547 1556/1556
f 1548/1548 1556/1556 1553/1553
f 1553/1553 1556/1556 1567/1567
f 1106/1106 1104/1104 1105/1105
f 1546/1546 1550/1550 1547/1547
f 1547/1547 1551/1551 1556/1556
f 1550/1550 1552/1552 1551/1551
f 1547/1547 1550/1550 1551/1551
f 1551/1551 1565/1565 1556/1556
f 1551/1551 1566/1566 1565/1565
f 1556/1556 1565/1565 1567/1567
f 382/382 377/377 365/365
f 365/365 377/377 373/373
f 382/382 401/401 391/391
f 382/382 391/391 377/377
f 401/401 400/400 391/391
f 377/377 380/380 373/373
f 368/368 373/373 369/369
f 373/373 379/379 369/369
f 379/379 384/384 386/386
f 391/391 380/380 377/377
f 391/391 388/388 380/380
f 380/380 381/381 373/373
f 380/380 388/388 381/381
f 391/391 400/400 388/388
f 381/381 388/388 383/383
f 381/381 379/379 373/373
f 381/381 383/383 379/379
f 379/379 383/383 384/384
f 379/379 386/386 369/369
f 1104/1104 1102/1102 1103/1103
f 1102/1102 1101/1101 1103/1103
f 1558/1558 1561/1561 1560/1560
f 1558/1558 1560/1560 1559/1559
f 1559/1559 1560/1560 1570/1570
f 1104/1104 1103/1103 1105/1105
f 1552/1552 1558/1558 1551/1551
f 1558/1558 1559/1559 1551/1551
f 1551/1551 1559/1559 1566/1566
f 1559/1559 1570/1570 1566/1566
f 400/400 397/397 388/388
f 459/459 460/460 458/458
f 458/458 460/460 461/461
f 397/397 389/389 388/388
f 388/388 389/389 383/383
f 384/384 383/383 385/385
f 2386/2386 2384/2384 2385/2385
f 389/389 390/390 385/385
f 389/389 385/385 383/383
f 1102/1102 1100/1100 1101/1101
f 1100/1100 1098/1098 1101/1101
f 1563/1563 1562/1562 1561/1561
f 1561/1561 1562/1562 1560/1560
f 1560/1560 1571/1571 1570/1570
f 1570/1570 1571/1571 1577/1577
f 1100/1100 1099/1099 1098/1098
f 1560/1560 1562/1562 1571/1571
f 1097/1097 1098/1098 1099/1099
f 1574/1574 1573/1573 1563/1563
f 1563/1563 1564/1564 1562/1562
f 1562/1562 1564/1564 1571/1571
f 1563/1563 1573/1573 1564/1564
f 1571/1571 1584/1584 1577/1577
f 1577/1577 1584/1584 1585/1585
f 1571/1571 1564/1564 1583/1583
f 1571/1571 1583/1583 1584/1584
f 2264/2264 2268/2268 2267/2267
f 1868/1868 1866/1866 1867/1867
f 2264/2264 2263/2263 2262/2262
f 1884/1884 1901/1901 1885/1885
f 1885/1885 1867/1867 1884/1884
f 1584/1584 1583/1583 1585/1585
f 1866/1866 1865/1865 1867/1867
f 2809/2809 2807/2807 2820/2820
f 2384/2384 2382/2382 2380/2380
f 2382/2382 2394/2394 2393/2393
f 590/590 591/591 589/589
f 2393/2393 2394/2394 2418/2418
f 589/589 591/591 594/594
f 592/592 591/591 590/590
f 2393/2393 2418/2418 2415/2415
f 2394/2394 2426/2426 2418/2418
f 93/93 67/67 142/142
f 589/589 594/594 596/596
f 596/596 594/594 622/622
f 594/594 595/595 622/622
f 622/622 714/714 624/624
f 595/595 714/714 622/622
f 595/595 713/713 714/714
f 67/67 50/50 47/47
f 47/47 50/50 49/49
f 624/624 719/719 677/677
f 66/66 52/52 50/50
f 52/52 51/51 50/50
f 51/51 52/52 58/58
f 2136/2136 2137/2137 2122/2122
f 2146/2146 2136/2136 2121/2121
f 59/59 58/58 52/52
f 2121/2121 2122/2122 2118/2118
f 2136/2136 2122/2122 2121/2121
f 2118/2118 2122/2122 2123/2123
f 58/58 218/218 217/217
f 218/218 221/221 217/217
f 66/66 50/50 67/67
f 624/624 714/714 719/719
f 714/714 770/770 719/719
f 58/58 53/53 51/51
f 50/50 51/51 49/49
f 714/714 769/769 770/770
f 51/51 53/53 49/49
f 2137/2137 2138/2138 2122/2122
f 2122/2122 2138/2138 2125/2125
f 2154/2154 2138/2138 2137/2137
f 2138/2138 2149/2149 2125/2125
f 53/53 217/217 45/45
f 1944/1944 1920/1920 1932/1932
f 58/58 217/217 53/53
f 1583/1583 1604/1604 1585/1585
f 1583/1583 1605/1605 1604/1604
f 1846/1846 1845/1845 1843/1843
f 1846/1846 1843/1843 1844/1844
f 2123/2123 2124/2124 2263/2263
f 2124/2124 2262/2262 2263/2263
f 2123/2123 2122/2122 2124/2124
f 1919/1919 1884/1884 1894/1894
f 2122/2122 2125/2125 2124/2124
f 1919/1919 1894/1894 1944/1944
f 2124/2124 2261/2261 2262/2262
f 2124/2124 2125/2125 2261/2261
f 1884/1884 1864/1864 1894/1894
f 1604/1604 1603/1603 1585/1585
f 1878/1878 1847/1847 1866/1866
f 1847/1847 1878/1878 1846/1846
f 1867/1867 1865/1865 1884/1884
f 1864/1864 1884/1884 1865/1865
f 1847/1847 1865/1865 1866/1866
f 2125/2125 2149/2149 2260/2260
f 2125/2125 2260/2260 2261/2261
f 1944/1944 1864/1864 1920/1920
f 1850/1850 1920/1920 1864/1864
f 1894/1894 1864/1864 1944/1944
f 1844/1844 1850/1850 1847/1847
f 1847/1847 1864/1864 1865/1865
f 1847/1847 1850/1850 1864/1864
f 1846/1846 1844/1844 1847/1847
f 142/142 67/67 56/56
f 591/591 595/595 594/594
f 2418/2418 2434/2434 2415/2415
f 56/56 67/67 47/47
f 591/591 600/600 595/595
f 595/595 610/610 713/713
f 713/713 610/610 768/768
f 56/56 47/47 46/46
f 46/46 47/47 44/44
f 713/713 768/768 769/769
f 713/713 769/769 714/714
f 2150/2150 2138/2138 2154/2154
f 47/47 49/49 44/44
f 2156/2156 2150/2150 2154/2154
f 49/49 45/45 44/44
f 56/56 46/46 48/48
f 46/46 44/44 40/40
f 48/48 40/40 41/41
f 48/48 46/46 40/40
f 49/49 53/53 45/45
f 2138/2138 2150/2150 2149/2149
f 2150/2150 2235/2235 2149/2149
f 2235/2235 2260/2260 2149/2149
f 2260/2260 2235/2235 2233/2233
f 2150/2150 2157/2157 2235/2235
f 2156/2156 2157/2157 2150/2150
f 2235/2235 2157/2157 2234/2234
f 1841/1841 1844/1844 1843/1843
f 2232/2232 2233/2233 2234/2234
f 1849/1849 1850/1850 1844/1844
f 1850/1850 1849/1849 1890/1890
f 2234/2234 2233/2233 2235/2235
f 1890/1890 1849/1849 1889/1889
f 1841/1841 1849/1849 1844/1844
f 2156/2156 2158/2158 2157/2157
f 40/40 38/38 41/41
f 40/40 44/44 43/43
f 2158/2158 2159/2159 2157/2157
f 2157/2157 2159/2159 2237/2237
f 2157/2157 2237/2237 2234/2234
f 1889/1889 1900/1900 1918/1918
f 44/44 45/45 43/43
f 1932/1932 1890/1890 1889/1889
f 1932/1932 1889/1889 1918/1918
f 2234/2234 2236/2236 2232/2232
f 1889/1889 1849/1849 1848/1848
f 1849/1849 1841/1841 1848/1848
f 1839/1839 1848/1848 1841/1841
f 1889/1889 1860/1860 1900/1900
f 1848/1848 1838/1838 1860/1860
f 1889/1889 1848/1848 1860/1860
f 1932/1932 1920/1920 1890/1890
f 1920/1920 1850/1850 1890/1890
f 40/40 43/43 39/39
f 1918/1918 1900/1900 1893/1893
f 38/38 40/40 39/39
f 1900/1900 1860/1860 1893/1893
f 1567/1567 1565/1565 1576/1576
f 1566/1566 1572/1572 1565/1565
f 1565/1565 1578/1578 1576/1576
f 1565/1565 1572/1572 1578/1578
f 1566/1566 1570/1570 1572/1572
f 1572/1572 1586/1586 1578/1578
f 1570/1570 1577/1577 1572/1572
f 1572/1572 1577/1577 1586/1586
f 1587/1587 1578/1578 1601/1601
f 1578/1578 1586/1586 1601/1601
f 1577/1577 1585/1585 1586/1586
f 1586/1586 1585/1585 1603/1603
f 1586/1586 1603/1603 1601/1601
f 1878/1878 1866/1866 1868/1868
f 1564/1564 1573/1573 1580/1580
f 1564/1564 1580/1580 1583/1583
f 926/926 930/930 931/931
f 1580/1580 1606/1606 1605/1605
f 1583/1583 1580/1580 1605/1605
f 1608/1608 1606/1606 1580/1580
f 1608/1608 1609/1609 1606/1606
f 1842/1842 1843/1843 1845/1845
f 1842/1842 1840/1840 1841/1841
f 1842/1842 1841/1841 1843/1843
f 1609/1609 1615/1615 1606/1606
f 1841/1841 1840/1840 1839/1839
f 1839/1839 1838/1838 1848/1848
f 2355/2355 2357/2357 2358/2358
f 2853/2853 2854/2854 2855/2855
f 2355/2355 2356/2356 2357/2357
f 1475/1475 1467/1467 1466/1466
f 1465/1465 1466/1466 1452/1452
f 1466/1466 1467/1467 1452/1452
f 2358/2358 2359/2359 2360/2360
f 2358/2358 2357/2357 2359/2359
f 1473/1473 1465/1465 1456/1456
f 2359/2359 2361/2361 2360/2360
f 2361/2361 2359/2359 2362/2362
f 1473/1473 1456/1456 1474/1474
f 1456/1456 1452/1452 1444/1444
f 1467/1467 1468/1468 1452/1452
f 1465/1465 1452/1452 1456/1456
f 2310/2310 2312/2312 2313/2313
f 1452/1452 1446/1446 1444/1444
f 2367/2367 2360/2360 2364/2364
f 2360/2360 2361/2361 2364/2364
f 2364/2364 2368/2368 2367/2367
f 2364/2364 2361/2361 2363/2363
f 2361/2361 2362/2362 2363/2363
f 1474/1474 1456/1456 1471/1471
f 1456/1456 1444/1444 1471/1471
f 266/266 264/264 265/265
f 1446/1446 1445/1445 1444/1444
f 2310/2310 2311/2311 2312/2312
f 2311/2311 2314/2314 2312/2312
f 2314/2314 2315/2315 2312/2312
f 1446/1446 1451/1451 1445/1445
f 2368/2368 2364/2364 2365/2365
f 2364/2364 2363/2363 2365/2365
f 2365/2365 2363/2363 2366/2366
f 265/265 264/264 248/248
f 248/248 264/264 245/245
f 1471/1471 1462/1462 1472/1472
f 1445/1445 1451/1451 1442/1442
f 1451/1451 1448/1448 1442/1442
f 2314/2314 2316/2316 2315/2315
f 2314/2314 2317/2317 2316/2316
f 1496/1496 1493/1493 1494/1494
f 1496/1496 1498/1498 1493/1493
f 2317/2317 2318/2318 2316/2316
f 1444/1444 1445/1445 1442/1442
f 1444/1444 1443/1443 1471/1471
f 1444/1444 1442/1442 1443/1443
f 1442/1442 1437/1437 1443/1443
f 1471/1471 1443/1443 1462/1462
f 1442/1442 1448/1448 1438/1438
f 1448/1448 1454/1454 1438/1438
f 1442/1442 1438/1438 1437/1437
f 2368/2368 2366/2366 2369/2369
f 2368/2368 2365/2365 2366/2366
f 818/818 815/815 789/789
f 789/789 814/814 667/667
f 789/789 815/815 814/814
f 789/789 680/680 808/808
f 789/789 667/667 680/680
f 2369/2369 2366/2366 2469/2469
f 2369/2369 2469/2469 2472/2472
f 2469/2469 2366/2366 2471/2471
f 667/667 666/666 680/680
f 2363/2363 2490/2490 2366/2366
f 2366/2366 2490/2490 2471/2471
f 2471/2471 2490/2490 2492/2492
f 808/808 680/680 806/806
f 808/808 806/806 813/813
f 2213/2213 2202/2202 2204/2204
f 680/680 775/775 806/806
f 248/248 245/245 176/176
f 1472/1472 1462/1462 1469/1469
f 2200/2200 2201/2201 2202/2202
f 666/666 775/775 680/680
f 176/176 245/245 240/240
f 245/245 250/250 240/240
f 1497/1497 1496/1496 1494/1494
f 1497/1497 1494/1494 1495/1495
f 1494/1494 1492/1492 1495/1495
f 1494/1494 1493/1493 1492/1492
f 1493/1493 1501/1501 1490/1490
f 1492/1492 1493/1493 1490/1490
f 1495/1495 1492/1492 1491/1491
f 2213/2213 2204/2204 2231/2231
f 1507/1507 1514/1514 1508/1508
f 1507/1507 1508/1508 1501/1501
f 2202/2202 2201/2201 2204/2204
f 2204/2204 2201/2201 2223/2223
f 1462/1462 1443/1443 1436/1436
f 1443/1443 1437/1437 1436/1436
f 1462/1462 1436/1436 1469/1469
f 1507/1507 1501/1501 1498/1498
f 1498/1498 1501/1501 1493/1493
f 1437/1437 1438/1438 1435/1435
f 1438/1438 1425/1425 1435/1435
f 1436/1436 1437/1437 1435/1435
f 1501/1501 1508/1508 1503/1503
f 1490/1490 1501/1501 1503/1503
f 2469/2469 2471/2471 2468/2468
f 814/814 668/668 667/667
f 2489/2489 2472/2472 2466/2466
f 2472/2472 2469/2469 2466/2466
f 2469/2469 2468/2468 2466/2466
f 668/668 659/659 667/667
f 667/667 659/659 666/666
f 177/177 176/176 172/172
f 176/176 167/167 172/172
f 176/176 240/240 167/167
f 775/775 666/666 657/657
f 2200/2200 2189/2189 2186/2186
f 172/172 167/167 98/98
f 167/167 240/240 241/241
f 1491/1491 1492/1492 1481/1481
f 1491/1491 1481/1481 1489/1489
f 1492/1492 1490/1490 1481/1481
f 1481/1481 1490/1490 1480/1480
f 1490/1490 1503/1503 1480/1480
f 1481/1481 1480/1480 1476/1476
f 1489/1489 1476/1476 1488/1488
f 1489/1489 1481/1481 1476/1476
f 2201/2201 2212/2212 2223/2223
f 250/250 241/241 240/240
f 1469/1469 1436/1436 1470/1470
f 1436/1436 1427/1427 1470/1470
f 1508/1508 1509/1509 1503/1503
f 1435/1435 1425/1425 1427/1427
f 1425/1425 1426/1426 1427/1427
f 1503/1503 1509/1509 1504/1504
f 1480/1480 1503/1503 1504/1504
f 1436/1436 1435/1435 1427/1427
f 2200/2200 2186/2186 2201/2201
f 2201/2201 2186/2186 2212/2212
f 2466/2466 2468/2468 2467/2467
f 659/659 657/657 666/666
f 2466/2466 2467/2467 2465/2465
f 167/167 160/160 98/98
f 167/167 241/241 160/160
f 2489/2489 2466/2466 2470/2470
f 668/668 665/665 659/659
f 1470/1470 1427/1427 1461/1461
f 98/98 160/160 96/96
f 659/659 639/639 657/657
f 2189/2189 2106/2106 2186/2186
f 2189/2189 2176/2176 2106/2106
f 241/241 182/182 160/160
f 96/96 160/160 182/182
f 241/241 249/249 182/182
f 2186/2186 2105/2105 2212/2212
f 2186/2186 2106/2106 2105/2105
f 811/811 669/669 664/664
f 2353/2353 2354/2354 2352/2352
f 2354/2354 2462/2462 2352/2352
f 2352/2352 2462/2462 2459/2459
f 2470/2470 2466/2466 2463/2463
f 2466/2466 2465/2465 2463/2463
f 2470/2470 2463/2463 2354/2354
f 665/665 639/639 659/659
f 2463/2463 2462/2462 2354/2354
f 2463/2463 2465/2465 2464/2464
f 95/95 83/83 84/84
f 639/639 665/665 664/664
f 639/639 638/638 656/656
f 98/98 96/96 95/95
f 639/639 656/656 657/657
f 182/182 91/91 96/96
f 182/182 243/243 91/91
f 95/95 96/96 83/83
f 2106/2106 2176/2176 2104/2104
f 96/96 91/91 83/83
f 664/664 636/636 639/639
f 2462/2462 2463/2463 2461/2461
f 636/636 638/638 639/639
f 638/638 764/764 656/656
f 2463/2463 2464/2464 2461/2461
f 100/100 84/84 82/82
f 84/84 83/83 82/82
f 2462/2462 2461/2461 2459/2459
f 83/83 81/81 82/82
f 2598/2598 2586/2586 2585/2585
f 1404/1404 1393/1393 1403/1403
f 1403/1403 1393/1393 1390/1390
f 1405/1405 1404/1404 1403/1403
f 1405/1405 1406/1406 1404/1404
f 2687/2687 2690/2690 2688/2688
f 2687/2687 2688/2688 2689/2689
f 2585/2585 2586/2586 2584/2584
f 2687/2687 2689/2689 2691/2691
f 2691/2691 2689/2689 2692/2692
f 2689/2689 2688/2688 2696/2696
f 2689/2689 2696/2696 2692/2692
f 2585/2585 2584/2584 2575/2575
f 2586/2586 2587/2587 2584/2584
f 2587/2587 2583/2583 2584/2584
f 1454/1454 1458/1458 1425/1425
f 1454/1454 1425/1425 1438/1438
f 1092/1092 1063/1063 1067/1067
f 1067/1067 1063/1063 1057/1057
f 1458/1458 1450/1450 1425/1425
f 1476/1476 1480/1480 1477/1477
f 1450/1450 1457/1457 1434/1434
f 1425/1425 1450/1450 1426/1426
f 1450/1450 1432/1432 1426/1426
f 1427/1427 1426/1426 1428/1428
f 1426/1426 1432/1432 1428/1428
f 1450/1450 1434/1434 1432/1432
f 1480/1480 1504/1504 1477/1477
f 1126/1126 1125/1125 1112/1112
f 1488/1488 1476/1476 1478/1478
f 1488/1488 1478/1478 1483/1483
f 1476/1476 1477/1477 1478/1478
f 1477/1477 1504/1504 1499/1499
f 1478/1478 1477/1477 1479/1479
f 1479/1479 1477/1477 1499/1499
f 1483/1483 1478/1478 1482/1482
f 1478/1478 1479/1479 1482/1482
f 1509/1509 1506/1506 1504/1504
f 1427/1427 1428/1428 1429/1429
f 2212/2212 2105/2105 2222/2222
f 1427/1427 1429/1429 1461/1461
f 1499/1499 1504/1504 1506/1506
f 1428/1428 1430/1430 1429/1429
f 1428/1428 1432/1432 1430/1430
f 1499/1499 1506/1506 1505/1505
f 1457/1457 1453/1453 1434/1434
f 1453/1453 1447/1447 1434/1434
f 1434/1434 1430/1430 1432/1432
f 1434/1434 1447/1447 1430/1430
f 1126/1126 1151/1151 1125/1125
f 1151/1151 1152/1152 1125/1125
f 1049/1049 1048/1048 1050/1050
f 1057/1057 1051/1051 1067/1067
f 1057/1057 1049/1049 1051/1051
f 1049/1049 1050/1050 1051/1051
f 1051/1051 1050/1050 1052/1052
f 1125/1125 1140/1140 1119/1119
f 1125/1125 1119/1119 1112/1112
f 1119/1119 1114/1114 1112/1112
f 1112/1112 1114/1114 1113/1113
f 1125/1125 1152/1152 1140/1140
f 1096/1096 1067/1067 1066/1066
f 1067/1067 1051/1051 1066/1066
f 1119/1119 1140/1140 1120/1120
f 1140/1140 1150/1150 1120/1120
f 1096/1096 1066/1066 1093/1093
f 1066/1066 1059/1059 1093/1093
f 1050/1050 1053/1053 1052/1052
f 1050/1050 1081/1081 1053/1053
f 1066/1066 1051/1051 1052/1052
f 1066/1066 1052/1052 1059/1059
f 1052/1052 1053/1053 1054/1054
f 1053/1053 1081/1081 1084/1084
f 1053/1053 1084/1084 1085/1085
f 1053/1053 1085/1085 1056/1056
f 1053/1053 1056/1056 1054/1054
f 1054/1054 1056/1056 1074/1074
f 1085/1085 1084/1084 1089/1089
f 1487/1487 1484/1484 1485/1485
f 2350/2350 2353/2353 2352/2352
f 2350/2350 2352/2352 2351/2351
f 817/817 812/812 663/663
f 448/448 432/432 451/451
f 812/812 662/662 663/663
f 2351/2351 2352/2352 2458/2458
f 2700/2700 2701/2701 2702/2702
f 817/817 663/663 669/669
f 669/669 663/663 636/636
f 669/669 636/636 664/664
f 662/662 632/632 663/663
f 663/663 632/632 636/636
f 2352/2352 2459/2459 2458/2458
f 448/448 427/427 432/432
f 427/427 426/426 432/432
f 531/531 530/530 527/527
f 427/427 425/425 426/426
f 538/538 531/531 527/527
f 527/527 530/530 526/526
f 1483/1483 1482/1482 1484/1484
f 2105/2105 2108/2108 2222/2222
f 182/182 249/249 243/243
f 1461/1461 1429/1429 1463/1463
f 1429/1429 1430/1430 1431/1431
f 2106/2106 2104/2104 2105/2105
f 2105/2105 2104/2104 2103/2103
f 2105/2105 2103/2103 2108/2108
f 1506/1506 1513/1513 1505/1505
f 1429/1429 1433/1433 1463/1463
f 1482/1482 1479/1479 1499/1499
f 1453/1453 1460/1460 1449/1449
f 1482/1482 1485/1485 1484/1484
f 1485/1485 1482/1482 1486/1486
f 1482/1482 1499/1499 1500/1500
f 1482/1482 1500/1500 1486/1486
f 1453/1453 1449/1449 1447/1447
f 1500/1500 1499/1499 1505/1505
f 1447/1447 1449/1449 1439/1439
f 1460/1460 1455/1455 1449/1449
f 1500/1500 1505/1505 1502/1502
f 1500/1500 1502/1502 1486/1486
f 1505/1505 1510/1510 1502/1502
f 1486/1486 1502/1502 1511/1511
f 1455/1455 1441/1441 1449/1449
f 1449/1449 1441/1441 1439/1439
f 2333/2333 2329/2329 2332/2332
f 2332/2332 2329/2329 2331/2331
f 1502/1502 1512/1512 1511/1511
f 2325/2325 2324/2324 2319/2319
f 1447/1447 1431/1431 1430/1430
f 1429/1429 1431/1431 1433/1433
f 1439/1439 1431/1431 1447/1447
f 1439/1439 1433/1433 1431/1431
f 1505/1505 1513/1513 1510/1510
f 1439/1439 1441/1441 1440/1440
f 638/638 749/749 764/764
f 636/636 637/637 638/638
f 638/638 637/637 749/749
f 100/100 82/82 79/79
f 82/82 81/81 79/79
f 2104/2104 2102/2102 2103/2103
f 243/243 236/236 91/91
f 1463/1463 1433/1433 1464/1464
f 2108/2108 2107/2107 2209/2209
f 2108/2108 2103/2103 2107/2107
f 83/83 91/91 81/81
f 81/81 91/91 80/80
f 91/91 236/236 80/80
f 1502/1502 1510/1510 1512/1512
f 2324/2324 2320/2320 2319/2319
f 2209/2209 2107/2107 2110/2110
f 2209/2209 2110/2110 2228/2228
f 2324/2324 2327/2327 2326/2326
f 2324/2324 2326/2326 2320/2320
f 2110/2110 2107/2107 2093/2093
f 2110/2110 2093/2093 2095/2095
f 2110/2110 2095/2095 2111/2111
f 1439/1439 1440/1440 1433/1433
f 1433/1433 1440/1440 1459/1459
f 2339/2339 2332/2332 2335/2335
f 2332/2332 2331/2331 2335/2335
f 2331/2331 2336/2336 2335/2335
f 2339/2339 2335/2335 2338/2338
f 2335/2335 2337/2337 2338/2338
f 2335/2335 2336/2336 2337/2337
f 1433/1433 1459/1459 1464/1464
f 214/214 193/193 235/235
f 426/426 425/425 424/424
f 2333/2333 2334/2334 2329/2329
f 2329/2329 2330/2330 2331/2331
f 2323/2323 2319/2319 2321/2321
f 1135/1135 1133/1133 1120/1120
f 1119/1119 1120/1120 1114/1114
f 1120/1120 1116/1116 1114/1114
f 1114/1114 1116/1116 1115/1115
f 1116/1116 1117/1117 1115/1115
f 1423/1423 1419/1419 1421/1421
f 1120/1120 1133/1133 1116/1116
f 1133/1133 1132/1132 1116/1116
f 1116/1116 1132/1132 1117/1117
f 1417/1417 1416/1416 1418/1418
f 211/211 204/204 212/212
f 1117/1117 1144/1144 1115/1115
f 1419/1419 1417/1417 1418/1418
f 212/212 204/204 201/201
f 1117/1117 1142/1142 1144/1144
f 1059/1059 1052/1052 1055/1055
f 1054/1054 1074/1074 1075/1075
f 1075/1075 1074/1074 1087/1087
f 1052/1052 1054/1054 1055/1055
f 1055/1055 1054/1054 1075/1075
f 1074/1074 1090/1090 1087/1087
f 2600/2600 2602/2602 2603/2603
f 1055/1055 1075/1075 1077/1077
f 1075/1075 1088/1088 1077/1077
f 1075/1075 1087/1087 1088/1088
f 2319/2319 2320/2320 2321/2321
f 2320/2320 2322/2322 2321/2321
f 2111/2111 2095/2095 2188/2188
f 1421/1421 1419/1419 1420/1420
f 1419/1419 1418/1418 1420/1420
f 1132/1132 1142/1142 1117/1117
f 2320/2320 2326/2326 2322/2322
f 1420/1420 1418/1418 1422/1422
f 212/212 201/201 214/214
f 2322/2322 2326/2326 2328/2328
f 214/214 192/192 193/193
f 214/214 201/201 192/192
f 2111/2111 2188/2188 2187/2187
f 192/192 201/201 189/189
f 201/201 195/195 189/189
f 195/195 190/190 189/189
f 2174/2174 2172/2172 2177/2177
f 2351/2351 2458/2458 2456/2456
f 662/662 630/630 632/632
f 630/630 631/631 632/632
f 154/154 173/173 159/159
f 173/173 158/158 159/159
f 632/632 631/631 633/633
f 633/633 631/631 634/634
f 2459/2459 2461/2461 2460/2460
f 632/632 633/633 636/636
f 633/633 635/635 636/636
f 2459/2459 2460/2460 2458/2458
f 161/161 100/100 72/72
f 173/173 161/161 158/158
f 161/161 72/72 158/158
f 631/631 643/643 634/634
f 643/643 641/641 634/634
f 633/633 634/634 635/635
f 634/634 640/640 635/635
f 72/72 71/71 70/70
f 635/635 640/640 766/766
f 158/158 72/72 70/70
f 70/70 71/71 69/69
f 69/69 71/71 197/197
f 634/634 641/641 640/640
f 2112/2112 2098/2098 2100/2100
f 69/69 197/197 194/194
f 100/100 79/79 72/72
f 81/81 80/80 79/79
f 636/636 635/635 637/637
f 637/637 635/635 765/765
f 2103/2103 2102/2102 2097/2097
f 2103/2103 2097/2097 2107/2107
f 637/637 765/765 749/749
f 2102/2102 2099/2099 2097/2097
f 72/72 79/79 71/71
f 79/79 80/80 71/71
f 2107/2107 2097/2097 2093/2093
f 2097/2097 2099/2099 2096/2096
f 2097/2097 2096/2096 2093/2093
f 2096/2096 2094/2094 2093/2093
f 635/635 766/766 765/765
f 2100/2100 2096/2096 2099/2099
f 80/80 216/216 197/197
f 80/80 236/236 216/216
f 236/236 235/235 216/216
f 235/235 193/193 216/216
f 80/80 197/197 71/71
f 2096/2096 2100/2100 2098/2098
f 2096/2096 2098/2098 2094/2094
f 526/526 530/530 516/516
f 516/516 530/530 536/536
f 2094/2094 2098/2098 2101/2101
f 2093/2093 2094/2094 2095/2095
f 2095/2095 2094/2094 2115/2115
f 193/193 191/191 216/216
f 2095/2095 2115/2115 2188/2188
f 191/191 192/192 187/187
f 216/216 191/191 197/197
f 2115/2115 2155/2155 2188/2188
f 193/193 192/192 191/191
f 2187/2187 2188/2188 2173/2173
f 2173/2173 2188/2188 2171/2171
f 189/189 190/190 188/188
f 192/192 189/189 187/187
f 187/187 189/189 188/188
f 2172/2172 2170/2170 2177/2177
f 2140/2140 2177/2177 2139/2139
f 2177/2177 2170/2170 2139/2139
f 2555/2555 2551/2551 2553/2553
f 2173/2173 2171/2171 2172/2172
f 2188/2188 2155/2155 2171/2171
f 2172/2172 2171/2171 2170/2170
f 239/239 238/238 188/188
f 238/238 246/246 228/228
f 239/239 246/246 238/238
f 2094/2094 2101/2101 2115/2115
f 2101/2101 2155/2155 2115/2115
f 191/191 187/187 186/186
f 197/197 191/191 194/194
f 191/191 186/186 194/194
f 2171/2171 2147/2147 2170/2170
f 2170/2170 2147/2147 2139/2139
f 186/186 187/187 185/185
f 187/187 188/188 185/185
f 2139/2139 2147/2147 2127/2127
f 188/188 238/238 185/185
f 148/148 159/159 104/104
f 104/104 159/159 158/158
f 158/158 70/70 68/68
f 70/70 69/69 68/68
f 643/643 645/645 641/641
f 643/643 644/644 645/645
f 641/641 642/642 640/640
f 645/645 642/642 641/641
f 2112/2112 2153/2153 2113/2113
f 2098/2098 2112/2112 2113/2113
f 2098/2098 2109/2109 2101/2101
f 2098/2098 2113/2113 2109/2109
f 194/194 186/186 183/183
f 68/68 69/69 63/63
f 69/69 194/194 63/63
f 194/194 183/183 62/62
f 2101/2101 2109/2109 2155/2155
f 2109/2109 2147/2147 2155/2155
f 2109/2109 2114/2114 2147/2147
f 2147/2147 2114/2114 2127/2127
f 104/104 158/158 99/99
f 158/158 68/68 99/99
f 99/99 61/61 75/75
f 645/645 646/646 642/642
f 99/99 68/68 61/61
f 68/68 63/63 61/61
f 63/63 62/62 61/61
f 194/194 62/62 63/63
f 646/646 676/676 642/642
f 2153/2153 2142/2142 2113/2113
f 2113/2113 2116/2116 2114/2114
f 2113/2113 2114/2114 2109/2109
f 183/183 185/185 184/184
f 185/185 219/219 184/184
f 185/185 237/237 219/219
f 62/62 183/183 60/60
f 183/183 184/184 60/60
f 186/186 185/185 183/183
f 2155/2155 2147/2147 2171/2171
f 185/185 238/238 237/237
f 238/238 224/224 237/237
f 2113/2113 2142/2142 2116/2116
f 62/62 60/60 61/61
f 75/75 61/61 59/59
f 61/61 60/60 59/59
f 184/184 196/196 60/60
f 1668/1668 1670/1670 1669/1669
f 2665/2665 2666/2666 2667/2667
f 2667/2667 2666/2666 2668/2668
f 2667/2667 2668/2668 2669/2669
f 1668/1668 1669/1669 1667/1667
f 2669/2669 2668/2668 2670/2670
f 2669/2669 2670/2670 2671/2671
f 1668/1668 1667/1667 1664/1664
f 2306/2306 2303/2303 2301/2301
f 2306/2306 2301/2301 2307/2307
f 2852/2852 2849/2849 2851/2851
f 2849/2849 2850/2850 2851/2851
f 2301/2301 2300/2300 2308/2308
f 2307/2307 2301/2301 2308/2308
f 1542/1542 1543/1543 1544/1544
f 1224/1224 1262/1262 1261/1261
f 1997/1997 1991/1991 1973/1973
f 1973/1973 1991/1991 1971/1971
f 2301/2301 2303/2303 2298/2298
f 2303/2303 2302/2302 2298/2298
f 1224/1224 1261/1261 1240/1240
f 1973/1973 1971/1971 1972/1972
f 2301/2301 2298/2298 2300/2300
f 1224/1224 1222/1222 1223/1223
f 1224/1224 1240/1240 1222/1222
f 1972/1972 1971/1971 1970/1970
f 1991/1991 1985/1985 1971/1971
f 1991/1991 1995/1995 1985/1985
f 1971/1971 1985/1985 1967/1967
f 2298/2298 2299/2299 2300/2300
f 1222/1222 1240/1240 1239/1239
f 1972/1972 1970/1970 1969/1969
f 1223/1223 1222/1222 1221/1221
f 2298/2298 2302/2302 2299/2299
f 2308/2308 2300/2300 2309/2309
f 1971/1971 1967/1967 1970/1970
f 1985/1985 1982/1982 1967/1967
f 1985/1985 1995/1995 1982/1982
f 2509/2509 2508/2508 2510/2510
f 1995/1995 1996/1996 1982/1982
f 2302/2302 2304/2304 2299/2299
f 1223/1223 1221/1221 1235/1235
f 1970/1970 1967/1967 1969/1969
f 1969/1969 1967/1967 1966/1966
f 1966/1966 1967/1967 1963/1963
f 1967/1967 1982/1982 1963/1963
f 1245/1245 1244/1244 1243/1243
f 1245/1245 1247/1247 1244/1244
f 2511/2511 2516/2516 2512/2512
f 1243/1243 1256/1256 1245/1245
f 1542/1542 1541/1541 1543/1543
f 1542/1542 1540/1540 1541/1541
f 2506/2506 2504/2504 2507/2507
f 2506/2506 2505/2505 2504/2504
f 1541/1541 1540/1540 1525/1525
f 1221/1221 1208/1208 1220/1220
f 1220/1220 1208/1208 1201/1201
f 1220/1220 1201/1201 1225/1225
f 1208/1208 1207/1207 1201/1201
f 1208/1208 1238/1238 1207/1207
f 2511/2511 2513/2513 2517/2517
f 2511/2511 2512/2512 2513/2513
f 1235/1235 1221/1221 1220/1220
f 2299/2299 2304/2304 2305/2305
f 1235/1235 1220/1220 1248/1248
f 2846/2846 2847/2847 2848/2848
f 2498/2498 2499/2499 2500/2500
f 2509/2509 2500/2500 2508/2508
f 2508/2508 2500/2500 2503/2503
f 1996/1996 1986/1986 1982/1982
f 1244/1244 1246/1246 1226/1226
f 1244/1244 1226/1226 1243/1243
f 2517/2517 2513/2513 2515/2515
f 1226/1226 1246/1246 1248/1248
f 1226/1226 1248/1248 1220/1220
f 2513/2513 2514/2514 2515/2515
f 2513/2513 2512/2512 2514/2514
f 1226/1226 1220/1220 1225/1225
f 1226/1226 1225/1225 1242/1242
f 1243/1243 1226/1226 1242/1242
f 1243/1243 1264/1264 1256/1256
f 1540/1540 1522/1522 1525/1525
f 1243/1243 1242/1242 1264/1264
f 2505/2505 2502/2502 2504/2504
f 2504/2504 2502/2502 2499/2499
f 2499/2499 2502/2502 2501/2501
f 2500/2500 2499/2499 2501/2501
f 2500/2500 2501/2501 2503/2503
f 1598/1598 1525/1525 1534/1534
f 1221/1221 1222/1222 1208/1208
f 1222/1222 1239/1239 1208/1208
f 1208/1208 1239/1239 1238/1238
f 1239/1239 1265/1265 1238/1238
f 1969/1969 1966/1966 1962/1962
f 1966/1966 1963/1963 1962/1962
f 1982/1982 1986/1986 1963/1963
f 1962/1962 1963/1963 1964/1964
f 1986/1986 1984/1984 1963/1963
f 1964/1964 1963/1963 1968/1968
f 1963/1963 1984/1984 1968/1968
f 1389/1389 1388/1388 1373/1373
f 1225/1225 1205/1205 1237/1237
f 1388/1388 1384/1384 1373/1373
f 1225/1225 1201/1201 1205/1205
f 1205/1205 1201/1201 1200/1200
f 1237/1237 1234/1234 1251/1251
f 1237/1237 1205/1205 1234/1234
f 1373/1373 1384/1384 1372/1372
f 1384/1384 1368/1368 1372/1372
f 1234/1234 1205/1205 1200/1200
f 1384/1384 1382/1382 1368/1368
f 1201/1201 1207/1207 1206/1206
f 1207/1207 1215/1215 1206/1206
f 1373/1373 1371/1371 1375/1375
f 1373/1373 1372/1372 1371/1371
f 1375/1375 1369/1369 1376/1376
f 1375/1375 1371/1371 1369/1369
f 1207/1207 1238/1238 1215/1215
f 1238/1238 1265/1265 1263/1263
f 1238/1238 1263/1263 1215/1215
f 2082/2082 2084/2084 2071/2071
f 1201/1201 1206/1206 1202/1202
f 1206/1206 1215/1215 1209/1209
f 1206/1206 1209/1209 1202/1202
f 1372/1372 1368/1368 1371/1371
f 1200/1200 1201/1201 1202/1202
f 1209/1209 1215/1215 1258/1258
f 1215/1215 1263/1263 1258/1258
f 1225/1225 1237/1237 1242/1242
f 1522/1522 1523/1523 1525/1525
f 1545/1545 1521/1521 1522/1522
f 1525/1525 1523/1523 1534/1534
f 1521/1521 1519/1519 1522/1522
f 1522/1522 1519/1519 1523/1523
f 1521/1521 1518/1518 1519/1519
f 1534/1534 1523/1523 1537/1537
f 2076/2076 2082/2082 2071/2071
f 1962/1962 1965/1965 1974/1974
f 1962/1962 1964/1964 1965/1965
f 2076/2076 2071/2071 2074/2074
f 1964/1964 1968/1968 1965/1965
f 1965/1965 1968/1968 1976/1976
f 1968/1968 1983/1983 1976/1976
f 2071/2071 2073/2073 2074/2074
f 2605/2605 2610/2610 2606/2606
f 1234/1234 1200/1200 1203/1203
f 1234/1234 1252/1252 1251/1251
f 1234/1234 1203/1203 1233/1233
f 1234/1234 1233/1233 1252/1252
f 1371/1371 1368/1368 1369/1369
f 1200/1200 1202/1202 1203/1203
f 1203/1203 1202/1202 1204/1204
f 1382/1382 1361/1361 1368/1368
f 1382/1382 1385/1385 1361/1361
f 1361/1361 1363/1363 1368/1368
f 1258/1258 1257/1257 1209/1209
f 1202/1202 1209/1209 1204/1204
f 1368/1368 1363/1363 1369/1369
f 1518/1518 1515/1515 1517/1517
f 1518/1518 1517/1517 1519/1519
f 1519/1519 1524/1524 1523/1523
f 1523/1523 1524/1524 1537/1537
f 1519/1519 1520/1520 1524/1524
f 2084/2084 2072/2072 2071/2071
f 2071/2071 2072/2072 2073/2073
f 1981/1981 1980/1980 1976/1976
f 1537/1537 1524/1524 1594/1594
f 1233/1233 1203/1203 1218/1218
f 1233/1233 1253/1253 1252/1252
f 1227/1227 1218/1218 1212/1212
f 1233/1233 1227/1227 1254/1254
f 1233/1233 1218/1218 1227/1227
f 1254/1254 1253/1253 1233/1233
f 1203/1203 1204/1204 1210/1210
f 1203/1203 1210/1210 1218/1218
f 1363/1363 1370/1370 1369/1369
f 1209/1209 1257/1257 1204/1204
f 2084/2084 2083/2083 2072/2072
f 1218/1218 1210/1210 1212/1212
f 1383/1383 1362/1362 1361/1361
f 1361/1361 1362/1362 1363/1363
f 1385/1385 1383/1383 1361/1361
f 1363/1363 1362/1362 1364/1364
f 1363/1363 1364/1364 1370/1370
f 1204/1204 1259/1259 1241/1241
f 1515/1515 1516/1516 1517/1517
f 1517/1517 1516/1516 1520/1520
f 1516/1516 1527/1527 1520/1520
f 1519/1519 1517/1517 1520/1520
f 1520/1520 1526/1526 1524/1524
f 1520/1520 1528/1528 1526/1526
f 1527/1527 1528/1528 1520/1520
f 2083/2083 2075/2075 2072/2072
f 1524/1524 1526/1526 1594/1594
f 1526/1526 1593/1593 1594/1594
f 2077/2077 2073/2073 2075/2075
f 1980/1980 1978/1978 1976/1976
f 2605/2605 2606/2606 2607/2607
f 2607/2607 2606/2606 2608/2608
f 2608/2608 2606/2606 2609/2609
f 2609/2609 2614/2614 2608/2608
f 2608/2608 2619/2619 2607/2607
f 2608/2608 2621/2621 2619/2619
f 2619/2619 2621/2621 2625/2625
f 2533/2533 2531/2531 2530/2530
f 2608/2608 2604/2604 2621/2621
f 2662/2662 2663/2663 2664/2664
f 1227/1227 1212/1212 1216/1216
f 1538/1538 1527/1527 1516/1516
f 1216/1216 1228/1228 1227/1227
f 1227/1227 1228/1228 1254/1254
f 1367/1367 1386/1386 1381/1381
f 1538/1538 1533/1533 1530/1530
f 1210/1210 1211/1211 1212/1212
f 1210/1210 1204/1204 1211/1211
f 1204/1204 1241/1241 1211/1211
f 1241/1241 1219/1219 1211/1211
f 1383/1383 1367/1367 1362/1362
f 1370/1370 1364/1364 1378/1378
f 1364/1364 1366/1366 1378/1378
f 1367/1367 1365/1365 1362/1362
f 1362/1362 1365/1365 1364/1364
f 1365/1365 1366/1366 1364/1364
f 1212/1212 1211/1211 1213/1213
f 1367/1367 1381/1381 1365/1365
f 1378/1378 1366/1366 1374/1374
f 1526/1526 1528/1528 1532/1532
f 1527/1527 1529/1529 1528/1528
f 1538/1538 1530/1530 1527/1527
f 1527/1527 1530/1530 1529/1529
f 1228/1228 1216/1216 1232/1232
f 1228/1228 1232/1232 1250/1250
f 1228/1228 1250/1250 1254/1254
f 1232/1232 1216/1216 1217/1217
f 1232/1232 1217/1217 1231/1231
f 1381/1381 1386/1386 1387/1387
f 1231/1231 1249/1249 1236/1236
f 1231/1231 1217/1217 1229/1229
f 1231/1231 1236/1236 1232/1232
f 1381/1381 1387/1387 1380/1380
f 1232/1232 1236/1236 1250/1250
f 1533/1533 1539/1539 1535/1535
f 1216/1216 1212/1212 1213/1213
f 1213/1213 1211/1211 1214/1214
f 1216/1216 1213/1213 1217/1217
f 1365/1365 1374/1374 1366/1366
f 1211/1211 1219/1219 1214/1214
f 1213/1213 1214/1214 1217/1217
f 1365/1365 1377/1377 1374/1374
f 1217/1217 1214/1214 1229/1229
f 1214/1214 1230/1230 1229/1229
f 573/573 576/576 574/574
f 1381/1381 1377/1377 1365/1365
f 1381/1381 1380/1380 1377/1377
f 1214/1214 1219/1219 1255/1255
f 1957/1957 1948/1948 1956/1956
f 2085/2085 2086/2086 2080/2080
f 1530/1530 1533/1533 1529/1529
f 1528/1528 1531/1531 1532/1532
f 1532/1532 1531/1531 1591/1591
f 1529/1529 1531/1531 1528/1528
f 1533/1533 1535/1535 1529/1529
f 1535/1535 1536/1536 1529/1529
f 2039/2039 2034/2034 2038/2038
f 1529/1529 1536/1536 1531/1531
f 2079/2079 2080/2080 2285/2285
f 1928/1928 1896/1896 1899/1899
f 2080/2080 2086/2086 2285/2285
f 2609/2609 2615/2615 2614/2614
f 2615/2615 2601/2601 2614/2614
f 2609/2609 2616/2616 2615/2615
f 2615/2615 2624/2624 2620/2620
f 2615/2615 2620/2620 2601/2601
f 2604/2604 2601/2601 2600/2600
f 2530/2530 2531/2531 2532/2532
f 2600/2600 2601/2601 2602/2602
f 2601/2601 2622/2622 2602/2602
f 2092/2092 2193/2193 2143/2143
f 2193/2193 2141/2141 2143/2143
f 2620/2620 2622/2622 2601/2601
f 2620/2620 2623/2623 2622/2622
f 573/573 572/572 570/570
f 2193/2193 2194/2194 2141/2141
f 2194/2194 2190/2190 2141/2141
f 2191/2191 2177/2177 2140/2140
f 2191/2191 2140/2140 2190/2190
f 2551/2551 2552/2552 2553/2553
f 247/247 230/230 246/246
f 1652/1652 1653/1653 1655/1655
f 1652/1652 1651/1651 1653/1653
f 2190/2190 2140/2140 2141/2141
f 2141/2141 2140/2140 2135/2135
f 230/230 231/231 227/227
f 2135/2135 2134/2134 2141/2141
f 1914/1914 1921/1921 1910/1910
f 1921/1921 1916/1916 1910/1910
f 1911/1911 1914/1914 1910/1910
f 2035/2035 2034/2034 2037/2037
f 2034/2034 2035/2035 2036/2036
f 1555/1555 1554/1554 1557/1557
f 1555/1555 1549/1549 1554/1554
f 1557/1557 1554/1554 1568/1568
f 1554/1554 1549/1549 1553/1553
f 1548/1548 1553/1553 1549/1549
f 1553/1553 1567/1567 1569/1569
f 1554/1554 1569/1569 1568/1568
f 1554/1554 1553/1553 1569/1569
f 574/574 572/572 573/573
f 2842/2842 2845/2845 2843/2843
f 574/574 575/575 572/572
f 1380/1380 1379/1379 1377/1377
f 1377/1377 1379/1379 1374/1374
f 1958/1958 1949/1949 1941/1941
f 2842/2842 2843/2843 2844/2844
f 1937/1937 1941/1941 1921/1921
f 1956/1956 1948/1948 1949/1949
f 2085/2085 2087/2087 2086/2086
f 2087/2087 2284/2284 2088/2088
f 2087/2087 2088/2088 2086/2086
f 2034/2034 2036/2036 2038/2038
f 1536/1536 1557/1557 1568/1568
f 1536/1536 1568/1568 1531/1531
f 1568/1568 1582/1582 1531/1531
f 1531/1531 1588/1588 1591/1591
f 1531/1531 1582/1582 1588/1588
f 1568/1568 1589/1589 1582/1582
f 1568/1568 1581/1581 1589/1589
f 1582/1582 1589/1589 1588/1588
f 1938/1938 1877/1877 1929/1929
f 2086/2086 2281/2281 2285/2285
f 1948/1948 1897/1897 1895/1895
f 1897/1897 1896/1896 1895/1895
f 1591/1591 1588/1588 1602/1602
f 1929/1929 1877/1877 1896/1896
f 1928/1928 1929/1929 1896/1896
f 1896/1896 1877/1877 1895/1895
f 2280/2280 2276/2276 2088/2088
f 2284/2284 2280/2280 2088/2088
f 1921/1921 1941/1941 1916/1916
f 1941/1941 1949/1949 1931/1931
f 1941/1941 1931/1931 1916/1916
f 2088/2088 2276/2276 2086/2086
f 2086/2086 2276/2276 2281/2281
f 1949/1949 1948/1948 1931/1931
f 1916/1916 1931/1931 1909/1909
f 2280/2280 2275/2275 2276/2276
f 1910/1910 1916/1916 1909/1909
f 1931/1931 1881/1881 1913/1913
f 1938/1938 1874/1874 1877/1877
f 2277/2277 2276/2276 2274/2274
f 1938/1938 1873/1873 1874/1874
f 1874/1874 1875/1875 1876/1876
f 1895/1895 1877/1877 1876/1876
f 1895/1895 1876/1876 1881/1881
f 2276/2276 2277/2277 2281/2281
f 1948/1948 1895/1895 1931/1931
f 1931/1931 1895/1895 1881/1881
f 1877/1877 1874/1874 1876/1876
f 1881/1881 1875/1875 1913/1913
f 1881/1881 1876/1876 1875/1875
f 2140/2140 2139/2139 2135/2135
f 246/246 230/230 228/228
f 230/230 227/227 228/228
f 2135/2135 2132/2132 2134/2134
f 231/231 232/232 227/227
f 2139/2139 2132/2132 2135/2135
f 228/228 227/227 225/225
f 227/227 226/226 225/225
f 2134/2134 2132/2132 2133/2133
f 232/232 234/234 227/227
f 2134/2134 2133/2133 2169/2169
f 1910/1910 1907/1907 1911/1911
f 227/227 234/234 226/226
f 1911/1911 1907/1907 1915/1915
f 2139/2139 2127/2127 2130/2130
f 2139/2139 2130/2130 2132/2132
f 229/229 225/225 224/224
f 228/228 229/229 238/238
f 228/228 225/225 229/229
f 2132/2132 2131/2131 2133/2133
f 2132/2132 2130/2130 2131/2131
f 225/225 226/226 223/223
f 1915/1915 1906/1906 1939/1939
f 1915/1915 1907/1907 1906/1906
f 1873/1873 1870/1870 1872/1872
f 2274/2274 2270/2270 2272/2272
f 2269/2269 2266/2266 2270/2270
f 2270/2270 2266/2266 2272/2272
f 1872/1872 1870/1870 1871/1871
f 1880/1880 1872/1872 1871/1871
f 2276/2276 2275/2275 2270/2270
f 2271/2271 2270/2270 2275/2275
f 1910/1910 1909/1909 1907/1907
f 1909/1909 1908/1908 1907/1907
f 1909/1909 1931/1931 1913/1913
f 1909/1909 1913/1913 1908/1908
f 2276/2276 2270/2270 2274/2274
f 1873/1873 1872/1872 1874/1874
f 1874/1874 1872/1872 1875/1875
f 1907/1907 1908/1908 1905/1905
f 2271/2271 2269/2269 2270/2270
f 1913/1913 1912/1912 1908/1908
f 1913/1913 1880/1880 1912/1912
f 1908/1908 1912/1912 1905/1905
f 1913/1913 1875/1875 1880/1880
f 1875/1875 1872/1872 1880/1880
f 2127/2127 2126/2126 2130/2130
f 2131/2131 2129/2129 2148/2148
f 2127/2127 2114/2114 2126/2126
f 237/237 224/224 219/219
f 2126/2126 2114/2114 2117/2117
f 2129/2129 2126/2126 2128/2128
f 2130/2130 2126/2126 2129/2129
f 224/224 223/223 219/219
f 2129/2129 2128/2128 2148/2148
f 2128/2128 2120/2120 2148/2148
f 1903/1903 1902/1902 1901/1901
f 223/223 222/222 219/219
f 1939/1939 1904/1904 1903/1903
f 1904/1904 1902/1902 1903/1903
f 238/238 229/229 224/224
f 225/225 223/223 224/224
f 2130/2130 2129/2129 2131/2131
f 1906/1906 1907/1907 1905/1905
f 1939/1939 1906/1906 1904/1904
f 1906/1906 1905/1905 1904/1904
f 1902/1902 1912/1912 1888/1888
f 2269/2269 2265/2265 2266/2266
f 1905/1905 1912/1912 1902/1902
f 1880/1880 1888/1888 1912/1912
f 2272/2272 2266/2266 2273/2273
f 1880/1880 1871/1871 1888/1888
f 1902/1902 1888/1888 1901/1901
f 1905/1905 1902/1902 1904/1904
f 1868/1868 1869/1869 1870/1870
f 2273/2273 2266/2266 2267/2267
f 1871/1871 1869/1869 1888/1888
f 1871/1871 1870/1870 1869/1869
f 2265/2265 2264/2264 2266/2266
f 2266/2266 2264/2264 2267/2267
f 1888/1888 1869/1869 1885/1885
f 2114/2114 2116/2116 2117/2117
f 2116/2116 2118/2118 2117/2117
f 184/184 219/219 196/196
f 196/196 219/219 218/218
f 2117/2117 2128/2128 2126/2126
f 2117/2117 2119/2119 2120/2120
f 2128/2128 2117/2117 2120/2120
f 2117/2117 2118/2118 2119/2119
f 2119/2119 2263/2263 2120/2120
f 222/222 220/220 219/219
f 219/219 220/220 218/218
f 1903/1903 1901/1901 1917/1917
f 196/196 58/58 60/60
f 2116/2116 2121/2121 2118/2118
f 196/196 218/218 58/58
f 2118/2118 2123/2123 2119/2119
f 2119/2119 2123/2123 2263/2263
f 218/218 220/220 221/221
f 1917/1917 1901/1901 1919/1919
f 2265/2265 2263/2263 2264/2264
f 1888/1888 1885/1885 1901/1901
f 1885/1885 1869/1869 1867/1867
f 1868/1868 1867/1867 1869/1869
f 1919/1919 1901/1901 1884/1884
f 1599/1599 1598/1598 1597/1597
f 1598/1598 1534/1534 1597/1597
f 1984/1984 1983/1983 1968/1968
f 1534/1534 1537/1537 1596/1596
f 1534/1534 1596/1596 1597/1597
f 1984/1984 1992/1992 1983/1983
f 1992/1992 1981/1981 1983/1983
f 1983/1983 1981/1981 1976/1976
f 1537/1537 1594/1594 1596/1596
f 1992/1992 1990/1990 1981/1981
f 1990/1990 1980/1980 1981/1981
f 1990/1990 1987/1987 1980/1980
f 1594/1594 1593/1593 1595/1595
f 1593/1593 1592/1592 1595/1595
f 1980/1980 1987/1987 1978/1978
f 1526/1526 1592/1592 1593/1593
f 1526/1526 1532/1532 1592/1592
f 1532/1532 1591/1591 1592/1592
f 1994/1994 1988/1988 1987/1987
f 1987/1987 1988/1988 1978/1978
f 1988/1988 1989/1989 1978/1978
f 1592/1592 1591/1591 1600/1600
f 1591/1591 1602/1602 1600/1600
f 1988/1988 1993/1993 1989/1989
f 1568/1568 1569/1569 1581/1581
f 1581/1581 1607/1607 1589/1589
f 1567/1567 1579/1579 1569/1569
f 1567/1567 1576/1576 1579/1579
f 1569/1569 1579/1579 1581/1581
f 1579/1579 1590/1590 1581/1581
f 1581/1581 1590/1590 1607/1607
f 1590/1590 1614/1614 1607/1607
f 1579/1579 1576/1576 1590/1590
f 1576/1576 1587/1587 1590/1590
f 1576/1576 1578/1578 1587/1587
f 1587/1587 1614/1614 1590/1590
f 1587/1587 1601/1601 1614/1614
f 2691/2691 2692/2692 2693/2693
f 1393/1393 1391/1391 1390/1390
f 1390/1390 1391/1391 1392/1392
f 1391/1391 1394/1394 1392/1392
f 2693/2693 2694/2694 2695/2695
f 2695/2695 2694/2694 2697/2697
f 1392/1392 1394/1394 1395/1395
f 2695/2695 2697/2697 2698/2698
f 2692/2692 2694/2694 2693/2693
f 2692/2692 2696/2696 2694/2694
f 2584/2584 2573/2573 2575/2575
f 2575/2575 2573/2573 2574/2574
f 2584/2584 2583/2583 2573/2573
f 2574/2574 2573/2573 2572/2572
f 2572/2572 2573/2573 2571/2571
f 2573/2573 2581/2581 2571/2571
f 2583/2583 2581/2581 2573/2573
f 1392/1392 1395/1395 1396/1396
f 2698/2698 2697/2697 2699/2699
f 1396/1396 1395/1395 1397/1397
f 1414/1414 1397/1397 1413/1413
f 1129/1129 1128/1128 1127/1127
f 1129/1129 1127/1127 1131/1131
f 2292/2292 2294/2294 2287/2287
f 1131/1131 1127/1127 1134/1134
f 1129/1129 1148/1148 1128/1128
f 1148/1148 1154/1154 1128/1128
f 2292/2292 2287/2287 2290/2290
f 2290/2290 2287/2287 2289/2289
f 1396/1396 1397/1397 1414/1414
f 1397/1397 1395/1395 1398/1398
f 268/268 267/267 262/262
f 267/267 263/263 262/262
f 1397/1397 1398/1398 1399/1399
f 1399/1399 1398/1398 1400/1400
f 2287/2287 2296/2296 2288/2288
f 1131/1131 1134/1134 1149/1149
f 2294/2294 2296/2296 2287/2287
f 2226/2226 2221/2221 2225/2225
f 2287/2287 2288/2288 2289/2289
f 2226/2226 2225/2225 2229/2229
f 262/262 263/263 261/261
f 262/262 261/261 260/260
f 2581/2581 2579/2579 2571/2571
f 2581/2581 2580/2580 2579/2579
f 2572/2572 2571/2571 2570/2570
f 2570/2570 2571/2571 2569/2569
f 2571/2571 2579/2579 2569/2569
f 2599/2599 2597/2597 2580/2580
f 2597/2597 2576/2576 2580/2580
f 2597/2597 2596/2596 2576/2576
f 2580/2580 2576/2576 2579/2579
f 1095/1095 1080/1080 1072/1072
f 2290/2290 2289/2289 2291/2291
f 2291/2291 2289/2289 2293/2293
f 1080/1080 1079/1079 1071/1071
f 1080/1080 1071/1071 1072/1072
f 1072/1072 1071/1071 1070/1070
f 2293/2293 2289/2289 2295/2295
f 1079/1079 1078/1078 1071/1071
f 1071/1071 1078/1078 1069/1069
f 2576/2576 2596/2596 2577/2577
f 2570/2570 2569/2569 2567/2567
f 2569/2569 2568/2568 2567/2567
f 2569/2569 2579/2579 2568/2568
f 2576/2576 2578/2578 2579/2579
f 2229/2229 2225/2225 2230/2230
f 2295/2295 2289/2289 2288/2288
f 2288/2288 2297/2297 2295/2295
f 2567/2567 2566/2566 2565/2565
f 2567/2567 2568/2568 2566/2566
f 2578/2578 2568/2568 2579/2579
f 2576/2576 2577/2577 2578/2578
f 1663/1663 1657/1657 1659/1659
f 1659/1659 1643/1643 1660/1660
f 1659/1659 1631/1631 1643/1643
f 1128/1128 1124/1124 1127/1127
f 1127/1127 1124/1124 1123/1123
f 1127/1127 1123/1123 1134/1134
f 1128/1128 1138/1138 1124/1124
f 1128/1128 1154/1154 1138/1138
f 1072/1072 1070/1070 1094/1094
f 1094/1094 1070/1070 1068/1068
f 1138/1138 1122/1122 1124/1124
f 1124/1124 1122/1122 1123/1123
f 1413/1413 1397/1397 1399/1399
f 1134/1134 1123/1123 1136/1136
f 2227/2227 2221/2221 2226/2226
f 2225/2225 2221/2221 2224/2224
f 1413/1413 1399/1399 1412/1412
f 2221/2221 2220/2220 2224/2224
f 260/260 261/261 257/257
f 1138/1138 1153/1153 1122/1122
f 1123/1123 1122/1122 1121/1121
f 1122/1122 1153/1153 1141/1141
f 1121/1121 1130/1130 1123/1123
f 1412/1412 1399/1399 1402/1402
f 1399/1399 1401/1401 1402/1402
f 1400/1400 1401/1401 1399/1399
f 2221/2221 2218/2218 2220/2220
f 1123/1123 1130/1130 1136/1136
f 1136/1136 1130/1130 1145/1145
f 260/260 257/257 255/255
f 2218/2218 2219/2219 2220/2220
f 2596/2596 2593/2593 2577/2577
f 1070/1070 1071/1071 1064/1064
f 1071/1071 1069/1069 1064/1064
f 1070/1070 1064/1064 1068/1068
f 1064/1064 1069/1069 1065/1065
f 2577/2577 2593/2593 2582/2582
f 2578/2578 2566/2566 2568/2568
f 2578/2578 2582/2582 2566/2566
f 2577/2577 2582/2582 2578/2578
f 2566/2566 2559/2559 2565/2565
f 2582/2582 2588/2588 2566/2566
f 1660/1660 1643/1643 1661/1661
f 2593/2593 2589/2589 2582/2582
f 2593/2593 2595/2595 2589/2589
f 1068/1068 1062/1062 1091/1091
f 1068/1068 1064/1064 1062/1062
f 1064/1064 1061/1061 1062/1062
f 2595/2595 2590/2590 2589/2589
f 1064/1064 1065/1065 1061/1061
f 2565/2565 2559/2559 2564/2564
f 2566/2566 2588/2588 2559/2559
f 2582/2582 2589/2589 2588/2588
f 2564/2564 2559/2559 2557/2557
f 2559/2559 2588/2588 2558/2558
f 2559/2559 2558/2558 2557/2557
f 2589/2589 2590/2590 2588/2588
f 1661/1661 1643/1643 1662/1662
f 1662/1662 1643/1643 1640/1640
f 1412/1412 1408/1408 1407/1407
f 1122/1122 1141/1141 1109/1109
f 1122/1122 1109/1109 1121/1121
f 1121/1121 1109/1109 1111/1111
f 1121/1121 1111/1111 1130/1130
f 1111/1111 1139/1139 1130/1130
f 1412/1412 1402/1402 1408/1408
f 253/253 255/255 254/254
f 1130/1130 1139/1139 1145/1145
f 2219/2219 2218/2218 2217/2217
f 255/255 257/257 254/254
f 2218/2218 2216/2216 2217/2217
f 1407/1407 1408/1408 1409/1409
f 1109/1109 1141/1141 1126/1126
f 1141/1141 1151/1151 1126/1126
f 1111/1111 1110/1110 1139/1139
f 1109/1109 1110/1110 1111/1111
f 1110/1110 1143/1143 1139/1139
f 1109/1109 1112/1112 1110/1110
f 1126/1126 1112/1112 1109/1109
f 2217/2217 2216/2216 2215/2215
f 252/252 253/253 251/251
f 252/252 251/251 244/244
f 253/253 254/254 251/251
f 2216/2216 2214/2214 2215/2215
f 2215/2215 2214/2214 2192/2192
f 1065/1065 1076/1076 1061/1061
f 2595/2595 2594/2594 2590/2590
f 1091/1091 1062/1062 1063/1063
f 1062/1062 1058/1058 1063/1063
f 1062/1062 1061/1061 1058/1058
f 1061/1061 1076/1076 1060/1060
f 1061/1061 1060/1060 1058/1058
f 1060/1060 1076/1076 1083/1083
f 257/257 258/258 254/254
f 254/254 258/258 259/259
f 2557/2557 2544/2544 2546/2546
f 2557/2557 2558/2558 2544/2544
f 2588/2588 2591/2591 2558/2558
f 1662/1662 1645/1645 1665/1665
f 2594/2594 2592/2592 2590/2590
f 2590/2590 2592/2592 2591/2591
f 2590/2590 2591/2591 2588/2588
f 1662/1662 1640/1640 1645/1645
f 1091/1091 1063/1063 1092/1092
f 1063/1063 1058/1058 1057/1057
f 1058/1058 1047/1047 1057/1057
f 1058/1058 1060/1060 1047/1047
f 2558/2558 2591/2591 2544/2544
f 2591/2591 2539/2539 2544/2544
f 2215/2215 2192/2192 2206/2206
f 254/254 259/259 256/256
f 251/251 254/254 256/256
f 2545/2545 2546/2546 2544/2544
f 1047/1047 1060/1060 1073/1073
f 1060/1060 1083/1083 1073/1073
f 2594/2594 2534/2534 2592/2592
f 2592/2592 2537/2537 2591/2591
f 2537/2537 2539/2539 2591/2591
f 2626/2626 2611/2611 2605/2605
f 1665/1665 1645/1645 1666/1666
f 1057/1057 1047/1047 1049/1049
f 1047/1047 1048/1048 1049/1049
f 1047/1047 1073/1073 1048/1048
f 2534/2534 2537/2537 2592/2592
f 1073/1073 1083/1083 1086/1086
f 2534/2534 2535/2535 2536/2536
f 2534/2534 2536/2536 2537/2537
f 1666/1666 1645/1645 1654/1654
f 2537/2537 2536/2536 2538/2538
f 1654/1654 1645/1645 1644/1644
f 2537/2537 2538/2538 2539/2539
f 2539/2539 2538/2538 2540/2540
f 1645/1645 1639/1639 1644/1644
f 1640/1640 1639/1639 1645/1645
f 1640/1640 1634/1634 1639/1639
f 1409/1409 1408/1408 1410/1410
f 1409/1409 1410/1410 1411/1411
f 1112/1112 1113/1113 1110/1110
f 1110/1110 1118/1118 1143/1143
f 1113/1113 1118/1118 1110/1110
f 1411/1411 1410/1410 1415/1415
f 1408/1408 1424/1424 1410/1410
f 2214/2214 2182/2182 2192/2192
f 1143/1143 1118/1118 1147/1147
f 251/251 213/213 244/244
f 251/251 256/256 213/213
f 244/244 210/210 242/242
f 244/244 213/213 210/210
f 1118/1118 1146/1146 1147/1147
f 213/213 208/208 210/210
f 242/242 210/210 209/209
f 213/213 215/215 208/208
f 1118/1118 1137/1137 1146/1146
f 1411/1411 1416/1416 1417/1417
f 1411/1411 1415/1415 1416/1416
f 209/209 206/206 211/211
f 209/209 210/210 208/208
f 209/209 208/208 206/206
f 2192/2192 2185/2185 2206/2206
f 213/213 256/256 215/215
f 2544/2544 2539/2539 2543/2543
f 2545/2545 2544/2544 2543/2543
f 2192/2192 2182/2182 2185/2185
f 2181/2181 2179/2179 2182/2182
f 2182/2182 2179/2179 2185/2185
f 2545/2545 2543/2543 2556/2556
f 2543/2543 2547/2547 2556/2556
f 2543/2543 2539/2539 2541/2541
f 2198/2198 2179/2179 2183/2183
f 2185/2185 2179/2179 2198/2198
f 2547/2547 2543/2543 2541/2541
f 1048/1048 1073/1073 1082/1082
f 1050/1050 1048/1048 1082/1082
f 1073/1073 1086/1086 1082/1082
f 1644/1644 1639/1639 1642/1642
f 2626/2626 2627/2627 2628/2628
f 1642/1642 1639/1639 1641/1641
f 1642/1642 1641/1641 1646/1646
f 2605/2605 2607/2607 2626/2626
f 2626/2626 2607/2607 2627/2627
f 1050/1050 1082/1082 1081/1081
f 2540/2540 2541/2541 2539/2539
f 2540/2540 2542/2542 2541/2541
f 1642/1642 1646/1646 1647/1647
f 1646/1646 1641/1641 1648/1648
f 2181/2181 2208/2208 2180/2180
f 1114/1114 1115/1115 1113/1113
f 1113/1113 1115/1115 1137/1137
f 1113/1113 1137/1137 1118/1118
f 2179/2179 2180/2180 2175/2175
f 2179/2179 2175/2175 2178/2178
f 2179/2179 2178/2178 2183/2183
f 2181/2181 2180/2180 2179/2179
f 208/208 215/215 207/207
f 2556/2556 2547/2547 2561/2561
f 208/208 207/207 206/206
f 206/206 207/207 205/205
f 2561/2561 2547/2547 2562/2562
f 1081/1081 1082/1082 1084/1084
f 1649/1649 1647/1647 1646/1646
f 1649/1649 1646/1646 1648/1648
f 2547/2547 2542/2542 2548/2548
f 2542/2542 2549/2549 2548/2548
f 2089/2089 2090/2090 2091/2091
f 2542/2542 2550/2550 2549/2549
f 2541/2541 2542/2542 2547/2547
f 1115/1115 1144/1144 1137/1137
f 2208/2208 2184/2184 2180/2180
f 211/211 206/206 204/204
f 206/206 205/205 204/204
f 2178/2178 2175/2175 2174/2174
f 2547/2547 2548/2548 2562/2562
f 201/201 204/204 195/195
f 2180/2180 2184/2184 2175/2175
f 2184/2184 2187/2187 2175/2175
f 204/204 205/205 203/203
f 2562/2562 2548/2548 2563/2563
f 2549/2549 2550/2550 2552/2552
f 2548/2548 2549/2549 2551/2551
f 204/204 203/203 195/195
f 2187/2187 2173/2173 2175/2175
f 2175/2175 2173/2173 2174/2174
f 195/195 203/203 199/199
f 195/195 199/199 190/190
f 2563/2563 2548/2548 2554/2554
f 2548/2548 2551/2551 2554/2554
f 2549/2549 2552/2552 2551/2551
f 2174/2174 2173/2173 2172/2172
f 2563/2563 2554/2554 2560/2560
f 2560/2560 2554/2554 2555/2555
f 2554/2554 2551/2551 2555/2555
f 190/190 199/199 188/188
f 199/199 239/239 188/188
f 2671/2671 2670/2670 2672/2672
f 2672/2672 2682/2682 2678/2678
f 1667/1667 1658/1658 1664/1664
f 2671/2671 2672/2672 2673/2673
f 2673/2673 2672/2672 2674/2674
f 2682/2682 2684/2684 2678/2678
f 2672/2672 2678/2678 2674/2674
f 1664/1664 1658/1658 1657/1657
f 2678/2678 2684/2684 2680/2680
f 2684/2684 2685/2685 2680/2680
f 2674/2674 2678/2678 2680/2680
f 1664/1664 1657/1657 1663/1663
f 1657/1657 1658/1658 1626/1626
f 2673/2673 2674/2674 2675/2675
f 2685/2685 2679/2679 2680/2680
f 2685/2685 2686/2686 2679/2679
f 2675/2675 2674/2674 2676/2676
f 1657/1657 1626/1626 1627/1627
f 2674/2674 2680/2680 2676/2676
f 2680/2680 2679/2679 2676/2676
f 2676/2676 2677/2677 2675/2675
f 2676/2676 2679/2679 2677/2677
f 2638/2638 2636/2636 2634/2634
f 2067/2067 2063/2063 2070/2070
f 2067/2067 2066/2066 2063/2063
f 2634/2634 2636/2636 2618/2618
f 2634/2634 2633/2633 2635/2635
f 2634/2634 2618/2618 2633/2633
f 2063/2063 2066/2066 2064/2064
f 1657/1657 1627/1627 1659/1659
f 1627/1627 1626/1626 1625/1625
f 1626/1626 1622/1622 1625/1625
f 1659/1659 1627/1627 1631/1631
f 1627/1627 1625/1625 1631/1631
f 1625/1625 1628/1628 1631/1631
f 2677/2677 2679/2679 2681/2681
f 2679/2679 2683/2683 2681/2681
f 1622/1622 1624/1624 1625/1625
f 1622/1622 1623/1623 1624/1624
f 1685/1685 1683/1683 1684/1684
f 2635/2635 2633/2633 2641/2641
f 2641/2641 2633/2633 2642/2642
f 1625/1625 1624/1624 1628/1628
f 565/565 564/564 563/563
f 2686/2686 2683/2683 2679/2679
f 1685/1685 1686/1686 1683/1683
f 565/565 568/568 569/569
f 565/565 563/563 568/568
f 2070/2070 2063/2063 2065/2065
f 2063/2063 2064/2064 2065/2065
f 2065/2065 2064/2064 2068/2068
f 2618/2618 2636/2636 2617/2617
f 1631/1631 1628/1628 1643/1643
f 1628/1628 1624/1624 1629/1629
f 1684/1684 1683/1683 1680/1680
f 1683/1683 1682/1682 1680/1680
f 1643/1643 1628/1628 1630/1630
f 2618/2618 2632/2632 2633/2633
f 2633/2633 2632/2632 2642/2642
f 1628/1628 1629/1629 1630/1630
f 564/564 557/557 563/563
f 568/568 563/563 559/559
f 563/563 557/557 559/559
f 2617/2617 2613/2613 2618/2618
f 2068/2068 2069/2069 2065/2065
f 2617/2617 2612/2612 2613/2613
f 2642/2642 2632/2632 2643/2643
f 2618/2618 2613/2613 2632/2632
f 1630/1630 1629/1629 1632/1632
f 1679/1679 1680/1680 1678/1678
f 1680/1680 1682/1682 1678/1678
f 1643/1643 1630/1630 1640/1640
f 1630/1630 1632/1632 1633/1633
f 1679/1679 1678/1678 1677/1677
f 1679/1679 1677/1677 1671/1671
f 1677/1677 1678/1678 1674/1674
f 1682/1682 1674/1674 1678/1678
f 557/557 558/558 559/559
f 1682/1682 1687/1687 1674/1674
f 1974/1974 1965/1965 1975/1975
f 1975/1975 1965/1965 1976/1976
f 1961/1961 1955/1955 1960/1960
f 2613/2613 2612/2612 2611/2611
f 2613/2613 2631/2631 2632/2632
f 2613/2613 2611/2611 2631/2631
f 2610/2610 2611/2611 2612/2612
f 2210/2210 2207/2207 2211/2211
f 1671/1671 1677/1677 1674/1674
f 2631/2631 2639/2639 2632/2632
f 1640/1640 1630/1630 1634/1634
f 2210/2210 2205/2205 2207/2207
f 1630/1630 1633/1633 1634/1634
f 1671/1671 1674/1674 1672/1672
f 557/557 560/560 558/558
f 2611/2611 2610/2610 2605/2605
f 2611/2611 2626/2626 2631/2631
f 2626/2626 2628/2628 2631/2631
f 2631/2631 2628/2628 2639/2639
f 1633/1633 1635/1635 1634/1634
f 1671/1671 1672/1672 1673/1673
f 1634/1634 1636/1636 1639/1639
f 560/560 561/561 558/558
f 560/560 562/562 561/561
f 1674/1674 1687/1687 1675/1675
f 1672/1672 1674/1674 1675/1675
f 1687/1687 1942/1942 1675/1675
f 1960/1960 1955/1955 1959/1959
f 1955/1955 1954/1954 1959/1959
f 1204/1204 1257/1257 1259/1259
f 1959/1959 1954/1954 1953/1953
f 2072/2072 2075/2075 2073/2073
f 1955/1955 1945/1945 1954/1954
f 1975/1975 1976/1976 1977/1977
f 1977/1977 1976/1976 1978/1978
f 2628/2628 2637/2637 2639/2639
f 2628/2628 2627/2627 2637/2637
f 2627/2627 2629/2629 2637/2637
f 2637/2637 2629/2629 2640/2640
f 1639/1639 1636/1636 1641/1641
f 2205/2205 2152/2152 2207/2207
f 2205/2205 2203/2203 2152/2152
f 1634/1634 1635/1635 1636/1636
f 1673/1673 1672/1672 1675/1675
f 1673/1673 1675/1675 1676/1676
f 1635/1635 1637/1637 1636/1636
f 2203/2203 2151/2151 2152/2152
f 1641/1641 1636/1636 1638/1638
f 2151/2151 2145/2145 2152/2152
f 2196/2196 2152/2152 2195/2195
f 2152/2152 2145/2145 2195/2195
f 1636/1636 1637/1637 1638/1638
f 1676/1676 1927/1927 1951/1951
f 562/562 570/570 566/566
f 562/562 566/566 561/561
f 1934/1934 1925/1925 1926/1926
f 1942/1942 1926/1926 1675/1675
f 1926/1926 1681/1681 1675/1675
f 1681/1681 1926/1926 1925/1925
f 1675/1675 1681/1681 1676/1676
f 1676/1676 1681/1681 1927/1927
f 561/561 566/566 567/567
f 2607/2607 2629/2629 2627/2627
f 2199/2199 2143/2143 2151/2151
f 2607/2607 2619/2619 2629/2629
f 2619/2619 2630/2630 2629/2629
f 2091/2091 2143/2143 2199/2199
f 1649/1649 1648/1648 1651/1651
f 1648/1648 1650/1650 1651/1651
f 2143/2143 2144/2144 2145/2145
f 2145/2145 2144/2144 2197/2197
f 1641/1641 1638/1638 1650/1650
f 1641/1641 1650/1650 1648/1648
f 1952/1952 1951/1951 1927/1927
f 2151/2151 2143/2143 2145/2145
f 570/570 571/571 566/566
f 1936/1936 1925/1925 1934/1934
f 2145/2145 2197/2197 2195/2195
f 1927/1927 1681/1681 1924/1924
f 1681/1681 1925/1925 1924/1924
f 1241/1241 1259/1259 1219/1219
f 1219/1219 1259/1259 1260/1260
f 2081/2081 2085/2085 2078/2078
f 2083/2083 2081/2081 2075/2075
f 2081/2081 2078/2078 2075/2075
f 1954/1954 1945/1945 1953/1953
f 2075/2075 2078/2078 2077/2077
f 1977/1977 1978/1978 1979/1979
f 1945/1945 1898/1898 1933/1933
f 1953/1953 1945/1945 1933/1933
f 1953/1953 1933/1933 1950/1950
f 2078/2078 2079/2079 2077/2077
f 1943/1943 1899/1899 1898/1898
f 1898/1898 1896/1896 1897/1897
f 1933/1933 1898/1898 1897/1897
f 1898/1898 1899/1899 1896/1896
f 1957/1957 1950/1950 1948/1948
f 2085/2085 2080/2080 2078/2078
f 2078/2078 2080/2080 2079/2079
f 1950/1950 1933/1933 1948/1948
f 1933/1933 1897/1897 1948/1948
f 2091/2091 2090/2090 2092/2092
f 2091/2091 2092/2092 2143/2143
f 1651/1651 1650/1650 1656/1656
f 1952/1952 1927/1927 1935/1935
f 1927/1927 1924/1924 1935/1935
f 1649/1649 1651/1651 1652/1652
f 1935/1935 1924/1924 1923/1923
f 1924/1924 1922/1922 1923/1923
f 1936/1936 1922/1922 1925/1925
f 571/571 570/570 572/572
f 1937/1937 1922/1922 1936/1936
f 1937/1937 1921/1921 1922/1922
f 1922/1922 1924/1924 1925/1925
f 2144/2144 2169/2169 2197/2197
f 1922/1922 1921/1921 1914/1914
f 2143/2143 2134/2134 2144/2144
f 2143/2143 2141/2141 2134/2134
f 1651/1651 1656/1656 1653/1653
f 233/233 232/232 231/231
f 1935/1935 1923/1923 1930/1930
f 2144/2144 2134/2134 2169/2169
f 1922/1922 1914/1914 1923/1923
f 1923/1923 1914/1914 1930/1930
f 1930/1930 1914/1914 1911/1911
f 2860/2860 2862/2862 2856/2856
f 2862/2862 2861/2861 2856/2856
f 2864/2864 2863/2863 2862/2862
f 2865/2865 2864/2864 2862/2862
f 2864/2864 3010/3010 2863/2863
f 2861/2861 2863/2863 2859/2859
f 2862/2862 2863/2863 2861/2861
f 2857/2857 2856/2856 2861/2861
f 2861/2861 2859/2859 2857/2857
f 2863/2863 3010/3010 2859/2859
f 2859/2859 3010/3010 3012/3012
f 2858/2858 2857/2857 2859/2859
f 3013/3013 3000/3000 2872/2872
f 2866/2866 3013/3013 2870/2870
f 3013/3013 2872/2872 2870/2870
f 3000/3000 2873/2873 2872/2872
f 2877/2877 2875/2875 3000/3000
f 2877/2877 2876/2876 2875/2875
f 2875/2875 2876/2876 2874/2874
f 3000/3000 2875/2875 2873/2873
f 2875/2875 2874/2874 2873/2873
f 2866/2866 2870/2870 2867/2867
f 2870/2870 2872/2872 2871/2871
f 2870/2870 2871/2871 2869/2869
f 2869/2869 2871/2871 3002/3002
f 2869/2869 3002/3002 3003/3003
f 2867/2867 2870/2870 2869/2869
f 3003/3003 3002/3002 3004/3004
f 2866/2866 2867/2867 2864/2864
f 2865/2865 2866/2866 2864/2864
f 2864/2864 2867/2867 2868/2868
f 2867/2867 2869/2869 2868/2868
f 2868/2868 2869/2869 3010/3010
f 3010/3010 3003/3003 3004/3004
f 2868/2868 3010/3010 2864/2864
f 2869/2869 3003/3003 3010/3010
f 2871/2871 2872/2872 2873/2873
f 2871/2871 2873/2873 2874/2874
f 3002/3002 2871/2871 3001/3001
f 3001/3001 2871/2871 2874/2874
f 3002/3002 3005/3005 3004/3004
f 3010/3010 3004/3004 3012/3012
f 2905/2905 2906/2906 2915/2915
f 2887/2887 2886/2886 2884/2884
f 2880/2880 2882/2882 2881/2881
f 2880/2880 2881/2881 2879/2879
f 2880/2880 2879/2879 2878/2878
f 2884/2884 2883/2883 2882/2882
f 2884/2884 2886/2886 2885/2885
f 2884/2884 2885/2885 2883/2883
f 2909/2909 2907/2907 2908/2908
f 2910/2910 2909/2909 2908/2908
f 2911/2911 2910/2910 2908/2908
f 2907/2907 2905/2905 2908/2908
f 2882/2882 2883/2883 2881/2881
f 2878/2878 2879/2879 2876/2876
f 2877/2877 2878/2878 2876/2876
f 2908/2908 2905/2905 2915/2915
f 2899/2899 3011/3011 3009/3009
f 2896/2896 2899/2899 3008/3008
f 2899/2899 3009/3009 3008/3008
f 2906/2906 2905/2905 2904/2904
f 3007/3007 2920/2920 2917/2917
f 2914/2914 2916/2916 2894/2894
f 2894/2894 2895/2895 2893/2893
f 2914/2914 2894/2894 2913/2913
f 2894/2894 2891/2891 2913/2913
f 2894/2894 2893/2893 2891/2891
f 3007/3007 2917/2917 2916/2916
f 2916/2916 2917/2917 2898/2898
f 2917/2917 2918/2918 2898/2898
f 2914/2914 3007/3007 2916/2916
f 2916/2916 2898/2898 2895/2895
f 2895/2895 2898/2898 2897/2897
f 2898/2898 2899/2899 2897/2897
f 2897/2897 2899/2899 2896/2896
f 2898/2898 3011/3011 2899/2899
f 2916/2916 2895/2895 2894/2894
f 2893/2893 2896/2896 2900/2900
f 2893/2893 2892/2892 2891/2891
f 2900/2900 2896/2896 2901/2901
f 2902/2902 2912/2912 2900/2900
f 2900/2900 2901/2901 2902/2902
f 2889/2889 2891/2891 2890/2890
f 2886/2886 2888/2888 2999/2999
f 2888/2888 2889/2889 2890/2890
f 2888/2888 2890/2890 2999/2999
f 2892/2892 2890/2890 2891/2891
f 2895/2895 2896/2896 2893/2893
f 2895/2895 2897/2897 2896/2896
f 2901/2901 2896/2896 3008/3008
f 2901/2901 3008/3008 2903/2903
f 2913/2913 2891/2891 2997/2997
f 2997/2997 2998/2998 3014/3014
f 2997/2997 2889/2889 2998/2998
f 2998/2998 2889/2889 2887/2887
f 2887/2887 2889/2889 2888/2888
f 2997/2997 2891/2891 2889/2889
f 2887/2887 2888/2888 2886/2886
f 2902/2902 2996/2996 2912/2912
f 2907/2907 2902/2902 2905/2905
f 2902/2902 2904/2904 2905/2905
f 2902/2902 2901/2901 2903/2903
f 2902/2902 2903/2903 2904/2904
f 2885/2885 2886/2886 2999/2999
f 2951/2951 2949/2949 2923/2923
f 2923/2923 2949/2949 2924/2924
f 2949/2949 2930/2930 2924/2924
f 2930/2930 2926/2926 2924/2924
f 2923/2923 2922/2922 2921/2921
f 2921/2921 2919/2919 2920/2920
f 2922/2922 2925/2925 2950/2950
f 2919/2919 2922/2922 2950/2950
f 2921/2921 2922/2922 2919/2919
f 2925/2925 2924/2924 2926/2926
f 2925/2925 2926/2926 2927/2927
f 2922/2922 2923/2923 2924/2924
f 2922/2922 2924/2924 2925/2925
f 2927/2927 2929/2929 2925/2925
f 2927/2927 2947/2947 2929/2929
f 2950/2950 2925/2925 2929/2929
f 2929/2929 2947/2947 2948/2948
f 2919/2919 2950/2950 2918/2918
f 2918/2918 2950/2950 3011/3011
f 2950/2950 2929/2929 3011/3011
f 3011/3011 2929/2929 2948/2948
f 3015/3015 3016/3016 3017/3017
f 2920/2920 2919/2919 2917/2917
f 2917/2917 2919/2919 2918/2918
f 2918/2918 3011/3011 2898/2898
f 2946/2946 2945/2945 2944/2944
f 2943/2943 2971/2971 2946/2946
f 2942/2942 2943/2943 2941/2941
f 2943/2943 2944/2944 2941/2941
f 2943/2943 2946/2946 2944/2944
f 2942/2942 2941/2941 2940/2940
f 2940/2940 2938/2938 2939/2939
f 2938/2938 2937/2937 2933/2933
f 2939/2939 2938/2938 2933/2933
f 2933/2933 2937/2937 2934/2934
f 2933/2933 2934/2934 2932/2932
f 2941/2941 2944/2944 2937/2937
f 2937/2937 2944/2944 2936/2936
f 2945/2945 2936/2936 2944/2944
f 2941/2941 2937/2937 2938/2938
f 2940/2940 2941/2941 2938/2938
f 2937/2937 2936/2936 2934/2934
f 2936/2936 2935/2935 2934/2934
f 2939/2939 2933/2933 2949/2949
f 2951/2951 2939/2939 2949/2949
f 2935/2935 2931/2931 2934/2934
f 2930/2930 2933/2933 2932/2932
f 2932/2932 2931/2931 2930/2930
f 2934/2934 2931/2931 2932/2932
f 2931/2931 2928/2928 2930/2930
f 2949/2949 2933/2933 2930/2930
f 2930/2930 2928/2928 2926/2926
f 2928/2928 2927/2927 2926/2926
f 3006/3006 2968/2968 2963/2963
f 2963/2963 2961/2961 2959/2959
f 2963/2963 2968/2968 2961/2961
f 2962/2962 2968/2968 2972/2972
f 2965/2965 2962/2962 2967/2967
f 2961/2961 2968/2968 2962/2962
f 2959/2959 2961/2961 2960/2960
f 2960/2960 2962/2962 2964/2964
f 2961/2961 2962/2962 2960/2960
f 2969/2969 2957/2957 2956/2956
f 2956/2956 2957/2957 2954/2954
f 2956/2956 2954/2954 2955/2955
f 2958/2958 2970/2970 2954/2954
f 2957/2957 2958/2958 2954/2954
f 2970/2970 2995/2995 2953/2953
f 2955/2955 2954/2954 2946/2946
f 2965/2965 2966/2966 2964/2964
f 2958/2958 2960/2960 2964/2964
f 2959/2959 2960/2960 2958/2958
f 2957/2957 2959/2959 2958/2958
f 2964/2964 2962/2962 2965/2965
f 2958/2958 2964/2964 2970/2970
f 2964/2964 2966/2966 2970/2970
f 2970/2970 2966/2966 2995/2995
f 2946/2946 2954/2954 2953/2953
f 2946/2946 2953/2953 2952/2952
f 2954/2954 2970/2970 2953/2953
f 2946/2946 2952/2952 2945/2945
f 2971/2971 2955/2955 2946/2946
f 2992/2992 2990/2990 2993/2993
f 2992/2992 2994/2994 2991/2991
f 2992/2992 2991/2991 2990/2990
f 2991/2991 2989/2989 2990/2990
f 2990/2990 2989/2989 2988/2988
f 2989/2989 2986/2986 2988/2988
f 2987/2987 2988/2988 2986/2986
f 2987/2987 2986/2986 2985/2985
f 2986/2986 2984/2984 2985/2985
f 2983/2983 2985/2985 2984/2984
f 2984/2984 2982/2982 2983/2983
f 2983/2983 2982/2982 2980/2980
f 2982/2982 2981/2981 2980/2980
f 2978/2978 2979/2979 2977/2977
f 2980/2980 2981/2981 2979/2979
f 2978/2978 2980/2980 2979/2979
f 2974/2974 2976/2976 2975/2975
f 2976/2976 2977/2977 2975/2975
f 2978/2978 2977/2977 2976/2976
f 2973/2973 2974/2974 2975/2975
f 2974/2974 2973/2973 2968/2968
f 2968/2968 2973/2973 2972/2972
f 3006/3006 2974/2974 2968/2968
f 3118/3118 3111/3111 3119/3119
f 3101/3101 3099/3099 3100/3100
f 3133/3133 3107/3107 3114/3114
f 3107/3107 3105/3105 3114/3114
f 3107/3107 3106/3106 3105/3105
f 3105/3105 3106/3106 3102/3102
f 3114/3114 3101/3101 3231/3231
f 3105/3105 3099/3099 3101/3101
f 3114/3114 3105/3105 3101/3101
f 3102/3102 3106/3106 3110/3110
f 3110/3110 3113/3113 3102/3102
f 3105/3105 3102/3102 3099/3099
f 3102/3102 3097/3097 3099/3099
f 3113/3113 3097/3097 3102/3102
f 3113/3113 3098/3098 3097/3097
f 3108/3108 3107/3107 3136/3136
f 3119/3119 3108/3108 3136/3136
f 3108/3108 3106/3106 3107/3107
f 3109/3109 3106/3106 3108/3108
f 3111/3111 3109/3109 3108/3108
f 3119/3119 3111/3111 3108/3108
f 3112/3112 3109/3109 3111/3111
f 3133/3133 3136/3136 3107/3107
f 3106/3106 3109/3109 3110/3110
f 3123/3123 3124/3124 3117/3117
f 3110/3110 3130/3130 3113/3113
f 3130/3130 3123/3123 3113/3113
f 3130/3130 3131/3131 3123/3123
f 3109/3109 3130/3130 3110/3110
f 3123/3123 3131/3131 3124/3124
f 3112/3112 3144/3144 3132/3132
f 3109/3109 3112/3112 3132/3132
f 3129/3129 3124/3124 3131/3131
f 3132/3132 3129/3129 3131/3131
f 3150/3150 3129/3129 3132/3132
f 3109/3109 3132/3132 3130/3130
f 3130/3130 3132/3132 3131/3131
f 3113/3113 3123/3123 3098/3098
f 3123/3123 3117/3117 3098/3098
f 3132/3132 3149/3149 3150/3150
f 3120/3120 3121/3121 3116/3116
f 3115/3115 3090/3090 3098/3098
f 3115/3115 3091/3091 3090/3090
f 3090/3090 3091/3091 3083/3083
f 3115/3115 3116/3116 3091/3091
f 3117/3117 3115/3115 3098/3098
f 3117/3117 3116/3116 3115/3115
f 3117/3117 3120/3120 3116/3116
f 3125/3125 3122/3122 3124/3124
f 3124/3124 3120/3120 3117/3117
f 3120/3120 3122/3122 3121/3121
f 3124/3124 3122/3122 3120/3120
f 3129/3129 3125/3125 3124/3124
f 3125/3125 3126/3126 3122/3122
f 3086/3086 3084/3084 3085/3085
f 3086/3086 3087/3087 3084/3084
f 3103/3103 3104/3104 3232/3232
f 3139/3139 3251/3251 3104/3104
f 3139/3139 3104/3104 3094/3094
f 3104/3104 3251/3251 3232/3232
f 3103/3103 3095/3095 3104/3104
f 3095/3095 3093/3093 3104/3104
f 3096/3096 3090/3090 3082/3082
f 3092/3092 3134/3134 3089/3089
f 3082/3082 3134/3134 3092/3092
f 3095/3095 3092/3092 3093/3093
f 3092/3092 3096/3096 3082/3082
f 3095/3095 3096/3096 3092/3092
f 3139/3139 3086/3086 3148/3148
f 3094/3094 3087/3087 3086/3086
f 3086/3086 3085/3085 3148/3148
f 3139/3139 3094/3094 3086/3086
f 3089/3089 3088/3088 3087/3087
f 3134/3134 3088/3088 3089/3089
f 3087/3087 3088/3088 3084/3084
f 3104/3104 3093/3093 3094/3094
f 3093/3093 3087/3087 3094/3094
f 3093/3093 3092/3092 3087/3087
f 3092/3092 3089/3089 3087/3087
f 3231/3231 3100/3100 3230/3230
f 3100/3100 3103/3103 3230/3230
f 3101/3101 3100/3100 3231/3231
f 3230/3230 3103/3103 3232/3232
f 3100/3100 3095/3095 3103/3103
f 3099/3099 3095/3095 3100/3100
f 3097/3097 3098/3098 3096/3096
f 3095/3095 3097/3097 3096/3096
f 3098/3098 3090/3090 3096/3096
f 3099/3099 3097/3097 3095/3095
f 3134/3134 3078/3078 3088/3088
f 3078/3078 3079/3079 3061/3061
f 3082/3082 3080/3080 3134/3134
f 3082/3082 3081/3081 3080/3080
f 3090/3090 3083/3083 3082/3082
f 3083/3083 3081/3081 3082/3082
f 3081/3081 3079/3079 3080/3080
f 3080/3080 3078/3078 3134/3134
f 3080/3080 3079/3079 3078/3078
f 3074/3074 3128/3128 3044/3044
f 3044/3044 3128/3128 3063/3063
f 3044/3044 3063/3063 3025/3025
f 3146/3146 3072/3072 3046/3046
f 3045/3045 3023/3023 3026/3026
f 3044/3044 3045/3045 3072/3072
f 3044/3044 3023/3023 3045/3045
f 3023/3023 3018/3018 3022/3022
f 3072/3072 3026/3026 3046/3046
f 3026/3026 3023/3023 3022/3022
f 3072/3072 3045/3045 3026/3026
f 3044/3044 3072/3072 3074/3074
f 3044/3044 3025/3025 3023/3023
f 3023/3023 3025/3025 3018/3018
f 3076/3076 3060/3060 3063/3063
f 3128/3128 3135/3135 3063/3063
f 3135/3135 3076/3076 3063/3063
f 3135/3135 3147/3147 3076/3076
f 3147/3147 3085/3085 3076/3076
f 3148/3148 3085/3085 3147/3147
f 3060/3060 3076/3076 3077/3077
f 3076/3076 3084/3084 3077/3077
f 3085/3085 3084/3084 3076/3076
f 3084/3084 3088/3088 3077/3077
f 3025/3025 3019/3019 3018/3018
f 3018/3018 3019/3019 3020/3020
f 3025/3025 3063/3063 3019/3019
f 3019/3019 3024/3024 3020/3020
f 3018/3018 3021/3021 3022/3022
f 3018/3018 3020/3020 3021/3021
f 3019/3019 3060/3060 3059/3059
f 3063/3063 3060/3060 3019/3019
f 3019/3019 3059/3059 3024/3024
f 3060/3060 3077/3077 3061/3061
f 3077/3077 3078/3078 3061/3061
f 3060/3060 3061/3061 3059/3059
f 3088/3088 3078/3078 3077/3077
f 3061/3061 3062/3062 3059/3059
f 3140/3140 3032/3032 3034/3034
f 3032/3032 3033/3033 3034/3034
f 3030/3030 3032/3032 3140/3140
f 3032/3032 3031/3031 3033/3033
f 3030/3030 3031/3031 3032/3032
f 3075/3075 3030/3030 3145/3145
f 3075/3075 3028/3028 3030/3030
f 3028/3028 3029/3029 3030/3030
f 3075/3075 3046/3046 3028/3028
f 3075/3075 3146/3146 3046/3046
f 3028/3028 3027/3027 3029/3029
f 3026/3026 3027/3027 3028/3028
f 3046/3046 3026/3026 3028/3028
f 3022/3022 3027/3027 3026/3026
f 3145/3145 3030/3030 3140/3140
f 3030/3030 3029/3029 3031/3031
f 3237/3237 3071/3071 3070/3070
f 3071/3071 3040/3040 3070/3070
f 3038/3038 3039/3039 3040/3040
f 3151/3151 3036/3036 3127/3127
f 3036/3036 3151/3151 3034/3034
f 3034/3034 3035/3035 3036/3036
f 3127/3127 3036/3036 3038/3038
f 3071/3071 3237/3237 3127/3127
f 3040/3040 3071/3071 3038/3038
f 3071/3071 3127/3127 3038/3038
f 3038/3038 3037/3037 3039/3039
f 3038/3038 3036/3036 3037/3037
f 3237/3237 3243/3243 3127/3127
f 3037/3037 3036/3036 3035/3035
f 3151/3151 3140/3140 3034/3034
f 3035/3035 3034/3034 3033/3033
f 3067/3067 3066/3066 3065/3065
f 3056/3056 3052/3052 3055/3055
f 3055/3055 3051/3051 3054/3054
f 3056/3056 3141/3141 3052/3052
f 3052/3052 3051/3051 3055/3055
f 3141/3141 3053/3053 3052/3052
f 3053/3053 3049/3049 3052/3052
f 3052/3052 3049/3049 3051/3051
f 3141/3141 3138/3138 3053/3053
f 3053/3053 3048/3048 3049/3049
f 3064/3064 3047/3047 3043/3043
f 3073/3073 3058/3058 3066/3066
f 3051/3051 3050/3050 3054/3054
f 3050/3050 3058/3058 3054/3054
f 3054/3054 3058/3058 3073/3073
f 3066/3066 3058/3058 3064/3064
f 3066/3066 3064/3064 3065/3065
f 3049/3049 3050/3050 3051/3051
f 3058/3058 3050/3050 3064/3064
f 3050/3050 3047/3047 3064/3064
f 3064/3064 3043/3043 3065/3065
f 3053/3053 3138/3138 3048/3048
f 3138/3138 3216/3216 3048/3048
f 3048/3048 3047/3047 3049/3049
f 3216/3216 3070/3070 3048/3048
f 3047/3047 3048/3048 3042/3042
f 3048/3048 3070/3070 3042/3042
f 3070/3070 3040/3040 3042/3042
f 3049/3049 3047/3047 3050/3050
f 3070/3070 3216/3216 3237/3237
f 3042/3042 3043/3043 3047/3047
f 3042/3042 3041/3041 3043/3043
f 3042/3042 3040/3040 3041/3041
f 3040/3040 3039/3039 3041/3041
f 3246/3246 3245/3245 3244/3244
f 3246/3246 3247/3247 3245/3245
f 3248/3248 3247/3247 3246/3246
f 3248/3248 3250/3250 3247/3247
f 3186/3186 3169/3169 3187/3187
f 3187/3187 3169/3169 3173/3173
f 3186/3186 3162/3162 3169/3169
f 3162/3162 3156/3156 3157/3157
f 3186/3186 3177/3177 3162/3162
f 3157/3157 3155/3155 3158/3158
f 3156/3156 3155/3155 3157/3157
f 3154/3154 3153/3153 3155/3155
f 3154/3154 3152/3152 3153/3153
f 3177/3177 3156/3156 3162/3162
f 3154/3154 3155/3155 3156/3156
f 3155/3155 3166/3166 3158/3158
f 3158/3158 3166/3166 3161/3161
f 3158/3158 3161/3161 3160/3160
f 3155/3155 3153/3153 3166/3166
f 3166/3166 3153/3153 3170/3170
f 3166/3166 3170/3170 3161/3161
f 3153/3153 3204/3204 3170/3170
f 3152/3152 3137/3137 3143/3143
f 3152/3152 3143/3143 3153/3153
f 3143/3143 3137/3137 3069/3069
f 3143/3143 3204/3204 3153/3153
f 3204/3204 3143/3143 3142/3142
f 3143/3143 3069/3069 3142/3142
f 3137/3137 3057/3057 3069/3069
f 3057/3057 3073/3073 3069/3069
f 3057/3057 3055/3055 3054/3054
f 3057/3057 3054/3054 3073/3073
f 3069/3069 3068/3068 3142/3142
f 3069/3069 3066/3066 3068/3068
f 3069/3069 3073/3073 3066/3066
f 3066/3066 3067/3067 3068/3068
f 3287/3287 3288/3288 3289/3289
f 3264/3264 3257/3257 3258/3258
f 3258/3258 3257/3257 3256/3256
f 3257/3257 3254/3254 3256/3256
f 3254/3254 3255/3255 3256/3256
f 3254/3254 3259/3259 3255/3255
f 3273/3273 3267/3267 3272/3272
f 3276/3276 3277/3277 3275/3275
f 3223/3223 3220/3220 3229/3229
f 3223/3223 3219/3219 3220/3220
f 3276/3276 3278/3278 3277/3277
f 3220/3220 3224/3224 3226/3226
f 3219/3219 3218/3218 3217/3217
f 3219/3219 3217/3217 3220/3220
f 3218/3218 3214/3214 3217/3217
f 3220/3220 3217/3217 3221/3221
f 3220/3220 3221/3221 3222/3222
f 3220/3220 3222/3222 3224/3224
f 3222/3222 3225/3225 3224/3224
f 3221/3221 3217/3217 3215/3215
f 3222/3222 3221/3221 3212/3212
f 3217/3217 3214/3214 3213/3213
f 3214/3214 3211/3211 3213/3213
f 3213/3213 3210/3210 3215/3215
f 3217/3217 3213/3213 3215/3215
f 3215/3215 3212/3212 3221/3221
f 3215/3215 3210/3210 3212/3212
f 3212/3212 3210/3210 3209/3209
f 3188/3188 3207/3207 3241/3241
f 3241/3241 3207/3207 3253/3253
f 3207/3207 3188/3188 3189/3189
f 3188/3188 3181/3181 3182/3182
f 3188/3188 3182/3182 3189/3189
f 3182/3182 3180/3180 3183/3183
f 3181/3181 3180/3180 3182/3182
f 3185/3185 3182/3182 3183/3183
f 3180/3180 3176/3176 3183/3183
f 3188/3188 3241/3241 3244/3244
f 3244/3244 3245/3245 3188/3188
f 3181/3181 3179/3179 3180/3180
f 3180/3180 3179/3179 3176/3176
f 3183/3183 3233/3233 3234/3234
f 3183/3183 3184/3184 3233/3233
f 3183/3183 3176/3176 3184/3184
f 3176/3176 3168/3168 3184/3184
f 3168/3168 3190/3190 3184/3184
f 3179/3179 3175/3175 3176/3176
f 3179/3179 3187/3187 3175/3175
f 3175/3175 3187/3187 3173/3173
f 3175/3175 3173/3173 3174/3174
f 3176/3176 3174/3174 3168/3168
f 3175/3175 3174/3174 3176/3176
f 3173/3173 3164/3164 3174/3174
f 3168/3168 3174/3174 3164/3164
f 3214/3214 3191/3191 3211/3211
f 3233/3233 3184/3184 3235/3235
f 3249/3249 3233/3233 3235/3235
f 3191/3191 3190/3190 3211/3211
f 3184/3184 3190/3190 3191/3191
f 3190/3190 3210/3210 3211/3211
f 3211/3211 3210/3210 3213/3213
f 3210/3210 3190/3190 3209/3209
f 3173/3173 3169/3169 3164/3164
f 3201/3201 3203/3203 3208/3208
f 3208/3208 3203/3203 3240/3240
f 3252/3252 3203/3203 3236/3236
f 3194/3194 3205/3205 3196/3196
f 3168/3168 3172/3172 3190/3190
f 3190/3190 3172/3172 3197/3197
f 3168/3168 3167/3167 3172/3172
f 3172/3172 3195/3195 3198/3198
f 3195/3195 3202/3202 3198/3198
f 3195/3195 3192/3192 3206/3206
f 3195/3195 3206/3206 3202/3202
f 3167/3167 3165/3165 3192/3192
f 3172/3172 3167/3167 3195/3195
f 3192/3192 3195/3195 3167/3167
f 3192/3192 3165/3165 3159/3159
f 3162/3162 3163/3163 3164/3164
f 3163/3163 3157/3157 3165/3165
f 3164/3164 3167/3167 3168/3168
f 3164/3164 3163/3163 3167/3167
f 3163/3163 3165/3165 3167/3167
f 3157/3157 3159/3159 3165/3165
f 3190/3190 3197/3197 3209/3209
f 3199/3199 3198/3198 3200/3200
f 3172/3172 3198/3198 3199/3199
f 3198/3198 3202/3202 3201/3201
f 3198/3198 3201/3201 3200/3200
f 3206/3206 3236/3236 3202/3202
f 3202/3202 3236/3236 3203/3203
f 3202/3202 3203/3203 3201/3201
f 3192/3192 3159/3159 3178/3178
f 3206/3206 3193/3193 3196/3196
f 3192/3192 3193/3193 3206/3206
f 3192/3192 3178/3178 3193/3193
f 3193/3193 3194/3194 3196/3196
f 3193/3193 3178/3178 3194/3194
f 3178/3178 3159/3159 3171/3171
f 3159/3159 3160/3160 3171/3171
f 3158/3158 3160/3160 3159/3159
f 3157/3157 3158/3158 3159/3159
f 3206/3206 3196/3196 3236/3236
f 3169/3169 3162/3162 3164/3164
f 3162/3162 3157/3157 3163/3163
f 3255/3255 3259/3259 3260/3260
f 3281/3281 3273/3273 3263/3263
f 3273/3273 3272/3272 3263/3263
f 3259/3259 3261/3261 3260/3260
f 3261/3261 3262/3262 3260/3260
f 3282/3282 3281/3281 3261/3261
f 3281/3281 3263/3263 3261/3261
f 3261/3261 3263/3263 3262/3262
f 3272/3272 3285/3285 3263/3263
f 3272/3272 3284/3284 3285/3285
f 3267/3267 3271/3271 3272/3272
f 3272/3272 3271/3271 3280/3280
f 3272/3272 3280/3280 3284/3284
f 3265/3265 3266/3266 3267/3267
f 3267/3267 3266/3266 3268/3268
f 3267/3267 3268/3268 3271/3271
f 3266/3266 3269/3269 3268/3268
f 3284/3284 3280/3280 3286/3286
f 3271/3271 3268/3268 3280/3280
f 3268/3268 3279/3279 3280/3280
f 3280/3280 3279/3279 3286/3286
f 3268/3268 3270/3270 3279/3279
f 3268/3268 3269/3269 3270/3270
f 3279/3279 3270/3270 3283/3283
f 3279/3279 3283/3283 3286/3286
f 3269/3269 3274/3274 3270/3270
f 3270/3270 3274/3274 3275/3275
f 3274/3274 3276/3276 3275/3275
f 3238/3238 3239/3239 3242/3242
f 3238/3238 3223/3223 3229/3229
f 3238/3238 3229/3229 3239/3239
f 3229/3229 3220/3220 3227/3227
f 3229/3229 3227/3227 3239/3239
f 3220/3220 3226/3226 3227/3227
f 3227/3227 3226/3226 3228/3228
f 3398/3398 3392/3392 3393/3393
f 3369/3369 3410/3410 3372/3372
f 3369/3369 3372/3372 3368/3368
f 3404/3404 3384/3384 3407/3407
f 3384/3384 3404/3404 3380/3380
f 3384/3384 3380/3380 3383/3383
f 3385/3385 3384/3384 3383/3383
f 3385/3385 3383/3383 3389/3389
f 3389/3389 3382/3382 3388/3388
f 3390/3390 3388/3388 3400/3400
f 3388/3388 3370/3370 3400/3400
f 3389/3389 3388/3388 3390/3390
f 3392/3392 3386/3386 3391/3391
f 3393/3393 3392/3392 3391/3391
f 3392/3392 3406/3406 3386/3386
f 3386/3386 3385/3385 3391/3391
f 3407/3407 3384/3384 3386/3386
f 3386/3386 3384/3384 3385/3385
f 3406/3406 3407/3407 3386/3386
f 3391/3391 3385/3385 3395/3395
f 3405/3405 3390/3390 3401/3401
f 3394/3394 3390/3390 3405/3405
f 3391/3391 3395/3395 3399/3399
f 3372/3372 3410/3410 3405/3405
f 3395/3395 3394/3394 3409/3409
f 3394/3394 3405/3405 3409/3409
f 3385/3385 3389/3389 3394/3394
f 3385/3385 3394/3394 3395/3395
f 3394/3394 3389/3389 3390/3390
f 3393/3393 3391/3391 3399/3399
f 3399/3399 3409/3409 3411/3411
f 3395/3395 3409/3409 3399/3399
f 3409/3409 3405/3405 3410/3410
f 3411/3411 3409/3409 3410/3410
f 3400/3400 3370/3370 3362/3362
f 3359/3359 3360/3360 3361/3361
f 3390/3390 3400/3400 3401/3401
f 3401/3401 3400/3400 3363/3363
f 3400/3400 3362/3362 3363/3363
f 3362/3362 3361/3361 3363/3363
f 3363/3363 3361/3361 3364/3364
f 3362/3362 3359/3359 3361/3361
f 3401/3401 3363/3363 3372/3372
f 3372/3372 3405/3405 3401/3401
f 3372/3372 3363/3363 3365/3365
f 3365/3365 3363/3363 3364/3364
f 3365/3365 3364/3364 3366/3366
f 3368/3368 3372/3372 3365/3365
f 3368/3368 3365/3365 3367/3367
f 3365/3365 3366/3366 3367/3367
f 3367/3367 3366/3366 3415/3415
f 3520/3520 3403/3403 3396/3396
f 3378/3378 3376/3376 3371/3371
f 3387/3387 3378/3378 3371/3371
f 3381/3381 3397/3397 3375/3375
f 3381/3381 3402/3402 3397/3397
f 3375/3375 3373/3373 3376/3376
f 3376/3376 3373/3373 3353/3353
f 3377/3377 3381/3381 3375/3375
f 3377/3377 3375/3375 3376/3376
f 3396/3396 3403/3403 3381/3381
f 3381/3381 3403/3403 3402/3402
f 3396/3396 3381/3381 3379/3379
f 3379/3379 3381/3381 3377/3377
f 3379/3379 3377/3377 3378/3378
f 3377/3377 3376/3376 3378/3378
f 3371/3371 3376/3376 3353/3353
f 3404/3404 3396/3396 3380/3380
f 3404/3404 3520/3520 3396/3396
f 3380/3380 3379/3379 3378/3378
f 3380/3380 3396/3396 3379/3379
f 3380/3380 3382/3382 3383/3383
f 3383/3383 3382/3382 3389/3389
f 3380/3380 3378/3378 3382/3382
f 3382/3382 3378/3378 3387/3387
f 3370/3370 3387/3387 3371/3371
f 3388/3388 3382/3382 3387/3387
f 3388/3388 3387/3387 3370/3370
f 3353/3353 3350/3350 3352/3352
f 3352/3352 3350/3350 3351/3351
f 3358/3358 3354/3354 3357/3357
f 3357/3357 3354/3354 3356/3356
f 3371/3371 3358/3358 3359/3359
f 3359/3359 3358/3358 3357/3357
f 3357/3357 3356/3356 3360/3360
f 3371/3371 3353/3353 3354/3354
f 3353/3353 3352/3352 3354/3354
f 3354/3354 3352/3352 3355/3355
f 3352/3352 3351/3351 3355/3355
f 3354/3354 3355/3355 3356/3356
f 3358/3358 3371/3371 3354/3354
f 3370/3370 3371/3371 3359/3359
f 3357/3357 3360/3360 3359/3359
f 3370/3370 3359/3359 3362/3362
f 3337/3337 3334/3334 3335/3335
f 3335/3335 3334/3334 3333/3333
f 3335/3335 3333/3333 3336/3336
f 3336/3336 3333/3333 3414/3414
f 3337/3337 3338/3338 3334/3334
f 3346/3346 3335/3335 3341/3341
f 3346/3346 3337/3337 3335/3335
f 3346/3346 3341/3341 3348/3348
f 3348/3348 3341/3341 3349/3349
f 3417/3417 3374/3374 3397/3397
f 3375/3375 3374/3374 3373/3373
f 3374/3374 3349/3349 3373/3373
f 3374/3374 3348/3348 3349/3349
f 3397/3397 3374/3374 3375/3375
f 3336/3336 3414/3414 3416/3416
f 3341/3341 3335/3335 3336/3336
f 3336/3336 3416/3416 3342/3342
f 3341/3341 3336/3336 3342/3342
f 3343/3343 3341/3341 3342/3342
f 3341/3341 3343/3343 3349/3349
f 3349/3349 3343/3343 3350/3350
f 3349/3349 3350/3350 3373/3373
f 3373/3373 3350/3350 3353/3353
f 3351/3351 3350/3350 3343/3343
f 3329/3329 3339/3339 3491/3491
f 3326/3326 3325/3325 3327/3327
f 3324/3324 3325/3325 3326/3326
f 3327/3327 3325/3325 3329/3329
f 3327/3327 3329/3329 3330/3330
f 3330/3330 3329/3329 3491/3491
f 3332/3332 3328/3328 3327/3327
f 3332/3332 3327/3327 3331/3331
f 3327/3327 3330/3330 3331/3331
f 3331/3331 3330/3330 3485/3485
f 3332/3332 3331/3331 3333/3333
f 3332/3332 3333/3333 3334/3334
f 3338/3338 3332/3332 3334/3334
f 3333/3333 3331/3331 3414/3414
f 3331/3331 3485/3485 3414/3414
f 3327/3327 3328/3328 3326/3326
f 3330/3330 3491/3491 3485/3485
f 3323/3323 3418/3418 3319/3319
f 3323/3323 3319/3319 3322/3322
f 3319/3319 3321/3321 3322/3322
f 3318/3318 3308/3308 3319/3319
f 3308/3308 3309/3309 3307/3307
f 3308/3308 3307/3307 3306/3306
f 3308/3308 3306/3306 3340/3340
f 3308/3308 3318/3318 3309/3309
f 3319/3319 3308/3308 3320/3320
f 3308/3308 3340/3340 3320/3320
f 3318/3318 3319/3319 3418/3418
f 3319/3319 3320/3320 3321/3321
f 3324/3324 3323/3323 3322/3322
f 3322/3322 3344/3344 3339/3339
f 3322/3322 3321/3321 3344/3344
f 3324/3324 3322/3322 3325/3325
f 3325/3325 3322/3322 3329/3329
f 3322/3322 3339/3339 3329/3329
f 3297/3297 3298/3298 3291/3291
f 3297/3297 3291/3291 3290/3290
f 3291/3291 3296/3296 3295/3295
f 3290/3290 3291/3291 3292/3292
f 3295/3295 3311/3311 3299/3299
f 3311/3311 3310/3310 3299/3299
f 3310/3310 3313/3313 3312/3312
f 3293/3293 3295/3295 3299/3299
f 3292/3292 3291/3291 3293/3293
f 3293/3293 3291/3291 3295/3295
f 3304/3304 3312/3312 3345/3345
f 3304/3304 3300/3300 3299/3299
f 3304/3304 3345/3345 3305/3305
f 3299/3299 3310/3310 3304/3304
f 3304/3304 3310/3310 3312/3312
f 3292/3292 3293/3293 3294/3294
f 3292/3292 3294/3294 3301/3301
f 3294/3294 3300/3300 3303/3303
f 3302/3302 3294/3294 3303/3303
f 3302/3302 3303/3303 3309/3309
f 3309/3309 3303/3303 3307/3307
f 3301/3301 3294/3294 3302/3302
f 3294/3294 3293/3293 3299/3299
f 3299/3299 3300/3300 3294/3294
f 3300/3300 3304/3304 3305/3305
f 3300/3300 3305/3305 3306/3306
f 3303/3303 3300/3300 3307/3307
f 3300/3300 3306/3306 3307/3307
f 3560/3560 3557/3557 3559/3559
f 3557/3557 3558/3558 3556/3556
f 3557/3557 3556/3556 3555/3555
f 3557/3557 3555/3555 3559/3559
f 3556/3556 3554/3554 3555/3555
f 3559/3559 3555/3555 3564/3564
f 3564/3564 3555/3555 3544/3544
f 3555/3555 3554/3554 3544/3544
f 3564/3564 3544/3544 3563/3563
f 3554/3554 3543/3543 3544/3544
f 3544/3544 3543/3543 3541/3541
f 3563/3563 3544/3544 3549/3549
f 3544/3544 3541/3541 3549/3549
f 3543/3543 3540/3540 3541/3541
f 3563/3563 3549/3549 3562/3562
f 3549/3549 3541/3541 3542/3542
f 3562/3562 3549/3549 3561/3561
f 3549/3549 3542/3542 3561/3561
f 3541/3541 3540/3540 3537/3537
f 3540/3540 3538/3538 3537/3537
f 3541/3541 3537/3537 3542/3542
f 3538/3538 3536/3536 3537/3537
f 3537/3537 3536/3536 3531/3531
f 3538/3538 3539/3539 3536/3536
f 3542/3542 3537/3537 3531/3531
f 3531/3531 3546/3546 3542/3542
f 3561/3561 3546/3546 3577/3577
f 3561/3561 3542/3542 3546/3546
f 3531/3531 3536/3536 3529/3529
f 3536/3536 3539/3539 3528/3528
f 3536/3536 3528/3528 3529/3529
f 3546/3546 3531/3531 3535/3535
f 3531/3531 3529/3529 3530/3530
f 3531/3531 3530/3530 3535/3535
f 3577/3577 3546/3546 3576/3576
f 3546/3546 3552/3552 3576/3576
f 3546/3546 3535/3535 3552/3552
f 3529/3529 3527/3527 3530/3530
f 3535/3535 3530/3530 3534/3534
f 3529/3529 3528/3528 3527/3527
f 3527/3527 3528/3528 3515/3515
f 3459/3459 3437/3437 3435/3435
f 3535/3535 3534/3534 3552/3552
f 3534/3534 3530/3530 3533/3533
f 3534/3534 3548/3548 3552/3552
f 3534/3534 3533/3533 3548/3548
f 3576/3576 3552/3552 3575/3575
f 3552/3552 3548/3548 3575/3575
f 3527/3527 3515/3515 3526/3526
f 3433/3433 3432/3432 3431/3431
f 3431/3431 3432/3432 3430/3430
f 3431/3431 3424/3424 3453/3453
f 3453/3453 3424/3424 3473/3473
f 3473/3473 3424/3424 3420/3420
f 3424/3424 3423/3423 3420/3420
f 3432/3432 3427/3427 3430/3430
f 3427/3427 3423/3423 3430/3430
f 3431/3431 3430/3430 3424/3424
f 3430/3430 3423/3423 3424/3424
f 3426/3426 3428/3428 3461/3461
f 3427/3427 3426/3426 3423/3423
f 3423/3423 3426/3426 3425/3425
f 3426/3426 3461/3461 3425/3425
f 3530/3530 3527/3527 3532/3532
f 3532/3532 3527/3527 3526/3526
f 3530/3530 3532/3532 3533/3533
f 3533/3533 3532/3532 3545/3545
f 3526/3526 3518/3518 3532/3532
f 3515/3515 3493/3493 3526/3526
f 3526/3526 3493/3493 3518/3518
f 3548/3548 3533/3533 3545/3545
f 3545/3545 3532/3532 3547/3547
f 3532/3532 3518/3518 3547/3547
f 3575/3575 3548/3548 3514/3514
f 3548/3548 3545/3545 3514/3514
f 3518/3518 3493/3493 3486/3486
f 3547/3547 3518/3518 3499/3499
f 3486/3486 3413/3413 3314/3314
f 3413/3413 3412/3412 3314/3314
f 3515/3515 3453/3453 3493/3493
f 3493/3493 3453/3453 3473/3473
f 3493/3493 3473/3473 3486/3486
f 3473/3473 3413/3413 3486/3486
f 3473/3473 3420/3420 3413/3413
f 3420/3420 3412/3412 3413/3413
f 3420/3420 3419/3419 3412/3412
f 3420/3420 3421/3421 3419/3419
f 3421/3421 3422/3422 3419/3419
f 3412/3412 3419/3419 3317/3317
f 3419/3419 3422/3422 3317/3317
f 3423/3423 3421/3421 3420/3420
f 3423/3423 3425/3425 3421/3421
f 3425/3425 3475/3475 3421/3421
f 3421/3421 3475/3475 3422/3422
f 3575/3575 3514/3514 3578/3578
f 3514/3514 3545/3545 3513/3513
f 3545/3545 3547/3547 3513/3513
f 3547/3547 3499/3499 3513/3513
f 3518/3518 3314/3314 3499/3499
f 3518/3518 3486/3486 3314/3314
f 3314/3314 3412/3412 3315/3315
f 3578/3578 3514/3514 3569/3569
f 3513/3513 3499/3499 3497/3497
f 3514/3514 3513/3513 3498/3498
f 3513/3513 3497/3497 3498/3498
f 3514/3514 3498/3498 3569/3569
f 3497/3497 3499/3499 3298/3298
f 3499/3499 3314/3314 3298/3298
f 3314/3314 3315/3315 3311/3311
f 3498/3498 3497/3497 3297/3297
f 3497/3497 3298/3298 3297/3297
f 3298/3298 3314/3314 3296/3296
f 3314/3314 3311/3311 3296/3296
f 3412/3412 3317/3317 3315/3315
f 3317/3317 3316/3316 3315/3315
f 3317/3317 3408/3408 3316/3316
f 3422/3422 3408/3408 3317/3317
f 3315/3315 3316/3316 3311/3311
f 3311/3311 3316/3316 3310/3310
f 3316/3316 3347/3347 3310/3310
f 3316/3316 3408/3408 3347/3347
f 3347/3347 3313/3313 3310/3310
f 3298/3298 3296/3296 3291/3291
f 3296/3296 3311/3311 3295/3295
f 3649/3649 3647/3647 3648/3648
f 3648/3648 3647/3647 3646/3646
f 3639/3639 3640/3640 3641/3641
f 3641/3641 3640/3640 3643/3643
f 3618/3618 3617/3617 3616/3616
f 3641/3641 3643/3643 3651/3651
f 3616/3616 3617/3617 3614/3614
f 3616/3616 3614/3614 3615/3615
f 3640/3640 3644/3644 3643/3643
f 3639/3639 3642/3642 3640/3640
f 3640/3640 3642/3642 3644/3644
f 3642/3642 3645/3645 3644/3644
f 3651/3651 3643/3643 3650/3650
f 3643/3643 3649/3649 3650/3650
f 3617/3617 3623/3623 3620/3620
f 3623/3623 3624/3624 3620/3620
f 3617/3617 3620/3620 3614/3614
f 3643/3643 3644/3644 3647/3647
f 3643/3643 3647/3647 3649/3649
f 3620/3620 3624/3624 3621/3621
f 3614/3614 3620/3620 3621/3621
f 3644/3644 3645/3645 3646/3646
f 3644/3644 3646/3646 3647/3647
f 3604/3604 3607/3607 3606/3606
f 3615/3615 3614/3614 3602/3602
f 3602/3602 3614/3614 3603/3603
f 3614/3614 3621/3621 3603/3603
f 3621/3621 3622/3622 3603/3603
f 3602/3602 3603/3603 3604/3604
f 3603/3603 3611/3611 3604/3604
f 3502/3502 3496/3496 3489/3489
f 3496/3496 3488/3488 3489/3489
f 3604/3604 3611/3611 3607/3607
f 3483/3483 3489/3489 3488/3488
f 3604/3604 3605/3605 3602/3602
f 3611/3611 3612/3612 3607/3607
f 3606/3606 3607/3607 3608/3608
f 3606/3606 3619/3619 3605/3605
f 3606/3606 3608/3608 3609/3609
f 3605/3605 3604/3604 3606/3606
f 3488/3488 3487/3487 3483/3483
f 3607/3607 3612/3612 3608/3608
f 3483/3483 3487/3487 3471/3471
f 3612/3612 3613/3613 3608/3608
f 3483/3483 3471/3471 3470/3470
f 3471/3471 3455/3455 3470/3470
f 3608/3608 3610/3610 3609/3609
f 3458/3458 3470/3470 3455/3455
f 3608/3608 3613/3613 3610/3610
f 3455/3455 3457/3457 3443/3443
f 3443/3443 3457/3457 3444/3444
f 3490/3490 3456/3456 3492/3492
f 3490/3490 3512/3512 3458/3458
f 3490/3490 3458/3458 3456/3456
f 3456/3456 3458/3458 3455/3455
f 3456/3456 3455/3455 3454/3454
f 3454/3454 3455/3455 3443/3443
f 3457/3457 3522/3522 3444/3444
f 3444/3444 3522/3522 3521/3521
f 3444/3444 3521/3521 3446/3446
f 3436/3436 3447/3447 3460/3460
f 3454/3454 3443/3443 3438/3438
f 3454/3454 3438/3438 3441/3441
f 3441/3441 3438/3438 3437/3437
f 3443/3443 3444/3444 3439/3439
f 3443/3443 3439/3439 3438/3438
f 3444/3444 3446/3446 3439/3439
f 3439/3439 3436/3436 3438/3438
f 3439/3439 3446/3446 3436/3436
f 3436/3436 3446/3446 3447/3447
f 3438/3438 3436/3436 3437/3437
f 3437/3437 3436/3436 3435/3435
f 3450/3450 3448/3448 3524/3524
f 3450/3450 3449/3449 3448/3448
f 3521/3521 3525/3525 3446/3446
f 3446/3446 3525/3525 3523/3523
f 3446/3446 3523/3523 3448/3448
f 3523/3523 3524/3524 3448/3448
f 3450/3450 3451/3451 3449/3449
f 3448/3448 3449/3449 3447/3447
f 3446/3446 3448/3448 3447/3447
f 3447/3447 3452/3452 3460/3460
f 3447/3447 3449/3449 3452/3452
f 3449/3449 3451/3451 3452/3452
f 3452/3452 3451/3451 3495/3495
f 3452/3452 3495/3495 3494/3494
f 3495/3495 3519/3519 3494/3494
f 3441/3441 3437/3437 3459/3459
f 3584/3584 3581/3581 3596/3596
f 3596/3596 3581/3581 3601/3601
f 3584/3584 3582/3582 3581/3581
f 3584/3584 3585/3585 3582/3582
f 3585/3585 3586/3586 3582/3582
f 3601/3601 3581/3581 3595/3595
f 3509/3509 3506/3506 3517/3517
f 3565/3565 3509/3509 3517/3517
f 3506/3506 3507/3507 3505/3505
f 3597/3597 3595/3595 3588/3588
f 3581/3581 3582/3582 3583/3583
f 3581/3581 3583/3583 3595/3595
f 3582/3582 3586/3586 3583/3583
f 3583/3583 3586/3586 3587/3587
f 3583/3583 3588/3588 3595/3595
f 3583/3583 3587/3587 3588/3588
f 3597/3597 3588/3588 3598/3598
f 3588/3588 3590/3590 3598/3598
f 3588/3588 3589/3589 3590/3590
f 3588/3588 3587/3587 3589/3589
f 3506/3506 3505/3505 3504/3504
f 3517/3517 3506/3506 3504/3504
f 3505/3505 3507/3507 3516/3516
f 3479/3479 3482/3482 3477/3477
f 3504/3504 3505/3505 3482/3482
f 3517/3517 3504/3504 3573/3573
f 3504/3504 3479/3479 3573/3573
f 3504/3504 3482/3482 3479/3479
f 3505/3505 3516/3516 3480/3480
f 3482/3482 3505/3505 3480/3480
f 3482/3482 3480/3480 3477/3477
f 3477/3477 3480/3480 3478/3478
f 3598/3598 3590/3590 3591/3591
f 3591/3591 3593/3593 3599/3599
f 3591/3591 3599/3599 3598/3598
f 3598/3598 3599/3599 3600/3600
f 3590/3590 3589/3589 3591/3591
f 3591/3591 3589/3589 3592/3592
f 3591/3591 3592/3592 3593/3593
f 3580/3580 3503/3503 3568/3568
f 3599/3599 3593/3593 3580/3580
f 3593/3593 3466/3466 3580/3580
f 3593/3593 3594/3594 3466/3466
f 3593/3593 3592/3592 3594/3594
f 3466/3466 3594/3594 3468/3468
f 3436/3436 3460/3460 3440/3440
f 3440/3440 3460/3460 3469/3469
f 3469/3469 3462/3462 3440/3440
f 3435/3435 3436/3436 3434/3434
f 3436/3436 3440/3440 3434/3434
f 3440/3440 3462/3462 3434/3434
f 3462/3462 3442/3442 3434/3434
f 3479/3479 3472/3472 3501/3501
f 3479/3479 3501/3501 3573/3573
f 3479/3479 3477/3477 3472/3472
f 3452/3452 3494/3494 3460/3460
f 3494/3494 3501/3501 3460/3460
f 3494/3494 3519/3519 3501/3501
f 3460/3460 3501/3501 3472/3472
f 3460/3460 3472/3472 3469/3469
f 3501/3501 3519/3519 3579/3579
f 3472/3472 3477/3477 3476/3476
f 3476/3476 3477/3477 3478/3478
f 3469/3469 3476/3476 3500/3500
f 3500/3500 3476/3476 3503/3503
f 3476/3476 3481/3481 3503/3503
f 3469/3469 3472/3472 3476/3476
f 3476/3476 3478/3478 3481/3481
f 3478/3478 3484/3484 3481/3481
f 3469/3469 3500/3500 3463/3463
f 3463/3463 3429/3429 3462/3462
f 3463/3463 3464/3464 3429/3429
f 3463/3463 3465/3465 3464/3464
f 3462/3462 3469/3469 3463/3463
f 3464/3464 3465/3465 3467/3467
f 3464/3464 3467/3467 3445/3445
f 3442/3442 3429/3429 3427/3427
f 3429/3429 3428/3428 3427/3427
f 3462/3462 3429/3429 3442/3442
f 3429/3429 3445/3445 3428/3428
f 3464/3464 3445/3445 3429/3429
f 3428/3428 3445/3445 3474/3474
f 3503/3503 3481/3481 3568/3568
f 3463/3463 3466/3466 3465/3465
f 3463/3463 3500/3500 3466/3466
f 3500/3500 3503/3503 3466/3466
f 3580/3580 3466/3466 3503/3503
f 3465/3465 3466/3466 3468/3468
f 3465/3465 3468/3468 3467/3467
f 3435/3435 3434/3434 3433/3433
f 3432/3432 3434/3434 3442/3442
f 3433/3433 3434/3434 3432/3432
f 3427/3427 3432/3432 3442/3442
f 3427/3427 3428/3428 3426/3426
f 3428/3428 3474/3474 3461/3461
f 3636/3636 3634/3634 3635/3635
f 3636/3636 3635/3635 3638/3638
f 3634/3634 3626/3626 3635/3635
f 3634/3634 3629/3629 3626/3626
f 3635/3635 3626/3626 3625/3625
f 3625/3625 3626/3626 3627/3627
f 3635/3635 3633/3633 3637/3637
f 3637/3637 3633/3633 3632/3632
f 3571/3571 3572/3572 3567/3567
f 3638/3638 3635/3635 3637/3637
f 3571/3571 3567/3567 3570/3570
f 3635/3635 3625/3625 3633/3633
f 3633/3633 3627/3627 3632/3632
f 3625/3625 3627/3627 3633/3633
f 3627/3627 3631/3631 3632/3632
f 3629/3629 3628/3628 3626/3626
f 3630/3630 3627/3627 3628/3628
f 3626/3626 3628/3628 3627/3627
f 3627/3627 3630/3630 3631/3631
f 3570/3570 3567/3567 3553/3553
f 3570/3570 3553/3553 3574/3574
f 3567/3567 3551/3551 3553/3553
f 3553/3553 3551/3551 3550/3550
f 3574/3574 3553/3553 3566/3566
f 3566/3566 3553/3553 3511/3511
f 3553/3553 3550/3550 3511/3511
f 3566/3566 3511/3511 3565/3565
f 3550/3550 3510/3510 3511/3511
f 3511/3511 3510/3510 3508/3508
f 3565/3565 3511/3511 3509/3509
f 3511/3511 3508/3508 3509/3509
f 3550/3550 3551/3551 3510/3510
f 3509/3509 3508/3508 3506/3506
f 3508/3508 3507/3507 3506/3506
f 3508/3508 3510/3510 3507/3507
f 3787/3787 3782/3782 3786/3786
f 3788/3788 3786/3786 3789/3789
f 3787/3787 3786/3786 3788/3788
f 3791/3791 3788/3788 3790/3790
f 3788/3788 3789/3789 3790/3790
f 3792/3792 3790/3790 3793/3793
f 3792/3792 3791/3791 3790/3790
f 3789/3789 3818/3818 3790/3790
f 3790/3790 3818/3818 3823/3823
f 3786/3786 3812/3812 3789/3789
f 3812/3812 3818/3818 3789/3789
f 3812/3812 3838/3838 3818/3818
f 3838/3838 3852/3852 3847/3847
f 3818/3818 3847/3847 3840/3840
f 3818/3818 3838/3838 3847/3847
f 3793/3793 3790/3790 3823/3823
f 3818/3818 3840/3840 3823/3823
f 3823/3823 3840/3840 3839/3839
f 3840/3840 3847/3847 3855/3855
f 3840/3840 3850/3850 3839/3839
f 3840/3840 3855/3855 3850/3850
f 3782/3782 3779/3779 3781/3781
f 3776/3776 3777/3777 3778/3778
f 3778/3778 3777/3777 3779/3779
f 3779/3779 3777/3777 3780/3780
f 3777/3777 3824/3824 3780/3780
f 3781/3781 3779/3779 3780/3780
f 3781/3781 3780/3780 3825/3825
f 3780/3780 3833/3833 3825/3825
f 3780/3780 3824/3824 3833/3833
f 3782/3782 3783/3783 3786/3786
f 3783/3783 3826/3826 3812/3812
f 3782/3782 3781/3781 3783/3783
f 3783/3783 3781/3781 3826/3826
f 3781/3781 3825/3825 3826/3826
f 3825/3825 3845/3845 3826/3826
f 3786/3786 3783/3783 3812/3812
f 3812/3812 3826/3826 3838/3838
f 3826/3826 3852/3852 3838/3838
f 3826/3826 3851/3851 3852/3852
f 3826/3826 3845/3845 3851/3851
f 3825/3825 3833/3833 3845/3845
f 3833/3833 3854/3854 3853/3853
f 3833/3833 3853/3853 3845/3845
f 3845/3845 3853/3853 3864/3864
f 3845/3845 3864/3864 3851/3851
f 3758/3758 3753/3753 3755/3755
f 3753/3753 3739/3739 3755/3755
f 3758/3758 3755/3755 3759/3759
f 3739/3739 3738/3738 3754/3754
f 3739/3739 3754/3754 3755/3755
f 3754/3754 3738/3738 3760/3760
f 3758/3758 3759/3759 3765/3765
f 3758/3758 3765/3765 3775/3775
f 3759/3759 3771/3771 3765/3765
f 3776/3776 3775/3775 3765/3765
f 3776/3776 3765/3765 3777/3777
f 3777/3777 3765/3765 3774/3774
f 3765/3765 3771/3771 3774/3774
f 3771/3771 3759/3759 3772/3772
f 3771/3771 3785/3785 3774/3774
f 3785/3785 3784/3784 3774/3774
f 3771/3771 3772/3772 3785/3785
f 3755/3755 3756/3756 3759/3759
f 3755/3755 3754/3754 3756/3756
f 3759/3759 3756/3756 3772/3772
f 3756/3756 3770/3770 3772/3772
f 3756/3756 3754/3754 3770/3770
f 3754/3754 3760/3760 3770/3770
f 3785/3785 3772/3772 3770/3770
f 3770/3770 3784/3784 3785/3785
f 3760/3760 3752/3752 3761/3761
f 3760/3760 3766/3766 3770/3770
f 3760/3760 3761/3761 3766/3766
f 3766/3766 3761/3761 3813/3813
f 3766/3766 3813/3813 3827/3827
f 3770/3770 3766/3766 3784/3784
f 3766/3766 3819/3819 3784/3784
f 3766/3766 3827/3827 3819/3819
f 3693/3693 3694/3694 3695/3695
f 3694/3694 3697/3697 3695/3695
f 3827/3827 3877/3877 3876/3876
f 3777/3777 3774/3774 3824/3824
f 3774/3774 3820/3820 3824/3824
f 3824/3824 3820/3820 3836/3836
f 3774/3774 3784/3784 3820/3820
f 3784/3784 3819/3819 3820/3820
f 3820/3820 3819/3819 3846/3846
f 3820/3820 3846/3846 3836/3836
f 3824/3824 3836/3836 3833/3833
f 3833/3833 3836/3836 3854/3854
f 3836/3836 3846/3846 3861/3861
f 3846/3846 3870/3870 3861/3861
f 3836/3836 3861/3861 3854/3854
f 3819/3819 3866/3866 3846/3846
f 3846/3846 3866/3866 3870/3870
f 3819/3819 3827/3827 3866/3866
f 3827/3827 3876/3876 3866/3866
f 3870/3870 3866/3866 3876/3876
f 3721/3721 3726/3726 3732/3732
f 3721/3721 3720/3720 3725/3725
f 3698/3698 3680/3680 3652/3652
f 3721/3721 3725/3725 3726/3726
f 3734/3734 3732/3732 3733/3733
f 3732/3732 3726/3726 3733/3733
f 3726/3726 3725/3725 3749/3749
f 3698/3698 3652/3652 3683/3683
f 3726/3726 3749/3749 3733/3733
f 3656/3656 3652/3652 3655/3655
f 3652/3652 3654/3654 3655/3655
f 3683/3683 3652/3652 3656/3656
f 3753/3753 3734/3734 3739/3739
f 3739/3739 3734/3734 3738/3738
f 3734/3734 3733/3733 3738/3738
f 3733/3733 3751/3751 3738/3738
f 3733/3733 3749/3749 3750/3750
f 3733/3733 3750/3750 3751/3751
f 3751/3751 3750/3750 3752/3752
f 3738/3738 3751/3751 3760/3760
f 3760/3760 3751/3751 3752/3752
f 3692/3692 3684/3684 3686/3686
f 3684/3684 3685/3685 3686/3686
f 3684/3684 3657/3657 3685/3685
f 3683/3683 3656/3656 3657/3657
f 3656/3656 3655/3655 3657/3657
f 3683/3683 3657/3657 3684/3684
f 3692/3692 3686/3686 3689/3689
f 3686/3686 3685/3685 3687/3687
f 3689/3689 3688/3688 3693/3693
f 3689/3689 3686/3686 3688/3688
f 3686/3686 3687/3687 3688/3688
f 3693/3693 3688/3688 3694/3694
f 3762/3762 3740/3740 3730/3730
f 3740/3740 3731/3731 3730/3730
f 3762/3762 3730/3730 3741/3741
f 3741/3741 3730/3730 3723/3723
f 3741/3741 3723/3723 3728/3728
f 3730/3730 3731/3731 3727/3727
f 3730/3730 3727/3727 3723/3723
f 3723/3723 3727/3727 3724/3724
f 3663/3663 3661/3661 3662/3662
f 3729/3729 3728/3728 3719/3719
f 3728/3728 3723/3723 3719/3719
f 3719/3719 3723/3723 3722/3722
f 3729/3729 3719/3719 3721/3721
f 3719/3719 3722/3722 3720/3720
f 3719/3719 3720/3720 3721/3721
f 3680/3680 3679/3679 3653/3653
f 3679/3679 3659/3659 3653/3653
f 3653/3653 3659/3659 3658/3658
f 3659/3659 3660/3660 3658/3658
f 3722/3722 3723/3723 3724/3724
f 3662/3662 3661/3661 3659/3659
f 3661/3661 3660/3660 3659/3659
f 3662/3662 3659/3659 3679/3679
f 3680/3680 3653/3653 3652/3652
f 3652/3652 3653/3653 3654/3654
f 3653/3653 3658/3658 3654/3654
f 3763/3763 3764/3764 3757/3757
f 3763/3763 3757/3757 3748/3748
f 3748/3748 3757/3757 3747/3747
f 3743/3743 3748/3748 3742/3742
f 3748/3748 3747/3747 3742/3742
f 3690/3690 3672/3672 3682/3682
f 3682/3682 3672/3672 3671/3671
f 3672/3672 3673/3673 3671/3671
f 3671/3671 3673/3673 3670/3670
f 3743/3743 3742/3742 3737/3737
f 3736/3736 3737/3737 3735/3735
f 3737/3737 3742/3742 3735/3735
f 3742/3742 3744/3744 3735/3735
f 3735/3735 3744/3744 3745/3745
f 3665/3665 3667/3667 3666/3666
f 3668/3668 3666/3666 3667/3667
f 3742/3742 3747/3747 3746/3746
f 3682/3682 3669/3669 3681/3681
f 3682/3682 3671/3671 3669/3669
f 3671/3671 3670/3670 3669/3669
f 3669/3669 3670/3670 3668/3668
f 3742/3742 3746/3746 3744/3744
f 3681/3681 3669/3669 3667/3667
f 3669/3669 3668/3668 3667/3667
f 3737/3737 3736/3736 3740/3740
f 3740/3740 3736/3736 3731/3731
f 3736/3736 3735/3735 3731/3731
f 3731/3731 3735/3735 3727/3727
f 3735/3735 3745/3745 3727/3727
f 3665/3665 3666/3666 3664/3664
f 3663/3663 3665/3665 3664/3664
f 3663/3663 3664/3664 3661/3661
f 3800/3800 3801/3801 3799/3799
f 3801/3801 3802/3802 3799/3799
f 3802/3802 3814/3814 3799/3799
f 3799/3799 3814/3814 3816/3816
f 3816/3816 3814/3814 3842/3842
f 3814/3814 3843/3843 3842/3842
f 3796/3796 3795/3795 3794/3794
f 3800/3800 3799/3799 3797/3797
f 3797/3797 3799/3799 3798/3798
f 3799/3799 3815/3815 3798/3798
f 3799/3799 3816/3816 3815/3815
f 3816/3816 3842/3842 3815/3815
f 3815/3815 3842/3842 3848/3848
f 3796/3796 3797/3797 3795/3795
f 3797/3797 3798/3798 3795/3795
f 3798/3798 3815/3815 3821/3821
f 3815/3815 3848/3848 3821/3821
f 3795/3795 3798/3798 3821/3821
f 3848/3848 3849/3849 3821/3821
f 3703/3703 3702/3702 3699/3699
f 3794/3794 3795/3795 3773/3773
f 3795/3795 3822/3822 3773/3773
f 3795/3795 3821/3821 3822/3822
f 3821/3821 3849/3849 3822/3822
f 3794/3794 3773/3773 3769/3769
f 3769/3769 3773/3773 3767/3767
f 3769/3769 3767/3767 3764/3764
f 3773/3773 3768/3768 3767/3767
f 3767/3767 3768/3768 3757/3757
f 3691/3691 3672/3672 3690/3690
f 3696/3696 3678/3678 3676/3676
f 3678/3678 3699/3699 3677/3677
f 3676/3676 3678/3678 3677/3677
f 3696/3696 3676/3676 3691/3691
f 3691/3691 3676/3676 3672/3672
f 3702/3702 3700/3700 3699/3699
f 3677/3677 3699/3699 3700/3700
f 3764/3764 3767/3767 3757/3757
f 3672/3672 3675/3675 3674/3674
f 3676/3676 3677/3677 3675/3675
f 3672/3672 3676/3676 3675/3675
f 3677/3677 3700/3700 3701/3701
f 3705/3705 3706/3706 3704/3704
f 3705/3705 3704/3704 3703/3703
f 3703/3703 3704/3704 3702/3702
f 3672/3672 3674/3674 3673/3673
f 3715/3715 3714/3714 3709/3709
f 3708/3708 3709/3709 3710/3710
f 3708/3708 3715/3715 3709/3709
f 3715/3715 3716/3716 3714/3714
f 3717/3717 3710/3710 3711/3711
f 3711/3711 3710/3710 3709/3709
f 3711/3711 3709/3709 3712/3712
f 3881/3881 3873/3873 3878/3878
f 3878/3878 3873/3873 3862/3862
f 3709/3709 3713/3713 3712/3712
f 3712/3712 3713/3713 3718/3718
f 3874/3874 3872/3872 3873/3873
f 3709/3709 3714/3714 3713/3713
f 3873/3873 3872/3872 3862/3862
f 3872/3872 3863/3863 3862/3862
f 3878/3878 3862/3862 3832/3832
f 3862/3862 3863/3863 3859/3859
f 3832/3832 3862/3862 3856/3856
f 3862/3862 3859/3859 3856/3856
f 3832/3832 3831/3831 3830/3830
f 3832/3832 3856/3856 3831/3831
f 3856/3856 3859/3859 3858/3858
f 3830/3830 3829/3829 3828/3828
f 3830/3830 3831/3831 3829/3829
f 3831/3831 3856/3856 3829/3829
f 3856/3856 3857/3857 3829/3829
f 3856/3856 3858/3858 3857/3857
f 3858/3858 3868/3868 3857/3857
f 3829/3829 3857/3857 3867/3867
f 3867/3867 3857/3857 3871/3871
f 3857/3857 3868/3868 3871/3871
f 3871/3871 3868/3868 3880/3880
f 3828/3828 3811/3811 3810/3810
f 3828/3828 3829/3829 3811/3811
f 3829/3829 3867/3867 3811/3811
f 3810/3810 3808/3808 3809/3809
f 3810/3810 3811/3811 3808/3808
f 3811/3811 3867/3867 3835/3835
f 3867/3867 3871/3871 3835/3835
f 3871/3871 3880/3880 3875/3875
f 3871/3871 3875/3875 3835/3835
f 3807/3807 3806/3806 3805/3805
f 3805/3805 3804/3804 3803/3803
f 3805/3805 3806/3806 3804/3804
f 3804/3804 3806/3806 3837/3837
f 3809/3809 3808/3808 3807/3807
f 3807/3807 3808/3808 3806/3806
f 3811/3811 3835/3835 3808/3808
f 3808/3808 3835/3835 3834/3834
f 3808/3808 3834/3834 3806/3806
f 3806/3806 3834/3834 3841/3841
f 3834/3834 3835/3835 3869/3869
f 3835/3835 3875/3875 3869/3869
f 3841/3841 3834/3834 3869/3869
f 3806/3806 3841/3841 3837/3837
f 3803/3803 3804/3804 3802/3802
f 3804/3804 3817/3817 3802/3802
f 3803/3803 3802/3802 3801/3801
f 3802/3802 3817/3817 3814/3814
f 3804/3804 3837/3837 3817/3817
f 3817/3817 3837/3837 3844/3844
f 3837/3837 3841/3841 3860/3860
f 3837/3837 3860/3860 3844/3844
f 3814/3814 3817/3817 3843/3843
f 3817/3817 3844/3844 3843/3843
f 3844/3844 3860/3860 3865/3865
f 3860/3860 3879/3879 3865/3865
f 3860/3860 3841/3841 3869/3869
f 3860/3860 3869/3869 3879/3879
f 3843/3843 3844/3844 3865/3865
f 3706/3706 3707/3707 3704/3704
f 3899/3899 3894/3894 3882/3882
f 3899/3899 3943/3943 3894/3894
f 3894/3894 3883/3883 3882/3882
f 3894/3894 3889/3889 3883/3883
f 3894/3894 3943/3943 3889/3889
f 3882/3882 3883/3883 3884/3884
f 3883/3883 3885/3885 3884/3884
f 3932/3932 3888/3888 3889/3889
f 3889/3889 3888/3888 3886/3886
f 3932/3932 3931/3931 3888/3888
f 3888/3888 3887/3887 3886/3886
f 3889/3889 3943/3943 3932/3932
f 3883/3883 3889/3889 3886/3886
f 3883/3883 3886/3886 3885/3885
f 3886/3886 3887/3887 3885/3885
f 3931/3931 3928/3928 3888/3888
f 3928/3928 3931/3931 3939/3939
f 3888/3888 3890/3890 3887/3887
f 3928/3928 3891/3891 3888/3888
f 3888/3888 3891/3891 3890/3890
f 3890/3890 3892/3892 3887/3887
f 3925/3925 3923/3923 3898/3898
f 3923/3923 3924/3924 3898/3898
f 3934/3934 3939/3939 3942/3942
f 3939/3939 3934/3934 3928/3928
f 3928/3928 3895/3895 3891/3891
f 3928/3928 3934/3934 3925/3925
f 3928/3928 3925/3925 3895/3895
f 3890/3890 3891/3891 3893/3893
f 3890/3890 3893/3893 3892/3892
f 3891/3891 3895/3895 3893/3893
f 3892/3892 3893/3893 3922/3922
f 3925/3925 3898/3898 3895/3895
f 3895/3895 3896/3896 3893/3893
f 3893/3893 3896/3896 3922/3922
f 3896/3896 3921/3921 3922/3922
f 3934/3934 3923/3923 3925/3925
f 3934/3934 3929/3929 3923/3923
f 3934/3934 3941/3941 3929/3929
f 3934/3934 3942/3942 3941/3941
f 3923/3923 3929/3929 3924/3924
f 3895/3895 3898/3898 3897/3897
f 3895/3895 3897/3897 3896/3896
f 3896/3896 3897/3897 3920/3920
f 3896/3896 3920/3920 3921/3921
f 3898/3898 3924/3924 3897/3897
f 3897/3897 3924/3924 3919/3919
f 3897/3897 3913/3913 3920/3920
f 3927/3927 3930/3930 3918/3918
f 3912/3912 3918/3918 3917/3917
f 3918/3918 3930/3930 3917/3917
f 3929/3929 3927/3927 3926/3926
f 3929/3929 3938/3938 3927/3927
f 3941/3941 3938/3938 3929/3929
f 3929/3929 3926/3926 3924/3924
f 3924/3924 3926/3926 3919/3919
f 3926/3926 3918/3918 3919/3919
f 3919/3919 3913/3913 3897/3897
f 3926/3926 3927/3927 3918/3918
f 3919/3919 3918/3918 3913/3913
f 3913/3913 3918/3918 3912/3912
f 3913/3913 3912/3912 3900/3900
f 3938/3938 3930/3930 3927/3927
f 3930/3930 3938/3938 3940/3940
f 3940/3940 3935/3935 3930/3930
f 3930/3930 3933/3933 3917/3917
f 3930/3930 3935/3935 3933/3933
f 3920/3920 3914/3914 3921/3921
f 3920/3920 3913/3913 3914/3914
f 3912/3912 3917/3917 3911/3911
f 3917/3917 3915/3915 3911/3911
f 3911/3911 3915/3915 3909/3909
f 3909/3909 3903/3903 3911/3911
f 3903/3903 3909/3909 3904/3904
f 3913/3913 3900/3900 3914/3914
f 3900/3900 3902/3902 3914/3914
f 3912/3912 3903/3903 3900/3900
f 3900/3900 3903/3903 3901/3901
f 3900/3900 3901/3901 3902/3902
f 3912/3912 3911/3911 3903/3903
f 3903/3903 3904/3904 3901/3901
f 3904/3904 3905/3905 3901/3901
f 3917/3917 3933/3933 3915/3915
f 3933/3933 3936/3936 3915/3915
f 3933/3933 3935/3935 3937/3937
f 3933/3933 3937/3937 3936/3936
f 3915/3915 3936/3936 3910/3910
f 3915/3915 3910/3910 3909/3909
f 3909/3909 3907/3907 3904/3904
f 3909/3909 3910/3910 3907/3907
f 3916/3916 3908/3908 3907/3907
f 3907/3907 3906/3906 3904/3904
f 3904/3904 3906/3906 3905/3905
f 3907/3907 3908/3908 3906/3906
f 3984/3984 3980/3980 3985/3985
f 3980/3980 3981/3981 3985/3985
f 3980/3980 3984/3984 3983/3983
f 4003/4003 4001/4001 4002/4002
f 3986/3986 3984/3984 3985/3985
f 4001/4001 3997/3997 4002/4002
f 4001/4001 3995/3995 3997/3997
f 3995/3995 3996/3996 3997/3997
f 3951/3951 3973/3973 3993/3993
f 3964/3964 3965/3965 3990/3990
f 3990/3990 3965/3965 3987/3987
f 3965/3965 3956/3956 3959/3959
f 3959/3959 3956/3956 3958/3958
f 3965/3965 3970/3970 3987/3987
f 3965/3965 3959/3959 3970/3970
f 3987/3987 3970/3970 3989/3989
f 3970/3970 3968/3968 3989/3989
f 3959/3959 3968/3968 3970/3970
f 3959/3959 3960/3960 3968/3968
f 3968/3968 3969/3969 3988/3988
f 3968/3968 3960/3960 3969/3969
f 3992/3992 3988/3988 3969/3969
f 3989/3989 3968/3968 3988/3988
f 3969/3969 3960/3960 3971/3971
f 3959/3959 3958/3958 3960/3960
f 3958/3958 3961/3961 3960/3960
f 3960/3960 3961/3961 3962/3962
f 3983/3983 3982/3982 3980/3980
f 3980/3980 3979/3979 3981/3981
f 3980/3980 3977/3977 3979/3979
f 3980/3980 3982/3982 3977/3977
f 3995/3995 3998/3998 3996/3996
f 3997/3997 3996/3996 4004/4004
f 3982/3982 3976/3976 3977/3977
f 3998/3998 3999/3999 3996/3996
f 3977/3977 3978/3978 3979/3979
f 3998/3998 4000/4000 3999/3999
f 3950/3950 3972/3972 3975/3975
f 3950/3950 3975/3975 3949/3949
f 3950/3950 3949/3949 3948/3948
f 3977/3977 3976/3976 3975/3975
f 3975/3975 3976/3976 3949/3949
f 3972/3972 3994/3994 3978/3978
f 3978/3978 3977/3977 3975/3975
f 3972/3972 3978/3978 3975/3975
f 4000/4000 4006/4006 3999/3999
f 3972/3972 3950/3950 3951/3951
f 3972/3972 3951/3951 3993/3993
f 3972/3972 3993/3993 3994/3994
f 3951/3951 3950/3950 3948/3948
f 3951/3951 3948/3948 3966/3966
f 3951/3951 3966/3966 3973/3973
f 3948/3948 3947/3947 3966/3966
f 3948/3948 3949/3949 3944/3944
f 3949/3949 3952/3952 3944/3944
f 3966/3966 3947/3947 3973/3973
f 3996/3996 3999/3999 4004/4004
f 3999/3999 4005/4005 4004/4004
f 3948/3948 3944/3944 3947/3947
f 3947/3947 3946/3946 3974/3974
f 3947/3947 3944/3944 3946/3946
f 3944/3944 3945/3945 3946/3946
f 3944/3944 3952/3952 3945/3945
f 3946/3946 3967/3967 3974/3974
f 3952/3952 3953/3953 3945/3945
f 3946/3946 3945/3945 3967/3967
f 3945/3945 3964/3964 3967/3967
f 3967/3967 3964/3964 3991/3991
f 3964/3964 3945/3945 3954/3954
f 3945/3945 3953/3953 3954/3954
f 3954/3954 3953/3953 3955/3955
f 3991/3991 3964/3964 3990/3990
f 3964/3964 3954/3954 3956/3956
f 3954/3954 3955/3955 3956/3956
f 3956/3956 3955/3955 3957/3957
f 3965/3965 3964/3964 3956/3956
f 3956/3956 3957/3957 3958/3958
f 3957/3957 3963/3963 3958/3958
f 3958/3958 3963/3963 3961/3961
f 4077/4077 4081/4081 4080/4080
f 4080/4080 4081/4081 4082/4082
f 4061/4061 4062/4062 4063/4063
f 4082/4082 4063/4063 4080/4080
f 4031/4031 4033/4033 4035/4035
f 4031/4031 4032/4032 4033/4033
f 4033/4033 4032/4032 4029/4029
f 4032/4032 4034/4034 4029/4029
f 4029/4029 4028/4028 4030/4030
f 4029/4029 4034/4034 4027/4027
f 4029/4029 4027/4027 4028/4028
f 4027/4027 4026/4026 4028/4028
f 4018/4018 4014/4014 4016/4016
f 4018/4018 4016/4016 4019/4019
f 4018/4018 4019/4019 4036/4036
f 4014/4014 4015/4015 4016/4016
f 4020/4020 4015/4015 4021/4021
f 4020/4020 4022/4022 4025/4025
f 4020/4020 4025/4025 4017/4017
f 4015/4015 4017/4017 4016/4016
f 4076/4076 4072/4072 4075/4075
f 4015/4015 4020/4020 4017/4017
f 4076/4076 4099/4099 4100/4100
f 4076/4076 4075/4075 4099/4099
f 4072/4072 4070/4070 4074/4074
f 4072/4072 4071/4071 4070/4070
f 4075/4075 4072/4072 4074/4074
f 4059/4059 4060/4060 4054/4054
f 4074/4074 4070/4070 4092/4092
f 4074/4074 4092/4092 4097/4097
f 4059/4059 4054/4054 4058/4058
f 4058/4058 4054/4054 4049/4049
f 4054/4054 4050/4050 4049/4049
f 4049/4049 4050/4050 4051/4051
f 4054/4054 4055/4055 4050/4050
f 4070/4070 4069/4069 4092/4092
f 4078/4078 4086/4086 4090/4090
f 4077/4077 4080/4080 4078/4078
f 4078/4078 4080/4080 4086/4086
f 4090/4090 4086/4086 4093/4093
f 4090/4090 4093/4093 4098/4098
f 4043/4043 4044/4044 4045/4045
f 4043/4043 4042/4042 4041/4041
f 4043/4043 4041/4041 4044/4044
f 4086/4086 4094/4094 4093/4093
f 4086/4086 4083/4083 4094/4094
f 4042/4042 4037/4037 4041/4041
f 4037/4037 4040/4040 4041/4041
f 4083/4083 4063/4063 4084/4084
f 4085/4085 4084/4084 4088/4088
f 4084/4084 4085/4085 4083/4083
f 4083/4083 4095/4095 4094/4094
f 4083/4083 4085/4085 4095/4095
f 4080/4080 4063/4063 4083/4083
f 4080/4080 4083/4083 4086/4086
f 4063/4063 4062/4062 4084/4084
f 4062/4062 4087/4087 4084/4084
f 4037/4037 4038/4038 4039/4039
f 4037/4037 4039/4039 4040/4040
f 4088/4088 4084/4084 4087/4087
f 4088/4088 4089/4089 4085/4085
f 4022/4022 4023/4023 4024/4024
f 4071/4071 4068/4068 4070/4070
f 4012/4012 4011/4011 4009/4009
f 4011/4011 4007/4007 4009/4009
f 4010/4010 4008/4008 4013/4013
f 4077/4077 4067/4067 4079/4079
f 4077/4077 4079/4079 4081/4081
f 4027/4027 4022/4022 4026/4026
f 4027/4027 4034/4034 4022/4022
f 4026/4026 4022/4022 4020/4020
f 4022/4022 4024/4024 4025/4025
f 4050/4050 4052/4052 4051/4051
f 4068/4068 4069/4069 4070/4070
f 4050/4050 4055/4055 4053/4053
f 4069/4069 4096/4096 4092/4092
f 4055/4055 4056/4056 4053/4053
f 4050/4050 4053/4053 4052/4052
f 4068/4068 4064/4064 4069/4069
f 4064/4064 4073/4073 4069/4069
f 4064/4064 4068/4068 4065/4065
f 4007/4007 4008/4008 4009/4009
f 4009/4009 4008/4008 4010/4010
f 4069/4069 4073/4073 4096/4096
f 4064/4064 4065/4065 4066/4066
f 4064/4064 4066/4066 4073/4073
f 4073/4073 4066/4066 4091/4091
f 4073/4073 4091/4091 4096/4096
f 4048/4048 4046/4046 4047/4047
f 4053/4053 4056/4056 4057/4057
f 4066/4066 4065/4065 4067/4067
f 4091/4091 4066/4066 4090/4090
f 4046/4046 4045/4045 4047/4047
f 4046/4046 4043/4043 4045/4045
f 4091/4091 4090/4090 4098/4098
f 4066/4066 4067/4067 4077/4077
f 4078/4078 4066/4066 4077/4077
f 4078/4078 4090/4090 4066/4066
f 4133/4133 4121/4121 4125/4125
f 4121/4121 4123/4123 4125/4125
f 4148/4148 4146/4146 4145/4145
f 4145/4145 4146/4146 4147/4147
f 4125/4125 4124/4124 4128/4128
f 4125/4125 4123/4123 4124/4124
f 4123/4123 4118/4118 4124/4124
f 4118/4118 4129/4129 4124/4124
f 4129/4129 4130/4130 4124/4124
f 4136/4136 4128/4128 4134/4134
f 4146/4146 4149/4149 4147/4147
f 4134/4134 4124/4124 4135/4135
f 4134/4134 4128/4128 4124/4124
f 4137/4137 4126/4126 4132/4132
f 4126/4126 4119/4119 4132/4132
f 4132/4132 4119/4119 4131/4131
f 4131/4131 4119/4119 4113/4113
f 4126/4126 4114/4114 4119/4119
f 4119/4119 4114/4114 4113/4113
f 4115/4115 4112/4112 4114/4114
f 4113/4113 4114/4114 4112/4112
f 4115/4115 4111/4111 4112/4112
f 4131/4131 4113/4113 4127/4127
f 4111/4111 4110/4110 4109/4109
f 4111/4111 4109/4109 4112/4112
f 4113/4113 4112/4112 4109/4109
f 4144/4144 4143/4143 4141/4141
f 4143/4143 4142/4142 4141/4141
f 4113/4113 4109/4109 4127/4127
f 4127/4127 4109/4109 4105/4105
f 4142/4142 4138/4138 4141/4141
f 4138/4138 4140/4140 4141/4141
f 4110/4110 4108/4108 4109/4109
f 4109/4109 4102/4102 4105/4105
f 4108/4108 4102/4102 4109/4109
f 4101/4101 4105/4105 4102/4102
f 4138/4138 4139/4139 4140/4140
f 4101/4101 4102/4102 4103/4103
f 4108/4108 4107/4107 4102/4102
f 4107/4107 4106/4106 4102/4102
f 4102/4102 4104/4104 4103/4103
f 4104/4104 4122/4122 4103/4103
f 4106/4106 4117/4117 4116/4116
f 4106/4106 4116/4116 4104/4104
f 4122/4122 4104/4104 4116/4116
f 4102/4102 4106/4106 4104/4104
f 4117/4117 4118/4118 4116/4116
f 4122/4122 4116/4116 4120/4120
f 4116/4116 4118/4118 4120/4120
f 4120/4120 4118/4118 4121/4121
f 4118/4118 4123/4123 4121/4121
f 4193/4193 4194/4194 4195/4195
f 4195/4195 4194/4194 4200/4200
f 4195/4195 4200/4200 4205/4205
f 4188/4188 4175/4175 4173/4173
f 4175/4175 4174/4174 4173/4173
f 4193/4193 4196/4196 4194/4194
f 4188/4188 4173/4173 4191/4191
f 4174/4174 4171/4171 4173/4173
f 4194/4194 4197/4197 4200/4200
f 4173/4173 4171/4171 4172/4172
f 4197/4197 4199/4199 4200/4200
f 4200/4200 4199/4199 4204/4204
f 4197/4197 4198/4198 4199/4199
f 4199/4199 4203/4203 4204/4204
f 4209/4209 4208/4208 4212/4212
f 4207/4207 4208/4208 4209/4209
f 4198/4198 4201/4201 4199/4199
f 4207/4207 4210/4210 4208/4208
f 4212/4212 4208/4208 4211/4211
f 4208/4208 4210/4210 4211/4211
f 4182/4182 4183/4183 4181/4181
f 4176/4176 4160/4160 4180/4180
f 4176/4176 4165/4165 4160/4160
f 4184/4184 4165/4165 4176/4176
f 4184/4184 4185/4185 4165/4165
f 4186/4186 4177/4177 4185/4185
f 4185/4185 4177/4177 4165/4165
f 4165/4165 4177/4177 4166/4166
f 4165/4165 4166/4166 4164/4164
f 4191/4191 4173/4173 4192/4192
f 4171/4171 4170/4170 4172/4172
f 4198/4198 4202/4202 4201/4201
f 4178/4178 4154/4154 4171/4171
f 4171/4171 4154/4154 4170/4170
f 4199/4199 4201/4201 4203/4203
f 4201/4201 4206/4206 4203/4203
f 4178/4178 4179/4179 4154/4154
f 4182/4182 4181/4181 4154/4154
f 4154/4154 4169/4169 4170/4170
f 4181/4181 4150/4150 4154/4154
f 4154/4154 4150/4150 4153/4153
f 4154/4154 4153/4153 4169/4169
f 4153/4153 4161/4161 4169/4169
f 4169/4169 4161/4161 4187/4187
f 4150/4150 4152/4152 4153/4153
f 4150/4150 4151/4151 4152/4152
f 4153/4153 4155/4155 4161/4161
f 4153/4153 4152/4152 4155/4155
f 4151/4151 4168/4168 4152/4152
f 4152/4152 4156/4156 4155/4155
f 4155/4155 4156/4156 4157/4157
f 4152/4152 4168/4168 4156/4156
f 4168/4168 4167/4167 4156/4156
f 4190/4190 4189/4189 4167/4167
f 4167/4167 4158/4158 4156/4156
f 4189/4189 4180/4180 4167/4167
f 4156/4156 4158/4158 4157/4157
f 4158/4158 4159/4159 4157/4157
f 4180/4180 4160/4160 4167/4167
f 4167/4167 4160/4160 4158/4158
f 4160/4160 4159/4159 4158/4158
f 4160/4160 4162/4162 4159/4159
f 4162/4162 4163/4163 4159/4159
f 4160/4160 4165/4165 4162/4162
f 4162/4162 4164/4164 4163/4163
f 4165/4165 4164/4164 4162/4162
f 4227/4227 4223/4223 4228/4228
f 4227/4227 4224/4224 4223/4223
f 4223/4223 4224/4224 4225/4225
f 4228/4228 4223/4223 4226/4226
f 4223/4223 4225/4225 4226/4226
f 4228/4228 4226/4226 4221/4221
f 4226/4226 4225/4225 4219/4219
f 4221/4221 4218/4218 4220/4220
f 4217/4217 4214/4214 4213/4213
f 4221/4221 4226/4226 4218/4218
f 4226/4226 4219/4219 4218/4218
f 4218/4218 4219/4219 4220/4220
f 4219/4219 4222/4222 4220/4220
f 4213/4213 4214/4214 4215/4215
f 4215/4215 4214/4214 4216/4216
f 4290/4290 4277/4277 4276/4276
f 4290/4290 4276/4276 4294/4294
f 4276/4276 4277/4277 4278/4278
f 4276/4276 4279/4279 4294/4294
f 4294/4294 4279/4279 4295/4295
f 4276/4276 4278/4278 4279/4279
f 4279/4279 4278/4278 4280/4280
f 4243/4243 4279/4279 4244/4244
f 4243/4243 4244/4244 4245/4245
f 4244/4244 4279/4279 4280/4280
f 4244/4244 4280/4280 4247/4247
f 4244/4244 4247/4247 4246/4246
f 4247/4247 4248/4248 4246/4246
f 4251/4251 4249/4249 4247/4247
f 4280/4280 4251/4251 4247/4247
f 4247/4247 4249/4249 4248/4248
f 4248/4248 4256/4256 4250/4250
f 4248/4248 4253/4253 4256/4256
f 4296/4296 4297/4297 4298/4298
f 4298/4298 4297/4297 4299/4299
f 4245/4245 4244/4244 4246/4246
f 4297/4297 4300/4300 4299/4299
f 4246/4246 4248/4248 4250/4250
f 4250/4250 4256/4256 4266/4266
f 4253/4253 4273/4273 4256/4256
f 4273/4273 4269/4269 4256/4256
f 4256/4256 4269/4269 4267/4267
f 4267/4267 4266/4266 4256/4256
f 4268/4268 4267/4267 4272/4272
f 4266/4266 4267/4267 4268/4268
f 4269/4269 4270/4270 4267/4267
f 4270/4270 4274/4274 4271/4271
f 4267/4267 4271/4271 4272/4272
f 4267/4267 4270/4270 4271/4271
f 4274/4274 4275/4275 4271/4271
f 4291/4291 4288/4288 4289/4289
f 4236/4236 4233/4233 4234/4234
f 4234/4234 4232/4232 4235/4235
f 4234/4234 4233/4233 4232/4232
f 4265/4265 4264/4264 4263/4263
f 4291/4291 4287/4287 4288/4288
f 4288/4288 4287/4287 4286/4286
f 4286/4286 4287/4287 4263/4263
f 4287/4287 4265/4265 4263/4263
f 4288/4288 4286/4286 4289/4289
f 4289/4289 4286/4286 4285/4285
f 4286/4286 4263/4263 4262/4262
f 4233/4233 4229/4229 4232/4232
f 4263/4263 4264/4264 4261/4261
f 4229/4229 4231/4231 4232/4232
f 4285/4285 4286/4286 4262/4262
f 4263/4263 4261/4261 4262/4262
f 4229/4229 4230/4230 4231/4231
f 4229/4229 4237/4237 4230/4230
f 4230/4230 4238/4238 4231/4231
f 4230/4230 4237/4237 4238/4238
f 4285/4285 4262/4262 4284/4284
f 4285/4285 4284/4284 4292/4292
f 4284/4284 4283/4283 4292/4292
f 4262/4262 4261/4261 4259/4259
f 4284/4284 4262/4262 4259/4259
f 4261/4261 4260/4260 4259/4259
f 4237/4237 4239/4239 4238/4238
f 4239/4239 4242/4242 4238/4238
f 4292/4292 4283/4283 4293/4293
f 4283/4283 4284/4284 4282/4282
f 4284/4284 4259/4259 4282/4282
f 4293/4293 4283/4283 4290/4290
f 4259/4259 4260/4260 4258/4258
f 4237/4237 4240/4240 4239/4239
f 4239/4239 4241/4241 4242/4242
f 4239/4239 4240/4240 4241/4241
f 4255/4255 4281/4281 4259/4259
f 4283/4283 4277/4277 4290/4290
f 4283/4283 4282/4282 4277/4277
f 4282/4282 4281/4281 4277/4277
f 4282/4282 4259/4259 4281/4281
f 4255/4255 4254/4254 4281/4281
f 4277/4277 4281/4281 4278/4278
f 4281/4281 4254/4254 4278/4278
f 4259/4259 4258/4258 4255/4255
f 4257/4257 4255/4255 4258/4258
f 4257/4257 4252/4252 4255/4255
f 4252/4252 4254/4254 4255/4255
f 4278/4278 4254/4254 4280/4280
f 4254/4254 4252/4252 4251/4251
f 4251/4251 4252/4252 4249/4249
f 4280/4280 4254/4254 4251/4251
f 4249/4249 4253/4253 4248/4248
f 4301/4301 4304/4304 4302/4302
f 4301/4301 4307/4307 4304/4304
f 4301/4301 4310/4310 4307/4307
f 4301/4301 4302/4302 4303/4303
f 4301/4301 4303/4303 4308/4308
f 4301/4301 4308/4308 4310/4310
f 4302/4302 4305/4305 4303/4303
f 4303/4303 4306/4306 4308/4308
f 4303/4303 4305/4305 4306/4306
f 4308/4308 4306/4306 4309/4309
f 4322/4322 4319/4319 4323/4323
f 4316/4316 4311/4311 4313/4313
f 4316/4316 4313/4313 4318/4318
f 4322/4322 4320/4320 4319/4319
f 4324/4324 4321/4321 4320/4320
f 4324/4324 4325/4325 4321/4321
f 4318/4318 4313/4313 4317/4317
f 4319/4319 4320/4320 4321/4321
f 4311/4311 4312/4312 4313/4313
f 4317/4317 4313/4313 4315/4315
f 4312/4312 4314/4314 4313/4313
f 4313/4313 4314/4314 4315/4315
f 4321/4321 4325/4325 4326/4326
f 4334/4334 4336/4336 4335/4335
f 4334/4334 4335/4335 4331/4331
f 4334/4334 4331/4331 4330/4330
f 4330/4330 4328/4328 4327/4327
f 4330/4330 4331/4331 4328/4328
f 4327/4327 4328/4328 4329/4329
f 4331/4331 4332/4332 4328/4328
f 4328/4328 4333/4333 4329/4329
f 4328/4328 4332/4332 4333/4333
f 4343/4343 4344/4344 4345/4345
f 4340/4340 4337/4337 4339/4339
f 4343/4343 4345/4345 4346/4346
f 4337/4337 4338/4338 4339/4339
f 4345/4345 4347/4347 4346/4346
f 4346/4346 4347/4347 4348/4348
f 4338/4338 4341/4341 4339/4339
f 4339/4339 4341/4341 4342/4342
f 4349/4349 4352/4352 4350/4350
f 4349/4349 4350/4350 4351/4351
f 4351/4351 4355/4355 4349/4349
f 4351/4351 4354/4354 4355/4355
f 4360/4360 4356/4356 4358/4358
f 4351/4351 4350/4350 4353/4353
f 4351/4351 4353/4353 4354/4354
f 4359/4359 4357/4357 4356/4356
f 4356/4356 4357/4357 4358/4358
f 4364/4364 4366/4366 4362/4362
f 4364/4364 4362/4362 4361/4361
f 4361/4361 4362/4362 4363/4363
f 4363/4363 4362/4362 4365/4365
f 4362/4362 4366/4366 4365/4365
