# LE 31 - thighL
v -0.20103 -0.14199 -0.03431
v -0.19960 -0.14886 -0.01781
v -0.19472 -0.12608 -0.02587
v -0.19537 -0.12148 -0.03666
v -0.20880 -0.16866 -0.03018
v -0.20595 -0.17382 -0.01449
v -0.20344 -0.17119 -0.00644
v -0.21026 -0.19549 -0.00117
v -0.21555 -0.19507 -0.02307
v -0.21400 -0.20538 -0.00789
v -0.22043 -0.22459 -0.00966
v -0.22070 -0.23372 0.00360
v -0.22860 -0.25239 -0.00442
v -0.19912 -0.12491 -0.04427
v -0.23120 -0.26568 0.00797
v -0.19062 -0.10881 -0.02684
v -0.19414 -0.10562 -0.04563
v -0.18898 -0.09093 -0.03990
v -0.19190 -0.08761 -0.05488
v -0.18390 -0.06650 -0.04659
v -0.18488 -0.06318 -0.05700
v -0.17843 -0.04080 -0.05520
v -0.21555 -0.18298 -0.03480
v -0.18617 -0.09169 -0.02342
v -0.18030 -0.06498 -0.02184
v -0.17930 -0.05131 -0.04131
v -0.18028 -0.07898 -0.00363
v -0.17420 -0.06137 0.00499
v -0.17206 -0.04249 -0.00815
v -0.18496 -0.09642 -0.00711
v -0.19158 -0.12104 -0.00976
v -0.19805 -0.15043 -0.00068
v -0.16748 -0.04360 0.01276
v -0.17159 -0.05941 0.01837
v -0.16597 -0.04562 0.02719
v -0.17704 -0.07687 0.02229
v -0.18165 -0.08888 0.00946
v -0.17527 -0.03466 -0.03847
v -0.17478 -0.02411 -0.05615
v -0.17120 -0.01326 -0.04463
v -0.17197 -0.00801 -0.05983
v -0.16622 0.01037 -0.05425
v -0.17233 -0.02620 -0.02551
v -0.16840 -0.01148 -0.02620
v -0.16656 0.00073 -0.03765
v -0.16636 -0.03150 0.00180
v -0.16087 -0.02736 0.01967
v -0.15710 -0.02169 0.03103
v -0.15943 -0.01577 0.00819
v -0.17637 -0.04395 -0.02501
v -0.16675 -0.01861 -0.01254
v -0.18677 -0.10537 0.00243
v -0.15484 -0.00894 0.01852
v -0.15038 0.00511 0.01508
v -0.15298 0.00498 0.00256
v -0.14870 0.00256 0.03050
v -0.21550 -0.21392 0.00879
v -0.16376 -0.00490 -0.01871
v -0.15957 -0.00584 -0.00457
v -0.22592 -0.25105 0.01312
v -0.15083 -0.00627 0.04438
v -0.15921 -0.02818 0.04063
v -0.17894 -0.02741 -0.06500
v -0.15591 0.00582 -0.01147
v -0.23627 -0.27227 0.00022
v -0.17141 0.00740 -0.06686
v -0.18887 -0.11381 0.01246
v -0.19250 -0.12767 0.01489
v -0.17338 -0.06639 0.03347
v -0.22073 -0.20244 -0.02939
v -0.22837 -0.22632 -0.02444
v -0.23080 -0.24523 -0.01382
v -0.18473 -0.09905 0.02345
v -0.24238 -0.28606 0.00626
v -0.21180 -0.16015 -0.04420
v -0.20305 -0.12811 -0.05039
v -0.24184 -0.28723 0.01330
v -0.18471 -0.04983 -0.06409
v -0.14858 -0.00092 0.05331
v -0.15641 -0.02047 0.04921
v -0.16575 -0.04423 0.04608
v -0.24521 -0.28611 -0.00107
v -0.19918 -0.10505 -0.05658
v -0.18048 -0.08498 0.03570
v -0.17434 -0.06729 0.04189
v -0.17812 -0.01389 -0.06970
v -0.25327 -0.30156 0.00566
v -0.19022 -0.06852 -0.06296
v -0.18975 -0.10941 0.03199
v -0.22638 -0.20717 -0.03563
v -0.25561 -0.30675 0.01983
v -0.26305 -0.31698 0.01622
v -0.27086 -0.32627 0.00824
v -0.27287 -0.33227 0.01770
v -0.28067 -0.34550 0.02101
v -0.27032 -0.32880 0.02949
v -0.26347 -0.31618 0.02693
v -0.26615 -0.32252 0.03819
v -0.27545 -0.34580 0.03263
v -0.29047 -0.36147 0.01875
v -0.28852 -0.34462 0.00224
v -0.27759 -0.32808 -0.00345
v -0.26223 -0.30916 0.04021
v -0.26250 -0.31098 0.05243
v -0.26552 -0.32786 0.04803
v -0.27060 -0.34400 0.04171
v -0.26502 -0.33229 0.05825
v -0.26819 -0.35324 0.05137
v -0.26838 -0.36183 0.06856
v -0.26013 -0.29676 0.04648
v -0.27119 -0.38300 0.05869
v -0.27234 -0.38965 0.07312
v -0.27470 -0.40448 0.06749
v -0.30165 -0.36426 0.00060
v -0.31036 -0.38143 0.00046
v -0.27693 -0.41131 0.08161
v -0.27983 -0.42899 0.07847
v -0.28064 -0.43528 0.06517
v -0.28458 -0.44980 0.08389
v -0.28737 -0.46481 0.07346
v -0.28833 -0.46850 0.06397
v -0.22073 -0.18325 -0.04276
v -0.18385 -0.03417 -0.07012
v -0.28982 -0.47072 0.08640
v -0.26407 -0.31184 -0.00142
v -0.25689 -0.29614 -0.00880
v -0.26629 -0.30897 -0.00944
v -0.24476 -0.27227 -0.01243
v -0.19620 -0.08017 -0.06520
v -0.23775 -0.22721 -0.03697
v -0.24126 -0.25029 -0.02455
v -0.23873 -0.20799 -0.05178
v -0.22965 -0.19026 -0.05000
v -0.23954 -0.19181 -0.06315
v -0.24581 -0.20277 -0.06657
v -0.23212 -0.17872 -0.05895
v -0.22142 -0.16879 -0.05135
v -0.25322 -0.21773 -0.06380
v -0.19082 -0.05634 -0.06925
v -0.24823 -0.22289 -0.05326
v -0.17830 0.00381 -0.07510
v -0.20975 -0.13967 -0.05276
v -0.26283 -0.30812 0.06056
v -0.26507 -0.32080 0.07009
v -0.29481 -0.48150 0.09850
v -0.28212 -0.42633 0.09409
v -0.28749 -0.45082 0.09674
v -0.27413 -0.38813 0.08496
v -0.27073 -0.36156 0.08308
v -0.26774 -0.33947 0.07703
v -0.26240 -0.28240 0.05966
v -0.26387 -0.29581 0.06708
v -0.20186 -0.09855 -0.06303
v -0.20806 -0.12136 -0.05912
v -0.24820 -0.24289 -0.03744
v -0.21713 -0.14719 -0.05674
v -0.18090 -0.01146 -0.07378
v -0.26036 -0.28147 -0.02390
v -0.24660 -0.19367 -0.07075
v -0.25730 -0.23744 -0.05131
v -0.23627 -0.17107 -0.06595
v -0.25790 -0.25708 -0.03709
v -0.26835 -0.30060 -0.01846
v -0.22689 -0.15889 -0.06022
v -0.29221 -0.07513 0.00539
v -0.28615 -0.05421 0.01224
v -0.29192 -0.08056 0.01183
v -0.28680 -0.04534 0.00382
v -0.28223 -0.02991 0.01110
v -0.29827 -0.10432 0.00995
v -0.28217 -0.01861 -0.00251
v -0.27949 -0.00643 0.00395
v -0.27637 -0.00447 0.01379
v -0.27074 0.01356 0.02096
v -0.26744 0.00087 0.03970
v -0.26355 0.00573 0.05470
v -0.27268 -0.01314 0.02576
v -0.26673 -0.01720 0.04790
v -0.27287 -0.03313 0.03147
v -0.26918 -0.04401 0.04603
v -0.27609 -0.05332 0.03090
v -0.28204 -0.07031 0.02439
v -0.29485 -0.10151 0.01672
v -0.30086 -0.12355 0.01769
v -0.30577 -0.13844 0.01650
v -0.27027 -0.06316 0.04672
v -0.30231 -0.14310 0.02603
v -0.28857 -0.08564 0.01941
v -0.26027 -0.00690 0.06517
v -0.26350 -0.03445 0.06022
v -0.31143 -0.16430 0.02666
v -0.27583 -0.08685 0.03863
v -0.26640 -0.07158 0.05550
v -0.26977 -0.09631 0.05164
v -0.27589 -0.10517 0.04468
v -0.28171 -0.10480 0.03443
v -0.28187 -0.08967 0.02847
v -0.27939 -0.12207 0.04633
v -0.27324 -0.11734 0.05255
v -0.25526 0.00477 0.07116
v -0.28988 -0.11886 0.02958
v -0.28679 -0.14812 0.04685
v -0.27920 -0.14184 0.05236
v -0.25871 -0.03171 0.06787
v -0.29579 -0.15359 0.03844
v -0.25986 -0.05535 0.06519
v -0.28397 -0.16146 0.05397
v -0.30475 -0.16790 0.03676
v -0.25546 -0.01521 0.07124
v -0.26251 -0.08108 0.06008
v -0.26687 -0.10469 0.05612
v -0.31564 -0.18613 0.03720
v -0.32226 -0.19500 0.03367
v -0.32292 -0.20353 0.04010
v -0.33002 -0.21770 0.03854
v -0.32833 -0.21878 0.04361
v -0.33062 -0.23267 0.05185
v -0.33700 -0.24068 0.04547
v -0.33896 -0.25513 0.05484
v -0.34384 -0.26278 0.04754
v -0.33531 -0.25913 0.06589
v -0.34590 -0.27857 0.05962
v -0.34271 -0.28991 0.07993
v -0.35157 -0.30711 0.07318
v -0.34768 -0.31219 0.09046
v -0.35660 -0.33321 0.08680
v -0.35052 -0.32849 0.09845
v -0.35739 -0.34726 0.09980
v -0.36422 -0.36054 0.09083
v -0.35303 -0.29205 0.04984
v -0.36227 -0.32242 0.05512
v -0.36067 -0.33767 0.07271
v -0.36870 -0.36877 0.08096
v -0.37709 -0.37326 0.06489
v -0.37895 -0.39088 0.07676
v -0.37519 -0.39523 0.08970
v -0.38362 -0.41150 0.08233
v -0.36586 -0.34156 0.06482
v -0.38474 -0.39909 0.06591
v -0.38016 -0.41863 0.10012
v -0.38761 -0.43747 0.09279
v -0.37331 -0.35237 0.05286
v -0.38273 -0.43995 0.11277
v -0.37495 -0.41814 0.11538
v -0.37077 -0.39279 0.10416
v -0.36606 -0.38984 0.11324
v -0.36235 -0.36676 0.10529
v -0.39024 -0.45625 0.10411
v -0.38837 -0.46970 0.11848
v -0.39488 -0.48525 0.10882
v -0.38947 -0.42619 0.07471
v -0.37965 -0.44457 0.12129
v -0.38176 -0.37981 0.05303
v -0.39394 -0.46400 0.08846
v -0.36646 -0.32897 0.04622
v -0.35916 -0.30725 0.04469
v -0.33557 -0.27923 0.08284
v -0.39270 -0.43660 0.06249
v -0.38786 -0.40900 0.05439
v -0.34213 -0.30557 0.09371
v -0.39587 -0.46321 0.06855
v -0.32212 -0.21338 0.04861
v -0.32630 -0.24867 0.07068
v -0.38116 -0.46550 0.12675
v -0.35686 -0.36389 0.11083
v -0.35030 -0.34249 0.10619
v -0.39764 -0.47968 0.05838
v -0.39588 -0.46243 0.05113
v -0.36839 -0.41530 0.12180
v -0.31875 -0.22160 0.05778
v -0.31433 -0.19917 0.04660
v -0.35991 -0.39553 0.12195
v -0.35500 -0.37536 0.11769
v -0.37264 -0.44763 0.12938
v -0.29414 -0.17227 0.04966
v -0.36515 -0.42449 0.12759
v -0.37597 -0.46365 0.13118
v -0.30297 -0.18706 0.04946
v -0.37991 -0.48019 0.13102
v -0.33390 -0.28912 0.09081
v -0.32714 -0.26894 0.08378
v -0.28670 -0.17481 0.05710
v -0.30375 -0.20901 0.06152
v -0.31326 -0.22787 0.06732
v -0.31792 -0.25192 0.07988
v -0.31002 -0.21058 0.05804
v -0.29524 -0.19535 0.05977
v -0.34288 -0.33189 0.10651
v -0.33398 -0.30452 0.09926
v -0.34819 -0.36157 0.11604
v -0.27171 -0.13082 0.05500
v -0.32762 -0.28532 0.09289
v -0.31962 -0.26877 0.08768
v -0.27652 -0.15343 0.05455
v -0.02211 0.00879 0.19900
v -0.02742 -0.00734 0.19933
v -0.02363 -0.00162 0.20022
v -0.01848 -0.00805 0.20112
v -0.02094 -0.01767 0.19839
v -0.01442 -0.02324 0.19840
v -0.01320 -0.01677 0.20086
v -0.25075 0.00488 -0.06229
v -0.26145 -0.00734 -0.05595
v -0.24171 -0.00928 -0.06667
v -0.25621 -0.02134 -0.06059
v -0.26728 -0.02644 -0.05248
v -0.26706 -0.04945 -0.05491
v -0.25700 -0.04733 -0.06061
v -0.26082 -0.07192 -0.05895
v -0.27137 -0.07513 -0.05295
v -0.26866 -0.09208 -0.05581
v -0.37206 -0.46779 0.00041
v -0.37843 -0.46613 0.00624
v -0.37512 -0.43814 0.00397
v -0.36588 -0.44376 -0.00480
v -0.36286 -0.42383 -0.00714
v -0.36758 -0.40688 -0.00256
v -0.35429 -0.39052 -0.01258
v -0.36180 -0.38598 -0.00644
v -0.35406 -0.36128 -0.01123
v -0.34600 -0.35931 -0.01752
v -0.34628 -0.33443 -0.01557
v -0.33459 -0.32278 -0.02397
v -0.33645 -0.30083 -0.02206
v -0.32368 -0.29746 -0.03202
v -0.32543 -0.28349 -0.03154
v -0.31116 -0.27138 -0.04152
v -0.31904 -0.26540 -0.03626
v -0.36614 -0.46791 -0.00279
v -0.35529 -0.43698 -0.00963
v -0.34876 -0.41027 -0.01370
v -0.31302 -0.29297 -0.03735
v -0.30009 -0.26686 -0.04701
v -0.30423 -0.24565 -0.04787
v -0.35938 -0.47425 -0.00366
v -0.34367 -0.37353 -0.01746
v -0.29146 -0.23883 -0.05708
v -0.30341 -0.22362 -0.05243
v -0.34247 -0.38806 -0.01663
v -0.31613 -0.31183 -0.03176
v -0.32454 -0.32577 -0.02735
v -0.33584 -0.34945 -0.02125
v -0.33345 -0.36538 -0.01965
v -0.29479 -0.22606 -0.05932
v -0.28097 -0.22824 -0.06415
v -0.29521 -0.20851 -0.06411
v -0.28676 -0.21392 -0.06793
v -0.28608 -0.19828 -0.07175
v -0.29569 -0.19222 -0.06422
v -0.28468 -0.18619 -0.07260
v -0.29085 -0.18007 -0.06654
v -0.27446 -0.19212 -0.07634
v -0.28287 -0.17019 -0.07012
v -0.27462 -0.16624 -0.07307
v -0.27299 -0.14278 -0.06635
v -0.27324 -0.20534 -0.07419
v -0.26364 -0.13693 -0.06879
v -0.26442 -0.12096 -0.06329
v -0.26679 -0.18323 -0.07708
v -0.27225 -0.12217 -0.05824
v -0.26794 -0.10844 -0.05805
v -0.25982 -0.09906 -0.06129
v -0.24405 -0.08712 -0.06463
v -0.24122 -0.06435 -0.06538
v -0.23004 -0.08586 -0.06925
v -0.22049 -0.06177 -0.07380
v -0.21704 -0.03897 -0.07587
v -0.22789 -0.04793 -0.07131
v -0.24103 -0.03848 -0.06600
v -0.23175 -0.10592 -0.06704
v -0.22439 -0.01871 -0.07287
v -0.20951 -0.00991 -0.07898
v -0.22013 -0.07720 -0.07240
v -0.20355 -0.02052 -0.07951
v -0.19621 0.00917 -0.08239
v -0.20741 -0.04801 -0.07656
v -0.21693 -0.08916 -0.07085
v -0.22288 -0.11711 -0.06676
v -0.21156 -0.06829 -0.07396
v -0.32107 -0.34567 -0.02222
v -0.23594 -0.11851 -0.06603
v -0.24685 -0.11054 -0.06536
v -0.22892 -0.13418 -0.06485
v -0.30103 -0.29024 -0.03980
v -0.26058 -0.19204 -0.07662
v -0.34661 -0.43404 -0.01006
v -0.34929 -0.45390 -0.00681
v -0.35109 -0.47327 -0.00310
v -0.28813 -0.25511 -0.05278
v -0.30816 -0.31523 -0.03074
v -0.22286 0.00710 -0.07466
v -0.33908 -0.39779 -0.01497
v -0.26517 -0.16602 -0.07519
v -0.24215 -0.12814 -0.06685
v -0.25389 -0.12304 -0.06639
v -0.25486 -0.14393 -0.07084
v -0.26818 -0.21879 -0.06936
v -0.33936 -0.41784 -0.01139
v -0.32713 -0.37349 -0.01695
v -0.26007 -0.20725 -0.07266
v -0.25587 -0.17814 -0.07609
v -0.25431 -0.15907 -0.07357
v -0.27427 -0.24111 -0.05848
v -0.23421 -0.14384 -0.06591
v -0.29040 -0.27955 -0.04306
v -0.24439 -0.14450 -0.06901
v -0.08232 0.00682 -0.09783
v -0.07294 -0.00221 -0.10307
v -0.07915 -0.01047 -0.09811
v -0.07310 -0.02235 -0.10373
v -0.07741 -0.02823 -0.09923
v -0.07295 -0.03538 -0.10301
v -0.07532 -0.03729 -0.10132
v -0.08460 0.00086 -0.09176
v -0.07805 -0.03607 -0.09613
v -0.06861 -0.00514 -0.10428
v -0.08067 0.00717 -0.08466
v -0.06903 -0.00897 -0.09476
v -0.06582 -0.00507 -0.09909
v -0.06805 0.00683 -0.09822
v -0.07580 -0.00619 -0.08879
v -0.07374 -0.02115 -0.09081
v -0.06386 -0.01570 -0.09876
v -0.06864 -0.02557 -0.09377
v -0.07078 -0.03717 -0.09327
v -0.06691 -0.03494 -0.09704
v -0.06550 -0.02356 -0.09914
v -0.07549 -0.03157 -0.09093
v -0.07542 -0.03635 -0.09164
v -0.06946 -0.03902 -0.09771
v -0.06445 -0.01136 -0.10316
v -0.06640 -0.00243 -0.10210
v -0.12208 0.01149 -0.13837
v -0.12028 -0.00492 -0.13930
v -0.12432 -0.01037 -0.13765
v -0.12056 -0.02760 -0.13540
v -0.12636 -0.03714 -0.13321
v -0.12127 -0.04895 -0.13102
v -0.11530 -0.04578 -0.13032
v -0.11683 -0.05609 -0.12795
v -0.11243 -0.05496 -0.12782
v -0.12284 -0.05175 -0.12933
v -0.12071 -0.05629 -0.12607
v -0.06570 0.00681 -0.10132
v -0.06861 -0.00514 -0.10428
v -0.06640 -0.00243 -0.10210
v -0.06445 -0.01136 -0.10316
v -0.06972 -0.02533 -0.10303
v -0.07310 -0.02235 -0.10373
v -0.07295 -0.03538 -0.10301
v -0.06953 -0.03674 -0.10033
v -0.07254 -0.03945 -0.10085
v -0.07532 -0.03729 -0.10132
v -0.06550 -0.02356 -0.09914
v -0.06691 -0.03494 -0.09704
v -0.06946 -0.03902 -0.09771
v -0.02289 0.00182 -0.11616
v -0.03030 -0.00048 -0.11684
v -0.04009 0.00346 -0.11691
v -0.02974 -0.01151 -0.11700
v 0.00169 0.00700 -0.11873
v -0.00526 -0.00621 -0.11968
v 0.00061 -0.00844 -0.11895
v -0.01773 -0.00712 -0.11879
v -0.00752 -0.02515 -0.12295
v -0.01492 -0.01929 -0.12189
v -0.01866 -0.03089 -0.12168
v -0.01529 -0.03586 -0.12180
v -0.02143 -0.04549 -0.12025
v -0.01430 -0.05025 -0.12010
v -0.01461 -0.07112 -0.11718
v -0.03590 -0.01319 -0.11498
v -0.02841 -0.02651 -0.11679
v -0.00921 -0.06793 -0.11657
v -0.01156 -0.08756 -0.11355
v -0.02031 -0.08530 -0.11360
v -0.01864 -0.10473 -0.11022
v -0.02275 -0.10201 -0.11015
v -0.02264 -0.11529 -0.10665
v -0.01577 -0.11681 -0.10748
v -0.01204 -0.11088 -0.10772
v -0.02111 -0.06317 -0.11510
v -0.01778 -0.11933 -0.10597
v -0.01371 -0.11956 -0.10583
v -0.02338 -0.00147 -0.11594
v -0.01065 -0.04599 -0.11753
v -0.01170 -0.03619 -0.11905
v -0.02512 0.00009 -0.11380
v -0.00366 -0.02129 -0.11922
v -0.01014 -0.09438 -0.10917
v 0.00120 -0.01168 -0.11610
v -0.01183 -0.11640 -0.10373
v -0.00694 -0.02915 -0.11580
v -0.02505 -0.08791 0.21345
v -0.02938 -0.05726 0.21166
v -0.02927 -0.07597 0.20931
v -0.03318 -0.04501 0.20818
v -0.03240 -0.03279 0.21232
v -0.02785 -0.10720 0.21082
v -0.02542 -0.11468 0.21409
v -0.02364 -0.12770 0.21625
v -0.02779 -0.12922 0.21106
v -0.02216 -0.12040 0.21696
v -0.02133 -0.08965 0.21501
v -0.02458 -0.06540 0.21418
v -0.02689 -0.04430 0.21352
v -0.02586 -0.03504 0.21357
v -0.02747 -0.02572 0.21595
v -0.02318 -0.13080 0.21361
v -0.03280 -0.03184 0.20572
v -0.03437 -0.01733 0.21078
v -0.03476 -0.01692 0.21539
v -0.03660 -0.00471 0.21246
v -0.02119 -0.08344 0.20184
v -0.01797 -0.06967 0.20727
v -0.01813 -0.09170 0.20483
v -0.02115 -0.06219 0.20305
v -0.01968 -0.04680 0.20576
v -0.02249 -0.04358 0.20224
v -0.01612 -0.10018 0.20893
v -0.01934 -0.11496 0.20612
v -0.01609 -0.11713 0.21214
v -0.01706 -0.12780 0.21155
v -0.02051 -0.12997 0.20753
v -0.02299 -0.12871 0.20461
v -0.01744 -0.03955 0.20626
v -0.02205 -0.09743 0.20214
v -0.01810 -0.13122 0.21213
v -0.02316 -0.11934 0.20411
v -0.02471 -0.06146 0.20108
v -0.02779 -0.03689 0.20109
v -0.09708 -0.01492 0.17739
v -0.09682 0.00518 0.17817
v -0.09883 -0.00637 0.18135
v -0.09652 -0.03768 0.17832
v -0.10100 -0.02950 0.18241
v -0.09856 -0.04568 0.18127
v -0.10174 -0.00129 0.18358
v -0.01706 -0.12780 0.21155
v -0.01609 -0.11713 0.21214
v -0.01899 -0.11909 0.21620
v -0.01892 -0.12862 0.21559
v -0.01771 -0.09394 0.21250
v -0.01810 -0.13122 0.21213
v -0.01797 -0.06967 0.20727
v -0.02175 -0.05501 0.21243
v -0.01612 -0.10018 0.20893
v -0.02043 -0.04060 0.21007
v -0.01968 -0.04680 0.20576
v -0.07965 0.00145 0.19727
v -0.07099 -0.00404 0.20489
v -0.07712 -0.01318 0.20036
v -0.07077 -0.01779 0.20369
v -0.07442 -0.02124 0.20136
v -0.08334 -0.01696 0.19507
v -0.08845 0.00506 0.18922
v -0.11742 -0.00979 0.18283
v -0.10843 0.00248 0.18342
v -0.10961 -0.02769 0.18278
v -0.10174 -0.00129 0.18358
v -0.10100 -0.02950 0.18241
v -0.10977 -0.05473 0.18243
v -0.06830 -0.01019 0.20438
v -0.06630 0.00609 0.20431
v -0.07141 -0.02724 0.19990
v -0.09856 -0.04568 0.18127
v -0.11906 -0.02515 0.18412
v -0.11648 -0.03246 0.18275
v -0.11495 -0.04363 0.18233
v -0.11693 -0.06121 0.18365
v -0.12145 -0.06676 0.18438
v -0.11988 -0.08146 0.18672
v -0.12349 -0.08668 0.18651
v -0.12155 -0.11308 0.18704
v -0.11815 -0.10116 0.18594
v -0.11720 -0.11981 0.18619
v -0.11832 -0.13078 0.18645
v -0.12115 -0.13325 0.18653
v -0.11183 -0.06345 0.18129
v -0.10364 -0.05327 0.18071
v -0.11459 -0.07112 0.18106
v -0.11749 -0.03426 -0.13132
v -0.11876 -0.01791 -0.12798
v -0.11597 -0.03856 -0.12742
v -0.11530 -0.04578 -0.13032
v -0.12056 -0.02760 -0.13540
v -0.11195 -0.05083 -0.12644
v -0.11243 -0.05496 -0.12782
v -0.11181 -0.05441 -0.12423
v -0.11795 -0.01569 -0.13448
v -0.12028 -0.00492 -0.13930
v -0.11743 0.00450 -0.13551
v -0.11768 -0.00183 -0.13016
v -0.11597 -0.03856 -0.12742
v -0.11876 -0.01791 -0.12798
v -0.11936 -0.03306 -0.12411
v -0.12364 -0.00610 -0.12587
v -0.11500 -0.04345 -0.12361
v -0.11195 -0.05083 -0.12644
v -0.11269 -0.05202 -0.12168
v -0.11181 -0.05441 -0.12423
v -0.11522 -0.05573 -0.12136
v -0.11486 -0.11919 0.18155
v -0.11639 -0.09878 0.18122
v -0.11815 -0.10116 0.18594
v -0.11720 -0.11981 0.18619
v -0.11667 -0.08222 0.18210
v -0.11832 -0.13078 0.18645
v -0.11988 -0.08146 0.18672
v -0.11498 -0.13026 0.18144
v -0.11705 -0.13400 0.18378
v -0.11459 -0.07112 0.18106
v -0.11693 -0.06121 0.18365
v -0.12115 -0.13325 0.18653
v -0.08380 -0.01216 -0.13249
v -0.08699 0.00363 -0.13545
v -0.08753 -0.01576 -0.13430
v -0.08353 0.00563 -0.13333
v -0.08473 -0.03181 -0.12915
v -0.09009 -0.03488 -0.13151
v -0.08813 -0.04573 -0.12747
v -0.08425 -0.04440 -0.12655
v -0.08988 -0.05219 -0.12718
v -0.08457 -0.05394 -0.12598
v -0.08826 -0.05608 -0.12681
v -0.08171 -0.03472 -0.12825
v -0.08088 -0.02350 -0.13129
v -0.08166 -0.00971 -0.13312
v -0.08159 -0.04606 -0.12710
v -0.08658 -0.05717 -0.12841
v -0.08308 -0.05500 -0.12868
v -0.03902 0.00917 0.20701
v -0.03660 -0.00471 0.21246
v -0.03413 0.01000 0.19988
v -0.03085 -0.01437 0.20347
v -0.03437 -0.01733 0.21078
v -0.03280 -0.03184 0.20572
v -0.02460 -0.02452 0.19914
v -0.02742 -0.00734 0.19933
v -0.02779 -0.03689 0.20109
v -0.02828 -0.05958 0.20299
v -0.03318 -0.04501 0.20818
v -0.02927 -0.07597 0.20931
v -0.02471 -0.06146 0.20108
v -0.02424 -0.08665 0.20195
v -0.02735 -0.08416 0.20504
v -0.02205 -0.09743 0.20214
v -0.02580 -0.10353 0.20540
v -0.02316 -0.11934 0.20411
v -0.02617 -0.12736 0.20665
v -0.02299 -0.12871 0.20461
v -0.02785 -0.10720 0.21082
v -0.02779 -0.12922 0.21106
v -0.02341 -0.13108 0.20790
v -0.02094 -0.01767 0.19839
v -0.01839 -0.03433 0.19927
v -0.02249 -0.04358 0.20224
v -0.01442 -0.02324 0.19840
v -0.02119 -0.08344 0.20184
v -0.01308 -0.02985 0.19938
v -0.01140 -0.02600 0.20154
v -0.01274 -0.01951 0.20458
v -0.01248 -0.03161 0.20600
v -0.01320 -0.01677 0.20086
v -0.01747 -0.00633 0.20439
v -0.01359 -0.03505 0.20225
v -0.01308 -0.02985 0.19938
v -0.01848 -0.00805 0.20112
v -0.01982 -0.00162 0.20371
v -0.01442 -0.02324 0.19840
v -0.02363 -0.00162 0.20022
v -0.01839 -0.03433 0.19927
v -0.02249 -0.04358 0.20224
v -0.12705 0.00766 -0.13392
v -0.12862 0.00418 -0.13049
v -0.12897 -0.02081 -0.13181
v -0.12432 -0.01037 -0.13765
v -0.12636 -0.03714 -0.13321
v -0.12818 -0.03758 -0.12880
v -0.12618 -0.04656 -0.12875
v -0.12284 -0.05175 -0.12933
v -0.12653 -0.03972 -0.12470
v -0.12393 -0.04910 -0.12436
v -0.12887 -0.01988 -0.12817
v -0.12071 -0.05629 -0.12607
v -0.11917 -0.05461 -0.12181
v -0.01744 -0.03955 0.20626
v -0.01248 -0.03161 0.20600
v -0.02043 -0.04060 0.21007
v -0.01968 -0.04680 0.20576
v -0.01359 -0.03505 0.20225
v -0.02249 -0.04358 0.20224
v -0.03493 0.00163 0.21362
v -0.03660 -0.00471 0.21246
v -0.03242 -0.01134 0.21660
v -0.03476 -0.01692 0.21539
v -0.03055 -0.01996 0.21831
v -0.03240 -0.03279 0.21232
v -0.07132 -0.03290 0.19015
v -0.07521 -0.03160 0.19397
v -0.07656 -0.03144 0.18905
v -0.06939 -0.03144 0.19609
v -0.07928 -0.02918 0.19173
v -0.07141 -0.02724 0.19990
v -0.07979 -0.02410 0.19582
v -0.07442 -0.02124 0.20136
v -0.08334 -0.01696 0.19507
v -0.08644 -0.01569 0.19005
v -0.08845 0.00506 0.18922
v -0.12160 -0.13571 0.17881
v -0.11705 -0.13400 0.18378
v -0.12444 -0.13482 0.18235
v -0.12115 -0.13325 0.18653
v -0.12616 -0.13511 0.17769
v -0.11766 -0.13364 0.17771
v -0.12175 -0.13400 0.17462
v -0.12616 -0.13511 0.17769
v -0.12444 -0.13482 0.18235
v -0.12762 -0.12928 0.17932
v -0.12566 -0.06861 0.18091
v -0.12145 -0.06676 0.18438
v -0.12534 -0.05752 0.17346
v -0.12934 -0.06509 0.17030
v -0.12841 -0.05635 0.16625
v -0.12924 -0.07934 0.17809
v -0.12689 -0.08381 0.18299
v -0.12693 -0.04481 0.16854
v -0.12877 -0.10431 0.17768
v -0.12645 -0.09628 0.18266
v -0.12542 -0.11837 0.18294
v -0.12349 -0.08668 0.18651
v -0.12155 -0.11308 0.18704
v -0.12115 -0.13325 0.18653
v -0.12158 -0.04824 0.17411
v -0.11495 -0.04363 0.18233
v -0.11648 -0.03246 0.18275
v -0.12109 -0.03861 0.17603
v -0.12514 -0.03227 0.17355
v -0.12670 -0.02815 0.16795
v -0.12203 -0.01102 0.17610
v -0.12649 -0.00875 0.16585
v -0.11995 0.00949 0.17370
v -0.14500 -0.00318 0.14451
v -0.11742 -0.00979 0.18283
v -0.12120 -0.02639 0.18173
v -0.11906 -0.02515 0.18412
v -0.14601 0.00281 0.14081
v -0.14627 -0.00675 0.14186
v -0.14229 -0.00532 0.14452
v -0.13972 0.00821 0.14698
v -0.01810 -0.13122 0.21213
v -0.02318 -0.13080 0.21361
v -0.02341 -0.13108 0.20790
v -0.02779 -0.12922 0.21106
v -0.01892 -0.12862 0.21559
v -0.02364 -0.12770 0.21625
v -0.02051 -0.12997 0.20753
v -0.02299 -0.12871 0.20461
v -0.08907 -0.05579 -0.12911
v -0.08988 -0.05219 -0.12718
v -0.08981 -0.05256 -0.13044
v -0.09076 -0.04381 -0.13163
v -0.08826 -0.05608 -0.12681
v -0.08658 -0.05717 -0.12841
v -0.09007 -0.03267 -0.13615
v -0.09009 -0.03488 -0.13151
v -0.09019 -0.01723 -0.13837
v -0.08753 -0.01576 -0.13430
v -0.09009 -0.00424 -0.13841
v -0.08699 0.00363 -0.13545
v -0.08962 0.00013 -0.14302
v -0.08669 -0.02546 -0.14194
v -0.08667 -0.00205 -0.14709
v -0.08801 -0.04729 -0.13493
v -0.08450 0.00463 -0.14930
v -0.08658 -0.05530 -0.13250
v -0.08601 -0.04910 -0.13594
v -0.08385 -0.01301 -0.14568
v -0.08330 -0.03873 -0.13940
v -0.06939 -0.03144 0.19609
v -0.06737 -0.02578 0.19835
v -0.07141 -0.02724 0.19990
v -0.07077 -0.01779 0.20369
v -0.06644 -0.01468 0.20154
v -0.06830 -0.01019 0.20438
v -0.06469 -0.00004 0.20228
v -0.06630 0.00609 0.20431
v -0.06726 -0.02975 0.19458
v -0.07132 -0.03290 0.19015
v -0.06543 -0.01145 0.19797
v -0.14601 0.00281 0.14081
v -0.14342 -0.00410 0.13693
v -0.14627 -0.00675 0.14186
v -0.14443 -0.00762 0.13894
v -0.13937 0.00304 0.13327
v -0.13851 -0.00201 0.13340
v -0.13981 -0.00646 0.13543
v -0.13981 -0.00646 0.13543
v -0.14110 -0.00823 0.13995
v -0.14443 -0.00762 0.13894
v -0.13633 -0.00471 0.13587
v -0.13628 -0.00540 0.13921
v -0.14627 -0.00675 0.14186
v -0.14229 -0.00532 0.14452
v -0.13803 0.00033 0.14360
v -0.13330 0.00284 0.13942
v -0.11243 -0.05496 -0.12782
v -0.11181 -0.05441 -0.12423
v -0.11614 -0.05727 -0.12451
v -0.11522 -0.05573 -0.12136
v -0.11683 -0.05609 -0.12795
v -0.12071 -0.05629 -0.12607
v -0.11917 -0.05461 -0.12181
v -0.08658 -0.05530 -0.13250
v -0.08308 -0.05500 -0.12868
v -0.08658 -0.05717 -0.12841
v -0.08328 -0.05015 -0.13465
v -0.08038 -0.05009 -0.13101
v -0.08016 -0.03895 -0.13634
v -0.08330 -0.03873 -0.13940
v -0.07925 -0.02336 -0.13972
v -0.07872 -0.04134 -0.13219
v -0.08385 -0.01301 -0.14568
v -0.08075 -0.00333 -0.14606
v -0.08450 0.00463 -0.14930
v -0.08000 0.00646 -0.14539
v -0.08601 -0.04910 -0.13594
v -0.07861 -0.00343 -0.14197
v -0.08078 0.00268 -0.13601
v -0.07901 -0.02348 -0.13432
v -0.07967 -0.03855 -0.12955
v -0.08041 -0.04967 -0.12863
v -0.01982 -0.00162 0.20371
v -0.02067 -0.00401 0.20672
v -0.02468 -0.00239 0.21055
v -0.01944 -0.01444 0.20761
v -0.02759 -0.00881 0.21506
v -0.02518 -0.02094 0.21412
v -0.02182 -0.02640 0.21144
v -0.01747 -0.00633 0.20439
v -0.02743 -0.01870 0.21785
v -0.02747 -0.02572 0.21595
v -0.02953 0.00904 0.21041
v -0.01274 -0.01951 0.20458
v -0.01248 -0.03161 0.20600
v -0.02043 -0.04060 0.21007
v -0.02586 -0.03504 0.21357
v -0.02175 -0.05501 0.21243
v -0.03493 0.00163 0.21362
v -0.02689 -0.04430 0.21352
v -0.02458 -0.06540 0.21418
v -0.02133 -0.08965 0.21501
v -0.03055 -0.01996 0.21831
v -0.01771 -0.09394 0.21250
v -0.01899 -0.11909 0.21620
v -0.02216 -0.12040 0.21696
v -0.01892 -0.12862 0.21559
v -0.02364 -0.12770 0.21625
v -0.02664 -0.02401 0.21160
v -0.03242 -0.01134 0.21660
v -0.03240 -0.03279 0.21232
v -0.27700 -0.26212 -0.04759
v -0.28813 -0.25511 -0.05278
v -0.29040 -0.27955 -0.04306
v -0.27427 -0.24111 -0.05848
v -0.01065 -0.04599 -0.11753
v -0.01044 -0.03578 -0.11313
v -0.00926 -0.05273 -0.11178
v -0.00841 -0.06986 -0.11251
v -0.00921 -0.06793 -0.11657
v -0.01170 -0.03619 -0.11905
v -0.01014 -0.09438 -0.10917
v -0.00946 -0.07617 -0.10793
v -0.01166 -0.08750 -0.10438
v -0.01248 -0.10513 -0.10214
v -0.01183 -0.11640 -0.10373
v -0.01334 -0.11542 -0.10048
v -0.01204 -0.11088 -0.10772
v -0.00694 -0.02915 -0.11580
v -0.01462 -0.11928 -0.10255
v -0.01371 -0.11956 -0.10583
v -0.29445 -0.29941 -0.03429
v -0.30103 -0.29024 -0.03980
v -0.30816 -0.31523 -0.03074
v -0.29040 -0.27955 -0.04306
v -0.33060 -0.39833 -0.01203
v -0.32713 -0.37349 -0.01695
v -0.33908 -0.39779 -0.01497
v -0.33936 -0.41784 -0.01139
v -0.00366 -0.02129 -0.11922
v 0.00120 -0.01168 -0.11610
v -0.00694 -0.02915 -0.11580
v -0.08809 0.00714 0.18518
v -0.08845 0.00506 0.18922
v -0.08644 -0.01569 0.19005
v -0.08282 -0.00259 0.18381
v -0.08418 -0.01635 0.18722
v -0.07827 -0.02361 0.18698
v -0.07656 -0.03144 0.18905
v -0.07928 -0.02918 0.19173
v -0.07132 -0.03290 0.19015
v -0.08418 -0.01635 0.18722
v -0.07928 -0.02918 0.19173
v -0.08644 -0.01569 0.19005
v -0.18206 -0.06559 0.05827
v -0.17906 -0.04845 0.06547
v -0.16830 -0.03685 0.06038
v -0.17279 -0.03315 0.06761
v -0.16569 -0.01272 0.07051
v -0.18123 -0.04209 0.07050
v -0.18784 -0.06082 0.06601
v -0.19785 -0.08814 0.05814
v -0.18514 -0.07792 0.05377
v -0.19314 -0.09207 0.05236
v -0.17698 -0.02444 0.07453
v -0.20298 -0.11765 0.04530
v -0.19288 -0.10386 0.04380
v -0.19801 -0.12275 0.03569
v -0.21423 -0.17081 0.02999
v -0.22014 -0.17573 0.03520
v -0.21654 -0.15425 0.03944
v -0.20620 -0.14591 0.03187
v -0.20979 -0.13688 0.04090
v -0.20650 -0.16194 0.02352
v -0.22279 -0.14997 0.04494
v -0.22587 -0.17062 0.04003
v -0.22560 -0.19098 0.03550
v -0.21554 -0.12926 0.04877
v -0.21069 -0.10928 0.05351
v -0.26362 -0.12090 0.05629
v -0.27171 -0.13082 0.05500
v -0.26687 -0.10469 0.05612
v -0.23075 -0.04097 0.07415
v -0.23858 -0.02894 0.07732
v -0.22598 -0.02399 0.07796
v -0.21093 -0.03322 0.07458
v -0.21499 -0.05244 0.06941
v -0.23317 -0.06241 0.06770
v -0.20608 -0.01373 0.07805
v -0.21840 -0.01159 0.07994
v -0.23152 -0.00351 0.08178
v -0.24645 -0.04788 0.07176
v -0.24686 -0.06690 0.06717
v -0.24220 -0.08901 0.06027
v -0.25620 -0.09346 0.06002
v -0.24820 -0.10746 0.05682
v -0.22775 -0.07882 0.06138
v -0.23247 -0.10040 0.05550
v -0.21870 -0.08825 0.05922
v -0.24688 -0.13117 0.05214
v -0.23652 -0.11444 0.05376
v -0.22675 -0.13209 0.05033
v -0.23562 -0.15755 0.04523
v -0.25316 -0.14686 0.04960
v -0.22078 -0.10587 0.05531
v -0.20302 -0.08354 0.06083
v -0.20904 -0.07112 0.06483
v -0.19560 -0.06704 0.06546
v -0.19958 -0.05421 0.06982
v -0.19019 -0.03555 0.07398
v -0.18888 -0.04976 0.06996
v -0.18804 -0.01330 0.07855
v -0.21473 0.00652 0.08192
v -0.19886 0.00002 0.07979
v -0.18643 0.01067 0.08226
v -0.25548 -0.16363 0.04718
v -0.24807 -0.17797 0.04302
v -0.23676 -0.20175 0.03620
v -0.25261 -0.19744 0.03996
v -0.23314 -0.18473 0.03901
v -0.16784 0.00895 0.08001
v -0.17225 -0.00676 0.07692
v -0.26583 -0.14545 0.05338
v -0.24655 -0.21409 0.03490
v -0.27652 -0.15343 0.05455
v -0.26748 -0.16928 0.05170
v -0.26297 -0.21505 0.03872
v -0.25754 -0.22098 0.03614
v -0.26131 -0.18311 0.04648
v -0.15842 -0.00833 0.06603
v -0.15993 0.00701 0.07454
v -0.27413 -0.38813 0.08496
v -0.28210 -0.41042 0.09961
v -0.27554 -0.37865 0.09219
v -0.27693 -0.41131 0.08161
v -0.28212 -0.42633 0.09409
v -0.27073 -0.36156 0.08308
v -0.28751 -0.43636 0.10420
v -0.28749 -0.45082 0.09674
v -0.29302 -0.44868 0.11198
v -0.29719 -0.47682 0.10891
v -0.29481 -0.48150 0.09850
v -0.29811 -0.46813 0.11502
v -0.27850 -0.37004 0.09794
v -0.27072 -0.33659 0.08430
v -0.26774 -0.33947 0.07703
v -0.26507 -0.32080 0.07009
v -0.26774 -0.30927 0.07787
v -0.26387 -0.29581 0.06708
v -0.26828 -0.29414 0.07722
v -0.26240 -0.28240 0.05966
v -0.26818 -0.27790 0.07330
v -0.30413 -0.47114 0.12151
v -0.29814 -0.44810 0.11827
v -0.29134 -0.43304 0.11232
v -0.29008 -0.41373 0.11226
v -0.28353 -0.39295 0.10486
v -0.28109 -0.23470 0.05815
v -0.28864 -0.24288 0.06972
v -0.28710 -0.23313 0.06478
v -0.28096 -0.22406 0.05472
v -0.27014 -0.23028 0.04285
v -0.28871 -0.22036 0.06468
v -0.27030 -0.22185 0.04289
v -0.29505 -0.23658 0.07235
v -0.27785 -0.21248 0.05323
v -0.28623 -0.20657 0.06189
v -0.27490 -0.19027 0.05591
v -0.26688 -0.19945 0.04659
v -0.26131 -0.18311 0.04648
v -0.26297 -0.21505 0.03872
v -0.26748 -0.16928 0.05170
v -0.26126 -0.23266 0.03739
v -0.29654 -0.22440 0.06968
v -0.27493 -0.17086 0.05572
v -0.25261 -0.19744 0.03996
v -0.30099 -0.24570 0.07844
v -0.27652 -0.15343 0.05455
v -0.25996 -0.24763 0.04172
v -0.26885 -0.24025 0.04790
v -0.26519 -0.25119 0.05060
v -0.25874 -0.26356 0.04477
v -0.28980 -0.25326 0.07646
v -0.27753 -0.24191 0.06287
v -0.27096 -0.25125 0.06360
v -0.26431 -0.25999 0.05752
v -0.26831 -0.26374 0.06835
v -0.27595 -0.25497 0.07235
v -0.27517 -0.27281 0.07841
v -0.26818 -0.27790 0.07330
v -0.27377 -0.29100 0.08234
v -0.26828 -0.29414 0.07722
v -0.27214 -0.31130 0.08496
v -0.27971 -0.30290 0.09004
v -0.28149 -0.32424 0.09548
v -0.27618 -0.34105 0.09317
v -0.28296 -0.35674 0.10154
v -0.27850 -0.37004 0.09794
v -0.28975 -0.38743 0.11090
v -0.28353 -0.39295 0.10486
v -0.29008 -0.41373 0.11226
v -0.29721 -0.40744 0.11812
v -0.29964 -0.43289 0.12080
v -0.29134 -0.43304 0.11232
v -0.29814 -0.44810 0.11827
v -0.30523 -0.46082 0.12389
v -0.30413 -0.47114 0.12151
v -0.31153 -0.48284 0.12579
v -0.26774 -0.30927 0.07787
v -0.27072 -0.33659 0.08430
v -0.34603 -0.47710 0.12790
v -0.32195 -0.47980 0.12773
v -0.33083 -0.46271 0.12761
v -0.31210 -0.45809 0.12609
v -0.32539 -0.43870 0.12667
v -0.34681 -0.45475 0.13045
v -0.33922 -0.43166 0.12926
v -0.30994 -0.43770 0.12477
v -0.35755 -0.47342 0.13152
v -0.36592 -0.47506 0.13346
v -0.35592 -0.43640 0.13185
v -0.34886 -0.41784 0.12994
v -0.30887 -0.41745 0.12315
v -0.32031 -0.41514 0.12472
v -0.33201 -0.40452 0.12636
v -0.37064 -0.46985 0.13285
v -0.36091 -0.46046 0.13354
v -0.34325 -0.39427 0.12649
v -0.31358 -0.39412 0.12111
v -0.32546 -0.37896 0.12161
v -0.36678 -0.45215 0.13203
v -0.34226 -0.37835 0.12309
v -0.32876 -0.35854 0.11829
v -0.30189 -0.38789 0.11724
v -0.30464 -0.35789 0.11249
v -0.31516 -0.33654 0.11087
v -0.33817 -0.35900 0.11841
v -0.35621 -0.41445 0.12823
v -0.37597 -0.46365 0.13118
v -0.29473 -0.33404 0.10439
v -0.32746 -0.32598 0.10907
v -0.33557 -0.34179 0.11347
v -0.31754 -0.31866 0.10639
v -0.30266 -0.31132 0.10129
v -0.28823 -0.35241 0.10523
v -0.29281 -0.37377 0.11104
v -0.29023 -0.31225 0.09752
v -0.31695 -0.30464 0.10178
v -0.30814 -0.28980 0.09542
v -0.29197 -0.29382 0.09277
v -0.30430 -0.27474 0.08922
v -0.31106 -0.26814 0.08828
v -0.31892 -0.28851 0.09573
v -0.30247 -0.26011 0.08385
v -0.28711 -0.26727 0.08178
v -0.30962 -0.24220 0.07765
v -0.32714 -0.30141 0.09974
v -0.28106 -0.28312 0.08519
v -0.30491 -0.22505 0.06999
v -0.29603 -0.20915 0.06383
v -0.28593 -0.19078 0.06029
v -0.28037 -0.17104 0.05738
v -0.28670 -0.17481 0.05710
v -0.29524 -0.19535 0.05977
v -0.28397 -0.16146 0.05397
v -0.27920 -0.14184 0.05236
v -0.31962 -0.26877 0.08768
v -0.31792 -0.25192 0.07988
v -0.31326 -0.22787 0.06732
v -0.30375 -0.20901 0.06152
v -0.32762 -0.28532 0.09289
v -0.33398 -0.30452 0.09926
v -0.33375 -0.32313 0.10697
v -0.34288 -0.33189 0.10651
v -0.34819 -0.36157 0.11604
v -0.35500 -0.37536 0.11769
v -0.35202 -0.39376 0.12469
v -0.35991 -0.39553 0.12195
v -0.36515 -0.42449 0.12759
v -0.37264 -0.44763 0.12938
v -0.14998 0.00458 0.06241
v -0.15842 -0.00833 0.06603
v -0.15900 -0.02059 0.05596
v -0.16830 -0.03685 0.06038
v -0.14858 -0.00092 0.05331
v -0.16575 -0.04423 0.04608
v -0.17566 -0.06335 0.05009
v -0.18206 -0.06559 0.05827
v -0.18514 -0.07792 0.05377
v -0.18343 -0.08477 0.04438
v -0.19314 -0.09207 0.05236
v -0.17434 -0.06729 0.04189
v -0.15641 -0.02047 0.04921
v -0.18048 -0.08498 0.03570
v -0.18975 -0.10941 0.03199
v -0.19288 -0.10386 0.04380
v -0.19801 -0.12275 0.03569
v -0.19645 -0.13177 0.02485
v -0.20620 -0.14591 0.03187
v -0.19954 -0.14974 0.01619
v -0.20650 -0.16194 0.02352
v -0.20552 -0.17033 0.01530
v -0.19128 -0.11828 0.02377
v -0.19645 -0.13177 0.02485
v -0.18975 -0.10941 0.03199
v -0.19250 -0.12767 0.01489
v -0.18473 -0.09905 0.02345
v -0.19954 -0.14974 0.01619
v -0.18887 -0.11381 0.01246
v -0.21079 -0.19279 0.01165
v -0.20552 -0.17033 0.01530
v -0.20378 -0.17200 0.00504
v -0.21026 -0.19549 -0.00117
v -0.19805 -0.15043 -0.00068
v -0.21550 -0.21392 0.00879
v -0.20344 -0.17119 -0.00644
v -0.23522 -0.24186 0.03154
v -0.23347 -0.22758 0.03305
v -0.22877 -0.22782 0.02905
v -0.23321 -0.25064 0.02724
v -0.24487 -0.26088 0.03482
v -0.24442 -0.27025 0.03205
v -0.25318 -0.27929 0.03771
v -0.22927 -0.21124 0.03408
v -0.25874 -0.26356 0.04477
v -0.25366 -0.25901 0.04017
v -0.25996 -0.24763 0.04172
v -0.25242 -0.24687 0.03665
v -0.26126 -0.23266 0.03739
v -0.24535 -0.22573 0.03365
v -0.25754 -0.22098 0.03614
v -0.24655 -0.21409 0.03490
v -0.25359 -0.23267 0.03463
v -0.24288 -0.24036 0.03369
v -0.23676 -0.20175 0.03620
v -0.22560 -0.19098 0.03550
v -0.24509 -0.25147 0.03508
v -0.26297 -0.21505 0.03872
v -0.26305 -0.31698 0.01622
v -0.27287 -0.33227 0.01770
v -0.26347 -0.31618 0.02693
v -0.25561 -0.30675 0.01983
v -0.24184 -0.28723 0.01330
v -0.23787 -0.27740 0.01765
v -0.23120 -0.26568 0.00797
v -0.23256 -0.26168 0.02165
v -0.22592 -0.25105 0.01312
v -0.25026 -0.29661 0.02287
v -0.25823 -0.30378 0.03360
v -0.24174 -0.27713 0.02601
v -0.26223 -0.30916 0.04021
v -0.25385 -0.29218 0.03438
v -0.26013 -0.29676 0.04648
v -0.22758 -0.24602 0.02225
v -0.22225 -0.23403 0.01594
v -0.22120 -0.22049 0.02155
v -0.21340 -0.18874 0.02165
v -0.20650 -0.16194 0.02352
v -0.25638 -0.28350 0.04212
v -0.26240 -0.28240 0.05966
v -0.25840 -0.27206 0.04637
v -0.22070 -0.23372 0.00360
v -0.26431 -0.25999 0.05752
v -0.26831 -0.26374 0.06835
v -0.26818 -0.27790 0.07330
v -0.22185 -0.19923 0.02954
v -0.21423 -0.17081 0.02999
v -0.22014 -0.17573 0.03520
v -0.24454 0.01165 0.07935
v -0.24171 -0.01184 0.07868
v -0.23152 -0.00351 0.08178
v -0.23858 -0.02894 0.07732
v -0.25164 -0.03852 0.07172
v -0.25218 -0.02183 0.07376
v -0.25871 -0.03171 0.06787
v -0.25546 -0.01521 0.07124
v -0.25986 -0.05535 0.06519
v -0.24645 -0.04788 0.07176
v -0.24980 -0.00431 0.07627
v -0.25560 -0.07160 0.06435
v -0.24686 -0.06690 0.06717
v -0.26251 -0.08108 0.06008
v -0.25620 -0.09346 0.06002
v -0.26687 -0.10469 0.05612
v -0.26362 -0.12090 0.05629
v -0.25526 0.00477 0.07116
v -0.01754 0.00349 -0.10706
v -0.02888 -0.00204 -0.10727
v -0.03321 -0.00929 -0.10680
v -0.02335 -0.01755 -0.10939
v -0.00324 -0.00033 -0.10982
v -0.00992 -0.01893 -0.11170
v -0.01780 -0.03628 -0.11071
v -0.03266 -0.01621 -0.10699
v -0.01044 -0.03578 -0.11313
v -0.02809 -0.02559 -0.11120
v -0.02414 -0.03315 -0.11090
v -0.02059 -0.05105 -0.10993
v -0.01300 -0.05382 -0.10967
v -0.01600 -0.07215 -0.10662
v -0.03322 -0.02075 -0.10960
v -0.00946 -0.07617 -0.10793
v -0.02430 -0.04524 -0.11241
v -0.00189 -0.01499 -0.11347
v 0.00271 -0.00459 -0.11278
v -0.01166 -0.08750 -0.10438
v -0.01952 -0.09847 -0.10228
v -0.01248 -0.10513 -0.10214
v -0.01334 -0.11542 -0.10048
v -0.01925 -0.11680 -0.10023
v -0.02372 -0.10833 -0.10166
v -0.02198 -0.08537 -0.10537
v -0.02100 -0.06350 -0.10977
v -0.02356 -0.11523 -0.10168
v -0.00694 -0.02915 -0.11580
v -0.00926 -0.05273 -0.11178
v -0.01462 -0.11928 -0.10255
v -0.02063 -0.11863 -0.10236
v 0.00120 -0.01168 -0.11610
v -0.03322 -0.02075 -0.10960
v -0.03712 -0.01629 -0.10135
v -0.03792 -0.01723 -0.10582
v -0.03466 -0.02082 -0.11214
v -0.04152 -0.01469 -0.10058
v -0.04114 -0.01318 -0.09716
v -0.02899 -0.02773 -0.11380
v -0.02809 -0.02559 -0.11120
v -0.04269 0.00953 -0.09789
v -0.03922 -0.00810 -0.09725
v -0.04286 -0.00353 -0.09909
v -0.04114 -0.01318 -0.09716
v -0.06714 -0.00227 0.19565
v -0.07467 0.00678 0.18850
v -0.06543 -0.01145 0.19797
v -0.08282 -0.00259 0.18381
v -0.07768 -0.01454 0.18672
v -0.07827 -0.02361 0.18698
v -0.07132 -0.03290 0.19015
v -0.06939 -0.02793 0.19157
v -0.06726 -0.02975 0.19458
v -0.07176 -0.01496 0.19196
v -0.06726 -0.02975 0.19458
v -0.06939 -0.02793 0.19157
v -0.06543 -0.01145 0.19797
v -0.07176 -0.01496 0.19196
v -0.28410 -0.37636 0.11103
v -0.29241 -0.37755 0.11668
v -0.29229 -0.39790 0.11984
v -0.28465 -0.35376 0.10864
v -0.29851 -0.36308 0.11650
v -0.28976 -0.34105 0.10890
v -0.27904 -0.33025 0.10053
v -0.29134 -0.32095 0.10514
v -0.27830 -0.31340 0.09712
v -0.28505 -0.30181 0.09777
v -0.27689 -0.29144 0.09113
v -0.30199 -0.38894 0.12240
v -0.30282 -0.41612 0.12597
v -0.29379 -0.42355 0.12246
v -0.30004 -0.44329 0.12667
v -0.30629 -0.33697 0.11367
v -0.31263 -0.37017 0.12202
v -0.29671 -0.30763 0.10359
v -0.31140 -0.43218 0.12968
v -0.31555 -0.31934 0.11112
v -0.31784 -0.39411 0.12685
v -0.32720 -0.37698 0.12648
v -0.29401 -0.28334 0.09473
v -0.27578 -0.27229 0.08421
v -0.28992 -0.26729 0.08798
v -0.32699 -0.34740 0.12015
v -0.30937 -0.45852 0.13016
v -0.32434 -0.41477 0.13026
v -0.33765 -0.39878 0.13127
v -0.30797 -0.29832 0.10330
v -0.30357 -0.26130 0.08944
v -0.31259 -0.27786 0.09692
v -0.34311 -0.42840 0.13466
v -0.31679 -0.30004 0.10524
v -0.30293 -0.46227 0.12802
v -0.33721 -0.43968 0.13357
v -0.32230 -0.43123 0.13064
v -0.35325 -0.42642 0.13566
v -0.32030 -0.45696 0.13201
v -0.31233 -0.48038 0.13107
v -0.30784 -0.48389 0.12953
v -0.35621 -0.44686 0.13757
v -0.33171 -0.45175 0.13213
v -0.34678 -0.45910 0.13488
v -0.36185 -0.46385 0.13841
v -0.30843 -0.24485 0.08395
v -0.29891 -0.24341 0.08198
v -0.28834 -0.25389 0.08169
v -0.30189 -0.22377 0.07464
v -0.27412 -0.25618 0.07755
v -0.33425 -0.47332 0.13172
v -0.35120 -0.47729 0.13402
v -0.28595 -0.24311 0.07434
v -0.28909 -0.22636 0.07218
v -0.29258 -0.21920 0.07244
v -0.28371 -0.21100 0.06577
v -0.15779 0.00827 0.07958
v -0.16694 0.00523 0.08377
v -0.16627 -0.01074 0.07787
v -0.17666 -0.00442 0.08342
v -0.17277 -0.02099 0.07903
v -0.26520 -0.22991 0.04445
v -0.27484 -0.22888 0.05553
v -0.26579 -0.23993 0.05254
v -0.25699 -0.24281 0.04362
v -0.27505 -0.23556 0.06180
v -0.26716 -0.24633 0.06248
v -0.27658 -0.24152 0.06953
v -0.26920 -0.25409 0.07247
v -0.26340 -0.26049 0.06848
v -0.26007 -0.25447 0.05476
v -0.25695 -0.25296 0.04707
v -0.25704 -0.27105 0.05635
v -0.25272 -0.27130 0.04522
v -0.26245 -0.27992 0.07284
v -0.25187 -0.25711 0.04419
v -0.27929 -0.22229 0.06024
v -0.28220 -0.23449 0.06688
v -0.28909 -0.22636 0.07218
v -0.28595 -0.24311 0.07434
v -0.27412 -0.25618 0.07755
v -0.28371 -0.21100 0.06577
v -0.26575 -0.22081 0.04519
v -0.25493 -0.23383 0.04000
v -0.24815 -0.24773 0.04031
v -0.27542 -0.21200 0.05759
v -0.27381 -0.19373 0.06029
v -0.26457 -0.20333 0.04948
v -0.28481 -0.20089 0.06583
v -0.28266 -0.18347 0.06397
v -0.29258 -0.21920 0.07244
v -0.25967 -0.18118 0.05134
v -0.27360 -0.17436 0.06063
v -0.26650 -0.16432 0.05625
v -0.25835 -0.22212 0.04110
v -0.25781 -0.20486 0.04463
v -0.27624 -0.16176 0.05969
v -0.25166 -0.17579 0.04895
v -0.24197 -0.19462 0.04302
v -0.25408 -0.15533 0.05297
v -0.26649 -0.15127 0.05736
v -0.27487 -0.14544 0.05907
v -0.22731 -0.23647 0.03171
v -0.23815 -0.24643 0.03785
v -0.23712 -0.26197 0.03410
v -0.24643 -0.26734 0.04053
v -0.24945 -0.28792 0.03806
v -0.22977 -0.22347 0.03748
v -0.22530 -0.24800 0.02622
v -0.22008 -0.21289 0.03036
v -0.22393 -0.20534 0.03731
v -0.23084 -0.26654 0.02535
v -0.24267 -0.28659 0.02947
v -0.25271 -0.30020 0.03649
v -0.21614 -0.19397 0.03167
v -0.21977 -0.18166 0.03943
v -0.20984 -0.16760 0.03346
v -0.21817 -0.22869 0.02249
v -0.21150 -0.15030 0.04295
v -0.19970 -0.14452 0.03200
v -0.20235 -0.12699 0.04622
v -0.21251 -0.12661 0.05370
v -0.21937 -0.14717 0.04961
v -0.22038 -0.16780 0.04319
v -0.19888 -0.11203 0.05160
v -0.20454 -0.10956 0.05699
v -0.19598 -0.09021 0.06208
v -0.18844 -0.08728 0.05799
v -0.18850 -0.07045 0.06776
v -0.18228 -0.06779 0.06416
v -0.17901 -0.04534 0.07362
v -0.18681 -0.09603 0.05079
v -0.16965 -0.04613 0.06400
v -0.16706 -0.02855 0.07124
v -0.15620 -0.01266 0.06843
v -0.14690 0.01228 0.07364
v -0.17665 -0.06977 0.05718
v -0.19032 -0.11215 0.04164
v -0.15028 -0.00816 0.06144
v -0.15974 -0.03830 0.05170
v -0.17640 -0.07767 0.04865
v -0.18579 -0.11172 0.03360
v -0.19318 -0.13308 0.02857
v -0.19895 -0.15504 0.02316
v -0.14224 0.00248 0.05545
v -0.20571 -0.18050 0.02094
v -0.15068 -0.01819 0.05162
v -0.21273 -0.21197 0.01828
v -0.16832 -0.06509 0.04252
v -0.17494 -0.08338 0.03599
v -0.25824 -0.31818 0.01560
v -0.25853 -0.31595 0.03110
v -0.26602 -0.32988 0.02131
v -0.24792 -0.30463 0.01657
v -0.25011 -0.30440 0.02548
v -0.23686 -0.28550 0.01845
v -0.23604 -0.28688 0.01324
v -0.22674 -0.26793 0.01313
v -0.22432 -0.25752 0.01769
v -0.25669 -0.30567 0.04519
v -0.22166 -0.25516 0.01099
v -0.21868 -0.23920 0.01614
v -0.21414 -0.22837 0.00921
v -0.20663 -0.19828 0.00952
v -0.19917 -0.17099 0.01116
v -0.19239 -0.14458 0.01512
v -0.18674 -0.12058 0.02194
v -0.25432 -0.28884 0.04757
v -0.18090 -0.10183 0.02396
v -0.27825 -0.34976 0.10265
v -0.27035 -0.34224 0.09297
v -0.27904 -0.33025 0.10053
v -0.26770 -0.31926 0.08752
v -0.27830 -0.31340 0.09712
v -0.27172 -0.30702 0.09027
v -0.27609 -0.36675 0.10238
v -0.28410 -0.37636 0.11103
v -0.28465 -0.35376 0.10864
v -0.26811 -0.28881 0.08283
v -0.27689 -0.29144 0.09113
v -0.27578 -0.27229 0.08421
v -0.26715 -0.27081 0.07686
v -0.27412 -0.25618 0.07755
v -0.26920 -0.25409 0.07247
v -0.26340 -0.26049 0.06848
v -0.26245 -0.27992 0.07284
v -0.26231 -0.30803 0.07706
v -0.28629 -0.40182 0.11479
v -0.29229 -0.39790 0.11984
v -0.27761 -0.38704 0.10489
v -0.28153 -0.40799 0.10946
v -0.28668 -0.42886 0.11440
v -0.29379 -0.42355 0.12246
v -0.29468 -0.44455 0.12177
v -0.30004 -0.44329 0.12667
v -0.30293 -0.46227 0.12802
v -0.29695 -0.46183 0.12197
v -0.29050 -0.45645 0.11490
v -0.29882 -0.48352 0.12010
v -0.28377 -0.43395 0.10824
v -0.27164 -0.38738 0.09320
v -0.26857 -0.36225 0.08994
v -0.27582 -0.40693 0.09769
v -0.26449 -0.33861 0.08206
v -0.28663 -0.45305 0.10741
v -0.29180 -0.47838 0.10707
v -0.27988 -0.43507 0.09763
v -0.28532 -0.46134 0.09936
v -0.26560 -0.36425 0.08049
v -0.26016 -0.31866 0.06990
v -0.26211 -0.34255 0.07093
v -0.26827 -0.38245 0.08333
v -0.27095 -0.40515 0.07965
v -0.27476 -0.42420 0.08329
v -0.25822 -0.29734 0.06269
v -0.25704 -0.27105 0.05635
v -0.25432 -0.28884 0.04757
v -0.25272 -0.27130 0.04522
v -0.28198 -0.45772 0.08657
v -0.24945 -0.28792 0.03806
v -0.28836 -0.48158 0.08926
v -0.02899 -0.02773 -0.11380
v -0.02430 -0.04524 -0.11241
v -0.02809 -0.02559 -0.11120
v -0.01462 -0.11928 -0.10255
v -0.02063 -0.11863 -0.10236
v -0.01778 -0.11933 -0.10597
v -0.01371 -0.11956 -0.10583
v -0.02264 -0.11529 -0.10665
v -0.02356 -0.11523 -0.10168
v -0.04554 0.00358 -0.10355
v -0.04286 -0.00353 -0.09909
v -0.04383 -0.00431 -0.10379
v -0.04152 -0.01469 -0.10058
v -0.04114 -0.01318 -0.09716
v -0.02143 -0.04549 -0.12025
v -0.02661 -0.03646 -0.11553
v -0.02841 -0.02651 -0.11679
v -0.02111 -0.06317 -0.11510
v -0.02899 -0.02773 -0.11380
v -0.03466 -0.02082 -0.11214
v -0.03590 -0.01319 -0.11498
v -0.03945 -0.01088 -0.10945
v -0.04196 0.00089 -0.11335
v -0.04009 0.00346 -0.11691
v -0.03792 -0.01723 -0.10582
v -0.04304 0.00207 -0.10721
v -0.02430 -0.04524 -0.11241
v -0.02100 -0.06350 -0.10977
v -0.02253 -0.08495 -0.11007
v -0.02031 -0.08530 -0.11360
v -0.02275 -0.10201 -0.11015
v -0.02465 -0.10754 -0.10561
v -0.02198 -0.08537 -0.10537
v -0.02372 -0.10833 -0.10166
v -0.08275 0.00214 -0.08750
v -0.07580 -0.00619 -0.08879
v -0.07787 -0.01215 -0.09324
v -0.07549 -0.03157 -0.09093
v -0.07374 -0.02115 -0.09081
v -0.07765 -0.02374 -0.09390
v -0.07805 -0.03607 -0.09613
v -0.07542 -0.03635 -0.09164
v -0.07915 -0.01047 -0.09811
v -0.07741 -0.02823 -0.09923
v -0.08460 0.00086 -0.09176
v -0.07527 -0.03944 -0.09656
v -0.07532 -0.03729 -0.10132
v -0.07254 -0.03945 -0.10085
v -0.06946 -0.03902 -0.09771
v -0.07078 -0.03717 -0.09327
v -0.07527 -0.03944 -0.09656
v -0.07542 -0.03635 -0.09164
v -0.07254 -0.03945 -0.10085
v -0.02192 -0.00396 -0.11271
v -0.02512 0.00009 -0.11380
v -0.02338 -0.00147 -0.11594
v -0.02192 -0.00396 -0.11271
v -0.02338 -0.00147 -0.11594
v -0.02512 0.00009 -0.11380
v -0.03577 -0.00298 -0.10240
v -0.03321 -0.00929 -0.10680
v -0.03266 -0.01621 -0.10699
v -0.03922 -0.00810 -0.09725
v -0.03712 -0.01629 -0.10135
v -0.04114 -0.01318 -0.09716
v -0.03322 -0.02075 -0.10960
v -0.26896 -0.17204 -0.08061
v -0.27267 -0.16101 -0.07755
v -0.26063 -0.14947 -0.07680
v -0.26803 -0.14364 -0.07429
v -0.25758 -0.12940 -0.07244
v -0.26294 -0.11995 -0.06873
v -0.25079 -0.11401 -0.07004
v -0.25879 -0.16657 -0.08013
v -0.25461 -0.09982 -0.06801
v -0.24001 -0.10359 -0.07049
v -0.25216 -0.07534 -0.06690
v -0.26217 -0.18197 -0.08160
v -0.27212 -0.18747 -0.08146
v -0.23890 -0.12202 -0.07083
v -0.24906 -0.14202 -0.07458
v -0.22695 -0.11476 -0.07150
v -0.26480 -0.19575 -0.08118
v -0.24768 -0.16061 -0.07697
v -0.24955 -0.17615 -0.07893
v -0.25288 -0.19382 -0.07944
v -0.23388 -0.14757 -0.07051
v -0.28175 -0.19689 -0.07861
v -0.27591 -0.21103 -0.07734
v -0.26769 -0.21061 -0.07769
v -0.25709 -0.20376 -0.07823
v -0.27206 -0.22988 -0.06909
v -0.17708 0.00171 -0.07977
v -0.18684 -0.00248 -0.08444
v -0.18677 -0.02338 -0.08083
v -0.19397 -0.02530 -0.08300
v -0.19715 -0.04838 -0.08013
v -0.19739 -0.00663 -0.08583
v -0.20181 -0.02291 -0.08415
v -0.20662 -0.04685 -0.08139
v -0.21020 -0.06698 -0.07870
v -0.20176 -0.06757 -0.07768
v -0.21697 -0.08437 -0.07617
v -0.20717 -0.08763 -0.07473
v -0.21968 -0.10626 -0.07292
v -0.21341 -0.11478 -0.06964
v -0.22516 -0.12875 -0.06981
v -0.22013 -0.13690 -0.06677
v -0.23402 -0.13528 -0.07048
v -0.22773 -0.09835 -0.07338
v -0.22337 -0.06813 -0.07747
v -0.21905 -0.05154 -0.07949
v -0.21521 -0.03625 -0.08112
v -0.22902 -0.08413 -0.07471
v -0.20695 0.00031 -0.08496
v -0.21252 -0.01914 -0.08246
v -0.17431 -0.00461 -0.07614
v -0.17766 -0.02345 -0.07366
v -0.18405 -0.04142 -0.07421
v -0.19258 -0.05176 -0.07717
v -0.18977 -0.06776 -0.07075
v -0.19871 -0.07950 -0.07278
v -0.19684 -0.09223 -0.06774
v -0.20484 -0.09821 -0.07053
v -0.20589 -0.11974 -0.06422
v -0.21430 -0.14421 -0.06155
v -0.22664 -0.15630 -0.06613
v -0.22268 -0.16495 -0.06146
v -0.23504 -0.16419 -0.07124
v -0.23585 -0.19026 -0.06686
v -0.24117 -0.18769 -0.07401
v -0.24680 -0.18617 -0.07762
v -0.34988 -0.47447 -0.00736
v -0.35718 -0.46349 -0.01039
v -0.34565 -0.44443 -0.01276
v -0.35892 -0.44544 -0.01269
v -0.35278 -0.42652 -0.01615
v -0.34425 -0.42095 -0.01662
v -0.34722 -0.39976 -0.01965
v -0.33805 -0.39603 -0.01980
v -0.33577 -0.37181 -0.02337
v -0.34608 -0.36461 -0.02212
v -0.33893 -0.34764 -0.02532
v -0.32923 -0.35205 -0.02633
v -0.33044 -0.32823 -0.03011
v -0.32110 -0.32961 -0.03149
v -0.32072 -0.31203 -0.03581
v -0.30963 -0.32044 -0.03380
v -0.31423 -0.29695 -0.04079
v -0.30110 -0.29820 -0.04177
v -0.30597 -0.28345 -0.04636
v -0.29324 -0.27706 -0.04964
v -0.29377 -0.26471 -0.05368
v -0.28269 -0.26465 -0.05352
v -0.31426 -0.33696 -0.02857
v -0.31982 -0.35317 -0.02483
v -0.32612 -0.37452 -0.02150
v -0.27953 -0.24547 -0.06204
v -0.28820 -0.24030 -0.06304
v -0.27206 -0.22988 -0.06909
v -0.28339 -0.22206 -0.07144
v -0.27591 -0.21103 -0.07734
v -0.33424 -0.41467 -0.01513
v -0.26207 -0.21720 -0.07414
v -0.27206 -0.22988 -0.06909
v -0.26769 -0.21061 -0.07769
v -0.25709 -0.20376 -0.07823
v -0.27034 -0.24882 -0.05850
v -0.28269 -0.26465 -0.05352
v -0.27953 -0.24547 -0.06204
v -0.25586 -0.22780 -0.06476
v -0.27173 -0.26479 -0.04917
v -0.25313 -0.21095 -0.07380
v -0.24738 -0.21524 -0.06767
v -0.24621 -0.20306 -0.07332
v -0.25288 -0.19382 -0.07944
v -0.24680 -0.18617 -0.07762
v -0.24117 -0.18769 -0.07401
v -0.28449 -0.28749 -0.04221
v -0.30110 -0.29820 -0.04177
v -0.29324 -0.27706 -0.04964
v -0.29901 -0.31423 -0.03357
v -0.30963 -0.32044 -0.03380
v -0.30055 -0.32868 -0.02685
v -0.31426 -0.33696 -0.02857
v -0.30840 -0.35177 -0.02021
v -0.31982 -0.35317 -0.02483
v -0.28361 -0.31013 -0.02790
v -0.27770 -0.29538 -0.03339
v -0.26207 -0.28740 -0.02812
v -0.26928 -0.30993 -0.01924
v -0.28789 -0.32470 -0.02133
v -0.29826 -0.34316 -0.01689
v -0.27058 -0.31975 -0.01248
v -0.28280 -0.33198 -0.01228
v -0.25927 -0.26542 -0.03931
v -0.26109 -0.24948 -0.05260
v -0.30549 -0.36550 -0.01122
v -0.31773 -0.37260 -0.01766
v -0.25150 -0.23966 -0.05111
v -0.25000 -0.27185 -0.02701
v -0.24131 -0.24540 -0.03574
v -0.26082 -0.30482 -0.01493
v -0.31292 -0.38425 -0.00892
v -0.28825 -0.34311 -0.00761
v -0.29567 -0.36190 -0.00151
v -0.24794 -0.28360 -0.01639
v -0.27695 -0.33505 -0.00354
v -0.23795 -0.21980 -0.05062
v -0.23249 -0.25575 -0.01714
v -0.22952 -0.23622 -0.02808
v -0.25053 -0.29737 -0.00757
v -0.22370 -0.21292 -0.03640
v -0.23082 -0.19755 -0.05545
v -0.21898 -0.18586 -0.04723
v -0.22496 -0.18001 -0.05719
v -0.20933 -0.15682 -0.05148
v -0.22268 -0.16495 -0.06146
v -0.21430 -0.14421 -0.06155
v -0.20241 -0.13101 -0.05583
v -0.20589 -0.11974 -0.06422
v -0.19442 -0.10858 -0.05610
v -0.19684 -0.09223 -0.06774
v -0.18833 -0.07805 -0.06368
v -0.18977 -0.06776 -0.07075
v -0.23585 -0.19026 -0.06686
v -0.24179 -0.20457 -0.06811
v -0.26086 -0.31294 -0.00567
v -0.23504 -0.16419 -0.07124
v -0.21821 -0.24159 0.00280
v -0.21457 -0.22422 -0.00759
v -0.21237 -0.22063 0.00151
v -0.20842 -0.20139 -0.01058
v -0.20181 -0.18177 -0.00391
v -0.22186 -0.24610 -0.00769
v -0.20494 -0.17671 -0.02472
v -0.19622 -0.15706 -0.01386
v -0.19932 -0.15295 -0.03396
v -0.19386 -0.13985 -0.02694
v -0.19216 -0.12757 -0.03622
v -0.18772 -0.11849 -0.02419
v -0.18532 -0.10297 -0.03188
v -0.18933 -0.10931 -0.04320
v -0.18269 -0.08531 -0.03772
v -0.18808 -0.09127 -0.05513
v -0.18083 -0.07264 -0.04712
v -0.18138 -0.06689 -0.05845
v -0.17423 -0.04231 -0.05668
v -0.22615 -0.26094 -0.00120
v -0.22166 -0.25516 0.01099
v -0.17946 -0.08998 -0.01284
v -0.17502 -0.07116 -0.01182
v -0.18470 -0.11276 -0.01072
v -0.18961 -0.13197 -0.00911
v -0.17589 -0.05967 -0.02965
v -0.17060 -0.05236 -0.01259
v -0.16668 -0.05377 0.00715
v -0.17154 -0.07103 0.00915
v -0.17602 -0.08641 0.01129
v -0.17267 -0.04330 -0.04051
v -0.16903 -0.03480 -0.02362
v -0.16962 -0.02568 -0.05037
v -0.16912 -0.01623 -0.06079
v -0.16553 -0.00510 -0.05471
v -0.16441 0.00383 -0.06069
v -0.18271 -0.10800 0.00344
v -0.16716 -0.06206 0.02541
v -0.16682 -0.01793 -0.03743
v -0.16449 -0.01241 -0.02961
v -0.16241 0.00131 -0.04264
v -0.19380 -0.15203 0.00109
v -0.15994 -0.03416 0.01076
v -0.15794 -0.03621 0.02596
v -0.16222 -0.02599 -0.00686
v -0.15161 -0.01563 0.02159
v -0.15667 -0.01900 0.00391
v -0.15963 -0.00949 -0.01627
v -0.15012 -0.01645 0.03302
v -0.14311 0.00267 0.03503
v -0.14494 0.00642 0.01518
v -0.15261 -0.00530 0.00104
v -0.15142 0.00407 -0.01107
v -0.19836 -0.13755 -0.04511
v -0.21414 -0.22837 0.00921
v -0.18780 -0.12792 0.00723
v -0.15812 0.00682 -0.03576
v -0.22674 -0.26793 0.01313
v -0.23281 -0.27916 0.00678
v -0.21427 -0.19540 -0.03254
v -0.21941 -0.22552 -0.01853
v -0.20787 -0.16764 -0.04171
v -0.16248 -0.05016 0.03782
v -0.15512 -0.03042 0.04113
v -0.14714 -0.00958 0.04573
v -0.14224 0.00248 0.05545
v -0.20663 -0.19828 0.00952
v -0.19917 -0.17099 0.01116
v -0.19239 -0.14458 0.01512
v -0.17474 -0.03051 -0.06564
v -0.23741 -0.27987 -0.00434
v -0.18209 -0.05556 -0.06589
v -0.23604 -0.28688 0.01324
v -0.16635 0.00837 -0.06770
v -0.17301 -0.01276 -0.07069
v -0.16832 -0.06509 0.04252
v -0.17494 -0.08338 0.03599
v -0.18090 -0.10183 0.02396
v -0.18674 -0.12058 0.02194
v -0.15068 -0.01819 0.05162
v -0.24949 -0.30411 0.00532
v -0.24792 -0.30463 0.01657
v -0.25824 -0.31818 0.01560
v -0.26696 -0.32794 0.00613
v -0.26602 -0.32988 0.02131
v -0.27393 -0.34293 0.01805
v -0.26681 -0.33261 0.03027
v -0.26983 -0.34443 0.03326
v -0.26304 -0.33607 0.04311
v -0.25853 -0.31595 0.03110
v -0.25980 -0.32108 0.04536
v -0.26097 -0.33767 0.05981
v -0.28280 -0.35714 0.01820
v -0.28201 -0.34754 0.00648
v -0.26376 -0.35753 0.05303
v -0.26913 -0.36327 0.04173
v -0.25669 -0.30567 0.04519
v -0.25831 -0.31405 0.05662
v -0.26363 -0.36275 0.06589
v -0.26609 -0.38059 0.06583
v -0.26590 -0.37363 0.05257
v -0.27074 -0.40742 0.05819
v -0.27106 -0.38965 0.04781
v -0.27391 -0.41078 0.05131
v -0.27678 -0.43877 0.06080
v -0.28160 -0.44717 0.05243
v -0.28266 -0.46475 0.06307
v -0.28946 -0.47633 0.05266
v -0.28966 -0.46546 0.04461
v -0.28237 -0.43589 0.04407
v -0.28338 -0.46779 0.07279
v -0.27665 -0.43850 0.07374
v -0.27051 -0.40713 0.06650
v -0.17766 -0.02345 -0.07366
v -0.17431 -0.00461 -0.07614
v -0.18405 -0.04142 -0.07421
v -0.28836 -0.48158 0.08926
v -0.28198 -0.45772 0.08657
v -0.27095 -0.40515 0.07965
v -0.27476 -0.42420 0.08329
v -0.15974 -0.03830 0.05170
v -0.26211 -0.34255 0.07093
v -0.26016 -0.31866 0.06990
v -0.26827 -0.38245 0.08333
v -0.26560 -0.36425 0.08049
v -0.25822 -0.29734 0.06269
v -0.25432 -0.28884 0.04757
v -0.33914 -0.47097 -0.00142
v -0.34988 -0.47447 -0.00736
v -0.33532 -0.45122 -0.00476
v -0.34565 -0.44443 -0.01276
v -0.33367 -0.42919 -0.01054
v -0.33424 -0.41467 -0.01513
v -0.32505 -0.41686 -0.00764
v -0.32272 -0.39954 -0.01182
v -0.32612 -0.37452 -0.02150
v -0.32747 -0.43643 -0.00245
v -0.31141 -0.39464 -0.00156
v -0.32963 -0.48197 0.01354
v -0.32090 -0.48199 0.02405
v -0.32151 -0.45577 0.01297
v -0.30876 -0.46322 0.02912
v -0.30307 -0.44149 0.02797
v -0.30291 -0.42260 0.02283
v -0.31620 -0.42023 0.00457
v -0.28584 -0.42566 0.03847
v -0.30126 -0.39616 0.01464
v -0.28551 -0.40340 0.03400
v -0.29159 -0.38770 0.02433
v -0.27817 -0.38027 0.03487
v -0.27609 -0.39857 0.04151
v -0.27735 -0.36284 0.03002
v -0.29266 -0.44840 0.03788
v -0.29950 -0.47284 0.03873
v -0.29101 -0.37187 0.01697
v -0.30031 -0.38093 0.00654
v -0.02301 -0.03113 0.20690
v -0.02713 -0.02442 0.20799
v -0.02431 -0.02525 0.20784
v -0.02573 -0.02066 0.20711
v -0.02640 -0.03079 0.20880
v -0.02559 -0.04274 0.20696
v -0.02132 -0.02493 0.20408
v -0.02279 -0.03298 0.20464
v -0.02640 -0.03079 0.20880
v -0.02824 -0.03329 0.20704
v -0.02807 -0.02682 0.21033
v -0.02664 -0.02401 0.21160
v -0.02559 -0.04274 0.20696
v -0.02640 -0.03079 0.20880
v -0.02664 -0.02401 0.21160
v -0.02713 -0.02442 0.20799
v -0.02547 -0.02770 0.20451
v -0.02713 -0.02442 0.20799
v -0.02824 -0.03329 0.20704
v -0.02518 -0.02416 0.20481
v -0.02573 -0.02066 0.20711
v -0.02807 -0.02682 0.21033
v -0.02279 -0.03298 0.20464
v -0.02559 -0.04274 0.20696
v -0.02132 -0.02493 0.20408
v -0.02713 -0.02442 0.20799
v -0.02664 -0.02401 0.21160
v -0.02807 -0.02682 0.21033
v -0.02713 -0.02442 0.20799
v -0.02758 -0.01734 0.20951
v -0.02573 -0.02066 0.20711
v -0.02713 -0.02442 0.20799
v -0.02664 -0.02401 0.21160
v -0.02758 -0.01734 0.20951
v -0.02573 -0.02066 0.20711
v -0.02758 -0.01734 0.20951
v -0.02713 -0.02442 0.20799
v -0.02713 -0.02442 0.20799
v -0.02758 -0.01734 0.20951
v -0.02664 -0.02401 0.21160
v -0.29784 -0.19731 0.06453
v -0.29292 -0.18332 0.06219
v -0.30250 -0.19399 0.06031
v -0.30789 -0.21097 0.06612
v -0.30200 -0.20925 0.06829
v -0.30828 -0.22472 0.07442
v -0.31645 -0.23011 0.07302
v -0.31385 -0.24460 0.08354
v -0.32168 -0.24984 0.08236
v -0.31839 -0.26296 0.09056
v -0.33243 -0.28074 0.09314
v -0.32153 -0.28543 0.09920
v -0.33531 -0.30112 0.10234
v -0.32940 -0.31124 0.10826
v -0.34132 -0.32411 0.10989
v -0.33101 -0.33169 0.11564
v -0.33961 -0.35202 0.12096
v -0.35278 -0.36220 0.11957
v -0.34700 -0.37669 0.12659
v -0.36156 -0.39580 0.12667
v -0.34801 -0.39336 0.13067
v -0.36142 -0.42015 0.13280
v -0.36986 -0.41663 0.12754
v -0.37141 -0.43842 0.13356
v -0.29061 -0.19202 0.06488
v -0.28457 -0.16732 0.06103
v -0.29430 -0.20766 0.06824
v -0.35325 -0.42642 0.13566
v -0.30189 -0.22377 0.07464
v -0.31679 -0.30004 0.10524
v -0.36550 -0.45027 0.13677
v -0.37652 -0.45939 0.13525
v -0.31259 -0.27786 0.09692
v -0.30843 -0.24485 0.08395
v -0.33662 -0.37297 0.12679
v -0.32699 -0.34740 0.12015
v -0.31555 -0.31934 0.11112
v -0.28266 -0.18347 0.06397
v -0.37190 -0.47221 0.13727
v -0.35621 -0.44686 0.13757
v -0.36185 -0.46385 0.13841
v -0.29258 -0.21920 0.07244
v -0.29891 -0.24341 0.08198
v -0.28481 -0.20089 0.06583
v -0.27624 -0.16176 0.05969
v -0.33765 -0.39878 0.13127
v -0.28165 -0.15427 0.05887
v -0.27487 -0.14544 0.05907
v -0.27815 -0.13918 0.05834
v -0.32720 -0.37698 0.12648
v -0.26933 -0.12409 0.06029
v -0.27253 -0.12013 0.05968
v -0.26738 -0.10587 0.06146
v -0.25651 -0.10475 0.06285
v -0.26591 -0.08608 0.06329
v -0.26014 -0.12630 0.06018
v -0.25948 -0.08373 0.06574
v -0.25880 -0.06724 0.06906
v -0.24411 0.00203 0.08388
v -0.25239 -0.00385 0.07983
v -0.24477 -0.01749 0.08200
v -0.25664 -0.02597 0.07586
v -0.24858 -0.03382 0.07860
v -0.25565 -0.05098 0.07309
v -0.26138 -0.04202 0.07131
v -0.26370 -0.06286 0.06746
v -0.25880 -0.06724 0.06906
v -0.26591 -0.08608 0.06329
v -0.23696 -0.00844 0.08538
v -0.23778 -0.02305 0.08329
v -0.24260 -0.04301 0.07875
v -0.24549 -0.06027 0.07378
v -0.25143 -0.07463 0.06962
v -0.25948 -0.08373 0.06574
v -0.24616 -0.08309 0.06747
v -0.25651 -0.10475 0.06285
v -0.20189 -0.00541 0.08386
v -0.18222 0.00674 0.08655
v -0.22656 -0.00514 0.08610
v -0.18486 -0.01602 0.08239
v -0.19685 -0.02748 0.08078
v -0.21108 -0.02430 0.08112
v -0.21531 -0.04613 0.07607
v -0.20125 -0.04992 0.07564
v -0.21667 -0.06813 0.06984
v -0.20077 -0.07727 0.06752
v -0.21658 -0.08961 0.06384
v -0.22796 -0.08117 0.06537
v -0.23083 -0.09551 0.06116
v -0.22052 -0.10258 0.06044
v -0.23673 -0.11071 0.05906
v -0.22448 -0.11606 0.05805
v -0.23704 -0.13476 0.05499
v -0.22537 -0.13177 0.05518
v -0.22288 -0.01898 0.08354
v -0.23207 -0.04237 0.07859
v -0.21846 0.01307 0.08806
v -0.20228 -0.09268 0.06248
v -0.20885 -0.10598 0.05897
v -0.22665 -0.14843 0.05115
v -0.23453 -0.07144 0.06971
v -0.19339 -0.06040 0.07214
v -0.18295 -0.04078 0.07643
v -0.25036 -0.14122 0.05505
v -0.23725 -0.16922 0.04768
v -0.21251 -0.12661 0.05370
v -0.24219 -0.09526 0.06330
v -0.17666 -0.00442 0.08342
v -0.26014 -0.12630 0.06018
v -0.22593 -0.16446 0.04713
v -0.22857 -0.18010 0.04386
v -0.25408 -0.15533 0.05297
v -0.25166 -0.17579 0.04895
v -0.24197 -0.19462 0.04302
v -0.22895 -0.20387 0.03961
v -0.24466 -0.22001 0.03899
v -0.22977 -0.22347 0.03748
v -0.24323 -0.23738 0.03819
v -0.23815 -0.24643 0.03785
v -0.25493 -0.23383 0.04000
v -0.17277 -0.02099 0.07903
v -0.25835 -0.22212 0.04110
v -0.25781 -0.20486 0.04463
v -0.18850 -0.07045 0.06776
v -0.19598 -0.09021 0.06208
v -0.20454 -0.10956 0.05699
v -0.17901 -0.04534 0.07362
v -0.21937 -0.14717 0.04961
v -0.26649 -0.15127 0.05736
v -0.27487 -0.14544 0.05907
v -0.25967 -0.18118 0.05134
v -0.24815 -0.24773 0.04031
v -0.24643 -0.26734 0.04053
v -0.22393 -0.20534 0.03731
v -0.21977 -0.18166 0.03943
v -0.22038 -0.16780 0.04319
v -0.21150 -0.15030 0.04295
v -0.33425 -0.47332 0.13172
v -0.32030 -0.45696 0.13201
v -0.33171 -0.45175 0.13213
v -0.12862 0.00418 -0.13049
v -0.12364 -0.00610 -0.12587
v -0.12887 -0.01988 -0.12817
v -0.12514 -0.02346 -0.12561
v -0.12653 -0.03972 -0.12470
v -0.12231 -0.04421 -0.12239
v -0.12393 -0.04910 -0.12436
v -0.11917 -0.05461 -0.12181
v -0.11725 -0.04996 -0.12088
v -0.11936 -0.03306 -0.12411
v -0.11269 -0.05202 -0.12168
v -0.11522 -0.05573 -0.12136
v -0.11500 -0.04345 -0.12361
v -0.11996 0.01204 -0.12497
v -0.11876 -0.01791 -0.12798
v -0.08353 0.00563 -0.13333
v -0.08078 0.00268 -0.13601
v -0.08166 -0.00971 -0.13312
v -0.07901 -0.02348 -0.13432
v -0.08088 -0.02350 -0.13129
v -0.07967 -0.03855 -0.12955
v -0.08171 -0.03472 -0.12825
v -0.08159 -0.04606 -0.12710
v -0.08041 -0.04967 -0.12863
v -0.08457 -0.05394 -0.12598
v -0.08308 -0.05500 -0.12868
v -0.11768 -0.00183 -0.13016
v -0.13223 0.01151 -0.09427
v -0.13565 0.00544 -0.09610
v -0.13335 -0.00717 -0.09314
v -0.12884 -0.01241 -0.08775
v -0.12964 -0.02565 -0.08640
v -0.12724 -0.02331 -0.08497
v -0.12983 0.00203 -0.09021
v -0.12271 -0.03046 -0.08266
v -0.12350 -0.02393 -0.08274
v -0.12753 -0.01454 -0.08328
v -0.12134 -0.02710 -0.07932
v -0.12473 -0.03471 -0.08201
v -0.12834 -0.03496 -0.08231
v -0.13106 -0.03086 -0.08410
v -0.12246 -0.03274 -0.07894
v -0.13416 -0.01875 -0.08826
v -0.13794 -0.00134 -0.09304
v -0.12834 -0.03496 -0.08231
v -0.12682 -0.03431 -0.07894
v -0.13267 -0.03142 -0.08041
v -0.13287 -0.03054 -0.07773
v -0.13631 -0.02660 -0.07763
v -0.12473 -0.03471 -0.08201
v -0.12246 -0.03274 -0.07894
v -0.14061 0.00536 -0.08232
v -0.13949 -0.01175 -0.08052
v -0.13522 -0.00883 -0.07839
v -0.13516 -0.02122 -0.07594
v -0.13328 -0.02648 -0.07601
v -0.13124 -0.02295 -0.07544
v -0.13886 -0.01942 -0.08097
v -0.12583 -0.02539 -0.07774
v -0.12824 -0.01763 -0.07976
v -0.13124 -0.02295 -0.07544
v -0.13522 -0.00883 -0.07839
v -0.12134 -0.02710 -0.07932
v -0.13640 0.01245 -0.08329
v -0.12443 -0.03038 -0.07708
v -0.12874 -0.02985 -0.07719
v -0.12246 -0.03274 -0.07894
v -0.13328 -0.02648 -0.07601
v -0.13182 0.00307 -0.08627
v -0.12753 -0.01454 -0.08328
v -0.13287 -0.03054 -0.07773
v -0.12682 -0.03431 -0.07894
v -0.12350 -0.02393 -0.08274
v -0.12983 0.00203 -0.09021
v -0.12134 -0.02710 -0.07932
v -0.12350 -0.02393 -0.08274
v -0.12824 -0.01763 -0.07976
v -0.14209 0.00387 -0.08950
v -0.13794 -0.00134 -0.09304
v -0.13857 -0.01347 -0.08565
v -0.13416 -0.01875 -0.08826
v -0.13573 -0.02596 -0.08183
v -0.13886 -0.01942 -0.08097
v -0.13106 -0.03086 -0.08410
v -0.13949 -0.01175 -0.08052
v -0.13631 -0.02660 -0.07763
v -0.13267 -0.03142 -0.08041
v -0.12834 -0.03496 -0.08231
v -0.17830 0.00381 -0.07510
v -0.18604 0.00314 -0.08011
v -0.18090 -0.01146 -0.07378
v -0.19186 -0.02554 -0.07779
v -0.18736 -0.02761 -0.07461
v -0.19282 -0.04283 -0.07420
v -0.18385 -0.03417 -0.07012
v -0.19082 -0.05634 -0.06925
v -0.19968 -0.06094 -0.07295
v -0.19620 -0.08017 -0.06520
v -0.20600 -0.08160 -0.07057
v -0.20186 -0.09855 -0.06303
v -0.20909 -0.10387 -0.06564
v -0.20806 -0.12136 -0.05912
v -0.21741 -0.12193 -0.06420
v -0.21713 -0.14719 -0.05674
v -0.22245 -0.14342 -0.06121
v -0.22689 -0.15889 -0.06022
v -0.23418 -0.15583 -0.06560
v -0.23627 -0.17107 -0.06595
v -0.24640 -0.16652 -0.07216
v -0.19478 -0.01656 -0.07958
v -0.22892 -0.13418 -0.06485
v -0.22288 -0.11711 -0.06676
v -0.19621 0.00917 -0.08239
v -0.21156 -0.06829 -0.07396
v -0.20741 -0.04801 -0.07656
v -0.23421 -0.14384 -0.06591
v -0.24439 -0.14450 -0.06901
v -0.21693 -0.08916 -0.07085
v -0.21260 -0.09693 -0.06910
v -0.19814 -0.03998 -0.07693
v -0.20355 -0.02052 -0.07951
v -0.24215 -0.12814 -0.06685
v -0.25431 -0.15907 -0.07357
v -0.25587 -0.17814 -0.07609
v -0.24688 -0.18147 -0.07279
v -0.26058 -0.19204 -0.07662
v -0.24660 -0.19367 -0.07075
v -0.25220 -0.20107 -0.07203
v -0.26007 -0.20725 -0.07266
v -0.25322 -0.21773 -0.06380
v -0.26207 -0.22845 -0.06180
v -0.26818 -0.21879 -0.06936
v -0.27427 -0.24111 -0.05848
v -0.26790 -0.25262 -0.04876
v -0.27700 -0.26212 -0.04759
v -0.24581 -0.20277 -0.06657
v -0.34264 -0.47816 0.00429
v -0.35109 -0.47327 -0.00310
v -0.34315 -0.45029 -0.00500
v -0.34929 -0.45390 -0.00681
v -0.34661 -0.43404 -0.01006
v -0.33936 -0.41784 -0.01139
v -0.33137 -0.42187 -0.00507
v -0.33060 -0.39833 -0.01203
v -0.29293 -0.47538 0.05632
v -0.29429 -0.46884 0.04817
v -0.28678 -0.45404 0.05661
v -0.28758 -0.44275 0.04754
v -0.28833 -0.46850 0.06397
v -0.28030 -0.42317 0.05481
v -0.28064 -0.43528 0.06517
v -0.27541 -0.40125 0.05527
v -0.28018 -0.40168 0.04493
v -0.27380 -0.37158 0.04606
v -0.27119 -0.38300 0.05869
v -0.26819 -0.35324 0.05137
v -0.27060 -0.34400 0.04171
v -0.27545 -0.34580 0.03263
v -0.26615 -0.32252 0.03819
v -0.28623 -0.42329 0.04370
v -0.26552 -0.32786 0.04803
v -0.28482 -0.36668 0.03038
v -0.29047 -0.36147 0.01875
v -0.28244 -0.38205 0.03769
v -0.29606 -0.38684 0.02618
v -0.32574 -0.46530 0.01923
v -0.31843 -0.47144 0.02949
v -0.30508 -0.43719 0.03143
v -0.33583 -0.45087 0.00101
v -0.32570 -0.44211 0.00957
v -0.31866 -0.41932 0.00897
v -0.31476 -0.43803 0.02209
v -0.30506 -0.41719 0.02598
v -0.30924 -0.40281 0.01413
v -0.32178 -0.39892 -0.00449
v -0.29436 -0.44507 0.04171
v -0.29053 -0.41348 0.03803
v -0.30447 -0.47021 0.04027
v -0.31036 -0.38143 0.00046
v -0.30420 -0.38493 0.01233
v -0.31642 -0.37364 -0.01050
v -0.30811 -0.36151 -0.00877
v -0.30165 -0.36426 0.00060
v -0.31528 -0.35479 -0.01709
v -0.29900 -0.34957 -0.00650
v -0.28852 -0.34462 0.00224
v -0.30202 -0.33598 -0.01784
v -0.28553 -0.32587 -0.01225
v -0.27032 -0.32880 0.02949
v -0.28703 -0.30693 -0.02591
v -0.27470 -0.40448 0.06749
v -0.27759 -0.32808 -0.00345
v -0.27462 -0.31582 -0.01218
v -0.26629 -0.30897 -0.00944
v -0.26835 -0.30060 -0.01846
v -0.32713 -0.37349 -0.01695
v -0.26994 -0.27496 -0.03491
v -0.26036 -0.28147 -0.02390
v -0.25790 -0.25708 -0.03709
v -0.25730 -0.23744 -0.05131
v -0.28352 -0.28493 -0.03765
v -0.31115 -0.33658 -0.02246
v -0.30151 -0.31455 -0.02897
v -0.29445 -0.29941 -0.03429
v -0.32107 -0.34567 -0.02222
v -0.29040 -0.27955 -0.04306
v -0.30816 -0.31523 -0.03074
v -0.11571 0.00308 0.16386
v -0.11961 -0.00207 0.15938
v -0.11675 -0.01615 0.16357
v -0.11084 -0.00113 0.17166
v -0.13330 0.00284 0.13942
v -0.13546 -0.00016 0.13514
v -0.11499 -0.01610 0.17065
v -0.11240 -0.01571 0.17393
v -0.11771 -0.02424 0.16019
v -0.11552 -0.03558 0.16540
v -0.13633 -0.00471 0.13587
v -0.11560 -0.02866 0.17232
v -0.11627 -0.03976 0.16103
v -0.11953 -0.04719 0.15869
v -0.13851 -0.00201 0.13340
v -0.11448 -0.04653 0.16865
v -0.11501 -0.05208 0.16546
v -0.11757 -0.05219 0.15945
v -0.11461 -0.06219 0.17053
v -0.11249 -0.05447 0.17120
v -0.10921 -0.05989 0.17779
v -0.12026 -0.06284 0.16102
v -0.12135 -0.07225 0.16715
v -0.11761 -0.07237 0.17315
v -0.11878 -0.08368 0.17555
v -0.12227 -0.08492 0.17197
v -0.12027 -0.10339 0.17311
v -0.11639 -0.09878 0.18122
v -0.11716 -0.11150 0.17656
v -0.11629 -0.12735 0.17718
v -0.11486 -0.11919 0.18155
v -0.11946 -0.12763 0.17381
v -0.11667 -0.08222 0.18210
v -0.11498 -0.13026 0.18144
v -0.11766 -0.13364 0.17771
v -0.11459 -0.07112 0.18106
v -0.11388 -0.05064 0.17135
v -0.11480 -0.02286 0.17635
v -0.12175 -0.13400 0.17462
v -0.13628 -0.00540 0.13921
v -0.11705 -0.13400 0.18378
v -0.13981 -0.00646 0.13543
v -0.11183 -0.06345 0.18129
v -0.10364 -0.05327 0.18071
v -0.10123 -0.05039 0.17799
v -0.09786 -0.04570 0.17682
v -0.09856 -0.04568 0.18127
v -0.09652 -0.03768 0.17832
v -0.09690 -0.03549 0.17539
v -0.09884 -0.04367 0.17241
v -0.09708 -0.01492 0.17739
v -0.09962 -0.02201 0.17244
v -0.09846 -0.00178 0.17521
v -0.09682 0.00518 0.17817
v -0.11459 -0.05027 0.17374
v -0.11453 -0.04485 0.17322
v -0.11234 -0.04427 0.17662
v -0.11622 -0.04846 0.17090
v -0.11209 -0.05013 0.17680
v -0.11427 -0.03494 0.17730
v -0.11565 -0.03782 0.17185
v -0.11560 -0.02866 0.17232
v -0.11448 -0.04653 0.16865
v -0.11608 -0.02519 0.17833
v -0.11552 -0.03558 0.16540
v -0.11480 -0.02286 0.17635
v -0.29556 -0.07160 0.01023
v -0.28887 -0.05699 0.01826
v -0.29301 -0.05425 0.00429
v -0.28987 -0.04149 0.00883
v -0.28500 -0.02619 0.01493
v -0.28639 -0.01666 0.00296
v -0.27931 0.00418 0.01473
v -0.27718 -0.00763 0.02567
v -0.27708 -0.02790 0.03147
v -0.29169 -0.08256 0.02190
v -0.27195 -0.01941 0.04663
v -0.27398 -0.05495 0.04846
v -0.28148 -0.06322 0.03277
v -0.26747 -0.03950 0.06261
v -0.27822 -0.08151 0.04300
v -0.28376 -0.09020 0.03466
v -0.27675 -0.09873 0.04988
v -0.27176 -0.07891 0.05569
v -0.26706 -0.06502 0.06289
v -0.28175 -0.11015 0.04616
v -0.28924 -0.10550 0.03204
v -0.30189 -0.10223 0.01360
v -0.29647 -0.10728 0.02478
v -0.27987 -0.12267 0.05374
v -0.29378 -0.13038 0.03724
v -0.30473 -0.12941 0.02376
v -0.30800 -0.12626 0.01401
v -0.29317 -0.14891 0.04720
v -0.27028 -0.10128 0.05919
v -0.31088 -0.14160 0.02014
v -0.30471 -0.15101 0.03446
v -0.30134 -0.17678 0.05200
v -0.26591 -0.08608 0.06329
v -0.26370 -0.06286 0.06746
v -0.26138 -0.04202 0.07131
v -0.26350 -0.02374 0.06948
v -0.26662 -0.01220 0.06282
v -0.26313 -0.00617 0.06983
v -0.26414 0.01064 0.06476
v -0.26930 0.00973 0.04938
v -0.31313 -0.16713 0.03474
v -0.31922 -0.17080 0.02827
v -0.31912 -0.18866 0.04232
v -0.31254 -0.19613 0.05320
v -0.32757 -0.19986 0.03882
v -0.32629 -0.21313 0.05139
v -0.33604 -0.22461 0.04427
v -0.33420 -0.23638 0.05917
v -0.34357 -0.25686 0.05805
v -0.34858 -0.26295 0.04963
v -0.35035 -0.28445 0.06753
v -0.35891 -0.29656 0.05293
v -0.35811 -0.31163 0.07190
v -0.36729 -0.32038 0.05245
v -0.36818 -0.33423 0.06532
v -0.34906 -0.29505 0.08267
v -0.35630 -0.28409 0.04183
v -0.36631 -0.31375 0.04379
v -0.37687 -0.34722 0.04421
v -0.37669 -0.35278 0.06024
v -0.38526 -0.37492 0.05167
v -0.38338 -0.37890 0.06699
v -0.39066 -0.40183 0.06259
v -0.38767 -0.39765 0.07348
v -0.39488 -0.42877 0.07322
v -0.35850 -0.32173 0.08531
v -0.36384 -0.33388 0.07481
v -0.36466 -0.34494 0.08988
v -0.37273 -0.36315 0.07842
v -0.37065 -0.36543 0.08972
v -0.36870 -0.37413 0.10862
v -0.37461 -0.38813 0.10255
v -0.38137 -0.39930 0.09150
v -0.37644 -0.40682 0.11577
v -0.38539 -0.41814 0.09893
v -0.39554 -0.44773 0.08958
v -0.38771 -0.43893 0.11215
v -0.39778 -0.47105 0.10729
v -0.35695 -0.32819 0.09632
v -0.36193 -0.35759 0.10921
v -0.39232 -0.47292 0.12292
v -0.38662 -0.44716 0.12133
v -0.34165 -0.26873 0.07329
v -0.37969 -0.42910 0.12235
v -0.33559 -0.25049 0.06757
v -0.34636 -0.30538 0.09643
v -0.33857 -0.27713 0.08590
v -0.33186 -0.25783 0.07940
v -0.35310 -0.33434 0.10590
v -0.32627 -0.23737 0.06994
v -0.36585 -0.38530 0.11851
v -0.38250 -0.45743 0.12980
v -0.37682 -0.44023 0.12959
v -0.38637 -0.47448 0.13032
v -0.36986 -0.41663 0.12754
v -0.28178 -0.13671 0.05517
v -0.28604 -0.15289 0.05561
v -0.29204 -0.16704 0.05571
v -0.31812 -0.21402 0.06016
v -0.36156 -0.39580 0.12667
v -0.35278 -0.36220 0.11957
v -0.27253 -0.12013 0.05968
v -0.29292 -0.18332 0.06219
v -0.37141 -0.43842 0.13356
v -0.37652 -0.45939 0.13525
v -0.30250 -0.19399 0.06031
v -0.33243 -0.28074 0.09314
v -0.32168 -0.24984 0.08236
v -0.31645 -0.23011 0.07302
v -0.34132 -0.32411 0.10989
v -0.27815 -0.13918 0.05834
v -0.26738 -0.10587 0.06146
v -0.30789 -0.21097 0.06612
v -0.33531 -0.30112 0.10234
v -0.28165 -0.15427 0.05887
v -0.28457 -0.16732 0.06103
v -0.25961 0.01459 0.07279
v -0.25239 -0.00385 0.07983
v -0.25825 -0.00890 0.07502
v -0.25664 -0.02597 0.07586
v -0.26350 -0.02374 0.06948
v -0.26138 -0.04202 0.07131
v -0.26313 -0.00617 0.06983
v -0.11953 -0.04719 0.15869
v -0.12380 -0.05057 0.16140
v -0.12105 -0.02988 0.16032
v -0.12553 -0.06264 0.16342
v -0.12841 -0.05635 0.16625
v -0.12904 -0.06648 0.16714
v -0.12644 -0.04253 0.16514
v -0.12398 -0.02423 0.16348
v -0.12160 -0.01578 0.16066
v -0.12594 -0.01289 0.16362
v -0.12558 -0.00138 0.16121
v -0.12670 -0.02815 0.16795
v -0.12026 -0.06284 0.16102
v -0.12651 -0.07464 0.16896
v -0.12823 -0.08316 0.17363
v -0.12649 -0.00875 0.16585
v -0.11961 -0.00207 0.15938
v -0.12227 -0.08492 0.17197
v -0.12630 -0.09650 0.17363
v -0.12877 -0.10431 0.17768
v -0.12690 -0.11955 0.17508
v -0.12762 -0.12928 0.17932
v -0.12616 -0.13511 0.17769
v -0.12378 -0.12675 0.17391
v -0.12175 -0.13400 0.17462
v -0.12253 -0.11446 0.17270
v -0.12924 -0.07934 0.17809
v -0.12934 -0.06509 0.17030
v -0.12693 -0.04481 0.16854
v -0.12135 -0.07225 0.16715
v -0.11771 -0.02424 0.16019
v -0.12027 -0.10339 0.17311
v -0.11946 -0.12763 0.17381
v -0.11757 -0.05219 0.15945
v -0.12404 -0.07932 0.17611
v -0.12394 -0.08288 0.17899
v -0.12301 -0.07512 0.17695
v -0.12390 -0.07046 0.17307
v -0.12184 -0.07918 0.18010
v -0.12301 -0.07512 0.17695
v -0.12394 -0.08288 0.17899
v -0.12394 -0.08288 0.17899
v -0.12301 -0.07512 0.17695
v -0.12184 -0.07918 0.18010
v -0.12390 -0.07046 0.17307
v -0.12301 -0.07512 0.17695
v -0.12435 -0.07648 0.17695
v -0.12394 -0.08288 0.17899
v -0.12404 -0.07932 0.17611
v -0.12377 -0.06510 0.17037
v -0.12270 -0.06379 0.17240
v -0.12212 -0.06736 0.17664
v -0.12390 -0.07046 0.17307
v -0.12133 -0.05949 0.17078
v -0.12299 -0.05979 0.16891
v -0.12336 -0.06195 0.16739
v -0.12238 -0.05743 0.16702
v -0.12133 -0.05495 0.16816
v -0.12079 -0.06307 0.17286
v -0.12026 -0.06462 0.17791
v -0.12008 -0.06114 0.17450
v -0.12015 -0.06838 0.17902
v -0.12220 -0.07237 0.17925
v -0.12301 -0.07512 0.17695
v -0.12184 -0.07918 0.18010
v -0.11941 -0.05763 0.17093
v -0.12047 -0.05839 0.16896
v -0.11981 -0.05524 0.16806
v -0.11784 -0.06270 0.17727
v -0.12194 -0.06997 0.17540
v -0.11981 -0.05524 0.16806
v -0.12133 -0.05495 0.16816
v -0.12238 -0.05743 0.16702
v -0.12104 -0.05973 0.16686
v -0.12336 -0.06195 0.16739
v -0.12145 -0.06329 0.16831
v -0.12377 -0.06510 0.17037
v -0.12159 -0.06687 0.17275
v -0.12194 -0.06997 0.17540
v -0.12390 -0.07046 0.17307
v -0.12079 -0.06307 0.17286
v -0.11974 -0.06000 0.16944
v -0.11987 -0.06721 0.17672
v -0.12015 -0.06838 0.17902
v -0.11784 -0.06270 0.17727
v -0.11935 -0.06262 0.17294
v -0.11941 -0.05763 0.17093
v -0.12120 -0.07289 0.17752
v -0.12184 -0.07918 0.18010
v -0.12301 -0.07512 0.17695
v -0.12047 -0.05839 0.16896
v -0.10424 0.00758 0.17384
v -0.09846 -0.00178 0.17521
v -0.10342 -0.01073 0.17185
v -0.11084 -0.00113 0.17166
v -0.09962 -0.02201 0.17244
v -0.10091 -0.03509 0.17234
v -0.10802 -0.01481 0.17336
v -0.11240 -0.01571 0.17393
v -0.11316 -0.02451 0.17785
v -0.11480 -0.02286 0.17635
v -0.09690 -0.03549 0.17539
v -0.09884 -0.04367 0.17241
v -0.10206 -0.04639 0.17314
v -0.10559 -0.04348 0.17332
v -0.10924 -0.04821 0.17233
v -0.10626 -0.05121 0.17426
v -0.11249 -0.05447 0.17120
v -0.11388 -0.05064 0.17135
v -0.10797 -0.03456 0.17570
v -0.11427 -0.03494 0.17730
v -0.11608 -0.02519 0.17833
v -0.11234 -0.04427 0.17662
v -0.10921 -0.05989 0.17779
v -0.10123 -0.05039 0.17799
v -0.09786 -0.04570 0.17682
v -0.10924 -0.04821 0.17233
v -0.11459 -0.05027 0.17374
v -0.11136 -0.04741 0.17392
v -0.10559 -0.04348 0.17332
v -0.11234 -0.04427 0.17662
v -0.11388 -0.05064 0.17135
v -0.11209 -0.05013 0.17680
v -0.11448 -0.04653 0.16865
v -0.11622 -0.04846 0.17090
v -0.11388 -0.05064 0.17135
v -0.11459 -0.05027 0.17374
v -0.11981 -0.05524 0.16806
v -0.12133 -0.05495 0.16816
v -0.11973 -0.04789 0.16751
v -0.11981 -0.05524 0.16806
v -0.11973 -0.04789 0.16751
v -0.12133 -0.05495 0.16816
v -0.21905 -0.05154 -0.07949
v -0.22904 -0.03139 -0.07570
v -0.21521 -0.03625 -0.08112
v -0.21252 -0.01914 -0.08246
v -0.22769 -0.00380 -0.07700
v -0.20695 0.00031 -0.08496
v -0.24120 -0.01612 -0.07157
v -0.24607 -0.00046 -0.07000
v -0.24881 -0.03440 -0.06861
v -0.26168 0.00154 -0.06071
v -0.25612 -0.01190 -0.06558
v -0.24607 -0.00046 -0.07000
v -0.24120 -0.01612 -0.07157
v -0.24881 -0.03440 -0.06861
v -0.26229 -0.03720 -0.06305
v -0.24974 -0.05283 -0.06783
v -0.23893 -0.04481 -0.07117
v -0.24016 -0.06111 -0.07032
v -0.23003 -0.05337 -0.07541
v -0.23697 -0.07615 -0.07179
v -0.22337 -0.06813 -0.07747
v -0.21905 -0.05154 -0.07949
v -0.22902 -0.08413 -0.07471
v -0.24001 -0.10359 -0.07049
v -0.25216 -0.07534 -0.06690
v -0.26860 -0.02670 -0.05781
v -0.22904 -0.03139 -0.07570
v -0.26927 -0.00554 -0.05345
v -0.26252 -0.06116 -0.06320
v -0.26401 -0.08734 -0.06328
v -0.27255 -0.06873 -0.05764
v -0.25461 -0.09982 -0.06801
v -0.26537 -0.10779 -0.06515
v -0.26294 -0.11995 -0.06873
v -0.27344 -0.09398 -0.05827
v -0.28205 -0.09652 -0.05047
v -0.28027 -0.07129 -0.05050
v -0.27718 -0.04508 -0.05044
v -0.28795 -0.07129 -0.03821
v -0.27540 -0.11423 -0.05898
v -0.28322 -0.04144 -0.03908
v -0.29062 -0.09603 -0.03976
v -0.27624 -0.00611 -0.04183
v -0.26924 -0.04588 -0.05880
v -0.28915 -0.12051 -0.04599
v -0.29865 -0.12288 -0.03360
v -0.29179 -0.13642 -0.04868
v -0.30488 -0.14410 -0.02912
v -0.30398 -0.16307 -0.04081
v -0.29454 -0.15768 -0.05722
v -0.29955 -0.17869 -0.06282
v -0.30887 -0.18881 -0.04825
v -0.30249 -0.19628 -0.06381
v -0.31145 -0.20594 -0.04987
v -0.32010 -0.21112 -0.02898
v -0.31880 -0.22089 -0.03638
v -0.33014 -0.24248 -0.02148
v -0.32548 -0.25087 -0.03394
v -0.33363 -0.25930 -0.02250
v -0.32988 -0.26964 -0.03204
v -0.31909 -0.25877 -0.04200
v -0.32636 -0.27944 -0.03664
v -0.33971 -0.29252 -0.02401
v -0.33894 -0.30577 -0.02668
v -0.33097 -0.30857 -0.03236
v -0.34737 -0.33212 -0.02070
v -0.34398 -0.34165 -0.02371
v -0.33044 -0.32823 -0.03011
v -0.32072 -0.31203 -0.03581
v -0.33893 -0.34764 -0.02532
v -0.31423 -0.29695 -0.04079
v -0.35363 -0.32548 -0.01274
v -0.34608 -0.36461 -0.02212
v -0.35347 -0.36707 -0.01819
v -0.35616 -0.39241 -0.01717
v -0.36254 -0.37404 -0.01082
v -0.36446 -0.41141 -0.01187
v -0.35798 -0.41213 -0.01572
v -0.36562 -0.43358 -0.01083
v -0.35892 -0.44544 -0.01269
v -0.37194 -0.43075 -0.00601
v -0.37749 -0.44707 -0.00097
v -0.38279 -0.43529 0.00686
v -0.39001 -0.44867 0.01808
v -0.38373 -0.46142 0.00572
v -0.39266 -0.47383 0.01862
v -0.38590 -0.48168 0.00751
v -0.38610 -0.41469 0.01825
v -0.37773 -0.40741 0.00284
v -0.37474 -0.38730 0.00306
v -0.38266 -0.39233 0.01820
v -0.37465 -0.36109 0.01338
v -0.36901 -0.37071 -0.00200
v -0.36644 -0.35130 -0.00047
v -0.36460 -0.33541 0.00356
v -0.37351 -0.46240 -0.00437
v -0.36842 -0.39764 -0.00748
v -0.34722 -0.39976 -0.01965
v -0.35278 -0.42652 -0.01615
v -0.34155 -0.27968 -0.01581
v -0.31699 -0.27948 -0.04290
v -0.31121 -0.21709 -0.05055
v -0.31527 -0.23456 -0.04394
v -0.30443 -0.21322 -0.06104
v -0.29755 -0.20860 -0.06825
v -0.29606 -0.22870 -0.06331
v -0.28703 -0.20766 -0.07468
v -0.28339 -0.22206 -0.07144
v -0.28820 -0.24030 -0.06304
v -0.27591 -0.21103 -0.07734
v -0.28175 -0.19689 -0.07861
v -0.29533 -0.19568 -0.07155
v -0.28695 -0.15963 -0.06860
v -0.28656 -0.14563 -0.06159
v -0.34990 -0.30144 -0.00970
v -0.35704 -0.31776 -0.00380
v -0.27636 -0.02594 -0.04761
v -0.27675 -0.14428 -0.07023
v -0.28463 -0.16893 -0.07428
v -0.27267 -0.16101 -0.07755
v -0.26803 -0.14364 -0.07429
v -0.35707 -0.34778 -0.01306
v -0.30551 -0.25007 -0.05211
v -0.37387 -0.41575 -0.00328
v -0.28183 -0.13124 -0.05932
v -0.30597 -0.28345 -0.04636
v -0.28401 -0.18417 -0.07777
v -0.27165 -0.12202 -0.06524
v -0.29881 -0.25795 -0.05420
v -0.30798 -0.23443 -0.05251
v -0.26896 -0.17204 -0.08061
v -0.29377 -0.26471 -0.05368
v -0.29433 -0.18380 -0.07079
v -0.27212 -0.18747 -0.08146
v -0.27675 -0.14428 -0.07023
v -0.27165 -0.12202 -0.06524
v -0.26294 -0.11995 -0.06873
v -0.26803 -0.14364 -0.07429
v -0.36721 -0.47047 -0.00706
v -0.37351 -0.46240 -0.00437
v -0.35892 -0.44544 -0.01269
v -0.35718 -0.46349 -0.01039
v -0.27624 -0.00611 -0.04183
v -0.27636 -0.02594 -0.04761
v -0.28322 -0.04144 -0.03908
v -0.26860 -0.02670 -0.05781
v -0.27718 -0.04508 -0.05044
v -0.27636 -0.02594 -0.04761
v -0.26924 -0.04588 -0.05880
v -0.35363 -0.32548 -0.01274
v -0.36460 -0.33541 0.00356
v -0.35704 -0.31776 -0.00380
v -0.36644 -0.35130 -0.00047
v -0.35707 -0.34778 -0.01306
v -0.36842 -0.39764 -0.00748
v -0.37474 -0.38730 0.00306
v -0.36254 -0.37404 -0.01082
v -0.36901 -0.37071 -0.00200
v -0.35707 -0.34778 -0.01306
v -0.27676 0.00478 -0.01779
v -0.27548 -0.00791 -0.03183
v -0.28182 -0.02202 -0.01468
v -0.28103 -0.02924 -0.02550
v -0.28535 -0.04202 -0.01359
v -0.28443 -0.05244 -0.02759
v -0.28892 -0.06651 -0.01899
v -0.29108 -0.08996 -0.02597
v -0.29425 -0.08848 -0.00746
v -0.28892 -0.05779 -0.00526
v -0.29744 -0.11700 -0.02125
v -0.29929 -0.11198 -0.00503
v -0.30416 -0.13058 0.00305
v -0.30382 -0.14192 -0.01734
v -0.30982 -0.15718 -0.00571
v -0.30923 -0.16510 -0.01559
v -0.27793 0.00419 -0.00469
v -0.28217 -0.01861 -0.00251
v -0.31180 -0.15948 0.00765
v -0.31892 -0.18790 0.00180
v -0.31868 -0.18219 0.01280
v -0.32523 -0.20581 0.01274
v -0.32280 -0.21150 -0.00325
v -0.31636 -0.19343 -0.01214
v -0.33278 -0.23317 0.01733
v -0.33082 -0.21814 0.02683
v -0.33563 -0.23378 0.03550
v -0.32645 -0.23210 -0.00697
v -0.34112 -0.25430 0.03147
v -0.33720 -0.26063 0.00539
v -0.32603 -0.23905 -0.01663
v -0.33522 -0.27011 -0.01306
v -0.31930 -0.21452 -0.01746
v -0.34632 -0.27367 0.02978
v -0.35061 -0.28177 0.03934
v -0.30860 -0.19189 -0.03627
v -0.31356 -0.20790 -0.03137
v -0.35079 -0.29390 0.02175
v -0.34427 -0.28603 0.00280
v -0.31649 -0.22338 -0.03086
v -0.34735 -0.30285 -0.00489
v -0.35492 -0.31479 0.00875
v -0.35634 -0.32888 0.00015
v -0.36125 -0.31916 0.03252
v -0.36339 -0.33642 0.01434
v -0.36879 -0.34151 0.03244
v -0.30728 -0.20687 -0.04817
v -0.30183 -0.18725 -0.05278
v -0.36622 -0.35632 0.00773
v -0.30041 -0.17365 -0.04500
v -0.30568 -0.17052 -0.02875
v -0.30137 -0.15298 -0.02949
v -0.29747 -0.13533 -0.03027
v -0.27735 -0.03793 -0.03943
v -0.27079 0.00228 -0.03959
v -0.37061 -0.35633 0.01923
v -0.37512 -0.37760 0.01881
v -0.37705 -0.36546 0.04047
v -0.38160 -0.38968 0.03468
v -0.38105 -0.40731 0.02062
v -0.38733 -0.41710 0.03836
v -0.29088 -0.11275 -0.03469
v -0.32250 -0.24405 -0.02736
v -0.38351 -0.43238 0.01883
v -0.39122 -0.44578 0.03706
v -0.38757 -0.45362 0.02295
v -0.39342 -0.48346 0.03120
v -0.28145 -0.06638 -0.03935
v -0.30224 -0.20050 -0.05692
v -0.37162 -0.39071 0.00617
v -0.26880 -0.00947 -0.04685
v -0.31187 -0.22714 -0.04030
v -0.34095 -0.29650 -0.01480
v -0.34897 -0.31880 -0.00922
v -0.37584 -0.41351 0.00759
v -0.39740 -0.48676 0.04558
v -0.28186 -0.08554 -0.04258
v -0.29144 -0.15140 -0.04827
v -0.29480 -0.17630 -0.05987
v -0.32998 -0.27593 -0.02541
v -0.36400 -0.36785 -0.00036
v -0.35759 -0.34686 -0.00450
v -0.39241 -0.43868 0.04869
v -0.38131 -0.45138 0.01076
v -0.39588 -0.46243 0.05113
v -0.38481 -0.47609 0.01405
v -0.38786 -0.40900 0.05439
v -0.38176 -0.37981 0.05303
v -0.35916 -0.30725 0.04469
v -0.36646 -0.32897 0.04622
v -0.37331 -0.35237 0.05286
v -0.29827 -0.10432 0.00995
v -0.32377 -0.19716 0.02744
v -0.28680 -0.04534 0.00382
v -0.39270 -0.43660 0.06249
v -0.29221 -0.07513 0.00539
v -0.34384 -0.26278 0.04754
v -0.30577 -0.13844 0.01650
v -0.31730 -0.17763 0.02461
v -0.31137 -0.15889 0.01891
v -0.27949 -0.00643 0.00395
v -0.33002 -0.21770 0.03854
v -0.33700 -0.24068 0.04547
v -0.35303 -0.29205 0.04984
v -0.27409 -0.04580 -0.04700
v -0.27490 -0.06176 -0.04877
v -0.32242 -0.25593 -0.03141
v -0.26728 -0.02644 -0.05248
v -0.28895 -0.13530 -0.04389
v -0.37512 -0.43814 0.00397
v -0.29569 -0.19222 -0.06422
v -0.28663 -0.16159 -0.06273
v -0.28073 -0.14041 -0.05790
v -0.34628 -0.33443 -0.01557
v -0.32226 -0.19500 0.03367
v -0.28260 -0.12136 -0.04638
v -0.33645 -0.30083 -0.02206
v -0.26080 0.01086 -0.05319
v -0.26145 -0.00734 -0.05595
v -0.29085 -0.18007 -0.06654
v -0.36758 -0.40688 -0.00256
v -0.36180 -0.38598 -0.00644
v -0.31395 -0.24684 -0.03968
v -0.30341 -0.22362 -0.05243
v -0.37843 -0.46613 0.00624
v -0.35406 -0.36128 -0.01123
v -0.28110 -0.11016 -0.04596
v -0.31143 -0.16430 0.02666
v -0.30423 -0.24565 -0.04787
v -0.27225 -0.12217 -0.05824
v -0.26794 -0.10844 -0.05805
v -0.27598 -0.08978 -0.04964
v -0.27137 -0.07513 -0.05295
v -0.32543 -0.28349 -0.03154
v -0.31904 -0.26540 -0.03626
v -0.26706 -0.04945 -0.05491
v -0.28287 -0.17019 -0.07012
v -0.29521 -0.20851 -0.06411
v -0.27299 -0.14278 -0.06635
v -0.26866 -0.09208 -0.05581
v -0.27624 -0.00611 -0.04183
v -0.27932 0.00521 -0.02834
v -0.28165 -0.01570 -0.03231
v -0.28322 -0.04144 -0.03908
v -0.28625 -0.03301 -0.02603
v -0.28795 -0.07129 -0.03821
v -0.29123 -0.05494 -0.02072
v -0.29507 -0.08531 -0.02639
v -0.28479 -0.01203 -0.01434
v -0.29849 -0.08629 -0.00820
v -0.30060 -0.10651 -0.02061
v -0.29068 -0.04125 -0.00544
v -0.30351 -0.10707 0.00264
v -0.30845 -0.13601 -0.01222
v -0.31332 -0.14824 0.00507
v -0.31915 -0.17449 -0.00433
v -0.32145 -0.17552 0.01438
v -0.28176 0.00842 -0.00446
v -0.29752 -0.07802 0.00450
v -0.29301 -0.05425 0.00429
v -0.32661 -0.19403 0.01011
v -0.32761 -0.20440 0.00173
v -0.33356 -0.21380 0.02140
v -0.32980 -0.22035 -0.00206
v -0.28639 -0.01666 0.00296
v -0.33011 -0.20174 0.02985
v -0.34102 -0.24952 0.01410
v -0.33914 -0.22959 0.02931
v -0.34684 -0.25544 0.03495
v -0.35122 -0.27478 0.02814
v -0.35630 -0.28409 0.04183
v -0.34674 -0.27945 0.00095
v -0.36203 -0.30636 0.03291
v -0.35543 -0.29969 0.01137
v -0.33292 -0.23733 -0.00608
v -0.33780 -0.25839 -0.01091
v -0.36631 -0.31375 0.04379
v -0.36918 -0.32911 0.03034
v -0.37687 -0.34722 0.04421
v -0.37097 -0.34140 0.01825
v -0.38095 -0.36668 0.03233
v -0.36181 -0.32125 0.00816
v -0.37465 -0.36109 0.01338
v -0.38336 -0.38264 0.02697
v -0.38526 -0.37492 0.05167
v -0.38994 -0.39716 0.04806
v -0.31290 -0.16492 -0.01938
v -0.32091 -0.19620 -0.01526
v -0.32010 -0.21112 -0.02898
v -0.33014 -0.24248 -0.02148
v -0.34990 -0.30144 -0.00970
v -0.35704 -0.31776 -0.00380
v -0.31344 -0.18261 -0.02924
v -0.30887 -0.18881 -0.04825
v -0.38266 -0.39233 0.01820
v -0.38887 -0.40517 0.03242
v -0.34155 -0.27968 -0.01581
v -0.30488 -0.14410 -0.02912
v -0.29865 -0.12288 -0.03360
v -0.36460 -0.33541 0.00356
v -0.38610 -0.41469 0.01825
v -0.39445 -0.43587 0.03653
v -0.30398 -0.16307 -0.04081
v -0.33363 -0.25930 -0.02250
v -0.39001 -0.44867 0.01808
v -0.39706 -0.46260 0.03345
v -0.39903 -0.45269 0.04809
v -0.39442 -0.41992 0.05445
v -0.40100 -0.47351 0.04436
v -0.39266 -0.47383 0.01862
v -0.29062 -0.09603 -0.03976
v -0.39902 -0.44835 0.06239
v -0.40166 -0.47142 0.06085
v -0.34085 -0.23548 0.03927
v -0.30800 -0.12626 0.01401
v -0.39066 -0.40183 0.06259
v -0.30189 -0.10223 0.01360
v -0.34858 -0.26295 0.04963
v -0.31627 -0.15907 0.01878
v -0.31088 -0.14160 0.02014
v -0.28987 -0.04149 0.00883
v -0.39488 -0.42877 0.07322
v -0.31922 -0.17080 0.02827
v -0.39981 -0.47282 0.09012
v -0.29556 -0.07160 0.01023
v -0.39778 -0.47105 0.10729
v -0.39554 -0.44773 0.08958
v -0.33604 -0.22461 0.04427
v -0.32757 -0.19986 0.03882
v -0.27931 0.00418 0.01473
vt 0.45936 0.36484
vt 0.45810 0.36953
vt 0.46414 0.36675
vt 0.46501 0.36369
vt 0.45198 0.36658
vt 0.45124 0.37108
vt 0.45230 0.37323
vt 0.44560 0.37525
vt 0.44478 0.36914
vt 0.44259 0.37366
vt 0.43707 0.37360
vt 0.43496 0.37746
vt 0.42934 0.37560
vt 0.46365 0.36164
vt 0.42589 0.37921
vt 0.46887 0.36600
vt 0.46896 0.36075
vt 0.47328 0.36193
vt 0.47354 0.35772
vt 0.47977 0.35945
vt 0.48029 0.35654
vt 0.48654 0.35641
vt 0.44763 0.36555
vt 0.47371 0.36645
vt 0.48108 0.36609
vt 0.48415 0.36045
vt 0.47794 0.37145
vt 0.48317 0.37331
vt 0.48784 0.36918
vt 0.47300 0.37100
vt 0.46609 0.37097
vt 0.45824 0.37422
vt 0.48845 0.37495
vt 0.48422 0.37689
vt 0.48842 0.37891
vt 0.47941 0.37840
vt 0.47563 0.37527
vt 0.48880 0.36072
vt 0.49106 0.35566
vt 0.49443 0.35843
vt 0.49531 0.35417
vt 0.50064 0.35514
vt 0.49155 0.36394
vt 0.49559 0.36334
vt 0.49856 0.35992
vt 0.49136 0.37162
vt 0.49331 0.37641
vt 0.49535 0.37935
vt 0.49611 0.37299
vt 0.48671 0.36460
vt 0.49426 0.36730
vt 0.47081 0.37382
vt 0.49848 0.37565
vt 0.50235 0.37440
vt 0.50182 0.37098
vt 0.50220 0.37863
vt 0.44063 0.37840
vt 0.49784 0.36526
vt 0.49831 0.36922
vt 0.43020 0.38037
vt 0.50008 0.38256
vt 0.49374 0.38208
vt 0.48968 0.35325
vt 0.50146 0.36712
vt 0.42364 0.37708
vt 0.49912 0.35166
vt 0.46874 0.37676
vt 0.46495 0.37780
vt 0.48266 0.38113
vt 0.44230 0.36746
vt 0.43560 0.36925
vt 0.43077 0.37267
vt 0.47314 0.37932
vt 0.41955 0.37873
vt 0.45358 0.36234
vt 0.46237 0.35992
vt 0.41930 0.38068
vt 0.48353 0.35410
vt 0.50182 0.38482
vt 0.49613 0.38420
vt 0.48924 0.38396
vt 0.41919 0.37662
vt 0.46843 0.35752
vt 0.47739 0.38224
vt 0.48256 0.38343
vt 0.49308 0.35147
vt 0.41441 0.37832
vt 0.47835 0.35484
vt 0.47029 0.38193
vt 0.44044 0.36561
vt 0.41268 0.38214
vt 0.40927 0.38095
vt 0.40609 0.37856
vt 0.40429 0.38110
vt 0.40004 0.38187
vt 0.40538 0.38437
vt 0.40932 0.38375
vt 0.40738 0.38682
vt 0.40054 0.38536
vt 0.39490 0.38111
vt 0.39928 0.37630
vt 0.40480 0.37505
vt 0.41120 0.38745
vt 0.41065 0.39083
vt 0.40593 0.38956
vt 0.40132 0.38767
vt 0.40472 0.39240
vt 0.39887 0.39046
vt 0.39650 0.39523
vt 0.41464 0.38922
vt 0.39060 0.39249
vt 0.38875 0.39650
vt 0.38459 0.39497
vt 0.39283 0.37557
vt 0.38756 0.37554
vt 0.38267 0.39891
vt 0.37774 0.39811
vt 0.37593 0.39447
vt 0.37191 0.39972
vt 0.36766 0.39695
vt 0.36654 0.39436
vt 0.44690 0.36307
vt 0.48745 0.35186
vt 0.36603 0.40056
vt 0.41053 0.37602
vt 0.41526 0.37407
vt 0.41094 0.37364
vt 0.42253 0.37309
vt 0.47482 0.35431
vt 0.43419 0.36521
vt 0.42822 0.36922
vt 0.43867 0.36035
vt 0.44410 0.36072
vt 0.44247 0.35652
vt 0.43902 0.35567
vt 0.44658 0.35754
vt 0.45031 0.36002
vt 0.43448 0.35638
vt 0.48124 0.35254
vt 0.43388 0.35981
vt 0.49744 0.34911
vt 0.45877 0.35928
vt 0.41140 0.39310
vt 0.40785 0.39572
vt 0.36293 0.40403
vt 0.37841 0.40248
vt 0.37155 0.40334
vt 0.38911 0.39982
vt 0.39649 0.39930
vt 0.40264 0.39764
vt 0.41849 0.39302
vt 0.41474 0.39501
vt 0.46969 0.35527
vt 0.46342 0.35682
vt 0.42908 0.36483
vt 0.45607 0.35788
vt 0.49338 0.35002
vt 0.41828 0.36909
vt 0.44115 0.35397
vt 0.42920 0.36006
vt 0.44796 0.35483
vt 0.42441 0.36462
vt 0.41266 0.37068
vt 0.45206 0.35653
vt 0.32159 0.66351
vt 0.31552 0.66499
vt 0.32290 0.66540
vt 0.31337 0.66241
vt 0.30881 0.66406
vt 0.32959 0.66522
vt 0.30610 0.66002
vt 0.30253 0.66148
vt 0.30159 0.66422
vt 0.29624 0.66582
vt 0.29901 0.67150
vt 0.29710 0.67554
vt 0.30343 0.66800
vt 0.30364 0.67441
vt 0.30868 0.67028
vt 0.31105 0.67480
vt 0.31429 0.67068
vt 0.31932 0.66917
vt 0.32854 0.66714
vt 0.33471 0.66759
vt 0.33893 0.66734
vt 0.31624 0.67567
vt 0.33983 0.67020
vt 0.32390 0.66785
vt 0.30011 0.67901
vt 0.30782 0.67855
vt 0.34600 0.67007
vt 0.32308 0.67410
vt 0.31811 0.67863
vt 0.32499 0.67838
vt 0.32782 0.67634
vt 0.32824 0.67317
vt 0.32437 0.67107
vt 0.33247 0.67700
vt 0.33074 0.67906
vt 0.29659 0.68061
vt 0.33255 0.67160
vt 0.33975 0.67729
vt 0.33752 0.67932
vt 0.30670 0.68088
vt 0.34191 0.67440
vt 0.31322 0.68109
vt 0.34288 0.67992
vt 0.34633 0.67341
vt 0.30203 0.68147
vt 0.32040 0.68066
vt 0.32697 0.68020
vt 0.35191 0.67279
vt 0.35468 0.67150
vt 0.35689 0.67321
vt 0.36097 0.67251
vt 0.36113 0.67390
vt 0.36475 0.67597
vt 0.36716 0.67407
vt 0.37084 0.67643
vt 0.37299 0.67446
vt 0.37158 0.67942
vt 0.37697 0.67746
vt 0.37955 0.68267
vt 0.38420 0.68071
vt 0.38522 0.68512
vt 0.39074 0.68397
vt 0.38927 0.68703
vt 0.39413 0.68716
vt 0.39763 0.68483
vt 0.38064 0.67486
vt 0.38848 0.67598
vt 0.39201 0.68046
vt 0.39981 0.68238
vt 0.40141 0.67816
vt 0.40562 0.68110
vt 0.40637 0.68441
vt 0.41066 0.68246
vt 0.39326 0.67832
vt 0.40789 0.67839
vt 0.41209 0.68686
vt 0.41686 0.68504
vt 0.39627 0.67522
vt 0.41713 0.68992
vt 0.41167 0.69067
vt 0.40556 0.68799
vt 0.40460 0.69035
vt 0.39900 0.68839
vt 0.42127 0.68776
vt 0.42421 0.69131
vt 0.42805 0.68899
vt 0.41441 0.68061
vt 0.41800 0.69215
vt 0.40324 0.67522
vt 0.42328 0.68411
vt 0.39028 0.67370
vt 0.38463 0.67346
vt 0.37649 0.68376
vt 0.41705 0.67776
vt 0.41041 0.67566
vt 0.38325 0.68622
vt 0.42331 0.67942
vt 0.35930 0.67558
vt 0.36837 0.68118
vt 0.42287 0.69371
vt 0.39796 0.69009
vt 0.39250 0.68918
vt 0.42730 0.67720
vt 0.42330 0.67531
vt 0.41059 0.69268
vt 0.36105 0.67837
vt 0.35506 0.67562
vt 0.40548 0.69311
vt 0.40047 0.69216
vt 0.41826 0.69477
vt 0.34649 0.67799
vt 0.41246 0.69461
vt 0.42215 0.69522
vt 0.35099 0.67735
vt 0.42620 0.69517
vt 0.37868 0.68605
vt 0.37329 0.68466
vt 0.34646 0.68085
vt 0.35654 0.68082
vt 0.36211 0.68142
vt 0.36837 0.68441
vt 0.35753 0.67920
vt 0.35233 0.68113
vt 0.38942 0.68986
vt 0.38228 0.68845
vt 0.39672 0.69228
vt 0.33411 0.68061
vt 0.37719 0.68721
vt 0.37248 0.68660
vt 0.34030 0.68099
vt 0.38014 0.84269
vt 0.37932 0.84473
vt 0.37989 0.84404
vt 0.38049 0.84493
vt 0.37999 0.84617
vt 0.38075 0.84698
vt 0.38106 0.84612
vt 0.57244 0.28114
vt 0.56859 0.27864
vt 0.56940 0.28456
vt 0.56539 0.28123
vt 0.56331 0.27798
vt 0.55748 0.27971
vt 0.55869 0.28256
vt 0.55214 0.28292
vt 0.55064 0.27997
vt 0.54650 0.28187
vt 0.44198 0.27473
vt 0.44183 0.27239
vt 0.44932 0.27159
vt 0.44869 0.27525
vt 0.45406 0.27495
vt 0.45801 0.27218
vt 0.46328 0.27546
vt 0.46384 0.27266
vt 0.47076 0.27345
vt 0.47192 0.27596
vt 0.47822 0.27399
vt 0.48216 0.27692
vt 0.48759 0.27473
vt 0.48958 0.27862
vt 0.49300 0.27720
vt 0.49728 0.28075
vt 0.49812 0.27793
vt 0.44237 0.27648
vt 0.45116 0.27784
vt 0.45853 0.27812
vt 0.49153 0.28135
vt 0.49927 0.28359
vt 0.50442 0.28126
vt 0.44110 0.27861
vt 0.46838 0.27741
vt 0.50731 0.28470
vt 0.51021 0.28039
vt 0.46468 0.27854
vt 0.48628 0.28138
vt 0.48208 0.27986
vt 0.47514 0.27813
vt 0.47111 0.27963
vt 0.51051 0.28332
vt 0.51085 0.28716
vt 0.51517 0.28252
vt 0.51443 0.28519
vt 0.51847 0.28478
vt 0.51922 0.28138
vt 0.52151 0.28449
vt 0.52263 0.28203
vt 0.52065 0.28748
vt 0.52560 0.28377
vt 0.52702 0.28581
vt 0.53318 0.28443
vt 0.51742 0.28835
vt 0.53514 0.28661
vt 0.53932 0.28514
vt 0.52324 0.28890
vt 0.53868 0.28276
vt 0.54239 0.28313
vt 0.54524 0.28492
vt 0.54927 0.28838
vt 0.55529 0.28779
vt 0.55048 0.29211
vt 0.55727 0.29339
vt 0.56333 0.29307
vt 0.56035 0.29057
vt 0.56194 0.28637
vt 0.54518 0.29276
vt 0.56805 0.28984
vt 0.57125 0.29347
vt 0.55331 0.29427
vt 0.56886 0.29561
vt 0.57693 0.29592
vt 0.56154 0.29605
vt 0.55037 0.29570
vt 0.54283 0.29568
vt 0.55606 0.29603
vt 0.47691 0.28178
vt 0.54168 0.29242
vt 0.54306 0.28911
vt 0.53812 0.29518
vt 0.49290 0.28435
vt 0.52136 0.29095
vt 0.45238 0.27996
vt 0.44698 0.28026
vt 0.44172 0.28076
vt 0.50309 0.28622
vt 0.48572 0.28361
vt 0.57479 0.28886
vt 0.46231 0.27997
vt 0.52762 0.28824
vt 0.53886 0.29143
vt 0.53938 0.28810
vt 0.53391 0.28932
vt 0.51400 0.29014
vt 0.45699 0.28102
vt 0.46927 0.28177
vt 0.51737 0.29177
vt 0.52517 0.29134
vt 0.53010 0.29050
vt 0.50743 0.28933
vt 0.53536 0.29439
vt 0.49620 0.28668
vt 0.53457 0.29202
vt 0.98785 0.72110
vt 0.98524 0.71841
vt 0.98755 0.71642
vt 0.98568 0.71305
vt 0.98748 0.71164
vt 0.98612 0.70959
vt 0.98693 0.70916
vt 0.98961 0.71954
vt 0.98846 0.70961
vt 0.98412 0.71753
vt 0.45231 0.57189
vt 0.45686 0.56816
vt 0.45595 0.56666
vt 0.45276 0.56701
vt 0.45597 0.57046
vt 0.45992 0.56995
vt 0.45870 0.56665
vt 0.46115 0.56848
vt 0.46417 0.56918
vt 0.46368 0.56772
vt 0.46074 0.56681
vt 0.46264 0.57049
vt 0.46390 0.57046
vt 0.46491 0.56809
vt 0.45762 0.56551
vt 0.45520 0.56589
vt 0.81750 0.01898
vt 0.82209 0.01916
vt 0.82352 0.01777
vt 0.82852 0.01823
vt 0.83106 0.01618
vt 0.83461 0.01722
vt 0.83402 0.01911
vt 0.83695 0.01824
vt 0.83681 0.01957
vt 0.83546 0.01662
vt 0.83715 0.01698
vt 0.50853 0.27090
vt 0.51160 0.26941
vt 0.51096 0.27036
vt 0.51341 0.27037
vt 0.51694 0.26836
vt 0.51601 0.26750
vt 0.51947 0.26702
vt 0.52004 0.26815
vt 0.52071 0.26724
vt 0.52019 0.26638
vt 0.51685 0.27006
vt 0.51991 0.26942
vt 0.52090 0.26850
vt 0.37503 0.36352
vt 0.37552 0.36184
vt 0.37452 0.35953
vt 0.37811 0.36181
vt 0.37411 0.36948
vt 0.37715 0.36770
vt 0.37771 0.36909
vt 0.37723 0.36472
vt 0.38149 0.36700
vt 0.38013 0.36534
vt 0.38278 0.36441
vt 0.38398 0.36522
vt 0.38625 0.36350
vt 0.38757 0.36521
vt 0.39288 0.36471
vt 0.37844 0.36026
vt 0.38162 0.36187
vt 0.39221 0.36619
vt 0.39724 0.36523
vt 0.39654 0.36298
vt 0.40166 0.36313
vt 0.40091 0.36208
vt 0.40448 0.36188
vt 0.40491 0.36369
vt 0.40345 0.36480
vt 0.39086 0.36296
vt 0.40563 0.36312
vt 0.40576 0.36421
vt 0.37576 0.36339
vt 0.38666 0.36646
vt 0.38422 0.36632
vt 0.37543 0.36304
vt 0.38079 0.36832
vt 0.39926 0.36590
vt 0.37854 0.36970
vt 0.40520 0.36519
vt 0.38298 0.36811
vt 0.52745 0.18619
vt 0.51923 0.18701
vt 0.52421 0.18771
vt 0.51593 0.18833
vt 0.51267 0.18717
vt 0.53253 0.18753
vt 0.53457 0.18650
vt 0.53806 0.18591
vt 0.53837 0.18780
vt 0.53614 0.18536
vt 0.52796 0.18508
vt 0.52149 0.18563
vt 0.51585 0.18588
vt 0.51342 0.18536
vt 0.51084 0.18540
vt 0.53904 0.18642
vt 0.51243 0.18903
vt 0.50854 0.18764
vt 0.50840 0.18634
vt 0.50513 0.18720
vt 0.81051 0.91768
vt 0.80848 0.91404
vt 0.80944 0.92002
vt 0.80985 0.91190
vt 0.80870 0.90775
vt 0.80994 0.90678
vt 0.80834 0.92242
vt 0.80983 0.92639
vt 0.80797 0.92710
vt 0.80848 0.93000
vt 0.81004 0.93050
vt 0.81112 0.93009
vt 0.80803 0.90579
vt 0.81088 0.92151
vt 0.80862 0.93094
vt 0.81108 0.92752
vt 0.81095 0.91163
vt 0.81108 0.90489
vt 0.25701 0.62112
vt 0.25167 0.62177
vt 0.25482 0.62257
vt 0.26314 0.62076
vt 0.26107 0.62270
vt 0.26538 0.62159
vt 0.25356 0.62375
vt 0.98219 0.07471
vt 0.98230 0.07757
vt 0.98383 0.07702
vt 0.98359 0.07446
vt 0.98278 0.08383
vt 0.98248 0.07380
vt 0.98150 0.09044
vt 0.98359 0.09437
vt 0.98151 0.08218
vt 0.98283 0.09826
vt 0.98147 0.09663
vt 0.18178 0.84146
vt 0.17974 0.84494
vt 0.17706 0.84231
vt 0.17541 0.84447
vt 0.17442 0.84299
vt 0.17607 0.83961
vt 0.18326 0.83777
vt 0.17852 0.82658
vt 0.18254 0.83033
vt 0.17160 0.82865
vt 0.18096 0.83261
vt 0.17057 0.83184
vt 0.16112 0.82747
vt 0.17772 0.84560
vt 0.18285 0.84661
vt 0.17229 0.84350
vt 0.16420 0.83221
vt 0.17298 0.82520
vt 0.17010 0.82583
vt 0.16573 0.82584
vt 0.15888 0.82435
vt 0.15673 0.82215
vt 0.14992 0.82203
vt 0.14769 0.81991
vt 0.13447 0.81873
vt 0.14008 0.82144
vt 0.13072 0.82042
vt 0.12524 0.81893
vt 0.12421 0.81728
vt 0.15773 0.82643
vt 0.16139 0.83002
vt 0.15484 0.82508
vt 0.30655 0.72969
vt 0.31098 0.72868
vt 0.30537 0.72853
vt 0.30339 0.72923
vt 0.30836 0.73114
vt 0.30196 0.72788
vt 0.30087 0.72833
vt 0.30097 0.72731
vt 0.31161 0.73052
vt 0.31452 0.73204
vt 0.31707 0.73073
vt 0.31534 0.72925
vt 0.97465 0.92419
vt 0.97479 0.91849
vt 0.97585 0.92264
vt 0.97595 0.91515
vt 0.97546 0.92569
vt 0.97437 0.92772
vt 0.97562 0.92818
vt 0.97485 0.92877
vt 0.97595 0.92936
vt 0.97678 0.55927
vt 0.97705 0.56481
vt 0.97852 0.56414
vt 0.97834 0.55909
vt 0.97738 0.56929
vt 0.97857 0.55611
vt 0.97910 0.56948
vt 0.97673 0.55627
vt 0.97767 0.55525
vt 0.97678 0.57231
vt 0.97788 0.57498
vt 0.97910 0.55544
vt 0.47991 0.30038
vt 0.48072 0.29598
vt 0.48129 0.30123
vt 0.47943 0.29555
vt 0.48037 0.30581
vt 0.48226 0.30646
vt 0.48155 0.30958
vt 0.48032 0.30930
vt 0.48220 0.31131
vt 0.48057 0.31189
vt 0.48178 0.31240
vt 0.47947 0.30666
vt 0.47910 0.30351
vt 0.47920 0.29974
vt 0.47950 0.30977
vt 0.48129 0.31294
vt 0.48006 0.31265
vt 0.13887 0.28867
vt 0.14268 0.28736
vt 0.13879 0.29119
vt 0.14538 0.29045
vt 0.14605 0.28806
vt 0.14996 0.28927
vt 0.14822 0.29244
vt 0.14363 0.29217
vt 0.15142 0.29112
vt 0.15734 0.29019
vt 0.15340 0.28841
vt 0.16160 0.28824
vt 0.15792 0.29130
vt 0.16450 0.29070
vt 0.16378 0.28950
vt 0.16736 0.29093
vt 0.16887 0.28940
vt 0.17303 0.28998
vt 0.17503 0.28872
vt 0.17550 0.28972
vt 0.16977 0.28771
vt 0.17550 0.28740
vt 0.17626 0.28884
vt 0.14653 0.29371
vt 0.15097 0.29392
vt 0.15336 0.29239
vt 0.14817 0.29539
vt 0.16375 0.29167
vt 0.14995 0.29558
vt 0.16452 0.37520
vt 0.16497 0.37336
vt 0.16601 0.37641
vt 0.16377 0.37286
vt 0.16405 0.36965
vt 0.16516 0.37753
vt 0.16406 0.37633
vt 0.16309 0.37016
vt 0.16356 0.36825
vt 0.16325 0.37467
vt 0.16207 0.36807
vt 0.16372 0.37817
vt 0.16475 0.38082
vt 0.30694 0.35192
vt 0.30606 0.35299
vt 0.29976 0.35270
vt 0.30238 0.35060
vt 0.29566 0.35197
vt 0.29557 0.35328
vt 0.29340 0.35316
vt 0.29196 0.35279
vt 0.29493 0.35443
vt 0.29252 0.35426
vt 0.29997 0.35372
vt 0.29062 0.35352
vt 0.29067 0.35486
vt 0.86840 0.40094
vt 0.87106 0.40111
vt 0.86773 0.39976
vt 0.86632 0.40111
vt 0.87002 0.40213
vt 0.86660 0.40181
vt 0.97240 0.20191
vt 0.97336 0.20343
vt 0.97223 0.20555
vt 0.97330 0.20685
vt 0.97212 0.20797
vt 0.97437 0.21113
vt 0.05318 0.51263
vt 0.05248 0.51126
vt 0.05402 0.51125
vt 0.05117 0.51245
vt 0.05339 0.51011
vt 0.04998 0.51113
vt 0.05180 0.50896
vt 0.04929 0.50932
vt 0.05156 0.50675
vt 0.05318 0.50578
vt 0.05123 0.50000
vt 0.97716 0.23446
vt 0.97665 0.23639
vt 0.97568 0.23439
vt 0.97516 0.23588
vt 0.97665 0.23323
vt 0.97821 0.23529
vt 0.97831 0.23383
vt 0.89866 0.39442
vt 0.89856 0.39309
vt 0.89701 0.39418
vt 0.88088 0.39265
vt 0.88038 0.39121
vt 0.87762 0.39406
vt 0.87961 0.39548
vt 0.87712 0.39613
vt 0.88365 0.39399
vt 0.88493 0.39262
vt 0.87411 0.39517
vt 0.89031 0.39437
vt 0.88824 0.39279
vt 0.89415 0.39290
vt 0.88574 0.39135
vt 0.89283 0.39131
vt 0.89822 0.39165
vt 0.87510 0.39316
vt 0.87402 0.39029
vt 0.87101 0.39033
vt 0.87256 0.39257
vt 0.87078 0.39371
vt 0.86967 0.39524
vt 0.86513 0.39275
vt 0.86451 0.39571
vt 0.85962 0.39308
vt 0.86292 0.40355
vt 0.86476 0.39059
vt 0.86922 0.39132
vt 0.86890 0.39046
vt 0.86134 0.40450
vt 0.86387 0.40426
vt 0.86356 0.40295
vt 0.86003 0.40196
vt 0.05469 0.82123
vt 0.05522 0.81967
vt 0.05360 0.81947
vt 0.05462 0.81807
vt 0.05594 0.82109
vt 0.05639 0.81965
vt 0.05336 0.82042
vt 0.05244 0.81965
vt 0.23154 0.99404
vt 0.23079 0.99322
vt 0.23069 0.99416
vt 0.22841 0.99408
vt 0.23192 0.99351
vt 0.23226 0.99423
vt 0.22532 0.99487
vt 0.22608 0.99360
vt 0.22114 0.99492
vt 0.22087 0.99344
vt 0.21768 0.99450
vt 0.21571 0.99303
vt 0.21639 0.99572
vt 0.22322 0.99661
vt 0.21687 0.99724
vt 0.22921 0.99541
vt 0.21505 0.99803
vt 0.23144 0.99522
vt 0.22970 0.99606
vt 0.21985 0.99785
vt 0.22689 0.99722
vt 0.23894 0.99734
vt 0.24060 0.99700
vt 0.23993 0.99589
vt 0.24249 0.99487
vt 0.24353 0.99612
vt 0.24464 0.99499
vt 0.24743 0.99590
vt 0.24901 0.99500
vt 0.23951 0.99805
vt 0.23778 0.99882
vt 0.24440 0.99722
vt 0.25559 0.33445
vt 0.25365 0.33323
vt 0.25308 0.33504
vt 0.25276 0.33400
vt 0.25539 0.33134
vt 0.25402 0.33131
vt 0.25287 0.33216
vt 0.51850 0.78954
vt 0.51956 0.78897
vt 0.52003 0.78966
vt 0.51784 0.78876
vt 0.51846 0.78814
vt 0.52090 0.78924
vt 0.52052 0.78802
vt 0.51948 0.78649
vt 0.51779 0.78594
vt 0.88566 0.94830
vt 0.88437 0.94832
vt 0.88488 0.94999
vt 0.88368 0.94982
vt 0.88604 0.94992
vt 0.88566 0.95146
vt 0.88403 0.95114
vt 0.73945 0.01523
vt 0.73917 0.01657
vt 0.74014 0.01617
vt 0.73786 0.01514
vt 0.73770 0.01630
vt 0.73501 0.01492
vt 0.73511 0.01379
vt 0.73116 0.01402
vt 0.73554 0.01607
vt 0.72881 0.01177
vt 0.72631 0.01208
vt 0.72441 0.01066
vt 0.72394 0.01219
vt 0.73787 0.01431
vt 0.72628 0.01326
vt 0.72465 0.01474
vt 0.73114 0.01543
vt 0.73486 0.01681
vt 0.73768 0.01693
vt 0.98697 0.08486
vt 0.98782 0.08543
vt 0.98930 0.08497
vt 0.98785 0.08803
vt 0.99067 0.08662
vt 0.99008 0.08959
vt 0.98901 0.09084
vt 0.98687 0.08610
vt 0.99111 0.08901
vt 0.99094 0.09062
vt 0.99035 0.08194
vt 0.98612 0.08935
vt 0.98642 0.09221
vt 0.98875 0.09418
vt 0.99026 0.09269
vt 0.98971 0.09777
vt 0.99215 0.08373
vt 0.99080 0.09494
vt 0.99090 0.10041
vt 0.99083 0.10698
vt 0.99188 0.08926
vt 0.98967 0.10825
vt 0.99122 0.11525
vt 0.99223 0.11551
vt 0.99148 0.11800
vt 0.99288 0.11758
vt 0.99001 0.09039
vt 0.99204 0.08710
vt 0.99191 0.09260
vt 0.57847 0.17665
vt 0.57453 0.17464
vt 0.57465 0.18193
vt 0.57847 0.17009
vt 0.00150 0.70857
vt 0.00355 0.71113
vt 0.00289 0.70646
vt 0.00156 0.70185
vt 0.00039 0.70257
vt 0.00166 0.71130
vt 0.00122 0.69500
vt 0.00271 0.69989
vt 0.00328 0.69661
vt 0.00297 0.69170
vt 0.00172 0.68872
vt 0.00292 0.68881
vt 0.00078 0.69041
vt 0.00292 0.71310
vt 0.00207 0.68785
vt 0.00094 0.68794
vt 0.39905 0.71863
vt 0.39678 0.71547
vt 0.40418 0.71547
vt 0.39314 0.71796
vt 0.49369 0.51500
vt 0.50039 0.51723
vt 0.49289 0.51736
vt 0.48778 0.51500
vt 0.72130 0.00276
vt 0.72437 0.00434
vt 0.71885 0.00434
vt 0.37051 0.21465
vt 0.37121 0.21350
vt 0.37737 0.21377
vt 0.37374 0.21530
vt 0.37750 0.21407
vt 0.37978 0.21533
vt 0.38208 0.21524
vt 0.38152 0.21414
vt 0.38289 0.21656
vt 0.90181 0.80033
vt 0.90024 0.80466
vt 0.90024 0.79992
vt 0.11465 0.94843
vt 0.11860 0.94918
vt 0.12131 0.94689
vt 0.12211 0.94871
vt 0.12676 0.94838
vt 0.11996 0.95032
vt 0.11566 0.95050
vt 0.10924 0.95076
vt 0.11177 0.94819
vt 0.10842 0.94915
vt 0.12389 0.95050
vt 0.10235 0.94949
vt 0.10562 0.94779
vt 0.10114 0.94723
vt 0.09030 0.94820
vt 0.08914 0.94980
vt 0.09387 0.95025
vt 0.09586 0.94765
vt 0.09785 0.94967
vt 0.09231 0.94616
vt 0.09460 0.95213
vt 0.09002 0.95153
vt 0.08573 0.95030
vt 0.09941 0.95185
vt 0.10397 0.95207
vt 0.09859 0.96248
vt 0.09607 0.96359
vt 0.10174 0.96408
vt 0.11740 0.96061
vt 0.11947 0.96297
vt 0.12125 0.96067
vt 0.12015 0.95699
vt 0.11583 0.95662
vt 0.11266 0.95974
vt 0.12451 0.95716
vt 0.12427 0.95986
vt 0.12520 0.96305
vt 0.11495 0.96339
vt 0.11092 0.96229
vt 0.10645 0.95992
vt 0.10472 0.96254
vt 0.10224 0.96004
vt 0.10941 0.95754
vt 0.10454 0.95715
vt 0.10798 0.95509
vt 0.09731 0.95835
vt 0.10139 0.95716
vt 0.09824 0.95408
vt 0.09233 0.95441
vt 0.09366 0.95873
vt 0.10413 0.95441
vt 0.10997 0.95217
vt 0.11227 0.95422
vt 0.11393 0.95172
vt 0.11644 0.95337
vt 0.12089 0.95260
vt 0.11797 0.95145
vt 0.12566 0.95347
vt 0.12824 0.96017
vt 0.12779 0.95649
vt 0.13077 0.95453
vt 0.09002 0.95826
vt 0.08737 0.95585
vt 0.08294 0.95208
vt 0.08305 0.95568
vt 0.08670 0.95230
vt 0.13142 0.95051
vt 0.12783 0.95048
vt 0.09334 0.96157
vt 0.07984 0.95341
vt 0.09114 0.96342
vt 0.08828 0.96070
vt 0.07885 0.95688
vt 0.07786 0.95537
vt 0.08568 0.95849
vt 0.12789 0.94666
vt 0.13126 0.94839
vt 0.12665 0.32565
vt 0.12215 0.33253
vt 0.12430 0.32297
vt 0.12774 0.33251
vt 0.12397 0.33715
vt 0.12703 0.31770
vt 0.12078 0.34030
vt 0.12308 0.34445
vt 0.11829 0.34409
vt 0.11916 0.35232
vt 0.12232 0.35356
vt 0.11726 0.34989
vt 0.12218 0.32057
vt 0.12616 0.31031
vt 0.12860 0.31100
vt 0.13046 0.30525
vt 0.12771 0.30197
vt 0.13091 0.29768
vt 0.12751 0.29741
vt 0.13289 0.29347
vt 0.12828 0.29242
vt 0.11480 0.35104
vt 0.11590 0.34417
vt 0.11806 0.33952
vt 0.11780 0.33386
vt 0.12018 0.32751
vt 0.15060 0.69463
vt 0.14693 0.69697
vt 0.14991 0.69705
vt 0.15350 0.69531
vt 0.15393 0.69076
vt 0.15290 0.69887
vt 0.15582 0.69175
vt 0.14780 0.69939
vt 0.15664 0.69591
vt 0.15670 0.69959
vt 0.16206 0.69837
vt 0.16120 0.69435
vt 0.16561 0.69523
vt 0.15834 0.69056
vt 0.16793 0.69875
vt 0.15451 0.68802
vt 0.15089 0.70075
vt 0.16660 0.70058
vt 0.16362 0.69091
vt 0.14467 0.70046
vt 0.17056 0.70283
vt 0.15073 0.68663
vt 0.15112 0.69009
vt 0.14850 0.68841
vt 0.14698 0.68470
vt 0.14364 0.69693
vt 0.14831 0.69372
vt 0.14634 0.69145
vt 0.14560 0.68823
vt 0.14307 0.69015
vt 0.14420 0.69314
vt 0.13956 0.69194
vt 0.13927 0.68928
vt 0.13500 0.69030
vt 0.13505 0.68812
vt 0.13003 0.68828
vt 0.13115 0.69137
vt 0.12551 0.69040
vt 0.12197 0.68733
vt 0.11711 0.68840
vt 0.11442 0.68566
vt 0.10853 0.68827
vt 0.10798 0.68555
vt 0.10192 0.68612
vt 0.10268 0.68904
vt 0.09605 0.68776
vt 0.09698 0.68469
vt 0.09243 0.68578
vt 0.08851 0.68713
vt 0.08604 0.68572
vt 0.08243 0.68709
vt 0.13141 0.68646
vt 0.12411 0.68523
vt 0.08120 0.69659
vt 0.08238 0.69009
vt 0.08603 0.69375
vt 0.08864 0.68922
vt 0.09254 0.69418
vt 0.08684 0.69861
vt 0.09327 0.69837
vt 0.09396 0.69022
vt 0.08130 0.70002
vt 0.08029 0.70214
vt 0.09082 0.70241
vt 0.09605 0.70192
vt 0.09916 0.69146
vt 0.09888 0.69462
vt 0.10067 0.69847
vt 0.08124 0.70378
vt 0.08434 0.70195
vt 0.10246 0.70212
vt 0.10473 0.69436
vt 0.10768 0.69855
vt 0.08604 0.70413
vt 0.10665 0.70296
vt 0.11268 0.70080
vt 0.10725 0.69171
vt 0.11472 0.69450
vt 0.11937 0.69870
vt 0.11197 0.70322
vt 0.09646 0.70411
vt 0.08242 0.70572
vt 0.12168 0.69347
vt 0.12132 0.70257
vt 0.11668 0.70367
vt 0.12388 0.70046
vt 0.12690 0.69705
vt 0.11757 0.69043
vt 0.11168 0.69020
vt 0.12770 0.69368
vt 0.12765 0.70118
vt 0.13223 0.69977
vt 0.13239 0.69529
vt 0.13657 0.69964
vt 0.13787 0.70179
vt 0.13193 0.70266
vt 0.14064 0.70001
vt 0.13992 0.69552
vt 0.14508 0.70295
vt 0.12803 0.70407
vt 0.13618 0.69299
vt 0.15013 0.70290
vt 0.15509 0.70190
vt 0.16062 0.70117
vt 0.16594 0.70192
vt 0.16441 0.70308
vt 0.15866 0.70305
vt 0.16793 0.70391
vt 0.17311 0.70469
vt 0.13732 0.70402
vt 0.14213 0.70461
vt 0.14921 0.70515
vt 0.15468 0.70401
vt 0.13247 0.70520
vt 0.12693 0.70575
vt 0.12181 0.70444
vt 0.11916 0.70651
vt 0.11084 0.70584
vt 0.10685 0.70679
vt 0.10208 0.70451
vt 0.10122 0.70665
vt 0.09330 0.70583
vt 0.08682 0.70613
vt 0.67733 0.69483
vt 0.67951 0.69123
vt 0.67751 0.68752
vt 0.68006 0.68310
vt 0.67516 0.69299
vt 0.67657 0.68055
vt 0.67917 0.67535
vt 0.68194 0.67483
vt 0.68153 0.67127
vt 0.67928 0.66911
vt 0.68255 0.66705
vt 0.67717 0.67395
vt 0.67560 0.68731
vt 0.67688 0.66872
vt 0.67771 0.66175
vt 0.68073 0.66363
vt 0.67989 0.65807
vt 0.67735 0.65527
vt 0.68051 0.65149
vt 0.67610 0.65006
vt 0.67894 0.64695
vt 0.67707 0.64444
vt 0.64520 0.07238
vt 0.64493 0.06852
vt 0.64775 0.07438
vt 0.64246 0.07029
vt 0.64596 0.07774
vt 0.64182 0.06416
vt 0.64244 0.07416
vt 0.63872 0.05270
vt 0.64070 0.05857
vt 0.63792 0.05872
vt 0.63526 0.05262
vt 0.63739 0.06481
vt 0.63700 0.04718
vt 0.63497 0.05945
vt 0.64239 0.03759
vt 0.64368 0.04124
vt 0.64212 0.04177
vt 0.64043 0.03580
vt 0.64270 0.03179
vt 0.64115 0.02968
vt 0.64265 0.02628
vt 0.64459 0.04563
vt 0.64650 0.02920
vt 0.64541 0.03108
vt 0.64821 0.03309
vt 0.64619 0.03437
vt 0.64984 0.03685
vt 0.64672 0.04033
vt 0.65020 0.04007
vt 0.64836 0.04296
vt 0.64792 0.03775
vt 0.64450 0.03707
vt 0.64749 0.04705
vt 0.64605 0.05089
vt 0.64386 0.03405
vt 0.65228 0.04082
vt 0.63474 0.01702
vt 0.63453 0.01223
vt 0.63754 0.01678
vt 0.63608 0.02020
vt 0.63505 0.02663
vt 0.63655 0.02925
vt 0.63446 0.03308
vt 0.63819 0.03341
vt 0.63635 0.03694
vt 0.63727 0.02309
vt 0.63983 0.02001
vt 0.63888 0.02857
vt 0.64128 0.01799
vt 0.64069 0.02323
vt 0.64364 0.02079
vt 0.63902 0.03766
vt 0.63790 0.04133
vt 0.64010 0.04453
vt 0.64163 0.05307
vt 0.64332 0.06024
vt 0.64358 0.02464
vt 0.64825 0.02307
vt 0.64591 0.02699
vt 0.63472 0.04209
vt 0.65019 0.02868
vt 0.65260 0.02661
vt 0.65228 0.02268
vt 0.64359 0.04943
vt 0.64499 0.05710
vt 0.64648 0.05515
vt 0.46682 0.65977
vt 0.47211 0.66292
vt 0.46899 0.66455
vt 0.47590 0.66542
vt 0.47973 0.66314
vt 0.47575 0.66131
vt 0.47909 0.66046
vt 0.47472 0.65956
vt 0.48487 0.66268
vt 0.48144 0.66535
vt 0.47127 0.66007
vt 0.48833 0.66538
vt 0.48623 0.66706
vt 0.49148 0.66456
vt 0.49379 0.66735
vt 0.49768 0.66586
vt 0.50118 0.66836
vt 0.46994 0.65730
vt 0.89146 0.01807
vt 0.89302 0.02108
vt 0.89495 0.02220
vt 0.89711 0.01940
vt 0.89236 0.01411
vt 0.89738 0.01566
vt 0.90204 0.01771
vt 0.89674 0.02201
vt 0.90184 0.01562
vt 0.89933 0.02060
vt 0.90127 0.01947
vt 0.90595 0.01836
vt 0.90662 0.01630
vt 0.91148 0.01693
vt 0.89809 0.02204
vt 0.91239 0.01507
vt 0.90446 0.01959
vt 0.89628 0.01344
vt 0.89349 0.01232
vt 0.91546 0.01561
vt 0.91841 0.01758
vt 0.92005 0.01564
vt 0.92273 0.01578
vt 0.92309 0.01732
vt 0.92098 0.01862
vt 0.91498 0.01840
vt 0.90920 0.01846
vt 0.92279 0.01853
vt 0.90013 0.01441
vt 0.90624 0.01517
vt 0.92390 0.01608
vt 0.92376 0.01774
vt 0.89557 0.01223
vt 0.64653 0.49990
vt 0.64737 0.49711
vt 0.64606 0.49797
vt 0.64550 0.50018
vt 0.64638 0.49608
vt 0.64722 0.49526
vt 0.64722 0.50237
vt 0.64787 0.50168
vt 0.59055 0.51900
vt 0.59009 0.52391
vt 0.59107 0.52255
vt 0.59070 0.52526
vt 0.82221 0.54671
vt 0.82493 0.54923
vt 0.82156 0.54424
vt 0.82758 0.54685
vt 0.82612 0.54362
vt 0.82634 0.54122
vt 0.82437 0.53867
vt 0.82367 0.53997
vt 0.82270 0.53943
vt 0.82397 0.54342
vt 0.28588 0.16535
vt 0.28469 0.16505
vt 0.28588 0.15983
vt 0.28352 0.16133
vt 0.62169 0.25581
vt 0.62058 0.25365
vt 0.61517 0.25493
vt 0.62761 0.25427
vt 0.62395 0.25113
vt 0.63056 0.25212
vt 0.63445 0.25435
vt 0.63585 0.25048
vt 0.63901 0.25351
vt 0.64156 0.25100
vt 0.64508 0.25256
vt 0.61676 0.25178
vt 0.60952 0.25324
vt 0.60834 0.25612
vt 0.60265 0.25567
vt 0.63036 0.24746
vt 0.62098 0.24780
vt 0.63905 0.24823
vt 0.60467 0.25194
vt 0.63450 0.24392
vt 0.61424 0.24788
vt 0.61811 0.24433
vt 0.64595 0.24749
vt 0.65047 0.25170
vt 0.65070 0.24762
vt 0.62609 0.24258
vt 0.59799 0.25412
vt 0.60835 0.24742
vt 0.61162 0.24289
vt 0.64079 0.24467
vt 0.65135 0.24362
vt 0.64614 0.24221
vt 0.60349 0.24327
vt 0.63972 0.24243
vt 0.59752 0.25608
vt 0.60099 0.24555
vt 0.60421 0.24899
vt 0.60334 0.24046
vt 0.59764 0.25112
vt 0.59214 0.25470
vt 0.59159 0.25612
vt 0.59780 0.24094
vt 0.59830 0.24777
vt 0.59536 0.24422
vt 0.59305 0.24050
vt 0.65561 0.24135
vt 0.65665 0.24379
vt 0.65460 0.24724
vt 0.66194 0.24183
vt 0.65508 0.25118
vt 0.59262 0.24845
vt 0.59047 0.24419
vt 0.65792 0.24726
vt 0.66217 0.24540
vt 0.66379 0.24402
vt 0.66680 0.24590
vt 0.46808 0.52105
vt 0.46648 0.51856
vt 0.46224 0.52077
vt 0.46298 0.51704
vt 0.45895 0.51985
vt 0.39501 0.51964
vt 0.39468 0.51570
vt 0.39179 0.51844
vt 0.39166 0.52201
vt 0.39242 0.51467
vt 0.38924 0.51643
vt 0.39025 0.51311
vt 0.38644 0.51435
vt 0.38495 0.51648
vt 0.38766 0.51974
vt 0.38868 0.52189
vt 0.38316 0.52091
vt 0.38394 0.52413
vt 0.37954 0.51696
vt 0.38784 0.52373
vt 0.39622 0.51371
vt 0.39264 0.51222
vt 0.39463 0.50963
vt 0.39004 0.51021
vt 0.38576 0.51245
vt 0.39901 0.51139
vt 0.39732 0.51909
vt 0.39427 0.52273
vt 0.39061 0.52475
vt 0.39915 0.51459
vt 0.40406 0.51372
vt 0.40197 0.51790
vt 0.40165 0.51070
vt 0.40638 0.51070
vt 0.39636 0.50877
vt 0.40808 0.51771
vt 0.40919 0.51292
vt 0.41222 0.51472
vt 0.39731 0.52141
vt 0.40193 0.52022
vt 0.41247 0.51182
vt 0.40989 0.51971
vt 0.40539 0.52358
vt 0.41520 0.51777
vt 0.41568 0.51404
vt 0.41685 0.51147
vt 0.39515 0.53015
vt 0.39171 0.52721
vt 0.38753 0.52893
vt 0.38543 0.52607
vt 0.37965 0.52700
vt 0.39858 0.52790
vt 0.39212 0.53218
vt 0.40211 0.53081
vt 0.40397 0.52828
vt 0.38671 0.53215
vt 0.38043 0.53005
vt 0.37603 0.52725
vt 0.40760 0.53048
vt 0.41078 0.52760
vt 0.41533 0.53013
vt 0.39784 0.53351
vt 0.42003 0.52696
vt 0.42246 0.53127
vt 0.42722 0.52679
vt 0.42645 0.52322
vt 0.42021 0.52386
vt 0.41451 0.52618
vt 0.43168 0.52551
vt 0.43185 0.52315
vt 0.43799 0.52263
vt 0.43947 0.52476
vt 0.44412 0.52179
vt 0.44538 0.52358
vt 0.45183 0.52105
vt 0.43715 0.52706
vt 0.45232 0.52486
vt 0.45735 0.52294
vt 0.46251 0.52474
vt 0.47008 0.52414
vt 0.44525 0.52620
vt 0.43226 0.52927
vt 0.46406 0.52718
vt 0.45500 0.52909
vt 0.44296 0.52857
vt 0.43260 0.53191
vt 0.42606 0.53274
vt 0.41950 0.53390
vt 0.46743 0.52951
vt 0.41197 0.53424
vt 0.46113 0.52983
vt 0.40279 0.53485
vt 0.44688 0.53092
vt 0.44122 0.53217
vt 0.36999 0.53265
vt 0.37115 0.52832
vt 0.36632 0.53042
vt 0.37477 0.53316
vt 0.37489 0.53053
vt 0.38099 0.53358
vt 0.38056 0.53507
vt 0.38645 0.53583
vt 0.38952 0.53471
vt 0.37440 0.52455
vt 0.39028 0.53674
vt 0.39490 0.53537
vt 0.39814 0.53749
vt 0.40693 0.53757
vt 0.41497 0.53738
vt 0.42274 0.53659
vt 0.42983 0.53507
vt 0.37920 0.52398
vt 0.43541 0.53502
vt 0.65347 0.82362
vt 0.65671 0.82591
vt 0.65336 0.82896
vt 0.65786 0.83226
vt 0.65387 0.83363
vt 0.65636 0.83551
vt 0.65426 0.81904
vt 0.65126 0.81620
vt 0.65115 0.82238
vt 0.65823 0.84063
vt 0.65495 0.83977
vt 0.65623 0.84520
vt 0.65933 0.84568
vt 0.65764 0.84978
vt 0.65956 0.85043
vt 0.66155 0.84874
vt 0.66117 0.84329
vt 0.66080 0.83556
vt 0.65070 0.80924
vt 0.64849 0.81011
vt 0.65391 0.81351
vt 0.65277 0.80776
vt 0.65139 0.80199
vt 0.64836 0.80313
vt 0.64893 0.79749
vt 0.64695 0.79760
vt 0.64676 0.79242
vt 0.64902 0.79282
vt 0.65140 0.79454
vt 0.64978 0.78705
vt 0.65333 0.80078
vt 0.65746 0.81370
vt 0.65810 0.82057
vt 0.65628 0.80830
vt 0.66000 0.82716
vt 0.65359 0.79561
vt 0.65360 0.78873
vt 0.65638 0.80066
vt 0.65586 0.79349
vt 0.66083 0.82022
vt 0.66309 0.83285
vt 0.66318 0.82631
vt 0.66021 0.81520
vt 0.66131 0.80903
vt 0.66034 0.80378
vt 0.66460 0.83883
vt 0.66568 0.84614
vt 0.66864 0.84154
vt 0.66894 0.84638
vt 0.65938 0.79457
vt 0.67153 0.84208
vt 0.65847 0.78797
vt 0.07510 0.64128
vt 0.08005 0.64207
vt 0.07453 0.64207
vt 0.48452 0.15254
vt 0.48293 0.15220
vt 0.48354 0.15339
vt 0.48462 0.15353
vt 0.48184 0.15341
vt 0.48174 0.15193
vt 0.44879 0.15466
vt 0.45066 0.15305
vt 0.45096 0.15444
vt 0.45370 0.15318
vt 0.45323 0.15220
vt 0.46370 0.15904
vt 0.46095 0.15760
vt 0.45828 0.15821
vt 0.46819 0.15686
vt 0.45850 0.15728
vt 0.45614 0.15662
vt 0.45418 0.15773
vt 0.45313 0.15603
vt 0.45004 0.15760
vt 0.44967 0.15894
vt 0.45480 0.15479
vt 0.44947 0.15583
vt 0.46330 0.15648
vt 0.46818 0.15530
vt 0.47389 0.15494
vt 0.47405 0.15615
vt 0.47839 0.15466
vt 0.47974 0.15313
vt 0.47389 0.15356
vt 0.47989 0.15196
vt 0.30278 0.38677
vt 0.30012 0.38761
vt 0.29863 0.38627
vt 0.29370 0.38722
vt 0.29630 0.38748
vt 0.29563 0.38622
vt 0.29252 0.38580
vt 0.29251 0.38713
vt 0.29889 0.38490
vt 0.29444 0.38492
vt 0.30236 0.38559
vt 0.29147 0.38610
vt 0.29142 0.38477
vt 0.29062 0.38514
vt 0.85051 0.14232
vt 0.85055 0.14387
vt 0.84897 0.14312
vt 0.84944 0.14483
vt 0.84944 0.14167
vt 0.28667 0.68706
vt 0.28821 0.68548
vt 0.28825 0.68706
vt 0.81822 0.63496
vt 0.81979 0.63496
vt 0.81975 0.63654
vt 0.28108 0.45756
vt 0.28271 0.45588
vt 0.28457 0.45564
vt 0.28254 0.45941
vt 0.28468 0.45787
vt 0.28397 0.45975
vt 0.28588 0.45503
vt 0.06799 0.12561
vt 0.07031 0.12791
vt 0.07452 0.12630
vt 0.07513 0.12889
vt 0.07985 0.12806
vt 0.08156 0.13068
vt 0.08445 0.12838
vt 0.07052 0.12378
vt 0.08738 0.13115
vt 0.08829 0.12708
vt 0.09351 0.13364
vt 0.06643 0.12272
vt 0.06388 0.12445
vt 0.08401 0.12440
vt 0.07778 0.12436
vt 0.08733 0.12244
vt 0.06284 0.12162
vt 0.07338 0.12176
vt 0.06939 0.12034
vt 0.06477 0.11893
vt 0.07847 0.11978
vt 0.06032 0.12555
vt 0.05771 0.12228
vt 0.05886 0.12034
vt 0.06185 0.11864
vt 0.05323 0.11871
vt 0.12119 0.12498
vt 0.11900 0.12718
vt 0.11407 0.12446
vt 0.11276 0.12607
vt 0.10690 0.12390
vt 0.11677 0.12925
vt 0.11238 0.12828
vt 0.10611 0.12640
vt 0.10089 0.12467
vt 0.10178 0.12255
vt 0.09590 0.12403
vt 0.09634 0.12123
vt 0.09032 0.12181
vt 0.08904 0.11906
vt 0.08418 0.12012
vt 0.08288 0.11766
vt 0.08144 0.12143
vt 0.09117 0.12478
vt 0.09892 0.12767
vt 0.10340 0.12878
vt 0.10751 0.12981
vt 0.09438 0.12694
vt 0.11722 0.13242
vt 0.11190 0.13135
vt 0.12006 0.12321
vt 0.11519 0.12154
vt 0.11012 0.12107
vt 0.10664 0.12219
vt 0.10315 0.11905
vt 0.09928 0.12001
vt 0.09644 0.11761
vt 0.09406 0.11907
vt 0.08876 0.11619
vt 0.08192 0.11488
vt 0.07741 0.11657
vt 0.07601 0.11405
vt 0.07431 0.11796
vt 0.06828 0.11426
vt 0.06790 0.11652
vt 0.06739 0.11833
vt 0.35504 0.73760
vt 0.35762 0.74012
vt 0.36319 0.73807
vt 0.36226 0.74151
vt 0.36757 0.74087
vt 0.36944 0.73891
vt 0.37487 0.74077
vt 0.37630 0.73854
vt 0.38279 0.73918
vt 0.38410 0.74230
vt 0.38895 0.74127
vt 0.38834 0.73846
vt 0.39457 0.74001
vt 0.39476 0.73746
vt 0.39951 0.73825
vt 0.39780 0.73490
vt 0.40397 0.73731
vt 0.40437 0.73379
vt 0.40817 0.73582
vt 0.41064 0.73279
vt 0.41401 0.73356
vt 0.41454 0.73063
vt 0.39305 0.73524
vt 0.38844 0.73588
vt 0.38250 0.73646
vt 0.42018 0.73083
vt 0.42111 0.73339
vt 0.42501 0.72968
vt 0.42659 0.73308
vt 0.43021 0.73168
vt 0.37151 0.73649
vt 0.28212 0.29094
vt 0.28667 0.29124
vt 0.28150 0.28846
vt 0.27826 0.28972
vt 0.29082 0.29544
vt 0.29637 0.29570
vt 0.29150 0.29270
vt 0.28378 0.29479
vt 0.29481 0.29848
vt 0.27940 0.29199
vt 0.27967 0.29450
vt 0.27667 0.29257
vt 0.27530 0.28932
vt 0.27267 0.29006
vt 0.27234 0.29194
vt 0.30191 0.29973
vt 0.30686 0.29787
vt 0.30085 0.29569
vt 0.31019 0.30141
vt 0.31317 0.30006
vt 0.31376 0.30381
vt 0.31758 0.30185
vt 0.32021 0.30589
vt 0.32203 0.30310
vt 0.30709 0.30472
vt 0.30284 0.30329
vt 0.29889 0.30618
vt 0.30510 0.30873
vt 0.31109 0.30663
vt 0.31686 0.30747
vt 0.30759 0.31071
vt 0.31214 0.30990
vt 0.29333 0.30253
vt 0.28971 0.29821
vt 0.32313 0.30932
vt 0.32630 0.30661
vt 0.28614 0.29924
vt 0.29370 0.30702
vt 0.28631 0.30448
vt 0.30284 0.31047
vt 0.32853 0.31006
vt 0.31557 0.31099
vt 0.32108 0.31263
vt 0.29625 0.31045
vt 0.31213 0.31288
vt 0.27970 0.29990
vt 0.28777 0.31054
vt 0.28270 0.30721
vt 0.29986 0.31298
vt 0.27636 0.30461
vt 0.27346 0.29830
vt 0.26920 0.30101
vt 0.26847 0.29751
vt 0.26093 0.29945
vt 0.26449 0.29582
vt 0.25837 0.29557
vt 0.25373 0.29773
vt 0.25129 0.29456
vt 0.24718 0.29735
vt 0.24334 0.29324
vt 0.23879 0.29447
vt 0.23635 0.29195
vt 0.27230 0.29451
vt 0.27649 0.29443
vt 0.30482 0.31307
vt 0.26565 0.29160
vt 0.28268 0.31633
vt 0.27805 0.31325
vt 0.27683 0.31570
vt 0.27170 0.31205
vt 0.26598 0.31357
vt 0.28424 0.31349
vt 0.26524 0.30765
vt 0.25925 0.31038
vt 0.25875 0.30468
vt 0.25478 0.30641
vt 0.25160 0.30358
vt 0.24864 0.30675
vt 0.24450 0.30425
vt 0.24671 0.30119
vt 0.23973 0.30218
vt 0.24207 0.29736
vt 0.23641 0.29926
vt 0.23516 0.29594
vt 0.22807 0.29587
vt 0.28832 0.31534
vt 0.28640 0.31868
vt 0.24024 0.30931
vt 0.23486 0.30918
vt 0.24664 0.31039
vt 0.25206 0.31121
vt 0.23221 0.30385
vt 0.22951 0.30854
vt 0.22920 0.31421
vt 0.23415 0.31511
vt 0.23856 0.31601
vt 0.22785 0.30042
vt 0.22492 0.30496
vt 0.22314 0.29721
vt 0.22083 0.29402
vt 0.21742 0.29544
vt 0.21509 0.29349
vt 0.24496 0.31424
vt 0.23112 0.31952
vt 0.22055 0.30065
vt 0.21872 0.30272
vt 0.21517 0.29870
vt 0.25749 0.31441
vt 0.22335 0.31487
vt 0.22346 0.31924
vt 0.22169 0.30960
vt 0.21752 0.31765
vt 0.21915 0.31262
vt 0.21726 0.30654
vt 0.21742 0.32092
vt 0.21170 0.32121
vt 0.21115 0.31548
vt 0.21519 0.31155
vt 0.21277 0.30793
vt 0.25487 0.30119
vt 0.27887 0.31792
vt 0.25056 0.31567
vt 0.21316 0.30061
vt 0.29011 0.31927
vt 0.29351 0.31748
vt 0.27098 0.30565
vt 0.27894 0.31009
vt 0.26342 0.30261
vt 0.22737 0.32280
vt 0.22145 0.32342
vt 0.21516 0.32440
vt 0.21141 0.32698
vt 0.27044 0.31753
vt 0.26270 0.31753
vt 0.25517 0.31817
vt 0.22516 0.29293
vt 0.29415 0.31430
vt 0.23238 0.29339
vt 0.29581 0.31914
vt 0.21421 0.29123
vt 0.22043 0.29091
vt 0.23175 0.32438
vt 0.23724 0.32287
vt 0.24282 0.31984
vt 0.24827 0.31963
vt 0.21768 0.32618
vt 0.30146 0.31653
vt 0.30159 0.31958
vt 0.30609 0.31886
vt 0.30930 0.31598
vt 0.30992 0.32004
vt 0.31394 0.31893
vt 0.31069 0.32241
vt 0.31396 0.32329
vt 0.31117 0.32610
vt 0.30579 0.32255
vt 0.30703 0.32641
vt 0.31111 0.33065
vt 0.31849 0.31868
vt 0.31594 0.31539
vt 0.31659 0.32939
vt 0.31866 0.32631
vt 0.30289 0.32613
vt 0.30493 0.32929
vt 0.31757 0.33296
vt 0.32227 0.33350
vt 0.32087 0.32978
vt 0.32959 0.33235
vt 0.32540 0.32892
vt 0.33082 0.33056
vt 0.33774 0.33399
vt 0.34037 0.33196
vt 0.34451 0.33529
vt 0.34808 0.33277
vt 0.34562 0.33030
vt 0.33785 0.32933
vt 0.34508 0.33788
vt 0.33731 0.33735
vt 0.32925 0.33451
vt 0.22370 0.29021
vt 0.21849 0.28895
vt 0.22899 0.29029
vt 0.34849 0.34251
vt 0.34213 0.34124
vt 0.32836 0.33791
vt 0.33331 0.33945
vt 0.22380 0.32655
vt 0.31214 0.33373
vt 0.30591 0.33292
vt 0.32230 0.33819
vt 0.31759 0.33689
vt 0.30046 0.33064
vt 0.29842 0.32643
vt 0.35216 0.31378
vt 0.35415 0.31109
vt 0.34705 0.31228
vt 0.34654 0.30843
vt 0.34161 0.30978
vt 0.33821 0.30767
vt 0.33773 0.31083
vt 0.33332 0.30907
vt 0.32775 0.30457
vt 0.34267 0.31291
vt 0.33086 0.31259
vt 0.35372 0.31904
vt 0.35276 0.32248
vt 0.34662 0.31831
vt 0.34702 0.32404
vt 0.34124 0.32319
vt 0.33666 0.32089
vt 0.33755 0.31493
vt 0.33571 0.32698
vt 0.33008 0.31767
vt 0.33025 0.32463
vt 0.32699 0.32064
vt 0.32382 0.32449
vt 0.32816 0.32735
vt 0.31937 0.32248
vt 0.34186 0.32733
vt 0.34836 0.32811
vt 0.32303 0.31815
vt 0.32628 0.31504
vt 0.23806 0.40152
vt 0.23935 0.40346
vt 0.23849 0.40316
vt 0.23869 0.40450
vt 0.23930 0.40161
vt 0.23869 0.39818
vt 0.23699 0.40325
vt 0.23739 0.40094
vt 0.39592 0.64867
vt 0.39708 0.64789
vt 0.39634 0.64991
vt 0.39550 0.65075
vt 0.39550 0.64522
vt 0.45938 0.34294
vt 0.46175 0.34294
vt 0.46119 0.34451
vt 0.69880 0.10265
vt 0.69987 0.10166
vt 0.69992 0.10421
vt 0.69875 0.10172
vt 0.69922 0.10063
vt 0.70071 0.10228
vt 0.69808 0.10416
vt 0.69922 0.10695
vt 0.69756 0.10187
vt 0.15497 0.57735
vt 0.15655 0.57735
vt 0.15579 0.57814
vt 0.06743 0.17088
vt 0.06743 0.17324
vt 0.06822 0.17199
vt 0.33715 0.34609
vt 0.33678 0.34767
vt 0.33478 0.34609
vt 0.40655 0.32905
vt 0.40733 0.33031
vt 0.40733 0.32794
vt 0.63289 0.87332
vt 0.63052 0.87332
vt 0.63252 0.87174
vt 0.63446 0.92802
vt 0.63843 0.92836
vt 0.63521 0.92615
vt 0.63028 0.92616
vt 0.63094 0.92789
vt 0.62624 0.92753
vt 0.62451 0.92541
vt 0.62031 0.92785
vt 0.61861 0.92586
vt 0.61501 0.92815
vt 0.60953 0.92546
vt 0.60868 0.92916
vt 0.60366 0.92652
vt 0.60117 0.92913
vt 0.59709 0.92671
vt 0.59554 0.93036
vt 0.58962 0.92956
vt 0.58630 0.92642
vt 0.58270 0.92936
vt 0.57695 0.92647
vt 0.57827 0.93032
vt 0.57056 0.92838
vt 0.57111 0.92541
vt 0.56526 0.92678
vt 0.63628 0.92971
vt 0.64308 0.92955
vt 0.63191 0.92991
vt 0.56939 0.93117
vt 0.62693 0.92922
vt 0.60501 0.93171
vt 0.56252 0.92930
vt 0.55955 0.92673
vt 0.61132 0.93102
vt 0.62061 0.92937
vt 0.58429 0.93198
vt 0.59167 0.93271
vt 0.59997 0.93361
vt 0.63901 0.93128
vt 0.55651 0.92889
vt 0.56394 0.93170
vt 0.55923 0.93122
vt 0.62891 0.93137
vt 0.62185 0.93175
vt 0.63441 0.93200
vt 0.64510 0.93145
vt 0.57755 0.93357
vt 0.64665 0.92939
vt 0.64936 0.93063
vt 0.65075 0.92925
vt 0.58394 0.93489
vt 0.65522 0.93070
vt 0.65602 0.92950
vt 0.66004 0.92996
vt 0.66105 0.93294
vt 0.66525 0.92900
vt 0.65523 0.93342
vt 0.66635 0.93072
vt 0.67074 0.92986
vt 0.88950 0.73442
vt 0.88780 0.73207
vt 0.89108 0.72948
vt 0.88867 0.72605
vt 0.89154 0.72499
vt 0.89124 0.71987
vt 0.88884 0.72143
vt 0.89016 0.71592
vt 0.89188 0.71538
vt 0.89174 0.70981
vt 0.89229 0.73252
vt 0.89335 0.72878
vt 0.89388 0.72328
vt 0.89465 0.71853
vt 0.89442 0.71426
vt 0.89318 0.71111
vt 0.89648 0.71250
vt 0.89576 0.70603
vt 0.90084 0.73623
vt 0.90473 0.74104
vt 0.89459 0.73426
vt 0.90603 0.73500
vt 0.90401 0.73107
vt 0.90017 0.73065
vt 0.90103 0.72467
vt 0.90487 0.72493
vt 0.90264 0.71881
vt 0.90745 0.71781
vt 0.90459 0.71321
vt 0.90099 0.71438
vt 0.90155 0.71040
vt 0.90474 0.70949
vt 0.90134 0.70604
vt 0.90489 0.70570
vt 0.90331 0.69985
vt 0.90600 0.70159
vt 0.89672 0.73106
vt 0.89645 0.72431
vt 0.89505 0.73953
vt 0.90847 0.71360
vt 0.90800 0.70957
vt 0.90714 0.69716
vt 0.89842 0.71647
vt 0.90780 0.72284
vt 0.90870 0.72877
vt 0.90046 0.69712
vt 0.90624 0.69093
vt 0.90891 0.70389
vt 0.89859 0.70961
vt 0.90713 0.73862
vt 0.89662 0.70023
vt 0.90874 0.69305
vt 0.90944 0.68878
vt 0.90071 0.69321
vt 0.90306 0.68814
vt 0.90720 0.68399
vt 0.91133 0.68260
vt 0.90860 0.67724
vt 0.91269 0.67751
vt 0.91031 0.67292
vt 0.91230 0.67099
vt 0.90701 0.67293
vt 0.90959 0.73465
vt 0.90522 0.67567
vt 0.90389 0.68018
vt 0.91000 0.72053
vt 0.90989 0.71471
vt 0.90945 0.70894
vt 0.91020 0.72784
vt 0.90896 0.69802
vt 0.89704 0.69334
vt 0.89442 0.69418
vt 0.90128 0.68623
vt 0.90977 0.66985
vt 0.91172 0.66496
vt 0.91285 0.68258
vt 0.91210 0.68897
vt 0.91069 0.69253
vt 0.91173 0.69764
vt 0.32243 0.06727
vt 0.31735 0.06454
vt 0.31664 0.06784
vt 0.79698 0.01696
vt 0.79970 0.01511
vt 0.80338 0.01664
vt 0.80436 0.01540
vt 0.80874 0.01571
vt 0.80995 0.01439
vt 0.81130 0.01504
vt 0.81274 0.01347
vt 0.81147 0.01294
vt 0.80690 0.01369
vt 0.81200 0.01164
vt 0.81304 0.01234
vt 0.80960 0.01227
vt 0.79489 0.01402
vt 0.80289 0.01383
vt 0.79739 0.00371
vt 0.79830 0.00276
vt 0.80151 0.00392
vt 0.80525 0.00364
vt 0.80516 0.00462
vt 0.80916 0.00527
vt 0.80805 0.00577
vt 0.81103 0.00639
vt 0.81205 0.00599
vt 0.81304 0.00747
vt 0.81349 0.00670
vt 0.79870 0.01283
vt 0.19528 0.15266
vt 0.19677 0.15151
vt 0.20013 0.15205
vt 0.20176 0.15364
vt 0.20522 0.15316
vt 0.20474 0.15398
vt 0.19792 0.15354
vt 0.20673 0.15485
vt 0.20515 0.15505
vt 0.20251 0.15474
vt 0.20615 0.15588
vt 0.20778 0.15439
vt 0.20781 0.15348
vt 0.20668 0.15281
vt 0.20757 0.15547
vt 0.20341 0.15191
vt 0.19868 0.15075
vt 0.30735 0.78292
vt 0.30696 0.78197
vt 0.30581 0.78338
vt 0.30522 0.78288
vt 0.30403 0.78365
vt 0.30797 0.78214
vt 0.30776 0.78098
vt 0.29556 0.78490
vt 0.30010 0.78459
vt 0.29938 0.78329
vt 0.30265 0.78310
vt 0.30403 0.78271
vt 0.30312 0.78208
vt 0.30211 0.78468
vt 0.92414 0.43539
vt 0.92398 0.43320
vt 0.92552 0.43443
vt 0.92528 0.43050
vt 0.92302 0.43609
vt 0.92376 0.42490
vt 0.92412 0.43668
vt 0.92516 0.43635
vt 0.92367 0.43744
vt 0.92620 0.43526
vt 0.92259 0.42754
vt 0.92301 0.43239
vt 0.92626 0.43640
vt 0.92487 0.43765
vt 0.92276 0.43508
vt 0.92141 0.42787
vt 0.02326 0.29637
vt 0.02484 0.29530
vt 0.02326 0.29321
vt 0.99082 0.32947
vt 0.98954 0.32799
vt 0.99148 0.32481
vt 0.99036 0.32323
vt 0.99211 0.32137
vt 0.99264 0.32320
vt 0.99105 0.31985
vt 0.99286 0.32521
vt 0.99319 0.32108
vt 0.99211 0.31970
vt 0.99115 0.31847
vt 0.61620 0.65042
vt 0.61852 0.65142
vt 0.61521 0.65452
vt 0.61688 0.65919
vt 0.61528 0.65924
vt 0.61507 0.66361
vt 0.61330 0.66052
vt 0.61277 0.66680
vt 0.61481 0.66885
vt 0.61130 0.67333
vt 0.61404 0.67466
vt 0.61064 0.67850
vt 0.61210 0.68055
vt 0.60946 0.68483
vt 0.61213 0.68591
vt 0.60884 0.69218
vt 0.61093 0.69178
vt 0.61036 0.69606
vt 0.61293 0.69609
vt 0.61202 0.70011
vt 0.61543 0.70006
vt 0.61862 0.65725
vt 0.61368 0.69016
vt 0.61412 0.68529
vt 0.62177 0.65096
vt 0.61699 0.67195
vt 0.61826 0.66645
vt 0.61409 0.69309
vt 0.61670 0.69424
vt 0.61591 0.67773
vt 0.61394 0.67917
vt 0.61686 0.66344
vt 0.62037 0.65918
vt 0.61753 0.68987
vt 0.61812 0.69889
vt 0.61693 0.70391
vt 0.61424 0.70385
vt 0.61675 0.70782
vt 0.61281 0.70679
vt 0.61353 0.70915
vt 0.61476 0.71149
vt 0.61119 0.71346
vt 0.61186 0.71710
vt 0.61501 0.71531
vt 0.61286 0.72171
vt 0.60920 0.72402
vt 0.61013 0.72737
vt 0.61127 0.70898
vt 0.60042 0.78780
vt 0.60359 0.78726
vt 0.60376 0.78089
vt 0.60507 0.78230
vt 0.60634 0.77714
vt 0.60608 0.77250
vt 0.60322 0.77286
vt 0.60568 0.76692
vt 0.58187 0.78334
vt 0.58416 0.78182
vt 0.58186 0.77755
vt 0.58449 0.77484
vt 0.57976 0.78126
vt 0.58270 0.76937
vt 0.57977 0.77234
vt 0.58286 0.76351
vt 0.58579 0.76403
vt 0.58595 0.75599
vt 0.58224 0.75858
vt 0.58472 0.75092
vt 0.58759 0.74881
vt 0.59020 0.74964
vt 0.58868 0.74310
vt 0.58596 0.76988
vt 0.58608 0.74433
vt 0.59115 0.75559
vt 0.59470 0.75467
vt 0.58855 0.75927
vt 0.59285 0.76147
vt 0.59531 0.78331
vt 0.59177 0.78430
vt 0.59087 0.77474
vt 0.60131 0.78046
vt 0.59838 0.77751
vt 0.59846 0.77127
vt 0.59428 0.77567
vt 0.59293 0.76973
vt 0.59668 0.76643
vt 0.60268 0.76637
vt 0.58663 0.77591
vt 0.58829 0.76774
vt 0.58735 0.78293
vt 0.60069 0.76111
vt 0.59709 0.76157
vt 0.60425 0.75959
vt 0.60313 0.75586
vt 0.60005 0.75612
vt 0.60636 0.75475
vt 0.60170 0.75210
vt 0.59841 0.75015
vt 0.60512 0.74878
vt 0.60164 0.74474
vt 0.59102 0.74500
vt 0.60548 0.73990
vt 0.57960 0.76413
vt 0.59845 0.74474
vt 0.60020 0.74111
vt 0.59854 0.73870
vt 0.60104 0.73656
vt 0.60743 0.76047
vt 0.60579 0.73008
vt 0.60166 0.73096
vt 0.60498 0.72443
vt 0.60856 0.71913
vt 0.60822 0.73386
vt 0.60765 0.74979
vt 0.60832 0.74326
vt 0.60883 0.73867
vt 0.60901 0.75305
vt 0.61086 0.73323
vt 0.60991 0.74414
vt 0.96179 0.85583
vt 0.96046 0.85744
vt 0.96236 0.86093
vt 0.96439 0.85651
vt 0.95394 0.85720
vt 0.95284 0.85817
vt 0.96429 0.86065
vt 0.96535 0.86029
vt 0.96174 0.86319
vt 0.96360 0.86597
vt 0.95305 0.85937
vt 0.96514 0.86390
vt 0.96258 0.86721
vt 0.96173 0.86926
vt 0.95205 0.85883
vt 0.96482 0.86874
vt 0.96415 0.87030
vt 0.96243 0.87051
vt 0.96570 0.87289
vt 0.96586 0.87077
vt 0.96798 0.87192
vt 0.96280 0.87342
vt 0.96438 0.87595
vt 0.96625 0.87576
vt 0.96696 0.87879
vt 0.96568 0.87928
vt 0.96670 0.88408
vt 0.96896 0.88264
vt 0.96810 0.88611
vt 0.96872 0.89025
vt 0.96974 0.88799
vt 0.96752 0.89044
vt 0.96876 0.87826
vt 0.96995 0.89093
vt 0.96880 0.89195
vt 0.96847 0.87528
vt 0.96568 0.86972
vt 0.96601 0.86225
vt 0.96746 0.89227
vt 0.95394 0.85951
vt 0.97043 0.89215
vt 0.95235 0.86015
vt 0.96881 0.87316
vt 0.96893 0.86970
vt 0.96830 0.86866
vt 0.96812 0.86711
vt 0.96930 0.86732
vt 0.96883 0.86505
vt 0.96813 0.86438
vt 0.96700 0.86644
vt 0.96931 0.85905
vt 0.96760 0.86070
vt 0.96911 0.85552
vt 0.97025 0.85382
vt 0.68321 0.47395
vt 0.68309 0.47239
vt 0.68429 0.47232
vt 0.68229 0.47346
vt 0.68433 0.47395
vt 0.68450 0.46961
vt 0.68281 0.47031
vt 0.68314 0.46772
vt 0.68169 0.47272
vt 0.68494 0.46680
vt 0.68099 0.46954
vt 0.68433 0.46606
vt 0.43313 0.39531
vt 0.43792 0.39703
vt 0.43774 0.39283
vt 0.44162 0.39344
vt 0.44637 0.39442
vt 0.44828 0.39052
vt 0.45494 0.39282
vt 0.45242 0.39665
vt 0.44723 0.39956
vt 0.43094 0.39946
vt 0.45065 0.40336
vt 0.44097 0.40615
vt 0.43743 0.40197
vt 0.44632 0.40931
vt 0.43317 0.40626
vt 0.43003 0.40417
vt 0.42891 0.40943
vt 0.43494 0.40998
vt 0.43938 0.41128
vt 0.42526 0.40872
vt 0.42536 0.40396
vt 0.42448 0.39755
vt 0.42397 0.40134
vt 0.42232 0.41174
vt 0.41843 0.40646
vt 0.41722 0.40162
vt 0.41748 0.39856
vt 0.41380 0.41035
vt 0.42910 0.41274
vt 0.41326 0.40082
vt 0.41171 0.40582
vt 0.40560 0.41247
vt 0.43372 0.41315
vt 0.44039 0.41267
vt 0.44639 0.41239
vt 0.45118 0.41035
vt 0.45380 0.40752
vt 0.45599 0.40921
vt 0.46019 0.40664
vt 0.45885 0.40231
vt 0.40648 0.40589
vt 0.40474 0.40374
vt 0.40018 0.40843
vt 0.39916 0.41256
vt 0.39620 0.40719
vt 0.39294 0.41137
vt 0.38871 0.40905
vt 0.38591 0.41381
vt 0.37939 0.41364
vt 0.37711 0.41118
vt 0.37136 0.41693
vt 0.36700 0.41276
vt 0.36329 0.41873
vt 0.35968 0.41305
vt 0.35605 0.41715
vt 0.36885 0.42166
vt 0.37047 0.40929
vt 0.36144 0.41039
vt 0.35129 0.41119
vt 0.35010 0.41596
vt 0.34307 0.41395
vt 0.34249 0.41854
vt 0.33544 0.41784
vt 0.33712 0.42089
vt 0.32794 0.42176
vt 0.36075 0.42287
vt 0.35674 0.42009
vt 0.35395 0.42471
vt 0.34802 0.42176
vt 0.34782 0.42514
vt 0.34602 0.43089
vt 0.34155 0.42943
vt 0.33765 0.42641
vt 0.33659 0.43380
vt 0.33231 0.42904
vt 0.32309 0.42714
vt 0.32675 0.43350
vt 0.31699 0.43301
vt 0.35934 0.42630
vt 0.35116 0.43080
vt 0.31740 0.43778
vt 0.32483 0.43648
vt 0.37659 0.41852
vt 0.33038 0.43646
vt 0.38209 0.41666
vt 0.36657 0.42615
vt 0.37484 0.42264
vt 0.38068 0.42059
vt 0.35828 0.42959
vt 0.38669 0.41761
vt 0.34350 0.43446
vt 0.32261 0.43980
vt 0.32781 0.43942
vt 0.31766 0.44051
vt 0.33484 0.43829
vt 0.41843 0.41293
vt 0.41372 0.41371
vt 0.40932 0.41398
vt 0.39382 0.41473
vt 0.34130 0.43784
vt 0.35114 0.43501
vt 0.42386 0.41406
vt 0.40508 0.41668
vt 0.32892 0.44109
vt 0.32275 0.44220
vt 0.40108 0.41560
vt 0.37478 0.42558
vt 0.38415 0.42222
vt 0.38993 0.41927
vt 0.36247 0.43159
vt 0.41823 0.41446
vt 0.42818 0.41414
vt 0.39603 0.41748
vt 0.36918 0.42895
vt 0.41392 0.41531
vt 0.41024 0.41645
vt 0.35667 0.91514
vt 0.35378 0.91990
vt 0.35573 0.92133
vt 0.35505 0.92582
vt 0.35756 0.92535
vt 0.35659 0.93015
vt 0.35765 0.92069
vt 0.00179 0.19564
vt 0.00304 0.19457
vt 0.00301 0.20020
vt 0.00330 0.19131
vt 0.00462 0.19279
vt 0.00447 0.19012
vt 0.00455 0.19656
vt 0.00439 0.20158
vt 0.00365 0.20400
vt 0.00519 0.20461
vt 0.00515 0.20782
vt 0.00568 0.20035
vt 0.00175 0.19141
vt 0.00395 0.18789
vt 0.00479 0.18538
vt 0.00602 0.20559
vt 0.00341 0.20778
vt 0.00308 0.18501
vt 0.00393 0.18185
vt 0.00490 0.17962
vt 0.00348 0.17579
vt 0.00410 0.17308
vt 0.00322 0.17167
vt 0.00239 0.17403
vt 0.00179 0.17212
vt 0.00236 0.17727
vt 0.00624 0.18609
vt 0.00537 0.19030
vt 0.00543 0.19587
vt 0.00248 0.18850
vt 0.00231 0.20183
vt 0.00209 0.18022
vt 0.00121 0.17388
vt 0.00118 0.19432
vt 0.24851 0.62470
vt 0.24724 0.62500
vt 0.24950 0.62549
vt 0.25118 0.62500
vt 0.36608 0.73283
vt 0.36475 0.73204
vt 0.36711 0.73204
vt 0.31979 0.50947
vt 0.31979 0.51184
vt 0.32058 0.51050
vt 0.09012 0.49211
vt 0.09109 0.49378
vt 0.09042 0.49414
vt 0.09012 0.49605
vt 0.08951 0.49477
vt 0.51904 0.22631
vt 0.51904 0.22711
vt 0.52054 0.22770
vt 0.52076 0.22616
vt 0.51777 0.22762
vt 0.51752 0.22688
vt 0.51780 0.22612
vt 0.51665 0.22678
vt 0.51617 0.22748
vt 0.51891 0.22769
vt 0.52003 0.22860
vt 0.51872 0.22841
vt 0.52110 0.22852
vt 0.52214 0.22777
vt 0.52265 0.22682
vt 0.52405 0.22748
vt 0.51730 0.22828
vt 0.51715 0.22762
vt 0.51629 0.22795
vt 0.51945 0.22928
vt 0.52108 0.22702
vt 0.62587 0.52236
vt 0.62625 0.52210
vt 0.62686 0.52268
vt 0.62667 0.52334
vt 0.62737 0.52388
vt 0.62681 0.52426
vt 0.62726 0.52510
vt 0.62637 0.52572
vt 0.62619 0.52689
vt 0.62712 0.52680
vt 0.62575 0.52486
vt 0.62597 0.52367
vt 0.62521 0.52633
vt 0.62484 0.52699
vt 0.62421 0.52528
vt 0.62539 0.52469
vt 0.62531 0.52324
vt 0.62596 0.52796
vt 0.62625 0.52999
vt 0.62673 0.52846
vt 0.62604 0.52321
vt 0.63993 0.54506
vt 0.64184 0.54787
vt 0.64011 0.55068
vt 0.63781 0.54775
vt 0.64142 0.55410
vt 0.64116 0.55813
vt 0.63862 0.55197
vt 0.63722 0.55221
vt 0.63673 0.55511
vt 0.63623 0.55443
vt 0.64276 0.55817
vt 0.64190 0.56075
vt 0.64094 0.56168
vt 0.63980 0.56080
vt 0.63864 0.56224
vt 0.63965 0.56330
vt 0.63729 0.56399
vt 0.63706 0.56276
vt 0.63868 0.55809
vt 0.63664 0.55832
vt 0.63582 0.55537
vt 0.63745 0.56114
vt 0.63897 0.56630
vt 0.64167 0.56351
vt 0.64269 0.56202
vt 0.74607 0.75736
vt 0.74575 0.75888
vt 0.74529 0.75771
vt 0.74575 0.75572
vt 0.74409 0.75718
vt 0.74645 0.75871
vt 0.74461 0.75868
vt 0.32453 0.60697
vt 0.32566 0.60734
vt 0.32627 0.60655
vt 0.32689 0.60697
vt 0.38289 0.56867
vt 0.38210 0.56875
vt 0.38289 0.57103
vt 0.87185 0.25848
vt 0.87185 0.26085
vt 0.87263 0.25857
vt 0.52327 0.10780
vt 0.51874 0.11198
vt 0.51901 0.10773
vt 0.51437 0.10810
vt 0.51146 0.11338
vt 0.50891 0.10780
vt 0.51562 0.11638
vt 0.51190 0.11878
vt 0.52091 0.11730
vt 0.69592 0.89251
vt 0.69323 0.88945
vt 0.69107 0.89306
vt 0.68880 0.88932
vt 0.68982 0.88412
vt 0.69344 0.88252
vt 0.68901 0.87929
vt 0.68655 0.88203
vt 0.68595 0.87774
vt 0.68347 0.88042
vt 0.68412 0.87407
vt 0.68078 0.87702
vt 0.68054 0.88158
vt 0.68145 0.87251
vt 0.68334 0.86679
vt 0.68833 0.87332
vt 0.69619 0.88477
vt 0.68453 0.88615
vt 0.69831 0.89012
vt 0.69204 0.87633
vt 0.69083 0.86948
vt 0.69458 0.87370
vt 0.68735 0.86686
vt 0.68976 0.86413
vt 0.68809 0.86113
vt 0.69323 0.86716
vt 0.69611 0.86586
vt 0.69718 0.87246
vt 0.69807 0.87938
vt 0.70097 0.87172
vt 0.69241 0.86184
vt 0.70162 0.87971
vt 0.69972 0.86524
vt 0.70186 0.88940
vt 0.69504 0.87980
vt 0.69692 0.85920
vt 0.70085 0.85779
vt 0.69592 0.85503
vt 0.70167 0.85192
vt 0.69800 0.84733
vt 0.69330 0.84955
vt 0.69163 0.84394
vt 0.69569 0.84056
vt 0.69099 0.83929
vt 0.69489 0.83606
vt 0.70061 0.83387
vt 0.69831 0.83158
vt 0.70221 0.82515
vt 0.69840 0.82349
vt 0.70167 0.82066
vt 0.69856 0.81840
vt 0.69533 0.82197
vt 0.69656 0.81617
vt 0.70063 0.81185
vt 0.69929 0.80855
vt 0.69661 0.80835
vt 0.70056 0.80122
vt 0.69888 0.79901
vt 0.69569 0.80323
vt 0.69363 0.80799
vt 0.69720 0.79773
vt 0.69237 0.81232
vt 0.70352 0.80243
vt 0.69837 0.79296
vt 0.70042 0.79190
vt 0.69985 0.78523
vt 0.70310 0.78952
vt 0.70143 0.77983
vt 0.69944 0.78003
vt 0.70070 0.77404
vt 0.69832 0.77132
vt 0.70290 0.77437
vt 0.70400 0.76978
vt 0.70705 0.77235
vt 0.70985 0.76824
vt 0.70563 0.76561
vt 0.70909 0.76164
vt 0.70533 0.76025
vt 0.71108 0.77714
vt 0.70687 0.77986
vt 0.70755 0.78516
vt 0.71175 0.78304
vt 0.71123 0.79159
vt 0.70653 0.78985
vt 0.70753 0.79491
vt 0.70905 0.79897
vt 0.70182 0.76608
vt 0.70373 0.78312
vt 0.69708 0.78379
vt 0.69742 0.77655
vt 0.70330 0.81488
vt 0.69367 0.81677
vt 0.69426 0.83319
vt 0.69555 0.82839
vt 0.69114 0.83472
vt 0.68872 0.83636
vt 0.68843 0.83088
vt 0.68548 0.83697
vt 0.68463 0.83304
vt 0.68630 0.82784
vt 0.68241 0.83620
vt 0.68397 0.83995
vt 0.68816 0.83992
vt 0.68966 0.84981
vt 0.69188 0.85326
vt 0.70479 0.80873
vt 0.70632 0.80405
vt 0.69962 0.88432
vt 0.68867 0.85456
vt 0.68753 0.84778
vt 0.68532 0.85096
vt 0.68637 0.85563
vt 0.70308 0.79659
vt 0.69144 0.82490
vt 0.70454 0.77806
vt 0.69249 0.85718
vt 0.69051 0.81628
vt 0.68522 0.84376
vt 0.69028 0.86021
vt 0.68935 0.82318
vt 0.69256 0.82884
vt 0.68284 0.84867
vt 0.68801 0.82155
vt 0.68877 0.84307
vt 0.68146 0.84384
vt 0.80166 0.53078
vt 0.80179 0.52448
vt 0.80481 0.52368
vt 0.80481 0.53038
vt 0.52957 0.62466
vt 0.52930 0.62155
vt 0.52248 0.62155
vt 0.52604 0.62549
vt 0.43809 0.73283
vt 0.44348 0.73520
vt 0.44834 0.73283
vt 0.39127 0.18745
vt 0.38630 0.19100
vt 0.39156 0.19140
vt 0.38604 0.18745
vt 0.96134 0.95462
vt 0.95827 0.96014
vt 0.96333 0.95751
vt 0.95386 0.95910
vt 0.95516 0.95462
vt 0.33005 0.00066
vt 0.33211 0.00513
vt 0.33682 0.00039
vt 0.33705 0.00398
vt 0.34424 0.00066
vt 0.69484 0.31229
vt 0.69203 0.31648
vt 0.68762 0.31222
vt 0.68609 0.31535
vt 0.68227 0.31250
vt 0.68001 0.31659
vt 0.67593 0.31465
vt 0.66996 0.31725
vt 0.66968 0.31219
vt 0.67780 0.31073
vt 0.66250 0.31670
vt 0.66330 0.31216
vt 0.65804 0.31044
vt 0.65560 0.31622
vt 0.65106 0.31339
vt 0.64927 0.31627
vt 0.69428 0.30881
vt 0.68815 0.30887
vt 0.65007 0.30984
vt 0.64247 0.31199
vt 0.64373 0.30892
vt 0.63729 0.30940
vt 0.63630 0.31389
vt 0.64150 0.31595
vt 0.62973 0.30869
vt 0.63351 0.30584
vt 0.62907 0.30381
vt 0.63086 0.31535
vt 0.62354 0.30523
vt 0.62265 0.31245
vt 0.62928 0.31812
vt 0.62068 0.31768
vt 0.63602 0.31791
vt 0.61829 0.30601
vt 0.61578 0.30354
vt 0.64288 0.32262
vt 0.63837 0.32164
vt 0.61297 0.30851
vt 0.61574 0.31355
vt 0.63420 0.32190
vt 0.61138 0.31593
vt 0.60759 0.31235
vt 0.60407 0.31497
vt 0.60566 0.30595
vt 0.60143 0.31113
vt 0.59946 0.30630
vt 0.63941 0.32633
vt 0.64481 0.32712
vt 0.59632 0.31335
vt 0.64822 0.32477
vt 0.64837 0.32011
vt 0.65317 0.31997
vt 0.65797 0.31977
vt 0.68442 0.31952
vt 0.69509 0.31838
vt 0.59582 0.31011
vt 0.59015 0.31067
vt 0.59270 0.30456
vt 0.58638 0.30662
vt 0.58221 0.31088
vt 0.57897 0.30627
vt 0.66431 0.32049
vt 0.62843 0.32134
vt 0.57569 0.31209
vt 0.57143 0.30738
vt 0.56992 0.31153
vt 0.56176 0.31011
vt 0.67691 0.32039
vt 0.64153 0.32865
vt 0.58727 0.31466
vt 0.69238 0.32089
vt 0.63371 0.32490
vt 0.61361 0.31871
vt 0.60731 0.31754
vt 0.58117 0.31483
vt 0.56035 0.30628
vt 0.67205 0.32205
vt 0.65457 0.32554
vt 0.64816 0.32908
vt 0.61977 0.32150
vt 0.59369 0.31605
vt 0.59951 0.31678
vt 0.57292 0.30405
vt 0.57107 0.31506
vt 0.56657 0.30405
vt 0.56444 0.31489
vt 0.58066 0.30178
vt 0.58851 0.30148
vt 0.60863 0.30250
vt 0.60258 0.30241
vt 0.59607 0.30102
vt 0.66495 0.30796
vt 0.63931 0.30530
vt 0.68086 0.30795
vt 0.57310 0.30032
vt 0.67288 0.30839
vt 0.62096 0.30106
vt 0.65564 0.30702
vt 0.64476 0.30567
vt 0.65003 0.30681
vt 0.69124 0.30680
vt 0.63349 0.30270
vt 0.62707 0.30125
vt 0.61286 0.30087
vt 0.68278 0.32207
vt 0.67869 0.32316
vt 0.62547 0.32285
vt 0.68825 0.32324
vt 0.65881 0.32403
vt 0.57493 0.31686
vt 0.64415 0.33076
vt 0.65254 0.33000
vt 0.65831 0.32860
vt 0.60363 0.32017
vt 0.63986 0.30358
vt 0.66288 0.32478
vt 0.61295 0.32118
vt 0.69820 0.32236
vt 0.69356 0.32384
vt 0.64762 0.33131
vt 0.58352 0.31796
vt 0.58930 0.31862
vt 0.62847 0.32544
vt 0.63537 0.32863
vt 0.56746 0.31713
vt 0.59619 0.31954
vt 0.66584 0.32428
vt 0.64852 0.30480
vt 0.62946 0.32871
vt 0.66359 0.32894
vt 0.66736 0.32884
vt 0.67146 0.32470
vt 0.67555 0.32533
vt 0.61826 0.32392
vt 0.62335 0.32491
vt 0.68242 0.32504
vt 0.65082 0.33268
vt 0.63995 0.33166
vt 0.65848 0.33173
vt 0.67143 0.32734
vt 0.59779 0.66674
vt 0.59417 0.66360
vt 0.59484 0.66930
vt 0.59625 0.67630
vt 0.59273 0.67393
vt 0.59544 0.68435
vt 0.59082 0.67982
vt 0.59175 0.68811
vt 0.58999 0.66809
vt 0.58678 0.68815
vt 0.58970 0.69382
vt 0.58698 0.67587
vt 0.58342 0.69363
vt 0.58677 0.70178
vt 0.58183 0.70487
vt 0.58374 0.71225
vt 0.57869 0.71225
vt 0.58779 0.66236
vt 0.58355 0.68566
vt 0.58412 0.67920
vt 0.57939 0.71746
vt 0.58143 0.72039
vt 0.57590 0.72277
vt 0.58217 0.72473
vt 0.58526 0.66902
vt 0.57394 0.71924
vt 0.57709 0.73261
vt 0.57340 0.72703
vt 0.57128 0.73406
vt 0.57266 0.73947
vt 0.56875 0.74189
vt 0.57995 0.74097
vt 0.57058 0.74818
vt 0.57660 0.74651
vt 0.58290 0.72940
vt 0.58370 0.73524
vt 0.56746 0.75013
vt 0.57069 0.75454
vt 0.56654 0.75939
vt 0.57363 0.75806
vt 0.56927 0.76486
vt 0.57690 0.75252
vt 0.57455 0.76342
vt 0.57041 0.76918
vt 0.56398 0.76686
vt 0.56454 0.77289
vt 0.58812 0.70973
vt 0.58632 0.71823
vt 0.58982 0.72235
vt 0.58703 0.73089
vt 0.58237 0.74704
vt 0.58030 0.75157
vt 0.59053 0.71457
vt 0.59571 0.71634
vt 0.57265 0.77179
vt 0.56856 0.77516
vt 0.58461 0.74105
vt 0.59133 0.70407
vt 0.59309 0.69831
vt 0.57784 0.75642
vt 0.57230 0.77772
vt 0.56701 0.78324
vt 0.59432 0.70921
vt 0.58698 0.73546
vt 0.57191 0.78668
vt 0.56746 0.79028
vt 0.56370 0.78758
vt 0.56251 0.77886
vt 0.56440 0.79305
vt 0.57144 0.79328
vt 0.59549 0.69102
vt 0.56004 0.78626
vt 0.56014 0.79232
vt 0.57062 0.72842
vt 0.57995 0.69864
vt 0.56064 0.77390
vt 0.58060 0.69204
vt 0.56720 0.73575
vt 0.57792 0.70756
vt 0.57796 0.70266
vt 0.58316 0.67560
vt 0.55746 0.78090
vt 0.57511 0.71055
vt 0.55248 0.79228
vt 0.58215 0.68376
vt 0.54798 0.79155
vt 0.55289 0.78563
vt 0.56953 0.72516
vt 0.57157 0.71834
vt 0.58251 0.66292
f 463/463 462/462 461/461
f 481/481 475/475 490/490
f 481/481 477/477 475/475
f 477/477 478/478 476/476
f 484/484 481/481 492/492
f 881/881 876/876 880/880
f 484/484 483/483 480/480
f 484/484 480/480 481/481
f 480/480 483/483 479/479
f 480/480 479/479 477/477
f 880/880 876/876 877/877
f 878/878 872/872 876/876
f 480/480 477/477 481/481
f 876/876 872/872 875/875
f 876/876 875/875 877/877
f 477/477 479/479 478/478
f 475/475 477/477 476/476
f 872/872 869/869 873/873
f 870/870 869/869 872/872
f 474/474 475/475 471/471
f 490/490 475/475 474/474
f 475/475 476/476 471/471
f 471/471 476/476 482/482
f 869/869 868/868 873/873
f 870/870 866/866 869/869
f 872/872 874/874 875/875
f 872/872 873/873 874/874
f 474/474 471/471 470/470
f 474/474 470/470 486/486
f 471/471 469/469 470/470
f 869/869 866/866 868/868
f 471/471 482/482 469/469
f 486/486 470/470 468/468
f 470/470 469/469 468/468
f 486/486 468/468 487/487
f 866/866 871/871 867/867
f 866/866 867/867 868/868
f 871/871 879/879 867/867
f 465/465 487/487 468/468
f 487/487 465/465 493/493
f 468/468 467/467 465/465
f 465/465 467/467 466/466
f 489/489 493/493 465/465
f 468/468 469/469 467/467
f 469/469 473/473 467/467
f 467/467 473/473 460/460
f 467/467 460/460 466/466
f 452/452 453/453 450/450
f 451/451 452/452 450/450
f 451/451 450/450 448/448
f 450/450 449/449 448/448
f 451/451 455/455 456/456
f 430/430 426/426 425/425
f 452/452 451/451 456/456
f 451/451 454/454 455/455
f 451/451 448/448 454/454
f 426/426 424/424 425/425
f 426/426 427/427 424/424
f 425/425 424/424 422/422
f 425/425 428/428 429/429
f 425/425 422/422 428/428
f 465/465 462/462 463/463
f 465/465 463/463 489/489
f 465/465 466/466 462/462
f 890/890 891/891 892/892
f 489/489 463/463 491/491
f 466/466 464/464 462/462
f 466/466 460/460 464/464
f 473/473 472/472 460/460
f 460/460 458/458 464/464
f 460/460 472/472 459/459
f 462/462 464/464 457/457
f 464/464 458/458 485/485
f 464/464 485/485 457/457
f 485/485 458/458 488/488
f 460/460 459/459 458/458
f 427/427 431/431 423/423
f 454/454 448/448 447/447
f 448/448 449/449 445/445
f 448/448 445/445 447/447
f 423/423 418/418 424/424
f 427/427 423/423 424/424
f 431/431 419/419 423/423
f 419/419 431/431 432/432
f 447/447 445/445 446/446
f 416/416 410/410 408/408
f 410/410 409/409 408/408
f 423/423 419/419 418/418
f 424/424 418/418 422/422
f 422/422 418/418 421/421
f 445/445 444/444 446/446
f 432/432 420/420 419/419
f 751/751 753/753 757/757
f 528/528 524/524 523/523
f 751/751 752/752 753/753
f 521/521 523/523 524/524
f 522/522 523/523 521/521
f 544/544 539/539 542/542
f 751/751 755/755 752/752
f 539/539 540/540 541/541
f 539/539 541/541 542/542
f 540/540 543/543 541/541
f 525/525 529/529 521/521
f 525/525 521/521 524/524
f 758/758 757/757 753/753
f 654/654 653/653 650/650
f 651/651 650/650 649/649
f 651/651 654/654 650/650
f 753/753 752/752 754/754
f 650/650 653/653 652/652
f 755/755 756/756 752/752
f 509/509 501/501 502/502
f 501/501 499/499 502/502
f 501/501 500/500 499/499
f 500/500 501/501 503/503
f 857/857 856/856 858/858
f 857/857 855/855 856/856
f 649/649 650/650 648/648
f 650/650 652/652 648/648
f 527/527 516/516 521/521
f 522/522 521/521 520/520
f 547/547 543/543 540/540
f 521/521 516/516 520/520
f 521/521 529/529 527/527
f 649/649 648/648 647/647
f 503/503 504/504 500/500
f 855/855 852/852 856/856
f 855/855 854/854 852/852
f 504/504 494/494 500/500
f 500/500 494/494 499/499
f 647/647 646/646 645/645
f 647/647 648/648 646/646
f 527/527 514/514 516/516
f 647/647 645/645 659/659
f 514/514 515/515 516/516
f 514/514 517/517 515/515
f 659/659 645/645 644/644
f 514/514 530/530 517/517
f 645/645 646/646 641/641
f 645/645 641/641 644/644
f 516/516 515/515 520/520
f 547/547 545/545 543/543
f 494/494 496/496 499/499
f 646/646 648/648 643/643
f 648/648 652/652 643/643
f 504/504 505/505 494/494
f 543/543 545/545 546/546
f 646/646 643/643 641/641
f 854/854 848/848 852/852
f 852/852 848/848 851/851
f 494/494 505/505 495/495
f 494/494 495/495 496/496
f 517/517 530/530 519/519
f 666/666 673/673 672/672
f 519/519 530/530 531/531
f 644/644 641/641 640/640
f 641/641 637/637 640/640
f 517/517 518/518 515/515
f 641/641 643/643 642/642
f 496/496 495/495 497/497
f 495/495 505/505 506/506
f 848/848 850/850 851/851
f 517/517 519/519 518/518
f 519/519 526/526 518/518
f 690/690 687/687 689/689
f 549/549 548/548 545/545
f 692/692 691/691 687/687
f 545/545 548/548 546/546
f 641/641 642/642 637/637
f 495/495 498/498 497/497
f 495/495 506/506 498/498
f 848/848 846/846 847/847
f 848/848 847/847 850/850
f 666/666 672/672 667/667
f 667/667 661/661 666/666
f 660/660 656/656 658/658
f 656/656 638/638 658/658
f 667/667 670/670 661/661
f 658/658 638/638 655/655
f 657/657 640/640 656/656
f 656/656 640/640 638/638
f 640/640 637/637 638/638
f 638/638 637/637 635/635
f 691/691 688/688 687/687
f 666/666 661/661 663/663
f 687/687 688/688 689/689
f 845/845 839/839 846/846
f 661/661 662/662 663/663
f 845/845 844/844 839/839
f 844/844 836/836 839/839
f 510/510 497/497 498/498
f 846/846 839/839 847/847
f 506/506 507/507 498/498
f 510/510 498/498 511/511
f 637/637 636/636 635/635
f 847/847 839/839 859/859
f 847/847 859/859 842/842
f 839/839 838/838 859/859
f 859/859 838/838 842/842
f 507/507 508/508 498/498
f 842/842 853/853 861/861
f 901/901 899/899 898/898
f 789/789 788/788 780/780
f 699/699 700/700 701/701
f 699/699 702/702 700/700
f 788/788 781/781 780/780
f 788/788 790/790 781/781
f 780/780 781/781 782/782
f 702/702 704/704 700/700
f 704/704 706/706 700/700
f 781/781 783/783 782/782
f 565/565 553/553 554/554
f 670/670 664/664 661/661
f 661/661 664/664 662/662
f 301/301 300/300 298/298
f 300/300 299/299 298/298
f 664/664 668/668 665/665
f 664/664 665/665 662/662
f 655/655 638/638 639/639
f 638/638 635/635 639/639
f 299/299 296/296 298/298
f 298/298 296/296 297/297
f 639/639 635/635 634/634
f 844/844 840/840 836/836
f 840/840 834/834 836/836
f 836/836 838/838 839/839
f 838/838 841/841 842/842
f 838/838 836/836 837/837
f 838/838 837/837 841/841
f 498/498 512/512 511/511
f 842/842 841/841 853/853
f 697/697 696/696 698/698
f 697/697 695/695 696/696
f 841/841 860/860 853/853
f 511/511 512/512 513/513
f 841/841 837/837 860/860
f 695/695 694/694 696/696
f 836/836 834/834 835/835
f 836/836 835/835 837/837
f 635/635 636/636 632/632
f 636/636 633/633 632/632
f 668/668 669/669 665/665
f 668/668 671/671 669/669
f 297/297 296/296 295/295
f 840/840 833/833 834/834
f 860/860 837/837 849/849
f 695/695 693/693 694/694
f 835/835 843/843 837/837
f 790/790 784/784 781/781
f 781/781 784/784 783/783
f 790/790 786/786 784/784
f 784/784 786/786 785/785
f 784/784 785/785 783/783
f 553/553 552/552 554/554
f 552/552 553/553 551/551
f 563/563 551/551 553/553
f 552/552 551/551 550/550
f 786/786 787/787 785/785
f 563/563 564/564 551/551
f 824/824 823/823 825/825
f 778/778 773/773 775/775
f 817/817 818/818 815/815
f 815/815 818/818 832/832
f 814/814 827/827 817/817
f 814/814 817/817 815/815
f 814/814 815/815 816/816
f 776/776 764/764 759/759
f 764/764 763/763 759/759
f 776/776 759/759 761/761
f 759/759 760/760 761/761
f 777/777 776/776 774/774
f 776/776 761/761 774/774
f 761/761 760/760 762/762
f 818/818 817/817 819/819
f 818/818 822/822 832/832
f 817/817 820/820 819/819
f 818/818 819/819 822/822
f 822/822 831/831 832/832
f 817/817 827/827 820/820
f 761/761 762/762 774/774
f 762/762 760/760 766/766
f 774/774 762/762 765/765
f 624/624 629/629 622/622
f 631/631 624/624 630/630
f 630/630 624/624 625/625
f 624/624 623/623 625/625
f 763/763 760/760 759/759
f 624/624 621/621 623/623
f 624/624 622/622 621/621
f 629/629 626/626 622/622
f 621/621 620/620 623/623
f 820/820 821/821 819/819
f 779/779 777/777 772/772
f 777/777 774/774 772/772
f 774/774 765/765 772/772
f 819/819 821/821 822/822
f 821/821 830/830 822/822
f 822/822 830/830 831/831
f 765/765 762/762 766/766
f 621/621 619/619 620/620
f 619/619 617/617 620/620
f 821/821 820/820 823/823
f 779/779 772/772 778/778
f 772/772 765/765 767/767
f 626/626 627/627 619/619
f 627/627 615/615 619/619
f 765/765 766/766 767/767
f 617/617 619/619 615/615
f 626/626 619/619 622/622
f 622/622 619/619 621/621
f 440/440 439/439 441/441
f 588/588 585/585 587/587
f 440/440 438/438 439/439
f 440/440 442/442 438/438
f 585/585 584/584 587/587
f 439/439 438/438 436/436
f 438/438 442/442 437/437
f 438/438 437/437 436/436
f 681/681 680/680 678/678
f 678/678 680/680 679/679
f 807/807 808/808 809/809
f 807/807 809/809 811/811
f 440/440 443/443 442/442
f 811/811 809/809 812/812
f 601/601 600/600 602/602
f 808/808 810/810 809/809
f 809/809 810/810 813/813
f 588/588 587/587 589/589
f 601/601 599/599 600/600
f 599/599 598/598 600/600
f 809/809 813/813 812/812
f 685/685 686/686 683/683
f 681/681 685/685 683/683
f 681/681 683/683 680/680
f 599/599 594/594 598/598
f 680/680 682/682 679/679
f 680/680 683/683 682/682
f 585/585 586/586 582/582
f 585/585 582/582 584/584
f 678/678 679/679 676/676
f 586/586 590/590 582/582
f 582/582 590/590 583/583
f 582/582 583/583 584/584
f 436/436 437/437 435/435
f 678/678 676/676 677/677
f 676/676 679/679 684/684
f 594/594 596/596 598/598
f 679/679 682/682 684/684
f 594/594 595/595 596/596
f 412/412 413/413 411/411
f 412/412 411/411 410/410
f 413/413 415/415 411/411
f 410/410 411/411 409/409
f 627/627 628/628 615/615
f 767/767 766/766 768/768
f 768/768 769/769 767/767
f 821/821 824/824 828/828
f 821/821 828/828 830/830
f 830/830 828/828 829/829
f 821/821 823/823 824/824
f 778/778 772/772 773/773
f 772/772 767/767 771/771
f 772/772 771/771 773/773
f 767/767 769/769 771/771
f 615/615 616/616 617/617
f 768/768 770/770 769/769
f 824/824 826/826 828/828
f 628/628 618/618 615/615
f 615/615 618/618 616/616
f 586/586 591/591 590/590
f 436/436 435/435 434/434
f 583/583 590/590 593/593
f 591/591 592/592 590/590
f 590/590 592/592 593/593
f 677/677 676/676 674/674
f 676/676 675/675 674/674
f 676/676 684/684 675/675
f 596/596 595/595 597/597
f 434/434 435/435 433/433
f 418/418 417/417 421/421
f 408/408 409/409 407/407
f 409/409 414/414 407/407
f 801/801 799/799 798/798
f 801/801 802/802 799/799
f 797/797 794/794 792/792
f 798/798 799/799 800/800
f 797/797 792/792 796/796
f 802/802 805/805 804/804
f 802/802 804/804 799/799
f 800/800 799/799 803/803
f 794/794 793/793 792/792
f 799/799 804/804 803/803
f 792/792 793/793 791/791
f 748/748 743/743 747/747
f 749/749 743/743 748/748
f 796/796 792/792 795/795
f 802/802 806/806 805/805
f 749/749 750/750 743/743
f 715/715 711/711 710/710
f 611/611 610/610 608/608
f 710/710 711/711 712/712
f 715/715 710/710 716/716
f 710/710 714/714 716/716
f 710/710 712/712 714/714
f 717/717 718/718 719/719
f 611/611 608/608 614/614
f 711/711 713/713 712/712
f 610/610 603/603 608/608
f 719/719 718/718 730/730
f 719/719 730/730 728/728
f 603/603 605/605 606/606
f 603/603 604/604 605/605
f 730/730 729/729 728/728
f 603/603 606/606 608/608
f 577/577 576/576 574/574
f 718/718 732/732 730/730
f 718/718 733/733 732/732
f 577/577 574/574 578/578
f 576/576 575/575 574/574
f 730/730 732/732 729/729
f 729/729 732/732 731/731
f 579/579 580/580 562/562
f 604/604 607/607 605/605
f 728/728 729/729 726/726
f 728/728 726/726 725/725
f 725/725 726/726 720/720
f 721/721 720/720 726/726
f 723/723 725/725 720/720
f 723/723 720/720 722/722
f 581/581 579/579 570/570
f 579/579 562/562 570/570
f 720/720 721/721 722/722
f 575/575 572/572 574/574
f 731/731 726/726 729/729
f 574/574 572/572 573/573
f 607/607 609/609 605/605
f 731/731 721/721 726/726
f 572/572 571/571 573/573
f 607/607 612/612 609/609
f 612/612 613/613 609/609
f 572/572 570/570 571/571
f 580/580 566/566 562/562
f 566/566 561/561 562/562
f 535/535 536/536 537/537
f 562/562 561/561 559/559
f 535/535 532/532 534/534
f 535/535 534/534 536/536
f 723/723 722/722 724/724
f 724/724 722/722 727/727
f 734/734 727/727 722/722
f 722/722 721/721 734/734
f 734/734 721/721 735/735
f 570/570 569/569 571/571
f 734/734 737/737 738/738
f 734/734 738/738 727/727
f 562/562 559/559 570/570
f 559/559 569/569 570/570
f 734/734 736/736 737/737
f 734/734 735/735 736/736
f 727/727 738/738 739/739
f 559/559 568/568 569/569
f 740/740 739/739 738/738
f 746/746 745/745 736/736
f 737/737 745/745 738/738
f 738/738 745/745 740/740
f 736/736 745/745 737/737
f 740/740 745/745 744/744
f 745/745 746/746 744/744
f 701/701 700/700 703/703
f 898/898 899/899 897/897
f 899/899 900/900 897/897
f 703/703 700/700 705/705
f 902/902 903/903 904/904
f 703/703 705/705 708/708
f 700/700 706/706 705/705
f 568/568 559/559 567/567
f 559/559 557/557 567/567
f 536/536 534/534 538/538
f 561/561 558/558 559/559
f 561/561 560/560 558/558
f 532/532 533/533 534/534
f 739/739 740/740 741/741
f 741/741 740/740 742/742
f 559/559 558/558 557/557
f 744/744 742/742 740/740
f 898/898 897/897 896/896
f 708/708 705/705 707/707
f 705/705 706/706 707/707
f 554/554 552/552 555/555
f 555/555 552/552 550/550
f 897/897 895/895 893/893
f 895/895 894/894 893/893
f 707/707 709/709 708/708
f 555/555 550/550 556/556
f 896/896 897/897 893/893
f 379/379 366/366 373/373
f 379/379 376/376 366/366
f 376/376 367/367 366/366
f 376/376 374/374 367/367
f 367/367 371/371 368/368
f 374/374 372/372 367/367
f 367/367 372/372 371/371
f 372/372 391/391 371/371
f 375/375 372/372 374/374
f 70/70 71/71 9/9
f 11/11 12/12 10/10
f 71/71 11/11 9/9
f 11/11 10/10 9/9
f 90/90 70/70 122/122
f 122/122 23/23 75/75
f 23/23 5/5 75/75
f 75/75 137/137 122/122
f 122/122 70/70 23/23
f 70/70 9/9 23/23
f 9/9 10/10 6/6
f 10/10 8/8 6/6
f 23/23 9/9 5/5
f 9/9 6/6 5/5
f 8/8 7/7 6/6
f 137/137 75/75 156/156
f 156/156 75/75 142/142
f 75/75 5/5 1/1
f 156/156 142/142 154/154
f 142/142 75/75 76/76
f 75/75 1/1 76/76
f 76/76 1/1 14/14
f 5/5 6/6 2/2
f 5/5 2/2 1/1
f 2/2 7/7 32/32
f 6/6 7/7 2/2
f 1/1 2/2 3/3
f 1/1 3/3 4/4
f 2/2 32/32 31/31
f 2/2 31/31 3/3
f 76/76 83/83 154/154
f 14/14 1/1 4/4
f 14/14 4/4 17/17
f 4/4 16/16 17/17
f 76/76 154/154 142/142
f 154/154 83/83 153/153
f 378/378 377/377 370/370
f 76/76 14/14 83/83
f 17/17 83/83 14/14
f 83/83 17/17 19/19
f 4/4 3/3 16/16
f 3/3 31/31 16/16
f 17/17 16/16 18/18
f 18/18 16/16 24/24
f 31/31 52/52 30/30
f 16/16 31/31 30/30
f 24/24 16/16 30/30
f 52/52 37/37 30/30
f 20/20 25/25 26/26
f 153/153 83/83 129/129
f 83/83 19/19 129/129
f 129/129 19/19 88/88
f 377/377 373/373 365/365
f 377/377 379/379 373/373
f 19/19 17/17 18/18
f 18/18 25/25 20/20
f 21/21 19/19 20/20
f 88/88 19/19 21/21
f 129/129 88/88 139/139
f 19/19 18/18 20/20
f 30/30 37/37 27/27
f 25/25 27/27 28/28
f 24/24 27/27 25/25
f 18/18 24/24 25/25
f 24/24 30/30 27/27
f 78/78 21/21 22/22
f 21/21 20/20 22/22
f 78/78 63/63 123/123
f 20/20 26/26 22/22
f 26/26 38/38 22/22
f 78/78 22/22 63/63
f 63/63 22/22 39/39
f 22/22 38/38 39/39
f 88/88 78/78 139/139
f 88/88 21/21 78/78
f 139/139 78/78 123/123
f 26/26 25/25 50/50
f 26/26 50/50 38/38
f 50/50 25/25 29/29
f 25/25 28/28 29/29
f 38/38 50/50 43/43
f 50/50 29/29 43/43
f 38/38 43/43 40/40
f 43/43 29/29 51/51
f 29/29 46/46 51/51
f 123/123 86/86 157/157
f 123/123 63/63 86/86
f 63/63 41/41 86/86
f 39/39 40/40 41/41
f 63/63 39/39 41/41
f 86/86 41/41 66/66
f 157/157 86/86 141/141
f 86/86 66/66 141/141
f 39/39 38/38 40/40
f 41/41 40/40 42/42
f 40/40 45/45 42/42
f 40/40 43/43 44/44
f 43/43 51/51 44/44
f 40/40 44/44 45/45
f 45/45 44/44 58/58
f 51/51 58/58 44/44
f 51/51 49/49 59/59
f 51/51 59/59 58/58
f 58/58 59/59 64/64
f 10/10 57/57 8/8
f 10/10 12/12 57/57
f 31/31 32/32 68/68
f 31/31 68/68 67/67
f 31/31 67/67 52/52
f 52/52 67/67 73/73
f 52/52 73/73 37/37
f 89/89 84/84 73/73
f 37/37 73/73 36/36
f 27/27 37/37 36/36
f 36/36 73/73 84/84
f 27/27 36/36 28/28
f 36/36 34/34 28/28
f 36/36 84/84 69/69
f 84/84 85/85 69/69
f 36/36 69/69 34/34
f 34/34 69/69 35/35
f 69/69 85/85 81/81
f 28/28 33/33 29/29
f 28/28 34/34 33/33
f 29/29 33/33 46/46
f 35/35 81/81 62/62
f 34/34 35/35 33/33
f 35/35 69/69 81/81
f 46/46 33/33 47/47
f 46/46 47/47 49/49
f 33/33 35/35 47/47
f 35/35 48/48 47/47
f 35/35 62/62 48/48
f 62/62 81/81 80/80
f 51/51 46/46 49/49
f 59/59 49/49 55/55
f 49/49 53/53 54/54
f 47/47 48/48 49/49
f 49/49 48/48 53/53
f 53/53 56/56 54/54
f 53/53 48/48 56/56
f 56/56 48/48 61/61
f 49/49 54/54 55/55
f 62/62 80/80 61/61
f 62/62 61/61 48/48
f 61/61 80/80 79/79
f 400/400 385/385 356/356
f 356/356 385/385 352/352
f 385/385 359/359 352/352
f 352/352 359/359 350/350
f 356/356 352/352 348/348
f 352/352 350/350 348/348
f 385/385 401/401 359/359
f 359/359 354/354 350/350
f 401/401 393/393 359/359
f 359/359 393/393 354/354
f 393/393 401/401 402/402
f 402/402 396/396 393/393
f 366/366 367/367 368/368
f 93/93 125/125 102/102
f 102/102 125/125 127/127
f 87/87 126/126 125/125
f 126/126 87/87 82/82
f 128/128 126/126 82/82
f 128/128 158/158 126/126
f 82/82 65/65 128/128
f 82/82 74/74 65/65
f 126/126 127/127 125/125
f 163/163 127/127 126/126
f 126/126 158/158 163/163
f 160/160 162/162 155/155
f 405/405 389/389 384/384
f 862/862 863/863 864/864
f 865/865 863/863 862/862
f 389/389 337/337 333/333
f 162/162 128/128 131/131
f 158/158 128/128 162/162
f 128/128 65/65 13/13
f 65/65 15/15 13/13
f 162/162 131/131 155/155
f 72/72 128/128 13/13
f 72/72 131/131 128/128
f 13/13 15/15 12/12
f 160/160 140/140 138/138
f 160/160 155/155 140/140
f 140/140 155/155 130/130
f 140/140 132/132 138/138
f 138/138 132/132 135/135
f 130/130 90/90 132/132
f 140/140 130/130 132/132
f 403/403 397/397 345/345
f 403/403 345/345 389/389
f 389/389 345/345 337/337
f 337/337 345/345 344/344
f 397/397 356/356 345/345
f 397/397 400/400 356/356
f 345/345 356/356 347/347
f 345/345 347/347 344/344
f 344/344 347/347 346/346
f 347/347 348/348 346/346
f 131/131 130/130 155/155
f 131/131 72/72 71/71
f 131/131 71/71 130/130
f 72/72 13/13 11/11
f 11/11 13/13 12/12
f 72/72 11/11 71/71
f 130/130 71/71 90/90
f 90/90 71/71 70/70
f 134/134 132/132 133/133
f 135/135 132/132 134/134
f 135/135 134/134 159/159
f 132/132 90/90 133/133
f 90/90 122/122 133/133
f 136/136 161/161 134/134
f 134/134 133/133 136/136
f 136/136 137/137 164/164
f 136/136 164/164 161/161
f 159/159 134/134 161/161
f 122/122 136/136 133/133
f 122/122 137/137 136/136
f 356/356 348/348 347/347
f 346/346 348/348 349/349
f 348/348 350/350 349/349
f 350/350 354/354 353/353
f 350/350 351/351 349/349
f 350/350 353/353 351/351
f 137/137 156/156 164/164
f 404/404 383/383 394/394
f 406/406 396/396 402/402
f 406/406 394/394 396/396
f 394/394 395/395 396/396
f 396/396 357/357 393/393
f 393/393 357/357 354/354
f 354/354 355/355 353/353
f 357/357 355/355 354/354
f 395/395 357/357 396/396
f 383/383 378/378 381/381
f 383/383 381/381 394/394
f 378/378 370/370 381/381
f 394/394 381/381 382/382
f 394/394 382/382 395/395
f 377/377 365/365 370/370
f 370/370 365/365 363/363
f 381/381 370/370 382/382
f 382/382 362/362 395/395
f 370/370 363/363 382/382
f 382/382 363/363 362/362
f 357/357 358/358 355/355
f 357/357 395/395 358/358
f 355/355 358/358 360/360
f 358/358 361/361 360/360
f 395/395 362/362 358/358
f 362/362 361/361 358/358
f 362/362 311/311 361/361
f 365/365 364/364 363/363
f 363/363 309/309 362/362
f 373/373 366/366 365/365
f 365/365 366/366 364/364
f 366/366 368/368 364/364
f 363/363 364/364 309/309
f 362/362 309/309 311/311
f 309/309 310/310 311/311
f 309/309 307/307 310/310
f 368/368 369/369 364/364
f 364/364 369/369 308/308
f 364/364 308/308 309/309
f 368/368 371/371 369/369
f 369/369 371/371 304/304
f 369/369 305/305 308/308
f 369/369 304/304 305/305
f 309/309 308/308 307/307
f 308/308 305/305 307/307
f 305/305 306/306 307/307
f 371/371 391/391 304/304
f 304/304 302/302 305/305
f 305/305 303/303 306/306
f 305/305 302/302 303/303
f 121/121 120/120 118/118
f 120/120 119/119 118/118
f 118/118 119/119 117/117
f 118/118 117/117 113/113
f 113/113 112/112 111/111
f 111/111 112/112 109/109
f 112/112 148/148 109/109
f 109/109 148/148 149/149
f 111/111 109/109 108/108
f 101/101 100/100 95/95
f 102/102 101/101 93/93
f 93/93 101/101 95/95
f 95/95 94/94 93/93
f 94/94 95/95 96/96
f 95/95 99/99 96/96
f 100/100 99/99 95/95
f 93/93 94/94 92/92
f 94/94 96/96 97/97
f 97/97 96/96 98/98
f 108/108 109/109 107/107
f 108/108 107/107 105/105
f 106/106 105/105 98/98
f 98/98 105/105 104/104
f 107/107 109/109 144/144
f 109/109 150/150 144/144
f 105/105 107/107 104/104
f 107/107 144/144 104/104
f 104/104 144/144 143/143
f 87/87 92/92 91/91
f 77/77 87/87 91/91
f 74/74 77/77 15/15
f 74/74 82/82 87/87
f 87/87 77/77 74/74
f 87/87 125/125 93/93
f 93/93 92/92 87/87
f 97/97 98/98 103/103
f 98/98 104/104 103/103
f 103/103 104/104 110/110
f 104/104 143/143 110/110
f 143/143 144/144 152/152
f 110/110 143/143 151/151
f 143/143 152/152 151/151
f 65/65 74/74 15/15
f 15/15 60/60 12/12
f 282/282 278/278 275/275
f 275/275 207/207 282/282
f 278/278 282/282 287/287
f 275/275 205/205 207/207
f 202/202 203/203 207/207
f 202/202 207/207 205/205
f 294/294 203/203 291/291
f 201/201 198/198 202/202
f 205/205 201/201 202/202
f 203/203 202/202 198/198
f 201/201 197/197 196/196
f 201/201 188/188 197/197
f 183/183 188/188 201/201
f 196/196 192/192 195/195
f 203/203 198/198 199/199
f 291/291 203/203 199/199
f 199/199 211/211 291/291
f 201/201 196/196 198/198
f 198/198 195/195 199/199
f 194/194 211/211 199/199
f 192/192 194/194 195/195
f 195/195 194/194 199/199
f 196/196 195/195 198/198
f 211/211 194/194 210/210
f 183/183 167/167 188/188
f 192/192 196/196 197/197
f 197/197 188/188 182/182
f 197/197 182/182 192/192
f 165/165 166/166 167/167
f 167/167 182/182 188/188
f 167/167 166/166 182/182
f 182/182 181/181 186/186
f 192/192 182/182 186/186
f 192/192 193/193 194/194
f 194/194 193/193 210/210
f 192/192 186/186 193/193
f 186/186 190/190 193/193
f 210/210 193/193 206/206
f 165/165 168/168 166/166
f 166/166 168/168 169/169
f 182/182 166/166 181/181
f 166/166 179/179 181/181
f 169/169 179/179 166/166
f 169/169 177/177 179/179
f 168/168 171/171 169/169
f 181/181 180/180 186/186
f 181/181 179/179 180/180
f 186/186 180/180 190/190
f 206/206 193/193 190/190
f 206/206 190/190 204/204
f 180/180 179/179 178/178
f 190/190 180/180 178/178
f 171/171 172/172 169/169
f 169/169 172/172 173/173
f 169/169 173/173 177/177
f 179/179 177/177 178/178
f 175/175 178/178 177/177
f 173/173 174/174 177/177
f 178/178 175/175 176/176
f 178/178 176/176 189/189
f 190/190 178/178 189/189
f 190/190 189/189 204/204
f 209/209 204/204 189/189
f 189/189 200/200 209/209
f 124/124 145/145 147/147
f 120/120 124/124 119/119
f 124/124 147/147 119/119
f 119/119 147/147 117/117
f 147/147 146/146 117/117
f 117/117 116/116 113/113
f 117/117 146/146 116/116
f 113/113 116/116 112/112
f 116/116 148/148 112/112
f 109/109 149/149 150/150
f 388/388 387/387 335/335
f 335/335 330/330 329/329
f 329/329 315/315 312/312
f 329/329 330/330 315/315
f 387/387 330/330 335/335
f 387/387 386/386 330/330
f 330/330 316/316 315/315
f 386/386 331/331 330/330
f 386/386 398/398 331/331
f 330/330 331/331 316/316
f 331/331 318/318 316/316
f 318/318 317/317 316/316
f 889/889 886/886 888/888
f 398/398 392/392 331/331
f 886/886 887/887 888/888
f 392/392 339/339 331/331
f 331/331 339/339 318/318
f 318/318 319/319 317/317
f 399/399 380/380 343/343
f 343/343 380/380 342/342
f 392/392 399/399 339/339
f 399/399 343/343 339/339
f 339/339 336/336 318/318
f 339/339 343/343 336/336
f 336/336 321/321 318/318
f 318/318 320/320 319/319
f 343/343 342/342 336/336
f 336/336 342/342 321/321
f 321/321 320/320 318/318
f 380/380 341/341 342/342
f 341/341 323/323 342/342
f 380/380 390/390 341/341
f 390/390 340/340 341/341
f 342/342 323/323 321/321
f 321/321 323/323 322/322
f 321/321 322/322 320/320
f 322/322 323/323 324/324
f 882/882 885/885 883/883
f 384/384 333/333 332/332
f 332/332 333/333 327/327
f 332/332 327/327 325/325
f 882/882 883/883 884/884
f 390/390 384/384 340/340
f 384/384 332/332 340/340
f 341/341 340/340 323/323
f 340/340 332/332 325/325
f 340/340 325/325 323/323
f 323/323 325/325 324/324
f 326/326 324/324 325/325
f 325/325 327/327 326/326
f 384/384 389/389 333/333
f 333/333 334/334 327/327
f 327/327 334/334 328/328
f 333/333 337/337 334/334
f 327/327 328/328 326/326
f 337/337 344/344 338/338
f 337/337 338/338 334/334
f 344/344 346/346 338/338
f 100/100 114/114 115/115
f 114/114 100/100 101/101
f 233/233 234/234 232/232
f 238/238 242/242 231/231
f 255/255 231/231 242/242
f 255/255 256/256 231/231
f 238/238 231/231 232/232
f 232/232 224/224 226/226
f 231/231 224/224 232/232
f 231/231 256/256 230/230
f 231/231 230/230 224/224
f 224/224 222/222 223/223
f 230/230 222/222 224/224
f 230/230 220/220 222/222
f 220/220 219/219 222/222
f 223/223 221/221 257/257
f 222/222 221/221 223/223
f 222/222 219/219 221/221
f 220/220 218/218 219/219
f 219/219 218/218 217/217
f 219/219 217/217 221/221
f 263/263 221/221 217/217
f 263/263 284/284 285/285
f 270/270 284/284 263/263
f 270/270 263/263 217/217
f 217/217 216/216 262/262
f 262/262 270/270 217/217
f 262/262 216/216 214/214
f 214/214 216/216 215/215
f 270/270 262/262 271/271
f 271/271 286/286 270/270
f 284/284 286/286 283/283
f 284/284 270/270 286/286
f 215/215 217/217 218/218
f 215/215 216/216 217/217
f 215/215 213/213 214/214
f 213/213 212/212 214/214
f 208/208 212/212 191/191
f 212/212 213/213 191/191
f 271/271 278/278 283/283
f 271/271 283/283 286/286
f 278/278 271/271 212/212
f 214/214 271/271 262/262
f 214/214 212/212 271/271
f 287/287 283/283 278/278
f 278/278 212/212 208/208
f 275/275 278/278 208/208
f 208/208 191/191 205/205
f 191/191 187/187 205/205
f 185/185 187/187 191/191
f 201/201 205/205 187/187
f 185/185 184/184 187/187
f 208/208 205/205 275/275
f 185/185 170/170 184/184
f 184/184 201/201 187/187
f 184/184 170/170 183/183
f 184/184 183/183 201/201
f 165/165 167/167 170/170
f 170/170 167/167 183/183
f 276/276 269/269 272/272
f 269/269 246/246 272/272
f 233/233 229/229 245/245
f 245/245 247/247 246/246
f 233/233 232/232 229/229
f 245/245 229/229 247/247
f 265/265 246/246 247/247
f 247/247 229/229 228/228
f 265/265 266/266 290/290
f 247/247 228/228 265/265
f 272/272 246/246 273/273
f 246/246 265/265 273/273
f 273/273 265/265 290/290
f 229/229 232/232 226/226
f 229/229 226/226 228/228
f 266/266 265/265 228/228
f 228/228 226/226 227/227
f 228/228 227/227 266/266
f 224/224 225/225 226/226
f 288/288 227/227 260/260
f 260/260 227/227 225/225
f 266/266 227/227 288/288
f 226/226 225/225 227/227
f 290/290 266/266 288/288
f 292/292 280/280 281/281
f 280/280 292/292 289/289
f 224/224 223/223 225/225
f 225/225 223/223 260/260
f 260/260 289/289 288/288
f 260/260 257/257 280/280
f 260/260 223/223 257/257
f 257/257 281/281 280/280
f 280/280 289/289 260/260
f 281/281 257/257 263/263
f 292/292 281/281 293/293
f 281/281 285/285 293/293
f 285/285 281/281 263/263
f 257/257 221/221 263/263
f 312/312 315/315 314/314
f 315/315 316/316 314/314
f 316/316 317/317 314/314
f 267/267 268/268 261/261
f 312/312 314/314 313/313
f 268/268 258/258 261/261
f 261/261 258/258 254/254
f 258/258 251/251 254/254
f 258/258 259/259 251/251
f 259/259 239/239 251/251
f 239/239 235/235 237/237
f 239/239 234/234 235/235
f 259/259 253/253 239/239
f 253/253 242/242 234/234
f 239/239 253/253 234/234
f 234/234 242/242 238/238
f 234/234 238/238 232/232
f 250/250 254/254 248/248
f 279/279 264/264 277/277
f 254/254 241/241 248/248
f 248/248 243/243 249/249
f 248/248 241/241 243/243
f 254/254 251/251 241/241
f 251/251 237/237 241/241
f 264/264 249/249 252/252
f 249/249 243/243 252/252
f 264/264 252/252 274/274
f 277/277 264/264 274/274
f 244/244 252/252 243/243
f 252/252 276/276 274/274
f 252/252 244/244 269/269
f 243/243 240/240 244/244
f 276/276 252/252 269/269
f 241/241 237/237 240/240
f 240/240 237/237 236/236
f 251/251 239/239 237/237
f 241/241 240/240 243/243
f 240/240 245/245 244/244
f 236/236 237/237 235/235
f 236/236 245/245 240/240
f 245/245 246/246 244/244
f 244/244 246/246 269/269
f 235/235 233/233 236/236
f 236/236 233/233 245/245
f 234/234 233/233 235/235
f 1166/1166 1163/1163 1162/1162
f 1212/1212 1205/1205 1165/1165
f 1205/1205 1206/1206 1165/1165
f 1165/1165 1206/1206 1160/1160
f 1163/1163 1165/1165 1160/1160
f 1160/1160 1206/1206 1207/1207
f 1206/1206 1216/1216 1207/1207
f 1161/1161 1160/1160 1207/1207
f 1163/1163 1160/1160 1162/1162
f 1160/1160 1161/1161 1162/1162
f 1161/1161 1207/1207 1208/1208
f 1207/1207 1216/1216 1217/1217
f 1216/1216 1218/1218 1217/1217
f 1207/1207 1217/1217 1208/1208
f 1166/1166 1162/1162 1164/1164
f 1162/1162 1158/1158 1164/1164
f 1162/1162 1161/1161 1158/1158
f 1152/1152 1151/1151 1150/1150
f 919/919 922/922 924/924
f 919/919 920/920 921/921
f 919/919 921/921 922/922
f 1164/1164 1158/1158 1156/1156
f 1158/1158 1154/1154 1156/1156
f 1150/1150 1151/1151 1149/1149
f 1150/1150 1149/1149 1148/1148
f 1148/1148 1149/1149 1147/1147
f 920/920 926/926 921/921
f 921/921 926/926 925/925
f 922/922 921/921 923/923
f 921/921 925/925 923/923
f 923/923 925/925 928/928
f 925/925 952/952 928/928
f 1156/1156 1154/1154 1153/1153
f 1156/1156 1153/1153 1159/1159
f 1153/1153 1154/1154 1155/1155
f 1148/1148 1147/1147 1145/1145
f 922/922 923/923 918/918
f 1159/1159 1153/1153 1157/1157
f 1153/1153 1155/1155 1157/1157
f 1145/1145 1140/1140 1144/1144
f 918/918 923/923 916/916
f 918/918 916/916 917/917
f 916/916 928/928 929/929
f 923/923 928/928 916/916
f 928/928 952/952 929/929
f 952/952 955/955 929/929
f 1147/1147 1146/1146 1145/1145
f 1145/1145 1146/1146 1140/1140
f 917/917 916/916 914/914
f 916/916 912/912 914/914
f 916/916 929/929 912/912
f 929/929 955/955 949/949
f 1144/1144 1140/1140 1142/1142
f 1142/1142 1140/1140 1137/1137
f 1139/1139 1137/1137 1140/1140
f 1137/1137 1139/1139 1138/1138
f 1142/1142 1137/1137 1136/1136
f 1146/1146 1141/1141 1140/1140
f 1140/1140 1141/1141 1139/1139
f 914/914 912/912 913/913
f 912/912 929/929 956/956
f 956/956 929/929 949/949
f 956/956 949/949 957/957
f 913/913 912/912 905/905
f 912/912 911/911 905/905
f 912/912 958/958 911/911
f 912/912 956/956 958/958
f 956/956 957/957 958/958
f 905/905 911/911 906/906
f 911/911 958/958 961/961
f 958/958 959/959 961/961
f 958/958 957/957 959/959
f 949/949 947/947 957/957
f 957/957 937/937 959/959
f 957/957 947/947 937/937
f 947/947 938/938 937/937
f 1137/1137 1138/1138 1134/1134
f 1136/1136 1137/1137 1134/1134
f 905/905 906/906 907/907
f 911/911 910/910 906/906
f 907/907 906/906 908/908
f 910/910 961/961 960/960
f 1136/1136 1133/1133 1143/1143
f 1136/1136 1134/1134 1133/1133
f 1134/1134 1132/1132 1133/1133
f 908/908 906/906 910/910
f 908/908 910/910 915/915
f 910/910 960/960 915/915
f 907/907 908/908 909/909
f 907/907 909/909 980/980
f 908/908 915/915 909/909
f 911/911 961/961 910/910
f 961/961 959/959 960/960
f 959/959 936/936 960/960
f 959/959 937/937 936/936
f 938/938 933/933 937/937
f 937/937 933/933 936/936
f 1143/1143 1133/1133 1135/1135
f 1133/1133 1131/1131 1135/1135
f 1133/1133 1132/1132 1131/1131
f 980/980 909/909 981/981
f 960/960 962/962 915/915
f 960/960 936/936 962/962
f 936/936 933/933 935/935
f 936/936 939/939 962/962
f 936/936 935/935 939/939
f 909/909 915/915 972/972
f 915/915 962/962 972/972
f 909/909 972/972 981/981
f 972/972 962/962 971/971
f 962/962 939/939 964/964
f 939/939 935/935 940/940
f 939/939 940/940 963/963
f 962/962 964/964 965/965
f 939/939 963/963 964/964
f 1189/1189 1190/1190 1191/1191
f 1193/1193 1192/1192 1198/1198
f 1192/1192 1199/1199 1198/1198
f 1198/1198 1199/1199 1202/1202
f 1193/1193 1198/1198 1194/1194
f 1198/1198 1202/1202 1200/1200
f 1194/1194 1198/1198 1200/1200
f 1200/1200 1173/1173 1172/1172
f 1202/1202 1173/1173 1200/1200
f 1202/1202 1209/1209 1173/1173
f 1189/1189 1191/1191 1192/1192
f 1192/1192 1191/1191 1199/1199
f 1191/1191 1201/1201 1199/1199
f 1201/1201 1203/1203 1199/1199
f 1199/1199 1203/1203 1202/1202
f 997/997 998/998 999/999
f 1202/1202 1203/1203 1209/1209
f 1209/1209 1203/1203 1210/1210
f 998/998 1000/1000 999/999
f 1193/1193 1194/1194 1195/1195
f 1195/1195 1194/1194 1196/1196
f 1196/1196 1194/1194 1200/1200
f 1200/1200 1172/1172 1196/1196
f 1195/1195 1196/1196 1197/1197
f 1197/1197 1205/1205 1212/1212
f 1172/1172 1170/1170 1196/1196
f 1170/1170 1172/1172 1171/1171
f 1197/1197 1196/1196 1204/1204
f 1196/1196 1170/1170 1204/1204
f 1197/1197 1204/1204 1205/1205
f 1204/1204 1170/1170 1169/1169
f 1170/1170 1171/1171 1167/1167
f 1171/1171 1187/1187 1167/1167
f 1169/1169 1170/1170 1167/1167
f 1167/1167 1187/1187 1184/1184
f 1187/1187 1178/1178 1184/1184
f 1209/1209 1211/1211 1173/1173
f 1172/1172 1173/1173 1171/1171
f 1173/1173 1175/1175 1171/1171
f 1173/1173 1211/1211 1175/1175
f 1171/1171 1175/1175 1176/1176
f 1171/1171 1176/1176 1187/1187
f 1176/1176 1175/1175 1177/1177
f 1187/1187 1176/1176 1178/1178
f 1178/1178 1176/1176 1177/1177
f 1177/1177 1179/1179 1178/1178
f 1209/1209 1210/1210 1211/1211
f 1211/1211 1210/1210 1213/1213
f 1211/1211 1213/1213 1175/1175
f 1210/1210 1215/1215 1214/1214
f 1040/1040 1039/1039 1037/1037
f 1210/1210 1214/1214 1213/1213
f 1032/1032 1031/1031 1029/1029
f 1032/1032 1036/1036 1031/1031
f 1029/1029 1031/1031 1030/1030
f 1031/1031 1036/1036 1035/1035
f 1031/1031 1035/1035 1030/1030
f 1036/1036 1037/1037 1035/1035
f 1037/1037 1038/1038 1035/1035
f 1037/1037 1039/1039 1038/1038
f 1035/1035 1034/1034 1030/1030
f 1035/1035 1038/1038 1034/1034
f 1038/1038 1033/1033 1034/1034
f 1034/1034 1033/1033 1009/1009
f 1205/1205 1204/1204 1206/1206
f 1204/1204 1169/1169 1206/1206
f 1167/1167 1184/1184 1168/1168
f 1167/1167 1168/1168 1169/1169
f 1184/1184 1180/1180 1168/1168
f 1184/1184 1178/1178 1183/1183
f 1178/1178 1179/1179 1183/1183
f 1184/1184 1183/1183 1180/1180
f 1180/1180 1183/1183 1181/1181
f 1183/1183 1179/1179 1181/1181
f 1206/1206 1169/1169 1216/1216
f 1169/1169 1174/1174 1216/1216
f 1169/1169 1168/1168 1174/1174
f 1174/1174 1168/1168 1185/1185
f 1168/1168 1180/1180 1185/1185
f 1180/1180 1182/1182 1185/1185
f 1180/1180 1181/1181 1182/1182
f 974/974 978/978 977/977
f 974/974 969/969 968/968
f 974/974 977/977 969/969
f 1030/1030 1012/1012 1029/1029
f 1029/1029 1012/1012 1023/1023
f 1179/1179 1188/1188 1181/1181
f 1023/1023 1012/1012 1021/1021
f 1012/1012 1014/1014 1021/1021
f 1030/1030 1008/1008 1012/1012
f 1012/1012 1011/1011 1014/1014
f 1030/1030 1034/1034 1008/1008
f 1012/1012 1008/1008 1011/1011
f 1034/1034 1009/1009 1008/1008
f 1008/1008 1009/1009 1010/1010
f 1010/1010 1009/1009 1015/1015
f 1008/1008 1010/1010 1011/1011
f 1010/1010 1013/1013 1011/1011
f 1010/1010 1015/1015 1013/1013
f 1013/1013 1015/1015 1024/1024
f 1014/1014 1011/1011 1016/1016
f 1026/1026 1021/1021 1019/1019
f 1014/1014 1019/1019 1021/1021
f 1014/1014 1016/1016 1019/1019
f 1011/1011 1013/1013 1016/1016
f 1013/1013 1024/1024 1017/1017
f 1016/1016 1013/1013 1017/1017
f 1017/1017 1024/1024 1110/1110
f 1216/1216 1174/1174 1186/1186
f 1174/1174 1185/1185 1186/1186
f 1216/1216 1186/1186 1218/1218
f 920/920 927/927 926/926
f 927/927 968/968 970/970
f 968/968 967/967 970/970
f 968/968 969/969 967/967
f 927/927 970/970 926/926
f 926/926 970/970 953/953
f 970/970 967/967 953/953
f 969/969 979/979 967/967
f 967/967 979/979 966/966
f 1026/1026 1019/1019 1020/1020
f 1019/1019 1016/1016 1018/1018
f 1016/1016 1017/1017 1018/1018
f 1017/1017 1110/1110 1111/1111
f 1110/1110 1114/1114 1111/1111
f 1018/1018 1017/1017 1111/1111
f 1019/1019 1018/1018 1020/1020
f 1020/1020 1018/1018 1022/1022
f 1018/1018 1025/1025 1022/1022
f 979/979 976/976 966/966
f 1018/1018 1111/1111 1025/1025
f 1025/1025 1111/1111 1112/1112
f 1111/1111 1114/1114 1113/1113
f 1112/1112 1111/1111 1113/1113
f 926/926 953/953 925/925
f 925/925 953/953 952/952
f 967/967 966/966 953/953
f 953/953 966/966 954/954
f 952/952 953/953 950/950
f 953/953 954/954 950/950
f 954/954 973/973 950/950
f 966/966 976/976 973/973
f 966/966 973/973 954/954
f 1022/1022 1025/1025 1028/1028
f 976/976 975/975 973/973
f 1028/1028 1115/1115 1116/1116
f 1112/1112 1113/1113 1115/1115
f 1025/1025 1112/1112 1028/1028
f 1112/1112 1115/1115 1028/1028
f 973/973 975/975 931/931
f 952/952 950/950 951/951
f 952/952 951/951 955/955
f 951/951 950/950 946/946
f 950/950 930/930 946/946
f 955/955 951/951 948/948
f 951/951 946/946 948/948
f 955/955 948/948 949/949
f 948/948 946/946 944/944
f 946/946 930/930 945/945
f 944/944 946/946 945/945
f 973/973 931/931 930/930
f 950/950 973/973 930/930
f 930/930 931/931 932/932
f 949/949 948/948 947/947
f 948/948 944/944 947/947
f 947/947 944/944 938/938
f 944/944 945/945 943/943
f 938/938 944/944 943/943
f 938/938 942/942 933/933
f 938/938 943/943 942/942
f 992/992 991/991 989/989
f 989/989 990/990 988/988
f 989/989 988/988 986/986
f 988/988 990/990 1005/1005
f 988/988 983/983 986/986
f 988/988 1005/1005 983/983
f 989/989 991/991 990/990
f 990/990 1004/1004 1005/1005
f 985/985 986/986 983/983
f 983/983 1005/1005 1006/1006
f 985/985 983/983 982/982
f 982/982 983/983 984/984
f 983/983 1006/1006 1007/1007
f 1051/1051 1049/1049 1050/1050
f 1054/1054 1053/1053 1051/1051
f 1051/1051 1053/1053 1052/1052
f 1051/1051 1052/1052 1049/1049
f 987/987 982/982 984/984
f 983/983 1007/1007 984/984
f 984/984 1007/1007 994/994
f 1050/1050 1049/1049 1048/1048
f 987/987 984/984 994/994
f 987/987 994/994 995/995
f 1048/1048 1049/1049 1047/1047
f 1049/1049 1096/1096 1047/1047
f 1047/1047 1096/1096 1095/1095
f 1048/1048 1047/1047 1046/1046
f 1095/1095 1096/1096 1085/1085
f 1049/1049 1084/1084 1096/1096
f 987/987 995/995 996/996
f 1060/1060 1048/1048 1046/1046
f 1095/1095 1085/1085 1090/1090
f 1046/1046 1047/1047 1045/1045
f 1047/1047 1095/1095 1045/1045
f 1045/1045 1095/1095 1090/1090
f 996/996 995/995 997/997
f 1046/1046 1043/1043 1060/1060
f 1046/1046 1045/1045 1043/1043
f 1060/1060 1043/1043 1059/1059
f 995/995 998/998 997/997
f 1045/1045 1090/1090 1097/1097
f 1059/1059 1043/1043 1042/1042
f 1043/1043 1041/1041 1042/1042
f 1043/1043 1044/1044 1041/1041
f 1043/1043 1045/1045 1044/1044
f 1045/1045 1097/1097 1044/1044
f 1044/1044 1097/1097 1100/1100
f 1097/1097 1094/1094 1100/1100
f 1000/1000 1001/1001 999/999
f 1001/1001 1000/1000 1002/1002
f 1042/1042 1041/1041 1040/1040
f 1041/1041 1039/1039 1040/1040
f 1041/1041 1108/1108 1039/1039
f 1041/1041 1044/1044 1108/1108
f 1044/1044 1100/1100 1108/1108
f 1108/1108 1100/1100 1105/1105
f 1100/1100 1101/1101 1105/1105
f 1108/1108 1105/1105 1039/1039
f 1039/1039 1105/1105 1038/1038
f 1105/1105 1033/1033 1038/1038
f 933/933 934/934 935/935
f 933/933 942/942 934/934
f 940/940 935/935 941/941
f 935/935 934/934 941/941
f 940/940 941/941 963/963
f 1024/1024 1106/1106 1109/1109
f 1109/1109 1106/1106 1119/1119
f 1024/1024 1109/1109 1110/1110
f 1110/1110 1109/1109 1120/1120
f 1109/1109 1119/1119 1120/1120
f 1110/1110 1120/1120 1114/1114
f 993/993 1003/1003 1004/1004
f 1058/1058 1064/1064 1056/1056
f 1062/1062 1063/1063 1064/1064
f 1061/1061 1066/1066 1063/1063
f 1061/1061 1069/1069 1066/1066
f 1069/1069 1070/1070 1077/1077
f 1070/1070 1076/1076 1077/1077
f 1077/1077 1076/1076 1081/1081
f 991/991 993/993 990/990
f 993/993 1004/1004 990/990
f 1055/1055 1057/1057 1056/1056
f 1055/1055 1056/1056 1053/1053
f 1056/1056 1064/1064 1053/1053
f 1064/1064 1063/1063 1065/1065
f 1064/1064 1065/1065 1068/1068
f 1053/1053 1064/1064 1068/1068
f 1054/1054 1055/1055 1053/1053
f 1068/1068 1073/1073 1053/1053
f 1068/1068 1065/1065 1073/1073
f 1063/1063 1066/1066 1065/1065
f 1069/1069 1077/1077 1066/1066
f 1066/1066 1077/1077 1071/1071
f 1077/1077 1081/1081 1071/1071
f 1065/1065 1066/1066 1067/1067
f 1066/1066 1071/1071 1067/1067
f 1071/1071 1081/1081 1129/1129
f 1067/1067 1071/1071 1072/1072
f 1071/1071 1129/1129 1088/1088
f 1053/1053 1073/1073 1052/1052
f 1073/1073 1065/1065 1074/1074
f 1065/1065 1067/1067 1074/1074
f 1074/1074 1067/1067 1075/1075
f 1073/1073 1074/1074 1079/1079
f 1073/1073 1084/1084 1052/1052
f 1049/1049 1052/1052 1084/1084
f 1073/1073 1079/1079 1084/1084
f 1074/1074 1075/1075 1079/1079
f 1129/1129 1128/1128 1088/1088
f 1075/1075 1067/1067 1072/1072
f 1071/1071 1088/1088 1072/1072
f 1075/1075 1072/1072 1078/1078
f 1072/1072 1088/1088 1078/1078
f 1088/1088 1127/1127 1078/1078
f 1088/1088 1128/1128 1127/1127
f 1084/1084 1079/1079 1080/1080
f 1084/1084 1085/1085 1096/1096
f 1084/1084 1080/1080 1085/1085
f 1079/1079 1075/1075 1080/1080
f 1080/1080 1083/1083 1085/1085
f 1085/1085 1083/1083 1086/1086
f 1075/1075 1078/1078 1080/1080
f 1078/1078 1082/1082 1080/1080
f 1078/1078 1127/1127 1082/1082
f 1080/1080 1082/1082 1083/1083
f 1082/1082 1126/1126 1125/1125
f 1127/1127 1128/1128 1126/1126
f 1127/1127 1126/1126 1082/1082
f 1083/1083 1082/1082 1087/1087
f 1087/1087 1082/1082 1125/1125
f 1090/1090 1085/1085 1086/1086
f 1086/1086 1094/1094 1090/1090
f 1090/1090 1094/1094 1097/1097
f 1086/1086 1093/1093 1094/1094
f 1094/1094 1093/1093 1098/1098
f 1086/1086 1091/1091 1093/1093
f 1086/1086 1083/1083 1091/1091
f 1083/1083 1092/1092 1091/1091
f 1091/1091 1092/1092 1123/1123
f 1083/1083 1087/1087 1092/1092
f 1087/1087 1125/1125 1092/1092
f 1125/1125 1124/1124 1092/1092
f 1092/1092 1124/1124 1123/1123
f 1093/1093 1091/1091 1098/1098
f 1091/1091 1107/1107 1098/1098
f 1091/1091 1123/1123 1107/1107
f 1098/1098 1107/1107 1103/1103
f 1100/1100 1099/1099 1101/1101
f 1100/1100 1094/1094 1099/1099
f 1094/1094 1098/1098 1099/1099
f 1099/1099 1098/1098 1103/1103
f 1099/1099 1102/1102 1101/1101
f 1099/1099 1103/1103 1102/1102
f 1107/1107 1122/1122 1121/1121
f 1107/1107 1121/1121 1103/1103
f 1123/1123 1124/1124 1122/1122
f 1123/1123 1122/1122 1107/1107
f 1105/1105 1101/1101 1104/1104
f 1101/1101 1102/1102 1104/1104
f 1102/1102 1103/1103 1117/1117
f 1103/1103 1121/1121 1117/1117
f 1105/1105 1104/1104 1033/1033
f 1033/1033 1104/1104 1027/1027
f 1104/1104 1102/1102 1027/1027
f 1102/1102 1117/1117 1106/1106
f 1033/1033 1027/1027 1009/1009
f 1027/1027 1102/1102 1106/1106
f 1117/1117 1118/1118 1106/1106
f 1118/1118 1119/1119 1106/1106
f 1009/1009 1027/1027 1015/1015
f 1015/1015 1027/1027 1024/1024
f 1027/1027 1106/1106 1024/1024
f 1076/1076 1089/1089 1081/1081
f 1089/1089 1130/1130 1081/1081
f 1081/1081 1130/1130 1129/1129
f 1235/1235 1234/1234 1233/1233
f 1234/1234 1232/1232 1233/1233
f 1233/1233 1230/1230 1231/1231
f 1231/1231 1230/1230 1228/1228
f 1233/1233 1232/1232 1230/1230
f 1230/1230 1232/1232 1227/1227
f 1230/1230 1227/1227 1228/1228
f 1228/1228 1227/1227 1223/1223
f 1223/1223 1227/1227 1225/1225
f 1225/1225 1224/1224 1223/1223
f 1225/1225 1226/1226 1224/1224
f 1228/1228 1223/1223 1222/1222
f 1222/1222 1223/1223 1220/1220
f 1222/1222 1220/1220 1221/1221
f 1223/1223 1224/1224 1220/1220
f 1220/1220 1224/1224 1229/1229
f 1224/1224 1226/1226 1229/1229
f 1229/1229 1226/1226 1236/1236
f 1220/1220 1229/1229 1219/1219
f 1254/1254 1255/1255 1241/1241
f 1267/1267 1259/1259 1260/1260
f 1267/1267 1260/1260 1268/1268
f 1259/1259 1257/1257 1260/1260
f 1259/1259 1258/1258 1257/1257
f 1268/1268 1260/1260 1264/1264
f 1258/1258 1256/1256 1257/1257
f 1260/1260 1261/1261 1264/1264
f 1260/1260 1257/1257 1261/1261
f 1257/1257 1262/1262 1261/1261
f 1256/1256 1250/1250 1257/1257
f 1256/1256 1252/1252 1250/1250
f 1250/1250 1262/1262 1257/1257
f 1252/1252 1249/1249 1250/1250
f 1252/1252 1266/1266 1249/1249
f 1250/1250 1249/1249 1248/1248
f 1250/1250 1263/1263 1262/1262
f 1250/1250 1248/1248 1263/1263
f 1249/1249 1245/1245 1243/1243
f 1266/1266 1245/1245 1249/1249
f 1263/1263 1248/1248 1253/1253
f 1248/1248 1247/1247 1253/1253
f 1245/1245 1242/1242 1243/1243
f 1265/1265 1242/1242 1245/1245
f 1243/1243 1242/1242 1240/1240
f 1243/1243 1247/1247 1248/1248
f 1243/1243 1240/1240 1246/1246
f 1243/1243 1246/1246 1247/1247
f 1247/1247 1246/1246 1253/1253
f 1276/1276 1277/1277 1270/1270
f 1276/1276 1270/1270 1273/1273
f 1249/1249 1243/1243 1248/1248
f 1269/1269 1254/1254 1265/1265
f 1265/1265 1254/1254 1242/1242
f 1254/1254 1241/1241 1242/1242
f 1242/1242 1237/1237 1240/1240
f 1246/1246 1240/1240 1251/1251
f 1240/1240 1244/1244 1251/1251
f 1270/1270 1271/1271 1272/1272
f 1270/1270 1272/1272 1273/1273
f 1240/1240 1239/1239 1244/1244
f 1240/1240 1237/1237 1238/1238
f 1240/1240 1238/1238 1239/1239
f 1241/1241 1237/1237 1242/1242
f 1272/1272 1271/1271 1274/1274
f 1271/1271 1275/1275 1274/1274
f 1279/1279 1280/1280 1281/1281
f 1279/1279 1278/1278 1280/1280
f 1288/1288 1286/1286 1289/1289
f 1288/1288 1287/1287 1286/1286
f 1288/1288 1289/1289 1290/1290
f 1286/1286 1291/1291 1289/1289
f 1292/1292 1293/1293 1294/1294
f 1294/1294 1293/1293 1295/1295
f 1283/1283 1282/1282 1291/1291
f 1291/1291 1282/1282 1284/1284
f 1286/1286 1287/1287 1285/1285
f 1291/1291 1286/1286 1283/1283
f 1286/1286 1285/1285 1283/1283
f 1442/1442 1440/1440 1434/1434
f 1458/1458 1457/1457 1456/1456
f 1457/1457 1458/1458 1413/1413
f 1413/1413 1405/1405 1398/1398
f 1458/1458 1443/1443 1413/1413
f 1458/1458 1459/1459 1443/1443
f 1413/1413 1443/1443 1405/1405
f 1459/1459 1441/1441 1443/1443
f 1443/1443 1410/1410 1405/1405
f 1443/1443 1441/1441 1410/1410
f 1459/1459 1460/1460 1441/1441
f 1441/1441 1412/1412 1410/1410
f 1410/1410 1412/1412 1411/1411
f 1412/1412 1414/1414 1411/1411
f 1460/1460 1439/1439 1441/1441
f 1460/1460 1461/1461 1439/1439
f 1439/1439 1415/1415 1412/1412
f 1441/1441 1439/1439 1412/1412
f 1412/1412 1415/1415 1414/1414
f 1439/1439 1461/1461 1438/1438
f 1461/1461 1462/1462 1438/1438
f 1439/1439 1438/1438 1415/1415
f 1438/1438 1433/1433 1415/1415
f 1415/1415 1433/1433 1416/1416
f 1419/1419 1414/1414 1418/1418
f 1415/1415 1416/1416 1414/1414
f 1414/1414 1417/1417 1418/1418
f 1414/1414 1416/1416 1417/1417
f 1464/1464 1445/1445 1437/1437
f 1438/1438 1462/1462 1437/1437
f 1437/1437 1433/1433 1438/1438
f 1462/1462 1464/1464 1437/1437
f 1437/1437 1436/1436 1433/1433
f 1437/1437 1445/1445 1436/1436
f 1433/1433 1420/1420 1416/1416
f 1416/1416 1420/1420 1417/1417
f 1417/1417 1420/1420 1421/1421
f 1433/1433 1427/1427 1420/1420
f 1427/1427 1423/1423 1420/1420
f 1420/1420 1423/1423 1422/1422
f 1420/1420 1422/1422 1421/1421
f 1433/1433 1436/1436 1427/1427
f 1436/1436 1432/1432 1427/1427
f 1427/1427 1432/1432 1423/1423
f 1432/1432 1425/1425 1423/1423
f 1445/1445 1444/1444 1436/1436
f 1444/1444 1435/1435 1436/1436
f 1435/1435 1432/1432 1436/1436
f 1422/1422 1423/1423 1424/1424
f 1423/1423 1425/1425 1424/1424
f 1425/1425 1426/1426 1424/1424
f 1435/1435 1428/1428 1432/1432
f 1432/1432 1428/1428 1425/1425
f 1425/1425 1428/1428 1426/1426
f 1442/1442 1434/1434 1435/1435
f 1435/1435 1434/1434 1430/1430
f 1435/1435 1430/1430 1428/1428
f 1428/1428 1430/1430 1429/1429
f 1428/1428 1429/1429 1426/1426
f 1429/1429 1430/1430 1354/1354
f 1434/1434 1431/1431 1430/1430
f 1429/1429 1356/1356 1426/1426
f 1429/1429 1354/1354 1356/1356
f 1430/1430 1352/1352 1354/1354
f 1356/1356 1354/1354 1355/1355
f 1354/1354 1353/1353 1355/1355
f 1446/1446 1447/1447 1448/1448
f 1446/1446 1449/1449 1447/1447
f 1450/1450 1447/1447 1449/1449
f 1450/1450 1408/1408 1409/1409
f 1450/1450 1409/1409 1447/1447
f 1449/1449 1452/1452 1451/1451
f 1449/1449 1451/1451 1450/1450
f 1451/1451 1408/1408 1450/1450
f 1408/1408 1402/1402 1409/1409
f 1408/1408 1400/1400 1402/1402
f 1447/1447 1409/1409 1455/1455
f 1455/1455 1409/1409 1463/1463
f 1409/1409 1402/1402 1463/1463
f 1515/1515 1513/1513 1512/1512
f 1512/1512 1511/1511 1510/1510
f 1505/1505 1510/1510 1482/1482
f 1510/1510 1481/1481 1482/1482
f 1510/1510 1511/1511 1481/1481
f 1452/1452 1453/1453 1451/1451
f 1453/1453 1407/1407 1451/1451
f 1453/1453 1456/1456 1454/1454
f 1451/1451 1407/1407 1408/1408
f 1453/1453 1454/1454 1407/1407
f 1407/1407 1400/1400 1408/1408
f 1454/1454 1456/1456 1457/1457
f 1454/1454 1404/1404 1407/1407
f 1407/1407 1404/1404 1400/1400
f 1457/1457 1404/1404 1454/1454
f 1404/1404 1398/1398 1400/1400
f 1398/1398 1399/1399 1400/1400
f 1400/1400 1401/1401 1402/1402
f 1402/1402 1401/1401 1369/1369
f 1513/1513 1511/1511 1512/1512
f 1401/1401 1400/1400 1399/1399
f 1401/1401 1371/1371 1369/1369
f 1369/1369 1371/1371 1367/1367
f 1369/1369 1367/1367 1368/1368
f 1401/1401 1380/1380 1371/1371
f 1367/1367 1366/1366 1368/1368
f 1371/1371 1380/1380 1360/1360
f 1371/1371 1360/1360 1367/1367
f 1368/1368 1366/1366 1365/1365
f 1368/1368 1365/1365 1370/1370
f 1481/1481 1480/1480 1477/1477
f 1367/1367 1359/1359 1366/1366
f 1367/1367 1360/1360 1359/1359
f 1366/1366 1359/1359 1362/1362
f 1366/1366 1362/1362 1365/1365
f 1480/1480 1479/1479 1477/1477
f 1362/1362 1364/1364 1365/1365
f 1362/1362 1363/1363 1364/1364
f 1364/1364 1363/1363 1376/1376
f 1362/1362 1361/1361 1363/1363
f 1376/1376 1363/1363 1375/1375
f 1457/1457 1413/1413 1404/1404
f 1404/1404 1413/1413 1398/1398
f 1398/1398 1403/1403 1399/1399
f 1398/1398 1405/1405 1403/1403
f 1405/1405 1406/1406 1403/1403
f 1380/1380 1379/1379 1360/1360
f 1360/1360 1379/1379 1357/1357
f 1360/1360 1357/1357 1359/1359
f 1379/1379 1390/1390 1357/1357
f 1357/1357 1378/1378 1372/1372
f 1357/1357 1358/1358 1359/1359
f 1357/1357 1372/1372 1358/1358
f 1359/1359 1361/1361 1362/1362
f 1359/1359 1358/1358 1361/1361
f 1363/1363 1361/1361 1373/1373
f 1363/1363 1373/1373 1375/1375
f 1373/1373 1374/1374 1375/1375
f 1361/1361 1358/1358 1373/1373
f 1358/1358 1372/1372 1373/1373
f 1372/1372 1374/1374 1373/1373
f 1390/1390 1378/1378 1357/1357
f 1390/1390 1391/1391 1378/1378
f 1378/1378 1391/1391 1383/1383
f 1372/1372 1378/1378 1381/1381
f 1378/1378 1383/1383 1381/1381
f 1372/1372 1381/1381 1377/1377
f 1372/1372 1377/1377 1374/1374
f 1381/1381 1382/1382 1377/1377
f 1349/1349 1351/1351 1350/1350
f 1377/1377 1384/1384 1386/1386
f 1410/1410 1406/1406 1405/1405
f 1406/1406 1410/1410 1411/1411
f 1394/1394 1393/1393 1387/1387
f 1393/1393 1389/1389 1387/1387
f 1391/1391 1387/1387 1383/1383
f 1383/1383 1382/1382 1381/1381
f 1382/1382 1384/1384 1377/1377
f 1382/1382 1385/1385 1384/1384
f 1383/1383 1387/1387 1382/1382
f 1387/1387 1389/1389 1388/1388
f 1382/1382 1387/1387 1388/1388
f 1382/1382 1388/1388 1385/1385
f 1393/1393 1395/1395 1389/1389
f 1395/1395 1396/1396 1389/1389
f 1388/1388 1392/1392 1385/1385
f 1389/1389 1392/1392 1388/1388
f 1389/1389 1396/1396 1392/1392
f 1396/1396 1397/1397 1392/1392
f 1516/1516 1514/1514 1503/1503
f 1503/1503 1500/1500 1501/1501
f 1500/1500 1493/1493 1501/1501
f 1503/1503 1514/1514 1502/1502
f 1503/1503 1502/1502 1500/1500
f 1514/1514 1509/1509 1502/1502
f 1502/1502 1495/1495 1500/1500
f 1500/1500 1495/1495 1493/1493
f 1493/1493 1489/1489 1492/1492
f 1493/1493 1487/1487 1489/1489
f 1493/1493 1495/1495 1487/1487
f 1489/1489 1487/1487 1488/1488
f 1508/1508 1498/1498 1509/1509
f 1502/1502 1509/1509 1498/1498
f 1502/1502 1498/1498 1495/1495
f 1498/1498 1486/1486 1495/1495
f 1495/1495 1486/1486 1487/1487
f 1498/1498 1508/1508 1496/1496
f 1508/1508 1507/1507 1496/1496
f 1498/1498 1485/1485 1486/1486
f 1485/1485 1483/1483 1486/1486
f 1498/1498 1496/1496 1485/1485
f 1486/1486 1483/1483 1487/1487
f 1487/1487 1483/1483 1488/1488
f 1483/1483 1484/1484 1488/1488
f 1309/1309 1298/1298 1308/1308
f 1483/1483 1472/1472 1484/1484
f 1507/1507 1504/1504 1496/1496
f 1496/1496 1497/1497 1471/1471
f 1496/1496 1471/1471 1485/1485
f 1485/1485 1472/1472 1483/1483
f 1485/1485 1471/1471 1472/1472
f 1504/1504 1497/1497 1496/1496
f 1506/1506 1499/1499 1504/1504
f 1504/1504 1499/1499 1497/1497
f 1497/1497 1499/1499 1466/1466
f 1497/1497 1466/1466 1471/1471
f 1471/1471 1466/1466 1465/1465
f 1471/1471 1465/1465 1472/1472
f 1465/1465 1473/1473 1472/1472
f 1298/1298 1297/1297 1307/1307
f 1296/1296 1297/1297 1298/1298
f 1296/1296 1299/1299 1297/1297
f 1297/1297 1299/1299 1300/1300
f 1299/1299 1301/1301 1300/1300
f 1465/1465 1466/1466 1467/1467
f 1465/1465 1467/1467 1473/1473
f 1299/1299 1302/1302 1301/1301
f 1506/1506 1505/1505 1499/1499
f 1499/1499 1468/1468 1466/1466
f 1505/1505 1482/1482 1499/1499
f 1482/1482 1468/1468 1499/1499
f 1466/1466 1468/1468 1467/1467
f 1467/1467 1468/1468 1469/1469
f 1302/1302 1303/1303 1301/1301
f 1301/1301 1303/1303 1311/1311
f 1468/1468 1482/1482 1474/1474
f 1468/1468 1474/1474 1470/1470
f 1468/1468 1470/1470 1469/1469
f 1470/1470 1475/1475 1469/1469
f 1302/1302 1304/1304 1303/1303
f 1304/1304 1305/1305 1303/1303
f 1303/1303 1305/1305 1313/1313
f 1304/1304 1306/1306 1305/1305
f 1305/1305 1318/1318 1313/1313
f 1313/1313 1318/1318 1325/1325
f 1482/1482 1481/1481 1474/1474
f 1474/1474 1475/1475 1470/1470
f 1474/1474 1477/1477 1476/1476
f 1474/1474 1476/1476 1475/1475
f 1306/1306 1318/1318 1305/1305
f 1474/1474 1481/1481 1477/1477
f 1477/1477 1478/1478 1476/1476
f 1319/1319 1345/1345 1343/1343
f 1306/1306 1319/1319 1318/1318
f 1319/1319 1320/1320 1318/1318
f 1319/1319 1343/1343 1320/1320
f 1477/1477 1479/1479 1478/1478
f 1348/1348 1343/1343 1345/1345
f 1343/1343 1348/1348 1342/1342
f 1348/1348 1349/1349 1342/1342
f 1349/1349 1350/1350 1342/1342
f 1494/1494 1493/1493 1492/1492
f 1335/1335 1322/1322 1334/1334
f 1336/1336 1330/1330 1322/1322
f 1346/1346 1339/1339 1347/1347
f 1339/1339 1340/1340 1347/1347
f 1492/1492 1489/1489 1491/1491
f 1489/1489 1490/1490 1491/1491
f 1330/1330 1310/1310 1322/1322
f 1310/1310 1314/1314 1322/1322
f 1489/1489 1488/1488 1490/1490
f 1309/1309 1308/1308 1310/1310
f 1310/1310 1308/1308 1314/1314
f 1322/1322 1314/1314 1334/1334
f 1334/1334 1314/1314 1332/1332
f 1334/1334 1332/1332 1338/1338
f 1338/1338 1332/1332 1331/1331
f 1332/1332 1323/1323 1331/1331
f 1346/1346 1338/1338 1339/1339
f 1338/1338 1331/1331 1339/1339
f 1339/1339 1331/1331 1337/1337
f 1339/1339 1337/1337 1340/1340
f 1331/1331 1328/1328 1337/1337
f 1337/1337 1328/1328 1333/1333
f 1314/1314 1308/1308 1323/1323
f 1314/1314 1323/1323 1332/1332
f 1308/1308 1316/1316 1323/1323
f 1298/1298 1307/1307 1308/1308
f 1308/1308 1307/1307 1316/1316
f 1323/1323 1316/1316 1324/1324
f 1323/1323 1328/1328 1331/1331
f 1328/1328 1323/1323 1324/1324
f 1328/1328 1324/1324 1333/1333
f 1307/1307 1297/1297 1312/1312
f 1307/1307 1312/1312 1316/1316
f 1297/1297 1300/1300 1312/1312
f 1312/1312 1317/1317 1316/1316
f 1316/1316 1317/1317 1324/1324
f 1300/1300 1311/1311 1312/1312
f 1317/1317 1312/1312 1321/1321
f 1312/1312 1311/1311 1321/1321
f 1311/1311 1303/1303 1315/1315
f 1300/1300 1301/1301 1311/1311
f 1311/1311 1315/1315 1321/1321
f 1303/1303 1313/1313 1315/1315
f 1315/1315 1313/1313 1325/1325
f 1315/1315 1325/1325 1329/1329
f 1318/1318 1327/1327 1325/1325
f 1325/1325 1327/1327 1329/1329
f 1318/1318 1320/1320 1326/1326
f 1320/1320 1343/1343 1326/1326
f 1327/1327 1326/1326 1341/1341
f 1318/1318 1326/1326 1327/1327
f 1343/1343 1342/1342 1326/1326
f 1342/1342 1341/1341 1326/1326
f 1344/1344 1341/1341 1342/1342
f 1547/1547 1545/1545 1546/1546
f 1547/1547 1548/1548 1545/1545
f 1523/1523 1520/1520 1522/1522
f 1520/1520 1521/1521 1522/1522
f 1522/1522 1521/1521 1524/1524
f 1524/1524 1521/1521 1525/1525
f 1524/1524 1525/1525 1548/1548
f 1548/1548 1525/1525 1550/1550
f 1524/1524 1548/1548 1547/1547
f 1548/1548 1550/1550 1549/1549
f 1548/1548 1549/1549 1545/1545
f 1546/1546 1545/1545 1534/1534
f 1545/1545 1544/1544 1534/1534
f 1545/1545 1549/1549 1544/1544
f 1534/1534 1544/1544 1543/1543
f 1534/1534 1532/1532 1531/1531
f 1534/1534 1543/1543 1532/1532
f 1531/1531 1532/1532 1533/1533
f 1532/1532 1535/1535 1533/1533
f 1532/1532 1543/1543 1535/1535
f 1517/1517 1518/1518 1519/1519
f 1533/1533 1535/1535 1536/1536
f 1533/1533 1536/1536 1537/1537
f 1537/1537 1536/1536 1538/1538
f 1537/1537 1538/1538 1539/1539
f 1537/1537 1539/1539 1540/1540
f 1539/1539 1538/1538 1542/1542
f 1536/1536 1541/1541 1538/1538
f 1541/1541 1529/1529 1538/1538
f 1538/1538 1529/1529 1528/1528
f 1528/1528 1529/1529 1527/1527
f 1529/1529 1530/1530 1527/1527
f 1538/1538 1528/1528 1542/1542
f 1528/1528 1527/1527 1526/1526
f 1569/1569 1565/1565 1567/1567
f 1565/1565 1566/1566 1567/1567
f 1566/1566 1568/1568 1567/1567
f 1564/1564 1562/1562 1563/1563
f 1562/1562 1557/1557 1563/1563
f 1562/1562 1558/1558 1557/1557
f 1557/1557 1556/1556 1560/1560
f 1557/1557 1554/1554 1556/1556
f 1557/1557 1558/1558 1554/1554
f 1554/1554 1555/1555 1556/1556
f 1560/1560 1556/1556 1559/1559
f 1559/1559 1556/1556 1553/1553
f 1556/1556 1555/1555 1553/1553
f 1559/1559 1553/1553 1561/1561
f 1561/1561 1553/1553 1551/1551
f 1555/1555 1552/1552 1553/1553
f 1553/1553 1552/1552 1551/1551
f 1570/1570 1571/1571 1572/1572
f 1573/1573 1574/1574 1575/1575
f 1582/1582 1578/1578 1580/1580
f 1578/1578 1577/1577 1576/1576
f 1578/1578 1576/1576 1580/1580
f 1580/1580 1576/1576 1579/1579
f 1580/1580 1579/1579 1581/1581
f 1620/1620 1621/1621 1619/1619
f 1620/1620 1618/1618 1638/1638
f 1618/1618 1617/1617 1613/1613
f 1638/1638 1618/1618 1636/1636
f 1618/1618 1613/1613 1636/1636
f 1620/1620 1619/1619 1618/1618
f 1618/1618 1619/1619 1617/1617
f 1619/1619 1627/1627 1617/1617
f 1617/1617 1627/1627 1628/1628
f 1635/1635 1611/1611 1634/1634
f 1617/1617 1616/1616 1613/1613
f 1617/1617 1628/1628 1616/1616
f 1616/1616 1628/1628 1629/1629
f 1612/1612 1616/1616 1615/1615
f 1613/1613 1611/1611 1636/1636
f 1613/1613 1612/1612 1611/1611
f 1636/1636 1611/1611 1635/1635
f 1613/1613 1616/1616 1612/1612
f 1616/1616 1629/1629 1615/1615
f 1615/1615 1629/1629 1632/1632
f 1634/1634 1611/1611 1633/1633
f 1633/1633 1611/1611 1609/1609
f 1611/1611 1610/1610 1609/1609
f 1611/1611 1612/1612 1610/1610
f 1612/1612 1614/1614 1610/1610
f 1612/1612 1615/1615 1614/1614
f 1614/1614 1615/1615 1631/1631
f 1615/1615 1632/1632 1631/1631
f 1624/1624 1622/1622 1641/1641
f 1624/1624 1623/1623 1622/1622
f 1641/1641 1642/1642 1624/1624
f 1622/1622 1623/1623 1621/1621
f 1641/1641 1640/1640 1639/1639
f 1641/1641 1622/1622 1640/1640
f 1640/1640 1622/1622 1620/1620
f 1622/1622 1621/1621 1620/1620
f 1640/1640 1620/1620 1638/1638
f 1639/1639 1640/1640 1638/1638
f 1639/1639 1638/1638 1637/1637
f 1637/1637 1638/1638 1636/1636
f 1637/1637 1636/1636 1635/1635
f 1606/1606 1608/1608 1605/1605
f 1606/1606 1605/1605 1599/1599
f 1676/1676 1677/1677 1678/1678
f 1607/1607 1599/1599 1602/1602
f 1648/1648 1602/1602 1601/1601
f 1602/1602 1594/1594 1601/1601
f 1602/1602 1599/1599 1594/1594
f 1647/1647 1601/1601 1645/1645
f 1647/1647 1648/1648 1601/1601
f 1601/1601 1590/1590 1600/1600
f 1606/1606 1599/1599 1607/1607
f 1599/1599 1605/1605 1604/1604
f 1599/1599 1595/1595 1594/1594
f 1599/1599 1604/1604 1595/1595
f 1594/1594 1595/1595 1583/1583
f 1601/1601 1594/1594 1590/1590
f 1594/1594 1583/1583 1590/1590
f 1601/1601 1600/1600 1645/1645
f 1600/1600 1590/1590 1597/1597
f 1590/1590 1585/1585 1597/1597
f 1600/1600 1597/1597 1603/1603
f 1597/1597 1585/1585 1587/1587
f 1590/1590 1583/1583 1585/1585
f 1583/1583 1584/1584 1585/1585
f 1585/1585 1584/1584 1586/1586
f 1585/1585 1586/1586 1587/1587
f 1621/1621 1626/1626 1619/1619
f 1626/1626 1630/1630 1619/1619
f 1619/1619 1630/1630 1627/1627
f 1670/1670 1668/1668 1669/1669
f 1670/1670 1669/1669 1674/1674
f 1669/1669 1675/1675 1674/1674
f 1674/1674 1675/1675 1676/1676
f 1676/1676 1675/1675 1677/1677
f 1646/1646 1645/1645 1644/1644
f 1644/1644 1645/1645 1643/1643
f 1642/1642 1643/1643 1624/1624
f 1643/1643 1645/1645 1603/1603
f 1643/1643 1603/1603 1624/1624
f 1645/1645 1600/1600 1603/1603
f 1642/1642 1644/1644 1643/1643
f 1624/1624 1603/1603 1625/1625
f 1624/1624 1625/1625 1623/1623
f 1603/1603 1597/1597 1625/1625
f 1587/1587 1586/1586 1588/1588
f 1623/1623 1596/1596 1598/1598
f 1625/1625 1596/1596 1623/1623
f 1623/1623 1598/1598 1621/1621
f 1598/1598 1596/1596 1592/1592
f 1625/1625 1597/1597 1596/1596
f 1597/1597 1587/1587 1596/1596
f 1596/1596 1589/1589 1592/1592
f 1596/1596 1587/1587 1589/1589
f 1587/1587 1588/1588 1589/1589
f 1621/1621 1598/1598 1626/1626
f 1598/1598 1592/1592 1626/1626
f 1589/1589 1588/1588 1591/1591
f 1589/1589 1591/1591 1592/1592
f 1626/1626 1592/1592 1630/1630
f 1592/1592 1591/1591 1593/1593
f 1649/1649 1650/1650 1651/1651
f 1650/1650 1652/1652 1651/1651
f 1651/1651 1654/1654 1679/1679
f 1651/1651 1653/1653 1654/1654
f 1651/1651 1652/1652 1653/1653
f 1656/1656 1673/1673 1679/1679
f 1656/1656 1654/1654 1655/1655
f 1679/1679 1654/1654 1656/1656
f 1654/1654 1653/1653 1655/1655
f 1673/1673 1657/1657 1660/1660
f 1673/1673 1660/1660 1672/1672
f 1656/1656 1655/1655 1657/1657
f 1673/1673 1656/1656 1657/1657
f 1657/1657 1655/1655 1658/1658
f 1657/1657 1658/1658 1659/1659
f 1660/1660 1657/1657 1659/1659
f 1672/1672 1660/1660 1671/1671
f 1671/1671 1660/1660 1662/1662
f 1662/1662 1660/1660 1661/1661
f 1671/1671 1662/1662 1664/1664
f 1662/1662 1663/1663 1664/1664
f 1662/1662 1661/1661 1663/1663
f 1660/1660 1659/1659 1661/1661
f 1666/1666 1664/1664 1665/1665
f 1664/1664 1663/1663 1665/1665
f 1666/1666 1665/1665 1667/1667
f 1666/1666 1667/1667 1668/1668
f 1668/1668 1667/1667 1669/1669
f 1791/1791 1796/1796 1795/1795
f 1825/1825 1810/1810 1811/1811
f 1810/1810 1795/1795 1811/1811
f 1859/1859 1860/1860 1820/1820
f 1820/1820 1860/1860 1819/1819
f 1806/1806 1747/1747 1751/1751
f 1751/1751 1747/1747 1746/1746
f 1746/1746 1747/1747 1748/1748
f 1806/1806 1729/1729 1805/1805
f 1806/1806 1805/1805 1749/1749
f 1806/1806 1749/1749 1747/1747
f 1747/1747 1749/1749 1748/1748
f 1749/1749 1750/1750 1748/1748
f 1729/1729 1731/1731 1805/1805
f 1805/1805 1807/1807 1752/1752
f 1805/1805 1731/1731 1807/1807
f 1733/1733 1731/1731 1732/1732
f 1732/1732 1734/1734 1733/1733
f 1731/1731 1733/1733 1807/1807
f 1805/1805 1752/1752 1749/1749
f 1749/1749 1752/1752 1750/1750
f 1733/1733 1734/1734 1735/1735
f 1733/1733 1735/1735 1736/1736
f 1807/1807 1799/1799 1754/1754
f 1799/1799 1756/1756 1754/1754
f 1756/1756 1755/1755 1754/1754
f 1733/1733 1799/1799 1807/1807
f 1733/1733 1736/1736 1799/1799
f 1752/1752 1754/1754 1753/1753
f 1754/1754 1755/1755 1753/1753
f 1807/1807 1754/1754 1752/1752
f 1752/1752 1753/1753 1750/1750
f 1750/1750 1753/1753 1787/1787
f 1753/1753 1755/1755 1770/1770
f 1753/1753 1770/1770 1787/1787
f 1736/1736 1737/1737 1738/1738
f 1735/1735 1737/1737 1736/1736
f 1736/1736 1738/1738 1799/1799
f 1738/1738 1756/1756 1799/1799
f 1756/1756 1738/1738 1759/1759
f 1756/1756 1759/1759 1758/1758
f 1737/1737 1739/1739 1738/1738
f 1738/1738 1761/1761 1759/1759
f 1759/1759 1761/1761 1760/1760
f 1759/1759 1760/1760 1758/1758
f 1758/1758 1767/1767 1769/1769
f 1769/1769 1767/1767 1782/1782
f 1782/1782 1767/1767 1775/1775
f 1755/1755 1756/1756 1757/1757
f 1755/1755 1757/1757 1770/1770
f 1756/1756 1758/1758 1757/1757
f 1757/1757 1769/1769 1770/1770
f 1770/1770 1769/1769 1801/1801
f 1769/1769 1782/1782 1801/1801
f 1757/1757 1758/1758 1769/1769
f 1763/1763 1761/1761 1740/1740
f 1740/1740 1817/1817 1763/1763
f 1762/1762 1771/1771 1760/1760
f 1739/1739 1740/1740 1738/1738
f 1738/1738 1740/1740 1761/1761
f 1739/1739 1741/1741 1740/1740
f 1761/1761 1763/1763 1762/1762
f 1761/1761 1762/1762 1760/1760
f 1741/1741 1817/1817 1740/1740
f 1741/1741 1861/1861 1817/1817
f 1758/1758 1760/1760 1767/1767
f 1760/1760 1768/1768 1767/1767
f 1767/1767 1768/1768 1775/1775
f 1775/1775 1768/1768 1774/1774
f 1760/1760 1771/1771 1768/1768
f 1771/1771 1772/1772 1768/1768
f 1768/1768 1772/1772 1773/1773
f 1763/1763 1817/1817 1764/1764
f 1763/1763 1764/1764 1762/1762
f 1817/1817 1861/1861 1815/1815
f 1817/1817 1815/1815 1764/1764
f 1764/1764 1776/1776 1762/1762
f 1762/1762 1776/1776 1771/1771
f 1861/1861 1859/1859 1815/1815
f 1815/1815 1779/1779 1764/1764
f 1764/1764 1779/1779 1778/1778
f 1764/1764 1778/1778 1776/1776
f 1776/1776 1778/1778 1784/1784
f 1776/1776 1777/1777 1771/1771
f 1771/1771 1777/1777 1772/1772
f 1777/1777 1776/1776 1784/1784
f 1777/1777 1784/1784 1785/1785
f 1772/1772 1790/1790 1788/1788
f 1777/1777 1790/1790 1772/1772
f 1815/1815 1820/1820 1779/1779
f 1859/1859 1820/1820 1815/1815
f 1779/1779 1780/1780 1778/1778
f 1779/1779 1781/1781 1780/1780
f 1784/1784 1780/1780 1786/1786
f 1784/1784 1786/1786 1785/1785
f 1778/1778 1780/1780 1784/1784
f 1820/1820 1819/1819 1779/1779
f 1779/1779 1819/1819 1781/1781
f 1786/1786 1802/1802 1785/1785
f 1777/1777 1785/1785 1793/1793
f 1785/1785 1802/1802 1793/1793
f 1777/1777 1793/1793 1790/1790
f 1790/1790 1793/1793 1792/1792
f 1792/1792 1793/1793 1797/1797
f 1793/1793 1798/1798 1797/1797
f 1746/1746 1800/1800 1766/1766
f 1746/1746 1748/1748 1800/1800
f 1748/1748 1812/1812 1800/1800
f 1748/1748 1750/1750 1812/1812
f 1750/1750 1813/1813 1812/1812
f 1787/1787 1813/1813 1750/1750
f 1787/1787 1814/1814 1813/1813
f 1787/1787 1801/1801 1814/1814
f 1787/1787 1770/1770 1801/1801
f 1801/1801 1824/1824 1814/1814
f 1782/1782 1775/1775 1823/1823
f 1782/1782 1823/1823 1824/1824
f 1801/1801 1782/1782 1824/1824
f 1823/1823 1775/1775 1822/1822
f 1775/1775 1783/1783 1822/1822
f 1768/1768 1773/1773 1774/1774
f 1774/1774 1773/1773 1783/1783
f 1775/1775 1774/1774 1783/1783
f 1822/1822 1783/1783 1821/1821
f 1772/1772 1788/1788 1773/1773
f 1773/1773 1788/1788 1789/1789
f 1783/1783 1773/1773 1789/1789
f 1783/1783 1789/1789 1808/1808
f 1808/1808 1789/1789 1809/1809
f 1788/1788 1790/1790 1792/1792
f 1788/1788 1792/1792 1791/1791
f 1788/1788 1791/1791 1789/1789
f 1791/1791 1794/1794 1789/1789
f 1789/1789 1794/1794 1809/1809
f 1783/1783 1808/1808 1821/1821
f 1821/1821 1808/1808 1866/1866
f 1808/1808 1809/1809 1866/1866
f 1866/1866 1809/1809 1825/1825
f 1792/1792 1797/1797 1791/1791
f 1797/1797 1796/1796 1791/1791
f 1791/1791 1795/1795 1794/1794
f 1794/1794 1795/1795 1810/1810
f 1809/1809 1794/1794 1810/1810
f 1809/1809 1810/1810 1825/1825
f 1689/1689 1680/1680 1683/1683
f 1680/1680 1681/1681 1682/1682
f 1680/1680 1682/1682 1683/1683
f 1691/1691 1689/1689 1683/1683
f 1691/1691 1683/1683 1692/1692
f 1691/1691 1694/1694 1743/1743
f 1694/1694 1691/1691 1693/1693
f 1691/1691 1692/1692 1693/1693
f 1721/1721 1839/1839 1722/1722
f 1709/1709 1711/1711 1721/1721
f 1721/1721 1724/1724 1839/1839
f 1724/1724 1721/1721 1711/1711
f 1709/1709 1700/1700 1708/1708
f 1700/1700 1698/1698 1704/1704
f 1711/1711 1708/1708 1704/1704
f 1708/1708 1700/1700 1704/1704
f 1724/1724 1711/1711 1710/1710
f 1829/1829 1724/1724 1710/1710
f 1829/1829 1710/1710 1744/1744
f 1711/1711 1709/1709 1708/1708
f 1710/1710 1711/1711 1704/1704
f 1706/1706 1705/1705 1695/1695
f 1688/1688 1706/1706 1695/1695
f 1695/1695 1696/1696 1697/1697
f 1695/1695 1697/1697 1685/1685
f 1728/1728 1826/1826 1744/1744
f 1706/1706 1723/1723 1719/1719
f 1723/1723 1706/1706 1717/1717
f 1728/1728 1723/1723 1816/1816
f 1728/1728 1719/1719 1723/1723
f 1816/1816 1826/1826 1728/1728
f 1710/1710 1704/1704 1707/1707
f 1706/1706 1719/1719 1707/1707
f 1707/1707 1704/1704 1706/1706
f 1704/1704 1698/1698 1695/1695
f 1695/1695 1705/1705 1704/1704
f 1719/1719 1710/1710 1707/1707
f 1744/1744 1710/1710 1719/1719
f 1719/1719 1728/1728 1744/1744
f 1706/1706 1704/1704 1705/1705
f 1712/1712 1713/1713 1716/1716
f 1712/1712 1716/1716 1718/1718
f 1712/1712 1706/1706 1688/1688
f 1688/1688 1713/1713 1712/1712
f 1695/1695 1685/1685 1688/1688
f 1684/1684 1688/1688 1685/1685
f 1684/1684 1685/1685 1686/1686
f 1688/1688 1684/1684 1713/1713
f 1706/1706 1712/1712 1717/1717
f 1717/1717 1726/1726 1723/1723
f 1726/1726 1816/1816 1723/1723
f 1816/1816 1765/1765 1804/1804
f 1816/1816 1726/1726 1765/1765
f 1718/1718 1727/1727 1726/1726
f 1717/1717 1712/1712 1718/1718
f 1726/1726 1717/1717 1718/1718
f 1765/1765 1726/1726 1751/1751
f 1726/1726 1806/1806 1751/1751
f 1751/1751 1746/1746 1765/1765
f 1713/1713 1687/1687 1716/1716
f 1729/1729 1727/1727 1725/1725
f 1718/1718 1725/1725 1727/1727
f 1716/1716 1725/1725 1718/1718
f 1690/1690 1687/1687 1689/1689
f 1689/1689 1687/1687 1680/1680
f 1687/1687 1690/1690 1725/1725
f 1687/1687 1725/1725 1716/1716
f 1690/1690 1743/1743 1725/1725
f 1690/1690 1691/1691 1743/1743
f 1743/1743 1730/1730 1725/1725
f 1689/1689 1691/1691 1690/1690
f 1725/1725 1730/1730 1729/1729
f 1684/1684 1681/1681 1687/1687
f 1684/1684 1686/1686 1681/1681
f 1713/1713 1684/1684 1687/1687
f 1687/1687 1681/1681 1680/1680
f 1806/1806 1726/1726 1727/1727
f 1806/1806 1727/1727 1729/1729
f 1743/1743 1742/1742 1730/1730
f 1743/1743 1694/1694 1742/1742
f 1730/1730 1731/1731 1729/1729
f 1731/1731 1730/1730 1732/1732
f 1694/1694 1745/1745 1742/1742
f 1732/1732 1742/1742 1734/1734
f 1742/1742 1732/1732 1730/1730
f 1853/1853 1851/1851 1852/1852
f 1898/1898 1888/1888 1891/1891
f 1854/1854 1899/1899 1898/1898
f 1854/1854 1855/1855 1851/1851
f 1854/1854 1851/1851 1853/1853
f 1854/1854 1898/1898 1855/1855
f 1852/1852 1857/1857 1856/1856
f 1851/1851 1850/1850 1852/1852
f 1852/1852 1850/1850 1857/1857
f 1891/1891 1855/1855 1898/1898
f 1851/1851 1849/1849 1850/1850
f 1889/1889 1893/1893 1891/1891
f 1893/1893 1889/1889 1894/1894
f 1893/1893 1894/1894 1895/1895
f 1851/1851 1855/1855 1849/1849
f 1891/1891 1896/1896 1855/1855
f 1891/1891 1893/1893 1896/1896
f 1855/1855 1896/1896 1849/1849
f 1850/1850 1849/1849 1847/1847
f 1847/1847 1857/1857 1850/1850
f 1847/1847 1858/1858 1857/1857
f 1896/1896 1848/1848 1849/1849
f 1848/1848 1847/1847 1849/1849
f 1893/1893 1895/1895 1896/1896
f 1858/1858 1845/1845 1864/1864
f 1845/1845 1869/1869 1864/1864
f 1892/1892 1900/1900 1894/1894
f 1900/1900 1897/1897 1894/1894
f 1894/1894 1897/1897 1895/1895
f 1722/1722 1838/1838 1900/1900
f 1722/1722 1839/1839 1838/1838
f 1897/1897 1833/1833 1841/1841
f 1897/1897 1900/1900 1838/1838
f 1896/1896 1841/1841 1848/1848
f 1848/1848 1846/1846 1847/1847
f 1841/1841 1896/1896 1895/1895
f 1846/1846 1840/1840 1845/1845
f 1846/1846 1848/1848 1841/1841
f 1847/1847 1845/1845 1858/1858
f 1847/1847 1846/1846 1845/1845
f 1845/1845 1840/1840 1844/1844
f 1895/1895 1897/1897 1841/1841
f 1841/1841 1840/1840 1846/1846
f 1845/1845 1870/1870 1869/1869
f 1845/1845 1844/1844 1870/1870
f 1840/1840 1837/1837 1844/1844
f 1844/1844 1837/1837 1867/1867
f 1844/1844 1867/1867 1870/1870
f 1839/1839 1829/1829 1831/1831
f 1831/1831 1830/1830 1832/1832
f 1830/1830 1831/1831 1829/1829
f 1839/1839 1831/1831 1838/1838
f 1839/1839 1724/1724 1829/1829
f 1897/1897 1838/1838 1833/1833
f 1831/1831 1832/1832 1833/1833
f 1838/1838 1831/1831 1833/1833
f 1829/1829 1828/1828 1830/1830
f 1830/1830 1835/1835 1832/1832
f 1832/1832 1835/1835 1836/1836
f 1841/1841 1834/1834 1840/1840
f 1841/1841 1833/1833 1834/1834
f 1834/1834 1837/1837 1840/1840
f 1833/1833 1832/1832 1834/1834
f 1834/1834 1832/1832 1836/1836
f 1834/1834 1836/1836 1837/1837
f 1837/1837 1836/1836 1843/1843
f 1837/1837 1868/1868 1867/1867
f 1837/1837 1843/1843 1868/1868
f 1826/1826 1829/1829 1744/1744
f 1826/1826 1828/1828 1829/1829
f 1826/1826 1827/1827 1828/1828
f 1826/1826 1804/1804 1818/1818
f 1826/1826 1816/1816 1804/1804
f 1826/1826 1818/1818 1827/1827
f 1842/1842 1872/1872 1871/1871
f 1835/1835 1842/1842 1836/1836
f 1836/1836 1842/1842 1843/1843
f 1842/1842 1871/1871 1843/1843
f 1843/1843 1871/1871 1868/1868
f 1804/1804 1803/1803 1818/1818
f 1804/1804 1765/1765 1803/1803
f 1765/1765 1766/1766 1803/1803
f 1765/1765 1746/1746 1766/1766
f 1856/1856 1863/1863 1862/1862
f 1856/1856 1857/1857 1863/1863
f 1857/1857 1865/1865 1863/1863
f 1857/1857 1858/1858 1865/1865
f 1858/1858 1864/1864 1865/1865
f 1875/1875 1877/1877 1882/1882
f 1874/1874 1876/1876 1875/1875
f 1886/1886 1873/1873 1875/1875
f 1873/1873 1874/1874 1875/1875
f 1875/1875 1876/1876 1877/1877
f 1876/1876 1878/1878 1877/1877
f 1877/1877 1878/1878 1879/1879
f 1879/1879 1882/1882 1877/1877
f 1890/1890 1882/1882 1879/1879
f 1879/1879 1878/1878 1880/1880
f 1879/1879 1883/1883 1890/1890
f 1879/1879 1880/1880 1883/1883
f 1720/1720 1883/1883 1880/1880
f 1880/1880 1715/1715 1720/1720
f 1878/1878 1881/1881 1880/1880
f 1901/1901 1720/1720 1722/1722
f 1722/1722 1720/1720 1714/1714
f 1715/1715 1880/1880 1881/1881
f 1720/1720 1715/1715 1714/1714
f 1881/1881 1703/1703 1715/1715
f 1715/1715 1703/1703 1702/1702
f 1715/1715 1702/1702 1714/1714
f 1714/1714 1709/1709 1722/1722
f 1714/1714 1702/1702 1709/1709
f 1702/1702 1701/1701 1700/1700
f 1702/1702 1703/1703 1701/1701
f 1722/1722 1709/1709 1721/1721
f 1700/1700 1701/1701 1699/1699
f 1709/1709 1702/1702 1700/1700
f 1699/1699 1698/1698 1700/1700
f 1698/1698 1696/1696 1695/1695
f 1698/1698 1699/1699 1696/1696
f 1885/1885 1886/1886 1887/1887
f 1884/1884 1873/1873 1886/1886
f 1875/1875 1882/1882 1886/1886
f 1886/1886 1888/1888 1887/1887
f 1898/1898 1887/1887 1888/1888
f 1889/1889 1886/1886 1890/1890
f 1886/1886 1882/1882 1890/1890
f 1886/1886 1889/1889 1888/1888
f 1891/1891 1888/1888 1889/1889
f 1899/1899 1887/1887 1898/1898
f 1890/1890 1892/1892 1889/1889
f 1890/1890 1883/1883 1892/1892
f 1883/1883 1901/1901 1892/1892
f 1892/1892 1894/1894 1889/1889
f 1883/1883 1720/1720 1901/1901
f 1901/1901 1722/1722 1900/1900
f 1901/1901 1900/1900 1892/1892
f 1914/1914 1911/1911 1910/1910
f 1909/1909 1907/1907 1902/1902
f 1907/1907 1906/1906 1902/1902
f 1909/1909 1902/1902 1908/1908
f 1902/1902 1904/1904 1908/1908
f 1910/1910 1911/1911 1912/1912
f 1902/1902 1906/1906 1903/1903
f 1902/1902 1903/1903 1904/1904
f 1915/1915 1916/1916 1917/1917
f 1910/1910 1912/1912 1913/1913
f 1908/1908 1904/1904 1905/1905
f 1904/1904 1903/1903 1905/1905
f 1925/1925 1924/1924 1920/1920
f 1924/1924 1918/1918 1920/1920
f 1924/1924 1926/1926 1918/1918
f 1918/1918 1919/1919 1920/1920
f 1926/1926 1921/1921 1918/1918
f 1918/1918 1921/1921 1919/1919
f 1926/1926 1922/1922 1921/1921
f 1921/1921 1922/1922 1919/1919
f 1920/1920 1919/1919 1923/1923
f 1927/1927 1928/1928 1929/1929
f 1930/1930 1931/1931 1932/1932
f 1933/1933 1934/1934 1935/1935
f 1936/1936 1937/1937 1938/1938
f 1939/1939 1940/1940 1941/1941
f 2076/2076 2078/2078 2077/2077
f 2077/2077 2069/2069 2051/2051
f 2069/2069 2047/2047 2041/2041
f 2047/2047 2035/2035 2041/2041
f 2067/2067 2040/2040 2047/2047
f 2047/2047 2040/2040 2033/2033
f 2067/2067 2066/2066 2040/2040
f 2066/2066 2039/2039 2040/2040
f 2040/2040 2031/2031 2033/2033
f 2040/2040 2039/2039 2031/2031
f 2066/2066 2065/2065 2027/2027
f 2066/2066 2027/2027 2039/2039
f 2039/2039 2028/2028 2031/2031
f 2039/2039 2027/2027 2028/2028
f 2027/2027 2026/2026 2028/2028
f 2065/2065 2043/2043 2027/2027
f 2065/2065 2068/2068 2043/2043
f 2043/2043 2025/2025 2027/2027
f 2027/2027 2025/2025 2026/2026
f 2068/2068 2044/2044 2043/2043
f 2068/2068 2062/2062 2044/2044
f 2044/2044 2062/2062 2021/2021
f 2044/2044 2025/2025 2043/2043
f 2044/2044 2022/2022 2025/2025
f 2025/2025 2024/2024 2026/2026
f 2044/2044 2021/2021 2022/2022
f 2025/2025 2022/2022 2024/2024
f 2024/2024 2022/2022 2023/2023
f 2024/2024 2023/2023 2037/2037
f 2023/2023 2036/2036 2037/2037
f 2062/2062 2049/2049 2021/2021
f 2049/2049 2019/2019 2021/2021
f 2022/2022 2018/2018 2023/2023
f 2021/2021 2018/2018 2022/2022
f 2023/2023 2018/2018 2036/2036
f 2018/2018 2038/2038 2036/2036
f 2036/2036 2038/2038 2020/2020
f 2021/2021 2019/2019 2018/2018
f 2074/2074 2060/2060 2073/2073
f 2060/2060 2059/2059 2073/2073
f 2060/2060 2058/2058 2059/2059
f 2058/2058 2057/2057 2059/2059
f 2073/2073 2059/2059 2061/2061
f 2059/2059 2057/2057 2061/2061
f 2057/2057 2063/2063 2061/2061
f 2058/2058 2056/2056 2057/2057
f 2058/2058 2075/2075 2056/2056
f 2056/2056 2055/2055 2057/2057
f 2057/2057 2064/2064 2063/2063
f 2057/2057 2055/2055 2064/2064
f 1968/1968 1970/1970 1983/1983
f 1983/1983 1985/1985 1968/1968
f 2075/2075 2076/2076 2056/2056
f 2076/2076 2052/2052 2056/2056
f 2056/2056 2052/2052 2055/2055
f 2055/2055 2072/2072 2064/2064
f 2055/2055 2052/2052 2046/2046
f 2076/2076 2077/2077 2052/2052
f 2077/2077 2051/2051 2052/2052
f 2052/2052 2051/2051 2046/2046
f 2055/2055 2046/2046 2054/2054
f 1985/1985 1966/1966 1968/1968
f 1985/1985 1979/1979 1966/1966
f 1968/1968 1966/1966 1942/1942
f 1966/1966 1943/1943 1942/1942
f 1979/1979 1967/1967 1966/1966
f 1966/1966 1967/1967 1943/1943
f 2051/2051 2069/2069 2041/2041
f 2051/2051 2041/2041 2046/2046
f 2054/2054 2046/2046 2053/2053
f 2041/2041 2034/2034 2046/2046
f 2041/2041 2035/2035 2034/2034
f 2046/2046 2034/2034 2045/2045
f 2046/2046 2045/2045 2053/2053
f 1979/1979 1986/1986 1967/1967
f 1986/1986 1988/1988 1967/1967
f 1986/1986 1989/1989 1988/1988
f 2053/2053 2045/2045 2070/2070
f 2045/2045 2050/2050 2070/2070
f 2070/2070 2050/2050 2071/2071
f 1997/1997 1992/1992 1989/1989
f 1989/1989 1992/1992 1990/1990
f 1989/1989 1990/1990 1988/1988
f 2047/2047 2033/2033 2035/2035
f 2035/2035 2033/2033 2034/2034
f 2034/2034 2033/2033 2032/2032
f 2034/2034 2032/2032 2045/2045
f 2045/2045 2032/2032 2050/2050
f 2050/2050 2032/2032 2017/2017
f 2033/2033 2031/2031 2032/2032
f 2031/2031 2028/2028 2030/2030
f 2031/2031 2030/2030 2032/2032
f 2032/2032 2030/2030 2048/2048
f 2032/2032 2048/2048 2017/2017
f 1992/1992 1993/1993 1990/1990
f 1997/1997 1995/1995 1992/1992
f 1995/1995 1994/1994 1992/1992
f 1992/1992 1994/1994 1993/1993
f 1995/1995 1998/1998 1996/1996
f 1995/1995 1996/1996 1994/1994
f 2030/2030 2028/2028 2029/2029
f 2030/2030 2029/2029 2048/2048
f 2028/2028 2026/2026 2029/2029
f 2029/2029 2042/2042 2048/2048
f 2048/2048 2016/2016 2017/2017
f 2017/2017 2016/2016 2015/2015
f 2048/2048 2042/2042 2016/2016
f 2016/2016 2014/2014 2015/2015
f 2029/2029 2026/2026 2042/2042
f 2026/2026 2024/2024 2042/2042
f 2042/2042 2013/2013 2016/2016
f 2016/2016 2013/2013 2014/2014
f 2014/2014 2008/2008 2015/2015
f 2014/2014 2013/2013 2008/2008
f 2013/2013 2005/2005 2008/2008
f 1998/1998 1999/1999 1996/1996
f 2008/2008 2007/2007 2009/2009
f 2008/2008 2005/2005 2007/2007
f 2005/2005 2006/2006 2007/2007
f 2042/2042 2024/2024 2037/2037
f 2042/2042 2037/2037 2013/2013
f 2013/2013 2037/2037 2012/2012
f 2013/2013 2012/2012 2005/2005
f 2012/2012 2004/2004 2005/2005
f 2037/2037 2011/2011 2012/2012
f 2037/2037 2036/2036 2011/2011
f 2012/2012 2011/2011 2004/2004
f 2005/2005 2004/2004 2003/2003
f 2005/2005 2003/2003 2006/2006
f 2011/2011 2002/2002 2004/2004
f 2004/2004 2002/2002 2003/2003
f 2036/2036 2020/2020 2011/2011
f 2011/2011 2010/2010 2002/2002
f 2020/2020 2010/2010 2011/2011
f 2002/2002 2001/2001 2003/2003
f 2002/2002 2000/2000 2001/2001
f 2010/2010 2000/2000 2002/2002
f 1947/1947 1945/1945 1948/1948
f 1945/1945 1947/1947 1946/1946
f 1970/1970 1946/1946 1947/1947
f 1970/1970 1968/1968 1946/1946
f 1945/1945 1942/1942 1944/1944
f 1946/1946 1942/1942 1945/1945
f 1968/1968 1942/1942 1946/1946
f 1942/1942 1943/1943 1944/1944
f 2080/2080 2081/2081 2079/2079
f 1982/1982 1972/1972 1980/1980
f 1982/1982 1981/1981 1972/1972
f 1981/1981 1969/1969 1972/1972
f 1969/1969 1965/1965 1972/1972
f 1969/1969 1963/1963 1965/1965
f 1963/1963 1964/1964 1965/1965
f 1987/1987 1962/1962 1969/1969
f 1969/1969 1962/1962 1963/1963
f 1963/1963 1961/1961 1964/1964
f 1963/1963 1962/1962 1961/1961
f 1991/1991 1977/1977 1976/1976
f 1991/1991 1976/1976 1987/1987
f 1962/1962 1960/1960 1961/1961
f 1960/1960 1959/1959 1961/1961
f 1987/1987 1976/1976 1962/1962
f 1962/1962 1976/1976 1960/1960
f 1976/1976 1958/1958 1960/1960
f 1958/1958 1959/1959 1960/1960
f 1976/1976 1977/1977 1958/1958
f 1977/1977 1978/1978 1957/1957
f 1978/1978 1955/1955 1957/1957
f 1958/1958 1956/1956 1959/1959
f 1977/1977 1957/1957 1958/1958
f 1958/1958 1957/1957 1956/1956
f 1957/1957 1955/1955 1956/1956
f 1978/1978 1971/1971 1955/1955
f 1971/1971 1953/1953 1955/1955
f 1953/1953 1952/1952 1954/1954
f 1971/1971 1974/1974 1953/1953
f 1955/1955 1953/1953 1954/1954
f 1956/1956 1955/1955 1954/1954
f 1974/1974 1975/1975 1951/1951
f 1952/1952 1951/1951 1950/1950
f 1974/1974 1951/1951 1953/1953
f 1953/1953 1951/1951 1952/1952
f 1949/1949 1950/1950 1951/1951
f 1951/1951 1975/1975 1949/1949
f 1983/1983 1970/1970 1984/1984
f 1975/1975 1970/1970 1949/1949
f 1970/1970 1947/1947 1949/1949
f 1949/1949 1947/1947 1948/1948
f 1949/1949 1948/1948 1950/1950
f 1980/1980 1972/1972 1973/1973
f 1973/1973 1972/1972 1965/1965
f 2105/2105 2102/2102 2104/2104
f 2107/2107 2105/2105 2106/2106
f 2105/2105 2104/2104 2106/2106
f 2104/2104 2102/2102 2103/2103
f 2100/2100 2101/2101 2102/2102
f 2102/2102 2101/2101 2103/2103
f 2093/2093 2092/2092 2089/2089
f 2092/2092 2090/2090 2089/2089
f 2092/2092 2094/2094 2090/2090
f 2090/2090 2087/2087 2089/2089
f 2089/2089 2087/2087 2088/2088
f 2090/2090 2094/2094 2091/2091
f 2090/2090 2091/2091 2087/2087
f 2087/2087 2086/2086 2088/2088
f 2087/2087 2085/2085 2086/2086
f 2086/2086 2085/2085 2084/2084
f 2091/2091 2085/2085 2087/2087
f 2100/2100 2099/2099 2101/2101
f 2100/2100 2098/2098 2099/2099
f 2098/2098 2097/2097 2099/2099
f 2084/2084 2083/2083 2082/2082
f 2091/2091 2083/2083 2085/2085
f 2085/2085 2083/2083 2084/2084
f 2096/2096 2095/2095 2083/2083
f 2096/2096 2108/2108 2095/2095
f 2120/2120 2121/2121 2113/2113
f 2120/2120 2113/2113 2116/2116
f 2121/2121 2122/2122 2113/2113
f 2120/2120 2116/2116 2123/2123
f 2116/2116 2114/2114 2117/2117
f 2116/2116 2113/2113 2114/2114
f 2116/2116 2119/2119 2123/2123
f 2116/2116 2117/2117 2119/2119
f 2122/2122 2124/2124 2113/2113
f 2111/2111 2124/2124 2125/2125
f 2114/2114 2112/2112 2118/2118
f 2114/2114 2118/2118 2117/2117
f 2112/2112 2115/2115 2118/2118
f 2113/2113 2112/2112 2114/2114
f 2113/2113 2124/2124 2111/2111
f 2113/2113 2111/2111 2112/2112
f 2112/2112 2111/2111 2109/2109
f 2111/2111 2125/2125 2110/2110
f 2131/2131 2132/2132 2127/2127
f 2131/2131 2127/2127 2126/2126
f 2126/2126 2127/2127 2128/2128
f 2127/2127 2129/2129 2128/2128
f 2128/2128 2129/2129 2130/2130
f 2129/2129 2137/2137 2130/2130
f 2139/2139 2130/2130 2134/2134
f 2138/2138 2136/2136 2137/2137
f 2137/2137 2136/2136 2130/2130
f 2130/2130 2136/2136 2134/2134
f 2138/2138 2135/2135 2136/2136
f 2136/2136 2135/2135 2134/2134
f 2135/2135 2133/2133 2134/2134
f 2148/2148 2146/2146 2153/2153
f 2146/2146 2147/2147 2153/2153
f 2148/2148 2144/2144 2146/2146
f 2144/2144 2140/2140 2146/2146
f 2146/2146 2140/2140 2147/2147
f 2147/2147 2140/2140 2142/2142
f 2144/2144 2141/2141 2140/2140
f 2156/2156 2157/2157 2158/2158
f 2140/2140 2141/2141 2142/2142
f 2153/2153 2147/2147 2152/2152
f 2147/2147 2149/2149 2152/2152
f 2147/2147 2142/2142 2149/2149
f 2154/2154 2151/2151 2141/2141
f 2141/2141 2143/2143 2142/2142
f 2151/2151 2150/2150 2141/2141
f 2151/2151 2155/2155 2150/2150
f 2141/2141 2150/2150 2145/2145
f 2141/2141 2145/2145 2143/2143
f 2169/2169 2168/2168 2165/2165
f 2165/2165 2168/2168 2163/2163
f 2165/2165 2163/2163 2162/2162
f 2168/2168 2167/2167 2163/2163
f 2163/2163 2167/2167 2164/2164
f 2162/2162 2163/2163 2161/2161
f 2161/2161 2163/2163 2164/2164
f 2161/2161 2164/2164 2166/2166
f 2162/2162 2161/2161 2160/2160
f 2161/2161 2166/2166 2159/2159
f 2160/2160 2161/2161 2159/2159
f 2180/2180 2178/2178 2195/2195
f 2178/2178 2196/2196 2195/2195
f 2178/2178 2175/2175 2201/2201
f 2178/2178 2201/2201 2196/2196
f 2175/2175 2174/2174 2173/2173
f 2175/2175 2173/2173 2201/2201
f 2201/2201 2202/2202 2196/2196
f 2173/2173 2202/2202 2201/2201
f 2173/2173 2191/2191 2202/2202
f 2172/2172 2170/2170 2171/2171
f 2174/2174 2172/2172 2173/2173
f 2173/2173 2172/2172 2171/2171
f 2173/2173 2171/2171 2191/2191
f 2191/2191 2171/2171 2194/2194
f 2191/2191 2194/2194 2202/2202
f 2185/2185 2184/2184 2186/2186
f 2185/2185 2183/2183 2184/2184
f 2184/2184 2182/2182 2193/2193
f 2182/2182 2200/2200 2193/2193
f 2183/2183 2182/2182 2184/2184
f 2183/2183 2181/2181 2182/2182
f 2182/2182 2181/2181 2180/2180
f 2180/2180 2200/2200 2182/2182
f 2200/2200 2199/2199 2193/2193
f 2181/2181 2179/2179 2180/2180
f 2179/2179 2178/2178 2180/2180
f 2180/2180 2199/2199 2200/2200
f 2180/2180 2195/2195 2199/2199
f 2179/2179 2177/2177 2178/2178
f 2177/2177 2175/2175 2178/2178
f 2177/2177 2176/2176 2175/2175
f 2176/2176 2174/2174 2175/2175
f 2176/2176 2172/2172 2174/2174
f 2209/2209 2207/2207 2210/2210
f 2209/2209 2208/2208 2207/2207
f 2208/2208 2206/2206 2207/2207
f 2206/2206 2205/2205 2207/2207
f 2206/2206 2190/2190 2205/2205
f 2190/2190 2204/2204 2205/2205
f 2267/2267 2273/2273 2269/2269
f 2266/2266 2267/2267 2269/2269
f 2271/2271 2268/2268 2269/2269
f 2273/2273 2275/2275 2274/2274
f 2269/2269 2273/2273 2274/2274
f 2285/2285 2282/2282 2287/2287
f 2271/2271 2269/2269 2274/2274
f 2271/2271 2274/2274 2276/2276
f 2276/2276 2274/2274 2275/2275
f 2278/2278 2271/2271 2276/2276
f 2278/2278 2276/2276 2279/2279
f 2271/2271 2278/2278 2282/2282
f 2285/2285 2271/2271 2282/2282
f 2216/2216 2282/2282 2278/2278
f 2216/2216 2278/2278 2215/2215
f 2282/2282 2216/2216 2287/2287
f 2215/2215 2214/2214 2216/2216
f 2280/2280 2215/2215 2278/2278
f 2280/2280 2281/2281 2215/2215
f 2280/2280 2278/2278 2279/2279
f 2281/2281 2211/2211 2212/2212
f 2211/2211 2210/2210 2212/2212
f 2217/2217 2209/2209 2211/2211
f 2211/2211 2209/2209 2210/2210
f 2215/2215 2212/2212 2214/2214
f 2214/2214 2212/2212 2213/2213
f 2281/2281 2212/2212 2215/2215
f 2210/2210 2213/2213 2212/2212
f 2217/2217 2208/2208 2209/2209
f 2208/2208 2189/2189 2206/2206
f 2189/2189 2190/2190 2206/2206
f 2189/2189 2188/2188 2190/2190
f 2187/2187 2188/2188 2189/2189
f 2188/2188 2198/2198 2190/2190
f 2188/2188 2197/2197 2198/2198
f 2187/2187 2186/2186 2188/2188
f 2186/2186 2197/2197 2188/2188
f 2185/2185 2186/2186 2187/2187
f 2190/2190 2198/2198 2204/2204
f 2197/2197 2186/2186 2192/2192
f 2197/2197 2203/2203 2198/2198
f 2186/2186 2184/2184 2192/2192
f 2192/2192 2184/2184 2193/2193
f 2227/2227 2226/2226 2228/2228
f 2227/2227 2257/2257 2259/2259
f 2227/2227 2229/2229 2257/2257
f 2229/2229 2227/2227 2228/2228
f 2230/2230 2228/2228 2226/2226
f 2230/2230 2232/2232 2228/2228
f 2229/2229 2228/2228 2231/2231
f 2229/2229 2241/2241 2257/2257
f 2257/2257 2258/2258 2249/2249
f 2257/2257 2241/2241 2258/2258
f 2228/2228 2232/2232 2231/2231
f 2258/2258 2245/2245 2246/2246
f 2241/2241 2229/2229 2231/2231
f 2241/2241 2231/2231 2234/2234
f 2241/2241 2234/2234 2258/2258
f 2234/2234 2231/2231 2233/2233
f 2231/2231 2232/2232 2233/2233
f 2233/2233 2232/2232 2272/2272
f 2234/2234 2245/2245 2258/2258
f 2234/2234 2233/2233 2235/2235
f 2233/2233 2272/2272 2236/2236
f 2246/2246 2243/2243 2244/2244
f 2246/2246 2245/2245 2243/2243
f 2243/2243 2239/2239 2244/2244
f 2233/2233 2236/2236 2235/2235
f 2234/2234 2235/2235 2245/2245
f 2235/2235 2236/2236 2237/2237
f 2235/2235 2239/2239 2243/2243
f 2239/2239 2235/2235 2238/2238
f 2235/2235 2237/2237 2238/2238
f 2235/2235 2243/2243 2245/2245
f 2239/2239 2240/2240 2270/2270
f 2239/2239 2238/2238 2240/2240
f 2238/2238 2237/2237 2242/2242
f 2218/2218 2220/2220 2219/2219
f 2219/2219 2220/2220 2221/2221
f 2220/2220 2218/2218 2250/2250
f 2250/2250 2224/2224 2220/2220
f 2220/2220 2222/2222 2221/2221
f 2251/2251 2224/2224 2250/2250
f 2222/2222 2220/2220 2223/2223
f 2220/2220 2224/2224 2223/2223
f 2252/2252 2256/2256 2224/2224
f 2224/2224 2256/2256 2225/2225
f 2260/2260 2256/2256 2255/2255
f 2223/2223 2224/2224 2225/2225
f 2262/2262 2260/2260 2263/2263
f 2256/2256 2262/2262 2225/2225
f 2262/2262 2277/2277 2225/2225
f 2260/2260 2262/2262 2256/2256
f 2265/2265 2286/2286 2277/2277
f 2263/2263 2260/2260 2264/2264
f 2263/2263 2264/2264 2266/2266
f 2264/2264 2267/2267 2266/2266
f 2277/2277 2262/2262 2265/2265
f 2262/2262 2263/2263 2265/2265
f 2265/2265 2268/2268 2283/2283
f 2265/2265 2283/2283 2286/2286
f 2268/2268 2263/2263 2266/2266
f 2265/2265 2263/2263 2268/2268
f 2268/2268 2266/2266 2269/2269
f 2283/2283 2268/2268 2284/2284
f 2283/2283 2284/2284 2288/2288
f 2284/2284 2268/2268 2271/2271
f 2283/2283 2288/2288 2286/2286
f 2271/2271 2285/2285 2284/2284
f 2284/2284 2285/2285 2288/2288
f 2247/2247 2253/2253 2251/2251
f 2259/2259 2249/2249 2248/2248
f 2248/2248 2249/2249 2247/2247
f 2247/2247 2249/2249 2253/2253
f 2252/2252 2251/2251 2253/2253
f 2252/2252 2253/2253 2254/2254
f 2253/2253 2249/2249 2254/2254
f 2250/2250 2218/2218 2247/2247
f 2247/2247 2251/2251 2250/2250
f 2259/2259 2257/2257 2249/2249
f 2224/2224 2251/2251 2252/2252
f 2252/2252 2255/2255 2256/2256
f 2254/2254 2255/2255 2252/2252
f 2249/2249 2258/2258 2254/2254
f 2260/2260 2255/2255 2261/2261
f 2254/2254 2246/2246 2255/2255
f 2254/2254 2258/2258 2246/2246
f 2255/2255 2246/2246 2261/2261
f 2260/2260 2261/2261 2244/2244
f 2246/2246 2244/2244 2261/2261
f 2299/2299 2330/2330 2303/2303
f 2303/2303 2294/2294 2299/2299
f 2294/2294 2293/2293 2299/2299
f 2299/2299 2293/2293 2328/2328
f 2323/2323 2327/2327 2320/2320
f 2323/2323 2318/2318 2322/2322
f 2323/2323 2322/2322 2329/2329
f 2318/2318 2323/2323 2320/2320
f 2322/2322 2318/2318 2319/2319
f 2318/2318 2320/2320 2315/2315
f 2315/2315 2317/2317 2318/2318
f 2318/2318 2317/2317 2319/2319
f 2315/2315 2316/2316 2317/2317
f 2317/2317 2316/2316 2319/2319
f 2309/2309 2332/2332 2331/2331
f 2315/2315 2313/2313 2316/2316
f 2315/2315 2314/2314 2313/2313
f 2313/2313 2311/2311 2312/2312
f 2314/2314 2311/2311 2313/2313
f 2313/2313 2321/2321 2316/2316
f 2313/2313 2312/2312 2321/2321
f 2310/2310 2307/2307 2311/2311
f 2307/2307 2310/2310 2306/2306
f 2312/2312 2307/2307 2324/2324
f 2312/2312 2324/2324 2321/2321
f 2311/2311 2307/2307 2312/2312
f 2307/2307 2308/2308 2309/2309
f 2307/2307 2309/2309 2324/2324
f 2324/2324 2309/2309 2331/2331
f 2333/2333 2332/2332 2309/2309
f 2338/2338 2337/2337 2334/2334
f 2334/2334 2337/2337 2336/2336
f 2334/2334 2332/2332 2333/2333
f 2334/2334 2335/2335 2332/2332
f 2334/2334 2336/2336 2335/2335
f 2337/2337 2340/2340 2339/2339
f 2337/2337 2339/2339 2336/2336
f 2306/2306 2305/2305 2307/2307
f 2306/2306 2302/2302 2301/2301
f 2306/2306 2301/2301 2305/2305
f 2305/2305 2301/2301 2304/2304
f 2301/2301 2298/2298 2304/2304
f 2307/2307 2305/2305 2308/2308
f 2305/2305 2325/2325 2308/2308
f 2305/2305 2304/2304 2325/2325
f 2351/2351 2344/2344 2346/2346
f 2343/2343 2344/2344 2345/2345
f 2346/2346 2344/2344 2343/2343
f 2351/2351 2353/2353 2349/2349
f 2351/2351 2349/2349 2344/2344
f 2344/2344 2349/2349 2348/2348
f 2343/2343 2345/2345 2347/2347
f 2345/2345 2344/2344 2348/2348
f 2301/2301 2302/2302 2297/2297
f 2301/2301 2297/2297 2298/2298
f 2297/2297 2291/2291 2298/2298
f 2298/2298 2291/2291 2300/2300
f 2353/2353 2350/2350 2349/2349
f 2349/2349 2350/2350 2348/2348
f 2300/2300 2291/2291 2295/2295
f 2300/2300 2295/2295 2326/2326
f 2350/2350 2352/2352 2348/2348
f 2350/2350 2354/2354 2352/2352
f 2340/2340 2341/2341 2339/2339
f 2341/2341 2342/2342 2339/2339
f 2297/2297 2290/2290 2291/2291
f 2291/2291 2289/2289 2295/2295
f 2290/2290 2289/2289 2291/2291
f 2295/2295 2296/2296 2326/2326
f 2295/2295 2289/2289 2292/2292
f 2295/2295 2292/2292 2296/2296
f 2457/2457 2452/2452 2386/2386
f 2470/2470 2452/2452 2457/2457
f 2452/2452 2451/2451 2382/2382
f 2470/2470 2451/2451 2452/2452
f 2470/2470 2469/2469 2451/2451
f 2450/2450 2382/2382 2451/2451
f 2382/2382 2450/2450 2378/2378
f 2382/2382 2378/2378 2379/2379
f 2469/2469 2465/2465 2450/2450
f 2469/2469 2450/2450 2451/2451
f 2377/2377 2379/2379 2375/2375
f 2375/2375 2364/2364 2377/2377
f 2379/2379 2378/2378 2374/2374
f 2379/2379 2374/2374 2375/2375
f 2465/2465 2456/2456 2450/2450
f 2456/2456 2378/2378 2450/2450
f 2378/2378 2383/2383 2371/2371
f 2375/2375 2374/2374 2370/2370
f 2374/2374 2378/2378 2371/2371
f 2370/2370 2374/2374 2371/2371
f 2456/2456 2383/2383 2378/2378
f 2466/2466 2383/2383 2456/2456
f 2383/2383 2466/2466 2387/2387
f 2370/2370 2364/2364 2375/2375
f 2370/2370 2369/2369 2367/2367
f 2364/2364 2356/2356 2355/2355
f 2367/2367 2364/2364 2370/2370
f 2367/2367 2356/2356 2364/2364
f 2371/2371 2372/2372 2369/2369
f 2383/2383 2372/2372 2371/2371
f 2369/2369 2372/2372 2366/2366
f 2371/2371 2369/2369 2370/2370
f 2383/2383 2387/2387 2372/2372
f 2369/2369 2366/2366 2367/2367
f 2372/2372 2387/2387 2388/2388
f 2372/2372 2388/2388 2373/2373
f 2373/2373 2366/2366 2372/2372
f 2355/2355 2356/2356 2357/2357
f 2356/2356 2358/2358 2357/2357
f 2358/2358 2356/2356 2359/2359
f 2356/2356 2363/2363 2359/2359
f 2356/2356 2367/2367 2363/2363
f 2360/2360 2358/2358 2359/2359
f 2359/2359 2363/2363 2362/2362
f 2367/2367 2366/2366 2363/2363
f 2366/2366 2373/2373 2368/2368
f 2373/2373 2388/2388 2368/2368
f 2368/2368 2388/2388 2389/2389
f 2363/2363 2366/2366 2365/2365
f 2366/2366 2368/2368 2365/2365
f 2389/2389 2390/2390 2368/2368
f 2368/2368 2391/2391 2365/2365
f 2476/2476 2474/2474 2475/2475
f 2390/2390 2391/2391 2368/2368
f 2361/2361 2360/2360 2359/2359
f 2359/2359 2362/2362 2361/2361
f 2363/2363 2365/2365 2362/2362
f 2362/2362 2365/2365 2394/2394
f 2474/2474 2473/2473 2475/2475
f 2390/2390 2392/2392 2391/2391
f 2475/2475 2473/2473 2477/2477
f 2392/2392 2393/2393 2391/2391
f 2365/2365 2391/2391 2393/2393
f 2473/2473 2471/2471 2477/2477
f 2472/2472 2473/2473 2474/2474
f 2408/2408 2409/2409 2407/2407
f 2407/2407 2409/2409 2421/2421
f 2408/2408 2406/2406 2412/2412
f 2408/2408 2407/2407 2406/2406
f 2411/2411 2412/2412 2406/2406
f 2407/2407 2405/2405 2406/2406
f 2407/2407 2410/2410 2405/2405
f 2406/2406 2405/2405 2404/2404
f 2405/2405 2403/2403 2404/2404
f 2411/2411 2406/2406 2404/2404
f 2410/2410 2437/2437 2405/2405
f 2405/2405 2437/2437 2403/2403
f 2404/2404 2403/2403 2401/2401
f 2401/2401 2403/2403 2402/2402
f 2439/2439 2403/2403 2437/2437
f 2437/2437 2442/2442 2439/2439
f 2439/2439 2402/2402 2403/2403
f 2400/2400 2402/2402 2444/2444
f 2444/2444 2453/2453 2400/2400
f 2401/2401 2400/2400 2399/2399
f 2453/2453 2444/2444 2463/2463
f 2463/2463 2467/2467 2453/2453
f 2402/2402 2400/2400 2401/2401
f 2402/2402 2439/2439 2444/2444
f 2397/2397 2396/2396 2399/2399
f 2396/2396 2397/2397 2395/2395
f 2397/2397 2399/2399 2400/2400
f 2397/2397 2400/2400 2398/2398
f 2398/2398 2400/2400 2453/2453
f 2460/2460 2398/2398 2453/2453
f 2467/2467 2460/2460 2453/2453
f 2460/2460 2386/2386 2398/2398
f 2386/2386 2397/2397 2398/2398
f 2386/2386 2395/2395 2397/2397
f 2460/2460 2457/2457 2386/2386
f 2384/2384 2395/2395 2385/2385
f 2396/2396 2395/2395 2384/2384
f 2384/2384 2385/2385 2380/2380
f 2379/2379 2380/2380 2385/2385
f 2386/2386 2382/2382 2385/2385
f 2385/2385 2395/2395 2386/2386
f 2452/2452 2382/2382 2386/2386
f 2385/2385 2382/2382 2379/2379
f 2384/2384 2380/2380 2381/2381
f 2381/2381 2380/2380 2376/2376
f 2380/2380 2379/2379 2377/2377
f 2376/2376 2377/2377 2364/2364
f 2380/2380 2377/2377 2376/2376
f 2355/2355 2376/2376 2364/2364
f 2449/2449 2454/2454 2445/2445
f 2422/2422 2425/2425 2434/2434
f 2425/2425 2445/2445 2434/2434
f 2445/2445 2454/2454 2455/2455
f 2455/2455 2434/2434 2445/2445
f 2409/2409 2423/2423 2421/2421
f 2423/2423 2422/2422 2421/2421
f 2422/2422 2434/2434 2433/2433
f 2433/2433 2420/2420 2422/2422
f 2433/2433 2434/2434 2443/2443
f 2420/2420 2421/2421 2422/2422
f 2421/2421 2420/2420 2407/2407
f 2464/2464 2440/2440 2443/2443
f 2443/2443 2440/2440 2433/2433
f 2464/2464 2443/2443 2455/2455
f 2434/2434 2455/2455 2443/2443
f 2407/2407 2420/2420 2410/2410
f 2410/2410 2420/2420 2433/2433
f 2464/2464 2468/2468 2440/2440
f 2433/2433 2440/2440 2410/2410
f 2410/2410 2440/2440 2441/2441
f 2461/2461 2441/2441 2440/2440
f 2461/2461 2440/2440 2468/2468
f 2461/2461 2462/2462 2442/2442
f 2442/2442 2444/2444 2439/2439
f 2442/2442 2462/2462 2444/2444
f 2462/2462 2463/2463 2444/2444
f 2437/2437 2410/2410 2441/2441
f 2461/2461 2442/2442 2441/2441
f 2442/2442 2437/2437 2441/2441
f 2417/2417 2419/2419 2418/2418
f 2417/2417 2418/2418 2416/2416
f 2415/2415 2417/2417 2416/2416
f 2413/2413 2415/2415 2414/2414
f 2414/2414 2415/2415 2416/2416
f 2423/2423 2414/2414 2416/2416
f 2409/2409 2414/2414 2423/2423
f 2413/2413 2408/2408 2412/2412
f 2413/2413 2414/2414 2408/2408
f 2414/2414 2409/2409 2408/2408
f 2435/2435 2448/2448 2446/2446
f 2432/2432 2435/2435 2431/2431
f 2459/2459 2446/2446 2448/2448
f 2432/2432 2431/2431 2430/2430
f 2430/2430 2429/2429 2419/2419
f 2430/2430 2431/2431 2429/2429
f 2435/2435 2446/2446 2436/2436
f 2436/2436 2446/2446 2447/2447
f 2436/2436 2431/2431 2435/2435
f 2459/2459 2447/2447 2446/2446
f 2447/2447 2459/2459 2458/2458
f 2438/2438 2431/2431 2436/2436
f 2438/2438 2436/2436 2447/2447
f 2431/2431 2438/2438 2428/2428
f 2458/2458 2449/2449 2447/2447
f 2447/2447 2449/2449 2438/2438
f 2419/2419 2429/2429 2418/2418
f 2427/2427 2416/2416 2418/2418
f 2429/2429 2427/2427 2418/2418
f 2426/2426 2427/2427 2428/2428
f 2429/2429 2428/2428 2427/2427
f 2431/2431 2428/2428 2429/2429
f 2449/2449 2428/2428 2438/2438
f 2445/2445 2428/2428 2449/2449
f 2426/2426 2428/2428 2425/2425
f 2428/2428 2445/2445 2425/2425
f 2416/2416 2427/2427 2423/2423
f 2427/2427 2426/2426 2423/2423
f 2423/2423 2426/2426 2424/2424
f 2426/2426 2425/2425 2424/2424
f 2424/2424 2422/2422 2423/2423
f 2424/2424 2425/2425 2422/2422
f 2502/2502 2501/2501 2510/2510
f 2502/2502 2500/2500 2501/2501
f 2510/2510 2501/2501 2503/2503
f 2501/2501 2500/2500 2498/2498
f 2500/2500 2499/2499 2498/2498
f 2498/2498 2499/2499 2497/2497
f 2510/2510 2503/2503 2509/2509
f 2501/2501 2498/2498 2503/2503
f 2503/2503 2498/2498 2496/2496
f 2498/2498 2497/2497 2496/2496
f 2503/2503 2496/2496 2509/2509
f 2496/2496 2497/2497 2492/2492
f 2509/2509 2496/2496 2495/2495
f 2495/2495 2496/2496 2492/2492
f 2495/2495 2492/2492 2491/2491
f 2495/2495 2491/2491 2507/2507
f 2492/2492 2497/2497 2504/2504
f 2511/2511 2490/2490 2478/2478
f 2507/2507 2491/2491 2481/2481
f 2507/2507 2481/2481 2490/2490
f 2490/2490 2481/2481 2478/2478
f 2483/2483 2482/2482 2481/2481
f 2481/2481 2482/2482 2479/2479
f 2491/2491 2492/2492 2483/2483
f 2491/2491 2483/2483 2481/2481
f 2492/2492 2504/2504 2505/2505
f 2492/2492 2505/2505 2483/2483
f 2483/2483 2505/2505 2482/2482
f 2478/2478 2481/2481 2479/2479
f 2479/2479 2482/2482 2484/2484
f 2478/2478 2479/2479 2480/2480
f 2479/2479 2484/2484 2480/2480
f 2482/2482 2506/2506 2484/2484
f 2478/2478 2480/2480 2508/2508
f 2480/2480 2484/2484 2485/2485
f 2485/2485 2484/2484 2489/2489
f 2480/2480 2485/2485 2486/2486
f 2484/2484 2506/2506 2489/2489
f 2508/2508 2480/2480 2486/2486
f 2508/2508 2486/2486 2494/2494
f 2485/2485 2489/2489 2487/2487
f 2485/2485 2487/2487 2486/2486
f 2487/2487 2489/2489 2493/2493
f 2486/2486 2487/2487 2488/2488
f 2494/2494 2486/2486 2488/2488
f 2487/2487 2493/2493 2488/2488
f 2512/2512 2513/2513 2514/2514
f 2512/2512 2514/2514 2515/2515
f 2516/2516 2517/2517 2518/2518
f 2519/2519 2520/2520 2521/2521
f 2525/2525 2524/2524 2523/2523
f 2526/2526 2524/2524 2525/2525
f 2526/2526 2522/2522 2524/2524
f 2522/2522 2523/2523 2524/2524
f 2541/2541 2540/2540 2542/2542
f 2530/2530 2527/2527 2529/2529
f 2530/2530 2529/2529 2547/2547
f 2541/2541 2547/2547 2529/2529
f 2541/2541 2529/2529 2540/2540
f 2539/2539 2540/2540 2529/2529
f 2542/2542 2540/2540 2539/2539
f 2527/2527 2528/2528 2529/2529
f 2536/2536 2529/2529 2528/2528
f 2527/2527 2532/2532 2531/2531
f 2527/2527 2531/2531 2528/2528
f 2527/2527 2533/2533 2532/2532
f 2533/2533 2534/2534 2532/2532
f 2536/2536 2528/2528 2531/2531
f 2536/2536 2531/2531 2538/2538
f 2546/2546 2539/2539 2537/2537
f 2546/2546 2537/2537 2538/2538
f 2539/2539 2529/2529 2537/2537
f 2536/2536 2538/2538 2537/2537
f 2536/2536 2537/2537 2529/2529
f 2543/2543 2546/2546 2538/2538
f 2543/2543 2538/2538 2531/2531
f 2534/2534 2535/2535 2532/2532
f 2544/2544 2545/2545 2543/2543
f 2544/2544 2543/2543 2531/2531
f 2544/2544 2532/2532 2535/2535
f 2544/2544 2535/2535 2545/2545
f 2544/2544 2531/2531 2532/2532
f 2556/2556 2560/2560 2555/2555
f 2556/2556 2554/2554 2557/2557
f 2556/2556 2555/2555 2554/2554
f 2566/2566 2565/2565 2567/2567
f 2565/2565 2561/2561 2556/2556
f 2565/2565 2556/2556 2567/2567
f 2565/2565 2566/2566 2561/2561
f 2556/2556 2561/2561 2560/2560
f 2563/2563 2560/2560 2562/2562
f 2563/2563 2558/2558 2560/2560
f 2559/2559 2563/2563 2564/2564
f 2559/2559 2558/2558 2563/2563
f 2563/2563 2562/2562 2564/2564
f 2553/2553 2555/2555 2558/2558
f 2553/2553 2554/2554 2555/2555
f 2555/2555 2560/2560 2558/2558
f 2553/2553 2559/2559 2551/2551
f 2553/2553 2551/2551 2552/2552
f 2553/2553 2552/2552 2554/2554
f 2553/2553 2558/2558 2559/2559
f 2551/2551 2559/2559 2568/2568
f 2551/2551 2550/2550 2552/2552
f 2560/2560 2561/2561 2562/2562
f 2559/2559 2564/2564 2548/2548
f 2559/2559 2548/2548 2568/2568
f 2551/2551 2568/2568 2548/2548
f 2551/2551 2548/2548 2550/2550
f 2548/2548 2549/2549 2550/2550
f 2591/2591 2585/2585 2584/2584
f 2585/2585 2583/2583 2584/2584
f 2592/2592 2591/2591 2584/2584
f 2593/2593 2592/2592 2581/2581
f 2580/2580 2574/2574 2579/2579
f 2580/2580 2581/2581 2574/2574
f 2580/2580 2593/2593 2581/2581
f 2581/2581 2582/2582 2574/2574
f 2581/2581 2592/2592 2584/2584
f 2584/2584 2583/2583 2581/2581
f 2581/2581 2583/2583 2582/2582
f 2582/2582 2590/2590 2587/2587
f 2582/2582 2587/2587 2574/2574
f 2579/2579 2574/2574 2573/2573
f 2573/2573 2574/2574 2571/2571
f 2574/2574 2587/2587 2575/2575
f 2574/2574 2575/2575 2571/2571
f 2587/2587 2577/2577 2575/2575
f 2585/2585 2586/2586 2583/2583
f 2590/2590 2588/2588 2587/2587
f 2587/2587 2588/2588 2577/2577
f 2588/2588 2589/2589 2577/2577
f 2577/2577 2589/2589 2578/2578
f 2573/2573 2571/2571 2570/2570
f 2575/2575 2577/2577 2576/2576
f 2575/2575 2576/2576 2572/2572
f 2570/2570 2571/2571 2569/2569
f 2571/2571 2575/2575 2572/2572
f 2571/2571 2572/2572 2569/2569
f 2577/2577 2578/2578 2576/2576
f 2594/2594 2596/2596 2597/2597
f 2597/2597 2596/2596 2598/2598
f 2603/2603 2602/2602 2604/2604
f 2601/2601 2602/2602 2603/2603
f 2594/2594 2595/2595 2596/2596
f 2594/2594 2599/2599 2595/2595
f 2596/2596 2595/2595 2600/2600
f 2596/2596 2600/2600 2598/2598
f 2605/2605 2606/2606 2607/2607
f 2608/2608 2609/2609 2610/2610
f 2611/2611 2612/2612 2613/2613
f 2613/2613 2612/2612 2614/2614
f 2614/2614 2612/2612 2615/2615
f 2614/2614 2615/2615 2616/2616
f 2720/2720 2718/2718 2717/2717
f 2744/2744 2721/2721 2737/2737
f 2720/2720 2717/2717 2721/2721
f 2717/2717 2722/2722 2721/2721
f 2721/2721 2722/2722 2737/2737
f 2737/2737 2722/2722 2743/2743
f 2744/2744 2737/2737 2741/2741
f 2741/2741 2737/2737 2730/2730
f 2737/2737 2729/2729 2730/2730
f 2737/2737 2743/2743 2729/2729
f 2730/2730 2728/2728 2731/2731
f 2730/2730 2729/2729 2728/2728
f 2729/2729 2723/2723 2728/2728
f 2633/2633 2630/2630 2631/2631
f 2631/2631 2629/2629 2632/2632
f 2631/2631 2630/2630 2629/2629
f 2630/2630 2628/2628 2629/2629
f 2629/2629 2627/2627 2637/2637
f 2632/2632 2629/2629 2637/2637
f 2612/2612 2617/2617 2615/2615
f 2742/2742 2739/2739 2719/2719
f 2739/2739 2733/2733 2719/2719
f 2719/2719 2716/2716 2718/2718
f 2718/2718 2716/2716 2717/2717
f 2717/2717 2716/2716 2715/2715
f 2729/2729 2743/2743 2723/2723
f 2743/2743 2661/2661 2723/2723
f 2723/2723 2661/2661 2660/2660
f 2723/2723 2660/2660 2724/2724
f 2748/2748 2745/2745 2747/2747
f 2723/2723 2724/2724 2728/2728
f 2724/2724 2660/2660 2657/2657
f 2728/2728 2724/2724 2735/2735
f 2724/2724 2657/2657 2735/2735
f 2644/2644 2643/2643 2642/2642
f 2642/2642 2643/2643 2640/2640
f 2745/2745 2746/2746 2747/2747
f 2728/2728 2735/2735 2738/2738
f 2644/2644 2738/2738 2643/2643
f 2738/2738 2650/2650 2643/2643
f 2738/2738 2735/2735 2650/2650
f 2735/2735 2655/2655 2650/2650
f 2735/2735 2657/2657 2655/2655
f 2657/2657 2656/2656 2655/2655
f 2650/2650 2655/2655 2646/2646
f 2643/2643 2650/2650 2645/2645
f 2643/2643 2645/2645 2640/2640
f 2650/2650 2646/2646 2645/2645
f 2646/2646 2655/2655 2652/2652
f 2655/2655 2656/2656 2652/2652
f 2634/2634 2630/2630 2633/2633
f 2634/2634 2635/2635 2630/2630
f 2642/2642 2640/2640 2635/2635
f 2630/2630 2635/2635 2628/2628
f 2628/2628 2635/2635 2626/2626
f 2635/2635 2639/2639 2626/2626
f 2640/2640 2645/2645 2641/2641
f 2645/2645 2646/2646 2641/2641
f 2646/2646 2647/2647 2641/2641
f 2646/2646 2652/2652 2649/2649
f 2646/2646 2649/2649 2647/2647
f 2635/2635 2640/2640 2639/2639
f 2639/2639 2640/2640 2641/2641
f 2647/2647 2648/2648 2641/2641
f 2647/2647 2649/2649 2648/2648
f 2629/2629 2628/2628 2627/2627
f 2628/2628 2626/2626 2627/2627
f 2626/2626 2624/2624 2627/2627
f 2626/2626 2639/2639 2625/2625
f 2627/2627 2624/2624 2637/2637
f 2612/2612 2619/2619 2617/2617
f 2626/2626 2625/2625 2624/2624
f 2624/2624 2621/2621 2623/2623
f 2624/2624 2625/2625 2621/2621
f 2639/2639 2641/2641 2654/2654
f 2654/2654 2641/2641 2648/2648
f 2639/2639 2654/2654 2625/2625
f 2648/2648 2649/2649 2651/2651
f 2759/2759 2757/2757 2756/2756
f 2625/2625 2654/2654 2636/2636
f 2625/2625 2636/2636 2621/2621
f 2636/2636 2727/2727 2638/2638
f 2756/2756 2757/2757 2758/2758
f 2648/2648 2651/2651 2727/2727
f 2753/2753 2754/2754 2755/2755
f 2617/2617 2618/2618 2615/2615
f 2623/2623 2621/2621 2622/2622
f 2621/2621 2636/2636 2620/2620
f 2620/2620 2636/2636 2638/2638
f 2638/2638 2727/2727 2653/2653
f 2752/2752 2749/2749 2751/2751
f 2749/2749 2750/2750 2751/2751
f 2690/2690 2706/2706 2689/2689
f 2690/2690 2689/2689 2688/2688
f 2690/2690 2688/2688 2709/2709
f 2688/2688 2689/2689 2687/2687
f 2689/2689 2691/2691 2687/2687
f 2709/2709 2688/2688 2708/2708
f 2688/2688 2685/2685 2708/2708
f 2688/2688 2687/2687 2685/2685
f 2687/2687 2707/2707 2686/2686
f 2685/2685 2687/2687 2686/2686
f 2708/2708 2685/2685 2683/2683
f 2685/2685 2686/2686 2684/2684
f 2683/2683 2685/2685 2684/2684
f 2765/2765 2766/2766 2767/2767
f 2767/2767 2766/2766 2768/2768
f 2683/2683 2684/2684 2677/2677
f 2677/2677 2684/2684 2732/2732
f 2684/2684 2686/2686 2732/2732
f 2767/2767 2768/2768 2769/2769
f 2703/2703 2704/2704 2732/2732
f 2678/2678 2675/2675 2679/2679
f 2680/2680 2683/2683 2677/2677
f 2680/2680 2677/2677 2678/2678
f 2677/2677 2732/2732 2676/2676
f 2764/2764 2763/2763 2760/2760
f 2732/2732 2682/2682 2676/2676
f 2760/2760 2763/2763 2761/2761
f 2677/2677 2675/2675 2678/2678
f 2677/2677 2676/2676 2675/2675
f 2675/2675 2676/2676 2674/2674
f 2676/2676 2682/2682 2674/2674
f 2760/2760 2761/2761 2762/2762
f 2679/2679 2675/2675 2681/2681
f 2681/2681 2675/2675 2711/2711
f 2681/2681 2711/2711 2736/2736
f 2711/2711 2675/2675 2672/2672
f 2674/2674 2682/2682 2673/2673
f 2673/2673 2682/2682 2725/2725
f 2725/2725 2682/2682 2726/2726
f 2675/2675 2674/2674 2672/2672
f 2672/2672 2674/2674 2673/2673
f 2673/2673 2725/2725 2710/2710
f 2673/2673 2670/2670 2672/2672
f 2742/2742 2736/2736 2739/2739
f 2739/2739 2736/2736 2711/2711
f 2711/2711 2672/2672 2671/2671
f 2672/2672 2670/2670 2671/2671
f 2670/2670 2668/2668 2671/2671
f 2739/2739 2711/2711 2733/2733
f 2733/2733 2671/2671 2740/2740
f 2671/2671 2713/2713 2740/2740
f 2733/2733 2711/2711 2671/2671
f 2671/2671 2668/2668 2713/2713
f 2668/2668 2670/2670 2669/2669
f 2669/2669 2667/2667 2668/2668
f 2673/2673 2710/2710 2670/2670
f 2670/2670 2710/2710 2669/2669
f 2719/2719 2733/2733 2716/2716
f 2716/2716 2733/2733 2740/2740
f 2716/2716 2714/2714 2715/2715
f 2716/2716 2740/2740 2714/2714
f 2740/2740 2712/2712 2714/2714
f 2714/2714 2712/2712 2664/2664
f 2740/2740 2713/2713 2712/2712
f 2713/2713 2666/2666 2712/2712
f 2712/2712 2666/2666 2664/2664
f 2668/2668 2666/2666 2713/2713
f 2668/2668 2667/2667 2666/2666
f 2666/2666 2667/2667 2665/2665
f 2666/2666 2665/2665 2664/2664
f 2715/2715 2714/2714 2663/2663
f 2717/2717 2715/2715 2722/2722
f 2715/2715 2663/2663 2722/2722
f 2714/2714 2664/2664 2663/2663
f 2722/2722 2663/2663 2743/2743
f 2664/2664 2662/2662 2663/2663
f 2664/2664 2665/2665 2662/2662
f 2663/2663 2661/2661 2743/2743
f 2663/2663 2662/2662 2661/2661
f 2661/2661 2662/2662 2659/2659
f 2661/2661 2659/2659 2660/2660
f 2659/2659 2657/2657 2660/2660
f 2659/2659 2658/2658 2657/2657
f 2657/2657 2658/2658 2656/2656
f 2695/2695 2692/2692 2706/2706
f 2706/2706 2692/2692 2689/2689
f 2689/2689 2692/2692 2691/2691
f 2692/2692 2693/2693 2691/2691
f 2691/2691 2693/2693 2734/2734
f 2691/2691 2734/2734 2687/2687
f 2687/2687 2734/2734 2707/2707
f 2734/2734 2699/2699 2707/2707
f 2707/2707 2699/2699 2700/2700
f 2703/2703 2702/2702 2704/2704
f 2706/2706 2697/2697 2695/2695
f 2692/2692 2694/2694 2693/2693
f 2692/2692 2695/2695 2694/2694
f 2696/2696 2694/2694 2695/2695
f 2693/2693 2694/2694 2698/2698
f 2734/2734 2693/2693 2699/2699
f 2699/2699 2693/2693 2698/2698
f 2699/2699 2698/2698 2700/2700
f 2698/2698 2701/2701 2700/2700
f 2700/2700 2701/2701 2702/2702
f 2703/2703 2700/2700 2702/2702
f 2704/2704 2702/2702 2705/2705
f 2906/2906 2881/2881 2889/2889
f 2889/2889 2881/2881 2848/2848
f 2881/2881 2847/2847 2848/2848
f 2906/2906 2908/2908 2881/2881
f 2908/2908 2882/2882 2881/2881
f 2882/2882 2847/2847 2881/2881
f 2847/2847 2882/2882 2878/2878
f 2878/2878 2822/2822 2847/2847
f 2908/2908 2899/2899 2882/2882
f 2885/2885 2899/2899 2900/2900
f 2899/2899 2885/2885 2882/2882
f 2878/2878 2882/2882 2885/2885
f 2885/2885 2831/2831 2878/2878
f 2885/2885 2896/2896 2831/2831
f 2900/2900 2896/2896 2885/2885
f 2900/2900 2901/2901 2896/2896
f 2900/2900 2909/2909 2901/2901
f 2896/2896 2846/2846 2831/2831
f 2896/2896 2901/2901 2846/2846
f 2878/2878 2831/2831 2822/2822
f 2822/2822 2831/2831 2780/2780
f 2831/2831 2777/2777 2780/2780
f 2846/2846 2777/2777 2831/2831
f 2909/2909 2902/2902 2901/2901
f 2901/2901 2902/2902 2846/2846
f 2902/2902 2905/2905 2875/2875
f 2902/2902 2875/2875 2846/2846
f 2846/2846 2875/2875 2837/2837
f 2846/2846 2837/2837 2777/2777
f 2777/2777 2776/2776 2778/2778
f 2777/2777 2775/2775 2776/2776
f 2837/2837 2775/2775 2777/2777
f 2776/2776 2779/2779 2778/2778
f 2865/2865 2778/2778 2779/2779
f 2905/2905 2874/2874 2875/2875
f 2875/2875 2874/2874 2837/2837
f 2837/2837 2874/2874 2823/2823
f 2874/2874 2877/2877 2823/2823
f 2905/2905 2877/2877 2874/2874
f 2877/2877 2840/2840 2823/2823
f 2837/2837 2823/2823 2775/2775
f 2775/2775 2774/2774 2776/2776
f 2823/2823 2773/2773 2775/2775
f 2776/2776 2774/2774 2779/2779
f 2779/2779 2774/2774 2863/2863
f 2775/2775 2773/2773 2774/2774
f 2773/2773 2772/2772 2774/2774
f 2774/2774 2787/2787 2863/2863
f 2774/2774 2772/2772 2787/2787
f 2888/2888 2840/2840 2877/2877
f 2823/2823 2840/2840 2771/2771
f 2771/2771 2773/2773 2823/2823
f 2840/2840 2824/2824 2771/2771
f 2888/2888 2887/2887 2840/2840
f 2773/2773 2771/2771 2772/2772
f 2772/2772 2771/2771 2770/2770
f 2772/2772 2770/2770 2787/2787
f 2770/2770 2786/2786 2787/2787
f 2787/2787 2786/2786 2870/2870
f 2779/2779 2863/2863 2865/2865
f 2890/2890 2891/2891 2839/2839
f 2891/2891 2850/2850 2839/2839
f 2891/2891 2895/2895 2850/2850
f 2895/2895 2851/2851 2850/2850
f 2850/2850 2851/2851 2818/2818
f 2895/2895 2883/2883 2851/2851
f 2851/2851 2883/2883 2812/2812
f 2883/2883 2886/2886 2843/2843
f 2883/2883 2843/2843 2812/2812
f 2903/2903 2849/2849 2886/2886
f 2843/2843 2886/2886 2842/2842
f 2843/2843 2810/2810 2812/2812
f 2843/2843 2842/2842 2810/2810
f 2810/2810 2808/2808 2811/2811
f 2812/2812 2810/2810 2811/2811
f 2886/2886 2849/2849 2842/2842
f 2842/2842 2801/2801 2810/2810
f 2810/2810 2801/2801 2808/2808
f 2849/2849 2801/2801 2842/2842
f 2904/2904 2892/2892 2876/2876
f 2898/2898 2892/2892 2904/2904
f 2904/2904 2849/2849 2903/2903
f 2849/2849 2904/2904 2876/2876
f 2876/2876 2832/2832 2849/2849
f 2849/2849 2832/2832 2801/2801
f 2892/2892 2832/2832 2876/2876
f 2801/2801 2832/2832 2800/2800
f 2801/2801 2800/2800 2799/2799
f 2800/2800 2797/2797 2799/2799
f 2898/2898 2841/2841 2892/2892
f 2898/2898 2893/2893 2841/2841
f 2892/2892 2841/2841 2832/2832
f 2907/2907 2838/2838 2893/2893
f 2893/2893 2816/2816 2841/2841
f 2893/2893 2838/2838 2816/2816
f 2841/2841 2816/2816 2806/2806
f 2841/2841 2806/2806 2809/2809
f 2832/2832 2841/2841 2809/2809
f 2832/2832 2809/2809 2800/2800
f 2809/2809 2802/2802 2800/2800
f 2797/2797 2794/2794 2799/2799
f 2800/2800 2802/2802 2797/2797
f 2797/2797 2792/2792 2794/2794
f 2809/2809 2806/2806 2802/2802
f 2806/2806 2793/2793 2802/2802
f 2797/2797 2802/2802 2792/2792
f 2802/2802 2793/2793 2792/2792
f 2907/2907 2880/2880 2838/2838
f 2880/2880 2817/2817 2838/2838
f 2838/2838 2817/2817 2816/2816
f 2816/2816 2817/2817 2805/2805
f 2816/2816 2805/2805 2806/2806
f 2880/2880 2889/2889 2848/2848
f 2880/2880 2848/2848 2817/2817
f 2848/2848 2819/2819 2817/2817
f 2817/2817 2819/2819 2805/2805
f 2805/2805 2793/2793 2806/2806
f 2792/2792 2793/2793 2789/2789
f 2819/2819 2820/2820 2805/2805
f 2805/2805 2820/2820 2785/2785
f 2805/2805 2785/2785 2793/2793
f 2793/2793 2785/2785 2789/2789
f 2848/2848 2847/2847 2819/2819
f 2820/2820 2819/2819 2821/2821
f 2819/2819 2847/2847 2821/2821
f 2821/2821 2847/2847 2822/2822
f 2820/2820 2821/2821 2785/2785
f 2821/2821 2783/2783 2785/2785
f 2785/2785 2784/2784 2789/2789
f 2789/2789 2784/2784 2788/2788
f 2785/2785 2783/2783 2784/2784
f 2821/2821 2822/2822 2783/2783
f 2784/2784 2782/2782 2788/2788
f 2784/2784 2783/2783 2782/2782
f 2783/2783 2780/2780 2782/2782
f 2822/2822 2780/2780 2783/2783
f 2780/2780 2781/2781 2782/2782
f 2780/2780 2777/2777 2778/2778
f 2780/2780 2778/2778 2781/2781
f 2781/2781 2778/2778 2861/2861
f 2850/2850 2818/2818 2839/2839
f 2851/2851 2812/2812 2818/2818
f 2818/2818 2814/2814 2825/2825
f 2812/2812 2814/2814 2818/2818
f 2812/2812 2811/2811 2814/2814
f 2811/2811 2813/2813 2814/2814
f 2814/2814 2813/2813 2815/2815
f 2815/2815 2813/2813 2859/2859
f 2813/2813 2858/2858 2859/2859
f 2811/2811 2808/2808 2807/2807
f 2807/2807 2813/2813 2811/2811
f 2813/2813 2807/2807 2804/2804
f 2807/2807 2803/2803 2804/2804
f 2804/2804 2858/2858 2813/2813
f 2858/2858 2804/2804 2873/2873
f 2801/2801 2799/2799 2808/2808
f 2799/2799 2807/2807 2808/2808
f 2799/2799 2803/2803 2807/2807
f 2803/2803 2799/2799 2798/2798
f 2803/2803 2798/2798 2804/2804
f 2799/2799 2794/2794 2798/2798
f 2794/2794 2796/2796 2798/2798
f 2804/2804 2866/2866 2873/2873
f 2804/2804 2798/2798 2866/2866
f 2798/2798 2796/2796 2866/2866
f 2796/2796 2872/2872 2866/2866
f 2794/2794 2792/2792 2791/2791
f 2794/2794 2791/2791 2795/2795
f 2871/2871 2796/2796 2795/2795
f 2791/2791 2862/2862 2795/2795
f 2795/2795 2862/2862 2871/2871
f 2794/2794 2795/2795 2796/2796
f 2796/2796 2871/2871 2872/2872
f 2792/2792 2789/2789 2791/2791
f 2789/2789 2790/2790 2791/2791
f 2862/2862 2884/2884 2871/2871
f 2791/2791 2790/2790 2862/2862
f 2790/2790 2868/2868 2862/2862
f 2862/2862 2868/2868 2884/2884
f 2789/2789 2788/2788 2790/2790
f 2790/2790 2788/2788 2868/2868
f 2868/2868 2897/2897 2884/2884
f 2868/2868 2788/2788 2869/2869
f 2868/2868 2869/2869 2897/2897
f 2788/2788 2867/2867 2869/2869
f 2788/2788 2782/2782 2867/2867
f 2869/2869 2867/2867 2897/2897
f 2782/2782 2781/2781 2861/2861
f 2782/2782 2861/2861 2867/2867
f 2778/2778 2865/2865 2861/2861
f 2836/2836 2835/2835 2834/2834
f 2894/2894 2853/2853 2855/2855
f 2855/2855 2853/2853 2835/2835
f 2894/2894 2879/2879 2853/2853
f 2853/2853 2879/2879 2833/2833
f 2853/2853 2833/2833 2835/2835
f 2833/2833 2834/2834 2835/2835
f 2833/2833 2830/2830 2834/2834
f 2845/2845 2834/2834 2854/2854
f 2854/2854 2834/2834 2852/2852
f 2854/2854 2852/2852 2864/2864
f 2834/2834 2830/2830 2852/2852
f 2852/2852 2856/2856 2864/2864
f 2879/2879 2890/2890 2844/2844
f 2879/2879 2844/2844 2833/2833
f 2844/2844 2829/2829 2833/2833
f 2833/2833 2829/2829 2830/2830
f 2890/2890 2839/2839 2844/2844
f 2844/2844 2839/2839 2829/2829
f 2839/2839 2826/2826 2829/2829
f 2829/2829 2828/2828 2830/2830
f 2826/2826 2828/2828 2829/2829
f 2852/2852 2830/2830 2856/2856
f 2830/2830 2828/2828 2856/2856
f 2839/2839 2818/2818 2826/2826
f 2826/2826 2818/2818 2825/2825
f 2826/2826 2825/2825 2827/2827
f 2826/2826 2827/2827 2828/2828
f 2828/2828 2827/2827 2857/2857
f 2828/2828 2857/2857 2856/2856
f 2827/2827 2860/2860 2857/2857
f 2825/2825 2815/2815 2827/2827
f 2814/2814 2815/2815 2825/2825
f 2827/2827 2815/2815 2860/2860
f 2815/2815 2859/2859 2860/2860
f 2980/2980 2968/2968 2917/2917
f 2980/2980 2917/2917 2915/2915
f 2917/2917 2916/2916 2915/2915
f 2913/2913 2915/2915 2916/2916
f 2913/2913 2912/2912 2910/2910
f 2913/2913 2916/2916 2914/2914
f 2916/2916 2929/2929 2921/2921
f 2913/2913 2914/2914 2912/2912
f 2914/2914 2916/2916 2921/2921
f 2921/2921 2918/2918 2914/2914
f 2921/2921 2934/2934 2918/2918
f 2910/2910 2912/2912 2911/2911
f 2914/2914 2918/2918 2912/2912
f 2912/2912 2918/2918 2911/2911
f 2918/2918 2934/2934 2927/2927
f 2934/2934 2999/2999 2927/2927
f 2921/2921 2929/2929 2990/2990
f 2921/2921 2990/2990 2934/2934
f 2969/2969 2951/2951 2961/2961
f 2961/2961 2951/2951 2943/2943
f 2961/2961 2943/2943 2960/2960
f 2960/2960 2941/2941 2966/2966
f 2960/2960 2943/2943 2941/2941
f 2966/2966 2945/2945 2973/2973
f 2966/2966 2941/2941 2945/2945
f 2973/2973 2945/2945 2959/2959
f 2941/2941 2936/2936 2945/2945
f 2945/2945 2944/2944 2959/2959
f 2945/2945 2936/2936 2944/2944
f 2959/2959 2944/2944 2958/2958
f 2958/2958 2933/2933 2957/2957
f 2944/2944 2933/2933 2958/2958
f 2933/2933 2931/2931 2957/2957
f 2944/2944 2936/2936 2933/2933
f 2963/2963 2958/2958 2962/2962
f 2958/2958 2957/2957 2962/2962
f 2957/2957 2931/2931 2925/2925
f 2963/2963 2962/2962 2972/2972
f 2962/2962 2956/2956 2972/2972
f 2962/2962 2957/2957 2956/2956
f 2957/2957 2925/2925 2956/2956
f 2972/2972 2956/2956 2967/2967
f 2956/2956 2923/2923 2967/2967
f 2956/2956 2925/2925 2923/2923
f 2925/2925 2924/2924 2923/2923
f 2967/2967 2923/2923 2968/2968
f 2968/2968 2923/2923 2920/2920
f 2923/2923 2924/2924 2922/2922
f 2923/2923 2922/2922 2920/2920
f 2968/2968 2920/2920 2917/2917
f 2920/2920 2922/2922 2919/2919
f 2920/2920 2919/2919 2917/2917
f 2917/2917 2919/2919 2916/2916
f 2919/2919 2928/2928 2916/2916
f 2928/2928 2929/2929 2916/2916
f 2969/2969 2949/2949 2951/2951
f 2947/2947 2951/2951 2949/2949
f 2951/2951 2947/2947 2942/2942
f 2947/2947 2946/2946 2942/2942
f 2951/2951 2942/2942 2943/2943
f 2943/2943 2939/2939 2941/2941
f 2943/2943 2942/2942 2939/2939
f 2939/2939 2942/2942 2940/2940
f 2942/2942 2946/2946 2940/2940
f 2939/2939 2936/2936 2941/2941
f 2936/2936 2939/2939 2938/2938
f 2939/2939 2940/2940 2938/2938
f 2940/2940 2987/2987 2938/2938
f 2983/2983 2938/2938 2987/2987
f 2987/2987 2997/2997 2983/2983
f 2933/2933 2936/2936 2932/2932
f 2936/2936 2938/2938 2937/2937
f 2938/2938 2983/2983 2937/2937
f 2936/2936 2937/2937 2932/2932
f 2931/2931 2933/2933 2932/2932
f 2937/2937 2983/2983 2932/2932
f 2935/2935 2932/2932 2983/2983
f 2935/2935 2983/2983 2997/2997
f 2931/2931 2932/2932 2930/2930
f 2931/2931 2930/2930 2925/2925
f 2932/2932 2935/2935 2930/2930
f 2935/2935 2997/2997 2998/2998
f 2930/2930 2935/2935 2926/2926
f 2926/2926 2935/2935 2992/2992
f 2925/2925 2930/2930 2926/2926
f 2935/2935 2998/2998 2992/2992
f 2925/2925 2926/2926 2924/2924
f 2924/2924 2926/2926 2988/2988
f 2926/2926 2992/2992 2988/2988
f 2989/2989 2988/2988 2992/2992
f 2924/2924 2989/2989 2984/2984
f 2988/2988 2989/2989 2924/2924
f 2922/2922 2924/2924 2984/2984
f 2922/2922 2984/2984 2986/2986
f 2919/2919 2922/2922 2928/2928
f 2922/2922 2986/2986 2928/2928
f 2928/2928 2986/2986 2994/2994
f 2928/2928 2994/2994 2929/2929
f 2978/2978 2976/2976 2975/2975
f 2978/2978 2982/2982 2976/2976
f 2982/2982 2993/2993 2981/2981
f 2979/2979 2975/2975 2974/2974
f 2975/2975 2971/2971 2974/2974
f 2975/2975 2976/2976 2971/2971
f 2982/2982 2981/2981 2976/2976
f 2993/2993 2996/2996 2981/2981
f 2981/2981 2996/2996 2991/2991
f 2971/2971 2976/2976 2977/2977
f 2976/2976 2981/2981 2977/2977
f 2977/2977 2981/2981 2991/2991
f 2971/2971 2970/2970 2974/2974
f 2970/2970 2971/2971 2965/2965
f 2964/2964 2955/2955 2953/2953
f 2970/2970 2965/2965 2964/2964
f 2964/2964 2965/2965 2955/2955
f 2971/2971 2977/2977 2965/2965
f 2977/2977 2991/2991 2985/2985
f 2965/2965 2977/2977 2955/2955
f 2977/2977 2985/2985 2955/2955
f 2964/2964 2953/2953 2952/2952
f 2953/2953 2950/2950 2952/2952
f 2953/2953 2954/2954 2950/2950
f 2953/2953 2955/2955 2954/2954
f 2955/2955 2985/2985 2954/2954
f 2950/2950 2954/2954 2948/2948
f 2952/2952 2949/2949 2969/2969
f 2949/2949 2952/2952 2950/2950
f 2950/2950 2948/2948 2949/2949
f 2949/2949 2948/2948 2947/2947
f 2947/2947 2948/2948 2946/2946
f 2993/2993 2995/2995 2996/2996
